{
    "loss": 1.0054202131746712,
    "acc": 0.8603162169456482,
    "dld": 1.237611174583435,
    "norm_dld": 0.14574649930000305
}
