{
    "loss": 0.33827301906071133,
    "acc": 0.8209876418113708,
    "dld": 3.346153736114502,
    "norm_dld": 0.15412139892578125
}
