{
    "loss": 0.40856653366689427,
    "acc": 0.579804539680481,
    "dld": 8.0625,
    "norm_dld": 0.41683030128479004
}
