{
    "loss": 0.4071917280061058,
    "acc": 0.5864197611808777,
    "dld": 7.730769157409668,
    "norm_dld": 0.3180754482746124
}
