{
    "loss": 0.2733909805115722,
    "acc": 0.5698282122612,
    "dld": 9.0,
    "norm_dld": 0.31145262718200684
}
