{
    "loss": 0.12227724800317619,
    "acc": 0.8748917579650879,
    "dld": 2.2061069011688232,
    "norm_dld": 0.11107659339904785
}
