{
    "loss": 0.3775485367697635,
    "acc": 0.5758880376815796,
    "dld": 7.163636207580566,
    "norm_dld": 0.3302384316921234
}
