{
    "loss": 0.29353728972132703,
    "acc": 0.561613142490387,
    "dld": 9.171875,
    "norm_dld": 0.3946399986743927
}
