{
    "loss": 0.20780496173432436,
    "acc": 0.8360477685928345,
    "dld": 3.1041667461395264,
    "norm_dld": 0.12519419193267822
}
