{
    "loss": 0.476759736494248,
    "acc": 0.40692639350891113,
    "dld": 10.458015441894531,
    "norm_dld": 0.5217131972312927
}
