{
    "loss": 1.0265021173009887,
    "acc": 0.851750910282135,
    "dld": 1.3473281860351562,
    "norm_dld": 0.16248218715190887
}
