{
    "loss": 0.9486051454100395,
    "acc": 0.85984867811203,
    "dld": 1.1988686323165894,
    "norm_dld": 0.1385413259267807
}
