{
    "loss": 0.2724006003295618,
    "acc": 0.5720686912536621,
    "dld": 8.953125,
    "norm_dld": 0.31096896529197693
}
