{
    "loss": 0.15132890036123475,
    "acc": 0.8512486219406128,
    "dld": 2.8541667461395264,
    "norm_dld": 0.12716013193130493
}
