{
    "loss": 0.9677930655197722,
    "acc": 0.8595190048217773,
    "dld": 1.1060099601745605,
    "norm_dld": 0.13925650715827942
}
