{
    "loss": 0.3493708734779413,
    "acc": 0.5826839804649353,
    "dld": 7.351145267486572,
    "norm_dld": 0.33017170429229736
}
