{
    "loss": 1.009872473147567,
    "acc": 0.859137773513794,
    "dld": 1.2058311700820923,
    "norm_dld": 0.13906994462013245
}
