{
    "loss": 0.5346657943488522,
    "acc": 0.40390878915786743,
    "dld": 11.4375,
    "norm_dld": 0.5328459143638611
}
