{
    "loss": 1.0647953004665216,
    "acc": 0.8402180671691895,
    "dld": 1.4522900581359863,
    "norm_dld": 0.16538619995117188
}
