{
    "loss": 0.22821942244513319,
    "acc": 0.8292180895805359,
    "dld": 3.192307710647583,
    "norm_dld": 0.14208437502384186
}
