{
    "loss": 0.3810289375812197,
    "acc": 0.596707820892334,
    "dld": 7.538461685180664,
    "norm_dld": 0.30959874391555786
}
