{
    "loss": 0.22373313925817573,
    "acc": 0.8619047403335571,
    "dld": 2.4122138023376465,
    "norm_dld": 0.12475181370973587
}
