{
    "loss": 0.35817896528116594,
    "acc": 0.5819761157035828,
    "dld": 8.020833015441895,
    "norm_dld": 0.4117683470249176
}
