{
    "loss": 0.3779710055554681,
    "acc": 0.5787187814712524,
    "dld": 8.083333015441895,
    "norm_dld": 0.3343793451786041
}
