{
    "loss": 0.40355847632728853,
    "acc": 0.38461539149284363,
    "dld": 12.875,
    "norm_dld": 0.5150176286697388
}
