case:concept:name,concept:name,time:timestamp
case_0,c,2025-02-24 19:28:10.515165
case_0,c,2025-02-24 19:33:10.515165
case_0,b,2025-02-24 19:38:10.515165
case_0,a,2025-02-24 19:43:10.515165
case_0,c,2025-02-24 19:48:10.515165
case_0,a,2025-02-24 19:53:10.515165
case_0,b,2025-02-24 19:58:10.515165
case_0,a,2025-02-24 20:03:10.515165
case_0,a,2025-02-24 20:08:10.515165
case_0,a,2025-02-24 20:13:10.515165
case_0,b,2025-02-24 20:18:10.515165
case_0,a,2025-02-24 20:23:10.515165
case_0,a,2025-02-24 20:28:10.515165
case_0,c,2025-02-24 20:33:10.515165
case_0,c,2025-02-24 20:38:10.515165
case_0,c,2025-02-24 20:43:10.515165
case_0,c,2025-02-24 20:48:10.515165
case_0,a,2025-02-24 20:53:10.515165
case_0,b,2025-02-24 20:58:10.515165
case_0,c,2025-02-24 21:03:10.515165
case_1,b,2025-02-24 19:28:10.515205
case_1,c,2025-02-24 19:33:10.515205
case_1,c,2025-02-24 19:38:10.515205
case_1,b,2025-02-24 19:43:10.515205
case_1,b,2025-02-24 19:48:10.515205
case_1,c,2025-02-24 19:53:10.515205
case_1,a,2025-02-24 19:58:10.515205
case_1,c,2025-02-24 20:03:10.515205
case_1,b,2025-02-24 20:08:10.515205
case_1,b,2025-02-24 20:13:10.515205
case_1,c,2025-02-24 20:18:10.515205
case_1,b,2025-02-24 20:23:10.515205
case_1,c,2025-02-24 20:28:10.515205
case_1,a,2025-02-24 20:33:10.515205
case_1,b,2025-02-24 20:38:10.515205
case_1,a,2025-02-24 20:43:10.515205
case_1,a,2025-02-24 20:48:10.515205
case_1,a,2025-02-24 20:53:10.515205
case_1,c,2025-02-24 20:58:10.515205
case_1,c,2025-02-24 21:03:10.515205
case_2,c,2025-02-24 19:28:10.515237
case_2,c,2025-02-24 19:33:10.515237
case_2,b,2025-02-24 19:38:10.515237
case_2,a,2025-02-24 19:43:10.515237
case_2,a,2025-02-24 19:48:10.515237
case_2,a,2025-02-24 19:53:10.515237
case_2,c,2025-02-24 19:58:10.515237
case_2,a,2025-02-24 20:03:10.515237
case_2,b,2025-02-24 20:08:10.515237
case_2,b,2025-02-24 20:13:10.515237
case_2,b,2025-02-24 20:18:10.515237
case_2,b,2025-02-24 20:23:10.515237
case_2,b,2025-02-24 20:28:10.515237
case_2,c,2025-02-24 20:33:10.515237
case_2,b,2025-02-24 20:38:10.515237
case_2,c,2025-02-24 20:43:10.515237
case_2,c,2025-02-24 20:48:10.515237
case_2,b,2025-02-24 20:53:10.515237
case_2,a,2025-02-24 20:58:10.515237
case_2,b,2025-02-24 21:03:10.515237
case_3,b,2025-02-24 19:28:10.515269
case_3,a,2025-02-24 19:33:10.515269
case_3,c,2025-02-24 19:38:10.515269
case_3,b,2025-02-24 19:43:10.515269
case_3,a,2025-02-24 19:48:10.515269
case_3,b,2025-02-24 19:53:10.515269
case_3,c,2025-02-24 19:58:10.515269
case_3,a,2025-02-24 20:03:10.515269
case_3,a,2025-02-24 20:08:10.515269
case_3,b,2025-02-24 20:13:10.515269
case_3,c,2025-02-24 20:18:10.515269
case_3,c,2025-02-24 20:23:10.515269
case_3,a,2025-02-24 20:28:10.515269
case_3,a,2025-02-24 20:33:10.515269
case_3,a,2025-02-24 20:38:10.515269
case_3,c,2025-02-24 20:43:10.515269
case_3,a,2025-02-24 20:48:10.515269
case_3,c,2025-02-24 20:53:10.515269
case_3,b,2025-02-24 20:58:10.515269
case_3,b,2025-02-24 21:03:10.515269
case_4,c,2025-02-24 19:28:10.515301
case_4,a,2025-02-24 19:33:10.515301
case_4,b,2025-02-24 19:38:10.515301
case_4,c,2025-02-24 19:43:10.515301
case_4,a,2025-02-24 19:48:10.515301
case_4,a,2025-02-24 19:53:10.515301
case_4,a,2025-02-24 19:58:10.515301
case_4,a,2025-02-24 20:03:10.515301
case_4,b,2025-02-24 20:08:10.515301
case_4,c,2025-02-24 20:13:10.515301
case_4,b,2025-02-24 20:18:10.515301
case_4,b,2025-02-24 20:23:10.515301
case_4,a,2025-02-24 20:28:10.515301
case_4,b,2025-02-24 20:33:10.515301
case_4,b,2025-02-24 20:38:10.515301
case_4,c,2025-02-24 20:43:10.515301
case_4,b,2025-02-24 20:48:10.515301
case_4,a,2025-02-24 20:53:10.515301
case_4,b,2025-02-24 20:58:10.515301
case_4,b,2025-02-24 21:03:10.515301
case_5,c,2025-02-24 19:28:10.515337
case_5,b,2025-02-24 19:33:10.515337
case_5,c,2025-02-24 19:38:10.515337
case_5,b,2025-02-24 19:43:10.515337
case_5,c,2025-02-24 19:48:10.515337
case_5,a,2025-02-24 19:53:10.515337
case_5,b,2025-02-24 19:58:10.515337
case_5,b,2025-02-24 20:03:10.515337
case_5,b,2025-02-24 20:08:10.515337
case_5,b,2025-02-24 20:13:10.515337
case_5,a,2025-02-24 20:18:10.515337
case_5,a,2025-02-24 20:23:10.515337
case_5,b,2025-02-24 20:28:10.515337
case_5,a,2025-02-24 20:33:10.515337
case_5,c,2025-02-24 20:38:10.515337
case_5,a,2025-02-24 20:43:10.515337
case_5,b,2025-02-24 20:48:10.515337
case_5,b,2025-02-24 20:53:10.515337
case_5,c,2025-02-24 20:58:10.515337
case_5,b,2025-02-24 21:03:10.515337
case_6,b,2025-02-24 19:28:10.515370
case_6,b,2025-02-24 19:33:10.515370
case_6,b,2025-02-24 19:38:10.515370
case_6,c,2025-02-24 19:43:10.515370
case_6,a,2025-02-24 19:48:10.515370
case_6,b,2025-02-24 19:53:10.515370
case_6,a,2025-02-24 19:58:10.515370
case_6,b,2025-02-24 20:03:10.515370
case_6,b,2025-02-24 20:08:10.515370
case_6,a,2025-02-24 20:13:10.515370
case_6,b,2025-02-24 20:18:10.515370
case_6,b,2025-02-24 20:23:10.515370
case_6,a,2025-02-24 20:28:10.515370
case_6,b,2025-02-24 20:33:10.515370
case_6,a,2025-02-24 20:38:10.515370
case_6,a,2025-02-24 20:43:10.515370
case_6,a,2025-02-24 20:48:10.515370
case_6,b,2025-02-24 20:53:10.515370
case_6,c,2025-02-24 20:58:10.515370
case_6,c,2025-02-24 21:03:10.515370
case_7,b,2025-02-24 19:28:10.515401
case_7,c,2025-02-24 19:33:10.515401
case_7,a,2025-02-24 19:38:10.515401
case_7,a,2025-02-24 19:43:10.515401
case_7,a,2025-02-24 19:48:10.515401
case_7,b,2025-02-24 19:53:10.515401
case_7,c,2025-02-24 19:58:10.515401
case_7,b,2025-02-24 20:03:10.515401
case_7,c,2025-02-24 20:08:10.515401
case_7,a,2025-02-24 20:13:10.515401
case_7,b,2025-02-24 20:18:10.515401
case_7,b,2025-02-24 20:23:10.515401
case_7,a,2025-02-24 20:28:10.515401
case_7,a,2025-02-24 20:33:10.515401
case_7,b,2025-02-24 20:38:10.515401
case_7,b,2025-02-24 20:43:10.515401
case_7,c,2025-02-24 20:48:10.515401
case_7,c,2025-02-24 20:53:10.515401
case_7,c,2025-02-24 20:58:10.515401
case_7,c,2025-02-24 21:03:10.515401
case_8,b,2025-02-24 19:28:10.515432
case_8,b,2025-02-24 19:33:10.515432
case_8,b,2025-02-24 19:38:10.515432
case_8,c,2025-02-24 19:43:10.515432
case_8,b,2025-02-24 19:48:10.515432
case_8,b,2025-02-24 19:53:10.515432
case_8,b,2025-02-24 19:58:10.515432
case_8,a,2025-02-24 20:03:10.515432
case_8,b,2025-02-24 20:08:10.515432
case_8,a,2025-02-24 20:13:10.515432
case_8,c,2025-02-24 20:18:10.515432
case_8,b,2025-02-24 20:23:10.515432
case_8,a,2025-02-24 20:28:10.515432
case_8,a,2025-02-24 20:33:10.515432
case_8,b,2025-02-24 20:38:10.515432
case_8,b,2025-02-24 20:43:10.515432
case_8,b,2025-02-24 20:48:10.515432
case_8,b,2025-02-24 20:53:10.515432
case_8,a,2025-02-24 20:58:10.515432
case_8,b,2025-02-24 21:03:10.515432
case_9,b,2025-02-24 19:28:10.515464
case_9,a,2025-02-24 19:33:10.515464
case_9,a,2025-02-24 19:38:10.515464
case_9,c,2025-02-24 19:43:10.515464
case_9,c,2025-02-24 19:48:10.515464
case_9,c,2025-02-24 19:53:10.515464
case_9,a,2025-02-24 19:58:10.515464
case_9,c,2025-02-24 20:03:10.515464
case_9,b,2025-02-24 20:08:10.515464
case_9,a,2025-02-24 20:13:10.515464
case_9,a,2025-02-24 20:18:10.515464
case_9,a,2025-02-24 20:23:10.515464
case_9,c,2025-02-24 20:28:10.515464
case_9,a,2025-02-24 20:33:10.515464
case_9,c,2025-02-24 20:38:10.515464
case_9,b,2025-02-24 20:43:10.515464
case_9,b,2025-02-24 20:48:10.515464
case_9,c,2025-02-24 20:53:10.515464
case_9,b,2025-02-24 20:58:10.515464
case_9,a,2025-02-24 21:03:10.515464
case_10,c,2025-02-24 19:28:10.515495
case_10,c,2025-02-24 19:33:10.515495
case_10,c,2025-02-24 19:38:10.515495
case_10,a,2025-02-24 19:43:10.515495
case_10,c,2025-02-24 19:48:10.515495
case_10,a,2025-02-24 19:53:10.515495
case_10,c,2025-02-24 19:58:10.515495
case_10,c,2025-02-24 20:03:10.515495
case_10,c,2025-02-24 20:08:10.515495
case_10,a,2025-02-24 20:13:10.515495
case_10,a,2025-02-24 20:18:10.515495
case_10,a,2025-02-24 20:23:10.515495
case_10,b,2025-02-24 20:28:10.515495
case_10,b,2025-02-24 20:33:10.515495
case_10,c,2025-02-24 20:38:10.515495
case_10,c,2025-02-24 20:43:10.515495
case_10,c,2025-02-24 20:48:10.515495
case_10,c,2025-02-24 20:53:10.515495
case_10,b,2025-02-24 20:58:10.515495
case_10,c,2025-02-24 21:03:10.515495
case_11,c,2025-02-24 19:28:10.515526
case_11,b,2025-02-24 19:33:10.515526
case_11,b,2025-02-24 19:38:10.515526
case_11,c,2025-02-24 19:43:10.515526
case_11,c,2025-02-24 19:48:10.515526
case_11,c,2025-02-24 19:53:10.515526
case_11,b,2025-02-24 19:58:10.515526
case_11,c,2025-02-24 20:03:10.515526
case_11,b,2025-02-24 20:08:10.515526
case_11,c,2025-02-24 20:13:10.515526
case_11,b,2025-02-24 20:18:10.515526
case_11,b,2025-02-24 20:23:10.515526
case_11,a,2025-02-24 20:28:10.515526
case_11,c,2025-02-24 20:33:10.515526
case_11,a,2025-02-24 20:38:10.515526
case_11,b,2025-02-24 20:43:10.515526
case_11,a,2025-02-24 20:48:10.515526
case_11,a,2025-02-24 20:53:10.515526
case_11,c,2025-02-24 20:58:10.515526
case_11,b,2025-02-24 21:03:10.515526
case_12,c,2025-02-24 19:28:10.515557
case_12,c,2025-02-24 19:33:10.515557
case_12,b,2025-02-24 19:38:10.515557
case_12,a,2025-02-24 19:43:10.515557
case_12,c,2025-02-24 19:48:10.515557
case_12,c,2025-02-24 19:53:10.515557
case_12,c,2025-02-24 19:58:10.515557
case_12,c,2025-02-24 20:03:10.515557
case_12,a,2025-02-24 20:08:10.515557
case_12,c,2025-02-24 20:13:10.515557
case_12,a,2025-02-24 20:18:10.515557
case_12,a,2025-02-24 20:23:10.515557
case_12,b,2025-02-24 20:28:10.515557
case_12,a,2025-02-24 20:33:10.515557
case_12,b,2025-02-24 20:38:10.515557
case_12,a,2025-02-24 20:43:10.515557
case_12,a,2025-02-24 20:48:10.515557
case_12,c,2025-02-24 20:53:10.515557
case_12,a,2025-02-24 20:58:10.515557
case_12,c,2025-02-24 21:03:10.515557
case_13,b,2025-02-24 19:28:10.515588
case_13,b,2025-02-24 19:33:10.515588
case_13,b,2025-02-24 19:38:10.515588
case_13,c,2025-02-24 19:43:10.515588
case_13,b,2025-02-24 19:48:10.515588
case_13,a,2025-02-24 19:53:10.515588
case_13,a,2025-02-24 19:58:10.515588
case_13,a,2025-02-24 20:03:10.515588
case_13,a,2025-02-24 20:08:10.515588
case_13,c,2025-02-24 20:13:10.515588
case_13,c,2025-02-24 20:18:10.515588
case_13,c,2025-02-24 20:23:10.515588
case_13,b,2025-02-24 20:28:10.515588
case_13,b,2025-02-24 20:33:10.515588
case_13,b,2025-02-24 20:38:10.515588
case_13,a,2025-02-24 20:43:10.515588
case_13,a,2025-02-24 20:48:10.515588
case_13,a,2025-02-24 20:53:10.515588
case_13,a,2025-02-24 20:58:10.515588
case_13,b,2025-02-24 21:03:10.515588
case_14,b,2025-02-24 19:28:10.515619
case_14,b,2025-02-24 19:33:10.515619
case_14,c,2025-02-24 19:38:10.515619
case_14,b,2025-02-24 19:43:10.515619
case_14,b,2025-02-24 19:48:10.515619
case_14,c,2025-02-24 19:53:10.515619
case_14,a,2025-02-24 19:58:10.515619
case_14,a,2025-02-24 20:03:10.515619
case_14,b,2025-02-24 20:08:10.515619
case_14,c,2025-02-24 20:13:10.515619
case_14,a,2025-02-24 20:18:10.515619
case_14,a,2025-02-24 20:23:10.515619
case_14,a,2025-02-24 20:28:10.515619
case_14,c,2025-02-24 20:33:10.515619
case_14,c,2025-02-24 20:38:10.515619
case_14,c,2025-02-24 20:43:10.515619
case_14,a,2025-02-24 20:48:10.515619
case_14,a,2025-02-24 20:53:10.515619
case_14,b,2025-02-24 20:58:10.515619
case_14,c,2025-02-24 21:03:10.515619
case_15,c,2025-02-24 19:28:10.515649
case_15,b,2025-02-24 19:33:10.515649
case_15,c,2025-02-24 19:38:10.515649
case_15,c,2025-02-24 19:43:10.515649
case_15,b,2025-02-24 19:48:10.515649
case_15,a,2025-02-24 19:53:10.515649
case_15,b,2025-02-24 19:58:10.515649
case_15,c,2025-02-24 20:03:10.515649
case_15,a,2025-02-24 20:08:10.515649
case_15,a,2025-02-24 20:13:10.515649
case_15,c,2025-02-24 20:18:10.515649
case_15,b,2025-02-24 20:23:10.515649
case_15,c,2025-02-24 20:28:10.515649
case_15,b,2025-02-24 20:33:10.515649
case_15,b,2025-02-24 20:38:10.515649
case_15,c,2025-02-24 20:43:10.515649
case_15,a,2025-02-24 20:48:10.515649
case_15,b,2025-02-24 20:53:10.515649
case_15,b,2025-02-24 20:58:10.515649
case_15,b,2025-02-24 21:03:10.515649
case_16,c,2025-02-24 19:28:10.515680
case_16,a,2025-02-24 19:33:10.515680
case_16,a,2025-02-24 19:38:10.515680
case_16,a,2025-02-24 19:43:10.515680
case_16,c,2025-02-24 19:48:10.515680
case_16,b,2025-02-24 19:53:10.515680
case_16,c,2025-02-24 19:58:10.515680
case_16,b,2025-02-24 20:03:10.515680
case_16,c,2025-02-24 20:08:10.515680
case_16,b,2025-02-24 20:13:10.515680
case_16,c,2025-02-24 20:18:10.515680
case_16,c,2025-02-24 20:23:10.515680
case_16,b,2025-02-24 20:28:10.515680
case_16,c,2025-02-24 20:33:10.515680
case_16,b,2025-02-24 20:38:10.515680
case_16,a,2025-02-24 20:43:10.515680
case_16,c,2025-02-24 20:48:10.515680
case_16,a,2025-02-24 20:53:10.515680
case_16,b,2025-02-24 20:58:10.515680
case_16,a,2025-02-24 21:03:10.515680
case_17,c,2025-02-24 19:28:10.515711
case_17,c,2025-02-24 19:33:10.515711
case_17,a,2025-02-24 19:38:10.515711
case_17,b,2025-02-24 19:43:10.515711
case_17,a,2025-02-24 19:48:10.515711
case_17,c,2025-02-24 19:53:10.515711
case_17,c,2025-02-24 19:58:10.515711
case_17,b,2025-02-24 20:03:10.515711
case_17,c,2025-02-24 20:08:10.515711
case_17,a,2025-02-24 20:13:10.515711
case_17,b,2025-02-24 20:18:10.515711
case_17,a,2025-02-24 20:23:10.515711
case_17,c,2025-02-24 20:28:10.515711
case_17,c,2025-02-24 20:33:10.515711
case_17,a,2025-02-24 20:38:10.515711
case_17,a,2025-02-24 20:43:10.515711
case_17,a,2025-02-24 20:48:10.515711
case_17,b,2025-02-24 20:53:10.515711
case_17,b,2025-02-24 20:58:10.515711
case_17,a,2025-02-24 21:03:10.515711
case_18,c,2025-02-24 19:28:10.515742
case_18,a,2025-02-24 19:33:10.515742
case_18,a,2025-02-24 19:38:10.515742
case_18,a,2025-02-24 19:43:10.515742
case_18,b,2025-02-24 19:48:10.515742
case_18,c,2025-02-24 19:53:10.515742
case_18,a,2025-02-24 19:58:10.515742
case_18,a,2025-02-24 20:03:10.515742
case_18,b,2025-02-24 20:08:10.515742
case_18,b,2025-02-24 20:13:10.515742
case_18,a,2025-02-24 20:18:10.515742
case_18,c,2025-02-24 20:23:10.515742
case_18,c,2025-02-24 20:28:10.515742
case_18,b,2025-02-24 20:33:10.515742
case_18,a,2025-02-24 20:38:10.515742
case_18,b,2025-02-24 20:43:10.515742
case_18,a,2025-02-24 20:48:10.515742
case_18,c,2025-02-24 20:53:10.515742
case_18,b,2025-02-24 20:58:10.515742
case_18,a,2025-02-24 21:03:10.515742
case_19,c,2025-02-24 19:28:10.515773
case_19,c,2025-02-24 19:33:10.515773
case_19,a,2025-02-24 19:38:10.515773
case_19,c,2025-02-24 19:43:10.515773
case_19,c,2025-02-24 19:48:10.515773
case_19,c,2025-02-24 19:53:10.515773
case_19,b,2025-02-24 19:58:10.515773
case_19,b,2025-02-24 20:03:10.515773
case_19,c,2025-02-24 20:08:10.515773
case_19,c,2025-02-24 20:13:10.515773
case_19,a,2025-02-24 20:18:10.515773
case_19,c,2025-02-24 20:23:10.515773
case_19,b,2025-02-24 20:28:10.515773
case_19,a,2025-02-24 20:33:10.515773
case_19,b,2025-02-24 20:38:10.515773
case_19,a,2025-02-24 20:43:10.515773
case_19,b,2025-02-24 20:48:10.515773
case_19,b,2025-02-24 20:53:10.515773
case_19,a,2025-02-24 20:58:10.515773
case_19,a,2025-02-24 21:03:10.515773
case_20,b,2025-02-24 19:28:10.515803
case_20,c,2025-02-24 19:33:10.515803
case_20,a,2025-02-24 19:38:10.515803
case_20,c,2025-02-24 19:43:10.515803
case_20,c,2025-02-24 19:48:10.515803
case_20,c,2025-02-24 19:53:10.515803
case_20,c,2025-02-24 19:58:10.515803
case_20,a,2025-02-24 20:03:10.515803
case_20,b,2025-02-24 20:08:10.515803
case_20,c,2025-02-24 20:13:10.515803
case_20,b,2025-02-24 20:18:10.515803
case_20,b,2025-02-24 20:23:10.515803
case_20,c,2025-02-24 20:28:10.515803
case_20,c,2025-02-24 20:33:10.515803
case_20,a,2025-02-24 20:38:10.515803
case_20,a,2025-02-24 20:43:10.515803
case_20,b,2025-02-24 20:48:10.515803
case_20,c,2025-02-24 20:53:10.515803
case_20,a,2025-02-24 20:58:10.515803
case_20,a,2025-02-24 21:03:10.515803
case_21,c,2025-02-24 19:28:10.515834
case_21,a,2025-02-24 19:33:10.515834
case_21,b,2025-02-24 19:38:10.515834
case_21,c,2025-02-24 19:43:10.515834
case_21,a,2025-02-24 19:48:10.515834
case_21,c,2025-02-24 19:53:10.515834
case_21,a,2025-02-24 19:58:10.515834
case_21,b,2025-02-24 20:03:10.515834
case_21,c,2025-02-24 20:08:10.515834
case_21,c,2025-02-24 20:13:10.515834
case_21,c,2025-02-24 20:18:10.515834
case_21,c,2025-02-24 20:23:10.515834
case_21,a,2025-02-24 20:28:10.515834
case_21,c,2025-02-24 20:33:10.515834
case_21,a,2025-02-24 20:38:10.515834
case_21,c,2025-02-24 20:43:10.515834
case_21,c,2025-02-24 20:48:10.515834
case_21,a,2025-02-24 20:53:10.515834
case_21,a,2025-02-24 20:58:10.515834
case_21,c,2025-02-24 21:03:10.515834
case_22,b,2025-02-24 19:28:10.515864
case_22,b,2025-02-24 19:33:10.515864
case_22,a,2025-02-24 19:38:10.515864
case_22,c,2025-02-24 19:43:10.515864
case_22,b,2025-02-24 19:48:10.515864
case_22,b,2025-02-24 19:53:10.515864
case_22,a,2025-02-24 19:58:10.515864
case_22,a,2025-02-24 20:03:10.515864
case_22,c,2025-02-24 20:08:10.515864
case_22,c,2025-02-24 20:13:10.515864
case_22,b,2025-02-24 20:18:10.515864
case_22,c,2025-02-24 20:23:10.515864
case_22,c,2025-02-24 20:28:10.515864
case_22,a,2025-02-24 20:33:10.515864
case_22,a,2025-02-24 20:38:10.515864
case_22,c,2025-02-24 20:43:10.515864
case_22,a,2025-02-24 20:48:10.515864
case_22,b,2025-02-24 20:53:10.515864
case_22,a,2025-02-24 20:58:10.515864
case_22,a,2025-02-24 21:03:10.515864
case_23,b,2025-02-24 19:28:10.515895
case_23,a,2025-02-24 19:33:10.515895
case_23,b,2025-02-24 19:38:10.515895
case_23,a,2025-02-24 19:43:10.515895
case_23,c,2025-02-24 19:48:10.515895
case_23,a,2025-02-24 19:53:10.515895
case_23,a,2025-02-24 19:58:10.515895
case_23,b,2025-02-24 20:03:10.515895
case_23,a,2025-02-24 20:08:10.515895
case_23,a,2025-02-24 20:13:10.515895
case_23,a,2025-02-24 20:18:10.515895
case_23,c,2025-02-24 20:23:10.515895
case_23,b,2025-02-24 20:28:10.515895
case_23,a,2025-02-24 20:33:10.515895
case_23,c,2025-02-24 20:38:10.515895
case_23,a,2025-02-24 20:43:10.515895
case_23,a,2025-02-24 20:48:10.515895
case_23,c,2025-02-24 20:53:10.515895
case_23,b,2025-02-24 20:58:10.515895
case_23,a,2025-02-24 21:03:10.515895
case_24,b,2025-02-24 19:28:10.515926
case_24,c,2025-02-24 19:33:10.515926
case_24,c,2025-02-24 19:38:10.515926
case_24,c,2025-02-24 19:43:10.515926
case_24,b,2025-02-24 19:48:10.515926
case_24,b,2025-02-24 19:53:10.515926
case_24,b,2025-02-24 19:58:10.515926
case_24,b,2025-02-24 20:03:10.515926
case_24,b,2025-02-24 20:08:10.515926
case_24,b,2025-02-24 20:13:10.515926
case_24,c,2025-02-24 20:18:10.515926
case_24,a,2025-02-24 20:23:10.515926
case_24,c,2025-02-24 20:28:10.515926
case_24,c,2025-02-24 20:33:10.515926
case_24,b,2025-02-24 20:38:10.515926
case_24,b,2025-02-24 20:43:10.515926
case_24,b,2025-02-24 20:48:10.515926
case_24,b,2025-02-24 20:53:10.515926
case_24,a,2025-02-24 20:58:10.515926
case_24,a,2025-02-24 21:03:10.515926
case_25,c,2025-02-24 19:28:10.515956
case_25,a,2025-02-24 19:33:10.515956
case_25,c,2025-02-24 19:38:10.515956
case_25,a,2025-02-24 19:43:10.515956
case_25,b,2025-02-24 19:48:10.515956
case_25,c,2025-02-24 19:53:10.515956
case_25,b,2025-02-24 19:58:10.515956
case_25,b,2025-02-24 20:03:10.515956
case_25,c,2025-02-24 20:08:10.515956
case_25,c,2025-02-24 20:13:10.515956
case_25,b,2025-02-24 20:18:10.515956
case_25,c,2025-02-24 20:23:10.515956
case_25,a,2025-02-24 20:28:10.515956
case_25,c,2025-02-24 20:33:10.515956
case_25,a,2025-02-24 20:38:10.515956
case_25,a,2025-02-24 20:43:10.515956
case_25,b,2025-02-24 20:48:10.515956
case_25,c,2025-02-24 20:53:10.515956
case_25,a,2025-02-24 20:58:10.515956
case_25,b,2025-02-24 21:03:10.515956
case_26,c,2025-02-24 19:28:10.515987
case_26,c,2025-02-24 19:33:10.515987
case_26,a,2025-02-24 19:38:10.515987
case_26,c,2025-02-24 19:43:10.515987
case_26,c,2025-02-24 19:48:10.515987
case_26,b,2025-02-24 19:53:10.515987
case_26,a,2025-02-24 19:58:10.515987
case_26,c,2025-02-24 20:03:10.515987
case_26,a,2025-02-24 20:08:10.515987
case_26,b,2025-02-24 20:13:10.515987
case_26,a,2025-02-24 20:18:10.515987
case_26,a,2025-02-24 20:23:10.515987
case_26,c,2025-02-24 20:28:10.515987
case_26,c,2025-02-24 20:33:10.515987
case_26,b,2025-02-24 20:38:10.515987
case_26,b,2025-02-24 20:43:10.515987
case_26,b,2025-02-24 20:48:10.515987
case_26,b,2025-02-24 20:53:10.515987
case_26,a,2025-02-24 20:58:10.515987
case_26,b,2025-02-24 21:03:10.515987
case_27,c,2025-02-24 19:28:10.516018
case_27,c,2025-02-24 19:33:10.516018
case_27,b,2025-02-24 19:38:10.516018
case_27,a,2025-02-24 19:43:10.516018
case_27,c,2025-02-24 19:48:10.516018
case_27,b,2025-02-24 19:53:10.516018
case_27,b,2025-02-24 19:58:10.516018
case_27,b,2025-02-24 20:03:10.516018
case_27,a,2025-02-24 20:08:10.516018
case_27,c,2025-02-24 20:13:10.516018
case_27,a,2025-02-24 20:18:10.516018
case_27,c,2025-02-24 20:23:10.516018
case_27,b,2025-02-24 20:28:10.516018
case_27,c,2025-02-24 20:33:10.516018
case_27,c,2025-02-24 20:38:10.516018
case_27,a,2025-02-24 20:43:10.516018
case_27,a,2025-02-24 20:48:10.516018
case_27,a,2025-02-24 20:53:10.516018
case_27,c,2025-02-24 20:58:10.516018
case_27,b,2025-02-24 21:03:10.516018
case_28,b,2025-02-24 19:28:10.516049
case_28,b,2025-02-24 19:33:10.516049
case_28,a,2025-02-24 19:38:10.516049
case_28,b,2025-02-24 19:43:10.516049
case_28,a,2025-02-24 19:48:10.516049
case_28,a,2025-02-24 19:53:10.516049
case_28,c,2025-02-24 19:58:10.516049
case_28,a,2025-02-24 20:03:10.516049
case_28,a,2025-02-24 20:08:10.516049
case_28,c,2025-02-24 20:13:10.516049
case_28,a,2025-02-24 20:18:10.516049
case_28,a,2025-02-24 20:23:10.516049
case_28,a,2025-02-24 20:28:10.516049
case_28,c,2025-02-24 20:33:10.516049
case_28,b,2025-02-24 20:38:10.516049
case_28,b,2025-02-24 20:43:10.516049
case_28,b,2025-02-24 20:48:10.516049
case_28,c,2025-02-24 20:53:10.516049
case_28,b,2025-02-24 20:58:10.516049
case_28,c,2025-02-24 21:03:10.516049
case_29,c,2025-02-24 19:28:10.516079
case_29,c,2025-02-24 19:33:10.516079
case_29,a,2025-02-24 19:38:10.516079
case_29,b,2025-02-24 19:43:10.516079
case_29,a,2025-02-24 19:48:10.516079
case_29,b,2025-02-24 19:53:10.516079
case_29,c,2025-02-24 19:58:10.516079
case_29,b,2025-02-24 20:03:10.516079
case_29,a,2025-02-24 20:08:10.516079
case_29,a,2025-02-24 20:13:10.516079
case_29,c,2025-02-24 20:18:10.516079
case_29,b,2025-02-24 20:23:10.516079
case_29,b,2025-02-24 20:28:10.516079
case_29,b,2025-02-24 20:33:10.516079
case_29,c,2025-02-24 20:38:10.516079
case_29,a,2025-02-24 20:43:10.516079
case_29,c,2025-02-24 20:48:10.516079
case_29,a,2025-02-24 20:53:10.516079
case_29,a,2025-02-24 20:58:10.516079
case_29,a,2025-02-24 21:03:10.516079
case_30,b,2025-02-24 19:28:10.516111
case_30,c,2025-02-24 19:33:10.516111
case_30,b,2025-02-24 19:38:10.516111
case_30,c,2025-02-24 19:43:10.516111
case_30,c,2025-02-24 19:48:10.516111
case_30,b,2025-02-24 19:53:10.516111
case_30,c,2025-02-24 19:58:10.516111
case_30,c,2025-02-24 20:03:10.516111
case_30,a,2025-02-24 20:08:10.516111
case_30,c,2025-02-24 20:13:10.516111
case_30,b,2025-02-24 20:18:10.516111
case_30,a,2025-02-24 20:23:10.516111
case_30,c,2025-02-24 20:28:10.516111
case_30,a,2025-02-24 20:33:10.516111
case_30,b,2025-02-24 20:38:10.516111
case_30,a,2025-02-24 20:43:10.516111
case_30,a,2025-02-24 20:48:10.516111
case_30,c,2025-02-24 20:53:10.516111
case_30,c,2025-02-24 20:58:10.516111
case_30,a,2025-02-24 21:03:10.516111
case_31,b,2025-02-24 19:28:10.516141
case_31,b,2025-02-24 19:33:10.516141
case_31,a,2025-02-24 19:38:10.516141
case_31,a,2025-02-24 19:43:10.516141
case_31,b,2025-02-24 19:48:10.516141
case_31,c,2025-02-24 19:53:10.516141
case_31,a,2025-02-24 19:58:10.516141
case_31,c,2025-02-24 20:03:10.516141
case_31,b,2025-02-24 20:08:10.516141
case_31,c,2025-02-24 20:13:10.516141
case_31,c,2025-02-24 20:18:10.516141
case_31,b,2025-02-24 20:23:10.516141
case_31,b,2025-02-24 20:28:10.516141
case_31,b,2025-02-24 20:33:10.516141
case_31,a,2025-02-24 20:38:10.516141
case_31,b,2025-02-24 20:43:10.516141
case_31,b,2025-02-24 20:48:10.516141
case_31,a,2025-02-24 20:53:10.516141
case_31,b,2025-02-24 20:58:10.516141
case_31,b,2025-02-24 21:03:10.516141
case_32,b,2025-02-24 19:28:10.516172
case_32,a,2025-02-24 19:33:10.516172
case_32,c,2025-02-24 19:38:10.516172
case_32,b,2025-02-24 19:43:10.516172
case_32,a,2025-02-24 19:48:10.516172
case_32,a,2025-02-24 19:53:10.516172
case_32,a,2025-02-24 19:58:10.516172
case_32,c,2025-02-24 20:03:10.516172
case_32,b,2025-02-24 20:08:10.516172
case_32,a,2025-02-24 20:13:10.516172
case_32,b,2025-02-24 20:18:10.516172
case_32,b,2025-02-24 20:23:10.516172
case_32,a,2025-02-24 20:28:10.516172
case_32,b,2025-02-24 20:33:10.516172
case_32,a,2025-02-24 20:38:10.516172
case_32,b,2025-02-24 20:43:10.516172
case_32,c,2025-02-24 20:48:10.516172
case_32,c,2025-02-24 20:53:10.516172
case_32,c,2025-02-24 20:58:10.516172
case_32,b,2025-02-24 21:03:10.516172
case_33,c,2025-02-24 19:28:10.516202
case_33,b,2025-02-24 19:33:10.516202
case_33,c,2025-02-24 19:38:10.516202
case_33,c,2025-02-24 19:43:10.516202
case_33,b,2025-02-24 19:48:10.516202
case_33,a,2025-02-24 19:53:10.516202
case_33,b,2025-02-24 19:58:10.516202
case_33,c,2025-02-24 20:03:10.516202
case_33,a,2025-02-24 20:08:10.516202
case_33,b,2025-02-24 20:13:10.516202
case_33,b,2025-02-24 20:18:10.516202
case_33,a,2025-02-24 20:23:10.516202
case_33,c,2025-02-24 20:28:10.516202
case_33,a,2025-02-24 20:33:10.516202
case_33,b,2025-02-24 20:38:10.516202
case_33,a,2025-02-24 20:43:10.516202
case_33,a,2025-02-24 20:48:10.516202
case_33,a,2025-02-24 20:53:10.516202
case_33,c,2025-02-24 20:58:10.516202
case_33,b,2025-02-24 21:03:10.516202
case_34,c,2025-02-24 19:28:10.516233
case_34,c,2025-02-24 19:33:10.516233
case_34,c,2025-02-24 19:38:10.516233
case_34,b,2025-02-24 19:43:10.516233
case_34,a,2025-02-24 19:48:10.516233
case_34,a,2025-02-24 19:53:10.516233
case_34,c,2025-02-24 19:58:10.516233
case_34,a,2025-02-24 20:03:10.516233
case_34,b,2025-02-24 20:08:10.516233
case_34,b,2025-02-24 20:13:10.516233
case_34,c,2025-02-24 20:18:10.516233
case_34,c,2025-02-24 20:23:10.516233
case_34,a,2025-02-24 20:28:10.516233
case_34,b,2025-02-24 20:33:10.516233
case_34,a,2025-02-24 20:38:10.516233
case_34,b,2025-02-24 20:43:10.516233
case_34,a,2025-02-24 20:48:10.516233
case_34,a,2025-02-24 20:53:10.516233
case_34,c,2025-02-24 20:58:10.516233
case_34,b,2025-02-24 21:03:10.516233
case_35,b,2025-02-24 19:28:10.516263
case_35,b,2025-02-24 19:33:10.516263
case_35,a,2025-02-24 19:38:10.516263
case_35,a,2025-02-24 19:43:10.516263
case_35,c,2025-02-24 19:48:10.516263
case_35,c,2025-02-24 19:53:10.516263
case_35,a,2025-02-24 19:58:10.516263
case_35,b,2025-02-24 20:03:10.516263
case_35,a,2025-02-24 20:08:10.516263
case_35,a,2025-02-24 20:13:10.516263
case_35,a,2025-02-24 20:18:10.516263
case_35,b,2025-02-24 20:23:10.516263
case_35,c,2025-02-24 20:28:10.516263
case_35,c,2025-02-24 20:33:10.516263
case_35,a,2025-02-24 20:38:10.516263
case_35,a,2025-02-24 20:43:10.516263
case_35,a,2025-02-24 20:48:10.516263
case_35,b,2025-02-24 20:53:10.516263
case_35,a,2025-02-24 20:58:10.516263
case_35,c,2025-02-24 21:03:10.516263
case_36,b,2025-02-24 19:28:10.516294
case_36,a,2025-02-24 19:33:10.516294
case_36,b,2025-02-24 19:38:10.516294
case_36,b,2025-02-24 19:43:10.516294
case_36,a,2025-02-24 19:48:10.516294
case_36,a,2025-02-24 19:53:10.516294
case_36,b,2025-02-24 19:58:10.516294
case_36,c,2025-02-24 20:03:10.516294
case_36,a,2025-02-24 20:08:10.516294
case_36,a,2025-02-24 20:13:10.516294
case_36,c,2025-02-24 20:18:10.516294
case_36,a,2025-02-24 20:23:10.516294
case_36,b,2025-02-24 20:28:10.516294
case_36,c,2025-02-24 20:33:10.516294
case_36,a,2025-02-24 20:38:10.516294
case_36,a,2025-02-24 20:43:10.516294
case_36,b,2025-02-24 20:48:10.516294
case_36,c,2025-02-24 20:53:10.516294
case_36,b,2025-02-24 20:58:10.516294
case_36,a,2025-02-24 21:03:10.516294
case_37,c,2025-02-24 19:28:10.516327
case_37,b,2025-02-24 19:33:10.516327
case_37,b,2025-02-24 19:38:10.516327
case_37,b,2025-02-24 19:43:10.516327
case_37,c,2025-02-24 19:48:10.516327
case_37,a,2025-02-24 19:53:10.516327
case_37,c,2025-02-24 19:58:10.516327
case_37,b,2025-02-24 20:03:10.516327
case_37,b,2025-02-24 20:08:10.516327
case_37,c,2025-02-24 20:13:10.516327
case_37,a,2025-02-24 20:18:10.516327
case_37,b,2025-02-24 20:23:10.516327
case_37,b,2025-02-24 20:28:10.516327
case_37,a,2025-02-24 20:33:10.516327
case_37,c,2025-02-24 20:38:10.516327
case_37,a,2025-02-24 20:43:10.516327
case_37,b,2025-02-24 20:48:10.516327
case_37,b,2025-02-24 20:53:10.516327
case_37,a,2025-02-24 20:58:10.516327
case_37,a,2025-02-24 21:03:10.516327
case_38,b,2025-02-24 19:28:10.516357
case_38,c,2025-02-24 19:33:10.516357
case_38,b,2025-02-24 19:38:10.516357
case_38,b,2025-02-24 19:43:10.516357
case_38,c,2025-02-24 19:48:10.516357
case_38,c,2025-02-24 19:53:10.516357
case_38,b,2025-02-24 19:58:10.516357
case_38,b,2025-02-24 20:03:10.516357
case_38,c,2025-02-24 20:08:10.516357
case_38,b,2025-02-24 20:13:10.516357
case_38,a,2025-02-24 20:18:10.516357
case_38,a,2025-02-24 20:23:10.516357
case_38,b,2025-02-24 20:28:10.516357
case_38,a,2025-02-24 20:33:10.516357
case_38,c,2025-02-24 20:38:10.516357
case_38,c,2025-02-24 20:43:10.516357
case_38,a,2025-02-24 20:48:10.516357
case_38,c,2025-02-24 20:53:10.516357
case_38,a,2025-02-24 20:58:10.516357
case_38,b,2025-02-24 21:03:10.516357
case_39,b,2025-02-24 19:28:10.516388
case_39,c,2025-02-24 19:33:10.516388
case_39,c,2025-02-24 19:38:10.516388
case_39,b,2025-02-24 19:43:10.516388
case_39,a,2025-02-24 19:48:10.516388
case_39,b,2025-02-24 19:53:10.516388
case_39,b,2025-02-24 19:58:10.516388
case_39,a,2025-02-24 20:03:10.516388
case_39,a,2025-02-24 20:08:10.516388
case_39,b,2025-02-24 20:13:10.516388
case_39,b,2025-02-24 20:18:10.516388
case_39,a,2025-02-24 20:23:10.516388
case_39,a,2025-02-24 20:28:10.516388
case_39,a,2025-02-24 20:33:10.516388
case_39,a,2025-02-24 20:38:10.516388
case_39,b,2025-02-24 20:43:10.516388
case_39,a,2025-02-24 20:48:10.516388
case_39,c,2025-02-24 20:53:10.516388
case_39,c,2025-02-24 20:58:10.516388
case_39,b,2025-02-24 21:03:10.516388
case_40,b,2025-02-24 19:28:10.516418
case_40,b,2025-02-24 19:33:10.516418
case_40,a,2025-02-24 19:38:10.516418
case_40,a,2025-02-24 19:43:10.516418
case_40,b,2025-02-24 19:48:10.516418
case_40,b,2025-02-24 19:53:10.516418
case_40,b,2025-02-24 19:58:10.516418
case_40,c,2025-02-24 20:03:10.516418
case_40,a,2025-02-24 20:08:10.516418
case_40,a,2025-02-24 20:13:10.516418
case_40,c,2025-02-24 20:18:10.516418
case_40,c,2025-02-24 20:23:10.516418
case_40,a,2025-02-24 20:28:10.516418
case_40,a,2025-02-24 20:33:10.516418
case_40,a,2025-02-24 20:38:10.516418
case_40,a,2025-02-24 20:43:10.516418
case_40,b,2025-02-24 20:48:10.516418
case_40,c,2025-02-24 20:53:10.516418
case_40,b,2025-02-24 20:58:10.516418
case_40,a,2025-02-24 21:03:10.516418
case_41,c,2025-02-24 19:28:10.516448
case_41,c,2025-02-24 19:33:10.516448
case_41,b,2025-02-24 19:38:10.516448
case_41,a,2025-02-24 19:43:10.516448
case_41,b,2025-02-24 19:48:10.516448
case_41,b,2025-02-24 19:53:10.516448
case_41,a,2025-02-24 19:58:10.516448
case_41,c,2025-02-24 20:03:10.516448
case_41,b,2025-02-24 20:08:10.516448
case_41,c,2025-02-24 20:13:10.516448
case_41,b,2025-02-24 20:18:10.516448
case_41,c,2025-02-24 20:23:10.516448
case_41,b,2025-02-24 20:28:10.516448
case_41,c,2025-02-24 20:33:10.516448
case_41,c,2025-02-24 20:38:10.516448
case_41,b,2025-02-24 20:43:10.516448
case_41,b,2025-02-24 20:48:10.516448
case_41,a,2025-02-24 20:53:10.516448
case_41,a,2025-02-24 20:58:10.516448
case_41,c,2025-02-24 21:03:10.516448
case_42,c,2025-02-24 19:28:10.516478
case_42,c,2025-02-24 19:33:10.516478
case_42,a,2025-02-24 19:38:10.516478
case_42,a,2025-02-24 19:43:10.516478
case_42,b,2025-02-24 19:48:10.516478
case_42,a,2025-02-24 19:53:10.516478
case_42,b,2025-02-24 19:58:10.516478
case_42,c,2025-02-24 20:03:10.516478
case_42,a,2025-02-24 20:08:10.516478
case_42,c,2025-02-24 20:13:10.516478
case_42,c,2025-02-24 20:18:10.516478
case_42,a,2025-02-24 20:23:10.516478
case_42,a,2025-02-24 20:28:10.516478
case_42,a,2025-02-24 20:33:10.516478
case_42,c,2025-02-24 20:38:10.516478
case_42,b,2025-02-24 20:43:10.516478
case_42,b,2025-02-24 20:48:10.516478
case_42,c,2025-02-24 20:53:10.516478
case_42,c,2025-02-24 20:58:10.516478
case_42,a,2025-02-24 21:03:10.516478
case_43,c,2025-02-24 19:28:10.516508
case_43,a,2025-02-24 19:33:10.516508
case_43,c,2025-02-24 19:38:10.516508
case_43,a,2025-02-24 19:43:10.516508
case_43,c,2025-02-24 19:48:10.516508
case_43,c,2025-02-24 19:53:10.516508
case_43,a,2025-02-24 19:58:10.516508
case_43,a,2025-02-24 20:03:10.516508
case_43,a,2025-02-24 20:08:10.516508
case_43,a,2025-02-24 20:13:10.516508
case_43,c,2025-02-24 20:18:10.516508
case_43,a,2025-02-24 20:23:10.516508
case_43,a,2025-02-24 20:28:10.516508
case_43,b,2025-02-24 20:33:10.516508
case_43,b,2025-02-24 20:38:10.516508
case_43,b,2025-02-24 20:43:10.516508
case_43,c,2025-02-24 20:48:10.516508
case_43,a,2025-02-24 20:53:10.516508
case_43,a,2025-02-24 20:58:10.516508
case_43,c,2025-02-24 21:03:10.516508
case_44,c,2025-02-24 19:28:10.516539
case_44,b,2025-02-24 19:33:10.516539
case_44,a,2025-02-24 19:38:10.516539
case_44,b,2025-02-24 19:43:10.516539
case_44,b,2025-02-24 19:48:10.516539
case_44,b,2025-02-24 19:53:10.516539
case_44,c,2025-02-24 19:58:10.516539
case_44,b,2025-02-24 20:03:10.516539
case_44,c,2025-02-24 20:08:10.516539
case_44,c,2025-02-24 20:13:10.516539
case_44,b,2025-02-24 20:18:10.516539
case_44,a,2025-02-24 20:23:10.516539
case_44,a,2025-02-24 20:28:10.516539
case_44,c,2025-02-24 20:33:10.516539
case_44,b,2025-02-24 20:38:10.516539
case_44,b,2025-02-24 20:43:10.516539
case_44,a,2025-02-24 20:48:10.516539
case_44,a,2025-02-24 20:53:10.516539
case_44,b,2025-02-24 20:58:10.516539
case_44,b,2025-02-24 21:03:10.516539
case_45,b,2025-02-24 19:28:10.516569
case_45,c,2025-02-24 19:33:10.516569
case_45,b,2025-02-24 19:38:10.516569
case_45,c,2025-02-24 19:43:10.516569
case_45,c,2025-02-24 19:48:10.516569
case_45,a,2025-02-24 19:53:10.516569
case_45,a,2025-02-24 19:58:10.516569
case_45,b,2025-02-24 20:03:10.516569
case_45,a,2025-02-24 20:08:10.516569
case_45,a,2025-02-24 20:13:10.516569
case_45,c,2025-02-24 20:18:10.516569
case_45,b,2025-02-24 20:23:10.516569
case_45,c,2025-02-24 20:28:10.516569
case_45,a,2025-02-24 20:33:10.516569
case_45,c,2025-02-24 20:38:10.516569
case_45,b,2025-02-24 20:43:10.516569
case_45,c,2025-02-24 20:48:10.516569
case_45,a,2025-02-24 20:53:10.516569
case_45,a,2025-02-24 20:58:10.516569
case_45,a,2025-02-24 21:03:10.516569
case_46,b,2025-02-24 19:28:10.516599
case_46,b,2025-02-24 19:33:10.516599
case_46,b,2025-02-24 19:38:10.516599
case_46,b,2025-02-24 19:43:10.516599
case_46,a,2025-02-24 19:48:10.516599
case_46,c,2025-02-24 19:53:10.516599
case_46,c,2025-02-24 19:58:10.516599
case_46,a,2025-02-24 20:03:10.516599
case_46,b,2025-02-24 20:08:10.516599
case_46,c,2025-02-24 20:13:10.516599
case_46,a,2025-02-24 20:18:10.516599
case_46,c,2025-02-24 20:23:10.516599
case_46,a,2025-02-24 20:28:10.516599
case_46,c,2025-02-24 20:33:10.516599
case_46,b,2025-02-24 20:38:10.516599
case_46,b,2025-02-24 20:43:10.516599
case_46,c,2025-02-24 20:48:10.516599
case_46,a,2025-02-24 20:53:10.516599
case_46,a,2025-02-24 20:58:10.516599
case_46,b,2025-02-24 21:03:10.516599
case_47,b,2025-02-24 19:28:10.516629
case_47,a,2025-02-24 19:33:10.516629
case_47,b,2025-02-24 19:38:10.516629
case_47,b,2025-02-24 19:43:10.516629
case_47,b,2025-02-24 19:48:10.516629
case_47,b,2025-02-24 19:53:10.516629
case_47,c,2025-02-24 19:58:10.516629
case_47,c,2025-02-24 20:03:10.516629
case_47,a,2025-02-24 20:08:10.516629
case_47,b,2025-02-24 20:13:10.516629
case_47,b,2025-02-24 20:18:10.516629
case_47,b,2025-02-24 20:23:10.516629
case_47,a,2025-02-24 20:28:10.516629
case_47,b,2025-02-24 20:33:10.516629
case_47,b,2025-02-24 20:38:10.516629
case_47,a,2025-02-24 20:43:10.516629
case_47,c,2025-02-24 20:48:10.516629
case_47,b,2025-02-24 20:53:10.516629
case_47,a,2025-02-24 20:58:10.516629
case_47,a,2025-02-24 21:03:10.516629
case_48,b,2025-02-24 19:28:10.516659
case_48,c,2025-02-24 19:33:10.516659
case_48,a,2025-02-24 19:38:10.516659
case_48,a,2025-02-24 19:43:10.516659
case_48,c,2025-02-24 19:48:10.516659
case_48,c,2025-02-24 19:53:10.516659
case_48,a,2025-02-24 19:58:10.516659
case_48,a,2025-02-24 20:03:10.516659
case_48,c,2025-02-24 20:08:10.516659
case_48,c,2025-02-24 20:13:10.516659
case_48,b,2025-02-24 20:18:10.516659
case_48,a,2025-02-24 20:23:10.516659
case_48,c,2025-02-24 20:28:10.516659
case_48,a,2025-02-24 20:33:10.516659
case_48,c,2025-02-24 20:38:10.516659
case_48,a,2025-02-24 20:43:10.516659
case_48,b,2025-02-24 20:48:10.516659
case_48,c,2025-02-24 20:53:10.516659
case_48,a,2025-02-24 20:58:10.516659
case_48,a,2025-02-24 21:03:10.516659
case_49,c,2025-02-24 19:28:10.516690
case_49,c,2025-02-24 19:33:10.516690
case_49,c,2025-02-24 19:38:10.516690
case_49,c,2025-02-24 19:43:10.516690
case_49,b,2025-02-24 19:48:10.516690
case_49,a,2025-02-24 19:53:10.516690
case_49,c,2025-02-24 19:58:10.516690
case_49,c,2025-02-24 20:03:10.516690
case_49,b,2025-02-24 20:08:10.516690
case_49,b,2025-02-24 20:13:10.516690
case_49,c,2025-02-24 20:18:10.516690
case_49,c,2025-02-24 20:23:10.516690
case_49,c,2025-02-24 20:28:10.516690
case_49,b,2025-02-24 20:33:10.516690
case_49,c,2025-02-24 20:38:10.516690
case_49,b,2025-02-24 20:43:10.516690
case_49,c,2025-02-24 20:48:10.516690
case_49,b,2025-02-24 20:53:10.516690
case_49,a,2025-02-24 20:58:10.516690
case_49,a,2025-02-24 21:03:10.516690
case_50,b,2025-02-24 19:28:10.516720
case_50,b,2025-02-24 19:33:10.516720
case_50,c,2025-02-24 19:38:10.516720
case_50,c,2025-02-24 19:43:10.516720
case_50,b,2025-02-24 19:48:10.516720
case_50,a,2025-02-24 19:53:10.516720
case_50,a,2025-02-24 19:58:10.516720
case_50,a,2025-02-24 20:03:10.516720
case_50,c,2025-02-24 20:08:10.516720
case_50,b,2025-02-24 20:13:10.516720
case_50,a,2025-02-24 20:18:10.516720
case_50,c,2025-02-24 20:23:10.516720
case_50,a,2025-02-24 20:28:10.516720
case_50,c,2025-02-24 20:33:10.516720
case_50,b,2025-02-24 20:38:10.516720
case_50,c,2025-02-24 20:43:10.516720
case_50,a,2025-02-24 20:48:10.516720
case_50,c,2025-02-24 20:53:10.516720
case_50,a,2025-02-24 20:58:10.516720
case_50,a,2025-02-24 21:03:10.516720
case_51,c,2025-02-24 19:28:10.516749
case_51,a,2025-02-24 19:33:10.516749
case_51,b,2025-02-24 19:38:10.516749
case_51,c,2025-02-24 19:43:10.516749
case_51,b,2025-02-24 19:48:10.516749
case_51,a,2025-02-24 19:53:10.516749
case_51,a,2025-02-24 19:58:10.516749
case_51,a,2025-02-24 20:03:10.516749
case_51,c,2025-02-24 20:08:10.516749
case_51,a,2025-02-24 20:13:10.516749
case_51,c,2025-02-24 20:18:10.516749
case_51,c,2025-02-24 20:23:10.516749
case_51,a,2025-02-24 20:28:10.516749
case_51,b,2025-02-24 20:33:10.516749
case_51,c,2025-02-24 20:38:10.516749
case_51,a,2025-02-24 20:43:10.516749
case_51,c,2025-02-24 20:48:10.516749
case_51,a,2025-02-24 20:53:10.516749
case_51,b,2025-02-24 20:58:10.516749
case_51,c,2025-02-24 21:03:10.516749
case_52,b,2025-02-24 19:28:10.516779
case_52,a,2025-02-24 19:33:10.516779
case_52,c,2025-02-24 19:38:10.516779
case_52,a,2025-02-24 19:43:10.516779
case_52,b,2025-02-24 19:48:10.516779
case_52,a,2025-02-24 19:53:10.516779
case_52,a,2025-02-24 19:58:10.516779
case_52,a,2025-02-24 20:03:10.516779
case_52,a,2025-02-24 20:08:10.516779
case_52,b,2025-02-24 20:13:10.516779
case_52,b,2025-02-24 20:18:10.516779
case_52,c,2025-02-24 20:23:10.516779
case_52,a,2025-02-24 20:28:10.516779
case_52,a,2025-02-24 20:33:10.516779
case_52,a,2025-02-24 20:38:10.516779
case_52,a,2025-02-24 20:43:10.516779
case_52,c,2025-02-24 20:48:10.516779
case_52,c,2025-02-24 20:53:10.516779
case_52,b,2025-02-24 20:58:10.516779
case_52,b,2025-02-24 21:03:10.516779
case_53,c,2025-02-24 19:28:10.516809
case_53,a,2025-02-24 19:33:10.516809
case_53,c,2025-02-24 19:38:10.516809
case_53,b,2025-02-24 19:43:10.516809
case_53,b,2025-02-24 19:48:10.516809
case_53,c,2025-02-24 19:53:10.516809
case_53,a,2025-02-24 19:58:10.516809
case_53,c,2025-02-24 20:03:10.516809
case_53,b,2025-02-24 20:08:10.516809
case_53,c,2025-02-24 20:13:10.516809
case_53,a,2025-02-24 20:18:10.516809
case_53,c,2025-02-24 20:23:10.516809
case_53,a,2025-02-24 20:28:10.516809
case_53,b,2025-02-24 20:33:10.516809
case_53,c,2025-02-24 20:38:10.516809
case_53,c,2025-02-24 20:43:10.516809
case_53,b,2025-02-24 20:48:10.516809
case_53,b,2025-02-24 20:53:10.516809
case_53,a,2025-02-24 20:58:10.516809
case_53,a,2025-02-24 21:03:10.516809
case_54,c,2025-02-24 19:28:10.516839
case_54,b,2025-02-24 19:33:10.516839
case_54,c,2025-02-24 19:38:10.516839
case_54,b,2025-02-24 19:43:10.516839
case_54,a,2025-02-24 19:48:10.516839
case_54,a,2025-02-24 19:53:10.516839
case_54,a,2025-02-24 19:58:10.516839
case_54,b,2025-02-24 20:03:10.516839
case_54,b,2025-02-24 20:08:10.516839
case_54,a,2025-02-24 20:13:10.516839
case_54,b,2025-02-24 20:18:10.516839
case_54,b,2025-02-24 20:23:10.516839
case_54,b,2025-02-24 20:28:10.516839
case_54,c,2025-02-24 20:33:10.516839
case_54,c,2025-02-24 20:38:10.516839
case_54,b,2025-02-24 20:43:10.516839
case_54,c,2025-02-24 20:48:10.516839
case_54,b,2025-02-24 20:53:10.516839
case_54,c,2025-02-24 20:58:10.516839
case_54,a,2025-02-24 21:03:10.516839
case_55,c,2025-02-24 19:28:10.516869
case_55,b,2025-02-24 19:33:10.516869
case_55,c,2025-02-24 19:38:10.516869
case_55,a,2025-02-24 19:43:10.516869
case_55,b,2025-02-24 19:48:10.516869
case_55,a,2025-02-24 19:53:10.516869
case_55,c,2025-02-24 19:58:10.516869
case_55,b,2025-02-24 20:03:10.516869
case_55,a,2025-02-24 20:08:10.516869
case_55,b,2025-02-24 20:13:10.516869
case_55,b,2025-02-24 20:18:10.516869
case_55,b,2025-02-24 20:23:10.516869
case_55,c,2025-02-24 20:28:10.516869
case_55,b,2025-02-24 20:33:10.516869
case_55,b,2025-02-24 20:38:10.516869
case_55,c,2025-02-24 20:43:10.516869
case_55,b,2025-02-24 20:48:10.516869
case_55,c,2025-02-24 20:53:10.516869
case_55,a,2025-02-24 20:58:10.516869
case_55,a,2025-02-24 21:03:10.516869
case_56,b,2025-02-24 19:28:10.516899
case_56,c,2025-02-24 19:33:10.516899
case_56,c,2025-02-24 19:38:10.516899
case_56,c,2025-02-24 19:43:10.516899
case_56,a,2025-02-24 19:48:10.516899
case_56,c,2025-02-24 19:53:10.516899
case_56,c,2025-02-24 19:58:10.516899
case_56,b,2025-02-24 20:03:10.516899
case_56,a,2025-02-24 20:08:10.516899
case_56,b,2025-02-24 20:13:10.516899
case_56,c,2025-02-24 20:18:10.516899
case_56,b,2025-02-24 20:23:10.516899
case_56,b,2025-02-24 20:28:10.516899
case_56,b,2025-02-24 20:33:10.516899
case_56,c,2025-02-24 20:38:10.516899
case_56,c,2025-02-24 20:43:10.516899
case_56,c,2025-02-24 20:48:10.516899
case_56,a,2025-02-24 20:53:10.516899
case_56,a,2025-02-24 20:58:10.516899
case_56,c,2025-02-24 21:03:10.516899
case_57,c,2025-02-24 19:28:10.516929
case_57,a,2025-02-24 19:33:10.516929
case_57,a,2025-02-24 19:38:10.516929
case_57,c,2025-02-24 19:43:10.516929
case_57,b,2025-02-24 19:48:10.516929
case_57,b,2025-02-24 19:53:10.516929
case_57,b,2025-02-24 19:58:10.516929
case_57,b,2025-02-24 20:03:10.516929
case_57,b,2025-02-24 20:08:10.516929
case_57,c,2025-02-24 20:13:10.516929
case_57,a,2025-02-24 20:18:10.516929
case_57,a,2025-02-24 20:23:10.516929
case_57,a,2025-02-24 20:28:10.516929
case_57,a,2025-02-24 20:33:10.516929
case_57,b,2025-02-24 20:38:10.516929
case_57,a,2025-02-24 20:43:10.516929
case_57,b,2025-02-24 20:48:10.516929
case_57,a,2025-02-24 20:53:10.516929
case_57,c,2025-02-24 20:58:10.516929
case_57,a,2025-02-24 21:03:10.516929
case_58,c,2025-02-24 19:28:10.516960
case_58,a,2025-02-24 19:33:10.516960
case_58,c,2025-02-24 19:38:10.516960
case_58,a,2025-02-24 19:43:10.516960
case_58,c,2025-02-24 19:48:10.516960
case_58,c,2025-02-24 19:53:10.516960
case_58,c,2025-02-24 19:58:10.516960
case_58,b,2025-02-24 20:03:10.516960
case_58,c,2025-02-24 20:08:10.516960
case_58,c,2025-02-24 20:13:10.516960
case_58,b,2025-02-24 20:18:10.516960
case_58,b,2025-02-24 20:23:10.516960
case_58,b,2025-02-24 20:28:10.516960
case_58,c,2025-02-24 20:33:10.516960
case_58,a,2025-02-24 20:38:10.516960
case_58,c,2025-02-24 20:43:10.516960
case_58,a,2025-02-24 20:48:10.516960
case_58,c,2025-02-24 20:53:10.516960
case_58,a,2025-02-24 20:58:10.516960
case_58,a,2025-02-24 21:03:10.516960
case_59,c,2025-02-24 19:28:10.516990
case_59,a,2025-02-24 19:33:10.516990
case_59,b,2025-02-24 19:38:10.516990
case_59,b,2025-02-24 19:43:10.516990
case_59,b,2025-02-24 19:48:10.516990
case_59,c,2025-02-24 19:53:10.516990
case_59,b,2025-02-24 19:58:10.516990
case_59,c,2025-02-24 20:03:10.516990
case_59,c,2025-02-24 20:08:10.516990
case_59,c,2025-02-24 20:13:10.516990
case_59,a,2025-02-24 20:18:10.516990
case_59,b,2025-02-24 20:23:10.516990
case_59,a,2025-02-24 20:28:10.516990
case_59,a,2025-02-24 20:33:10.516990
case_59,b,2025-02-24 20:38:10.516990
case_59,b,2025-02-24 20:43:10.516990
case_59,c,2025-02-24 20:48:10.516990
case_59,b,2025-02-24 20:53:10.516990
case_59,a,2025-02-24 20:58:10.516990
case_59,c,2025-02-24 21:03:10.516990
case_60,b,2025-02-24 19:28:10.517020
case_60,c,2025-02-24 19:33:10.517020
case_60,a,2025-02-24 19:38:10.517020
case_60,c,2025-02-24 19:43:10.517020
case_60,a,2025-02-24 19:48:10.517020
case_60,b,2025-02-24 19:53:10.517020
case_60,b,2025-02-24 19:58:10.517020
case_60,a,2025-02-24 20:03:10.517020
case_60,a,2025-02-24 20:08:10.517020
case_60,a,2025-02-24 20:13:10.517020
case_60,b,2025-02-24 20:18:10.517020
case_60,b,2025-02-24 20:23:10.517020
case_60,b,2025-02-24 20:28:10.517020
case_60,c,2025-02-24 20:33:10.517020
case_60,b,2025-02-24 20:38:10.517020
case_60,c,2025-02-24 20:43:10.517020
case_60,b,2025-02-24 20:48:10.517020
case_60,a,2025-02-24 20:53:10.517020
case_60,c,2025-02-24 20:58:10.517020
case_60,a,2025-02-24 21:03:10.517020
case_61,c,2025-02-24 19:28:10.517050
case_61,c,2025-02-24 19:33:10.517050
case_61,b,2025-02-24 19:38:10.517050
case_61,a,2025-02-24 19:43:10.517050
case_61,a,2025-02-24 19:48:10.517050
case_61,a,2025-02-24 19:53:10.517050
case_61,a,2025-02-24 19:58:10.517050
case_61,b,2025-02-24 20:03:10.517050
case_61,c,2025-02-24 20:08:10.517050
case_61,b,2025-02-24 20:13:10.517050
case_61,a,2025-02-24 20:18:10.517050
case_61,c,2025-02-24 20:23:10.517050
case_61,a,2025-02-24 20:28:10.517050
case_61,b,2025-02-24 20:33:10.517050
case_61,a,2025-02-24 20:38:10.517050
case_61,c,2025-02-24 20:43:10.517050
case_61,a,2025-02-24 20:48:10.517050
case_61,b,2025-02-24 20:53:10.517050
case_61,c,2025-02-24 20:58:10.517050
case_61,b,2025-02-24 21:03:10.517050
case_62,c,2025-02-24 19:28:10.517080
case_62,c,2025-02-24 19:33:10.517080
case_62,c,2025-02-24 19:38:10.517080
case_62,b,2025-02-24 19:43:10.517080
case_62,a,2025-02-24 19:48:10.517080
case_62,a,2025-02-24 19:53:10.517080
case_62,a,2025-02-24 19:58:10.517080
case_62,b,2025-02-24 20:03:10.517080
case_62,a,2025-02-24 20:08:10.517080
case_62,b,2025-02-24 20:13:10.517080
case_62,a,2025-02-24 20:18:10.517080
case_62,c,2025-02-24 20:23:10.517080
case_62,c,2025-02-24 20:28:10.517080
case_62,c,2025-02-24 20:33:10.517080
case_62,b,2025-02-24 20:38:10.517080
case_62,c,2025-02-24 20:43:10.517080
case_62,c,2025-02-24 20:48:10.517080
case_62,a,2025-02-24 20:53:10.517080
case_62,c,2025-02-24 20:58:10.517080
case_62,a,2025-02-24 21:03:10.517080
case_63,b,2025-02-24 19:28:10.517110
case_63,b,2025-02-24 19:33:10.517110
case_63,c,2025-02-24 19:38:10.517110
case_63,b,2025-02-24 19:43:10.517110
case_63,c,2025-02-24 19:48:10.517110
case_63,a,2025-02-24 19:53:10.517110
case_63,b,2025-02-24 19:58:10.517110
case_63,a,2025-02-24 20:03:10.517110
case_63,c,2025-02-24 20:08:10.517110
case_63,c,2025-02-24 20:13:10.517110
case_63,a,2025-02-24 20:18:10.517110
case_63,b,2025-02-24 20:23:10.517110
case_63,b,2025-02-24 20:28:10.517110
case_63,c,2025-02-24 20:33:10.517110
case_63,b,2025-02-24 20:38:10.517110
case_63,a,2025-02-24 20:43:10.517110
case_63,b,2025-02-24 20:48:10.517110
case_63,a,2025-02-24 20:53:10.517110
case_63,a,2025-02-24 20:58:10.517110
case_63,b,2025-02-24 21:03:10.517110
case_64,c,2025-02-24 19:28:10.517140
case_64,c,2025-02-24 19:33:10.517140
case_64,b,2025-02-24 19:38:10.517140
case_64,b,2025-02-24 19:43:10.517140
case_64,c,2025-02-24 19:48:10.517140
case_64,b,2025-02-24 19:53:10.517140
case_64,c,2025-02-24 19:58:10.517140
case_64,a,2025-02-24 20:03:10.517140
case_64,a,2025-02-24 20:08:10.517140
case_64,c,2025-02-24 20:13:10.517140
case_64,a,2025-02-24 20:18:10.517140
case_64,b,2025-02-24 20:23:10.517140
case_64,a,2025-02-24 20:28:10.517140
case_64,c,2025-02-24 20:33:10.517140
case_64,b,2025-02-24 20:38:10.517140
case_64,c,2025-02-24 20:43:10.517140
case_64,b,2025-02-24 20:48:10.517140
case_64,a,2025-02-24 20:53:10.517140
case_64,a,2025-02-24 20:58:10.517140
case_64,c,2025-02-24 21:03:10.517140
case_65,b,2025-02-24 19:28:10.517170
case_65,c,2025-02-24 19:33:10.517170
case_65,a,2025-02-24 19:38:10.517170
case_65,b,2025-02-24 19:43:10.517170
case_65,b,2025-02-24 19:48:10.517170
case_65,a,2025-02-24 19:53:10.517170
case_65,a,2025-02-24 19:58:10.517170
case_65,a,2025-02-24 20:03:10.517170
case_65,b,2025-02-24 20:08:10.517170
case_65,a,2025-02-24 20:13:10.517170
case_65,b,2025-02-24 20:18:10.517170
case_65,c,2025-02-24 20:23:10.517170
case_65,a,2025-02-24 20:28:10.517170
case_65,c,2025-02-24 20:33:10.517170
case_65,c,2025-02-24 20:38:10.517170
case_65,b,2025-02-24 20:43:10.517170
case_65,a,2025-02-24 20:48:10.517170
case_65,b,2025-02-24 20:53:10.517170
case_65,a,2025-02-24 20:58:10.517170
case_65,b,2025-02-24 21:03:10.517170
case_66,b,2025-02-24 19:28:10.517200
case_66,b,2025-02-24 19:33:10.517200
case_66,a,2025-02-24 19:38:10.517200
case_66,c,2025-02-24 19:43:10.517200
case_66,c,2025-02-24 19:48:10.517200
case_66,c,2025-02-24 19:53:10.517200
case_66,c,2025-02-24 19:58:10.517200
case_66,c,2025-02-24 20:03:10.517200
case_66,c,2025-02-24 20:08:10.517200
case_66,c,2025-02-24 20:13:10.517200
case_66,b,2025-02-24 20:18:10.517200
case_66,b,2025-02-24 20:23:10.517200
case_66,c,2025-02-24 20:28:10.517200
case_66,a,2025-02-24 20:33:10.517200
case_66,c,2025-02-24 20:38:10.517200
case_66,c,2025-02-24 20:43:10.517200
case_66,c,2025-02-24 20:48:10.517200
case_66,b,2025-02-24 20:53:10.517200
case_66,a,2025-02-24 20:58:10.517200
case_66,a,2025-02-24 21:03:10.517200
case_67,c,2025-02-24 19:28:10.517229
case_67,b,2025-02-24 19:33:10.517229
case_67,a,2025-02-24 19:38:10.517229
case_67,b,2025-02-24 19:43:10.517229
case_67,b,2025-02-24 19:48:10.517229
case_67,b,2025-02-24 19:53:10.517229
case_67,b,2025-02-24 19:58:10.517229
case_67,b,2025-02-24 20:03:10.517229
case_67,c,2025-02-24 20:08:10.517229
case_67,a,2025-02-24 20:13:10.517229
case_67,c,2025-02-24 20:18:10.517229
case_67,c,2025-02-24 20:23:10.517229
case_67,a,2025-02-24 20:28:10.517229
case_67,a,2025-02-24 20:33:10.517229
case_67,c,2025-02-24 20:38:10.517229
case_67,b,2025-02-24 20:43:10.517229
case_67,a,2025-02-24 20:48:10.517229
case_67,c,2025-02-24 20:53:10.517229
case_67,c,2025-02-24 20:58:10.517229
case_67,c,2025-02-24 21:03:10.517229
case_68,b,2025-02-24 19:28:10.517259
case_68,c,2025-02-24 19:33:10.517259
case_68,c,2025-02-24 19:38:10.517259
case_68,c,2025-02-24 19:43:10.517259
case_68,a,2025-02-24 19:48:10.517259
case_68,b,2025-02-24 19:53:10.517259
case_68,b,2025-02-24 19:58:10.517259
case_68,c,2025-02-24 20:03:10.517259
case_68,c,2025-02-24 20:08:10.517259
case_68,c,2025-02-24 20:13:10.517259
case_68,b,2025-02-24 20:18:10.517259
case_68,c,2025-02-24 20:23:10.517259
case_68,b,2025-02-24 20:28:10.517259
case_68,b,2025-02-24 20:33:10.517259
case_68,b,2025-02-24 20:38:10.517259
case_68,c,2025-02-24 20:43:10.517259
case_68,c,2025-02-24 20:48:10.517259
case_68,b,2025-02-24 20:53:10.517259
case_68,a,2025-02-24 20:58:10.517259
case_68,a,2025-02-24 21:03:10.517259
case_69,b,2025-02-24 19:28:10.517288
case_69,a,2025-02-24 19:33:10.517288
case_69,a,2025-02-24 19:38:10.517288
case_69,c,2025-02-24 19:43:10.517288
case_69,c,2025-02-24 19:48:10.517288
case_69,c,2025-02-24 19:53:10.517288
case_69,c,2025-02-24 19:58:10.517288
case_69,a,2025-02-24 20:03:10.517288
case_69,c,2025-02-24 20:08:10.517288
case_69,a,2025-02-24 20:13:10.517288
case_69,c,2025-02-24 20:18:10.517288
case_69,c,2025-02-24 20:23:10.517288
case_69,b,2025-02-24 20:28:10.517288
case_69,a,2025-02-24 20:33:10.517288
case_69,c,2025-02-24 20:38:10.517288
case_69,b,2025-02-24 20:43:10.517288
case_69,a,2025-02-24 20:48:10.517288
case_69,b,2025-02-24 20:53:10.517288
case_69,b,2025-02-24 20:58:10.517288
case_69,b,2025-02-24 21:03:10.517288
case_70,c,2025-02-24 19:28:10.517318
case_70,b,2025-02-24 19:33:10.517318
case_70,b,2025-02-24 19:38:10.517318
case_70,c,2025-02-24 19:43:10.517318
case_70,b,2025-02-24 19:48:10.517318
case_70,b,2025-02-24 19:53:10.517318
case_70,b,2025-02-24 19:58:10.517318
case_70,c,2025-02-24 20:03:10.517318
case_70,a,2025-02-24 20:08:10.517318
case_70,b,2025-02-24 20:13:10.517318
case_70,b,2025-02-24 20:18:10.517318
case_70,a,2025-02-24 20:23:10.517318
case_70,b,2025-02-24 20:28:10.517318
case_70,b,2025-02-24 20:33:10.517318
case_70,c,2025-02-24 20:38:10.517318
case_70,b,2025-02-24 20:43:10.517318
case_70,a,2025-02-24 20:48:10.517318
case_70,b,2025-02-24 20:53:10.517318
case_70,a,2025-02-24 20:58:10.517318
case_70,a,2025-02-24 21:03:10.517318
case_71,b,2025-02-24 19:28:10.517351
case_71,a,2025-02-24 19:33:10.517351
case_71,a,2025-02-24 19:38:10.517351
case_71,a,2025-02-24 19:43:10.517351
case_71,b,2025-02-24 19:48:10.517351
case_71,a,2025-02-24 19:53:10.517351
case_71,b,2025-02-24 19:58:10.517351
case_71,b,2025-02-24 20:03:10.517351
case_71,c,2025-02-24 20:08:10.517351
case_71,b,2025-02-24 20:13:10.517351
case_71,b,2025-02-24 20:18:10.517351
case_71,c,2025-02-24 20:23:10.517351
case_71,c,2025-02-24 20:28:10.517351
case_71,c,2025-02-24 20:33:10.517351
case_71,c,2025-02-24 20:38:10.517351
case_71,b,2025-02-24 20:43:10.517351
case_71,a,2025-02-24 20:48:10.517351
case_71,b,2025-02-24 20:53:10.517351
case_71,a,2025-02-24 20:58:10.517351
case_71,a,2025-02-24 21:03:10.517351
case_72,c,2025-02-24 19:28:10.517381
case_72,b,2025-02-24 19:33:10.517381
case_72,a,2025-02-24 19:38:10.517381
case_72,b,2025-02-24 19:43:10.517381
case_72,a,2025-02-24 19:48:10.517381
case_72,b,2025-02-24 19:53:10.517381
case_72,b,2025-02-24 19:58:10.517381
case_72,a,2025-02-24 20:03:10.517381
case_72,c,2025-02-24 20:08:10.517381
case_72,b,2025-02-24 20:13:10.517381
case_72,b,2025-02-24 20:18:10.517381
case_72,c,2025-02-24 20:23:10.517381
case_72,b,2025-02-24 20:28:10.517381
case_72,c,2025-02-24 20:33:10.517381
case_72,b,2025-02-24 20:38:10.517381
case_72,a,2025-02-24 20:43:10.517381
case_72,c,2025-02-24 20:48:10.517381
case_72,a,2025-02-24 20:53:10.517381
case_72,a,2025-02-24 20:58:10.517381
case_72,a,2025-02-24 21:03:10.517381
case_73,c,2025-02-24 19:28:10.517411
case_73,b,2025-02-24 19:33:10.517411
case_73,a,2025-02-24 19:38:10.517411
case_73,c,2025-02-24 19:43:10.517411
case_73,c,2025-02-24 19:48:10.517411
case_73,a,2025-02-24 19:53:10.517411
case_73,c,2025-02-24 19:58:10.517411
case_73,c,2025-02-24 20:03:10.517411
case_73,a,2025-02-24 20:08:10.517411
case_73,c,2025-02-24 20:13:10.517411
case_73,b,2025-02-24 20:18:10.517411
case_73,a,2025-02-24 20:23:10.517411
case_73,b,2025-02-24 20:28:10.517411
case_73,a,2025-02-24 20:33:10.517411
case_73,a,2025-02-24 20:38:10.517411
case_73,b,2025-02-24 20:43:10.517411
case_73,a,2025-02-24 20:48:10.517411
case_73,a,2025-02-24 20:53:10.517411
case_73,b,2025-02-24 20:58:10.517411
case_73,c,2025-02-24 21:03:10.517411
case_74,c,2025-02-24 19:28:10.517442
case_74,a,2025-02-24 19:33:10.517442
case_74,b,2025-02-24 19:38:10.517442
case_74,b,2025-02-24 19:43:10.517442
case_74,a,2025-02-24 19:48:10.517442
case_74,b,2025-02-24 19:53:10.517442
case_74,b,2025-02-24 19:58:10.517442
case_74,b,2025-02-24 20:03:10.517442
case_74,a,2025-02-24 20:08:10.517442
case_74,a,2025-02-24 20:13:10.517442
case_74,c,2025-02-24 20:18:10.517442
case_74,c,2025-02-24 20:23:10.517442
case_74,a,2025-02-24 20:28:10.517442
case_74,a,2025-02-24 20:33:10.517442
case_74,c,2025-02-24 20:38:10.517442
case_74,c,2025-02-24 20:43:10.517442
case_74,a,2025-02-24 20:48:10.517442
case_74,b,2025-02-24 20:53:10.517442
case_74,a,2025-02-24 20:58:10.517442
case_74,c,2025-02-24 21:03:10.517442
case_75,c,2025-02-24 19:28:10.517472
case_75,c,2025-02-24 19:33:10.517472
case_75,b,2025-02-24 19:38:10.517472
case_75,b,2025-02-24 19:43:10.517472
case_75,c,2025-02-24 19:48:10.517472
case_75,c,2025-02-24 19:53:10.517472
case_75,a,2025-02-24 19:58:10.517472
case_75,a,2025-02-24 20:03:10.517472
case_75,c,2025-02-24 20:08:10.517472
case_75,a,2025-02-24 20:13:10.517472
case_75,b,2025-02-24 20:18:10.517472
case_75,b,2025-02-24 20:23:10.517472
case_75,c,2025-02-24 20:28:10.517472
case_75,b,2025-02-24 20:33:10.517472
case_75,c,2025-02-24 20:38:10.517472
case_75,c,2025-02-24 20:43:10.517472
case_75,a,2025-02-24 20:48:10.517472
case_75,a,2025-02-24 20:53:10.517472
case_75,c,2025-02-24 20:58:10.517472
case_75,c,2025-02-24 21:03:10.517472
case_76,c,2025-02-24 19:28:10.517502
case_76,b,2025-02-24 19:33:10.517502
case_76,c,2025-02-24 19:38:10.517502
case_76,a,2025-02-24 19:43:10.517502
case_76,a,2025-02-24 19:48:10.517502
case_76,a,2025-02-24 19:53:10.517502
case_76,b,2025-02-24 19:58:10.517502
case_76,c,2025-02-24 20:03:10.517502
case_76,a,2025-02-24 20:08:10.517502
case_76,c,2025-02-24 20:13:10.517502
case_76,b,2025-02-24 20:18:10.517502
case_76,b,2025-02-24 20:23:10.517502
case_76,b,2025-02-24 20:28:10.517502
case_76,a,2025-02-24 20:33:10.517502
case_76,a,2025-02-24 20:38:10.517502
case_76,c,2025-02-24 20:43:10.517502
case_76,b,2025-02-24 20:48:10.517502
case_76,a,2025-02-24 20:53:10.517502
case_76,b,2025-02-24 20:58:10.517502
case_76,b,2025-02-24 21:03:10.517502
case_77,c,2025-02-24 19:28:10.517532
case_77,c,2025-02-24 19:33:10.517532
case_77,a,2025-02-24 19:38:10.517532
case_77,a,2025-02-24 19:43:10.517532
case_77,c,2025-02-24 19:48:10.517532
case_77,b,2025-02-24 19:53:10.517532
case_77,a,2025-02-24 19:58:10.517532
case_77,b,2025-02-24 20:03:10.517532
case_77,b,2025-02-24 20:08:10.517532
case_77,c,2025-02-24 20:13:10.517532
case_77,b,2025-02-24 20:18:10.517532
case_77,a,2025-02-24 20:23:10.517532
case_77,a,2025-02-24 20:28:10.517532
case_77,c,2025-02-24 20:33:10.517532
case_77,a,2025-02-24 20:38:10.517532
case_77,c,2025-02-24 20:43:10.517532
case_77,c,2025-02-24 20:48:10.517532
case_77,b,2025-02-24 20:53:10.517532
case_77,a,2025-02-24 20:58:10.517532
case_77,b,2025-02-24 21:03:10.517532
case_78,b,2025-02-24 19:28:10.517562
case_78,c,2025-02-24 19:33:10.517562
case_78,b,2025-02-24 19:38:10.517562
case_78,a,2025-02-24 19:43:10.517562
case_78,b,2025-02-24 19:48:10.517562
case_78,c,2025-02-24 19:53:10.517562
case_78,a,2025-02-24 19:58:10.517562
case_78,b,2025-02-24 20:03:10.517562
case_78,b,2025-02-24 20:08:10.517562
case_78,b,2025-02-24 20:13:10.517562
case_78,a,2025-02-24 20:18:10.517562
case_78,b,2025-02-24 20:23:10.517562
case_78,b,2025-02-24 20:28:10.517562
case_78,a,2025-02-24 20:33:10.517562
case_78,a,2025-02-24 20:38:10.517562
case_78,b,2025-02-24 20:43:10.517562
case_78,c,2025-02-24 20:48:10.517562
case_78,b,2025-02-24 20:53:10.517562
case_78,c,2025-02-24 20:58:10.517562
case_78,c,2025-02-24 21:03:10.517562
case_79,c,2025-02-24 19:28:10.517592
case_79,a,2025-02-24 19:33:10.517592
case_79,a,2025-02-24 19:38:10.517592
case_79,a,2025-02-24 19:43:10.517592
case_79,c,2025-02-24 19:48:10.517592
case_79,b,2025-02-24 19:53:10.517592
case_79,b,2025-02-24 19:58:10.517592
case_79,a,2025-02-24 20:03:10.517592
case_79,a,2025-02-24 20:08:10.517592
case_79,b,2025-02-24 20:13:10.517592
case_79,a,2025-02-24 20:18:10.517592
case_79,c,2025-02-24 20:23:10.517592
case_79,a,2025-02-24 20:28:10.517592
case_79,a,2025-02-24 20:33:10.517592
case_79,a,2025-02-24 20:38:10.517592
case_79,b,2025-02-24 20:43:10.517592
case_79,b,2025-02-24 20:48:10.517592
case_79,c,2025-02-24 20:53:10.517592
case_79,b,2025-02-24 20:58:10.517592
case_79,b,2025-02-24 21:03:10.517592
case_80,b,2025-02-24 19:28:10.517624
case_80,a,2025-02-24 19:33:10.517624
case_80,b,2025-02-24 19:38:10.517624
case_80,a,2025-02-24 19:43:10.517624
case_80,c,2025-02-24 19:48:10.517624
case_80,c,2025-02-24 19:53:10.517624
case_80,a,2025-02-24 19:58:10.517624
case_80,a,2025-02-24 20:03:10.517624
case_80,c,2025-02-24 20:08:10.517624
case_80,c,2025-02-24 20:13:10.517624
case_80,b,2025-02-24 20:18:10.517624
case_80,c,2025-02-24 20:23:10.517624
case_80,a,2025-02-24 20:28:10.517624
case_80,b,2025-02-24 20:33:10.517624
case_80,a,2025-02-24 20:38:10.517624
case_80,c,2025-02-24 20:43:10.517624
case_80,c,2025-02-24 20:48:10.517624
case_80,c,2025-02-24 20:53:10.517624
case_80,c,2025-02-24 20:58:10.517624
case_80,c,2025-02-24 21:03:10.517624
case_81,c,2025-02-24 19:28:10.517654
case_81,c,2025-02-24 19:33:10.517654
case_81,a,2025-02-24 19:38:10.517654
case_81,c,2025-02-24 19:43:10.517654
case_81,a,2025-02-24 19:48:10.517654
case_81,b,2025-02-24 19:53:10.517654
case_81,b,2025-02-24 19:58:10.517654
case_81,a,2025-02-24 20:03:10.517654
case_81,a,2025-02-24 20:08:10.517654
case_81,b,2025-02-24 20:13:10.517654
case_81,b,2025-02-24 20:18:10.517654
case_81,b,2025-02-24 20:23:10.517654
case_81,b,2025-02-24 20:28:10.517654
case_81,b,2025-02-24 20:33:10.517654
case_81,a,2025-02-24 20:38:10.517654
case_81,a,2025-02-24 20:43:10.517654
case_81,a,2025-02-24 20:48:10.517654
case_81,b,2025-02-24 20:53:10.517654
case_81,a,2025-02-24 20:58:10.517654
case_81,a,2025-02-24 21:03:10.517654
case_82,c,2025-02-24 19:28:10.517684
case_82,c,2025-02-24 19:33:10.517684
case_82,c,2025-02-24 19:38:10.517684
case_82,a,2025-02-24 19:43:10.517684
case_82,a,2025-02-24 19:48:10.517684
case_82,a,2025-02-24 19:53:10.517684
case_82,c,2025-02-24 19:58:10.517684
case_82,b,2025-02-24 20:03:10.517684
case_82,c,2025-02-24 20:08:10.517684
case_82,a,2025-02-24 20:13:10.517684
case_82,b,2025-02-24 20:18:10.517684
case_82,c,2025-02-24 20:23:10.517684
case_82,c,2025-02-24 20:28:10.517684
case_82,a,2025-02-24 20:33:10.517684
case_82,a,2025-02-24 20:38:10.517684
case_82,b,2025-02-24 20:43:10.517684
case_82,b,2025-02-24 20:48:10.517684
case_82,c,2025-02-24 20:53:10.517684
case_82,a,2025-02-24 20:58:10.517684
case_82,b,2025-02-24 21:03:10.517684
case_83,b,2025-02-24 19:28:10.517715
case_83,b,2025-02-24 19:33:10.517715
case_83,a,2025-02-24 19:38:10.517715
case_83,c,2025-02-24 19:43:10.517715
case_83,a,2025-02-24 19:48:10.517715
case_83,b,2025-02-24 19:53:10.517715
case_83,a,2025-02-24 19:58:10.517715
case_83,a,2025-02-24 20:03:10.517715
case_83,b,2025-02-24 20:08:10.517715
case_83,c,2025-02-24 20:13:10.517715
case_83,c,2025-02-24 20:18:10.517715
case_83,b,2025-02-24 20:23:10.517715
case_83,a,2025-02-24 20:28:10.517715
case_83,b,2025-02-24 20:33:10.517715
case_83,a,2025-02-24 20:38:10.517715
case_83,b,2025-02-24 20:43:10.517715
case_83,c,2025-02-24 20:48:10.517715
case_83,c,2025-02-24 20:53:10.517715
case_83,a,2025-02-24 20:58:10.517715
case_83,a,2025-02-24 21:03:10.517715
case_84,b,2025-02-24 19:28:10.517745
case_84,c,2025-02-24 19:33:10.517745
case_84,b,2025-02-24 19:38:10.517745
case_84,b,2025-02-24 19:43:10.517745
case_84,a,2025-02-24 19:48:10.517745
case_84,c,2025-02-24 19:53:10.517745
case_84,a,2025-02-24 19:58:10.517745
case_84,b,2025-02-24 20:03:10.517745
case_84,c,2025-02-24 20:08:10.517745
case_84,c,2025-02-24 20:13:10.517745
case_84,c,2025-02-24 20:18:10.517745
case_84,c,2025-02-24 20:23:10.517745
case_84,a,2025-02-24 20:28:10.517745
case_84,b,2025-02-24 20:33:10.517745
case_84,a,2025-02-24 20:38:10.517745
case_84,c,2025-02-24 20:43:10.517745
case_84,a,2025-02-24 20:48:10.517745
case_84,c,2025-02-24 20:53:10.517745
case_84,a,2025-02-24 20:58:10.517745
case_84,a,2025-02-24 21:03:10.517745
case_85,c,2025-02-24 19:28:10.517775
case_85,a,2025-02-24 19:33:10.517775
case_85,a,2025-02-24 19:38:10.517775
case_85,c,2025-02-24 19:43:10.517775
case_85,c,2025-02-24 19:48:10.517775
case_85,b,2025-02-24 19:53:10.517775
case_85,b,2025-02-24 19:58:10.517775
case_85,c,2025-02-24 20:03:10.517775
case_85,b,2025-02-24 20:08:10.517775
case_85,b,2025-02-24 20:13:10.517775
case_85,c,2025-02-24 20:18:10.517775
case_85,a,2025-02-24 20:23:10.517775
case_85,b,2025-02-24 20:28:10.517775
case_85,a,2025-02-24 20:33:10.517775
case_85,b,2025-02-24 20:38:10.517775
case_85,a,2025-02-24 20:43:10.517775
case_85,a,2025-02-24 20:48:10.517775
case_85,c,2025-02-24 20:53:10.517775
case_85,b,2025-02-24 20:58:10.517775
case_85,c,2025-02-24 21:03:10.517775
case_86,c,2025-02-24 19:28:10.517805
case_86,c,2025-02-24 19:33:10.517805
case_86,a,2025-02-24 19:38:10.517805
case_86,b,2025-02-24 19:43:10.517805
case_86,c,2025-02-24 19:48:10.517805
case_86,c,2025-02-24 19:53:10.517805
case_86,a,2025-02-24 19:58:10.517805
case_86,b,2025-02-24 20:03:10.517805
case_86,a,2025-02-24 20:08:10.517805
case_86,a,2025-02-24 20:13:10.517805
case_86,b,2025-02-24 20:18:10.517805
case_86,b,2025-02-24 20:23:10.517805
case_86,a,2025-02-24 20:28:10.517805
case_86,b,2025-02-24 20:33:10.517805
case_86,a,2025-02-24 20:38:10.517805
case_86,c,2025-02-24 20:43:10.517805
case_86,b,2025-02-24 20:48:10.517805
case_86,b,2025-02-24 20:53:10.517805
case_86,a,2025-02-24 20:58:10.517805
case_86,a,2025-02-24 21:03:10.517805
case_87,c,2025-02-24 19:28:10.517835
case_87,a,2025-02-24 19:33:10.517835
case_87,b,2025-02-24 19:38:10.517835
case_87,b,2025-02-24 19:43:10.517835
case_87,a,2025-02-24 19:48:10.517835
case_87,c,2025-02-24 19:53:10.517835
case_87,c,2025-02-24 19:58:10.517835
case_87,b,2025-02-24 20:03:10.517835
case_87,c,2025-02-24 20:08:10.517835
case_87,a,2025-02-24 20:13:10.517835
case_87,c,2025-02-24 20:18:10.517835
case_87,c,2025-02-24 20:23:10.517835
case_87,a,2025-02-24 20:28:10.517835
case_87,b,2025-02-24 20:33:10.517835
case_87,a,2025-02-24 20:38:10.517835
case_87,b,2025-02-24 20:43:10.517835
case_87,b,2025-02-24 20:48:10.517835
case_87,a,2025-02-24 20:53:10.517835
case_87,a,2025-02-24 20:58:10.517835
case_87,c,2025-02-24 21:03:10.517835
case_88,b,2025-02-24 19:28:10.517865
case_88,a,2025-02-24 19:33:10.517865
case_88,c,2025-02-24 19:38:10.517865
case_88,a,2025-02-24 19:43:10.517865
case_88,a,2025-02-24 19:48:10.517865
case_88,c,2025-02-24 19:53:10.517865
case_88,b,2025-02-24 19:58:10.517865
case_88,c,2025-02-24 20:03:10.517865
case_88,b,2025-02-24 20:08:10.517865
case_88,b,2025-02-24 20:13:10.517865
case_88,a,2025-02-24 20:18:10.517865
case_88,b,2025-02-24 20:23:10.517865
case_88,c,2025-02-24 20:28:10.517865
case_88,b,2025-02-24 20:33:10.517865
case_88,b,2025-02-24 20:38:10.517865
case_88,b,2025-02-24 20:43:10.517865
case_88,c,2025-02-24 20:48:10.517865
case_88,b,2025-02-24 20:53:10.517865
case_88,b,2025-02-24 20:58:10.517865
case_88,c,2025-02-24 21:03:10.517865
case_89,b,2025-02-24 19:28:10.517896
case_89,a,2025-02-24 19:33:10.517896
case_89,a,2025-02-24 19:38:10.517896
case_89,a,2025-02-24 19:43:10.517896
case_89,a,2025-02-24 19:48:10.517896
case_89,c,2025-02-24 19:53:10.517896
case_89,a,2025-02-24 19:58:10.517896
case_89,a,2025-02-24 20:03:10.517896
case_89,b,2025-02-24 20:08:10.517896
case_89,a,2025-02-24 20:13:10.517896
case_89,a,2025-02-24 20:18:10.517896
case_89,c,2025-02-24 20:23:10.517896
case_89,c,2025-02-24 20:28:10.517896
case_89,c,2025-02-24 20:33:10.517896
case_89,b,2025-02-24 20:38:10.517896
case_89,b,2025-02-24 20:43:10.517896
case_89,c,2025-02-24 20:48:10.517896
case_89,a,2025-02-24 20:53:10.517896
case_89,a,2025-02-24 20:58:10.517896
case_89,a,2025-02-24 21:03:10.517896
case_90,c,2025-02-24 19:28:10.517926
case_90,b,2025-02-24 19:33:10.517926
case_90,c,2025-02-24 19:38:10.517926
case_90,a,2025-02-24 19:43:10.517926
case_90,c,2025-02-24 19:48:10.517926
case_90,c,2025-02-24 19:53:10.517926
case_90,b,2025-02-24 19:58:10.517926
case_90,c,2025-02-24 20:03:10.517926
case_90,a,2025-02-24 20:08:10.517926
case_90,c,2025-02-24 20:13:10.517926
case_90,c,2025-02-24 20:18:10.517926
case_90,c,2025-02-24 20:23:10.517926
case_90,a,2025-02-24 20:28:10.517926
case_90,b,2025-02-24 20:33:10.517926
case_90,c,2025-02-24 20:38:10.517926
case_90,b,2025-02-24 20:43:10.517926
case_90,a,2025-02-24 20:48:10.517926
case_90,a,2025-02-24 20:53:10.517926
case_90,b,2025-02-24 20:58:10.517926
case_90,a,2025-02-24 21:03:10.517926
case_91,c,2025-02-24 19:28:10.517957
case_91,a,2025-02-24 19:33:10.517957
case_91,b,2025-02-24 19:38:10.517957
case_91,b,2025-02-24 19:43:10.517957
case_91,a,2025-02-24 19:48:10.517957
case_91,b,2025-02-24 19:53:10.517957
case_91,b,2025-02-24 19:58:10.517957
case_91,c,2025-02-24 20:03:10.517957
case_91,c,2025-02-24 20:08:10.517957
case_91,b,2025-02-24 20:13:10.517957
case_91,b,2025-02-24 20:18:10.517957
case_91,b,2025-02-24 20:23:10.517957
case_91,b,2025-02-24 20:28:10.517957
case_91,c,2025-02-24 20:33:10.517957
case_91,a,2025-02-24 20:38:10.517957
case_91,a,2025-02-24 20:43:10.517957
case_91,c,2025-02-24 20:48:10.517957
case_91,b,2025-02-24 20:53:10.517957
case_91,b,2025-02-24 20:58:10.517957
case_91,a,2025-02-24 21:03:10.517957
case_92,b,2025-02-24 19:28:10.517987
case_92,a,2025-02-24 19:33:10.517987
case_92,a,2025-02-24 19:38:10.517987
case_92,a,2025-02-24 19:43:10.517987
case_92,b,2025-02-24 19:48:10.517987
case_92,c,2025-02-24 19:53:10.517987
case_92,b,2025-02-24 19:58:10.517987
case_92,b,2025-02-24 20:03:10.517987
case_92,c,2025-02-24 20:08:10.517987
case_92,a,2025-02-24 20:13:10.517987
case_92,a,2025-02-24 20:18:10.517987
case_92,a,2025-02-24 20:23:10.517987
case_92,c,2025-02-24 20:28:10.517987
case_92,a,2025-02-24 20:33:10.517987
case_92,b,2025-02-24 20:38:10.517987
case_92,a,2025-02-24 20:43:10.517987
case_92,c,2025-02-24 20:48:10.517987
case_92,b,2025-02-24 20:53:10.517987
case_92,c,2025-02-24 20:58:10.517987
case_92,a,2025-02-24 21:03:10.517987
case_93,c,2025-02-24 19:28:10.518017
case_93,a,2025-02-24 19:33:10.518017
case_93,c,2025-02-24 19:38:10.518017
case_93,a,2025-02-24 19:43:10.518017
case_93,b,2025-02-24 19:48:10.518017
case_93,a,2025-02-24 19:53:10.518017
case_93,c,2025-02-24 19:58:10.518017
case_93,c,2025-02-24 20:03:10.518017
case_93,b,2025-02-24 20:08:10.518017
case_93,c,2025-02-24 20:13:10.518017
case_93,a,2025-02-24 20:18:10.518017
case_93,b,2025-02-24 20:23:10.518017
case_93,a,2025-02-24 20:28:10.518017
case_93,b,2025-02-24 20:33:10.518017
case_93,c,2025-02-24 20:38:10.518017
case_93,b,2025-02-24 20:43:10.518017
case_93,a,2025-02-24 20:48:10.518017
case_93,b,2025-02-24 20:53:10.518017
case_93,a,2025-02-24 20:58:10.518017
case_93,a,2025-02-24 21:03:10.518017
case_94,c,2025-02-24 19:28:10.518047
case_94,c,2025-02-24 19:33:10.518047
case_94,a,2025-02-24 19:38:10.518047
case_94,b,2025-02-24 19:43:10.518047
case_94,b,2025-02-24 19:48:10.518047
case_94,a,2025-02-24 19:53:10.518047
case_94,c,2025-02-24 19:58:10.518047
case_94,c,2025-02-24 20:03:10.518047
case_94,b,2025-02-24 20:08:10.518047
case_94,c,2025-02-24 20:13:10.518047
case_94,a,2025-02-24 20:18:10.518047
case_94,c,2025-02-24 20:23:10.518047
case_94,a,2025-02-24 20:28:10.518047
case_94,a,2025-02-24 20:33:10.518047
case_94,c,2025-02-24 20:38:10.518047
case_94,c,2025-02-24 20:43:10.518047
case_94,b,2025-02-24 20:48:10.518047
case_94,a,2025-02-24 20:53:10.518047
case_94,a,2025-02-24 20:58:10.518047
case_94,a,2025-02-24 21:03:10.518047
case_95,b,2025-02-24 19:28:10.518078
case_95,b,2025-02-24 19:33:10.518078
case_95,a,2025-02-24 19:38:10.518078
case_95,c,2025-02-24 19:43:10.518078
case_95,a,2025-02-24 19:48:10.518078
case_95,a,2025-02-24 19:53:10.518078
case_95,a,2025-02-24 19:58:10.518078
case_95,c,2025-02-24 20:03:10.518078
case_95,a,2025-02-24 20:08:10.518078
case_95,a,2025-02-24 20:13:10.518078
case_95,a,2025-02-24 20:18:10.518078
case_95,c,2025-02-24 20:23:10.518078
case_95,a,2025-02-24 20:28:10.518078
case_95,c,2025-02-24 20:33:10.518078
case_95,c,2025-02-24 20:38:10.518078
case_95,b,2025-02-24 20:43:10.518078
case_95,a,2025-02-24 20:48:10.518078
case_95,b,2025-02-24 20:53:10.518078
case_95,b,2025-02-24 20:58:10.518078
case_95,c,2025-02-24 21:03:10.518078
case_96,c,2025-02-24 19:28:10.518108
case_96,a,2025-02-24 19:33:10.518108
case_96,c,2025-02-24 19:38:10.518108
case_96,b,2025-02-24 19:43:10.518108
case_96,b,2025-02-24 19:48:10.518108
case_96,a,2025-02-24 19:53:10.518108
case_96,c,2025-02-24 19:58:10.518108
case_96,c,2025-02-24 20:03:10.518108
case_96,c,2025-02-24 20:08:10.518108
case_96,b,2025-02-24 20:13:10.518108
case_96,a,2025-02-24 20:18:10.518108
case_96,a,2025-02-24 20:23:10.518108
case_96,c,2025-02-24 20:28:10.518108
case_96,a,2025-02-24 20:33:10.518108
case_96,c,2025-02-24 20:38:10.518108
case_96,a,2025-02-24 20:43:10.518108
case_96,a,2025-02-24 20:48:10.518108
case_96,c,2025-02-24 20:53:10.518108
case_96,a,2025-02-24 20:58:10.518108
case_96,c,2025-02-24 21:03:10.518108
case_97,b,2025-02-24 19:28:10.518138
case_97,b,2025-02-24 19:33:10.518138
case_97,c,2025-02-24 19:38:10.518138
case_97,c,2025-02-24 19:43:10.518138
case_97,c,2025-02-24 19:48:10.518138
case_97,a,2025-02-24 19:53:10.518138
case_97,a,2025-02-24 19:58:10.518138
case_97,c,2025-02-24 20:03:10.518138
case_97,c,2025-02-24 20:08:10.518138
case_97,b,2025-02-24 20:13:10.518138
case_97,b,2025-02-24 20:18:10.518138
case_97,c,2025-02-24 20:23:10.518138
case_97,c,2025-02-24 20:28:10.518138
case_97,c,2025-02-24 20:33:10.518138
case_97,c,2025-02-24 20:38:10.518138
case_97,a,2025-02-24 20:43:10.518138
case_97,b,2025-02-24 20:48:10.518138
case_97,b,2025-02-24 20:53:10.518138
case_97,b,2025-02-24 20:58:10.518138
case_97,a,2025-02-24 21:03:10.518138
case_98,c,2025-02-24 19:28:10.518168
case_98,c,2025-02-24 19:33:10.518168
case_98,b,2025-02-24 19:38:10.518168
case_98,c,2025-02-24 19:43:10.518168
case_98,a,2025-02-24 19:48:10.518168
case_98,b,2025-02-24 19:53:10.518168
case_98,a,2025-02-24 19:58:10.518168
case_98,a,2025-02-24 20:03:10.518168
case_98,b,2025-02-24 20:08:10.518168
case_98,b,2025-02-24 20:13:10.518168
case_98,b,2025-02-24 20:18:10.518168
case_98,b,2025-02-24 20:23:10.518168
case_98,a,2025-02-24 20:28:10.518168
case_98,a,2025-02-24 20:33:10.518168
case_98,c,2025-02-24 20:38:10.518168
case_98,c,2025-02-24 20:43:10.518168
case_98,c,2025-02-24 20:48:10.518168
case_98,c,2025-02-24 20:53:10.518168
case_98,c,2025-02-24 20:58:10.518168
case_98,a,2025-02-24 21:03:10.518168
case_99,c,2025-02-24 19:28:10.518199
case_99,c,2025-02-24 19:33:10.518199
case_99,a,2025-02-24 19:38:10.518199
case_99,b,2025-02-24 19:43:10.518199
case_99,b,2025-02-24 19:48:10.518199
case_99,b,2025-02-24 19:53:10.518199
case_99,c,2025-02-24 19:58:10.518199
case_99,c,2025-02-24 20:03:10.518199
case_99,b,2025-02-24 20:08:10.518199
case_99,a,2025-02-24 20:13:10.518199
case_99,a,2025-02-24 20:18:10.518199
case_99,b,2025-02-24 20:23:10.518199
case_99,c,2025-02-24 20:28:10.518199
case_99,a,2025-02-24 20:33:10.518199
case_99,b,2025-02-24 20:38:10.518199
case_99,b,2025-02-24 20:43:10.518199
case_99,b,2025-02-24 20:48:10.518199
case_99,c,2025-02-24 20:53:10.518199
case_99,c,2025-02-24 20:58:10.518199
case_99,a,2025-02-24 21:03:10.518199
case_100,c,2025-02-24 19:28:10.518230
case_100,a,2025-02-24 19:33:10.518230
case_100,a,2025-02-24 19:38:10.518230
case_100,b,2025-02-24 19:43:10.518230
case_100,b,2025-02-24 19:48:10.518230
case_100,c,2025-02-24 19:53:10.518230
case_100,c,2025-02-24 19:58:10.518230
case_100,b,2025-02-24 20:03:10.518230
case_100,b,2025-02-24 20:08:10.518230
case_100,c,2025-02-24 20:13:10.518230
case_100,a,2025-02-24 20:18:10.518230
case_100,b,2025-02-24 20:23:10.518230
case_100,c,2025-02-24 20:28:10.518230
case_100,a,2025-02-24 20:33:10.518230
case_100,c,2025-02-24 20:38:10.518230
case_100,b,2025-02-24 20:43:10.518230
case_100,a,2025-02-24 20:48:10.518230
case_100,c,2025-02-24 20:53:10.518230
case_100,b,2025-02-24 20:58:10.518230
case_100,a,2025-02-24 21:03:10.518230
case_101,b,2025-02-24 19:28:10.518262
case_101,c,2025-02-24 19:33:10.518262
case_101,c,2025-02-24 19:38:10.518262
case_101,c,2025-02-24 19:43:10.518262
case_101,a,2025-02-24 19:48:10.518262
case_101,a,2025-02-24 19:53:10.518262
case_101,b,2025-02-24 19:58:10.518262
case_101,b,2025-02-24 20:03:10.518262
case_101,b,2025-02-24 20:08:10.518262
case_101,c,2025-02-24 20:13:10.518262
case_101,b,2025-02-24 20:18:10.518262
case_101,b,2025-02-24 20:23:10.518262
case_101,a,2025-02-24 20:28:10.518262
case_101,a,2025-02-24 20:33:10.518262
case_101,a,2025-02-24 20:38:10.518262
case_101,a,2025-02-24 20:43:10.518262
case_101,c,2025-02-24 20:48:10.518262
case_101,c,2025-02-24 20:53:10.518262
case_101,a,2025-02-24 20:58:10.518262
case_101,a,2025-02-24 21:03:10.518262
case_102,b,2025-02-24 19:28:10.518292
case_102,a,2025-02-24 19:33:10.518292
case_102,b,2025-02-24 19:38:10.518292
case_102,c,2025-02-24 19:43:10.518292
case_102,a,2025-02-24 19:48:10.518292
case_102,c,2025-02-24 19:53:10.518292
case_102,c,2025-02-24 19:58:10.518292
case_102,a,2025-02-24 20:03:10.518292
case_102,a,2025-02-24 20:08:10.518292
case_102,c,2025-02-24 20:13:10.518292
case_102,c,2025-02-24 20:18:10.518292
case_102,b,2025-02-24 20:23:10.518292
case_102,a,2025-02-24 20:28:10.518292
case_102,b,2025-02-24 20:33:10.518292
case_102,c,2025-02-24 20:38:10.518292
case_102,c,2025-02-24 20:43:10.518292
case_102,c,2025-02-24 20:48:10.518292
case_102,a,2025-02-24 20:53:10.518292
case_102,b,2025-02-24 20:58:10.518292
case_102,a,2025-02-24 21:03:10.518292
case_103,c,2025-02-24 19:28:10.518324
case_103,a,2025-02-24 19:33:10.518324
case_103,c,2025-02-24 19:38:10.518324
case_103,a,2025-02-24 19:43:10.518324
case_103,c,2025-02-24 19:48:10.518324
case_103,a,2025-02-24 19:53:10.518324
case_103,c,2025-02-24 19:58:10.518324
case_103,c,2025-02-24 20:03:10.518324
case_103,a,2025-02-24 20:08:10.518324
case_103,b,2025-02-24 20:13:10.518324
case_103,b,2025-02-24 20:18:10.518324
case_103,b,2025-02-24 20:23:10.518324
case_103,c,2025-02-24 20:28:10.518324
case_103,a,2025-02-24 20:33:10.518324
case_103,b,2025-02-24 20:38:10.518324
case_103,c,2025-02-24 20:43:10.518324
case_103,b,2025-02-24 20:48:10.518324
case_103,a,2025-02-24 20:53:10.518324
case_103,a,2025-02-24 20:58:10.518324
case_103,b,2025-02-24 21:03:10.518324
case_104,b,2025-02-24 19:28:10.518354
case_104,c,2025-02-24 19:33:10.518354
case_104,a,2025-02-24 19:38:10.518354
case_104,a,2025-02-24 19:43:10.518354
case_104,a,2025-02-24 19:48:10.518354
case_104,a,2025-02-24 19:53:10.518354
case_104,c,2025-02-24 19:58:10.518354
case_104,b,2025-02-24 20:03:10.518354
case_104,a,2025-02-24 20:08:10.518354
case_104,c,2025-02-24 20:13:10.518354
case_104,a,2025-02-24 20:18:10.518354
case_104,b,2025-02-24 20:23:10.518354
case_104,a,2025-02-24 20:28:10.518354
case_104,b,2025-02-24 20:33:10.518354
case_104,c,2025-02-24 20:38:10.518354
case_104,c,2025-02-24 20:43:10.518354
case_104,c,2025-02-24 20:48:10.518354
case_104,c,2025-02-24 20:53:10.518354
case_104,c,2025-02-24 20:58:10.518354
case_104,a,2025-02-24 21:03:10.518354
case_105,b,2025-02-24 19:28:10.518384
case_105,b,2025-02-24 19:33:10.518384
case_105,c,2025-02-24 19:38:10.518384
case_105,c,2025-02-24 19:43:10.518384
case_105,c,2025-02-24 19:48:10.518384
case_105,c,2025-02-24 19:53:10.518384
case_105,c,2025-02-24 19:58:10.518384
case_105,b,2025-02-24 20:03:10.518384
case_105,c,2025-02-24 20:08:10.518384
case_105,b,2025-02-24 20:13:10.518384
case_105,b,2025-02-24 20:18:10.518384
case_105,c,2025-02-24 20:23:10.518384
case_105,a,2025-02-24 20:28:10.518384
case_105,b,2025-02-24 20:33:10.518384
case_105,a,2025-02-24 20:38:10.518384
case_105,b,2025-02-24 20:43:10.518384
case_105,c,2025-02-24 20:48:10.518384
case_105,c,2025-02-24 20:53:10.518384
case_105,a,2025-02-24 20:58:10.518384
case_105,a,2025-02-24 21:03:10.518384
case_106,c,2025-02-24 19:28:10.518414
case_106,a,2025-02-24 19:33:10.518414
case_106,b,2025-02-24 19:38:10.518414
case_106,a,2025-02-24 19:43:10.518414
case_106,a,2025-02-24 19:48:10.518414
case_106,b,2025-02-24 19:53:10.518414
case_106,a,2025-02-24 19:58:10.518414
case_106,c,2025-02-24 20:03:10.518414
case_106,c,2025-02-24 20:08:10.518414
case_106,a,2025-02-24 20:13:10.518414
case_106,b,2025-02-24 20:18:10.518414
case_106,c,2025-02-24 20:23:10.518414
case_106,b,2025-02-24 20:28:10.518414
case_106,b,2025-02-24 20:33:10.518414
case_106,b,2025-02-24 20:38:10.518414
case_106,a,2025-02-24 20:43:10.518414
case_106,c,2025-02-24 20:48:10.518414
case_106,c,2025-02-24 20:53:10.518414
case_106,a,2025-02-24 20:58:10.518414
case_106,c,2025-02-24 21:03:10.518414
case_107,c,2025-02-24 19:28:10.518444
case_107,c,2025-02-24 19:33:10.518444
case_107,a,2025-02-24 19:38:10.518444
case_107,b,2025-02-24 19:43:10.518444
case_107,c,2025-02-24 19:48:10.518444
case_107,b,2025-02-24 19:53:10.518444
case_107,a,2025-02-24 19:58:10.518444
case_107,a,2025-02-24 20:03:10.518444
case_107,b,2025-02-24 20:08:10.518444
case_107,c,2025-02-24 20:13:10.518444
case_107,c,2025-02-24 20:18:10.518444
case_107,b,2025-02-24 20:23:10.518444
case_107,b,2025-02-24 20:28:10.518444
case_107,a,2025-02-24 20:33:10.518444
case_107,a,2025-02-24 20:38:10.518444
case_107,c,2025-02-24 20:43:10.518444
case_107,b,2025-02-24 20:48:10.518444
case_107,a,2025-02-24 20:53:10.518444
case_107,c,2025-02-24 20:58:10.518444
case_107,a,2025-02-24 21:03:10.518444
case_108,c,2025-02-24 19:28:10.518473
case_108,c,2025-02-24 19:33:10.518473
case_108,c,2025-02-24 19:38:10.518473
case_108,b,2025-02-24 19:43:10.518473
case_108,c,2025-02-24 19:48:10.518473
case_108,b,2025-02-24 19:53:10.518473
case_108,c,2025-02-24 19:58:10.518473
case_108,b,2025-02-24 20:03:10.518473
case_108,b,2025-02-24 20:08:10.518473
case_108,b,2025-02-24 20:13:10.518473
case_108,c,2025-02-24 20:18:10.518473
case_108,b,2025-02-24 20:23:10.518473
case_108,b,2025-02-24 20:28:10.518473
case_108,b,2025-02-24 20:33:10.518473
case_108,a,2025-02-24 20:38:10.518473
case_108,b,2025-02-24 20:43:10.518473
case_108,c,2025-02-24 20:48:10.518473
case_108,c,2025-02-24 20:53:10.518473
case_108,a,2025-02-24 20:58:10.518473
case_108,a,2025-02-24 21:03:10.518473
case_109,b,2025-02-24 19:28:10.518503
case_109,a,2025-02-24 19:33:10.518503
case_109,c,2025-02-24 19:38:10.518503
case_109,c,2025-02-24 19:43:10.518503
case_109,b,2025-02-24 19:48:10.518503
case_109,c,2025-02-24 19:53:10.518503
case_109,b,2025-02-24 19:58:10.518503
case_109,b,2025-02-24 20:03:10.518503
case_109,b,2025-02-24 20:08:10.518503
case_109,b,2025-02-24 20:13:10.518503
case_109,b,2025-02-24 20:18:10.518503
case_109,a,2025-02-24 20:23:10.518503
case_109,c,2025-02-24 20:28:10.518503
case_109,a,2025-02-24 20:33:10.518503
case_109,c,2025-02-24 20:38:10.518503
case_109,a,2025-02-24 20:43:10.518503
case_109,a,2025-02-24 20:48:10.518503
case_109,b,2025-02-24 20:53:10.518503
case_109,b,2025-02-24 20:58:10.518503
case_109,a,2025-02-24 21:03:10.518503
case_110,c,2025-02-24 19:28:10.518533
case_110,b,2025-02-24 19:33:10.518533
case_110,c,2025-02-24 19:38:10.518533
case_110,a,2025-02-24 19:43:10.518533
case_110,a,2025-02-24 19:48:10.518533
case_110,c,2025-02-24 19:53:10.518533
case_110,b,2025-02-24 19:58:10.518533
case_110,c,2025-02-24 20:03:10.518533
case_110,c,2025-02-24 20:08:10.518533
case_110,a,2025-02-24 20:13:10.518533
case_110,a,2025-02-24 20:18:10.518533
case_110,b,2025-02-24 20:23:10.518533
case_110,b,2025-02-24 20:28:10.518533
case_110,a,2025-02-24 20:33:10.518533
case_110,c,2025-02-24 20:38:10.518533
case_110,a,2025-02-24 20:43:10.518533
case_110,c,2025-02-24 20:48:10.518533
case_110,a,2025-02-24 20:53:10.518533
case_110,b,2025-02-24 20:58:10.518533
case_110,b,2025-02-24 21:03:10.518533
case_111,c,2025-02-24 19:28:10.518562
case_111,c,2025-02-24 19:33:10.518562
case_111,a,2025-02-24 19:38:10.518562
case_111,c,2025-02-24 19:43:10.518562
case_111,c,2025-02-24 19:48:10.518562
case_111,a,2025-02-24 19:53:10.518562
case_111,c,2025-02-24 19:58:10.518562
case_111,c,2025-02-24 20:03:10.518562
case_111,a,2025-02-24 20:08:10.518562
case_111,c,2025-02-24 20:13:10.518562
case_111,c,2025-02-24 20:18:10.518562
case_111,c,2025-02-24 20:23:10.518562
case_111,a,2025-02-24 20:28:10.518562
case_111,c,2025-02-24 20:33:10.518562
case_111,c,2025-02-24 20:38:10.518562
case_111,b,2025-02-24 20:43:10.518562
case_111,c,2025-02-24 20:48:10.518562
case_111,a,2025-02-24 20:53:10.518562
case_111,a,2025-02-24 20:58:10.518562
case_111,b,2025-02-24 21:03:10.518562
case_112,b,2025-02-24 19:28:10.518592
case_112,b,2025-02-24 19:33:10.518592
case_112,c,2025-02-24 19:38:10.518592
case_112,c,2025-02-24 19:43:10.518592
case_112,c,2025-02-24 19:48:10.518592
case_112,b,2025-02-24 19:53:10.518592
case_112,c,2025-02-24 19:58:10.518592
case_112,a,2025-02-24 20:03:10.518592
case_112,b,2025-02-24 20:08:10.518592
case_112,c,2025-02-24 20:13:10.518592
case_112,b,2025-02-24 20:18:10.518592
case_112,c,2025-02-24 20:23:10.518592
case_112,b,2025-02-24 20:28:10.518592
case_112,c,2025-02-24 20:33:10.518592
case_112,b,2025-02-24 20:38:10.518592
case_112,c,2025-02-24 20:43:10.518592
case_112,a,2025-02-24 20:48:10.518592
case_112,c,2025-02-24 20:53:10.518592
case_112,a,2025-02-24 20:58:10.518592
case_112,a,2025-02-24 21:03:10.518592
case_113,c,2025-02-24 19:28:10.518622
case_113,c,2025-02-24 19:33:10.518622
case_113,c,2025-02-24 19:38:10.518622
case_113,c,2025-02-24 19:43:10.518622
case_113,c,2025-02-24 19:48:10.518622
case_113,c,2025-02-24 19:53:10.518622
case_113,a,2025-02-24 19:58:10.518622
case_113,b,2025-02-24 20:03:10.518622
case_113,a,2025-02-24 20:08:10.518622
case_113,c,2025-02-24 20:13:10.518622
case_113,c,2025-02-24 20:18:10.518622
case_113,b,2025-02-24 20:23:10.518622
case_113,c,2025-02-24 20:28:10.518622
case_113,c,2025-02-24 20:33:10.518622
case_113,a,2025-02-24 20:38:10.518622
case_113,b,2025-02-24 20:43:10.518622
case_113,b,2025-02-24 20:48:10.518622
case_113,a,2025-02-24 20:53:10.518622
case_113,a,2025-02-24 20:58:10.518622
case_113,c,2025-02-24 21:03:10.518622
case_114,b,2025-02-24 19:28:10.518653
case_114,a,2025-02-24 19:33:10.518653
case_114,c,2025-02-24 19:38:10.518653
case_114,a,2025-02-24 19:43:10.518653
case_114,c,2025-02-24 19:48:10.518653
case_114,a,2025-02-24 19:53:10.518653
case_114,c,2025-02-24 19:58:10.518653
case_114,a,2025-02-24 20:03:10.518653
case_114,a,2025-02-24 20:08:10.518653
case_114,c,2025-02-24 20:13:10.518653
case_114,a,2025-02-24 20:18:10.518653
case_114,a,2025-02-24 20:23:10.518653
case_114,b,2025-02-24 20:28:10.518653
case_114,a,2025-02-24 20:33:10.518653
case_114,b,2025-02-24 20:38:10.518653
case_114,b,2025-02-24 20:43:10.518653
case_114,c,2025-02-24 20:48:10.518653
case_114,c,2025-02-24 20:53:10.518653
case_114,a,2025-02-24 20:58:10.518653
case_114,b,2025-02-24 21:03:10.518653
case_115,b,2025-02-24 19:28:10.518683
case_115,b,2025-02-24 19:33:10.518683
case_115,a,2025-02-24 19:38:10.518683
case_115,c,2025-02-24 19:43:10.518683
case_115,c,2025-02-24 19:48:10.518683
case_115,a,2025-02-24 19:53:10.518683
case_115,b,2025-02-24 19:58:10.518683
case_115,a,2025-02-24 20:03:10.518683
case_115,a,2025-02-24 20:08:10.518683
case_115,a,2025-02-24 20:13:10.518683
case_115,a,2025-02-24 20:18:10.518683
case_115,b,2025-02-24 20:23:10.518683
case_115,a,2025-02-24 20:28:10.518683
case_115,a,2025-02-24 20:33:10.518683
case_115,b,2025-02-24 20:38:10.518683
case_115,a,2025-02-24 20:43:10.518683
case_115,a,2025-02-24 20:48:10.518683
case_115,a,2025-02-24 20:53:10.518683
case_115,a,2025-02-24 20:58:10.518683
case_115,a,2025-02-24 21:03:10.518683
case_116,b,2025-02-24 19:28:10.518713
case_116,b,2025-02-24 19:33:10.518713
case_116,c,2025-02-24 19:38:10.518713
case_116,b,2025-02-24 19:43:10.518713
case_116,c,2025-02-24 19:48:10.518713
case_116,b,2025-02-24 19:53:10.518713
case_116,b,2025-02-24 19:58:10.518713
case_116,a,2025-02-24 20:03:10.518713
case_116,a,2025-02-24 20:08:10.518713
case_116,a,2025-02-24 20:13:10.518713
case_116,a,2025-02-24 20:18:10.518713
case_116,a,2025-02-24 20:23:10.518713
case_116,b,2025-02-24 20:28:10.518713
case_116,b,2025-02-24 20:33:10.518713
case_116,a,2025-02-24 20:38:10.518713
case_116,c,2025-02-24 20:43:10.518713
case_116,a,2025-02-24 20:48:10.518713
case_116,c,2025-02-24 20:53:10.518713
case_116,a,2025-02-24 20:58:10.518713
case_116,c,2025-02-24 21:03:10.518713
case_117,c,2025-02-24 19:28:10.518743
case_117,b,2025-02-24 19:33:10.518743
case_117,b,2025-02-24 19:38:10.518743
case_117,a,2025-02-24 19:43:10.518743
case_117,c,2025-02-24 19:48:10.518743
case_117,c,2025-02-24 19:53:10.518743
case_117,c,2025-02-24 19:58:10.518743
case_117,a,2025-02-24 20:03:10.518743
case_117,b,2025-02-24 20:08:10.518743
case_117,c,2025-02-24 20:13:10.518743
case_117,b,2025-02-24 20:18:10.518743
case_117,a,2025-02-24 20:23:10.518743
case_117,c,2025-02-24 20:28:10.518743
case_117,a,2025-02-24 20:33:10.518743
case_117,c,2025-02-24 20:38:10.518743
case_117,c,2025-02-24 20:43:10.518743
case_117,b,2025-02-24 20:48:10.518743
case_117,a,2025-02-24 20:53:10.518743
case_117,a,2025-02-24 20:58:10.518743
case_117,b,2025-02-24 21:03:10.518743
case_118,b,2025-02-24 19:28:10.518772
case_118,c,2025-02-24 19:33:10.518772
case_118,b,2025-02-24 19:38:10.518772
case_118,a,2025-02-24 19:43:10.518772
case_118,c,2025-02-24 19:48:10.518772
case_118,c,2025-02-24 19:53:10.518772
case_118,b,2025-02-24 19:58:10.518772
case_118,b,2025-02-24 20:03:10.518772
case_118,c,2025-02-24 20:08:10.518772
case_118,a,2025-02-24 20:13:10.518772
case_118,b,2025-02-24 20:18:10.518772
case_118,c,2025-02-24 20:23:10.518772
case_118,c,2025-02-24 20:28:10.518772
case_118,a,2025-02-24 20:33:10.518772
case_118,c,2025-02-24 20:38:10.518772
case_118,b,2025-02-24 20:43:10.518772
case_118,a,2025-02-24 20:48:10.518772
case_118,c,2025-02-24 20:53:10.518772
case_118,a,2025-02-24 20:58:10.518772
case_118,a,2025-02-24 21:03:10.518772
case_119,b,2025-02-24 19:28:10.518802
case_119,a,2025-02-24 19:33:10.518802
case_119,b,2025-02-24 19:38:10.518802
case_119,c,2025-02-24 19:43:10.518802
case_119,b,2025-02-24 19:48:10.518802
case_119,b,2025-02-24 19:53:10.518802
case_119,a,2025-02-24 19:58:10.518802
case_119,c,2025-02-24 20:03:10.518802
case_119,c,2025-02-24 20:08:10.518802
case_119,a,2025-02-24 20:13:10.518802
case_119,b,2025-02-24 20:18:10.518802
case_119,b,2025-02-24 20:23:10.518802
case_119,c,2025-02-24 20:28:10.518802
case_119,b,2025-02-24 20:33:10.518802
case_119,a,2025-02-24 20:38:10.518802
case_119,a,2025-02-24 20:43:10.518802
case_119,a,2025-02-24 20:48:10.518802
case_119,b,2025-02-24 20:53:10.518802
case_119,a,2025-02-24 20:58:10.518802
case_119,a,2025-02-24 21:03:10.518802
case_120,b,2025-02-24 19:28:10.518832
case_120,a,2025-02-24 19:33:10.518832
case_120,a,2025-02-24 19:38:10.518832
case_120,b,2025-02-24 19:43:10.518832
case_120,c,2025-02-24 19:48:10.518832
case_120,b,2025-02-24 19:53:10.518832
case_120,c,2025-02-24 19:58:10.518832
case_120,c,2025-02-24 20:03:10.518832
case_120,c,2025-02-24 20:08:10.518832
case_120,b,2025-02-24 20:13:10.518832
case_120,b,2025-02-24 20:18:10.518832
case_120,b,2025-02-24 20:23:10.518832
case_120,c,2025-02-24 20:28:10.518832
case_120,c,2025-02-24 20:33:10.518832
case_120,a,2025-02-24 20:38:10.518832
case_120,a,2025-02-24 20:43:10.518832
case_120,a,2025-02-24 20:48:10.518832
case_120,a,2025-02-24 20:53:10.518832
case_120,b,2025-02-24 20:58:10.518832
case_120,a,2025-02-24 21:03:10.518832
case_121,b,2025-02-24 19:28:10.518862
case_121,b,2025-02-24 19:33:10.518862
case_121,b,2025-02-24 19:38:10.518862
case_121,a,2025-02-24 19:43:10.518862
case_121,b,2025-02-24 19:48:10.518862
case_121,b,2025-02-24 19:53:10.518862
case_121,c,2025-02-24 19:58:10.518862
case_121,a,2025-02-24 20:03:10.518862
case_121,c,2025-02-24 20:08:10.518862
case_121,a,2025-02-24 20:13:10.518862
case_121,b,2025-02-24 20:18:10.518862
case_121,a,2025-02-24 20:23:10.518862
case_121,b,2025-02-24 20:28:10.518862
case_121,c,2025-02-24 20:33:10.518862
case_121,b,2025-02-24 20:38:10.518862
case_121,b,2025-02-24 20:43:10.518862
case_121,b,2025-02-24 20:48:10.518862
case_121,b,2025-02-24 20:53:10.518862
case_121,a,2025-02-24 20:58:10.518862
case_121,a,2025-02-24 21:03:10.518862
case_122,c,2025-02-24 19:28:10.518892
case_122,a,2025-02-24 19:33:10.518892
case_122,c,2025-02-24 19:38:10.518892
case_122,c,2025-02-24 19:43:10.518892
case_122,c,2025-02-24 19:48:10.518892
case_122,b,2025-02-24 19:53:10.518892
case_122,a,2025-02-24 19:58:10.518892
case_122,b,2025-02-24 20:03:10.518892
case_122,b,2025-02-24 20:08:10.518892
case_122,b,2025-02-24 20:13:10.518892
case_122,c,2025-02-24 20:18:10.518892
case_122,b,2025-02-24 20:23:10.518892
case_122,a,2025-02-24 20:28:10.518892
case_122,a,2025-02-24 20:33:10.518892
case_122,a,2025-02-24 20:38:10.518892
case_122,a,2025-02-24 20:43:10.518892
case_122,c,2025-02-24 20:48:10.518892
case_122,c,2025-02-24 20:53:10.518892
case_122,b,2025-02-24 20:58:10.518892
case_122,a,2025-02-24 21:03:10.518892
case_123,b,2025-02-24 19:28:10.518922
case_123,c,2025-02-24 19:33:10.518922
case_123,a,2025-02-24 19:38:10.518922
case_123,b,2025-02-24 19:43:10.518922
case_123,a,2025-02-24 19:48:10.518922
case_123,a,2025-02-24 19:53:10.518922
case_123,c,2025-02-24 19:58:10.518922
case_123,a,2025-02-24 20:03:10.518922
case_123,a,2025-02-24 20:08:10.518922
case_123,c,2025-02-24 20:13:10.518922
case_123,c,2025-02-24 20:18:10.518922
case_123,b,2025-02-24 20:23:10.518922
case_123,a,2025-02-24 20:28:10.518922
case_123,c,2025-02-24 20:33:10.518922
case_123,a,2025-02-24 20:38:10.518922
case_123,a,2025-02-24 20:43:10.518922
case_123,a,2025-02-24 20:48:10.518922
case_123,a,2025-02-24 20:53:10.518922
case_123,a,2025-02-24 20:58:10.518922
case_123,c,2025-02-24 21:03:10.518922
case_124,c,2025-02-24 19:28:10.518952
case_124,c,2025-02-24 19:33:10.518952
case_124,c,2025-02-24 19:38:10.518952
case_124,b,2025-02-24 19:43:10.518952
case_124,c,2025-02-24 19:48:10.518952
case_124,a,2025-02-24 19:53:10.518952
case_124,b,2025-02-24 19:58:10.518952
case_124,b,2025-02-24 20:03:10.518952
case_124,c,2025-02-24 20:08:10.518952
case_124,c,2025-02-24 20:13:10.518952
case_124,b,2025-02-24 20:18:10.518952
case_124,c,2025-02-24 20:23:10.518952
case_124,b,2025-02-24 20:28:10.518952
case_124,b,2025-02-24 20:33:10.518952
case_124,c,2025-02-24 20:38:10.518952
case_124,c,2025-02-24 20:43:10.518952
case_124,a,2025-02-24 20:48:10.518952
case_124,c,2025-02-24 20:53:10.518952
case_124,a,2025-02-24 20:58:10.518952
case_124,a,2025-02-24 21:03:10.518952
case_125,b,2025-02-24 19:28:10.518982
case_125,c,2025-02-24 19:33:10.518982
case_125,a,2025-02-24 19:38:10.518982
case_125,b,2025-02-24 19:43:10.518982
case_125,b,2025-02-24 19:48:10.518982
case_125,b,2025-02-24 19:53:10.518982
case_125,a,2025-02-24 19:58:10.518982
case_125,c,2025-02-24 20:03:10.518982
case_125,c,2025-02-24 20:08:10.518982
case_125,c,2025-02-24 20:13:10.518982
case_125,b,2025-02-24 20:18:10.518982
case_125,a,2025-02-24 20:23:10.518982
case_125,c,2025-02-24 20:28:10.518982
case_125,a,2025-02-24 20:33:10.518982
case_125,b,2025-02-24 20:38:10.518982
case_125,a,2025-02-24 20:43:10.518982
case_125,a,2025-02-24 20:48:10.518982
case_125,c,2025-02-24 20:53:10.518982
case_125,b,2025-02-24 20:58:10.518982
case_125,c,2025-02-24 21:03:10.518982
case_126,c,2025-02-24 19:28:10.519011
case_126,a,2025-02-24 19:33:10.519011
case_126,c,2025-02-24 19:38:10.519011
case_126,c,2025-02-24 19:43:10.519011
case_126,c,2025-02-24 19:48:10.519011
case_126,a,2025-02-24 19:53:10.519011
case_126,c,2025-02-24 19:58:10.519011
case_126,c,2025-02-24 20:03:10.519011
case_126,c,2025-02-24 20:08:10.519011
case_126,b,2025-02-24 20:13:10.519011
case_126,b,2025-02-24 20:18:10.519011
case_126,a,2025-02-24 20:23:10.519011
case_126,b,2025-02-24 20:28:10.519011
case_126,b,2025-02-24 20:33:10.519011
case_126,a,2025-02-24 20:38:10.519011
case_126,b,2025-02-24 20:43:10.519011
case_126,a,2025-02-24 20:48:10.519011
case_126,b,2025-02-24 20:53:10.519011
case_126,a,2025-02-24 20:58:10.519011
case_126,a,2025-02-24 21:03:10.519011
case_127,b,2025-02-24 19:28:10.519041
case_127,b,2025-02-24 19:33:10.519041
case_127,a,2025-02-24 19:38:10.519041
case_127,a,2025-02-24 19:43:10.519041
case_127,a,2025-02-24 19:48:10.519041
case_127,b,2025-02-24 19:53:10.519041
case_127,b,2025-02-24 19:58:10.519041
case_127,a,2025-02-24 20:03:10.519041
case_127,b,2025-02-24 20:08:10.519041
case_127,a,2025-02-24 20:13:10.519041
case_127,a,2025-02-24 20:18:10.519041
case_127,c,2025-02-24 20:23:10.519041
case_127,a,2025-02-24 20:28:10.519041
case_127,b,2025-02-24 20:33:10.519041
case_127,c,2025-02-24 20:38:10.519041
case_127,b,2025-02-24 20:43:10.519041
case_127,c,2025-02-24 20:48:10.519041
case_127,c,2025-02-24 20:53:10.519041
case_127,c,2025-02-24 20:58:10.519041
case_127,b,2025-02-24 21:03:10.519041
case_128,c,2025-02-24 19:28:10.519071
case_128,c,2025-02-24 19:33:10.519071
case_128,a,2025-02-24 19:38:10.519071
case_128,c,2025-02-24 19:43:10.519071
case_128,b,2025-02-24 19:48:10.519071
case_128,b,2025-02-24 19:53:10.519071
case_128,b,2025-02-24 19:58:10.519071
case_128,a,2025-02-24 20:03:10.519071
case_128,a,2025-02-24 20:08:10.519071
case_128,c,2025-02-24 20:13:10.519071
case_128,a,2025-02-24 20:18:10.519071
case_128,c,2025-02-24 20:23:10.519071
case_128,c,2025-02-24 20:28:10.519071
case_128,a,2025-02-24 20:33:10.519071
case_128,c,2025-02-24 20:38:10.519071
case_128,b,2025-02-24 20:43:10.519071
case_128,b,2025-02-24 20:48:10.519071
case_128,b,2025-02-24 20:53:10.519071
case_128,c,2025-02-24 20:58:10.519071
case_128,a,2025-02-24 21:03:10.519071
case_129,c,2025-02-24 19:28:10.519102
case_129,a,2025-02-24 19:33:10.519102
case_129,b,2025-02-24 19:38:10.519102
case_129,a,2025-02-24 19:43:10.519102
case_129,b,2025-02-24 19:48:10.519102
case_129,b,2025-02-24 19:53:10.519102
case_129,c,2025-02-24 19:58:10.519102
case_129,c,2025-02-24 20:03:10.519102
case_129,c,2025-02-24 20:08:10.519102
case_129,a,2025-02-24 20:13:10.519102
case_129,c,2025-02-24 20:18:10.519102
case_129,a,2025-02-24 20:23:10.519102
case_129,c,2025-02-24 20:28:10.519102
case_129,a,2025-02-24 20:33:10.519102
case_129,b,2025-02-24 20:38:10.519102
case_129,b,2025-02-24 20:43:10.519102
case_129,b,2025-02-24 20:48:10.519102
case_129,c,2025-02-24 20:53:10.519102
case_129,a,2025-02-24 20:58:10.519102
case_129,a,2025-02-24 21:03:10.519102
case_130,c,2025-02-24 19:28:10.519132
case_130,a,2025-02-24 19:33:10.519132
case_130,c,2025-02-24 19:38:10.519132
case_130,b,2025-02-24 19:43:10.519132
case_130,b,2025-02-24 19:48:10.519132
case_130,b,2025-02-24 19:53:10.519132
case_130,b,2025-02-24 19:58:10.519132
case_130,b,2025-02-24 20:03:10.519132
case_130,b,2025-02-24 20:08:10.519132
case_130,b,2025-02-24 20:13:10.519132
case_130,c,2025-02-24 20:18:10.519132
case_130,a,2025-02-24 20:23:10.519132
case_130,b,2025-02-24 20:28:10.519132
case_130,c,2025-02-24 20:33:10.519132
case_130,b,2025-02-24 20:38:10.519132
case_130,c,2025-02-24 20:43:10.519132
case_130,b,2025-02-24 20:48:10.519132
case_130,c,2025-02-24 20:53:10.519132
case_130,a,2025-02-24 20:58:10.519132
case_130,a,2025-02-24 21:03:10.519132
case_131,c,2025-02-24 19:28:10.519161
case_131,a,2025-02-24 19:33:10.519161
case_131,b,2025-02-24 19:38:10.519161
case_131,b,2025-02-24 19:43:10.519161
case_131,b,2025-02-24 19:48:10.519161
case_131,c,2025-02-24 19:53:10.519161
case_131,c,2025-02-24 19:58:10.519161
case_131,b,2025-02-24 20:03:10.519161
case_131,a,2025-02-24 20:08:10.519161
case_131,a,2025-02-24 20:13:10.519161
case_131,b,2025-02-24 20:18:10.519161
case_131,a,2025-02-24 20:23:10.519161
case_131,a,2025-02-24 20:28:10.519161
case_131,c,2025-02-24 20:33:10.519161
case_131,a,2025-02-24 20:38:10.519161
case_131,b,2025-02-24 20:43:10.519161
case_131,c,2025-02-24 20:48:10.519161
case_131,b,2025-02-24 20:53:10.519161
case_131,b,2025-02-24 20:58:10.519161
case_131,c,2025-02-24 21:03:10.519161
case_132,b,2025-02-24 19:28:10.519191
case_132,b,2025-02-24 19:33:10.519191
case_132,b,2025-02-24 19:38:10.519191
case_132,a,2025-02-24 19:43:10.519191
case_132,c,2025-02-24 19:48:10.519191
case_132,a,2025-02-24 19:53:10.519191
case_132,a,2025-02-24 19:58:10.519191
case_132,b,2025-02-24 20:03:10.519191
case_132,c,2025-02-24 20:08:10.519191
case_132,b,2025-02-24 20:13:10.519191
case_132,b,2025-02-24 20:18:10.519191
case_132,b,2025-02-24 20:23:10.519191
case_132,b,2025-02-24 20:28:10.519191
case_132,a,2025-02-24 20:33:10.519191
case_132,b,2025-02-24 20:38:10.519191
case_132,a,2025-02-24 20:43:10.519191
case_132,c,2025-02-24 20:48:10.519191
case_132,c,2025-02-24 20:53:10.519191
case_132,c,2025-02-24 20:58:10.519191
case_132,b,2025-02-24 21:03:10.519191
case_133,b,2025-02-24 19:28:10.519221
case_133,c,2025-02-24 19:33:10.519221
case_133,c,2025-02-24 19:38:10.519221
case_133,a,2025-02-24 19:43:10.519221
case_133,b,2025-02-24 19:48:10.519221
case_133,b,2025-02-24 19:53:10.519221
case_133,c,2025-02-24 19:58:10.519221
case_133,c,2025-02-24 20:03:10.519221
case_133,c,2025-02-24 20:08:10.519221
case_133,a,2025-02-24 20:13:10.519221
case_133,a,2025-02-24 20:18:10.519221
case_133,c,2025-02-24 20:23:10.519221
case_133,b,2025-02-24 20:28:10.519221
case_133,b,2025-02-24 20:33:10.519221
case_133,b,2025-02-24 20:38:10.519221
case_133,a,2025-02-24 20:43:10.519221
case_133,a,2025-02-24 20:48:10.519221
case_133,b,2025-02-24 20:53:10.519221
case_133,c,2025-02-24 20:58:10.519221
case_133,c,2025-02-24 21:03:10.519221
case_134,c,2025-02-24 19:28:10.519251
case_134,b,2025-02-24 19:33:10.519251
case_134,a,2025-02-24 19:38:10.519251
case_134,b,2025-02-24 19:43:10.519251
case_134,b,2025-02-24 19:48:10.519251
case_134,b,2025-02-24 19:53:10.519251
case_134,b,2025-02-24 19:58:10.519251
case_134,b,2025-02-24 20:03:10.519251
case_134,a,2025-02-24 20:08:10.519251
case_134,b,2025-02-24 20:13:10.519251
case_134,c,2025-02-24 20:18:10.519251
case_134,b,2025-02-24 20:23:10.519251
case_134,a,2025-02-24 20:28:10.519251
case_134,c,2025-02-24 20:33:10.519251
case_134,c,2025-02-24 20:38:10.519251
case_134,a,2025-02-24 20:43:10.519251
case_134,b,2025-02-24 20:48:10.519251
case_134,b,2025-02-24 20:53:10.519251
case_134,a,2025-02-24 20:58:10.519251
case_134,a,2025-02-24 21:03:10.519251
case_135,b,2025-02-24 19:28:10.519280
case_135,b,2025-02-24 19:33:10.519280
case_135,c,2025-02-24 19:38:10.519280
case_135,a,2025-02-24 19:43:10.519280
case_135,c,2025-02-24 19:48:10.519280
case_135,c,2025-02-24 19:53:10.519280
case_135,a,2025-02-24 19:58:10.519280
case_135,b,2025-02-24 20:03:10.519280
case_135,a,2025-02-24 20:08:10.519280
case_135,a,2025-02-24 20:13:10.519280
case_135,c,2025-02-24 20:18:10.519280
case_135,c,2025-02-24 20:23:10.519280
case_135,a,2025-02-24 20:28:10.519280
case_135,b,2025-02-24 20:33:10.519280
case_135,b,2025-02-24 20:38:10.519280
case_135,a,2025-02-24 20:43:10.519280
case_135,b,2025-02-24 20:48:10.519280
case_135,c,2025-02-24 20:53:10.519280
case_135,a,2025-02-24 20:58:10.519280
case_135,a,2025-02-24 21:03:10.519280
case_136,b,2025-02-24 19:28:10.519310
case_136,a,2025-02-24 19:33:10.519310
case_136,c,2025-02-24 19:38:10.519310
case_136,c,2025-02-24 19:43:10.519310
case_136,b,2025-02-24 19:48:10.519310
case_136,c,2025-02-24 19:53:10.519310
case_136,a,2025-02-24 19:58:10.519310
case_136,c,2025-02-24 20:03:10.519310
case_136,b,2025-02-24 20:08:10.519310
case_136,b,2025-02-24 20:13:10.519310
case_136,a,2025-02-24 20:18:10.519310
case_136,a,2025-02-24 20:23:10.519310
case_136,a,2025-02-24 20:28:10.519310
case_136,c,2025-02-24 20:33:10.519310
case_136,b,2025-02-24 20:38:10.519310
case_136,c,2025-02-24 20:43:10.519310
case_136,b,2025-02-24 20:48:10.519310
case_136,a,2025-02-24 20:53:10.519310
case_136,a,2025-02-24 20:58:10.519310
case_136,a,2025-02-24 21:03:10.519310
case_137,b,2025-02-24 19:28:10.519343
case_137,a,2025-02-24 19:33:10.519343
case_137,b,2025-02-24 19:38:10.519343
case_137,c,2025-02-24 19:43:10.519343
case_137,a,2025-02-24 19:48:10.519343
case_137,b,2025-02-24 19:53:10.519343
case_137,b,2025-02-24 19:58:10.519343
case_137,b,2025-02-24 20:03:10.519343
case_137,c,2025-02-24 20:08:10.519343
case_137,a,2025-02-24 20:13:10.519343
case_137,c,2025-02-24 20:18:10.519343
case_137,a,2025-02-24 20:23:10.519343
case_137,c,2025-02-24 20:28:10.519343
case_137,a,2025-02-24 20:33:10.519343
case_137,c,2025-02-24 20:38:10.519343
case_137,a,2025-02-24 20:43:10.519343
case_137,c,2025-02-24 20:48:10.519343
case_137,b,2025-02-24 20:53:10.519343
case_137,a,2025-02-24 20:58:10.519343
case_137,a,2025-02-24 21:03:10.519343
case_138,b,2025-02-24 19:28:10.519373
case_138,c,2025-02-24 19:33:10.519373
case_138,a,2025-02-24 19:38:10.519373
case_138,b,2025-02-24 19:43:10.519373
case_138,b,2025-02-24 19:48:10.519373
case_138,b,2025-02-24 19:53:10.519373
case_138,a,2025-02-24 19:58:10.519373
case_138,a,2025-02-24 20:03:10.519373
case_138,c,2025-02-24 20:08:10.519373
case_138,b,2025-02-24 20:13:10.519373
case_138,c,2025-02-24 20:18:10.519373
case_138,c,2025-02-24 20:23:10.519373
case_138,c,2025-02-24 20:28:10.519373
case_138,a,2025-02-24 20:33:10.519373
case_138,a,2025-02-24 20:38:10.519373
case_138,b,2025-02-24 20:43:10.519373
case_138,c,2025-02-24 20:48:10.519373
case_138,a,2025-02-24 20:53:10.519373
case_138,c,2025-02-24 20:58:10.519373
case_138,b,2025-02-24 21:03:10.519373
case_139,b,2025-02-24 19:28:10.519404
case_139,a,2025-02-24 19:33:10.519404
case_139,c,2025-02-24 19:38:10.519404
case_139,c,2025-02-24 19:43:10.519404
case_139,b,2025-02-24 19:48:10.519404
case_139,a,2025-02-24 19:53:10.519404
case_139,b,2025-02-24 19:58:10.519404
case_139,b,2025-02-24 20:03:10.519404
case_139,b,2025-02-24 20:08:10.519404
case_139,b,2025-02-24 20:13:10.519404
case_139,b,2025-02-24 20:18:10.519404
case_139,c,2025-02-24 20:23:10.519404
case_139,c,2025-02-24 20:28:10.519404
case_139,a,2025-02-24 20:33:10.519404
case_139,a,2025-02-24 20:38:10.519404
case_139,a,2025-02-24 20:43:10.519404
case_139,b,2025-02-24 20:48:10.519404
case_139,b,2025-02-24 20:53:10.519404
case_139,b,2025-02-24 20:58:10.519404
case_139,b,2025-02-24 21:03:10.519404
case_140,c,2025-02-24 19:28:10.519434
case_140,c,2025-02-24 19:33:10.519434
case_140,a,2025-02-24 19:38:10.519434
case_140,b,2025-02-24 19:43:10.519434
case_140,b,2025-02-24 19:48:10.519434
case_140,a,2025-02-24 19:53:10.519434
case_140,b,2025-02-24 19:58:10.519434
case_140,c,2025-02-24 20:03:10.519434
case_140,a,2025-02-24 20:08:10.519434
case_140,a,2025-02-24 20:13:10.519434
case_140,c,2025-02-24 20:18:10.519434
case_140,a,2025-02-24 20:23:10.519434
case_140,b,2025-02-24 20:28:10.519434
case_140,b,2025-02-24 20:33:10.519434
case_140,c,2025-02-24 20:38:10.519434
case_140,c,2025-02-24 20:43:10.519434
case_140,c,2025-02-24 20:48:10.519434
case_140,b,2025-02-24 20:53:10.519434
case_140,c,2025-02-24 20:58:10.519434
case_140,a,2025-02-24 21:03:10.519434
case_141,b,2025-02-24 19:28:10.519465
case_141,c,2025-02-24 19:33:10.519465
case_141,a,2025-02-24 19:38:10.519465
case_141,c,2025-02-24 19:43:10.519465
case_141,b,2025-02-24 19:48:10.519465
case_141,b,2025-02-24 19:53:10.519465
case_141,c,2025-02-24 19:58:10.519465
case_141,a,2025-02-24 20:03:10.519465
case_141,a,2025-02-24 20:08:10.519465
case_141,c,2025-02-24 20:13:10.519465
case_141,c,2025-02-24 20:18:10.519465
case_141,c,2025-02-24 20:23:10.519465
case_141,c,2025-02-24 20:28:10.519465
case_141,a,2025-02-24 20:33:10.519465
case_141,b,2025-02-24 20:38:10.519465
case_141,b,2025-02-24 20:43:10.519465
case_141,a,2025-02-24 20:48:10.519465
case_141,c,2025-02-24 20:53:10.519465
case_141,a,2025-02-24 20:58:10.519465
case_141,b,2025-02-24 21:03:10.519465
case_142,c,2025-02-24 19:28:10.519495
case_142,a,2025-02-24 19:33:10.519495
case_142,a,2025-02-24 19:38:10.519495
case_142,b,2025-02-24 19:43:10.519495
case_142,b,2025-02-24 19:48:10.519495
case_142,a,2025-02-24 19:53:10.519495
case_142,b,2025-02-24 19:58:10.519495
case_142,c,2025-02-24 20:03:10.519495
case_142,a,2025-02-24 20:08:10.519495
case_142,a,2025-02-24 20:13:10.519495
case_142,b,2025-02-24 20:18:10.519495
case_142,c,2025-02-24 20:23:10.519495
case_142,a,2025-02-24 20:28:10.519495
case_142,b,2025-02-24 20:33:10.519495
case_142,c,2025-02-24 20:38:10.519495
case_142,b,2025-02-24 20:43:10.519495
case_142,a,2025-02-24 20:48:10.519495
case_142,a,2025-02-24 20:53:10.519495
case_142,a,2025-02-24 20:58:10.519495
case_142,c,2025-02-24 21:03:10.519495
case_143,b,2025-02-24 19:28:10.519525
case_143,b,2025-02-24 19:33:10.519525
case_143,a,2025-02-24 19:38:10.519525
case_143,c,2025-02-24 19:43:10.519525
case_143,b,2025-02-24 19:48:10.519525
case_143,b,2025-02-24 19:53:10.519525
case_143,c,2025-02-24 19:58:10.519525
case_143,b,2025-02-24 20:03:10.519525
case_143,b,2025-02-24 20:08:10.519525
case_143,c,2025-02-24 20:13:10.519525
case_143,a,2025-02-24 20:18:10.519525
case_143,c,2025-02-24 20:23:10.519525
case_143,a,2025-02-24 20:28:10.519525
case_143,a,2025-02-24 20:33:10.519525
case_143,b,2025-02-24 20:38:10.519525
case_143,b,2025-02-24 20:43:10.519525
case_143,b,2025-02-24 20:48:10.519525
case_143,b,2025-02-24 20:53:10.519525
case_143,a,2025-02-24 20:58:10.519525
case_143,c,2025-02-24 21:03:10.519525
case_144,b,2025-02-24 19:28:10.519555
case_144,a,2025-02-24 19:33:10.519555
case_144,b,2025-02-24 19:38:10.519555
case_144,a,2025-02-24 19:43:10.519555
case_144,c,2025-02-24 19:48:10.519555
case_144,a,2025-02-24 19:53:10.519555
case_144,a,2025-02-24 19:58:10.519555
case_144,a,2025-02-24 20:03:10.519555
case_144,a,2025-02-24 20:08:10.519555
case_144,b,2025-02-24 20:13:10.519555
case_144,b,2025-02-24 20:18:10.519555
case_144,c,2025-02-24 20:23:10.519555
case_144,a,2025-02-24 20:28:10.519555
case_144,c,2025-02-24 20:33:10.519555
case_144,c,2025-02-24 20:38:10.519555
case_144,b,2025-02-24 20:43:10.519555
case_144,b,2025-02-24 20:48:10.519555
case_144,c,2025-02-24 20:53:10.519555
case_144,b,2025-02-24 20:58:10.519555
case_144,b,2025-02-24 21:03:10.519555
case_145,b,2025-02-24 19:28:10.519586
case_145,a,2025-02-24 19:33:10.519586
case_145,a,2025-02-24 19:38:10.519586
case_145,b,2025-02-24 19:43:10.519586
case_145,a,2025-02-24 19:48:10.519586
case_145,b,2025-02-24 19:53:10.519586
case_145,a,2025-02-24 19:58:10.519586
case_145,b,2025-02-24 20:03:10.519586
case_145,c,2025-02-24 20:08:10.519586
case_145,a,2025-02-24 20:13:10.519586
case_145,c,2025-02-24 20:18:10.519586
case_145,c,2025-02-24 20:23:10.519586
case_145,c,2025-02-24 20:28:10.519586
case_145,c,2025-02-24 20:33:10.519586
case_145,b,2025-02-24 20:38:10.519586
case_145,c,2025-02-24 20:43:10.519586
case_145,b,2025-02-24 20:48:10.519586
case_145,b,2025-02-24 20:53:10.519586
case_145,b,2025-02-24 20:58:10.519586
case_145,b,2025-02-24 21:03:10.519586
case_146,b,2025-02-24 19:28:10.519617
case_146,c,2025-02-24 19:33:10.519617
case_146,b,2025-02-24 19:38:10.519617
case_146,a,2025-02-24 19:43:10.519617
case_146,a,2025-02-24 19:48:10.519617
case_146,b,2025-02-24 19:53:10.519617
case_146,c,2025-02-24 19:58:10.519617
case_146,a,2025-02-24 20:03:10.519617
case_146,a,2025-02-24 20:08:10.519617
case_146,c,2025-02-24 20:13:10.519617
case_146,b,2025-02-24 20:18:10.519617
case_146,c,2025-02-24 20:23:10.519617
case_146,c,2025-02-24 20:28:10.519617
case_146,c,2025-02-24 20:33:10.519617
case_146,a,2025-02-24 20:38:10.519617
case_146,a,2025-02-24 20:43:10.519617
case_146,b,2025-02-24 20:48:10.519617
case_146,b,2025-02-24 20:53:10.519617
case_146,b,2025-02-24 20:58:10.519617
case_146,b,2025-02-24 21:03:10.519617
case_147,b,2025-02-24 19:28:10.519647
case_147,a,2025-02-24 19:33:10.519647
case_147,a,2025-02-24 19:38:10.519647
case_147,a,2025-02-24 19:43:10.519647
case_147,b,2025-02-24 19:48:10.519647
case_147,c,2025-02-24 19:53:10.519647
case_147,b,2025-02-24 19:58:10.519647
case_147,b,2025-02-24 20:03:10.519647
case_147,b,2025-02-24 20:08:10.519647
case_147,a,2025-02-24 20:13:10.519647
case_147,c,2025-02-24 20:18:10.519647
case_147,a,2025-02-24 20:23:10.519647
case_147,a,2025-02-24 20:28:10.519647
case_147,c,2025-02-24 20:33:10.519647
case_147,c,2025-02-24 20:38:10.519647
case_147,a,2025-02-24 20:43:10.519647
case_147,c,2025-02-24 20:48:10.519647
case_147,b,2025-02-24 20:53:10.519647
case_147,c,2025-02-24 20:58:10.519647
case_147,a,2025-02-24 21:03:10.519647
case_148,b,2025-02-24 19:28:10.519678
case_148,c,2025-02-24 19:33:10.519678
case_148,b,2025-02-24 19:38:10.519678
case_148,a,2025-02-24 19:43:10.519678
case_148,c,2025-02-24 19:48:10.519678
case_148,a,2025-02-24 19:53:10.519678
case_148,b,2025-02-24 19:58:10.519678
case_148,c,2025-02-24 20:03:10.519678
case_148,b,2025-02-24 20:08:10.519678
case_148,b,2025-02-24 20:13:10.519678
case_148,b,2025-02-24 20:18:10.519678
case_148,b,2025-02-24 20:23:10.519678
case_148,a,2025-02-24 20:28:10.519678
case_148,a,2025-02-24 20:33:10.519678
case_148,c,2025-02-24 20:38:10.519678
case_148,b,2025-02-24 20:43:10.519678
case_148,c,2025-02-24 20:48:10.519678
case_148,c,2025-02-24 20:53:10.519678
case_148,a,2025-02-24 20:58:10.519678
case_148,c,2025-02-24 21:03:10.519678
case_149,c,2025-02-24 19:28:10.519709
case_149,b,2025-02-24 19:33:10.519709
case_149,a,2025-02-24 19:38:10.519709
case_149,c,2025-02-24 19:43:10.519709
case_149,a,2025-02-24 19:48:10.519709
case_149,b,2025-02-24 19:53:10.519709
case_149,a,2025-02-24 19:58:10.519709
case_149,a,2025-02-24 20:03:10.519709
case_149,a,2025-02-24 20:08:10.519709
case_149,b,2025-02-24 20:13:10.519709
case_149,c,2025-02-24 20:18:10.519709
case_149,c,2025-02-24 20:23:10.519709
case_149,c,2025-02-24 20:28:10.519709
case_149,c,2025-02-24 20:33:10.519709
case_149,b,2025-02-24 20:38:10.519709
case_149,c,2025-02-24 20:43:10.519709
case_149,a,2025-02-24 20:48:10.519709
case_149,b,2025-02-24 20:53:10.519709
case_149,b,2025-02-24 20:58:10.519709
case_149,a,2025-02-24 21:03:10.519709
case_150,b,2025-02-24 19:28:10.519739
case_150,a,2025-02-24 19:33:10.519739
case_150,c,2025-02-24 19:38:10.519739
case_150,c,2025-02-24 19:43:10.519739
case_150,a,2025-02-24 19:48:10.519739
case_150,a,2025-02-24 19:53:10.519739
case_150,b,2025-02-24 19:58:10.519739
case_150,c,2025-02-24 20:03:10.519739
case_150,b,2025-02-24 20:08:10.519739
case_150,a,2025-02-24 20:13:10.519739
case_150,b,2025-02-24 20:18:10.519739
case_150,b,2025-02-24 20:23:10.519739
case_150,b,2025-02-24 20:28:10.519739
case_150,c,2025-02-24 20:33:10.519739
case_150,a,2025-02-24 20:38:10.519739
case_150,b,2025-02-24 20:43:10.519739
case_150,c,2025-02-24 20:48:10.519739
case_150,b,2025-02-24 20:53:10.519739
case_150,a,2025-02-24 20:58:10.519739
case_150,c,2025-02-24 21:03:10.519739
case_151,c,2025-02-24 19:28:10.519769
case_151,b,2025-02-24 19:33:10.519769
case_151,a,2025-02-24 19:38:10.519769
case_151,c,2025-02-24 19:43:10.519769
case_151,b,2025-02-24 19:48:10.519769
case_151,a,2025-02-24 19:53:10.519769
case_151,b,2025-02-24 19:58:10.519769
case_151,a,2025-02-24 20:03:10.519769
case_151,c,2025-02-24 20:08:10.519769
case_151,b,2025-02-24 20:13:10.519769
case_151,a,2025-02-24 20:18:10.519769
case_151,a,2025-02-24 20:23:10.519769
case_151,b,2025-02-24 20:28:10.519769
case_151,a,2025-02-24 20:33:10.519769
case_151,c,2025-02-24 20:38:10.519769
case_151,b,2025-02-24 20:43:10.519769
case_151,a,2025-02-24 20:48:10.519769
case_151,c,2025-02-24 20:53:10.519769
case_151,a,2025-02-24 20:58:10.519769
case_151,a,2025-02-24 21:03:10.519769
case_152,b,2025-02-24 19:28:10.519800
case_152,c,2025-02-24 19:33:10.519800
case_152,a,2025-02-24 19:38:10.519800
case_152,b,2025-02-24 19:43:10.519800
case_152,b,2025-02-24 19:48:10.519800
case_152,b,2025-02-24 19:53:10.519800
case_152,a,2025-02-24 19:58:10.519800
case_152,a,2025-02-24 20:03:10.519800
case_152,b,2025-02-24 20:08:10.519800
case_152,a,2025-02-24 20:13:10.519800
case_152,a,2025-02-24 20:18:10.519800
case_152,c,2025-02-24 20:23:10.519800
case_152,b,2025-02-24 20:28:10.519800
case_152,c,2025-02-24 20:33:10.519800
case_152,b,2025-02-24 20:38:10.519800
case_152,a,2025-02-24 20:43:10.519800
case_152,c,2025-02-24 20:48:10.519800
case_152,a,2025-02-24 20:53:10.519800
case_152,b,2025-02-24 20:58:10.519800
case_152,b,2025-02-24 21:03:10.519800
case_153,b,2025-02-24 19:28:10.519830
case_153,b,2025-02-24 19:33:10.519830
case_153,b,2025-02-24 19:38:10.519830
case_153,a,2025-02-24 19:43:10.519830
case_153,c,2025-02-24 19:48:10.519830
case_153,a,2025-02-24 19:53:10.519830
case_153,a,2025-02-24 19:58:10.519830
case_153,b,2025-02-24 20:03:10.519830
case_153,b,2025-02-24 20:08:10.519830
case_153,b,2025-02-24 20:13:10.519830
case_153,c,2025-02-24 20:18:10.519830
case_153,a,2025-02-24 20:23:10.519830
case_153,c,2025-02-24 20:28:10.519830
case_153,b,2025-02-24 20:33:10.519830
case_153,c,2025-02-24 20:38:10.519830
case_153,a,2025-02-24 20:43:10.519830
case_153,c,2025-02-24 20:48:10.519830
case_153,a,2025-02-24 20:53:10.519830
case_153,b,2025-02-24 20:58:10.519830
case_153,a,2025-02-24 21:03:10.519830
case_154,b,2025-02-24 19:28:10.519860
case_154,c,2025-02-24 19:33:10.519860
case_154,c,2025-02-24 19:38:10.519860
case_154,b,2025-02-24 19:43:10.519860
case_154,c,2025-02-24 19:48:10.519860
case_154,a,2025-02-24 19:53:10.519860
case_154,c,2025-02-24 19:58:10.519860
case_154,b,2025-02-24 20:03:10.519860
case_154,b,2025-02-24 20:08:10.519860
case_154,b,2025-02-24 20:13:10.519860
case_154,b,2025-02-24 20:18:10.519860
case_154,b,2025-02-24 20:23:10.519860
case_154,c,2025-02-24 20:28:10.519860
case_154,b,2025-02-24 20:33:10.519860
case_154,b,2025-02-24 20:38:10.519860
case_154,a,2025-02-24 20:43:10.519860
case_154,b,2025-02-24 20:48:10.519860
case_154,a,2025-02-24 20:53:10.519860
case_154,a,2025-02-24 20:58:10.519860
case_154,c,2025-02-24 21:03:10.519860
case_155,c,2025-02-24 19:28:10.519891
case_155,c,2025-02-24 19:33:10.519891
case_155,a,2025-02-24 19:38:10.519891
case_155,c,2025-02-24 19:43:10.519891
case_155,b,2025-02-24 19:48:10.519891
case_155,b,2025-02-24 19:53:10.519891
case_155,c,2025-02-24 19:58:10.519891
case_155,a,2025-02-24 20:03:10.519891
case_155,b,2025-02-24 20:08:10.519891
case_155,b,2025-02-24 20:13:10.519891
case_155,b,2025-02-24 20:18:10.519891
case_155,a,2025-02-24 20:23:10.519891
case_155,b,2025-02-24 20:28:10.519891
case_155,c,2025-02-24 20:33:10.519891
case_155,b,2025-02-24 20:38:10.519891
case_155,a,2025-02-24 20:43:10.519891
case_155,c,2025-02-24 20:48:10.519891
case_155,c,2025-02-24 20:53:10.519891
case_155,a,2025-02-24 20:58:10.519891
case_155,a,2025-02-24 21:03:10.519891
case_156,c,2025-02-24 19:28:10.519921
case_156,a,2025-02-24 19:33:10.519921
case_156,c,2025-02-24 19:38:10.519921
case_156,a,2025-02-24 19:43:10.519921
case_156,c,2025-02-24 19:48:10.519921
case_156,b,2025-02-24 19:53:10.519921
case_156,a,2025-02-24 19:58:10.519921
case_156,a,2025-02-24 20:03:10.519921
case_156,b,2025-02-24 20:08:10.519921
case_156,a,2025-02-24 20:13:10.519921
case_156,c,2025-02-24 20:18:10.519921
case_156,a,2025-02-24 20:23:10.519921
case_156,c,2025-02-24 20:28:10.519921
case_156,a,2025-02-24 20:33:10.519921
case_156,a,2025-02-24 20:38:10.519921
case_156,a,2025-02-24 20:43:10.519921
case_156,b,2025-02-24 20:48:10.519921
case_156,c,2025-02-24 20:53:10.519921
case_156,b,2025-02-24 20:58:10.519921
case_156,b,2025-02-24 21:03:10.519921
case_157,b,2025-02-24 19:28:10.519951
case_157,c,2025-02-24 19:33:10.519951
case_157,c,2025-02-24 19:38:10.519951
case_157,a,2025-02-24 19:43:10.519951
case_157,b,2025-02-24 19:48:10.519951
case_157,b,2025-02-24 19:53:10.519951
case_157,a,2025-02-24 19:58:10.519951
case_157,c,2025-02-24 20:03:10.519951
case_157,a,2025-02-24 20:08:10.519951
case_157,a,2025-02-24 20:13:10.519951
case_157,b,2025-02-24 20:18:10.519951
case_157,c,2025-02-24 20:23:10.519951
case_157,b,2025-02-24 20:28:10.519951
case_157,b,2025-02-24 20:33:10.519951
case_157,a,2025-02-24 20:38:10.519951
case_157,c,2025-02-24 20:43:10.519951
case_157,b,2025-02-24 20:48:10.519951
case_157,b,2025-02-24 20:53:10.519951
case_157,b,2025-02-24 20:58:10.519951
case_157,c,2025-02-24 21:03:10.519951
case_158,b,2025-02-24 19:28:10.519981
case_158,c,2025-02-24 19:33:10.519981
case_158,a,2025-02-24 19:38:10.519981
case_158,c,2025-02-24 19:43:10.519981
case_158,c,2025-02-24 19:48:10.519981
case_158,b,2025-02-24 19:53:10.519981
case_158,b,2025-02-24 19:58:10.519981
case_158,c,2025-02-24 20:03:10.519981
case_158,c,2025-02-24 20:08:10.519981
case_158,c,2025-02-24 20:13:10.519981
case_158,a,2025-02-24 20:18:10.519981
case_158,b,2025-02-24 20:23:10.519981
case_158,a,2025-02-24 20:28:10.519981
case_158,a,2025-02-24 20:33:10.519981
case_158,c,2025-02-24 20:38:10.519981
case_158,a,2025-02-24 20:43:10.519981
case_158,a,2025-02-24 20:48:10.519981
case_158,c,2025-02-24 20:53:10.519981
case_158,c,2025-02-24 20:58:10.519981
case_158,b,2025-02-24 21:03:10.519981
case_159,c,2025-02-24 19:28:10.520011
case_159,c,2025-02-24 19:33:10.520011
case_159,c,2025-02-24 19:38:10.520011
case_159,a,2025-02-24 19:43:10.520011
case_159,a,2025-02-24 19:48:10.520011
case_159,c,2025-02-24 19:53:10.520011
case_159,c,2025-02-24 19:58:10.520011
case_159,a,2025-02-24 20:03:10.520011
case_159,a,2025-02-24 20:08:10.520011
case_159,a,2025-02-24 20:13:10.520011
case_159,c,2025-02-24 20:18:10.520011
case_159,b,2025-02-24 20:23:10.520011
case_159,b,2025-02-24 20:28:10.520011
case_159,a,2025-02-24 20:33:10.520011
case_159,a,2025-02-24 20:38:10.520011
case_159,a,2025-02-24 20:43:10.520011
case_159,b,2025-02-24 20:48:10.520011
case_159,c,2025-02-24 20:53:10.520011
case_159,c,2025-02-24 20:58:10.520011
case_159,c,2025-02-24 21:03:10.520011
case_160,c,2025-02-24 19:28:10.520042
case_160,b,2025-02-24 19:33:10.520042
case_160,a,2025-02-24 19:38:10.520042
case_160,c,2025-02-24 19:43:10.520042
case_160,a,2025-02-24 19:48:10.520042
case_160,c,2025-02-24 19:53:10.520042
case_160,c,2025-02-24 19:58:10.520042
case_160,c,2025-02-24 20:03:10.520042
case_160,a,2025-02-24 20:08:10.520042
case_160,c,2025-02-24 20:13:10.520042
case_160,a,2025-02-24 20:18:10.520042
case_160,a,2025-02-24 20:23:10.520042
case_160,a,2025-02-24 20:28:10.520042
case_160,b,2025-02-24 20:33:10.520042
case_160,c,2025-02-24 20:38:10.520042
case_160,c,2025-02-24 20:43:10.520042
case_160,c,2025-02-24 20:48:10.520042
case_160,c,2025-02-24 20:53:10.520042
case_160,b,2025-02-24 20:58:10.520042
case_160,a,2025-02-24 21:03:10.520042
case_161,c,2025-02-24 19:28:10.520072
case_161,c,2025-02-24 19:33:10.520072
case_161,c,2025-02-24 19:38:10.520072
case_161,b,2025-02-24 19:43:10.520072
case_161,c,2025-02-24 19:48:10.520072
case_161,a,2025-02-24 19:53:10.520072
case_161,c,2025-02-24 19:58:10.520072
case_161,c,2025-02-24 20:03:10.520072
case_161,c,2025-02-24 20:08:10.520072
case_161,a,2025-02-24 20:13:10.520072
case_161,c,2025-02-24 20:18:10.520072
case_161,b,2025-02-24 20:23:10.520072
case_161,c,2025-02-24 20:28:10.520072
case_161,a,2025-02-24 20:33:10.520072
case_161,b,2025-02-24 20:38:10.520072
case_161,a,2025-02-24 20:43:10.520072
case_161,b,2025-02-24 20:48:10.520072
case_161,b,2025-02-24 20:53:10.520072
case_161,a,2025-02-24 20:58:10.520072
case_161,a,2025-02-24 21:03:10.520072
case_162,c,2025-02-24 19:28:10.520102
case_162,a,2025-02-24 19:33:10.520102
case_162,a,2025-02-24 19:38:10.520102
case_162,a,2025-02-24 19:43:10.520102
case_162,c,2025-02-24 19:48:10.520102
case_162,a,2025-02-24 19:53:10.520102
case_162,a,2025-02-24 19:58:10.520102
case_162,b,2025-02-24 20:03:10.520102
case_162,a,2025-02-24 20:08:10.520102
case_162,a,2025-02-24 20:13:10.520102
case_162,a,2025-02-24 20:18:10.520102
case_162,a,2025-02-24 20:23:10.520102
case_162,a,2025-02-24 20:28:10.520102
case_162,b,2025-02-24 20:33:10.520102
case_162,b,2025-02-24 20:38:10.520102
case_162,c,2025-02-24 20:43:10.520102
case_162,c,2025-02-24 20:48:10.520102
case_162,c,2025-02-24 20:53:10.520102
case_162,c,2025-02-24 20:58:10.520102
case_162,c,2025-02-24 21:03:10.520102
case_163,c,2025-02-24 19:28:10.520133
case_163,a,2025-02-24 19:33:10.520133
case_163,c,2025-02-24 19:38:10.520133
case_163,a,2025-02-24 19:43:10.520133
case_163,b,2025-02-24 19:48:10.520133
case_163,c,2025-02-24 19:53:10.520133
case_163,c,2025-02-24 19:58:10.520133
case_163,a,2025-02-24 20:03:10.520133
case_163,b,2025-02-24 20:08:10.520133
case_163,b,2025-02-24 20:13:10.520133
case_163,a,2025-02-24 20:18:10.520133
case_163,c,2025-02-24 20:23:10.520133
case_163,b,2025-02-24 20:28:10.520133
case_163,a,2025-02-24 20:33:10.520133
case_163,c,2025-02-24 20:38:10.520133
case_163,a,2025-02-24 20:43:10.520133
case_163,c,2025-02-24 20:48:10.520133
case_163,c,2025-02-24 20:53:10.520133
case_163,a,2025-02-24 20:58:10.520133
case_163,a,2025-02-24 21:03:10.520133
case_164,b,2025-02-24 19:28:10.520163
case_164,b,2025-02-24 19:33:10.520163
case_164,b,2025-02-24 19:38:10.520163
case_164,c,2025-02-24 19:43:10.520163
case_164,c,2025-02-24 19:48:10.520163
case_164,b,2025-02-24 19:53:10.520163
case_164,c,2025-02-24 19:58:10.520163
case_164,c,2025-02-24 20:03:10.520163
case_164,c,2025-02-24 20:08:10.520163
case_164,a,2025-02-24 20:13:10.520163
case_164,a,2025-02-24 20:18:10.520163
case_164,a,2025-02-24 20:23:10.520163
case_164,c,2025-02-24 20:28:10.520163
case_164,b,2025-02-24 20:33:10.520163
case_164,c,2025-02-24 20:38:10.520163
case_164,c,2025-02-24 20:43:10.520163
case_164,a,2025-02-24 20:48:10.520163
case_164,c,2025-02-24 20:53:10.520163
case_164,c,2025-02-24 20:58:10.520163
case_164,a,2025-02-24 21:03:10.520163
case_165,c,2025-02-24 19:28:10.520194
case_165,c,2025-02-24 19:33:10.520194
case_165,a,2025-02-24 19:38:10.520194
case_165,a,2025-02-24 19:43:10.520194
case_165,b,2025-02-24 19:48:10.520194
case_165,a,2025-02-24 19:53:10.520194
case_165,b,2025-02-24 19:58:10.520194
case_165,b,2025-02-24 20:03:10.520194
case_165,b,2025-02-24 20:08:10.520194
case_165,c,2025-02-24 20:13:10.520194
case_165,a,2025-02-24 20:18:10.520194
case_165,b,2025-02-24 20:23:10.520194
case_165,c,2025-02-24 20:28:10.520194
case_165,a,2025-02-24 20:33:10.520194
case_165,b,2025-02-24 20:38:10.520194
case_165,a,2025-02-24 20:43:10.520194
case_165,b,2025-02-24 20:48:10.520194
case_165,a,2025-02-24 20:53:10.520194
case_165,a,2025-02-24 20:58:10.520194
case_165,b,2025-02-24 21:03:10.520194
case_166,b,2025-02-24 19:28:10.520224
case_166,a,2025-02-24 19:33:10.520224
case_166,a,2025-02-24 19:38:10.520224
case_166,b,2025-02-24 19:43:10.520224
case_166,a,2025-02-24 19:48:10.520224
case_166,a,2025-02-24 19:53:10.520224
case_166,c,2025-02-24 19:58:10.520224
case_166,b,2025-02-24 20:03:10.520224
case_166,c,2025-02-24 20:08:10.520224
case_166,b,2025-02-24 20:13:10.520224
case_166,a,2025-02-24 20:18:10.520224
case_166,c,2025-02-24 20:23:10.520224
case_166,b,2025-02-24 20:28:10.520224
case_166,c,2025-02-24 20:33:10.520224
case_166,c,2025-02-24 20:38:10.520224
case_166,c,2025-02-24 20:43:10.520224
case_166,c,2025-02-24 20:48:10.520224
case_166,b,2025-02-24 20:53:10.520224
case_166,a,2025-02-24 20:58:10.520224
case_166,c,2025-02-24 21:03:10.520224
case_167,b,2025-02-24 19:28:10.520254
case_167,b,2025-02-24 19:33:10.520254
case_167,b,2025-02-24 19:38:10.520254
case_167,b,2025-02-24 19:43:10.520254
case_167,c,2025-02-24 19:48:10.520254
case_167,a,2025-02-24 19:53:10.520254
case_167,a,2025-02-24 19:58:10.520254
case_167,c,2025-02-24 20:03:10.520254
case_167,b,2025-02-24 20:08:10.520254
case_167,b,2025-02-24 20:13:10.520254
case_167,a,2025-02-24 20:18:10.520254
case_167,c,2025-02-24 20:23:10.520254
case_167,c,2025-02-24 20:28:10.520254
case_167,c,2025-02-24 20:33:10.520254
case_167,b,2025-02-24 20:38:10.520254
case_167,a,2025-02-24 20:43:10.520254
case_167,b,2025-02-24 20:48:10.520254
case_167,a,2025-02-24 20:53:10.520254
case_167,c,2025-02-24 20:58:10.520254
case_167,a,2025-02-24 21:03:10.520254
case_168,c,2025-02-24 19:28:10.520284
case_168,c,2025-02-24 19:33:10.520284
case_168,b,2025-02-24 19:38:10.520284
case_168,c,2025-02-24 19:43:10.520284
case_168,b,2025-02-24 19:48:10.520284
case_168,a,2025-02-24 19:53:10.520284
case_168,b,2025-02-24 19:58:10.520284
case_168,c,2025-02-24 20:03:10.520284
case_168,c,2025-02-24 20:08:10.520284
case_168,c,2025-02-24 20:13:10.520284
case_168,b,2025-02-24 20:18:10.520284
case_168,c,2025-02-24 20:23:10.520284
case_168,b,2025-02-24 20:28:10.520284
case_168,c,2025-02-24 20:33:10.520284
case_168,a,2025-02-24 20:38:10.520284
case_168,c,2025-02-24 20:43:10.520284
case_168,c,2025-02-24 20:48:10.520284
case_168,b,2025-02-24 20:53:10.520284
case_168,a,2025-02-24 20:58:10.520284
case_168,a,2025-02-24 21:03:10.520284
case_169,c,2025-02-24 19:28:10.520315
case_169,c,2025-02-24 19:33:10.520315
case_169,a,2025-02-24 19:38:10.520315
case_169,c,2025-02-24 19:43:10.520315
case_169,a,2025-02-24 19:48:10.520315
case_169,c,2025-02-24 19:53:10.520315
case_169,b,2025-02-24 19:58:10.520315
case_169,c,2025-02-24 20:03:10.520315
case_169,c,2025-02-24 20:08:10.520315
case_169,b,2025-02-24 20:13:10.520315
case_169,b,2025-02-24 20:18:10.520315
case_169,b,2025-02-24 20:23:10.520315
case_169,c,2025-02-24 20:28:10.520315
case_169,a,2025-02-24 20:33:10.520315
case_169,b,2025-02-24 20:38:10.520315
case_169,c,2025-02-24 20:43:10.520315
case_169,a,2025-02-24 20:48:10.520315
case_169,c,2025-02-24 20:53:10.520315
case_169,a,2025-02-24 20:58:10.520315
case_169,a,2025-02-24 21:03:10.520315
case_170,c,2025-02-24 19:28:10.520347
case_170,a,2025-02-24 19:33:10.520347
case_170,a,2025-02-24 19:38:10.520347
case_170,a,2025-02-24 19:43:10.520347
case_170,b,2025-02-24 19:48:10.520347
case_170,c,2025-02-24 19:53:10.520347
case_170,a,2025-02-24 19:58:10.520347
case_170,c,2025-02-24 20:03:10.520347
case_170,b,2025-02-24 20:08:10.520347
case_170,b,2025-02-24 20:13:10.520347
case_170,b,2025-02-24 20:18:10.520347
case_170,c,2025-02-24 20:23:10.520347
case_170,b,2025-02-24 20:28:10.520347
case_170,b,2025-02-24 20:33:10.520347
case_170,c,2025-02-24 20:38:10.520347
case_170,c,2025-02-24 20:43:10.520347
case_170,c,2025-02-24 20:48:10.520347
case_170,b,2025-02-24 20:53:10.520347
case_170,a,2025-02-24 20:58:10.520347
case_170,c,2025-02-24 21:03:10.520347
case_171,c,2025-02-24 19:28:10.520377
case_171,b,2025-02-24 19:33:10.520377
case_171,b,2025-02-24 19:38:10.520377
case_171,c,2025-02-24 19:43:10.520377
case_171,a,2025-02-24 19:48:10.520377
case_171,b,2025-02-24 19:53:10.520377
case_171,c,2025-02-24 19:58:10.520377
case_171,a,2025-02-24 20:03:10.520377
case_171,b,2025-02-24 20:08:10.520377
case_171,c,2025-02-24 20:13:10.520377
case_171,c,2025-02-24 20:18:10.520377
case_171,c,2025-02-24 20:23:10.520377
case_171,c,2025-02-24 20:28:10.520377
case_171,b,2025-02-24 20:33:10.520377
case_171,a,2025-02-24 20:38:10.520377
case_171,a,2025-02-24 20:43:10.520377
case_171,c,2025-02-24 20:48:10.520377
case_171,a,2025-02-24 20:53:10.520377
case_171,b,2025-02-24 20:58:10.520377
case_171,c,2025-02-24 21:03:10.520377
case_172,c,2025-02-24 19:28:10.520407
case_172,b,2025-02-24 19:33:10.520407
case_172,c,2025-02-24 19:38:10.520407
case_172,a,2025-02-24 19:43:10.520407
case_172,b,2025-02-24 19:48:10.520407
case_172,a,2025-02-24 19:53:10.520407
case_172,b,2025-02-24 19:58:10.520407
case_172,a,2025-02-24 20:03:10.520407
case_172,b,2025-02-24 20:08:10.520407
case_172,a,2025-02-24 20:13:10.520407
case_172,b,2025-02-24 20:18:10.520407
case_172,b,2025-02-24 20:23:10.520407
case_172,a,2025-02-24 20:28:10.520407
case_172,a,2025-02-24 20:33:10.520407
case_172,a,2025-02-24 20:38:10.520407
case_172,c,2025-02-24 20:43:10.520407
case_172,b,2025-02-24 20:48:10.520407
case_172,b,2025-02-24 20:53:10.520407
case_172,b,2025-02-24 20:58:10.520407
case_172,a,2025-02-24 21:03:10.520407
case_173,c,2025-02-24 19:28:10.520437
case_173,a,2025-02-24 19:33:10.520437
case_173,c,2025-02-24 19:38:10.520437
case_173,a,2025-02-24 19:43:10.520437
case_173,c,2025-02-24 19:48:10.520437
case_173,b,2025-02-24 19:53:10.520437
case_173,b,2025-02-24 19:58:10.520437
case_173,c,2025-02-24 20:03:10.520437
case_173,c,2025-02-24 20:08:10.520437
case_173,c,2025-02-24 20:13:10.520437
case_173,c,2025-02-24 20:18:10.520437
case_173,b,2025-02-24 20:23:10.520437
case_173,a,2025-02-24 20:28:10.520437
case_173,c,2025-02-24 20:33:10.520437
case_173,c,2025-02-24 20:38:10.520437
case_173,b,2025-02-24 20:43:10.520437
case_173,a,2025-02-24 20:48:10.520437
case_173,b,2025-02-24 20:53:10.520437
case_173,a,2025-02-24 20:58:10.520437
case_173,a,2025-02-24 21:03:10.520437
case_174,c,2025-02-24 19:28:10.520467
case_174,b,2025-02-24 19:33:10.520467
case_174,c,2025-02-24 19:38:10.520467
case_174,c,2025-02-24 19:43:10.520467
case_174,a,2025-02-24 19:48:10.520467
case_174,b,2025-02-24 19:53:10.520467
case_174,b,2025-02-24 19:58:10.520467
case_174,c,2025-02-24 20:03:10.520467
case_174,b,2025-02-24 20:08:10.520467
case_174,b,2025-02-24 20:13:10.520467
case_174,b,2025-02-24 20:18:10.520467
case_174,a,2025-02-24 20:23:10.520467
case_174,c,2025-02-24 20:28:10.520467
case_174,a,2025-02-24 20:33:10.520467
case_174,c,2025-02-24 20:38:10.520467
case_174,c,2025-02-24 20:43:10.520467
case_174,a,2025-02-24 20:48:10.520467
case_174,b,2025-02-24 20:53:10.520467
case_174,a,2025-02-24 20:58:10.520467
case_174,a,2025-02-24 21:03:10.520467
case_175,c,2025-02-24 19:28:10.520498
case_175,b,2025-02-24 19:33:10.520498
case_175,c,2025-02-24 19:38:10.520498
case_175,c,2025-02-24 19:43:10.520498
case_175,b,2025-02-24 19:48:10.520498
case_175,b,2025-02-24 19:53:10.520498
case_175,c,2025-02-24 19:58:10.520498
case_175,b,2025-02-24 20:03:10.520498
case_175,c,2025-02-24 20:08:10.520498
case_175,c,2025-02-24 20:13:10.520498
case_175,c,2025-02-24 20:18:10.520498
case_175,c,2025-02-24 20:23:10.520498
case_175,a,2025-02-24 20:28:10.520498
case_175,b,2025-02-24 20:33:10.520498
case_175,c,2025-02-24 20:38:10.520498
case_175,a,2025-02-24 20:43:10.520498
case_175,b,2025-02-24 20:48:10.520498
case_175,b,2025-02-24 20:53:10.520498
case_175,a,2025-02-24 20:58:10.520498
case_175,a,2025-02-24 21:03:10.520498
case_176,c,2025-02-24 19:28:10.520528
case_176,b,2025-02-24 19:33:10.520528
case_176,b,2025-02-24 19:38:10.520528
case_176,c,2025-02-24 19:43:10.520528
case_176,a,2025-02-24 19:48:10.520528
case_176,c,2025-02-24 19:53:10.520528
case_176,c,2025-02-24 19:58:10.520528
case_176,a,2025-02-24 20:03:10.520528
case_176,c,2025-02-24 20:08:10.520528
case_176,c,2025-02-24 20:13:10.520528
case_176,a,2025-02-24 20:18:10.520528
case_176,c,2025-02-24 20:23:10.520528
case_176,b,2025-02-24 20:28:10.520528
case_176,a,2025-02-24 20:33:10.520528
case_176,b,2025-02-24 20:38:10.520528
case_176,a,2025-02-24 20:43:10.520528
case_176,a,2025-02-24 20:48:10.520528
case_176,b,2025-02-24 20:53:10.520528
case_176,b,2025-02-24 20:58:10.520528
case_176,c,2025-02-24 21:03:10.520528
case_177,c,2025-02-24 19:28:10.520558
case_177,c,2025-02-24 19:33:10.520558
case_177,a,2025-02-24 19:38:10.520558
case_177,c,2025-02-24 19:43:10.520558
case_177,b,2025-02-24 19:48:10.520558
case_177,b,2025-02-24 19:53:10.520558
case_177,b,2025-02-24 19:58:10.520558
case_177,c,2025-02-24 20:03:10.520558
case_177,b,2025-02-24 20:08:10.520558
case_177,a,2025-02-24 20:13:10.520558
case_177,c,2025-02-24 20:18:10.520558
case_177,a,2025-02-24 20:23:10.520558
case_177,c,2025-02-24 20:28:10.520558
case_177,a,2025-02-24 20:33:10.520558
case_177,a,2025-02-24 20:38:10.520558
case_177,a,2025-02-24 20:43:10.520558
case_177,a,2025-02-24 20:48:10.520558
case_177,c,2025-02-24 20:53:10.520558
case_177,b,2025-02-24 20:58:10.520558
case_177,b,2025-02-24 21:03:10.520558
case_178,b,2025-02-24 19:28:10.520588
case_178,b,2025-02-24 19:33:10.520588
case_178,c,2025-02-24 19:38:10.520588
case_178,c,2025-02-24 19:43:10.520588
case_178,b,2025-02-24 19:48:10.520588
case_178,b,2025-02-24 19:53:10.520588
case_178,a,2025-02-24 19:58:10.520588
case_178,b,2025-02-24 20:03:10.520588
case_178,b,2025-02-24 20:08:10.520588
case_178,b,2025-02-24 20:13:10.520588
case_178,c,2025-02-24 20:18:10.520588
case_178,c,2025-02-24 20:23:10.520588
case_178,b,2025-02-24 20:28:10.520588
case_178,a,2025-02-24 20:33:10.520588
case_178,b,2025-02-24 20:38:10.520588
case_178,a,2025-02-24 20:43:10.520588
case_178,a,2025-02-24 20:48:10.520588
case_178,b,2025-02-24 20:53:10.520588
case_178,a,2025-02-24 20:58:10.520588
case_178,b,2025-02-24 21:03:10.520588
case_179,b,2025-02-24 19:28:10.520619
case_179,c,2025-02-24 19:33:10.520619
case_179,b,2025-02-24 19:38:10.520619
case_179,a,2025-02-24 19:43:10.520619
case_179,b,2025-02-24 19:48:10.520619
case_179,b,2025-02-24 19:53:10.520619
case_179,a,2025-02-24 19:58:10.520619
case_179,a,2025-02-24 20:03:10.520619
case_179,c,2025-02-24 20:08:10.520619
case_179,c,2025-02-24 20:13:10.520619
case_179,b,2025-02-24 20:18:10.520619
case_179,a,2025-02-24 20:23:10.520619
case_179,c,2025-02-24 20:28:10.520619
case_179,a,2025-02-24 20:33:10.520619
case_179,b,2025-02-24 20:38:10.520619
case_179,a,2025-02-24 20:43:10.520619
case_179,c,2025-02-24 20:48:10.520619
case_179,a,2025-02-24 20:53:10.520619
case_179,b,2025-02-24 20:58:10.520619
case_179,b,2025-02-24 21:03:10.520619
case_180,c,2025-02-24 19:28:10.520649
case_180,c,2025-02-24 19:33:10.520649
case_180,c,2025-02-24 19:38:10.520649
case_180,c,2025-02-24 19:43:10.520649
case_180,b,2025-02-24 19:48:10.520649
case_180,a,2025-02-24 19:53:10.520649
case_180,c,2025-02-24 19:58:10.520649
case_180,b,2025-02-24 20:03:10.520649
case_180,b,2025-02-24 20:08:10.520649
case_180,a,2025-02-24 20:13:10.520649
case_180,a,2025-02-24 20:18:10.520649
case_180,b,2025-02-24 20:23:10.520649
case_180,c,2025-02-24 20:28:10.520649
case_180,b,2025-02-24 20:33:10.520649
case_180,b,2025-02-24 20:38:10.520649
case_180,c,2025-02-24 20:43:10.520649
case_180,a,2025-02-24 20:48:10.520649
case_180,a,2025-02-24 20:53:10.520649
case_180,a,2025-02-24 20:58:10.520649
case_180,a,2025-02-24 21:03:10.520649
case_181,c,2025-02-24 19:28:10.520679
case_181,a,2025-02-24 19:33:10.520679
case_181,a,2025-02-24 19:38:10.520679
case_181,c,2025-02-24 19:43:10.520679
case_181,c,2025-02-24 19:48:10.520679
case_181,b,2025-02-24 19:53:10.520679
case_181,b,2025-02-24 19:58:10.520679
case_181,b,2025-02-24 20:03:10.520679
case_181,b,2025-02-24 20:08:10.520679
case_181,a,2025-02-24 20:13:10.520679
case_181,b,2025-02-24 20:18:10.520679
case_181,c,2025-02-24 20:23:10.520679
case_181,b,2025-02-24 20:28:10.520679
case_181,a,2025-02-24 20:33:10.520679
case_181,c,2025-02-24 20:38:10.520679
case_181,c,2025-02-24 20:43:10.520679
case_181,a,2025-02-24 20:48:10.520679
case_181,b,2025-02-24 20:53:10.520679
case_181,c,2025-02-24 20:58:10.520679
case_181,c,2025-02-24 21:03:10.520679
case_182,b,2025-02-24 19:28:10.520710
case_182,c,2025-02-24 19:33:10.520710
case_182,c,2025-02-24 19:38:10.520710
case_182,b,2025-02-24 19:43:10.520710
case_182,b,2025-02-24 19:48:10.520710
case_182,b,2025-02-24 19:53:10.520710
case_182,c,2025-02-24 19:58:10.520710
case_182,a,2025-02-24 20:03:10.520710
case_182,c,2025-02-24 20:08:10.520710
case_182,a,2025-02-24 20:13:10.520710
case_182,b,2025-02-24 20:18:10.520710
case_182,a,2025-02-24 20:23:10.520710
case_182,b,2025-02-24 20:28:10.520710
case_182,b,2025-02-24 20:33:10.520710
case_182,b,2025-02-24 20:38:10.520710
case_182,a,2025-02-24 20:43:10.520710
case_182,a,2025-02-24 20:48:10.520710
case_182,b,2025-02-24 20:53:10.520710
case_182,b,2025-02-24 20:58:10.520710
case_182,b,2025-02-24 21:03:10.520710
case_183,b,2025-02-24 19:28:10.520740
case_183,c,2025-02-24 19:33:10.520740
case_183,a,2025-02-24 19:38:10.520740
case_183,c,2025-02-24 19:43:10.520740
case_183,a,2025-02-24 19:48:10.520740
case_183,a,2025-02-24 19:53:10.520740
case_183,a,2025-02-24 19:58:10.520740
case_183,c,2025-02-24 20:03:10.520740
case_183,b,2025-02-24 20:08:10.520740
case_183,a,2025-02-24 20:13:10.520740
case_183,a,2025-02-24 20:18:10.520740
case_183,b,2025-02-24 20:23:10.520740
case_183,b,2025-02-24 20:28:10.520740
case_183,a,2025-02-24 20:33:10.520740
case_183,b,2025-02-24 20:38:10.520740
case_183,c,2025-02-24 20:43:10.520740
case_183,b,2025-02-24 20:48:10.520740
case_183,a,2025-02-24 20:53:10.520740
case_183,c,2025-02-24 20:58:10.520740
case_183,c,2025-02-24 21:03:10.520740
case_184,b,2025-02-24 19:28:10.520770
case_184,a,2025-02-24 19:33:10.520770
case_184,b,2025-02-24 19:38:10.520770
case_184,b,2025-02-24 19:43:10.520770
case_184,a,2025-02-24 19:48:10.520770
case_184,c,2025-02-24 19:53:10.520770
case_184,c,2025-02-24 19:58:10.520770
case_184,a,2025-02-24 20:03:10.520770
case_184,b,2025-02-24 20:08:10.520770
case_184,c,2025-02-24 20:13:10.520770
case_184,c,2025-02-24 20:18:10.520770
case_184,b,2025-02-24 20:23:10.520770
case_184,b,2025-02-24 20:28:10.520770
case_184,a,2025-02-24 20:33:10.520770
case_184,b,2025-02-24 20:38:10.520770
case_184,a,2025-02-24 20:43:10.520770
case_184,a,2025-02-24 20:48:10.520770
case_184,a,2025-02-24 20:53:10.520770
case_184,c,2025-02-24 20:58:10.520770
case_184,c,2025-02-24 21:03:10.520770
case_185,c,2025-02-24 19:28:10.520801
case_185,c,2025-02-24 19:33:10.520801
case_185,b,2025-02-24 19:38:10.520801
case_185,b,2025-02-24 19:43:10.520801
case_185,c,2025-02-24 19:48:10.520801
case_185,b,2025-02-24 19:53:10.520801
case_185,a,2025-02-24 19:58:10.520801
case_185,a,2025-02-24 20:03:10.520801
case_185,c,2025-02-24 20:08:10.520801
case_185,a,2025-02-24 20:13:10.520801
case_185,a,2025-02-24 20:18:10.520801
case_185,a,2025-02-24 20:23:10.520801
case_185,b,2025-02-24 20:28:10.520801
case_185,b,2025-02-24 20:33:10.520801
case_185,a,2025-02-24 20:38:10.520801
case_185,c,2025-02-24 20:43:10.520801
case_185,c,2025-02-24 20:48:10.520801
case_185,a,2025-02-24 20:53:10.520801
case_185,c,2025-02-24 20:58:10.520801
case_185,c,2025-02-24 21:03:10.520801
case_186,c,2025-02-24 19:28:10.520831
case_186,b,2025-02-24 19:33:10.520831
case_186,c,2025-02-24 19:38:10.520831
case_186,a,2025-02-24 19:43:10.520831
case_186,c,2025-02-24 19:48:10.520831
case_186,c,2025-02-24 19:53:10.520831
case_186,b,2025-02-24 19:58:10.520831
case_186,b,2025-02-24 20:03:10.520831
case_186,a,2025-02-24 20:08:10.520831
case_186,c,2025-02-24 20:13:10.520831
case_186,c,2025-02-24 20:18:10.520831
case_186,c,2025-02-24 20:23:10.520831
case_186,c,2025-02-24 20:28:10.520831
case_186,b,2025-02-24 20:33:10.520831
case_186,b,2025-02-24 20:38:10.520831
case_186,b,2025-02-24 20:43:10.520831
case_186,c,2025-02-24 20:48:10.520831
case_186,b,2025-02-24 20:53:10.520831
case_186,a,2025-02-24 20:58:10.520831
case_186,a,2025-02-24 21:03:10.520831
case_187,c,2025-02-24 19:28:10.520861
case_187,b,2025-02-24 19:33:10.520861
case_187,b,2025-02-24 19:38:10.520861
case_187,b,2025-02-24 19:43:10.520861
case_187,c,2025-02-24 19:48:10.520861
case_187,c,2025-02-24 19:53:10.520861
case_187,c,2025-02-24 19:58:10.520861
case_187,c,2025-02-24 20:03:10.520861
case_187,c,2025-02-24 20:08:10.520861
case_187,b,2025-02-24 20:13:10.520861
case_187,a,2025-02-24 20:18:10.520861
case_187,b,2025-02-24 20:23:10.520861
case_187,a,2025-02-24 20:28:10.520861
case_187,c,2025-02-24 20:33:10.520861
case_187,b,2025-02-24 20:38:10.520861
case_187,a,2025-02-24 20:43:10.520861
case_187,b,2025-02-24 20:48:10.520861
case_187,b,2025-02-24 20:53:10.520861
case_187,a,2025-02-24 20:58:10.520861
case_187,a,2025-02-24 21:03:10.520861
case_188,b,2025-02-24 19:28:10.520892
case_188,a,2025-02-24 19:33:10.520892
case_188,a,2025-02-24 19:38:10.520892
case_188,c,2025-02-24 19:43:10.520892
case_188,c,2025-02-24 19:48:10.520892
case_188,c,2025-02-24 19:53:10.520892
case_188,c,2025-02-24 19:58:10.520892
case_188,c,2025-02-24 20:03:10.520892
case_188,a,2025-02-24 20:08:10.520892
case_188,b,2025-02-24 20:13:10.520892
case_188,a,2025-02-24 20:18:10.520892
case_188,b,2025-02-24 20:23:10.520892
case_188,a,2025-02-24 20:28:10.520892
case_188,c,2025-02-24 20:33:10.520892
case_188,b,2025-02-24 20:38:10.520892
case_188,a,2025-02-24 20:43:10.520892
case_188,c,2025-02-24 20:48:10.520892
case_188,a,2025-02-24 20:53:10.520892
case_188,a,2025-02-24 20:58:10.520892
case_188,b,2025-02-24 21:03:10.520892
case_189,b,2025-02-24 19:28:10.520922
case_189,a,2025-02-24 19:33:10.520922
case_189,c,2025-02-24 19:38:10.520922
case_189,b,2025-02-24 19:43:10.520922
case_189,c,2025-02-24 19:48:10.520922
case_189,c,2025-02-24 19:53:10.520922
case_189,a,2025-02-24 19:58:10.520922
case_189,b,2025-02-24 20:03:10.520922
case_189,b,2025-02-24 20:08:10.520922
case_189,c,2025-02-24 20:13:10.520922
case_189,c,2025-02-24 20:18:10.520922
case_189,a,2025-02-24 20:23:10.520922
case_189,a,2025-02-24 20:28:10.520922
case_189,b,2025-02-24 20:33:10.520922
case_189,a,2025-02-24 20:38:10.520922
case_189,c,2025-02-24 20:43:10.520922
case_189,c,2025-02-24 20:48:10.520922
case_189,c,2025-02-24 20:53:10.520922
case_189,b,2025-02-24 20:58:10.520922
case_189,b,2025-02-24 21:03:10.520922
case_190,c,2025-02-24 19:28:10.520952
case_190,a,2025-02-24 19:33:10.520952
case_190,a,2025-02-24 19:38:10.520952
case_190,a,2025-02-24 19:43:10.520952
case_190,c,2025-02-24 19:48:10.520952
case_190,a,2025-02-24 19:53:10.520952
case_190,c,2025-02-24 19:58:10.520952
case_190,c,2025-02-24 20:03:10.520952
case_190,a,2025-02-24 20:08:10.520952
case_190,a,2025-02-24 20:13:10.520952
case_190,b,2025-02-24 20:18:10.520952
case_190,a,2025-02-24 20:23:10.520952
case_190,b,2025-02-24 20:28:10.520952
case_190,a,2025-02-24 20:33:10.520952
case_190,b,2025-02-24 20:38:10.520952
case_190,b,2025-02-24 20:43:10.520952
case_190,c,2025-02-24 20:48:10.520952
case_190,b,2025-02-24 20:53:10.520952
case_190,b,2025-02-24 20:58:10.520952
case_190,a,2025-02-24 21:03:10.520952
case_191,b,2025-02-24 19:28:10.520982
case_191,c,2025-02-24 19:33:10.520982
case_191,c,2025-02-24 19:38:10.520982
case_191,b,2025-02-24 19:43:10.520982
case_191,c,2025-02-24 19:48:10.520982
case_191,a,2025-02-24 19:53:10.520982
case_191,b,2025-02-24 19:58:10.520982
case_191,a,2025-02-24 20:03:10.520982
case_191,c,2025-02-24 20:08:10.520982
case_191,a,2025-02-24 20:13:10.520982
case_191,a,2025-02-24 20:18:10.520982
case_191,a,2025-02-24 20:23:10.520982
case_191,c,2025-02-24 20:28:10.520982
case_191,b,2025-02-24 20:33:10.520982
case_191,b,2025-02-24 20:38:10.520982
case_191,a,2025-02-24 20:43:10.520982
case_191,c,2025-02-24 20:48:10.520982
case_191,a,2025-02-24 20:53:10.520982
case_191,b,2025-02-24 20:58:10.520982
case_191,a,2025-02-24 21:03:10.520982
case_192,b,2025-02-24 19:28:10.521013
case_192,a,2025-02-24 19:33:10.521013
case_192,c,2025-02-24 19:38:10.521013
case_192,c,2025-02-24 19:43:10.521013
case_192,a,2025-02-24 19:48:10.521013
case_192,a,2025-02-24 19:53:10.521013
case_192,c,2025-02-24 19:58:10.521013
case_192,c,2025-02-24 20:03:10.521013
case_192,c,2025-02-24 20:08:10.521013
case_192,a,2025-02-24 20:13:10.521013
case_192,c,2025-02-24 20:18:10.521013
case_192,a,2025-02-24 20:23:10.521013
case_192,c,2025-02-24 20:28:10.521013
case_192,a,2025-02-24 20:33:10.521013
case_192,a,2025-02-24 20:38:10.521013
case_192,a,2025-02-24 20:43:10.521013
case_192,a,2025-02-24 20:48:10.521013
case_192,c,2025-02-24 20:53:10.521013
case_192,c,2025-02-24 20:58:10.521013
case_192,b,2025-02-24 21:03:10.521013
case_193,c,2025-02-24 19:28:10.521043
case_193,c,2025-02-24 19:33:10.521043
case_193,c,2025-02-24 19:38:10.521043
case_193,a,2025-02-24 19:43:10.521043
case_193,b,2025-02-24 19:48:10.521043
case_193,c,2025-02-24 19:53:10.521043
case_193,a,2025-02-24 19:58:10.521043
case_193,c,2025-02-24 20:03:10.521043
case_193,a,2025-02-24 20:08:10.521043
case_193,b,2025-02-24 20:13:10.521043
case_193,c,2025-02-24 20:18:10.521043
case_193,c,2025-02-24 20:23:10.521043
case_193,b,2025-02-24 20:28:10.521043
case_193,c,2025-02-24 20:33:10.521043
case_193,a,2025-02-24 20:38:10.521043
case_193,c,2025-02-24 20:43:10.521043
case_193,c,2025-02-24 20:48:10.521043
case_193,b,2025-02-24 20:53:10.521043
case_193,a,2025-02-24 20:58:10.521043
case_193,a,2025-02-24 21:03:10.521043
case_194,b,2025-02-24 19:28:10.521073
case_194,a,2025-02-24 19:33:10.521073
case_194,c,2025-02-24 19:38:10.521073
case_194,c,2025-02-24 19:43:10.521073
case_194,c,2025-02-24 19:48:10.521073
case_194,a,2025-02-24 19:53:10.521073
case_194,a,2025-02-24 19:58:10.521073
case_194,a,2025-02-24 20:03:10.521073
case_194,a,2025-02-24 20:08:10.521073
case_194,b,2025-02-24 20:13:10.521073
case_194,a,2025-02-24 20:18:10.521073
case_194,a,2025-02-24 20:23:10.521073
case_194,c,2025-02-24 20:28:10.521073
case_194,a,2025-02-24 20:33:10.521073
case_194,b,2025-02-24 20:38:10.521073
case_194,b,2025-02-24 20:43:10.521073
case_194,a,2025-02-24 20:48:10.521073
case_194,a,2025-02-24 20:53:10.521073
case_194,b,2025-02-24 20:58:10.521073
case_194,a,2025-02-24 21:03:10.521073
case_195,c,2025-02-24 19:28:10.521103
case_195,c,2025-02-24 19:33:10.521103
case_195,c,2025-02-24 19:38:10.521103
case_195,c,2025-02-24 19:43:10.521103
case_195,c,2025-02-24 19:48:10.521103
case_195,b,2025-02-24 19:53:10.521103
case_195,a,2025-02-24 19:58:10.521103
case_195,c,2025-02-24 20:03:10.521103
case_195,b,2025-02-24 20:08:10.521103
case_195,c,2025-02-24 20:13:10.521103
case_195,a,2025-02-24 20:18:10.521103
case_195,b,2025-02-24 20:23:10.521103
case_195,c,2025-02-24 20:28:10.521103
case_195,c,2025-02-24 20:33:10.521103
case_195,c,2025-02-24 20:38:10.521103
case_195,b,2025-02-24 20:43:10.521103
case_195,b,2025-02-24 20:48:10.521103
case_195,a,2025-02-24 20:53:10.521103
case_195,a,2025-02-24 20:58:10.521103
case_195,a,2025-02-24 21:03:10.521103
case_196,b,2025-02-24 19:28:10.521134
case_196,c,2025-02-24 19:33:10.521134
case_196,b,2025-02-24 19:38:10.521134
case_196,b,2025-02-24 19:43:10.521134
case_196,c,2025-02-24 19:48:10.521134
case_196,c,2025-02-24 19:53:10.521134
case_196,a,2025-02-24 19:58:10.521134
case_196,a,2025-02-24 20:03:10.521134
case_196,b,2025-02-24 20:08:10.521134
case_196,c,2025-02-24 20:13:10.521134
case_196,a,2025-02-24 20:18:10.521134
case_196,b,2025-02-24 20:23:10.521134
case_196,c,2025-02-24 20:28:10.521134
case_196,b,2025-02-24 20:33:10.521134
case_196,a,2025-02-24 20:38:10.521134
case_196,b,2025-02-24 20:43:10.521134
case_196,a,2025-02-24 20:48:10.521134
case_196,c,2025-02-24 20:53:10.521134
case_196,a,2025-02-24 20:58:10.521134
case_196,a,2025-02-24 21:03:10.521134
case_197,c,2025-02-24 19:28:10.521164
case_197,a,2025-02-24 19:33:10.521164
case_197,a,2025-02-24 19:38:10.521164
case_197,a,2025-02-24 19:43:10.521164
case_197,b,2025-02-24 19:48:10.521164
case_197,c,2025-02-24 19:53:10.521164
case_197,a,2025-02-24 19:58:10.521164
case_197,c,2025-02-24 20:03:10.521164
case_197,b,2025-02-24 20:08:10.521164
case_197,c,2025-02-24 20:13:10.521164
case_197,c,2025-02-24 20:18:10.521164
case_197,c,2025-02-24 20:23:10.521164
case_197,a,2025-02-24 20:28:10.521164
case_197,b,2025-02-24 20:33:10.521164
case_197,b,2025-02-24 20:38:10.521164
case_197,a,2025-02-24 20:43:10.521164
case_197,a,2025-02-24 20:48:10.521164
case_197,c,2025-02-24 20:53:10.521164
case_197,c,2025-02-24 20:58:10.521164
case_197,a,2025-02-24 21:03:10.521164
case_198,c,2025-02-24 19:28:10.521194
case_198,c,2025-02-24 19:33:10.521194
case_198,a,2025-02-24 19:38:10.521194
case_198,c,2025-02-24 19:43:10.521194
case_198,a,2025-02-24 19:48:10.521194
case_198,b,2025-02-24 19:53:10.521194
case_198,c,2025-02-24 19:58:10.521194
case_198,b,2025-02-24 20:03:10.521194
case_198,b,2025-02-24 20:08:10.521194
case_198,b,2025-02-24 20:13:10.521194
case_198,b,2025-02-24 20:18:10.521194
case_198,b,2025-02-24 20:23:10.521194
case_198,c,2025-02-24 20:28:10.521194
case_198,a,2025-02-24 20:33:10.521194
case_198,a,2025-02-24 20:38:10.521194
case_198,b,2025-02-24 20:43:10.521194
case_198,a,2025-02-24 20:48:10.521194
case_198,b,2025-02-24 20:53:10.521194
case_198,a,2025-02-24 20:58:10.521194
case_198,c,2025-02-24 21:03:10.521194
case_199,b,2025-02-24 19:28:10.521224
case_199,a,2025-02-24 19:33:10.521224
case_199,a,2025-02-24 19:38:10.521224
case_199,a,2025-02-24 19:43:10.521224
case_199,a,2025-02-24 19:48:10.521224
case_199,a,2025-02-24 19:53:10.521224
case_199,a,2025-02-24 19:58:10.521224
case_199,a,2025-02-24 20:03:10.521224
case_199,b,2025-02-24 20:08:10.521224
case_199,c,2025-02-24 20:13:10.521224
case_199,c,2025-02-24 20:18:10.521224
case_199,b,2025-02-24 20:23:10.521224
case_199,b,2025-02-24 20:28:10.521224
case_199,b,2025-02-24 20:33:10.521224
case_199,a,2025-02-24 20:38:10.521224
case_199,a,2025-02-24 20:43:10.521224
case_199,c,2025-02-24 20:48:10.521224
case_199,c,2025-02-24 20:53:10.521224
case_199,a,2025-02-24 20:58:10.521224
case_199,a,2025-02-24 21:03:10.521224
case_200,b,2025-02-24 19:28:10.521255
case_200,c,2025-02-24 19:33:10.521255
case_200,a,2025-02-24 19:38:10.521255
case_200,c,2025-02-24 19:43:10.521255
case_200,c,2025-02-24 19:48:10.521255
case_200,c,2025-02-24 19:53:10.521255
case_200,b,2025-02-24 19:58:10.521255
case_200,c,2025-02-24 20:03:10.521255
case_200,c,2025-02-24 20:08:10.521255
case_200,c,2025-02-24 20:13:10.521255
case_200,c,2025-02-24 20:18:10.521255
case_200,a,2025-02-24 20:23:10.521255
case_200,b,2025-02-24 20:28:10.521255
case_200,b,2025-02-24 20:33:10.521255
case_200,a,2025-02-24 20:38:10.521255
case_200,b,2025-02-24 20:43:10.521255
case_200,c,2025-02-24 20:48:10.521255
case_200,b,2025-02-24 20:53:10.521255
case_200,a,2025-02-24 20:58:10.521255
case_200,a,2025-02-24 21:03:10.521255
case_201,b,2025-02-24 19:28:10.521285
case_201,c,2025-02-24 19:33:10.521285
case_201,c,2025-02-24 19:38:10.521285
case_201,a,2025-02-24 19:43:10.521285
case_201,a,2025-02-24 19:48:10.521285
case_201,c,2025-02-24 19:53:10.521285
case_201,b,2025-02-24 19:58:10.521285
case_201,a,2025-02-24 20:03:10.521285
case_201,c,2025-02-24 20:08:10.521285
case_201,c,2025-02-24 20:13:10.521285
case_201,c,2025-02-24 20:18:10.521285
case_201,a,2025-02-24 20:23:10.521285
case_201,c,2025-02-24 20:28:10.521285
case_201,c,2025-02-24 20:33:10.521285
case_201,b,2025-02-24 20:38:10.521285
case_201,c,2025-02-24 20:43:10.521285
case_201,a,2025-02-24 20:48:10.521285
case_201,a,2025-02-24 20:53:10.521285
case_201,c,2025-02-24 20:58:10.521285
case_201,c,2025-02-24 21:03:10.521285
case_202,b,2025-02-24 19:28:10.521316
case_202,b,2025-02-24 19:33:10.521316
case_202,a,2025-02-24 19:38:10.521316
case_202,c,2025-02-24 19:43:10.521316
case_202,a,2025-02-24 19:48:10.521316
case_202,b,2025-02-24 19:53:10.521316
case_202,b,2025-02-24 19:58:10.521316
case_202,c,2025-02-24 20:03:10.521316
case_202,c,2025-02-24 20:08:10.521316
case_202,b,2025-02-24 20:13:10.521316
case_202,c,2025-02-24 20:18:10.521316
case_202,a,2025-02-24 20:23:10.521316
case_202,b,2025-02-24 20:28:10.521316
case_202,a,2025-02-24 20:33:10.521316
case_202,c,2025-02-24 20:38:10.521316
case_202,c,2025-02-24 20:43:10.521316
case_202,b,2025-02-24 20:48:10.521316
case_202,a,2025-02-24 20:53:10.521316
case_202,a,2025-02-24 20:58:10.521316
case_202,a,2025-02-24 21:03:10.521316
case_203,c,2025-02-24 19:28:10.521347
case_203,c,2025-02-24 19:33:10.521347
case_203,b,2025-02-24 19:38:10.521347
case_203,b,2025-02-24 19:43:10.521347
case_203,b,2025-02-24 19:48:10.521347
case_203,c,2025-02-24 19:53:10.521347
case_203,b,2025-02-24 19:58:10.521347
case_203,c,2025-02-24 20:03:10.521347
case_203,a,2025-02-24 20:08:10.521347
case_203,a,2025-02-24 20:13:10.521347
case_203,b,2025-02-24 20:18:10.521347
case_203,a,2025-02-24 20:23:10.521347
case_203,a,2025-02-24 20:28:10.521347
case_203,a,2025-02-24 20:33:10.521347
case_203,c,2025-02-24 20:38:10.521347
case_203,b,2025-02-24 20:43:10.521347
case_203,b,2025-02-24 20:48:10.521347
case_203,c,2025-02-24 20:53:10.521347
case_203,a,2025-02-24 20:58:10.521347
case_203,a,2025-02-24 21:03:10.521347
case_204,c,2025-02-24 19:28:10.521377
case_204,b,2025-02-24 19:33:10.521377
case_204,a,2025-02-24 19:38:10.521377
case_204,b,2025-02-24 19:43:10.521377
case_204,b,2025-02-24 19:48:10.521377
case_204,a,2025-02-24 19:53:10.521377
case_204,c,2025-02-24 19:58:10.521377
case_204,a,2025-02-24 20:03:10.521377
case_204,c,2025-02-24 20:08:10.521377
case_204,c,2025-02-24 20:13:10.521377
case_204,b,2025-02-24 20:18:10.521377
case_204,b,2025-02-24 20:23:10.521377
case_204,c,2025-02-24 20:28:10.521377
case_204,c,2025-02-24 20:33:10.521377
case_204,a,2025-02-24 20:38:10.521377
case_204,b,2025-02-24 20:43:10.521377
case_204,a,2025-02-24 20:48:10.521377
case_204,c,2025-02-24 20:53:10.521377
case_204,a,2025-02-24 20:58:10.521377
case_204,a,2025-02-24 21:03:10.521377
case_205,c,2025-02-24 19:28:10.521407
case_205,b,2025-02-24 19:33:10.521407
case_205,a,2025-02-24 19:38:10.521407
case_205,b,2025-02-24 19:43:10.521407
case_205,b,2025-02-24 19:48:10.521407
case_205,c,2025-02-24 19:53:10.521407
case_205,a,2025-02-24 19:58:10.521407
case_205,c,2025-02-24 20:03:10.521407
case_205,a,2025-02-24 20:08:10.521407
case_205,a,2025-02-24 20:13:10.521407
case_205,c,2025-02-24 20:18:10.521407
case_205,b,2025-02-24 20:23:10.521407
case_205,a,2025-02-24 20:28:10.521407
case_205,a,2025-02-24 20:33:10.521407
case_205,b,2025-02-24 20:38:10.521407
case_205,b,2025-02-24 20:43:10.521407
case_205,a,2025-02-24 20:48:10.521407
case_205,c,2025-02-24 20:53:10.521407
case_205,c,2025-02-24 20:58:10.521407
case_205,b,2025-02-24 21:03:10.521407
case_206,c,2025-02-24 19:28:10.521436
case_206,c,2025-02-24 19:33:10.521436
case_206,c,2025-02-24 19:38:10.521436
case_206,c,2025-02-24 19:43:10.521436
case_206,c,2025-02-24 19:48:10.521436
case_206,b,2025-02-24 19:53:10.521436
case_206,c,2025-02-24 19:58:10.521436
case_206,a,2025-02-24 20:03:10.521436
case_206,a,2025-02-24 20:08:10.521436
case_206,b,2025-02-24 20:13:10.521436
case_206,a,2025-02-24 20:18:10.521436
case_206,c,2025-02-24 20:23:10.521436
case_206,a,2025-02-24 20:28:10.521436
case_206,c,2025-02-24 20:33:10.521436
case_206,b,2025-02-24 20:38:10.521436
case_206,c,2025-02-24 20:43:10.521436
case_206,a,2025-02-24 20:48:10.521436
case_206,b,2025-02-24 20:53:10.521436
case_206,b,2025-02-24 20:58:10.521436
case_206,a,2025-02-24 21:03:10.521436
case_207,c,2025-02-24 19:28:10.521466
case_207,a,2025-02-24 19:33:10.521466
case_207,b,2025-02-24 19:38:10.521466
case_207,c,2025-02-24 19:43:10.521466
case_207,b,2025-02-24 19:48:10.521466
case_207,b,2025-02-24 19:53:10.521466
case_207,a,2025-02-24 19:58:10.521466
case_207,c,2025-02-24 20:03:10.521466
case_207,a,2025-02-24 20:08:10.521466
case_207,b,2025-02-24 20:13:10.521466
case_207,b,2025-02-24 20:18:10.521466
case_207,a,2025-02-24 20:23:10.521466
case_207,a,2025-02-24 20:28:10.521466
case_207,c,2025-02-24 20:33:10.521466
case_207,b,2025-02-24 20:38:10.521466
case_207,c,2025-02-24 20:43:10.521466
case_207,c,2025-02-24 20:48:10.521466
case_207,c,2025-02-24 20:53:10.521466
case_207,b,2025-02-24 20:58:10.521466
case_207,a,2025-02-24 21:03:10.521466
case_208,c,2025-02-24 19:28:10.521496
case_208,b,2025-02-24 19:33:10.521496
case_208,a,2025-02-24 19:38:10.521496
case_208,b,2025-02-24 19:43:10.521496
case_208,b,2025-02-24 19:48:10.521496
case_208,c,2025-02-24 19:53:10.521496
case_208,b,2025-02-24 19:58:10.521496
case_208,a,2025-02-24 20:03:10.521496
case_208,c,2025-02-24 20:08:10.521496
case_208,a,2025-02-24 20:13:10.521496
case_208,a,2025-02-24 20:18:10.521496
case_208,c,2025-02-24 20:23:10.521496
case_208,a,2025-02-24 20:28:10.521496
case_208,a,2025-02-24 20:33:10.521496
case_208,b,2025-02-24 20:38:10.521496
case_208,c,2025-02-24 20:43:10.521496
case_208,b,2025-02-24 20:48:10.521496
case_208,b,2025-02-24 20:53:10.521496
case_208,b,2025-02-24 20:58:10.521496
case_208,c,2025-02-24 21:03:10.521496
case_209,c,2025-02-24 19:28:10.521525
case_209,a,2025-02-24 19:33:10.521525
case_209,b,2025-02-24 19:38:10.521525
case_209,a,2025-02-24 19:43:10.521525
case_209,c,2025-02-24 19:48:10.521525
case_209,b,2025-02-24 19:53:10.521525
case_209,a,2025-02-24 19:58:10.521525
case_209,b,2025-02-24 20:03:10.521525
case_209,b,2025-02-24 20:08:10.521525
case_209,b,2025-02-24 20:13:10.521525
case_209,c,2025-02-24 20:18:10.521525
case_209,c,2025-02-24 20:23:10.521525
case_209,a,2025-02-24 20:28:10.521525
case_209,a,2025-02-24 20:33:10.521525
case_209,a,2025-02-24 20:38:10.521525
case_209,a,2025-02-24 20:43:10.521525
case_209,a,2025-02-24 20:48:10.521525
case_209,b,2025-02-24 20:53:10.521525
case_209,a,2025-02-24 20:58:10.521525
case_209,b,2025-02-24 21:03:10.521525
case_210,c,2025-02-24 19:28:10.521555
case_210,b,2025-02-24 19:33:10.521555
case_210,a,2025-02-24 19:38:10.521555
case_210,b,2025-02-24 19:43:10.521555
case_210,c,2025-02-24 19:48:10.521555
case_210,b,2025-02-24 19:53:10.521555
case_210,c,2025-02-24 19:58:10.521555
case_210,a,2025-02-24 20:03:10.521555
case_210,b,2025-02-24 20:08:10.521555
case_210,b,2025-02-24 20:13:10.521555
case_210,b,2025-02-24 20:18:10.521555
case_210,a,2025-02-24 20:23:10.521555
case_210,a,2025-02-24 20:28:10.521555
case_210,a,2025-02-24 20:33:10.521555
case_210,c,2025-02-24 20:38:10.521555
case_210,b,2025-02-24 20:43:10.521555
case_210,b,2025-02-24 20:48:10.521555
case_210,a,2025-02-24 20:53:10.521555
case_210,c,2025-02-24 20:58:10.521555
case_210,b,2025-02-24 21:03:10.521555
case_211,b,2025-02-24 19:28:10.521585
case_211,a,2025-02-24 19:33:10.521585
case_211,c,2025-02-24 19:38:10.521585
case_211,c,2025-02-24 19:43:10.521585
case_211,a,2025-02-24 19:48:10.521585
case_211,a,2025-02-24 19:53:10.521585
case_211,c,2025-02-24 19:58:10.521585
case_211,b,2025-02-24 20:03:10.521585
case_211,b,2025-02-24 20:08:10.521585
case_211,c,2025-02-24 20:13:10.521585
case_211,b,2025-02-24 20:18:10.521585
case_211,a,2025-02-24 20:23:10.521585
case_211,b,2025-02-24 20:28:10.521585
case_211,b,2025-02-24 20:33:10.521585
case_211,a,2025-02-24 20:38:10.521585
case_211,b,2025-02-24 20:43:10.521585
case_211,c,2025-02-24 20:48:10.521585
case_211,a,2025-02-24 20:53:10.521585
case_211,c,2025-02-24 20:58:10.521585
case_211,c,2025-02-24 21:03:10.521585
case_212,c,2025-02-24 19:28:10.521614
case_212,b,2025-02-24 19:33:10.521614
case_212,c,2025-02-24 19:38:10.521614
case_212,a,2025-02-24 19:43:10.521614
case_212,c,2025-02-24 19:48:10.521614
case_212,b,2025-02-24 19:53:10.521614
case_212,b,2025-02-24 19:58:10.521614
case_212,b,2025-02-24 20:03:10.521614
case_212,a,2025-02-24 20:08:10.521614
case_212,a,2025-02-24 20:13:10.521614
case_212,c,2025-02-24 20:18:10.521614
case_212,a,2025-02-24 20:23:10.521614
case_212,b,2025-02-24 20:28:10.521614
case_212,b,2025-02-24 20:33:10.521614
case_212,b,2025-02-24 20:38:10.521614
case_212,a,2025-02-24 20:43:10.521614
case_212,c,2025-02-24 20:48:10.521614
case_212,a,2025-02-24 20:53:10.521614
case_212,a,2025-02-24 20:58:10.521614
case_212,b,2025-02-24 21:03:10.521614
case_213,b,2025-02-24 19:28:10.521644
case_213,a,2025-02-24 19:33:10.521644
case_213,b,2025-02-24 19:38:10.521644
case_213,c,2025-02-24 19:43:10.521644
case_213,a,2025-02-24 19:48:10.521644
case_213,c,2025-02-24 19:53:10.521644
case_213,a,2025-02-24 19:58:10.521644
case_213,b,2025-02-24 20:03:10.521644
case_213,a,2025-02-24 20:08:10.521644
case_213,b,2025-02-24 20:13:10.521644
case_213,c,2025-02-24 20:18:10.521644
case_213,b,2025-02-24 20:23:10.521644
case_213,a,2025-02-24 20:28:10.521644
case_213,c,2025-02-24 20:33:10.521644
case_213,c,2025-02-24 20:38:10.521644
case_213,c,2025-02-24 20:43:10.521644
case_213,a,2025-02-24 20:48:10.521644
case_213,b,2025-02-24 20:53:10.521644
case_213,a,2025-02-24 20:58:10.521644
case_213,a,2025-02-24 21:03:10.521644
case_214,c,2025-02-24 19:28:10.521674
case_214,c,2025-02-24 19:33:10.521674
case_214,b,2025-02-24 19:38:10.521674
case_214,c,2025-02-24 19:43:10.521674
case_214,b,2025-02-24 19:48:10.521674
case_214,a,2025-02-24 19:53:10.521674
case_214,b,2025-02-24 19:58:10.521674
case_214,a,2025-02-24 20:03:10.521674
case_214,b,2025-02-24 20:08:10.521674
case_214,b,2025-02-24 20:13:10.521674
case_214,c,2025-02-24 20:18:10.521674
case_214,c,2025-02-24 20:23:10.521674
case_214,b,2025-02-24 20:28:10.521674
case_214,a,2025-02-24 20:33:10.521674
case_214,b,2025-02-24 20:38:10.521674
case_214,a,2025-02-24 20:43:10.521674
case_214,b,2025-02-24 20:48:10.521674
case_214,c,2025-02-24 20:53:10.521674
case_214,a,2025-02-24 20:58:10.521674
case_214,a,2025-02-24 21:03:10.521674
case_215,c,2025-02-24 19:28:10.521704
case_215,b,2025-02-24 19:33:10.521704
case_215,b,2025-02-24 19:38:10.521704
case_215,c,2025-02-24 19:43:10.521704
case_215,b,2025-02-24 19:48:10.521704
case_215,b,2025-02-24 19:53:10.521704
case_215,b,2025-02-24 19:58:10.521704
case_215,a,2025-02-24 20:03:10.521704
case_215,c,2025-02-24 20:08:10.521704
case_215,a,2025-02-24 20:13:10.521704
case_215,c,2025-02-24 20:18:10.521704
case_215,b,2025-02-24 20:23:10.521704
case_215,a,2025-02-24 20:28:10.521704
case_215,b,2025-02-24 20:33:10.521704
case_215,a,2025-02-24 20:38:10.521704
case_215,a,2025-02-24 20:43:10.521704
case_215,c,2025-02-24 20:48:10.521704
case_215,a,2025-02-24 20:53:10.521704
case_215,a,2025-02-24 20:58:10.521704
case_215,b,2025-02-24 21:03:10.521704
case_216,c,2025-02-24 19:28:10.521734
case_216,c,2025-02-24 19:33:10.521734
case_216,a,2025-02-24 19:38:10.521734
case_216,b,2025-02-24 19:43:10.521734
case_216,a,2025-02-24 19:48:10.521734
case_216,b,2025-02-24 19:53:10.521734
case_216,a,2025-02-24 19:58:10.521734
case_216,a,2025-02-24 20:03:10.521734
case_216,b,2025-02-24 20:08:10.521734
case_216,c,2025-02-24 20:13:10.521734
case_216,a,2025-02-24 20:18:10.521734
case_216,c,2025-02-24 20:23:10.521734
case_216,c,2025-02-24 20:28:10.521734
case_216,c,2025-02-24 20:33:10.521734
case_216,b,2025-02-24 20:38:10.521734
case_216,a,2025-02-24 20:43:10.521734
case_216,c,2025-02-24 20:48:10.521734
case_216,b,2025-02-24 20:53:10.521734
case_216,a,2025-02-24 20:58:10.521734
case_216,c,2025-02-24 21:03:10.521734
case_217,b,2025-02-24 19:28:10.521763
case_217,c,2025-02-24 19:33:10.521763
case_217,b,2025-02-24 19:38:10.521763
case_217,c,2025-02-24 19:43:10.521763
case_217,a,2025-02-24 19:48:10.521763
case_217,c,2025-02-24 19:53:10.521763
case_217,a,2025-02-24 19:58:10.521763
case_217,c,2025-02-24 20:03:10.521763
case_217,b,2025-02-24 20:08:10.521763
case_217,c,2025-02-24 20:13:10.521763
case_217,c,2025-02-24 20:18:10.521763
case_217,a,2025-02-24 20:23:10.521763
case_217,b,2025-02-24 20:28:10.521763
case_217,b,2025-02-24 20:33:10.521763
case_217,a,2025-02-24 20:38:10.521763
case_217,a,2025-02-24 20:43:10.521763
case_217,b,2025-02-24 20:48:10.521763
case_217,c,2025-02-24 20:53:10.521763
case_217,c,2025-02-24 20:58:10.521763
case_217,b,2025-02-24 21:03:10.521763
case_218,c,2025-02-24 19:28:10.521793
case_218,c,2025-02-24 19:33:10.521793
case_218,b,2025-02-24 19:38:10.521793
case_218,c,2025-02-24 19:43:10.521793
case_218,b,2025-02-24 19:48:10.521793
case_218,a,2025-02-24 19:53:10.521793
case_218,b,2025-02-24 19:58:10.521793
case_218,c,2025-02-24 20:03:10.521793
case_218,b,2025-02-24 20:08:10.521793
case_218,a,2025-02-24 20:13:10.521793
case_218,c,2025-02-24 20:18:10.521793
case_218,b,2025-02-24 20:23:10.521793
case_218,a,2025-02-24 20:28:10.521793
case_218,c,2025-02-24 20:33:10.521793
case_218,b,2025-02-24 20:38:10.521793
case_218,c,2025-02-24 20:43:10.521793
case_218,a,2025-02-24 20:48:10.521793
case_218,a,2025-02-24 20:53:10.521793
case_218,c,2025-02-24 20:58:10.521793
case_218,a,2025-02-24 21:03:10.521793
case_219,b,2025-02-24 19:28:10.521822
case_219,b,2025-02-24 19:33:10.521822
case_219,c,2025-02-24 19:38:10.521822
case_219,c,2025-02-24 19:43:10.521822
case_219,a,2025-02-24 19:48:10.521822
case_219,a,2025-02-24 19:53:10.521822
case_219,b,2025-02-24 19:58:10.521822
case_219,a,2025-02-24 20:03:10.521822
case_219,b,2025-02-24 20:08:10.521822
case_219,c,2025-02-24 20:13:10.521822
case_219,b,2025-02-24 20:18:10.521822
case_219,c,2025-02-24 20:23:10.521822
case_219,c,2025-02-24 20:28:10.521822
case_219,a,2025-02-24 20:33:10.521822
case_219,c,2025-02-24 20:38:10.521822
case_219,c,2025-02-24 20:43:10.521822
case_219,b,2025-02-24 20:48:10.521822
case_219,b,2025-02-24 20:53:10.521822
case_219,c,2025-02-24 20:58:10.521822
case_219,a,2025-02-24 21:03:10.521822
case_220,b,2025-02-24 19:28:10.521852
case_220,c,2025-02-24 19:33:10.521852
case_220,b,2025-02-24 19:38:10.521852
case_220,b,2025-02-24 19:43:10.521852
case_220,b,2025-02-24 19:48:10.521852
case_220,c,2025-02-24 19:53:10.521852
case_220,c,2025-02-24 19:58:10.521852
case_220,b,2025-02-24 20:03:10.521852
case_220,b,2025-02-24 20:08:10.521852
case_220,c,2025-02-24 20:13:10.521852
case_220,a,2025-02-24 20:18:10.521852
case_220,a,2025-02-24 20:23:10.521852
case_220,a,2025-02-24 20:28:10.521852
case_220,b,2025-02-24 20:33:10.521852
case_220,a,2025-02-24 20:38:10.521852
case_220,c,2025-02-24 20:43:10.521852
case_220,a,2025-02-24 20:48:10.521852
case_220,a,2025-02-24 20:53:10.521852
case_220,c,2025-02-24 20:58:10.521852
case_220,b,2025-02-24 21:03:10.521852
case_221,b,2025-02-24 19:28:10.521882
case_221,c,2025-02-24 19:33:10.521882
case_221,a,2025-02-24 19:38:10.521882
case_221,a,2025-02-24 19:43:10.521882
case_221,b,2025-02-24 19:48:10.521882
case_221,c,2025-02-24 19:53:10.521882
case_221,c,2025-02-24 19:58:10.521882
case_221,a,2025-02-24 20:03:10.521882
case_221,b,2025-02-24 20:08:10.521882
case_221,b,2025-02-24 20:13:10.521882
case_221,c,2025-02-24 20:18:10.521882
case_221,c,2025-02-24 20:23:10.521882
case_221,b,2025-02-24 20:28:10.521882
case_221,b,2025-02-24 20:33:10.521882
case_221,c,2025-02-24 20:38:10.521882
case_221,c,2025-02-24 20:43:10.521882
case_221,b,2025-02-24 20:48:10.521882
case_221,c,2025-02-24 20:53:10.521882
case_221,c,2025-02-24 20:58:10.521882
case_221,b,2025-02-24 21:03:10.521882
case_222,b,2025-02-24 19:28:10.521911
case_222,a,2025-02-24 19:33:10.521911
case_222,c,2025-02-24 19:38:10.521911
case_222,c,2025-02-24 19:43:10.521911
case_222,a,2025-02-24 19:48:10.521911
case_222,a,2025-02-24 19:53:10.521911
case_222,a,2025-02-24 19:58:10.521911
case_222,a,2025-02-24 20:03:10.521911
case_222,b,2025-02-24 20:08:10.521911
case_222,b,2025-02-24 20:13:10.521911
case_222,c,2025-02-24 20:18:10.521911
case_222,b,2025-02-24 20:23:10.521911
case_222,b,2025-02-24 20:28:10.521911
case_222,a,2025-02-24 20:33:10.521911
case_222,c,2025-02-24 20:38:10.521911
case_222,a,2025-02-24 20:43:10.521911
case_222,a,2025-02-24 20:48:10.521911
case_222,a,2025-02-24 20:53:10.521911
case_222,c,2025-02-24 20:58:10.521911
case_222,a,2025-02-24 21:03:10.521911
case_223,b,2025-02-24 19:28:10.521941
case_223,c,2025-02-24 19:33:10.521941
case_223,a,2025-02-24 19:38:10.521941
case_223,c,2025-02-24 19:43:10.521941
case_223,b,2025-02-24 19:48:10.521941
case_223,c,2025-02-24 19:53:10.521941
case_223,c,2025-02-24 19:58:10.521941
case_223,c,2025-02-24 20:03:10.521941
case_223,a,2025-02-24 20:08:10.521941
case_223,a,2025-02-24 20:13:10.521941
case_223,a,2025-02-24 20:18:10.521941
case_223,b,2025-02-24 20:23:10.521941
case_223,c,2025-02-24 20:28:10.521941
case_223,b,2025-02-24 20:33:10.521941
case_223,b,2025-02-24 20:38:10.521941
case_223,a,2025-02-24 20:43:10.521941
case_223,b,2025-02-24 20:48:10.521941
case_223,a,2025-02-24 20:53:10.521941
case_223,c,2025-02-24 20:58:10.521941
case_223,c,2025-02-24 21:03:10.521941
case_224,c,2025-02-24 19:28:10.521971
case_224,a,2025-02-24 19:33:10.521971
case_224,a,2025-02-24 19:38:10.521971
case_224,a,2025-02-24 19:43:10.521971
case_224,a,2025-02-24 19:48:10.521971
case_224,b,2025-02-24 19:53:10.521971
case_224,c,2025-02-24 19:58:10.521971
case_224,b,2025-02-24 20:03:10.521971
case_224,c,2025-02-24 20:08:10.521971
case_224,c,2025-02-24 20:13:10.521971
case_224,b,2025-02-24 20:18:10.521971
case_224,a,2025-02-24 20:23:10.521971
case_224,a,2025-02-24 20:28:10.521971
case_224,a,2025-02-24 20:33:10.521971
case_224,c,2025-02-24 20:38:10.521971
case_224,a,2025-02-24 20:43:10.521971
case_224,b,2025-02-24 20:48:10.521971
case_224,c,2025-02-24 20:53:10.521971
case_224,a,2025-02-24 20:58:10.521971
case_224,b,2025-02-24 21:03:10.521971
case_225,c,2025-02-24 19:28:10.522000
case_225,b,2025-02-24 19:33:10.522000
case_225,c,2025-02-24 19:38:10.522000
case_225,b,2025-02-24 19:43:10.522000
case_225,c,2025-02-24 19:48:10.522000
case_225,a,2025-02-24 19:53:10.522000
case_225,c,2025-02-24 19:58:10.522000
case_225,c,2025-02-24 20:03:10.522000
case_225,b,2025-02-24 20:08:10.522000
case_225,b,2025-02-24 20:13:10.522000
case_225,c,2025-02-24 20:18:10.522000
case_225,a,2025-02-24 20:23:10.522000
case_225,a,2025-02-24 20:28:10.522000
case_225,a,2025-02-24 20:33:10.522000
case_225,c,2025-02-24 20:38:10.522000
case_225,b,2025-02-24 20:43:10.522000
case_225,a,2025-02-24 20:48:10.522000
case_225,c,2025-02-24 20:53:10.522000
case_225,b,2025-02-24 20:58:10.522000
case_225,c,2025-02-24 21:03:10.522000
case_226,c,2025-02-24 19:28:10.522030
case_226,c,2025-02-24 19:33:10.522030
case_226,b,2025-02-24 19:38:10.522030
case_226,b,2025-02-24 19:43:10.522030
case_226,c,2025-02-24 19:48:10.522030
case_226,b,2025-02-24 19:53:10.522030
case_226,c,2025-02-24 19:58:10.522030
case_226,c,2025-02-24 20:03:10.522030
case_226,a,2025-02-24 20:08:10.522030
case_226,c,2025-02-24 20:13:10.522030
case_226,b,2025-02-24 20:18:10.522030
case_226,b,2025-02-24 20:23:10.522030
case_226,c,2025-02-24 20:28:10.522030
case_226,a,2025-02-24 20:33:10.522030
case_226,c,2025-02-24 20:38:10.522030
case_226,b,2025-02-24 20:43:10.522030
case_226,b,2025-02-24 20:48:10.522030
case_226,a,2025-02-24 20:53:10.522030
case_226,a,2025-02-24 20:58:10.522030
case_226,c,2025-02-24 21:03:10.522030
case_227,b,2025-02-24 19:28:10.522059
case_227,b,2025-02-24 19:33:10.522059
case_227,b,2025-02-24 19:38:10.522059
case_227,c,2025-02-24 19:43:10.522059
case_227,b,2025-02-24 19:48:10.522059
case_227,b,2025-02-24 19:53:10.522059
case_227,a,2025-02-24 19:58:10.522059
case_227,b,2025-02-24 20:03:10.522059
case_227,a,2025-02-24 20:08:10.522059
case_227,a,2025-02-24 20:13:10.522059
case_227,a,2025-02-24 20:18:10.522059
case_227,c,2025-02-24 20:23:10.522059
case_227,c,2025-02-24 20:28:10.522059
case_227,b,2025-02-24 20:33:10.522059
case_227,a,2025-02-24 20:38:10.522059
case_227,c,2025-02-24 20:43:10.522059
case_227,b,2025-02-24 20:48:10.522059
case_227,a,2025-02-24 20:53:10.522059
case_227,a,2025-02-24 20:58:10.522059
case_227,a,2025-02-24 21:03:10.522059
case_228,b,2025-02-24 19:28:10.522089
case_228,b,2025-02-24 19:33:10.522089
case_228,a,2025-02-24 19:38:10.522089
case_228,b,2025-02-24 19:43:10.522089
case_228,b,2025-02-24 19:48:10.522089
case_228,b,2025-02-24 19:53:10.522089
case_228,c,2025-02-24 19:58:10.522089
case_228,b,2025-02-24 20:03:10.522089
case_228,c,2025-02-24 20:08:10.522089
case_228,c,2025-02-24 20:13:10.522089
case_228,c,2025-02-24 20:18:10.522089
case_228,c,2025-02-24 20:23:10.522089
case_228,c,2025-02-24 20:28:10.522089
case_228,b,2025-02-24 20:33:10.522089
case_228,a,2025-02-24 20:38:10.522089
case_228,b,2025-02-24 20:43:10.522089
case_228,a,2025-02-24 20:48:10.522089
case_228,a,2025-02-24 20:53:10.522089
case_228,c,2025-02-24 20:58:10.522089
case_228,a,2025-02-24 21:03:10.522089
case_229,b,2025-02-24 19:28:10.522119
case_229,b,2025-02-24 19:33:10.522119
case_229,b,2025-02-24 19:38:10.522119
case_229,b,2025-02-24 19:43:10.522119
case_229,a,2025-02-24 19:48:10.522119
case_229,a,2025-02-24 19:53:10.522119
case_229,b,2025-02-24 19:58:10.522119
case_229,b,2025-02-24 20:03:10.522119
case_229,b,2025-02-24 20:08:10.522119
case_229,b,2025-02-24 20:13:10.522119
case_229,a,2025-02-24 20:18:10.522119
case_229,a,2025-02-24 20:23:10.522119
case_229,b,2025-02-24 20:28:10.522119
case_229,c,2025-02-24 20:33:10.522119
case_229,a,2025-02-24 20:38:10.522119
case_229,a,2025-02-24 20:43:10.522119
case_229,c,2025-02-24 20:48:10.522119
case_229,c,2025-02-24 20:53:10.522119
case_229,b,2025-02-24 20:58:10.522119
case_229,c,2025-02-24 21:03:10.522119
case_230,c,2025-02-24 19:28:10.522149
case_230,c,2025-02-24 19:33:10.522149
case_230,a,2025-02-24 19:38:10.522149
case_230,a,2025-02-24 19:43:10.522149
case_230,b,2025-02-24 19:48:10.522149
case_230,c,2025-02-24 19:53:10.522149
case_230,b,2025-02-24 19:58:10.522149
case_230,b,2025-02-24 20:03:10.522149
case_230,b,2025-02-24 20:08:10.522149
case_230,c,2025-02-24 20:13:10.522149
case_230,c,2025-02-24 20:18:10.522149
case_230,b,2025-02-24 20:23:10.522149
case_230,b,2025-02-24 20:28:10.522149
case_230,c,2025-02-24 20:33:10.522149
case_230,c,2025-02-24 20:38:10.522149
case_230,c,2025-02-24 20:43:10.522149
case_230,c,2025-02-24 20:48:10.522149
case_230,a,2025-02-24 20:53:10.522149
case_230,c,2025-02-24 20:58:10.522149
case_230,c,2025-02-24 21:03:10.522149
case_231,c,2025-02-24 19:28:10.522178
case_231,a,2025-02-24 19:33:10.522178
case_231,b,2025-02-24 19:38:10.522178
case_231,c,2025-02-24 19:43:10.522178
case_231,c,2025-02-24 19:48:10.522178
case_231,b,2025-02-24 19:53:10.522178
case_231,b,2025-02-24 19:58:10.522178
case_231,c,2025-02-24 20:03:10.522178
case_231,a,2025-02-24 20:08:10.522178
case_231,b,2025-02-24 20:13:10.522178
case_231,a,2025-02-24 20:18:10.522178
case_231,b,2025-02-24 20:23:10.522178
case_231,c,2025-02-24 20:28:10.522178
case_231,b,2025-02-24 20:33:10.522178
case_231,a,2025-02-24 20:38:10.522178
case_231,c,2025-02-24 20:43:10.522178
case_231,b,2025-02-24 20:48:10.522178
case_231,c,2025-02-24 20:53:10.522178
case_231,a,2025-02-24 20:58:10.522178
case_231,a,2025-02-24 21:03:10.522178
case_232,c,2025-02-24 19:28:10.522208
case_232,b,2025-02-24 19:33:10.522208
case_232,a,2025-02-24 19:38:10.522208
case_232,b,2025-02-24 19:43:10.522208
case_232,c,2025-02-24 19:48:10.522208
case_232,a,2025-02-24 19:53:10.522208
case_232,c,2025-02-24 19:58:10.522208
case_232,c,2025-02-24 20:03:10.522208
case_232,b,2025-02-24 20:08:10.522208
case_232,a,2025-02-24 20:13:10.522208
case_232,a,2025-02-24 20:18:10.522208
case_232,c,2025-02-24 20:23:10.522208
case_232,c,2025-02-24 20:28:10.522208
case_232,a,2025-02-24 20:33:10.522208
case_232,a,2025-02-24 20:38:10.522208
case_232,b,2025-02-24 20:43:10.522208
case_232,a,2025-02-24 20:48:10.522208
case_232,a,2025-02-24 20:53:10.522208
case_232,b,2025-02-24 20:58:10.522208
case_232,a,2025-02-24 21:03:10.522208
case_233,c,2025-02-24 19:28:10.522239
case_233,b,2025-02-24 19:33:10.522239
case_233,b,2025-02-24 19:38:10.522239
case_233,b,2025-02-24 19:43:10.522239
case_233,b,2025-02-24 19:48:10.522239
case_233,b,2025-02-24 19:53:10.522239
case_233,a,2025-02-24 19:58:10.522239
case_233,a,2025-02-24 20:03:10.522239
case_233,a,2025-02-24 20:08:10.522239
case_233,a,2025-02-24 20:13:10.522239
case_233,b,2025-02-24 20:18:10.522239
case_233,c,2025-02-24 20:23:10.522239
case_233,b,2025-02-24 20:28:10.522239
case_233,a,2025-02-24 20:33:10.522239
case_233,a,2025-02-24 20:38:10.522239
case_233,b,2025-02-24 20:43:10.522239
case_233,b,2025-02-24 20:48:10.522239
case_233,a,2025-02-24 20:53:10.522239
case_233,c,2025-02-24 20:58:10.522239
case_233,a,2025-02-24 21:03:10.522239
case_234,c,2025-02-24 19:28:10.522269
case_234,a,2025-02-24 19:33:10.522269
case_234,a,2025-02-24 19:38:10.522269
case_234,a,2025-02-24 19:43:10.522269
case_234,a,2025-02-24 19:48:10.522269
case_234,a,2025-02-24 19:53:10.522269
case_234,b,2025-02-24 19:58:10.522269
case_234,a,2025-02-24 20:03:10.522269
case_234,b,2025-02-24 20:08:10.522269
case_234,b,2025-02-24 20:13:10.522269
case_234,b,2025-02-24 20:18:10.522269
case_234,c,2025-02-24 20:23:10.522269
case_234,b,2025-02-24 20:28:10.522269
case_234,a,2025-02-24 20:33:10.522269
case_234,c,2025-02-24 20:38:10.522269
case_234,a,2025-02-24 20:43:10.522269
case_234,b,2025-02-24 20:48:10.522269
case_234,c,2025-02-24 20:53:10.522269
case_234,a,2025-02-24 20:58:10.522269
case_234,b,2025-02-24 21:03:10.522269
case_235,c,2025-02-24 19:28:10.522299
case_235,a,2025-02-24 19:33:10.522299
case_235,a,2025-02-24 19:38:10.522299
case_235,b,2025-02-24 19:43:10.522299
case_235,b,2025-02-24 19:48:10.522299
case_235,c,2025-02-24 19:53:10.522299
case_235,a,2025-02-24 19:58:10.522299
case_235,c,2025-02-24 20:03:10.522299
case_235,c,2025-02-24 20:08:10.522299
case_235,a,2025-02-24 20:13:10.522299
case_235,c,2025-02-24 20:18:10.522299
case_235,a,2025-02-24 20:23:10.522299
case_235,b,2025-02-24 20:28:10.522299
case_235,b,2025-02-24 20:33:10.522299
case_235,a,2025-02-24 20:38:10.522299
case_235,a,2025-02-24 20:43:10.522299
case_235,b,2025-02-24 20:48:10.522299
case_235,a,2025-02-24 20:53:10.522299
case_235,b,2025-02-24 20:58:10.522299
case_235,b,2025-02-24 21:03:10.522299
case_236,b,2025-02-24 19:28:10.522331
case_236,b,2025-02-24 19:33:10.522331
case_236,c,2025-02-24 19:38:10.522331
case_236,b,2025-02-24 19:43:10.522331
case_236,b,2025-02-24 19:48:10.522331
case_236,c,2025-02-24 19:53:10.522331
case_236,c,2025-02-24 19:58:10.522331
case_236,c,2025-02-24 20:03:10.522331
case_236,b,2025-02-24 20:08:10.522331
case_236,c,2025-02-24 20:13:10.522331
case_236,b,2025-02-24 20:18:10.522331
case_236,c,2025-02-24 20:23:10.522331
case_236,b,2025-02-24 20:28:10.522331
case_236,b,2025-02-24 20:33:10.522331
case_236,c,2025-02-24 20:38:10.522331
case_236,c,2025-02-24 20:43:10.522331
case_236,a,2025-02-24 20:48:10.522331
case_236,a,2025-02-24 20:53:10.522331
case_236,b,2025-02-24 20:58:10.522331
case_236,b,2025-02-24 21:03:10.522331
case_237,b,2025-02-24 19:28:10.522361
case_237,c,2025-02-24 19:33:10.522361
case_237,c,2025-02-24 19:38:10.522361
case_237,a,2025-02-24 19:43:10.522361
case_237,a,2025-02-24 19:48:10.522361
case_237,a,2025-02-24 19:53:10.522361
case_237,b,2025-02-24 19:58:10.522361
case_237,b,2025-02-24 20:03:10.522361
case_237,b,2025-02-24 20:08:10.522361
case_237,c,2025-02-24 20:13:10.522361
case_237,b,2025-02-24 20:18:10.522361
case_237,a,2025-02-24 20:23:10.522361
case_237,b,2025-02-24 20:28:10.522361
case_237,c,2025-02-24 20:33:10.522361
case_237,c,2025-02-24 20:38:10.522361
case_237,c,2025-02-24 20:43:10.522361
case_237,c,2025-02-24 20:48:10.522361
case_237,b,2025-02-24 20:53:10.522361
case_237,b,2025-02-24 20:58:10.522361
case_237,a,2025-02-24 21:03:10.522361
case_238,c,2025-02-24 19:28:10.522391
case_238,c,2025-02-24 19:33:10.522391
case_238,b,2025-02-24 19:38:10.522391
case_238,b,2025-02-24 19:43:10.522391
case_238,a,2025-02-24 19:48:10.522391
case_238,c,2025-02-24 19:53:10.522391
case_238,c,2025-02-24 19:58:10.522391
case_238,c,2025-02-24 20:03:10.522391
case_238,a,2025-02-24 20:08:10.522391
case_238,a,2025-02-24 20:13:10.522391
case_238,b,2025-02-24 20:18:10.522391
case_238,c,2025-02-24 20:23:10.522391
case_238,a,2025-02-24 20:28:10.522391
case_238,a,2025-02-24 20:33:10.522391
case_238,a,2025-02-24 20:38:10.522391
case_238,a,2025-02-24 20:43:10.522391
case_238,c,2025-02-24 20:48:10.522391
case_238,a,2025-02-24 20:53:10.522391
case_238,b,2025-02-24 20:58:10.522391
case_238,a,2025-02-24 21:03:10.522391
case_239,c,2025-02-24 19:28:10.522421
case_239,b,2025-02-24 19:33:10.522421
case_239,b,2025-02-24 19:38:10.522421
case_239,b,2025-02-24 19:43:10.522421
case_239,c,2025-02-24 19:48:10.522421
case_239,b,2025-02-24 19:53:10.522421
case_239,b,2025-02-24 19:58:10.522421
case_239,a,2025-02-24 20:03:10.522421
case_239,a,2025-02-24 20:08:10.522421
case_239,b,2025-02-24 20:13:10.522421
case_239,b,2025-02-24 20:18:10.522421
case_239,a,2025-02-24 20:23:10.522421
case_239,c,2025-02-24 20:28:10.522421
case_239,a,2025-02-24 20:33:10.522421
case_239,b,2025-02-24 20:38:10.522421
case_239,a,2025-02-24 20:43:10.522421
case_239,a,2025-02-24 20:48:10.522421
case_239,a,2025-02-24 20:53:10.522421
case_239,a,2025-02-24 20:58:10.522421
case_239,c,2025-02-24 21:03:10.522421
case_240,c,2025-02-24 19:28:10.522452
case_240,a,2025-02-24 19:33:10.522452
case_240,a,2025-02-24 19:38:10.522452
case_240,b,2025-02-24 19:43:10.522452
case_240,a,2025-02-24 19:48:10.522452
case_240,b,2025-02-24 19:53:10.522452
case_240,b,2025-02-24 19:58:10.522452
case_240,b,2025-02-24 20:03:10.522452
case_240,b,2025-02-24 20:08:10.522452
case_240,b,2025-02-24 20:13:10.522452
case_240,b,2025-02-24 20:18:10.522452
case_240,c,2025-02-24 20:23:10.522452
case_240,b,2025-02-24 20:28:10.522452
case_240,b,2025-02-24 20:33:10.522452
case_240,b,2025-02-24 20:38:10.522452
case_240,c,2025-02-24 20:43:10.522452
case_240,b,2025-02-24 20:48:10.522452
case_240,a,2025-02-24 20:53:10.522452
case_240,c,2025-02-24 20:58:10.522452
case_240,b,2025-02-24 21:03:10.522452
case_241,b,2025-02-24 19:28:10.522482
case_241,b,2025-02-24 19:33:10.522482
case_241,b,2025-02-24 19:38:10.522482
case_241,a,2025-02-24 19:43:10.522482
case_241,b,2025-02-24 19:48:10.522482
case_241,a,2025-02-24 19:53:10.522482
case_241,c,2025-02-24 19:58:10.522482
case_241,b,2025-02-24 20:03:10.522482
case_241,c,2025-02-24 20:08:10.522482
case_241,b,2025-02-24 20:13:10.522482
case_241,c,2025-02-24 20:18:10.522482
case_241,c,2025-02-24 20:23:10.522482
case_241,c,2025-02-24 20:28:10.522482
case_241,a,2025-02-24 20:33:10.522482
case_241,a,2025-02-24 20:38:10.522482
case_241,c,2025-02-24 20:43:10.522482
case_241,b,2025-02-24 20:48:10.522482
case_241,c,2025-02-24 20:53:10.522482
case_241,a,2025-02-24 20:58:10.522482
case_241,c,2025-02-24 21:03:10.522482
case_242,b,2025-02-24 19:28:10.522513
case_242,a,2025-02-24 19:33:10.522513
case_242,a,2025-02-24 19:38:10.522513
case_242,a,2025-02-24 19:43:10.522513
case_242,c,2025-02-24 19:48:10.522513
case_242,a,2025-02-24 19:53:10.522513
case_242,b,2025-02-24 19:58:10.522513
case_242,c,2025-02-24 20:03:10.522513
case_242,a,2025-02-24 20:08:10.522513
case_242,a,2025-02-24 20:13:10.522513
case_242,a,2025-02-24 20:18:10.522513
case_242,b,2025-02-24 20:23:10.522513
case_242,b,2025-02-24 20:28:10.522513
case_242,a,2025-02-24 20:33:10.522513
case_242,b,2025-02-24 20:38:10.522513
case_242,b,2025-02-24 20:43:10.522513
case_242,b,2025-02-24 20:48:10.522513
case_242,b,2025-02-24 20:53:10.522513
case_242,a,2025-02-24 20:58:10.522513
case_242,b,2025-02-24 21:03:10.522513
case_243,c,2025-02-24 19:28:10.522543
case_243,b,2025-02-24 19:33:10.522543
case_243,a,2025-02-24 19:38:10.522543
case_243,b,2025-02-24 19:43:10.522543
case_243,b,2025-02-24 19:48:10.522543
case_243,b,2025-02-24 19:53:10.522543
case_243,b,2025-02-24 19:58:10.522543
case_243,b,2025-02-24 20:03:10.522543
case_243,b,2025-02-24 20:08:10.522543
case_243,a,2025-02-24 20:13:10.522543
case_243,a,2025-02-24 20:18:10.522543
case_243,b,2025-02-24 20:23:10.522543
case_243,a,2025-02-24 20:28:10.522543
case_243,c,2025-02-24 20:33:10.522543
case_243,b,2025-02-24 20:38:10.522543
case_243,b,2025-02-24 20:43:10.522543
case_243,c,2025-02-24 20:48:10.522543
case_243,a,2025-02-24 20:53:10.522543
case_243,b,2025-02-24 20:58:10.522543
case_243,b,2025-02-24 21:03:10.522543
case_244,b,2025-02-24 19:28:10.522573
case_244,a,2025-02-24 19:33:10.522573
case_244,b,2025-02-24 19:38:10.522573
case_244,c,2025-02-24 19:43:10.522573
case_244,b,2025-02-24 19:48:10.522573
case_244,a,2025-02-24 19:53:10.522573
case_244,b,2025-02-24 19:58:10.522573
case_244,b,2025-02-24 20:03:10.522573
case_244,a,2025-02-24 20:08:10.522573
case_244,c,2025-02-24 20:13:10.522573
case_244,c,2025-02-24 20:18:10.522573
case_244,b,2025-02-24 20:23:10.522573
case_244,b,2025-02-24 20:28:10.522573
case_244,c,2025-02-24 20:33:10.522573
case_244,b,2025-02-24 20:38:10.522573
case_244,c,2025-02-24 20:43:10.522573
case_244,c,2025-02-24 20:48:10.522573
case_244,c,2025-02-24 20:53:10.522573
case_244,a,2025-02-24 20:58:10.522573
case_244,a,2025-02-24 21:03:10.522573
case_245,c,2025-02-24 19:28:10.522604
case_245,c,2025-02-24 19:33:10.522604
case_245,b,2025-02-24 19:38:10.522604
case_245,b,2025-02-24 19:43:10.522604
case_245,b,2025-02-24 19:48:10.522604
case_245,a,2025-02-24 19:53:10.522604
case_245,c,2025-02-24 19:58:10.522604
case_245,a,2025-02-24 20:03:10.522604
case_245,b,2025-02-24 20:08:10.522604
case_245,b,2025-02-24 20:13:10.522604
case_245,c,2025-02-24 20:18:10.522604
case_245,c,2025-02-24 20:23:10.522604
case_245,a,2025-02-24 20:28:10.522604
case_245,c,2025-02-24 20:33:10.522604
case_245,c,2025-02-24 20:38:10.522604
case_245,b,2025-02-24 20:43:10.522604
case_245,c,2025-02-24 20:48:10.522604
case_245,b,2025-02-24 20:53:10.522604
case_245,a,2025-02-24 20:58:10.522604
case_245,a,2025-02-24 21:03:10.522604
case_246,b,2025-02-24 19:28:10.522634
case_246,b,2025-02-24 19:33:10.522634
case_246,b,2025-02-24 19:38:10.522634
case_246,c,2025-02-24 19:43:10.522634
case_246,b,2025-02-24 19:48:10.522634
case_246,c,2025-02-24 19:53:10.522634
case_246,a,2025-02-24 19:58:10.522634
case_246,c,2025-02-24 20:03:10.522634
case_246,c,2025-02-24 20:08:10.522634
case_246,c,2025-02-24 20:13:10.522634
case_246,c,2025-02-24 20:18:10.522634
case_246,a,2025-02-24 20:23:10.522634
case_246,c,2025-02-24 20:28:10.522634
case_246,b,2025-02-24 20:33:10.522634
case_246,b,2025-02-24 20:38:10.522634
case_246,c,2025-02-24 20:43:10.522634
case_246,b,2025-02-24 20:48:10.522634
case_246,b,2025-02-24 20:53:10.522634
case_246,a,2025-02-24 20:58:10.522634
case_246,a,2025-02-24 21:03:10.522634
case_247,b,2025-02-24 19:28:10.522664
case_247,c,2025-02-24 19:33:10.522664
case_247,b,2025-02-24 19:38:10.522664
case_247,b,2025-02-24 19:43:10.522664
case_247,b,2025-02-24 19:48:10.522664
case_247,c,2025-02-24 19:53:10.522664
case_247,c,2025-02-24 19:58:10.522664
case_247,c,2025-02-24 20:03:10.522664
case_247,b,2025-02-24 20:08:10.522664
case_247,a,2025-02-24 20:13:10.522664
case_247,b,2025-02-24 20:18:10.522664
case_247,a,2025-02-24 20:23:10.522664
case_247,b,2025-02-24 20:28:10.522664
case_247,a,2025-02-24 20:33:10.522664
case_247,c,2025-02-24 20:38:10.522664
case_247,c,2025-02-24 20:43:10.522664
case_247,b,2025-02-24 20:48:10.522664
case_247,c,2025-02-24 20:53:10.522664
case_247,a,2025-02-24 20:58:10.522664
case_247,a,2025-02-24 21:03:10.522664
case_248,c,2025-02-24 19:28:10.522695
case_248,c,2025-02-24 19:33:10.522695
case_248,b,2025-02-24 19:38:10.522695
case_248,c,2025-02-24 19:43:10.522695
case_248,b,2025-02-24 19:48:10.522695
case_248,a,2025-02-24 19:53:10.522695
case_248,c,2025-02-24 19:58:10.522695
case_248,b,2025-02-24 20:03:10.522695
case_248,a,2025-02-24 20:08:10.522695
case_248,b,2025-02-24 20:13:10.522695
case_248,b,2025-02-24 20:18:10.522695
case_248,a,2025-02-24 20:23:10.522695
case_248,b,2025-02-24 20:28:10.522695
case_248,b,2025-02-24 20:33:10.522695
case_248,b,2025-02-24 20:38:10.522695
case_248,c,2025-02-24 20:43:10.522695
case_248,c,2025-02-24 20:48:10.522695
case_248,c,2025-02-24 20:53:10.522695
case_248,a,2025-02-24 20:58:10.522695
case_248,a,2025-02-24 21:03:10.522695
case_249,c,2025-02-24 19:28:10.522725
case_249,b,2025-02-24 19:33:10.522725
case_249,c,2025-02-24 19:38:10.522725
case_249,c,2025-02-24 19:43:10.522725
case_249,b,2025-02-24 19:48:10.522725
case_249,a,2025-02-24 19:53:10.522725
case_249,c,2025-02-24 19:58:10.522725
case_249,a,2025-02-24 20:03:10.522725
case_249,b,2025-02-24 20:08:10.522725
case_249,a,2025-02-24 20:13:10.522725
case_249,a,2025-02-24 20:18:10.522725
case_249,c,2025-02-24 20:23:10.522725
case_249,a,2025-02-24 20:28:10.522725
case_249,c,2025-02-24 20:33:10.522725
case_249,c,2025-02-24 20:38:10.522725
case_249,a,2025-02-24 20:43:10.522725
case_249,b,2025-02-24 20:48:10.522725
case_249,c,2025-02-24 20:53:10.522725
case_249,c,2025-02-24 20:58:10.522725
case_249,a,2025-02-24 21:03:10.522725
case_250,b,2025-02-24 19:28:10.522755
case_250,b,2025-02-24 19:33:10.522755
case_250,b,2025-02-24 19:38:10.522755
case_250,a,2025-02-24 19:43:10.522755
case_250,a,2025-02-24 19:48:10.522755
case_250,c,2025-02-24 19:53:10.522755
case_250,a,2025-02-24 19:58:10.522755
case_250,b,2025-02-24 20:03:10.522755
case_250,a,2025-02-24 20:08:10.522755
case_250,b,2025-02-24 20:13:10.522755
case_250,b,2025-02-24 20:18:10.522755
case_250,b,2025-02-24 20:23:10.522755
case_250,c,2025-02-24 20:28:10.522755
case_250,a,2025-02-24 20:33:10.522755
case_250,b,2025-02-24 20:38:10.522755
case_250,b,2025-02-24 20:43:10.522755
case_250,a,2025-02-24 20:48:10.522755
case_250,b,2025-02-24 20:53:10.522755
case_250,a,2025-02-24 20:58:10.522755
case_250,c,2025-02-24 21:03:10.522755
case_251,b,2025-02-24 19:28:10.522786
case_251,a,2025-02-24 19:33:10.522786
case_251,a,2025-02-24 19:38:10.522786
case_251,a,2025-02-24 19:43:10.522786
case_251,b,2025-02-24 19:48:10.522786
case_251,b,2025-02-24 19:53:10.522786
case_251,a,2025-02-24 19:58:10.522786
case_251,b,2025-02-24 20:03:10.522786
case_251,a,2025-02-24 20:08:10.522786
case_251,c,2025-02-24 20:13:10.522786
case_251,b,2025-02-24 20:18:10.522786
case_251,c,2025-02-24 20:23:10.522786
case_251,b,2025-02-24 20:28:10.522786
case_251,c,2025-02-24 20:33:10.522786
case_251,c,2025-02-24 20:38:10.522786
case_251,a,2025-02-24 20:43:10.522786
case_251,c,2025-02-24 20:48:10.522786
case_251,c,2025-02-24 20:53:10.522786
case_251,c,2025-02-24 20:58:10.522786
case_251,b,2025-02-24 21:03:10.522786
case_252,c,2025-02-24 19:28:10.522816
case_252,c,2025-02-24 19:33:10.522816
case_252,b,2025-02-24 19:38:10.522816
case_252,b,2025-02-24 19:43:10.522816
case_252,a,2025-02-24 19:48:10.522816
case_252,c,2025-02-24 19:53:10.522816
case_252,b,2025-02-24 19:58:10.522816
case_252,b,2025-02-24 20:03:10.522816
case_252,b,2025-02-24 20:08:10.522816
case_252,c,2025-02-24 20:13:10.522816
case_252,c,2025-02-24 20:18:10.522816
case_252,b,2025-02-24 20:23:10.522816
case_252,c,2025-02-24 20:28:10.522816
case_252,b,2025-02-24 20:33:10.522816
case_252,a,2025-02-24 20:38:10.522816
case_252,a,2025-02-24 20:43:10.522816
case_252,c,2025-02-24 20:48:10.522816
case_252,c,2025-02-24 20:53:10.522816
case_252,b,2025-02-24 20:58:10.522816
case_252,c,2025-02-24 21:03:10.522816
case_253,c,2025-02-24 19:28:10.522847
case_253,a,2025-02-24 19:33:10.522847
case_253,a,2025-02-24 19:38:10.522847
case_253,b,2025-02-24 19:43:10.522847
case_253,a,2025-02-24 19:48:10.522847
case_253,c,2025-02-24 19:53:10.522847
case_253,a,2025-02-24 19:58:10.522847
case_253,c,2025-02-24 20:03:10.522847
case_253,b,2025-02-24 20:08:10.522847
case_253,a,2025-02-24 20:13:10.522847
case_253,b,2025-02-24 20:18:10.522847
case_253,c,2025-02-24 20:23:10.522847
case_253,b,2025-02-24 20:28:10.522847
case_253,c,2025-02-24 20:33:10.522847
case_253,c,2025-02-24 20:38:10.522847
case_253,a,2025-02-24 20:43:10.522847
case_253,a,2025-02-24 20:48:10.522847
case_253,c,2025-02-24 20:53:10.522847
case_253,a,2025-02-24 20:58:10.522847
case_253,b,2025-02-24 21:03:10.522847
case_254,c,2025-02-24 19:28:10.522877
case_254,b,2025-02-24 19:33:10.522877
case_254,b,2025-02-24 19:38:10.522877
case_254,c,2025-02-24 19:43:10.522877
case_254,b,2025-02-24 19:48:10.522877
case_254,c,2025-02-24 19:53:10.522877
case_254,c,2025-02-24 19:58:10.522877
case_254,b,2025-02-24 20:03:10.522877
case_254,b,2025-02-24 20:08:10.522877
case_254,b,2025-02-24 20:13:10.522877
case_254,b,2025-02-24 20:18:10.522877
case_254,a,2025-02-24 20:23:10.522877
case_254,c,2025-02-24 20:28:10.522877
case_254,b,2025-02-24 20:33:10.522877
case_254,b,2025-02-24 20:38:10.522877
case_254,b,2025-02-24 20:43:10.522877
case_254,a,2025-02-24 20:48:10.522877
case_254,b,2025-02-24 20:53:10.522877
case_254,a,2025-02-24 20:58:10.522877
case_254,a,2025-02-24 21:03:10.522877
case_255,c,2025-02-24 19:28:10.522907
case_255,a,2025-02-24 19:33:10.522907
case_255,c,2025-02-24 19:38:10.522907
case_255,b,2025-02-24 19:43:10.522907
case_255,a,2025-02-24 19:48:10.522907
case_255,b,2025-02-24 19:53:10.522907
case_255,b,2025-02-24 19:58:10.522907
case_255,a,2025-02-24 20:03:10.522907
case_255,a,2025-02-24 20:08:10.522907
case_255,b,2025-02-24 20:13:10.522907
case_255,c,2025-02-24 20:18:10.522907
case_255,c,2025-02-24 20:23:10.522907
case_255,a,2025-02-24 20:28:10.522907
case_255,b,2025-02-24 20:33:10.522907
case_255,a,2025-02-24 20:38:10.522907
case_255,c,2025-02-24 20:43:10.522907
case_255,c,2025-02-24 20:48:10.522907
case_255,c,2025-02-24 20:53:10.522907
case_255,b,2025-02-24 20:58:10.522907
case_255,c,2025-02-24 21:03:10.522907
case_256,b,2025-02-24 19:28:10.522938
case_256,b,2025-02-24 19:33:10.522938
case_256,b,2025-02-24 19:38:10.522938
case_256,b,2025-02-24 19:43:10.522938
case_256,b,2025-02-24 19:48:10.522938
case_256,c,2025-02-24 19:53:10.522938
case_256,b,2025-02-24 19:58:10.522938
case_256,a,2025-02-24 20:03:10.522938
case_256,b,2025-02-24 20:08:10.522938
case_256,a,2025-02-24 20:13:10.522938
case_256,b,2025-02-24 20:18:10.522938
case_256,c,2025-02-24 20:23:10.522938
case_256,a,2025-02-24 20:28:10.522938
case_256,c,2025-02-24 20:33:10.522938
case_256,c,2025-02-24 20:38:10.522938
case_256,a,2025-02-24 20:43:10.522938
case_256,b,2025-02-24 20:48:10.522938
case_256,a,2025-02-24 20:53:10.522938
case_256,a,2025-02-24 20:58:10.522938
case_256,c,2025-02-24 21:03:10.522938
case_257,b,2025-02-24 19:28:10.522968
case_257,c,2025-02-24 19:33:10.522968
case_257,a,2025-02-24 19:38:10.522968
case_257,b,2025-02-24 19:43:10.522968
case_257,a,2025-02-24 19:48:10.522968
case_257,a,2025-02-24 19:53:10.522968
case_257,c,2025-02-24 19:58:10.522968
case_257,c,2025-02-24 20:03:10.522968
case_257,b,2025-02-24 20:08:10.522968
case_257,b,2025-02-24 20:13:10.522968
case_257,a,2025-02-24 20:18:10.522968
case_257,a,2025-02-24 20:23:10.522968
case_257,a,2025-02-24 20:28:10.522968
case_257,c,2025-02-24 20:33:10.522968
case_257,b,2025-02-24 20:38:10.522968
case_257,c,2025-02-24 20:43:10.522968
case_257,a,2025-02-24 20:48:10.522968
case_257,b,2025-02-24 20:53:10.522968
case_257,a,2025-02-24 20:58:10.522968
case_257,c,2025-02-24 21:03:10.522968
case_258,b,2025-02-24 19:28:10.522999
case_258,b,2025-02-24 19:33:10.522999
case_258,b,2025-02-24 19:38:10.522999
case_258,c,2025-02-24 19:43:10.522999
case_258,a,2025-02-24 19:48:10.522999
case_258,b,2025-02-24 19:53:10.522999
case_258,c,2025-02-24 19:58:10.522999
case_258,c,2025-02-24 20:03:10.522999
case_258,a,2025-02-24 20:08:10.522999
case_258,c,2025-02-24 20:13:10.522999
case_258,b,2025-02-24 20:18:10.522999
case_258,b,2025-02-24 20:23:10.522999
case_258,c,2025-02-24 20:28:10.522999
case_258,c,2025-02-24 20:33:10.522999
case_258,c,2025-02-24 20:38:10.522999
case_258,c,2025-02-24 20:43:10.522999
case_258,c,2025-02-24 20:48:10.522999
case_258,b,2025-02-24 20:53:10.522999
case_258,a,2025-02-24 20:58:10.522999
case_258,a,2025-02-24 21:03:10.522999
case_259,c,2025-02-24 19:28:10.523029
case_259,c,2025-02-24 19:33:10.523029
case_259,a,2025-02-24 19:38:10.523029
case_259,a,2025-02-24 19:43:10.523029
case_259,c,2025-02-24 19:48:10.523029
case_259,a,2025-02-24 19:53:10.523029
case_259,c,2025-02-24 19:58:10.523029
case_259,c,2025-02-24 20:03:10.523029
case_259,b,2025-02-24 20:08:10.523029
case_259,c,2025-02-24 20:13:10.523029
case_259,c,2025-02-24 20:18:10.523029
case_259,b,2025-02-24 20:23:10.523029
case_259,c,2025-02-24 20:28:10.523029
case_259,c,2025-02-24 20:33:10.523029
case_259,c,2025-02-24 20:38:10.523029
case_259,b,2025-02-24 20:43:10.523029
case_259,c,2025-02-24 20:48:10.523029
case_259,b,2025-02-24 20:53:10.523029
case_259,c,2025-02-24 20:58:10.523029
case_259,b,2025-02-24 21:03:10.523029
case_260,b,2025-02-24 19:28:10.523060
case_260,a,2025-02-24 19:33:10.523060
case_260,c,2025-02-24 19:38:10.523060
case_260,a,2025-02-24 19:43:10.523060
case_260,c,2025-02-24 19:48:10.523060
case_260,a,2025-02-24 19:53:10.523060
case_260,b,2025-02-24 19:58:10.523060
case_260,a,2025-02-24 20:03:10.523060
case_260,c,2025-02-24 20:08:10.523060
case_260,b,2025-02-24 20:13:10.523060
case_260,b,2025-02-24 20:18:10.523060
case_260,c,2025-02-24 20:23:10.523060
case_260,b,2025-02-24 20:28:10.523060
case_260,b,2025-02-24 20:33:10.523060
case_260,a,2025-02-24 20:38:10.523060
case_260,b,2025-02-24 20:43:10.523060
case_260,b,2025-02-24 20:48:10.523060
case_260,c,2025-02-24 20:53:10.523060
case_260,a,2025-02-24 20:58:10.523060
case_260,a,2025-02-24 21:03:10.523060
case_261,c,2025-02-24 19:28:10.523090
case_261,b,2025-02-24 19:33:10.523090
case_261,c,2025-02-24 19:38:10.523090
case_261,b,2025-02-24 19:43:10.523090
case_261,c,2025-02-24 19:48:10.523090
case_261,b,2025-02-24 19:53:10.523090
case_261,a,2025-02-24 19:58:10.523090
case_261,a,2025-02-24 20:03:10.523090
case_261,c,2025-02-24 20:08:10.523090
case_261,a,2025-02-24 20:13:10.523090
case_261,a,2025-02-24 20:18:10.523090
case_261,a,2025-02-24 20:23:10.523090
case_261,b,2025-02-24 20:28:10.523090
case_261,a,2025-02-24 20:33:10.523090
case_261,a,2025-02-24 20:38:10.523090
case_261,a,2025-02-24 20:43:10.523090
case_261,c,2025-02-24 20:48:10.523090
case_261,a,2025-02-24 20:53:10.523090
case_261,c,2025-02-24 20:58:10.523090
case_261,c,2025-02-24 21:03:10.523090
case_262,c,2025-02-24 19:28:10.523121
case_262,c,2025-02-24 19:33:10.523121
case_262,a,2025-02-24 19:38:10.523121
case_262,c,2025-02-24 19:43:10.523121
case_262,b,2025-02-24 19:48:10.523121
case_262,b,2025-02-24 19:53:10.523121
case_262,b,2025-02-24 19:58:10.523121
case_262,b,2025-02-24 20:03:10.523121
case_262,c,2025-02-24 20:08:10.523121
case_262,a,2025-02-24 20:13:10.523121
case_262,a,2025-02-24 20:18:10.523121
case_262,a,2025-02-24 20:23:10.523121
case_262,c,2025-02-24 20:28:10.523121
case_262,a,2025-02-24 20:33:10.523121
case_262,a,2025-02-24 20:38:10.523121
case_262,c,2025-02-24 20:43:10.523121
case_262,c,2025-02-24 20:48:10.523121
case_262,a,2025-02-24 20:53:10.523121
case_262,c,2025-02-24 20:58:10.523121
case_262,c,2025-02-24 21:03:10.523121
case_263,c,2025-02-24 19:28:10.523152
case_263,c,2025-02-24 19:33:10.523152
case_263,c,2025-02-24 19:38:10.523152
case_263,c,2025-02-24 19:43:10.523152
case_263,a,2025-02-24 19:48:10.523152
case_263,c,2025-02-24 19:53:10.523152
case_263,c,2025-02-24 19:58:10.523152
case_263,c,2025-02-24 20:03:10.523152
case_263,b,2025-02-24 20:08:10.523152
case_263,a,2025-02-24 20:13:10.523152
case_263,b,2025-02-24 20:18:10.523152
case_263,a,2025-02-24 20:23:10.523152
case_263,c,2025-02-24 20:28:10.523152
case_263,c,2025-02-24 20:33:10.523152
case_263,c,2025-02-24 20:38:10.523152
case_263,b,2025-02-24 20:43:10.523152
case_263,a,2025-02-24 20:48:10.523152
case_263,a,2025-02-24 20:53:10.523152
case_263,a,2025-02-24 20:58:10.523152
case_263,b,2025-02-24 21:03:10.523152
case_264,b,2025-02-24 19:28:10.523182
case_264,a,2025-02-24 19:33:10.523182
case_264,c,2025-02-24 19:38:10.523182
case_264,a,2025-02-24 19:43:10.523182
case_264,c,2025-02-24 19:48:10.523182
case_264,b,2025-02-24 19:53:10.523182
case_264,a,2025-02-24 19:58:10.523182
case_264,c,2025-02-24 20:03:10.523182
case_264,a,2025-02-24 20:08:10.523182
case_264,b,2025-02-24 20:13:10.523182
case_264,a,2025-02-24 20:18:10.523182
case_264,c,2025-02-24 20:23:10.523182
case_264,c,2025-02-24 20:28:10.523182
case_264,a,2025-02-24 20:33:10.523182
case_264,c,2025-02-24 20:38:10.523182
case_264,b,2025-02-24 20:43:10.523182
case_264,c,2025-02-24 20:48:10.523182
case_264,b,2025-02-24 20:53:10.523182
case_264,a,2025-02-24 20:58:10.523182
case_264,a,2025-02-24 21:03:10.523182
case_265,c,2025-02-24 19:28:10.523213
case_265,b,2025-02-24 19:33:10.523213
case_265,c,2025-02-24 19:38:10.523213
case_265,c,2025-02-24 19:43:10.523213
case_265,b,2025-02-24 19:48:10.523213
case_265,b,2025-02-24 19:53:10.523213
case_265,a,2025-02-24 19:58:10.523213
case_265,a,2025-02-24 20:03:10.523213
case_265,c,2025-02-24 20:08:10.523213
case_265,a,2025-02-24 20:13:10.523213
case_265,a,2025-02-24 20:18:10.523213
case_265,b,2025-02-24 20:23:10.523213
case_265,c,2025-02-24 20:28:10.523213
case_265,a,2025-02-24 20:33:10.523213
case_265,a,2025-02-24 20:38:10.523213
case_265,a,2025-02-24 20:43:10.523213
case_265,b,2025-02-24 20:48:10.523213
case_265,b,2025-02-24 20:53:10.523213
case_265,c,2025-02-24 20:58:10.523213
case_265,c,2025-02-24 21:03:10.523213
case_266,c,2025-02-24 19:28:10.523243
case_266,c,2025-02-24 19:33:10.523243
case_266,a,2025-02-24 19:38:10.523243
case_266,c,2025-02-24 19:43:10.523243
case_266,c,2025-02-24 19:48:10.523243
case_266,a,2025-02-24 19:53:10.523243
case_266,c,2025-02-24 19:58:10.523243
case_266,a,2025-02-24 20:03:10.523243
case_266,b,2025-02-24 20:08:10.523243
case_266,b,2025-02-24 20:13:10.523243
case_266,c,2025-02-24 20:18:10.523243
case_266,b,2025-02-24 20:23:10.523243
case_266,c,2025-02-24 20:28:10.523243
case_266,a,2025-02-24 20:33:10.523243
case_266,b,2025-02-24 20:38:10.523243
case_266,a,2025-02-24 20:43:10.523243
case_266,c,2025-02-24 20:48:10.523243
case_266,a,2025-02-24 20:53:10.523243
case_266,a,2025-02-24 20:58:10.523243
case_266,b,2025-02-24 21:03:10.523243
case_267,c,2025-02-24 19:28:10.523274
case_267,b,2025-02-24 19:33:10.523274
case_267,c,2025-02-24 19:38:10.523274
case_267,b,2025-02-24 19:43:10.523274
case_267,c,2025-02-24 19:48:10.523274
case_267,b,2025-02-24 19:53:10.523274
case_267,b,2025-02-24 19:58:10.523274
case_267,a,2025-02-24 20:03:10.523274
case_267,a,2025-02-24 20:08:10.523274
case_267,c,2025-02-24 20:13:10.523274
case_267,b,2025-02-24 20:18:10.523274
case_267,c,2025-02-24 20:23:10.523274
case_267,b,2025-02-24 20:28:10.523274
case_267,c,2025-02-24 20:33:10.523274
case_267,b,2025-02-24 20:38:10.523274
case_267,c,2025-02-24 20:43:10.523274
case_267,b,2025-02-24 20:48:10.523274
case_267,b,2025-02-24 20:53:10.523274
case_267,b,2025-02-24 20:58:10.523274
case_267,b,2025-02-24 21:03:10.523274
case_268,c,2025-02-24 19:28:10.523304
case_268,b,2025-02-24 19:33:10.523304
case_268,c,2025-02-24 19:38:10.523304
case_268,b,2025-02-24 19:43:10.523304
case_268,c,2025-02-24 19:48:10.523304
case_268,a,2025-02-24 19:53:10.523304
case_268,a,2025-02-24 19:58:10.523304
case_268,b,2025-02-24 20:03:10.523304
case_268,b,2025-02-24 20:08:10.523304
case_268,b,2025-02-24 20:13:10.523304
case_268,b,2025-02-24 20:18:10.523304
case_268,c,2025-02-24 20:23:10.523304
case_268,b,2025-02-24 20:28:10.523304
case_268,b,2025-02-24 20:33:10.523304
case_268,c,2025-02-24 20:38:10.523304
case_268,c,2025-02-24 20:43:10.523304
case_268,b,2025-02-24 20:48:10.523304
case_268,a,2025-02-24 20:53:10.523304
case_268,c,2025-02-24 20:58:10.523304
case_268,b,2025-02-24 21:03:10.523304
case_269,c,2025-02-24 19:28:10.523338
case_269,b,2025-02-24 19:33:10.523338
case_269,a,2025-02-24 19:38:10.523338
case_269,a,2025-02-24 19:43:10.523338
case_269,c,2025-02-24 19:48:10.523338
case_269,a,2025-02-24 19:53:10.523338
case_269,a,2025-02-24 19:58:10.523338
case_269,b,2025-02-24 20:03:10.523338
case_269,b,2025-02-24 20:08:10.523338
case_269,b,2025-02-24 20:13:10.523338
case_269,b,2025-02-24 20:18:10.523338
case_269,a,2025-02-24 20:23:10.523338
case_269,a,2025-02-24 20:28:10.523338
case_269,a,2025-02-24 20:33:10.523338
case_269,c,2025-02-24 20:38:10.523338
case_269,a,2025-02-24 20:43:10.523338
case_269,a,2025-02-24 20:48:10.523338
case_269,a,2025-02-24 20:53:10.523338
case_269,a,2025-02-24 20:58:10.523338
case_269,c,2025-02-24 21:03:10.523338
case_270,b,2025-02-24 19:28:10.523368
case_270,b,2025-02-24 19:33:10.523368
case_270,a,2025-02-24 19:38:10.523368
case_270,b,2025-02-24 19:43:10.523368
case_270,b,2025-02-24 19:48:10.523368
case_270,c,2025-02-24 19:53:10.523368
case_270,c,2025-02-24 19:58:10.523368
case_270,a,2025-02-24 20:03:10.523368
case_270,b,2025-02-24 20:08:10.523368
case_270,b,2025-02-24 20:13:10.523368
case_270,b,2025-02-24 20:18:10.523368
case_270,b,2025-02-24 20:23:10.523368
case_270,c,2025-02-24 20:28:10.523368
case_270,b,2025-02-24 20:33:10.523368
case_270,a,2025-02-24 20:38:10.523368
case_270,c,2025-02-24 20:43:10.523368
case_270,b,2025-02-24 20:48:10.523368
case_270,b,2025-02-24 20:53:10.523368
case_270,a,2025-02-24 20:58:10.523368
case_270,a,2025-02-24 21:03:10.523368
case_271,c,2025-02-24 19:28:10.523398
case_271,b,2025-02-24 19:33:10.523398
case_271,b,2025-02-24 19:38:10.523398
case_271,a,2025-02-24 19:43:10.523398
case_271,c,2025-02-24 19:48:10.523398
case_271,a,2025-02-24 19:53:10.523398
case_271,b,2025-02-24 19:58:10.523398
case_271,b,2025-02-24 20:03:10.523398
case_271,c,2025-02-24 20:08:10.523398
case_271,a,2025-02-24 20:13:10.523398
case_271,a,2025-02-24 20:18:10.523398
case_271,a,2025-02-24 20:23:10.523398
case_271,c,2025-02-24 20:28:10.523398
case_271,b,2025-02-24 20:33:10.523398
case_271,b,2025-02-24 20:38:10.523398
case_271,b,2025-02-24 20:43:10.523398
case_271,b,2025-02-24 20:48:10.523398
case_271,c,2025-02-24 20:53:10.523398
case_271,c,2025-02-24 20:58:10.523398
case_271,c,2025-02-24 21:03:10.523398
case_272,b,2025-02-24 19:28:10.523428
case_272,c,2025-02-24 19:33:10.523428
case_272,b,2025-02-24 19:38:10.523428
case_272,a,2025-02-24 19:43:10.523428
case_272,a,2025-02-24 19:48:10.523428
case_272,a,2025-02-24 19:53:10.523428
case_272,a,2025-02-24 19:58:10.523428
case_272,b,2025-02-24 20:03:10.523428
case_272,b,2025-02-24 20:08:10.523428
case_272,a,2025-02-24 20:13:10.523428
case_272,a,2025-02-24 20:18:10.523428
case_272,b,2025-02-24 20:23:10.523428
case_272,b,2025-02-24 20:28:10.523428
case_272,b,2025-02-24 20:33:10.523428
case_272,a,2025-02-24 20:38:10.523428
case_272,a,2025-02-24 20:43:10.523428
case_272,b,2025-02-24 20:48:10.523428
case_272,c,2025-02-24 20:53:10.523428
case_272,a,2025-02-24 20:58:10.523428
case_272,b,2025-02-24 21:03:10.523428
case_273,b,2025-02-24 19:28:10.523458
case_273,a,2025-02-24 19:33:10.523458
case_273,b,2025-02-24 19:38:10.523458
case_273,a,2025-02-24 19:43:10.523458
case_273,c,2025-02-24 19:48:10.523458
case_273,a,2025-02-24 19:53:10.523458
case_273,b,2025-02-24 19:58:10.523458
case_273,b,2025-02-24 20:03:10.523458
case_273,c,2025-02-24 20:08:10.523458
case_273,a,2025-02-24 20:13:10.523458
case_273,b,2025-02-24 20:18:10.523458
case_273,b,2025-02-24 20:23:10.523458
case_273,c,2025-02-24 20:28:10.523458
case_273,a,2025-02-24 20:33:10.523458
case_273,c,2025-02-24 20:38:10.523458
case_273,a,2025-02-24 20:43:10.523458
case_273,b,2025-02-24 20:48:10.523458
case_273,c,2025-02-24 20:53:10.523458
case_273,a,2025-02-24 20:58:10.523458
case_273,a,2025-02-24 21:03:10.523458
case_274,b,2025-02-24 19:28:10.523488
case_274,c,2025-02-24 19:33:10.523488
case_274,b,2025-02-24 19:38:10.523488
case_274,b,2025-02-24 19:43:10.523488
case_274,a,2025-02-24 19:48:10.523488
case_274,b,2025-02-24 19:53:10.523488
case_274,a,2025-02-24 19:58:10.523488
case_274,b,2025-02-24 20:03:10.523488
case_274,a,2025-02-24 20:08:10.523488
case_274,a,2025-02-24 20:13:10.523488
case_274,a,2025-02-24 20:18:10.523488
case_274,a,2025-02-24 20:23:10.523488
case_274,a,2025-02-24 20:28:10.523488
case_274,a,2025-02-24 20:33:10.523488
case_274,b,2025-02-24 20:38:10.523488
case_274,a,2025-02-24 20:43:10.523488
case_274,c,2025-02-24 20:48:10.523488
case_274,a,2025-02-24 20:53:10.523488
case_274,a,2025-02-24 20:58:10.523488
case_274,a,2025-02-24 21:03:10.523488
case_275,c,2025-02-24 19:28:10.523518
case_275,b,2025-02-24 19:33:10.523518
case_275,b,2025-02-24 19:38:10.523518
case_275,c,2025-02-24 19:43:10.523518
case_275,c,2025-02-24 19:48:10.523518
case_275,b,2025-02-24 19:53:10.523518
case_275,b,2025-02-24 19:58:10.523518
case_275,b,2025-02-24 20:03:10.523518
case_275,a,2025-02-24 20:08:10.523518
case_275,b,2025-02-24 20:13:10.523518
case_275,a,2025-02-24 20:18:10.523518
case_275,b,2025-02-24 20:23:10.523518
case_275,a,2025-02-24 20:28:10.523518
case_275,b,2025-02-24 20:33:10.523518
case_275,c,2025-02-24 20:38:10.523518
case_275,b,2025-02-24 20:43:10.523518
case_275,c,2025-02-24 20:48:10.523518
case_275,b,2025-02-24 20:53:10.523518
case_275,a,2025-02-24 20:58:10.523518
case_275,a,2025-02-24 21:03:10.523518
case_276,c,2025-02-24 19:28:10.523549
case_276,a,2025-02-24 19:33:10.523549
case_276,b,2025-02-24 19:38:10.523549
case_276,c,2025-02-24 19:43:10.523549
case_276,a,2025-02-24 19:48:10.523549
case_276,a,2025-02-24 19:53:10.523549
case_276,a,2025-02-24 19:58:10.523549
case_276,b,2025-02-24 20:03:10.523549
case_276,c,2025-02-24 20:08:10.523549
case_276,a,2025-02-24 20:13:10.523549
case_276,c,2025-02-24 20:18:10.523549
case_276,b,2025-02-24 20:23:10.523549
case_276,a,2025-02-24 20:28:10.523549
case_276,c,2025-02-24 20:33:10.523549
case_276,b,2025-02-24 20:38:10.523549
case_276,b,2025-02-24 20:43:10.523549
case_276,c,2025-02-24 20:48:10.523549
case_276,a,2025-02-24 20:53:10.523549
case_276,a,2025-02-24 20:58:10.523549
case_276,c,2025-02-24 21:03:10.523549
case_277,b,2025-02-24 19:28:10.523579
case_277,c,2025-02-24 19:33:10.523579
case_277,a,2025-02-24 19:38:10.523579
case_277,b,2025-02-24 19:43:10.523579
case_277,a,2025-02-24 19:48:10.523579
case_277,c,2025-02-24 19:53:10.523579
case_277,a,2025-02-24 19:58:10.523579
case_277,c,2025-02-24 20:03:10.523579
case_277,b,2025-02-24 20:08:10.523579
case_277,a,2025-02-24 20:13:10.523579
case_277,b,2025-02-24 20:18:10.523579
case_277,c,2025-02-24 20:23:10.523579
case_277,c,2025-02-24 20:28:10.523579
case_277,b,2025-02-24 20:33:10.523579
case_277,c,2025-02-24 20:38:10.523579
case_277,a,2025-02-24 20:43:10.523579
case_277,a,2025-02-24 20:48:10.523579
case_277,c,2025-02-24 20:53:10.523579
case_277,b,2025-02-24 20:58:10.523579
case_277,a,2025-02-24 21:03:10.523579
case_278,c,2025-02-24 19:28:10.523609
case_278,c,2025-02-24 19:33:10.523609
case_278,a,2025-02-24 19:38:10.523609
case_278,b,2025-02-24 19:43:10.523609
case_278,a,2025-02-24 19:48:10.523609
case_278,c,2025-02-24 19:53:10.523609
case_278,c,2025-02-24 19:58:10.523609
case_278,a,2025-02-24 20:03:10.523609
case_278,c,2025-02-24 20:08:10.523609
case_278,c,2025-02-24 20:13:10.523609
case_278,b,2025-02-24 20:18:10.523609
case_278,a,2025-02-24 20:23:10.523609
case_278,a,2025-02-24 20:28:10.523609
case_278,c,2025-02-24 20:33:10.523609
case_278,c,2025-02-24 20:38:10.523609
case_278,c,2025-02-24 20:43:10.523609
case_278,b,2025-02-24 20:48:10.523609
case_278,c,2025-02-24 20:53:10.523609
case_278,a,2025-02-24 20:58:10.523609
case_278,b,2025-02-24 21:03:10.523609
case_279,b,2025-02-24 19:28:10.523638
case_279,b,2025-02-24 19:33:10.523638
case_279,c,2025-02-24 19:38:10.523638
case_279,b,2025-02-24 19:43:10.523638
case_279,c,2025-02-24 19:48:10.523638
case_279,b,2025-02-24 19:53:10.523638
case_279,a,2025-02-24 19:58:10.523638
case_279,a,2025-02-24 20:03:10.523638
case_279,b,2025-02-24 20:08:10.523638
case_279,a,2025-02-24 20:13:10.523638
case_279,a,2025-02-24 20:18:10.523638
case_279,c,2025-02-24 20:23:10.523638
case_279,c,2025-02-24 20:28:10.523638
case_279,b,2025-02-24 20:33:10.523638
case_279,a,2025-02-24 20:38:10.523638
case_279,b,2025-02-24 20:43:10.523638
case_279,a,2025-02-24 20:48:10.523638
case_279,c,2025-02-24 20:53:10.523638
case_279,a,2025-02-24 20:58:10.523638
case_279,b,2025-02-24 21:03:10.523638
case_280,c,2025-02-24 19:28:10.523669
case_280,a,2025-02-24 19:33:10.523669
case_280,c,2025-02-24 19:38:10.523669
case_280,a,2025-02-24 19:43:10.523669
case_280,a,2025-02-24 19:48:10.523669
case_280,c,2025-02-24 19:53:10.523669
case_280,a,2025-02-24 19:58:10.523669
case_280,b,2025-02-24 20:03:10.523669
case_280,b,2025-02-24 20:08:10.523669
case_280,a,2025-02-24 20:13:10.523669
case_280,c,2025-02-24 20:18:10.523669
case_280,c,2025-02-24 20:23:10.523669
case_280,b,2025-02-24 20:28:10.523669
case_280,a,2025-02-24 20:33:10.523669
case_280,c,2025-02-24 20:38:10.523669
case_280,b,2025-02-24 20:43:10.523669
case_280,b,2025-02-24 20:48:10.523669
case_280,b,2025-02-24 20:53:10.523669
case_280,a,2025-02-24 20:58:10.523669
case_280,c,2025-02-24 21:03:10.523669
case_281,c,2025-02-24 19:28:10.523699
case_281,a,2025-02-24 19:33:10.523699
case_281,b,2025-02-24 19:38:10.523699
case_281,b,2025-02-24 19:43:10.523699
case_281,a,2025-02-24 19:48:10.523699
case_281,b,2025-02-24 19:53:10.523699
case_281,c,2025-02-24 19:58:10.523699
case_281,c,2025-02-24 20:03:10.523699
case_281,a,2025-02-24 20:08:10.523699
case_281,a,2025-02-24 20:13:10.523699
case_281,c,2025-02-24 20:18:10.523699
case_281,a,2025-02-24 20:23:10.523699
case_281,c,2025-02-24 20:28:10.523699
case_281,b,2025-02-24 20:33:10.523699
case_281,b,2025-02-24 20:38:10.523699
case_281,a,2025-02-24 20:43:10.523699
case_281,a,2025-02-24 20:48:10.523699
case_281,b,2025-02-24 20:53:10.523699
case_281,b,2025-02-24 20:58:10.523699
case_281,c,2025-02-24 21:03:10.523699
case_282,b,2025-02-24 19:28:10.523729
case_282,a,2025-02-24 19:33:10.523729
case_282,b,2025-02-24 19:38:10.523729
case_282,a,2025-02-24 19:43:10.523729
case_282,b,2025-02-24 19:48:10.523729
case_282,c,2025-02-24 19:53:10.523729
case_282,b,2025-02-24 19:58:10.523729
case_282,b,2025-02-24 20:03:10.523729
case_282,a,2025-02-24 20:08:10.523729
case_282,b,2025-02-24 20:13:10.523729
case_282,b,2025-02-24 20:18:10.523729
case_282,c,2025-02-24 20:23:10.523729
case_282,b,2025-02-24 20:28:10.523729
case_282,b,2025-02-24 20:33:10.523729
case_282,c,2025-02-24 20:38:10.523729
case_282,b,2025-02-24 20:43:10.523729
case_282,b,2025-02-24 20:48:10.523729
case_282,b,2025-02-24 20:53:10.523729
case_282,a,2025-02-24 20:58:10.523729
case_282,a,2025-02-24 21:03:10.523729
case_283,b,2025-02-24 19:28:10.523759
case_283,b,2025-02-24 19:33:10.523759
case_283,a,2025-02-24 19:38:10.523759
case_283,c,2025-02-24 19:43:10.523759
case_283,b,2025-02-24 19:48:10.523759
case_283,c,2025-02-24 19:53:10.523759
case_283,a,2025-02-24 19:58:10.523759
case_283,b,2025-02-24 20:03:10.523759
case_283,c,2025-02-24 20:08:10.523759
case_283,c,2025-02-24 20:13:10.523759
case_283,b,2025-02-24 20:18:10.523759
case_283,a,2025-02-24 20:23:10.523759
case_283,c,2025-02-24 20:28:10.523759
case_283,c,2025-02-24 20:33:10.523759
case_283,c,2025-02-24 20:38:10.523759
case_283,b,2025-02-24 20:43:10.523759
case_283,a,2025-02-24 20:48:10.523759
case_283,a,2025-02-24 20:53:10.523759
case_283,a,2025-02-24 20:58:10.523759
case_283,b,2025-02-24 21:03:10.523759
case_284,b,2025-02-24 19:28:10.523788
case_284,a,2025-02-24 19:33:10.523788
case_284,a,2025-02-24 19:38:10.523788
case_284,a,2025-02-24 19:43:10.523788
case_284,b,2025-02-24 19:48:10.523788
case_284,a,2025-02-24 19:53:10.523788
case_284,c,2025-02-24 19:58:10.523788
case_284,b,2025-02-24 20:03:10.523788
case_284,b,2025-02-24 20:08:10.523788
case_284,b,2025-02-24 20:13:10.523788
case_284,b,2025-02-24 20:18:10.523788
case_284,b,2025-02-24 20:23:10.523788
case_284,a,2025-02-24 20:28:10.523788
case_284,a,2025-02-24 20:33:10.523788
case_284,b,2025-02-24 20:38:10.523788
case_284,b,2025-02-24 20:43:10.523788
case_284,c,2025-02-24 20:48:10.523788
case_284,c,2025-02-24 20:53:10.523788
case_284,b,2025-02-24 20:58:10.523788
case_284,c,2025-02-24 21:03:10.523788
case_285,c,2025-02-24 19:28:10.523818
case_285,c,2025-02-24 19:33:10.523818
case_285,a,2025-02-24 19:38:10.523818
case_285,a,2025-02-24 19:43:10.523818
case_285,b,2025-02-24 19:48:10.523818
case_285,b,2025-02-24 19:53:10.523818
case_285,a,2025-02-24 19:58:10.523818
case_285,c,2025-02-24 20:03:10.523818
case_285,a,2025-02-24 20:08:10.523818
case_285,a,2025-02-24 20:13:10.523818
case_285,c,2025-02-24 20:18:10.523818
case_285,a,2025-02-24 20:23:10.523818
case_285,b,2025-02-24 20:28:10.523818
case_285,c,2025-02-24 20:33:10.523818
case_285,c,2025-02-24 20:38:10.523818
case_285,c,2025-02-24 20:43:10.523818
case_285,b,2025-02-24 20:48:10.523818
case_285,b,2025-02-24 20:53:10.523818
case_285,a,2025-02-24 20:58:10.523818
case_285,b,2025-02-24 21:03:10.523818
case_286,c,2025-02-24 19:28:10.523848
case_286,a,2025-02-24 19:33:10.523848
case_286,a,2025-02-24 19:38:10.523848
case_286,a,2025-02-24 19:43:10.523848
case_286,b,2025-02-24 19:48:10.523848
case_286,b,2025-02-24 19:53:10.523848
case_286,a,2025-02-24 19:58:10.523848
case_286,a,2025-02-24 20:03:10.523848
case_286,a,2025-02-24 20:08:10.523848
case_286,c,2025-02-24 20:13:10.523848
case_286,c,2025-02-24 20:18:10.523848
case_286,c,2025-02-24 20:23:10.523848
case_286,c,2025-02-24 20:28:10.523848
case_286,c,2025-02-24 20:33:10.523848
case_286,a,2025-02-24 20:38:10.523848
case_286,c,2025-02-24 20:43:10.523848
case_286,c,2025-02-24 20:48:10.523848
case_286,a,2025-02-24 20:53:10.523848
case_286,c,2025-02-24 20:58:10.523848
case_286,b,2025-02-24 21:03:10.523848
case_287,b,2025-02-24 19:28:10.523878
case_287,b,2025-02-24 19:33:10.523878
case_287,a,2025-02-24 19:38:10.523878
case_287,c,2025-02-24 19:43:10.523878
case_287,b,2025-02-24 19:48:10.523878
case_287,a,2025-02-24 19:53:10.523878
case_287,a,2025-02-24 19:58:10.523878
case_287,a,2025-02-24 20:03:10.523878
case_287,c,2025-02-24 20:08:10.523878
case_287,c,2025-02-24 20:13:10.523878
case_287,a,2025-02-24 20:18:10.523878
case_287,a,2025-02-24 20:23:10.523878
case_287,a,2025-02-24 20:28:10.523878
case_287,b,2025-02-24 20:33:10.523878
case_287,c,2025-02-24 20:38:10.523878
case_287,b,2025-02-24 20:43:10.523878
case_287,a,2025-02-24 20:48:10.523878
case_287,b,2025-02-24 20:53:10.523878
case_287,a,2025-02-24 20:58:10.523878
case_287,c,2025-02-24 21:03:10.523878
case_288,b,2025-02-24 19:28:10.523908
case_288,c,2025-02-24 19:33:10.523908
case_288,a,2025-02-24 19:38:10.523908
case_288,c,2025-02-24 19:43:10.523908
case_288,a,2025-02-24 19:48:10.523908
case_288,c,2025-02-24 19:53:10.523908
case_288,a,2025-02-24 19:58:10.523908
case_288,b,2025-02-24 20:03:10.523908
case_288,c,2025-02-24 20:08:10.523908
case_288,a,2025-02-24 20:13:10.523908
case_288,a,2025-02-24 20:18:10.523908
case_288,c,2025-02-24 20:23:10.523908
case_288,a,2025-02-24 20:28:10.523908
case_288,c,2025-02-24 20:33:10.523908
case_288,c,2025-02-24 20:38:10.523908
case_288,b,2025-02-24 20:43:10.523908
case_288,a,2025-02-24 20:48:10.523908
case_288,b,2025-02-24 20:53:10.523908
case_288,c,2025-02-24 20:58:10.523908
case_288,c,2025-02-24 21:03:10.523908
case_289,b,2025-02-24 19:28:10.523938
case_289,c,2025-02-24 19:33:10.523938
case_289,b,2025-02-24 19:38:10.523938
case_289,b,2025-02-24 19:43:10.523938
case_289,b,2025-02-24 19:48:10.523938
case_289,a,2025-02-24 19:53:10.523938
case_289,b,2025-02-24 19:58:10.523938
case_289,b,2025-02-24 20:03:10.523938
case_289,b,2025-02-24 20:08:10.523938
case_289,b,2025-02-24 20:13:10.523938
case_289,b,2025-02-24 20:18:10.523938
case_289,a,2025-02-24 20:23:10.523938
case_289,a,2025-02-24 20:28:10.523938
case_289,a,2025-02-24 20:33:10.523938
case_289,c,2025-02-24 20:38:10.523938
case_289,c,2025-02-24 20:43:10.523938
case_289,a,2025-02-24 20:48:10.523938
case_289,c,2025-02-24 20:53:10.523938
case_289,c,2025-02-24 20:58:10.523938
case_289,c,2025-02-24 21:03:10.523938
case_290,c,2025-02-24 19:28:10.523967
case_290,c,2025-02-24 19:33:10.523967
case_290,a,2025-02-24 19:38:10.523967
case_290,a,2025-02-24 19:43:10.523967
case_290,b,2025-02-24 19:48:10.523967
case_290,b,2025-02-24 19:53:10.523967
case_290,b,2025-02-24 19:58:10.523967
case_290,b,2025-02-24 20:03:10.523967
case_290,c,2025-02-24 20:08:10.523967
case_290,c,2025-02-24 20:13:10.523967
case_290,c,2025-02-24 20:18:10.523967
case_290,c,2025-02-24 20:23:10.523967
case_290,c,2025-02-24 20:28:10.523967
case_290,a,2025-02-24 20:33:10.523967
case_290,a,2025-02-24 20:38:10.523967
case_290,b,2025-02-24 20:43:10.523967
case_290,a,2025-02-24 20:48:10.523967
case_290,a,2025-02-24 20:53:10.523967
case_290,b,2025-02-24 20:58:10.523967
case_290,b,2025-02-24 21:03:10.523967
case_291,b,2025-02-24 19:28:10.523998
case_291,b,2025-02-24 19:33:10.523998
case_291,c,2025-02-24 19:38:10.523998
case_291,b,2025-02-24 19:43:10.523998
case_291,c,2025-02-24 19:48:10.523998
case_291,c,2025-02-24 19:53:10.523998
case_291,b,2025-02-24 19:58:10.523998
case_291,c,2025-02-24 20:03:10.523998
case_291,b,2025-02-24 20:08:10.523998
case_291,b,2025-02-24 20:13:10.523998
case_291,b,2025-02-24 20:18:10.523998
case_291,c,2025-02-24 20:23:10.523998
case_291,c,2025-02-24 20:28:10.523998
case_291,a,2025-02-24 20:33:10.523998
case_291,c,2025-02-24 20:38:10.523998
case_291,a,2025-02-24 20:43:10.523998
case_291,b,2025-02-24 20:48:10.523998
case_291,a,2025-02-24 20:53:10.523998
case_291,a,2025-02-24 20:58:10.523998
case_291,c,2025-02-24 21:03:10.523998
case_292,c,2025-02-24 19:28:10.524028
case_292,b,2025-02-24 19:33:10.524028
case_292,a,2025-02-24 19:38:10.524028
case_292,c,2025-02-24 19:43:10.524028
case_292,a,2025-02-24 19:48:10.524028
case_292,b,2025-02-24 19:53:10.524028
case_292,a,2025-02-24 19:58:10.524028
case_292,b,2025-02-24 20:03:10.524028
case_292,c,2025-02-24 20:08:10.524028
case_292,b,2025-02-24 20:13:10.524028
case_292,a,2025-02-24 20:18:10.524028
case_292,b,2025-02-24 20:23:10.524028
case_292,b,2025-02-24 20:28:10.524028
case_292,c,2025-02-24 20:33:10.524028
case_292,c,2025-02-24 20:38:10.524028
case_292,c,2025-02-24 20:43:10.524028
case_292,c,2025-02-24 20:48:10.524028
case_292,a,2025-02-24 20:53:10.524028
case_292,a,2025-02-24 20:58:10.524028
case_292,a,2025-02-24 21:03:10.524028
case_293,c,2025-02-24 19:28:10.524058
case_293,b,2025-02-24 19:33:10.524058
case_293,b,2025-02-24 19:38:10.524058
case_293,a,2025-02-24 19:43:10.524058
case_293,b,2025-02-24 19:48:10.524058
case_293,b,2025-02-24 19:53:10.524058
case_293,c,2025-02-24 19:58:10.524058
case_293,c,2025-02-24 20:03:10.524058
case_293,c,2025-02-24 20:08:10.524058
case_293,a,2025-02-24 20:13:10.524058
case_293,b,2025-02-24 20:18:10.524058
case_293,c,2025-02-24 20:23:10.524058
case_293,a,2025-02-24 20:28:10.524058
case_293,b,2025-02-24 20:33:10.524058
case_293,a,2025-02-24 20:38:10.524058
case_293,a,2025-02-24 20:43:10.524058
case_293,a,2025-02-24 20:48:10.524058
case_293,b,2025-02-24 20:53:10.524058
case_293,c,2025-02-24 20:58:10.524058
case_293,c,2025-02-24 21:03:10.524058
case_294,b,2025-02-24 19:28:10.524087
case_294,c,2025-02-24 19:33:10.524087
case_294,a,2025-02-24 19:38:10.524087
case_294,c,2025-02-24 19:43:10.524087
case_294,a,2025-02-24 19:48:10.524087
case_294,b,2025-02-24 19:53:10.524087
case_294,a,2025-02-24 19:58:10.524087
case_294,c,2025-02-24 20:03:10.524087
case_294,a,2025-02-24 20:08:10.524087
case_294,c,2025-02-24 20:13:10.524087
case_294,b,2025-02-24 20:18:10.524087
case_294,c,2025-02-24 20:23:10.524087
case_294,a,2025-02-24 20:28:10.524087
case_294,a,2025-02-24 20:33:10.524087
case_294,b,2025-02-24 20:38:10.524087
case_294,c,2025-02-24 20:43:10.524087
case_294,a,2025-02-24 20:48:10.524087
case_294,c,2025-02-24 20:53:10.524087
case_294,c,2025-02-24 20:58:10.524087
case_294,c,2025-02-24 21:03:10.524087
case_295,b,2025-02-24 19:28:10.524117
case_295,a,2025-02-24 19:33:10.524117
case_295,a,2025-02-24 19:38:10.524117
case_295,b,2025-02-24 19:43:10.524117
case_295,c,2025-02-24 19:48:10.524117
case_295,a,2025-02-24 19:53:10.524117
case_295,a,2025-02-24 19:58:10.524117
case_295,b,2025-02-24 20:03:10.524117
case_295,c,2025-02-24 20:08:10.524117
case_295,b,2025-02-24 20:13:10.524117
case_295,a,2025-02-24 20:18:10.524117
case_295,b,2025-02-24 20:23:10.524117
case_295,a,2025-02-24 20:28:10.524117
case_295,a,2025-02-24 20:33:10.524117
case_295,a,2025-02-24 20:38:10.524117
case_295,b,2025-02-24 20:43:10.524117
case_295,b,2025-02-24 20:48:10.524117
case_295,b,2025-02-24 20:53:10.524117
case_295,c,2025-02-24 20:58:10.524117
case_295,c,2025-02-24 21:03:10.524117
case_296,b,2025-02-24 19:28:10.524147
case_296,a,2025-02-24 19:33:10.524147
case_296,c,2025-02-24 19:38:10.524147
case_296,c,2025-02-24 19:43:10.524147
case_296,b,2025-02-24 19:48:10.524147
case_296,b,2025-02-24 19:53:10.524147
case_296,a,2025-02-24 19:58:10.524147
case_296,c,2025-02-24 20:03:10.524147
case_296,a,2025-02-24 20:08:10.524147
case_296,b,2025-02-24 20:13:10.524147
case_296,c,2025-02-24 20:18:10.524147
case_296,a,2025-02-24 20:23:10.524147
case_296,a,2025-02-24 20:28:10.524147
case_296,b,2025-02-24 20:33:10.524147
case_296,b,2025-02-24 20:38:10.524147
case_296,a,2025-02-24 20:43:10.524147
case_296,c,2025-02-24 20:48:10.524147
case_296,b,2025-02-24 20:53:10.524147
case_296,a,2025-02-24 20:58:10.524147
case_296,c,2025-02-24 21:03:10.524147
case_297,b,2025-02-24 19:28:10.524177
case_297,a,2025-02-24 19:33:10.524177
case_297,a,2025-02-24 19:38:10.524177
case_297,b,2025-02-24 19:43:10.524177
case_297,b,2025-02-24 19:48:10.524177
case_297,b,2025-02-24 19:53:10.524177
case_297,a,2025-02-24 19:58:10.524177
case_297,a,2025-02-24 20:03:10.524177
case_297,b,2025-02-24 20:08:10.524177
case_297,b,2025-02-24 20:13:10.524177
case_297,c,2025-02-24 20:18:10.524177
case_297,b,2025-02-24 20:23:10.524177
case_297,a,2025-02-24 20:28:10.524177
case_297,c,2025-02-24 20:33:10.524177
case_297,c,2025-02-24 20:38:10.524177
case_297,b,2025-02-24 20:43:10.524177
case_297,a,2025-02-24 20:48:10.524177
case_297,c,2025-02-24 20:53:10.524177
case_297,a,2025-02-24 20:58:10.524177
case_297,b,2025-02-24 21:03:10.524177
case_298,b,2025-02-24 19:28:10.524207
case_298,c,2025-02-24 19:33:10.524207
case_298,b,2025-02-24 19:38:10.524207
case_298,b,2025-02-24 19:43:10.524207
case_298,b,2025-02-24 19:48:10.524207
case_298,a,2025-02-24 19:53:10.524207
case_298,b,2025-02-24 19:58:10.524207
case_298,c,2025-02-24 20:03:10.524207
case_298,a,2025-02-24 20:08:10.524207
case_298,b,2025-02-24 20:13:10.524207
case_298,b,2025-02-24 20:18:10.524207
case_298,b,2025-02-24 20:23:10.524207
case_298,b,2025-02-24 20:28:10.524207
case_298,a,2025-02-24 20:33:10.524207
case_298,b,2025-02-24 20:38:10.524207
case_298,b,2025-02-24 20:43:10.524207
case_298,b,2025-02-24 20:48:10.524207
case_298,b,2025-02-24 20:53:10.524207
case_298,a,2025-02-24 20:58:10.524207
case_298,a,2025-02-24 21:03:10.524207
case_299,b,2025-02-24 19:28:10.524237
case_299,a,2025-02-24 19:33:10.524237
case_299,c,2025-02-24 19:38:10.524237
case_299,c,2025-02-24 19:43:10.524237
case_299,c,2025-02-24 19:48:10.524237
case_299,b,2025-02-24 19:53:10.524237
case_299,c,2025-02-24 19:58:10.524237
case_299,b,2025-02-24 20:03:10.524237
case_299,a,2025-02-24 20:08:10.524237
case_299,c,2025-02-24 20:13:10.524237
case_299,c,2025-02-24 20:18:10.524237
case_299,a,2025-02-24 20:23:10.524237
case_299,b,2025-02-24 20:28:10.524237
case_299,a,2025-02-24 20:33:10.524237
case_299,a,2025-02-24 20:38:10.524237
case_299,b,2025-02-24 20:43:10.524237
case_299,a,2025-02-24 20:48:10.524237
case_299,b,2025-02-24 20:53:10.524237
case_299,c,2025-02-24 20:58:10.524237
case_299,a,2025-02-24 21:03:10.524237
case_300,b,2025-02-24 19:28:10.524267
case_300,c,2025-02-24 19:33:10.524267
case_300,a,2025-02-24 19:38:10.524267
case_300,c,2025-02-24 19:43:10.524267
case_300,b,2025-02-24 19:48:10.524267
case_300,a,2025-02-24 19:53:10.524267
case_300,b,2025-02-24 19:58:10.524267
case_300,a,2025-02-24 20:03:10.524267
case_300,b,2025-02-24 20:08:10.524267
case_300,b,2025-02-24 20:13:10.524267
case_300,a,2025-02-24 20:18:10.524267
case_300,a,2025-02-24 20:23:10.524267
case_300,c,2025-02-24 20:28:10.524267
case_300,c,2025-02-24 20:33:10.524267
case_300,b,2025-02-24 20:38:10.524267
case_300,c,2025-02-24 20:43:10.524267
case_300,a,2025-02-24 20:48:10.524267
case_300,c,2025-02-24 20:53:10.524267
case_300,b,2025-02-24 20:58:10.524267
case_300,b,2025-02-24 21:03:10.524267
case_301,c,2025-02-24 19:28:10.524298
case_301,b,2025-02-24 19:33:10.524298
case_301,b,2025-02-24 19:38:10.524298
case_301,b,2025-02-24 19:43:10.524298
case_301,a,2025-02-24 19:48:10.524298
case_301,c,2025-02-24 19:53:10.524298
case_301,a,2025-02-24 19:58:10.524298
case_301,b,2025-02-24 20:03:10.524298
case_301,a,2025-02-24 20:08:10.524298
case_301,b,2025-02-24 20:13:10.524298
case_301,c,2025-02-24 20:18:10.524298
case_301,a,2025-02-24 20:23:10.524298
case_301,a,2025-02-24 20:28:10.524298
case_301,a,2025-02-24 20:33:10.524298
case_301,a,2025-02-24 20:38:10.524298
case_301,b,2025-02-24 20:43:10.524298
case_301,a,2025-02-24 20:48:10.524298
case_301,b,2025-02-24 20:53:10.524298
case_301,b,2025-02-24 20:58:10.524298
case_301,c,2025-02-24 21:03:10.524298
case_302,b,2025-02-24 19:28:10.524330
case_302,b,2025-02-24 19:33:10.524330
case_302,c,2025-02-24 19:38:10.524330
case_302,b,2025-02-24 19:43:10.524330
case_302,a,2025-02-24 19:48:10.524330
case_302,b,2025-02-24 19:53:10.524330
case_302,a,2025-02-24 19:58:10.524330
case_302,b,2025-02-24 20:03:10.524330
case_302,a,2025-02-24 20:08:10.524330
case_302,b,2025-02-24 20:13:10.524330
case_302,b,2025-02-24 20:18:10.524330
case_302,b,2025-02-24 20:23:10.524330
case_302,c,2025-02-24 20:28:10.524330
case_302,b,2025-02-24 20:33:10.524330
case_302,c,2025-02-24 20:38:10.524330
case_302,a,2025-02-24 20:43:10.524330
case_302,c,2025-02-24 20:48:10.524330
case_302,a,2025-02-24 20:53:10.524330
case_302,a,2025-02-24 20:58:10.524330
case_302,a,2025-02-24 21:03:10.524330
case_303,c,2025-02-24 19:28:10.524360
case_303,c,2025-02-24 19:33:10.524360
case_303,a,2025-02-24 19:38:10.524360
case_303,a,2025-02-24 19:43:10.524360
case_303,a,2025-02-24 19:48:10.524360
case_303,b,2025-02-24 19:53:10.524360
case_303,b,2025-02-24 19:58:10.524360
case_303,a,2025-02-24 20:03:10.524360
case_303,b,2025-02-24 20:08:10.524360
case_303,b,2025-02-24 20:13:10.524360
case_303,b,2025-02-24 20:18:10.524360
case_303,a,2025-02-24 20:23:10.524360
case_303,a,2025-02-24 20:28:10.524360
case_303,a,2025-02-24 20:33:10.524360
case_303,a,2025-02-24 20:38:10.524360
case_303,a,2025-02-24 20:43:10.524360
case_303,a,2025-02-24 20:48:10.524360
case_303,a,2025-02-24 20:53:10.524360
case_303,a,2025-02-24 20:58:10.524360
case_303,b,2025-02-24 21:03:10.524360
case_304,b,2025-02-24 19:28:10.524390
case_304,c,2025-02-24 19:33:10.524390
case_304,b,2025-02-24 19:38:10.524390
case_304,c,2025-02-24 19:43:10.524390
case_304,c,2025-02-24 19:48:10.524390
case_304,b,2025-02-24 19:53:10.524390
case_304,b,2025-02-24 19:58:10.524390
case_304,a,2025-02-24 20:03:10.524390
case_304,c,2025-02-24 20:08:10.524390
case_304,a,2025-02-24 20:13:10.524390
case_304,a,2025-02-24 20:18:10.524390
case_304,a,2025-02-24 20:23:10.524390
case_304,a,2025-02-24 20:28:10.524390
case_304,c,2025-02-24 20:33:10.524390
case_304,a,2025-02-24 20:38:10.524390
case_304,a,2025-02-24 20:43:10.524390
case_304,a,2025-02-24 20:48:10.524390
case_304,b,2025-02-24 20:53:10.524390
case_304,b,2025-02-24 20:58:10.524390
case_304,c,2025-02-24 21:03:10.524390
case_305,b,2025-02-24 19:28:10.524420
case_305,c,2025-02-24 19:33:10.524420
case_305,a,2025-02-24 19:38:10.524420
case_305,c,2025-02-24 19:43:10.524420
case_305,b,2025-02-24 19:48:10.524420
case_305,a,2025-02-24 19:53:10.524420
case_305,b,2025-02-24 19:58:10.524420
case_305,c,2025-02-24 20:03:10.524420
case_305,b,2025-02-24 20:08:10.524420
case_305,b,2025-02-24 20:13:10.524420
case_305,b,2025-02-24 20:18:10.524420
case_305,b,2025-02-24 20:23:10.524420
case_305,a,2025-02-24 20:28:10.524420
case_305,a,2025-02-24 20:33:10.524420
case_305,b,2025-02-24 20:38:10.524420
case_305,c,2025-02-24 20:43:10.524420
case_305,c,2025-02-24 20:48:10.524420
case_305,c,2025-02-24 20:53:10.524420
case_305,b,2025-02-24 20:58:10.524420
case_305,a,2025-02-24 21:03:10.524420
case_306,b,2025-02-24 19:28:10.524450
case_306,a,2025-02-24 19:33:10.524450
case_306,b,2025-02-24 19:38:10.524450
case_306,c,2025-02-24 19:43:10.524450
case_306,c,2025-02-24 19:48:10.524450
case_306,c,2025-02-24 19:53:10.524450
case_306,b,2025-02-24 19:58:10.524450
case_306,c,2025-02-24 20:03:10.524450
case_306,c,2025-02-24 20:08:10.524450
case_306,a,2025-02-24 20:13:10.524450
case_306,c,2025-02-24 20:18:10.524450
case_306,b,2025-02-24 20:23:10.524450
case_306,a,2025-02-24 20:28:10.524450
case_306,b,2025-02-24 20:33:10.524450
case_306,a,2025-02-24 20:38:10.524450
case_306,b,2025-02-24 20:43:10.524450
case_306,b,2025-02-24 20:48:10.524450
case_306,a,2025-02-24 20:53:10.524450
case_306,a,2025-02-24 20:58:10.524450
case_306,c,2025-02-24 21:03:10.524450
case_307,b,2025-02-24 19:28:10.524480
case_307,c,2025-02-24 19:33:10.524480
case_307,c,2025-02-24 19:38:10.524480
case_307,a,2025-02-24 19:43:10.524480
case_307,a,2025-02-24 19:48:10.524480
case_307,a,2025-02-24 19:53:10.524480
case_307,a,2025-02-24 19:58:10.524480
case_307,a,2025-02-24 20:03:10.524480
case_307,a,2025-02-24 20:08:10.524480
case_307,a,2025-02-24 20:13:10.524480
case_307,c,2025-02-24 20:18:10.524480
case_307,a,2025-02-24 20:23:10.524480
case_307,c,2025-02-24 20:28:10.524480
case_307,b,2025-02-24 20:33:10.524480
case_307,c,2025-02-24 20:38:10.524480
case_307,b,2025-02-24 20:43:10.524480
case_307,b,2025-02-24 20:48:10.524480
case_307,b,2025-02-24 20:53:10.524480
case_307,a,2025-02-24 20:58:10.524480
case_307,b,2025-02-24 21:03:10.524480
case_308,b,2025-02-24 19:28:10.524510
case_308,c,2025-02-24 19:33:10.524510
case_308,c,2025-02-24 19:38:10.524510
case_308,b,2025-02-24 19:43:10.524510
case_308,c,2025-02-24 19:48:10.524510
case_308,b,2025-02-24 19:53:10.524510
case_308,c,2025-02-24 19:58:10.524510
case_308,a,2025-02-24 20:03:10.524510
case_308,b,2025-02-24 20:08:10.524510
case_308,b,2025-02-24 20:13:10.524510
case_308,c,2025-02-24 20:18:10.524510
case_308,c,2025-02-24 20:23:10.524510
case_308,c,2025-02-24 20:28:10.524510
case_308,a,2025-02-24 20:33:10.524510
case_308,a,2025-02-24 20:38:10.524510
case_308,c,2025-02-24 20:43:10.524510
case_308,b,2025-02-24 20:48:10.524510
case_308,c,2025-02-24 20:53:10.524510
case_308,a,2025-02-24 20:58:10.524510
case_308,a,2025-02-24 21:03:10.524510
case_309,b,2025-02-24 19:28:10.524541
case_309,c,2025-02-24 19:33:10.524541
case_309,a,2025-02-24 19:38:10.524541
case_309,c,2025-02-24 19:43:10.524541
case_309,a,2025-02-24 19:48:10.524541
case_309,b,2025-02-24 19:53:10.524541
case_309,b,2025-02-24 19:58:10.524541
case_309,b,2025-02-24 20:03:10.524541
case_309,a,2025-02-24 20:08:10.524541
case_309,b,2025-02-24 20:13:10.524541
case_309,b,2025-02-24 20:18:10.524541
case_309,a,2025-02-24 20:23:10.524541
case_309,b,2025-02-24 20:28:10.524541
case_309,a,2025-02-24 20:33:10.524541
case_309,a,2025-02-24 20:38:10.524541
case_309,b,2025-02-24 20:43:10.524541
case_309,c,2025-02-24 20:48:10.524541
case_309,a,2025-02-24 20:53:10.524541
case_309,b,2025-02-24 20:58:10.524541
case_309,c,2025-02-24 21:03:10.524541
case_310,c,2025-02-24 19:28:10.524571
case_310,a,2025-02-24 19:33:10.524571
case_310,b,2025-02-24 19:38:10.524571
case_310,a,2025-02-24 19:43:10.524571
case_310,b,2025-02-24 19:48:10.524571
case_310,c,2025-02-24 19:53:10.524571
case_310,a,2025-02-24 19:58:10.524571
case_310,a,2025-02-24 20:03:10.524571
case_310,b,2025-02-24 20:08:10.524571
case_310,b,2025-02-24 20:13:10.524571
case_310,b,2025-02-24 20:18:10.524571
case_310,b,2025-02-24 20:23:10.524571
case_310,c,2025-02-24 20:28:10.524571
case_310,a,2025-02-24 20:33:10.524571
case_310,c,2025-02-24 20:38:10.524571
case_310,c,2025-02-24 20:43:10.524571
case_310,c,2025-02-24 20:48:10.524571
case_310,c,2025-02-24 20:53:10.524571
case_310,c,2025-02-24 20:58:10.524571
case_310,a,2025-02-24 21:03:10.524571
case_311,c,2025-02-24 19:28:10.524601
case_311,a,2025-02-24 19:33:10.524601
case_311,a,2025-02-24 19:38:10.524601
case_311,a,2025-02-24 19:43:10.524601
case_311,a,2025-02-24 19:48:10.524601
case_311,a,2025-02-24 19:53:10.524601
case_311,c,2025-02-24 19:58:10.524601
case_311,c,2025-02-24 20:03:10.524601
case_311,c,2025-02-24 20:08:10.524601
case_311,b,2025-02-24 20:13:10.524601
case_311,c,2025-02-24 20:18:10.524601
case_311,b,2025-02-24 20:23:10.524601
case_311,a,2025-02-24 20:28:10.524601
case_311,a,2025-02-24 20:33:10.524601
case_311,c,2025-02-24 20:38:10.524601
case_311,b,2025-02-24 20:43:10.524601
case_311,a,2025-02-24 20:48:10.524601
case_311,b,2025-02-24 20:53:10.524601
case_311,a,2025-02-24 20:58:10.524601
case_311,b,2025-02-24 21:03:10.524601
case_312,c,2025-02-24 19:28:10.524631
case_312,b,2025-02-24 19:33:10.524631
case_312,c,2025-02-24 19:38:10.524631
case_312,c,2025-02-24 19:43:10.524631
case_312,c,2025-02-24 19:48:10.524631
case_312,c,2025-02-24 19:53:10.524631
case_312,a,2025-02-24 19:58:10.524631
case_312,b,2025-02-24 20:03:10.524631
case_312,b,2025-02-24 20:08:10.524631
case_312,b,2025-02-24 20:13:10.524631
case_312,b,2025-02-24 20:18:10.524631
case_312,c,2025-02-24 20:23:10.524631
case_312,b,2025-02-24 20:28:10.524631
case_312,a,2025-02-24 20:33:10.524631
case_312,c,2025-02-24 20:38:10.524631
case_312,c,2025-02-24 20:43:10.524631
case_312,a,2025-02-24 20:48:10.524631
case_312,c,2025-02-24 20:53:10.524631
case_312,a,2025-02-24 20:58:10.524631
case_312,a,2025-02-24 21:03:10.524631
case_313,b,2025-02-24 19:28:10.524661
case_313,b,2025-02-24 19:33:10.524661
case_313,b,2025-02-24 19:38:10.524661
case_313,c,2025-02-24 19:43:10.524661
case_313,c,2025-02-24 19:48:10.524661
case_313,c,2025-02-24 19:53:10.524661
case_313,a,2025-02-24 19:58:10.524661
case_313,a,2025-02-24 20:03:10.524661
case_313,b,2025-02-24 20:08:10.524661
case_313,b,2025-02-24 20:13:10.524661
case_313,b,2025-02-24 20:18:10.524661
case_313,c,2025-02-24 20:23:10.524661
case_313,a,2025-02-24 20:28:10.524661
case_313,c,2025-02-24 20:33:10.524661
case_313,a,2025-02-24 20:38:10.524661
case_313,a,2025-02-24 20:43:10.524661
case_313,b,2025-02-24 20:48:10.524661
case_313,b,2025-02-24 20:53:10.524661
case_313,a,2025-02-24 20:58:10.524661
case_313,a,2025-02-24 21:03:10.524661
case_314,b,2025-02-24 19:28:10.524691
case_314,a,2025-02-24 19:33:10.524691
case_314,c,2025-02-24 19:38:10.524691
case_314,b,2025-02-24 19:43:10.524691
case_314,c,2025-02-24 19:48:10.524691
case_314,b,2025-02-24 19:53:10.524691
case_314,a,2025-02-24 19:58:10.524691
case_314,a,2025-02-24 20:03:10.524691
case_314,b,2025-02-24 20:08:10.524691
case_314,c,2025-02-24 20:13:10.524691
case_314,c,2025-02-24 20:18:10.524691
case_314,c,2025-02-24 20:23:10.524691
case_314,b,2025-02-24 20:28:10.524691
case_314,a,2025-02-24 20:33:10.524691
case_314,c,2025-02-24 20:38:10.524691
case_314,c,2025-02-24 20:43:10.524691
case_314,c,2025-02-24 20:48:10.524691
case_314,c,2025-02-24 20:53:10.524691
case_314,a,2025-02-24 20:58:10.524691
case_314,c,2025-02-24 21:03:10.524691
case_315,c,2025-02-24 19:28:10.524722
case_315,a,2025-02-24 19:33:10.524722
case_315,a,2025-02-24 19:38:10.524722
case_315,c,2025-02-24 19:43:10.524722
case_315,c,2025-02-24 19:48:10.524722
case_315,a,2025-02-24 19:53:10.524722
case_315,a,2025-02-24 19:58:10.524722
case_315,a,2025-02-24 20:03:10.524722
case_315,a,2025-02-24 20:08:10.524722
case_315,c,2025-02-24 20:13:10.524722
case_315,c,2025-02-24 20:18:10.524722
case_315,c,2025-02-24 20:23:10.524722
case_315,a,2025-02-24 20:28:10.524722
case_315,b,2025-02-24 20:33:10.524722
case_315,c,2025-02-24 20:38:10.524722
case_315,b,2025-02-24 20:43:10.524722
case_315,b,2025-02-24 20:48:10.524722
case_315,c,2025-02-24 20:53:10.524722
case_315,b,2025-02-24 20:58:10.524722
case_315,a,2025-02-24 21:03:10.524722
case_316,c,2025-02-24 19:28:10.524752
case_316,a,2025-02-24 19:33:10.524752
case_316,c,2025-02-24 19:38:10.524752
case_316,a,2025-02-24 19:43:10.524752
case_316,c,2025-02-24 19:48:10.524752
case_316,c,2025-02-24 19:53:10.524752
case_316,c,2025-02-24 19:58:10.524752
case_316,a,2025-02-24 20:03:10.524752
case_316,b,2025-02-24 20:08:10.524752
case_316,c,2025-02-24 20:13:10.524752
case_316,c,2025-02-24 20:18:10.524752
case_316,b,2025-02-24 20:23:10.524752
case_316,a,2025-02-24 20:28:10.524752
case_316,a,2025-02-24 20:33:10.524752
case_316,c,2025-02-24 20:38:10.524752
case_316,c,2025-02-24 20:43:10.524752
case_316,a,2025-02-24 20:48:10.524752
case_316,a,2025-02-24 20:53:10.524752
case_316,a,2025-02-24 20:58:10.524752
case_316,c,2025-02-24 21:03:10.524752
case_317,b,2025-02-24 19:28:10.524782
case_317,a,2025-02-24 19:33:10.524782
case_317,a,2025-02-24 19:38:10.524782
case_317,c,2025-02-24 19:43:10.524782
case_317,c,2025-02-24 19:48:10.524782
case_317,a,2025-02-24 19:53:10.524782
case_317,c,2025-02-24 19:58:10.524782
case_317,c,2025-02-24 20:03:10.524782
case_317,c,2025-02-24 20:08:10.524782
case_317,c,2025-02-24 20:13:10.524782
case_317,b,2025-02-24 20:18:10.524782
case_317,c,2025-02-24 20:23:10.524782
case_317,b,2025-02-24 20:28:10.524782
case_317,b,2025-02-24 20:33:10.524782
case_317,a,2025-02-24 20:38:10.524782
case_317,b,2025-02-24 20:43:10.524782
case_317,b,2025-02-24 20:48:10.524782
case_317,b,2025-02-24 20:53:10.524782
case_317,b,2025-02-24 20:58:10.524782
case_317,a,2025-02-24 21:03:10.524782
case_318,c,2025-02-24 19:28:10.524812
case_318,a,2025-02-24 19:33:10.524812
case_318,c,2025-02-24 19:38:10.524812
case_318,c,2025-02-24 19:43:10.524812
case_318,c,2025-02-24 19:48:10.524812
case_318,b,2025-02-24 19:53:10.524812
case_318,a,2025-02-24 19:58:10.524812
case_318,c,2025-02-24 20:03:10.524812
case_318,c,2025-02-24 20:08:10.524812
case_318,c,2025-02-24 20:13:10.524812
case_318,c,2025-02-24 20:18:10.524812
case_318,a,2025-02-24 20:23:10.524812
case_318,c,2025-02-24 20:28:10.524812
case_318,a,2025-02-24 20:33:10.524812
case_318,b,2025-02-24 20:38:10.524812
case_318,a,2025-02-24 20:43:10.524812
case_318,b,2025-02-24 20:48:10.524812
case_318,c,2025-02-24 20:53:10.524812
case_318,a,2025-02-24 20:58:10.524812
case_318,a,2025-02-24 21:03:10.524812
case_319,c,2025-02-24 19:28:10.524842
case_319,c,2025-02-24 19:33:10.524842
case_319,a,2025-02-24 19:38:10.524842
case_319,c,2025-02-24 19:43:10.524842
case_319,c,2025-02-24 19:48:10.524842
case_319,b,2025-02-24 19:53:10.524842
case_319,a,2025-02-24 19:58:10.524842
case_319,b,2025-02-24 20:03:10.524842
case_319,b,2025-02-24 20:08:10.524842
case_319,c,2025-02-24 20:13:10.524842
case_319,b,2025-02-24 20:18:10.524842
case_319,c,2025-02-24 20:23:10.524842
case_319,a,2025-02-24 20:28:10.524842
case_319,c,2025-02-24 20:33:10.524842
case_319,b,2025-02-24 20:38:10.524842
case_319,a,2025-02-24 20:43:10.524842
case_319,c,2025-02-24 20:48:10.524842
case_319,c,2025-02-24 20:53:10.524842
case_319,a,2025-02-24 20:58:10.524842
case_319,a,2025-02-24 21:03:10.524842
case_320,b,2025-02-24 19:28:10.524872
case_320,c,2025-02-24 19:33:10.524872
case_320,a,2025-02-24 19:38:10.524872
case_320,c,2025-02-24 19:43:10.524872
case_320,c,2025-02-24 19:48:10.524872
case_320,b,2025-02-24 19:53:10.524872
case_320,b,2025-02-24 19:58:10.524872
case_320,b,2025-02-24 20:03:10.524872
case_320,a,2025-02-24 20:08:10.524872
case_320,b,2025-02-24 20:13:10.524872
case_320,a,2025-02-24 20:18:10.524872
case_320,c,2025-02-24 20:23:10.524872
case_320,c,2025-02-24 20:28:10.524872
case_320,a,2025-02-24 20:33:10.524872
case_320,c,2025-02-24 20:38:10.524872
case_320,a,2025-02-24 20:43:10.524872
case_320,a,2025-02-24 20:48:10.524872
case_320,b,2025-02-24 20:53:10.524872
case_320,a,2025-02-24 20:58:10.524872
case_320,c,2025-02-24 21:03:10.524872
case_321,b,2025-02-24 19:28:10.524902
case_321,c,2025-02-24 19:33:10.524902
case_321,a,2025-02-24 19:38:10.524902
case_321,c,2025-02-24 19:43:10.524902
case_321,b,2025-02-24 19:48:10.524902
case_321,a,2025-02-24 19:53:10.524902
case_321,a,2025-02-24 19:58:10.524902
case_321,b,2025-02-24 20:03:10.524902
case_321,c,2025-02-24 20:08:10.524902
case_321,a,2025-02-24 20:13:10.524902
case_321,c,2025-02-24 20:18:10.524902
case_321,a,2025-02-24 20:23:10.524902
case_321,c,2025-02-24 20:28:10.524902
case_321,a,2025-02-24 20:33:10.524902
case_321,c,2025-02-24 20:38:10.524902
case_321,c,2025-02-24 20:43:10.524902
case_321,c,2025-02-24 20:48:10.524902
case_321,a,2025-02-24 20:53:10.524902
case_321,b,2025-02-24 20:58:10.524902
case_321,a,2025-02-24 21:03:10.524902
case_322,b,2025-02-24 19:28:10.524932
case_322,b,2025-02-24 19:33:10.524932
case_322,c,2025-02-24 19:38:10.524932
case_322,c,2025-02-24 19:43:10.524932
case_322,a,2025-02-24 19:48:10.524932
case_322,c,2025-02-24 19:53:10.524932
case_322,b,2025-02-24 19:58:10.524932
case_322,c,2025-02-24 20:03:10.524932
case_322,a,2025-02-24 20:08:10.524932
case_322,a,2025-02-24 20:13:10.524932
case_322,a,2025-02-24 20:18:10.524932
case_322,a,2025-02-24 20:23:10.524932
case_322,b,2025-02-24 20:28:10.524932
case_322,c,2025-02-24 20:33:10.524932
case_322,c,2025-02-24 20:38:10.524932
case_322,a,2025-02-24 20:43:10.524932
case_322,b,2025-02-24 20:48:10.524932
case_322,b,2025-02-24 20:53:10.524932
case_322,a,2025-02-24 20:58:10.524932
case_322,a,2025-02-24 21:03:10.524932
case_323,c,2025-02-24 19:28:10.524962
case_323,c,2025-02-24 19:33:10.524962
case_323,c,2025-02-24 19:38:10.524962
case_323,b,2025-02-24 19:43:10.524962
case_323,a,2025-02-24 19:48:10.524962
case_323,b,2025-02-24 19:53:10.524962
case_323,b,2025-02-24 19:58:10.524962
case_323,a,2025-02-24 20:03:10.524962
case_323,a,2025-02-24 20:08:10.524962
case_323,a,2025-02-24 20:13:10.524962
case_323,a,2025-02-24 20:18:10.524962
case_323,c,2025-02-24 20:23:10.524962
case_323,b,2025-02-24 20:28:10.524962
case_323,a,2025-02-24 20:33:10.524962
case_323,a,2025-02-24 20:38:10.524962
case_323,c,2025-02-24 20:43:10.524962
case_323,a,2025-02-24 20:48:10.524962
case_323,c,2025-02-24 20:53:10.524962
case_323,c,2025-02-24 20:58:10.524962
case_323,c,2025-02-24 21:03:10.524962
case_324,b,2025-02-24 19:28:10.524992
case_324,a,2025-02-24 19:33:10.524992
case_324,a,2025-02-24 19:38:10.524992
case_324,b,2025-02-24 19:43:10.524992
case_324,a,2025-02-24 19:48:10.524992
case_324,b,2025-02-24 19:53:10.524992
case_324,a,2025-02-24 19:58:10.524992
case_324,c,2025-02-24 20:03:10.524992
case_324,b,2025-02-24 20:08:10.524992
case_324,a,2025-02-24 20:13:10.524992
case_324,b,2025-02-24 20:18:10.524992
case_324,a,2025-02-24 20:23:10.524992
case_324,a,2025-02-24 20:28:10.524992
case_324,b,2025-02-24 20:33:10.524992
case_324,c,2025-02-24 20:38:10.524992
case_324,a,2025-02-24 20:43:10.524992
case_324,c,2025-02-24 20:48:10.524992
case_324,c,2025-02-24 20:53:10.524992
case_324,b,2025-02-24 20:58:10.524992
case_324,b,2025-02-24 21:03:10.524992
case_325,b,2025-02-24 19:28:10.525023
case_325,b,2025-02-24 19:33:10.525023
case_325,b,2025-02-24 19:38:10.525023
case_325,c,2025-02-24 19:43:10.525023
case_325,c,2025-02-24 19:48:10.525023
case_325,a,2025-02-24 19:53:10.525023
case_325,c,2025-02-24 19:58:10.525023
case_325,a,2025-02-24 20:03:10.525023
case_325,b,2025-02-24 20:08:10.525023
case_325,a,2025-02-24 20:13:10.525023
case_325,a,2025-02-24 20:18:10.525023
case_325,b,2025-02-24 20:23:10.525023
case_325,c,2025-02-24 20:28:10.525023
case_325,c,2025-02-24 20:33:10.525023
case_325,c,2025-02-24 20:38:10.525023
case_325,c,2025-02-24 20:43:10.525023
case_325,b,2025-02-24 20:48:10.525023
case_325,b,2025-02-24 20:53:10.525023
case_325,b,2025-02-24 20:58:10.525023
case_325,a,2025-02-24 21:03:10.525023
case_326,b,2025-02-24 19:28:10.525053
case_326,b,2025-02-24 19:33:10.525053
case_326,b,2025-02-24 19:38:10.525053
case_326,b,2025-02-24 19:43:10.525053
case_326,a,2025-02-24 19:48:10.525053
case_326,b,2025-02-24 19:53:10.525053
case_326,a,2025-02-24 19:58:10.525053
case_326,c,2025-02-24 20:03:10.525053
case_326,b,2025-02-24 20:08:10.525053
case_326,a,2025-02-24 20:13:10.525053
case_326,c,2025-02-24 20:18:10.525053
case_326,c,2025-02-24 20:23:10.525053
case_326,b,2025-02-24 20:28:10.525053
case_326,c,2025-02-24 20:33:10.525053
case_326,c,2025-02-24 20:38:10.525053
case_326,b,2025-02-24 20:43:10.525053
case_326,c,2025-02-24 20:48:10.525053
case_326,b,2025-02-24 20:53:10.525053
case_326,a,2025-02-24 20:58:10.525053
case_326,a,2025-02-24 21:03:10.525053
case_327,c,2025-02-24 19:28:10.525083
case_327,b,2025-02-24 19:33:10.525083
case_327,a,2025-02-24 19:38:10.525083
case_327,c,2025-02-24 19:43:10.525083
case_327,a,2025-02-24 19:48:10.525083
case_327,b,2025-02-24 19:53:10.525083
case_327,c,2025-02-24 19:58:10.525083
case_327,c,2025-02-24 20:03:10.525083
case_327,c,2025-02-24 20:08:10.525083
case_327,b,2025-02-24 20:13:10.525083
case_327,a,2025-02-24 20:18:10.525083
case_327,a,2025-02-24 20:23:10.525083
case_327,b,2025-02-24 20:28:10.525083
case_327,a,2025-02-24 20:33:10.525083
case_327,a,2025-02-24 20:38:10.525083
case_327,b,2025-02-24 20:43:10.525083
case_327,b,2025-02-24 20:48:10.525083
case_327,b,2025-02-24 20:53:10.525083
case_327,b,2025-02-24 20:58:10.525083
case_327,b,2025-02-24 21:03:10.525083
case_328,b,2025-02-24 19:28:10.525113
case_328,c,2025-02-24 19:33:10.525113
case_328,b,2025-02-24 19:38:10.525113
case_328,c,2025-02-24 19:43:10.525113
case_328,a,2025-02-24 19:48:10.525113
case_328,a,2025-02-24 19:53:10.525113
case_328,c,2025-02-24 19:58:10.525113
case_328,b,2025-02-24 20:03:10.525113
case_328,c,2025-02-24 20:08:10.525113
case_328,c,2025-02-24 20:13:10.525113
case_328,a,2025-02-24 20:18:10.525113
case_328,b,2025-02-24 20:23:10.525113
case_328,a,2025-02-24 20:28:10.525113
case_328,a,2025-02-24 20:33:10.525113
case_328,b,2025-02-24 20:38:10.525113
case_328,a,2025-02-24 20:43:10.525113
case_328,b,2025-02-24 20:48:10.525113
case_328,c,2025-02-24 20:53:10.525113
case_328,c,2025-02-24 20:58:10.525113
case_328,c,2025-02-24 21:03:10.525113
case_329,b,2025-02-24 19:28:10.525143
case_329,b,2025-02-24 19:33:10.525143
case_329,a,2025-02-24 19:38:10.525143
case_329,a,2025-02-24 19:43:10.525143
case_329,a,2025-02-24 19:48:10.525143
case_329,a,2025-02-24 19:53:10.525143
case_329,c,2025-02-24 19:58:10.525143
case_329,c,2025-02-24 20:03:10.525143
case_329,a,2025-02-24 20:08:10.525143
case_329,a,2025-02-24 20:13:10.525143
case_329,b,2025-02-24 20:18:10.525143
case_329,b,2025-02-24 20:23:10.525143
case_329,c,2025-02-24 20:28:10.525143
case_329,b,2025-02-24 20:33:10.525143
case_329,b,2025-02-24 20:38:10.525143
case_329,a,2025-02-24 20:43:10.525143
case_329,a,2025-02-24 20:48:10.525143
case_329,b,2025-02-24 20:53:10.525143
case_329,c,2025-02-24 20:58:10.525143
case_329,a,2025-02-24 21:03:10.525143
case_330,b,2025-02-24 19:28:10.525173
case_330,a,2025-02-24 19:33:10.525173
case_330,c,2025-02-24 19:38:10.525173
case_330,a,2025-02-24 19:43:10.525173
case_330,a,2025-02-24 19:48:10.525173
case_330,a,2025-02-24 19:53:10.525173
case_330,b,2025-02-24 19:58:10.525173
case_330,c,2025-02-24 20:03:10.525173
case_330,b,2025-02-24 20:08:10.525173
case_330,c,2025-02-24 20:13:10.525173
case_330,b,2025-02-24 20:18:10.525173
case_330,b,2025-02-24 20:23:10.525173
case_330,b,2025-02-24 20:28:10.525173
case_330,c,2025-02-24 20:33:10.525173
case_330,c,2025-02-24 20:38:10.525173
case_330,b,2025-02-24 20:43:10.525173
case_330,c,2025-02-24 20:48:10.525173
case_330,b,2025-02-24 20:53:10.525173
case_330,c,2025-02-24 20:58:10.525173
case_330,b,2025-02-24 21:03:10.525173
case_331,b,2025-02-24 19:28:10.525203
case_331,a,2025-02-24 19:33:10.525203
case_331,b,2025-02-24 19:38:10.525203
case_331,c,2025-02-24 19:43:10.525203
case_331,b,2025-02-24 19:48:10.525203
case_331,a,2025-02-24 19:53:10.525203
case_331,c,2025-02-24 19:58:10.525203
case_331,a,2025-02-24 20:03:10.525203
case_331,c,2025-02-24 20:08:10.525203
case_331,c,2025-02-24 20:13:10.525203
case_331,a,2025-02-24 20:18:10.525203
case_331,c,2025-02-24 20:23:10.525203
case_331,c,2025-02-24 20:28:10.525203
case_331,c,2025-02-24 20:33:10.525203
case_331,b,2025-02-24 20:38:10.525203
case_331,c,2025-02-24 20:43:10.525203
case_331,a,2025-02-24 20:48:10.525203
case_331,a,2025-02-24 20:53:10.525203
case_331,a,2025-02-24 20:58:10.525203
case_331,c,2025-02-24 21:03:10.525203
case_332,b,2025-02-24 19:28:10.525235
case_332,c,2025-02-24 19:33:10.525235
case_332,c,2025-02-24 19:38:10.525235
case_332,a,2025-02-24 19:43:10.525235
case_332,b,2025-02-24 19:48:10.525235
case_332,c,2025-02-24 19:53:10.525235
case_332,b,2025-02-24 19:58:10.525235
case_332,a,2025-02-24 20:03:10.525235
case_332,a,2025-02-24 20:08:10.525235
case_332,c,2025-02-24 20:13:10.525235
case_332,a,2025-02-24 20:18:10.525235
case_332,c,2025-02-24 20:23:10.525235
case_332,b,2025-02-24 20:28:10.525235
case_332,b,2025-02-24 20:33:10.525235
case_332,c,2025-02-24 20:38:10.525235
case_332,c,2025-02-24 20:43:10.525235
case_332,b,2025-02-24 20:48:10.525235
case_332,b,2025-02-24 20:53:10.525235
case_332,b,2025-02-24 20:58:10.525235
case_332,a,2025-02-24 21:03:10.525235
case_333,b,2025-02-24 19:28:10.525265
case_333,a,2025-02-24 19:33:10.525265
case_333,a,2025-02-24 19:38:10.525265
case_333,b,2025-02-24 19:43:10.525265
case_333,a,2025-02-24 19:48:10.525265
case_333,a,2025-02-24 19:53:10.525265
case_333,a,2025-02-24 19:58:10.525265
case_333,c,2025-02-24 20:03:10.525265
case_333,c,2025-02-24 20:08:10.525265
case_333,c,2025-02-24 20:13:10.525265
case_333,b,2025-02-24 20:18:10.525265
case_333,b,2025-02-24 20:23:10.525265
case_333,a,2025-02-24 20:28:10.525265
case_333,c,2025-02-24 20:33:10.525265
case_333,b,2025-02-24 20:38:10.525265
case_333,b,2025-02-24 20:43:10.525265
case_333,b,2025-02-24 20:48:10.525265
case_333,b,2025-02-24 20:53:10.525265
case_333,b,2025-02-24 20:58:10.525265
case_333,c,2025-02-24 21:03:10.525265
case_334,c,2025-02-24 19:28:10.525295
case_334,c,2025-02-24 19:33:10.525295
case_334,c,2025-02-24 19:38:10.525295
case_334,c,2025-02-24 19:43:10.525295
case_334,c,2025-02-24 19:48:10.525295
case_334,c,2025-02-24 19:53:10.525295
case_334,b,2025-02-24 19:58:10.525295
case_334,b,2025-02-24 20:03:10.525295
case_334,a,2025-02-24 20:08:10.525295
case_334,b,2025-02-24 20:13:10.525295
case_334,a,2025-02-24 20:18:10.525295
case_334,b,2025-02-24 20:23:10.525295
case_334,a,2025-02-24 20:28:10.525295
case_334,a,2025-02-24 20:33:10.525295
case_334,b,2025-02-24 20:38:10.525295
case_334,c,2025-02-24 20:43:10.525295
case_334,b,2025-02-24 20:48:10.525295
case_334,b,2025-02-24 20:53:10.525295
case_334,c,2025-02-24 20:58:10.525295
case_334,a,2025-02-24 21:03:10.525295
case_335,c,2025-02-24 19:28:10.525326
case_335,c,2025-02-24 19:33:10.525326
case_335,b,2025-02-24 19:38:10.525326
case_335,a,2025-02-24 19:43:10.525326
case_335,a,2025-02-24 19:48:10.525326
case_335,b,2025-02-24 19:53:10.525326
case_335,a,2025-02-24 19:58:10.525326
case_335,c,2025-02-24 20:03:10.525326
case_335,b,2025-02-24 20:08:10.525326
case_335,c,2025-02-24 20:13:10.525326
case_335,a,2025-02-24 20:18:10.525326
case_335,b,2025-02-24 20:23:10.525326
case_335,b,2025-02-24 20:28:10.525326
case_335,b,2025-02-24 20:33:10.525326
case_335,c,2025-02-24 20:38:10.525326
case_335,c,2025-02-24 20:43:10.525326
case_335,b,2025-02-24 20:48:10.525326
case_335,a,2025-02-24 20:53:10.525326
case_335,c,2025-02-24 20:58:10.525326
case_335,a,2025-02-24 21:03:10.525326
case_336,b,2025-02-24 19:28:10.525356
case_336,c,2025-02-24 19:33:10.525356
case_336,c,2025-02-24 19:38:10.525356
case_336,a,2025-02-24 19:43:10.525356
case_336,a,2025-02-24 19:48:10.525356
case_336,b,2025-02-24 19:53:10.525356
case_336,b,2025-02-24 19:58:10.525356
case_336,c,2025-02-24 20:03:10.525356
case_336,a,2025-02-24 20:08:10.525356
case_336,c,2025-02-24 20:13:10.525356
case_336,b,2025-02-24 20:18:10.525356
case_336,b,2025-02-24 20:23:10.525356
case_336,c,2025-02-24 20:28:10.525356
case_336,a,2025-02-24 20:33:10.525356
case_336,c,2025-02-24 20:38:10.525356
case_336,c,2025-02-24 20:43:10.525356
case_336,b,2025-02-24 20:48:10.525356
case_336,a,2025-02-24 20:53:10.525356
case_336,c,2025-02-24 20:58:10.525356
case_336,b,2025-02-24 21:03:10.525356
case_337,b,2025-02-24 19:28:10.525386
case_337,a,2025-02-24 19:33:10.525386
case_337,a,2025-02-24 19:38:10.525386
case_337,b,2025-02-24 19:43:10.525386
case_337,b,2025-02-24 19:48:10.525386
case_337,c,2025-02-24 19:53:10.525386
case_337,a,2025-02-24 19:58:10.525386
case_337,c,2025-02-24 20:03:10.525386
case_337,c,2025-02-24 20:08:10.525386
case_337,b,2025-02-24 20:13:10.525386
case_337,c,2025-02-24 20:18:10.525386
case_337,b,2025-02-24 20:23:10.525386
case_337,a,2025-02-24 20:28:10.525386
case_337,b,2025-02-24 20:33:10.525386
case_337,a,2025-02-24 20:38:10.525386
case_337,c,2025-02-24 20:43:10.525386
case_337,c,2025-02-24 20:48:10.525386
case_337,b,2025-02-24 20:53:10.525386
case_337,b,2025-02-24 20:58:10.525386
case_337,a,2025-02-24 21:03:10.525386
case_338,c,2025-02-24 19:28:10.525416
case_338,a,2025-02-24 19:33:10.525416
case_338,a,2025-02-24 19:38:10.525416
case_338,c,2025-02-24 19:43:10.525416
case_338,b,2025-02-24 19:48:10.525416
case_338,c,2025-02-24 19:53:10.525416
case_338,c,2025-02-24 19:58:10.525416
case_338,c,2025-02-24 20:03:10.525416
case_338,c,2025-02-24 20:08:10.525416
case_338,b,2025-02-24 20:13:10.525416
case_338,b,2025-02-24 20:18:10.525416
case_338,c,2025-02-24 20:23:10.525416
case_338,b,2025-02-24 20:28:10.525416
case_338,c,2025-02-24 20:33:10.525416
case_338,a,2025-02-24 20:38:10.525416
case_338,c,2025-02-24 20:43:10.525416
case_338,c,2025-02-24 20:48:10.525416
case_338,c,2025-02-24 20:53:10.525416
case_338,b,2025-02-24 20:58:10.525416
case_338,c,2025-02-24 21:03:10.525416
case_339,b,2025-02-24 19:28:10.525446
case_339,c,2025-02-24 19:33:10.525446
case_339,b,2025-02-24 19:38:10.525446
case_339,a,2025-02-24 19:43:10.525446
case_339,c,2025-02-24 19:48:10.525446
case_339,c,2025-02-24 19:53:10.525446
case_339,c,2025-02-24 19:58:10.525446
case_339,b,2025-02-24 20:03:10.525446
case_339,a,2025-02-24 20:08:10.525446
case_339,b,2025-02-24 20:13:10.525446
case_339,a,2025-02-24 20:18:10.525446
case_339,b,2025-02-24 20:23:10.525446
case_339,a,2025-02-24 20:28:10.525446
case_339,b,2025-02-24 20:33:10.525446
case_339,b,2025-02-24 20:38:10.525446
case_339,b,2025-02-24 20:43:10.525446
case_339,a,2025-02-24 20:48:10.525446
case_339,c,2025-02-24 20:53:10.525446
case_339,a,2025-02-24 20:58:10.525446
case_339,a,2025-02-24 21:03:10.525446
case_340,b,2025-02-24 19:28:10.525476
case_340,a,2025-02-24 19:33:10.525476
case_340,a,2025-02-24 19:38:10.525476
case_340,b,2025-02-24 19:43:10.525476
case_340,a,2025-02-24 19:48:10.525476
case_340,c,2025-02-24 19:53:10.525476
case_340,a,2025-02-24 19:58:10.525476
case_340,c,2025-02-24 20:03:10.525476
case_340,c,2025-02-24 20:08:10.525476
case_340,b,2025-02-24 20:13:10.525476
case_340,c,2025-02-24 20:18:10.525476
case_340,b,2025-02-24 20:23:10.525476
case_340,b,2025-02-24 20:28:10.525476
case_340,c,2025-02-24 20:33:10.525476
case_340,b,2025-02-24 20:38:10.525476
case_340,a,2025-02-24 20:43:10.525476
case_340,a,2025-02-24 20:48:10.525476
case_340,a,2025-02-24 20:53:10.525476
case_340,a,2025-02-24 20:58:10.525476
case_340,a,2025-02-24 21:03:10.525476
case_341,c,2025-02-24 19:28:10.525506
case_341,b,2025-02-24 19:33:10.525506
case_341,c,2025-02-24 19:38:10.525506
case_341,c,2025-02-24 19:43:10.525506
case_341,a,2025-02-24 19:48:10.525506
case_341,b,2025-02-24 19:53:10.525506
case_341,a,2025-02-24 19:58:10.525506
case_341,b,2025-02-24 20:03:10.525506
case_341,a,2025-02-24 20:08:10.525506
case_341,c,2025-02-24 20:13:10.525506
case_341,b,2025-02-24 20:18:10.525506
case_341,a,2025-02-24 20:23:10.525506
case_341,c,2025-02-24 20:28:10.525506
case_341,c,2025-02-24 20:33:10.525506
case_341,a,2025-02-24 20:38:10.525506
case_341,b,2025-02-24 20:43:10.525506
case_341,b,2025-02-24 20:48:10.525506
case_341,c,2025-02-24 20:53:10.525506
case_341,a,2025-02-24 20:58:10.525506
case_341,a,2025-02-24 21:03:10.525506
case_342,c,2025-02-24 19:28:10.525536
case_342,c,2025-02-24 19:33:10.525536
case_342,c,2025-02-24 19:38:10.525536
case_342,a,2025-02-24 19:43:10.525536
case_342,a,2025-02-24 19:48:10.525536
case_342,a,2025-02-24 19:53:10.525536
case_342,b,2025-02-24 19:58:10.525536
case_342,a,2025-02-24 20:03:10.525536
case_342,a,2025-02-24 20:08:10.525536
case_342,b,2025-02-24 20:13:10.525536
case_342,a,2025-02-24 20:18:10.525536
case_342,b,2025-02-24 20:23:10.525536
case_342,c,2025-02-24 20:28:10.525536
case_342,b,2025-02-24 20:33:10.525536
case_342,b,2025-02-24 20:38:10.525536
case_342,a,2025-02-24 20:43:10.525536
case_342,a,2025-02-24 20:48:10.525536
case_342,c,2025-02-24 20:53:10.525536
case_342,c,2025-02-24 20:58:10.525536
case_342,c,2025-02-24 21:03:10.525536
case_343,c,2025-02-24 19:28:10.525566
case_343,b,2025-02-24 19:33:10.525566
case_343,a,2025-02-24 19:38:10.525566
case_343,b,2025-02-24 19:43:10.525566
case_343,b,2025-02-24 19:48:10.525566
case_343,a,2025-02-24 19:53:10.525566
case_343,a,2025-02-24 19:58:10.525566
case_343,c,2025-02-24 20:03:10.525566
case_343,a,2025-02-24 20:08:10.525566
case_343,c,2025-02-24 20:13:10.525566
case_343,c,2025-02-24 20:18:10.525566
case_343,a,2025-02-24 20:23:10.525566
case_343,b,2025-02-24 20:28:10.525566
case_343,a,2025-02-24 20:33:10.525566
case_343,a,2025-02-24 20:38:10.525566
case_343,c,2025-02-24 20:43:10.525566
case_343,c,2025-02-24 20:48:10.525566
case_343,c,2025-02-24 20:53:10.525566
case_343,b,2025-02-24 20:58:10.525566
case_343,a,2025-02-24 21:03:10.525566
case_344,c,2025-02-24 19:28:10.525596
case_344,b,2025-02-24 19:33:10.525596
case_344,c,2025-02-24 19:38:10.525596
case_344,a,2025-02-24 19:43:10.525596
case_344,c,2025-02-24 19:48:10.525596
case_344,c,2025-02-24 19:53:10.525596
case_344,b,2025-02-24 19:58:10.525596
case_344,a,2025-02-24 20:03:10.525596
case_344,a,2025-02-24 20:08:10.525596
case_344,b,2025-02-24 20:13:10.525596
case_344,a,2025-02-24 20:18:10.525596
case_344,a,2025-02-24 20:23:10.525596
case_344,c,2025-02-24 20:28:10.525596
case_344,b,2025-02-24 20:33:10.525596
case_344,a,2025-02-24 20:38:10.525596
case_344,c,2025-02-24 20:43:10.525596
case_344,a,2025-02-24 20:48:10.525596
case_344,c,2025-02-24 20:53:10.525596
case_344,b,2025-02-24 20:58:10.525596
case_344,c,2025-02-24 21:03:10.525596
case_345,b,2025-02-24 19:28:10.525626
case_345,c,2025-02-24 19:33:10.525626
case_345,c,2025-02-24 19:38:10.525626
case_345,b,2025-02-24 19:43:10.525626
case_345,c,2025-02-24 19:48:10.525626
case_345,b,2025-02-24 19:53:10.525626
case_345,b,2025-02-24 19:58:10.525626
case_345,a,2025-02-24 20:03:10.525626
case_345,c,2025-02-24 20:08:10.525626
case_345,a,2025-02-24 20:13:10.525626
case_345,b,2025-02-24 20:18:10.525626
case_345,a,2025-02-24 20:23:10.525626
case_345,b,2025-02-24 20:28:10.525626
case_345,c,2025-02-24 20:33:10.525626
case_345,a,2025-02-24 20:38:10.525626
case_345,b,2025-02-24 20:43:10.525626
case_345,c,2025-02-24 20:48:10.525626
case_345,b,2025-02-24 20:53:10.525626
case_345,a,2025-02-24 20:58:10.525626
case_345,a,2025-02-24 21:03:10.525626
case_346,c,2025-02-24 19:28:10.525656
case_346,b,2025-02-24 19:33:10.525656
case_346,a,2025-02-24 19:38:10.525656
case_346,c,2025-02-24 19:43:10.525656
case_346,c,2025-02-24 19:48:10.525656
case_346,c,2025-02-24 19:53:10.525656
case_346,b,2025-02-24 19:58:10.525656
case_346,c,2025-02-24 20:03:10.525656
case_346,b,2025-02-24 20:08:10.525656
case_346,b,2025-02-24 20:13:10.525656
case_346,b,2025-02-24 20:18:10.525656
case_346,c,2025-02-24 20:23:10.525656
case_346,c,2025-02-24 20:28:10.525656
case_346,b,2025-02-24 20:33:10.525656
case_346,a,2025-02-24 20:38:10.525656
case_346,c,2025-02-24 20:43:10.525656
case_346,c,2025-02-24 20:48:10.525656
case_346,c,2025-02-24 20:53:10.525656
case_346,a,2025-02-24 20:58:10.525656
case_346,a,2025-02-24 21:03:10.525656
case_347,b,2025-02-24 19:28:10.525687
case_347,c,2025-02-24 19:33:10.525687
case_347,a,2025-02-24 19:38:10.525687
case_347,b,2025-02-24 19:43:10.525687
case_347,a,2025-02-24 19:48:10.525687
case_347,a,2025-02-24 19:53:10.525687
case_347,b,2025-02-24 19:58:10.525687
case_347,b,2025-02-24 20:03:10.525687
case_347,c,2025-02-24 20:08:10.525687
case_347,b,2025-02-24 20:13:10.525687
case_347,c,2025-02-24 20:18:10.525687
case_347,b,2025-02-24 20:23:10.525687
case_347,a,2025-02-24 20:28:10.525687
case_347,b,2025-02-24 20:33:10.525687
case_347,a,2025-02-24 20:38:10.525687
case_347,a,2025-02-24 20:43:10.525687
case_347,c,2025-02-24 20:48:10.525687
case_347,c,2025-02-24 20:53:10.525687
case_347,a,2025-02-24 20:58:10.525687
case_347,a,2025-02-24 21:03:10.525687
case_348,c,2025-02-24 19:28:10.525717
case_348,c,2025-02-24 19:33:10.525717
case_348,a,2025-02-24 19:38:10.525717
case_348,a,2025-02-24 19:43:10.525717
case_348,a,2025-02-24 19:48:10.525717
case_348,b,2025-02-24 19:53:10.525717
case_348,a,2025-02-24 19:58:10.525717
case_348,a,2025-02-24 20:03:10.525717
case_348,b,2025-02-24 20:08:10.525717
case_348,b,2025-02-24 20:13:10.525717
case_348,c,2025-02-24 20:18:10.525717
case_348,b,2025-02-24 20:23:10.525717
case_348,a,2025-02-24 20:28:10.525717
case_348,b,2025-02-24 20:33:10.525717
case_348,b,2025-02-24 20:38:10.525717
case_348,a,2025-02-24 20:43:10.525717
case_348,b,2025-02-24 20:48:10.525717
case_348,b,2025-02-24 20:53:10.525717
case_348,c,2025-02-24 20:58:10.525717
case_348,b,2025-02-24 21:03:10.525717
case_349,b,2025-02-24 19:28:10.525747
case_349,b,2025-02-24 19:33:10.525747
case_349,b,2025-02-24 19:38:10.525747
case_349,c,2025-02-24 19:43:10.525747
case_349,c,2025-02-24 19:48:10.525747
case_349,a,2025-02-24 19:53:10.525747
case_349,a,2025-02-24 19:58:10.525747
case_349,b,2025-02-24 20:03:10.525747
case_349,a,2025-02-24 20:08:10.525747
case_349,b,2025-02-24 20:13:10.525747
case_349,c,2025-02-24 20:18:10.525747
case_349,c,2025-02-24 20:23:10.525747
case_349,b,2025-02-24 20:28:10.525747
case_349,a,2025-02-24 20:33:10.525747
case_349,b,2025-02-24 20:38:10.525747
case_349,a,2025-02-24 20:43:10.525747
case_349,a,2025-02-24 20:48:10.525747
case_349,c,2025-02-24 20:53:10.525747
case_349,b,2025-02-24 20:58:10.525747
case_349,b,2025-02-24 21:03:10.525747
case_350,b,2025-02-24 19:28:10.525777
case_350,a,2025-02-24 19:33:10.525777
case_350,b,2025-02-24 19:38:10.525777
case_350,c,2025-02-24 19:43:10.525777
case_350,a,2025-02-24 19:48:10.525777
case_350,a,2025-02-24 19:53:10.525777
case_350,c,2025-02-24 19:58:10.525777
case_350,b,2025-02-24 20:03:10.525777
case_350,c,2025-02-24 20:08:10.525777
case_350,b,2025-02-24 20:13:10.525777
case_350,c,2025-02-24 20:18:10.525777
case_350,c,2025-02-24 20:23:10.525777
case_350,c,2025-02-24 20:28:10.525777
case_350,a,2025-02-24 20:33:10.525777
case_350,a,2025-02-24 20:38:10.525777
case_350,a,2025-02-24 20:43:10.525777
case_350,c,2025-02-24 20:48:10.525777
case_350,c,2025-02-24 20:53:10.525777
case_350,c,2025-02-24 20:58:10.525777
case_350,b,2025-02-24 21:03:10.525777
case_351,c,2025-02-24 19:28:10.525807
case_351,b,2025-02-24 19:33:10.525807
case_351,b,2025-02-24 19:38:10.525807
case_351,a,2025-02-24 19:43:10.525807
case_351,b,2025-02-24 19:48:10.525807
case_351,a,2025-02-24 19:53:10.525807
case_351,c,2025-02-24 19:58:10.525807
case_351,b,2025-02-24 20:03:10.525807
case_351,c,2025-02-24 20:08:10.525807
case_351,c,2025-02-24 20:13:10.525807
case_351,b,2025-02-24 20:18:10.525807
case_351,c,2025-02-24 20:23:10.525807
case_351,b,2025-02-24 20:28:10.525807
case_351,c,2025-02-24 20:33:10.525807
case_351,c,2025-02-24 20:38:10.525807
case_351,c,2025-02-24 20:43:10.525807
case_351,c,2025-02-24 20:48:10.525807
case_351,c,2025-02-24 20:53:10.525807
case_351,a,2025-02-24 20:58:10.525807
case_351,a,2025-02-24 21:03:10.525807
case_352,b,2025-02-24 19:28:10.525837
case_352,a,2025-02-24 19:33:10.525837
case_352,c,2025-02-24 19:38:10.525837
case_352,c,2025-02-24 19:43:10.525837
case_352,b,2025-02-24 19:48:10.525837
case_352,b,2025-02-24 19:53:10.525837
case_352,c,2025-02-24 19:58:10.525837
case_352,a,2025-02-24 20:03:10.525837
case_352,c,2025-02-24 20:08:10.525837
case_352,b,2025-02-24 20:13:10.525837
case_352,b,2025-02-24 20:18:10.525837
case_352,b,2025-02-24 20:23:10.525837
case_352,c,2025-02-24 20:28:10.525837
case_352,a,2025-02-24 20:33:10.525837
case_352,b,2025-02-24 20:38:10.525837
case_352,c,2025-02-24 20:43:10.525837
case_352,c,2025-02-24 20:48:10.525837
case_352,a,2025-02-24 20:53:10.525837
case_352,a,2025-02-24 20:58:10.525837
case_352,c,2025-02-24 21:03:10.525837
case_353,b,2025-02-24 19:28:10.525868
case_353,b,2025-02-24 19:33:10.525868
case_353,a,2025-02-24 19:38:10.525868
case_353,a,2025-02-24 19:43:10.525868
case_353,c,2025-02-24 19:48:10.525868
case_353,a,2025-02-24 19:53:10.525868
case_353,b,2025-02-24 19:58:10.525868
case_353,a,2025-02-24 20:03:10.525868
case_353,b,2025-02-24 20:08:10.525868
case_353,c,2025-02-24 20:13:10.525868
case_353,a,2025-02-24 20:18:10.525868
case_353,b,2025-02-24 20:23:10.525868
case_353,c,2025-02-24 20:28:10.525868
case_353,b,2025-02-24 20:33:10.525868
case_353,a,2025-02-24 20:38:10.525868
case_353,c,2025-02-24 20:43:10.525868
case_353,b,2025-02-24 20:48:10.525868
case_353,a,2025-02-24 20:53:10.525868
case_353,a,2025-02-24 20:58:10.525868
case_353,c,2025-02-24 21:03:10.525868
case_354,b,2025-02-24 19:28:10.525898
case_354,a,2025-02-24 19:33:10.525898
case_354,a,2025-02-24 19:38:10.525898
case_354,a,2025-02-24 19:43:10.525898
case_354,c,2025-02-24 19:48:10.525898
case_354,c,2025-02-24 19:53:10.525898
case_354,a,2025-02-24 19:58:10.525898
case_354,a,2025-02-24 20:03:10.525898
case_354,a,2025-02-24 20:08:10.525898
case_354,a,2025-02-24 20:13:10.525898
case_354,a,2025-02-24 20:18:10.525898
case_354,b,2025-02-24 20:23:10.525898
case_354,b,2025-02-24 20:28:10.525898
case_354,a,2025-02-24 20:33:10.525898
case_354,c,2025-02-24 20:38:10.525898
case_354,b,2025-02-24 20:43:10.525898
case_354,a,2025-02-24 20:48:10.525898
case_354,b,2025-02-24 20:53:10.525898
case_354,a,2025-02-24 20:58:10.525898
case_354,c,2025-02-24 21:03:10.525898
case_355,c,2025-02-24 19:28:10.525928
case_355,b,2025-02-24 19:33:10.525928
case_355,b,2025-02-24 19:38:10.525928
case_355,c,2025-02-24 19:43:10.525928
case_355,c,2025-02-24 19:48:10.525928
case_355,a,2025-02-24 19:53:10.525928
case_355,a,2025-02-24 19:58:10.525928
case_355,a,2025-02-24 20:03:10.525928
case_355,b,2025-02-24 20:08:10.525928
case_355,b,2025-02-24 20:13:10.525928
case_355,a,2025-02-24 20:18:10.525928
case_355,c,2025-02-24 20:23:10.525928
case_355,a,2025-02-24 20:28:10.525928
case_355,a,2025-02-24 20:33:10.525928
case_355,a,2025-02-24 20:38:10.525928
case_355,a,2025-02-24 20:43:10.525928
case_355,c,2025-02-24 20:48:10.525928
case_355,a,2025-02-24 20:53:10.525928
case_355,b,2025-02-24 20:58:10.525928
case_355,b,2025-02-24 21:03:10.525928
case_356,c,2025-02-24 19:28:10.525958
case_356,c,2025-02-24 19:33:10.525958
case_356,b,2025-02-24 19:38:10.525958
case_356,b,2025-02-24 19:43:10.525958
case_356,c,2025-02-24 19:48:10.525958
case_356,b,2025-02-24 19:53:10.525958
case_356,a,2025-02-24 19:58:10.525958
case_356,b,2025-02-24 20:03:10.525958
case_356,a,2025-02-24 20:08:10.525958
case_356,c,2025-02-24 20:13:10.525958
case_356,b,2025-02-24 20:18:10.525958
case_356,b,2025-02-24 20:23:10.525958
case_356,c,2025-02-24 20:28:10.525958
case_356,a,2025-02-24 20:33:10.525958
case_356,c,2025-02-24 20:38:10.525958
case_356,c,2025-02-24 20:43:10.525958
case_356,a,2025-02-24 20:48:10.525958
case_356,b,2025-02-24 20:53:10.525958
case_356,a,2025-02-24 20:58:10.525958
case_356,a,2025-02-24 21:03:10.525958
case_357,c,2025-02-24 19:28:10.525988
case_357,b,2025-02-24 19:33:10.525988
case_357,b,2025-02-24 19:38:10.525988
case_357,a,2025-02-24 19:43:10.525988
case_357,c,2025-02-24 19:48:10.525988
case_357,b,2025-02-24 19:53:10.525988
case_357,b,2025-02-24 19:58:10.525988
case_357,c,2025-02-24 20:03:10.525988
case_357,b,2025-02-24 20:08:10.525988
case_357,a,2025-02-24 20:13:10.525988
case_357,c,2025-02-24 20:18:10.525988
case_357,b,2025-02-24 20:23:10.525988
case_357,b,2025-02-24 20:28:10.525988
case_357,c,2025-02-24 20:33:10.525988
case_357,b,2025-02-24 20:38:10.525988
case_357,b,2025-02-24 20:43:10.525988
case_357,b,2025-02-24 20:48:10.525988
case_357,a,2025-02-24 20:53:10.525988
case_357,a,2025-02-24 20:58:10.525988
case_357,a,2025-02-24 21:03:10.525988
case_358,b,2025-02-24 19:28:10.526018
case_358,a,2025-02-24 19:33:10.526018
case_358,c,2025-02-24 19:38:10.526018
case_358,a,2025-02-24 19:43:10.526018
case_358,a,2025-02-24 19:48:10.526018
case_358,b,2025-02-24 19:53:10.526018
case_358,a,2025-02-24 19:58:10.526018
case_358,a,2025-02-24 20:03:10.526018
case_358,a,2025-02-24 20:08:10.526018
case_358,a,2025-02-24 20:13:10.526018
case_358,b,2025-02-24 20:18:10.526018
case_358,b,2025-02-24 20:23:10.526018
case_358,b,2025-02-24 20:28:10.526018
case_358,b,2025-02-24 20:33:10.526018
case_358,b,2025-02-24 20:38:10.526018
case_358,c,2025-02-24 20:43:10.526018
case_358,a,2025-02-24 20:48:10.526018
case_358,b,2025-02-24 20:53:10.526018
case_358,c,2025-02-24 20:58:10.526018
case_358,a,2025-02-24 21:03:10.526018
case_359,c,2025-02-24 19:28:10.526048
case_359,a,2025-02-24 19:33:10.526048
case_359,c,2025-02-24 19:38:10.526048
case_359,b,2025-02-24 19:43:10.526048
case_359,c,2025-02-24 19:48:10.526048
case_359,a,2025-02-24 19:53:10.526048
case_359,a,2025-02-24 19:58:10.526048
case_359,a,2025-02-24 20:03:10.526048
case_359,c,2025-02-24 20:08:10.526048
case_359,a,2025-02-24 20:13:10.526048
case_359,a,2025-02-24 20:18:10.526048
case_359,b,2025-02-24 20:23:10.526048
case_359,b,2025-02-24 20:28:10.526048
case_359,c,2025-02-24 20:33:10.526048
case_359,c,2025-02-24 20:38:10.526048
case_359,a,2025-02-24 20:43:10.526048
case_359,b,2025-02-24 20:48:10.526048
case_359,a,2025-02-24 20:53:10.526048
case_359,a,2025-02-24 20:58:10.526048
case_359,a,2025-02-24 21:03:10.526048
case_360,b,2025-02-24 19:28:10.526078
case_360,a,2025-02-24 19:33:10.526078
case_360,c,2025-02-24 19:38:10.526078
case_360,b,2025-02-24 19:43:10.526078
case_360,a,2025-02-24 19:48:10.526078
case_360,c,2025-02-24 19:53:10.526078
case_360,b,2025-02-24 19:58:10.526078
case_360,a,2025-02-24 20:03:10.526078
case_360,b,2025-02-24 20:08:10.526078
case_360,a,2025-02-24 20:13:10.526078
case_360,c,2025-02-24 20:18:10.526078
case_360,b,2025-02-24 20:23:10.526078
case_360,a,2025-02-24 20:28:10.526078
case_360,a,2025-02-24 20:33:10.526078
case_360,a,2025-02-24 20:38:10.526078
case_360,b,2025-02-24 20:43:10.526078
case_360,a,2025-02-24 20:48:10.526078
case_360,b,2025-02-24 20:53:10.526078
case_360,c,2025-02-24 20:58:10.526078
case_360,b,2025-02-24 21:03:10.526078
case_361,b,2025-02-24 19:28:10.526109
case_361,c,2025-02-24 19:33:10.526109
case_361,b,2025-02-24 19:38:10.526109
case_361,b,2025-02-24 19:43:10.526109
case_361,b,2025-02-24 19:48:10.526109
case_361,a,2025-02-24 19:53:10.526109
case_361,a,2025-02-24 19:58:10.526109
case_361,c,2025-02-24 20:03:10.526109
case_361,a,2025-02-24 20:08:10.526109
case_361,c,2025-02-24 20:13:10.526109
case_361,a,2025-02-24 20:18:10.526109
case_361,a,2025-02-24 20:23:10.526109
case_361,a,2025-02-24 20:28:10.526109
case_361,c,2025-02-24 20:33:10.526109
case_361,a,2025-02-24 20:38:10.526109
case_361,a,2025-02-24 20:43:10.526109
case_361,b,2025-02-24 20:48:10.526109
case_361,b,2025-02-24 20:53:10.526109
case_361,a,2025-02-24 20:58:10.526109
case_361,c,2025-02-24 21:03:10.526109
case_362,c,2025-02-24 19:28:10.526139
case_362,c,2025-02-24 19:33:10.526139
case_362,a,2025-02-24 19:38:10.526139
case_362,c,2025-02-24 19:43:10.526139
case_362,b,2025-02-24 19:48:10.526139
case_362,c,2025-02-24 19:53:10.526139
case_362,b,2025-02-24 19:58:10.526139
case_362,c,2025-02-24 20:03:10.526139
case_362,b,2025-02-24 20:08:10.526139
case_362,a,2025-02-24 20:13:10.526139
case_362,c,2025-02-24 20:18:10.526139
case_362,c,2025-02-24 20:23:10.526139
case_362,a,2025-02-24 20:28:10.526139
case_362,c,2025-02-24 20:33:10.526139
case_362,c,2025-02-24 20:38:10.526139
case_362,c,2025-02-24 20:43:10.526139
case_362,a,2025-02-24 20:48:10.526139
case_362,b,2025-02-24 20:53:10.526139
case_362,a,2025-02-24 20:58:10.526139
case_362,a,2025-02-24 21:03:10.526139
case_363,b,2025-02-24 19:28:10.526169
case_363,b,2025-02-24 19:33:10.526169
case_363,c,2025-02-24 19:38:10.526169
case_363,a,2025-02-24 19:43:10.526169
case_363,b,2025-02-24 19:48:10.526169
case_363,a,2025-02-24 19:53:10.526169
case_363,a,2025-02-24 19:58:10.526169
case_363,a,2025-02-24 20:03:10.526169
case_363,a,2025-02-24 20:08:10.526169
case_363,c,2025-02-24 20:13:10.526169
case_363,b,2025-02-24 20:18:10.526169
case_363,c,2025-02-24 20:23:10.526169
case_363,a,2025-02-24 20:28:10.526169
case_363,b,2025-02-24 20:33:10.526169
case_363,a,2025-02-24 20:38:10.526169
case_363,a,2025-02-24 20:43:10.526169
case_363,c,2025-02-24 20:48:10.526169
case_363,b,2025-02-24 20:53:10.526169
case_363,c,2025-02-24 20:58:10.526169
case_363,c,2025-02-24 21:03:10.526169
case_364,b,2025-02-24 19:28:10.526199
case_364,c,2025-02-24 19:33:10.526199
case_364,c,2025-02-24 19:38:10.526199
case_364,b,2025-02-24 19:43:10.526199
case_364,c,2025-02-24 19:48:10.526199
case_364,c,2025-02-24 19:53:10.526199
case_364,c,2025-02-24 19:58:10.526199
case_364,a,2025-02-24 20:03:10.526199
case_364,c,2025-02-24 20:08:10.526199
case_364,a,2025-02-24 20:13:10.526199
case_364,c,2025-02-24 20:18:10.526199
case_364,b,2025-02-24 20:23:10.526199
case_364,c,2025-02-24 20:28:10.526199
case_364,a,2025-02-24 20:33:10.526199
case_364,b,2025-02-24 20:38:10.526199
case_364,b,2025-02-24 20:43:10.526199
case_364,a,2025-02-24 20:48:10.526199
case_364,a,2025-02-24 20:53:10.526199
case_364,b,2025-02-24 20:58:10.526199
case_364,c,2025-02-24 21:03:10.526199
case_365,c,2025-02-24 19:28:10.526230
case_365,b,2025-02-24 19:33:10.526230
case_365,a,2025-02-24 19:38:10.526230
case_365,a,2025-02-24 19:43:10.526230
case_365,b,2025-02-24 19:48:10.526230
case_365,b,2025-02-24 19:53:10.526230
case_365,a,2025-02-24 19:58:10.526230
case_365,c,2025-02-24 20:03:10.526230
case_365,b,2025-02-24 20:08:10.526230
case_365,c,2025-02-24 20:13:10.526230
case_365,a,2025-02-24 20:18:10.526230
case_365,b,2025-02-24 20:23:10.526230
case_365,b,2025-02-24 20:28:10.526230
case_365,c,2025-02-24 20:33:10.526230
case_365,a,2025-02-24 20:38:10.526230
case_365,c,2025-02-24 20:43:10.526230
case_365,a,2025-02-24 20:48:10.526230
case_365,a,2025-02-24 20:53:10.526230
case_365,b,2025-02-24 20:58:10.526230
case_365,b,2025-02-24 21:03:10.526230
case_366,c,2025-02-24 19:28:10.526260
case_366,a,2025-02-24 19:33:10.526260
case_366,a,2025-02-24 19:38:10.526260
case_366,b,2025-02-24 19:43:10.526260
case_366,b,2025-02-24 19:48:10.526260
case_366,b,2025-02-24 19:53:10.526260
case_366,c,2025-02-24 19:58:10.526260
case_366,b,2025-02-24 20:03:10.526260
case_366,c,2025-02-24 20:08:10.526260
case_366,c,2025-02-24 20:13:10.526260
case_366,a,2025-02-24 20:18:10.526260
case_366,c,2025-02-24 20:23:10.526260
case_366,c,2025-02-24 20:28:10.526260
case_366,c,2025-02-24 20:33:10.526260
case_366,b,2025-02-24 20:38:10.526260
case_366,c,2025-02-24 20:43:10.526260
case_366,a,2025-02-24 20:48:10.526260
case_366,b,2025-02-24 20:53:10.526260
case_366,b,2025-02-24 20:58:10.526260
case_366,b,2025-02-24 21:03:10.526260
case_367,c,2025-02-24 19:28:10.526290
case_367,c,2025-02-24 19:33:10.526290
case_367,b,2025-02-24 19:38:10.526290
case_367,c,2025-02-24 19:43:10.526290
case_367,b,2025-02-24 19:48:10.526290
case_367,a,2025-02-24 19:53:10.526290
case_367,c,2025-02-24 19:58:10.526290
case_367,c,2025-02-24 20:03:10.526290
case_367,c,2025-02-24 20:08:10.526290
case_367,b,2025-02-24 20:13:10.526290
case_367,a,2025-02-24 20:18:10.526290
case_367,c,2025-02-24 20:23:10.526290
case_367,c,2025-02-24 20:28:10.526290
case_367,b,2025-02-24 20:33:10.526290
case_367,a,2025-02-24 20:38:10.526290
case_367,b,2025-02-24 20:43:10.526290
case_367,a,2025-02-24 20:48:10.526290
case_367,b,2025-02-24 20:53:10.526290
case_367,a,2025-02-24 20:58:10.526290
case_367,a,2025-02-24 21:03:10.526290
case_368,c,2025-02-24 19:28:10.526322
case_368,b,2025-02-24 19:33:10.526322
case_368,b,2025-02-24 19:38:10.526322
case_368,b,2025-02-24 19:43:10.526322
case_368,a,2025-02-24 19:48:10.526322
case_368,c,2025-02-24 19:53:10.526322
case_368,a,2025-02-24 19:58:10.526322
case_368,b,2025-02-24 20:03:10.526322
case_368,b,2025-02-24 20:08:10.526322
case_368,b,2025-02-24 20:13:10.526322
case_368,c,2025-02-24 20:18:10.526322
case_368,a,2025-02-24 20:23:10.526322
case_368,c,2025-02-24 20:28:10.526322
case_368,c,2025-02-24 20:33:10.526322
case_368,a,2025-02-24 20:38:10.526322
case_368,c,2025-02-24 20:43:10.526322
case_368,c,2025-02-24 20:48:10.526322
case_368,c,2025-02-24 20:53:10.526322
case_368,a,2025-02-24 20:58:10.526322
case_368,a,2025-02-24 21:03:10.526322
case_369,b,2025-02-24 19:28:10.526352
case_369,b,2025-02-24 19:33:10.526352
case_369,c,2025-02-24 19:38:10.526352
case_369,b,2025-02-24 19:43:10.526352
case_369,b,2025-02-24 19:48:10.526352
case_369,b,2025-02-24 19:53:10.526352
case_369,c,2025-02-24 19:58:10.526352
case_369,c,2025-02-24 20:03:10.526352
case_369,b,2025-02-24 20:08:10.526352
case_369,b,2025-02-24 20:13:10.526352
case_369,b,2025-02-24 20:18:10.526352
case_369,b,2025-02-24 20:23:10.526352
case_369,a,2025-02-24 20:28:10.526352
case_369,c,2025-02-24 20:33:10.526352
case_369,b,2025-02-24 20:38:10.526352
case_369,a,2025-02-24 20:43:10.526352
case_369,a,2025-02-24 20:48:10.526352
case_369,c,2025-02-24 20:53:10.526352
case_369,c,2025-02-24 20:58:10.526352
case_369,b,2025-02-24 21:03:10.526352
case_370,b,2025-02-24 19:28:10.526382
case_370,a,2025-02-24 19:33:10.526382
case_370,b,2025-02-24 19:38:10.526382
case_370,a,2025-02-24 19:43:10.526382
case_370,b,2025-02-24 19:48:10.526382
case_370,a,2025-02-24 19:53:10.526382
case_370,b,2025-02-24 19:58:10.526382
case_370,a,2025-02-24 20:03:10.526382
case_370,c,2025-02-24 20:08:10.526382
case_370,b,2025-02-24 20:13:10.526382
case_370,a,2025-02-24 20:18:10.526382
case_370,b,2025-02-24 20:23:10.526382
case_370,c,2025-02-24 20:28:10.526382
case_370,a,2025-02-24 20:33:10.526382
case_370,c,2025-02-24 20:38:10.526382
case_370,b,2025-02-24 20:43:10.526382
case_370,a,2025-02-24 20:48:10.526382
case_370,b,2025-02-24 20:53:10.526382
case_370,a,2025-02-24 20:58:10.526382
case_370,a,2025-02-24 21:03:10.526382
case_371,b,2025-02-24 19:28:10.526412
case_371,b,2025-02-24 19:33:10.526412
case_371,c,2025-02-24 19:38:10.526412
case_371,a,2025-02-24 19:43:10.526412
case_371,a,2025-02-24 19:48:10.526412
case_371,b,2025-02-24 19:53:10.526412
case_371,b,2025-02-24 19:58:10.526412
case_371,c,2025-02-24 20:03:10.526412
case_371,a,2025-02-24 20:08:10.526412
case_371,b,2025-02-24 20:13:10.526412
case_371,c,2025-02-24 20:18:10.526412
case_371,c,2025-02-24 20:23:10.526412
case_371,c,2025-02-24 20:28:10.526412
case_371,a,2025-02-24 20:33:10.526412
case_371,c,2025-02-24 20:38:10.526412
case_371,b,2025-02-24 20:43:10.526412
case_371,a,2025-02-24 20:48:10.526412
case_371,c,2025-02-24 20:53:10.526412
case_371,a,2025-02-24 20:58:10.526412
case_371,b,2025-02-24 21:03:10.526412
case_372,c,2025-02-24 19:28:10.526442
case_372,b,2025-02-24 19:33:10.526442
case_372,b,2025-02-24 19:38:10.526442
case_372,c,2025-02-24 19:43:10.526442
case_372,b,2025-02-24 19:48:10.526442
case_372,c,2025-02-24 19:53:10.526442
case_372,c,2025-02-24 19:58:10.526442
case_372,a,2025-02-24 20:03:10.526442
case_372,c,2025-02-24 20:08:10.526442
case_372,b,2025-02-24 20:13:10.526442
case_372,b,2025-02-24 20:18:10.526442
case_372,b,2025-02-24 20:23:10.526442
case_372,c,2025-02-24 20:28:10.526442
case_372,c,2025-02-24 20:33:10.526442
case_372,c,2025-02-24 20:38:10.526442
case_372,c,2025-02-24 20:43:10.526442
case_372,b,2025-02-24 20:48:10.526442
case_372,a,2025-02-24 20:53:10.526442
case_372,a,2025-02-24 20:58:10.526442
case_372,b,2025-02-24 21:03:10.526442
case_373,c,2025-02-24 19:28:10.526473
case_373,b,2025-02-24 19:33:10.526473
case_373,a,2025-02-24 19:38:10.526473
case_373,b,2025-02-24 19:43:10.526473
case_373,c,2025-02-24 19:48:10.526473
case_373,a,2025-02-24 19:53:10.526473
case_373,b,2025-02-24 19:58:10.526473
case_373,c,2025-02-24 20:03:10.526473
case_373,b,2025-02-24 20:08:10.526473
case_373,b,2025-02-24 20:13:10.526473
case_373,b,2025-02-24 20:18:10.526473
case_373,a,2025-02-24 20:23:10.526473
case_373,a,2025-02-24 20:28:10.526473
case_373,a,2025-02-24 20:33:10.526473
case_373,a,2025-02-24 20:38:10.526473
case_373,c,2025-02-24 20:43:10.526473
case_373,c,2025-02-24 20:48:10.526473
case_373,c,2025-02-24 20:53:10.526473
case_373,b,2025-02-24 20:58:10.526473
case_373,b,2025-02-24 21:03:10.526473
case_374,b,2025-02-24 19:28:10.526503
case_374,c,2025-02-24 19:33:10.526503
case_374,b,2025-02-24 19:38:10.526503
case_374,a,2025-02-24 19:43:10.526503
case_374,c,2025-02-24 19:48:10.526503
case_374,b,2025-02-24 19:53:10.526503
case_374,c,2025-02-24 19:58:10.526503
case_374,b,2025-02-24 20:03:10.526503
case_374,a,2025-02-24 20:08:10.526503
case_374,c,2025-02-24 20:13:10.526503
case_374,a,2025-02-24 20:18:10.526503
case_374,a,2025-02-24 20:23:10.526503
case_374,c,2025-02-24 20:28:10.526503
case_374,b,2025-02-24 20:33:10.526503
case_374,c,2025-02-24 20:38:10.526503
case_374,b,2025-02-24 20:43:10.526503
case_374,c,2025-02-24 20:48:10.526503
case_374,a,2025-02-24 20:53:10.526503
case_374,c,2025-02-24 20:58:10.526503
case_374,b,2025-02-24 21:03:10.526503
case_375,b,2025-02-24 19:28:10.526533
case_375,b,2025-02-24 19:33:10.526533
case_375,c,2025-02-24 19:38:10.526533
case_375,a,2025-02-24 19:43:10.526533
case_375,c,2025-02-24 19:48:10.526533
case_375,a,2025-02-24 19:53:10.526533
case_375,a,2025-02-24 19:58:10.526533
case_375,b,2025-02-24 20:03:10.526533
case_375,c,2025-02-24 20:08:10.526533
case_375,a,2025-02-24 20:13:10.526533
case_375,b,2025-02-24 20:18:10.526533
case_375,b,2025-02-24 20:23:10.526533
case_375,b,2025-02-24 20:28:10.526533
case_375,b,2025-02-24 20:33:10.526533
case_375,b,2025-02-24 20:38:10.526533
case_375,b,2025-02-24 20:43:10.526533
case_375,a,2025-02-24 20:48:10.526533
case_375,c,2025-02-24 20:53:10.526533
case_375,c,2025-02-24 20:58:10.526533
case_375,c,2025-02-24 21:03:10.526533
case_376,c,2025-02-24 19:28:10.526564
case_376,a,2025-02-24 19:33:10.526564
case_376,b,2025-02-24 19:38:10.526564
case_376,c,2025-02-24 19:43:10.526564
case_376,b,2025-02-24 19:48:10.526564
case_376,b,2025-02-24 19:53:10.526564
case_376,b,2025-02-24 19:58:10.526564
case_376,c,2025-02-24 20:03:10.526564
case_376,a,2025-02-24 20:08:10.526564
case_376,a,2025-02-24 20:13:10.526564
case_376,b,2025-02-24 20:18:10.526564
case_376,b,2025-02-24 20:23:10.526564
case_376,b,2025-02-24 20:28:10.526564
case_376,c,2025-02-24 20:33:10.526564
case_376,c,2025-02-24 20:38:10.526564
case_376,b,2025-02-24 20:43:10.526564
case_376,b,2025-02-24 20:48:10.526564
case_376,b,2025-02-24 20:53:10.526564
case_376,b,2025-02-24 20:58:10.526564
case_376,c,2025-02-24 21:03:10.526564
case_377,b,2025-02-24 19:28:10.526594
case_377,b,2025-02-24 19:33:10.526594
case_377,b,2025-02-24 19:38:10.526594
case_377,b,2025-02-24 19:43:10.526594
case_377,c,2025-02-24 19:48:10.526594
case_377,a,2025-02-24 19:53:10.526594
case_377,c,2025-02-24 19:58:10.526594
case_377,b,2025-02-24 20:03:10.526594
case_377,b,2025-02-24 20:08:10.526594
case_377,c,2025-02-24 20:13:10.526594
case_377,c,2025-02-24 20:18:10.526594
case_377,c,2025-02-24 20:23:10.526594
case_377,c,2025-02-24 20:28:10.526594
case_377,a,2025-02-24 20:33:10.526594
case_377,a,2025-02-24 20:38:10.526594
case_377,c,2025-02-24 20:43:10.526594
case_377,a,2025-02-24 20:48:10.526594
case_377,b,2025-02-24 20:53:10.526594
case_377,b,2025-02-24 20:58:10.526594
case_377,c,2025-02-24 21:03:10.526594
case_378,b,2025-02-24 19:28:10.526623
case_378,b,2025-02-24 19:33:10.526623
case_378,b,2025-02-24 19:38:10.526623
case_378,c,2025-02-24 19:43:10.526623
case_378,c,2025-02-24 19:48:10.526623
case_378,b,2025-02-24 19:53:10.526623
case_378,a,2025-02-24 19:58:10.526623
case_378,a,2025-02-24 20:03:10.526623
case_378,a,2025-02-24 20:08:10.526623
case_378,c,2025-02-24 20:13:10.526623
case_378,c,2025-02-24 20:18:10.526623
case_378,b,2025-02-24 20:23:10.526623
case_378,a,2025-02-24 20:28:10.526623
case_378,c,2025-02-24 20:33:10.526623
case_378,c,2025-02-24 20:38:10.526623
case_378,b,2025-02-24 20:43:10.526623
case_378,c,2025-02-24 20:48:10.526623
case_378,b,2025-02-24 20:53:10.526623
case_378,c,2025-02-24 20:58:10.526623
case_378,a,2025-02-24 21:03:10.526623
case_379,b,2025-02-24 19:28:10.526654
case_379,b,2025-02-24 19:33:10.526654
case_379,c,2025-02-24 19:38:10.526654
case_379,b,2025-02-24 19:43:10.526654
case_379,a,2025-02-24 19:48:10.526654
case_379,c,2025-02-24 19:53:10.526654
case_379,c,2025-02-24 19:58:10.526654
case_379,a,2025-02-24 20:03:10.526654
case_379,c,2025-02-24 20:08:10.526654
case_379,a,2025-02-24 20:13:10.526654
case_379,c,2025-02-24 20:18:10.526654
case_379,b,2025-02-24 20:23:10.526654
case_379,c,2025-02-24 20:28:10.526654
case_379,a,2025-02-24 20:33:10.526654
case_379,c,2025-02-24 20:38:10.526654
case_379,b,2025-02-24 20:43:10.526654
case_379,c,2025-02-24 20:48:10.526654
case_379,b,2025-02-24 20:53:10.526654
case_379,a,2025-02-24 20:58:10.526654
case_379,a,2025-02-24 21:03:10.526654
case_380,c,2025-02-24 19:28:10.526684
case_380,c,2025-02-24 19:33:10.526684
case_380,c,2025-02-24 19:38:10.526684
case_380,a,2025-02-24 19:43:10.526684
case_380,c,2025-02-24 19:48:10.526684
case_380,a,2025-02-24 19:53:10.526684
case_380,a,2025-02-24 19:58:10.526684
case_380,a,2025-02-24 20:03:10.526684
case_380,a,2025-02-24 20:08:10.526684
case_380,b,2025-02-24 20:13:10.526684
case_380,b,2025-02-24 20:18:10.526684
case_380,a,2025-02-24 20:23:10.526684
case_380,b,2025-02-24 20:28:10.526684
case_380,a,2025-02-24 20:33:10.526684
case_380,a,2025-02-24 20:38:10.526684
case_380,c,2025-02-24 20:43:10.526684
case_380,b,2025-02-24 20:48:10.526684
case_380,b,2025-02-24 20:53:10.526684
case_380,b,2025-02-24 20:58:10.526684
case_380,c,2025-02-24 21:03:10.526684
case_381,b,2025-02-24 19:28:10.526714
case_381,c,2025-02-24 19:33:10.526714
case_381,a,2025-02-24 19:38:10.526714
case_381,a,2025-02-24 19:43:10.526714
case_381,a,2025-02-24 19:48:10.526714
case_381,c,2025-02-24 19:53:10.526714
case_381,c,2025-02-24 19:58:10.526714
case_381,a,2025-02-24 20:03:10.526714
case_381,b,2025-02-24 20:08:10.526714
case_381,a,2025-02-24 20:13:10.526714
case_381,b,2025-02-24 20:18:10.526714
case_381,c,2025-02-24 20:23:10.526714
case_381,a,2025-02-24 20:28:10.526714
case_381,a,2025-02-24 20:33:10.526714
case_381,a,2025-02-24 20:38:10.526714
case_381,b,2025-02-24 20:43:10.526714
case_381,b,2025-02-24 20:48:10.526714
case_381,c,2025-02-24 20:53:10.526714
case_381,a,2025-02-24 20:58:10.526714
case_381,c,2025-02-24 21:03:10.526714
case_382,b,2025-02-24 19:28:10.526744
case_382,a,2025-02-24 19:33:10.526744
case_382,b,2025-02-24 19:38:10.526744
case_382,a,2025-02-24 19:43:10.526744
case_382,c,2025-02-24 19:48:10.526744
case_382,b,2025-02-24 19:53:10.526744
case_382,b,2025-02-24 19:58:10.526744
case_382,c,2025-02-24 20:03:10.526744
case_382,c,2025-02-24 20:08:10.526744
case_382,b,2025-02-24 20:13:10.526744
case_382,b,2025-02-24 20:18:10.526744
case_382,b,2025-02-24 20:23:10.526744
case_382,a,2025-02-24 20:28:10.526744
case_382,c,2025-02-24 20:33:10.526744
case_382,a,2025-02-24 20:38:10.526744
case_382,a,2025-02-24 20:43:10.526744
case_382,c,2025-02-24 20:48:10.526744
case_382,a,2025-02-24 20:53:10.526744
case_382,a,2025-02-24 20:58:10.526744
case_382,a,2025-02-24 21:03:10.526744
case_383,c,2025-02-24 19:28:10.526774
case_383,b,2025-02-24 19:33:10.526774
case_383,b,2025-02-24 19:38:10.526774
case_383,c,2025-02-24 19:43:10.526774
case_383,c,2025-02-24 19:48:10.526774
case_383,c,2025-02-24 19:53:10.526774
case_383,b,2025-02-24 19:58:10.526774
case_383,b,2025-02-24 20:03:10.526774
case_383,a,2025-02-24 20:08:10.526774
case_383,a,2025-02-24 20:13:10.526774
case_383,a,2025-02-24 20:18:10.526774
case_383,a,2025-02-24 20:23:10.526774
case_383,b,2025-02-24 20:28:10.526774
case_383,a,2025-02-24 20:33:10.526774
case_383,b,2025-02-24 20:38:10.526774
case_383,c,2025-02-24 20:43:10.526774
case_383,a,2025-02-24 20:48:10.526774
case_383,b,2025-02-24 20:53:10.526774
case_383,c,2025-02-24 20:58:10.526774
case_383,b,2025-02-24 21:03:10.526774
case_384,b,2025-02-24 19:28:10.526804
case_384,c,2025-02-24 19:33:10.526804
case_384,c,2025-02-24 19:38:10.526804
case_384,a,2025-02-24 19:43:10.526804
case_384,a,2025-02-24 19:48:10.526804
case_384,c,2025-02-24 19:53:10.526804
case_384,b,2025-02-24 19:58:10.526804
case_384,a,2025-02-24 20:03:10.526804
case_384,c,2025-02-24 20:08:10.526804
case_384,a,2025-02-24 20:13:10.526804
case_384,a,2025-02-24 20:18:10.526804
case_384,b,2025-02-24 20:23:10.526804
case_384,b,2025-02-24 20:28:10.526804
case_384,a,2025-02-24 20:33:10.526804
case_384,c,2025-02-24 20:38:10.526804
case_384,c,2025-02-24 20:43:10.526804
case_384,a,2025-02-24 20:48:10.526804
case_384,c,2025-02-24 20:53:10.526804
case_384,b,2025-02-24 20:58:10.526804
case_384,c,2025-02-24 21:03:10.526804
case_385,c,2025-02-24 19:28:10.526834
case_385,c,2025-02-24 19:33:10.526834
case_385,b,2025-02-24 19:38:10.526834
case_385,a,2025-02-24 19:43:10.526834
case_385,c,2025-02-24 19:48:10.526834
case_385,a,2025-02-24 19:53:10.526834
case_385,a,2025-02-24 19:58:10.526834
case_385,a,2025-02-24 20:03:10.526834
case_385,a,2025-02-24 20:08:10.526834
case_385,b,2025-02-24 20:13:10.526834
case_385,c,2025-02-24 20:18:10.526834
case_385,c,2025-02-24 20:23:10.526834
case_385,c,2025-02-24 20:28:10.526834
case_385,c,2025-02-24 20:33:10.526834
case_385,b,2025-02-24 20:38:10.526834
case_385,b,2025-02-24 20:43:10.526834
case_385,c,2025-02-24 20:48:10.526834
case_385,a,2025-02-24 20:53:10.526834
case_385,c,2025-02-24 20:58:10.526834
case_385,b,2025-02-24 21:03:10.526834
case_386,c,2025-02-24 19:28:10.526864
case_386,a,2025-02-24 19:33:10.526864
case_386,b,2025-02-24 19:38:10.526864
case_386,a,2025-02-24 19:43:10.526864
case_386,c,2025-02-24 19:48:10.526864
case_386,b,2025-02-24 19:53:10.526864
case_386,b,2025-02-24 19:58:10.526864
case_386,b,2025-02-24 20:03:10.526864
case_386,a,2025-02-24 20:08:10.526864
case_386,c,2025-02-24 20:13:10.526864
case_386,c,2025-02-24 20:18:10.526864
case_386,c,2025-02-24 20:23:10.526864
case_386,a,2025-02-24 20:28:10.526864
case_386,a,2025-02-24 20:33:10.526864
case_386,c,2025-02-24 20:38:10.526864
case_386,a,2025-02-24 20:43:10.526864
case_386,b,2025-02-24 20:48:10.526864
case_386,b,2025-02-24 20:53:10.526864
case_386,c,2025-02-24 20:58:10.526864
case_386,a,2025-02-24 21:03:10.526864
case_387,b,2025-02-24 19:28:10.526894
case_387,b,2025-02-24 19:33:10.526894
case_387,b,2025-02-24 19:38:10.526894
case_387,a,2025-02-24 19:43:10.526894
case_387,a,2025-02-24 19:48:10.526894
case_387,a,2025-02-24 19:53:10.526894
case_387,c,2025-02-24 19:58:10.526894
case_387,a,2025-02-24 20:03:10.526894
case_387,a,2025-02-24 20:08:10.526894
case_387,b,2025-02-24 20:13:10.526894
case_387,c,2025-02-24 20:18:10.526894
case_387,a,2025-02-24 20:23:10.526894
case_387,b,2025-02-24 20:28:10.526894
case_387,b,2025-02-24 20:33:10.526894
case_387,a,2025-02-24 20:38:10.526894
case_387,c,2025-02-24 20:43:10.526894
case_387,c,2025-02-24 20:48:10.526894
case_387,a,2025-02-24 20:53:10.526894
case_387,a,2025-02-24 20:58:10.526894
case_387,b,2025-02-24 21:03:10.526894
case_388,c,2025-02-24 19:28:10.526924
case_388,c,2025-02-24 19:33:10.526924
case_388,b,2025-02-24 19:38:10.526924
case_388,c,2025-02-24 19:43:10.526924
case_388,b,2025-02-24 19:48:10.526924
case_388,a,2025-02-24 19:53:10.526924
case_388,b,2025-02-24 19:58:10.526924
case_388,b,2025-02-24 20:03:10.526924
case_388,a,2025-02-24 20:08:10.526924
case_388,c,2025-02-24 20:13:10.526924
case_388,c,2025-02-24 20:18:10.526924
case_388,a,2025-02-24 20:23:10.526924
case_388,c,2025-02-24 20:28:10.526924
case_388,c,2025-02-24 20:33:10.526924
case_388,a,2025-02-24 20:38:10.526924
case_388,a,2025-02-24 20:43:10.526924
case_388,b,2025-02-24 20:48:10.526924
case_388,b,2025-02-24 20:53:10.526924
case_388,b,2025-02-24 20:58:10.526924
case_388,a,2025-02-24 21:03:10.526924
case_389,c,2025-02-24 19:28:10.526954
case_389,c,2025-02-24 19:33:10.526954
case_389,a,2025-02-24 19:38:10.526954
case_389,c,2025-02-24 19:43:10.526954
case_389,c,2025-02-24 19:48:10.526954
case_389,c,2025-02-24 19:53:10.526954
case_389,b,2025-02-24 19:58:10.526954
case_389,a,2025-02-24 20:03:10.526954
case_389,b,2025-02-24 20:08:10.526954
case_389,a,2025-02-24 20:13:10.526954
case_389,b,2025-02-24 20:18:10.526954
case_389,b,2025-02-24 20:23:10.526954
case_389,b,2025-02-24 20:28:10.526954
case_389,a,2025-02-24 20:33:10.526954
case_389,a,2025-02-24 20:38:10.526954
case_389,c,2025-02-24 20:43:10.526954
case_389,c,2025-02-24 20:48:10.526954
case_389,a,2025-02-24 20:53:10.526954
case_389,c,2025-02-24 20:58:10.526954
case_389,b,2025-02-24 21:03:10.526954
case_390,b,2025-02-24 19:28:10.526984
case_390,c,2025-02-24 19:33:10.526984
case_390,c,2025-02-24 19:38:10.526984
case_390,a,2025-02-24 19:43:10.526984
case_390,a,2025-02-24 19:48:10.526984
case_390,b,2025-02-24 19:53:10.526984
case_390,a,2025-02-24 19:58:10.526984
case_390,b,2025-02-24 20:03:10.526984
case_390,c,2025-02-24 20:08:10.526984
case_390,a,2025-02-24 20:13:10.526984
case_390,b,2025-02-24 20:18:10.526984
case_390,a,2025-02-24 20:23:10.526984
case_390,b,2025-02-24 20:28:10.526984
case_390,c,2025-02-24 20:33:10.526984
case_390,a,2025-02-24 20:38:10.526984
case_390,b,2025-02-24 20:43:10.526984
case_390,c,2025-02-24 20:48:10.526984
case_390,a,2025-02-24 20:53:10.526984
case_390,c,2025-02-24 20:58:10.526984
case_390,a,2025-02-24 21:03:10.526984
case_391,b,2025-02-24 19:28:10.527014
case_391,b,2025-02-24 19:33:10.527014
case_391,b,2025-02-24 19:38:10.527014
case_391,b,2025-02-24 19:43:10.527014
case_391,a,2025-02-24 19:48:10.527014
case_391,a,2025-02-24 19:53:10.527014
case_391,b,2025-02-24 19:58:10.527014
case_391,b,2025-02-24 20:03:10.527014
case_391,b,2025-02-24 20:08:10.527014
case_391,b,2025-02-24 20:13:10.527014
case_391,b,2025-02-24 20:18:10.527014
case_391,b,2025-02-24 20:23:10.527014
case_391,c,2025-02-24 20:28:10.527014
case_391,c,2025-02-24 20:33:10.527014
case_391,b,2025-02-24 20:38:10.527014
case_391,c,2025-02-24 20:43:10.527014
case_391,a,2025-02-24 20:48:10.527014
case_391,c,2025-02-24 20:53:10.527014
case_391,c,2025-02-24 20:58:10.527014
case_391,c,2025-02-24 21:03:10.527014
case_392,c,2025-02-24 19:28:10.527044
case_392,a,2025-02-24 19:33:10.527044
case_392,b,2025-02-24 19:38:10.527044
case_392,a,2025-02-24 19:43:10.527044
case_392,b,2025-02-24 19:48:10.527044
case_392,b,2025-02-24 19:53:10.527044
case_392,c,2025-02-24 19:58:10.527044
case_392,a,2025-02-24 20:03:10.527044
case_392,a,2025-02-24 20:08:10.527044
case_392,c,2025-02-24 20:13:10.527044
case_392,b,2025-02-24 20:18:10.527044
case_392,a,2025-02-24 20:23:10.527044
case_392,a,2025-02-24 20:28:10.527044
case_392,a,2025-02-24 20:33:10.527044
case_392,c,2025-02-24 20:38:10.527044
case_392,a,2025-02-24 20:43:10.527044
case_392,c,2025-02-24 20:48:10.527044
case_392,a,2025-02-24 20:53:10.527044
case_392,c,2025-02-24 20:58:10.527044
case_392,c,2025-02-24 21:03:10.527044
case_393,b,2025-02-24 19:28:10.527075
case_393,c,2025-02-24 19:33:10.527075
case_393,a,2025-02-24 19:38:10.527075
case_393,b,2025-02-24 19:43:10.527075
case_393,c,2025-02-24 19:48:10.527075
case_393,c,2025-02-24 19:53:10.527075
case_393,c,2025-02-24 19:58:10.527075
case_393,c,2025-02-24 20:03:10.527075
case_393,b,2025-02-24 20:08:10.527075
case_393,a,2025-02-24 20:13:10.527075
case_393,b,2025-02-24 20:18:10.527075
case_393,b,2025-02-24 20:23:10.527075
case_393,b,2025-02-24 20:28:10.527075
case_393,a,2025-02-24 20:33:10.527075
case_393,c,2025-02-24 20:38:10.527075
case_393,a,2025-02-24 20:43:10.527075
case_393,c,2025-02-24 20:48:10.527075
case_393,c,2025-02-24 20:53:10.527075
case_393,a,2025-02-24 20:58:10.527075
case_393,a,2025-02-24 21:03:10.527075
case_394,b,2025-02-24 19:28:10.527105
case_394,c,2025-02-24 19:33:10.527105
case_394,a,2025-02-24 19:38:10.527105
case_394,a,2025-02-24 19:43:10.527105
case_394,a,2025-02-24 19:48:10.527105
case_394,b,2025-02-24 19:53:10.527105
case_394,c,2025-02-24 19:58:10.527105
case_394,a,2025-02-24 20:03:10.527105
case_394,a,2025-02-24 20:08:10.527105
case_394,c,2025-02-24 20:13:10.527105
case_394,a,2025-02-24 20:18:10.527105
case_394,b,2025-02-24 20:23:10.527105
case_394,b,2025-02-24 20:28:10.527105
case_394,b,2025-02-24 20:33:10.527105
case_394,b,2025-02-24 20:38:10.527105
case_394,b,2025-02-24 20:43:10.527105
case_394,c,2025-02-24 20:48:10.527105
case_394,b,2025-02-24 20:53:10.527105
case_394,a,2025-02-24 20:58:10.527105
case_394,b,2025-02-24 21:03:10.527105
case_395,b,2025-02-24 19:28:10.527135
case_395,c,2025-02-24 19:33:10.527135
case_395,b,2025-02-24 19:38:10.527135
case_395,a,2025-02-24 19:43:10.527135
case_395,c,2025-02-24 19:48:10.527135
case_395,a,2025-02-24 19:53:10.527135
case_395,c,2025-02-24 19:58:10.527135
case_395,a,2025-02-24 20:03:10.527135
case_395,b,2025-02-24 20:08:10.527135
case_395,b,2025-02-24 20:13:10.527135
case_395,a,2025-02-24 20:18:10.527135
case_395,c,2025-02-24 20:23:10.527135
case_395,c,2025-02-24 20:28:10.527135
case_395,c,2025-02-24 20:33:10.527135
case_395,b,2025-02-24 20:38:10.527135
case_395,c,2025-02-24 20:43:10.527135
case_395,a,2025-02-24 20:48:10.527135
case_395,b,2025-02-24 20:53:10.527135
case_395,a,2025-02-24 20:58:10.527135
case_395,a,2025-02-24 21:03:10.527135
case_396,b,2025-02-24 19:28:10.527165
case_396,a,2025-02-24 19:33:10.527165
case_396,a,2025-02-24 19:38:10.527165
case_396,a,2025-02-24 19:43:10.527165
case_396,c,2025-02-24 19:48:10.527165
case_396,c,2025-02-24 19:53:10.527165
case_396,a,2025-02-24 19:58:10.527165
case_396,b,2025-02-24 20:03:10.527165
case_396,a,2025-02-24 20:08:10.527165
case_396,a,2025-02-24 20:13:10.527165
case_396,b,2025-02-24 20:18:10.527165
case_396,c,2025-02-24 20:23:10.527165
case_396,a,2025-02-24 20:28:10.527165
case_396,b,2025-02-24 20:33:10.527165
case_396,b,2025-02-24 20:38:10.527165
case_396,c,2025-02-24 20:43:10.527165
case_396,a,2025-02-24 20:48:10.527165
case_396,c,2025-02-24 20:53:10.527165
case_396,b,2025-02-24 20:58:10.527165
case_396,b,2025-02-24 21:03:10.527165
case_397,c,2025-02-24 19:28:10.527195
case_397,c,2025-02-24 19:33:10.527195
case_397,c,2025-02-24 19:38:10.527195
case_397,c,2025-02-24 19:43:10.527195
case_397,a,2025-02-24 19:48:10.527195
case_397,a,2025-02-24 19:53:10.527195
case_397,a,2025-02-24 19:58:10.527195
case_397,c,2025-02-24 20:03:10.527195
case_397,a,2025-02-24 20:08:10.527195
case_397,c,2025-02-24 20:13:10.527195
case_397,b,2025-02-24 20:18:10.527195
case_397,b,2025-02-24 20:23:10.527195
case_397,a,2025-02-24 20:28:10.527195
case_397,a,2025-02-24 20:33:10.527195
case_397,b,2025-02-24 20:38:10.527195
case_397,a,2025-02-24 20:43:10.527195
case_397,a,2025-02-24 20:48:10.527195
case_397,c,2025-02-24 20:53:10.527195
case_397,a,2025-02-24 20:58:10.527195
case_397,c,2025-02-24 21:03:10.527195
case_398,b,2025-02-24 19:28:10.527225
case_398,b,2025-02-24 19:33:10.527225
case_398,a,2025-02-24 19:38:10.527225
case_398,b,2025-02-24 19:43:10.527225
case_398,a,2025-02-24 19:48:10.527225
case_398,b,2025-02-24 19:53:10.527225
case_398,b,2025-02-24 19:58:10.527225
case_398,c,2025-02-24 20:03:10.527225
case_398,b,2025-02-24 20:08:10.527225
case_398,c,2025-02-24 20:13:10.527225
case_398,a,2025-02-24 20:18:10.527225
case_398,a,2025-02-24 20:23:10.527225
case_398,c,2025-02-24 20:28:10.527225
case_398,c,2025-02-24 20:33:10.527225
case_398,c,2025-02-24 20:38:10.527225
case_398,c,2025-02-24 20:43:10.527225
case_398,c,2025-02-24 20:48:10.527225
case_398,b,2025-02-24 20:53:10.527225
case_398,b,2025-02-24 20:58:10.527225
case_398,a,2025-02-24 21:03:10.527225
case_399,b,2025-02-24 19:28:10.527255
case_399,a,2025-02-24 19:33:10.527255
case_399,c,2025-02-24 19:38:10.527255
case_399,b,2025-02-24 19:43:10.527255
case_399,c,2025-02-24 19:48:10.527255
case_399,b,2025-02-24 19:53:10.527255
case_399,c,2025-02-24 19:58:10.527255
case_399,b,2025-02-24 20:03:10.527255
case_399,c,2025-02-24 20:08:10.527255
case_399,c,2025-02-24 20:13:10.527255
case_399,a,2025-02-24 20:18:10.527255
case_399,c,2025-02-24 20:23:10.527255
case_399,c,2025-02-24 20:28:10.527255
case_399,a,2025-02-24 20:33:10.527255
case_399,c,2025-02-24 20:38:10.527255
case_399,b,2025-02-24 20:43:10.527255
case_399,c,2025-02-24 20:48:10.527255
case_399,b,2025-02-24 20:53:10.527255
case_399,a,2025-02-24 20:58:10.527255
case_399,a,2025-02-24 21:03:10.527255
case_400,b,2025-02-24 19:28:10.527285
case_400,b,2025-02-24 19:33:10.527285
case_400,a,2025-02-24 19:38:10.527285
case_400,b,2025-02-24 19:43:10.527285
case_400,b,2025-02-24 19:48:10.527285
case_400,a,2025-02-24 19:53:10.527285
case_400,b,2025-02-24 19:58:10.527285
case_400,b,2025-02-24 20:03:10.527285
case_400,a,2025-02-24 20:08:10.527285
case_400,a,2025-02-24 20:13:10.527285
case_400,c,2025-02-24 20:18:10.527285
case_400,b,2025-02-24 20:23:10.527285
case_400,b,2025-02-24 20:28:10.527285
case_400,c,2025-02-24 20:33:10.527285
case_400,a,2025-02-24 20:38:10.527285
case_400,b,2025-02-24 20:43:10.527285
case_400,b,2025-02-24 20:48:10.527285
case_400,c,2025-02-24 20:53:10.527285
case_400,c,2025-02-24 20:58:10.527285
case_400,a,2025-02-24 21:03:10.527285
case_401,b,2025-02-24 19:28:10.527315
case_401,b,2025-02-24 19:33:10.527315
case_401,b,2025-02-24 19:38:10.527315
case_401,b,2025-02-24 19:43:10.527315
case_401,a,2025-02-24 19:48:10.527315
case_401,a,2025-02-24 19:53:10.527315
case_401,a,2025-02-24 19:58:10.527315
case_401,c,2025-02-24 20:03:10.527315
case_401,a,2025-02-24 20:08:10.527315
case_401,b,2025-02-24 20:13:10.527315
case_401,c,2025-02-24 20:18:10.527315
case_401,a,2025-02-24 20:23:10.527315
case_401,c,2025-02-24 20:28:10.527315
case_401,c,2025-02-24 20:33:10.527315
case_401,b,2025-02-24 20:38:10.527315
case_401,b,2025-02-24 20:43:10.527315
case_401,a,2025-02-24 20:48:10.527315
case_401,b,2025-02-24 20:53:10.527315
case_401,a,2025-02-24 20:58:10.527315
case_401,c,2025-02-24 21:03:10.527315
case_402,c,2025-02-24 19:28:10.527347
case_402,b,2025-02-24 19:33:10.527347
case_402,c,2025-02-24 19:38:10.527347
case_402,a,2025-02-24 19:43:10.527347
case_402,c,2025-02-24 19:48:10.527347
case_402,c,2025-02-24 19:53:10.527347
case_402,b,2025-02-24 19:58:10.527347
case_402,b,2025-02-24 20:03:10.527347
case_402,c,2025-02-24 20:08:10.527347
case_402,a,2025-02-24 20:13:10.527347
case_402,a,2025-02-24 20:18:10.527347
case_402,c,2025-02-24 20:23:10.527347
case_402,c,2025-02-24 20:28:10.527347
case_402,c,2025-02-24 20:33:10.527347
case_402,c,2025-02-24 20:38:10.527347
case_402,b,2025-02-24 20:43:10.527347
case_402,a,2025-02-24 20:48:10.527347
case_402,c,2025-02-24 20:53:10.527347
case_402,a,2025-02-24 20:58:10.527347
case_402,b,2025-02-24 21:03:10.527347
case_403,b,2025-02-24 19:28:10.527377
case_403,c,2025-02-24 19:33:10.527377
case_403,c,2025-02-24 19:38:10.527377
case_403,c,2025-02-24 19:43:10.527377
case_403,a,2025-02-24 19:48:10.527377
case_403,b,2025-02-24 19:53:10.527377
case_403,a,2025-02-24 19:58:10.527377
case_403,b,2025-02-24 20:03:10.527377
case_403,a,2025-02-24 20:08:10.527377
case_403,a,2025-02-24 20:13:10.527377
case_403,b,2025-02-24 20:18:10.527377
case_403,c,2025-02-24 20:23:10.527377
case_403,c,2025-02-24 20:28:10.527377
case_403,c,2025-02-24 20:33:10.527377
case_403,b,2025-02-24 20:38:10.527377
case_403,b,2025-02-24 20:43:10.527377
case_403,b,2025-02-24 20:48:10.527377
case_403,c,2025-02-24 20:53:10.527377
case_403,a,2025-02-24 20:58:10.527377
case_403,b,2025-02-24 21:03:10.527377
case_404,c,2025-02-24 19:28:10.527408
case_404,a,2025-02-24 19:33:10.527408
case_404,c,2025-02-24 19:38:10.527408
case_404,c,2025-02-24 19:43:10.527408
case_404,c,2025-02-24 19:48:10.527408
case_404,a,2025-02-24 19:53:10.527408
case_404,c,2025-02-24 19:58:10.527408
case_404,c,2025-02-24 20:03:10.527408
case_404,a,2025-02-24 20:08:10.527408
case_404,b,2025-02-24 20:13:10.527408
case_404,b,2025-02-24 20:18:10.527408
case_404,b,2025-02-24 20:23:10.527408
case_404,c,2025-02-24 20:28:10.527408
case_404,c,2025-02-24 20:33:10.527408
case_404,a,2025-02-24 20:38:10.527408
case_404,c,2025-02-24 20:43:10.527408
case_404,b,2025-02-24 20:48:10.527408
case_404,c,2025-02-24 20:53:10.527408
case_404,a,2025-02-24 20:58:10.527408
case_404,a,2025-02-24 21:03:10.527408
case_405,b,2025-02-24 19:28:10.527438
case_405,b,2025-02-24 19:33:10.527438
case_405,a,2025-02-24 19:38:10.527438
case_405,c,2025-02-24 19:43:10.527438
case_405,c,2025-02-24 19:48:10.527438
case_405,a,2025-02-24 19:53:10.527438
case_405,b,2025-02-24 19:58:10.527438
case_405,c,2025-02-24 20:03:10.527438
case_405,b,2025-02-24 20:08:10.527438
case_405,b,2025-02-24 20:13:10.527438
case_405,c,2025-02-24 20:18:10.527438
case_405,c,2025-02-24 20:23:10.527438
case_405,c,2025-02-24 20:28:10.527438
case_405,c,2025-02-24 20:33:10.527438
case_405,b,2025-02-24 20:38:10.527438
case_405,a,2025-02-24 20:43:10.527438
case_405,c,2025-02-24 20:48:10.527438
case_405,c,2025-02-24 20:53:10.527438
case_405,a,2025-02-24 20:58:10.527438
case_405,a,2025-02-24 21:03:10.527438
case_406,b,2025-02-24 19:28:10.527468
case_406,b,2025-02-24 19:33:10.527468
case_406,b,2025-02-24 19:38:10.527468
case_406,a,2025-02-24 19:43:10.527468
case_406,c,2025-02-24 19:48:10.527468
case_406,b,2025-02-24 19:53:10.527468
case_406,b,2025-02-24 19:58:10.527468
case_406,b,2025-02-24 20:03:10.527468
case_406,c,2025-02-24 20:08:10.527468
case_406,b,2025-02-24 20:13:10.527468
case_406,a,2025-02-24 20:18:10.527468
case_406,b,2025-02-24 20:23:10.527468
case_406,b,2025-02-24 20:28:10.527468
case_406,c,2025-02-24 20:33:10.527468
case_406,b,2025-02-24 20:38:10.527468
case_406,b,2025-02-24 20:43:10.527468
case_406,b,2025-02-24 20:48:10.527468
case_406,b,2025-02-24 20:53:10.527468
case_406,a,2025-02-24 20:58:10.527468
case_406,a,2025-02-24 21:03:10.527468
case_407,c,2025-02-24 19:28:10.527499
case_407,b,2025-02-24 19:33:10.527499
case_407,c,2025-02-24 19:38:10.527499
case_407,a,2025-02-24 19:43:10.527499
case_407,b,2025-02-24 19:48:10.527499
case_407,b,2025-02-24 19:53:10.527499
case_407,c,2025-02-24 19:58:10.527499
case_407,a,2025-02-24 20:03:10.527499
case_407,c,2025-02-24 20:08:10.527499
case_407,c,2025-02-24 20:13:10.527499
case_407,b,2025-02-24 20:18:10.527499
case_407,a,2025-02-24 20:23:10.527499
case_407,b,2025-02-24 20:28:10.527499
case_407,b,2025-02-24 20:33:10.527499
case_407,b,2025-02-24 20:38:10.527499
case_407,b,2025-02-24 20:43:10.527499
case_407,a,2025-02-24 20:48:10.527499
case_407,c,2025-02-24 20:53:10.527499
case_407,a,2025-02-24 20:58:10.527499
case_407,a,2025-02-24 21:03:10.527499
case_408,c,2025-02-24 19:28:10.527529
case_408,a,2025-02-24 19:33:10.527529
case_408,b,2025-02-24 19:38:10.527529
case_408,b,2025-02-24 19:43:10.527529
case_408,a,2025-02-24 19:48:10.527529
case_408,c,2025-02-24 19:53:10.527529
case_408,b,2025-02-24 19:58:10.527529
case_408,c,2025-02-24 20:03:10.527529
case_408,c,2025-02-24 20:08:10.527529
case_408,b,2025-02-24 20:13:10.527529
case_408,c,2025-02-24 20:18:10.527529
case_408,a,2025-02-24 20:23:10.527529
case_408,c,2025-02-24 20:28:10.527529
case_408,a,2025-02-24 20:33:10.527529
case_408,b,2025-02-24 20:38:10.527529
case_408,a,2025-02-24 20:43:10.527529
case_408,c,2025-02-24 20:48:10.527529
case_408,b,2025-02-24 20:53:10.527529
case_408,a,2025-02-24 20:58:10.527529
case_408,a,2025-02-24 21:03:10.527529
case_409,c,2025-02-24 19:28:10.527560
case_409,a,2025-02-24 19:33:10.527560
case_409,b,2025-02-24 19:38:10.527560
case_409,a,2025-02-24 19:43:10.527560
case_409,b,2025-02-24 19:48:10.527560
case_409,a,2025-02-24 19:53:10.527560
case_409,a,2025-02-24 19:58:10.527560
case_409,a,2025-02-24 20:03:10.527560
case_409,b,2025-02-24 20:08:10.527560
case_409,b,2025-02-24 20:13:10.527560
case_409,c,2025-02-24 20:18:10.527560
case_409,b,2025-02-24 20:23:10.527560
case_409,a,2025-02-24 20:28:10.527560
case_409,b,2025-02-24 20:33:10.527560
case_409,a,2025-02-24 20:38:10.527560
case_409,c,2025-02-24 20:43:10.527560
case_409,b,2025-02-24 20:48:10.527560
case_409,c,2025-02-24 20:53:10.527560
case_409,a,2025-02-24 20:58:10.527560
case_409,a,2025-02-24 21:03:10.527560
case_410,b,2025-02-24 19:28:10.527590
case_410,b,2025-02-24 19:33:10.527590
case_410,c,2025-02-24 19:38:10.527590
case_410,b,2025-02-24 19:43:10.527590
case_410,b,2025-02-24 19:48:10.527590
case_410,c,2025-02-24 19:53:10.527590
case_410,c,2025-02-24 19:58:10.527590
case_410,c,2025-02-24 20:03:10.527590
case_410,b,2025-02-24 20:08:10.527590
case_410,b,2025-02-24 20:13:10.527590
case_410,b,2025-02-24 20:18:10.527590
case_410,b,2025-02-24 20:23:10.527590
case_410,a,2025-02-24 20:28:10.527590
case_410,c,2025-02-24 20:33:10.527590
case_410,a,2025-02-24 20:38:10.527590
case_410,c,2025-02-24 20:43:10.527590
case_410,b,2025-02-24 20:48:10.527590
case_410,a,2025-02-24 20:53:10.527590
case_410,a,2025-02-24 20:58:10.527590
case_410,a,2025-02-24 21:03:10.527590
case_411,c,2025-02-24 19:28:10.527621
case_411,b,2025-02-24 19:33:10.527621
case_411,c,2025-02-24 19:38:10.527621
case_411,c,2025-02-24 19:43:10.527621
case_411,a,2025-02-24 19:48:10.527621
case_411,c,2025-02-24 19:53:10.527621
case_411,a,2025-02-24 19:58:10.527621
case_411,c,2025-02-24 20:03:10.527621
case_411,b,2025-02-24 20:08:10.527621
case_411,b,2025-02-24 20:13:10.527621
case_411,b,2025-02-24 20:18:10.527621
case_411,b,2025-02-24 20:23:10.527621
case_411,c,2025-02-24 20:28:10.527621
case_411,a,2025-02-24 20:33:10.527621
case_411,c,2025-02-24 20:38:10.527621
case_411,b,2025-02-24 20:43:10.527621
case_411,c,2025-02-24 20:48:10.527621
case_411,a,2025-02-24 20:53:10.527621
case_411,a,2025-02-24 20:58:10.527621
case_411,c,2025-02-24 21:03:10.527621
case_412,b,2025-02-24 19:28:10.527651
case_412,b,2025-02-24 19:33:10.527651
case_412,a,2025-02-24 19:38:10.527651
case_412,a,2025-02-24 19:43:10.527651
case_412,b,2025-02-24 19:48:10.527651
case_412,c,2025-02-24 19:53:10.527651
case_412,b,2025-02-24 19:58:10.527651
case_412,a,2025-02-24 20:03:10.527651
case_412,b,2025-02-24 20:08:10.527651
case_412,b,2025-02-24 20:13:10.527651
case_412,c,2025-02-24 20:18:10.527651
case_412,c,2025-02-24 20:23:10.527651
case_412,c,2025-02-24 20:28:10.527651
case_412,b,2025-02-24 20:33:10.527651
case_412,c,2025-02-24 20:38:10.527651
case_412,a,2025-02-24 20:43:10.527651
case_412,a,2025-02-24 20:48:10.527651
case_412,c,2025-02-24 20:53:10.527651
case_412,b,2025-02-24 20:58:10.527651
case_412,a,2025-02-24 21:03:10.527651
case_413,b,2025-02-24 19:28:10.527682
case_413,c,2025-02-24 19:33:10.527682
case_413,c,2025-02-24 19:38:10.527682
case_413,b,2025-02-24 19:43:10.527682
case_413,b,2025-02-24 19:48:10.527682
case_413,b,2025-02-24 19:53:10.527682
case_413,b,2025-02-24 19:58:10.527682
case_413,c,2025-02-24 20:03:10.527682
case_413,a,2025-02-24 20:08:10.527682
case_413,a,2025-02-24 20:13:10.527682
case_413,c,2025-02-24 20:18:10.527682
case_413,b,2025-02-24 20:23:10.527682
case_413,a,2025-02-24 20:28:10.527682
case_413,a,2025-02-24 20:33:10.527682
case_413,c,2025-02-24 20:38:10.527682
case_413,a,2025-02-24 20:43:10.527682
case_413,b,2025-02-24 20:48:10.527682
case_413,c,2025-02-24 20:53:10.527682
case_413,a,2025-02-24 20:58:10.527682
case_413,c,2025-02-24 21:03:10.527682
case_414,b,2025-02-24 19:28:10.527712
case_414,c,2025-02-24 19:33:10.527712
case_414,b,2025-02-24 19:38:10.527712
case_414,c,2025-02-24 19:43:10.527712
case_414,a,2025-02-24 19:48:10.527712
case_414,c,2025-02-24 19:53:10.527712
case_414,c,2025-02-24 19:58:10.527712
case_414,a,2025-02-24 20:03:10.527712
case_414,c,2025-02-24 20:08:10.527712
case_414,b,2025-02-24 20:13:10.527712
case_414,a,2025-02-24 20:18:10.527712
case_414,c,2025-02-24 20:23:10.527712
case_414,a,2025-02-24 20:28:10.527712
case_414,b,2025-02-24 20:33:10.527712
case_414,c,2025-02-24 20:38:10.527712
case_414,c,2025-02-24 20:43:10.527712
case_414,c,2025-02-24 20:48:10.527712
case_414,b,2025-02-24 20:53:10.527712
case_414,a,2025-02-24 20:58:10.527712
case_414,a,2025-02-24 21:03:10.527712
case_415,c,2025-02-24 19:28:10.527742
case_415,a,2025-02-24 19:33:10.527742
case_415,b,2025-02-24 19:38:10.527742
case_415,a,2025-02-24 19:43:10.527742
case_415,c,2025-02-24 19:48:10.527742
case_415,c,2025-02-24 19:53:10.527742
case_415,b,2025-02-24 19:58:10.527742
case_415,b,2025-02-24 20:03:10.527742
case_415,c,2025-02-24 20:08:10.527742
case_415,a,2025-02-24 20:13:10.527742
case_415,c,2025-02-24 20:18:10.527742
case_415,a,2025-02-24 20:23:10.527742
case_415,a,2025-02-24 20:28:10.527742
case_415,b,2025-02-24 20:33:10.527742
case_415,a,2025-02-24 20:38:10.527742
case_415,b,2025-02-24 20:43:10.527742
case_415,a,2025-02-24 20:48:10.527742
case_415,a,2025-02-24 20:53:10.527742
case_415,b,2025-02-24 20:58:10.527742
case_415,a,2025-02-24 21:03:10.527742
case_416,b,2025-02-24 19:28:10.527773
case_416,a,2025-02-24 19:33:10.527773
case_416,a,2025-02-24 19:38:10.527773
case_416,c,2025-02-24 19:43:10.527773
case_416,a,2025-02-24 19:48:10.527773
case_416,c,2025-02-24 19:53:10.527773
case_416,c,2025-02-24 19:58:10.527773
case_416,b,2025-02-24 20:03:10.527773
case_416,a,2025-02-24 20:08:10.527773
case_416,b,2025-02-24 20:13:10.527773
case_416,a,2025-02-24 20:18:10.527773
case_416,a,2025-02-24 20:23:10.527773
case_416,a,2025-02-24 20:28:10.527773
case_416,a,2025-02-24 20:33:10.527773
case_416,a,2025-02-24 20:38:10.527773
case_416,a,2025-02-24 20:43:10.527773
case_416,c,2025-02-24 20:48:10.527773
case_416,a,2025-02-24 20:53:10.527773
case_416,b,2025-02-24 20:58:10.527773
case_416,a,2025-02-24 21:03:10.527773
case_417,c,2025-02-24 19:28:10.527803
case_417,a,2025-02-24 19:33:10.527803
case_417,a,2025-02-24 19:38:10.527803
case_417,b,2025-02-24 19:43:10.527803
case_417,a,2025-02-24 19:48:10.527803
case_417,a,2025-02-24 19:53:10.527803
case_417,c,2025-02-24 19:58:10.527803
case_417,b,2025-02-24 20:03:10.527803
case_417,b,2025-02-24 20:08:10.527803
case_417,b,2025-02-24 20:13:10.527803
case_417,c,2025-02-24 20:18:10.527803
case_417,b,2025-02-24 20:23:10.527803
case_417,c,2025-02-24 20:28:10.527803
case_417,c,2025-02-24 20:33:10.527803
case_417,c,2025-02-24 20:38:10.527803
case_417,c,2025-02-24 20:43:10.527803
case_417,b,2025-02-24 20:48:10.527803
case_417,c,2025-02-24 20:53:10.527803
case_417,a,2025-02-24 20:58:10.527803
case_417,c,2025-02-24 21:03:10.527803
case_418,b,2025-02-24 19:28:10.527834
case_418,c,2025-02-24 19:33:10.527834
case_418,c,2025-02-24 19:38:10.527834
case_418,b,2025-02-24 19:43:10.527834
case_418,a,2025-02-24 19:48:10.527834
case_418,c,2025-02-24 19:53:10.527834
case_418,a,2025-02-24 19:58:10.527834
case_418,a,2025-02-24 20:03:10.527834
case_418,a,2025-02-24 20:08:10.527834
case_418,c,2025-02-24 20:13:10.527834
case_418,a,2025-02-24 20:18:10.527834
case_418,c,2025-02-24 20:23:10.527834
case_418,b,2025-02-24 20:28:10.527834
case_418,c,2025-02-24 20:33:10.527834
case_418,c,2025-02-24 20:38:10.527834
case_418,b,2025-02-24 20:43:10.527834
case_418,c,2025-02-24 20:48:10.527834
case_418,c,2025-02-24 20:53:10.527834
case_418,a,2025-02-24 20:58:10.527834
case_418,c,2025-02-24 21:03:10.527834
case_419,c,2025-02-24 19:28:10.527864
case_419,c,2025-02-24 19:33:10.527864
case_419,b,2025-02-24 19:38:10.527864
case_419,c,2025-02-24 19:43:10.527864
case_419,b,2025-02-24 19:48:10.527864
case_419,c,2025-02-24 19:53:10.527864
case_419,b,2025-02-24 19:58:10.527864
case_419,a,2025-02-24 20:03:10.527864
case_419,b,2025-02-24 20:08:10.527864
case_419,c,2025-02-24 20:13:10.527864
case_419,c,2025-02-24 20:18:10.527864
case_419,c,2025-02-24 20:23:10.527864
case_419,c,2025-02-24 20:28:10.527864
case_419,a,2025-02-24 20:33:10.527864
case_419,b,2025-02-24 20:38:10.527864
case_419,b,2025-02-24 20:43:10.527864
case_419,c,2025-02-24 20:48:10.527864
case_419,b,2025-02-24 20:53:10.527864
case_419,a,2025-02-24 20:58:10.527864
case_419,a,2025-02-24 21:03:10.527864
case_420,c,2025-02-24 19:28:10.527895
case_420,c,2025-02-24 19:33:10.527895
case_420,c,2025-02-24 19:38:10.527895
case_420,a,2025-02-24 19:43:10.527895
case_420,a,2025-02-24 19:48:10.527895
case_420,a,2025-02-24 19:53:10.527895
case_420,b,2025-02-24 19:58:10.527895
case_420,a,2025-02-24 20:03:10.527895
case_420,b,2025-02-24 20:08:10.527895
case_420,c,2025-02-24 20:13:10.527895
case_420,c,2025-02-24 20:18:10.527895
case_420,b,2025-02-24 20:23:10.527895
case_420,a,2025-02-24 20:28:10.527895
case_420,b,2025-02-24 20:33:10.527895
case_420,c,2025-02-24 20:38:10.527895
case_420,b,2025-02-24 20:43:10.527895
case_420,b,2025-02-24 20:48:10.527895
case_420,a,2025-02-24 20:53:10.527895
case_420,b,2025-02-24 20:58:10.527895
case_420,a,2025-02-24 21:03:10.527895
case_421,c,2025-02-24 19:28:10.527926
case_421,a,2025-02-24 19:33:10.527926
case_421,a,2025-02-24 19:38:10.527926
case_421,b,2025-02-24 19:43:10.527926
case_421,b,2025-02-24 19:48:10.527926
case_421,a,2025-02-24 19:53:10.527926
case_421,c,2025-02-24 19:58:10.527926
case_421,a,2025-02-24 20:03:10.527926
case_421,c,2025-02-24 20:08:10.527926
case_421,c,2025-02-24 20:13:10.527926
case_421,a,2025-02-24 20:18:10.527926
case_421,b,2025-02-24 20:23:10.527926
case_421,b,2025-02-24 20:28:10.527926
case_421,b,2025-02-24 20:33:10.527926
case_421,a,2025-02-24 20:38:10.527926
case_421,b,2025-02-24 20:43:10.527926
case_421,c,2025-02-24 20:48:10.527926
case_421,c,2025-02-24 20:53:10.527926
case_421,b,2025-02-24 20:58:10.527926
case_421,a,2025-02-24 21:03:10.527926
case_422,b,2025-02-24 19:28:10.527956
case_422,c,2025-02-24 19:33:10.527956
case_422,c,2025-02-24 19:38:10.527956
case_422,c,2025-02-24 19:43:10.527956
case_422,a,2025-02-24 19:48:10.527956
case_422,b,2025-02-24 19:53:10.527956
case_422,c,2025-02-24 19:58:10.527956
case_422,c,2025-02-24 20:03:10.527956
case_422,c,2025-02-24 20:08:10.527956
case_422,b,2025-02-24 20:13:10.527956
case_422,b,2025-02-24 20:18:10.527956
case_422,b,2025-02-24 20:23:10.527956
case_422,b,2025-02-24 20:28:10.527956
case_422,a,2025-02-24 20:33:10.527956
case_422,c,2025-02-24 20:38:10.527956
case_422,c,2025-02-24 20:43:10.527956
case_422,a,2025-02-24 20:48:10.527956
case_422,c,2025-02-24 20:53:10.527956
case_422,a,2025-02-24 20:58:10.527956
case_422,a,2025-02-24 21:03:10.527956
case_423,c,2025-02-24 19:28:10.527986
case_423,a,2025-02-24 19:33:10.527986
case_423,c,2025-02-24 19:38:10.527986
case_423,b,2025-02-24 19:43:10.527986
case_423,c,2025-02-24 19:48:10.527986
case_423,c,2025-02-24 19:53:10.527986
case_423,c,2025-02-24 19:58:10.527986
case_423,c,2025-02-24 20:03:10.527986
case_423,b,2025-02-24 20:08:10.527986
case_423,a,2025-02-24 20:13:10.527986
case_423,a,2025-02-24 20:18:10.527986
case_423,c,2025-02-24 20:23:10.527986
case_423,a,2025-02-24 20:28:10.527986
case_423,b,2025-02-24 20:33:10.527986
case_423,c,2025-02-24 20:38:10.527986
case_423,c,2025-02-24 20:43:10.527986
case_423,a,2025-02-24 20:48:10.527986
case_423,a,2025-02-24 20:53:10.527986
case_423,a,2025-02-24 20:58:10.527986
case_423,c,2025-02-24 21:03:10.527986
case_424,b,2025-02-24 19:28:10.528017
case_424,b,2025-02-24 19:33:10.528017
case_424,a,2025-02-24 19:38:10.528017
case_424,c,2025-02-24 19:43:10.528017
case_424,c,2025-02-24 19:48:10.528017
case_424,a,2025-02-24 19:53:10.528017
case_424,a,2025-02-24 19:58:10.528017
case_424,a,2025-02-24 20:03:10.528017
case_424,c,2025-02-24 20:08:10.528017
case_424,a,2025-02-24 20:13:10.528017
case_424,a,2025-02-24 20:18:10.528017
case_424,a,2025-02-24 20:23:10.528017
case_424,c,2025-02-24 20:28:10.528017
case_424,c,2025-02-24 20:33:10.528017
case_424,c,2025-02-24 20:38:10.528017
case_424,c,2025-02-24 20:43:10.528017
case_424,c,2025-02-24 20:48:10.528017
case_424,b,2025-02-24 20:53:10.528017
case_424,c,2025-02-24 20:58:10.528017
case_424,a,2025-02-24 21:03:10.528017
case_425,b,2025-02-24 19:28:10.528047
case_425,c,2025-02-24 19:33:10.528047
case_425,b,2025-02-24 19:38:10.528047
case_425,c,2025-02-24 19:43:10.528047
case_425,c,2025-02-24 19:48:10.528047
case_425,c,2025-02-24 19:53:10.528047
case_425,b,2025-02-24 19:58:10.528047
case_425,a,2025-02-24 20:03:10.528047
case_425,b,2025-02-24 20:08:10.528047
case_425,a,2025-02-24 20:13:10.528047
case_425,a,2025-02-24 20:18:10.528047
case_425,a,2025-02-24 20:23:10.528047
case_425,b,2025-02-24 20:28:10.528047
case_425,a,2025-02-24 20:33:10.528047
case_425,c,2025-02-24 20:38:10.528047
case_425,b,2025-02-24 20:43:10.528047
case_425,a,2025-02-24 20:48:10.528047
case_425,a,2025-02-24 20:53:10.528047
case_425,b,2025-02-24 20:58:10.528047
case_425,a,2025-02-24 21:03:10.528047
case_426,b,2025-02-24 19:28:10.528077
case_426,c,2025-02-24 19:33:10.528077
case_426,c,2025-02-24 19:38:10.528077
case_426,b,2025-02-24 19:43:10.528077
case_426,b,2025-02-24 19:48:10.528077
case_426,c,2025-02-24 19:53:10.528077
case_426,b,2025-02-24 19:58:10.528077
case_426,a,2025-02-24 20:03:10.528077
case_426,b,2025-02-24 20:08:10.528077
case_426,a,2025-02-24 20:13:10.528077
case_426,b,2025-02-24 20:18:10.528077
case_426,b,2025-02-24 20:23:10.528077
case_426,a,2025-02-24 20:28:10.528077
case_426,b,2025-02-24 20:33:10.528077
case_426,a,2025-02-24 20:38:10.528077
case_426,b,2025-02-24 20:43:10.528077
case_426,a,2025-02-24 20:48:10.528077
case_426,b,2025-02-24 20:53:10.528077
case_426,a,2025-02-24 20:58:10.528077
case_426,a,2025-02-24 21:03:10.528077
case_427,b,2025-02-24 19:28:10.528108
case_427,c,2025-02-24 19:33:10.528108
case_427,c,2025-02-24 19:38:10.528108
case_427,c,2025-02-24 19:43:10.528108
case_427,c,2025-02-24 19:48:10.528108
case_427,a,2025-02-24 19:53:10.528108
case_427,c,2025-02-24 19:58:10.528108
case_427,a,2025-02-24 20:03:10.528108
case_427,c,2025-02-24 20:08:10.528108
case_427,a,2025-02-24 20:13:10.528108
case_427,a,2025-02-24 20:18:10.528108
case_427,c,2025-02-24 20:23:10.528108
case_427,b,2025-02-24 20:28:10.528108
case_427,c,2025-02-24 20:33:10.528108
case_427,c,2025-02-24 20:38:10.528108
case_427,b,2025-02-24 20:43:10.528108
case_427,c,2025-02-24 20:48:10.528108
case_427,a,2025-02-24 20:53:10.528108
case_427,b,2025-02-24 20:58:10.528108
case_427,a,2025-02-24 21:03:10.528108
case_428,c,2025-02-24 19:28:10.528138
case_428,b,2025-02-24 19:33:10.528138
case_428,b,2025-02-24 19:38:10.528138
case_428,b,2025-02-24 19:43:10.528138
case_428,b,2025-02-24 19:48:10.528138
case_428,c,2025-02-24 19:53:10.528138
case_428,c,2025-02-24 19:58:10.528138
case_428,b,2025-02-24 20:03:10.528138
case_428,a,2025-02-24 20:08:10.528138
case_428,c,2025-02-24 20:13:10.528138
case_428,a,2025-02-24 20:18:10.528138
case_428,b,2025-02-24 20:23:10.528138
case_428,c,2025-02-24 20:28:10.528138
case_428,b,2025-02-24 20:33:10.528138
case_428,a,2025-02-24 20:38:10.528138
case_428,c,2025-02-24 20:43:10.528138
case_428,b,2025-02-24 20:48:10.528138
case_428,b,2025-02-24 20:53:10.528138
case_428,a,2025-02-24 20:58:10.528138
case_428,a,2025-02-24 21:03:10.528138
case_429,c,2025-02-24 19:28:10.528168
case_429,b,2025-02-24 19:33:10.528168
case_429,b,2025-02-24 19:38:10.528168
case_429,c,2025-02-24 19:43:10.528168
case_429,c,2025-02-24 19:48:10.528168
case_429,c,2025-02-24 19:53:10.528168
case_429,c,2025-02-24 19:58:10.528168
case_429,c,2025-02-24 20:03:10.528168
case_429,c,2025-02-24 20:08:10.528168
case_429,a,2025-02-24 20:13:10.528168
case_429,c,2025-02-24 20:18:10.528168
case_429,a,2025-02-24 20:23:10.528168
case_429,a,2025-02-24 20:28:10.528168
case_429,c,2025-02-24 20:33:10.528168
case_429,b,2025-02-24 20:38:10.528168
case_429,c,2025-02-24 20:43:10.528168
case_429,a,2025-02-24 20:48:10.528168
case_429,a,2025-02-24 20:53:10.528168
case_429,c,2025-02-24 20:58:10.528168
case_429,c,2025-02-24 21:03:10.528168
case_430,c,2025-02-24 19:28:10.528198
case_430,b,2025-02-24 19:33:10.528198
case_430,b,2025-02-24 19:38:10.528198
case_430,b,2025-02-24 19:43:10.528198
case_430,b,2025-02-24 19:48:10.528198
case_430,a,2025-02-24 19:53:10.528198
case_430,a,2025-02-24 19:58:10.528198
case_430,a,2025-02-24 20:03:10.528198
case_430,c,2025-02-24 20:08:10.528198
case_430,c,2025-02-24 20:13:10.528198
case_430,c,2025-02-24 20:18:10.528198
case_430,a,2025-02-24 20:23:10.528198
case_430,b,2025-02-24 20:28:10.528198
case_430,c,2025-02-24 20:33:10.528198
case_430,a,2025-02-24 20:38:10.528198
case_430,a,2025-02-24 20:43:10.528198
case_430,c,2025-02-24 20:48:10.528198
case_430,c,2025-02-24 20:53:10.528198
case_430,a,2025-02-24 20:58:10.528198
case_430,a,2025-02-24 21:03:10.528198
case_431,c,2025-02-24 19:28:10.528229
case_431,c,2025-02-24 19:33:10.528229
case_431,b,2025-02-24 19:38:10.528229
case_431,b,2025-02-24 19:43:10.528229
case_431,c,2025-02-24 19:48:10.528229
case_431,c,2025-02-24 19:53:10.528229
case_431,a,2025-02-24 19:58:10.528229
case_431,b,2025-02-24 20:03:10.528229
case_431,c,2025-02-24 20:08:10.528229
case_431,c,2025-02-24 20:13:10.528229
case_431,b,2025-02-24 20:18:10.528229
case_431,b,2025-02-24 20:23:10.528229
case_431,c,2025-02-24 20:28:10.528229
case_431,b,2025-02-24 20:33:10.528229
case_431,c,2025-02-24 20:38:10.528229
case_431,c,2025-02-24 20:43:10.528229
case_431,a,2025-02-24 20:48:10.528229
case_431,c,2025-02-24 20:53:10.528229
case_431,a,2025-02-24 20:58:10.528229
case_431,a,2025-02-24 21:03:10.528229
case_432,c,2025-02-24 19:28:10.528259
case_432,a,2025-02-24 19:33:10.528259
case_432,a,2025-02-24 19:38:10.528259
case_432,a,2025-02-24 19:43:10.528259
case_432,b,2025-02-24 19:48:10.528259
case_432,c,2025-02-24 19:53:10.528259
case_432,c,2025-02-24 19:58:10.528259
case_432,b,2025-02-24 20:03:10.528259
case_432,a,2025-02-24 20:08:10.528259
case_432,c,2025-02-24 20:13:10.528259
case_432,b,2025-02-24 20:18:10.528259
case_432,b,2025-02-24 20:23:10.528259
case_432,a,2025-02-24 20:28:10.528259
case_432,c,2025-02-24 20:33:10.528259
case_432,b,2025-02-24 20:38:10.528259
case_432,a,2025-02-24 20:43:10.528259
case_432,a,2025-02-24 20:48:10.528259
case_432,b,2025-02-24 20:53:10.528259
case_432,c,2025-02-24 20:58:10.528259
case_432,c,2025-02-24 21:03:10.528259
case_433,c,2025-02-24 19:28:10.528289
case_433,b,2025-02-24 19:33:10.528289
case_433,c,2025-02-24 19:38:10.528289
case_433,a,2025-02-24 19:43:10.528289
case_433,c,2025-02-24 19:48:10.528289
case_433,b,2025-02-24 19:53:10.528289
case_433,c,2025-02-24 19:58:10.528289
case_433,a,2025-02-24 20:03:10.528289
case_433,b,2025-02-24 20:08:10.528289
case_433,c,2025-02-24 20:13:10.528289
case_433,c,2025-02-24 20:18:10.528289
case_433,a,2025-02-24 20:23:10.528289
case_433,a,2025-02-24 20:28:10.528289
case_433,b,2025-02-24 20:33:10.528289
case_433,b,2025-02-24 20:38:10.528289
case_433,a,2025-02-24 20:43:10.528289
case_433,c,2025-02-24 20:48:10.528289
case_433,c,2025-02-24 20:53:10.528289
case_433,a,2025-02-24 20:58:10.528289
case_433,c,2025-02-24 21:03:10.528289
case_434,c,2025-02-24 19:28:10.528345
case_434,c,2025-02-24 19:33:10.528345
case_434,b,2025-02-24 19:38:10.528345
case_434,a,2025-02-24 19:43:10.528345
case_434,b,2025-02-24 19:48:10.528345
case_434,c,2025-02-24 19:53:10.528345
case_434,c,2025-02-24 19:58:10.528345
case_434,b,2025-02-24 20:03:10.528345
case_434,a,2025-02-24 20:08:10.528345
case_434,a,2025-02-24 20:13:10.528345
case_434,c,2025-02-24 20:18:10.528345
case_434,c,2025-02-24 20:23:10.528345
case_434,c,2025-02-24 20:28:10.528345
case_434,a,2025-02-24 20:33:10.528345
case_434,a,2025-02-24 20:38:10.528345
case_434,c,2025-02-24 20:43:10.528345
case_434,b,2025-02-24 20:48:10.528345
case_434,c,2025-02-24 20:53:10.528345
case_434,a,2025-02-24 20:58:10.528345
case_434,c,2025-02-24 21:03:10.528345
case_435,b,2025-02-24 19:28:10.528376
case_435,c,2025-02-24 19:33:10.528376
case_435,a,2025-02-24 19:38:10.528376
case_435,a,2025-02-24 19:43:10.528376
case_435,b,2025-02-24 19:48:10.528376
case_435,a,2025-02-24 19:53:10.528376
case_435,a,2025-02-24 19:58:10.528376
case_435,c,2025-02-24 20:03:10.528376
case_435,a,2025-02-24 20:08:10.528376
case_435,a,2025-02-24 20:13:10.528376
case_435,a,2025-02-24 20:18:10.528376
case_435,a,2025-02-24 20:23:10.528376
case_435,c,2025-02-24 20:28:10.528376
case_435,c,2025-02-24 20:33:10.528376
case_435,c,2025-02-24 20:38:10.528376
case_435,c,2025-02-24 20:43:10.528376
case_435,a,2025-02-24 20:48:10.528376
case_435,a,2025-02-24 20:53:10.528376
case_435,a,2025-02-24 20:58:10.528376
case_435,a,2025-02-24 21:03:10.528376
case_436,c,2025-02-24 19:28:10.528406
case_436,a,2025-02-24 19:33:10.528406
case_436,a,2025-02-24 19:38:10.528406
case_436,b,2025-02-24 19:43:10.528406
case_436,b,2025-02-24 19:48:10.528406
case_436,b,2025-02-24 19:53:10.528406
case_436,b,2025-02-24 19:58:10.528406
case_436,c,2025-02-24 20:03:10.528406
case_436,b,2025-02-24 20:08:10.528406
case_436,a,2025-02-24 20:13:10.528406
case_436,c,2025-02-24 20:18:10.528406
case_436,b,2025-02-24 20:23:10.528406
case_436,b,2025-02-24 20:28:10.528406
case_436,c,2025-02-24 20:33:10.528406
case_436,c,2025-02-24 20:38:10.528406
case_436,c,2025-02-24 20:43:10.528406
case_436,c,2025-02-24 20:48:10.528406
case_436,a,2025-02-24 20:53:10.528406
case_436,a,2025-02-24 20:58:10.528406
case_436,a,2025-02-24 21:03:10.528406
case_437,c,2025-02-24 19:28:10.528436
case_437,a,2025-02-24 19:33:10.528436
case_437,b,2025-02-24 19:38:10.528436
case_437,c,2025-02-24 19:43:10.528436
case_437,b,2025-02-24 19:48:10.528436
case_437,a,2025-02-24 19:53:10.528436
case_437,c,2025-02-24 19:58:10.528436
case_437,b,2025-02-24 20:03:10.528436
case_437,a,2025-02-24 20:08:10.528436
case_437,b,2025-02-24 20:13:10.528436
case_437,a,2025-02-24 20:18:10.528436
case_437,c,2025-02-24 20:23:10.528436
case_437,c,2025-02-24 20:28:10.528436
case_437,b,2025-02-24 20:33:10.528436
case_437,a,2025-02-24 20:38:10.528436
case_437,b,2025-02-24 20:43:10.528436
case_437,c,2025-02-24 20:48:10.528436
case_437,b,2025-02-24 20:53:10.528436
case_437,a,2025-02-24 20:58:10.528436
case_437,a,2025-02-24 21:03:10.528436
case_438,c,2025-02-24 19:28:10.528467
case_438,c,2025-02-24 19:33:10.528467
case_438,a,2025-02-24 19:38:10.528467
case_438,b,2025-02-24 19:43:10.528467
case_438,c,2025-02-24 19:48:10.528467
case_438,b,2025-02-24 19:53:10.528467
case_438,c,2025-02-24 19:58:10.528467
case_438,c,2025-02-24 20:03:10.528467
case_438,a,2025-02-24 20:08:10.528467
case_438,c,2025-02-24 20:13:10.528467
case_438,b,2025-02-24 20:18:10.528467
case_438,a,2025-02-24 20:23:10.528467
case_438,c,2025-02-24 20:28:10.528467
case_438,c,2025-02-24 20:33:10.528467
case_438,c,2025-02-24 20:38:10.528467
case_438,c,2025-02-24 20:43:10.528467
case_438,a,2025-02-24 20:48:10.528467
case_438,a,2025-02-24 20:53:10.528467
case_438,c,2025-02-24 20:58:10.528467
case_438,c,2025-02-24 21:03:10.528467
case_439,c,2025-02-24 19:28:10.528497
case_439,b,2025-02-24 19:33:10.528497
case_439,c,2025-02-24 19:38:10.528497
case_439,a,2025-02-24 19:43:10.528497
case_439,a,2025-02-24 19:48:10.528497
case_439,b,2025-02-24 19:53:10.528497
case_439,c,2025-02-24 19:58:10.528497
case_439,c,2025-02-24 20:03:10.528497
case_439,b,2025-02-24 20:08:10.528497
case_439,a,2025-02-24 20:13:10.528497
case_439,c,2025-02-24 20:18:10.528497
case_439,a,2025-02-24 20:23:10.528497
case_439,a,2025-02-24 20:28:10.528497
case_439,a,2025-02-24 20:33:10.528497
case_439,c,2025-02-24 20:38:10.528497
case_439,c,2025-02-24 20:43:10.528497
case_439,b,2025-02-24 20:48:10.528497
case_439,b,2025-02-24 20:53:10.528497
case_439,b,2025-02-24 20:58:10.528497
case_439,a,2025-02-24 21:03:10.528497
case_440,b,2025-02-24 19:28:10.528528
case_440,a,2025-02-24 19:33:10.528528
case_440,c,2025-02-24 19:38:10.528528
case_440,a,2025-02-24 19:43:10.528528
case_440,c,2025-02-24 19:48:10.528528
case_440,a,2025-02-24 19:53:10.528528
case_440,c,2025-02-24 19:58:10.528528
case_440,a,2025-02-24 20:03:10.528528
case_440,a,2025-02-24 20:08:10.528528
case_440,a,2025-02-24 20:13:10.528528
case_440,b,2025-02-24 20:18:10.528528
case_440,a,2025-02-24 20:23:10.528528
case_440,a,2025-02-24 20:28:10.528528
case_440,c,2025-02-24 20:33:10.528528
case_440,a,2025-02-24 20:38:10.528528
case_440,b,2025-02-24 20:43:10.528528
case_440,a,2025-02-24 20:48:10.528528
case_440,b,2025-02-24 20:53:10.528528
case_440,b,2025-02-24 20:58:10.528528
case_440,b,2025-02-24 21:03:10.528528
case_441,c,2025-02-24 19:28:10.528558
case_441,b,2025-02-24 19:33:10.528558
case_441,a,2025-02-24 19:38:10.528558
case_441,b,2025-02-24 19:43:10.528558
case_441,c,2025-02-24 19:48:10.528558
case_441,b,2025-02-24 19:53:10.528558
case_441,c,2025-02-24 19:58:10.528558
case_441,b,2025-02-24 20:03:10.528558
case_441,a,2025-02-24 20:08:10.528558
case_441,b,2025-02-24 20:13:10.528558
case_441,b,2025-02-24 20:18:10.528558
case_441,b,2025-02-24 20:23:10.528558
case_441,b,2025-02-24 20:28:10.528558
case_441,c,2025-02-24 20:33:10.528558
case_441,c,2025-02-24 20:38:10.528558
case_441,b,2025-02-24 20:43:10.528558
case_441,b,2025-02-24 20:48:10.528558
case_441,c,2025-02-24 20:53:10.528558
case_441,a,2025-02-24 20:58:10.528558
case_441,a,2025-02-24 21:03:10.528558
case_442,c,2025-02-24 19:28:10.528589
case_442,b,2025-02-24 19:33:10.528589
case_442,b,2025-02-24 19:38:10.528589
case_442,a,2025-02-24 19:43:10.528589
case_442,c,2025-02-24 19:48:10.528589
case_442,a,2025-02-24 19:53:10.528589
case_442,c,2025-02-24 19:58:10.528589
case_442,b,2025-02-24 20:03:10.528589
case_442,a,2025-02-24 20:08:10.528589
case_442,b,2025-02-24 20:13:10.528589
case_442,c,2025-02-24 20:18:10.528589
case_442,c,2025-02-24 20:23:10.528589
case_442,a,2025-02-24 20:28:10.528589
case_442,b,2025-02-24 20:33:10.528589
case_442,a,2025-02-24 20:38:10.528589
case_442,b,2025-02-24 20:43:10.528589
case_442,b,2025-02-24 20:48:10.528589
case_442,c,2025-02-24 20:53:10.528589
case_442,a,2025-02-24 20:58:10.528589
case_442,a,2025-02-24 21:03:10.528589
case_443,b,2025-02-24 19:28:10.528619
case_443,a,2025-02-24 19:33:10.528619
case_443,b,2025-02-24 19:38:10.528619
case_443,b,2025-02-24 19:43:10.528619
case_443,b,2025-02-24 19:48:10.528619
case_443,a,2025-02-24 19:53:10.528619
case_443,c,2025-02-24 19:58:10.528619
case_443,b,2025-02-24 20:03:10.528619
case_443,a,2025-02-24 20:08:10.528619
case_443,b,2025-02-24 20:13:10.528619
case_443,b,2025-02-24 20:18:10.528619
case_443,a,2025-02-24 20:23:10.528619
case_443,c,2025-02-24 20:28:10.528619
case_443,a,2025-02-24 20:33:10.528619
case_443,c,2025-02-24 20:38:10.528619
case_443,b,2025-02-24 20:43:10.528619
case_443,b,2025-02-24 20:48:10.528619
case_443,c,2025-02-24 20:53:10.528619
case_443,a,2025-02-24 20:58:10.528619
case_443,a,2025-02-24 21:03:10.528619
case_444,b,2025-02-24 19:28:10.528650
case_444,b,2025-02-24 19:33:10.528650
case_444,c,2025-02-24 19:38:10.528650
case_444,c,2025-02-24 19:43:10.528650
case_444,b,2025-02-24 19:48:10.528650
case_444,a,2025-02-24 19:53:10.528650
case_444,a,2025-02-24 19:58:10.528650
case_444,c,2025-02-24 20:03:10.528650
case_444,a,2025-02-24 20:08:10.528650
case_444,c,2025-02-24 20:13:10.528650
case_444,c,2025-02-24 20:18:10.528650
case_444,a,2025-02-24 20:23:10.528650
case_444,a,2025-02-24 20:28:10.528650
case_444,b,2025-02-24 20:33:10.528650
case_444,a,2025-02-24 20:38:10.528650
case_444,c,2025-02-24 20:43:10.528650
case_444,b,2025-02-24 20:48:10.528650
case_444,a,2025-02-24 20:53:10.528650
case_444,a,2025-02-24 20:58:10.528650
case_444,c,2025-02-24 21:03:10.528650
case_445,c,2025-02-24 19:28:10.528680
case_445,a,2025-02-24 19:33:10.528680
case_445,c,2025-02-24 19:38:10.528680
case_445,a,2025-02-24 19:43:10.528680
case_445,a,2025-02-24 19:48:10.528680
case_445,a,2025-02-24 19:53:10.528680
case_445,b,2025-02-24 19:58:10.528680
case_445,c,2025-02-24 20:03:10.528680
case_445,a,2025-02-24 20:08:10.528680
case_445,c,2025-02-24 20:13:10.528680
case_445,b,2025-02-24 20:18:10.528680
case_445,c,2025-02-24 20:23:10.528680
case_445,c,2025-02-24 20:28:10.528680
case_445,b,2025-02-24 20:33:10.528680
case_445,b,2025-02-24 20:38:10.528680
case_445,c,2025-02-24 20:43:10.528680
case_445,a,2025-02-24 20:48:10.528680
case_445,a,2025-02-24 20:53:10.528680
case_445,b,2025-02-24 20:58:10.528680
case_445,c,2025-02-24 21:03:10.528680
case_446,c,2025-02-24 19:28:10.528710
case_446,c,2025-02-24 19:33:10.528710
case_446,b,2025-02-24 19:38:10.528710
case_446,c,2025-02-24 19:43:10.528710
case_446,a,2025-02-24 19:48:10.528710
case_446,b,2025-02-24 19:53:10.528710
case_446,a,2025-02-24 19:58:10.528710
case_446,c,2025-02-24 20:03:10.528710
case_446,b,2025-02-24 20:08:10.528710
case_446,c,2025-02-24 20:13:10.528710
case_446,a,2025-02-24 20:18:10.528710
case_446,c,2025-02-24 20:23:10.528710
case_446,a,2025-02-24 20:28:10.528710
case_446,a,2025-02-24 20:33:10.528710
case_446,b,2025-02-24 20:38:10.528710
case_446,b,2025-02-24 20:43:10.528710
case_446,a,2025-02-24 20:48:10.528710
case_446,a,2025-02-24 20:53:10.528710
case_446,a,2025-02-24 20:58:10.528710
case_446,b,2025-02-24 21:03:10.528710
case_447,b,2025-02-24 19:28:10.528741
case_447,a,2025-02-24 19:33:10.528741
case_447,c,2025-02-24 19:38:10.528741
case_447,a,2025-02-24 19:43:10.528741
case_447,c,2025-02-24 19:48:10.528741
case_447,b,2025-02-24 19:53:10.528741
case_447,c,2025-02-24 19:58:10.528741
case_447,a,2025-02-24 20:03:10.528741
case_447,b,2025-02-24 20:08:10.528741
case_447,c,2025-02-24 20:13:10.528741
case_447,b,2025-02-24 20:18:10.528741
case_447,b,2025-02-24 20:23:10.528741
case_447,a,2025-02-24 20:28:10.528741
case_447,c,2025-02-24 20:33:10.528741
case_447,c,2025-02-24 20:38:10.528741
case_447,b,2025-02-24 20:43:10.528741
case_447,c,2025-02-24 20:48:10.528741
case_447,c,2025-02-24 20:53:10.528741
case_447,a,2025-02-24 20:58:10.528741
case_447,a,2025-02-24 21:03:10.528741
case_448,c,2025-02-24 19:28:10.528771
case_448,a,2025-02-24 19:33:10.528771
case_448,a,2025-02-24 19:38:10.528771
case_448,a,2025-02-24 19:43:10.528771
case_448,a,2025-02-24 19:48:10.528771
case_448,a,2025-02-24 19:53:10.528771
case_448,b,2025-02-24 19:58:10.528771
case_448,a,2025-02-24 20:03:10.528771
case_448,a,2025-02-24 20:08:10.528771
case_448,a,2025-02-24 20:13:10.528771
case_448,b,2025-02-24 20:18:10.528771
case_448,c,2025-02-24 20:23:10.528771
case_448,c,2025-02-24 20:28:10.528771
case_448,a,2025-02-24 20:33:10.528771
case_448,a,2025-02-24 20:38:10.528771
case_448,b,2025-02-24 20:43:10.528771
case_448,a,2025-02-24 20:48:10.528771
case_448,c,2025-02-24 20:53:10.528771
case_448,c,2025-02-24 20:58:10.528771
case_448,c,2025-02-24 21:03:10.528771
case_449,b,2025-02-24 19:28:10.528802
case_449,b,2025-02-24 19:33:10.528802
case_449,b,2025-02-24 19:38:10.528802
case_449,b,2025-02-24 19:43:10.528802
case_449,a,2025-02-24 19:48:10.528802
case_449,c,2025-02-24 19:53:10.528802
case_449,a,2025-02-24 19:58:10.528802
case_449,c,2025-02-24 20:03:10.528802
case_449,c,2025-02-24 20:08:10.528802
case_449,c,2025-02-24 20:13:10.528802
case_449,b,2025-02-24 20:18:10.528802
case_449,c,2025-02-24 20:23:10.528802
case_449,c,2025-02-24 20:28:10.528802
case_449,a,2025-02-24 20:33:10.528802
case_449,b,2025-02-24 20:38:10.528802
case_449,b,2025-02-24 20:43:10.528802
case_449,b,2025-02-24 20:48:10.528802
case_449,a,2025-02-24 20:53:10.528802
case_449,a,2025-02-24 20:58:10.528802
case_449,a,2025-02-24 21:03:10.528802
case_450,c,2025-02-24 19:28:10.528832
case_450,a,2025-02-24 19:33:10.528832
case_450,c,2025-02-24 19:38:10.528832
case_450,c,2025-02-24 19:43:10.528832
case_450,c,2025-02-24 19:48:10.528832
case_450,b,2025-02-24 19:53:10.528832
case_450,b,2025-02-24 19:58:10.528832
case_450,c,2025-02-24 20:03:10.528832
case_450,b,2025-02-24 20:08:10.528832
case_450,b,2025-02-24 20:13:10.528832
case_450,a,2025-02-24 20:18:10.528832
case_450,b,2025-02-24 20:23:10.528832
case_450,b,2025-02-24 20:28:10.528832
case_450,c,2025-02-24 20:33:10.528832
case_450,b,2025-02-24 20:38:10.528832
case_450,c,2025-02-24 20:43:10.528832
case_450,b,2025-02-24 20:48:10.528832
case_450,b,2025-02-24 20:53:10.528832
case_450,a,2025-02-24 20:58:10.528832
case_450,a,2025-02-24 21:03:10.528832
case_451,c,2025-02-24 19:28:10.528863
case_451,b,2025-02-24 19:33:10.528863
case_451,c,2025-02-24 19:38:10.528863
case_451,b,2025-02-24 19:43:10.528863
case_451,c,2025-02-24 19:48:10.528863
case_451,c,2025-02-24 19:53:10.528863
case_451,b,2025-02-24 19:58:10.528863
case_451,a,2025-02-24 20:03:10.528863
case_451,c,2025-02-24 20:08:10.528863
case_451,a,2025-02-24 20:13:10.528863
case_451,c,2025-02-24 20:18:10.528863
case_451,b,2025-02-24 20:23:10.528863
case_451,c,2025-02-24 20:28:10.528863
case_451,b,2025-02-24 20:33:10.528863
case_451,c,2025-02-24 20:38:10.528863
case_451,a,2025-02-24 20:43:10.528863
case_451,a,2025-02-24 20:48:10.528863
case_451,b,2025-02-24 20:53:10.528863
case_451,c,2025-02-24 20:58:10.528863
case_451,a,2025-02-24 21:03:10.528863
case_452,b,2025-02-24 19:28:10.528893
case_452,b,2025-02-24 19:33:10.528893
case_452,c,2025-02-24 19:38:10.528893
case_452,c,2025-02-24 19:43:10.528893
case_452,a,2025-02-24 19:48:10.528893
case_452,a,2025-02-24 19:53:10.528893
case_452,b,2025-02-24 19:58:10.528893
case_452,c,2025-02-24 20:03:10.528893
case_452,c,2025-02-24 20:08:10.528893
case_452,c,2025-02-24 20:13:10.528893
case_452,b,2025-02-24 20:18:10.528893
case_452,a,2025-02-24 20:23:10.528893
case_452,a,2025-02-24 20:28:10.528893
case_452,a,2025-02-24 20:33:10.528893
case_452,a,2025-02-24 20:38:10.528893
case_452,c,2025-02-24 20:43:10.528893
case_452,a,2025-02-24 20:48:10.528893
case_452,b,2025-02-24 20:53:10.528893
case_452,c,2025-02-24 20:58:10.528893
case_452,a,2025-02-24 21:03:10.528893
case_453,b,2025-02-24 19:28:10.528924
case_453,c,2025-02-24 19:33:10.528924
case_453,c,2025-02-24 19:38:10.528924
case_453,b,2025-02-24 19:43:10.528924
case_453,c,2025-02-24 19:48:10.528924
case_453,a,2025-02-24 19:53:10.528924
case_453,c,2025-02-24 19:58:10.528924
case_453,c,2025-02-24 20:03:10.528924
case_453,c,2025-02-24 20:08:10.528924
case_453,b,2025-02-24 20:13:10.528924
case_453,b,2025-02-24 20:18:10.528924
case_453,c,2025-02-24 20:23:10.528924
case_453,c,2025-02-24 20:28:10.528924
case_453,c,2025-02-24 20:33:10.528924
case_453,a,2025-02-24 20:38:10.528924
case_453,a,2025-02-24 20:43:10.528924
case_453,b,2025-02-24 20:48:10.528924
case_453,b,2025-02-24 20:53:10.528924
case_453,c,2025-02-24 20:58:10.528924
case_453,c,2025-02-24 21:03:10.528924
case_454,c,2025-02-24 19:28:10.528954
case_454,c,2025-02-24 19:33:10.528954
case_454,a,2025-02-24 19:38:10.528954
case_454,c,2025-02-24 19:43:10.528954
case_454,b,2025-02-24 19:48:10.528954
case_454,c,2025-02-24 19:53:10.528954
case_454,c,2025-02-24 19:58:10.528954
case_454,c,2025-02-24 20:03:10.528954
case_454,c,2025-02-24 20:08:10.528954
case_454,a,2025-02-24 20:13:10.528954
case_454,b,2025-02-24 20:18:10.528954
case_454,c,2025-02-24 20:23:10.528954
case_454,b,2025-02-24 20:28:10.528954
case_454,b,2025-02-24 20:33:10.528954
case_454,b,2025-02-24 20:38:10.528954
case_454,c,2025-02-24 20:43:10.528954
case_454,a,2025-02-24 20:48:10.528954
case_454,c,2025-02-24 20:53:10.528954
case_454,a,2025-02-24 20:58:10.528954
case_454,a,2025-02-24 21:03:10.528954
case_455,b,2025-02-24 19:28:10.528985
case_455,a,2025-02-24 19:33:10.528985
case_455,c,2025-02-24 19:38:10.528985
case_455,c,2025-02-24 19:43:10.528985
case_455,b,2025-02-24 19:48:10.528985
case_455,b,2025-02-24 19:53:10.528985
case_455,a,2025-02-24 19:58:10.528985
case_455,a,2025-02-24 20:03:10.528985
case_455,b,2025-02-24 20:08:10.528985
case_455,b,2025-02-24 20:13:10.528985
case_455,b,2025-02-24 20:18:10.528985
case_455,b,2025-02-24 20:23:10.528985
case_455,c,2025-02-24 20:28:10.528985
case_455,b,2025-02-24 20:33:10.528985
case_455,a,2025-02-24 20:38:10.528985
case_455,b,2025-02-24 20:43:10.528985
case_455,b,2025-02-24 20:48:10.528985
case_455,a,2025-02-24 20:53:10.528985
case_455,b,2025-02-24 20:58:10.528985
case_455,c,2025-02-24 21:03:10.528985
case_456,c,2025-02-24 19:28:10.529015
case_456,a,2025-02-24 19:33:10.529015
case_456,c,2025-02-24 19:38:10.529015
case_456,a,2025-02-24 19:43:10.529015
case_456,a,2025-02-24 19:48:10.529015
case_456,a,2025-02-24 19:53:10.529015
case_456,a,2025-02-24 19:58:10.529015
case_456,b,2025-02-24 20:03:10.529015
case_456,c,2025-02-24 20:08:10.529015
case_456,a,2025-02-24 20:13:10.529015
case_456,b,2025-02-24 20:18:10.529015
case_456,b,2025-02-24 20:23:10.529015
case_456,a,2025-02-24 20:28:10.529015
case_456,b,2025-02-24 20:33:10.529015
case_456,b,2025-02-24 20:38:10.529015
case_456,c,2025-02-24 20:43:10.529015
case_456,a,2025-02-24 20:48:10.529015
case_456,a,2025-02-24 20:53:10.529015
case_456,a,2025-02-24 20:58:10.529015
case_456,b,2025-02-24 21:03:10.529015
case_457,c,2025-02-24 19:28:10.529046
case_457,b,2025-02-24 19:33:10.529046
case_457,c,2025-02-24 19:38:10.529046
case_457,a,2025-02-24 19:43:10.529046
case_457,b,2025-02-24 19:48:10.529046
case_457,a,2025-02-24 19:53:10.529046
case_457,c,2025-02-24 19:58:10.529046
case_457,a,2025-02-24 20:03:10.529046
case_457,b,2025-02-24 20:08:10.529046
case_457,b,2025-02-24 20:13:10.529046
case_457,b,2025-02-24 20:18:10.529046
case_457,a,2025-02-24 20:23:10.529046
case_457,b,2025-02-24 20:28:10.529046
case_457,c,2025-02-24 20:33:10.529046
case_457,b,2025-02-24 20:38:10.529046
case_457,c,2025-02-24 20:43:10.529046
case_457,c,2025-02-24 20:48:10.529046
case_457,c,2025-02-24 20:53:10.529046
case_457,a,2025-02-24 20:58:10.529046
case_457,a,2025-02-24 21:03:10.529046
case_458,b,2025-02-24 19:28:10.529076
case_458,b,2025-02-24 19:33:10.529076
case_458,a,2025-02-24 19:38:10.529076
case_458,c,2025-02-24 19:43:10.529076
case_458,c,2025-02-24 19:48:10.529076
case_458,b,2025-02-24 19:53:10.529076
case_458,c,2025-02-24 19:58:10.529076
case_458,b,2025-02-24 20:03:10.529076
case_458,a,2025-02-24 20:08:10.529076
case_458,c,2025-02-24 20:13:10.529076
case_458,a,2025-02-24 20:18:10.529076
case_458,a,2025-02-24 20:23:10.529076
case_458,b,2025-02-24 20:28:10.529076
case_458,c,2025-02-24 20:33:10.529076
case_458,c,2025-02-24 20:38:10.529076
case_458,b,2025-02-24 20:43:10.529076
case_458,a,2025-02-24 20:48:10.529076
case_458,a,2025-02-24 20:53:10.529076
case_458,a,2025-02-24 20:58:10.529076
case_458,c,2025-02-24 21:03:10.529076
case_459,b,2025-02-24 19:28:10.529106
case_459,b,2025-02-24 19:33:10.529106
case_459,c,2025-02-24 19:38:10.529106
case_459,c,2025-02-24 19:43:10.529106
case_459,a,2025-02-24 19:48:10.529106
case_459,a,2025-02-24 19:53:10.529106
case_459,a,2025-02-24 19:58:10.529106
case_459,c,2025-02-24 20:03:10.529106
case_459,b,2025-02-24 20:08:10.529106
case_459,a,2025-02-24 20:13:10.529106
case_459,a,2025-02-24 20:18:10.529106
case_459,a,2025-02-24 20:23:10.529106
case_459,b,2025-02-24 20:28:10.529106
case_459,b,2025-02-24 20:33:10.529106
case_459,b,2025-02-24 20:38:10.529106
case_459,c,2025-02-24 20:43:10.529106
case_459,b,2025-02-24 20:48:10.529106
case_459,b,2025-02-24 20:53:10.529106
case_459,a,2025-02-24 20:58:10.529106
case_459,a,2025-02-24 21:03:10.529106
case_460,c,2025-02-24 19:28:10.529137
case_460,b,2025-02-24 19:33:10.529137
case_460,a,2025-02-24 19:38:10.529137
case_460,b,2025-02-24 19:43:10.529137
case_460,b,2025-02-24 19:48:10.529137
case_460,c,2025-02-24 19:53:10.529137
case_460,a,2025-02-24 19:58:10.529137
case_460,b,2025-02-24 20:03:10.529137
case_460,b,2025-02-24 20:08:10.529137
case_460,a,2025-02-24 20:13:10.529137
case_460,c,2025-02-24 20:18:10.529137
case_460,c,2025-02-24 20:23:10.529137
case_460,a,2025-02-24 20:28:10.529137
case_460,b,2025-02-24 20:33:10.529137
case_460,c,2025-02-24 20:38:10.529137
case_460,b,2025-02-24 20:43:10.529137
case_460,a,2025-02-24 20:48:10.529137
case_460,a,2025-02-24 20:53:10.529137
case_460,b,2025-02-24 20:58:10.529137
case_460,b,2025-02-24 21:03:10.529137
case_461,c,2025-02-24 19:28:10.529168
case_461,c,2025-02-24 19:33:10.529168
case_461,a,2025-02-24 19:38:10.529168
case_461,a,2025-02-24 19:43:10.529168
case_461,c,2025-02-24 19:48:10.529168
case_461,a,2025-02-24 19:53:10.529168
case_461,a,2025-02-24 19:58:10.529168
case_461,c,2025-02-24 20:03:10.529168
case_461,a,2025-02-24 20:08:10.529168
case_461,a,2025-02-24 20:13:10.529168
case_461,c,2025-02-24 20:18:10.529168
case_461,b,2025-02-24 20:23:10.529168
case_461,b,2025-02-24 20:28:10.529168
case_461,b,2025-02-24 20:33:10.529168
case_461,b,2025-02-24 20:38:10.529168
case_461,a,2025-02-24 20:43:10.529168
case_461,a,2025-02-24 20:48:10.529168
case_461,b,2025-02-24 20:53:10.529168
case_461,c,2025-02-24 20:58:10.529168
case_461,a,2025-02-24 21:03:10.529168
case_462,b,2025-02-24 19:28:10.529198
case_462,c,2025-02-24 19:33:10.529198
case_462,a,2025-02-24 19:38:10.529198
case_462,b,2025-02-24 19:43:10.529198
case_462,c,2025-02-24 19:48:10.529198
case_462,c,2025-02-24 19:53:10.529198
case_462,c,2025-02-24 19:58:10.529198
case_462,a,2025-02-24 20:03:10.529198
case_462,b,2025-02-24 20:08:10.529198
case_462,b,2025-02-24 20:13:10.529198
case_462,a,2025-02-24 20:18:10.529198
case_462,c,2025-02-24 20:23:10.529198
case_462,c,2025-02-24 20:28:10.529198
case_462,b,2025-02-24 20:33:10.529198
case_462,b,2025-02-24 20:38:10.529198
case_462,b,2025-02-24 20:43:10.529198
case_462,c,2025-02-24 20:48:10.529198
case_462,a,2025-02-24 20:53:10.529198
case_462,a,2025-02-24 20:58:10.529198
case_462,a,2025-02-24 21:03:10.529198
case_463,b,2025-02-24 19:28:10.529229
case_463,a,2025-02-24 19:33:10.529229
case_463,b,2025-02-24 19:38:10.529229
case_463,b,2025-02-24 19:43:10.529229
case_463,c,2025-02-24 19:48:10.529229
case_463,a,2025-02-24 19:53:10.529229
case_463,c,2025-02-24 19:58:10.529229
case_463,b,2025-02-24 20:03:10.529229
case_463,c,2025-02-24 20:08:10.529229
case_463,c,2025-02-24 20:13:10.529229
case_463,c,2025-02-24 20:18:10.529229
case_463,b,2025-02-24 20:23:10.529229
case_463,c,2025-02-24 20:28:10.529229
case_463,c,2025-02-24 20:33:10.529229
case_463,b,2025-02-24 20:38:10.529229
case_463,c,2025-02-24 20:43:10.529229
case_463,a,2025-02-24 20:48:10.529229
case_463,b,2025-02-24 20:53:10.529229
case_463,a,2025-02-24 20:58:10.529229
case_463,a,2025-02-24 21:03:10.529229
case_464,c,2025-02-24 19:28:10.529259
case_464,a,2025-02-24 19:33:10.529259
case_464,c,2025-02-24 19:38:10.529259
case_464,a,2025-02-24 19:43:10.529259
case_464,a,2025-02-24 19:48:10.529259
case_464,a,2025-02-24 19:53:10.529259
case_464,c,2025-02-24 19:58:10.529259
case_464,a,2025-02-24 20:03:10.529259
case_464,c,2025-02-24 20:08:10.529259
case_464,a,2025-02-24 20:13:10.529259
case_464,c,2025-02-24 20:18:10.529259
case_464,c,2025-02-24 20:23:10.529259
case_464,b,2025-02-24 20:28:10.529259
case_464,a,2025-02-24 20:33:10.529259
case_464,c,2025-02-24 20:38:10.529259
case_464,a,2025-02-24 20:43:10.529259
case_464,b,2025-02-24 20:48:10.529259
case_464,a,2025-02-24 20:53:10.529259
case_464,c,2025-02-24 20:58:10.529259
case_464,c,2025-02-24 21:03:10.529259
case_465,c,2025-02-24 19:28:10.529289
case_465,a,2025-02-24 19:33:10.529289
case_465,a,2025-02-24 19:38:10.529289
case_465,a,2025-02-24 19:43:10.529289
case_465,c,2025-02-24 19:48:10.529289
case_465,c,2025-02-24 19:53:10.529289
case_465,a,2025-02-24 19:58:10.529289
case_465,a,2025-02-24 20:03:10.529289
case_465,a,2025-02-24 20:08:10.529289
case_465,a,2025-02-24 20:13:10.529289
case_465,c,2025-02-24 20:18:10.529289
case_465,a,2025-02-24 20:23:10.529289
case_465,b,2025-02-24 20:28:10.529289
case_465,c,2025-02-24 20:33:10.529289
case_465,c,2025-02-24 20:38:10.529289
case_465,a,2025-02-24 20:43:10.529289
case_465,b,2025-02-24 20:48:10.529289
case_465,c,2025-02-24 20:53:10.529289
case_465,c,2025-02-24 20:58:10.529289
case_465,c,2025-02-24 21:03:10.529289
case_466,c,2025-02-24 19:28:10.529320
case_466,c,2025-02-24 19:33:10.529320
case_466,a,2025-02-24 19:38:10.529320
case_466,c,2025-02-24 19:43:10.529320
case_466,c,2025-02-24 19:48:10.529320
case_466,c,2025-02-24 19:53:10.529320
case_466,c,2025-02-24 19:58:10.529320
case_466,c,2025-02-24 20:03:10.529320
case_466,c,2025-02-24 20:08:10.529320
case_466,a,2025-02-24 20:13:10.529320
case_466,c,2025-02-24 20:18:10.529320
case_466,c,2025-02-24 20:23:10.529320
case_466,b,2025-02-24 20:28:10.529320
case_466,b,2025-02-24 20:33:10.529320
case_466,a,2025-02-24 20:38:10.529320
case_466,b,2025-02-24 20:43:10.529320
case_466,c,2025-02-24 20:48:10.529320
case_466,a,2025-02-24 20:53:10.529320
case_466,a,2025-02-24 20:58:10.529320
case_466,a,2025-02-24 21:03:10.529320
case_467,b,2025-02-24 19:28:10.529352
case_467,b,2025-02-24 19:33:10.529352
case_467,b,2025-02-24 19:38:10.529352
case_467,c,2025-02-24 19:43:10.529352
case_467,b,2025-02-24 19:48:10.529352
case_467,c,2025-02-24 19:53:10.529352
case_467,b,2025-02-24 19:58:10.529352
case_467,c,2025-02-24 20:03:10.529352
case_467,a,2025-02-24 20:08:10.529352
case_467,a,2025-02-24 20:13:10.529352
case_467,a,2025-02-24 20:18:10.529352
case_467,c,2025-02-24 20:23:10.529352
case_467,a,2025-02-24 20:28:10.529352
case_467,b,2025-02-24 20:33:10.529352
case_467,b,2025-02-24 20:38:10.529352
case_467,a,2025-02-24 20:43:10.529352
case_467,a,2025-02-24 20:48:10.529352
case_467,a,2025-02-24 20:53:10.529352
case_467,c,2025-02-24 20:58:10.529352
case_467,c,2025-02-24 21:03:10.529352
case_468,b,2025-02-24 19:28:10.529382
case_468,c,2025-02-24 19:33:10.529382
case_468,a,2025-02-24 19:38:10.529382
case_468,b,2025-02-24 19:43:10.529382
case_468,b,2025-02-24 19:48:10.529382
case_468,b,2025-02-24 19:53:10.529382
case_468,c,2025-02-24 19:58:10.529382
case_468,b,2025-02-24 20:03:10.529382
case_468,b,2025-02-24 20:08:10.529382
case_468,a,2025-02-24 20:13:10.529382
case_468,b,2025-02-24 20:18:10.529382
case_468,c,2025-02-24 20:23:10.529382
case_468,b,2025-02-24 20:28:10.529382
case_468,a,2025-02-24 20:33:10.529382
case_468,c,2025-02-24 20:38:10.529382
case_468,c,2025-02-24 20:43:10.529382
case_468,a,2025-02-24 20:48:10.529382
case_468,a,2025-02-24 20:53:10.529382
case_468,b,2025-02-24 20:58:10.529382
case_468,c,2025-02-24 21:03:10.529382
case_469,b,2025-02-24 19:28:10.529412
case_469,a,2025-02-24 19:33:10.529412
case_469,c,2025-02-24 19:38:10.529412
case_469,c,2025-02-24 19:43:10.529412
case_469,c,2025-02-24 19:48:10.529412
case_469,c,2025-02-24 19:53:10.529412
case_469,c,2025-02-24 19:58:10.529412
case_469,a,2025-02-24 20:03:10.529412
case_469,a,2025-02-24 20:08:10.529412
case_469,c,2025-02-24 20:13:10.529412
case_469,b,2025-02-24 20:18:10.529412
case_469,a,2025-02-24 20:23:10.529412
case_469,a,2025-02-24 20:28:10.529412
case_469,a,2025-02-24 20:33:10.529412
case_469,c,2025-02-24 20:38:10.529412
case_469,c,2025-02-24 20:43:10.529412
case_469,b,2025-02-24 20:48:10.529412
case_469,b,2025-02-24 20:53:10.529412
case_469,a,2025-02-24 20:58:10.529412
case_469,b,2025-02-24 21:03:10.529412
case_470,c,2025-02-24 19:28:10.529442
case_470,b,2025-02-24 19:33:10.529442
case_470,a,2025-02-24 19:38:10.529442
case_470,c,2025-02-24 19:43:10.529442
case_470,c,2025-02-24 19:48:10.529442
case_470,a,2025-02-24 19:53:10.529442
case_470,b,2025-02-24 19:58:10.529442
case_470,b,2025-02-24 20:03:10.529442
case_470,b,2025-02-24 20:08:10.529442
case_470,a,2025-02-24 20:13:10.529442
case_470,a,2025-02-24 20:18:10.529442
case_470,c,2025-02-24 20:23:10.529442
case_470,a,2025-02-24 20:28:10.529442
case_470,b,2025-02-24 20:33:10.529442
case_470,b,2025-02-24 20:38:10.529442
case_470,a,2025-02-24 20:43:10.529442
case_470,c,2025-02-24 20:48:10.529442
case_470,c,2025-02-24 20:53:10.529442
case_470,b,2025-02-24 20:58:10.529442
case_470,c,2025-02-24 21:03:10.529442
case_471,b,2025-02-24 19:28:10.529473
case_471,a,2025-02-24 19:33:10.529473
case_471,c,2025-02-24 19:38:10.529473
case_471,b,2025-02-24 19:43:10.529473
case_471,b,2025-02-24 19:48:10.529473
case_471,a,2025-02-24 19:53:10.529473
case_471,b,2025-02-24 19:58:10.529473
case_471,c,2025-02-24 20:03:10.529473
case_471,b,2025-02-24 20:08:10.529473
case_471,a,2025-02-24 20:13:10.529473
case_471,c,2025-02-24 20:18:10.529473
case_471,a,2025-02-24 20:23:10.529473
case_471,a,2025-02-24 20:28:10.529473
case_471,a,2025-02-24 20:33:10.529473
case_471,b,2025-02-24 20:38:10.529473
case_471,b,2025-02-24 20:43:10.529473
case_471,a,2025-02-24 20:48:10.529473
case_471,c,2025-02-24 20:53:10.529473
case_471,b,2025-02-24 20:58:10.529473
case_471,b,2025-02-24 21:03:10.529473
case_472,b,2025-02-24 19:28:10.529503
case_472,b,2025-02-24 19:33:10.529503
case_472,a,2025-02-24 19:38:10.529503
case_472,b,2025-02-24 19:43:10.529503
case_472,b,2025-02-24 19:48:10.529503
case_472,b,2025-02-24 19:53:10.529503
case_472,c,2025-02-24 19:58:10.529503
case_472,b,2025-02-24 20:03:10.529503
case_472,c,2025-02-24 20:08:10.529503
case_472,c,2025-02-24 20:13:10.529503
case_472,a,2025-02-24 20:18:10.529503
case_472,c,2025-02-24 20:23:10.529503
case_472,c,2025-02-24 20:28:10.529503
case_472,a,2025-02-24 20:33:10.529503
case_472,c,2025-02-24 20:38:10.529503
case_472,c,2025-02-24 20:43:10.529503
case_472,c,2025-02-24 20:48:10.529503
case_472,a,2025-02-24 20:53:10.529503
case_472,a,2025-02-24 20:58:10.529503
case_472,a,2025-02-24 21:03:10.529503
case_473,c,2025-02-24 19:28:10.529535
case_473,c,2025-02-24 19:33:10.529535
case_473,b,2025-02-24 19:38:10.529535
case_473,c,2025-02-24 19:43:10.529535
case_473,b,2025-02-24 19:48:10.529535
case_473,b,2025-02-24 19:53:10.529535
case_473,b,2025-02-24 19:58:10.529535
case_473,c,2025-02-24 20:03:10.529535
case_473,b,2025-02-24 20:08:10.529535
case_473,a,2025-02-24 20:13:10.529535
case_473,b,2025-02-24 20:18:10.529535
case_473,c,2025-02-24 20:23:10.529535
case_473,a,2025-02-24 20:28:10.529535
case_473,b,2025-02-24 20:33:10.529535
case_473,a,2025-02-24 20:38:10.529535
case_473,a,2025-02-24 20:43:10.529535
case_473,b,2025-02-24 20:48:10.529535
case_473,c,2025-02-24 20:53:10.529535
case_473,b,2025-02-24 20:58:10.529535
case_473,a,2025-02-24 21:03:10.529535
case_474,b,2025-02-24 19:28:10.529565
case_474,c,2025-02-24 19:33:10.529565
case_474,a,2025-02-24 19:38:10.529565
case_474,c,2025-02-24 19:43:10.529565
case_474,b,2025-02-24 19:48:10.529565
case_474,b,2025-02-24 19:53:10.529565
case_474,a,2025-02-24 19:58:10.529565
case_474,c,2025-02-24 20:03:10.529565
case_474,a,2025-02-24 20:08:10.529565
case_474,a,2025-02-24 20:13:10.529565
case_474,a,2025-02-24 20:18:10.529565
case_474,b,2025-02-24 20:23:10.529565
case_474,a,2025-02-24 20:28:10.529565
case_474,c,2025-02-24 20:33:10.529565
case_474,b,2025-02-24 20:38:10.529565
case_474,a,2025-02-24 20:43:10.529565
case_474,b,2025-02-24 20:48:10.529565
case_474,b,2025-02-24 20:53:10.529565
case_474,c,2025-02-24 20:58:10.529565
case_474,a,2025-02-24 21:03:10.529565
case_475,c,2025-02-24 19:28:10.529595
case_475,b,2025-02-24 19:33:10.529595
case_475,c,2025-02-24 19:38:10.529595
case_475,c,2025-02-24 19:43:10.529595
case_475,a,2025-02-24 19:48:10.529595
case_475,b,2025-02-24 19:53:10.529595
case_475,c,2025-02-24 19:58:10.529595
case_475,b,2025-02-24 20:03:10.529595
case_475,c,2025-02-24 20:08:10.529595
case_475,c,2025-02-24 20:13:10.529595
case_475,c,2025-02-24 20:18:10.529595
case_475,a,2025-02-24 20:23:10.529595
case_475,a,2025-02-24 20:28:10.529595
case_475,c,2025-02-24 20:33:10.529595
case_475,a,2025-02-24 20:38:10.529595
case_475,c,2025-02-24 20:43:10.529595
case_475,a,2025-02-24 20:48:10.529595
case_475,b,2025-02-24 20:53:10.529595
case_475,a,2025-02-24 20:58:10.529595
case_475,b,2025-02-24 21:03:10.529595
case_476,c,2025-02-24 19:28:10.529625
case_476,b,2025-02-24 19:33:10.529625
case_476,a,2025-02-24 19:38:10.529625
case_476,c,2025-02-24 19:43:10.529625
case_476,b,2025-02-24 19:48:10.529625
case_476,b,2025-02-24 19:53:10.529625
case_476,c,2025-02-24 19:58:10.529625
case_476,a,2025-02-24 20:03:10.529625
case_476,b,2025-02-24 20:08:10.529625
case_476,b,2025-02-24 20:13:10.529625
case_476,b,2025-02-24 20:18:10.529625
case_476,c,2025-02-24 20:23:10.529625
case_476,b,2025-02-24 20:28:10.529625
case_476,b,2025-02-24 20:33:10.529625
case_476,c,2025-02-24 20:38:10.529625
case_476,b,2025-02-24 20:43:10.529625
case_476,c,2025-02-24 20:48:10.529625
case_476,b,2025-02-24 20:53:10.529625
case_476,a,2025-02-24 20:58:10.529625
case_476,a,2025-02-24 21:03:10.529625
case_477,b,2025-02-24 19:28:10.529655
case_477,c,2025-02-24 19:33:10.529655
case_477,a,2025-02-24 19:38:10.529655
case_477,a,2025-02-24 19:43:10.529655
case_477,a,2025-02-24 19:48:10.529655
case_477,c,2025-02-24 19:53:10.529655
case_477,a,2025-02-24 19:58:10.529655
case_477,b,2025-02-24 20:03:10.529655
case_477,c,2025-02-24 20:08:10.529655
case_477,c,2025-02-24 20:13:10.529655
case_477,a,2025-02-24 20:18:10.529655
case_477,c,2025-02-24 20:23:10.529655
case_477,b,2025-02-24 20:28:10.529655
case_477,b,2025-02-24 20:33:10.529655
case_477,b,2025-02-24 20:38:10.529655
case_477,b,2025-02-24 20:43:10.529655
case_477,b,2025-02-24 20:48:10.529655
case_477,c,2025-02-24 20:53:10.529655
case_477,b,2025-02-24 20:58:10.529655
case_477,a,2025-02-24 21:03:10.529655
case_478,b,2025-02-24 19:28:10.529685
case_478,a,2025-02-24 19:33:10.529685
case_478,c,2025-02-24 19:38:10.529685
case_478,a,2025-02-24 19:43:10.529685
case_478,b,2025-02-24 19:48:10.529685
case_478,b,2025-02-24 19:53:10.529685
case_478,c,2025-02-24 19:58:10.529685
case_478,c,2025-02-24 20:03:10.529685
case_478,a,2025-02-24 20:08:10.529685
case_478,a,2025-02-24 20:13:10.529685
case_478,a,2025-02-24 20:18:10.529685
case_478,b,2025-02-24 20:23:10.529685
case_478,c,2025-02-24 20:28:10.529685
case_478,b,2025-02-24 20:33:10.529685
case_478,b,2025-02-24 20:38:10.529685
case_478,a,2025-02-24 20:43:10.529685
case_478,b,2025-02-24 20:48:10.529685
case_478,a,2025-02-24 20:53:10.529685
case_478,a,2025-02-24 20:58:10.529685
case_478,b,2025-02-24 21:03:10.529685
case_479,b,2025-02-24 19:28:10.529715
case_479,b,2025-02-24 19:33:10.529715
case_479,b,2025-02-24 19:38:10.529715
case_479,c,2025-02-24 19:43:10.529715
case_479,a,2025-02-24 19:48:10.529715
case_479,b,2025-02-24 19:53:10.529715
case_479,a,2025-02-24 19:58:10.529715
case_479,b,2025-02-24 20:03:10.529715
case_479,b,2025-02-24 20:08:10.529715
case_479,b,2025-02-24 20:13:10.529715
case_479,c,2025-02-24 20:18:10.529715
case_479,b,2025-02-24 20:23:10.529715
case_479,c,2025-02-24 20:28:10.529715
case_479,c,2025-02-24 20:33:10.529715
case_479,c,2025-02-24 20:38:10.529715
case_479,a,2025-02-24 20:43:10.529715
case_479,a,2025-02-24 20:48:10.529715
case_479,b,2025-02-24 20:53:10.529715
case_479,a,2025-02-24 20:58:10.529715
case_479,a,2025-02-24 21:03:10.529715
case_480,c,2025-02-24 19:28:10.529745
case_480,b,2025-02-24 19:33:10.529745
case_480,a,2025-02-24 19:38:10.529745
case_480,a,2025-02-24 19:43:10.529745
case_480,c,2025-02-24 19:48:10.529745
case_480,c,2025-02-24 19:53:10.529745
case_480,b,2025-02-24 19:58:10.529745
case_480,b,2025-02-24 20:03:10.529745
case_480,b,2025-02-24 20:08:10.529745
case_480,c,2025-02-24 20:13:10.529745
case_480,b,2025-02-24 20:18:10.529745
case_480,b,2025-02-24 20:23:10.529745
case_480,a,2025-02-24 20:28:10.529745
case_480,c,2025-02-24 20:33:10.529745
case_480,b,2025-02-24 20:38:10.529745
case_480,b,2025-02-24 20:43:10.529745
case_480,a,2025-02-24 20:48:10.529745
case_480,c,2025-02-24 20:53:10.529745
case_480,a,2025-02-24 20:58:10.529745
case_480,b,2025-02-24 21:03:10.529745
case_481,b,2025-02-24 19:28:10.529776
case_481,a,2025-02-24 19:33:10.529776
case_481,b,2025-02-24 19:38:10.529776
case_481,b,2025-02-24 19:43:10.529776
case_481,c,2025-02-24 19:48:10.529776
case_481,c,2025-02-24 19:53:10.529776
case_481,a,2025-02-24 19:58:10.529776
case_481,c,2025-02-24 20:03:10.529776
case_481,c,2025-02-24 20:08:10.529776
case_481,b,2025-02-24 20:13:10.529776
case_481,b,2025-02-24 20:18:10.529776
case_481,a,2025-02-24 20:23:10.529776
case_481,c,2025-02-24 20:28:10.529776
case_481,a,2025-02-24 20:33:10.529776
case_481,b,2025-02-24 20:38:10.529776
case_481,c,2025-02-24 20:43:10.529776
case_481,a,2025-02-24 20:48:10.529776
case_481,c,2025-02-24 20:53:10.529776
case_481,a,2025-02-24 20:58:10.529776
case_481,a,2025-02-24 21:03:10.529776
case_482,c,2025-02-24 19:28:10.529806
case_482,c,2025-02-24 19:33:10.529806
case_482,b,2025-02-24 19:38:10.529806
case_482,a,2025-02-24 19:43:10.529806
case_482,c,2025-02-24 19:48:10.529806
case_482,a,2025-02-24 19:53:10.529806
case_482,a,2025-02-24 19:58:10.529806
case_482,c,2025-02-24 20:03:10.529806
case_482,a,2025-02-24 20:08:10.529806
case_482,c,2025-02-24 20:13:10.529806
case_482,a,2025-02-24 20:18:10.529806
case_482,a,2025-02-24 20:23:10.529806
case_482,c,2025-02-24 20:28:10.529806
case_482,b,2025-02-24 20:33:10.529806
case_482,a,2025-02-24 20:38:10.529806
case_482,c,2025-02-24 20:43:10.529806
case_482,b,2025-02-24 20:48:10.529806
case_482,c,2025-02-24 20:53:10.529806
case_482,b,2025-02-24 20:58:10.529806
case_482,c,2025-02-24 21:03:10.529806
case_483,c,2025-02-24 19:28:10.529836
case_483,b,2025-02-24 19:33:10.529836
case_483,a,2025-02-24 19:38:10.529836
case_483,a,2025-02-24 19:43:10.529836
case_483,b,2025-02-24 19:48:10.529836
case_483,a,2025-02-24 19:53:10.529836
case_483,a,2025-02-24 19:58:10.529836
case_483,c,2025-02-24 20:03:10.529836
case_483,b,2025-02-24 20:08:10.529836
case_483,a,2025-02-24 20:13:10.529836
case_483,a,2025-02-24 20:18:10.529836
case_483,a,2025-02-24 20:23:10.529836
case_483,c,2025-02-24 20:28:10.529836
case_483,a,2025-02-24 20:33:10.529836
case_483,a,2025-02-24 20:38:10.529836
case_483,b,2025-02-24 20:43:10.529836
case_483,b,2025-02-24 20:48:10.529836
case_483,a,2025-02-24 20:53:10.529836
case_483,a,2025-02-24 20:58:10.529836
case_483,a,2025-02-24 21:03:10.529836
case_484,b,2025-02-24 19:28:10.529866
case_484,c,2025-02-24 19:33:10.529866
case_484,c,2025-02-24 19:38:10.529866
case_484,c,2025-02-24 19:43:10.529866
case_484,c,2025-02-24 19:48:10.529866
case_484,a,2025-02-24 19:53:10.529866
case_484,a,2025-02-24 19:58:10.529866
case_484,b,2025-02-24 20:03:10.529866
case_484,b,2025-02-24 20:08:10.529866
case_484,a,2025-02-24 20:13:10.529866
case_484,c,2025-02-24 20:18:10.529866
case_484,a,2025-02-24 20:23:10.529866
case_484,c,2025-02-24 20:28:10.529866
case_484,a,2025-02-24 20:33:10.529866
case_484,a,2025-02-24 20:38:10.529866
case_484,a,2025-02-24 20:43:10.529866
case_484,b,2025-02-24 20:48:10.529866
case_484,b,2025-02-24 20:53:10.529866
case_484,c,2025-02-24 20:58:10.529866
case_484,c,2025-02-24 21:03:10.529866
case_485,c,2025-02-24 19:28:10.529897
case_485,a,2025-02-24 19:33:10.529897
case_485,a,2025-02-24 19:38:10.529897
case_485,b,2025-02-24 19:43:10.529897
case_485,a,2025-02-24 19:48:10.529897
case_485,a,2025-02-24 19:53:10.529897
case_485,b,2025-02-24 19:58:10.529897
case_485,a,2025-02-24 20:03:10.529897
case_485,b,2025-02-24 20:08:10.529897
case_485,b,2025-02-24 20:13:10.529897
case_485,a,2025-02-24 20:18:10.529897
case_485,c,2025-02-24 20:23:10.529897
case_485,a,2025-02-24 20:28:10.529897
case_485,a,2025-02-24 20:33:10.529897
case_485,b,2025-02-24 20:38:10.529897
case_485,c,2025-02-24 20:43:10.529897
case_485,c,2025-02-24 20:48:10.529897
case_485,a,2025-02-24 20:53:10.529897
case_485,a,2025-02-24 20:58:10.529897
case_485,c,2025-02-24 21:03:10.529897
case_486,b,2025-02-24 19:28:10.529928
case_486,c,2025-02-24 19:33:10.529928
case_486,c,2025-02-24 19:38:10.529928
case_486,b,2025-02-24 19:43:10.529928
case_486,b,2025-02-24 19:48:10.529928
case_486,b,2025-02-24 19:53:10.529928
case_486,a,2025-02-24 19:58:10.529928
case_486,b,2025-02-24 20:03:10.529928
case_486,b,2025-02-24 20:08:10.529928
case_486,a,2025-02-24 20:13:10.529928
case_486,c,2025-02-24 20:18:10.529928
case_486,b,2025-02-24 20:23:10.529928
case_486,a,2025-02-24 20:28:10.529928
case_486,a,2025-02-24 20:33:10.529928
case_486,c,2025-02-24 20:38:10.529928
case_486,a,2025-02-24 20:43:10.529928
case_486,c,2025-02-24 20:48:10.529928
case_486,b,2025-02-24 20:53:10.529928
case_486,b,2025-02-24 20:58:10.529928
case_486,b,2025-02-24 21:03:10.529928
case_487,c,2025-02-24 19:28:10.529958
case_487,b,2025-02-24 19:33:10.529958
case_487,c,2025-02-24 19:38:10.529958
case_487,a,2025-02-24 19:43:10.529958
case_487,c,2025-02-24 19:48:10.529958
case_487,b,2025-02-24 19:53:10.529958
case_487,a,2025-02-24 19:58:10.529958
case_487,b,2025-02-24 20:03:10.529958
case_487,a,2025-02-24 20:08:10.529958
case_487,c,2025-02-24 20:13:10.529958
case_487,b,2025-02-24 20:18:10.529958
case_487,c,2025-02-24 20:23:10.529958
case_487,b,2025-02-24 20:28:10.529958
case_487,a,2025-02-24 20:33:10.529958
case_487,b,2025-02-24 20:38:10.529958
case_487,b,2025-02-24 20:43:10.529958
case_487,a,2025-02-24 20:48:10.529958
case_487,c,2025-02-24 20:53:10.529958
case_487,a,2025-02-24 20:58:10.529958
case_487,a,2025-02-24 21:03:10.529958
case_488,c,2025-02-24 19:28:10.529989
case_488,c,2025-02-24 19:33:10.529989
case_488,c,2025-02-24 19:38:10.529989
case_488,a,2025-02-24 19:43:10.529989
case_488,a,2025-02-24 19:48:10.529989
case_488,a,2025-02-24 19:53:10.529989
case_488,b,2025-02-24 19:58:10.529989
case_488,b,2025-02-24 20:03:10.529989
case_488,c,2025-02-24 20:08:10.529989
case_488,c,2025-02-24 20:13:10.529989
case_488,a,2025-02-24 20:18:10.529989
case_488,b,2025-02-24 20:23:10.529989
case_488,b,2025-02-24 20:28:10.529989
case_488,b,2025-02-24 20:33:10.529989
case_488,b,2025-02-24 20:38:10.529989
case_488,a,2025-02-24 20:43:10.529989
case_488,a,2025-02-24 20:48:10.529989
case_488,b,2025-02-24 20:53:10.529989
case_488,a,2025-02-24 20:58:10.529989
case_488,b,2025-02-24 21:03:10.529989
case_489,c,2025-02-24 19:28:10.530019
case_489,b,2025-02-24 19:33:10.530019
case_489,c,2025-02-24 19:38:10.530019
case_489,c,2025-02-24 19:43:10.530019
case_489,b,2025-02-24 19:48:10.530019
case_489,c,2025-02-24 19:53:10.530019
case_489,b,2025-02-24 19:58:10.530019
case_489,b,2025-02-24 20:03:10.530019
case_489,c,2025-02-24 20:08:10.530019
case_489,a,2025-02-24 20:13:10.530019
case_489,b,2025-02-24 20:18:10.530019
case_489,c,2025-02-24 20:23:10.530019
case_489,b,2025-02-24 20:28:10.530019
case_489,a,2025-02-24 20:33:10.530019
case_489,a,2025-02-24 20:38:10.530019
case_489,b,2025-02-24 20:43:10.530019
case_489,a,2025-02-24 20:48:10.530019
case_489,a,2025-02-24 20:53:10.530019
case_489,a,2025-02-24 20:58:10.530019
case_489,a,2025-02-24 21:03:10.530019
case_490,b,2025-02-24 19:28:10.530050
case_490,a,2025-02-24 19:33:10.530050
case_490,c,2025-02-24 19:38:10.530050
case_490,b,2025-02-24 19:43:10.530050
case_490,c,2025-02-24 19:48:10.530050
case_490,a,2025-02-24 19:53:10.530050
case_490,c,2025-02-24 19:58:10.530050
case_490,a,2025-02-24 20:03:10.530050
case_490,b,2025-02-24 20:08:10.530050
case_490,b,2025-02-24 20:13:10.530050
case_490,a,2025-02-24 20:18:10.530050
case_490,b,2025-02-24 20:23:10.530050
case_490,b,2025-02-24 20:28:10.530050
case_490,c,2025-02-24 20:33:10.530050
case_490,b,2025-02-24 20:38:10.530050
case_490,b,2025-02-24 20:43:10.530050
case_490,b,2025-02-24 20:48:10.530050
case_490,c,2025-02-24 20:53:10.530050
case_490,a,2025-02-24 20:58:10.530050
case_490,a,2025-02-24 21:03:10.530050
case_491,c,2025-02-24 19:28:10.530080
case_491,c,2025-02-24 19:33:10.530080
case_491,c,2025-02-24 19:38:10.530080
case_491,a,2025-02-24 19:43:10.530080
case_491,c,2025-02-24 19:48:10.530080
case_491,b,2025-02-24 19:53:10.530080
case_491,a,2025-02-24 19:58:10.530080
case_491,c,2025-02-24 20:03:10.530080
case_491,b,2025-02-24 20:08:10.530080
case_491,a,2025-02-24 20:13:10.530080
case_491,a,2025-02-24 20:18:10.530080
case_491,a,2025-02-24 20:23:10.530080
case_491,b,2025-02-24 20:28:10.530080
case_491,a,2025-02-24 20:33:10.530080
case_491,c,2025-02-24 20:38:10.530080
case_491,a,2025-02-24 20:43:10.530080
case_491,c,2025-02-24 20:48:10.530080
case_491,a,2025-02-24 20:53:10.530080
case_491,a,2025-02-24 20:58:10.530080
case_491,c,2025-02-24 21:03:10.530080
case_492,c,2025-02-24 19:28:10.530110
case_492,c,2025-02-24 19:33:10.530110
case_492,c,2025-02-24 19:38:10.530110
case_492,a,2025-02-24 19:43:10.530110
case_492,a,2025-02-24 19:48:10.530110
case_492,b,2025-02-24 19:53:10.530110
case_492,a,2025-02-24 19:58:10.530110
case_492,a,2025-02-24 20:03:10.530110
case_492,b,2025-02-24 20:08:10.530110
case_492,c,2025-02-24 20:13:10.530110
case_492,b,2025-02-24 20:18:10.530110
case_492,b,2025-02-24 20:23:10.530110
case_492,a,2025-02-24 20:28:10.530110
case_492,a,2025-02-24 20:33:10.530110
case_492,a,2025-02-24 20:38:10.530110
case_492,a,2025-02-24 20:43:10.530110
case_492,a,2025-02-24 20:48:10.530110
case_492,c,2025-02-24 20:53:10.530110
case_492,c,2025-02-24 20:58:10.530110
case_492,b,2025-02-24 21:03:10.530110
case_493,b,2025-02-24 19:28:10.530141
case_493,b,2025-02-24 19:33:10.530141
case_493,a,2025-02-24 19:38:10.530141
case_493,c,2025-02-24 19:43:10.530141
case_493,a,2025-02-24 19:48:10.530141
case_493,a,2025-02-24 19:53:10.530141
case_493,a,2025-02-24 19:58:10.530141
case_493,b,2025-02-24 20:03:10.530141
case_493,a,2025-02-24 20:08:10.530141
case_493,c,2025-02-24 20:13:10.530141
case_493,b,2025-02-24 20:18:10.530141
case_493,b,2025-02-24 20:23:10.530141
case_493,b,2025-02-24 20:28:10.530141
case_493,a,2025-02-24 20:33:10.530141
case_493,c,2025-02-24 20:38:10.530141
case_493,a,2025-02-24 20:43:10.530141
case_493,a,2025-02-24 20:48:10.530141
case_493,b,2025-02-24 20:53:10.530141
case_493,a,2025-02-24 20:58:10.530141
case_493,a,2025-02-24 21:03:10.530141
case_494,c,2025-02-24 19:28:10.530171
case_494,b,2025-02-24 19:33:10.530171
case_494,a,2025-02-24 19:38:10.530171
case_494,c,2025-02-24 19:43:10.530171
case_494,a,2025-02-24 19:48:10.530171
case_494,b,2025-02-24 19:53:10.530171
case_494,b,2025-02-24 19:58:10.530171
case_494,a,2025-02-24 20:03:10.530171
case_494,b,2025-02-24 20:08:10.530171
case_494,b,2025-02-24 20:13:10.530171
case_494,a,2025-02-24 20:18:10.530171
case_494,b,2025-02-24 20:23:10.530171
case_494,a,2025-02-24 20:28:10.530171
case_494,b,2025-02-24 20:33:10.530171
case_494,c,2025-02-24 20:38:10.530171
case_494,c,2025-02-24 20:43:10.530171
case_494,b,2025-02-24 20:48:10.530171
case_494,c,2025-02-24 20:53:10.530171
case_494,a,2025-02-24 20:58:10.530171
case_494,a,2025-02-24 21:03:10.530171
case_495,b,2025-02-24 19:28:10.530201
case_495,c,2025-02-24 19:33:10.530201
case_495,b,2025-02-24 19:38:10.530201
case_495,c,2025-02-24 19:43:10.530201
case_495,a,2025-02-24 19:48:10.530201
case_495,b,2025-02-24 19:53:10.530201
case_495,b,2025-02-24 19:58:10.530201
case_495,c,2025-02-24 20:03:10.530201
case_495,a,2025-02-24 20:08:10.530201
case_495,a,2025-02-24 20:13:10.530201
case_495,c,2025-02-24 20:18:10.530201
case_495,c,2025-02-24 20:23:10.530201
case_495,b,2025-02-24 20:28:10.530201
case_495,c,2025-02-24 20:33:10.530201
case_495,a,2025-02-24 20:38:10.530201
case_495,b,2025-02-24 20:43:10.530201
case_495,b,2025-02-24 20:48:10.530201
case_495,c,2025-02-24 20:53:10.530201
case_495,a,2025-02-24 20:58:10.530201
case_495,b,2025-02-24 21:03:10.530201
case_496,b,2025-02-24 19:28:10.530231
case_496,c,2025-02-24 19:33:10.530231
case_496,a,2025-02-24 19:38:10.530231
case_496,a,2025-02-24 19:43:10.530231
case_496,b,2025-02-24 19:48:10.530231
case_496,c,2025-02-24 19:53:10.530231
case_496,c,2025-02-24 19:58:10.530231
case_496,a,2025-02-24 20:03:10.530231
case_496,c,2025-02-24 20:08:10.530231
case_496,a,2025-02-24 20:13:10.530231
case_496,a,2025-02-24 20:18:10.530231
case_496,a,2025-02-24 20:23:10.530231
case_496,b,2025-02-24 20:28:10.530231
case_496,b,2025-02-24 20:33:10.530231
case_496,b,2025-02-24 20:38:10.530231
case_496,c,2025-02-24 20:43:10.530231
case_496,b,2025-02-24 20:48:10.530231
case_496,a,2025-02-24 20:53:10.530231
case_496,c,2025-02-24 20:58:10.530231
case_496,b,2025-02-24 21:03:10.530231
case_497,c,2025-02-24 19:28:10.530262
case_497,a,2025-02-24 19:33:10.530262
case_497,b,2025-02-24 19:38:10.530262
case_497,a,2025-02-24 19:43:10.530262
case_497,c,2025-02-24 19:48:10.530262
case_497,c,2025-02-24 19:53:10.530262
case_497,c,2025-02-24 19:58:10.530262
case_497,b,2025-02-24 20:03:10.530262
case_497,a,2025-02-24 20:08:10.530262
case_497,b,2025-02-24 20:13:10.530262
case_497,b,2025-02-24 20:18:10.530262
case_497,b,2025-02-24 20:23:10.530262
case_497,c,2025-02-24 20:28:10.530262
case_497,b,2025-02-24 20:33:10.530262
case_497,b,2025-02-24 20:38:10.530262
case_497,a,2025-02-24 20:43:10.530262
case_497,b,2025-02-24 20:48:10.530262
case_497,c,2025-02-24 20:53:10.530262
case_497,a,2025-02-24 20:58:10.530262
case_497,a,2025-02-24 21:03:10.530262
case_498,b,2025-02-24 19:28:10.530292
case_498,b,2025-02-24 19:33:10.530292
case_498,b,2025-02-24 19:38:10.530292
case_498,c,2025-02-24 19:43:10.530292
case_498,b,2025-02-24 19:48:10.530292
case_498,a,2025-02-24 19:53:10.530292
case_498,c,2025-02-24 19:58:10.530292
case_498,a,2025-02-24 20:03:10.530292
case_498,a,2025-02-24 20:08:10.530292
case_498,b,2025-02-24 20:13:10.530292
case_498,a,2025-02-24 20:18:10.530292
case_498,b,2025-02-24 20:23:10.530292
case_498,b,2025-02-24 20:28:10.530292
case_498,c,2025-02-24 20:33:10.530292
case_498,b,2025-02-24 20:38:10.530292
case_498,c,2025-02-24 20:43:10.530292
case_498,a,2025-02-24 20:48:10.530292
case_498,b,2025-02-24 20:53:10.530292
case_498,a,2025-02-24 20:58:10.530292
case_498,a,2025-02-24 21:03:10.530292
case_499,c,2025-02-24 19:28:10.530324
case_499,c,2025-02-24 19:33:10.530324
case_499,a,2025-02-24 19:38:10.530324
case_499,b,2025-02-24 19:43:10.530324
case_499,b,2025-02-24 19:48:10.530324
case_499,a,2025-02-24 19:53:10.530324
case_499,c,2025-02-24 19:58:10.530324
case_499,b,2025-02-24 20:03:10.530324
case_499,c,2025-02-24 20:08:10.530324
case_499,b,2025-02-24 20:13:10.530324
case_499,c,2025-02-24 20:18:10.530324
case_499,c,2025-02-24 20:23:10.530324
case_499,c,2025-02-24 20:28:10.530324
case_499,a,2025-02-24 20:33:10.530324
case_499,a,2025-02-24 20:38:10.530324
case_499,c,2025-02-24 20:43:10.530324
case_499,c,2025-02-24 20:48:10.530324
case_499,b,2025-02-24 20:53:10.530324
case_499,c,2025-02-24 20:58:10.530324
case_499,c,2025-02-24 21:03:10.530324
case_500,b,2025-02-24 19:28:10.530355
case_500,b,2025-02-24 19:33:10.530355
case_500,c,2025-02-24 19:38:10.530355
case_500,a,2025-02-24 19:43:10.530355
case_500,b,2025-02-24 19:48:10.530355
case_500,c,2025-02-24 19:53:10.530355
case_500,a,2025-02-24 19:58:10.530355
case_500,a,2025-02-24 20:03:10.530355
case_500,c,2025-02-24 20:08:10.530355
case_500,c,2025-02-24 20:13:10.530355
case_500,c,2025-02-24 20:18:10.530355
case_500,b,2025-02-24 20:23:10.530355
case_500,c,2025-02-24 20:28:10.530355
case_500,b,2025-02-24 20:33:10.530355
case_500,c,2025-02-24 20:38:10.530355
case_500,a,2025-02-24 20:43:10.530355
case_500,a,2025-02-24 20:48:10.530355
case_500,c,2025-02-24 20:53:10.530355
case_500,c,2025-02-24 20:58:10.530355
case_500,a,2025-02-24 21:03:10.530355
case_501,c,2025-02-24 19:28:10.530385
case_501,a,2025-02-24 19:33:10.530385
case_501,c,2025-02-24 19:38:10.530385
case_501,a,2025-02-24 19:43:10.530385
case_501,a,2025-02-24 19:48:10.530385
case_501,a,2025-02-24 19:53:10.530385
case_501,c,2025-02-24 19:58:10.530385
case_501,b,2025-02-24 20:03:10.530385
case_501,c,2025-02-24 20:08:10.530385
case_501,b,2025-02-24 20:13:10.530385
case_501,c,2025-02-24 20:18:10.530385
case_501,c,2025-02-24 20:23:10.530385
case_501,a,2025-02-24 20:28:10.530385
case_501,b,2025-02-24 20:33:10.530385
case_501,a,2025-02-24 20:38:10.530385
case_501,b,2025-02-24 20:43:10.530385
case_501,a,2025-02-24 20:48:10.530385
case_501,b,2025-02-24 20:53:10.530385
case_501,b,2025-02-24 20:58:10.530385
case_501,c,2025-02-24 21:03:10.530385
case_502,b,2025-02-24 19:28:10.530416
case_502,c,2025-02-24 19:33:10.530416
case_502,a,2025-02-24 19:38:10.530416
case_502,b,2025-02-24 19:43:10.530416
case_502,a,2025-02-24 19:48:10.530416
case_502,a,2025-02-24 19:53:10.530416
case_502,b,2025-02-24 19:58:10.530416
case_502,b,2025-02-24 20:03:10.530416
case_502,b,2025-02-24 20:08:10.530416
case_502,c,2025-02-24 20:13:10.530416
case_502,a,2025-02-24 20:18:10.530416
case_502,a,2025-02-24 20:23:10.530416
case_502,b,2025-02-24 20:28:10.530416
case_502,a,2025-02-24 20:33:10.530416
case_502,a,2025-02-24 20:38:10.530416
case_502,a,2025-02-24 20:43:10.530416
case_502,b,2025-02-24 20:48:10.530416
case_502,b,2025-02-24 20:53:10.530416
case_502,b,2025-02-24 20:58:10.530416
case_502,c,2025-02-24 21:03:10.530416
case_503,c,2025-02-24 19:28:10.530446
case_503,c,2025-02-24 19:33:10.530446
case_503,a,2025-02-24 19:38:10.530446
case_503,b,2025-02-24 19:43:10.530446
case_503,c,2025-02-24 19:48:10.530446
case_503,c,2025-02-24 19:53:10.530446
case_503,c,2025-02-24 19:58:10.530446
case_503,b,2025-02-24 20:03:10.530446
case_503,c,2025-02-24 20:08:10.530446
case_503,b,2025-02-24 20:13:10.530446
case_503,a,2025-02-24 20:18:10.530446
case_503,b,2025-02-24 20:23:10.530446
case_503,b,2025-02-24 20:28:10.530446
case_503,c,2025-02-24 20:33:10.530446
case_503,b,2025-02-24 20:38:10.530446
case_503,b,2025-02-24 20:43:10.530446
case_503,a,2025-02-24 20:48:10.530446
case_503,a,2025-02-24 20:53:10.530446
case_503,b,2025-02-24 20:58:10.530446
case_503,a,2025-02-24 21:03:10.530446
case_504,c,2025-02-24 19:28:10.530477
case_504,a,2025-02-24 19:33:10.530477
case_504,a,2025-02-24 19:38:10.530477
case_504,c,2025-02-24 19:43:10.530477
case_504,b,2025-02-24 19:48:10.530477
case_504,b,2025-02-24 19:53:10.530477
case_504,b,2025-02-24 19:58:10.530477
case_504,b,2025-02-24 20:03:10.530477
case_504,c,2025-02-24 20:08:10.530477
case_504,c,2025-02-24 20:13:10.530477
case_504,c,2025-02-24 20:18:10.530477
case_504,c,2025-02-24 20:23:10.530477
case_504,b,2025-02-24 20:28:10.530477
case_504,b,2025-02-24 20:33:10.530477
case_504,c,2025-02-24 20:38:10.530477
case_504,c,2025-02-24 20:43:10.530477
case_504,a,2025-02-24 20:48:10.530477
case_504,b,2025-02-24 20:53:10.530477
case_504,a,2025-02-24 20:58:10.530477
case_504,b,2025-02-24 21:03:10.530477
case_505,b,2025-02-24 19:28:10.530507
case_505,b,2025-02-24 19:33:10.530507
case_505,c,2025-02-24 19:38:10.530507
case_505,b,2025-02-24 19:43:10.530507
case_505,a,2025-02-24 19:48:10.530507
case_505,a,2025-02-24 19:53:10.530507
case_505,c,2025-02-24 19:58:10.530507
case_505,b,2025-02-24 20:03:10.530507
case_505,c,2025-02-24 20:08:10.530507
case_505,c,2025-02-24 20:13:10.530507
case_505,b,2025-02-24 20:18:10.530507
case_505,c,2025-02-24 20:23:10.530507
case_505,c,2025-02-24 20:28:10.530507
case_505,c,2025-02-24 20:33:10.530507
case_505,b,2025-02-24 20:38:10.530507
case_505,c,2025-02-24 20:43:10.530507
case_505,b,2025-02-24 20:48:10.530507
case_505,c,2025-02-24 20:53:10.530507
case_505,c,2025-02-24 20:58:10.530507
case_505,c,2025-02-24 21:03:10.530507
case_506,c,2025-02-24 19:28:10.530537
case_506,c,2025-02-24 19:33:10.530537
case_506,a,2025-02-24 19:38:10.530537
case_506,a,2025-02-24 19:43:10.530537
case_506,a,2025-02-24 19:48:10.530537
case_506,b,2025-02-24 19:53:10.530537
case_506,b,2025-02-24 19:58:10.530537
case_506,a,2025-02-24 20:03:10.530537
case_506,a,2025-02-24 20:08:10.530537
case_506,b,2025-02-24 20:13:10.530537
case_506,a,2025-02-24 20:18:10.530537
case_506,c,2025-02-24 20:23:10.530537
case_506,a,2025-02-24 20:28:10.530537
case_506,b,2025-02-24 20:33:10.530537
case_506,b,2025-02-24 20:38:10.530537
case_506,b,2025-02-24 20:43:10.530537
case_506,b,2025-02-24 20:48:10.530537
case_506,c,2025-02-24 20:53:10.530537
case_506,c,2025-02-24 20:58:10.530537
case_506,a,2025-02-24 21:03:10.530537
case_507,b,2025-02-24 19:28:10.530568
case_507,a,2025-02-24 19:33:10.530568
case_507,b,2025-02-24 19:38:10.530568
case_507,c,2025-02-24 19:43:10.530568
case_507,b,2025-02-24 19:48:10.530568
case_507,b,2025-02-24 19:53:10.530568
case_507,c,2025-02-24 19:58:10.530568
case_507,b,2025-02-24 20:03:10.530568
case_507,a,2025-02-24 20:08:10.530568
case_507,c,2025-02-24 20:13:10.530568
case_507,c,2025-02-24 20:18:10.530568
case_507,a,2025-02-24 20:23:10.530568
case_507,a,2025-02-24 20:28:10.530568
case_507,a,2025-02-24 20:33:10.530568
case_507,a,2025-02-24 20:38:10.530568
case_507,b,2025-02-24 20:43:10.530568
case_507,c,2025-02-24 20:48:10.530568
case_507,c,2025-02-24 20:53:10.530568
case_507,c,2025-02-24 20:58:10.530568
case_507,a,2025-02-24 21:03:10.530568
case_508,b,2025-02-24 19:28:10.530598
case_508,a,2025-02-24 19:33:10.530598
case_508,b,2025-02-24 19:38:10.530598
case_508,a,2025-02-24 19:43:10.530598
case_508,b,2025-02-24 19:48:10.530598
case_508,b,2025-02-24 19:53:10.530598
case_508,a,2025-02-24 19:58:10.530598
case_508,c,2025-02-24 20:03:10.530598
case_508,b,2025-02-24 20:08:10.530598
case_508,a,2025-02-24 20:13:10.530598
case_508,b,2025-02-24 20:18:10.530598
case_508,a,2025-02-24 20:23:10.530598
case_508,a,2025-02-24 20:28:10.530598
case_508,b,2025-02-24 20:33:10.530598
case_508,a,2025-02-24 20:38:10.530598
case_508,b,2025-02-24 20:43:10.530598
case_508,a,2025-02-24 20:48:10.530598
case_508,a,2025-02-24 20:53:10.530598
case_508,b,2025-02-24 20:58:10.530598
case_508,a,2025-02-24 21:03:10.530598
case_509,b,2025-02-24 19:28:10.530628
case_509,c,2025-02-24 19:33:10.530628
case_509,b,2025-02-24 19:38:10.530628
case_509,c,2025-02-24 19:43:10.530628
case_509,a,2025-02-24 19:48:10.530628
case_509,c,2025-02-24 19:53:10.530628
case_509,a,2025-02-24 19:58:10.530628
case_509,b,2025-02-24 20:03:10.530628
case_509,c,2025-02-24 20:08:10.530628
case_509,b,2025-02-24 20:13:10.530628
case_509,c,2025-02-24 20:18:10.530628
case_509,b,2025-02-24 20:23:10.530628
case_509,c,2025-02-24 20:28:10.530628
case_509,c,2025-02-24 20:33:10.530628
case_509,a,2025-02-24 20:38:10.530628
case_509,a,2025-02-24 20:43:10.530628
case_509,b,2025-02-24 20:48:10.530628
case_509,a,2025-02-24 20:53:10.530628
case_509,a,2025-02-24 20:58:10.530628
case_509,b,2025-02-24 21:03:10.530628
case_510,b,2025-02-24 19:28:10.530658
case_510,b,2025-02-24 19:33:10.530658
case_510,c,2025-02-24 19:38:10.530658
case_510,b,2025-02-24 19:43:10.530658
case_510,a,2025-02-24 19:48:10.530658
case_510,c,2025-02-24 19:53:10.530658
case_510,b,2025-02-24 19:58:10.530658
case_510,a,2025-02-24 20:03:10.530658
case_510,b,2025-02-24 20:08:10.530658
case_510,a,2025-02-24 20:13:10.530658
case_510,b,2025-02-24 20:18:10.530658
case_510,a,2025-02-24 20:23:10.530658
case_510,c,2025-02-24 20:28:10.530658
case_510,c,2025-02-24 20:33:10.530658
case_510,c,2025-02-24 20:38:10.530658
case_510,a,2025-02-24 20:43:10.530658
case_510,b,2025-02-24 20:48:10.530658
case_510,c,2025-02-24 20:53:10.530658
case_510,a,2025-02-24 20:58:10.530658
case_510,a,2025-02-24 21:03:10.530658
case_511,c,2025-02-24 19:28:10.530689
case_511,a,2025-02-24 19:33:10.530689
case_511,b,2025-02-24 19:38:10.530689
case_511,a,2025-02-24 19:43:10.530689
case_511,b,2025-02-24 19:48:10.530689
case_511,a,2025-02-24 19:53:10.530689
case_511,c,2025-02-24 19:58:10.530689
case_511,a,2025-02-24 20:03:10.530689
case_511,c,2025-02-24 20:08:10.530689
case_511,c,2025-02-24 20:13:10.530689
case_511,c,2025-02-24 20:18:10.530689
case_511,a,2025-02-24 20:23:10.530689
case_511,b,2025-02-24 20:28:10.530689
case_511,c,2025-02-24 20:33:10.530689
case_511,a,2025-02-24 20:38:10.530689
case_511,a,2025-02-24 20:43:10.530689
case_511,c,2025-02-24 20:48:10.530689
case_511,a,2025-02-24 20:53:10.530689
case_511,b,2025-02-24 20:58:10.530689
case_511,a,2025-02-24 21:03:10.530689
case_512,b,2025-02-24 19:28:10.530719
case_512,c,2025-02-24 19:33:10.530719
case_512,b,2025-02-24 19:38:10.530719
case_512,c,2025-02-24 19:43:10.530719
case_512,a,2025-02-24 19:48:10.530719
case_512,c,2025-02-24 19:53:10.530719
case_512,a,2025-02-24 19:58:10.530719
case_512,c,2025-02-24 20:03:10.530719
case_512,c,2025-02-24 20:08:10.530719
case_512,c,2025-02-24 20:13:10.530719
case_512,a,2025-02-24 20:18:10.530719
case_512,c,2025-02-24 20:23:10.530719
case_512,a,2025-02-24 20:28:10.530719
case_512,b,2025-02-24 20:33:10.530719
case_512,b,2025-02-24 20:38:10.530719
case_512,c,2025-02-24 20:43:10.530719
case_512,b,2025-02-24 20:48:10.530719
case_512,b,2025-02-24 20:53:10.530719
case_512,a,2025-02-24 20:58:10.530719
case_512,a,2025-02-24 21:03:10.530719
case_513,b,2025-02-24 19:28:10.530750
case_513,a,2025-02-24 19:33:10.530750
case_513,b,2025-02-24 19:38:10.530750
case_513,a,2025-02-24 19:43:10.530750
case_513,b,2025-02-24 19:48:10.530750
case_513,a,2025-02-24 19:53:10.530750
case_513,a,2025-02-24 19:58:10.530750
case_513,a,2025-02-24 20:03:10.530750
case_513,a,2025-02-24 20:08:10.530750
case_513,b,2025-02-24 20:13:10.530750
case_513,a,2025-02-24 20:18:10.530750
case_513,b,2025-02-24 20:23:10.530750
case_513,b,2025-02-24 20:28:10.530750
case_513,c,2025-02-24 20:33:10.530750
case_513,c,2025-02-24 20:38:10.530750
case_513,c,2025-02-24 20:43:10.530750
case_513,c,2025-02-24 20:48:10.530750
case_513,a,2025-02-24 20:53:10.530750
case_513,b,2025-02-24 20:58:10.530750
case_513,a,2025-02-24 21:03:10.530750
case_514,c,2025-02-24 19:28:10.530780
case_514,b,2025-02-24 19:33:10.530780
case_514,b,2025-02-24 19:38:10.530780
case_514,c,2025-02-24 19:43:10.530780
case_514,b,2025-02-24 19:48:10.530780
case_514,a,2025-02-24 19:53:10.530780
case_514,c,2025-02-24 19:58:10.530780
case_514,c,2025-02-24 20:03:10.530780
case_514,a,2025-02-24 20:08:10.530780
case_514,b,2025-02-24 20:13:10.530780
case_514,a,2025-02-24 20:18:10.530780
case_514,b,2025-02-24 20:23:10.530780
case_514,a,2025-02-24 20:28:10.530780
case_514,c,2025-02-24 20:33:10.530780
case_514,c,2025-02-24 20:38:10.530780
case_514,b,2025-02-24 20:43:10.530780
case_514,a,2025-02-24 20:48:10.530780
case_514,c,2025-02-24 20:53:10.530780
case_514,a,2025-02-24 20:58:10.530780
case_514,a,2025-02-24 21:03:10.530780
case_515,c,2025-02-24 19:28:10.530811
case_515,b,2025-02-24 19:33:10.530811
case_515,c,2025-02-24 19:38:10.530811
case_515,b,2025-02-24 19:43:10.530811
case_515,a,2025-02-24 19:48:10.530811
case_515,b,2025-02-24 19:53:10.530811
case_515,b,2025-02-24 19:58:10.530811
case_515,b,2025-02-24 20:03:10.530811
case_515,a,2025-02-24 20:08:10.530811
case_515,a,2025-02-24 20:13:10.530811
case_515,b,2025-02-24 20:18:10.530811
case_515,a,2025-02-24 20:23:10.530811
case_515,b,2025-02-24 20:28:10.530811
case_515,a,2025-02-24 20:33:10.530811
case_515,a,2025-02-24 20:38:10.530811
case_515,c,2025-02-24 20:43:10.530811
case_515,a,2025-02-24 20:48:10.530811
case_515,a,2025-02-24 20:53:10.530811
case_515,c,2025-02-24 20:58:10.530811
case_515,a,2025-02-24 21:03:10.530811
case_516,b,2025-02-24 19:28:10.530841
case_516,b,2025-02-24 19:33:10.530841
case_516,b,2025-02-24 19:38:10.530841
case_516,c,2025-02-24 19:43:10.530841
case_516,b,2025-02-24 19:48:10.530841
case_516,b,2025-02-24 19:53:10.530841
case_516,a,2025-02-24 19:58:10.530841
case_516,b,2025-02-24 20:03:10.530841
case_516,c,2025-02-24 20:08:10.530841
case_516,a,2025-02-24 20:13:10.530841
case_516,a,2025-02-24 20:18:10.530841
case_516,a,2025-02-24 20:23:10.530841
case_516,c,2025-02-24 20:28:10.530841
case_516,a,2025-02-24 20:33:10.530841
case_516,b,2025-02-24 20:38:10.530841
case_516,b,2025-02-24 20:43:10.530841
case_516,b,2025-02-24 20:48:10.530841
case_516,c,2025-02-24 20:53:10.530841
case_516,b,2025-02-24 20:58:10.530841
case_516,b,2025-02-24 21:03:10.530841
case_517,c,2025-02-24 19:28:10.530872
case_517,c,2025-02-24 19:33:10.530872
case_517,b,2025-02-24 19:38:10.530872
case_517,a,2025-02-24 19:43:10.530872
case_517,a,2025-02-24 19:48:10.530872
case_517,c,2025-02-24 19:53:10.530872
case_517,c,2025-02-24 19:58:10.530872
case_517,a,2025-02-24 20:03:10.530872
case_517,c,2025-02-24 20:08:10.530872
case_517,c,2025-02-24 20:13:10.530872
case_517,c,2025-02-24 20:18:10.530872
case_517,b,2025-02-24 20:23:10.530872
case_517,b,2025-02-24 20:28:10.530872
case_517,c,2025-02-24 20:33:10.530872
case_517,c,2025-02-24 20:38:10.530872
case_517,b,2025-02-24 20:43:10.530872
case_517,c,2025-02-24 20:48:10.530872
case_517,c,2025-02-24 20:53:10.530872
case_517,c,2025-02-24 20:58:10.530872
case_517,b,2025-02-24 21:03:10.530872
case_518,b,2025-02-24 19:28:10.530902
case_518,a,2025-02-24 19:33:10.530902
case_518,a,2025-02-24 19:38:10.530902
case_518,a,2025-02-24 19:43:10.530902
case_518,b,2025-02-24 19:48:10.530902
case_518,a,2025-02-24 19:53:10.530902
case_518,b,2025-02-24 19:58:10.530902
case_518,b,2025-02-24 20:03:10.530902
case_518,b,2025-02-24 20:08:10.530902
case_518,a,2025-02-24 20:13:10.530902
case_518,c,2025-02-24 20:18:10.530902
case_518,b,2025-02-24 20:23:10.530902
case_518,b,2025-02-24 20:28:10.530902
case_518,c,2025-02-24 20:33:10.530902
case_518,b,2025-02-24 20:38:10.530902
case_518,b,2025-02-24 20:43:10.530902
case_518,c,2025-02-24 20:48:10.530902
case_518,c,2025-02-24 20:53:10.530902
case_518,b,2025-02-24 20:58:10.530902
case_518,a,2025-02-24 21:03:10.530902
case_519,b,2025-02-24 19:28:10.530932
case_519,c,2025-02-24 19:33:10.530932
case_519,c,2025-02-24 19:38:10.530932
case_519,b,2025-02-24 19:43:10.530932
case_519,c,2025-02-24 19:48:10.530932
case_519,c,2025-02-24 19:53:10.530932
case_519,c,2025-02-24 19:58:10.530932
case_519,a,2025-02-24 20:03:10.530932
case_519,a,2025-02-24 20:08:10.530932
case_519,b,2025-02-24 20:13:10.530932
case_519,b,2025-02-24 20:18:10.530932
case_519,a,2025-02-24 20:23:10.530932
case_519,a,2025-02-24 20:28:10.530932
case_519,c,2025-02-24 20:33:10.530932
case_519,b,2025-02-24 20:38:10.530932
case_519,b,2025-02-24 20:43:10.530932
case_519,a,2025-02-24 20:48:10.530932
case_519,c,2025-02-24 20:53:10.530932
case_519,a,2025-02-24 20:58:10.530932
case_519,a,2025-02-24 21:03:10.530932
case_520,c,2025-02-24 19:28:10.530963
case_520,a,2025-02-24 19:33:10.530963
case_520,a,2025-02-24 19:38:10.530963
case_520,c,2025-02-24 19:43:10.530963
case_520,c,2025-02-24 19:48:10.530963
case_520,a,2025-02-24 19:53:10.530963
case_520,b,2025-02-24 19:58:10.530963
case_520,a,2025-02-24 20:03:10.530963
case_520,b,2025-02-24 20:08:10.530963
case_520,a,2025-02-24 20:13:10.530963
case_520,a,2025-02-24 20:18:10.530963
case_520,a,2025-02-24 20:23:10.530963
case_520,c,2025-02-24 20:28:10.530963
case_520,c,2025-02-24 20:33:10.530963
case_520,c,2025-02-24 20:38:10.530963
case_520,a,2025-02-24 20:43:10.530963
case_520,a,2025-02-24 20:48:10.530963
case_520,b,2025-02-24 20:53:10.530963
case_520,b,2025-02-24 20:58:10.530963
case_520,a,2025-02-24 21:03:10.530963
case_521,b,2025-02-24 19:28:10.530993
case_521,b,2025-02-24 19:33:10.530993
case_521,b,2025-02-24 19:38:10.530993
case_521,a,2025-02-24 19:43:10.530993
case_521,c,2025-02-24 19:48:10.530993
case_521,b,2025-02-24 19:53:10.530993
case_521,c,2025-02-24 19:58:10.530993
case_521,a,2025-02-24 20:03:10.530993
case_521,b,2025-02-24 20:08:10.530993
case_521,b,2025-02-24 20:13:10.530993
case_521,b,2025-02-24 20:18:10.530993
case_521,b,2025-02-24 20:23:10.530993
case_521,c,2025-02-24 20:28:10.530993
case_521,c,2025-02-24 20:33:10.530993
case_521,c,2025-02-24 20:38:10.530993
case_521,c,2025-02-24 20:43:10.530993
case_521,b,2025-02-24 20:48:10.530993
case_521,b,2025-02-24 20:53:10.530993
case_521,a,2025-02-24 20:58:10.530993
case_521,a,2025-02-24 21:03:10.530993
case_522,c,2025-02-24 19:28:10.531024
case_522,b,2025-02-24 19:33:10.531024
case_522,b,2025-02-24 19:38:10.531024
case_522,c,2025-02-24 19:43:10.531024
case_522,b,2025-02-24 19:48:10.531024
case_522,a,2025-02-24 19:53:10.531024
case_522,c,2025-02-24 19:58:10.531024
case_522,a,2025-02-24 20:03:10.531024
case_522,a,2025-02-24 20:08:10.531024
case_522,c,2025-02-24 20:13:10.531024
case_522,c,2025-02-24 20:18:10.531024
case_522,b,2025-02-24 20:23:10.531024
case_522,b,2025-02-24 20:28:10.531024
case_522,c,2025-02-24 20:33:10.531024
case_522,a,2025-02-24 20:38:10.531024
case_522,c,2025-02-24 20:43:10.531024
case_522,a,2025-02-24 20:48:10.531024
case_522,b,2025-02-24 20:53:10.531024
case_522,b,2025-02-24 20:58:10.531024
case_522,a,2025-02-24 21:03:10.531024
case_523,b,2025-02-24 19:28:10.531054
case_523,c,2025-02-24 19:33:10.531054
case_523,b,2025-02-24 19:38:10.531054
case_523,b,2025-02-24 19:43:10.531054
case_523,a,2025-02-24 19:48:10.531054
case_523,c,2025-02-24 19:53:10.531054
case_523,a,2025-02-24 19:58:10.531054
case_523,c,2025-02-24 20:03:10.531054
case_523,b,2025-02-24 20:08:10.531054
case_523,c,2025-02-24 20:13:10.531054
case_523,c,2025-02-24 20:18:10.531054
case_523,b,2025-02-24 20:23:10.531054
case_523,c,2025-02-24 20:28:10.531054
case_523,c,2025-02-24 20:33:10.531054
case_523,a,2025-02-24 20:38:10.531054
case_523,b,2025-02-24 20:43:10.531054
case_523,b,2025-02-24 20:48:10.531054
case_523,b,2025-02-24 20:53:10.531054
case_523,a,2025-02-24 20:58:10.531054
case_523,a,2025-02-24 21:03:10.531054
case_524,b,2025-02-24 19:28:10.531085
case_524,b,2025-02-24 19:33:10.531085
case_524,a,2025-02-24 19:38:10.531085
case_524,c,2025-02-24 19:43:10.531085
case_524,c,2025-02-24 19:48:10.531085
case_524,b,2025-02-24 19:53:10.531085
case_524,b,2025-02-24 19:58:10.531085
case_524,a,2025-02-24 20:03:10.531085
case_524,b,2025-02-24 20:08:10.531085
case_524,c,2025-02-24 20:13:10.531085
case_524,b,2025-02-24 20:18:10.531085
case_524,a,2025-02-24 20:23:10.531085
case_524,a,2025-02-24 20:28:10.531085
case_524,c,2025-02-24 20:33:10.531085
case_524,a,2025-02-24 20:38:10.531085
case_524,c,2025-02-24 20:43:10.531085
case_524,a,2025-02-24 20:48:10.531085
case_524,b,2025-02-24 20:53:10.531085
case_524,c,2025-02-24 20:58:10.531085
case_524,a,2025-02-24 21:03:10.531085
case_525,b,2025-02-24 19:28:10.531115
case_525,c,2025-02-24 19:33:10.531115
case_525,b,2025-02-24 19:38:10.531115
case_525,b,2025-02-24 19:43:10.531115
case_525,a,2025-02-24 19:48:10.531115
case_525,b,2025-02-24 19:53:10.531115
case_525,a,2025-02-24 19:58:10.531115
case_525,b,2025-02-24 20:03:10.531115
case_525,a,2025-02-24 20:08:10.531115
case_525,a,2025-02-24 20:13:10.531115
case_525,c,2025-02-24 20:18:10.531115
case_525,b,2025-02-24 20:23:10.531115
case_525,a,2025-02-24 20:28:10.531115
case_525,c,2025-02-24 20:33:10.531115
case_525,b,2025-02-24 20:38:10.531115
case_525,c,2025-02-24 20:43:10.531115
case_525,a,2025-02-24 20:48:10.531115
case_525,c,2025-02-24 20:53:10.531115
case_525,a,2025-02-24 20:58:10.531115
case_525,a,2025-02-24 21:03:10.531115
case_526,b,2025-02-24 19:28:10.531145
case_526,c,2025-02-24 19:33:10.531145
case_526,b,2025-02-24 19:38:10.531145
case_526,b,2025-02-24 19:43:10.531145
case_526,c,2025-02-24 19:48:10.531145
case_526,c,2025-02-24 19:53:10.531145
case_526,c,2025-02-24 19:58:10.531145
case_526,c,2025-02-24 20:03:10.531145
case_526,a,2025-02-24 20:08:10.531145
case_526,b,2025-02-24 20:13:10.531145
case_526,b,2025-02-24 20:18:10.531145
case_526,b,2025-02-24 20:23:10.531145
case_526,a,2025-02-24 20:28:10.531145
case_526,b,2025-02-24 20:33:10.531145
case_526,a,2025-02-24 20:38:10.531145
case_526,c,2025-02-24 20:43:10.531145
case_526,a,2025-02-24 20:48:10.531145
case_526,b,2025-02-24 20:53:10.531145
case_526,a,2025-02-24 20:58:10.531145
case_526,a,2025-02-24 21:03:10.531145
case_527,c,2025-02-24 19:28:10.531175
case_527,b,2025-02-24 19:33:10.531175
case_527,c,2025-02-24 19:38:10.531175
case_527,a,2025-02-24 19:43:10.531175
case_527,c,2025-02-24 19:48:10.531175
case_527,c,2025-02-24 19:53:10.531175
case_527,a,2025-02-24 19:58:10.531175
case_527,c,2025-02-24 20:03:10.531175
case_527,c,2025-02-24 20:08:10.531175
case_527,c,2025-02-24 20:13:10.531175
case_527,b,2025-02-24 20:18:10.531175
case_527,c,2025-02-24 20:23:10.531175
case_527,a,2025-02-24 20:28:10.531175
case_527,c,2025-02-24 20:33:10.531175
case_527,c,2025-02-24 20:38:10.531175
case_527,a,2025-02-24 20:43:10.531175
case_527,a,2025-02-24 20:48:10.531175
case_527,a,2025-02-24 20:53:10.531175
case_527,c,2025-02-24 20:58:10.531175
case_527,a,2025-02-24 21:03:10.531175
case_528,c,2025-02-24 19:28:10.531206
case_528,c,2025-02-24 19:33:10.531206
case_528,a,2025-02-24 19:38:10.531206
case_528,c,2025-02-24 19:43:10.531206
case_528,a,2025-02-24 19:48:10.531206
case_528,a,2025-02-24 19:53:10.531206
case_528,c,2025-02-24 19:58:10.531206
case_528,a,2025-02-24 20:03:10.531206
case_528,c,2025-02-24 20:08:10.531206
case_528,b,2025-02-24 20:13:10.531206
case_528,a,2025-02-24 20:18:10.531206
case_528,c,2025-02-24 20:23:10.531206
case_528,a,2025-02-24 20:28:10.531206
case_528,c,2025-02-24 20:33:10.531206
case_528,b,2025-02-24 20:38:10.531206
case_528,b,2025-02-24 20:43:10.531206
case_528,b,2025-02-24 20:48:10.531206
case_528,a,2025-02-24 20:53:10.531206
case_528,b,2025-02-24 20:58:10.531206
case_528,b,2025-02-24 21:03:10.531206
case_529,b,2025-02-24 19:28:10.531236
case_529,c,2025-02-24 19:33:10.531236
case_529,b,2025-02-24 19:38:10.531236
case_529,c,2025-02-24 19:43:10.531236
case_529,c,2025-02-24 19:48:10.531236
case_529,c,2025-02-24 19:53:10.531236
case_529,b,2025-02-24 19:58:10.531236
case_529,a,2025-02-24 20:03:10.531236
case_529,c,2025-02-24 20:08:10.531236
case_529,c,2025-02-24 20:13:10.531236
case_529,c,2025-02-24 20:18:10.531236
case_529,a,2025-02-24 20:23:10.531236
case_529,b,2025-02-24 20:28:10.531236
case_529,a,2025-02-24 20:33:10.531236
case_529,b,2025-02-24 20:38:10.531236
case_529,c,2025-02-24 20:43:10.531236
case_529,b,2025-02-24 20:48:10.531236
case_529,a,2025-02-24 20:53:10.531236
case_529,a,2025-02-24 20:58:10.531236
case_529,a,2025-02-24 21:03:10.531236
case_530,c,2025-02-24 19:28:10.531266
case_530,a,2025-02-24 19:33:10.531266
case_530,c,2025-02-24 19:38:10.531266
case_530,b,2025-02-24 19:43:10.531266
case_530,c,2025-02-24 19:48:10.531266
case_530,b,2025-02-24 19:53:10.531266
case_530,a,2025-02-24 19:58:10.531266
case_530,c,2025-02-24 20:03:10.531266
case_530,b,2025-02-24 20:08:10.531266
case_530,a,2025-02-24 20:13:10.531266
case_530,b,2025-02-24 20:18:10.531266
case_530,c,2025-02-24 20:23:10.531266
case_530,b,2025-02-24 20:28:10.531266
case_530,a,2025-02-24 20:33:10.531266
case_530,a,2025-02-24 20:38:10.531266
case_530,c,2025-02-24 20:43:10.531266
case_530,a,2025-02-24 20:48:10.531266
case_530,b,2025-02-24 20:53:10.531266
case_530,c,2025-02-24 20:58:10.531266
case_530,b,2025-02-24 21:03:10.531266
case_531,b,2025-02-24 19:28:10.531297
case_531,c,2025-02-24 19:33:10.531297
case_531,b,2025-02-24 19:38:10.531297
case_531,a,2025-02-24 19:43:10.531297
case_531,c,2025-02-24 19:48:10.531297
case_531,b,2025-02-24 19:53:10.531297
case_531,a,2025-02-24 19:58:10.531297
case_531,a,2025-02-24 20:03:10.531297
case_531,b,2025-02-24 20:08:10.531297
case_531,b,2025-02-24 20:13:10.531297
case_531,c,2025-02-24 20:18:10.531297
case_531,a,2025-02-24 20:23:10.531297
case_531,c,2025-02-24 20:28:10.531297
case_531,b,2025-02-24 20:33:10.531297
case_531,a,2025-02-24 20:38:10.531297
case_531,c,2025-02-24 20:43:10.531297
case_531,c,2025-02-24 20:48:10.531297
case_531,c,2025-02-24 20:53:10.531297
case_531,b,2025-02-24 20:58:10.531297
case_531,a,2025-02-24 21:03:10.531297
case_532,c,2025-02-24 19:28:10.531329
case_532,a,2025-02-24 19:33:10.531329
case_532,c,2025-02-24 19:38:10.531329
case_532,c,2025-02-24 19:43:10.531329
case_532,c,2025-02-24 19:48:10.531329
case_532,c,2025-02-24 19:53:10.531329
case_532,c,2025-02-24 19:58:10.531329
case_532,b,2025-02-24 20:03:10.531329
case_532,b,2025-02-24 20:08:10.531329
case_532,a,2025-02-24 20:13:10.531329
case_532,b,2025-02-24 20:18:10.531329
case_532,b,2025-02-24 20:23:10.531329
case_532,c,2025-02-24 20:28:10.531329
case_532,a,2025-02-24 20:33:10.531329
case_532,c,2025-02-24 20:38:10.531329
case_532,c,2025-02-24 20:43:10.531329
case_532,a,2025-02-24 20:48:10.531329
case_532,a,2025-02-24 20:53:10.531329
case_532,a,2025-02-24 20:58:10.531329
case_532,a,2025-02-24 21:03:10.531329
case_533,b,2025-02-24 19:28:10.531364
case_533,c,2025-02-24 19:33:10.531364
case_533,a,2025-02-24 19:38:10.531364
case_533,b,2025-02-24 19:43:10.531364
case_533,c,2025-02-24 19:48:10.531364
case_533,c,2025-02-24 19:53:10.531364
case_533,c,2025-02-24 19:58:10.531364
case_533,a,2025-02-24 20:03:10.531364
case_533,b,2025-02-24 20:08:10.531364
case_533,a,2025-02-24 20:13:10.531364
case_533,b,2025-02-24 20:18:10.531364
case_533,a,2025-02-24 20:23:10.531364
case_533,c,2025-02-24 20:28:10.531364
case_533,b,2025-02-24 20:33:10.531364
case_533,c,2025-02-24 20:38:10.531364
case_533,a,2025-02-24 20:43:10.531364
case_533,a,2025-02-24 20:48:10.531364
case_533,b,2025-02-24 20:53:10.531364
case_533,a,2025-02-24 20:58:10.531364
case_533,a,2025-02-24 21:03:10.531364
case_534,c,2025-02-24 19:28:10.531394
case_534,c,2025-02-24 19:33:10.531394
case_534,a,2025-02-24 19:38:10.531394
case_534,c,2025-02-24 19:43:10.531394
case_534,a,2025-02-24 19:48:10.531394
case_534,c,2025-02-24 19:53:10.531394
case_534,a,2025-02-24 19:58:10.531394
case_534,b,2025-02-24 20:03:10.531394
case_534,a,2025-02-24 20:08:10.531394
case_534,a,2025-02-24 20:13:10.531394
case_534,b,2025-02-24 20:18:10.531394
case_534,c,2025-02-24 20:23:10.531394
case_534,b,2025-02-24 20:28:10.531394
case_534,a,2025-02-24 20:33:10.531394
case_534,a,2025-02-24 20:38:10.531394
case_534,a,2025-02-24 20:43:10.531394
case_534,c,2025-02-24 20:48:10.531394
case_534,a,2025-02-24 20:53:10.531394
case_534,a,2025-02-24 20:58:10.531394
case_534,a,2025-02-24 21:03:10.531394
case_535,c,2025-02-24 19:28:10.531425
case_535,a,2025-02-24 19:33:10.531425
case_535,b,2025-02-24 19:38:10.531425
case_535,c,2025-02-24 19:43:10.531425
case_535,a,2025-02-24 19:48:10.531425
case_535,c,2025-02-24 19:53:10.531425
case_535,c,2025-02-24 19:58:10.531425
case_535,b,2025-02-24 20:03:10.531425
case_535,b,2025-02-24 20:08:10.531425
case_535,b,2025-02-24 20:13:10.531425
case_535,b,2025-02-24 20:18:10.531425
case_535,c,2025-02-24 20:23:10.531425
case_535,a,2025-02-24 20:28:10.531425
case_535,a,2025-02-24 20:33:10.531425
case_535,b,2025-02-24 20:38:10.531425
case_535,b,2025-02-24 20:43:10.531425
case_535,a,2025-02-24 20:48:10.531425
case_535,b,2025-02-24 20:53:10.531425
case_535,b,2025-02-24 20:58:10.531425
case_535,c,2025-02-24 21:03:10.531425
case_536,b,2025-02-24 19:28:10.531455
case_536,a,2025-02-24 19:33:10.531455
case_536,c,2025-02-24 19:38:10.531455
case_536,a,2025-02-24 19:43:10.531455
case_536,b,2025-02-24 19:48:10.531455
case_536,b,2025-02-24 19:53:10.531455
case_536,b,2025-02-24 19:58:10.531455
case_536,a,2025-02-24 20:03:10.531455
case_536,c,2025-02-24 20:08:10.531455
case_536,c,2025-02-24 20:13:10.531455
case_536,b,2025-02-24 20:18:10.531455
case_536,b,2025-02-24 20:23:10.531455
case_536,b,2025-02-24 20:28:10.531455
case_536,c,2025-02-24 20:33:10.531455
case_536,c,2025-02-24 20:38:10.531455
case_536,a,2025-02-24 20:43:10.531455
case_536,a,2025-02-24 20:48:10.531455
case_536,c,2025-02-24 20:53:10.531455
case_536,b,2025-02-24 20:58:10.531455
case_536,b,2025-02-24 21:03:10.531455
case_537,c,2025-02-24 19:28:10.531485
case_537,b,2025-02-24 19:33:10.531485
case_537,b,2025-02-24 19:38:10.531485
case_537,a,2025-02-24 19:43:10.531485
case_537,b,2025-02-24 19:48:10.531485
case_537,a,2025-02-24 19:53:10.531485
case_537,a,2025-02-24 19:58:10.531485
case_537,c,2025-02-24 20:03:10.531485
case_537,b,2025-02-24 20:08:10.531485
case_537,a,2025-02-24 20:13:10.531485
case_537,c,2025-02-24 20:18:10.531485
case_537,b,2025-02-24 20:23:10.531485
case_537,b,2025-02-24 20:28:10.531485
case_537,c,2025-02-24 20:33:10.531485
case_537,a,2025-02-24 20:38:10.531485
case_537,a,2025-02-24 20:43:10.531485
case_537,c,2025-02-24 20:48:10.531485
case_537,c,2025-02-24 20:53:10.531485
case_537,a,2025-02-24 20:58:10.531485
case_537,b,2025-02-24 21:03:10.531485
case_538,c,2025-02-24 19:28:10.531517
case_538,c,2025-02-24 19:33:10.531517
case_538,c,2025-02-24 19:38:10.531517
case_538,c,2025-02-24 19:43:10.531517
case_538,b,2025-02-24 19:48:10.531517
case_538,b,2025-02-24 19:53:10.531517
case_538,b,2025-02-24 19:58:10.531517
case_538,b,2025-02-24 20:03:10.531517
case_538,b,2025-02-24 20:08:10.531517
case_538,a,2025-02-24 20:13:10.531517
case_538,c,2025-02-24 20:18:10.531517
case_538,b,2025-02-24 20:23:10.531517
case_538,c,2025-02-24 20:28:10.531517
case_538,b,2025-02-24 20:33:10.531517
case_538,a,2025-02-24 20:38:10.531517
case_538,c,2025-02-24 20:43:10.531517
case_538,c,2025-02-24 20:48:10.531517
case_538,c,2025-02-24 20:53:10.531517
case_538,a,2025-02-24 20:58:10.531517
case_538,a,2025-02-24 21:03:10.531517
case_539,b,2025-02-24 19:28:10.531547
case_539,c,2025-02-24 19:33:10.531547
case_539,b,2025-02-24 19:38:10.531547
case_539,b,2025-02-24 19:43:10.531547
case_539,a,2025-02-24 19:48:10.531547
case_539,b,2025-02-24 19:53:10.531547
case_539,c,2025-02-24 19:58:10.531547
case_539,a,2025-02-24 20:03:10.531547
case_539,b,2025-02-24 20:08:10.531547
case_539,a,2025-02-24 20:13:10.531547
case_539,c,2025-02-24 20:18:10.531547
case_539,b,2025-02-24 20:23:10.531547
case_539,c,2025-02-24 20:28:10.531547
case_539,b,2025-02-24 20:33:10.531547
case_539,b,2025-02-24 20:38:10.531547
case_539,c,2025-02-24 20:43:10.531547
case_539,b,2025-02-24 20:48:10.531547
case_539,a,2025-02-24 20:53:10.531547
case_539,a,2025-02-24 20:58:10.531547
case_539,a,2025-02-24 21:03:10.531547
case_540,b,2025-02-24 19:28:10.531577
case_540,a,2025-02-24 19:33:10.531577
case_540,a,2025-02-24 19:38:10.531577
case_540,a,2025-02-24 19:43:10.531577
case_540,a,2025-02-24 19:48:10.531577
case_540,a,2025-02-24 19:53:10.531577
case_540,b,2025-02-24 19:58:10.531577
case_540,c,2025-02-24 20:03:10.531577
case_540,c,2025-02-24 20:08:10.531577
case_540,c,2025-02-24 20:13:10.531577
case_540,c,2025-02-24 20:18:10.531577
case_540,b,2025-02-24 20:23:10.531577
case_540,a,2025-02-24 20:28:10.531577
case_540,b,2025-02-24 20:33:10.531577
case_540,c,2025-02-24 20:38:10.531577
case_540,b,2025-02-24 20:43:10.531577
case_540,a,2025-02-24 20:48:10.531577
case_540,b,2025-02-24 20:53:10.531577
case_540,a,2025-02-24 20:58:10.531577
case_540,b,2025-02-24 21:03:10.531577
case_541,b,2025-02-24 19:28:10.531608
case_541,c,2025-02-24 19:33:10.531608
case_541,c,2025-02-24 19:38:10.531608
case_541,c,2025-02-24 19:43:10.531608
case_541,c,2025-02-24 19:48:10.531608
case_541,a,2025-02-24 19:53:10.531608
case_541,b,2025-02-24 19:58:10.531608
case_541,a,2025-02-24 20:03:10.531608
case_541,c,2025-02-24 20:08:10.531608
case_541,c,2025-02-24 20:13:10.531608
case_541,a,2025-02-24 20:18:10.531608
case_541,c,2025-02-24 20:23:10.531608
case_541,a,2025-02-24 20:28:10.531608
case_541,b,2025-02-24 20:33:10.531608
case_541,a,2025-02-24 20:38:10.531608
case_541,b,2025-02-24 20:43:10.531608
case_541,c,2025-02-24 20:48:10.531608
case_541,b,2025-02-24 20:53:10.531608
case_541,a,2025-02-24 20:58:10.531608
case_541,a,2025-02-24 21:03:10.531608
case_542,b,2025-02-24 19:28:10.531638
case_542,a,2025-02-24 19:33:10.531638
case_542,a,2025-02-24 19:38:10.531638
case_542,c,2025-02-24 19:43:10.531638
case_542,c,2025-02-24 19:48:10.531638
case_542,a,2025-02-24 19:53:10.531638
case_542,c,2025-02-24 19:58:10.531638
case_542,c,2025-02-24 20:03:10.531638
case_542,b,2025-02-24 20:08:10.531638
case_542,b,2025-02-24 20:13:10.531638
case_542,c,2025-02-24 20:18:10.531638
case_542,b,2025-02-24 20:23:10.531638
case_542,c,2025-02-24 20:28:10.531638
case_542,c,2025-02-24 20:33:10.531638
case_542,a,2025-02-24 20:38:10.531638
case_542,a,2025-02-24 20:43:10.531638
case_542,b,2025-02-24 20:48:10.531638
case_542,b,2025-02-24 20:53:10.531638
case_542,b,2025-02-24 20:58:10.531638
case_542,a,2025-02-24 21:03:10.531638
case_543,c,2025-02-24 19:28:10.531668
case_543,c,2025-02-24 19:33:10.531668
case_543,a,2025-02-24 19:38:10.531668
case_543,b,2025-02-24 19:43:10.531668
case_543,b,2025-02-24 19:48:10.531668
case_543,a,2025-02-24 19:53:10.531668
case_543,a,2025-02-24 19:58:10.531668
case_543,c,2025-02-24 20:03:10.531668
case_543,a,2025-02-24 20:08:10.531668
case_543,c,2025-02-24 20:13:10.531668
case_543,a,2025-02-24 20:18:10.531668
case_543,c,2025-02-24 20:23:10.531668
case_543,a,2025-02-24 20:28:10.531668
case_543,b,2025-02-24 20:33:10.531668
case_543,c,2025-02-24 20:38:10.531668
case_543,c,2025-02-24 20:43:10.531668
case_543,c,2025-02-24 20:48:10.531668
case_543,c,2025-02-24 20:53:10.531668
case_543,b,2025-02-24 20:58:10.531668
case_543,a,2025-02-24 21:03:10.531668
case_544,c,2025-02-24 19:28:10.531698
case_544,a,2025-02-24 19:33:10.531698
case_544,c,2025-02-24 19:38:10.531698
case_544,a,2025-02-24 19:43:10.531698
case_544,a,2025-02-24 19:48:10.531698
case_544,b,2025-02-24 19:53:10.531698
case_544,b,2025-02-24 19:58:10.531698
case_544,a,2025-02-24 20:03:10.531698
case_544,c,2025-02-24 20:08:10.531698
case_544,c,2025-02-24 20:13:10.531698
case_544,c,2025-02-24 20:18:10.531698
case_544,b,2025-02-24 20:23:10.531698
case_544,c,2025-02-24 20:28:10.531698
case_544,a,2025-02-24 20:33:10.531698
case_544,c,2025-02-24 20:38:10.531698
case_544,b,2025-02-24 20:43:10.531698
case_544,b,2025-02-24 20:48:10.531698
case_544,b,2025-02-24 20:53:10.531698
case_544,b,2025-02-24 20:58:10.531698
case_544,b,2025-02-24 21:03:10.531698
case_545,c,2025-02-24 19:28:10.531729
case_545,b,2025-02-24 19:33:10.531729
case_545,c,2025-02-24 19:38:10.531729
case_545,c,2025-02-24 19:43:10.531729
case_545,a,2025-02-24 19:48:10.531729
case_545,c,2025-02-24 19:53:10.531729
case_545,c,2025-02-24 19:58:10.531729
case_545,b,2025-02-24 20:03:10.531729
case_545,a,2025-02-24 20:08:10.531729
case_545,a,2025-02-24 20:13:10.531729
case_545,c,2025-02-24 20:18:10.531729
case_545,c,2025-02-24 20:23:10.531729
case_545,b,2025-02-24 20:28:10.531729
case_545,a,2025-02-24 20:33:10.531729
case_545,c,2025-02-24 20:38:10.531729
case_545,c,2025-02-24 20:43:10.531729
case_545,a,2025-02-24 20:48:10.531729
case_545,a,2025-02-24 20:53:10.531729
case_545,a,2025-02-24 20:58:10.531729
case_545,b,2025-02-24 21:03:10.531729
case_546,b,2025-02-24 19:28:10.531759
case_546,a,2025-02-24 19:33:10.531759
case_546,a,2025-02-24 19:38:10.531759
case_546,a,2025-02-24 19:43:10.531759
case_546,c,2025-02-24 19:48:10.531759
case_546,c,2025-02-24 19:53:10.531759
case_546,b,2025-02-24 19:58:10.531759
case_546,a,2025-02-24 20:03:10.531759
case_546,c,2025-02-24 20:08:10.531759
case_546,c,2025-02-24 20:13:10.531759
case_546,a,2025-02-24 20:18:10.531759
case_546,b,2025-02-24 20:23:10.531759
case_546,b,2025-02-24 20:28:10.531759
case_546,b,2025-02-24 20:33:10.531759
case_546,c,2025-02-24 20:38:10.531759
case_546,c,2025-02-24 20:43:10.531759
case_546,a,2025-02-24 20:48:10.531759
case_546,c,2025-02-24 20:53:10.531759
case_546,b,2025-02-24 20:58:10.531759
case_546,c,2025-02-24 21:03:10.531759
case_547,c,2025-02-24 19:28:10.531789
case_547,c,2025-02-24 19:33:10.531789
case_547,b,2025-02-24 19:38:10.531789
case_547,c,2025-02-24 19:43:10.531789
case_547,a,2025-02-24 19:48:10.531789
case_547,a,2025-02-24 19:53:10.531789
case_547,b,2025-02-24 19:58:10.531789
case_547,a,2025-02-24 20:03:10.531789
case_547,a,2025-02-24 20:08:10.531789
case_547,c,2025-02-24 20:13:10.531789
case_547,b,2025-02-24 20:18:10.531789
case_547,a,2025-02-24 20:23:10.531789
case_547,b,2025-02-24 20:28:10.531789
case_547,c,2025-02-24 20:33:10.531789
case_547,b,2025-02-24 20:38:10.531789
case_547,c,2025-02-24 20:43:10.531789
case_547,a,2025-02-24 20:48:10.531789
case_547,c,2025-02-24 20:53:10.531789
case_547,b,2025-02-24 20:58:10.531789
case_547,c,2025-02-24 21:03:10.531789
case_548,b,2025-02-24 19:28:10.531819
case_548,c,2025-02-24 19:33:10.531819
case_548,c,2025-02-24 19:38:10.531819
case_548,b,2025-02-24 19:43:10.531819
case_548,a,2025-02-24 19:48:10.531819
case_548,c,2025-02-24 19:53:10.531819
case_548,b,2025-02-24 19:58:10.531819
case_548,c,2025-02-24 20:03:10.531819
case_548,a,2025-02-24 20:08:10.531819
case_548,a,2025-02-24 20:13:10.531819
case_548,c,2025-02-24 20:18:10.531819
case_548,c,2025-02-24 20:23:10.531819
case_548,b,2025-02-24 20:28:10.531819
case_548,c,2025-02-24 20:33:10.531819
case_548,c,2025-02-24 20:38:10.531819
case_548,a,2025-02-24 20:43:10.531819
case_548,a,2025-02-24 20:48:10.531819
case_548,a,2025-02-24 20:53:10.531819
case_548,c,2025-02-24 20:58:10.531819
case_548,c,2025-02-24 21:03:10.531819
case_549,c,2025-02-24 19:28:10.531849
case_549,b,2025-02-24 19:33:10.531849
case_549,a,2025-02-24 19:38:10.531849
case_549,c,2025-02-24 19:43:10.531849
case_549,a,2025-02-24 19:48:10.531849
case_549,c,2025-02-24 19:53:10.531849
case_549,a,2025-02-24 19:58:10.531849
case_549,b,2025-02-24 20:03:10.531849
case_549,a,2025-02-24 20:08:10.531849
case_549,c,2025-02-24 20:13:10.531849
case_549,b,2025-02-24 20:18:10.531849
case_549,c,2025-02-24 20:23:10.531849
case_549,b,2025-02-24 20:28:10.531849
case_549,c,2025-02-24 20:33:10.531849
case_549,a,2025-02-24 20:38:10.531849
case_549,c,2025-02-24 20:43:10.531849
case_549,c,2025-02-24 20:48:10.531849
case_549,c,2025-02-24 20:53:10.531849
case_549,a,2025-02-24 20:58:10.531849
case_549,a,2025-02-24 21:03:10.531849
case_550,b,2025-02-24 19:28:10.531879
case_550,a,2025-02-24 19:33:10.531879
case_550,b,2025-02-24 19:38:10.531879
case_550,c,2025-02-24 19:43:10.531879
case_550,b,2025-02-24 19:48:10.531879
case_550,c,2025-02-24 19:53:10.531879
case_550,a,2025-02-24 19:58:10.531879
case_550,c,2025-02-24 20:03:10.531879
case_550,b,2025-02-24 20:08:10.531879
case_550,c,2025-02-24 20:13:10.531879
case_550,c,2025-02-24 20:18:10.531879
case_550,b,2025-02-24 20:23:10.531879
case_550,a,2025-02-24 20:28:10.531879
case_550,c,2025-02-24 20:33:10.531879
case_550,c,2025-02-24 20:38:10.531879
case_550,a,2025-02-24 20:43:10.531879
case_550,a,2025-02-24 20:48:10.531879
case_550,a,2025-02-24 20:53:10.531879
case_550,c,2025-02-24 20:58:10.531879
case_550,c,2025-02-24 21:03:10.531879
case_551,c,2025-02-24 19:28:10.531909
case_551,c,2025-02-24 19:33:10.531909
case_551,c,2025-02-24 19:38:10.531909
case_551,b,2025-02-24 19:43:10.531909
case_551,a,2025-02-24 19:48:10.531909
case_551,a,2025-02-24 19:53:10.531909
case_551,c,2025-02-24 19:58:10.531909
case_551,b,2025-02-24 20:03:10.531909
case_551,b,2025-02-24 20:08:10.531909
case_551,b,2025-02-24 20:13:10.531909
case_551,c,2025-02-24 20:18:10.531909
case_551,a,2025-02-24 20:23:10.531909
case_551,c,2025-02-24 20:28:10.531909
case_551,a,2025-02-24 20:33:10.531909
case_551,a,2025-02-24 20:38:10.531909
case_551,c,2025-02-24 20:43:10.531909
case_551,c,2025-02-24 20:48:10.531909
case_551,b,2025-02-24 20:53:10.531909
case_551,a,2025-02-24 20:58:10.531909
case_551,b,2025-02-24 21:03:10.531909
case_552,b,2025-02-24 19:28:10.531939
case_552,c,2025-02-24 19:33:10.531939
case_552,b,2025-02-24 19:38:10.531939
case_552,a,2025-02-24 19:43:10.531939
case_552,a,2025-02-24 19:48:10.531939
case_552,b,2025-02-24 19:53:10.531939
case_552,c,2025-02-24 19:58:10.531939
case_552,c,2025-02-24 20:03:10.531939
case_552,c,2025-02-24 20:08:10.531939
case_552,a,2025-02-24 20:13:10.531939
case_552,c,2025-02-24 20:18:10.531939
case_552,b,2025-02-24 20:23:10.531939
case_552,a,2025-02-24 20:28:10.531939
case_552,c,2025-02-24 20:33:10.531939
case_552,a,2025-02-24 20:38:10.531939
case_552,c,2025-02-24 20:43:10.531939
case_552,c,2025-02-24 20:48:10.531939
case_552,a,2025-02-24 20:53:10.531939
case_552,c,2025-02-24 20:58:10.531939
case_552,a,2025-02-24 21:03:10.531939
case_553,b,2025-02-24 19:28:10.531969
case_553,c,2025-02-24 19:33:10.531969
case_553,c,2025-02-24 19:38:10.531969
case_553,b,2025-02-24 19:43:10.531969
case_553,b,2025-02-24 19:48:10.531969
case_553,c,2025-02-24 19:53:10.531969
case_553,a,2025-02-24 19:58:10.531969
case_553,a,2025-02-24 20:03:10.531969
case_553,b,2025-02-24 20:08:10.531969
case_553,b,2025-02-24 20:13:10.531969
case_553,b,2025-02-24 20:18:10.531969
case_553,a,2025-02-24 20:23:10.531969
case_553,a,2025-02-24 20:28:10.531969
case_553,a,2025-02-24 20:33:10.531969
case_553,a,2025-02-24 20:38:10.531969
case_553,a,2025-02-24 20:43:10.531969
case_553,b,2025-02-24 20:48:10.531969
case_553,a,2025-02-24 20:53:10.531969
case_553,c,2025-02-24 20:58:10.531969
case_553,a,2025-02-24 21:03:10.531969
case_554,c,2025-02-24 19:28:10.531999
case_554,a,2025-02-24 19:33:10.531999
case_554,c,2025-02-24 19:38:10.531999
case_554,b,2025-02-24 19:43:10.531999
case_554,c,2025-02-24 19:48:10.531999
case_554,b,2025-02-24 19:53:10.531999
case_554,b,2025-02-24 19:58:10.531999
case_554,b,2025-02-24 20:03:10.531999
case_554,c,2025-02-24 20:08:10.531999
case_554,c,2025-02-24 20:13:10.531999
case_554,a,2025-02-24 20:18:10.531999
case_554,c,2025-02-24 20:23:10.531999
case_554,b,2025-02-24 20:28:10.531999
case_554,a,2025-02-24 20:33:10.531999
case_554,c,2025-02-24 20:38:10.531999
case_554,b,2025-02-24 20:43:10.531999
case_554,a,2025-02-24 20:48:10.531999
case_554,b,2025-02-24 20:53:10.531999
case_554,a,2025-02-24 20:58:10.531999
case_554,a,2025-02-24 21:03:10.531999
case_555,c,2025-02-24 19:28:10.532029
case_555,c,2025-02-24 19:33:10.532029
case_555,c,2025-02-24 19:38:10.532029
case_555,b,2025-02-24 19:43:10.532029
case_555,b,2025-02-24 19:48:10.532029
case_555,b,2025-02-24 19:53:10.532029
case_555,a,2025-02-24 19:58:10.532029
case_555,b,2025-02-24 20:03:10.532029
case_555,a,2025-02-24 20:08:10.532029
case_555,c,2025-02-24 20:13:10.532029
case_555,c,2025-02-24 20:18:10.532029
case_555,a,2025-02-24 20:23:10.532029
case_555,c,2025-02-24 20:28:10.532029
case_555,c,2025-02-24 20:33:10.532029
case_555,a,2025-02-24 20:38:10.532029
case_555,b,2025-02-24 20:43:10.532029
case_555,c,2025-02-24 20:48:10.532029
case_555,c,2025-02-24 20:53:10.532029
case_555,a,2025-02-24 20:58:10.532029
case_555,a,2025-02-24 21:03:10.532029
case_556,c,2025-02-24 19:28:10.532059
case_556,a,2025-02-24 19:33:10.532059
case_556,c,2025-02-24 19:38:10.532059
case_556,a,2025-02-24 19:43:10.532059
case_556,b,2025-02-24 19:48:10.532059
case_556,c,2025-02-24 19:53:10.532059
case_556,a,2025-02-24 19:58:10.532059
case_556,a,2025-02-24 20:03:10.532059
case_556,a,2025-02-24 20:08:10.532059
case_556,b,2025-02-24 20:13:10.532059
case_556,a,2025-02-24 20:18:10.532059
case_556,a,2025-02-24 20:23:10.532059
case_556,b,2025-02-24 20:28:10.532059
case_556,a,2025-02-24 20:33:10.532059
case_556,a,2025-02-24 20:38:10.532059
case_556,c,2025-02-24 20:43:10.532059
case_556,b,2025-02-24 20:48:10.532059
case_556,b,2025-02-24 20:53:10.532059
case_556,b,2025-02-24 20:58:10.532059
case_556,b,2025-02-24 21:03:10.532059
case_557,c,2025-02-24 19:28:10.532089
case_557,b,2025-02-24 19:33:10.532089
case_557,c,2025-02-24 19:38:10.532089
case_557,c,2025-02-24 19:43:10.532089
case_557,c,2025-02-24 19:48:10.532089
case_557,b,2025-02-24 19:53:10.532089
case_557,a,2025-02-24 19:58:10.532089
case_557,c,2025-02-24 20:03:10.532089
case_557,c,2025-02-24 20:08:10.532089
case_557,c,2025-02-24 20:13:10.532089
case_557,c,2025-02-24 20:18:10.532089
case_557,b,2025-02-24 20:23:10.532089
case_557,c,2025-02-24 20:28:10.532089
case_557,c,2025-02-24 20:33:10.532089
case_557,a,2025-02-24 20:38:10.532089
case_557,b,2025-02-24 20:43:10.532089
case_557,c,2025-02-24 20:48:10.532089
case_557,b,2025-02-24 20:53:10.532089
case_557,a,2025-02-24 20:58:10.532089
case_557,a,2025-02-24 21:03:10.532089
case_558,b,2025-02-24 19:28:10.532120
case_558,c,2025-02-24 19:33:10.532120
case_558,a,2025-02-24 19:38:10.532120
case_558,c,2025-02-24 19:43:10.532120
case_558,a,2025-02-24 19:48:10.532120
case_558,c,2025-02-24 19:53:10.532120
case_558,b,2025-02-24 19:58:10.532120
case_558,b,2025-02-24 20:03:10.532120
case_558,a,2025-02-24 20:08:10.532120
case_558,b,2025-02-24 20:13:10.532120
case_558,b,2025-02-24 20:18:10.532120
case_558,c,2025-02-24 20:23:10.532120
case_558,c,2025-02-24 20:28:10.532120
case_558,a,2025-02-24 20:33:10.532120
case_558,c,2025-02-24 20:38:10.532120
case_558,b,2025-02-24 20:43:10.532120
case_558,a,2025-02-24 20:48:10.532120
case_558,a,2025-02-24 20:53:10.532120
case_558,b,2025-02-24 20:58:10.532120
case_558,a,2025-02-24 21:03:10.532120
case_559,c,2025-02-24 19:28:10.532150
case_559,b,2025-02-24 19:33:10.532150
case_559,b,2025-02-24 19:38:10.532150
case_559,a,2025-02-24 19:43:10.532150
case_559,b,2025-02-24 19:48:10.532150
case_559,b,2025-02-24 19:53:10.532150
case_559,c,2025-02-24 19:58:10.532150
case_559,c,2025-02-24 20:03:10.532150
case_559,c,2025-02-24 20:08:10.532150
case_559,b,2025-02-24 20:13:10.532150
case_559,a,2025-02-24 20:18:10.532150
case_559,b,2025-02-24 20:23:10.532150
case_559,c,2025-02-24 20:28:10.532150
case_559,a,2025-02-24 20:33:10.532150
case_559,a,2025-02-24 20:38:10.532150
case_559,b,2025-02-24 20:43:10.532150
case_559,a,2025-02-24 20:48:10.532150
case_559,c,2025-02-24 20:53:10.532150
case_559,c,2025-02-24 20:58:10.532150
case_559,a,2025-02-24 21:03:10.532150
case_560,b,2025-02-24 19:28:10.532180
case_560,b,2025-02-24 19:33:10.532180
case_560,b,2025-02-24 19:38:10.532180
case_560,c,2025-02-24 19:43:10.532180
case_560,a,2025-02-24 19:48:10.532180
case_560,a,2025-02-24 19:53:10.532180
case_560,b,2025-02-24 19:58:10.532180
case_560,b,2025-02-24 20:03:10.532180
case_560,c,2025-02-24 20:08:10.532180
case_560,a,2025-02-24 20:13:10.532180
case_560,b,2025-02-24 20:18:10.532180
case_560,c,2025-02-24 20:23:10.532180
case_560,a,2025-02-24 20:28:10.532180
case_560,c,2025-02-24 20:33:10.532180
case_560,a,2025-02-24 20:38:10.532180
case_560,b,2025-02-24 20:43:10.532180
case_560,a,2025-02-24 20:48:10.532180
case_560,c,2025-02-24 20:53:10.532180
case_560,a,2025-02-24 20:58:10.532180
case_560,b,2025-02-24 21:03:10.532180
case_561,c,2025-02-24 19:28:10.532210
case_561,c,2025-02-24 19:33:10.532210
case_561,b,2025-02-24 19:38:10.532210
case_561,b,2025-02-24 19:43:10.532210
case_561,a,2025-02-24 19:48:10.532210
case_561,c,2025-02-24 19:53:10.532210
case_561,b,2025-02-24 19:58:10.532210
case_561,c,2025-02-24 20:03:10.532210
case_561,b,2025-02-24 20:08:10.532210
case_561,a,2025-02-24 20:13:10.532210
case_561,c,2025-02-24 20:18:10.532210
case_561,c,2025-02-24 20:23:10.532210
case_561,a,2025-02-24 20:28:10.532210
case_561,c,2025-02-24 20:33:10.532210
case_561,b,2025-02-24 20:38:10.532210
case_561,c,2025-02-24 20:43:10.532210
case_561,a,2025-02-24 20:48:10.532210
case_561,b,2025-02-24 20:53:10.532210
case_561,a,2025-02-24 20:58:10.532210
case_561,a,2025-02-24 21:03:10.532210
case_562,b,2025-02-24 19:28:10.532240
case_562,a,2025-02-24 19:33:10.532240
case_562,a,2025-02-24 19:38:10.532240
case_562,a,2025-02-24 19:43:10.532240
case_562,c,2025-02-24 19:48:10.532240
case_562,a,2025-02-24 19:53:10.532240
case_562,b,2025-02-24 19:58:10.532240
case_562,b,2025-02-24 20:03:10.532240
case_562,b,2025-02-24 20:08:10.532240
case_562,b,2025-02-24 20:13:10.532240
case_562,a,2025-02-24 20:18:10.532240
case_562,b,2025-02-24 20:23:10.532240
case_562,b,2025-02-24 20:28:10.532240
case_562,b,2025-02-24 20:33:10.532240
case_562,c,2025-02-24 20:38:10.532240
case_562,b,2025-02-24 20:43:10.532240
case_562,c,2025-02-24 20:48:10.532240
case_562,c,2025-02-24 20:53:10.532240
case_562,b,2025-02-24 20:58:10.532240
case_562,c,2025-02-24 21:03:10.532240
case_563,c,2025-02-24 19:28:10.532271
case_563,c,2025-02-24 19:33:10.532271
case_563,b,2025-02-24 19:38:10.532271
case_563,b,2025-02-24 19:43:10.532271
case_563,c,2025-02-24 19:48:10.532271
case_563,b,2025-02-24 19:53:10.532271
case_563,b,2025-02-24 19:58:10.532271
case_563,a,2025-02-24 20:03:10.532271
case_563,a,2025-02-24 20:08:10.532271
case_563,c,2025-02-24 20:13:10.532271
case_563,b,2025-02-24 20:18:10.532271
case_563,c,2025-02-24 20:23:10.532271
case_563,b,2025-02-24 20:28:10.532271
case_563,c,2025-02-24 20:33:10.532271
case_563,c,2025-02-24 20:38:10.532271
case_563,b,2025-02-24 20:43:10.532271
case_563,a,2025-02-24 20:48:10.532271
case_563,a,2025-02-24 20:53:10.532271
case_563,a,2025-02-24 20:58:10.532271
case_563,c,2025-02-24 21:03:10.532271
case_564,c,2025-02-24 19:28:10.532301
case_564,a,2025-02-24 19:33:10.532301
case_564,c,2025-02-24 19:38:10.532301
case_564,c,2025-02-24 19:43:10.532301
case_564,c,2025-02-24 19:48:10.532301
case_564,b,2025-02-24 19:53:10.532301
case_564,b,2025-02-24 19:58:10.532301
case_564,a,2025-02-24 20:03:10.532301
case_564,b,2025-02-24 20:08:10.532301
case_564,b,2025-02-24 20:13:10.532301
case_564,b,2025-02-24 20:18:10.532301
case_564,c,2025-02-24 20:23:10.532301
case_564,b,2025-02-24 20:28:10.532301
case_564,b,2025-02-24 20:33:10.532301
case_564,c,2025-02-24 20:38:10.532301
case_564,b,2025-02-24 20:43:10.532301
case_564,a,2025-02-24 20:48:10.532301
case_564,c,2025-02-24 20:53:10.532301
case_564,a,2025-02-24 20:58:10.532301
case_564,a,2025-02-24 21:03:10.532301
case_565,b,2025-02-24 19:28:10.532333
case_565,a,2025-02-24 19:33:10.532333
case_565,c,2025-02-24 19:38:10.532333
case_565,b,2025-02-24 19:43:10.532333
case_565,a,2025-02-24 19:48:10.532333
case_565,b,2025-02-24 19:53:10.532333
case_565,b,2025-02-24 19:58:10.532333
case_565,b,2025-02-24 20:03:10.532333
case_565,b,2025-02-24 20:08:10.532333
case_565,b,2025-02-24 20:13:10.532333
case_565,a,2025-02-24 20:18:10.532333
case_565,b,2025-02-24 20:23:10.532333
case_565,b,2025-02-24 20:28:10.532333
case_565,b,2025-02-24 20:33:10.532333
case_565,c,2025-02-24 20:38:10.532333
case_565,c,2025-02-24 20:43:10.532333
case_565,a,2025-02-24 20:48:10.532333
case_565,a,2025-02-24 20:53:10.532333
case_565,c,2025-02-24 20:58:10.532333
case_565,a,2025-02-24 21:03:10.532333
case_566,c,2025-02-24 19:28:10.532363
case_566,a,2025-02-24 19:33:10.532363
case_566,c,2025-02-24 19:38:10.532363
case_566,a,2025-02-24 19:43:10.532363
case_566,a,2025-02-24 19:48:10.532363
case_566,a,2025-02-24 19:53:10.532363
case_566,b,2025-02-24 19:58:10.532363
case_566,b,2025-02-24 20:03:10.532363
case_566,c,2025-02-24 20:08:10.532363
case_566,b,2025-02-24 20:13:10.532363
case_566,c,2025-02-24 20:18:10.532363
case_566,c,2025-02-24 20:23:10.532363
case_566,c,2025-02-24 20:28:10.532363
case_566,b,2025-02-24 20:33:10.532363
case_566,b,2025-02-24 20:38:10.532363
case_566,c,2025-02-24 20:43:10.532363
case_566,b,2025-02-24 20:48:10.532363
case_566,b,2025-02-24 20:53:10.532363
case_566,b,2025-02-24 20:58:10.532363
case_566,a,2025-02-24 21:03:10.532363
case_567,c,2025-02-24 19:28:10.532393
case_567,c,2025-02-24 19:33:10.532393
case_567,a,2025-02-24 19:38:10.532393
case_567,b,2025-02-24 19:43:10.532393
case_567,b,2025-02-24 19:48:10.532393
case_567,a,2025-02-24 19:53:10.532393
case_567,b,2025-02-24 19:58:10.532393
case_567,a,2025-02-24 20:03:10.532393
case_567,c,2025-02-24 20:08:10.532393
case_567,c,2025-02-24 20:13:10.532393
case_567,a,2025-02-24 20:18:10.532393
case_567,b,2025-02-24 20:23:10.532393
case_567,b,2025-02-24 20:28:10.532393
case_567,c,2025-02-24 20:33:10.532393
case_567,b,2025-02-24 20:38:10.532393
case_567,b,2025-02-24 20:43:10.532393
case_567,b,2025-02-24 20:48:10.532393
case_567,a,2025-02-24 20:53:10.532393
case_567,a,2025-02-24 20:58:10.532393
case_567,b,2025-02-24 21:03:10.532393
case_568,c,2025-02-24 19:28:10.532423
case_568,a,2025-02-24 19:33:10.532423
case_568,a,2025-02-24 19:38:10.532423
case_568,b,2025-02-24 19:43:10.532423
case_568,a,2025-02-24 19:48:10.532423
case_568,c,2025-02-24 19:53:10.532423
case_568,a,2025-02-24 19:58:10.532423
case_568,a,2025-02-24 20:03:10.532423
case_568,c,2025-02-24 20:08:10.532423
case_568,c,2025-02-24 20:13:10.532423
case_568,c,2025-02-24 20:18:10.532423
case_568,b,2025-02-24 20:23:10.532423
case_568,a,2025-02-24 20:28:10.532423
case_568,b,2025-02-24 20:33:10.532423
case_568,b,2025-02-24 20:38:10.532423
case_568,b,2025-02-24 20:43:10.532423
case_568,b,2025-02-24 20:48:10.532423
case_568,c,2025-02-24 20:53:10.532423
case_568,c,2025-02-24 20:58:10.532423
case_568,a,2025-02-24 21:03:10.532423
case_569,b,2025-02-24 19:28:10.532453
case_569,b,2025-02-24 19:33:10.532453
case_569,a,2025-02-24 19:38:10.532453
case_569,c,2025-02-24 19:43:10.532453
case_569,c,2025-02-24 19:48:10.532453
case_569,c,2025-02-24 19:53:10.532453
case_569,b,2025-02-24 19:58:10.532453
case_569,b,2025-02-24 20:03:10.532453
case_569,c,2025-02-24 20:08:10.532453
case_569,b,2025-02-24 20:13:10.532453
case_569,b,2025-02-24 20:18:10.532453
case_569,b,2025-02-24 20:23:10.532453
case_569,a,2025-02-24 20:28:10.532453
case_569,c,2025-02-24 20:33:10.532453
case_569,a,2025-02-24 20:38:10.532453
case_569,b,2025-02-24 20:43:10.532453
case_569,b,2025-02-24 20:48:10.532453
case_569,c,2025-02-24 20:53:10.532453
case_569,a,2025-02-24 20:58:10.532453
case_569,a,2025-02-24 21:03:10.532453
case_570,b,2025-02-24 19:28:10.532483
case_570,c,2025-02-24 19:33:10.532483
case_570,b,2025-02-24 19:38:10.532483
case_570,b,2025-02-24 19:43:10.532483
case_570,b,2025-02-24 19:48:10.532483
case_570,c,2025-02-24 19:53:10.532483
case_570,c,2025-02-24 19:58:10.532483
case_570,b,2025-02-24 20:03:10.532483
case_570,b,2025-02-24 20:08:10.532483
case_570,b,2025-02-24 20:13:10.532483
case_570,b,2025-02-24 20:18:10.532483
case_570,b,2025-02-24 20:23:10.532483
case_570,b,2025-02-24 20:28:10.532483
case_570,a,2025-02-24 20:33:10.532483
case_570,a,2025-02-24 20:38:10.532483
case_570,c,2025-02-24 20:43:10.532483
case_570,c,2025-02-24 20:48:10.532483
case_570,a,2025-02-24 20:53:10.532483
case_570,c,2025-02-24 20:58:10.532483
case_570,a,2025-02-24 21:03:10.532483
case_571,b,2025-02-24 19:28:10.532513
case_571,a,2025-02-24 19:33:10.532513
case_571,a,2025-02-24 19:38:10.532513
case_571,c,2025-02-24 19:43:10.532513
case_571,b,2025-02-24 19:48:10.532513
case_571,c,2025-02-24 19:53:10.532513
case_571,c,2025-02-24 19:58:10.532513
case_571,a,2025-02-24 20:03:10.532513
case_571,b,2025-02-24 20:08:10.532513
case_571,b,2025-02-24 20:13:10.532513
case_571,c,2025-02-24 20:18:10.532513
case_571,b,2025-02-24 20:23:10.532513
case_571,a,2025-02-24 20:28:10.532513
case_571,a,2025-02-24 20:33:10.532513
case_571,a,2025-02-24 20:38:10.532513
case_571,a,2025-02-24 20:43:10.532513
case_571,a,2025-02-24 20:48:10.532513
case_571,a,2025-02-24 20:53:10.532513
case_571,c,2025-02-24 20:58:10.532513
case_571,a,2025-02-24 21:03:10.532513
case_572,c,2025-02-24 19:28:10.532543
case_572,a,2025-02-24 19:33:10.532543
case_572,a,2025-02-24 19:38:10.532543
case_572,c,2025-02-24 19:43:10.532543
case_572,c,2025-02-24 19:48:10.532543
case_572,a,2025-02-24 19:53:10.532543
case_572,b,2025-02-24 19:58:10.532543
case_572,c,2025-02-24 20:03:10.532543
case_572,c,2025-02-24 20:08:10.532543
case_572,b,2025-02-24 20:13:10.532543
case_572,c,2025-02-24 20:18:10.532543
case_572,c,2025-02-24 20:23:10.532543
case_572,c,2025-02-24 20:28:10.532543
case_572,a,2025-02-24 20:33:10.532543
case_572,c,2025-02-24 20:38:10.532543
case_572,a,2025-02-24 20:43:10.532543
case_572,c,2025-02-24 20:48:10.532543
case_572,c,2025-02-24 20:53:10.532543
case_572,b,2025-02-24 20:58:10.532543
case_572,c,2025-02-24 21:03:10.532543
case_573,c,2025-02-24 19:28:10.532573
case_573,c,2025-02-24 19:33:10.532573
case_573,b,2025-02-24 19:38:10.532573
case_573,a,2025-02-24 19:43:10.532573
case_573,b,2025-02-24 19:48:10.532573
case_573,a,2025-02-24 19:53:10.532573
case_573,c,2025-02-24 19:58:10.532573
case_573,a,2025-02-24 20:03:10.532573
case_573,a,2025-02-24 20:08:10.532573
case_573,b,2025-02-24 20:13:10.532573
case_573,c,2025-02-24 20:18:10.532573
case_573,a,2025-02-24 20:23:10.532573
case_573,a,2025-02-24 20:28:10.532573
case_573,b,2025-02-24 20:33:10.532573
case_573,b,2025-02-24 20:38:10.532573
case_573,b,2025-02-24 20:43:10.532573
case_573,b,2025-02-24 20:48:10.532573
case_573,b,2025-02-24 20:53:10.532573
case_573,a,2025-02-24 20:58:10.532573
case_573,b,2025-02-24 21:03:10.532573
case_574,b,2025-02-24 19:28:10.532603
case_574,a,2025-02-24 19:33:10.532603
case_574,c,2025-02-24 19:38:10.532603
case_574,a,2025-02-24 19:43:10.532603
case_574,a,2025-02-24 19:48:10.532603
case_574,b,2025-02-24 19:53:10.532603
case_574,c,2025-02-24 19:58:10.532603
case_574,b,2025-02-24 20:03:10.532603
case_574,c,2025-02-24 20:08:10.532603
case_574,c,2025-02-24 20:13:10.532603
case_574,b,2025-02-24 20:18:10.532603
case_574,c,2025-02-24 20:23:10.532603
case_574,a,2025-02-24 20:28:10.532603
case_574,b,2025-02-24 20:33:10.532603
case_574,b,2025-02-24 20:38:10.532603
case_574,b,2025-02-24 20:43:10.532603
case_574,b,2025-02-24 20:48:10.532603
case_574,b,2025-02-24 20:53:10.532603
case_574,c,2025-02-24 20:58:10.532603
case_574,a,2025-02-24 21:03:10.532603
case_575,c,2025-02-24 19:28:10.532633
case_575,a,2025-02-24 19:33:10.532633
case_575,b,2025-02-24 19:38:10.532633
case_575,a,2025-02-24 19:43:10.532633
case_575,b,2025-02-24 19:48:10.532633
case_575,a,2025-02-24 19:53:10.532633
case_575,b,2025-02-24 19:58:10.532633
case_575,c,2025-02-24 20:03:10.532633
case_575,a,2025-02-24 20:08:10.532633
case_575,a,2025-02-24 20:13:10.532633
case_575,a,2025-02-24 20:18:10.532633
case_575,b,2025-02-24 20:23:10.532633
case_575,c,2025-02-24 20:28:10.532633
case_575,a,2025-02-24 20:33:10.532633
case_575,a,2025-02-24 20:38:10.532633
case_575,b,2025-02-24 20:43:10.532633
case_575,c,2025-02-24 20:48:10.532633
case_575,c,2025-02-24 20:53:10.532633
case_575,c,2025-02-24 20:58:10.532633
case_575,b,2025-02-24 21:03:10.532633
case_576,c,2025-02-24 19:28:10.532664
case_576,c,2025-02-24 19:33:10.532664
case_576,a,2025-02-24 19:38:10.532664
case_576,c,2025-02-24 19:43:10.532664
case_576,a,2025-02-24 19:48:10.532664
case_576,b,2025-02-24 19:53:10.532664
case_576,a,2025-02-24 19:58:10.532664
case_576,a,2025-02-24 20:03:10.532664
case_576,a,2025-02-24 20:08:10.532664
case_576,b,2025-02-24 20:13:10.532664
case_576,c,2025-02-24 20:18:10.532664
case_576,c,2025-02-24 20:23:10.532664
case_576,a,2025-02-24 20:28:10.532664
case_576,a,2025-02-24 20:33:10.532664
case_576,c,2025-02-24 20:38:10.532664
case_576,a,2025-02-24 20:43:10.532664
case_576,b,2025-02-24 20:48:10.532664
case_576,a,2025-02-24 20:53:10.532664
case_576,b,2025-02-24 20:58:10.532664
case_576,a,2025-02-24 21:03:10.532664
case_577,c,2025-02-24 19:28:10.532694
case_577,a,2025-02-24 19:33:10.532694
case_577,a,2025-02-24 19:38:10.532694
case_577,a,2025-02-24 19:43:10.532694
case_577,c,2025-02-24 19:48:10.532694
case_577,c,2025-02-24 19:53:10.532694
case_577,a,2025-02-24 19:58:10.532694
case_577,c,2025-02-24 20:03:10.532694
case_577,c,2025-02-24 20:08:10.532694
case_577,b,2025-02-24 20:13:10.532694
case_577,b,2025-02-24 20:18:10.532694
case_577,b,2025-02-24 20:23:10.532694
case_577,b,2025-02-24 20:28:10.532694
case_577,b,2025-02-24 20:33:10.532694
case_577,a,2025-02-24 20:38:10.532694
case_577,a,2025-02-24 20:43:10.532694
case_577,a,2025-02-24 20:48:10.532694
case_577,b,2025-02-24 20:53:10.532694
case_577,c,2025-02-24 20:58:10.532694
case_577,b,2025-02-24 21:03:10.532694
case_578,c,2025-02-24 19:28:10.532724
case_578,b,2025-02-24 19:33:10.532724
case_578,a,2025-02-24 19:38:10.532724
case_578,a,2025-02-24 19:43:10.532724
case_578,c,2025-02-24 19:48:10.532724
case_578,c,2025-02-24 19:53:10.532724
case_578,a,2025-02-24 19:58:10.532724
case_578,a,2025-02-24 20:03:10.532724
case_578,b,2025-02-24 20:08:10.532724
case_578,b,2025-02-24 20:13:10.532724
case_578,a,2025-02-24 20:18:10.532724
case_578,c,2025-02-24 20:23:10.532724
case_578,c,2025-02-24 20:28:10.532724
case_578,b,2025-02-24 20:33:10.532724
case_578,c,2025-02-24 20:38:10.532724
case_578,b,2025-02-24 20:43:10.532724
case_578,c,2025-02-24 20:48:10.532724
case_578,c,2025-02-24 20:53:10.532724
case_578,b,2025-02-24 20:58:10.532724
case_578,b,2025-02-24 21:03:10.532724
case_579,b,2025-02-24 19:28:10.532754
case_579,b,2025-02-24 19:33:10.532754
case_579,c,2025-02-24 19:38:10.532754
case_579,a,2025-02-24 19:43:10.532754
case_579,c,2025-02-24 19:48:10.532754
case_579,c,2025-02-24 19:53:10.532754
case_579,a,2025-02-24 19:58:10.532754
case_579,b,2025-02-24 20:03:10.532754
case_579,a,2025-02-24 20:08:10.532754
case_579,b,2025-02-24 20:13:10.532754
case_579,c,2025-02-24 20:18:10.532754
case_579,a,2025-02-24 20:23:10.532754
case_579,c,2025-02-24 20:28:10.532754
case_579,a,2025-02-24 20:33:10.532754
case_579,c,2025-02-24 20:38:10.532754
case_579,b,2025-02-24 20:43:10.532754
case_579,a,2025-02-24 20:48:10.532754
case_579,b,2025-02-24 20:53:10.532754
case_579,a,2025-02-24 20:58:10.532754
case_579,a,2025-02-24 21:03:10.532754
case_580,b,2025-02-24 19:28:10.532784
case_580,b,2025-02-24 19:33:10.532784
case_580,c,2025-02-24 19:38:10.532784
case_580,c,2025-02-24 19:43:10.532784
case_580,b,2025-02-24 19:48:10.532784
case_580,c,2025-02-24 19:53:10.532784
case_580,c,2025-02-24 19:58:10.532784
case_580,c,2025-02-24 20:03:10.532784
case_580,b,2025-02-24 20:08:10.532784
case_580,b,2025-02-24 20:13:10.532784
case_580,c,2025-02-24 20:18:10.532784
case_580,a,2025-02-24 20:23:10.532784
case_580,b,2025-02-24 20:28:10.532784
case_580,b,2025-02-24 20:33:10.532784
case_580,b,2025-02-24 20:38:10.532784
case_580,a,2025-02-24 20:43:10.532784
case_580,c,2025-02-24 20:48:10.532784
case_580,a,2025-02-24 20:53:10.532784
case_580,a,2025-02-24 20:58:10.532784
case_580,b,2025-02-24 21:03:10.532784
case_581,b,2025-02-24 19:28:10.532815
case_581,b,2025-02-24 19:33:10.532815
case_581,c,2025-02-24 19:38:10.532815
case_581,c,2025-02-24 19:43:10.532815
case_581,a,2025-02-24 19:48:10.532815
case_581,b,2025-02-24 19:53:10.532815
case_581,b,2025-02-24 19:58:10.532815
case_581,a,2025-02-24 20:03:10.532815
case_581,b,2025-02-24 20:08:10.532815
case_581,c,2025-02-24 20:13:10.532815
case_581,a,2025-02-24 20:18:10.532815
case_581,a,2025-02-24 20:23:10.532815
case_581,b,2025-02-24 20:28:10.532815
case_581,b,2025-02-24 20:33:10.532815
case_581,c,2025-02-24 20:38:10.532815
case_581,c,2025-02-24 20:43:10.532815
case_581,a,2025-02-24 20:48:10.532815
case_581,a,2025-02-24 20:53:10.532815
case_581,a,2025-02-24 20:58:10.532815
case_581,b,2025-02-24 21:03:10.532815
case_582,b,2025-02-24 19:28:10.532845
case_582,b,2025-02-24 19:33:10.532845
case_582,b,2025-02-24 19:38:10.532845
case_582,a,2025-02-24 19:43:10.532845
case_582,c,2025-02-24 19:48:10.532845
case_582,a,2025-02-24 19:53:10.532845
case_582,b,2025-02-24 19:58:10.532845
case_582,c,2025-02-24 20:03:10.532845
case_582,b,2025-02-24 20:08:10.532845
case_582,c,2025-02-24 20:13:10.532845
case_582,a,2025-02-24 20:18:10.532845
case_582,b,2025-02-24 20:23:10.532845
case_582,b,2025-02-24 20:28:10.532845
case_582,c,2025-02-24 20:33:10.532845
case_582,c,2025-02-24 20:38:10.532845
case_582,b,2025-02-24 20:43:10.532845
case_582,b,2025-02-24 20:48:10.532845
case_582,a,2025-02-24 20:53:10.532845
case_582,a,2025-02-24 20:58:10.532845
case_582,c,2025-02-24 21:03:10.532845
case_583,b,2025-02-24 19:28:10.532875
case_583,c,2025-02-24 19:33:10.532875
case_583,c,2025-02-24 19:38:10.532875
case_583,a,2025-02-24 19:43:10.532875
case_583,c,2025-02-24 19:48:10.532875
case_583,c,2025-02-24 19:53:10.532875
case_583,c,2025-02-24 19:58:10.532875
case_583,a,2025-02-24 20:03:10.532875
case_583,a,2025-02-24 20:08:10.532875
case_583,c,2025-02-24 20:13:10.532875
case_583,a,2025-02-24 20:18:10.532875
case_583,c,2025-02-24 20:23:10.532875
case_583,b,2025-02-24 20:28:10.532875
case_583,a,2025-02-24 20:33:10.532875
case_583,a,2025-02-24 20:38:10.532875
case_583,a,2025-02-24 20:43:10.532875
case_583,a,2025-02-24 20:48:10.532875
case_583,c,2025-02-24 20:53:10.532875
case_583,a,2025-02-24 20:58:10.532875
case_583,b,2025-02-24 21:03:10.532875
case_584,b,2025-02-24 19:28:10.532905
case_584,c,2025-02-24 19:33:10.532905
case_584,b,2025-02-24 19:38:10.532905
case_584,a,2025-02-24 19:43:10.532905
case_584,b,2025-02-24 19:48:10.532905
case_584,c,2025-02-24 19:53:10.532905
case_584,a,2025-02-24 19:58:10.532905
case_584,a,2025-02-24 20:03:10.532905
case_584,a,2025-02-24 20:08:10.532905
case_584,c,2025-02-24 20:13:10.532905
case_584,a,2025-02-24 20:18:10.532905
case_584,c,2025-02-24 20:23:10.532905
case_584,a,2025-02-24 20:28:10.532905
case_584,a,2025-02-24 20:33:10.532905
case_584,b,2025-02-24 20:38:10.532905
case_584,a,2025-02-24 20:43:10.532905
case_584,b,2025-02-24 20:48:10.532905
case_584,c,2025-02-24 20:53:10.532905
case_584,c,2025-02-24 20:58:10.532905
case_584,c,2025-02-24 21:03:10.532905
case_585,b,2025-02-24 19:28:10.532936
case_585,c,2025-02-24 19:33:10.532936
case_585,a,2025-02-24 19:38:10.532936
case_585,c,2025-02-24 19:43:10.532936
case_585,a,2025-02-24 19:48:10.532936
case_585,a,2025-02-24 19:53:10.532936
case_585,a,2025-02-24 19:58:10.532936
case_585,c,2025-02-24 20:03:10.532936
case_585,b,2025-02-24 20:08:10.532936
case_585,c,2025-02-24 20:13:10.532936
case_585,c,2025-02-24 20:18:10.532936
case_585,c,2025-02-24 20:23:10.532936
case_585,b,2025-02-24 20:28:10.532936
case_585,b,2025-02-24 20:33:10.532936
case_585,a,2025-02-24 20:38:10.532936
case_585,c,2025-02-24 20:43:10.532936
case_585,a,2025-02-24 20:48:10.532936
case_585,a,2025-02-24 20:53:10.532936
case_585,a,2025-02-24 20:58:10.532936
case_585,b,2025-02-24 21:03:10.532936
case_586,c,2025-02-24 19:28:10.532967
case_586,b,2025-02-24 19:33:10.532967
case_586,b,2025-02-24 19:38:10.532967
case_586,a,2025-02-24 19:43:10.532967
case_586,a,2025-02-24 19:48:10.532967
case_586,c,2025-02-24 19:53:10.532967
case_586,b,2025-02-24 19:58:10.532967
case_586,b,2025-02-24 20:03:10.532967
case_586,b,2025-02-24 20:08:10.532967
case_586,b,2025-02-24 20:13:10.532967
case_586,c,2025-02-24 20:18:10.532967
case_586,a,2025-02-24 20:23:10.532967
case_586,c,2025-02-24 20:28:10.532967
case_586,a,2025-02-24 20:33:10.532967
case_586,a,2025-02-24 20:38:10.532967
case_586,c,2025-02-24 20:43:10.532967
case_586,b,2025-02-24 20:48:10.532967
case_586,b,2025-02-24 20:53:10.532967
case_586,c,2025-02-24 20:58:10.532967
case_586,a,2025-02-24 21:03:10.532967
case_587,b,2025-02-24 19:28:10.532997
case_587,b,2025-02-24 19:33:10.532997
case_587,c,2025-02-24 19:38:10.532997
case_587,b,2025-02-24 19:43:10.532997
case_587,a,2025-02-24 19:48:10.532997
case_587,c,2025-02-24 19:53:10.532997
case_587,b,2025-02-24 19:58:10.532997
case_587,a,2025-02-24 20:03:10.532997
case_587,c,2025-02-24 20:08:10.532997
case_587,b,2025-02-24 20:13:10.532997
case_587,a,2025-02-24 20:18:10.532997
case_587,c,2025-02-24 20:23:10.532997
case_587,b,2025-02-24 20:28:10.532997
case_587,b,2025-02-24 20:33:10.532997
case_587,a,2025-02-24 20:38:10.532997
case_587,b,2025-02-24 20:43:10.532997
case_587,b,2025-02-24 20:48:10.532997
case_587,a,2025-02-24 20:53:10.532997
case_587,a,2025-02-24 20:58:10.532997
case_587,c,2025-02-24 21:03:10.532997
case_588,c,2025-02-24 19:28:10.533028
case_588,a,2025-02-24 19:33:10.533028
case_588,b,2025-02-24 19:38:10.533028
case_588,b,2025-02-24 19:43:10.533028
case_588,c,2025-02-24 19:48:10.533028
case_588,b,2025-02-24 19:53:10.533028
case_588,b,2025-02-24 19:58:10.533028
case_588,c,2025-02-24 20:03:10.533028
case_588,b,2025-02-24 20:08:10.533028
case_588,a,2025-02-24 20:13:10.533028
case_588,b,2025-02-24 20:18:10.533028
case_588,a,2025-02-24 20:23:10.533028
case_588,c,2025-02-24 20:28:10.533028
case_588,a,2025-02-24 20:33:10.533028
case_588,a,2025-02-24 20:38:10.533028
case_588,c,2025-02-24 20:43:10.533028
case_588,a,2025-02-24 20:48:10.533028
case_588,b,2025-02-24 20:53:10.533028
case_588,a,2025-02-24 20:58:10.533028
case_588,c,2025-02-24 21:03:10.533028
case_589,c,2025-02-24 19:28:10.533059
case_589,b,2025-02-24 19:33:10.533059
case_589,b,2025-02-24 19:38:10.533059
case_589,c,2025-02-24 19:43:10.533059
case_589,c,2025-02-24 19:48:10.533059
case_589,c,2025-02-24 19:53:10.533059
case_589,b,2025-02-24 19:58:10.533059
case_589,a,2025-02-24 20:03:10.533059
case_589,c,2025-02-24 20:08:10.533059
case_589,b,2025-02-24 20:13:10.533059
case_589,c,2025-02-24 20:18:10.533059
case_589,b,2025-02-24 20:23:10.533059
case_589,c,2025-02-24 20:28:10.533059
case_589,a,2025-02-24 20:33:10.533059
case_589,c,2025-02-24 20:38:10.533059
case_589,b,2025-02-24 20:43:10.533059
case_589,a,2025-02-24 20:48:10.533059
case_589,a,2025-02-24 20:53:10.533059
case_589,c,2025-02-24 20:58:10.533059
case_589,b,2025-02-24 21:03:10.533059
case_590,b,2025-02-24 19:28:10.533089
case_590,a,2025-02-24 19:33:10.533089
case_590,c,2025-02-24 19:38:10.533089
case_590,c,2025-02-24 19:43:10.533089
case_590,b,2025-02-24 19:48:10.533089
case_590,a,2025-02-24 19:53:10.533089
case_590,b,2025-02-24 19:58:10.533089
case_590,c,2025-02-24 20:03:10.533089
case_590,b,2025-02-24 20:08:10.533089
case_590,b,2025-02-24 20:13:10.533089
case_590,c,2025-02-24 20:18:10.533089
case_590,a,2025-02-24 20:23:10.533089
case_590,c,2025-02-24 20:28:10.533089
case_590,b,2025-02-24 20:33:10.533089
case_590,a,2025-02-24 20:38:10.533089
case_590,c,2025-02-24 20:43:10.533089
case_590,b,2025-02-24 20:48:10.533089
case_590,a,2025-02-24 20:53:10.533089
case_590,a,2025-02-24 20:58:10.533089
case_590,a,2025-02-24 21:03:10.533089
case_591,b,2025-02-24 19:28:10.533120
case_591,b,2025-02-24 19:33:10.533120
case_591,a,2025-02-24 19:38:10.533120
case_591,c,2025-02-24 19:43:10.533120
case_591,b,2025-02-24 19:48:10.533120
case_591,a,2025-02-24 19:53:10.533120
case_591,c,2025-02-24 19:58:10.533120
case_591,b,2025-02-24 20:03:10.533120
case_591,b,2025-02-24 20:08:10.533120
case_591,c,2025-02-24 20:13:10.533120
case_591,c,2025-02-24 20:18:10.533120
case_591,c,2025-02-24 20:23:10.533120
case_591,a,2025-02-24 20:28:10.533120
case_591,a,2025-02-24 20:33:10.533120
case_591,c,2025-02-24 20:38:10.533120
case_591,a,2025-02-24 20:43:10.533120
case_591,a,2025-02-24 20:48:10.533120
case_591,a,2025-02-24 20:53:10.533120
case_591,a,2025-02-24 20:58:10.533120
case_591,b,2025-02-24 21:03:10.533120
case_592,b,2025-02-24 19:28:10.533150
case_592,b,2025-02-24 19:33:10.533150
case_592,a,2025-02-24 19:38:10.533150
case_592,c,2025-02-24 19:43:10.533150
case_592,b,2025-02-24 19:48:10.533150
case_592,a,2025-02-24 19:53:10.533150
case_592,a,2025-02-24 19:58:10.533150
case_592,a,2025-02-24 20:03:10.533150
case_592,b,2025-02-24 20:08:10.533150
case_592,b,2025-02-24 20:13:10.533150
case_592,b,2025-02-24 20:18:10.533150
case_592,a,2025-02-24 20:23:10.533150
case_592,c,2025-02-24 20:28:10.533150
case_592,b,2025-02-24 20:33:10.533150
case_592,c,2025-02-24 20:38:10.533150
case_592,b,2025-02-24 20:43:10.533150
case_592,a,2025-02-24 20:48:10.533150
case_592,b,2025-02-24 20:53:10.533150
case_592,b,2025-02-24 20:58:10.533150
case_592,c,2025-02-24 21:03:10.533150
case_593,c,2025-02-24 19:28:10.533181
case_593,c,2025-02-24 19:33:10.533181
case_593,b,2025-02-24 19:38:10.533181
case_593,a,2025-02-24 19:43:10.533181
case_593,c,2025-02-24 19:48:10.533181
case_593,c,2025-02-24 19:53:10.533181
case_593,a,2025-02-24 19:58:10.533181
case_593,b,2025-02-24 20:03:10.533181
case_593,a,2025-02-24 20:08:10.533181
case_593,a,2025-02-24 20:13:10.533181
case_593,c,2025-02-24 20:18:10.533181
case_593,a,2025-02-24 20:23:10.533181
case_593,c,2025-02-24 20:28:10.533181
case_593,c,2025-02-24 20:33:10.533181
case_593,a,2025-02-24 20:38:10.533181
case_593,b,2025-02-24 20:43:10.533181
case_593,b,2025-02-24 20:48:10.533181
case_593,b,2025-02-24 20:53:10.533181
case_593,c,2025-02-24 20:58:10.533181
case_593,c,2025-02-24 21:03:10.533181
case_594,b,2025-02-24 19:28:10.533211
case_594,a,2025-02-24 19:33:10.533211
case_594,b,2025-02-24 19:38:10.533211
case_594,c,2025-02-24 19:43:10.533211
case_594,b,2025-02-24 19:48:10.533211
case_594,a,2025-02-24 19:53:10.533211
case_594,b,2025-02-24 19:58:10.533211
case_594,b,2025-02-24 20:03:10.533211
case_594,a,2025-02-24 20:08:10.533211
case_594,c,2025-02-24 20:13:10.533211
case_594,c,2025-02-24 20:18:10.533211
case_594,b,2025-02-24 20:23:10.533211
case_594,a,2025-02-24 20:28:10.533211
case_594,a,2025-02-24 20:33:10.533211
case_594,b,2025-02-24 20:38:10.533211
case_594,c,2025-02-24 20:43:10.533211
case_594,c,2025-02-24 20:48:10.533211
case_594,b,2025-02-24 20:53:10.533211
case_594,a,2025-02-24 20:58:10.533211
case_594,a,2025-02-24 21:03:10.533211
case_595,b,2025-02-24 19:28:10.533242
case_595,b,2025-02-24 19:33:10.533242
case_595,a,2025-02-24 19:38:10.533242
case_595,a,2025-02-24 19:43:10.533242
case_595,b,2025-02-24 19:48:10.533242
case_595,c,2025-02-24 19:53:10.533242
case_595,a,2025-02-24 19:58:10.533242
case_595,c,2025-02-24 20:03:10.533242
case_595,b,2025-02-24 20:08:10.533242
case_595,b,2025-02-24 20:13:10.533242
case_595,a,2025-02-24 20:18:10.533242
case_595,a,2025-02-24 20:23:10.533242
case_595,a,2025-02-24 20:28:10.533242
case_595,c,2025-02-24 20:33:10.533242
case_595,c,2025-02-24 20:38:10.533242
case_595,c,2025-02-24 20:43:10.533242
case_595,c,2025-02-24 20:48:10.533242
case_595,c,2025-02-24 20:53:10.533242
case_595,c,2025-02-24 20:58:10.533242
case_595,c,2025-02-24 21:03:10.533242
case_596,b,2025-02-24 19:28:10.533272
case_596,a,2025-02-24 19:33:10.533272
case_596,b,2025-02-24 19:38:10.533272
case_596,b,2025-02-24 19:43:10.533272
case_596,b,2025-02-24 19:48:10.533272
case_596,a,2025-02-24 19:53:10.533272
case_596,b,2025-02-24 19:58:10.533272
case_596,c,2025-02-24 20:03:10.533272
case_596,a,2025-02-24 20:08:10.533272
case_596,a,2025-02-24 20:13:10.533272
case_596,c,2025-02-24 20:18:10.533272
case_596,a,2025-02-24 20:23:10.533272
case_596,b,2025-02-24 20:28:10.533272
case_596,b,2025-02-24 20:33:10.533272
case_596,b,2025-02-24 20:38:10.533272
case_596,b,2025-02-24 20:43:10.533272
case_596,c,2025-02-24 20:48:10.533272
case_596,a,2025-02-24 20:53:10.533272
case_596,c,2025-02-24 20:58:10.533272
case_596,a,2025-02-24 21:03:10.533272
case_597,c,2025-02-24 19:28:10.533303
case_597,b,2025-02-24 19:33:10.533303
case_597,c,2025-02-24 19:38:10.533303
case_597,b,2025-02-24 19:43:10.533303
case_597,c,2025-02-24 19:48:10.533303
case_597,b,2025-02-24 19:53:10.533303
case_597,b,2025-02-24 19:58:10.533303
case_597,b,2025-02-24 20:03:10.533303
case_597,a,2025-02-24 20:08:10.533303
case_597,a,2025-02-24 20:13:10.533303
case_597,c,2025-02-24 20:18:10.533303
case_597,a,2025-02-24 20:23:10.533303
case_597,a,2025-02-24 20:28:10.533303
case_597,a,2025-02-24 20:33:10.533303
case_597,a,2025-02-24 20:38:10.533303
case_597,a,2025-02-24 20:43:10.533303
case_597,a,2025-02-24 20:48:10.533303
case_597,c,2025-02-24 20:53:10.533303
case_597,b,2025-02-24 20:58:10.533303
case_597,b,2025-02-24 21:03:10.533303
case_598,b,2025-02-24 19:28:10.533335
case_598,c,2025-02-24 19:33:10.533335
case_598,b,2025-02-24 19:38:10.533335
case_598,c,2025-02-24 19:43:10.533335
case_598,c,2025-02-24 19:48:10.533335
case_598,c,2025-02-24 19:53:10.533335
case_598,b,2025-02-24 19:58:10.533335
case_598,b,2025-02-24 20:03:10.533335
case_598,a,2025-02-24 20:08:10.533335
case_598,b,2025-02-24 20:13:10.533335
case_598,a,2025-02-24 20:18:10.533335
case_598,c,2025-02-24 20:23:10.533335
case_598,c,2025-02-24 20:28:10.533335
case_598,a,2025-02-24 20:33:10.533335
case_598,b,2025-02-24 20:38:10.533335
case_598,c,2025-02-24 20:43:10.533335
case_598,b,2025-02-24 20:48:10.533335
case_598,b,2025-02-24 20:53:10.533335
case_598,a,2025-02-24 20:58:10.533335
case_598,a,2025-02-24 21:03:10.533335
case_599,c,2025-02-24 19:28:10.533367
case_599,c,2025-02-24 19:33:10.533367
case_599,b,2025-02-24 19:38:10.533367
case_599,c,2025-02-24 19:43:10.533367
case_599,c,2025-02-24 19:48:10.533367
case_599,a,2025-02-24 19:53:10.533367
case_599,c,2025-02-24 19:58:10.533367
case_599,b,2025-02-24 20:03:10.533367
case_599,b,2025-02-24 20:08:10.533367
case_599,c,2025-02-24 20:13:10.533367
case_599,a,2025-02-24 20:18:10.533367
case_599,b,2025-02-24 20:23:10.533367
case_599,c,2025-02-24 20:28:10.533367
case_599,b,2025-02-24 20:33:10.533367
case_599,b,2025-02-24 20:38:10.533367
case_599,b,2025-02-24 20:43:10.533367
case_599,b,2025-02-24 20:48:10.533367
case_599,b,2025-02-24 20:53:10.533367
case_599,a,2025-02-24 20:58:10.533367
case_599,a,2025-02-24 21:03:10.533367
case_600,b,2025-02-24 19:28:10.533397
case_600,b,2025-02-24 19:33:10.533397
case_600,b,2025-02-24 19:38:10.533397
case_600,c,2025-02-24 19:43:10.533397
case_600,c,2025-02-24 19:48:10.533397
case_600,b,2025-02-24 19:53:10.533397
case_600,b,2025-02-24 19:58:10.533397
case_600,c,2025-02-24 20:03:10.533397
case_600,a,2025-02-24 20:08:10.533397
case_600,c,2025-02-24 20:13:10.533397
case_600,b,2025-02-24 20:18:10.533397
case_600,c,2025-02-24 20:23:10.533397
case_600,a,2025-02-24 20:28:10.533397
case_600,c,2025-02-24 20:33:10.533397
case_600,b,2025-02-24 20:38:10.533397
case_600,b,2025-02-24 20:43:10.533397
case_600,c,2025-02-24 20:48:10.533397
case_600,c,2025-02-24 20:53:10.533397
case_600,a,2025-02-24 20:58:10.533397
case_600,a,2025-02-24 21:03:10.533397
case_601,c,2025-02-24 19:28:10.533427
case_601,b,2025-02-24 19:33:10.533427
case_601,a,2025-02-24 19:38:10.533427
case_601,a,2025-02-24 19:43:10.533427
case_601,c,2025-02-24 19:48:10.533427
case_601,c,2025-02-24 19:53:10.533427
case_601,b,2025-02-24 19:58:10.533427
case_601,a,2025-02-24 20:03:10.533427
case_601,b,2025-02-24 20:08:10.533427
case_601,a,2025-02-24 20:13:10.533427
case_601,a,2025-02-24 20:18:10.533427
case_601,c,2025-02-24 20:23:10.533427
case_601,b,2025-02-24 20:28:10.533427
case_601,a,2025-02-24 20:33:10.533427
case_601,c,2025-02-24 20:38:10.533427
case_601,c,2025-02-24 20:43:10.533427
case_601,c,2025-02-24 20:48:10.533427
case_601,b,2025-02-24 20:53:10.533427
case_601,a,2025-02-24 20:58:10.533427
case_601,b,2025-02-24 21:03:10.533427
case_602,b,2025-02-24 19:28:10.533458
case_602,b,2025-02-24 19:33:10.533458
case_602,c,2025-02-24 19:38:10.533458
case_602,c,2025-02-24 19:43:10.533458
case_602,b,2025-02-24 19:48:10.533458
case_602,a,2025-02-24 19:53:10.533458
case_602,c,2025-02-24 19:58:10.533458
case_602,c,2025-02-24 20:03:10.533458
case_602,b,2025-02-24 20:08:10.533458
case_602,b,2025-02-24 20:13:10.533458
case_602,c,2025-02-24 20:18:10.533458
case_602,c,2025-02-24 20:23:10.533458
case_602,b,2025-02-24 20:28:10.533458
case_602,c,2025-02-24 20:33:10.533458
case_602,c,2025-02-24 20:38:10.533458
case_602,a,2025-02-24 20:43:10.533458
case_602,c,2025-02-24 20:48:10.533458
case_602,c,2025-02-24 20:53:10.533458
case_602,a,2025-02-24 20:58:10.533458
case_602,a,2025-02-24 21:03:10.533458
case_603,b,2025-02-24 19:28:10.533487
case_603,c,2025-02-24 19:33:10.533487
case_603,c,2025-02-24 19:38:10.533487
case_603,b,2025-02-24 19:43:10.533487
case_603,c,2025-02-24 19:48:10.533487
case_603,b,2025-02-24 19:53:10.533487
case_603,b,2025-02-24 19:58:10.533487
case_603,b,2025-02-24 20:03:10.533487
case_603,c,2025-02-24 20:08:10.533487
case_603,c,2025-02-24 20:13:10.533487
case_603,c,2025-02-24 20:18:10.533487
case_603,c,2025-02-24 20:23:10.533487
case_603,c,2025-02-24 20:28:10.533487
case_603,a,2025-02-24 20:33:10.533487
case_603,c,2025-02-24 20:38:10.533487
case_603,c,2025-02-24 20:43:10.533487
case_603,b,2025-02-24 20:48:10.533487
case_603,c,2025-02-24 20:53:10.533487
case_603,a,2025-02-24 20:58:10.533487
case_603,a,2025-02-24 21:03:10.533487
case_604,c,2025-02-24 19:28:10.533517
case_604,a,2025-02-24 19:33:10.533517
case_604,b,2025-02-24 19:38:10.533517
case_604,a,2025-02-24 19:43:10.533517
case_604,a,2025-02-24 19:48:10.533517
case_604,c,2025-02-24 19:53:10.533517
case_604,c,2025-02-24 19:58:10.533517
case_604,c,2025-02-24 20:03:10.533517
case_604,c,2025-02-24 20:08:10.533517
case_604,a,2025-02-24 20:13:10.533517
case_604,c,2025-02-24 20:18:10.533517
case_604,c,2025-02-24 20:23:10.533517
case_604,b,2025-02-24 20:28:10.533517
case_604,a,2025-02-24 20:33:10.533517
case_604,b,2025-02-24 20:38:10.533517
case_604,a,2025-02-24 20:43:10.533517
case_604,c,2025-02-24 20:48:10.533517
case_604,b,2025-02-24 20:53:10.533517
case_604,b,2025-02-24 20:58:10.533517
case_604,b,2025-02-24 21:03:10.533517
case_605,b,2025-02-24 19:28:10.533547
case_605,b,2025-02-24 19:33:10.533547
case_605,a,2025-02-24 19:38:10.533547
case_605,b,2025-02-24 19:43:10.533547
case_605,c,2025-02-24 19:48:10.533547
case_605,a,2025-02-24 19:53:10.533547
case_605,c,2025-02-24 19:58:10.533547
case_605,c,2025-02-24 20:03:10.533547
case_605,b,2025-02-24 20:08:10.533547
case_605,a,2025-02-24 20:13:10.533547
case_605,c,2025-02-24 20:18:10.533547
case_605,b,2025-02-24 20:23:10.533547
case_605,b,2025-02-24 20:28:10.533547
case_605,b,2025-02-24 20:33:10.533547
case_605,c,2025-02-24 20:38:10.533547
case_605,b,2025-02-24 20:43:10.533547
case_605,a,2025-02-24 20:48:10.533547
case_605,b,2025-02-24 20:53:10.533547
case_605,a,2025-02-24 20:58:10.533547
case_605,a,2025-02-24 21:03:10.533547
case_606,b,2025-02-24 19:28:10.533577
case_606,a,2025-02-24 19:33:10.533577
case_606,c,2025-02-24 19:38:10.533577
case_606,a,2025-02-24 19:43:10.533577
case_606,b,2025-02-24 19:48:10.533577
case_606,c,2025-02-24 19:53:10.533577
case_606,b,2025-02-24 19:58:10.533577
case_606,c,2025-02-24 20:03:10.533577
case_606,b,2025-02-24 20:08:10.533577
case_606,a,2025-02-24 20:13:10.533577
case_606,c,2025-02-24 20:18:10.533577
case_606,c,2025-02-24 20:23:10.533577
case_606,b,2025-02-24 20:28:10.533577
case_606,c,2025-02-24 20:33:10.533577
case_606,c,2025-02-24 20:38:10.533577
case_606,b,2025-02-24 20:43:10.533577
case_606,b,2025-02-24 20:48:10.533577
case_606,a,2025-02-24 20:53:10.533577
case_606,a,2025-02-24 20:58:10.533577
case_606,b,2025-02-24 21:03:10.533577
case_607,c,2025-02-24 19:28:10.533607
case_607,c,2025-02-24 19:33:10.533607
case_607,b,2025-02-24 19:38:10.533607
case_607,a,2025-02-24 19:43:10.533607
case_607,c,2025-02-24 19:48:10.533607
case_607,b,2025-02-24 19:53:10.533607
case_607,c,2025-02-24 19:58:10.533607
case_607,c,2025-02-24 20:03:10.533607
case_607,a,2025-02-24 20:08:10.533607
case_607,a,2025-02-24 20:13:10.533607
case_607,c,2025-02-24 20:18:10.533607
case_607,a,2025-02-24 20:23:10.533607
case_607,a,2025-02-24 20:28:10.533607
case_607,b,2025-02-24 20:33:10.533607
case_607,a,2025-02-24 20:38:10.533607
case_607,c,2025-02-24 20:43:10.533607
case_607,b,2025-02-24 20:48:10.533607
case_607,a,2025-02-24 20:53:10.533607
case_607,c,2025-02-24 20:58:10.533607
case_607,b,2025-02-24 21:03:10.533607
case_608,b,2025-02-24 19:28:10.533637
case_608,a,2025-02-24 19:33:10.533637
case_608,c,2025-02-24 19:38:10.533637
case_608,a,2025-02-24 19:43:10.533637
case_608,a,2025-02-24 19:48:10.533637
case_608,c,2025-02-24 19:53:10.533637
case_608,c,2025-02-24 19:58:10.533637
case_608,c,2025-02-24 20:03:10.533637
case_608,b,2025-02-24 20:08:10.533637
case_608,a,2025-02-24 20:13:10.533637
case_608,b,2025-02-24 20:18:10.533637
case_608,a,2025-02-24 20:23:10.533637
case_608,a,2025-02-24 20:28:10.533637
case_608,a,2025-02-24 20:33:10.533637
case_608,a,2025-02-24 20:38:10.533637
case_608,a,2025-02-24 20:43:10.533637
case_608,c,2025-02-24 20:48:10.533637
case_608,b,2025-02-24 20:53:10.533637
case_608,c,2025-02-24 20:58:10.533637
case_608,b,2025-02-24 21:03:10.533637
case_609,b,2025-02-24 19:28:10.533667
case_609,a,2025-02-24 19:33:10.533667
case_609,c,2025-02-24 19:38:10.533667
case_609,b,2025-02-24 19:43:10.533667
case_609,b,2025-02-24 19:48:10.533667
case_609,c,2025-02-24 19:53:10.533667
case_609,c,2025-02-24 19:58:10.533667
case_609,a,2025-02-24 20:03:10.533667
case_609,b,2025-02-24 20:08:10.533667
case_609,c,2025-02-24 20:13:10.533667
case_609,a,2025-02-24 20:18:10.533667
case_609,b,2025-02-24 20:23:10.533667
case_609,c,2025-02-24 20:28:10.533667
case_609,c,2025-02-24 20:33:10.533667
case_609,c,2025-02-24 20:38:10.533667
case_609,c,2025-02-24 20:43:10.533667
case_609,a,2025-02-24 20:48:10.533667
case_609,a,2025-02-24 20:53:10.533667
case_609,b,2025-02-24 20:58:10.533667
case_609,b,2025-02-24 21:03:10.533667
case_610,b,2025-02-24 19:28:10.533697
case_610,c,2025-02-24 19:33:10.533697
case_610,c,2025-02-24 19:38:10.533697
case_610,c,2025-02-24 19:43:10.533697
case_610,a,2025-02-24 19:48:10.533697
case_610,a,2025-02-24 19:53:10.533697
case_610,c,2025-02-24 19:58:10.533697
case_610,a,2025-02-24 20:03:10.533697
case_610,a,2025-02-24 20:08:10.533697
case_610,c,2025-02-24 20:13:10.533697
case_610,a,2025-02-24 20:18:10.533697
case_610,b,2025-02-24 20:23:10.533697
case_610,c,2025-02-24 20:28:10.533697
case_610,b,2025-02-24 20:33:10.533697
case_610,b,2025-02-24 20:38:10.533697
case_610,c,2025-02-24 20:43:10.533697
case_610,b,2025-02-24 20:48:10.533697
case_610,a,2025-02-24 20:53:10.533697
case_610,b,2025-02-24 20:58:10.533697
case_610,b,2025-02-24 21:03:10.533697
case_611,b,2025-02-24 19:28:10.533727
case_611,b,2025-02-24 19:33:10.533727
case_611,a,2025-02-24 19:38:10.533727
case_611,a,2025-02-24 19:43:10.533727
case_611,b,2025-02-24 19:48:10.533727
case_611,b,2025-02-24 19:53:10.533727
case_611,b,2025-02-24 19:58:10.533727
case_611,c,2025-02-24 20:03:10.533727
case_611,a,2025-02-24 20:08:10.533727
case_611,a,2025-02-24 20:13:10.533727
case_611,b,2025-02-24 20:18:10.533727
case_611,c,2025-02-24 20:23:10.533727
case_611,c,2025-02-24 20:28:10.533727
case_611,a,2025-02-24 20:33:10.533727
case_611,c,2025-02-24 20:38:10.533727
case_611,c,2025-02-24 20:43:10.533727
case_611,b,2025-02-24 20:48:10.533727
case_611,c,2025-02-24 20:53:10.533727
case_611,b,2025-02-24 20:58:10.533727
case_611,c,2025-02-24 21:03:10.533727
case_612,b,2025-02-24 19:28:10.533756
case_612,b,2025-02-24 19:33:10.533756
case_612,b,2025-02-24 19:38:10.533756
case_612,b,2025-02-24 19:43:10.533756
case_612,c,2025-02-24 19:48:10.533756
case_612,b,2025-02-24 19:53:10.533756
case_612,a,2025-02-24 19:58:10.533756
case_612,a,2025-02-24 20:03:10.533756
case_612,c,2025-02-24 20:08:10.533756
case_612,b,2025-02-24 20:13:10.533756
case_612,b,2025-02-24 20:18:10.533756
case_612,b,2025-02-24 20:23:10.533756
case_612,c,2025-02-24 20:28:10.533756
case_612,a,2025-02-24 20:33:10.533756
case_612,a,2025-02-24 20:38:10.533756
case_612,b,2025-02-24 20:43:10.533756
case_612,a,2025-02-24 20:48:10.533756
case_612,a,2025-02-24 20:53:10.533756
case_612,b,2025-02-24 20:58:10.533756
case_612,c,2025-02-24 21:03:10.533756
case_613,b,2025-02-24 19:28:10.533787
case_613,c,2025-02-24 19:33:10.533787
case_613,b,2025-02-24 19:38:10.533787
case_613,a,2025-02-24 19:43:10.533787
case_613,a,2025-02-24 19:48:10.533787
case_613,a,2025-02-24 19:53:10.533787
case_613,c,2025-02-24 19:58:10.533787
case_613,b,2025-02-24 20:03:10.533787
case_613,b,2025-02-24 20:08:10.533787
case_613,c,2025-02-24 20:13:10.533787
case_613,c,2025-02-24 20:18:10.533787
case_613,b,2025-02-24 20:23:10.533787
case_613,a,2025-02-24 20:28:10.533787
case_613,c,2025-02-24 20:33:10.533787
case_613,a,2025-02-24 20:38:10.533787
case_613,b,2025-02-24 20:43:10.533787
case_613,b,2025-02-24 20:48:10.533787
case_613,a,2025-02-24 20:53:10.533787
case_613,c,2025-02-24 20:58:10.533787
case_613,b,2025-02-24 21:03:10.533787
case_614,b,2025-02-24 19:28:10.533817
case_614,b,2025-02-24 19:33:10.533817
case_614,b,2025-02-24 19:38:10.533817
case_614,a,2025-02-24 19:43:10.533817
case_614,c,2025-02-24 19:48:10.533817
case_614,b,2025-02-24 19:53:10.533817
case_614,b,2025-02-24 19:58:10.533817
case_614,b,2025-02-24 20:03:10.533817
case_614,a,2025-02-24 20:08:10.533817
case_614,c,2025-02-24 20:13:10.533817
case_614,b,2025-02-24 20:18:10.533817
case_614,b,2025-02-24 20:23:10.533817
case_614,c,2025-02-24 20:28:10.533817
case_614,a,2025-02-24 20:33:10.533817
case_614,c,2025-02-24 20:38:10.533817
case_614,c,2025-02-24 20:43:10.533817
case_614,c,2025-02-24 20:48:10.533817
case_614,b,2025-02-24 20:53:10.533817
case_614,a,2025-02-24 20:58:10.533817
case_614,a,2025-02-24 21:03:10.533817
case_615,c,2025-02-24 19:28:10.533847
case_615,a,2025-02-24 19:33:10.533847
case_615,c,2025-02-24 19:38:10.533847
case_615,b,2025-02-24 19:43:10.533847
case_615,a,2025-02-24 19:48:10.533847
case_615,b,2025-02-24 19:53:10.533847
case_615,c,2025-02-24 19:58:10.533847
case_615,a,2025-02-24 20:03:10.533847
case_615,b,2025-02-24 20:08:10.533847
case_615,a,2025-02-24 20:13:10.533847
case_615,c,2025-02-24 20:18:10.533847
case_615,c,2025-02-24 20:23:10.533847
case_615,b,2025-02-24 20:28:10.533847
case_615,c,2025-02-24 20:33:10.533847
case_615,b,2025-02-24 20:38:10.533847
case_615,b,2025-02-24 20:43:10.533847
case_615,c,2025-02-24 20:48:10.533847
case_615,b,2025-02-24 20:53:10.533847
case_615,a,2025-02-24 20:58:10.533847
case_615,a,2025-02-24 21:03:10.533847
case_616,b,2025-02-24 19:28:10.533876
case_616,a,2025-02-24 19:33:10.533876
case_616,c,2025-02-24 19:38:10.533876
case_616,b,2025-02-24 19:43:10.533876
case_616,b,2025-02-24 19:48:10.533876
case_616,b,2025-02-24 19:53:10.533876
case_616,b,2025-02-24 19:58:10.533876
case_616,a,2025-02-24 20:03:10.533876
case_616,a,2025-02-24 20:08:10.533876
case_616,a,2025-02-24 20:13:10.533876
case_616,c,2025-02-24 20:18:10.533876
case_616,a,2025-02-24 20:23:10.533876
case_616,a,2025-02-24 20:28:10.533876
case_616,a,2025-02-24 20:33:10.533876
case_616,a,2025-02-24 20:38:10.533876
case_616,a,2025-02-24 20:43:10.533876
case_616,c,2025-02-24 20:48:10.533876
case_616,b,2025-02-24 20:53:10.533876
case_616,b,2025-02-24 20:58:10.533876
case_616,b,2025-02-24 21:03:10.533876
case_617,b,2025-02-24 19:28:10.533907
case_617,b,2025-02-24 19:33:10.533907
case_617,b,2025-02-24 19:38:10.533907
case_617,b,2025-02-24 19:43:10.533907
case_617,a,2025-02-24 19:48:10.533907
case_617,b,2025-02-24 19:53:10.533907
case_617,a,2025-02-24 19:58:10.533907
case_617,a,2025-02-24 20:03:10.533907
case_617,b,2025-02-24 20:08:10.533907
case_617,c,2025-02-24 20:13:10.533907
case_617,b,2025-02-24 20:18:10.533907
case_617,c,2025-02-24 20:23:10.533907
case_617,a,2025-02-24 20:28:10.533907
case_617,c,2025-02-24 20:33:10.533907
case_617,c,2025-02-24 20:38:10.533907
case_617,c,2025-02-24 20:43:10.533907
case_617,b,2025-02-24 20:48:10.533907
case_617,c,2025-02-24 20:53:10.533907
case_617,a,2025-02-24 20:58:10.533907
case_617,a,2025-02-24 21:03:10.533907
case_618,b,2025-02-24 19:28:10.533937
case_618,b,2025-02-24 19:33:10.533937
case_618,a,2025-02-24 19:38:10.533937
case_618,b,2025-02-24 19:43:10.533937
case_618,c,2025-02-24 19:48:10.533937
case_618,b,2025-02-24 19:53:10.533937
case_618,b,2025-02-24 19:58:10.533937
case_618,b,2025-02-24 20:03:10.533937
case_618,c,2025-02-24 20:08:10.533937
case_618,b,2025-02-24 20:13:10.533937
case_618,c,2025-02-24 20:18:10.533937
case_618,c,2025-02-24 20:23:10.533937
case_618,c,2025-02-24 20:28:10.533937
case_618,c,2025-02-24 20:33:10.533937
case_618,b,2025-02-24 20:38:10.533937
case_618,c,2025-02-24 20:43:10.533937
case_618,c,2025-02-24 20:48:10.533937
case_618,b,2025-02-24 20:53:10.533937
case_618,a,2025-02-24 20:58:10.533937
case_618,a,2025-02-24 21:03:10.533937
case_619,c,2025-02-24 19:28:10.533966
case_619,b,2025-02-24 19:33:10.533966
case_619,c,2025-02-24 19:38:10.533966
case_619,a,2025-02-24 19:43:10.533966
case_619,a,2025-02-24 19:48:10.533966
case_619,b,2025-02-24 19:53:10.533966
case_619,a,2025-02-24 19:58:10.533966
case_619,c,2025-02-24 20:03:10.533966
case_619,b,2025-02-24 20:08:10.533966
case_619,a,2025-02-24 20:13:10.533966
case_619,b,2025-02-24 20:18:10.533966
case_619,c,2025-02-24 20:23:10.533966
case_619,a,2025-02-24 20:28:10.533966
case_619,a,2025-02-24 20:33:10.533966
case_619,c,2025-02-24 20:38:10.533966
case_619,b,2025-02-24 20:43:10.533966
case_619,c,2025-02-24 20:48:10.533966
case_619,b,2025-02-24 20:53:10.533966
case_619,a,2025-02-24 20:58:10.533966
case_619,a,2025-02-24 21:03:10.533966
case_620,b,2025-02-24 19:28:10.533996
case_620,b,2025-02-24 19:33:10.533996
case_620,a,2025-02-24 19:38:10.533996
case_620,b,2025-02-24 19:43:10.533996
case_620,b,2025-02-24 19:48:10.533996
case_620,a,2025-02-24 19:53:10.533996
case_620,c,2025-02-24 19:58:10.533996
case_620,a,2025-02-24 20:03:10.533996
case_620,c,2025-02-24 20:08:10.533996
case_620,a,2025-02-24 20:13:10.533996
case_620,a,2025-02-24 20:18:10.533996
case_620,b,2025-02-24 20:23:10.533996
case_620,b,2025-02-24 20:28:10.533996
case_620,b,2025-02-24 20:33:10.533996
case_620,a,2025-02-24 20:38:10.533996
case_620,b,2025-02-24 20:43:10.533996
case_620,a,2025-02-24 20:48:10.533996
case_620,c,2025-02-24 20:53:10.533996
case_620,b,2025-02-24 20:58:10.533996
case_620,a,2025-02-24 21:03:10.533996
case_621,c,2025-02-24 19:28:10.534026
case_621,b,2025-02-24 19:33:10.534026
case_621,a,2025-02-24 19:38:10.534026
case_621,c,2025-02-24 19:43:10.534026
case_621,a,2025-02-24 19:48:10.534026
case_621,b,2025-02-24 19:53:10.534026
case_621,a,2025-02-24 19:58:10.534026
case_621,c,2025-02-24 20:03:10.534026
case_621,c,2025-02-24 20:08:10.534026
case_621,c,2025-02-24 20:13:10.534026
case_621,b,2025-02-24 20:18:10.534026
case_621,a,2025-02-24 20:23:10.534026
case_621,a,2025-02-24 20:28:10.534026
case_621,a,2025-02-24 20:33:10.534026
case_621,c,2025-02-24 20:38:10.534026
case_621,b,2025-02-24 20:43:10.534026
case_621,c,2025-02-24 20:48:10.534026
case_621,a,2025-02-24 20:53:10.534026
case_621,c,2025-02-24 20:58:10.534026
case_621,a,2025-02-24 21:03:10.534026
case_622,b,2025-02-24 19:28:10.534056
case_622,b,2025-02-24 19:33:10.534056
case_622,b,2025-02-24 19:38:10.534056
case_622,a,2025-02-24 19:43:10.534056
case_622,c,2025-02-24 19:48:10.534056
case_622,c,2025-02-24 19:53:10.534056
case_622,b,2025-02-24 19:58:10.534056
case_622,a,2025-02-24 20:03:10.534056
case_622,a,2025-02-24 20:08:10.534056
case_622,c,2025-02-24 20:13:10.534056
case_622,b,2025-02-24 20:18:10.534056
case_622,c,2025-02-24 20:23:10.534056
case_622,a,2025-02-24 20:28:10.534056
case_622,c,2025-02-24 20:33:10.534056
case_622,b,2025-02-24 20:38:10.534056
case_622,b,2025-02-24 20:43:10.534056
case_622,b,2025-02-24 20:48:10.534056
case_622,b,2025-02-24 20:53:10.534056
case_622,b,2025-02-24 20:58:10.534056
case_622,c,2025-02-24 21:03:10.534056
case_623,c,2025-02-24 19:28:10.534086
case_623,b,2025-02-24 19:33:10.534086
case_623,b,2025-02-24 19:38:10.534086
case_623,c,2025-02-24 19:43:10.534086
case_623,b,2025-02-24 19:48:10.534086
case_623,b,2025-02-24 19:53:10.534086
case_623,b,2025-02-24 19:58:10.534086
case_623,b,2025-02-24 20:03:10.534086
case_623,b,2025-02-24 20:08:10.534086
case_623,c,2025-02-24 20:13:10.534086
case_623,a,2025-02-24 20:18:10.534086
case_623,a,2025-02-24 20:23:10.534086
case_623,a,2025-02-24 20:28:10.534086
case_623,b,2025-02-24 20:33:10.534086
case_623,b,2025-02-24 20:38:10.534086
case_623,c,2025-02-24 20:43:10.534086
case_623,a,2025-02-24 20:48:10.534086
case_623,b,2025-02-24 20:53:10.534086
case_623,a,2025-02-24 20:58:10.534086
case_623,b,2025-02-24 21:03:10.534086
case_624,b,2025-02-24 19:28:10.534116
case_624,b,2025-02-24 19:33:10.534116
case_624,b,2025-02-24 19:38:10.534116
case_624,a,2025-02-24 19:43:10.534116
case_624,a,2025-02-24 19:48:10.534116
case_624,b,2025-02-24 19:53:10.534116
case_624,b,2025-02-24 19:58:10.534116
case_624,a,2025-02-24 20:03:10.534116
case_624,c,2025-02-24 20:08:10.534116
case_624,c,2025-02-24 20:13:10.534116
case_624,b,2025-02-24 20:18:10.534116
case_624,a,2025-02-24 20:23:10.534116
case_624,c,2025-02-24 20:28:10.534116
case_624,b,2025-02-24 20:33:10.534116
case_624,b,2025-02-24 20:38:10.534116
case_624,b,2025-02-24 20:43:10.534116
case_624,c,2025-02-24 20:48:10.534116
case_624,c,2025-02-24 20:53:10.534116
case_624,a,2025-02-24 20:58:10.534116
case_624,b,2025-02-24 21:03:10.534116
case_625,b,2025-02-24 19:28:10.534146
case_625,a,2025-02-24 19:33:10.534146
case_625,c,2025-02-24 19:38:10.534146
case_625,b,2025-02-24 19:43:10.534146
case_625,c,2025-02-24 19:48:10.534146
case_625,c,2025-02-24 19:53:10.534146
case_625,b,2025-02-24 19:58:10.534146
case_625,c,2025-02-24 20:03:10.534146
case_625,c,2025-02-24 20:08:10.534146
case_625,a,2025-02-24 20:13:10.534146
case_625,a,2025-02-24 20:18:10.534146
case_625,c,2025-02-24 20:23:10.534146
case_625,b,2025-02-24 20:28:10.534146
case_625,c,2025-02-24 20:33:10.534146
case_625,a,2025-02-24 20:38:10.534146
case_625,c,2025-02-24 20:43:10.534146
case_625,a,2025-02-24 20:48:10.534146
case_625,a,2025-02-24 20:53:10.534146
case_625,c,2025-02-24 20:58:10.534146
case_625,b,2025-02-24 21:03:10.534146
case_626,c,2025-02-24 19:28:10.534176
case_626,c,2025-02-24 19:33:10.534176
case_626,a,2025-02-24 19:38:10.534176
case_626,b,2025-02-24 19:43:10.534176
case_626,c,2025-02-24 19:48:10.534176
case_626,c,2025-02-24 19:53:10.534176
case_626,c,2025-02-24 19:58:10.534176
case_626,c,2025-02-24 20:03:10.534176
case_626,a,2025-02-24 20:08:10.534176
case_626,a,2025-02-24 20:13:10.534176
case_626,c,2025-02-24 20:18:10.534176
case_626,c,2025-02-24 20:23:10.534176
case_626,b,2025-02-24 20:28:10.534176
case_626,a,2025-02-24 20:33:10.534176
case_626,a,2025-02-24 20:38:10.534176
case_626,b,2025-02-24 20:43:10.534176
case_626,c,2025-02-24 20:48:10.534176
case_626,b,2025-02-24 20:53:10.534176
case_626,c,2025-02-24 20:58:10.534176
case_626,b,2025-02-24 21:03:10.534176
case_627,c,2025-02-24 19:28:10.534206
case_627,a,2025-02-24 19:33:10.534206
case_627,a,2025-02-24 19:38:10.534206
case_627,a,2025-02-24 19:43:10.534206
case_627,a,2025-02-24 19:48:10.534206
case_627,b,2025-02-24 19:53:10.534206
case_627,b,2025-02-24 19:58:10.534206
case_627,a,2025-02-24 20:03:10.534206
case_627,a,2025-02-24 20:08:10.534206
case_627,b,2025-02-24 20:13:10.534206
case_627,a,2025-02-24 20:18:10.534206
case_627,a,2025-02-24 20:23:10.534206
case_627,c,2025-02-24 20:28:10.534206
case_627,a,2025-02-24 20:33:10.534206
case_627,a,2025-02-24 20:38:10.534206
case_627,c,2025-02-24 20:43:10.534206
case_627,a,2025-02-24 20:48:10.534206
case_627,a,2025-02-24 20:53:10.534206
case_627,c,2025-02-24 20:58:10.534206
case_627,b,2025-02-24 21:03:10.534206
case_628,b,2025-02-24 19:28:10.534236
case_628,c,2025-02-24 19:33:10.534236
case_628,b,2025-02-24 19:38:10.534236
case_628,a,2025-02-24 19:43:10.534236
case_628,b,2025-02-24 19:48:10.534236
case_628,a,2025-02-24 19:53:10.534236
case_628,c,2025-02-24 19:58:10.534236
case_628,c,2025-02-24 20:03:10.534236
case_628,c,2025-02-24 20:08:10.534236
case_628,c,2025-02-24 20:13:10.534236
case_628,c,2025-02-24 20:18:10.534236
case_628,a,2025-02-24 20:23:10.534236
case_628,a,2025-02-24 20:28:10.534236
case_628,a,2025-02-24 20:33:10.534236
case_628,b,2025-02-24 20:38:10.534236
case_628,a,2025-02-24 20:43:10.534236
case_628,b,2025-02-24 20:48:10.534236
case_628,c,2025-02-24 20:53:10.534236
case_628,b,2025-02-24 20:58:10.534236
case_628,c,2025-02-24 21:03:10.534236
case_629,b,2025-02-24 19:28:10.534267
case_629,c,2025-02-24 19:33:10.534267
case_629,a,2025-02-24 19:38:10.534267
case_629,a,2025-02-24 19:43:10.534267
case_629,a,2025-02-24 19:48:10.534267
case_629,a,2025-02-24 19:53:10.534267
case_629,a,2025-02-24 19:58:10.534267
case_629,b,2025-02-24 20:03:10.534267
case_629,c,2025-02-24 20:08:10.534267
case_629,c,2025-02-24 20:13:10.534267
case_629,a,2025-02-24 20:18:10.534267
case_629,b,2025-02-24 20:23:10.534267
case_629,c,2025-02-24 20:28:10.534267
case_629,a,2025-02-24 20:33:10.534267
case_629,c,2025-02-24 20:38:10.534267
case_629,a,2025-02-24 20:43:10.534267
case_629,a,2025-02-24 20:48:10.534267
case_629,c,2025-02-24 20:53:10.534267
case_629,c,2025-02-24 20:58:10.534267
case_629,c,2025-02-24 21:03:10.534267
case_630,c,2025-02-24 19:28:10.534296
case_630,b,2025-02-24 19:33:10.534296
case_630,a,2025-02-24 19:38:10.534296
case_630,b,2025-02-24 19:43:10.534296
case_630,a,2025-02-24 19:48:10.534296
case_630,b,2025-02-24 19:53:10.534296
case_630,a,2025-02-24 19:58:10.534296
case_630,c,2025-02-24 20:03:10.534296
case_630,a,2025-02-24 20:08:10.534296
case_630,a,2025-02-24 20:13:10.534296
case_630,b,2025-02-24 20:18:10.534296
case_630,a,2025-02-24 20:23:10.534296
case_630,b,2025-02-24 20:28:10.534296
case_630,b,2025-02-24 20:33:10.534296
case_630,a,2025-02-24 20:38:10.534296
case_630,a,2025-02-24 20:43:10.534296
case_630,a,2025-02-24 20:48:10.534296
case_630,c,2025-02-24 20:53:10.534296
case_630,b,2025-02-24 20:58:10.534296
case_630,b,2025-02-24 21:03:10.534296
case_631,b,2025-02-24 19:28:10.534328
case_631,b,2025-02-24 19:33:10.534328
case_631,b,2025-02-24 19:38:10.534328
case_631,b,2025-02-24 19:43:10.534328
case_631,a,2025-02-24 19:48:10.534328
case_631,b,2025-02-24 19:53:10.534328
case_631,a,2025-02-24 19:58:10.534328
case_631,a,2025-02-24 20:03:10.534328
case_631,b,2025-02-24 20:08:10.534328
case_631,a,2025-02-24 20:13:10.534328
case_631,b,2025-02-24 20:18:10.534328
case_631,c,2025-02-24 20:23:10.534328
case_631,b,2025-02-24 20:28:10.534328
case_631,a,2025-02-24 20:33:10.534328
case_631,a,2025-02-24 20:38:10.534328
case_631,c,2025-02-24 20:43:10.534328
case_631,a,2025-02-24 20:48:10.534328
case_631,a,2025-02-24 20:53:10.534328
case_631,b,2025-02-24 20:58:10.534328
case_631,a,2025-02-24 21:03:10.534328
case_632,b,2025-02-24 19:28:10.534359
case_632,c,2025-02-24 19:33:10.534359
case_632,b,2025-02-24 19:38:10.534359
case_632,a,2025-02-24 19:43:10.534359
case_632,a,2025-02-24 19:48:10.534359
case_632,a,2025-02-24 19:53:10.534359
case_632,c,2025-02-24 19:58:10.534359
case_632,c,2025-02-24 20:03:10.534359
case_632,c,2025-02-24 20:08:10.534359
case_632,b,2025-02-24 20:13:10.534359
case_632,c,2025-02-24 20:18:10.534359
case_632,b,2025-02-24 20:23:10.534359
case_632,a,2025-02-24 20:28:10.534359
case_632,a,2025-02-24 20:33:10.534359
case_632,c,2025-02-24 20:38:10.534359
case_632,c,2025-02-24 20:43:10.534359
case_632,b,2025-02-24 20:48:10.534359
case_632,b,2025-02-24 20:53:10.534359
case_632,a,2025-02-24 20:58:10.534359
case_632,a,2025-02-24 21:03:10.534359
case_633,b,2025-02-24 19:28:10.534389
case_633,c,2025-02-24 19:33:10.534389
case_633,c,2025-02-24 19:38:10.534389
case_633,b,2025-02-24 19:43:10.534389
case_633,b,2025-02-24 19:48:10.534389
case_633,c,2025-02-24 19:53:10.534389
case_633,c,2025-02-24 19:58:10.534389
case_633,b,2025-02-24 20:03:10.534389
case_633,b,2025-02-24 20:08:10.534389
case_633,b,2025-02-24 20:13:10.534389
case_633,a,2025-02-24 20:18:10.534389
case_633,b,2025-02-24 20:23:10.534389
case_633,a,2025-02-24 20:28:10.534389
case_633,b,2025-02-24 20:33:10.534389
case_633,b,2025-02-24 20:38:10.534389
case_633,b,2025-02-24 20:43:10.534389
case_633,c,2025-02-24 20:48:10.534389
case_633,c,2025-02-24 20:53:10.534389
case_633,a,2025-02-24 20:58:10.534389
case_633,a,2025-02-24 21:03:10.534389
case_634,c,2025-02-24 19:28:10.534420
case_634,b,2025-02-24 19:33:10.534420
case_634,c,2025-02-24 19:38:10.534420
case_634,c,2025-02-24 19:43:10.534420
case_634,a,2025-02-24 19:48:10.534420
case_634,c,2025-02-24 19:53:10.534420
case_634,a,2025-02-24 19:58:10.534420
case_634,b,2025-02-24 20:03:10.534420
case_634,c,2025-02-24 20:08:10.534420
case_634,c,2025-02-24 20:13:10.534420
case_634,a,2025-02-24 20:18:10.534420
case_634,c,2025-02-24 20:23:10.534420
case_634,c,2025-02-24 20:28:10.534420
case_634,c,2025-02-24 20:33:10.534420
case_634,b,2025-02-24 20:38:10.534420
case_634,a,2025-02-24 20:43:10.534420
case_634,a,2025-02-24 20:48:10.534420
case_634,a,2025-02-24 20:53:10.534420
case_634,b,2025-02-24 20:58:10.534420
case_634,b,2025-02-24 21:03:10.534420
case_635,b,2025-02-24 19:28:10.534450
case_635,a,2025-02-24 19:33:10.534450
case_635,b,2025-02-24 19:38:10.534450
case_635,a,2025-02-24 19:43:10.534450
case_635,a,2025-02-24 19:48:10.534450
case_635,a,2025-02-24 19:53:10.534450
case_635,c,2025-02-24 19:58:10.534450
case_635,a,2025-02-24 20:03:10.534450
case_635,a,2025-02-24 20:08:10.534450
case_635,c,2025-02-24 20:13:10.534450
case_635,b,2025-02-24 20:18:10.534450
case_635,a,2025-02-24 20:23:10.534450
case_635,a,2025-02-24 20:28:10.534450
case_635,a,2025-02-24 20:33:10.534450
case_635,b,2025-02-24 20:38:10.534450
case_635,b,2025-02-24 20:43:10.534450
case_635,a,2025-02-24 20:48:10.534450
case_635,a,2025-02-24 20:53:10.534450
case_635,a,2025-02-24 20:58:10.534450
case_635,c,2025-02-24 21:03:10.534450
case_636,c,2025-02-24 19:28:10.534481
case_636,a,2025-02-24 19:33:10.534481
case_636,c,2025-02-24 19:38:10.534481
case_636,c,2025-02-24 19:43:10.534481
case_636,b,2025-02-24 19:48:10.534481
case_636,c,2025-02-24 19:53:10.534481
case_636,c,2025-02-24 19:58:10.534481
case_636,c,2025-02-24 20:03:10.534481
case_636,a,2025-02-24 20:08:10.534481
case_636,b,2025-02-24 20:13:10.534481
case_636,c,2025-02-24 20:18:10.534481
case_636,b,2025-02-24 20:23:10.534481
case_636,c,2025-02-24 20:28:10.534481
case_636,c,2025-02-24 20:33:10.534481
case_636,b,2025-02-24 20:38:10.534481
case_636,c,2025-02-24 20:43:10.534481
case_636,c,2025-02-24 20:48:10.534481
case_636,b,2025-02-24 20:53:10.534481
case_636,a,2025-02-24 20:58:10.534481
case_636,a,2025-02-24 21:03:10.534481
case_637,c,2025-02-24 19:28:10.534511
case_637,b,2025-02-24 19:33:10.534511
case_637,a,2025-02-24 19:38:10.534511
case_637,c,2025-02-24 19:43:10.534511
case_637,c,2025-02-24 19:48:10.534511
case_637,a,2025-02-24 19:53:10.534511
case_637,b,2025-02-24 19:58:10.534511
case_637,b,2025-02-24 20:03:10.534511
case_637,a,2025-02-24 20:08:10.534511
case_637,c,2025-02-24 20:13:10.534511
case_637,c,2025-02-24 20:18:10.534511
case_637,c,2025-02-24 20:23:10.534511
case_637,b,2025-02-24 20:28:10.534511
case_637,b,2025-02-24 20:33:10.534511
case_637,a,2025-02-24 20:38:10.534511
case_637,a,2025-02-24 20:43:10.534511
case_637,b,2025-02-24 20:48:10.534511
case_637,a,2025-02-24 20:53:10.534511
case_637,a,2025-02-24 20:58:10.534511
case_637,c,2025-02-24 21:03:10.534511
case_638,c,2025-02-24 19:28:10.534542
case_638,c,2025-02-24 19:33:10.534542
case_638,b,2025-02-24 19:38:10.534542
case_638,b,2025-02-24 19:43:10.534542
case_638,a,2025-02-24 19:48:10.534542
case_638,a,2025-02-24 19:53:10.534542
case_638,c,2025-02-24 19:58:10.534542
case_638,a,2025-02-24 20:03:10.534542
case_638,c,2025-02-24 20:08:10.534542
case_638,b,2025-02-24 20:13:10.534542
case_638,c,2025-02-24 20:18:10.534542
case_638,b,2025-02-24 20:23:10.534542
case_638,a,2025-02-24 20:28:10.534542
case_638,c,2025-02-24 20:33:10.534542
case_638,c,2025-02-24 20:38:10.534542
case_638,a,2025-02-24 20:43:10.534542
case_638,c,2025-02-24 20:48:10.534542
case_638,a,2025-02-24 20:53:10.534542
case_638,a,2025-02-24 20:58:10.534542
case_638,a,2025-02-24 21:03:10.534542
case_639,b,2025-02-24 19:28:10.534573
case_639,b,2025-02-24 19:33:10.534573
case_639,c,2025-02-24 19:38:10.534573
case_639,c,2025-02-24 19:43:10.534573
case_639,b,2025-02-24 19:48:10.534573
case_639,c,2025-02-24 19:53:10.534573
case_639,a,2025-02-24 19:58:10.534573
case_639,c,2025-02-24 20:03:10.534573
case_639,a,2025-02-24 20:08:10.534573
case_639,b,2025-02-24 20:13:10.534573
case_639,c,2025-02-24 20:18:10.534573
case_639,b,2025-02-24 20:23:10.534573
case_639,b,2025-02-24 20:28:10.534573
case_639,c,2025-02-24 20:33:10.534573
case_639,b,2025-02-24 20:38:10.534573
case_639,c,2025-02-24 20:43:10.534573
case_639,b,2025-02-24 20:48:10.534573
case_639,b,2025-02-24 20:53:10.534573
case_639,a,2025-02-24 20:58:10.534573
case_639,a,2025-02-24 21:03:10.534573
case_640,b,2025-02-24 19:28:10.534605
case_640,a,2025-02-24 19:33:10.534605
case_640,b,2025-02-24 19:38:10.534605
case_640,a,2025-02-24 19:43:10.534605
case_640,b,2025-02-24 19:48:10.534605
case_640,b,2025-02-24 19:53:10.534605
case_640,b,2025-02-24 19:58:10.534605
case_640,b,2025-02-24 20:03:10.534605
case_640,a,2025-02-24 20:08:10.534605
case_640,b,2025-02-24 20:13:10.534605
case_640,a,2025-02-24 20:18:10.534605
case_640,b,2025-02-24 20:23:10.534605
case_640,c,2025-02-24 20:28:10.534605
case_640,c,2025-02-24 20:33:10.534605
case_640,b,2025-02-24 20:38:10.534605
case_640,b,2025-02-24 20:43:10.534605
case_640,a,2025-02-24 20:48:10.534605
case_640,a,2025-02-24 20:53:10.534605
case_640,b,2025-02-24 20:58:10.534605
case_640,c,2025-02-24 21:03:10.534605
case_641,c,2025-02-24 19:28:10.534636
case_641,a,2025-02-24 19:33:10.534636
case_641,c,2025-02-24 19:38:10.534636
case_641,c,2025-02-24 19:43:10.534636
case_641,b,2025-02-24 19:48:10.534636
case_641,c,2025-02-24 19:53:10.534636
case_641,c,2025-02-24 19:58:10.534636
case_641,a,2025-02-24 20:03:10.534636
case_641,c,2025-02-24 20:08:10.534636
case_641,a,2025-02-24 20:13:10.534636
case_641,c,2025-02-24 20:18:10.534636
case_641,a,2025-02-24 20:23:10.534636
case_641,c,2025-02-24 20:28:10.534636
case_641,b,2025-02-24 20:33:10.534636
case_641,b,2025-02-24 20:38:10.534636
case_641,b,2025-02-24 20:43:10.534636
case_641,a,2025-02-24 20:48:10.534636
case_641,a,2025-02-24 20:53:10.534636
case_641,b,2025-02-24 20:58:10.534636
case_641,b,2025-02-24 21:03:10.534636
case_642,c,2025-02-24 19:28:10.534666
case_642,b,2025-02-24 19:33:10.534666
case_642,a,2025-02-24 19:38:10.534666
case_642,c,2025-02-24 19:43:10.534666
case_642,c,2025-02-24 19:48:10.534666
case_642,a,2025-02-24 19:53:10.534666
case_642,c,2025-02-24 19:58:10.534666
case_642,b,2025-02-24 20:03:10.534666
case_642,a,2025-02-24 20:08:10.534666
case_642,a,2025-02-24 20:13:10.534666
case_642,b,2025-02-24 20:18:10.534666
case_642,b,2025-02-24 20:23:10.534666
case_642,c,2025-02-24 20:28:10.534666
case_642,a,2025-02-24 20:33:10.534666
case_642,a,2025-02-24 20:38:10.534666
case_642,b,2025-02-24 20:43:10.534666
case_642,b,2025-02-24 20:48:10.534666
case_642,b,2025-02-24 20:53:10.534666
case_642,b,2025-02-24 20:58:10.534666
case_642,a,2025-02-24 21:03:10.534666
case_643,b,2025-02-24 19:28:10.534697
case_643,c,2025-02-24 19:33:10.534697
case_643,c,2025-02-24 19:38:10.534697
case_643,c,2025-02-24 19:43:10.534697
case_643,a,2025-02-24 19:48:10.534697
case_643,b,2025-02-24 19:53:10.534697
case_643,c,2025-02-24 19:58:10.534697
case_643,c,2025-02-24 20:03:10.534697
case_643,a,2025-02-24 20:08:10.534697
case_643,c,2025-02-24 20:13:10.534697
case_643,c,2025-02-24 20:18:10.534697
case_643,a,2025-02-24 20:23:10.534697
case_643,b,2025-02-24 20:28:10.534697
case_643,a,2025-02-24 20:33:10.534697
case_643,c,2025-02-24 20:38:10.534697
case_643,c,2025-02-24 20:43:10.534697
case_643,c,2025-02-24 20:48:10.534697
case_643,c,2025-02-24 20:53:10.534697
case_643,a,2025-02-24 20:58:10.534697
case_643,a,2025-02-24 21:03:10.534697
case_644,c,2025-02-24 19:28:10.534727
case_644,a,2025-02-24 19:33:10.534727
case_644,b,2025-02-24 19:38:10.534727
case_644,c,2025-02-24 19:43:10.534727
case_644,c,2025-02-24 19:48:10.534727
case_644,a,2025-02-24 19:53:10.534727
case_644,b,2025-02-24 19:58:10.534727
case_644,a,2025-02-24 20:03:10.534727
case_644,a,2025-02-24 20:08:10.534727
case_644,c,2025-02-24 20:13:10.534727
case_644,b,2025-02-24 20:18:10.534727
case_644,a,2025-02-24 20:23:10.534727
case_644,a,2025-02-24 20:28:10.534727
case_644,a,2025-02-24 20:33:10.534727
case_644,b,2025-02-24 20:38:10.534727
case_644,c,2025-02-24 20:43:10.534727
case_644,b,2025-02-24 20:48:10.534727
case_644,b,2025-02-24 20:53:10.534727
case_644,c,2025-02-24 20:58:10.534727
case_644,c,2025-02-24 21:03:10.534727
case_645,c,2025-02-24 19:28:10.534758
case_645,c,2025-02-24 19:33:10.534758
case_645,b,2025-02-24 19:38:10.534758
case_645,b,2025-02-24 19:43:10.534758
case_645,a,2025-02-24 19:48:10.534758
case_645,a,2025-02-24 19:53:10.534758
case_645,b,2025-02-24 19:58:10.534758
case_645,c,2025-02-24 20:03:10.534758
case_645,a,2025-02-24 20:08:10.534758
case_645,b,2025-02-24 20:13:10.534758
case_645,b,2025-02-24 20:18:10.534758
case_645,c,2025-02-24 20:23:10.534758
case_645,b,2025-02-24 20:28:10.534758
case_645,a,2025-02-24 20:33:10.534758
case_645,b,2025-02-24 20:38:10.534758
case_645,c,2025-02-24 20:43:10.534758
case_645,b,2025-02-24 20:48:10.534758
case_645,b,2025-02-24 20:53:10.534758
case_645,c,2025-02-24 20:58:10.534758
case_645,b,2025-02-24 21:03:10.534758
case_646,b,2025-02-24 19:28:10.534788
case_646,b,2025-02-24 19:33:10.534788
case_646,b,2025-02-24 19:38:10.534788
case_646,c,2025-02-24 19:43:10.534788
case_646,c,2025-02-24 19:48:10.534788
case_646,a,2025-02-24 19:53:10.534788
case_646,c,2025-02-24 19:58:10.534788
case_646,b,2025-02-24 20:03:10.534788
case_646,c,2025-02-24 20:08:10.534788
case_646,c,2025-02-24 20:13:10.534788
case_646,a,2025-02-24 20:18:10.534788
case_646,c,2025-02-24 20:23:10.534788
case_646,b,2025-02-24 20:28:10.534788
case_646,a,2025-02-24 20:33:10.534788
case_646,c,2025-02-24 20:38:10.534788
case_646,c,2025-02-24 20:43:10.534788
case_646,c,2025-02-24 20:48:10.534788
case_646,b,2025-02-24 20:53:10.534788
case_646,a,2025-02-24 20:58:10.534788
case_646,a,2025-02-24 21:03:10.534788
case_647,b,2025-02-24 19:28:10.534819
case_647,a,2025-02-24 19:33:10.534819
case_647,c,2025-02-24 19:38:10.534819
case_647,a,2025-02-24 19:43:10.534819
case_647,c,2025-02-24 19:48:10.534819
case_647,a,2025-02-24 19:53:10.534819
case_647,b,2025-02-24 19:58:10.534819
case_647,a,2025-02-24 20:03:10.534819
case_647,b,2025-02-24 20:08:10.534819
case_647,c,2025-02-24 20:13:10.534819
case_647,a,2025-02-24 20:18:10.534819
case_647,c,2025-02-24 20:23:10.534819
case_647,c,2025-02-24 20:28:10.534819
case_647,c,2025-02-24 20:33:10.534819
case_647,b,2025-02-24 20:38:10.534819
case_647,c,2025-02-24 20:43:10.534819
case_647,b,2025-02-24 20:48:10.534819
case_647,c,2025-02-24 20:53:10.534819
case_647,a,2025-02-24 20:58:10.534819
case_647,a,2025-02-24 21:03:10.534819
case_648,c,2025-02-24 19:28:10.534849
case_648,a,2025-02-24 19:33:10.534849
case_648,c,2025-02-24 19:38:10.534849
case_648,a,2025-02-24 19:43:10.534849
case_648,c,2025-02-24 19:48:10.534849
case_648,b,2025-02-24 19:53:10.534849
case_648,c,2025-02-24 19:58:10.534849
case_648,a,2025-02-24 20:03:10.534849
case_648,b,2025-02-24 20:08:10.534849
case_648,c,2025-02-24 20:13:10.534849
case_648,a,2025-02-24 20:18:10.534849
case_648,b,2025-02-24 20:23:10.534849
case_648,b,2025-02-24 20:28:10.534849
case_648,c,2025-02-24 20:33:10.534849
case_648,a,2025-02-24 20:38:10.534849
case_648,b,2025-02-24 20:43:10.534849
case_648,c,2025-02-24 20:48:10.534849
case_648,b,2025-02-24 20:53:10.534849
case_648,a,2025-02-24 20:58:10.534849
case_648,a,2025-02-24 21:03:10.534849
case_649,b,2025-02-24 19:28:10.534880
case_649,c,2025-02-24 19:33:10.534880
case_649,b,2025-02-24 19:38:10.534880
case_649,b,2025-02-24 19:43:10.534880
case_649,b,2025-02-24 19:48:10.534880
case_649,c,2025-02-24 19:53:10.534880
case_649,a,2025-02-24 19:58:10.534880
case_649,c,2025-02-24 20:03:10.534880
case_649,b,2025-02-24 20:08:10.534880
case_649,a,2025-02-24 20:13:10.534880
case_649,c,2025-02-24 20:18:10.534880
case_649,c,2025-02-24 20:23:10.534880
case_649,b,2025-02-24 20:28:10.534880
case_649,a,2025-02-24 20:33:10.534880
case_649,c,2025-02-24 20:38:10.534880
case_649,b,2025-02-24 20:43:10.534880
case_649,c,2025-02-24 20:48:10.534880
case_649,b,2025-02-24 20:53:10.534880
case_649,a,2025-02-24 20:58:10.534880
case_649,a,2025-02-24 21:03:10.534880
case_650,b,2025-02-24 19:28:10.534910
case_650,a,2025-02-24 19:33:10.534910
case_650,b,2025-02-24 19:38:10.534910
case_650,c,2025-02-24 19:43:10.534910
case_650,a,2025-02-24 19:48:10.534910
case_650,b,2025-02-24 19:53:10.534910
case_650,b,2025-02-24 19:58:10.534910
case_650,b,2025-02-24 20:03:10.534910
case_650,c,2025-02-24 20:08:10.534910
case_650,b,2025-02-24 20:13:10.534910
case_650,b,2025-02-24 20:18:10.534910
case_650,a,2025-02-24 20:23:10.534910
case_650,a,2025-02-24 20:28:10.534910
case_650,a,2025-02-24 20:33:10.534910
case_650,a,2025-02-24 20:38:10.534910
case_650,c,2025-02-24 20:43:10.534910
case_650,c,2025-02-24 20:48:10.534910
case_650,a,2025-02-24 20:53:10.534910
case_650,a,2025-02-24 20:58:10.534910
case_650,a,2025-02-24 21:03:10.534910
case_651,c,2025-02-24 19:28:10.534941
case_651,a,2025-02-24 19:33:10.534941
case_651,c,2025-02-24 19:38:10.534941
case_651,b,2025-02-24 19:43:10.534941
case_651,a,2025-02-24 19:48:10.534941
case_651,b,2025-02-24 19:53:10.534941
case_651,b,2025-02-24 19:58:10.534941
case_651,c,2025-02-24 20:03:10.534941
case_651,a,2025-02-24 20:08:10.534941
case_651,b,2025-02-24 20:13:10.534941
case_651,a,2025-02-24 20:18:10.534941
case_651,a,2025-02-24 20:23:10.534941
case_651,c,2025-02-24 20:28:10.534941
case_651,a,2025-02-24 20:33:10.534941
case_651,a,2025-02-24 20:38:10.534941
case_651,a,2025-02-24 20:43:10.534941
case_651,a,2025-02-24 20:48:10.534941
case_651,b,2025-02-24 20:53:10.534941
case_651,a,2025-02-24 20:58:10.534941
case_651,a,2025-02-24 21:03:10.534941
case_652,c,2025-02-24 19:28:10.534971
case_652,c,2025-02-24 19:33:10.534971
case_652,c,2025-02-24 19:38:10.534971
case_652,c,2025-02-24 19:43:10.534971
case_652,c,2025-02-24 19:48:10.534971
case_652,b,2025-02-24 19:53:10.534971
case_652,a,2025-02-24 19:58:10.534971
case_652,a,2025-02-24 20:03:10.534971
case_652,c,2025-02-24 20:08:10.534971
case_652,b,2025-02-24 20:13:10.534971
case_652,c,2025-02-24 20:18:10.534971
case_652,c,2025-02-24 20:23:10.534971
case_652,a,2025-02-24 20:28:10.534971
case_652,c,2025-02-24 20:33:10.534971
case_652,a,2025-02-24 20:38:10.534971
case_652,c,2025-02-24 20:43:10.534971
case_652,c,2025-02-24 20:48:10.534971
case_652,a,2025-02-24 20:53:10.534971
case_652,b,2025-02-24 20:58:10.534971
case_652,b,2025-02-24 21:03:10.534971
case_653,b,2025-02-24 19:28:10.535002
case_653,c,2025-02-24 19:33:10.535002
case_653,c,2025-02-24 19:38:10.535002
case_653,c,2025-02-24 19:43:10.535002
case_653,b,2025-02-24 19:48:10.535002
case_653,b,2025-02-24 19:53:10.535002
case_653,b,2025-02-24 19:58:10.535002
case_653,c,2025-02-24 20:03:10.535002
case_653,a,2025-02-24 20:08:10.535002
case_653,a,2025-02-24 20:13:10.535002
case_653,c,2025-02-24 20:18:10.535002
case_653,b,2025-02-24 20:23:10.535002
case_653,b,2025-02-24 20:28:10.535002
case_653,c,2025-02-24 20:33:10.535002
case_653,b,2025-02-24 20:38:10.535002
case_653,a,2025-02-24 20:43:10.535002
case_653,a,2025-02-24 20:48:10.535002
case_653,b,2025-02-24 20:53:10.535002
case_653,b,2025-02-24 20:58:10.535002
case_653,b,2025-02-24 21:03:10.535002
case_654,b,2025-02-24 19:28:10.535032
case_654,b,2025-02-24 19:33:10.535032
case_654,b,2025-02-24 19:38:10.535032
case_654,b,2025-02-24 19:43:10.535032
case_654,a,2025-02-24 19:48:10.535032
case_654,b,2025-02-24 19:53:10.535032
case_654,b,2025-02-24 19:58:10.535032
case_654,c,2025-02-24 20:03:10.535032
case_654,c,2025-02-24 20:08:10.535032
case_654,a,2025-02-24 20:13:10.535032
case_654,c,2025-02-24 20:18:10.535032
case_654,c,2025-02-24 20:23:10.535032
case_654,c,2025-02-24 20:28:10.535032
case_654,c,2025-02-24 20:33:10.535032
case_654,c,2025-02-24 20:38:10.535032
case_654,b,2025-02-24 20:43:10.535032
case_654,c,2025-02-24 20:48:10.535032
case_654,c,2025-02-24 20:53:10.535032
case_654,a,2025-02-24 20:58:10.535032
case_654,a,2025-02-24 21:03:10.535032
case_655,b,2025-02-24 19:28:10.535063
case_655,b,2025-02-24 19:33:10.535063
case_655,a,2025-02-24 19:38:10.535063
case_655,a,2025-02-24 19:43:10.535063
case_655,a,2025-02-24 19:48:10.535063
case_655,b,2025-02-24 19:53:10.535063
case_655,a,2025-02-24 19:58:10.535063
case_655,a,2025-02-24 20:03:10.535063
case_655,a,2025-02-24 20:08:10.535063
case_655,b,2025-02-24 20:13:10.535063
case_655,a,2025-02-24 20:18:10.535063
case_655,b,2025-02-24 20:23:10.535063
case_655,c,2025-02-24 20:28:10.535063
case_655,a,2025-02-24 20:33:10.535063
case_655,c,2025-02-24 20:38:10.535063
case_655,b,2025-02-24 20:43:10.535063
case_655,a,2025-02-24 20:48:10.535063
case_655,a,2025-02-24 20:53:10.535063
case_655,c,2025-02-24 20:58:10.535063
case_655,c,2025-02-24 21:03:10.535063
case_656,b,2025-02-24 19:28:10.535094
case_656,b,2025-02-24 19:33:10.535094
case_656,a,2025-02-24 19:38:10.535094
case_656,a,2025-02-24 19:43:10.535094
case_656,c,2025-02-24 19:48:10.535094
case_656,a,2025-02-24 19:53:10.535094
case_656,a,2025-02-24 19:58:10.535094
case_656,b,2025-02-24 20:03:10.535094
case_656,c,2025-02-24 20:08:10.535094
case_656,c,2025-02-24 20:13:10.535094
case_656,b,2025-02-24 20:18:10.535094
case_656,c,2025-02-24 20:23:10.535094
case_656,a,2025-02-24 20:28:10.535094
case_656,c,2025-02-24 20:33:10.535094
case_656,a,2025-02-24 20:38:10.535094
case_656,b,2025-02-24 20:43:10.535094
case_656,c,2025-02-24 20:48:10.535094
case_656,a,2025-02-24 20:53:10.535094
case_656,a,2025-02-24 20:58:10.535094
case_656,b,2025-02-24 21:03:10.535094
case_657,b,2025-02-24 19:28:10.535124
case_657,c,2025-02-24 19:33:10.535124
case_657,a,2025-02-24 19:38:10.535124
case_657,a,2025-02-24 19:43:10.535124
case_657,a,2025-02-24 19:48:10.535124
case_657,b,2025-02-24 19:53:10.535124
case_657,b,2025-02-24 19:58:10.535124
case_657,c,2025-02-24 20:03:10.535124
case_657,b,2025-02-24 20:08:10.535124
case_657,b,2025-02-24 20:13:10.535124
case_657,a,2025-02-24 20:18:10.535124
case_657,b,2025-02-24 20:23:10.535124
case_657,b,2025-02-24 20:28:10.535124
case_657,b,2025-02-24 20:33:10.535124
case_657,a,2025-02-24 20:38:10.535124
case_657,c,2025-02-24 20:43:10.535124
case_657,c,2025-02-24 20:48:10.535124
case_657,a,2025-02-24 20:53:10.535124
case_657,a,2025-02-24 20:58:10.535124
case_657,c,2025-02-24 21:03:10.535124
case_658,b,2025-02-24 19:28:10.535155
case_658,a,2025-02-24 19:33:10.535155
case_658,a,2025-02-24 19:38:10.535155
case_658,a,2025-02-24 19:43:10.535155
case_658,c,2025-02-24 19:48:10.535155
case_658,a,2025-02-24 19:53:10.535155
case_658,a,2025-02-24 19:58:10.535155
case_658,a,2025-02-24 20:03:10.535155
case_658,b,2025-02-24 20:08:10.535155
case_658,b,2025-02-24 20:13:10.535155
case_658,a,2025-02-24 20:18:10.535155
case_658,c,2025-02-24 20:23:10.535155
case_658,a,2025-02-24 20:28:10.535155
case_658,b,2025-02-24 20:33:10.535155
case_658,c,2025-02-24 20:38:10.535155
case_658,c,2025-02-24 20:43:10.535155
case_658,c,2025-02-24 20:48:10.535155
case_658,c,2025-02-24 20:53:10.535155
case_658,c,2025-02-24 20:58:10.535155
case_658,a,2025-02-24 21:03:10.535155
case_659,b,2025-02-24 19:28:10.535186
case_659,a,2025-02-24 19:33:10.535186
case_659,c,2025-02-24 19:38:10.535186
case_659,b,2025-02-24 19:43:10.535186
case_659,c,2025-02-24 19:48:10.535186
case_659,b,2025-02-24 19:53:10.535186
case_659,a,2025-02-24 19:58:10.535186
case_659,a,2025-02-24 20:03:10.535186
case_659,b,2025-02-24 20:08:10.535186
case_659,c,2025-02-24 20:13:10.535186
case_659,a,2025-02-24 20:18:10.535186
case_659,b,2025-02-24 20:23:10.535186
case_659,c,2025-02-24 20:28:10.535186
case_659,a,2025-02-24 20:33:10.535186
case_659,a,2025-02-24 20:38:10.535186
case_659,c,2025-02-24 20:43:10.535186
case_659,b,2025-02-24 20:48:10.535186
case_659,c,2025-02-24 20:53:10.535186
case_659,c,2025-02-24 20:58:10.535186
case_659,c,2025-02-24 21:03:10.535186
case_660,c,2025-02-24 19:28:10.535216
case_660,a,2025-02-24 19:33:10.535216
case_660,b,2025-02-24 19:38:10.535216
case_660,a,2025-02-24 19:43:10.535216
case_660,b,2025-02-24 19:48:10.535216
case_660,b,2025-02-24 19:53:10.535216
case_660,c,2025-02-24 19:58:10.535216
case_660,a,2025-02-24 20:03:10.535216
case_660,b,2025-02-24 20:08:10.535216
case_660,a,2025-02-24 20:13:10.535216
case_660,b,2025-02-24 20:18:10.535216
case_660,b,2025-02-24 20:23:10.535216
case_660,a,2025-02-24 20:28:10.535216
case_660,c,2025-02-24 20:33:10.535216
case_660,a,2025-02-24 20:38:10.535216
case_660,b,2025-02-24 20:43:10.535216
case_660,c,2025-02-24 20:48:10.535216
case_660,b,2025-02-24 20:53:10.535216
case_660,a,2025-02-24 20:58:10.535216
case_660,a,2025-02-24 21:03:10.535216
case_661,c,2025-02-24 19:28:10.535247
case_661,c,2025-02-24 19:33:10.535247
case_661,a,2025-02-24 19:38:10.535247
case_661,b,2025-02-24 19:43:10.535247
case_661,a,2025-02-24 19:48:10.535247
case_661,b,2025-02-24 19:53:10.535247
case_661,b,2025-02-24 19:58:10.535247
case_661,c,2025-02-24 20:03:10.535247
case_661,b,2025-02-24 20:08:10.535247
case_661,a,2025-02-24 20:13:10.535247
case_661,a,2025-02-24 20:18:10.535247
case_661,c,2025-02-24 20:23:10.535247
case_661,b,2025-02-24 20:28:10.535247
case_661,b,2025-02-24 20:33:10.535247
case_661,a,2025-02-24 20:38:10.535247
case_661,b,2025-02-24 20:43:10.535247
case_661,a,2025-02-24 20:48:10.535247
case_661,c,2025-02-24 20:53:10.535247
case_661,a,2025-02-24 20:58:10.535247
case_661,b,2025-02-24 21:03:10.535247
case_662,b,2025-02-24 19:28:10.535277
case_662,c,2025-02-24 19:33:10.535277
case_662,b,2025-02-24 19:38:10.535277
case_662,c,2025-02-24 19:43:10.535277
case_662,a,2025-02-24 19:48:10.535277
case_662,c,2025-02-24 19:53:10.535277
case_662,b,2025-02-24 19:58:10.535277
case_662,c,2025-02-24 20:03:10.535277
case_662,b,2025-02-24 20:08:10.535277
case_662,a,2025-02-24 20:13:10.535277
case_662,c,2025-02-24 20:18:10.535277
case_662,b,2025-02-24 20:23:10.535277
case_662,c,2025-02-24 20:28:10.535277
case_662,c,2025-02-24 20:33:10.535277
case_662,b,2025-02-24 20:38:10.535277
case_662,b,2025-02-24 20:43:10.535277
case_662,c,2025-02-24 20:48:10.535277
case_662,a,2025-02-24 20:53:10.535277
case_662,a,2025-02-24 20:58:10.535277
case_662,c,2025-02-24 21:03:10.535277
case_663,b,2025-02-24 19:28:10.535308
case_663,c,2025-02-24 19:33:10.535308
case_663,b,2025-02-24 19:38:10.535308
case_663,b,2025-02-24 19:43:10.535308
case_663,a,2025-02-24 19:48:10.535308
case_663,c,2025-02-24 19:53:10.535308
case_663,c,2025-02-24 19:58:10.535308
case_663,a,2025-02-24 20:03:10.535308
case_663,a,2025-02-24 20:08:10.535308
case_663,b,2025-02-24 20:13:10.535308
case_663,a,2025-02-24 20:18:10.535308
case_663,b,2025-02-24 20:23:10.535308
case_663,b,2025-02-24 20:28:10.535308
case_663,c,2025-02-24 20:33:10.535308
case_663,c,2025-02-24 20:38:10.535308
case_663,b,2025-02-24 20:43:10.535308
case_663,c,2025-02-24 20:48:10.535308
case_663,a,2025-02-24 20:53:10.535308
case_663,a,2025-02-24 20:58:10.535308
case_663,a,2025-02-24 21:03:10.535308
case_664,c,2025-02-24 19:28:10.535340
case_664,c,2025-02-24 19:33:10.535340
case_664,a,2025-02-24 19:38:10.535340
case_664,c,2025-02-24 19:43:10.535340
case_664,a,2025-02-24 19:48:10.535340
case_664,b,2025-02-24 19:53:10.535340
case_664,c,2025-02-24 19:58:10.535340
case_664,a,2025-02-24 20:03:10.535340
case_664,a,2025-02-24 20:08:10.535340
case_664,b,2025-02-24 20:13:10.535340
case_664,a,2025-02-24 20:18:10.535340
case_664,c,2025-02-24 20:23:10.535340
case_664,a,2025-02-24 20:28:10.535340
case_664,c,2025-02-24 20:33:10.535340
case_664,a,2025-02-24 20:38:10.535340
case_664,c,2025-02-24 20:43:10.535340
case_664,b,2025-02-24 20:48:10.535340
case_664,b,2025-02-24 20:53:10.535340
case_664,c,2025-02-24 20:58:10.535340
case_664,c,2025-02-24 21:03:10.535340
case_665,c,2025-02-24 19:28:10.535370
case_665,b,2025-02-24 19:33:10.535370
case_665,c,2025-02-24 19:38:10.535370
case_665,c,2025-02-24 19:43:10.535370
case_665,b,2025-02-24 19:48:10.535370
case_665,a,2025-02-24 19:53:10.535370
case_665,c,2025-02-24 19:58:10.535370
case_665,c,2025-02-24 20:03:10.535370
case_665,b,2025-02-24 20:08:10.535370
case_665,b,2025-02-24 20:13:10.535370
case_665,a,2025-02-24 20:18:10.535370
case_665,b,2025-02-24 20:23:10.535370
case_665,b,2025-02-24 20:28:10.535370
case_665,a,2025-02-24 20:33:10.535370
case_665,a,2025-02-24 20:38:10.535370
case_665,c,2025-02-24 20:43:10.535370
case_665,b,2025-02-24 20:48:10.535370
case_665,b,2025-02-24 20:53:10.535370
case_665,b,2025-02-24 20:58:10.535370
case_665,c,2025-02-24 21:03:10.535370
case_666,c,2025-02-24 19:28:10.535400
case_666,b,2025-02-24 19:33:10.535400
case_666,b,2025-02-24 19:38:10.535400
case_666,b,2025-02-24 19:43:10.535400
case_666,b,2025-02-24 19:48:10.535400
case_666,c,2025-02-24 19:53:10.535400
case_666,a,2025-02-24 19:58:10.535400
case_666,b,2025-02-24 20:03:10.535400
case_666,a,2025-02-24 20:08:10.535400
case_666,b,2025-02-24 20:13:10.535400
case_666,c,2025-02-24 20:18:10.535400
case_666,a,2025-02-24 20:23:10.535400
case_666,a,2025-02-24 20:28:10.535400
case_666,c,2025-02-24 20:33:10.535400
case_666,c,2025-02-24 20:38:10.535400
case_666,b,2025-02-24 20:43:10.535400
case_666,a,2025-02-24 20:48:10.535400
case_666,c,2025-02-24 20:53:10.535400
case_666,c,2025-02-24 20:58:10.535400
case_666,c,2025-02-24 21:03:10.535400
case_667,c,2025-02-24 19:28:10.535430
case_667,a,2025-02-24 19:33:10.535430
case_667,a,2025-02-24 19:38:10.535430
case_667,b,2025-02-24 19:43:10.535430
case_667,a,2025-02-24 19:48:10.535430
case_667,b,2025-02-24 19:53:10.535430
case_667,c,2025-02-24 19:58:10.535430
case_667,a,2025-02-24 20:03:10.535430
case_667,a,2025-02-24 20:08:10.535430
case_667,c,2025-02-24 20:13:10.535430
case_667,c,2025-02-24 20:18:10.535430
case_667,b,2025-02-24 20:23:10.535430
case_667,c,2025-02-24 20:28:10.535430
case_667,b,2025-02-24 20:33:10.535430
case_667,c,2025-02-24 20:38:10.535430
case_667,a,2025-02-24 20:43:10.535430
case_667,c,2025-02-24 20:48:10.535430
case_667,b,2025-02-24 20:53:10.535430
case_667,b,2025-02-24 20:58:10.535430
case_667,c,2025-02-24 21:03:10.535430
case_668,b,2025-02-24 19:28:10.535460
case_668,b,2025-02-24 19:33:10.535460
case_668,b,2025-02-24 19:38:10.535460
case_668,a,2025-02-24 19:43:10.535460
case_668,a,2025-02-24 19:48:10.535460
case_668,a,2025-02-24 19:53:10.535460
case_668,a,2025-02-24 19:58:10.535460
case_668,b,2025-02-24 20:03:10.535460
case_668,b,2025-02-24 20:08:10.535460
case_668,b,2025-02-24 20:13:10.535460
case_668,a,2025-02-24 20:18:10.535460
case_668,c,2025-02-24 20:23:10.535460
case_668,c,2025-02-24 20:28:10.535460
case_668,b,2025-02-24 20:33:10.535460
case_668,c,2025-02-24 20:38:10.535460
case_668,a,2025-02-24 20:43:10.535460
case_668,c,2025-02-24 20:48:10.535460
case_668,b,2025-02-24 20:53:10.535460
case_668,c,2025-02-24 20:58:10.535460
case_668,b,2025-02-24 21:03:10.535460
case_669,c,2025-02-24 19:28:10.535491
case_669,b,2025-02-24 19:33:10.535491
case_669,b,2025-02-24 19:38:10.535491
case_669,a,2025-02-24 19:43:10.535491
case_669,a,2025-02-24 19:48:10.535491
case_669,b,2025-02-24 19:53:10.535491
case_669,b,2025-02-24 19:58:10.535491
case_669,a,2025-02-24 20:03:10.535491
case_669,b,2025-02-24 20:08:10.535491
case_669,b,2025-02-24 20:13:10.535491
case_669,b,2025-02-24 20:18:10.535491
case_669,b,2025-02-24 20:23:10.535491
case_669,a,2025-02-24 20:28:10.535491
case_669,c,2025-02-24 20:33:10.535491
case_669,c,2025-02-24 20:38:10.535491
case_669,b,2025-02-24 20:43:10.535491
case_669,a,2025-02-24 20:48:10.535491
case_669,b,2025-02-24 20:53:10.535491
case_669,b,2025-02-24 20:58:10.535491
case_669,a,2025-02-24 21:03:10.535491
case_670,b,2025-02-24 19:28:10.535521
case_670,b,2025-02-24 19:33:10.535521
case_670,c,2025-02-24 19:38:10.535521
case_670,a,2025-02-24 19:43:10.535521
case_670,b,2025-02-24 19:48:10.535521
case_670,c,2025-02-24 19:53:10.535521
case_670,a,2025-02-24 19:58:10.535521
case_670,b,2025-02-24 20:03:10.535521
case_670,b,2025-02-24 20:08:10.535521
case_670,a,2025-02-24 20:13:10.535521
case_670,a,2025-02-24 20:18:10.535521
case_670,a,2025-02-24 20:23:10.535521
case_670,b,2025-02-24 20:28:10.535521
case_670,b,2025-02-24 20:33:10.535521
case_670,c,2025-02-24 20:38:10.535521
case_670,c,2025-02-24 20:43:10.535521
case_670,a,2025-02-24 20:48:10.535521
case_670,b,2025-02-24 20:53:10.535521
case_670,a,2025-02-24 20:58:10.535521
case_670,c,2025-02-24 21:03:10.535521
case_671,c,2025-02-24 19:28:10.535551
case_671,c,2025-02-24 19:33:10.535551
case_671,b,2025-02-24 19:38:10.535551
case_671,c,2025-02-24 19:43:10.535551
case_671,b,2025-02-24 19:48:10.535551
case_671,c,2025-02-24 19:53:10.535551
case_671,a,2025-02-24 19:58:10.535551
case_671,c,2025-02-24 20:03:10.535551
case_671,a,2025-02-24 20:08:10.535551
case_671,c,2025-02-24 20:13:10.535551
case_671,a,2025-02-24 20:18:10.535551
case_671,c,2025-02-24 20:23:10.535551
case_671,a,2025-02-24 20:28:10.535551
case_671,b,2025-02-24 20:33:10.535551
case_671,c,2025-02-24 20:38:10.535551
case_671,c,2025-02-24 20:43:10.535551
case_671,c,2025-02-24 20:48:10.535551
case_671,c,2025-02-24 20:53:10.535551
case_671,a,2025-02-24 20:58:10.535551
case_671,a,2025-02-24 21:03:10.535551
case_672,b,2025-02-24 19:28:10.535581
case_672,b,2025-02-24 19:33:10.535581
case_672,a,2025-02-24 19:38:10.535581
case_672,a,2025-02-24 19:43:10.535581
case_672,a,2025-02-24 19:48:10.535581
case_672,b,2025-02-24 19:53:10.535581
case_672,b,2025-02-24 19:58:10.535581
case_672,b,2025-02-24 20:03:10.535581
case_672,b,2025-02-24 20:08:10.535581
case_672,b,2025-02-24 20:13:10.535581
case_672,b,2025-02-24 20:18:10.535581
case_672,c,2025-02-24 20:23:10.535581
case_672,c,2025-02-24 20:28:10.535581
case_672,c,2025-02-24 20:33:10.535581
case_672,b,2025-02-24 20:38:10.535581
case_672,b,2025-02-24 20:43:10.535581
case_672,a,2025-02-24 20:48:10.535581
case_672,b,2025-02-24 20:53:10.535581
case_672,c,2025-02-24 20:58:10.535581
case_672,b,2025-02-24 21:03:10.535581
case_673,c,2025-02-24 19:28:10.535611
case_673,c,2025-02-24 19:33:10.535611
case_673,c,2025-02-24 19:38:10.535611
case_673,a,2025-02-24 19:43:10.535611
case_673,c,2025-02-24 19:48:10.535611
case_673,b,2025-02-24 19:53:10.535611
case_673,b,2025-02-24 19:58:10.535611
case_673,c,2025-02-24 20:03:10.535611
case_673,b,2025-02-24 20:08:10.535611
case_673,c,2025-02-24 20:13:10.535611
case_673,b,2025-02-24 20:18:10.535611
case_673,c,2025-02-24 20:23:10.535611
case_673,c,2025-02-24 20:28:10.535611
case_673,c,2025-02-24 20:33:10.535611
case_673,b,2025-02-24 20:38:10.535611
case_673,a,2025-02-24 20:43:10.535611
case_673,b,2025-02-24 20:48:10.535611
case_673,c,2025-02-24 20:53:10.535611
case_673,a,2025-02-24 20:58:10.535611
case_673,a,2025-02-24 21:03:10.535611
case_674,b,2025-02-24 19:28:10.535641
case_674,c,2025-02-24 19:33:10.535641
case_674,b,2025-02-24 19:38:10.535641
case_674,b,2025-02-24 19:43:10.535641
case_674,a,2025-02-24 19:48:10.535641
case_674,c,2025-02-24 19:53:10.535641
case_674,c,2025-02-24 19:58:10.535641
case_674,c,2025-02-24 20:03:10.535641
case_674,c,2025-02-24 20:08:10.535641
case_674,b,2025-02-24 20:13:10.535641
case_674,a,2025-02-24 20:18:10.535641
case_674,a,2025-02-24 20:23:10.535641
case_674,b,2025-02-24 20:28:10.535641
case_674,b,2025-02-24 20:33:10.535641
case_674,c,2025-02-24 20:38:10.535641
case_674,c,2025-02-24 20:43:10.535641
case_674,c,2025-02-24 20:48:10.535641
case_674,b,2025-02-24 20:53:10.535641
case_674,a,2025-02-24 20:58:10.535641
case_674,a,2025-02-24 21:03:10.535641
case_675,b,2025-02-24 19:28:10.535671
case_675,c,2025-02-24 19:33:10.535671
case_675,a,2025-02-24 19:38:10.535671
case_675,b,2025-02-24 19:43:10.535671
case_675,a,2025-02-24 19:48:10.535671
case_675,c,2025-02-24 19:53:10.535671
case_675,a,2025-02-24 19:58:10.535671
case_675,b,2025-02-24 20:03:10.535671
case_675,a,2025-02-24 20:08:10.535671
case_675,a,2025-02-24 20:13:10.535671
case_675,a,2025-02-24 20:18:10.535671
case_675,a,2025-02-24 20:23:10.535671
case_675,c,2025-02-24 20:28:10.535671
case_675,b,2025-02-24 20:33:10.535671
case_675,b,2025-02-24 20:38:10.535671
case_675,c,2025-02-24 20:43:10.535671
case_675,c,2025-02-24 20:48:10.535671
case_675,b,2025-02-24 20:53:10.535671
case_675,b,2025-02-24 20:58:10.535671
case_675,b,2025-02-24 21:03:10.535671
case_676,b,2025-02-24 19:28:10.535701
case_676,b,2025-02-24 19:33:10.535701
case_676,c,2025-02-24 19:38:10.535701
case_676,c,2025-02-24 19:43:10.535701
case_676,c,2025-02-24 19:48:10.535701
case_676,a,2025-02-24 19:53:10.535701
case_676,c,2025-02-24 19:58:10.535701
case_676,c,2025-02-24 20:03:10.535701
case_676,b,2025-02-24 20:08:10.535701
case_676,a,2025-02-24 20:13:10.535701
case_676,c,2025-02-24 20:18:10.535701
case_676,a,2025-02-24 20:23:10.535701
case_676,c,2025-02-24 20:28:10.535701
case_676,b,2025-02-24 20:33:10.535701
case_676,a,2025-02-24 20:38:10.535701
case_676,a,2025-02-24 20:43:10.535701
case_676,a,2025-02-24 20:48:10.535701
case_676,a,2025-02-24 20:53:10.535701
case_676,a,2025-02-24 20:58:10.535701
case_676,b,2025-02-24 21:03:10.535701
case_677,b,2025-02-24 19:28:10.535732
case_677,a,2025-02-24 19:33:10.535732
case_677,a,2025-02-24 19:38:10.535732
case_677,c,2025-02-24 19:43:10.535732
case_677,b,2025-02-24 19:48:10.535732
case_677,b,2025-02-24 19:53:10.535732
case_677,b,2025-02-24 19:58:10.535732
case_677,c,2025-02-24 20:03:10.535732
case_677,c,2025-02-24 20:08:10.535732
case_677,c,2025-02-24 20:13:10.535732
case_677,c,2025-02-24 20:18:10.535732
case_677,b,2025-02-24 20:23:10.535732
case_677,a,2025-02-24 20:28:10.535732
case_677,c,2025-02-24 20:33:10.535732
case_677,b,2025-02-24 20:38:10.535732
case_677,a,2025-02-24 20:43:10.535732
case_677,b,2025-02-24 20:48:10.535732
case_677,b,2025-02-24 20:53:10.535732
case_677,c,2025-02-24 20:58:10.535732
case_677,c,2025-02-24 21:03:10.535732
case_678,b,2025-02-24 19:28:10.535761
case_678,b,2025-02-24 19:33:10.535761
case_678,b,2025-02-24 19:38:10.535761
case_678,c,2025-02-24 19:43:10.535761
case_678,b,2025-02-24 19:48:10.535761
case_678,b,2025-02-24 19:53:10.535761
case_678,b,2025-02-24 19:58:10.535761
case_678,b,2025-02-24 20:03:10.535761
case_678,a,2025-02-24 20:08:10.535761
case_678,c,2025-02-24 20:13:10.535761
case_678,b,2025-02-24 20:18:10.535761
case_678,c,2025-02-24 20:23:10.535761
case_678,b,2025-02-24 20:28:10.535761
case_678,a,2025-02-24 20:33:10.535761
case_678,c,2025-02-24 20:38:10.535761
case_678,b,2025-02-24 20:43:10.535761
case_678,b,2025-02-24 20:48:10.535761
case_678,c,2025-02-24 20:53:10.535761
case_678,a,2025-02-24 20:58:10.535761
case_678,a,2025-02-24 21:03:10.535761
case_679,c,2025-02-24 19:28:10.535791
case_679,a,2025-02-24 19:33:10.535791
case_679,a,2025-02-24 19:38:10.535791
case_679,c,2025-02-24 19:43:10.535791
case_679,b,2025-02-24 19:48:10.535791
case_679,c,2025-02-24 19:53:10.535791
case_679,a,2025-02-24 19:58:10.535791
case_679,b,2025-02-24 20:03:10.535791
case_679,a,2025-02-24 20:08:10.535791
case_679,a,2025-02-24 20:13:10.535791
case_679,b,2025-02-24 20:18:10.535791
case_679,c,2025-02-24 20:23:10.535791
case_679,b,2025-02-24 20:28:10.535791
case_679,c,2025-02-24 20:33:10.535791
case_679,c,2025-02-24 20:38:10.535791
case_679,a,2025-02-24 20:43:10.535791
case_679,b,2025-02-24 20:48:10.535791
case_679,a,2025-02-24 20:53:10.535791
case_679,c,2025-02-24 20:58:10.535791
case_679,a,2025-02-24 21:03:10.535791
case_680,c,2025-02-24 19:28:10.535821
case_680,c,2025-02-24 19:33:10.535821
case_680,b,2025-02-24 19:38:10.535821
case_680,b,2025-02-24 19:43:10.535821
case_680,a,2025-02-24 19:48:10.535821
case_680,a,2025-02-24 19:53:10.535821
case_680,a,2025-02-24 19:58:10.535821
case_680,a,2025-02-24 20:03:10.535821
case_680,b,2025-02-24 20:08:10.535821
case_680,a,2025-02-24 20:13:10.535821
case_680,b,2025-02-24 20:18:10.535821
case_680,a,2025-02-24 20:23:10.535821
case_680,c,2025-02-24 20:28:10.535821
case_680,b,2025-02-24 20:33:10.535821
case_680,b,2025-02-24 20:38:10.535821
case_680,c,2025-02-24 20:43:10.535821
case_680,b,2025-02-24 20:48:10.535821
case_680,b,2025-02-24 20:53:10.535821
case_680,c,2025-02-24 20:58:10.535821
case_680,a,2025-02-24 21:03:10.535821
case_681,c,2025-02-24 19:28:10.535851
case_681,a,2025-02-24 19:33:10.535851
case_681,c,2025-02-24 19:38:10.535851
case_681,b,2025-02-24 19:43:10.535851
case_681,c,2025-02-24 19:48:10.535851
case_681,b,2025-02-24 19:53:10.535851
case_681,b,2025-02-24 19:58:10.535851
case_681,b,2025-02-24 20:03:10.535851
case_681,c,2025-02-24 20:08:10.535851
case_681,c,2025-02-24 20:13:10.535851
case_681,b,2025-02-24 20:18:10.535851
case_681,a,2025-02-24 20:23:10.535851
case_681,c,2025-02-24 20:28:10.535851
case_681,c,2025-02-24 20:33:10.535851
case_681,a,2025-02-24 20:38:10.535851
case_681,b,2025-02-24 20:43:10.535851
case_681,b,2025-02-24 20:48:10.535851
case_681,c,2025-02-24 20:53:10.535851
case_681,a,2025-02-24 20:58:10.535851
case_681,a,2025-02-24 21:03:10.535851
case_682,b,2025-02-24 19:28:10.535881
case_682,a,2025-02-24 19:33:10.535881
case_682,c,2025-02-24 19:38:10.535881
case_682,b,2025-02-24 19:43:10.535881
case_682,a,2025-02-24 19:48:10.535881
case_682,b,2025-02-24 19:53:10.535881
case_682,b,2025-02-24 19:58:10.535881
case_682,c,2025-02-24 20:03:10.535881
case_682,a,2025-02-24 20:08:10.535881
case_682,c,2025-02-24 20:13:10.535881
case_682,a,2025-02-24 20:18:10.535881
case_682,c,2025-02-24 20:23:10.535881
case_682,c,2025-02-24 20:28:10.535881
case_682,b,2025-02-24 20:33:10.535881
case_682,b,2025-02-24 20:38:10.535881
case_682,a,2025-02-24 20:43:10.535881
case_682,c,2025-02-24 20:48:10.535881
case_682,a,2025-02-24 20:53:10.535881
case_682,a,2025-02-24 20:58:10.535881
case_682,b,2025-02-24 21:03:10.535881
case_683,b,2025-02-24 19:28:10.535911
case_683,c,2025-02-24 19:33:10.535911
case_683,b,2025-02-24 19:38:10.535911
case_683,c,2025-02-24 19:43:10.535911
case_683,c,2025-02-24 19:48:10.535911
case_683,b,2025-02-24 19:53:10.535911
case_683,a,2025-02-24 19:58:10.535911
case_683,c,2025-02-24 20:03:10.535911
case_683,c,2025-02-24 20:08:10.535911
case_683,a,2025-02-24 20:13:10.535911
case_683,c,2025-02-24 20:18:10.535911
case_683,c,2025-02-24 20:23:10.535911
case_683,a,2025-02-24 20:28:10.535911
case_683,c,2025-02-24 20:33:10.535911
case_683,c,2025-02-24 20:38:10.535911
case_683,c,2025-02-24 20:43:10.535911
case_683,c,2025-02-24 20:48:10.535911
case_683,c,2025-02-24 20:53:10.535911
case_683,a,2025-02-24 20:58:10.535911
case_683,a,2025-02-24 21:03:10.535911
case_684,c,2025-02-24 19:28:10.535941
case_684,b,2025-02-24 19:33:10.535941
case_684,b,2025-02-24 19:38:10.535941
case_684,a,2025-02-24 19:43:10.535941
case_684,a,2025-02-24 19:48:10.535941
case_684,a,2025-02-24 19:53:10.535941
case_684,c,2025-02-24 19:58:10.535941
case_684,a,2025-02-24 20:03:10.535941
case_684,c,2025-02-24 20:08:10.535941
case_684,b,2025-02-24 20:13:10.535941
case_684,b,2025-02-24 20:18:10.535941
case_684,b,2025-02-24 20:23:10.535941
case_684,b,2025-02-24 20:28:10.535941
case_684,c,2025-02-24 20:33:10.535941
case_684,c,2025-02-24 20:38:10.535941
case_684,b,2025-02-24 20:43:10.535941
case_684,b,2025-02-24 20:48:10.535941
case_684,b,2025-02-24 20:53:10.535941
case_684,a,2025-02-24 20:58:10.535941
case_684,a,2025-02-24 21:03:10.535941
case_685,c,2025-02-24 19:28:10.535972
case_685,c,2025-02-24 19:33:10.535972
case_685,b,2025-02-24 19:38:10.535972
case_685,c,2025-02-24 19:43:10.535972
case_685,b,2025-02-24 19:48:10.535972
case_685,b,2025-02-24 19:53:10.535972
case_685,c,2025-02-24 19:58:10.535972
case_685,a,2025-02-24 20:03:10.535972
case_685,a,2025-02-24 20:08:10.535972
case_685,c,2025-02-24 20:13:10.535972
case_685,a,2025-02-24 20:18:10.535972
case_685,a,2025-02-24 20:23:10.535972
case_685,c,2025-02-24 20:28:10.535972
case_685,b,2025-02-24 20:33:10.535972
case_685,a,2025-02-24 20:38:10.535972
case_685,c,2025-02-24 20:43:10.535972
case_685,b,2025-02-24 20:48:10.535972
case_685,b,2025-02-24 20:53:10.535972
case_685,b,2025-02-24 20:58:10.535972
case_685,c,2025-02-24 21:03:10.535972
case_686,b,2025-02-24 19:28:10.536001
case_686,b,2025-02-24 19:33:10.536001
case_686,c,2025-02-24 19:38:10.536001
case_686,b,2025-02-24 19:43:10.536001
case_686,c,2025-02-24 19:48:10.536001
case_686,c,2025-02-24 19:53:10.536001
case_686,b,2025-02-24 19:58:10.536001
case_686,b,2025-02-24 20:03:10.536001
case_686,a,2025-02-24 20:08:10.536001
case_686,b,2025-02-24 20:13:10.536001
case_686,a,2025-02-24 20:18:10.536001
case_686,b,2025-02-24 20:23:10.536001
case_686,c,2025-02-24 20:28:10.536001
case_686,b,2025-02-24 20:33:10.536001
case_686,b,2025-02-24 20:38:10.536001
case_686,b,2025-02-24 20:43:10.536001
case_686,b,2025-02-24 20:48:10.536001
case_686,a,2025-02-24 20:53:10.536001
case_686,a,2025-02-24 20:58:10.536001
case_686,b,2025-02-24 21:03:10.536001
case_687,b,2025-02-24 19:28:10.536031
case_687,a,2025-02-24 19:33:10.536031
case_687,a,2025-02-24 19:38:10.536031
case_687,b,2025-02-24 19:43:10.536031
case_687,b,2025-02-24 19:48:10.536031
case_687,a,2025-02-24 19:53:10.536031
case_687,b,2025-02-24 19:58:10.536031
case_687,a,2025-02-24 20:03:10.536031
case_687,b,2025-02-24 20:08:10.536031
case_687,a,2025-02-24 20:13:10.536031
case_687,b,2025-02-24 20:18:10.536031
case_687,c,2025-02-24 20:23:10.536031
case_687,a,2025-02-24 20:28:10.536031
case_687,c,2025-02-24 20:33:10.536031
case_687,b,2025-02-24 20:38:10.536031
case_687,a,2025-02-24 20:43:10.536031
case_687,a,2025-02-24 20:48:10.536031
case_687,b,2025-02-24 20:53:10.536031
case_687,b,2025-02-24 20:58:10.536031
case_687,b,2025-02-24 21:03:10.536031
case_688,c,2025-02-24 19:28:10.536061
case_688,a,2025-02-24 19:33:10.536061
case_688,a,2025-02-24 19:38:10.536061
case_688,b,2025-02-24 19:43:10.536061
case_688,c,2025-02-24 19:48:10.536061
case_688,c,2025-02-24 19:53:10.536061
case_688,a,2025-02-24 19:58:10.536061
case_688,c,2025-02-24 20:03:10.536061
case_688,b,2025-02-24 20:08:10.536061
case_688,b,2025-02-24 20:13:10.536061
case_688,a,2025-02-24 20:18:10.536061
case_688,b,2025-02-24 20:23:10.536061
case_688,b,2025-02-24 20:28:10.536061
case_688,a,2025-02-24 20:33:10.536061
case_688,a,2025-02-24 20:38:10.536061
case_688,a,2025-02-24 20:43:10.536061
case_688,c,2025-02-24 20:48:10.536061
case_688,a,2025-02-24 20:53:10.536061
case_688,b,2025-02-24 20:58:10.536061
case_688,c,2025-02-24 21:03:10.536061
case_689,b,2025-02-24 19:28:10.536092
case_689,a,2025-02-24 19:33:10.536092
case_689,b,2025-02-24 19:38:10.536092
case_689,a,2025-02-24 19:43:10.536092
case_689,a,2025-02-24 19:48:10.536092
case_689,c,2025-02-24 19:53:10.536092
case_689,c,2025-02-24 19:58:10.536092
case_689,b,2025-02-24 20:03:10.536092
case_689,a,2025-02-24 20:08:10.536092
case_689,a,2025-02-24 20:13:10.536092
case_689,c,2025-02-24 20:18:10.536092
case_689,b,2025-02-24 20:23:10.536092
case_689,c,2025-02-24 20:28:10.536092
case_689,a,2025-02-24 20:33:10.536092
case_689,a,2025-02-24 20:38:10.536092
case_689,b,2025-02-24 20:43:10.536092
case_689,b,2025-02-24 20:48:10.536092
case_689,a,2025-02-24 20:53:10.536092
case_689,a,2025-02-24 20:58:10.536092
case_689,a,2025-02-24 21:03:10.536092
case_690,b,2025-02-24 19:28:10.536122
case_690,a,2025-02-24 19:33:10.536122
case_690,c,2025-02-24 19:38:10.536122
case_690,b,2025-02-24 19:43:10.536122
case_690,a,2025-02-24 19:48:10.536122
case_690,c,2025-02-24 19:53:10.536122
case_690,b,2025-02-24 19:58:10.536122
case_690,b,2025-02-24 20:03:10.536122
case_690,a,2025-02-24 20:08:10.536122
case_690,a,2025-02-24 20:13:10.536122
case_690,a,2025-02-24 20:18:10.536122
case_690,c,2025-02-24 20:23:10.536122
case_690,a,2025-02-24 20:28:10.536122
case_690,b,2025-02-24 20:33:10.536122
case_690,a,2025-02-24 20:38:10.536122
case_690,b,2025-02-24 20:43:10.536122
case_690,c,2025-02-24 20:48:10.536122
case_690,a,2025-02-24 20:53:10.536122
case_690,a,2025-02-24 20:58:10.536122
case_690,a,2025-02-24 21:03:10.536122
case_691,b,2025-02-24 19:28:10.536151
case_691,c,2025-02-24 19:33:10.536151
case_691,b,2025-02-24 19:38:10.536151
case_691,b,2025-02-24 19:43:10.536151
case_691,b,2025-02-24 19:48:10.536151
case_691,a,2025-02-24 19:53:10.536151
case_691,b,2025-02-24 19:58:10.536151
case_691,a,2025-02-24 20:03:10.536151
case_691,a,2025-02-24 20:08:10.536151
case_691,c,2025-02-24 20:13:10.536151
case_691,a,2025-02-24 20:18:10.536151
case_691,b,2025-02-24 20:23:10.536151
case_691,b,2025-02-24 20:28:10.536151
case_691,c,2025-02-24 20:33:10.536151
case_691,a,2025-02-24 20:38:10.536151
case_691,b,2025-02-24 20:43:10.536151
case_691,b,2025-02-24 20:48:10.536151
case_691,c,2025-02-24 20:53:10.536151
case_691,b,2025-02-24 20:58:10.536151
case_691,c,2025-02-24 21:03:10.536151
case_692,c,2025-02-24 19:28:10.536181
case_692,b,2025-02-24 19:33:10.536181
case_692,c,2025-02-24 19:38:10.536181
case_692,a,2025-02-24 19:43:10.536181
case_692,b,2025-02-24 19:48:10.536181
case_692,b,2025-02-24 19:53:10.536181
case_692,c,2025-02-24 19:58:10.536181
case_692,c,2025-02-24 20:03:10.536181
case_692,b,2025-02-24 20:08:10.536181
case_692,a,2025-02-24 20:13:10.536181
case_692,b,2025-02-24 20:18:10.536181
case_692,b,2025-02-24 20:23:10.536181
case_692,b,2025-02-24 20:28:10.536181
case_692,c,2025-02-24 20:33:10.536181
case_692,c,2025-02-24 20:38:10.536181
case_692,c,2025-02-24 20:43:10.536181
case_692,a,2025-02-24 20:48:10.536181
case_692,a,2025-02-24 20:53:10.536181
case_692,c,2025-02-24 20:58:10.536181
case_692,b,2025-02-24 21:03:10.536181
case_693,b,2025-02-24 19:28:10.536210
case_693,c,2025-02-24 19:33:10.536210
case_693,c,2025-02-24 19:38:10.536210
case_693,b,2025-02-24 19:43:10.536210
case_693,a,2025-02-24 19:48:10.536210
case_693,b,2025-02-24 19:53:10.536210
case_693,b,2025-02-24 19:58:10.536210
case_693,a,2025-02-24 20:03:10.536210
case_693,c,2025-02-24 20:08:10.536210
case_693,a,2025-02-24 20:13:10.536210
case_693,c,2025-02-24 20:18:10.536210
case_693,b,2025-02-24 20:23:10.536210
case_693,b,2025-02-24 20:28:10.536210
case_693,c,2025-02-24 20:33:10.536210
case_693,b,2025-02-24 20:38:10.536210
case_693,b,2025-02-24 20:43:10.536210
case_693,c,2025-02-24 20:48:10.536210
case_693,c,2025-02-24 20:53:10.536210
case_693,a,2025-02-24 20:58:10.536210
case_693,a,2025-02-24 21:03:10.536210
case_694,b,2025-02-24 19:28:10.536239
case_694,c,2025-02-24 19:33:10.536239
case_694,b,2025-02-24 19:38:10.536239
case_694,b,2025-02-24 19:43:10.536239
case_694,b,2025-02-24 19:48:10.536239
case_694,c,2025-02-24 19:53:10.536239
case_694,b,2025-02-24 19:58:10.536239
case_694,b,2025-02-24 20:03:10.536239
case_694,a,2025-02-24 20:08:10.536239
case_694,c,2025-02-24 20:13:10.536239
case_694,c,2025-02-24 20:18:10.536239
case_694,a,2025-02-24 20:23:10.536239
case_694,a,2025-02-24 20:28:10.536239
case_694,c,2025-02-24 20:33:10.536239
case_694,c,2025-02-24 20:38:10.536239
case_694,a,2025-02-24 20:43:10.536239
case_694,a,2025-02-24 20:48:10.536239
case_694,a,2025-02-24 20:53:10.536239
case_694,b,2025-02-24 20:58:10.536239
case_694,a,2025-02-24 21:03:10.536239
case_695,b,2025-02-24 19:28:10.536269
case_695,b,2025-02-24 19:33:10.536269
case_695,b,2025-02-24 19:38:10.536269
case_695,b,2025-02-24 19:43:10.536269
case_695,c,2025-02-24 19:48:10.536269
case_695,b,2025-02-24 19:53:10.536269
case_695,c,2025-02-24 19:58:10.536269
case_695,a,2025-02-24 20:03:10.536269
case_695,c,2025-02-24 20:08:10.536269
case_695,b,2025-02-24 20:13:10.536269
case_695,a,2025-02-24 20:18:10.536269
case_695,c,2025-02-24 20:23:10.536269
case_695,c,2025-02-24 20:28:10.536269
case_695,a,2025-02-24 20:33:10.536269
case_695,c,2025-02-24 20:38:10.536269
case_695,a,2025-02-24 20:43:10.536269
case_695,b,2025-02-24 20:48:10.536269
case_695,c,2025-02-24 20:53:10.536269
case_695,a,2025-02-24 20:58:10.536269
case_695,a,2025-02-24 21:03:10.536269
case_696,b,2025-02-24 19:28:10.536298
case_696,a,2025-02-24 19:33:10.536298
case_696,c,2025-02-24 19:38:10.536298
case_696,a,2025-02-24 19:43:10.536298
case_696,c,2025-02-24 19:48:10.536298
case_696,a,2025-02-24 19:53:10.536298
case_696,c,2025-02-24 19:58:10.536298
case_696,c,2025-02-24 20:03:10.536298
case_696,c,2025-02-24 20:08:10.536298
case_696,c,2025-02-24 20:13:10.536298
case_696,a,2025-02-24 20:18:10.536298
case_696,c,2025-02-24 20:23:10.536298
case_696,b,2025-02-24 20:28:10.536298
case_696,c,2025-02-24 20:33:10.536298
case_696,c,2025-02-24 20:38:10.536298
case_696,a,2025-02-24 20:43:10.536298
case_696,c,2025-02-24 20:48:10.536298
case_696,a,2025-02-24 20:53:10.536298
case_696,a,2025-02-24 20:58:10.536298
case_696,a,2025-02-24 21:03:10.536298
case_697,b,2025-02-24 19:28:10.536329
case_697,b,2025-02-24 19:33:10.536329
case_697,b,2025-02-24 19:38:10.536329
case_697,b,2025-02-24 19:43:10.536329
case_697,a,2025-02-24 19:48:10.536329
case_697,a,2025-02-24 19:53:10.536329
case_697,b,2025-02-24 19:58:10.536329
case_697,c,2025-02-24 20:03:10.536329
case_697,b,2025-02-24 20:08:10.536329
case_697,c,2025-02-24 20:13:10.536329
case_697,c,2025-02-24 20:18:10.536329
case_697,a,2025-02-24 20:23:10.536329
case_697,b,2025-02-24 20:28:10.536329
case_697,c,2025-02-24 20:33:10.536329
case_697,c,2025-02-24 20:38:10.536329
case_697,b,2025-02-24 20:43:10.536329
case_697,a,2025-02-24 20:48:10.536329
case_697,a,2025-02-24 20:53:10.536329
case_697,b,2025-02-24 20:58:10.536329
case_697,a,2025-02-24 21:03:10.536329
case_698,c,2025-02-24 19:28:10.536359
case_698,c,2025-02-24 19:33:10.536359
case_698,a,2025-02-24 19:38:10.536359
case_698,a,2025-02-24 19:43:10.536359
case_698,a,2025-02-24 19:48:10.536359
case_698,a,2025-02-24 19:53:10.536359
case_698,c,2025-02-24 19:58:10.536359
case_698,a,2025-02-24 20:03:10.536359
case_698,c,2025-02-24 20:08:10.536359
case_698,a,2025-02-24 20:13:10.536359
case_698,a,2025-02-24 20:18:10.536359
case_698,b,2025-02-24 20:23:10.536359
case_698,a,2025-02-24 20:28:10.536359
case_698,c,2025-02-24 20:33:10.536359
case_698,b,2025-02-24 20:38:10.536359
case_698,c,2025-02-24 20:43:10.536359
case_698,b,2025-02-24 20:48:10.536359
case_698,c,2025-02-24 20:53:10.536359
case_698,b,2025-02-24 20:58:10.536359
case_698,c,2025-02-24 21:03:10.536359
case_699,c,2025-02-24 19:28:10.536388
case_699,b,2025-02-24 19:33:10.536388
case_699,c,2025-02-24 19:38:10.536388
case_699,a,2025-02-24 19:43:10.536388
case_699,a,2025-02-24 19:48:10.536388
case_699,a,2025-02-24 19:53:10.536388
case_699,b,2025-02-24 19:58:10.536388
case_699,b,2025-02-24 20:03:10.536388
case_699,b,2025-02-24 20:08:10.536388
case_699,b,2025-02-24 20:13:10.536388
case_699,c,2025-02-24 20:18:10.536388
case_699,c,2025-02-24 20:23:10.536388
case_699,a,2025-02-24 20:28:10.536388
case_699,a,2025-02-24 20:33:10.536388
case_699,a,2025-02-24 20:38:10.536388
case_699,a,2025-02-24 20:43:10.536388
case_699,a,2025-02-24 20:48:10.536388
case_699,a,2025-02-24 20:53:10.536388
case_699,c,2025-02-24 20:58:10.536388
case_699,c,2025-02-24 21:03:10.536388
case_700,b,2025-02-24 19:28:10.536418
case_700,c,2025-02-24 19:33:10.536418
case_700,a,2025-02-24 19:38:10.536418
case_700,c,2025-02-24 19:43:10.536418
case_700,b,2025-02-24 19:48:10.536418
case_700,a,2025-02-24 19:53:10.536418
case_700,a,2025-02-24 19:58:10.536418
case_700,a,2025-02-24 20:03:10.536418
case_700,b,2025-02-24 20:08:10.536418
case_700,c,2025-02-24 20:13:10.536418
case_700,a,2025-02-24 20:18:10.536418
case_700,c,2025-02-24 20:23:10.536418
case_700,b,2025-02-24 20:28:10.536418
case_700,a,2025-02-24 20:33:10.536418
case_700,c,2025-02-24 20:38:10.536418
case_700,b,2025-02-24 20:43:10.536418
case_700,b,2025-02-24 20:48:10.536418
case_700,b,2025-02-24 20:53:10.536418
case_700,c,2025-02-24 20:58:10.536418
case_700,a,2025-02-24 21:03:10.536418
case_701,c,2025-02-24 19:28:10.536448
case_701,b,2025-02-24 19:33:10.536448
case_701,a,2025-02-24 19:38:10.536448
case_701,b,2025-02-24 19:43:10.536448
case_701,b,2025-02-24 19:48:10.536448
case_701,c,2025-02-24 19:53:10.536448
case_701,b,2025-02-24 19:58:10.536448
case_701,b,2025-02-24 20:03:10.536448
case_701,c,2025-02-24 20:08:10.536448
case_701,a,2025-02-24 20:13:10.536448
case_701,c,2025-02-24 20:18:10.536448
case_701,b,2025-02-24 20:23:10.536448
case_701,a,2025-02-24 20:28:10.536448
case_701,a,2025-02-24 20:33:10.536448
case_701,a,2025-02-24 20:38:10.536448
case_701,b,2025-02-24 20:43:10.536448
case_701,a,2025-02-24 20:48:10.536448
case_701,c,2025-02-24 20:53:10.536448
case_701,b,2025-02-24 20:58:10.536448
case_701,a,2025-02-24 21:03:10.536448
case_702,b,2025-02-24 19:28:10.536478
case_702,b,2025-02-24 19:33:10.536478
case_702,b,2025-02-24 19:38:10.536478
case_702,b,2025-02-24 19:43:10.536478
case_702,c,2025-02-24 19:48:10.536478
case_702,b,2025-02-24 19:53:10.536478
case_702,c,2025-02-24 19:58:10.536478
case_702,b,2025-02-24 20:03:10.536478
case_702,a,2025-02-24 20:08:10.536478
case_702,c,2025-02-24 20:13:10.536478
case_702,a,2025-02-24 20:18:10.536478
case_702,b,2025-02-24 20:23:10.536478
case_702,c,2025-02-24 20:28:10.536478
case_702,c,2025-02-24 20:33:10.536478
case_702,a,2025-02-24 20:38:10.536478
case_702,b,2025-02-24 20:43:10.536478
case_702,a,2025-02-24 20:48:10.536478
case_702,c,2025-02-24 20:53:10.536478
case_702,a,2025-02-24 20:58:10.536478
case_702,a,2025-02-24 21:03:10.536478
case_703,b,2025-02-24 19:28:10.536507
case_703,c,2025-02-24 19:33:10.536507
case_703,c,2025-02-24 19:38:10.536507
case_703,c,2025-02-24 19:43:10.536507
case_703,a,2025-02-24 19:48:10.536507
case_703,b,2025-02-24 19:53:10.536507
case_703,b,2025-02-24 19:58:10.536507
case_703,c,2025-02-24 20:03:10.536507
case_703,c,2025-02-24 20:08:10.536507
case_703,c,2025-02-24 20:13:10.536507
case_703,b,2025-02-24 20:18:10.536507
case_703,b,2025-02-24 20:23:10.536507
case_703,b,2025-02-24 20:28:10.536507
case_703,b,2025-02-24 20:33:10.536507
case_703,a,2025-02-24 20:38:10.536507
case_703,a,2025-02-24 20:43:10.536507
case_703,b,2025-02-24 20:48:10.536507
case_703,b,2025-02-24 20:53:10.536507
case_703,c,2025-02-24 20:58:10.536507
case_703,b,2025-02-24 21:03:10.536507
case_704,b,2025-02-24 19:28:10.536537
case_704,b,2025-02-24 19:33:10.536537
case_704,b,2025-02-24 19:38:10.536537
case_704,b,2025-02-24 19:43:10.536537
case_704,c,2025-02-24 19:48:10.536537
case_704,b,2025-02-24 19:53:10.536537
case_704,c,2025-02-24 19:58:10.536537
case_704,a,2025-02-24 20:03:10.536537
case_704,b,2025-02-24 20:08:10.536537
case_704,b,2025-02-24 20:13:10.536537
case_704,b,2025-02-24 20:18:10.536537
case_704,b,2025-02-24 20:23:10.536537
case_704,b,2025-02-24 20:28:10.536537
case_704,a,2025-02-24 20:33:10.536537
case_704,a,2025-02-24 20:38:10.536537
case_704,c,2025-02-24 20:43:10.536537
case_704,a,2025-02-24 20:48:10.536537
case_704,c,2025-02-24 20:53:10.536537
case_704,c,2025-02-24 20:58:10.536537
case_704,c,2025-02-24 21:03:10.536537
case_705,c,2025-02-24 19:28:10.536567
case_705,b,2025-02-24 19:33:10.536567
case_705,c,2025-02-24 19:38:10.536567
case_705,c,2025-02-24 19:43:10.536567
case_705,c,2025-02-24 19:48:10.536567
case_705,c,2025-02-24 19:53:10.536567
case_705,c,2025-02-24 19:58:10.536567
case_705,a,2025-02-24 20:03:10.536567
case_705,b,2025-02-24 20:08:10.536567
case_705,a,2025-02-24 20:13:10.536567
case_705,c,2025-02-24 20:18:10.536567
case_705,b,2025-02-24 20:23:10.536567
case_705,a,2025-02-24 20:28:10.536567
case_705,b,2025-02-24 20:33:10.536567
case_705,b,2025-02-24 20:38:10.536567
case_705,b,2025-02-24 20:43:10.536567
case_705,c,2025-02-24 20:48:10.536567
case_705,b,2025-02-24 20:53:10.536567
case_705,a,2025-02-24 20:58:10.536567
case_705,a,2025-02-24 21:03:10.536567
case_706,b,2025-02-24 19:28:10.536596
case_706,c,2025-02-24 19:33:10.536596
case_706,a,2025-02-24 19:38:10.536596
case_706,c,2025-02-24 19:43:10.536596
case_706,c,2025-02-24 19:48:10.536596
case_706,c,2025-02-24 19:53:10.536596
case_706,c,2025-02-24 19:58:10.536596
case_706,a,2025-02-24 20:03:10.536596
case_706,a,2025-02-24 20:08:10.536596
case_706,a,2025-02-24 20:13:10.536596
case_706,c,2025-02-24 20:18:10.536596
case_706,a,2025-02-24 20:23:10.536596
case_706,b,2025-02-24 20:28:10.536596
case_706,a,2025-02-24 20:33:10.536596
case_706,c,2025-02-24 20:38:10.536596
case_706,c,2025-02-24 20:43:10.536596
case_706,a,2025-02-24 20:48:10.536596
case_706,c,2025-02-24 20:53:10.536596
case_706,b,2025-02-24 20:58:10.536596
case_706,a,2025-02-24 21:03:10.536596
case_707,c,2025-02-24 19:28:10.536626
case_707,b,2025-02-24 19:33:10.536626
case_707,b,2025-02-24 19:38:10.536626
case_707,a,2025-02-24 19:43:10.536626
case_707,a,2025-02-24 19:48:10.536626
case_707,b,2025-02-24 19:53:10.536626
case_707,c,2025-02-24 19:58:10.536626
case_707,b,2025-02-24 20:03:10.536626
case_707,a,2025-02-24 20:08:10.536626
case_707,c,2025-02-24 20:13:10.536626
case_707,c,2025-02-24 20:18:10.536626
case_707,b,2025-02-24 20:23:10.536626
case_707,a,2025-02-24 20:28:10.536626
case_707,c,2025-02-24 20:33:10.536626
case_707,c,2025-02-24 20:38:10.536626
case_707,b,2025-02-24 20:43:10.536626
case_707,b,2025-02-24 20:48:10.536626
case_707,a,2025-02-24 20:53:10.536626
case_707,c,2025-02-24 20:58:10.536626
case_707,a,2025-02-24 21:03:10.536626
case_708,c,2025-02-24 19:28:10.536656
case_708,a,2025-02-24 19:33:10.536656
case_708,a,2025-02-24 19:38:10.536656
case_708,b,2025-02-24 19:43:10.536656
case_708,b,2025-02-24 19:48:10.536656
case_708,c,2025-02-24 19:53:10.536656
case_708,a,2025-02-24 19:58:10.536656
case_708,a,2025-02-24 20:03:10.536656
case_708,b,2025-02-24 20:08:10.536656
case_708,c,2025-02-24 20:13:10.536656
case_708,a,2025-02-24 20:18:10.536656
case_708,b,2025-02-24 20:23:10.536656
case_708,a,2025-02-24 20:28:10.536656
case_708,c,2025-02-24 20:33:10.536656
case_708,a,2025-02-24 20:38:10.536656
case_708,b,2025-02-24 20:43:10.536656
case_708,b,2025-02-24 20:48:10.536656
case_708,c,2025-02-24 20:53:10.536656
case_708,b,2025-02-24 20:58:10.536656
case_708,c,2025-02-24 21:03:10.536656
case_709,c,2025-02-24 19:28:10.536686
case_709,c,2025-02-24 19:33:10.536686
case_709,b,2025-02-24 19:38:10.536686
case_709,a,2025-02-24 19:43:10.536686
case_709,a,2025-02-24 19:48:10.536686
case_709,a,2025-02-24 19:53:10.536686
case_709,a,2025-02-24 19:58:10.536686
case_709,b,2025-02-24 20:03:10.536686
case_709,a,2025-02-24 20:08:10.536686
case_709,b,2025-02-24 20:13:10.536686
case_709,a,2025-02-24 20:18:10.536686
case_709,b,2025-02-24 20:23:10.536686
case_709,b,2025-02-24 20:28:10.536686
case_709,b,2025-02-24 20:33:10.536686
case_709,a,2025-02-24 20:38:10.536686
case_709,a,2025-02-24 20:43:10.536686
case_709,c,2025-02-24 20:48:10.536686
case_709,a,2025-02-24 20:53:10.536686
case_709,c,2025-02-24 20:58:10.536686
case_709,b,2025-02-24 21:03:10.536686
case_710,c,2025-02-24 19:28:10.536715
case_710,b,2025-02-24 19:33:10.536715
case_710,c,2025-02-24 19:38:10.536715
case_710,a,2025-02-24 19:43:10.536715
case_710,a,2025-02-24 19:48:10.536715
case_710,a,2025-02-24 19:53:10.536715
case_710,a,2025-02-24 19:58:10.536715
case_710,b,2025-02-24 20:03:10.536715
case_710,a,2025-02-24 20:08:10.536715
case_710,c,2025-02-24 20:13:10.536715
case_710,c,2025-02-24 20:18:10.536715
case_710,b,2025-02-24 20:23:10.536715
case_710,b,2025-02-24 20:28:10.536715
case_710,a,2025-02-24 20:33:10.536715
case_710,a,2025-02-24 20:38:10.536715
case_710,c,2025-02-24 20:43:10.536715
case_710,a,2025-02-24 20:48:10.536715
case_710,c,2025-02-24 20:53:10.536715
case_710,a,2025-02-24 20:58:10.536715
case_710,b,2025-02-24 21:03:10.536715
case_711,c,2025-02-24 19:28:10.536745
case_711,a,2025-02-24 19:33:10.536745
case_711,a,2025-02-24 19:38:10.536745
case_711,c,2025-02-24 19:43:10.536745
case_711,c,2025-02-24 19:48:10.536745
case_711,b,2025-02-24 19:53:10.536745
case_711,b,2025-02-24 19:58:10.536745
case_711,b,2025-02-24 20:03:10.536745
case_711,a,2025-02-24 20:08:10.536745
case_711,a,2025-02-24 20:13:10.536745
case_711,c,2025-02-24 20:18:10.536745
case_711,a,2025-02-24 20:23:10.536745
case_711,b,2025-02-24 20:28:10.536745
case_711,b,2025-02-24 20:33:10.536745
case_711,c,2025-02-24 20:38:10.536745
case_711,b,2025-02-24 20:43:10.536745
case_711,c,2025-02-24 20:48:10.536745
case_711,b,2025-02-24 20:53:10.536745
case_711,b,2025-02-24 20:58:10.536745
case_711,a,2025-02-24 21:03:10.536745
case_712,c,2025-02-24 19:28:10.536775
case_712,b,2025-02-24 19:33:10.536775
case_712,a,2025-02-24 19:38:10.536775
case_712,c,2025-02-24 19:43:10.536775
case_712,a,2025-02-24 19:48:10.536775
case_712,b,2025-02-24 19:53:10.536775
case_712,a,2025-02-24 19:58:10.536775
case_712,a,2025-02-24 20:03:10.536775
case_712,b,2025-02-24 20:08:10.536775
case_712,c,2025-02-24 20:13:10.536775
case_712,c,2025-02-24 20:18:10.536775
case_712,c,2025-02-24 20:23:10.536775
case_712,c,2025-02-24 20:28:10.536775
case_712,c,2025-02-24 20:33:10.536775
case_712,b,2025-02-24 20:38:10.536775
case_712,a,2025-02-24 20:43:10.536775
case_712,b,2025-02-24 20:48:10.536775
case_712,a,2025-02-24 20:53:10.536775
case_712,b,2025-02-24 20:58:10.536775
case_712,b,2025-02-24 21:03:10.536775
case_713,b,2025-02-24 19:28:10.536804
case_713,b,2025-02-24 19:33:10.536804
case_713,c,2025-02-24 19:38:10.536804
case_713,c,2025-02-24 19:43:10.536804
case_713,b,2025-02-24 19:48:10.536804
case_713,c,2025-02-24 19:53:10.536804
case_713,c,2025-02-24 19:58:10.536804
case_713,a,2025-02-24 20:03:10.536804
case_713,c,2025-02-24 20:08:10.536804
case_713,a,2025-02-24 20:13:10.536804
case_713,c,2025-02-24 20:18:10.536804
case_713,c,2025-02-24 20:23:10.536804
case_713,a,2025-02-24 20:28:10.536804
case_713,a,2025-02-24 20:33:10.536804
case_713,b,2025-02-24 20:38:10.536804
case_713,c,2025-02-24 20:43:10.536804
case_713,b,2025-02-24 20:48:10.536804
case_713,a,2025-02-24 20:53:10.536804
case_713,b,2025-02-24 20:58:10.536804
case_713,a,2025-02-24 21:03:10.536804
case_714,c,2025-02-24 19:28:10.536834
case_714,c,2025-02-24 19:33:10.536834
case_714,c,2025-02-24 19:38:10.536834
case_714,a,2025-02-24 19:43:10.536834
case_714,a,2025-02-24 19:48:10.536834
case_714,c,2025-02-24 19:53:10.536834
case_714,a,2025-02-24 19:58:10.536834
case_714,a,2025-02-24 20:03:10.536834
case_714,b,2025-02-24 20:08:10.536834
case_714,b,2025-02-24 20:13:10.536834
case_714,b,2025-02-24 20:18:10.536834
case_714,b,2025-02-24 20:23:10.536834
case_714,b,2025-02-24 20:28:10.536834
case_714,a,2025-02-24 20:33:10.536834
case_714,b,2025-02-24 20:38:10.536834
case_714,c,2025-02-24 20:43:10.536834
case_714,b,2025-02-24 20:48:10.536834
case_714,a,2025-02-24 20:53:10.536834
case_714,c,2025-02-24 20:58:10.536834
case_714,a,2025-02-24 21:03:10.536834
case_715,c,2025-02-24 19:28:10.536864
case_715,c,2025-02-24 19:33:10.536864
case_715,b,2025-02-24 19:38:10.536864
case_715,a,2025-02-24 19:43:10.536864
case_715,a,2025-02-24 19:48:10.536864
case_715,c,2025-02-24 19:53:10.536864
case_715,a,2025-02-24 19:58:10.536864
case_715,a,2025-02-24 20:03:10.536864
case_715,c,2025-02-24 20:08:10.536864
case_715,c,2025-02-24 20:13:10.536864
case_715,a,2025-02-24 20:18:10.536864
case_715,c,2025-02-24 20:23:10.536864
case_715,c,2025-02-24 20:28:10.536864
case_715,a,2025-02-24 20:33:10.536864
case_715,a,2025-02-24 20:38:10.536864
case_715,c,2025-02-24 20:43:10.536864
case_715,a,2025-02-24 20:48:10.536864
case_715,b,2025-02-24 20:53:10.536864
case_715,a,2025-02-24 20:58:10.536864
case_715,b,2025-02-24 21:03:10.536864
case_716,b,2025-02-24 19:28:10.536893
case_716,c,2025-02-24 19:33:10.536893
case_716,c,2025-02-24 19:38:10.536893
case_716,a,2025-02-24 19:43:10.536893
case_716,a,2025-02-24 19:48:10.536893
case_716,a,2025-02-24 19:53:10.536893
case_716,c,2025-02-24 19:58:10.536893
case_716,b,2025-02-24 20:03:10.536893
case_716,b,2025-02-24 20:08:10.536893
case_716,a,2025-02-24 20:13:10.536893
case_716,a,2025-02-24 20:18:10.536893
case_716,c,2025-02-24 20:23:10.536893
case_716,b,2025-02-24 20:28:10.536893
case_716,b,2025-02-24 20:33:10.536893
case_716,b,2025-02-24 20:38:10.536893
case_716,a,2025-02-24 20:43:10.536893
case_716,a,2025-02-24 20:48:10.536893
case_716,a,2025-02-24 20:53:10.536893
case_716,a,2025-02-24 20:58:10.536893
case_716,c,2025-02-24 21:03:10.536893
case_717,b,2025-02-24 19:28:10.536923
case_717,a,2025-02-24 19:33:10.536923
case_717,b,2025-02-24 19:38:10.536923
case_717,c,2025-02-24 19:43:10.536923
case_717,a,2025-02-24 19:48:10.536923
case_717,a,2025-02-24 19:53:10.536923
case_717,b,2025-02-24 19:58:10.536923
case_717,a,2025-02-24 20:03:10.536923
case_717,c,2025-02-24 20:08:10.536923
case_717,a,2025-02-24 20:13:10.536923
case_717,a,2025-02-24 20:18:10.536923
case_717,b,2025-02-24 20:23:10.536923
case_717,b,2025-02-24 20:28:10.536923
case_717,b,2025-02-24 20:33:10.536923
case_717,a,2025-02-24 20:38:10.536923
case_717,c,2025-02-24 20:43:10.536923
case_717,a,2025-02-24 20:48:10.536923
case_717,c,2025-02-24 20:53:10.536923
case_717,c,2025-02-24 20:58:10.536923
case_717,a,2025-02-24 21:03:10.536923
case_718,b,2025-02-24 19:28:10.536952
case_718,b,2025-02-24 19:33:10.536952
case_718,c,2025-02-24 19:38:10.536952
case_718,b,2025-02-24 19:43:10.536952
case_718,b,2025-02-24 19:48:10.536952
case_718,c,2025-02-24 19:53:10.536952
case_718,a,2025-02-24 19:58:10.536952
case_718,c,2025-02-24 20:03:10.536952
case_718,a,2025-02-24 20:08:10.536952
case_718,a,2025-02-24 20:13:10.536952
case_718,a,2025-02-24 20:18:10.536952
case_718,c,2025-02-24 20:23:10.536952
case_718,a,2025-02-24 20:28:10.536952
case_718,b,2025-02-24 20:33:10.536952
case_718,c,2025-02-24 20:38:10.536952
case_718,a,2025-02-24 20:43:10.536952
case_718,c,2025-02-24 20:48:10.536952
case_718,a,2025-02-24 20:53:10.536952
case_718,b,2025-02-24 20:58:10.536952
case_718,b,2025-02-24 21:03:10.536952
case_719,b,2025-02-24 19:28:10.536982
case_719,a,2025-02-24 19:33:10.536982
case_719,b,2025-02-24 19:38:10.536982
case_719,c,2025-02-24 19:43:10.536982
case_719,a,2025-02-24 19:48:10.536982
case_719,c,2025-02-24 19:53:10.536982
case_719,c,2025-02-24 19:58:10.536982
case_719,c,2025-02-24 20:03:10.536982
case_719,c,2025-02-24 20:08:10.536982
case_719,b,2025-02-24 20:13:10.536982
case_719,c,2025-02-24 20:18:10.536982
case_719,a,2025-02-24 20:23:10.536982
case_719,b,2025-02-24 20:28:10.536982
case_719,a,2025-02-24 20:33:10.536982
case_719,c,2025-02-24 20:38:10.536982
case_719,a,2025-02-24 20:43:10.536982
case_719,a,2025-02-24 20:48:10.536982
case_719,c,2025-02-24 20:53:10.536982
case_719,a,2025-02-24 20:58:10.536982
case_719,c,2025-02-24 21:03:10.536982
case_720,c,2025-02-24 19:28:10.537011
case_720,c,2025-02-24 19:33:10.537011
case_720,b,2025-02-24 19:38:10.537011
case_720,a,2025-02-24 19:43:10.537011
case_720,a,2025-02-24 19:48:10.537011
case_720,b,2025-02-24 19:53:10.537011
case_720,b,2025-02-24 19:58:10.537011
case_720,a,2025-02-24 20:03:10.537011
case_720,a,2025-02-24 20:08:10.537011
case_720,c,2025-02-24 20:13:10.537011
case_720,a,2025-02-24 20:18:10.537011
case_720,b,2025-02-24 20:23:10.537011
case_720,a,2025-02-24 20:28:10.537011
case_720,a,2025-02-24 20:33:10.537011
case_720,b,2025-02-24 20:38:10.537011
case_720,b,2025-02-24 20:43:10.537011
case_720,c,2025-02-24 20:48:10.537011
case_720,b,2025-02-24 20:53:10.537011
case_720,c,2025-02-24 20:58:10.537011
case_720,c,2025-02-24 21:03:10.537011
case_721,b,2025-02-24 19:28:10.537040
case_721,c,2025-02-24 19:33:10.537040
case_721,c,2025-02-24 19:38:10.537040
case_721,c,2025-02-24 19:43:10.537040
case_721,a,2025-02-24 19:48:10.537040
case_721,c,2025-02-24 19:53:10.537040
case_721,b,2025-02-24 19:58:10.537040
case_721,b,2025-02-24 20:03:10.537040
case_721,c,2025-02-24 20:08:10.537040
case_721,a,2025-02-24 20:13:10.537040
case_721,b,2025-02-24 20:18:10.537040
case_721,c,2025-02-24 20:23:10.537040
case_721,c,2025-02-24 20:28:10.537040
case_721,c,2025-02-24 20:33:10.537040
case_721,c,2025-02-24 20:38:10.537040
case_721,a,2025-02-24 20:43:10.537040
case_721,c,2025-02-24 20:48:10.537040
case_721,b,2025-02-24 20:53:10.537040
case_721,a,2025-02-24 20:58:10.537040
case_721,a,2025-02-24 21:03:10.537040
case_722,c,2025-02-24 19:28:10.537069
case_722,a,2025-02-24 19:33:10.537069
case_722,a,2025-02-24 19:38:10.537069
case_722,c,2025-02-24 19:43:10.537069
case_722,b,2025-02-24 19:48:10.537069
case_722,b,2025-02-24 19:53:10.537069
case_722,a,2025-02-24 19:58:10.537069
case_722,b,2025-02-24 20:03:10.537069
case_722,c,2025-02-24 20:08:10.537069
case_722,b,2025-02-24 20:13:10.537069
case_722,a,2025-02-24 20:18:10.537069
case_722,a,2025-02-24 20:23:10.537069
case_722,a,2025-02-24 20:28:10.537069
case_722,c,2025-02-24 20:33:10.537069
case_722,a,2025-02-24 20:38:10.537069
case_722,c,2025-02-24 20:43:10.537069
case_722,a,2025-02-24 20:48:10.537069
case_722,a,2025-02-24 20:53:10.537069
case_722,c,2025-02-24 20:58:10.537069
case_722,a,2025-02-24 21:03:10.537069
case_723,b,2025-02-24 19:28:10.537099
case_723,b,2025-02-24 19:33:10.537099
case_723,a,2025-02-24 19:38:10.537099
case_723,b,2025-02-24 19:43:10.537099
case_723,b,2025-02-24 19:48:10.537099
case_723,b,2025-02-24 19:53:10.537099
case_723,a,2025-02-24 19:58:10.537099
case_723,a,2025-02-24 20:03:10.537099
case_723,c,2025-02-24 20:08:10.537099
case_723,a,2025-02-24 20:13:10.537099
case_723,b,2025-02-24 20:18:10.537099
case_723,b,2025-02-24 20:23:10.537099
case_723,c,2025-02-24 20:28:10.537099
case_723,c,2025-02-24 20:33:10.537099
case_723,c,2025-02-24 20:38:10.537099
case_723,a,2025-02-24 20:43:10.537099
case_723,c,2025-02-24 20:48:10.537099
case_723,c,2025-02-24 20:53:10.537099
case_723,a,2025-02-24 20:58:10.537099
case_723,c,2025-02-24 21:03:10.537099
case_724,c,2025-02-24 19:28:10.537129
case_724,c,2025-02-24 19:33:10.537129
case_724,a,2025-02-24 19:38:10.537129
case_724,b,2025-02-24 19:43:10.537129
case_724,c,2025-02-24 19:48:10.537129
case_724,a,2025-02-24 19:53:10.537129
case_724,a,2025-02-24 19:58:10.537129
case_724,b,2025-02-24 20:03:10.537129
case_724,b,2025-02-24 20:08:10.537129
case_724,b,2025-02-24 20:13:10.537129
case_724,a,2025-02-24 20:18:10.537129
case_724,c,2025-02-24 20:23:10.537129
case_724,b,2025-02-24 20:28:10.537129
case_724,a,2025-02-24 20:33:10.537129
case_724,c,2025-02-24 20:38:10.537129
case_724,a,2025-02-24 20:43:10.537129
case_724,c,2025-02-24 20:48:10.537129
case_724,a,2025-02-24 20:53:10.537129
case_724,a,2025-02-24 20:58:10.537129
case_724,b,2025-02-24 21:03:10.537129
case_725,b,2025-02-24 19:28:10.537159
case_725,c,2025-02-24 19:33:10.537159
case_725,c,2025-02-24 19:38:10.537159
case_725,c,2025-02-24 19:43:10.537159
case_725,b,2025-02-24 19:48:10.537159
case_725,b,2025-02-24 19:53:10.537159
case_725,a,2025-02-24 19:58:10.537159
case_725,c,2025-02-24 20:03:10.537159
case_725,b,2025-02-24 20:08:10.537159
case_725,c,2025-02-24 20:13:10.537159
case_725,c,2025-02-24 20:18:10.537159
case_725,c,2025-02-24 20:23:10.537159
case_725,a,2025-02-24 20:28:10.537159
case_725,b,2025-02-24 20:33:10.537159
case_725,a,2025-02-24 20:38:10.537159
case_725,c,2025-02-24 20:43:10.537159
case_725,c,2025-02-24 20:48:10.537159
case_725,a,2025-02-24 20:53:10.537159
case_725,a,2025-02-24 20:58:10.537159
case_725,c,2025-02-24 21:03:10.537159
case_726,c,2025-02-24 19:28:10.537189
case_726,c,2025-02-24 19:33:10.537189
case_726,b,2025-02-24 19:38:10.537189
case_726,c,2025-02-24 19:43:10.537189
case_726,a,2025-02-24 19:48:10.537189
case_726,b,2025-02-24 19:53:10.537189
case_726,b,2025-02-24 19:58:10.537189
case_726,a,2025-02-24 20:03:10.537189
case_726,c,2025-02-24 20:08:10.537189
case_726,b,2025-02-24 20:13:10.537189
case_726,b,2025-02-24 20:18:10.537189
case_726,c,2025-02-24 20:23:10.537189
case_726,a,2025-02-24 20:28:10.537189
case_726,b,2025-02-24 20:33:10.537189
case_726,b,2025-02-24 20:38:10.537189
case_726,b,2025-02-24 20:43:10.537189
case_726,a,2025-02-24 20:48:10.537189
case_726,a,2025-02-24 20:53:10.537189
case_726,a,2025-02-24 20:58:10.537189
case_726,c,2025-02-24 21:03:10.537189
case_727,b,2025-02-24 19:28:10.537219
case_727,c,2025-02-24 19:33:10.537219
case_727,b,2025-02-24 19:38:10.537219
case_727,a,2025-02-24 19:43:10.537219
case_727,b,2025-02-24 19:48:10.537219
case_727,b,2025-02-24 19:53:10.537219
case_727,b,2025-02-24 19:58:10.537219
case_727,a,2025-02-24 20:03:10.537219
case_727,c,2025-02-24 20:08:10.537219
case_727,a,2025-02-24 20:13:10.537219
case_727,c,2025-02-24 20:18:10.537219
case_727,b,2025-02-24 20:23:10.537219
case_727,a,2025-02-24 20:28:10.537219
case_727,b,2025-02-24 20:33:10.537219
case_727,c,2025-02-24 20:38:10.537219
case_727,c,2025-02-24 20:43:10.537219
case_727,c,2025-02-24 20:48:10.537219
case_727,b,2025-02-24 20:53:10.537219
case_727,a,2025-02-24 20:58:10.537219
case_727,a,2025-02-24 21:03:10.537219
case_728,c,2025-02-24 19:28:10.537249
case_728,b,2025-02-24 19:33:10.537249
case_728,b,2025-02-24 19:38:10.537249
case_728,a,2025-02-24 19:43:10.537249
case_728,b,2025-02-24 19:48:10.537249
case_728,c,2025-02-24 19:53:10.537249
case_728,c,2025-02-24 19:58:10.537249
case_728,a,2025-02-24 20:03:10.537249
case_728,b,2025-02-24 20:08:10.537249
case_728,a,2025-02-24 20:13:10.537249
case_728,b,2025-02-24 20:18:10.537249
case_728,a,2025-02-24 20:23:10.537249
case_728,c,2025-02-24 20:28:10.537249
case_728,b,2025-02-24 20:33:10.537249
case_728,b,2025-02-24 20:38:10.537249
case_728,b,2025-02-24 20:43:10.537249
case_728,a,2025-02-24 20:48:10.537249
case_728,b,2025-02-24 20:53:10.537249
case_728,a,2025-02-24 20:58:10.537249
case_728,a,2025-02-24 21:03:10.537249
case_729,b,2025-02-24 19:28:10.537279
case_729,a,2025-02-24 19:33:10.537279
case_729,b,2025-02-24 19:38:10.537279
case_729,c,2025-02-24 19:43:10.537279
case_729,c,2025-02-24 19:48:10.537279
case_729,b,2025-02-24 19:53:10.537279
case_729,b,2025-02-24 19:58:10.537279
case_729,b,2025-02-24 20:03:10.537279
case_729,b,2025-02-24 20:08:10.537279
case_729,c,2025-02-24 20:13:10.537279
case_729,a,2025-02-24 20:18:10.537279
case_729,a,2025-02-24 20:23:10.537279
case_729,c,2025-02-24 20:28:10.537279
case_729,b,2025-02-24 20:33:10.537279
case_729,b,2025-02-24 20:38:10.537279
case_729,c,2025-02-24 20:43:10.537279
case_729,a,2025-02-24 20:48:10.537279
case_729,b,2025-02-24 20:53:10.537279
case_729,b,2025-02-24 20:58:10.537279
case_729,b,2025-02-24 21:03:10.537279
case_730,c,2025-02-24 19:28:10.537309
case_730,b,2025-02-24 19:33:10.537309
case_730,b,2025-02-24 19:38:10.537309
case_730,b,2025-02-24 19:43:10.537309
case_730,c,2025-02-24 19:48:10.537309
case_730,b,2025-02-24 19:53:10.537309
case_730,b,2025-02-24 19:58:10.537309
case_730,a,2025-02-24 20:03:10.537309
case_730,a,2025-02-24 20:08:10.537309
case_730,a,2025-02-24 20:13:10.537309
case_730,a,2025-02-24 20:18:10.537309
case_730,b,2025-02-24 20:23:10.537309
case_730,c,2025-02-24 20:28:10.537309
case_730,b,2025-02-24 20:33:10.537309
case_730,a,2025-02-24 20:38:10.537309
case_730,b,2025-02-24 20:43:10.537309
case_730,c,2025-02-24 20:48:10.537309
case_730,c,2025-02-24 20:53:10.537309
case_730,a,2025-02-24 20:58:10.537309
case_730,b,2025-02-24 21:03:10.537309
case_731,c,2025-02-24 19:28:10.537341
case_731,a,2025-02-24 19:33:10.537341
case_731,a,2025-02-24 19:38:10.537341
case_731,c,2025-02-24 19:43:10.537341
case_731,b,2025-02-24 19:48:10.537341
case_731,a,2025-02-24 19:53:10.537341
case_731,c,2025-02-24 19:58:10.537341
case_731,c,2025-02-24 20:03:10.537341
case_731,a,2025-02-24 20:08:10.537341
case_731,a,2025-02-24 20:13:10.537341
case_731,b,2025-02-24 20:18:10.537341
case_731,b,2025-02-24 20:23:10.537341
case_731,a,2025-02-24 20:28:10.537341
case_731,b,2025-02-24 20:33:10.537341
case_731,c,2025-02-24 20:38:10.537341
case_731,c,2025-02-24 20:43:10.537341
case_731,a,2025-02-24 20:48:10.537341
case_731,b,2025-02-24 20:53:10.537341
case_731,c,2025-02-24 20:58:10.537341
case_731,c,2025-02-24 21:03:10.537341
case_732,c,2025-02-24 19:28:10.537372
case_732,b,2025-02-24 19:33:10.537372
case_732,b,2025-02-24 19:38:10.537372
case_732,a,2025-02-24 19:43:10.537372
case_732,b,2025-02-24 19:48:10.537372
case_732,b,2025-02-24 19:53:10.537372
case_732,c,2025-02-24 19:58:10.537372
case_732,c,2025-02-24 20:03:10.537372
case_732,b,2025-02-24 20:08:10.537372
case_732,b,2025-02-24 20:13:10.537372
case_732,c,2025-02-24 20:18:10.537372
case_732,a,2025-02-24 20:23:10.537372
case_732,a,2025-02-24 20:28:10.537372
case_732,b,2025-02-24 20:33:10.537372
case_732,b,2025-02-24 20:38:10.537372
case_732,a,2025-02-24 20:43:10.537372
case_732,b,2025-02-24 20:48:10.537372
case_732,b,2025-02-24 20:53:10.537372
case_732,a,2025-02-24 20:58:10.537372
case_732,b,2025-02-24 21:03:10.537372
case_733,c,2025-02-24 19:28:10.537402
case_733,b,2025-02-24 19:33:10.537402
case_733,c,2025-02-24 19:38:10.537402
case_733,c,2025-02-24 19:43:10.537402
case_733,c,2025-02-24 19:48:10.537402
case_733,c,2025-02-24 19:53:10.537402
case_733,c,2025-02-24 19:58:10.537402
case_733,c,2025-02-24 20:03:10.537402
case_733,c,2025-02-24 20:08:10.537402
case_733,a,2025-02-24 20:13:10.537402
case_733,b,2025-02-24 20:18:10.537402
case_733,b,2025-02-24 20:23:10.537402
case_733,c,2025-02-24 20:28:10.537402
case_733,b,2025-02-24 20:33:10.537402
case_733,a,2025-02-24 20:38:10.537402
case_733,b,2025-02-24 20:43:10.537402
case_733,b,2025-02-24 20:48:10.537402
case_733,c,2025-02-24 20:53:10.537402
case_733,a,2025-02-24 20:58:10.537402
case_733,a,2025-02-24 21:03:10.537402
case_734,b,2025-02-24 19:28:10.537432
case_734,a,2025-02-24 19:33:10.537432
case_734,b,2025-02-24 19:38:10.537432
case_734,c,2025-02-24 19:43:10.537432
case_734,a,2025-02-24 19:48:10.537432
case_734,c,2025-02-24 19:53:10.537432
case_734,b,2025-02-24 19:58:10.537432
case_734,b,2025-02-24 20:03:10.537432
case_734,a,2025-02-24 20:08:10.537432
case_734,b,2025-02-24 20:13:10.537432
case_734,c,2025-02-24 20:18:10.537432
case_734,a,2025-02-24 20:23:10.537432
case_734,b,2025-02-24 20:28:10.537432
case_734,c,2025-02-24 20:33:10.537432
case_734,c,2025-02-24 20:38:10.537432
case_734,c,2025-02-24 20:43:10.537432
case_734,a,2025-02-24 20:48:10.537432
case_734,b,2025-02-24 20:53:10.537432
case_734,a,2025-02-24 20:58:10.537432
case_734,a,2025-02-24 21:03:10.537432
case_735,c,2025-02-24 19:28:10.537462
case_735,b,2025-02-24 19:33:10.537462
case_735,a,2025-02-24 19:38:10.537462
case_735,c,2025-02-24 19:43:10.537462
case_735,b,2025-02-24 19:48:10.537462
case_735,b,2025-02-24 19:53:10.537462
case_735,a,2025-02-24 19:58:10.537462
case_735,a,2025-02-24 20:03:10.537462
case_735,a,2025-02-24 20:08:10.537462
case_735,b,2025-02-24 20:13:10.537462
case_735,c,2025-02-24 20:18:10.537462
case_735,b,2025-02-24 20:23:10.537462
case_735,c,2025-02-24 20:28:10.537462
case_735,c,2025-02-24 20:33:10.537462
case_735,b,2025-02-24 20:38:10.537462
case_735,c,2025-02-24 20:43:10.537462
case_735,a,2025-02-24 20:48:10.537462
case_735,c,2025-02-24 20:53:10.537462
case_735,b,2025-02-24 20:58:10.537462
case_735,c,2025-02-24 21:03:10.537462
case_736,b,2025-02-24 19:28:10.537494
case_736,b,2025-02-24 19:33:10.537494
case_736,b,2025-02-24 19:38:10.537494
case_736,b,2025-02-24 19:43:10.537494
case_736,a,2025-02-24 19:48:10.537494
case_736,b,2025-02-24 19:53:10.537494
case_736,b,2025-02-24 19:58:10.537494
case_736,c,2025-02-24 20:03:10.537494
case_736,b,2025-02-24 20:08:10.537494
case_736,c,2025-02-24 20:13:10.537494
case_736,c,2025-02-24 20:18:10.537494
case_736,c,2025-02-24 20:23:10.537494
case_736,c,2025-02-24 20:28:10.537494
case_736,c,2025-02-24 20:33:10.537494
case_736,a,2025-02-24 20:38:10.537494
case_736,a,2025-02-24 20:43:10.537494
case_736,b,2025-02-24 20:48:10.537494
case_736,c,2025-02-24 20:53:10.537494
case_736,b,2025-02-24 20:58:10.537494
case_736,c,2025-02-24 21:03:10.537494
case_737,b,2025-02-24 19:28:10.537524
case_737,a,2025-02-24 19:33:10.537524
case_737,a,2025-02-24 19:38:10.537524
case_737,c,2025-02-24 19:43:10.537524
case_737,c,2025-02-24 19:48:10.537524
case_737,b,2025-02-24 19:53:10.537524
case_737,a,2025-02-24 19:58:10.537524
case_737,b,2025-02-24 20:03:10.537524
case_737,a,2025-02-24 20:08:10.537524
case_737,a,2025-02-24 20:13:10.537524
case_737,c,2025-02-24 20:18:10.537524
case_737,a,2025-02-24 20:23:10.537524
case_737,a,2025-02-24 20:28:10.537524
case_737,c,2025-02-24 20:33:10.537524
case_737,a,2025-02-24 20:38:10.537524
case_737,c,2025-02-24 20:43:10.537524
case_737,b,2025-02-24 20:48:10.537524
case_737,b,2025-02-24 20:53:10.537524
case_737,c,2025-02-24 20:58:10.537524
case_737,a,2025-02-24 21:03:10.537524
case_738,c,2025-02-24 19:28:10.537556
case_738,c,2025-02-24 19:33:10.537556
case_738,c,2025-02-24 19:38:10.537556
case_738,b,2025-02-24 19:43:10.537556
case_738,c,2025-02-24 19:48:10.537556
case_738,b,2025-02-24 19:53:10.537556
case_738,a,2025-02-24 19:58:10.537556
case_738,c,2025-02-24 20:03:10.537556
case_738,c,2025-02-24 20:08:10.537556
case_738,b,2025-02-24 20:13:10.537556
case_738,c,2025-02-24 20:18:10.537556
case_738,a,2025-02-24 20:23:10.537556
case_738,b,2025-02-24 20:28:10.537556
case_738,a,2025-02-24 20:33:10.537556
case_738,b,2025-02-24 20:38:10.537556
case_738,c,2025-02-24 20:43:10.537556
case_738,a,2025-02-24 20:48:10.537556
case_738,a,2025-02-24 20:53:10.537556
case_738,c,2025-02-24 20:58:10.537556
case_738,b,2025-02-24 21:03:10.537556
case_739,b,2025-02-24 19:28:10.537586
case_739,c,2025-02-24 19:33:10.537586
case_739,c,2025-02-24 19:38:10.537586
case_739,b,2025-02-24 19:43:10.537586
case_739,a,2025-02-24 19:48:10.537586
case_739,c,2025-02-24 19:53:10.537586
case_739,a,2025-02-24 19:58:10.537586
case_739,b,2025-02-24 20:03:10.537586
case_739,a,2025-02-24 20:08:10.537586
case_739,a,2025-02-24 20:13:10.537586
case_739,c,2025-02-24 20:18:10.537586
case_739,c,2025-02-24 20:23:10.537586
case_739,a,2025-02-24 20:28:10.537586
case_739,a,2025-02-24 20:33:10.537586
case_739,a,2025-02-24 20:38:10.537586
case_739,b,2025-02-24 20:43:10.537586
case_739,c,2025-02-24 20:48:10.537586
case_739,c,2025-02-24 20:53:10.537586
case_739,b,2025-02-24 20:58:10.537586
case_739,b,2025-02-24 21:03:10.537586
case_740,c,2025-02-24 19:28:10.537615
case_740,a,2025-02-24 19:33:10.537615
case_740,b,2025-02-24 19:38:10.537615
case_740,c,2025-02-24 19:43:10.537615
case_740,a,2025-02-24 19:48:10.537615
case_740,b,2025-02-24 19:53:10.537615
case_740,b,2025-02-24 19:58:10.537615
case_740,b,2025-02-24 20:03:10.537615
case_740,b,2025-02-24 20:08:10.537615
case_740,a,2025-02-24 20:13:10.537615
case_740,b,2025-02-24 20:18:10.537615
case_740,a,2025-02-24 20:23:10.537615
case_740,b,2025-02-24 20:28:10.537615
case_740,c,2025-02-24 20:33:10.537615
case_740,c,2025-02-24 20:38:10.537615
case_740,c,2025-02-24 20:43:10.537615
case_740,b,2025-02-24 20:48:10.537615
case_740,a,2025-02-24 20:53:10.537615
case_740,a,2025-02-24 20:58:10.537615
case_740,c,2025-02-24 21:03:10.537615
case_741,b,2025-02-24 19:28:10.537646
case_741,b,2025-02-24 19:33:10.537646
case_741,c,2025-02-24 19:38:10.537646
case_741,a,2025-02-24 19:43:10.537646
case_741,b,2025-02-24 19:48:10.537646
case_741,b,2025-02-24 19:53:10.537646
case_741,c,2025-02-24 19:58:10.537646
case_741,a,2025-02-24 20:03:10.537646
case_741,b,2025-02-24 20:08:10.537646
case_741,a,2025-02-24 20:13:10.537646
case_741,b,2025-02-24 20:18:10.537646
case_741,c,2025-02-24 20:23:10.537646
case_741,c,2025-02-24 20:28:10.537646
case_741,a,2025-02-24 20:33:10.537646
case_741,b,2025-02-24 20:38:10.537646
case_741,b,2025-02-24 20:43:10.537646
case_741,c,2025-02-24 20:48:10.537646
case_741,b,2025-02-24 20:53:10.537646
case_741,a,2025-02-24 20:58:10.537646
case_741,a,2025-02-24 21:03:10.537646
case_742,c,2025-02-24 19:28:10.537676
case_742,c,2025-02-24 19:33:10.537676
case_742,c,2025-02-24 19:38:10.537676
case_742,b,2025-02-24 19:43:10.537676
case_742,b,2025-02-24 19:48:10.537676
case_742,a,2025-02-24 19:53:10.537676
case_742,c,2025-02-24 19:58:10.537676
case_742,b,2025-02-24 20:03:10.537676
case_742,c,2025-02-24 20:08:10.537676
case_742,a,2025-02-24 20:13:10.537676
case_742,c,2025-02-24 20:18:10.537676
case_742,b,2025-02-24 20:23:10.537676
case_742,c,2025-02-24 20:28:10.537676
case_742,c,2025-02-24 20:33:10.537676
case_742,b,2025-02-24 20:38:10.537676
case_742,b,2025-02-24 20:43:10.537676
case_742,a,2025-02-24 20:48:10.537676
case_742,b,2025-02-24 20:53:10.537676
case_742,a,2025-02-24 20:58:10.537676
case_742,a,2025-02-24 21:03:10.537676
case_743,b,2025-02-24 19:28:10.537708
case_743,a,2025-02-24 19:33:10.537708
case_743,a,2025-02-24 19:38:10.537708
case_743,a,2025-02-24 19:43:10.537708
case_743,a,2025-02-24 19:48:10.537708
case_743,a,2025-02-24 19:53:10.537708
case_743,c,2025-02-24 19:58:10.537708
case_743,c,2025-02-24 20:03:10.537708
case_743,a,2025-02-24 20:08:10.537708
case_743,b,2025-02-24 20:13:10.537708
case_743,c,2025-02-24 20:18:10.537708
case_743,b,2025-02-24 20:23:10.537708
case_743,a,2025-02-24 20:28:10.537708
case_743,a,2025-02-24 20:33:10.537708
case_743,c,2025-02-24 20:38:10.537708
case_743,a,2025-02-24 20:43:10.537708
case_743,b,2025-02-24 20:48:10.537708
case_743,a,2025-02-24 20:53:10.537708
case_743,a,2025-02-24 20:58:10.537708
case_743,b,2025-02-24 21:03:10.537708
case_744,b,2025-02-24 19:28:10.537738
case_744,a,2025-02-24 19:33:10.537738
case_744,c,2025-02-24 19:38:10.537738
case_744,b,2025-02-24 19:43:10.537738
case_744,a,2025-02-24 19:48:10.537738
case_744,b,2025-02-24 19:53:10.537738
case_744,b,2025-02-24 19:58:10.537738
case_744,a,2025-02-24 20:03:10.537738
case_744,c,2025-02-24 20:08:10.537738
case_744,c,2025-02-24 20:13:10.537738
case_744,a,2025-02-24 20:18:10.537738
case_744,a,2025-02-24 20:23:10.537738
case_744,c,2025-02-24 20:28:10.537738
case_744,b,2025-02-24 20:33:10.537738
case_744,c,2025-02-24 20:38:10.537738
case_744,c,2025-02-24 20:43:10.537738
case_744,a,2025-02-24 20:48:10.537738
case_744,c,2025-02-24 20:53:10.537738
case_744,c,2025-02-24 20:58:10.537738
case_744,c,2025-02-24 21:03:10.537738
case_745,b,2025-02-24 19:28:10.537768
case_745,b,2025-02-24 19:33:10.537768
case_745,c,2025-02-24 19:38:10.537768
case_745,c,2025-02-24 19:43:10.537768
case_745,a,2025-02-24 19:48:10.537768
case_745,c,2025-02-24 19:53:10.537768
case_745,a,2025-02-24 19:58:10.537768
case_745,c,2025-02-24 20:03:10.537768
case_745,b,2025-02-24 20:08:10.537768
case_745,b,2025-02-24 20:13:10.537768
case_745,a,2025-02-24 20:18:10.537768
case_745,a,2025-02-24 20:23:10.537768
case_745,a,2025-02-24 20:28:10.537768
case_745,a,2025-02-24 20:33:10.537768
case_745,a,2025-02-24 20:38:10.537768
case_745,b,2025-02-24 20:43:10.537768
case_745,c,2025-02-24 20:48:10.537768
case_745,b,2025-02-24 20:53:10.537768
case_745,a,2025-02-24 20:58:10.537768
case_745,a,2025-02-24 21:03:10.537768
case_746,b,2025-02-24 19:28:10.537798
case_746,a,2025-02-24 19:33:10.537798
case_746,c,2025-02-24 19:38:10.537798
case_746,b,2025-02-24 19:43:10.537798
case_746,b,2025-02-24 19:48:10.537798
case_746,a,2025-02-24 19:53:10.537798
case_746,a,2025-02-24 19:58:10.537798
case_746,c,2025-02-24 20:03:10.537798
case_746,c,2025-02-24 20:08:10.537798
case_746,b,2025-02-24 20:13:10.537798
case_746,b,2025-02-24 20:18:10.537798
case_746,a,2025-02-24 20:23:10.537798
case_746,b,2025-02-24 20:28:10.537798
case_746,a,2025-02-24 20:33:10.537798
case_746,a,2025-02-24 20:38:10.537798
case_746,b,2025-02-24 20:43:10.537798
case_746,a,2025-02-24 20:48:10.537798
case_746,a,2025-02-24 20:53:10.537798
case_746,b,2025-02-24 20:58:10.537798
case_746,c,2025-02-24 21:03:10.537798
case_747,c,2025-02-24 19:28:10.537828
case_747,a,2025-02-24 19:33:10.537828
case_747,c,2025-02-24 19:38:10.537828
case_747,c,2025-02-24 19:43:10.537828
case_747,b,2025-02-24 19:48:10.537828
case_747,b,2025-02-24 19:53:10.537828
case_747,c,2025-02-24 19:58:10.537828
case_747,c,2025-02-24 20:03:10.537828
case_747,c,2025-02-24 20:08:10.537828
case_747,a,2025-02-24 20:13:10.537828
case_747,c,2025-02-24 20:18:10.537828
case_747,b,2025-02-24 20:23:10.537828
case_747,c,2025-02-24 20:28:10.537828
case_747,a,2025-02-24 20:33:10.537828
case_747,c,2025-02-24 20:38:10.537828
case_747,a,2025-02-24 20:43:10.537828
case_747,b,2025-02-24 20:48:10.537828
case_747,a,2025-02-24 20:53:10.537828
case_747,a,2025-02-24 20:58:10.537828
case_747,a,2025-02-24 21:03:10.537828
case_748,c,2025-02-24 19:28:10.537859
case_748,a,2025-02-24 19:33:10.537859
case_748,a,2025-02-24 19:38:10.537859
case_748,c,2025-02-24 19:43:10.537859
case_748,c,2025-02-24 19:48:10.537859
case_748,a,2025-02-24 19:53:10.537859
case_748,c,2025-02-24 19:58:10.537859
case_748,c,2025-02-24 20:03:10.537859
case_748,b,2025-02-24 20:08:10.537859
case_748,b,2025-02-24 20:13:10.537859
case_748,c,2025-02-24 20:18:10.537859
case_748,c,2025-02-24 20:23:10.537859
case_748,c,2025-02-24 20:28:10.537859
case_748,a,2025-02-24 20:33:10.537859
case_748,a,2025-02-24 20:38:10.537859
case_748,a,2025-02-24 20:43:10.537859
case_748,a,2025-02-24 20:48:10.537859
case_748,c,2025-02-24 20:53:10.537859
case_748,a,2025-02-24 20:58:10.537859
case_748,c,2025-02-24 21:03:10.537859
case_749,b,2025-02-24 19:28:10.537889
case_749,b,2025-02-24 19:33:10.537889
case_749,a,2025-02-24 19:38:10.537889
case_749,b,2025-02-24 19:43:10.537889
case_749,c,2025-02-24 19:48:10.537889
case_749,b,2025-02-24 19:53:10.537889
case_749,c,2025-02-24 19:58:10.537889
case_749,a,2025-02-24 20:03:10.537889
case_749,c,2025-02-24 20:08:10.537889
case_749,c,2025-02-24 20:13:10.537889
case_749,a,2025-02-24 20:18:10.537889
case_749,b,2025-02-24 20:23:10.537889
case_749,b,2025-02-24 20:28:10.537889
case_749,a,2025-02-24 20:33:10.537889
case_749,a,2025-02-24 20:38:10.537889
case_749,c,2025-02-24 20:43:10.537889
case_749,a,2025-02-24 20:48:10.537889
case_749,a,2025-02-24 20:53:10.537889
case_749,b,2025-02-24 20:58:10.537889
case_749,b,2025-02-24 21:03:10.537889
case_750,c,2025-02-24 19:28:10.537919
case_750,b,2025-02-24 19:33:10.537919
case_750,b,2025-02-24 19:38:10.537919
case_750,c,2025-02-24 19:43:10.537919
case_750,a,2025-02-24 19:48:10.537919
case_750,c,2025-02-24 19:53:10.537919
case_750,b,2025-02-24 19:58:10.537919
case_750,a,2025-02-24 20:03:10.537919
case_750,b,2025-02-24 20:08:10.537919
case_750,c,2025-02-24 20:13:10.537919
case_750,c,2025-02-24 20:18:10.537919
case_750,c,2025-02-24 20:23:10.537919
case_750,c,2025-02-24 20:28:10.537919
case_750,b,2025-02-24 20:33:10.537919
case_750,b,2025-02-24 20:38:10.537919
case_750,b,2025-02-24 20:43:10.537919
case_750,b,2025-02-24 20:48:10.537919
case_750,c,2025-02-24 20:53:10.537919
case_750,a,2025-02-24 20:58:10.537919
case_750,a,2025-02-24 21:03:10.537919
case_751,c,2025-02-24 19:28:10.537950
case_751,b,2025-02-24 19:33:10.537950
case_751,b,2025-02-24 19:38:10.537950
case_751,b,2025-02-24 19:43:10.537950
case_751,a,2025-02-24 19:48:10.537950
case_751,a,2025-02-24 19:53:10.537950
case_751,a,2025-02-24 19:58:10.537950
case_751,a,2025-02-24 20:03:10.537950
case_751,b,2025-02-24 20:08:10.537950
case_751,a,2025-02-24 20:13:10.537950
case_751,c,2025-02-24 20:18:10.537950
case_751,b,2025-02-24 20:23:10.537950
case_751,c,2025-02-24 20:28:10.537950
case_751,a,2025-02-24 20:33:10.537950
case_751,c,2025-02-24 20:38:10.537950
case_751,c,2025-02-24 20:43:10.537950
case_751,b,2025-02-24 20:48:10.537950
case_751,b,2025-02-24 20:53:10.537950
case_751,c,2025-02-24 20:58:10.537950
case_751,c,2025-02-24 21:03:10.537950
case_752,b,2025-02-24 19:28:10.537980
case_752,c,2025-02-24 19:33:10.537980
case_752,a,2025-02-24 19:38:10.537980
case_752,c,2025-02-24 19:43:10.537980
case_752,b,2025-02-24 19:48:10.537980
case_752,b,2025-02-24 19:53:10.537980
case_752,a,2025-02-24 19:58:10.537980
case_752,a,2025-02-24 20:03:10.537980
case_752,b,2025-02-24 20:08:10.537980
case_752,b,2025-02-24 20:13:10.537980
case_752,b,2025-02-24 20:18:10.537980
case_752,b,2025-02-24 20:23:10.537980
case_752,c,2025-02-24 20:28:10.537980
case_752,b,2025-02-24 20:33:10.537980
case_752,c,2025-02-24 20:38:10.537980
case_752,b,2025-02-24 20:43:10.537980
case_752,a,2025-02-24 20:48:10.537980
case_752,b,2025-02-24 20:53:10.537980
case_752,c,2025-02-24 20:58:10.537980
case_752,c,2025-02-24 21:03:10.537980
case_753,c,2025-02-24 19:28:10.538012
case_753,b,2025-02-24 19:33:10.538012
case_753,a,2025-02-24 19:38:10.538012
case_753,b,2025-02-24 19:43:10.538012
case_753,c,2025-02-24 19:48:10.538012
case_753,c,2025-02-24 19:53:10.538012
case_753,a,2025-02-24 19:58:10.538012
case_753,c,2025-02-24 20:03:10.538012
case_753,b,2025-02-24 20:08:10.538012
case_753,c,2025-02-24 20:13:10.538012
case_753,c,2025-02-24 20:18:10.538012
case_753,b,2025-02-24 20:23:10.538012
case_753,a,2025-02-24 20:28:10.538012
case_753,a,2025-02-24 20:33:10.538012
case_753,a,2025-02-24 20:38:10.538012
case_753,c,2025-02-24 20:43:10.538012
case_753,b,2025-02-24 20:48:10.538012
case_753,c,2025-02-24 20:53:10.538012
case_753,c,2025-02-24 20:58:10.538012
case_753,c,2025-02-24 21:03:10.538012
case_754,c,2025-02-24 19:28:10.538042
case_754,c,2025-02-24 19:33:10.538042
case_754,c,2025-02-24 19:38:10.538042
case_754,a,2025-02-24 19:43:10.538042
case_754,c,2025-02-24 19:48:10.538042
case_754,c,2025-02-24 19:53:10.538042
case_754,c,2025-02-24 19:58:10.538042
case_754,a,2025-02-24 20:03:10.538042
case_754,b,2025-02-24 20:08:10.538042
case_754,a,2025-02-24 20:13:10.538042
case_754,b,2025-02-24 20:18:10.538042
case_754,b,2025-02-24 20:23:10.538042
case_754,c,2025-02-24 20:28:10.538042
case_754,b,2025-02-24 20:33:10.538042
case_754,b,2025-02-24 20:38:10.538042
case_754,c,2025-02-24 20:43:10.538042
case_754,a,2025-02-24 20:48:10.538042
case_754,b,2025-02-24 20:53:10.538042
case_754,a,2025-02-24 20:58:10.538042
case_754,a,2025-02-24 21:03:10.538042
case_755,b,2025-02-24 19:28:10.538073
case_755,c,2025-02-24 19:33:10.538073
case_755,a,2025-02-24 19:38:10.538073
case_755,a,2025-02-24 19:43:10.538073
case_755,b,2025-02-24 19:48:10.538073
case_755,b,2025-02-24 19:53:10.538073
case_755,a,2025-02-24 19:58:10.538073
case_755,a,2025-02-24 20:03:10.538073
case_755,b,2025-02-24 20:08:10.538073
case_755,c,2025-02-24 20:13:10.538073
case_755,a,2025-02-24 20:18:10.538073
case_755,a,2025-02-24 20:23:10.538073
case_755,a,2025-02-24 20:28:10.538073
case_755,c,2025-02-24 20:33:10.538073
case_755,a,2025-02-24 20:38:10.538073
case_755,c,2025-02-24 20:43:10.538073
case_755,c,2025-02-24 20:48:10.538073
case_755,c,2025-02-24 20:53:10.538073
case_755,a,2025-02-24 20:58:10.538073
case_755,c,2025-02-24 21:03:10.538073
case_756,b,2025-02-24 19:28:10.538104
case_756,b,2025-02-24 19:33:10.538104
case_756,c,2025-02-24 19:38:10.538104
case_756,b,2025-02-24 19:43:10.538104
case_756,a,2025-02-24 19:48:10.538104
case_756,b,2025-02-24 19:53:10.538104
case_756,b,2025-02-24 19:58:10.538104
case_756,b,2025-02-24 20:03:10.538104
case_756,a,2025-02-24 20:08:10.538104
case_756,a,2025-02-24 20:13:10.538104
case_756,a,2025-02-24 20:18:10.538104
case_756,a,2025-02-24 20:23:10.538104
case_756,c,2025-02-24 20:28:10.538104
case_756,a,2025-02-24 20:33:10.538104
case_756,b,2025-02-24 20:38:10.538104
case_756,a,2025-02-24 20:43:10.538104
case_756,a,2025-02-24 20:48:10.538104
case_756,c,2025-02-24 20:53:10.538104
case_756,a,2025-02-24 20:58:10.538104
case_756,c,2025-02-24 21:03:10.538104
case_757,c,2025-02-24 19:28:10.538134
case_757,b,2025-02-24 19:33:10.538134
case_757,b,2025-02-24 19:38:10.538134
case_757,a,2025-02-24 19:43:10.538134
case_757,b,2025-02-24 19:48:10.538134
case_757,b,2025-02-24 19:53:10.538134
case_757,c,2025-02-24 19:58:10.538134
case_757,b,2025-02-24 20:03:10.538134
case_757,a,2025-02-24 20:08:10.538134
case_757,b,2025-02-24 20:13:10.538134
case_757,b,2025-02-24 20:18:10.538134
case_757,c,2025-02-24 20:23:10.538134
case_757,b,2025-02-24 20:28:10.538134
case_757,c,2025-02-24 20:33:10.538134
case_757,c,2025-02-24 20:38:10.538134
case_757,c,2025-02-24 20:43:10.538134
case_757,a,2025-02-24 20:48:10.538134
case_757,a,2025-02-24 20:53:10.538134
case_757,a,2025-02-24 20:58:10.538134
case_757,b,2025-02-24 21:03:10.538134
case_758,c,2025-02-24 19:28:10.538165
case_758,b,2025-02-24 19:33:10.538165
case_758,a,2025-02-24 19:38:10.538165
case_758,c,2025-02-24 19:43:10.538165
case_758,b,2025-02-24 19:48:10.538165
case_758,a,2025-02-24 19:53:10.538165
case_758,b,2025-02-24 19:58:10.538165
case_758,a,2025-02-24 20:03:10.538165
case_758,b,2025-02-24 20:08:10.538165
case_758,b,2025-02-24 20:13:10.538165
case_758,b,2025-02-24 20:18:10.538165
case_758,a,2025-02-24 20:23:10.538165
case_758,b,2025-02-24 20:28:10.538165
case_758,b,2025-02-24 20:33:10.538165
case_758,a,2025-02-24 20:38:10.538165
case_758,b,2025-02-24 20:43:10.538165
case_758,c,2025-02-24 20:48:10.538165
case_758,c,2025-02-24 20:53:10.538165
case_758,a,2025-02-24 20:58:10.538165
case_758,a,2025-02-24 21:03:10.538165
case_759,c,2025-02-24 19:28:10.538198
case_759,a,2025-02-24 19:33:10.538198
case_759,a,2025-02-24 19:38:10.538198
case_759,c,2025-02-24 19:43:10.538198
case_759,c,2025-02-24 19:48:10.538198
case_759,a,2025-02-24 19:53:10.538198
case_759,b,2025-02-24 19:58:10.538198
case_759,c,2025-02-24 20:03:10.538198
case_759,c,2025-02-24 20:08:10.538198
case_759,a,2025-02-24 20:13:10.538198
case_759,b,2025-02-24 20:18:10.538198
case_759,b,2025-02-24 20:23:10.538198
case_759,c,2025-02-24 20:28:10.538198
case_759,b,2025-02-24 20:33:10.538198
case_759,a,2025-02-24 20:38:10.538198
case_759,c,2025-02-24 20:43:10.538198
case_759,b,2025-02-24 20:48:10.538198
case_759,c,2025-02-24 20:53:10.538198
case_759,b,2025-02-24 20:58:10.538198
case_759,c,2025-02-24 21:03:10.538198
case_760,b,2025-02-24 19:28:10.538229
case_760,c,2025-02-24 19:33:10.538229
case_760,a,2025-02-24 19:38:10.538229
case_760,c,2025-02-24 19:43:10.538229
case_760,a,2025-02-24 19:48:10.538229
case_760,c,2025-02-24 19:53:10.538229
case_760,c,2025-02-24 19:58:10.538229
case_760,b,2025-02-24 20:03:10.538229
case_760,a,2025-02-24 20:08:10.538229
case_760,b,2025-02-24 20:13:10.538229
case_760,a,2025-02-24 20:18:10.538229
case_760,b,2025-02-24 20:23:10.538229
case_760,a,2025-02-24 20:28:10.538229
case_760,c,2025-02-24 20:33:10.538229
case_760,a,2025-02-24 20:38:10.538229
case_760,c,2025-02-24 20:43:10.538229
case_760,b,2025-02-24 20:48:10.538229
case_760,b,2025-02-24 20:53:10.538229
case_760,a,2025-02-24 20:58:10.538229
case_760,a,2025-02-24 21:03:10.538229
case_761,c,2025-02-24 19:28:10.538260
case_761,b,2025-02-24 19:33:10.538260
case_761,a,2025-02-24 19:38:10.538260
case_761,a,2025-02-24 19:43:10.538260
case_761,c,2025-02-24 19:48:10.538260
case_761,c,2025-02-24 19:53:10.538260
case_761,b,2025-02-24 19:58:10.538260
case_761,a,2025-02-24 20:03:10.538260
case_761,c,2025-02-24 20:08:10.538260
case_761,c,2025-02-24 20:13:10.538260
case_761,c,2025-02-24 20:18:10.538260
case_761,b,2025-02-24 20:23:10.538260
case_761,b,2025-02-24 20:28:10.538260
case_761,b,2025-02-24 20:33:10.538260
case_761,a,2025-02-24 20:38:10.538260
case_761,b,2025-02-24 20:43:10.538260
case_761,a,2025-02-24 20:48:10.538260
case_761,c,2025-02-24 20:53:10.538260
case_761,c,2025-02-24 20:58:10.538260
case_761,c,2025-02-24 21:03:10.538260
case_762,c,2025-02-24 19:28:10.538290
case_762,a,2025-02-24 19:33:10.538290
case_762,c,2025-02-24 19:38:10.538290
case_762,b,2025-02-24 19:43:10.538290
case_762,c,2025-02-24 19:48:10.538290
case_762,c,2025-02-24 19:53:10.538290
case_762,a,2025-02-24 19:58:10.538290
case_762,b,2025-02-24 20:03:10.538290
case_762,b,2025-02-24 20:08:10.538290
case_762,c,2025-02-24 20:13:10.538290
case_762,a,2025-02-24 20:18:10.538290
case_762,c,2025-02-24 20:23:10.538290
case_762,a,2025-02-24 20:28:10.538290
case_762,c,2025-02-24 20:33:10.538290
case_762,a,2025-02-24 20:38:10.538290
case_762,c,2025-02-24 20:43:10.538290
case_762,b,2025-02-24 20:48:10.538290
case_762,c,2025-02-24 20:53:10.538290
case_762,a,2025-02-24 20:58:10.538290
case_762,a,2025-02-24 21:03:10.538290
case_763,c,2025-02-24 19:28:10.538319
case_763,c,2025-02-24 19:33:10.538319
case_763,c,2025-02-24 19:38:10.538319
case_763,c,2025-02-24 19:43:10.538319
case_763,c,2025-02-24 19:48:10.538319
case_763,b,2025-02-24 19:53:10.538319
case_763,b,2025-02-24 19:58:10.538319
case_763,c,2025-02-24 20:03:10.538319
case_763,b,2025-02-24 20:08:10.538319
case_763,b,2025-02-24 20:13:10.538319
case_763,c,2025-02-24 20:18:10.538319
case_763,c,2025-02-24 20:23:10.538319
case_763,a,2025-02-24 20:28:10.538319
case_763,a,2025-02-24 20:33:10.538319
case_763,b,2025-02-24 20:38:10.538319
case_763,c,2025-02-24 20:43:10.538319
case_763,c,2025-02-24 20:48:10.538319
case_763,c,2025-02-24 20:53:10.538319
case_763,b,2025-02-24 20:58:10.538319
case_763,a,2025-02-24 21:03:10.538319
case_764,b,2025-02-24 19:28:10.538352
case_764,c,2025-02-24 19:33:10.538352
case_764,c,2025-02-24 19:38:10.538352
case_764,c,2025-02-24 19:43:10.538352
case_764,a,2025-02-24 19:48:10.538352
case_764,c,2025-02-24 19:53:10.538352
case_764,a,2025-02-24 19:58:10.538352
case_764,b,2025-02-24 20:03:10.538352
case_764,b,2025-02-24 20:08:10.538352
case_764,b,2025-02-24 20:13:10.538352
case_764,a,2025-02-24 20:18:10.538352
case_764,b,2025-02-24 20:23:10.538352
case_764,c,2025-02-24 20:28:10.538352
case_764,a,2025-02-24 20:33:10.538352
case_764,a,2025-02-24 20:38:10.538352
case_764,b,2025-02-24 20:43:10.538352
case_764,b,2025-02-24 20:48:10.538352
case_764,a,2025-02-24 20:53:10.538352
case_764,b,2025-02-24 20:58:10.538352
case_764,b,2025-02-24 21:03:10.538352
case_765,c,2025-02-24 19:28:10.538382
case_765,b,2025-02-24 19:33:10.538382
case_765,a,2025-02-24 19:38:10.538382
case_765,c,2025-02-24 19:43:10.538382
case_765,c,2025-02-24 19:48:10.538382
case_765,a,2025-02-24 19:53:10.538382
case_765,c,2025-02-24 19:58:10.538382
case_765,b,2025-02-24 20:03:10.538382
case_765,a,2025-02-24 20:08:10.538382
case_765,b,2025-02-24 20:13:10.538382
case_765,a,2025-02-24 20:18:10.538382
case_765,c,2025-02-24 20:23:10.538382
case_765,c,2025-02-24 20:28:10.538382
case_765,c,2025-02-24 20:33:10.538382
case_765,b,2025-02-24 20:38:10.538382
case_765,a,2025-02-24 20:43:10.538382
case_765,c,2025-02-24 20:48:10.538382
case_765,b,2025-02-24 20:53:10.538382
case_765,a,2025-02-24 20:58:10.538382
case_765,a,2025-02-24 21:03:10.538382
case_766,b,2025-02-24 19:28:10.538414
case_766,b,2025-02-24 19:33:10.538414
case_766,c,2025-02-24 19:38:10.538414
case_766,a,2025-02-24 19:43:10.538414
case_766,b,2025-02-24 19:48:10.538414
case_766,a,2025-02-24 19:53:10.538414
case_766,b,2025-02-24 19:58:10.538414
case_766,a,2025-02-24 20:03:10.538414
case_766,c,2025-02-24 20:08:10.538414
case_766,b,2025-02-24 20:13:10.538414
case_766,c,2025-02-24 20:18:10.538414
case_766,b,2025-02-24 20:23:10.538414
case_766,a,2025-02-24 20:28:10.538414
case_766,b,2025-02-24 20:33:10.538414
case_766,c,2025-02-24 20:38:10.538414
case_766,a,2025-02-24 20:43:10.538414
case_766,c,2025-02-24 20:48:10.538414
case_766,b,2025-02-24 20:53:10.538414
case_766,a,2025-02-24 20:58:10.538414
case_766,a,2025-02-24 21:03:10.538414
case_767,b,2025-02-24 19:28:10.538444
case_767,a,2025-02-24 19:33:10.538444
case_767,a,2025-02-24 19:38:10.538444
case_767,a,2025-02-24 19:43:10.538444
case_767,b,2025-02-24 19:48:10.538444
case_767,a,2025-02-24 19:53:10.538444
case_767,a,2025-02-24 19:58:10.538444
case_767,b,2025-02-24 20:03:10.538444
case_767,c,2025-02-24 20:08:10.538444
case_767,b,2025-02-24 20:13:10.538444
case_767,c,2025-02-24 20:18:10.538444
case_767,c,2025-02-24 20:23:10.538444
case_767,a,2025-02-24 20:28:10.538444
case_767,a,2025-02-24 20:33:10.538444
case_767,a,2025-02-24 20:38:10.538444
case_767,b,2025-02-24 20:43:10.538444
case_767,a,2025-02-24 20:48:10.538444
case_767,a,2025-02-24 20:53:10.538444
case_767,b,2025-02-24 20:58:10.538444
case_767,a,2025-02-24 21:03:10.538444
case_768,b,2025-02-24 19:28:10.538474
case_768,c,2025-02-24 19:33:10.538474
case_768,b,2025-02-24 19:38:10.538474
case_768,b,2025-02-24 19:43:10.538474
case_768,b,2025-02-24 19:48:10.538474
case_768,b,2025-02-24 19:53:10.538474
case_768,b,2025-02-24 19:58:10.538474
case_768,c,2025-02-24 20:03:10.538474
case_768,c,2025-02-24 20:08:10.538474
case_768,b,2025-02-24 20:13:10.538474
case_768,c,2025-02-24 20:18:10.538474
case_768,c,2025-02-24 20:23:10.538474
case_768,b,2025-02-24 20:28:10.538474
case_768,c,2025-02-24 20:33:10.538474
case_768,a,2025-02-24 20:38:10.538474
case_768,c,2025-02-24 20:43:10.538474
case_768,a,2025-02-24 20:48:10.538474
case_768,a,2025-02-24 20:53:10.538474
case_768,a,2025-02-24 20:58:10.538474
case_768,b,2025-02-24 21:03:10.538474
case_769,c,2025-02-24 19:28:10.538518
case_769,b,2025-02-24 19:33:10.538518
case_769,b,2025-02-24 19:38:10.538518
case_769,a,2025-02-24 19:43:10.538518
case_769,b,2025-02-24 19:48:10.538518
case_769,a,2025-02-24 19:53:10.538518
case_769,c,2025-02-24 19:58:10.538518
case_769,b,2025-02-24 20:03:10.538518
case_769,a,2025-02-24 20:08:10.538518
case_769,c,2025-02-24 20:13:10.538518
case_769,a,2025-02-24 20:18:10.538518
case_769,a,2025-02-24 20:23:10.538518
case_769,c,2025-02-24 20:28:10.538518
case_769,c,2025-02-24 20:33:10.538518
case_769,c,2025-02-24 20:38:10.538518
case_769,b,2025-02-24 20:43:10.538518
case_769,a,2025-02-24 20:48:10.538518
case_769,a,2025-02-24 20:53:10.538518
case_769,b,2025-02-24 20:58:10.538518
case_769,c,2025-02-24 21:03:10.538518
case_770,c,2025-02-24 19:28:10.538548
case_770,c,2025-02-24 19:33:10.538548
case_770,c,2025-02-24 19:38:10.538548
case_770,b,2025-02-24 19:43:10.538548
case_770,c,2025-02-24 19:48:10.538548
case_770,c,2025-02-24 19:53:10.538548
case_770,a,2025-02-24 19:58:10.538548
case_770,c,2025-02-24 20:03:10.538548
case_770,a,2025-02-24 20:08:10.538548
case_770,a,2025-02-24 20:13:10.538548
case_770,b,2025-02-24 20:18:10.538548
case_770,c,2025-02-24 20:23:10.538548
case_770,b,2025-02-24 20:28:10.538548
case_770,a,2025-02-24 20:33:10.538548
case_770,a,2025-02-24 20:38:10.538548
case_770,b,2025-02-24 20:43:10.538548
case_770,c,2025-02-24 20:48:10.538548
case_770,b,2025-02-24 20:53:10.538548
case_770,a,2025-02-24 20:58:10.538548
case_770,a,2025-02-24 21:03:10.538548
case_771,b,2025-02-24 19:28:10.538580
case_771,a,2025-02-24 19:33:10.538580
case_771,c,2025-02-24 19:38:10.538580
case_771,b,2025-02-24 19:43:10.538580
case_771,a,2025-02-24 19:48:10.538580
case_771,a,2025-02-24 19:53:10.538580
case_771,b,2025-02-24 19:58:10.538580
case_771,a,2025-02-24 20:03:10.538580
case_771,a,2025-02-24 20:08:10.538580
case_771,c,2025-02-24 20:13:10.538580
case_771,a,2025-02-24 20:18:10.538580
case_771,a,2025-02-24 20:23:10.538580
case_771,b,2025-02-24 20:28:10.538580
case_771,c,2025-02-24 20:33:10.538580
case_771,b,2025-02-24 20:38:10.538580
case_771,a,2025-02-24 20:43:10.538580
case_771,c,2025-02-24 20:48:10.538580
case_771,b,2025-02-24 20:53:10.538580
case_771,b,2025-02-24 20:58:10.538580
case_771,b,2025-02-24 21:03:10.538580
case_772,b,2025-02-24 19:28:10.538610
case_772,c,2025-02-24 19:33:10.538610
case_772,a,2025-02-24 19:38:10.538610
case_772,c,2025-02-24 19:43:10.538610
case_772,a,2025-02-24 19:48:10.538610
case_772,a,2025-02-24 19:53:10.538610
case_772,a,2025-02-24 19:58:10.538610
case_772,a,2025-02-24 20:03:10.538610
case_772,a,2025-02-24 20:08:10.538610
case_772,a,2025-02-24 20:13:10.538610
case_772,a,2025-02-24 20:18:10.538610
case_772,c,2025-02-24 20:23:10.538610
case_772,a,2025-02-24 20:28:10.538610
case_772,a,2025-02-24 20:33:10.538610
case_772,c,2025-02-24 20:38:10.538610
case_772,c,2025-02-24 20:43:10.538610
case_772,c,2025-02-24 20:48:10.538610
case_772,a,2025-02-24 20:53:10.538610
case_772,c,2025-02-24 20:58:10.538610
case_772,c,2025-02-24 21:03:10.538610
case_773,b,2025-02-24 19:28:10.538642
case_773,c,2025-02-24 19:33:10.538642
case_773,a,2025-02-24 19:38:10.538642
case_773,a,2025-02-24 19:43:10.538642
case_773,c,2025-02-24 19:48:10.538642
case_773,a,2025-02-24 19:53:10.538642
case_773,b,2025-02-24 19:58:10.538642
case_773,a,2025-02-24 20:03:10.538642
case_773,a,2025-02-24 20:08:10.538642
case_773,b,2025-02-24 20:13:10.538642
case_773,b,2025-02-24 20:18:10.538642
case_773,c,2025-02-24 20:23:10.538642
case_773,a,2025-02-24 20:28:10.538642
case_773,c,2025-02-24 20:33:10.538642
case_773,b,2025-02-24 20:38:10.538642
case_773,a,2025-02-24 20:43:10.538642
case_773,c,2025-02-24 20:48:10.538642
case_773,a,2025-02-24 20:53:10.538642
case_773,a,2025-02-24 20:58:10.538642
case_773,c,2025-02-24 21:03:10.538642
case_774,b,2025-02-24 19:28:10.538673
case_774,c,2025-02-24 19:33:10.538673
case_774,b,2025-02-24 19:38:10.538673
case_774,c,2025-02-24 19:43:10.538673
case_774,a,2025-02-24 19:48:10.538673
case_774,a,2025-02-24 19:53:10.538673
case_774,c,2025-02-24 19:58:10.538673
case_774,c,2025-02-24 20:03:10.538673
case_774,b,2025-02-24 20:08:10.538673
case_774,c,2025-02-24 20:13:10.538673
case_774,a,2025-02-24 20:18:10.538673
case_774,c,2025-02-24 20:23:10.538673
case_774,a,2025-02-24 20:28:10.538673
case_774,a,2025-02-24 20:33:10.538673
case_774,a,2025-02-24 20:38:10.538673
case_774,a,2025-02-24 20:43:10.538673
case_774,b,2025-02-24 20:48:10.538673
case_774,a,2025-02-24 20:53:10.538673
case_774,a,2025-02-24 20:58:10.538673
case_774,b,2025-02-24 21:03:10.538673
case_775,c,2025-02-24 19:28:10.538836
case_775,c,2025-02-24 19:33:10.538836
case_775,b,2025-02-24 19:38:10.538836
case_775,a,2025-02-24 19:43:10.538836
case_775,a,2025-02-24 19:48:10.538836
case_775,a,2025-02-24 19:53:10.538836
case_775,b,2025-02-24 19:58:10.538836
case_775,a,2025-02-24 20:03:10.538836
case_775,c,2025-02-24 20:08:10.538836
case_775,c,2025-02-24 20:13:10.538836
case_775,a,2025-02-24 20:18:10.538836
case_775,b,2025-02-24 20:23:10.538836
case_775,c,2025-02-24 20:28:10.538836
case_775,b,2025-02-24 20:33:10.538836
case_775,c,2025-02-24 20:38:10.538836
case_775,b,2025-02-24 20:43:10.538836
case_775,c,2025-02-24 20:48:10.538836
case_775,a,2025-02-24 20:53:10.538836
case_775,a,2025-02-24 20:58:10.538836
case_775,a,2025-02-24 21:03:10.538836
case_776,c,2025-02-24 19:28:10.538868
case_776,a,2025-02-24 19:33:10.538868
case_776,b,2025-02-24 19:38:10.538868
case_776,a,2025-02-24 19:43:10.538868
case_776,c,2025-02-24 19:48:10.538868
case_776,b,2025-02-24 19:53:10.538868
case_776,a,2025-02-24 19:58:10.538868
case_776,c,2025-02-24 20:03:10.538868
case_776,b,2025-02-24 20:08:10.538868
case_776,a,2025-02-24 20:13:10.538868
case_776,a,2025-02-24 20:18:10.538868
case_776,c,2025-02-24 20:23:10.538868
case_776,b,2025-02-24 20:28:10.538868
case_776,b,2025-02-24 20:33:10.538868
case_776,c,2025-02-24 20:38:10.538868
case_776,c,2025-02-24 20:43:10.538868
case_776,a,2025-02-24 20:48:10.538868
case_776,b,2025-02-24 20:53:10.538868
case_776,c,2025-02-24 20:58:10.538868
case_776,a,2025-02-24 21:03:10.538868
case_777,b,2025-02-24 19:28:10.538898
case_777,b,2025-02-24 19:33:10.538898
case_777,a,2025-02-24 19:38:10.538898
case_777,a,2025-02-24 19:43:10.538898
case_777,b,2025-02-24 19:48:10.538898
case_777,a,2025-02-24 19:53:10.538898
case_777,c,2025-02-24 19:58:10.538898
case_777,c,2025-02-24 20:03:10.538898
case_777,c,2025-02-24 20:08:10.538898
case_777,c,2025-02-24 20:13:10.538898
case_777,a,2025-02-24 20:18:10.538898
case_777,b,2025-02-24 20:23:10.538898
case_777,b,2025-02-24 20:28:10.538898
case_777,a,2025-02-24 20:33:10.538898
case_777,b,2025-02-24 20:38:10.538898
case_777,b,2025-02-24 20:43:10.538898
case_777,b,2025-02-24 20:48:10.538898
case_777,b,2025-02-24 20:53:10.538898
case_777,b,2025-02-24 20:58:10.538898
case_777,c,2025-02-24 21:03:10.538898
case_778,b,2025-02-24 19:28:10.538928
case_778,a,2025-02-24 19:33:10.538928
case_778,a,2025-02-24 19:38:10.538928
case_778,b,2025-02-24 19:43:10.538928
case_778,a,2025-02-24 19:48:10.538928
case_778,a,2025-02-24 19:53:10.538928
case_778,b,2025-02-24 19:58:10.538928
case_778,b,2025-02-24 20:03:10.538928
case_778,c,2025-02-24 20:08:10.538928
case_778,b,2025-02-24 20:13:10.538928
case_778,b,2025-02-24 20:18:10.538928
case_778,b,2025-02-24 20:23:10.538928
case_778,a,2025-02-24 20:28:10.538928
case_778,c,2025-02-24 20:33:10.538928
case_778,a,2025-02-24 20:38:10.538928
case_778,a,2025-02-24 20:43:10.538928
case_778,b,2025-02-24 20:48:10.538928
case_778,c,2025-02-24 20:53:10.538928
case_778,c,2025-02-24 20:58:10.538928
case_778,c,2025-02-24 21:03:10.538928
case_779,b,2025-02-24 19:28:10.538959
case_779,a,2025-02-24 19:33:10.538959
case_779,b,2025-02-24 19:38:10.538959
case_779,b,2025-02-24 19:43:10.538959
case_779,b,2025-02-24 19:48:10.538959
case_779,a,2025-02-24 19:53:10.538959
case_779,b,2025-02-24 19:58:10.538959
case_779,a,2025-02-24 20:03:10.538959
case_779,b,2025-02-24 20:08:10.538959
case_779,a,2025-02-24 20:13:10.538959
case_779,a,2025-02-24 20:18:10.538959
case_779,a,2025-02-24 20:23:10.538959
case_779,b,2025-02-24 20:28:10.538959
case_779,a,2025-02-24 20:33:10.538959
case_779,b,2025-02-24 20:38:10.538959
case_779,b,2025-02-24 20:43:10.538959
case_779,a,2025-02-24 20:48:10.538959
case_779,c,2025-02-24 20:53:10.538959
case_779,b,2025-02-24 20:58:10.538959
case_779,b,2025-02-24 21:03:10.538959
case_780,c,2025-02-24 19:28:10.538988
case_780,b,2025-02-24 19:33:10.538988
case_780,a,2025-02-24 19:38:10.538988
case_780,b,2025-02-24 19:43:10.538988
case_780,c,2025-02-24 19:48:10.538988
case_780,b,2025-02-24 19:53:10.538988
case_780,b,2025-02-24 19:58:10.538988
case_780,a,2025-02-24 20:03:10.538988
case_780,b,2025-02-24 20:08:10.538988
case_780,c,2025-02-24 20:13:10.538988
case_780,a,2025-02-24 20:18:10.538988
case_780,c,2025-02-24 20:23:10.538988
case_780,c,2025-02-24 20:28:10.538988
case_780,a,2025-02-24 20:33:10.538988
case_780,c,2025-02-24 20:38:10.538988
case_780,a,2025-02-24 20:43:10.538988
case_780,c,2025-02-24 20:48:10.538988
case_780,b,2025-02-24 20:53:10.538988
case_780,a,2025-02-24 20:58:10.538988
case_780,a,2025-02-24 21:03:10.538988
case_781,c,2025-02-24 19:28:10.539019
case_781,c,2025-02-24 19:33:10.539019
case_781,c,2025-02-24 19:38:10.539019
case_781,a,2025-02-24 19:43:10.539019
case_781,b,2025-02-24 19:48:10.539019
case_781,b,2025-02-24 19:53:10.539019
case_781,c,2025-02-24 19:58:10.539019
case_781,c,2025-02-24 20:03:10.539019
case_781,c,2025-02-24 20:08:10.539019
case_781,b,2025-02-24 20:13:10.539019
case_781,b,2025-02-24 20:18:10.539019
case_781,c,2025-02-24 20:23:10.539019
case_781,b,2025-02-24 20:28:10.539019
case_781,a,2025-02-24 20:33:10.539019
case_781,b,2025-02-24 20:38:10.539019
case_781,c,2025-02-24 20:43:10.539019
case_781,a,2025-02-24 20:48:10.539019
case_781,a,2025-02-24 20:53:10.539019
case_781,c,2025-02-24 20:58:10.539019
case_781,a,2025-02-24 21:03:10.539019
case_782,c,2025-02-24 19:28:10.539049
case_782,a,2025-02-24 19:33:10.539049
case_782,c,2025-02-24 19:38:10.539049
case_782,a,2025-02-24 19:43:10.539049
case_782,b,2025-02-24 19:48:10.539049
case_782,a,2025-02-24 19:53:10.539049
case_782,a,2025-02-24 19:58:10.539049
case_782,a,2025-02-24 20:03:10.539049
case_782,b,2025-02-24 20:08:10.539049
case_782,a,2025-02-24 20:13:10.539049
case_782,c,2025-02-24 20:18:10.539049
case_782,b,2025-02-24 20:23:10.539049
case_782,a,2025-02-24 20:28:10.539049
case_782,b,2025-02-24 20:33:10.539049
case_782,c,2025-02-24 20:38:10.539049
case_782,c,2025-02-24 20:43:10.539049
case_782,b,2025-02-24 20:48:10.539049
case_782,a,2025-02-24 20:53:10.539049
case_782,a,2025-02-24 20:58:10.539049
case_782,b,2025-02-24 21:03:10.539049
case_783,b,2025-02-24 19:28:10.539079
case_783,b,2025-02-24 19:33:10.539079
case_783,b,2025-02-24 19:38:10.539079
case_783,b,2025-02-24 19:43:10.539079
case_783,c,2025-02-24 19:48:10.539079
case_783,a,2025-02-24 19:53:10.539079
case_783,a,2025-02-24 19:58:10.539079
case_783,a,2025-02-24 20:03:10.539079
case_783,b,2025-02-24 20:08:10.539079
case_783,b,2025-02-24 20:13:10.539079
case_783,a,2025-02-24 20:18:10.539079
case_783,b,2025-02-24 20:23:10.539079
case_783,c,2025-02-24 20:28:10.539079
case_783,a,2025-02-24 20:33:10.539079
case_783,c,2025-02-24 20:38:10.539079
case_783,c,2025-02-24 20:43:10.539079
case_783,c,2025-02-24 20:48:10.539079
case_783,c,2025-02-24 20:53:10.539079
case_783,b,2025-02-24 20:58:10.539079
case_783,c,2025-02-24 21:03:10.539079
case_784,c,2025-02-24 19:28:10.539110
case_784,c,2025-02-24 19:33:10.539110
case_784,a,2025-02-24 19:38:10.539110
case_784,c,2025-02-24 19:43:10.539110
case_784,b,2025-02-24 19:48:10.539110
case_784,b,2025-02-24 19:53:10.539110
case_784,b,2025-02-24 19:58:10.539110
case_784,a,2025-02-24 20:03:10.539110
case_784,c,2025-02-24 20:08:10.539110
case_784,c,2025-02-24 20:13:10.539110
case_784,b,2025-02-24 20:18:10.539110
case_784,a,2025-02-24 20:23:10.539110
case_784,a,2025-02-24 20:28:10.539110
case_784,b,2025-02-24 20:33:10.539110
case_784,a,2025-02-24 20:38:10.539110
case_784,a,2025-02-24 20:43:10.539110
case_784,c,2025-02-24 20:48:10.539110
case_784,a,2025-02-24 20:53:10.539110
case_784,b,2025-02-24 20:58:10.539110
case_784,a,2025-02-24 21:03:10.539110
case_785,b,2025-02-24 19:28:10.539141
case_785,c,2025-02-24 19:33:10.539141
case_785,c,2025-02-24 19:38:10.539141
case_785,c,2025-02-24 19:43:10.539141
case_785,b,2025-02-24 19:48:10.539141
case_785,b,2025-02-24 19:53:10.539141
case_785,b,2025-02-24 19:58:10.539141
case_785,b,2025-02-24 20:03:10.539141
case_785,b,2025-02-24 20:08:10.539141
case_785,b,2025-02-24 20:13:10.539141
case_785,b,2025-02-24 20:18:10.539141
case_785,c,2025-02-24 20:23:10.539141
case_785,a,2025-02-24 20:28:10.539141
case_785,c,2025-02-24 20:33:10.539141
case_785,c,2025-02-24 20:38:10.539141
case_785,b,2025-02-24 20:43:10.539141
case_785,b,2025-02-24 20:48:10.539141
case_785,b,2025-02-24 20:53:10.539141
case_785,a,2025-02-24 20:58:10.539141
case_785,a,2025-02-24 21:03:10.539141
case_786,b,2025-02-24 19:28:10.539171
case_786,a,2025-02-24 19:33:10.539171
case_786,b,2025-02-24 19:38:10.539171
case_786,c,2025-02-24 19:43:10.539171
case_786,a,2025-02-24 19:48:10.539171
case_786,a,2025-02-24 19:53:10.539171
case_786,a,2025-02-24 19:58:10.539171
case_786,a,2025-02-24 20:03:10.539171
case_786,c,2025-02-24 20:08:10.539171
case_786,a,2025-02-24 20:13:10.539171
case_786,a,2025-02-24 20:18:10.539171
case_786,a,2025-02-24 20:23:10.539171
case_786,c,2025-02-24 20:28:10.539171
case_786,a,2025-02-24 20:33:10.539171
case_786,b,2025-02-24 20:38:10.539171
case_786,b,2025-02-24 20:43:10.539171
case_786,a,2025-02-24 20:48:10.539171
case_786,a,2025-02-24 20:53:10.539171
case_786,a,2025-02-24 20:58:10.539171
case_786,b,2025-02-24 21:03:10.539171
case_787,c,2025-02-24 19:28:10.539202
case_787,c,2025-02-24 19:33:10.539202
case_787,b,2025-02-24 19:38:10.539202
case_787,a,2025-02-24 19:43:10.539202
case_787,b,2025-02-24 19:48:10.539202
case_787,b,2025-02-24 19:53:10.539202
case_787,a,2025-02-24 19:58:10.539202
case_787,b,2025-02-24 20:03:10.539202
case_787,a,2025-02-24 20:08:10.539202
case_787,c,2025-02-24 20:13:10.539202
case_787,c,2025-02-24 20:18:10.539202
case_787,c,2025-02-24 20:23:10.539202
case_787,b,2025-02-24 20:28:10.539202
case_787,a,2025-02-24 20:33:10.539202
case_787,c,2025-02-24 20:38:10.539202
case_787,a,2025-02-24 20:43:10.539202
case_787,a,2025-02-24 20:48:10.539202
case_787,b,2025-02-24 20:53:10.539202
case_787,a,2025-02-24 20:58:10.539202
case_787,b,2025-02-24 21:03:10.539202
case_788,b,2025-02-24 19:28:10.539231
case_788,c,2025-02-24 19:33:10.539231
case_788,c,2025-02-24 19:38:10.539231
case_788,b,2025-02-24 19:43:10.539231
case_788,b,2025-02-24 19:48:10.539231
case_788,a,2025-02-24 19:53:10.539231
case_788,c,2025-02-24 19:58:10.539231
case_788,b,2025-02-24 20:03:10.539231
case_788,b,2025-02-24 20:08:10.539231
case_788,c,2025-02-24 20:13:10.539231
case_788,a,2025-02-24 20:18:10.539231
case_788,a,2025-02-24 20:23:10.539231
case_788,b,2025-02-24 20:28:10.539231
case_788,a,2025-02-24 20:33:10.539231
case_788,a,2025-02-24 20:38:10.539231
case_788,c,2025-02-24 20:43:10.539231
case_788,a,2025-02-24 20:48:10.539231
case_788,b,2025-02-24 20:53:10.539231
case_788,c,2025-02-24 20:58:10.539231
case_788,c,2025-02-24 21:03:10.539231
case_789,c,2025-02-24 19:28:10.539262
case_789,b,2025-02-24 19:33:10.539262
case_789,c,2025-02-24 19:38:10.539262
case_789,a,2025-02-24 19:43:10.539262
case_789,c,2025-02-24 19:48:10.539262
case_789,a,2025-02-24 19:53:10.539262
case_789,b,2025-02-24 19:58:10.539262
case_789,b,2025-02-24 20:03:10.539262
case_789,c,2025-02-24 20:08:10.539262
case_789,b,2025-02-24 20:13:10.539262
case_789,c,2025-02-24 20:18:10.539262
case_789,a,2025-02-24 20:23:10.539262
case_789,a,2025-02-24 20:28:10.539262
case_789,b,2025-02-24 20:33:10.539262
case_789,b,2025-02-24 20:38:10.539262
case_789,b,2025-02-24 20:43:10.539262
case_789,a,2025-02-24 20:48:10.539262
case_789,c,2025-02-24 20:53:10.539262
case_789,a,2025-02-24 20:58:10.539262
case_789,b,2025-02-24 21:03:10.539262
case_790,b,2025-02-24 19:28:10.539292
case_790,c,2025-02-24 19:33:10.539292
case_790,c,2025-02-24 19:38:10.539292
case_790,b,2025-02-24 19:43:10.539292
case_790,a,2025-02-24 19:48:10.539292
case_790,b,2025-02-24 19:53:10.539292
case_790,a,2025-02-24 19:58:10.539292
case_790,c,2025-02-24 20:03:10.539292
case_790,a,2025-02-24 20:08:10.539292
case_790,a,2025-02-24 20:13:10.539292
case_790,a,2025-02-24 20:18:10.539292
case_790,a,2025-02-24 20:23:10.539292
case_790,c,2025-02-24 20:28:10.539292
case_790,a,2025-02-24 20:33:10.539292
case_790,c,2025-02-24 20:38:10.539292
case_790,a,2025-02-24 20:43:10.539292
case_790,c,2025-02-24 20:48:10.539292
case_790,a,2025-02-24 20:53:10.539292
case_790,a,2025-02-24 20:58:10.539292
case_790,c,2025-02-24 21:03:10.539292
case_791,b,2025-02-24 19:28:10.539323
case_791,c,2025-02-24 19:33:10.539323
case_791,a,2025-02-24 19:38:10.539323
case_791,c,2025-02-24 19:43:10.539323
case_791,a,2025-02-24 19:48:10.539323
case_791,c,2025-02-24 19:53:10.539323
case_791,c,2025-02-24 19:58:10.539323
case_791,c,2025-02-24 20:03:10.539323
case_791,c,2025-02-24 20:08:10.539323
case_791,c,2025-02-24 20:13:10.539323
case_791,a,2025-02-24 20:18:10.539323
case_791,a,2025-02-24 20:23:10.539323
case_791,b,2025-02-24 20:28:10.539323
case_791,b,2025-02-24 20:33:10.539323
case_791,c,2025-02-24 20:38:10.539323
case_791,a,2025-02-24 20:43:10.539323
case_791,c,2025-02-24 20:48:10.539323
case_791,c,2025-02-24 20:53:10.539323
case_791,b,2025-02-24 20:58:10.539323
case_791,a,2025-02-24 21:03:10.539323
case_792,c,2025-02-24 19:28:10.539354
case_792,a,2025-02-24 19:33:10.539354
case_792,b,2025-02-24 19:38:10.539354
case_792,c,2025-02-24 19:43:10.539354
case_792,c,2025-02-24 19:48:10.539354
case_792,c,2025-02-24 19:53:10.539354
case_792,b,2025-02-24 19:58:10.539354
case_792,c,2025-02-24 20:03:10.539354
case_792,a,2025-02-24 20:08:10.539354
case_792,a,2025-02-24 20:13:10.539354
case_792,a,2025-02-24 20:18:10.539354
case_792,c,2025-02-24 20:23:10.539354
case_792,a,2025-02-24 20:28:10.539354
case_792,a,2025-02-24 20:33:10.539354
case_792,c,2025-02-24 20:38:10.539354
case_792,c,2025-02-24 20:43:10.539354
case_792,a,2025-02-24 20:48:10.539354
case_792,a,2025-02-24 20:53:10.539354
case_792,c,2025-02-24 20:58:10.539354
case_792,c,2025-02-24 21:03:10.539354
case_793,b,2025-02-24 19:28:10.539385
case_793,a,2025-02-24 19:33:10.539385
case_793,a,2025-02-24 19:38:10.539385
case_793,a,2025-02-24 19:43:10.539385
case_793,c,2025-02-24 19:48:10.539385
case_793,b,2025-02-24 19:53:10.539385
case_793,a,2025-02-24 19:58:10.539385
case_793,a,2025-02-24 20:03:10.539385
case_793,c,2025-02-24 20:08:10.539385
case_793,c,2025-02-24 20:13:10.539385
case_793,a,2025-02-24 20:18:10.539385
case_793,a,2025-02-24 20:23:10.539385
case_793,c,2025-02-24 20:28:10.539385
case_793,b,2025-02-24 20:33:10.539385
case_793,a,2025-02-24 20:38:10.539385
case_793,c,2025-02-24 20:43:10.539385
case_793,a,2025-02-24 20:48:10.539385
case_793,c,2025-02-24 20:53:10.539385
case_793,c,2025-02-24 20:58:10.539385
case_793,b,2025-02-24 21:03:10.539385
case_794,c,2025-02-24 19:28:10.539417
case_794,c,2025-02-24 19:33:10.539417
case_794,b,2025-02-24 19:38:10.539417
case_794,b,2025-02-24 19:43:10.539417
case_794,c,2025-02-24 19:48:10.539417
case_794,b,2025-02-24 19:53:10.539417
case_794,c,2025-02-24 19:58:10.539417
case_794,b,2025-02-24 20:03:10.539417
case_794,b,2025-02-24 20:08:10.539417
case_794,c,2025-02-24 20:13:10.539417
case_794,a,2025-02-24 20:18:10.539417
case_794,b,2025-02-24 20:23:10.539417
case_794,c,2025-02-24 20:28:10.539417
case_794,c,2025-02-24 20:33:10.539417
case_794,b,2025-02-24 20:38:10.539417
case_794,b,2025-02-24 20:43:10.539417
case_794,b,2025-02-24 20:48:10.539417
case_794,b,2025-02-24 20:53:10.539417
case_794,a,2025-02-24 20:58:10.539417
case_794,a,2025-02-24 21:03:10.539417
case_795,c,2025-02-24 19:28:10.539447
case_795,b,2025-02-24 19:33:10.539447
case_795,a,2025-02-24 19:38:10.539447
case_795,c,2025-02-24 19:43:10.539447
case_795,b,2025-02-24 19:48:10.539447
case_795,c,2025-02-24 19:53:10.539447
case_795,a,2025-02-24 19:58:10.539447
case_795,c,2025-02-24 20:03:10.539447
case_795,b,2025-02-24 20:08:10.539447
case_795,a,2025-02-24 20:13:10.539447
case_795,c,2025-02-24 20:18:10.539447
case_795,a,2025-02-24 20:23:10.539447
case_795,b,2025-02-24 20:28:10.539447
case_795,b,2025-02-24 20:33:10.539447
case_795,a,2025-02-24 20:38:10.539447
case_795,c,2025-02-24 20:43:10.539447
case_795,b,2025-02-24 20:48:10.539447
case_795,c,2025-02-24 20:53:10.539447
case_795,a,2025-02-24 20:58:10.539447
case_795,a,2025-02-24 21:03:10.539447
case_796,b,2025-02-24 19:28:10.539477
case_796,a,2025-02-24 19:33:10.539477
case_796,c,2025-02-24 19:38:10.539477
case_796,c,2025-02-24 19:43:10.539477
case_796,b,2025-02-24 19:48:10.539477
case_796,b,2025-02-24 19:53:10.539477
case_796,b,2025-02-24 19:58:10.539477
case_796,b,2025-02-24 20:03:10.539477
case_796,b,2025-02-24 20:08:10.539477
case_796,b,2025-02-24 20:13:10.539477
case_796,c,2025-02-24 20:18:10.539477
case_796,c,2025-02-24 20:23:10.539477
case_796,b,2025-02-24 20:28:10.539477
case_796,c,2025-02-24 20:33:10.539477
case_796,b,2025-02-24 20:38:10.539477
case_796,b,2025-02-24 20:43:10.539477
case_796,b,2025-02-24 20:48:10.539477
case_796,c,2025-02-24 20:53:10.539477
case_796,a,2025-02-24 20:58:10.539477
case_796,a,2025-02-24 21:03:10.539477
case_797,c,2025-02-24 19:28:10.539508
case_797,b,2025-02-24 19:33:10.539508
case_797,b,2025-02-24 19:38:10.539508
case_797,c,2025-02-24 19:43:10.539508
case_797,b,2025-02-24 19:48:10.539508
case_797,c,2025-02-24 19:53:10.539508
case_797,b,2025-02-24 19:58:10.539508
case_797,b,2025-02-24 20:03:10.539508
case_797,a,2025-02-24 20:08:10.539508
case_797,c,2025-02-24 20:13:10.539508
case_797,a,2025-02-24 20:18:10.539508
case_797,c,2025-02-24 20:23:10.539508
case_797,a,2025-02-24 20:28:10.539508
case_797,c,2025-02-24 20:33:10.539508
case_797,c,2025-02-24 20:38:10.539508
case_797,b,2025-02-24 20:43:10.539508
case_797,a,2025-02-24 20:48:10.539508
case_797,b,2025-02-24 20:53:10.539508
case_797,a,2025-02-24 20:58:10.539508
case_797,a,2025-02-24 21:03:10.539508
case_798,c,2025-02-24 19:28:10.539538
case_798,a,2025-02-24 19:33:10.539538
case_798,a,2025-02-24 19:38:10.539538
case_798,a,2025-02-24 19:43:10.539538
case_798,a,2025-02-24 19:48:10.539538
case_798,a,2025-02-24 19:53:10.539538
case_798,a,2025-02-24 19:58:10.539538
case_798,c,2025-02-24 20:03:10.539538
case_798,b,2025-02-24 20:08:10.539538
case_798,a,2025-02-24 20:13:10.539538
case_798,c,2025-02-24 20:18:10.539538
case_798,c,2025-02-24 20:23:10.539538
case_798,c,2025-02-24 20:28:10.539538
case_798,a,2025-02-24 20:33:10.539538
case_798,c,2025-02-24 20:38:10.539538
case_798,b,2025-02-24 20:43:10.539538
case_798,c,2025-02-24 20:48:10.539538
case_798,a,2025-02-24 20:53:10.539538
case_798,a,2025-02-24 20:58:10.539538
case_798,a,2025-02-24 21:03:10.539538
case_799,c,2025-02-24 19:28:10.539569
case_799,a,2025-02-24 19:33:10.539569
case_799,c,2025-02-24 19:38:10.539569
case_799,b,2025-02-24 19:43:10.539569
case_799,a,2025-02-24 19:48:10.539569
case_799,b,2025-02-24 19:53:10.539569
case_799,b,2025-02-24 19:58:10.539569
case_799,b,2025-02-24 20:03:10.539569
case_799,a,2025-02-24 20:08:10.539569
case_799,c,2025-02-24 20:13:10.539569
case_799,a,2025-02-24 20:18:10.539569
case_799,c,2025-02-24 20:23:10.539569
case_799,b,2025-02-24 20:28:10.539569
case_799,c,2025-02-24 20:33:10.539569
case_799,c,2025-02-24 20:38:10.539569
case_799,b,2025-02-24 20:43:10.539569
case_799,b,2025-02-24 20:48:10.539569
case_799,c,2025-02-24 20:53:10.539569
case_799,a,2025-02-24 20:58:10.539569
case_799,a,2025-02-24 21:03:10.539569
case_800,c,2025-02-24 19:28:10.539599
case_800,b,2025-02-24 19:33:10.539599
case_800,c,2025-02-24 19:38:10.539599
case_800,c,2025-02-24 19:43:10.539599
case_800,b,2025-02-24 19:48:10.539599
case_800,b,2025-02-24 19:53:10.539599
case_800,c,2025-02-24 19:58:10.539599
case_800,a,2025-02-24 20:03:10.539599
case_800,a,2025-02-24 20:08:10.539599
case_800,b,2025-02-24 20:13:10.539599
case_800,b,2025-02-24 20:18:10.539599
case_800,a,2025-02-24 20:23:10.539599
case_800,a,2025-02-24 20:28:10.539599
case_800,c,2025-02-24 20:33:10.539599
case_800,b,2025-02-24 20:38:10.539599
case_800,b,2025-02-24 20:43:10.539599
case_800,b,2025-02-24 20:48:10.539599
case_800,c,2025-02-24 20:53:10.539599
case_800,b,2025-02-24 20:58:10.539599
case_800,a,2025-02-24 21:03:10.539599
case_801,c,2025-02-24 19:28:10.539630
case_801,a,2025-02-24 19:33:10.539630
case_801,a,2025-02-24 19:38:10.539630
case_801,a,2025-02-24 19:43:10.539630
case_801,b,2025-02-24 19:48:10.539630
case_801,b,2025-02-24 19:53:10.539630
case_801,b,2025-02-24 19:58:10.539630
case_801,c,2025-02-24 20:03:10.539630
case_801,c,2025-02-24 20:08:10.539630
case_801,a,2025-02-24 20:13:10.539630
case_801,a,2025-02-24 20:18:10.539630
case_801,c,2025-02-24 20:23:10.539630
case_801,b,2025-02-24 20:28:10.539630
case_801,a,2025-02-24 20:33:10.539630
case_801,a,2025-02-24 20:38:10.539630
case_801,a,2025-02-24 20:43:10.539630
case_801,b,2025-02-24 20:48:10.539630
case_801,c,2025-02-24 20:53:10.539630
case_801,c,2025-02-24 20:58:10.539630
case_801,a,2025-02-24 21:03:10.539630
case_802,b,2025-02-24 19:28:10.539660
case_802,b,2025-02-24 19:33:10.539660
case_802,a,2025-02-24 19:38:10.539660
case_802,a,2025-02-24 19:43:10.539660
case_802,c,2025-02-24 19:48:10.539660
case_802,b,2025-02-24 19:53:10.539660
case_802,c,2025-02-24 19:58:10.539660
case_802,a,2025-02-24 20:03:10.539660
case_802,a,2025-02-24 20:08:10.539660
case_802,a,2025-02-24 20:13:10.539660
case_802,b,2025-02-24 20:18:10.539660
case_802,c,2025-02-24 20:23:10.539660
case_802,b,2025-02-24 20:28:10.539660
case_802,a,2025-02-24 20:33:10.539660
case_802,c,2025-02-24 20:38:10.539660
case_802,a,2025-02-24 20:43:10.539660
case_802,a,2025-02-24 20:48:10.539660
case_802,a,2025-02-24 20:53:10.539660
case_802,a,2025-02-24 20:58:10.539660
case_802,c,2025-02-24 21:03:10.539660
case_803,c,2025-02-24 19:28:10.539691
case_803,c,2025-02-24 19:33:10.539691
case_803,c,2025-02-24 19:38:10.539691
case_803,b,2025-02-24 19:43:10.539691
case_803,b,2025-02-24 19:48:10.539691
case_803,b,2025-02-24 19:53:10.539691
case_803,b,2025-02-24 19:58:10.539691
case_803,b,2025-02-24 20:03:10.539691
case_803,b,2025-02-24 20:08:10.539691
case_803,a,2025-02-24 20:13:10.539691
case_803,b,2025-02-24 20:18:10.539691
case_803,c,2025-02-24 20:23:10.539691
case_803,a,2025-02-24 20:28:10.539691
case_803,a,2025-02-24 20:33:10.539691
case_803,a,2025-02-24 20:38:10.539691
case_803,b,2025-02-24 20:43:10.539691
case_803,a,2025-02-24 20:48:10.539691
case_803,c,2025-02-24 20:53:10.539691
case_803,c,2025-02-24 20:58:10.539691
case_803,b,2025-02-24 21:03:10.539691
case_804,c,2025-02-24 19:28:10.539722
case_804,b,2025-02-24 19:33:10.539722
case_804,b,2025-02-24 19:38:10.539722
case_804,a,2025-02-24 19:43:10.539722
case_804,c,2025-02-24 19:48:10.539722
case_804,b,2025-02-24 19:53:10.539722
case_804,c,2025-02-24 19:58:10.539722
case_804,c,2025-02-24 20:03:10.539722
case_804,a,2025-02-24 20:08:10.539722
case_804,c,2025-02-24 20:13:10.539722
case_804,c,2025-02-24 20:18:10.539722
case_804,a,2025-02-24 20:23:10.539722
case_804,b,2025-02-24 20:28:10.539722
case_804,b,2025-02-24 20:33:10.539722
case_804,a,2025-02-24 20:38:10.539722
case_804,a,2025-02-24 20:43:10.539722
case_804,c,2025-02-24 20:48:10.539722
case_804,a,2025-02-24 20:53:10.539722
case_804,c,2025-02-24 20:58:10.539722
case_804,b,2025-02-24 21:03:10.539722
case_805,c,2025-02-24 19:28:10.539753
case_805,b,2025-02-24 19:33:10.539753
case_805,a,2025-02-24 19:38:10.539753
case_805,a,2025-02-24 19:43:10.539753
case_805,a,2025-02-24 19:48:10.539753
case_805,a,2025-02-24 19:53:10.539753
case_805,c,2025-02-24 19:58:10.539753
case_805,b,2025-02-24 20:03:10.539753
case_805,c,2025-02-24 20:08:10.539753
case_805,c,2025-02-24 20:13:10.539753
case_805,b,2025-02-24 20:18:10.539753
case_805,a,2025-02-24 20:23:10.539753
case_805,a,2025-02-24 20:28:10.539753
case_805,c,2025-02-24 20:33:10.539753
case_805,b,2025-02-24 20:38:10.539753
case_805,c,2025-02-24 20:43:10.539753
case_805,a,2025-02-24 20:48:10.539753
case_805,c,2025-02-24 20:53:10.539753
case_805,c,2025-02-24 20:58:10.539753
case_805,a,2025-02-24 21:03:10.539753
case_806,b,2025-02-24 19:28:10.539783
case_806,a,2025-02-24 19:33:10.539783
case_806,a,2025-02-24 19:38:10.539783
case_806,c,2025-02-24 19:43:10.539783
case_806,b,2025-02-24 19:48:10.539783
case_806,a,2025-02-24 19:53:10.539783
case_806,b,2025-02-24 19:58:10.539783
case_806,c,2025-02-24 20:03:10.539783
case_806,b,2025-02-24 20:08:10.539783
case_806,b,2025-02-24 20:13:10.539783
case_806,b,2025-02-24 20:18:10.539783
case_806,b,2025-02-24 20:23:10.539783
case_806,b,2025-02-24 20:28:10.539783
case_806,a,2025-02-24 20:33:10.539783
case_806,b,2025-02-24 20:38:10.539783
case_806,a,2025-02-24 20:43:10.539783
case_806,c,2025-02-24 20:48:10.539783
case_806,a,2025-02-24 20:53:10.539783
case_806,a,2025-02-24 20:58:10.539783
case_806,b,2025-02-24 21:03:10.539783
case_807,b,2025-02-24 19:28:10.539814
case_807,a,2025-02-24 19:33:10.539814
case_807,c,2025-02-24 19:38:10.539814
case_807,b,2025-02-24 19:43:10.539814
case_807,a,2025-02-24 19:48:10.539814
case_807,a,2025-02-24 19:53:10.539814
case_807,b,2025-02-24 19:58:10.539814
case_807,c,2025-02-24 20:03:10.539814
case_807,a,2025-02-24 20:08:10.539814
case_807,a,2025-02-24 20:13:10.539814
case_807,a,2025-02-24 20:18:10.539814
case_807,b,2025-02-24 20:23:10.539814
case_807,a,2025-02-24 20:28:10.539814
case_807,a,2025-02-24 20:33:10.539814
case_807,c,2025-02-24 20:38:10.539814
case_807,b,2025-02-24 20:43:10.539814
case_807,c,2025-02-24 20:48:10.539814
case_807,b,2025-02-24 20:53:10.539814
case_807,c,2025-02-24 20:58:10.539814
case_807,a,2025-02-24 21:03:10.539814
case_808,b,2025-02-24 19:28:10.539845
case_808,a,2025-02-24 19:33:10.539845
case_808,c,2025-02-24 19:38:10.539845
case_808,c,2025-02-24 19:43:10.539845
case_808,c,2025-02-24 19:48:10.539845
case_808,a,2025-02-24 19:53:10.539845
case_808,c,2025-02-24 19:58:10.539845
case_808,b,2025-02-24 20:03:10.539845
case_808,c,2025-02-24 20:08:10.539845
case_808,a,2025-02-24 20:13:10.539845
case_808,b,2025-02-24 20:18:10.539845
case_808,c,2025-02-24 20:23:10.539845
case_808,b,2025-02-24 20:28:10.539845
case_808,c,2025-02-24 20:33:10.539845
case_808,a,2025-02-24 20:38:10.539845
case_808,b,2025-02-24 20:43:10.539845
case_808,a,2025-02-24 20:48:10.539845
case_808,b,2025-02-24 20:53:10.539845
case_808,a,2025-02-24 20:58:10.539845
case_808,a,2025-02-24 21:03:10.539845
case_809,b,2025-02-24 19:28:10.539876
case_809,c,2025-02-24 19:33:10.539876
case_809,c,2025-02-24 19:38:10.539876
case_809,a,2025-02-24 19:43:10.539876
case_809,b,2025-02-24 19:48:10.539876
case_809,b,2025-02-24 19:53:10.539876
case_809,c,2025-02-24 19:58:10.539876
case_809,b,2025-02-24 20:03:10.539876
case_809,c,2025-02-24 20:08:10.539876
case_809,b,2025-02-24 20:13:10.539876
case_809,c,2025-02-24 20:18:10.539876
case_809,c,2025-02-24 20:23:10.539876
case_809,b,2025-02-24 20:28:10.539876
case_809,c,2025-02-24 20:33:10.539876
case_809,c,2025-02-24 20:38:10.539876
case_809,b,2025-02-24 20:43:10.539876
case_809,a,2025-02-24 20:48:10.539876
case_809,a,2025-02-24 20:53:10.539876
case_809,c,2025-02-24 20:58:10.539876
case_809,b,2025-02-24 21:03:10.539876
case_810,c,2025-02-24 19:28:10.539905
case_810,a,2025-02-24 19:33:10.539905
case_810,c,2025-02-24 19:38:10.539905
case_810,c,2025-02-24 19:43:10.539905
case_810,b,2025-02-24 19:48:10.539905
case_810,a,2025-02-24 19:53:10.539905
case_810,b,2025-02-24 19:58:10.539905
case_810,c,2025-02-24 20:03:10.539905
case_810,a,2025-02-24 20:08:10.539905
case_810,c,2025-02-24 20:13:10.539905
case_810,a,2025-02-24 20:18:10.539905
case_810,b,2025-02-24 20:23:10.539905
case_810,b,2025-02-24 20:28:10.539905
case_810,a,2025-02-24 20:33:10.539905
case_810,b,2025-02-24 20:38:10.539905
case_810,b,2025-02-24 20:43:10.539905
case_810,c,2025-02-24 20:48:10.539905
case_810,b,2025-02-24 20:53:10.539905
case_810,a,2025-02-24 20:58:10.539905
case_810,a,2025-02-24 21:03:10.539905
case_811,c,2025-02-24 19:28:10.539935
case_811,b,2025-02-24 19:33:10.539935
case_811,a,2025-02-24 19:38:10.539935
case_811,a,2025-02-24 19:43:10.539935
case_811,b,2025-02-24 19:48:10.539935
case_811,a,2025-02-24 19:53:10.539935
case_811,c,2025-02-24 19:58:10.539935
case_811,b,2025-02-24 20:03:10.539935
case_811,c,2025-02-24 20:08:10.539935
case_811,b,2025-02-24 20:13:10.539935
case_811,c,2025-02-24 20:18:10.539935
case_811,a,2025-02-24 20:23:10.539935
case_811,a,2025-02-24 20:28:10.539935
case_811,b,2025-02-24 20:33:10.539935
case_811,b,2025-02-24 20:38:10.539935
case_811,b,2025-02-24 20:43:10.539935
case_811,c,2025-02-24 20:48:10.539935
case_811,b,2025-02-24 20:53:10.539935
case_811,b,2025-02-24 20:58:10.539935
case_811,c,2025-02-24 21:03:10.539935
case_812,b,2025-02-24 19:28:10.539966
case_812,a,2025-02-24 19:33:10.539966
case_812,a,2025-02-24 19:38:10.539966
case_812,a,2025-02-24 19:43:10.539966
case_812,c,2025-02-24 19:48:10.539966
case_812,b,2025-02-24 19:53:10.539966
case_812,b,2025-02-24 19:58:10.539966
case_812,a,2025-02-24 20:03:10.539966
case_812,a,2025-02-24 20:08:10.539966
case_812,b,2025-02-24 20:13:10.539966
case_812,b,2025-02-24 20:18:10.539966
case_812,a,2025-02-24 20:23:10.539966
case_812,c,2025-02-24 20:28:10.539966
case_812,a,2025-02-24 20:33:10.539966
case_812,c,2025-02-24 20:38:10.539966
case_812,b,2025-02-24 20:43:10.539966
case_812,b,2025-02-24 20:48:10.539966
case_812,b,2025-02-24 20:53:10.539966
case_812,c,2025-02-24 20:58:10.539966
case_812,b,2025-02-24 21:03:10.539966
case_813,b,2025-02-24 19:28:10.539996
case_813,b,2025-02-24 19:33:10.539996
case_813,b,2025-02-24 19:38:10.539996
case_813,c,2025-02-24 19:43:10.539996
case_813,a,2025-02-24 19:48:10.539996
case_813,b,2025-02-24 19:53:10.539996
case_813,c,2025-02-24 19:58:10.539996
case_813,a,2025-02-24 20:03:10.539996
case_813,b,2025-02-24 20:08:10.539996
case_813,a,2025-02-24 20:13:10.539996
case_813,a,2025-02-24 20:18:10.539996
case_813,b,2025-02-24 20:23:10.539996
case_813,c,2025-02-24 20:28:10.539996
case_813,a,2025-02-24 20:33:10.539996
case_813,c,2025-02-24 20:38:10.539996
case_813,c,2025-02-24 20:43:10.539996
case_813,b,2025-02-24 20:48:10.539996
case_813,a,2025-02-24 20:53:10.539996
case_813,b,2025-02-24 20:58:10.539996
case_813,a,2025-02-24 21:03:10.539996
case_814,b,2025-02-24 19:28:10.540026
case_814,b,2025-02-24 19:33:10.540026
case_814,a,2025-02-24 19:38:10.540026
case_814,c,2025-02-24 19:43:10.540026
case_814,a,2025-02-24 19:48:10.540026
case_814,a,2025-02-24 19:53:10.540026
case_814,c,2025-02-24 19:58:10.540026
case_814,b,2025-02-24 20:03:10.540026
case_814,b,2025-02-24 20:08:10.540026
case_814,b,2025-02-24 20:13:10.540026
case_814,c,2025-02-24 20:18:10.540026
case_814,a,2025-02-24 20:23:10.540026
case_814,a,2025-02-24 20:28:10.540026
case_814,b,2025-02-24 20:33:10.540026
case_814,a,2025-02-24 20:38:10.540026
case_814,c,2025-02-24 20:43:10.540026
case_814,c,2025-02-24 20:48:10.540026
case_814,c,2025-02-24 20:53:10.540026
case_814,a,2025-02-24 20:58:10.540026
case_814,a,2025-02-24 21:03:10.540026
case_815,c,2025-02-24 19:28:10.540057
case_815,a,2025-02-24 19:33:10.540057
case_815,c,2025-02-24 19:38:10.540057
case_815,c,2025-02-24 19:43:10.540057
case_815,a,2025-02-24 19:48:10.540057
case_815,c,2025-02-24 19:53:10.540057
case_815,c,2025-02-24 19:58:10.540057
case_815,c,2025-02-24 20:03:10.540057
case_815,a,2025-02-24 20:08:10.540057
case_815,a,2025-02-24 20:13:10.540057
case_815,a,2025-02-24 20:18:10.540057
case_815,b,2025-02-24 20:23:10.540057
case_815,c,2025-02-24 20:28:10.540057
case_815,c,2025-02-24 20:33:10.540057
case_815,c,2025-02-24 20:38:10.540057
case_815,a,2025-02-24 20:43:10.540057
case_815,b,2025-02-24 20:48:10.540057
case_815,c,2025-02-24 20:53:10.540057
case_815,b,2025-02-24 20:58:10.540057
case_815,a,2025-02-24 21:03:10.540057
case_816,b,2025-02-24 19:28:10.540087
case_816,c,2025-02-24 19:33:10.540087
case_816,c,2025-02-24 19:38:10.540087
case_816,c,2025-02-24 19:43:10.540087
case_816,b,2025-02-24 19:48:10.540087
case_816,c,2025-02-24 19:53:10.540087
case_816,b,2025-02-24 19:58:10.540087
case_816,a,2025-02-24 20:03:10.540087
case_816,b,2025-02-24 20:08:10.540087
case_816,b,2025-02-24 20:13:10.540087
case_816,a,2025-02-24 20:18:10.540087
case_816,c,2025-02-24 20:23:10.540087
case_816,b,2025-02-24 20:28:10.540087
case_816,a,2025-02-24 20:33:10.540087
case_816,b,2025-02-24 20:38:10.540087
case_816,a,2025-02-24 20:43:10.540087
case_816,a,2025-02-24 20:48:10.540087
case_816,b,2025-02-24 20:53:10.540087
case_816,c,2025-02-24 20:58:10.540087
case_816,a,2025-02-24 21:03:10.540087
case_817,c,2025-02-24 19:28:10.540118
case_817,c,2025-02-24 19:33:10.540118
case_817,c,2025-02-24 19:38:10.540118
case_817,c,2025-02-24 19:43:10.540118
case_817,c,2025-02-24 19:48:10.540118
case_817,c,2025-02-24 19:53:10.540118
case_817,a,2025-02-24 19:58:10.540118
case_817,b,2025-02-24 20:03:10.540118
case_817,a,2025-02-24 20:08:10.540118
case_817,b,2025-02-24 20:13:10.540118
case_817,b,2025-02-24 20:18:10.540118
case_817,c,2025-02-24 20:23:10.540118
case_817,c,2025-02-24 20:28:10.540118
case_817,b,2025-02-24 20:33:10.540118
case_817,b,2025-02-24 20:38:10.540118
case_817,a,2025-02-24 20:43:10.540118
case_817,b,2025-02-24 20:48:10.540118
case_817,b,2025-02-24 20:53:10.540118
case_817,a,2025-02-24 20:58:10.540118
case_817,a,2025-02-24 21:03:10.540118
case_818,c,2025-02-24 19:28:10.540149
case_818,c,2025-02-24 19:33:10.540149
case_818,c,2025-02-24 19:38:10.540149
case_818,b,2025-02-24 19:43:10.540149
case_818,a,2025-02-24 19:48:10.540149
case_818,c,2025-02-24 19:53:10.540149
case_818,c,2025-02-24 19:58:10.540149
case_818,c,2025-02-24 20:03:10.540149
case_818,c,2025-02-24 20:08:10.540149
case_818,a,2025-02-24 20:13:10.540149
case_818,a,2025-02-24 20:18:10.540149
case_818,a,2025-02-24 20:23:10.540149
case_818,b,2025-02-24 20:28:10.540149
case_818,a,2025-02-24 20:33:10.540149
case_818,c,2025-02-24 20:38:10.540149
case_818,b,2025-02-24 20:43:10.540149
case_818,c,2025-02-24 20:48:10.540149
case_818,c,2025-02-24 20:53:10.540149
case_818,a,2025-02-24 20:58:10.540149
case_818,c,2025-02-24 21:03:10.540149
case_819,c,2025-02-24 19:28:10.540178
case_819,a,2025-02-24 19:33:10.540178
case_819,c,2025-02-24 19:38:10.540178
case_819,b,2025-02-24 19:43:10.540178
case_819,b,2025-02-24 19:48:10.540178
case_819,c,2025-02-24 19:53:10.540178
case_819,a,2025-02-24 19:58:10.540178
case_819,c,2025-02-24 20:03:10.540178
case_819,c,2025-02-24 20:08:10.540178
case_819,b,2025-02-24 20:13:10.540178
case_819,c,2025-02-24 20:18:10.540178
case_819,b,2025-02-24 20:23:10.540178
case_819,a,2025-02-24 20:28:10.540178
case_819,c,2025-02-24 20:33:10.540178
case_819,b,2025-02-24 20:38:10.540178
case_819,c,2025-02-24 20:43:10.540178
case_819,c,2025-02-24 20:48:10.540178
case_819,b,2025-02-24 20:53:10.540178
case_819,a,2025-02-24 20:58:10.540178
case_819,a,2025-02-24 21:03:10.540178
case_820,c,2025-02-24 19:28:10.540209
case_820,b,2025-02-24 19:33:10.540209
case_820,b,2025-02-24 19:38:10.540209
case_820,c,2025-02-24 19:43:10.540209
case_820,a,2025-02-24 19:48:10.540209
case_820,c,2025-02-24 19:53:10.540209
case_820,a,2025-02-24 19:58:10.540209
case_820,b,2025-02-24 20:03:10.540209
case_820,a,2025-02-24 20:08:10.540209
case_820,c,2025-02-24 20:13:10.540209
case_820,a,2025-02-24 20:18:10.540209
case_820,b,2025-02-24 20:23:10.540209
case_820,c,2025-02-24 20:28:10.540209
case_820,c,2025-02-24 20:33:10.540209
case_820,c,2025-02-24 20:38:10.540209
case_820,c,2025-02-24 20:43:10.540209
case_820,b,2025-02-24 20:48:10.540209
case_820,c,2025-02-24 20:53:10.540209
case_820,a,2025-02-24 20:58:10.540209
case_820,a,2025-02-24 21:03:10.540209
case_821,b,2025-02-24 19:28:10.540239
case_821,a,2025-02-24 19:33:10.540239
case_821,c,2025-02-24 19:38:10.540239
case_821,a,2025-02-24 19:43:10.540239
case_821,b,2025-02-24 19:48:10.540239
case_821,a,2025-02-24 19:53:10.540239
case_821,b,2025-02-24 19:58:10.540239
case_821,c,2025-02-24 20:03:10.540239
case_821,c,2025-02-24 20:08:10.540239
case_821,b,2025-02-24 20:13:10.540239
case_821,c,2025-02-24 20:18:10.540239
case_821,b,2025-02-24 20:23:10.540239
case_821,a,2025-02-24 20:28:10.540239
case_821,c,2025-02-24 20:33:10.540239
case_821,a,2025-02-24 20:38:10.540239
case_821,b,2025-02-24 20:43:10.540239
case_821,a,2025-02-24 20:48:10.540239
case_821,c,2025-02-24 20:53:10.540239
case_821,a,2025-02-24 20:58:10.540239
case_821,a,2025-02-24 21:03:10.540239
case_822,b,2025-02-24 19:28:10.540270
case_822,c,2025-02-24 19:33:10.540270
case_822,a,2025-02-24 19:38:10.540270
case_822,a,2025-02-24 19:43:10.540270
case_822,a,2025-02-24 19:48:10.540270
case_822,b,2025-02-24 19:53:10.540270
case_822,b,2025-02-24 19:58:10.540270
case_822,a,2025-02-24 20:03:10.540270
case_822,a,2025-02-24 20:08:10.540270
case_822,c,2025-02-24 20:13:10.540270
case_822,c,2025-02-24 20:18:10.540270
case_822,a,2025-02-24 20:23:10.540270
case_822,b,2025-02-24 20:28:10.540270
case_822,b,2025-02-24 20:33:10.540270
case_822,a,2025-02-24 20:38:10.540270
case_822,a,2025-02-24 20:43:10.540270
case_822,b,2025-02-24 20:48:10.540270
case_822,c,2025-02-24 20:53:10.540270
case_822,b,2025-02-24 20:58:10.540270
case_822,c,2025-02-24 21:03:10.540270
case_823,b,2025-02-24 19:28:10.540300
case_823,c,2025-02-24 19:33:10.540300
case_823,c,2025-02-24 19:38:10.540300
case_823,a,2025-02-24 19:43:10.540300
case_823,a,2025-02-24 19:48:10.540300
case_823,c,2025-02-24 19:53:10.540300
case_823,a,2025-02-24 19:58:10.540300
case_823,c,2025-02-24 20:03:10.540300
case_823,c,2025-02-24 20:08:10.540300
case_823,a,2025-02-24 20:13:10.540300
case_823,c,2025-02-24 20:18:10.540300
case_823,a,2025-02-24 20:23:10.540300
case_823,b,2025-02-24 20:28:10.540300
case_823,a,2025-02-24 20:33:10.540300
case_823,a,2025-02-24 20:38:10.540300
case_823,a,2025-02-24 20:43:10.540300
case_823,c,2025-02-24 20:48:10.540300
case_823,a,2025-02-24 20:53:10.540300
case_823,c,2025-02-24 20:58:10.540300
case_823,a,2025-02-24 21:03:10.540300
case_824,c,2025-02-24 19:28:10.540331
case_824,b,2025-02-24 19:33:10.540331
case_824,a,2025-02-24 19:38:10.540331
case_824,c,2025-02-24 19:43:10.540331
case_824,c,2025-02-24 19:48:10.540331
case_824,c,2025-02-24 19:53:10.540331
case_824,a,2025-02-24 19:58:10.540331
case_824,b,2025-02-24 20:03:10.540331
case_824,a,2025-02-24 20:08:10.540331
case_824,a,2025-02-24 20:13:10.540331
case_824,a,2025-02-24 20:18:10.540331
case_824,a,2025-02-24 20:23:10.540331
case_824,c,2025-02-24 20:28:10.540331
case_824,c,2025-02-24 20:33:10.540331
case_824,a,2025-02-24 20:38:10.540331
case_824,b,2025-02-24 20:43:10.540331
case_824,b,2025-02-24 20:48:10.540331
case_824,c,2025-02-24 20:53:10.540331
case_824,c,2025-02-24 20:58:10.540331
case_824,b,2025-02-24 21:03:10.540331
case_825,c,2025-02-24 19:28:10.540364
case_825,a,2025-02-24 19:33:10.540364
case_825,b,2025-02-24 19:38:10.540364
case_825,b,2025-02-24 19:43:10.540364
case_825,b,2025-02-24 19:48:10.540364
case_825,a,2025-02-24 19:53:10.540364
case_825,a,2025-02-24 19:58:10.540364
case_825,a,2025-02-24 20:03:10.540364
case_825,c,2025-02-24 20:08:10.540364
case_825,a,2025-02-24 20:13:10.540364
case_825,c,2025-02-24 20:18:10.540364
case_825,a,2025-02-24 20:23:10.540364
case_825,b,2025-02-24 20:28:10.540364
case_825,b,2025-02-24 20:33:10.540364
case_825,c,2025-02-24 20:38:10.540364
case_825,b,2025-02-24 20:43:10.540364
case_825,c,2025-02-24 20:48:10.540364
case_825,b,2025-02-24 20:53:10.540364
case_825,b,2025-02-24 20:58:10.540364
case_825,a,2025-02-24 21:03:10.540364
case_826,b,2025-02-24 19:28:10.540394
case_826,c,2025-02-24 19:33:10.540394
case_826,c,2025-02-24 19:38:10.540394
case_826,c,2025-02-24 19:43:10.540394
case_826,c,2025-02-24 19:48:10.540394
case_826,a,2025-02-24 19:53:10.540394
case_826,a,2025-02-24 19:58:10.540394
case_826,c,2025-02-24 20:03:10.540394
case_826,c,2025-02-24 20:08:10.540394
case_826,b,2025-02-24 20:13:10.540394
case_826,c,2025-02-24 20:18:10.540394
case_826,a,2025-02-24 20:23:10.540394
case_826,c,2025-02-24 20:28:10.540394
case_826,b,2025-02-24 20:33:10.540394
case_826,b,2025-02-24 20:38:10.540394
case_826,a,2025-02-24 20:43:10.540394
case_826,a,2025-02-24 20:48:10.540394
case_826,a,2025-02-24 20:53:10.540394
case_826,a,2025-02-24 20:58:10.540394
case_826,b,2025-02-24 21:03:10.540394
case_827,b,2025-02-24 19:28:10.540427
case_827,c,2025-02-24 19:33:10.540427
case_827,b,2025-02-24 19:38:10.540427
case_827,c,2025-02-24 19:43:10.540427
case_827,b,2025-02-24 19:48:10.540427
case_827,a,2025-02-24 19:53:10.540427
case_827,c,2025-02-24 19:58:10.540427
case_827,b,2025-02-24 20:03:10.540427
case_827,c,2025-02-24 20:08:10.540427
case_827,b,2025-02-24 20:13:10.540427
case_827,c,2025-02-24 20:18:10.540427
case_827,a,2025-02-24 20:23:10.540427
case_827,a,2025-02-24 20:28:10.540427
case_827,c,2025-02-24 20:33:10.540427
case_827,a,2025-02-24 20:38:10.540427
case_827,c,2025-02-24 20:43:10.540427
case_827,b,2025-02-24 20:48:10.540427
case_827,b,2025-02-24 20:53:10.540427
case_827,a,2025-02-24 20:58:10.540427
case_827,a,2025-02-24 21:03:10.540427
case_828,c,2025-02-24 19:28:10.540457
case_828,b,2025-02-24 19:33:10.540457
case_828,c,2025-02-24 19:38:10.540457
case_828,b,2025-02-24 19:43:10.540457
case_828,c,2025-02-24 19:48:10.540457
case_828,b,2025-02-24 19:53:10.540457
case_828,b,2025-02-24 19:58:10.540457
case_828,b,2025-02-24 20:03:10.540457
case_828,c,2025-02-24 20:08:10.540457
case_828,a,2025-02-24 20:13:10.540457
case_828,b,2025-02-24 20:18:10.540457
case_828,b,2025-02-24 20:23:10.540457
case_828,a,2025-02-24 20:28:10.540457
case_828,c,2025-02-24 20:33:10.540457
case_828,a,2025-02-24 20:38:10.540457
case_828,a,2025-02-24 20:43:10.540457
case_828,a,2025-02-24 20:48:10.540457
case_828,a,2025-02-24 20:53:10.540457
case_828,a,2025-02-24 20:58:10.540457
case_828,a,2025-02-24 21:03:10.540457
case_829,b,2025-02-24 19:28:10.540487
case_829,b,2025-02-24 19:33:10.540487
case_829,b,2025-02-24 19:38:10.540487
case_829,a,2025-02-24 19:43:10.540487
case_829,b,2025-02-24 19:48:10.540487
case_829,b,2025-02-24 19:53:10.540487
case_829,c,2025-02-24 19:58:10.540487
case_829,b,2025-02-24 20:03:10.540487
case_829,c,2025-02-24 20:08:10.540487
case_829,c,2025-02-24 20:13:10.540487
case_829,c,2025-02-24 20:18:10.540487
case_829,b,2025-02-24 20:23:10.540487
case_829,c,2025-02-24 20:28:10.540487
case_829,c,2025-02-24 20:33:10.540487
case_829,b,2025-02-24 20:38:10.540487
case_829,a,2025-02-24 20:43:10.540487
case_829,c,2025-02-24 20:48:10.540487
case_829,c,2025-02-24 20:53:10.540487
case_829,a,2025-02-24 20:58:10.540487
case_829,a,2025-02-24 21:03:10.540487
case_830,c,2025-02-24 19:28:10.540518
case_830,a,2025-02-24 19:33:10.540518
case_830,a,2025-02-24 19:38:10.540518
case_830,c,2025-02-24 19:43:10.540518
case_830,c,2025-02-24 19:48:10.540518
case_830,a,2025-02-24 19:53:10.540518
case_830,b,2025-02-24 19:58:10.540518
case_830,a,2025-02-24 20:03:10.540518
case_830,a,2025-02-24 20:08:10.540518
case_830,a,2025-02-24 20:13:10.540518
case_830,b,2025-02-24 20:18:10.540518
case_830,c,2025-02-24 20:23:10.540518
case_830,a,2025-02-24 20:28:10.540518
case_830,b,2025-02-24 20:33:10.540518
case_830,b,2025-02-24 20:38:10.540518
case_830,c,2025-02-24 20:43:10.540518
case_830,a,2025-02-24 20:48:10.540518
case_830,b,2025-02-24 20:53:10.540518
case_830,b,2025-02-24 20:58:10.540518
case_830,b,2025-02-24 21:03:10.540518
case_831,b,2025-02-24 19:28:10.540548
case_831,c,2025-02-24 19:33:10.540548
case_831,a,2025-02-24 19:38:10.540548
case_831,c,2025-02-24 19:43:10.540548
case_831,c,2025-02-24 19:48:10.540548
case_831,b,2025-02-24 19:53:10.540548
case_831,c,2025-02-24 19:58:10.540548
case_831,a,2025-02-24 20:03:10.540548
case_831,c,2025-02-24 20:08:10.540548
case_831,a,2025-02-24 20:13:10.540548
case_831,c,2025-02-24 20:18:10.540548
case_831,c,2025-02-24 20:23:10.540548
case_831,b,2025-02-24 20:28:10.540548
case_831,c,2025-02-24 20:33:10.540548
case_831,a,2025-02-24 20:38:10.540548
case_831,c,2025-02-24 20:43:10.540548
case_831,c,2025-02-24 20:48:10.540548
case_831,a,2025-02-24 20:53:10.540548
case_831,a,2025-02-24 20:58:10.540548
case_831,c,2025-02-24 21:03:10.540548
case_832,b,2025-02-24 19:28:10.540584
case_832,a,2025-02-24 19:33:10.540584
case_832,c,2025-02-24 19:38:10.540584
case_832,b,2025-02-24 19:43:10.540584
case_832,b,2025-02-24 19:48:10.540584
case_832,c,2025-02-24 19:53:10.540584
case_832,a,2025-02-24 19:58:10.540584
case_832,c,2025-02-24 20:03:10.540584
case_832,b,2025-02-24 20:08:10.540584
case_832,c,2025-02-24 20:13:10.540584
case_832,b,2025-02-24 20:18:10.540584
case_832,b,2025-02-24 20:23:10.540584
case_832,a,2025-02-24 20:28:10.540584
case_832,c,2025-02-24 20:33:10.540584
case_832,b,2025-02-24 20:38:10.540584
case_832,a,2025-02-24 20:43:10.540584
case_832,c,2025-02-24 20:48:10.540584
case_832,c,2025-02-24 20:53:10.540584
case_832,a,2025-02-24 20:58:10.540584
case_832,a,2025-02-24 21:03:10.540584
case_833,c,2025-02-24 19:28:10.540614
case_833,b,2025-02-24 19:33:10.540614
case_833,b,2025-02-24 19:38:10.540614
case_833,c,2025-02-24 19:43:10.540614
case_833,b,2025-02-24 19:48:10.540614
case_833,a,2025-02-24 19:53:10.540614
case_833,a,2025-02-24 19:58:10.540614
case_833,b,2025-02-24 20:03:10.540614
case_833,c,2025-02-24 20:08:10.540614
case_833,a,2025-02-24 20:13:10.540614
case_833,a,2025-02-24 20:18:10.540614
case_833,b,2025-02-24 20:23:10.540614
case_833,c,2025-02-24 20:28:10.540614
case_833,c,2025-02-24 20:33:10.540614
case_833,c,2025-02-24 20:38:10.540614
case_833,c,2025-02-24 20:43:10.540614
case_833,c,2025-02-24 20:48:10.540614
case_833,c,2025-02-24 20:53:10.540614
case_833,a,2025-02-24 20:58:10.540614
case_833,a,2025-02-24 21:03:10.540614
case_834,b,2025-02-24 19:28:10.540644
case_834,a,2025-02-24 19:33:10.540644
case_834,c,2025-02-24 19:38:10.540644
case_834,a,2025-02-24 19:43:10.540644
case_834,a,2025-02-24 19:48:10.540644
case_834,c,2025-02-24 19:53:10.540644
case_834,a,2025-02-24 19:58:10.540644
case_834,b,2025-02-24 20:03:10.540644
case_834,a,2025-02-24 20:08:10.540644
case_834,b,2025-02-24 20:13:10.540644
case_834,a,2025-02-24 20:18:10.540644
case_834,b,2025-02-24 20:23:10.540644
case_834,a,2025-02-24 20:28:10.540644
case_834,a,2025-02-24 20:33:10.540644
case_834,c,2025-02-24 20:38:10.540644
case_834,b,2025-02-24 20:43:10.540644
case_834,c,2025-02-24 20:48:10.540644
case_834,a,2025-02-24 20:53:10.540644
case_834,c,2025-02-24 20:58:10.540644
case_834,c,2025-02-24 21:03:10.540644
case_835,c,2025-02-24 19:28:10.540677
case_835,c,2025-02-24 19:33:10.540677
case_835,a,2025-02-24 19:38:10.540677
case_835,b,2025-02-24 19:43:10.540677
case_835,c,2025-02-24 19:48:10.540677
case_835,b,2025-02-24 19:53:10.540677
case_835,a,2025-02-24 19:58:10.540677
case_835,c,2025-02-24 20:03:10.540677
case_835,c,2025-02-24 20:08:10.540677
case_835,b,2025-02-24 20:13:10.540677
case_835,b,2025-02-24 20:18:10.540677
case_835,a,2025-02-24 20:23:10.540677
case_835,b,2025-02-24 20:28:10.540677
case_835,c,2025-02-24 20:33:10.540677
case_835,b,2025-02-24 20:38:10.540677
case_835,b,2025-02-24 20:43:10.540677
case_835,a,2025-02-24 20:48:10.540677
case_835,c,2025-02-24 20:53:10.540677
case_835,a,2025-02-24 20:58:10.540677
case_835,a,2025-02-24 21:03:10.540677
case_836,c,2025-02-24 19:28:10.540707
case_836,b,2025-02-24 19:33:10.540707
case_836,b,2025-02-24 19:38:10.540707
case_836,b,2025-02-24 19:43:10.540707
case_836,a,2025-02-24 19:48:10.540707
case_836,b,2025-02-24 19:53:10.540707
case_836,c,2025-02-24 19:58:10.540707
case_836,a,2025-02-24 20:03:10.540707
case_836,b,2025-02-24 20:08:10.540707
case_836,a,2025-02-24 20:13:10.540707
case_836,a,2025-02-24 20:18:10.540707
case_836,a,2025-02-24 20:23:10.540707
case_836,b,2025-02-24 20:28:10.540707
case_836,a,2025-02-24 20:33:10.540707
case_836,b,2025-02-24 20:38:10.540707
case_836,b,2025-02-24 20:43:10.540707
case_836,a,2025-02-24 20:48:10.540707
case_836,a,2025-02-24 20:53:10.540707
case_836,b,2025-02-24 20:58:10.540707
case_836,b,2025-02-24 21:03:10.540707
case_837,c,2025-02-24 19:28:10.540737
case_837,b,2025-02-24 19:33:10.540737
case_837,b,2025-02-24 19:38:10.540737
case_837,c,2025-02-24 19:43:10.540737
case_837,b,2025-02-24 19:48:10.540737
case_837,b,2025-02-24 19:53:10.540737
case_837,a,2025-02-24 19:58:10.540737
case_837,a,2025-02-24 20:03:10.540737
case_837,a,2025-02-24 20:08:10.540737
case_837,a,2025-02-24 20:13:10.540737
case_837,a,2025-02-24 20:18:10.540737
case_837,a,2025-02-24 20:23:10.540737
case_837,c,2025-02-24 20:28:10.540737
case_837,c,2025-02-24 20:33:10.540737
case_837,b,2025-02-24 20:38:10.540737
case_837,a,2025-02-24 20:43:10.540737
case_837,c,2025-02-24 20:48:10.540737
case_837,b,2025-02-24 20:53:10.540737
case_837,a,2025-02-24 20:58:10.540737
case_837,c,2025-02-24 21:03:10.540737
case_838,c,2025-02-24 19:28:10.540769
case_838,a,2025-02-24 19:33:10.540769
case_838,a,2025-02-24 19:38:10.540769
case_838,a,2025-02-24 19:43:10.540769
case_838,b,2025-02-24 19:48:10.540769
case_838,a,2025-02-24 19:53:10.540769
case_838,b,2025-02-24 19:58:10.540769
case_838,a,2025-02-24 20:03:10.540769
case_838,a,2025-02-24 20:08:10.540769
case_838,b,2025-02-24 20:13:10.540769
case_838,c,2025-02-24 20:18:10.540769
case_838,c,2025-02-24 20:23:10.540769
case_838,c,2025-02-24 20:28:10.540769
case_838,a,2025-02-24 20:33:10.540769
case_838,b,2025-02-24 20:38:10.540769
case_838,c,2025-02-24 20:43:10.540769
case_838,c,2025-02-24 20:48:10.540769
case_838,b,2025-02-24 20:53:10.540769
case_838,c,2025-02-24 20:58:10.540769
case_838,c,2025-02-24 21:03:10.540769
case_839,b,2025-02-24 19:28:10.540799
case_839,b,2025-02-24 19:33:10.540799
case_839,b,2025-02-24 19:38:10.540799
case_839,a,2025-02-24 19:43:10.540799
case_839,a,2025-02-24 19:48:10.540799
case_839,a,2025-02-24 19:53:10.540799
case_839,b,2025-02-24 19:58:10.540799
case_839,a,2025-02-24 20:03:10.540799
case_839,a,2025-02-24 20:08:10.540799
case_839,b,2025-02-24 20:13:10.540799
case_839,a,2025-02-24 20:18:10.540799
case_839,a,2025-02-24 20:23:10.540799
case_839,b,2025-02-24 20:28:10.540799
case_839,a,2025-02-24 20:33:10.540799
case_839,b,2025-02-24 20:38:10.540799
case_839,a,2025-02-24 20:43:10.540799
case_839,a,2025-02-24 20:48:10.540799
case_839,a,2025-02-24 20:53:10.540799
case_839,b,2025-02-24 20:58:10.540799
case_839,a,2025-02-24 21:03:10.540799
case_840,c,2025-02-24 19:28:10.540831
case_840,c,2025-02-24 19:33:10.540831
case_840,a,2025-02-24 19:38:10.540831
case_840,a,2025-02-24 19:43:10.540831
case_840,a,2025-02-24 19:48:10.540831
case_840,a,2025-02-24 19:53:10.540831
case_840,b,2025-02-24 19:58:10.540831
case_840,a,2025-02-24 20:03:10.540831
case_840,b,2025-02-24 20:08:10.540831
case_840,b,2025-02-24 20:13:10.540831
case_840,b,2025-02-24 20:18:10.540831
case_840,a,2025-02-24 20:23:10.540831
case_840,c,2025-02-24 20:28:10.540831
case_840,a,2025-02-24 20:33:10.540831
case_840,c,2025-02-24 20:38:10.540831
case_840,a,2025-02-24 20:43:10.540831
case_840,b,2025-02-24 20:48:10.540831
case_840,a,2025-02-24 20:53:10.540831
case_840,a,2025-02-24 20:58:10.540831
case_840,a,2025-02-24 21:03:10.540831
case_841,b,2025-02-24 19:28:10.540861
case_841,a,2025-02-24 19:33:10.540861
case_841,b,2025-02-24 19:38:10.540861
case_841,c,2025-02-24 19:43:10.540861
case_841,b,2025-02-24 19:48:10.540861
case_841,b,2025-02-24 19:53:10.540861
case_841,b,2025-02-24 19:58:10.540861
case_841,a,2025-02-24 20:03:10.540861
case_841,c,2025-02-24 20:08:10.540861
case_841,b,2025-02-24 20:13:10.540861
case_841,c,2025-02-24 20:18:10.540861
case_841,a,2025-02-24 20:23:10.540861
case_841,c,2025-02-24 20:28:10.540861
case_841,a,2025-02-24 20:33:10.540861
case_841,a,2025-02-24 20:38:10.540861
case_841,b,2025-02-24 20:43:10.540861
case_841,b,2025-02-24 20:48:10.540861
case_841,c,2025-02-24 20:53:10.540861
case_841,a,2025-02-24 20:58:10.540861
case_841,c,2025-02-24 21:03:10.540861
case_842,c,2025-02-24 19:28:10.540891
case_842,a,2025-02-24 19:33:10.540891
case_842,b,2025-02-24 19:38:10.540891
case_842,c,2025-02-24 19:43:10.540891
case_842,c,2025-02-24 19:48:10.540891
case_842,b,2025-02-24 19:53:10.540891
case_842,c,2025-02-24 19:58:10.540891
case_842,c,2025-02-24 20:03:10.540891
case_842,c,2025-02-24 20:08:10.540891
case_842,a,2025-02-24 20:13:10.540891
case_842,b,2025-02-24 20:18:10.540891
case_842,a,2025-02-24 20:23:10.540891
case_842,c,2025-02-24 20:28:10.540891
case_842,c,2025-02-24 20:33:10.540891
case_842,c,2025-02-24 20:38:10.540891
case_842,a,2025-02-24 20:43:10.540891
case_842,b,2025-02-24 20:48:10.540891
case_842,a,2025-02-24 20:53:10.540891
case_842,a,2025-02-24 20:58:10.540891
case_842,b,2025-02-24 21:03:10.540891
case_843,b,2025-02-24 19:28:10.540921
case_843,b,2025-02-24 19:33:10.540921
case_843,a,2025-02-24 19:38:10.540921
case_843,a,2025-02-24 19:43:10.540921
case_843,a,2025-02-24 19:48:10.540921
case_843,b,2025-02-24 19:53:10.540921
case_843,c,2025-02-24 19:58:10.540921
case_843,b,2025-02-24 20:03:10.540921
case_843,a,2025-02-24 20:08:10.540921
case_843,c,2025-02-24 20:13:10.540921
case_843,c,2025-02-24 20:18:10.540921
case_843,a,2025-02-24 20:23:10.540921
case_843,a,2025-02-24 20:28:10.540921
case_843,c,2025-02-24 20:33:10.540921
case_843,c,2025-02-24 20:38:10.540921
case_843,c,2025-02-24 20:43:10.540921
case_843,a,2025-02-24 20:48:10.540921
case_843,a,2025-02-24 20:53:10.540921
case_843,c,2025-02-24 20:58:10.540921
case_843,a,2025-02-24 21:03:10.540921
case_844,b,2025-02-24 19:28:10.540951
case_844,a,2025-02-24 19:33:10.540951
case_844,b,2025-02-24 19:38:10.540951
case_844,a,2025-02-24 19:43:10.540951
case_844,b,2025-02-24 19:48:10.540951
case_844,a,2025-02-24 19:53:10.540951
case_844,b,2025-02-24 19:58:10.540951
case_844,c,2025-02-24 20:03:10.540951
case_844,c,2025-02-24 20:08:10.540951
case_844,b,2025-02-24 20:13:10.540951
case_844,b,2025-02-24 20:18:10.540951
case_844,b,2025-02-24 20:23:10.540951
case_844,c,2025-02-24 20:28:10.540951
case_844,b,2025-02-24 20:33:10.540951
case_844,b,2025-02-24 20:38:10.540951
case_844,c,2025-02-24 20:43:10.540951
case_844,a,2025-02-24 20:48:10.540951
case_844,a,2025-02-24 20:53:10.540951
case_844,b,2025-02-24 20:58:10.540951
case_844,c,2025-02-24 21:03:10.540951
case_845,c,2025-02-24 19:28:10.540982
case_845,a,2025-02-24 19:33:10.540982
case_845,c,2025-02-24 19:38:10.540982
case_845,a,2025-02-24 19:43:10.540982
case_845,c,2025-02-24 19:48:10.540982
case_845,c,2025-02-24 19:53:10.540982
case_845,c,2025-02-24 19:58:10.540982
case_845,c,2025-02-24 20:03:10.540982
case_845,b,2025-02-24 20:08:10.540982
case_845,a,2025-02-24 20:13:10.540982
case_845,a,2025-02-24 20:18:10.540982
case_845,c,2025-02-24 20:23:10.540982
case_845,b,2025-02-24 20:28:10.540982
case_845,c,2025-02-24 20:33:10.540982
case_845,b,2025-02-24 20:38:10.540982
case_845,b,2025-02-24 20:43:10.540982
case_845,a,2025-02-24 20:48:10.540982
case_845,a,2025-02-24 20:53:10.540982
case_845,c,2025-02-24 20:58:10.540982
case_845,a,2025-02-24 21:03:10.540982
case_846,b,2025-02-24 19:28:10.541012
case_846,c,2025-02-24 19:33:10.541012
case_846,c,2025-02-24 19:38:10.541012
case_846,b,2025-02-24 19:43:10.541012
case_846,b,2025-02-24 19:48:10.541012
case_846,a,2025-02-24 19:53:10.541012
case_846,c,2025-02-24 19:58:10.541012
case_846,c,2025-02-24 20:03:10.541012
case_846,a,2025-02-24 20:08:10.541012
case_846,b,2025-02-24 20:13:10.541012
case_846,b,2025-02-24 20:18:10.541012
case_846,b,2025-02-24 20:23:10.541012
case_846,a,2025-02-24 20:28:10.541012
case_846,b,2025-02-24 20:33:10.541012
case_846,b,2025-02-24 20:38:10.541012
case_846,c,2025-02-24 20:43:10.541012
case_846,b,2025-02-24 20:48:10.541012
case_846,c,2025-02-24 20:53:10.541012
case_846,a,2025-02-24 20:58:10.541012
case_846,a,2025-02-24 21:03:10.541012
case_847,c,2025-02-24 19:28:10.541042
case_847,a,2025-02-24 19:33:10.541042
case_847,c,2025-02-24 19:38:10.541042
case_847,c,2025-02-24 19:43:10.541042
case_847,b,2025-02-24 19:48:10.541042
case_847,c,2025-02-24 19:53:10.541042
case_847,b,2025-02-24 19:58:10.541042
case_847,c,2025-02-24 20:03:10.541042
case_847,c,2025-02-24 20:08:10.541042
case_847,b,2025-02-24 20:13:10.541042
case_847,b,2025-02-24 20:18:10.541042
case_847,c,2025-02-24 20:23:10.541042
case_847,b,2025-02-24 20:28:10.541042
case_847,b,2025-02-24 20:33:10.541042
case_847,c,2025-02-24 20:38:10.541042
case_847,a,2025-02-24 20:43:10.541042
case_847,c,2025-02-24 20:48:10.541042
case_847,c,2025-02-24 20:53:10.541042
case_847,a,2025-02-24 20:58:10.541042
case_847,a,2025-02-24 21:03:10.541042
case_848,b,2025-02-24 19:28:10.541074
case_848,a,2025-02-24 19:33:10.541074
case_848,c,2025-02-24 19:38:10.541074
case_848,b,2025-02-24 19:43:10.541074
case_848,a,2025-02-24 19:48:10.541074
case_848,a,2025-02-24 19:53:10.541074
case_848,b,2025-02-24 19:58:10.541074
case_848,a,2025-02-24 20:03:10.541074
case_848,a,2025-02-24 20:08:10.541074
case_848,c,2025-02-24 20:13:10.541074
case_848,a,2025-02-24 20:18:10.541074
case_848,c,2025-02-24 20:23:10.541074
case_848,c,2025-02-24 20:28:10.541074
case_848,c,2025-02-24 20:33:10.541074
case_848,a,2025-02-24 20:38:10.541074
case_848,a,2025-02-24 20:43:10.541074
case_848,b,2025-02-24 20:48:10.541074
case_848,b,2025-02-24 20:53:10.541074
case_848,c,2025-02-24 20:58:10.541074
case_848,c,2025-02-24 21:03:10.541074
case_849,b,2025-02-24 19:28:10.541104
case_849,a,2025-02-24 19:33:10.541104
case_849,b,2025-02-24 19:38:10.541104
case_849,a,2025-02-24 19:43:10.541104
case_849,a,2025-02-24 19:48:10.541104
case_849,c,2025-02-24 19:53:10.541104
case_849,a,2025-02-24 19:58:10.541104
case_849,a,2025-02-24 20:03:10.541104
case_849,b,2025-02-24 20:08:10.541104
case_849,b,2025-02-24 20:13:10.541104
case_849,b,2025-02-24 20:18:10.541104
case_849,b,2025-02-24 20:23:10.541104
case_849,b,2025-02-24 20:28:10.541104
case_849,a,2025-02-24 20:33:10.541104
case_849,c,2025-02-24 20:38:10.541104
case_849,b,2025-02-24 20:43:10.541104
case_849,b,2025-02-24 20:48:10.541104
case_849,b,2025-02-24 20:53:10.541104
case_849,a,2025-02-24 20:58:10.541104
case_849,a,2025-02-24 21:03:10.541104
case_850,b,2025-02-24 19:28:10.541135
case_850,a,2025-02-24 19:33:10.541135
case_850,b,2025-02-24 19:38:10.541135
case_850,b,2025-02-24 19:43:10.541135
case_850,a,2025-02-24 19:48:10.541135
case_850,a,2025-02-24 19:53:10.541135
case_850,c,2025-02-24 19:58:10.541135
case_850,b,2025-02-24 20:03:10.541135
case_850,a,2025-02-24 20:08:10.541135
case_850,b,2025-02-24 20:13:10.541135
case_850,b,2025-02-24 20:18:10.541135
case_850,c,2025-02-24 20:23:10.541135
case_850,c,2025-02-24 20:28:10.541135
case_850,c,2025-02-24 20:33:10.541135
case_850,b,2025-02-24 20:38:10.541135
case_850,a,2025-02-24 20:43:10.541135
case_850,a,2025-02-24 20:48:10.541135
case_850,b,2025-02-24 20:53:10.541135
case_850,c,2025-02-24 20:58:10.541135
case_850,a,2025-02-24 21:03:10.541135
case_851,b,2025-02-24 19:28:10.541164
case_851,c,2025-02-24 19:33:10.541164
case_851,c,2025-02-24 19:38:10.541164
case_851,b,2025-02-24 19:43:10.541164
case_851,a,2025-02-24 19:48:10.541164
case_851,a,2025-02-24 19:53:10.541164
case_851,c,2025-02-24 19:58:10.541164
case_851,b,2025-02-24 20:03:10.541164
case_851,a,2025-02-24 20:08:10.541164
case_851,a,2025-02-24 20:13:10.541164
case_851,b,2025-02-24 20:18:10.541164
case_851,b,2025-02-24 20:23:10.541164
case_851,a,2025-02-24 20:28:10.541164
case_851,c,2025-02-24 20:33:10.541164
case_851,a,2025-02-24 20:38:10.541164
case_851,c,2025-02-24 20:43:10.541164
case_851,c,2025-02-24 20:48:10.541164
case_851,c,2025-02-24 20:53:10.541164
case_851,b,2025-02-24 20:58:10.541164
case_851,b,2025-02-24 21:03:10.541164
case_852,c,2025-02-24 19:28:10.541194
case_852,a,2025-02-24 19:33:10.541194
case_852,b,2025-02-24 19:38:10.541194
case_852,a,2025-02-24 19:43:10.541194
case_852,a,2025-02-24 19:48:10.541194
case_852,b,2025-02-24 19:53:10.541194
case_852,c,2025-02-24 19:58:10.541194
case_852,c,2025-02-24 20:03:10.541194
case_852,a,2025-02-24 20:08:10.541194
case_852,a,2025-02-24 20:13:10.541194
case_852,a,2025-02-24 20:18:10.541194
case_852,b,2025-02-24 20:23:10.541194
case_852,b,2025-02-24 20:28:10.541194
case_852,a,2025-02-24 20:33:10.541194
case_852,b,2025-02-24 20:38:10.541194
case_852,c,2025-02-24 20:43:10.541194
case_852,a,2025-02-24 20:48:10.541194
case_852,b,2025-02-24 20:53:10.541194
case_852,a,2025-02-24 20:58:10.541194
case_852,c,2025-02-24 21:03:10.541194
case_853,b,2025-02-24 19:28:10.541224
case_853,c,2025-02-24 19:33:10.541224
case_853,c,2025-02-24 19:38:10.541224
case_853,c,2025-02-24 19:43:10.541224
case_853,c,2025-02-24 19:48:10.541224
case_853,a,2025-02-24 19:53:10.541224
case_853,b,2025-02-24 19:58:10.541224
case_853,b,2025-02-24 20:03:10.541224
case_853,c,2025-02-24 20:08:10.541224
case_853,c,2025-02-24 20:13:10.541224
case_853,b,2025-02-24 20:18:10.541224
case_853,a,2025-02-24 20:23:10.541224
case_853,c,2025-02-24 20:28:10.541224
case_853,c,2025-02-24 20:33:10.541224
case_853,a,2025-02-24 20:38:10.541224
case_853,a,2025-02-24 20:43:10.541224
case_853,c,2025-02-24 20:48:10.541224
case_853,b,2025-02-24 20:53:10.541224
case_853,a,2025-02-24 20:58:10.541224
case_853,c,2025-02-24 21:03:10.541224
case_854,c,2025-02-24 19:28:10.541261
case_854,a,2025-02-24 19:33:10.541261
case_854,b,2025-02-24 19:38:10.541261
case_854,a,2025-02-24 19:43:10.541261
case_854,b,2025-02-24 19:48:10.541261
case_854,a,2025-02-24 19:53:10.541261
case_854,b,2025-02-24 19:58:10.541261
case_854,a,2025-02-24 20:03:10.541261
case_854,c,2025-02-24 20:08:10.541261
case_854,a,2025-02-24 20:13:10.541261
case_854,c,2025-02-24 20:18:10.541261
case_854,a,2025-02-24 20:23:10.541261
case_854,b,2025-02-24 20:28:10.541261
case_854,a,2025-02-24 20:33:10.541261
case_854,c,2025-02-24 20:38:10.541261
case_854,a,2025-02-24 20:43:10.541261
case_854,c,2025-02-24 20:48:10.541261
case_854,c,2025-02-24 20:53:10.541261
case_854,a,2025-02-24 20:58:10.541261
case_854,a,2025-02-24 21:03:10.541261
case_855,c,2025-02-24 19:28:10.541292
case_855,b,2025-02-24 19:33:10.541292
case_855,c,2025-02-24 19:38:10.541292
case_855,c,2025-02-24 19:43:10.541292
case_855,b,2025-02-24 19:48:10.541292
case_855,a,2025-02-24 19:53:10.541292
case_855,c,2025-02-24 19:58:10.541292
case_855,c,2025-02-24 20:03:10.541292
case_855,b,2025-02-24 20:08:10.541292
case_855,b,2025-02-24 20:13:10.541292
case_855,a,2025-02-24 20:18:10.541292
case_855,c,2025-02-24 20:23:10.541292
case_855,a,2025-02-24 20:28:10.541292
case_855,b,2025-02-24 20:33:10.541292
case_855,a,2025-02-24 20:38:10.541292
case_855,b,2025-02-24 20:43:10.541292
case_855,a,2025-02-24 20:48:10.541292
case_855,a,2025-02-24 20:53:10.541292
case_855,b,2025-02-24 20:58:10.541292
case_855,c,2025-02-24 21:03:10.541292
case_856,c,2025-02-24 19:28:10.541324
case_856,b,2025-02-24 19:33:10.541324
case_856,a,2025-02-24 19:38:10.541324
case_856,c,2025-02-24 19:43:10.541324
case_856,a,2025-02-24 19:48:10.541324
case_856,a,2025-02-24 19:53:10.541324
case_856,c,2025-02-24 19:58:10.541324
case_856,a,2025-02-24 20:03:10.541324
case_856,b,2025-02-24 20:08:10.541324
case_856,a,2025-02-24 20:13:10.541324
case_856,a,2025-02-24 20:18:10.541324
case_856,b,2025-02-24 20:23:10.541324
case_856,c,2025-02-24 20:28:10.541324
case_856,c,2025-02-24 20:33:10.541324
case_856,a,2025-02-24 20:38:10.541324
case_856,b,2025-02-24 20:43:10.541324
case_856,a,2025-02-24 20:48:10.541324
case_856,c,2025-02-24 20:53:10.541324
case_856,a,2025-02-24 20:58:10.541324
case_856,c,2025-02-24 21:03:10.541324
case_857,c,2025-02-24 19:28:10.541354
case_857,a,2025-02-24 19:33:10.541354
case_857,b,2025-02-24 19:38:10.541354
case_857,b,2025-02-24 19:43:10.541354
case_857,b,2025-02-24 19:48:10.541354
case_857,c,2025-02-24 19:53:10.541354
case_857,a,2025-02-24 19:58:10.541354
case_857,a,2025-02-24 20:03:10.541354
case_857,c,2025-02-24 20:08:10.541354
case_857,c,2025-02-24 20:13:10.541354
case_857,a,2025-02-24 20:18:10.541354
case_857,b,2025-02-24 20:23:10.541354
case_857,b,2025-02-24 20:28:10.541354
case_857,a,2025-02-24 20:33:10.541354
case_857,b,2025-02-24 20:38:10.541354
case_857,c,2025-02-24 20:43:10.541354
case_857,a,2025-02-24 20:48:10.541354
case_857,b,2025-02-24 20:53:10.541354
case_857,b,2025-02-24 20:58:10.541354
case_857,a,2025-02-24 21:03:10.541354
case_858,c,2025-02-24 19:28:10.541385
case_858,b,2025-02-24 19:33:10.541385
case_858,c,2025-02-24 19:38:10.541385
case_858,c,2025-02-24 19:43:10.541385
case_858,b,2025-02-24 19:48:10.541385
case_858,b,2025-02-24 19:53:10.541385
case_858,a,2025-02-24 19:58:10.541385
case_858,a,2025-02-24 20:03:10.541385
case_858,a,2025-02-24 20:08:10.541385
case_858,b,2025-02-24 20:13:10.541385
case_858,b,2025-02-24 20:18:10.541385
case_858,a,2025-02-24 20:23:10.541385
case_858,a,2025-02-24 20:28:10.541385
case_858,c,2025-02-24 20:33:10.541385
case_858,c,2025-02-24 20:38:10.541385
case_858,a,2025-02-24 20:43:10.541385
case_858,a,2025-02-24 20:48:10.541385
case_858,c,2025-02-24 20:53:10.541385
case_858,b,2025-02-24 20:58:10.541385
case_858,a,2025-02-24 21:03:10.541385
case_859,b,2025-02-24 19:28:10.541417
case_859,a,2025-02-24 19:33:10.541417
case_859,a,2025-02-24 19:38:10.541417
case_859,b,2025-02-24 19:43:10.541417
case_859,c,2025-02-24 19:48:10.541417
case_859,c,2025-02-24 19:53:10.541417
case_859,a,2025-02-24 19:58:10.541417
case_859,a,2025-02-24 20:03:10.541417
case_859,c,2025-02-24 20:08:10.541417
case_859,c,2025-02-24 20:13:10.541417
case_859,b,2025-02-24 20:18:10.541417
case_859,c,2025-02-24 20:23:10.541417
case_859,a,2025-02-24 20:28:10.541417
case_859,b,2025-02-24 20:33:10.541417
case_859,a,2025-02-24 20:38:10.541417
case_859,c,2025-02-24 20:43:10.541417
case_859,a,2025-02-24 20:48:10.541417
case_859,c,2025-02-24 20:53:10.541417
case_859,c,2025-02-24 20:58:10.541417
case_859,a,2025-02-24 21:03:10.541417
case_860,b,2025-02-24 19:28:10.541447
case_860,c,2025-02-24 19:33:10.541447
case_860,b,2025-02-24 19:38:10.541447
case_860,a,2025-02-24 19:43:10.541447
case_860,a,2025-02-24 19:48:10.541447
case_860,a,2025-02-24 19:53:10.541447
case_860,c,2025-02-24 19:58:10.541447
case_860,b,2025-02-24 20:03:10.541447
case_860,c,2025-02-24 20:08:10.541447
case_860,a,2025-02-24 20:13:10.541447
case_860,c,2025-02-24 20:18:10.541447
case_860,a,2025-02-24 20:23:10.541447
case_860,a,2025-02-24 20:28:10.541447
case_860,b,2025-02-24 20:33:10.541447
case_860,c,2025-02-24 20:38:10.541447
case_860,a,2025-02-24 20:43:10.541447
case_860,b,2025-02-24 20:48:10.541447
case_860,c,2025-02-24 20:53:10.541447
case_860,b,2025-02-24 20:58:10.541447
case_860,a,2025-02-24 21:03:10.541447
case_861,b,2025-02-24 19:28:10.541478
case_861,c,2025-02-24 19:33:10.541478
case_861,a,2025-02-24 19:38:10.541478
case_861,c,2025-02-24 19:43:10.541478
case_861,a,2025-02-24 19:48:10.541478
case_861,b,2025-02-24 19:53:10.541478
case_861,c,2025-02-24 19:58:10.541478
case_861,c,2025-02-24 20:03:10.541478
case_861,b,2025-02-24 20:08:10.541478
case_861,a,2025-02-24 20:13:10.541478
case_861,b,2025-02-24 20:18:10.541478
case_861,c,2025-02-24 20:23:10.541478
case_861,c,2025-02-24 20:28:10.541478
case_861,c,2025-02-24 20:33:10.541478
case_861,b,2025-02-24 20:38:10.541478
case_861,a,2025-02-24 20:43:10.541478
case_861,b,2025-02-24 20:48:10.541478
case_861,b,2025-02-24 20:53:10.541478
case_861,a,2025-02-24 20:58:10.541478
case_861,a,2025-02-24 21:03:10.541478
case_862,c,2025-02-24 19:28:10.541508
case_862,a,2025-02-24 19:33:10.541508
case_862,b,2025-02-24 19:38:10.541508
case_862,c,2025-02-24 19:43:10.541508
case_862,b,2025-02-24 19:48:10.541508
case_862,c,2025-02-24 19:53:10.541508
case_862,c,2025-02-24 19:58:10.541508
case_862,c,2025-02-24 20:03:10.541508
case_862,b,2025-02-24 20:08:10.541508
case_862,a,2025-02-24 20:13:10.541508
case_862,c,2025-02-24 20:18:10.541508
case_862,b,2025-02-24 20:23:10.541508
case_862,a,2025-02-24 20:28:10.541508
case_862,a,2025-02-24 20:33:10.541508
case_862,a,2025-02-24 20:38:10.541508
case_862,a,2025-02-24 20:43:10.541508
case_862,b,2025-02-24 20:48:10.541508
case_862,a,2025-02-24 20:53:10.541508
case_862,c,2025-02-24 20:58:10.541508
case_862,b,2025-02-24 21:03:10.541508
case_863,b,2025-02-24 19:28:10.541538
case_863,a,2025-02-24 19:33:10.541538
case_863,a,2025-02-24 19:38:10.541538
case_863,b,2025-02-24 19:43:10.541538
case_863,a,2025-02-24 19:48:10.541538
case_863,a,2025-02-24 19:53:10.541538
case_863,b,2025-02-24 19:58:10.541538
case_863,c,2025-02-24 20:03:10.541538
case_863,c,2025-02-24 20:08:10.541538
case_863,c,2025-02-24 20:13:10.541538
case_863,b,2025-02-24 20:18:10.541538
case_863,b,2025-02-24 20:23:10.541538
case_863,a,2025-02-24 20:28:10.541538
case_863,c,2025-02-24 20:33:10.541538
case_863,a,2025-02-24 20:38:10.541538
case_863,c,2025-02-24 20:43:10.541538
case_863,a,2025-02-24 20:48:10.541538
case_863,a,2025-02-24 20:53:10.541538
case_863,b,2025-02-24 20:58:10.541538
case_863,c,2025-02-24 21:03:10.541538
case_864,b,2025-02-24 19:28:10.541568
case_864,b,2025-02-24 19:33:10.541568
case_864,a,2025-02-24 19:38:10.541568
case_864,a,2025-02-24 19:43:10.541568
case_864,b,2025-02-24 19:48:10.541568
case_864,a,2025-02-24 19:53:10.541568
case_864,c,2025-02-24 19:58:10.541568
case_864,a,2025-02-24 20:03:10.541568
case_864,b,2025-02-24 20:08:10.541568
case_864,c,2025-02-24 20:13:10.541568
case_864,a,2025-02-24 20:18:10.541568
case_864,b,2025-02-24 20:23:10.541568
case_864,b,2025-02-24 20:28:10.541568
case_864,b,2025-02-24 20:33:10.541568
case_864,b,2025-02-24 20:38:10.541568
case_864,a,2025-02-24 20:43:10.541568
case_864,c,2025-02-24 20:48:10.541568
case_864,c,2025-02-24 20:53:10.541568
case_864,c,2025-02-24 20:58:10.541568
case_864,c,2025-02-24 21:03:10.541568
case_865,b,2025-02-24 19:28:10.541598
case_865,c,2025-02-24 19:33:10.541598
case_865,c,2025-02-24 19:38:10.541598
case_865,a,2025-02-24 19:43:10.541598
case_865,a,2025-02-24 19:48:10.541598
case_865,a,2025-02-24 19:53:10.541598
case_865,b,2025-02-24 19:58:10.541598
case_865,b,2025-02-24 20:03:10.541598
case_865,c,2025-02-24 20:08:10.541598
case_865,c,2025-02-24 20:13:10.541598
case_865,c,2025-02-24 20:18:10.541598
case_865,a,2025-02-24 20:23:10.541598
case_865,b,2025-02-24 20:28:10.541598
case_865,a,2025-02-24 20:33:10.541598
case_865,c,2025-02-24 20:38:10.541598
case_865,c,2025-02-24 20:43:10.541598
case_865,a,2025-02-24 20:48:10.541598
case_865,a,2025-02-24 20:53:10.541598
case_865,c,2025-02-24 20:58:10.541598
case_865,b,2025-02-24 21:03:10.541598
case_866,b,2025-02-24 19:28:10.541629
case_866,c,2025-02-24 19:33:10.541629
case_866,c,2025-02-24 19:38:10.541629
case_866,a,2025-02-24 19:43:10.541629
case_866,c,2025-02-24 19:48:10.541629
case_866,b,2025-02-24 19:53:10.541629
case_866,a,2025-02-24 19:58:10.541629
case_866,c,2025-02-24 20:03:10.541629
case_866,b,2025-02-24 20:08:10.541629
case_866,a,2025-02-24 20:13:10.541629
case_866,b,2025-02-24 20:18:10.541629
case_866,b,2025-02-24 20:23:10.541629
case_866,c,2025-02-24 20:28:10.541629
case_866,b,2025-02-24 20:33:10.541629
case_866,c,2025-02-24 20:38:10.541629
case_866,a,2025-02-24 20:43:10.541629
case_866,c,2025-02-24 20:48:10.541629
case_866,c,2025-02-24 20:53:10.541629
case_866,a,2025-02-24 20:58:10.541629
case_866,a,2025-02-24 21:03:10.541629
case_867,b,2025-02-24 19:28:10.541659
case_867,c,2025-02-24 19:33:10.541659
case_867,c,2025-02-24 19:38:10.541659
case_867,b,2025-02-24 19:43:10.541659
case_867,a,2025-02-24 19:48:10.541659
case_867,a,2025-02-24 19:53:10.541659
case_867,b,2025-02-24 19:58:10.541659
case_867,a,2025-02-24 20:03:10.541659
case_867,c,2025-02-24 20:08:10.541659
case_867,b,2025-02-24 20:13:10.541659
case_867,b,2025-02-24 20:18:10.541659
case_867,b,2025-02-24 20:23:10.541659
case_867,a,2025-02-24 20:28:10.541659
case_867,c,2025-02-24 20:33:10.541659
case_867,b,2025-02-24 20:38:10.541659
case_867,a,2025-02-24 20:43:10.541659
case_867,b,2025-02-24 20:48:10.541659
case_867,b,2025-02-24 20:53:10.541659
case_867,c,2025-02-24 20:58:10.541659
case_867,a,2025-02-24 21:03:10.541659
case_868,b,2025-02-24 19:28:10.541689
case_868,c,2025-02-24 19:33:10.541689
case_868,a,2025-02-24 19:38:10.541689
case_868,c,2025-02-24 19:43:10.541689
case_868,a,2025-02-24 19:48:10.541689
case_868,a,2025-02-24 19:53:10.541689
case_868,c,2025-02-24 19:58:10.541689
case_868,a,2025-02-24 20:03:10.541689
case_868,a,2025-02-24 20:08:10.541689
case_868,c,2025-02-24 20:13:10.541689
case_868,c,2025-02-24 20:18:10.541689
case_868,b,2025-02-24 20:23:10.541689
case_868,b,2025-02-24 20:28:10.541689
case_868,a,2025-02-24 20:33:10.541689
case_868,a,2025-02-24 20:38:10.541689
case_868,c,2025-02-24 20:43:10.541689
case_868,a,2025-02-24 20:48:10.541689
case_868,c,2025-02-24 20:53:10.541689
case_868,b,2025-02-24 20:58:10.541689
case_868,c,2025-02-24 21:03:10.541689
case_869,c,2025-02-24 19:28:10.541719
case_869,a,2025-02-24 19:33:10.541719
case_869,a,2025-02-24 19:38:10.541719
case_869,a,2025-02-24 19:43:10.541719
case_869,b,2025-02-24 19:48:10.541719
case_869,a,2025-02-24 19:53:10.541719
case_869,b,2025-02-24 19:58:10.541719
case_869,a,2025-02-24 20:03:10.541719
case_869,a,2025-02-24 20:08:10.541719
case_869,b,2025-02-24 20:13:10.541719
case_869,c,2025-02-24 20:18:10.541719
case_869,b,2025-02-24 20:23:10.541719
case_869,a,2025-02-24 20:28:10.541719
case_869,c,2025-02-24 20:33:10.541719
case_869,c,2025-02-24 20:38:10.541719
case_869,c,2025-02-24 20:43:10.541719
case_869,c,2025-02-24 20:48:10.541719
case_869,a,2025-02-24 20:53:10.541719
case_869,a,2025-02-24 20:58:10.541719
case_869,a,2025-02-24 21:03:10.541719
case_870,b,2025-02-24 19:28:10.541750
case_870,a,2025-02-24 19:33:10.541750
case_870,c,2025-02-24 19:38:10.541750
case_870,a,2025-02-24 19:43:10.541750
case_870,a,2025-02-24 19:48:10.541750
case_870,c,2025-02-24 19:53:10.541750
case_870,a,2025-02-24 19:58:10.541750
case_870,b,2025-02-24 20:03:10.541750
case_870,a,2025-02-24 20:08:10.541750
case_870,a,2025-02-24 20:13:10.541750
case_870,b,2025-02-24 20:18:10.541750
case_870,c,2025-02-24 20:23:10.541750
case_870,c,2025-02-24 20:28:10.541750
case_870,b,2025-02-24 20:33:10.541750
case_870,b,2025-02-24 20:38:10.541750
case_870,b,2025-02-24 20:43:10.541750
case_870,b,2025-02-24 20:48:10.541750
case_870,c,2025-02-24 20:53:10.541750
case_870,c,2025-02-24 20:58:10.541750
case_870,a,2025-02-24 21:03:10.541750
case_871,b,2025-02-24 19:28:10.541781
case_871,c,2025-02-24 19:33:10.541781
case_871,b,2025-02-24 19:38:10.541781
case_871,a,2025-02-24 19:43:10.541781
case_871,a,2025-02-24 19:48:10.541781
case_871,b,2025-02-24 19:53:10.541781
case_871,c,2025-02-24 19:58:10.541781
case_871,c,2025-02-24 20:03:10.541781
case_871,b,2025-02-24 20:08:10.541781
case_871,c,2025-02-24 20:13:10.541781
case_871,b,2025-02-24 20:18:10.541781
case_871,c,2025-02-24 20:23:10.541781
case_871,b,2025-02-24 20:28:10.541781
case_871,c,2025-02-24 20:33:10.541781
case_871,b,2025-02-24 20:38:10.541781
case_871,c,2025-02-24 20:43:10.541781
case_871,b,2025-02-24 20:48:10.541781
case_871,b,2025-02-24 20:53:10.541781
case_871,a,2025-02-24 20:58:10.541781
case_871,a,2025-02-24 21:03:10.541781
case_872,c,2025-02-24 19:28:10.541810
case_872,c,2025-02-24 19:33:10.541810
case_872,a,2025-02-24 19:38:10.541810
case_872,b,2025-02-24 19:43:10.541810
case_872,a,2025-02-24 19:48:10.541810
case_872,c,2025-02-24 19:53:10.541810
case_872,a,2025-02-24 19:58:10.541810
case_872,c,2025-02-24 20:03:10.541810
case_872,a,2025-02-24 20:08:10.541810
case_872,b,2025-02-24 20:13:10.541810
case_872,b,2025-02-24 20:18:10.541810
case_872,a,2025-02-24 20:23:10.541810
case_872,c,2025-02-24 20:28:10.541810
case_872,c,2025-02-24 20:33:10.541810
case_872,b,2025-02-24 20:38:10.541810
case_872,a,2025-02-24 20:43:10.541810
case_872,c,2025-02-24 20:48:10.541810
case_872,c,2025-02-24 20:53:10.541810
case_872,a,2025-02-24 20:58:10.541810
case_872,a,2025-02-24 21:03:10.541810
case_873,c,2025-02-24 19:28:10.541841
case_873,b,2025-02-24 19:33:10.541841
case_873,b,2025-02-24 19:38:10.541841
case_873,c,2025-02-24 19:43:10.541841
case_873,c,2025-02-24 19:48:10.541841
case_873,c,2025-02-24 19:53:10.541841
case_873,a,2025-02-24 19:58:10.541841
case_873,c,2025-02-24 20:03:10.541841
case_873,a,2025-02-24 20:08:10.541841
case_873,a,2025-02-24 20:13:10.541841
case_873,a,2025-02-24 20:18:10.541841
case_873,c,2025-02-24 20:23:10.541841
case_873,b,2025-02-24 20:28:10.541841
case_873,c,2025-02-24 20:33:10.541841
case_873,c,2025-02-24 20:38:10.541841
case_873,a,2025-02-24 20:43:10.541841
case_873,b,2025-02-24 20:48:10.541841
case_873,b,2025-02-24 20:53:10.541841
case_873,b,2025-02-24 20:58:10.541841
case_873,a,2025-02-24 21:03:10.541841
case_874,b,2025-02-24 19:28:10.541871
case_874,c,2025-02-24 19:33:10.541871
case_874,c,2025-02-24 19:38:10.541871
case_874,b,2025-02-24 19:43:10.541871
case_874,c,2025-02-24 19:48:10.541871
case_874,b,2025-02-24 19:53:10.541871
case_874,a,2025-02-24 19:58:10.541871
case_874,a,2025-02-24 20:03:10.541871
case_874,b,2025-02-24 20:08:10.541871
case_874,c,2025-02-24 20:13:10.541871
case_874,c,2025-02-24 20:18:10.541871
case_874,c,2025-02-24 20:23:10.541871
case_874,b,2025-02-24 20:28:10.541871
case_874,c,2025-02-24 20:33:10.541871
case_874,b,2025-02-24 20:38:10.541871
case_874,b,2025-02-24 20:43:10.541871
case_874,b,2025-02-24 20:48:10.541871
case_874,a,2025-02-24 20:53:10.541871
case_874,b,2025-02-24 20:58:10.541871
case_874,c,2025-02-24 21:03:10.541871
case_875,c,2025-02-24 19:28:10.541901
case_875,a,2025-02-24 19:33:10.541901
case_875,b,2025-02-24 19:38:10.541901
case_875,b,2025-02-24 19:43:10.541901
case_875,a,2025-02-24 19:48:10.541901
case_875,a,2025-02-24 19:53:10.541901
case_875,b,2025-02-24 19:58:10.541901
case_875,c,2025-02-24 20:03:10.541901
case_875,a,2025-02-24 20:08:10.541901
case_875,a,2025-02-24 20:13:10.541901
case_875,c,2025-02-24 20:18:10.541901
case_875,b,2025-02-24 20:23:10.541901
case_875,c,2025-02-24 20:28:10.541901
case_875,a,2025-02-24 20:33:10.541901
case_875,b,2025-02-24 20:38:10.541901
case_875,c,2025-02-24 20:43:10.541901
case_875,c,2025-02-24 20:48:10.541901
case_875,a,2025-02-24 20:53:10.541901
case_875,c,2025-02-24 20:58:10.541901
case_875,c,2025-02-24 21:03:10.541901
case_876,c,2025-02-24 19:28:10.541932
case_876,b,2025-02-24 19:33:10.541932
case_876,c,2025-02-24 19:38:10.541932
case_876,c,2025-02-24 19:43:10.541932
case_876,c,2025-02-24 19:48:10.541932
case_876,a,2025-02-24 19:53:10.541932
case_876,a,2025-02-24 19:58:10.541932
case_876,a,2025-02-24 20:03:10.541932
case_876,c,2025-02-24 20:08:10.541932
case_876,a,2025-02-24 20:13:10.541932
case_876,a,2025-02-24 20:18:10.541932
case_876,b,2025-02-24 20:23:10.541932
case_876,b,2025-02-24 20:28:10.541932
case_876,a,2025-02-24 20:33:10.541932
case_876,b,2025-02-24 20:38:10.541932
case_876,b,2025-02-24 20:43:10.541932
case_876,b,2025-02-24 20:48:10.541932
case_876,a,2025-02-24 20:53:10.541932
case_876,a,2025-02-24 20:58:10.541932
case_876,b,2025-02-24 21:03:10.541932
case_877,b,2025-02-24 19:28:10.541962
case_877,b,2025-02-24 19:33:10.541962
case_877,b,2025-02-24 19:38:10.541962
case_877,a,2025-02-24 19:43:10.541962
case_877,a,2025-02-24 19:48:10.541962
case_877,b,2025-02-24 19:53:10.541962
case_877,c,2025-02-24 19:58:10.541962
case_877,b,2025-02-24 20:03:10.541962
case_877,a,2025-02-24 20:08:10.541962
case_877,b,2025-02-24 20:13:10.541962
case_877,b,2025-02-24 20:18:10.541962
case_877,b,2025-02-24 20:23:10.541962
case_877,b,2025-02-24 20:28:10.541962
case_877,b,2025-02-24 20:33:10.541962
case_877,a,2025-02-24 20:38:10.541962
case_877,a,2025-02-24 20:43:10.541962
case_877,c,2025-02-24 20:48:10.541962
case_877,a,2025-02-24 20:53:10.541962
case_877,b,2025-02-24 20:58:10.541962
case_877,b,2025-02-24 21:03:10.541962
case_878,b,2025-02-24 19:28:10.541993
case_878,b,2025-02-24 19:33:10.541993
case_878,c,2025-02-24 19:38:10.541993
case_878,c,2025-02-24 19:43:10.541993
case_878,b,2025-02-24 19:48:10.541993
case_878,c,2025-02-24 19:53:10.541993
case_878,c,2025-02-24 19:58:10.541993
case_878,a,2025-02-24 20:03:10.541993
case_878,a,2025-02-24 20:08:10.541993
case_878,c,2025-02-24 20:13:10.541993
case_878,a,2025-02-24 20:18:10.541993
case_878,b,2025-02-24 20:23:10.541993
case_878,c,2025-02-24 20:28:10.541993
case_878,c,2025-02-24 20:33:10.541993
case_878,c,2025-02-24 20:38:10.541993
case_878,a,2025-02-24 20:43:10.541993
case_878,a,2025-02-24 20:48:10.541993
case_878,b,2025-02-24 20:53:10.541993
case_878,b,2025-02-24 20:58:10.541993
case_878,b,2025-02-24 21:03:10.541993
case_879,b,2025-02-24 19:28:10.542023
case_879,a,2025-02-24 19:33:10.542023
case_879,b,2025-02-24 19:38:10.542023
case_879,b,2025-02-24 19:43:10.542023
case_879,c,2025-02-24 19:48:10.542023
case_879,a,2025-02-24 19:53:10.542023
case_879,b,2025-02-24 19:58:10.542023
case_879,c,2025-02-24 20:03:10.542023
case_879,b,2025-02-24 20:08:10.542023
case_879,c,2025-02-24 20:13:10.542023
case_879,b,2025-02-24 20:18:10.542023
case_879,b,2025-02-24 20:23:10.542023
case_879,a,2025-02-24 20:28:10.542023
case_879,b,2025-02-24 20:33:10.542023
case_879,c,2025-02-24 20:38:10.542023
case_879,b,2025-02-24 20:43:10.542023
case_879,b,2025-02-24 20:48:10.542023
case_879,b,2025-02-24 20:53:10.542023
case_879,a,2025-02-24 20:58:10.542023
case_879,a,2025-02-24 21:03:10.542023
case_880,c,2025-02-24 19:28:10.542053
case_880,a,2025-02-24 19:33:10.542053
case_880,b,2025-02-24 19:38:10.542053
case_880,a,2025-02-24 19:43:10.542053
case_880,b,2025-02-24 19:48:10.542053
case_880,b,2025-02-24 19:53:10.542053
case_880,a,2025-02-24 19:58:10.542053
case_880,a,2025-02-24 20:03:10.542053
case_880,b,2025-02-24 20:08:10.542053
case_880,a,2025-02-24 20:13:10.542053
case_880,c,2025-02-24 20:18:10.542053
case_880,a,2025-02-24 20:23:10.542053
case_880,b,2025-02-24 20:28:10.542053
case_880,c,2025-02-24 20:33:10.542053
case_880,b,2025-02-24 20:38:10.542053
case_880,b,2025-02-24 20:43:10.542053
case_880,b,2025-02-24 20:48:10.542053
case_880,a,2025-02-24 20:53:10.542053
case_880,a,2025-02-24 20:58:10.542053
case_880,a,2025-02-24 21:03:10.542053
case_881,c,2025-02-24 19:28:10.542084
case_881,c,2025-02-24 19:33:10.542084
case_881,c,2025-02-24 19:38:10.542084
case_881,a,2025-02-24 19:43:10.542084
case_881,b,2025-02-24 19:48:10.542084
case_881,a,2025-02-24 19:53:10.542084
case_881,b,2025-02-24 19:58:10.542084
case_881,c,2025-02-24 20:03:10.542084
case_881,c,2025-02-24 20:08:10.542084
case_881,b,2025-02-24 20:13:10.542084
case_881,a,2025-02-24 20:18:10.542084
case_881,a,2025-02-24 20:23:10.542084
case_881,b,2025-02-24 20:28:10.542084
case_881,c,2025-02-24 20:33:10.542084
case_881,b,2025-02-24 20:38:10.542084
case_881,b,2025-02-24 20:43:10.542084
case_881,b,2025-02-24 20:48:10.542084
case_881,a,2025-02-24 20:53:10.542084
case_881,a,2025-02-24 20:58:10.542084
case_881,a,2025-02-24 21:03:10.542084
case_882,b,2025-02-24 19:28:10.542115
case_882,a,2025-02-24 19:33:10.542115
case_882,b,2025-02-24 19:38:10.542115
case_882,c,2025-02-24 19:43:10.542115
case_882,b,2025-02-24 19:48:10.542115
case_882,b,2025-02-24 19:53:10.542115
case_882,b,2025-02-24 19:58:10.542115
case_882,a,2025-02-24 20:03:10.542115
case_882,c,2025-02-24 20:08:10.542115
case_882,a,2025-02-24 20:13:10.542115
case_882,c,2025-02-24 20:18:10.542115
case_882,a,2025-02-24 20:23:10.542115
case_882,c,2025-02-24 20:28:10.542115
case_882,c,2025-02-24 20:33:10.542115
case_882,b,2025-02-24 20:38:10.542115
case_882,b,2025-02-24 20:43:10.542115
case_882,c,2025-02-24 20:48:10.542115
case_882,a,2025-02-24 20:53:10.542115
case_882,a,2025-02-24 20:58:10.542115
case_882,a,2025-02-24 21:03:10.542115
case_883,c,2025-02-24 19:28:10.542146
case_883,c,2025-02-24 19:33:10.542146
case_883,a,2025-02-24 19:38:10.542146
case_883,a,2025-02-24 19:43:10.542146
case_883,c,2025-02-24 19:48:10.542146
case_883,c,2025-02-24 19:53:10.542146
case_883,b,2025-02-24 19:58:10.542146
case_883,a,2025-02-24 20:03:10.542146
case_883,a,2025-02-24 20:08:10.542146
case_883,b,2025-02-24 20:13:10.542146
case_883,b,2025-02-24 20:18:10.542146
case_883,c,2025-02-24 20:23:10.542146
case_883,b,2025-02-24 20:28:10.542146
case_883,c,2025-02-24 20:33:10.542146
case_883,c,2025-02-24 20:38:10.542146
case_883,c,2025-02-24 20:43:10.542146
case_883,b,2025-02-24 20:48:10.542146
case_883,c,2025-02-24 20:53:10.542146
case_883,a,2025-02-24 20:58:10.542146
case_883,b,2025-02-24 21:03:10.542146
case_884,b,2025-02-24 19:28:10.542176
case_884,c,2025-02-24 19:33:10.542176
case_884,a,2025-02-24 19:38:10.542176
case_884,a,2025-02-24 19:43:10.542176
case_884,a,2025-02-24 19:48:10.542176
case_884,a,2025-02-24 19:53:10.542176
case_884,c,2025-02-24 19:58:10.542176
case_884,b,2025-02-24 20:03:10.542176
case_884,a,2025-02-24 20:08:10.542176
case_884,a,2025-02-24 20:13:10.542176
case_884,b,2025-02-24 20:18:10.542176
case_884,a,2025-02-24 20:23:10.542176
case_884,c,2025-02-24 20:28:10.542176
case_884,c,2025-02-24 20:33:10.542176
case_884,c,2025-02-24 20:38:10.542176
case_884,c,2025-02-24 20:43:10.542176
case_884,c,2025-02-24 20:48:10.542176
case_884,a,2025-02-24 20:53:10.542176
case_884,c,2025-02-24 20:58:10.542176
case_884,a,2025-02-24 21:03:10.542176
case_885,b,2025-02-24 19:28:10.542206
case_885,a,2025-02-24 19:33:10.542206
case_885,c,2025-02-24 19:38:10.542206
case_885,c,2025-02-24 19:43:10.542206
case_885,c,2025-02-24 19:48:10.542206
case_885,b,2025-02-24 19:53:10.542206
case_885,a,2025-02-24 19:58:10.542206
case_885,b,2025-02-24 20:03:10.542206
case_885,a,2025-02-24 20:08:10.542206
case_885,a,2025-02-24 20:13:10.542206
case_885,b,2025-02-24 20:18:10.542206
case_885,c,2025-02-24 20:23:10.542206
case_885,b,2025-02-24 20:28:10.542206
case_885,b,2025-02-24 20:33:10.542206
case_885,b,2025-02-24 20:38:10.542206
case_885,c,2025-02-24 20:43:10.542206
case_885,a,2025-02-24 20:48:10.542206
case_885,b,2025-02-24 20:53:10.542206
case_885,a,2025-02-24 20:58:10.542206
case_885,a,2025-02-24 21:03:10.542206
case_886,c,2025-02-24 19:28:10.542237
case_886,b,2025-02-24 19:33:10.542237
case_886,b,2025-02-24 19:38:10.542237
case_886,c,2025-02-24 19:43:10.542237
case_886,c,2025-02-24 19:48:10.542237
case_886,b,2025-02-24 19:53:10.542237
case_886,c,2025-02-24 19:58:10.542237
case_886,c,2025-02-24 20:03:10.542237
case_886,a,2025-02-24 20:08:10.542237
case_886,b,2025-02-24 20:13:10.542237
case_886,b,2025-02-24 20:18:10.542237
case_886,a,2025-02-24 20:23:10.542237
case_886,c,2025-02-24 20:28:10.542237
case_886,b,2025-02-24 20:33:10.542237
case_886,c,2025-02-24 20:38:10.542237
case_886,a,2025-02-24 20:43:10.542237
case_886,a,2025-02-24 20:48:10.542237
case_886,c,2025-02-24 20:53:10.542237
case_886,b,2025-02-24 20:58:10.542237
case_886,a,2025-02-24 21:03:10.542237
case_887,c,2025-02-24 19:28:10.542269
case_887,a,2025-02-24 19:33:10.542269
case_887,a,2025-02-24 19:38:10.542269
case_887,c,2025-02-24 19:43:10.542269
case_887,a,2025-02-24 19:48:10.542269
case_887,c,2025-02-24 19:53:10.542269
case_887,c,2025-02-24 19:58:10.542269
case_887,b,2025-02-24 20:03:10.542269
case_887,b,2025-02-24 20:08:10.542269
case_887,b,2025-02-24 20:13:10.542269
case_887,c,2025-02-24 20:18:10.542269
case_887,a,2025-02-24 20:23:10.542269
case_887,a,2025-02-24 20:28:10.542269
case_887,c,2025-02-24 20:33:10.542269
case_887,a,2025-02-24 20:38:10.542269
case_887,a,2025-02-24 20:43:10.542269
case_887,b,2025-02-24 20:48:10.542269
case_887,b,2025-02-24 20:53:10.542269
case_887,b,2025-02-24 20:58:10.542269
case_887,b,2025-02-24 21:03:10.542269
case_888,c,2025-02-24 19:28:10.542299
case_888,c,2025-02-24 19:33:10.542299
case_888,a,2025-02-24 19:38:10.542299
case_888,c,2025-02-24 19:43:10.542299
case_888,a,2025-02-24 19:48:10.542299
case_888,c,2025-02-24 19:53:10.542299
case_888,c,2025-02-24 19:58:10.542299
case_888,b,2025-02-24 20:03:10.542299
case_888,c,2025-02-24 20:08:10.542299
case_888,a,2025-02-24 20:13:10.542299
case_888,a,2025-02-24 20:18:10.542299
case_888,b,2025-02-24 20:23:10.542299
case_888,c,2025-02-24 20:28:10.542299
case_888,a,2025-02-24 20:33:10.542299
case_888,c,2025-02-24 20:38:10.542299
case_888,b,2025-02-24 20:43:10.542299
case_888,a,2025-02-24 20:48:10.542299
case_888,b,2025-02-24 20:53:10.542299
case_888,a,2025-02-24 20:58:10.542299
case_888,a,2025-02-24 21:03:10.542299
case_889,b,2025-02-24 19:28:10.542331
case_889,a,2025-02-24 19:33:10.542331
case_889,c,2025-02-24 19:38:10.542331
case_889,c,2025-02-24 19:43:10.542331
case_889,a,2025-02-24 19:48:10.542331
case_889,a,2025-02-24 19:53:10.542331
case_889,a,2025-02-24 19:58:10.542331
case_889,a,2025-02-24 20:03:10.542331
case_889,a,2025-02-24 20:08:10.542331
case_889,a,2025-02-24 20:13:10.542331
case_889,a,2025-02-24 20:18:10.542331
case_889,a,2025-02-24 20:23:10.542331
case_889,c,2025-02-24 20:28:10.542331
case_889,a,2025-02-24 20:33:10.542331
case_889,a,2025-02-24 20:38:10.542331
case_889,a,2025-02-24 20:43:10.542331
case_889,b,2025-02-24 20:48:10.542331
case_889,a,2025-02-24 20:53:10.542331
case_889,c,2025-02-24 20:58:10.542331
case_889,b,2025-02-24 21:03:10.542331
case_890,c,2025-02-24 19:28:10.542360
case_890,c,2025-02-24 19:33:10.542360
case_890,b,2025-02-24 19:38:10.542360
case_890,c,2025-02-24 19:43:10.542360
case_890,a,2025-02-24 19:48:10.542360
case_890,b,2025-02-24 19:53:10.542360
case_890,b,2025-02-24 19:58:10.542360
case_890,c,2025-02-24 20:03:10.542360
case_890,a,2025-02-24 20:08:10.542360
case_890,a,2025-02-24 20:13:10.542360
case_890,a,2025-02-24 20:18:10.542360
case_890,c,2025-02-24 20:23:10.542360
case_890,b,2025-02-24 20:28:10.542360
case_890,b,2025-02-24 20:33:10.542360
case_890,b,2025-02-24 20:38:10.542360
case_890,b,2025-02-24 20:43:10.542360
case_890,a,2025-02-24 20:48:10.542360
case_890,c,2025-02-24 20:53:10.542360
case_890,c,2025-02-24 20:58:10.542360
case_890,b,2025-02-24 21:03:10.542360
case_891,b,2025-02-24 19:28:10.542391
case_891,c,2025-02-24 19:33:10.542391
case_891,a,2025-02-24 19:38:10.542391
case_891,a,2025-02-24 19:43:10.542391
case_891,a,2025-02-24 19:48:10.542391
case_891,a,2025-02-24 19:53:10.542391
case_891,a,2025-02-24 19:58:10.542391
case_891,c,2025-02-24 20:03:10.542391
case_891,a,2025-02-24 20:08:10.542391
case_891,c,2025-02-24 20:13:10.542391
case_891,a,2025-02-24 20:18:10.542391
case_891,b,2025-02-24 20:23:10.542391
case_891,b,2025-02-24 20:28:10.542391
case_891,c,2025-02-24 20:33:10.542391
case_891,c,2025-02-24 20:38:10.542391
case_891,b,2025-02-24 20:43:10.542391
case_891,b,2025-02-24 20:48:10.542391
case_891,b,2025-02-24 20:53:10.542391
case_891,c,2025-02-24 20:58:10.542391
case_891,b,2025-02-24 21:03:10.542391
case_892,b,2025-02-24 19:28:10.542421
case_892,b,2025-02-24 19:33:10.542421
case_892,c,2025-02-24 19:38:10.542421
case_892,b,2025-02-24 19:43:10.542421
case_892,a,2025-02-24 19:48:10.542421
case_892,a,2025-02-24 19:53:10.542421
case_892,b,2025-02-24 19:58:10.542421
case_892,a,2025-02-24 20:03:10.542421
case_892,b,2025-02-24 20:08:10.542421
case_892,b,2025-02-24 20:13:10.542421
case_892,a,2025-02-24 20:18:10.542421
case_892,b,2025-02-24 20:23:10.542421
case_892,a,2025-02-24 20:28:10.542421
case_892,a,2025-02-24 20:33:10.542421
case_892,a,2025-02-24 20:38:10.542421
case_892,c,2025-02-24 20:43:10.542421
case_892,b,2025-02-24 20:48:10.542421
case_892,c,2025-02-24 20:53:10.542421
case_892,b,2025-02-24 20:58:10.542421
case_892,a,2025-02-24 21:03:10.542421
case_893,b,2025-02-24 19:28:10.542451
case_893,c,2025-02-24 19:33:10.542451
case_893,b,2025-02-24 19:38:10.542451
case_893,c,2025-02-24 19:43:10.542451
case_893,b,2025-02-24 19:48:10.542451
case_893,c,2025-02-24 19:53:10.542451
case_893,a,2025-02-24 19:58:10.542451
case_893,a,2025-02-24 20:03:10.542451
case_893,a,2025-02-24 20:08:10.542451
case_893,c,2025-02-24 20:13:10.542451
case_893,b,2025-02-24 20:18:10.542451
case_893,a,2025-02-24 20:23:10.542451
case_893,a,2025-02-24 20:28:10.542451
case_893,c,2025-02-24 20:33:10.542451
case_893,b,2025-02-24 20:38:10.542451
case_893,a,2025-02-24 20:43:10.542451
case_893,c,2025-02-24 20:48:10.542451
case_893,b,2025-02-24 20:53:10.542451
case_893,b,2025-02-24 20:58:10.542451
case_893,b,2025-02-24 21:03:10.542451
case_894,c,2025-02-24 19:28:10.542482
case_894,b,2025-02-24 19:33:10.542482
case_894,a,2025-02-24 19:38:10.542482
case_894,c,2025-02-24 19:43:10.542482
case_894,c,2025-02-24 19:48:10.542482
case_894,a,2025-02-24 19:53:10.542482
case_894,a,2025-02-24 19:58:10.542482
case_894,c,2025-02-24 20:03:10.542482
case_894,a,2025-02-24 20:08:10.542482
case_894,a,2025-02-24 20:13:10.542482
case_894,a,2025-02-24 20:18:10.542482
case_894,c,2025-02-24 20:23:10.542482
case_894,b,2025-02-24 20:28:10.542482
case_894,c,2025-02-24 20:33:10.542482
case_894,b,2025-02-24 20:38:10.542482
case_894,b,2025-02-24 20:43:10.542482
case_894,a,2025-02-24 20:48:10.542482
case_894,a,2025-02-24 20:53:10.542482
case_894,c,2025-02-24 20:58:10.542482
case_894,c,2025-02-24 21:03:10.542482
case_895,c,2025-02-24 19:28:10.542512
case_895,b,2025-02-24 19:33:10.542512
case_895,a,2025-02-24 19:38:10.542512
case_895,b,2025-02-24 19:43:10.542512
case_895,b,2025-02-24 19:48:10.542512
case_895,a,2025-02-24 19:53:10.542512
case_895,b,2025-02-24 19:58:10.542512
case_895,c,2025-02-24 20:03:10.542512
case_895,c,2025-02-24 20:08:10.542512
case_895,a,2025-02-24 20:13:10.542512
case_895,c,2025-02-24 20:18:10.542512
case_895,b,2025-02-24 20:23:10.542512
case_895,a,2025-02-24 20:28:10.542512
case_895,c,2025-02-24 20:33:10.542512
case_895,b,2025-02-24 20:38:10.542512
case_895,c,2025-02-24 20:43:10.542512
case_895,c,2025-02-24 20:48:10.542512
case_895,a,2025-02-24 20:53:10.542512
case_895,a,2025-02-24 20:58:10.542512
case_895,b,2025-02-24 21:03:10.542512
case_896,b,2025-02-24 19:28:10.542543
case_896,a,2025-02-24 19:33:10.542543
case_896,c,2025-02-24 19:38:10.542543
case_896,c,2025-02-24 19:43:10.542543
case_896,a,2025-02-24 19:48:10.542543
case_896,b,2025-02-24 19:53:10.542543
case_896,c,2025-02-24 19:58:10.542543
case_896,c,2025-02-24 20:03:10.542543
case_896,a,2025-02-24 20:08:10.542543
case_896,b,2025-02-24 20:13:10.542543
case_896,c,2025-02-24 20:18:10.542543
case_896,c,2025-02-24 20:23:10.542543
case_896,b,2025-02-24 20:28:10.542543
case_896,b,2025-02-24 20:33:10.542543
case_896,b,2025-02-24 20:38:10.542543
case_896,a,2025-02-24 20:43:10.542543
case_896,a,2025-02-24 20:48:10.542543
case_896,c,2025-02-24 20:53:10.542543
case_896,b,2025-02-24 20:58:10.542543
case_896,c,2025-02-24 21:03:10.542543
case_897,b,2025-02-24 19:28:10.542573
case_897,c,2025-02-24 19:33:10.542573
case_897,a,2025-02-24 19:38:10.542573
case_897,a,2025-02-24 19:43:10.542573
case_897,c,2025-02-24 19:48:10.542573
case_897,a,2025-02-24 19:53:10.542573
case_897,a,2025-02-24 19:58:10.542573
case_897,a,2025-02-24 20:03:10.542573
case_897,c,2025-02-24 20:08:10.542573
case_897,a,2025-02-24 20:13:10.542573
case_897,a,2025-02-24 20:18:10.542573
case_897,c,2025-02-24 20:23:10.542573
case_897,b,2025-02-24 20:28:10.542573
case_897,a,2025-02-24 20:33:10.542573
case_897,c,2025-02-24 20:38:10.542573
case_897,c,2025-02-24 20:43:10.542573
case_897,b,2025-02-24 20:48:10.542573
case_897,b,2025-02-24 20:53:10.542573
case_897,b,2025-02-24 20:58:10.542573
case_897,a,2025-02-24 21:03:10.542573
case_898,b,2025-02-24 19:28:10.542603
case_898,c,2025-02-24 19:33:10.542603
case_898,a,2025-02-24 19:38:10.542603
case_898,c,2025-02-24 19:43:10.542603
case_898,a,2025-02-24 19:48:10.542603
case_898,b,2025-02-24 19:53:10.542603
case_898,a,2025-02-24 19:58:10.542603
case_898,b,2025-02-24 20:03:10.542603
case_898,c,2025-02-24 20:08:10.542603
case_898,a,2025-02-24 20:13:10.542603
case_898,c,2025-02-24 20:18:10.542603
case_898,b,2025-02-24 20:23:10.542603
case_898,c,2025-02-24 20:28:10.542603
case_898,a,2025-02-24 20:33:10.542603
case_898,a,2025-02-24 20:38:10.542603
case_898,b,2025-02-24 20:43:10.542603
case_898,c,2025-02-24 20:48:10.542603
case_898,b,2025-02-24 20:53:10.542603
case_898,b,2025-02-24 20:58:10.542603
case_898,a,2025-02-24 21:03:10.542603
case_899,b,2025-02-24 19:28:10.542634
case_899,a,2025-02-24 19:33:10.542634
case_899,b,2025-02-24 19:38:10.542634
case_899,b,2025-02-24 19:43:10.542634
case_899,c,2025-02-24 19:48:10.542634
case_899,a,2025-02-24 19:53:10.542634
case_899,c,2025-02-24 19:58:10.542634
case_899,a,2025-02-24 20:03:10.542634
case_899,b,2025-02-24 20:08:10.542634
case_899,b,2025-02-24 20:13:10.542634
case_899,a,2025-02-24 20:18:10.542634
case_899,b,2025-02-24 20:23:10.542634
case_899,a,2025-02-24 20:28:10.542634
case_899,b,2025-02-24 20:33:10.542634
case_899,b,2025-02-24 20:38:10.542634
case_899,b,2025-02-24 20:43:10.542634
case_899,b,2025-02-24 20:48:10.542634
case_899,c,2025-02-24 20:53:10.542634
case_899,a,2025-02-24 20:58:10.542634
case_899,a,2025-02-24 21:03:10.542634
case_900,b,2025-02-24 19:28:10.542664
case_900,b,2025-02-24 19:33:10.542664
case_900,b,2025-02-24 19:38:10.542664
case_900,b,2025-02-24 19:43:10.542664
case_900,b,2025-02-24 19:48:10.542664
case_900,b,2025-02-24 19:53:10.542664
case_900,b,2025-02-24 19:58:10.542664
case_900,b,2025-02-24 20:03:10.542664
case_900,a,2025-02-24 20:08:10.542664
case_900,b,2025-02-24 20:13:10.542664
case_900,a,2025-02-24 20:18:10.542664
case_900,c,2025-02-24 20:23:10.542664
case_900,c,2025-02-24 20:28:10.542664
case_900,b,2025-02-24 20:33:10.542664
case_900,a,2025-02-24 20:38:10.542664
case_900,a,2025-02-24 20:43:10.542664
case_900,a,2025-02-24 20:48:10.542664
case_900,a,2025-02-24 20:53:10.542664
case_900,c,2025-02-24 20:58:10.542664
case_900,c,2025-02-24 21:03:10.542664
case_901,c,2025-02-24 19:28:10.542696
case_901,b,2025-02-24 19:33:10.542696
case_901,b,2025-02-24 19:38:10.542696
case_901,c,2025-02-24 19:43:10.542696
case_901,c,2025-02-24 19:48:10.542696
case_901,c,2025-02-24 19:53:10.542696
case_901,a,2025-02-24 19:58:10.542696
case_901,b,2025-02-24 20:03:10.542696
case_901,c,2025-02-24 20:08:10.542696
case_901,b,2025-02-24 20:13:10.542696
case_901,b,2025-02-24 20:18:10.542696
case_901,a,2025-02-24 20:23:10.542696
case_901,b,2025-02-24 20:28:10.542696
case_901,b,2025-02-24 20:33:10.542696
case_901,c,2025-02-24 20:38:10.542696
case_901,b,2025-02-24 20:43:10.542696
case_901,c,2025-02-24 20:48:10.542696
case_901,c,2025-02-24 20:53:10.542696
case_901,a,2025-02-24 20:58:10.542696
case_901,a,2025-02-24 21:03:10.542696
case_902,b,2025-02-24 19:28:10.542725
case_902,a,2025-02-24 19:33:10.542725
case_902,b,2025-02-24 19:38:10.542725
case_902,a,2025-02-24 19:43:10.542725
case_902,b,2025-02-24 19:48:10.542725
case_902,a,2025-02-24 19:53:10.542725
case_902,c,2025-02-24 19:58:10.542725
case_902,c,2025-02-24 20:03:10.542725
case_902,c,2025-02-24 20:08:10.542725
case_902,c,2025-02-24 20:13:10.542725
case_902,a,2025-02-24 20:18:10.542725
case_902,a,2025-02-24 20:23:10.542725
case_902,c,2025-02-24 20:28:10.542725
case_902,b,2025-02-24 20:33:10.542725
case_902,a,2025-02-24 20:38:10.542725
case_902,b,2025-02-24 20:43:10.542725
case_902,c,2025-02-24 20:48:10.542725
case_902,b,2025-02-24 20:53:10.542725
case_902,b,2025-02-24 20:58:10.542725
case_902,b,2025-02-24 21:03:10.542725
case_903,c,2025-02-24 19:28:10.542756
case_903,b,2025-02-24 19:33:10.542756
case_903,a,2025-02-24 19:38:10.542756
case_903,b,2025-02-24 19:43:10.542756
case_903,a,2025-02-24 19:48:10.542756
case_903,b,2025-02-24 19:53:10.542756
case_903,b,2025-02-24 19:58:10.542756
case_903,c,2025-02-24 20:03:10.542756
case_903,c,2025-02-24 20:08:10.542756
case_903,b,2025-02-24 20:13:10.542756
case_903,c,2025-02-24 20:18:10.542756
case_903,c,2025-02-24 20:23:10.542756
case_903,a,2025-02-24 20:28:10.542756
case_903,a,2025-02-24 20:33:10.542756
case_903,a,2025-02-24 20:38:10.542756
case_903,a,2025-02-24 20:43:10.542756
case_903,a,2025-02-24 20:48:10.542756
case_903,c,2025-02-24 20:53:10.542756
case_903,b,2025-02-24 20:58:10.542756
case_903,a,2025-02-24 21:03:10.542756
case_904,b,2025-02-24 19:28:10.542787
case_904,b,2025-02-24 19:33:10.542787
case_904,c,2025-02-24 19:38:10.542787
case_904,b,2025-02-24 19:43:10.542787
case_904,b,2025-02-24 19:48:10.542787
case_904,a,2025-02-24 19:53:10.542787
case_904,b,2025-02-24 19:58:10.542787
case_904,a,2025-02-24 20:03:10.542787
case_904,a,2025-02-24 20:08:10.542787
case_904,b,2025-02-24 20:13:10.542787
case_904,c,2025-02-24 20:18:10.542787
case_904,b,2025-02-24 20:23:10.542787
case_904,a,2025-02-24 20:28:10.542787
case_904,c,2025-02-24 20:33:10.542787
case_904,b,2025-02-24 20:38:10.542787
case_904,b,2025-02-24 20:43:10.542787
case_904,a,2025-02-24 20:48:10.542787
case_904,a,2025-02-24 20:53:10.542787
case_904,a,2025-02-24 20:58:10.542787
case_904,a,2025-02-24 21:03:10.542787
case_905,c,2025-02-24 19:28:10.542817
case_905,b,2025-02-24 19:33:10.542817
case_905,a,2025-02-24 19:38:10.542817
case_905,c,2025-02-24 19:43:10.542817
case_905,a,2025-02-24 19:48:10.542817
case_905,b,2025-02-24 19:53:10.542817
case_905,c,2025-02-24 19:58:10.542817
case_905,c,2025-02-24 20:03:10.542817
case_905,c,2025-02-24 20:08:10.542817
case_905,a,2025-02-24 20:13:10.542817
case_905,b,2025-02-24 20:18:10.542817
case_905,a,2025-02-24 20:23:10.542817
case_905,c,2025-02-24 20:28:10.542817
case_905,a,2025-02-24 20:33:10.542817
case_905,b,2025-02-24 20:38:10.542817
case_905,b,2025-02-24 20:43:10.542817
case_905,a,2025-02-24 20:48:10.542817
case_905,a,2025-02-24 20:53:10.542817
case_905,b,2025-02-24 20:58:10.542817
case_905,a,2025-02-24 21:03:10.542817
case_906,b,2025-02-24 19:28:10.542848
case_906,b,2025-02-24 19:33:10.542848
case_906,a,2025-02-24 19:38:10.542848
case_906,a,2025-02-24 19:43:10.542848
case_906,b,2025-02-24 19:48:10.542848
case_906,a,2025-02-24 19:53:10.542848
case_906,a,2025-02-24 19:58:10.542848
case_906,c,2025-02-24 20:03:10.542848
case_906,c,2025-02-24 20:08:10.542848
case_906,a,2025-02-24 20:13:10.542848
case_906,b,2025-02-24 20:18:10.542848
case_906,a,2025-02-24 20:23:10.542848
case_906,a,2025-02-24 20:28:10.542848
case_906,a,2025-02-24 20:33:10.542848
case_906,c,2025-02-24 20:38:10.542848
case_906,c,2025-02-24 20:43:10.542848
case_906,c,2025-02-24 20:48:10.542848
case_906,b,2025-02-24 20:53:10.542848
case_906,a,2025-02-24 20:58:10.542848
case_906,b,2025-02-24 21:03:10.542848
case_907,c,2025-02-24 19:28:10.542877
case_907,c,2025-02-24 19:33:10.542877
case_907,a,2025-02-24 19:38:10.542877
case_907,b,2025-02-24 19:43:10.542877
case_907,b,2025-02-24 19:48:10.542877
case_907,c,2025-02-24 19:53:10.542877
case_907,a,2025-02-24 19:58:10.542877
case_907,c,2025-02-24 20:03:10.542877
case_907,c,2025-02-24 20:08:10.542877
case_907,a,2025-02-24 20:13:10.542877
case_907,b,2025-02-24 20:18:10.542877
case_907,a,2025-02-24 20:23:10.542877
case_907,c,2025-02-24 20:28:10.542877
case_907,b,2025-02-24 20:33:10.542877
case_907,a,2025-02-24 20:38:10.542877
case_907,c,2025-02-24 20:43:10.542877
case_907,c,2025-02-24 20:48:10.542877
case_907,c,2025-02-24 20:53:10.542877
case_907,a,2025-02-24 20:58:10.542877
case_907,a,2025-02-24 21:03:10.542877
case_908,c,2025-02-24 19:28:10.542907
case_908,b,2025-02-24 19:33:10.542907
case_908,a,2025-02-24 19:38:10.542907
case_908,b,2025-02-24 19:43:10.542907
case_908,a,2025-02-24 19:48:10.542907
case_908,b,2025-02-24 19:53:10.542907
case_908,a,2025-02-24 19:58:10.542907
case_908,a,2025-02-24 20:03:10.542907
case_908,a,2025-02-24 20:08:10.542907
case_908,a,2025-02-24 20:13:10.542907
case_908,c,2025-02-24 20:18:10.542907
case_908,b,2025-02-24 20:23:10.542907
case_908,a,2025-02-24 20:28:10.542907
case_908,a,2025-02-24 20:33:10.542907
case_908,a,2025-02-24 20:38:10.542907
case_908,b,2025-02-24 20:43:10.542907
case_908,b,2025-02-24 20:48:10.542907
case_908,a,2025-02-24 20:53:10.542907
case_908,c,2025-02-24 20:58:10.542907
case_908,c,2025-02-24 21:03:10.542907
case_909,c,2025-02-24 19:28:10.542944
case_909,b,2025-02-24 19:33:10.542944
case_909,b,2025-02-24 19:38:10.542944
case_909,a,2025-02-24 19:43:10.542944
case_909,c,2025-02-24 19:48:10.542944
case_909,a,2025-02-24 19:53:10.542944
case_909,a,2025-02-24 19:58:10.542944
case_909,a,2025-02-24 20:03:10.542944
case_909,c,2025-02-24 20:08:10.542944
case_909,a,2025-02-24 20:13:10.542944
case_909,a,2025-02-24 20:18:10.542944
case_909,b,2025-02-24 20:23:10.542944
case_909,a,2025-02-24 20:28:10.542944
case_909,b,2025-02-24 20:33:10.542944
case_909,c,2025-02-24 20:38:10.542944
case_909,c,2025-02-24 20:43:10.542944
case_909,a,2025-02-24 20:48:10.542944
case_909,b,2025-02-24 20:53:10.542944
case_909,a,2025-02-24 20:58:10.542944
case_909,a,2025-02-24 21:03:10.542944
case_910,c,2025-02-24 19:28:10.542974
case_910,a,2025-02-24 19:33:10.542974
case_910,a,2025-02-24 19:38:10.542974
case_910,a,2025-02-24 19:43:10.542974
case_910,c,2025-02-24 19:48:10.542974
case_910,b,2025-02-24 19:53:10.542974
case_910,b,2025-02-24 19:58:10.542974
case_910,a,2025-02-24 20:03:10.542974
case_910,c,2025-02-24 20:08:10.542974
case_910,c,2025-02-24 20:13:10.542974
case_910,c,2025-02-24 20:18:10.542974
case_910,a,2025-02-24 20:23:10.542974
case_910,a,2025-02-24 20:28:10.542974
case_910,c,2025-02-24 20:33:10.542974
case_910,b,2025-02-24 20:38:10.542974
case_910,c,2025-02-24 20:43:10.542974
case_910,b,2025-02-24 20:48:10.542974
case_910,b,2025-02-24 20:53:10.542974
case_910,a,2025-02-24 20:58:10.542974
case_910,a,2025-02-24 21:03:10.542974
case_911,c,2025-02-24 19:28:10.543006
case_911,b,2025-02-24 19:33:10.543006
case_911,b,2025-02-24 19:38:10.543006
case_911,a,2025-02-24 19:43:10.543006
case_911,a,2025-02-24 19:48:10.543006
case_911,b,2025-02-24 19:53:10.543006
case_911,a,2025-02-24 19:58:10.543006
case_911,c,2025-02-24 20:03:10.543006
case_911,b,2025-02-24 20:08:10.543006
case_911,c,2025-02-24 20:13:10.543006
case_911,c,2025-02-24 20:18:10.543006
case_911,a,2025-02-24 20:23:10.543006
case_911,c,2025-02-24 20:28:10.543006
case_911,b,2025-02-24 20:33:10.543006
case_911,b,2025-02-24 20:38:10.543006
case_911,c,2025-02-24 20:43:10.543006
case_911,a,2025-02-24 20:48:10.543006
case_911,c,2025-02-24 20:53:10.543006
case_911,b,2025-02-24 20:58:10.543006
case_911,a,2025-02-24 21:03:10.543006
case_912,b,2025-02-24 19:28:10.543036
case_912,a,2025-02-24 19:33:10.543036
case_912,c,2025-02-24 19:38:10.543036
case_912,a,2025-02-24 19:43:10.543036
case_912,c,2025-02-24 19:48:10.543036
case_912,b,2025-02-24 19:53:10.543036
case_912,a,2025-02-24 19:58:10.543036
case_912,a,2025-02-24 20:03:10.543036
case_912,c,2025-02-24 20:08:10.543036
case_912,a,2025-02-24 20:13:10.543036
case_912,b,2025-02-24 20:18:10.543036
case_912,b,2025-02-24 20:23:10.543036
case_912,c,2025-02-24 20:28:10.543036
case_912,b,2025-02-24 20:33:10.543036
case_912,c,2025-02-24 20:38:10.543036
case_912,b,2025-02-24 20:43:10.543036
case_912,c,2025-02-24 20:48:10.543036
case_912,c,2025-02-24 20:53:10.543036
case_912,b,2025-02-24 20:58:10.543036
case_912,a,2025-02-24 21:03:10.543036
case_913,c,2025-02-24 19:28:10.543066
case_913,b,2025-02-24 19:33:10.543066
case_913,a,2025-02-24 19:38:10.543066
case_913,b,2025-02-24 19:43:10.543066
case_913,b,2025-02-24 19:48:10.543066
case_913,b,2025-02-24 19:53:10.543066
case_913,a,2025-02-24 19:58:10.543066
case_913,a,2025-02-24 20:03:10.543066
case_913,a,2025-02-24 20:08:10.543066
case_913,a,2025-02-24 20:13:10.543066
case_913,a,2025-02-24 20:18:10.543066
case_913,c,2025-02-24 20:23:10.543066
case_913,c,2025-02-24 20:28:10.543066
case_913,a,2025-02-24 20:33:10.543066
case_913,a,2025-02-24 20:38:10.543066
case_913,c,2025-02-24 20:43:10.543066
case_913,c,2025-02-24 20:48:10.543066
case_913,a,2025-02-24 20:53:10.543066
case_913,a,2025-02-24 20:58:10.543066
case_913,c,2025-02-24 21:03:10.543066
case_914,c,2025-02-24 19:28:10.543097
case_914,a,2025-02-24 19:33:10.543097
case_914,c,2025-02-24 19:38:10.543097
case_914,c,2025-02-24 19:43:10.543097
case_914,a,2025-02-24 19:48:10.543097
case_914,a,2025-02-24 19:53:10.543097
case_914,c,2025-02-24 19:58:10.543097
case_914,a,2025-02-24 20:03:10.543097
case_914,b,2025-02-24 20:08:10.543097
case_914,b,2025-02-24 20:13:10.543097
case_914,b,2025-02-24 20:18:10.543097
case_914,c,2025-02-24 20:23:10.543097
case_914,c,2025-02-24 20:28:10.543097
case_914,b,2025-02-24 20:33:10.543097
case_914,b,2025-02-24 20:38:10.543097
case_914,c,2025-02-24 20:43:10.543097
case_914,c,2025-02-24 20:48:10.543097
case_914,a,2025-02-24 20:53:10.543097
case_914,a,2025-02-24 20:58:10.543097
case_914,a,2025-02-24 21:03:10.543097
case_915,b,2025-02-24 19:28:10.543127
case_915,b,2025-02-24 19:33:10.543127
case_915,b,2025-02-24 19:38:10.543127
case_915,a,2025-02-24 19:43:10.543127
case_915,b,2025-02-24 19:48:10.543127
case_915,a,2025-02-24 19:53:10.543127
case_915,a,2025-02-24 19:58:10.543127
case_915,c,2025-02-24 20:03:10.543127
case_915,a,2025-02-24 20:08:10.543127
case_915,c,2025-02-24 20:13:10.543127
case_915,c,2025-02-24 20:18:10.543127
case_915,a,2025-02-24 20:23:10.543127
case_915,c,2025-02-24 20:28:10.543127
case_915,c,2025-02-24 20:33:10.543127
case_915,b,2025-02-24 20:38:10.543127
case_915,c,2025-02-24 20:43:10.543127
case_915,a,2025-02-24 20:48:10.543127
case_915,c,2025-02-24 20:53:10.543127
case_915,c,2025-02-24 20:58:10.543127
case_915,a,2025-02-24 21:03:10.543127
case_916,c,2025-02-24 19:28:10.543158
case_916,b,2025-02-24 19:33:10.543158
case_916,a,2025-02-24 19:38:10.543158
case_916,a,2025-02-24 19:43:10.543158
case_916,b,2025-02-24 19:48:10.543158
case_916,b,2025-02-24 19:53:10.543158
case_916,c,2025-02-24 19:58:10.543158
case_916,a,2025-02-24 20:03:10.543158
case_916,c,2025-02-24 20:08:10.543158
case_916,a,2025-02-24 20:13:10.543158
case_916,c,2025-02-24 20:18:10.543158
case_916,a,2025-02-24 20:23:10.543158
case_916,c,2025-02-24 20:28:10.543158
case_916,a,2025-02-24 20:33:10.543158
case_916,a,2025-02-24 20:38:10.543158
case_916,b,2025-02-24 20:43:10.543158
case_916,c,2025-02-24 20:48:10.543158
case_916,b,2025-02-24 20:53:10.543158
case_916,b,2025-02-24 20:58:10.543158
case_916,c,2025-02-24 21:03:10.543158
case_917,b,2025-02-24 19:28:10.543189
case_917,b,2025-02-24 19:33:10.543189
case_917,a,2025-02-24 19:38:10.543189
case_917,c,2025-02-24 19:43:10.543189
case_917,a,2025-02-24 19:48:10.543189
case_917,c,2025-02-24 19:53:10.543189
case_917,b,2025-02-24 19:58:10.543189
case_917,b,2025-02-24 20:03:10.543189
case_917,c,2025-02-24 20:08:10.543189
case_917,b,2025-02-24 20:13:10.543189
case_917,b,2025-02-24 20:18:10.543189
case_917,a,2025-02-24 20:23:10.543189
case_917,b,2025-02-24 20:28:10.543189
case_917,c,2025-02-24 20:33:10.543189
case_917,b,2025-02-24 20:38:10.543189
case_917,b,2025-02-24 20:43:10.543189
case_917,b,2025-02-24 20:48:10.543189
case_917,a,2025-02-24 20:53:10.543189
case_917,a,2025-02-24 20:58:10.543189
case_917,b,2025-02-24 21:03:10.543189
case_918,c,2025-02-24 19:28:10.543218
case_918,a,2025-02-24 19:33:10.543218
case_918,b,2025-02-24 19:38:10.543218
case_918,c,2025-02-24 19:43:10.543218
case_918,c,2025-02-24 19:48:10.543218
case_918,a,2025-02-24 19:53:10.543218
case_918,a,2025-02-24 19:58:10.543218
case_918,a,2025-02-24 20:03:10.543218
case_918,b,2025-02-24 20:08:10.543218
case_918,a,2025-02-24 20:13:10.543218
case_918,c,2025-02-24 20:18:10.543218
case_918,b,2025-02-24 20:23:10.543218
case_918,a,2025-02-24 20:28:10.543218
case_918,a,2025-02-24 20:33:10.543218
case_918,a,2025-02-24 20:38:10.543218
case_918,b,2025-02-24 20:43:10.543218
case_918,b,2025-02-24 20:48:10.543218
case_918,a,2025-02-24 20:53:10.543218
case_918,b,2025-02-24 20:58:10.543218
case_918,a,2025-02-24 21:03:10.543218
case_919,b,2025-02-24 19:28:10.543249
case_919,a,2025-02-24 19:33:10.543249
case_919,b,2025-02-24 19:38:10.543249
case_919,c,2025-02-24 19:43:10.543249
case_919,b,2025-02-24 19:48:10.543249
case_919,b,2025-02-24 19:53:10.543249
case_919,c,2025-02-24 19:58:10.543249
case_919,a,2025-02-24 20:03:10.543249
case_919,a,2025-02-24 20:08:10.543249
case_919,c,2025-02-24 20:13:10.543249
case_919,c,2025-02-24 20:18:10.543249
case_919,a,2025-02-24 20:23:10.543249
case_919,a,2025-02-24 20:28:10.543249
case_919,a,2025-02-24 20:33:10.543249
case_919,a,2025-02-24 20:38:10.543249
case_919,b,2025-02-24 20:43:10.543249
case_919,c,2025-02-24 20:48:10.543249
case_919,a,2025-02-24 20:53:10.543249
case_919,b,2025-02-24 20:58:10.543249
case_919,a,2025-02-24 21:03:10.543249
case_920,b,2025-02-24 19:28:10.543279
case_920,a,2025-02-24 19:33:10.543279
case_920,a,2025-02-24 19:38:10.543279
case_920,a,2025-02-24 19:43:10.543279
case_920,a,2025-02-24 19:48:10.543279
case_920,c,2025-02-24 19:53:10.543279
case_920,b,2025-02-24 19:58:10.543279
case_920,a,2025-02-24 20:03:10.543279
case_920,b,2025-02-24 20:08:10.543279
case_920,a,2025-02-24 20:13:10.543279
case_920,b,2025-02-24 20:18:10.543279
case_920,c,2025-02-24 20:23:10.543279
case_920,c,2025-02-24 20:28:10.543279
case_920,b,2025-02-24 20:33:10.543279
case_920,a,2025-02-24 20:38:10.543279
case_920,b,2025-02-24 20:43:10.543279
case_920,a,2025-02-24 20:48:10.543279
case_920,a,2025-02-24 20:53:10.543279
case_920,b,2025-02-24 20:58:10.543279
case_920,a,2025-02-24 21:03:10.543279
case_921,b,2025-02-24 19:28:10.543309
case_921,a,2025-02-24 19:33:10.543309
case_921,a,2025-02-24 19:38:10.543309
case_921,a,2025-02-24 19:43:10.543309
case_921,b,2025-02-24 19:48:10.543309
case_921,b,2025-02-24 19:53:10.543309
case_921,b,2025-02-24 19:58:10.543309
case_921,a,2025-02-24 20:03:10.543309
case_921,a,2025-02-24 20:08:10.543309
case_921,a,2025-02-24 20:13:10.543309
case_921,a,2025-02-24 20:18:10.543309
case_921,b,2025-02-24 20:23:10.543309
case_921,a,2025-02-24 20:28:10.543309
case_921,a,2025-02-24 20:33:10.543309
case_921,a,2025-02-24 20:38:10.543309
case_921,b,2025-02-24 20:43:10.543309
case_921,c,2025-02-24 20:48:10.543309
case_921,b,2025-02-24 20:53:10.543309
case_921,b,2025-02-24 20:58:10.543309
case_921,c,2025-02-24 21:03:10.543309
case_922,b,2025-02-24 19:28:10.543342
case_922,a,2025-02-24 19:33:10.543342
case_922,b,2025-02-24 19:38:10.543342
case_922,a,2025-02-24 19:43:10.543342
case_922,b,2025-02-24 19:48:10.543342
case_922,b,2025-02-24 19:53:10.543342
case_922,c,2025-02-24 19:58:10.543342
case_922,b,2025-02-24 20:03:10.543342
case_922,a,2025-02-24 20:08:10.543342
case_922,a,2025-02-24 20:13:10.543342
case_922,c,2025-02-24 20:18:10.543342
case_922,a,2025-02-24 20:23:10.543342
case_922,b,2025-02-24 20:28:10.543342
case_922,a,2025-02-24 20:33:10.543342
case_922,c,2025-02-24 20:38:10.543342
case_922,c,2025-02-24 20:43:10.543342
case_922,b,2025-02-24 20:48:10.543342
case_922,b,2025-02-24 20:53:10.543342
case_922,a,2025-02-24 20:58:10.543342
case_922,b,2025-02-24 21:03:10.543342
case_923,c,2025-02-24 19:28:10.543371
case_923,a,2025-02-24 19:33:10.543371
case_923,a,2025-02-24 19:38:10.543371
case_923,a,2025-02-24 19:43:10.543371
case_923,b,2025-02-24 19:48:10.543371
case_923,a,2025-02-24 19:53:10.543371
case_923,c,2025-02-24 19:58:10.543371
case_923,a,2025-02-24 20:03:10.543371
case_923,b,2025-02-24 20:08:10.543371
case_923,a,2025-02-24 20:13:10.543371
case_923,c,2025-02-24 20:18:10.543371
case_923,b,2025-02-24 20:23:10.543371
case_923,c,2025-02-24 20:28:10.543371
case_923,c,2025-02-24 20:33:10.543371
case_923,a,2025-02-24 20:38:10.543371
case_923,c,2025-02-24 20:43:10.543371
case_923,c,2025-02-24 20:48:10.543371
case_923,c,2025-02-24 20:53:10.543371
case_923,b,2025-02-24 20:58:10.543371
case_923,c,2025-02-24 21:03:10.543371
case_924,b,2025-02-24 19:28:10.543402
case_924,b,2025-02-24 19:33:10.543402
case_924,a,2025-02-24 19:38:10.543402
case_924,a,2025-02-24 19:43:10.543402
case_924,b,2025-02-24 19:48:10.543402
case_924,c,2025-02-24 19:53:10.543402
case_924,a,2025-02-24 19:58:10.543402
case_924,b,2025-02-24 20:03:10.543402
case_924,a,2025-02-24 20:08:10.543402
case_924,a,2025-02-24 20:13:10.543402
case_924,a,2025-02-24 20:18:10.543402
case_924,b,2025-02-24 20:23:10.543402
case_924,a,2025-02-24 20:28:10.543402
case_924,c,2025-02-24 20:33:10.543402
case_924,c,2025-02-24 20:38:10.543402
case_924,c,2025-02-24 20:43:10.543402
case_924,c,2025-02-24 20:48:10.543402
case_924,a,2025-02-24 20:53:10.543402
case_924,c,2025-02-24 20:58:10.543402
case_924,a,2025-02-24 21:03:10.543402
case_925,b,2025-02-24 19:28:10.543433
case_925,a,2025-02-24 19:33:10.543433
case_925,a,2025-02-24 19:38:10.543433
case_925,c,2025-02-24 19:43:10.543433
case_925,a,2025-02-24 19:48:10.543433
case_925,b,2025-02-24 19:53:10.543433
case_925,c,2025-02-24 19:58:10.543433
case_925,c,2025-02-24 20:03:10.543433
case_925,a,2025-02-24 20:08:10.543433
case_925,b,2025-02-24 20:13:10.543433
case_925,c,2025-02-24 20:18:10.543433
case_925,b,2025-02-24 20:23:10.543433
case_925,b,2025-02-24 20:28:10.543433
case_925,c,2025-02-24 20:33:10.543433
case_925,b,2025-02-24 20:38:10.543433
case_925,b,2025-02-24 20:43:10.543433
case_925,a,2025-02-24 20:48:10.543433
case_925,a,2025-02-24 20:53:10.543433
case_925,a,2025-02-24 20:58:10.543433
case_925,b,2025-02-24 21:03:10.543433
case_926,c,2025-02-24 19:28:10.543463
case_926,c,2025-02-24 19:33:10.543463
case_926,a,2025-02-24 19:38:10.543463
case_926,a,2025-02-24 19:43:10.543463
case_926,c,2025-02-24 19:48:10.543463
case_926,a,2025-02-24 19:53:10.543463
case_926,c,2025-02-24 19:58:10.543463
case_926,a,2025-02-24 20:03:10.543463
case_926,c,2025-02-24 20:08:10.543463
case_926,b,2025-02-24 20:13:10.543463
case_926,b,2025-02-24 20:18:10.543463
case_926,c,2025-02-24 20:23:10.543463
case_926,a,2025-02-24 20:28:10.543463
case_926,b,2025-02-24 20:33:10.543463
case_926,c,2025-02-24 20:38:10.543463
case_926,c,2025-02-24 20:43:10.543463
case_926,a,2025-02-24 20:48:10.543463
case_926,b,2025-02-24 20:53:10.543463
case_926,a,2025-02-24 20:58:10.543463
case_926,a,2025-02-24 21:03:10.543463
case_927,c,2025-02-24 19:28:10.543493
case_927,c,2025-02-24 19:33:10.543493
case_927,c,2025-02-24 19:38:10.543493
case_927,b,2025-02-24 19:43:10.543493
case_927,c,2025-02-24 19:48:10.543493
case_927,b,2025-02-24 19:53:10.543493
case_927,c,2025-02-24 19:58:10.543493
case_927,a,2025-02-24 20:03:10.543493
case_927,a,2025-02-24 20:08:10.543493
case_927,a,2025-02-24 20:13:10.543493
case_927,b,2025-02-24 20:18:10.543493
case_927,b,2025-02-24 20:23:10.543493
case_927,a,2025-02-24 20:28:10.543493
case_927,a,2025-02-24 20:33:10.543493
case_927,b,2025-02-24 20:38:10.543493
case_927,a,2025-02-24 20:43:10.543493
case_927,a,2025-02-24 20:48:10.543493
case_927,b,2025-02-24 20:53:10.543493
case_927,a,2025-02-24 20:58:10.543493
case_927,c,2025-02-24 21:03:10.543493
case_928,b,2025-02-24 19:28:10.543522
case_928,b,2025-02-24 19:33:10.543522
case_928,c,2025-02-24 19:38:10.543522
case_928,c,2025-02-24 19:43:10.543522
case_928,a,2025-02-24 19:48:10.543522
case_928,c,2025-02-24 19:53:10.543522
case_928,c,2025-02-24 19:58:10.543522
case_928,a,2025-02-24 20:03:10.543522
case_928,c,2025-02-24 20:08:10.543522
case_928,b,2025-02-24 20:13:10.543522
case_928,c,2025-02-24 20:18:10.543522
case_928,c,2025-02-24 20:23:10.543522
case_928,b,2025-02-24 20:28:10.543522
case_928,b,2025-02-24 20:33:10.543522
case_928,a,2025-02-24 20:38:10.543522
case_928,c,2025-02-24 20:43:10.543522
case_928,c,2025-02-24 20:48:10.543522
case_928,a,2025-02-24 20:53:10.543522
case_928,a,2025-02-24 20:58:10.543522
case_928,a,2025-02-24 21:03:10.543522
case_929,c,2025-02-24 19:28:10.543553
case_929,a,2025-02-24 19:33:10.543553
case_929,b,2025-02-24 19:38:10.543553
case_929,c,2025-02-24 19:43:10.543553
case_929,c,2025-02-24 19:48:10.543553
case_929,c,2025-02-24 19:53:10.543553
case_929,b,2025-02-24 19:58:10.543553
case_929,b,2025-02-24 20:03:10.543553
case_929,c,2025-02-24 20:08:10.543553
case_929,c,2025-02-24 20:13:10.543553
case_929,c,2025-02-24 20:18:10.543553
case_929,c,2025-02-24 20:23:10.543553
case_929,b,2025-02-24 20:28:10.543553
case_929,c,2025-02-24 20:33:10.543553
case_929,c,2025-02-24 20:38:10.543553
case_929,a,2025-02-24 20:43:10.543553
case_929,c,2025-02-24 20:48:10.543553
case_929,b,2025-02-24 20:53:10.543553
case_929,a,2025-02-24 20:58:10.543553
case_929,a,2025-02-24 21:03:10.543553
case_930,c,2025-02-24 19:28:10.543583
case_930,b,2025-02-24 19:33:10.543583
case_930,b,2025-02-24 19:38:10.543583
case_930,b,2025-02-24 19:43:10.543583
case_930,a,2025-02-24 19:48:10.543583
case_930,c,2025-02-24 19:53:10.543583
case_930,b,2025-02-24 19:58:10.543583
case_930,a,2025-02-24 20:03:10.543583
case_930,b,2025-02-24 20:08:10.543583
case_930,b,2025-02-24 20:13:10.543583
case_930,a,2025-02-24 20:18:10.543583
case_930,a,2025-02-24 20:23:10.543583
case_930,c,2025-02-24 20:28:10.543583
case_930,c,2025-02-24 20:33:10.543583
case_930,c,2025-02-24 20:38:10.543583
case_930,b,2025-02-24 20:43:10.543583
case_930,a,2025-02-24 20:48:10.543583
case_930,c,2025-02-24 20:53:10.543583
case_930,b,2025-02-24 20:58:10.543583
case_930,a,2025-02-24 21:03:10.543583
case_931,b,2025-02-24 19:28:10.543613
case_931,c,2025-02-24 19:33:10.543613
case_931,c,2025-02-24 19:38:10.543613
case_931,c,2025-02-24 19:43:10.543613
case_931,a,2025-02-24 19:48:10.543613
case_931,a,2025-02-24 19:53:10.543613
case_931,c,2025-02-24 19:58:10.543613
case_931,c,2025-02-24 20:03:10.543613
case_931,c,2025-02-24 20:08:10.543613
case_931,a,2025-02-24 20:13:10.543613
case_931,c,2025-02-24 20:18:10.543613
case_931,c,2025-02-24 20:23:10.543613
case_931,a,2025-02-24 20:28:10.543613
case_931,b,2025-02-24 20:33:10.543613
case_931,c,2025-02-24 20:38:10.543613
case_931,b,2025-02-24 20:43:10.543613
case_931,a,2025-02-24 20:48:10.543613
case_931,a,2025-02-24 20:53:10.543613
case_931,a,2025-02-24 20:58:10.543613
case_931,c,2025-02-24 21:03:10.543613
case_932,c,2025-02-24 19:28:10.543644
case_932,a,2025-02-24 19:33:10.543644
case_932,b,2025-02-24 19:38:10.543644
case_932,c,2025-02-24 19:43:10.543644
case_932,b,2025-02-24 19:48:10.543644
case_932,b,2025-02-24 19:53:10.543644
case_932,c,2025-02-24 19:58:10.543644
case_932,a,2025-02-24 20:03:10.543644
case_932,c,2025-02-24 20:08:10.543644
case_932,a,2025-02-24 20:13:10.543644
case_932,b,2025-02-24 20:18:10.543644
case_932,a,2025-02-24 20:23:10.543644
case_932,c,2025-02-24 20:28:10.543644
case_932,a,2025-02-24 20:33:10.543644
case_932,b,2025-02-24 20:38:10.543644
case_932,c,2025-02-24 20:43:10.543644
case_932,a,2025-02-24 20:48:10.543644
case_932,c,2025-02-24 20:53:10.543644
case_932,a,2025-02-24 20:58:10.543644
case_932,a,2025-02-24 21:03:10.543644
case_933,b,2025-02-24 19:28:10.543675
case_933,b,2025-02-24 19:33:10.543675
case_933,a,2025-02-24 19:38:10.543675
case_933,a,2025-02-24 19:43:10.543675
case_933,a,2025-02-24 19:48:10.543675
case_933,a,2025-02-24 19:53:10.543675
case_933,c,2025-02-24 19:58:10.543675
case_933,a,2025-02-24 20:03:10.543675
case_933,c,2025-02-24 20:08:10.543675
case_933,b,2025-02-24 20:13:10.543675
case_933,b,2025-02-24 20:18:10.543675
case_933,a,2025-02-24 20:23:10.543675
case_933,b,2025-02-24 20:28:10.543675
case_933,b,2025-02-24 20:33:10.543675
case_933,c,2025-02-24 20:38:10.543675
case_933,c,2025-02-24 20:43:10.543675
case_933,a,2025-02-24 20:48:10.543675
case_933,c,2025-02-24 20:53:10.543675
case_933,c,2025-02-24 20:58:10.543675
case_933,b,2025-02-24 21:03:10.543675
case_934,b,2025-02-24 19:28:10.543706
case_934,b,2025-02-24 19:33:10.543706
case_934,a,2025-02-24 19:38:10.543706
case_934,b,2025-02-24 19:43:10.543706
case_934,b,2025-02-24 19:48:10.543706
case_934,a,2025-02-24 19:53:10.543706
case_934,b,2025-02-24 19:58:10.543706
case_934,b,2025-02-24 20:03:10.543706
case_934,b,2025-02-24 20:08:10.543706
case_934,a,2025-02-24 20:13:10.543706
case_934,a,2025-02-24 20:18:10.543706
case_934,a,2025-02-24 20:23:10.543706
case_934,c,2025-02-24 20:28:10.543706
case_934,a,2025-02-24 20:33:10.543706
case_934,a,2025-02-24 20:38:10.543706
case_934,b,2025-02-24 20:43:10.543706
case_934,c,2025-02-24 20:48:10.543706
case_934,a,2025-02-24 20:53:10.543706
case_934,c,2025-02-24 20:58:10.543706
case_934,b,2025-02-24 21:03:10.543706
case_935,c,2025-02-24 19:28:10.543736
case_935,c,2025-02-24 19:33:10.543736
case_935,a,2025-02-24 19:38:10.543736
case_935,b,2025-02-24 19:43:10.543736
case_935,b,2025-02-24 19:48:10.543736
case_935,c,2025-02-24 19:53:10.543736
case_935,b,2025-02-24 19:58:10.543736
case_935,b,2025-02-24 20:03:10.543736
case_935,c,2025-02-24 20:08:10.543736
case_935,b,2025-02-24 20:13:10.543736
case_935,c,2025-02-24 20:18:10.543736
case_935,b,2025-02-24 20:23:10.543736
case_935,c,2025-02-24 20:28:10.543736
case_935,a,2025-02-24 20:33:10.543736
case_935,c,2025-02-24 20:38:10.543736
case_935,a,2025-02-24 20:43:10.543736
case_935,b,2025-02-24 20:48:10.543736
case_935,a,2025-02-24 20:53:10.543736
case_935,a,2025-02-24 20:58:10.543736
case_935,c,2025-02-24 21:03:10.543736
case_936,c,2025-02-24 19:28:10.543766
case_936,b,2025-02-24 19:33:10.543766
case_936,a,2025-02-24 19:38:10.543766
case_936,a,2025-02-24 19:43:10.543766
case_936,c,2025-02-24 19:48:10.543766
case_936,a,2025-02-24 19:53:10.543766
case_936,c,2025-02-24 19:58:10.543766
case_936,b,2025-02-24 20:03:10.543766
case_936,a,2025-02-24 20:08:10.543766
case_936,b,2025-02-24 20:13:10.543766
case_936,b,2025-02-24 20:18:10.543766
case_936,c,2025-02-24 20:23:10.543766
case_936,a,2025-02-24 20:28:10.543766
case_936,a,2025-02-24 20:33:10.543766
case_936,b,2025-02-24 20:38:10.543766
case_936,a,2025-02-24 20:43:10.543766
case_936,c,2025-02-24 20:48:10.543766
case_936,a,2025-02-24 20:53:10.543766
case_936,a,2025-02-24 20:58:10.543766
case_936,b,2025-02-24 21:03:10.543766
case_937,b,2025-02-24 19:28:10.543797
case_937,b,2025-02-24 19:33:10.543797
case_937,a,2025-02-24 19:38:10.543797
case_937,b,2025-02-24 19:43:10.543797
case_937,c,2025-02-24 19:48:10.543797
case_937,a,2025-02-24 19:53:10.543797
case_937,c,2025-02-24 19:58:10.543797
case_937,a,2025-02-24 20:03:10.543797
case_937,a,2025-02-24 20:08:10.543797
case_937,c,2025-02-24 20:13:10.543797
case_937,a,2025-02-24 20:18:10.543797
case_937,c,2025-02-24 20:23:10.543797
case_937,c,2025-02-24 20:28:10.543797
case_937,a,2025-02-24 20:33:10.543797
case_937,c,2025-02-24 20:38:10.543797
case_937,a,2025-02-24 20:43:10.543797
case_937,b,2025-02-24 20:48:10.543797
case_937,b,2025-02-24 20:53:10.543797
case_937,a,2025-02-24 20:58:10.543797
case_937,c,2025-02-24 21:03:10.543797
case_938,b,2025-02-24 19:28:10.543827
case_938,a,2025-02-24 19:33:10.543827
case_938,b,2025-02-24 19:38:10.543827
case_938,c,2025-02-24 19:43:10.543827
case_938,b,2025-02-24 19:48:10.543827
case_938,c,2025-02-24 19:53:10.543827
case_938,a,2025-02-24 19:58:10.543827
case_938,b,2025-02-24 20:03:10.543827
case_938,c,2025-02-24 20:08:10.543827
case_938,b,2025-02-24 20:13:10.543827
case_938,a,2025-02-24 20:18:10.543827
case_938,a,2025-02-24 20:23:10.543827
case_938,c,2025-02-24 20:28:10.543827
case_938,c,2025-02-24 20:33:10.543827
case_938,b,2025-02-24 20:38:10.543827
case_938,a,2025-02-24 20:43:10.543827
case_938,b,2025-02-24 20:48:10.543827
case_938,a,2025-02-24 20:53:10.543827
case_938,a,2025-02-24 20:58:10.543827
case_938,c,2025-02-24 21:03:10.543827
case_939,b,2025-02-24 19:28:10.543858
case_939,b,2025-02-24 19:33:10.543858
case_939,c,2025-02-24 19:38:10.543858
case_939,c,2025-02-24 19:43:10.543858
case_939,b,2025-02-24 19:48:10.543858
case_939,c,2025-02-24 19:53:10.543858
case_939,c,2025-02-24 19:58:10.543858
case_939,a,2025-02-24 20:03:10.543858
case_939,c,2025-02-24 20:08:10.543858
case_939,b,2025-02-24 20:13:10.543858
case_939,b,2025-02-24 20:18:10.543858
case_939,a,2025-02-24 20:23:10.543858
case_939,a,2025-02-24 20:28:10.543858
case_939,c,2025-02-24 20:33:10.543858
case_939,c,2025-02-24 20:38:10.543858
case_939,a,2025-02-24 20:43:10.543858
case_939,a,2025-02-24 20:48:10.543858
case_939,a,2025-02-24 20:53:10.543858
case_939,a,2025-02-24 20:58:10.543858
case_939,c,2025-02-24 21:03:10.543858
case_940,c,2025-02-24 19:28:10.543888
case_940,a,2025-02-24 19:33:10.543888
case_940,a,2025-02-24 19:38:10.543888
case_940,c,2025-02-24 19:43:10.543888
case_940,c,2025-02-24 19:48:10.543888
case_940,c,2025-02-24 19:53:10.543888
case_940,c,2025-02-24 19:58:10.543888
case_940,c,2025-02-24 20:03:10.543888
case_940,b,2025-02-24 20:08:10.543888
case_940,a,2025-02-24 20:13:10.543888
case_940,b,2025-02-24 20:18:10.543888
case_940,a,2025-02-24 20:23:10.543888
case_940,a,2025-02-24 20:28:10.543888
case_940,c,2025-02-24 20:33:10.543888
case_940,b,2025-02-24 20:38:10.543888
case_940,a,2025-02-24 20:43:10.543888
case_940,a,2025-02-24 20:48:10.543888
case_940,c,2025-02-24 20:53:10.543888
case_940,a,2025-02-24 20:58:10.543888
case_940,b,2025-02-24 21:03:10.543888
case_941,c,2025-02-24 19:28:10.543918
case_941,b,2025-02-24 19:33:10.543918
case_941,a,2025-02-24 19:38:10.543918
case_941,a,2025-02-24 19:43:10.543918
case_941,b,2025-02-24 19:48:10.543918
case_941,b,2025-02-24 19:53:10.543918
case_941,c,2025-02-24 19:58:10.543918
case_941,a,2025-02-24 20:03:10.543918
case_941,b,2025-02-24 20:08:10.543918
case_941,b,2025-02-24 20:13:10.543918
case_941,b,2025-02-24 20:18:10.543918
case_941,b,2025-02-24 20:23:10.543918
case_941,b,2025-02-24 20:28:10.543918
case_941,c,2025-02-24 20:33:10.543918
case_941,c,2025-02-24 20:38:10.543918
case_941,b,2025-02-24 20:43:10.543918
case_941,a,2025-02-24 20:48:10.543918
case_941,a,2025-02-24 20:53:10.543918
case_941,c,2025-02-24 20:58:10.543918
case_941,a,2025-02-24 21:03:10.543918
case_942,b,2025-02-24 19:28:10.543949
case_942,a,2025-02-24 19:33:10.543949
case_942,a,2025-02-24 19:38:10.543949
case_942,a,2025-02-24 19:43:10.543949
case_942,a,2025-02-24 19:48:10.543949
case_942,a,2025-02-24 19:53:10.543949
case_942,c,2025-02-24 19:58:10.543949
case_942,c,2025-02-24 20:03:10.543949
case_942,c,2025-02-24 20:08:10.543949
case_942,b,2025-02-24 20:13:10.543949
case_942,c,2025-02-24 20:18:10.543949
case_942,a,2025-02-24 20:23:10.543949
case_942,b,2025-02-24 20:28:10.543949
case_942,c,2025-02-24 20:33:10.543949
case_942,b,2025-02-24 20:38:10.543949
case_942,c,2025-02-24 20:43:10.543949
case_942,c,2025-02-24 20:48:10.543949
case_942,b,2025-02-24 20:53:10.543949
case_942,c,2025-02-24 20:58:10.543949
case_942,c,2025-02-24 21:03:10.543949
case_943,b,2025-02-24 19:28:10.543980
case_943,c,2025-02-24 19:33:10.543980
case_943,b,2025-02-24 19:38:10.543980
case_943,a,2025-02-24 19:43:10.543980
case_943,b,2025-02-24 19:48:10.543980
case_943,c,2025-02-24 19:53:10.543980
case_943,c,2025-02-24 19:58:10.543980
case_943,b,2025-02-24 20:03:10.543980
case_943,b,2025-02-24 20:08:10.543980
case_943,c,2025-02-24 20:13:10.543980
case_943,c,2025-02-24 20:18:10.543980
case_943,c,2025-02-24 20:23:10.543980
case_943,c,2025-02-24 20:28:10.543980
case_943,a,2025-02-24 20:33:10.543980
case_943,b,2025-02-24 20:38:10.543980
case_943,c,2025-02-24 20:43:10.543980
case_943,a,2025-02-24 20:48:10.543980
case_943,b,2025-02-24 20:53:10.543980
case_943,a,2025-02-24 20:58:10.543980
case_943,a,2025-02-24 21:03:10.543980
case_944,c,2025-02-24 19:28:10.544010
case_944,a,2025-02-24 19:33:10.544010
case_944,c,2025-02-24 19:38:10.544010
case_944,a,2025-02-24 19:43:10.544010
case_944,a,2025-02-24 19:48:10.544010
case_944,c,2025-02-24 19:53:10.544010
case_944,c,2025-02-24 19:58:10.544010
case_944,b,2025-02-24 20:03:10.544010
case_944,c,2025-02-24 20:08:10.544010
case_944,b,2025-02-24 20:13:10.544010
case_944,a,2025-02-24 20:18:10.544010
case_944,a,2025-02-24 20:23:10.544010
case_944,a,2025-02-24 20:28:10.544010
case_944,c,2025-02-24 20:33:10.544010
case_944,c,2025-02-24 20:38:10.544010
case_944,b,2025-02-24 20:43:10.544010
case_944,a,2025-02-24 20:48:10.544010
case_944,a,2025-02-24 20:53:10.544010
case_944,a,2025-02-24 20:58:10.544010
case_944,b,2025-02-24 21:03:10.544010
case_945,c,2025-02-24 19:28:10.544041
case_945,a,2025-02-24 19:33:10.544041
case_945,c,2025-02-24 19:38:10.544041
case_945,b,2025-02-24 19:43:10.544041
case_945,a,2025-02-24 19:48:10.544041
case_945,c,2025-02-24 19:53:10.544041
case_945,a,2025-02-24 19:58:10.544041
case_945,c,2025-02-24 20:03:10.544041
case_945,a,2025-02-24 20:08:10.544041
case_945,a,2025-02-24 20:13:10.544041
case_945,b,2025-02-24 20:18:10.544041
case_945,c,2025-02-24 20:23:10.544041
case_945,b,2025-02-24 20:28:10.544041
case_945,b,2025-02-24 20:33:10.544041
case_945,b,2025-02-24 20:38:10.544041
case_945,b,2025-02-24 20:43:10.544041
case_945,a,2025-02-24 20:48:10.544041
case_945,a,2025-02-24 20:53:10.544041
case_945,a,2025-02-24 20:58:10.544041
case_945,c,2025-02-24 21:03:10.544041
case_946,c,2025-02-24 19:28:10.544072
case_946,b,2025-02-24 19:33:10.544072
case_946,b,2025-02-24 19:38:10.544072
case_946,c,2025-02-24 19:43:10.544072
case_946,b,2025-02-24 19:48:10.544072
case_946,b,2025-02-24 19:53:10.544072
case_946,b,2025-02-24 19:58:10.544072
case_946,b,2025-02-24 20:03:10.544072
case_946,a,2025-02-24 20:08:10.544072
case_946,b,2025-02-24 20:13:10.544072
case_946,c,2025-02-24 20:18:10.544072
case_946,b,2025-02-24 20:23:10.544072
case_946,c,2025-02-24 20:28:10.544072
case_946,b,2025-02-24 20:33:10.544072
case_946,b,2025-02-24 20:38:10.544072
case_946,a,2025-02-24 20:43:10.544072
case_946,b,2025-02-24 20:48:10.544072
case_946,a,2025-02-24 20:53:10.544072
case_946,a,2025-02-24 20:58:10.544072
case_946,c,2025-02-24 21:03:10.544072
case_947,c,2025-02-24 19:28:10.544103
case_947,b,2025-02-24 19:33:10.544103
case_947,a,2025-02-24 19:38:10.544103
case_947,b,2025-02-24 19:43:10.544103
case_947,a,2025-02-24 19:48:10.544103
case_947,b,2025-02-24 19:53:10.544103
case_947,a,2025-02-24 19:58:10.544103
case_947,c,2025-02-24 20:03:10.544103
case_947,b,2025-02-24 20:08:10.544103
case_947,c,2025-02-24 20:13:10.544103
case_947,c,2025-02-24 20:18:10.544103
case_947,c,2025-02-24 20:23:10.544103
case_947,a,2025-02-24 20:28:10.544103
case_947,a,2025-02-24 20:33:10.544103
case_947,b,2025-02-24 20:38:10.544103
case_947,b,2025-02-24 20:43:10.544103
case_947,a,2025-02-24 20:48:10.544103
case_947,b,2025-02-24 20:53:10.544103
case_947,b,2025-02-24 20:58:10.544103
case_947,a,2025-02-24 21:03:10.544103
case_948,b,2025-02-24 19:28:10.544133
case_948,b,2025-02-24 19:33:10.544133
case_948,a,2025-02-24 19:38:10.544133
case_948,b,2025-02-24 19:43:10.544133
case_948,a,2025-02-24 19:48:10.544133
case_948,a,2025-02-24 19:53:10.544133
case_948,c,2025-02-24 19:58:10.544133
case_948,b,2025-02-24 20:03:10.544133
case_948,c,2025-02-24 20:08:10.544133
case_948,c,2025-02-24 20:13:10.544133
case_948,b,2025-02-24 20:18:10.544133
case_948,b,2025-02-24 20:23:10.544133
case_948,a,2025-02-24 20:28:10.544133
case_948,b,2025-02-24 20:33:10.544133
case_948,b,2025-02-24 20:38:10.544133
case_948,c,2025-02-24 20:43:10.544133
case_948,a,2025-02-24 20:48:10.544133
case_948,b,2025-02-24 20:53:10.544133
case_948,b,2025-02-24 20:58:10.544133
case_948,c,2025-02-24 21:03:10.544133
case_949,c,2025-02-24 19:28:10.544163
case_949,b,2025-02-24 19:33:10.544163
case_949,b,2025-02-24 19:38:10.544163
case_949,b,2025-02-24 19:43:10.544163
case_949,c,2025-02-24 19:48:10.544163
case_949,c,2025-02-24 19:53:10.544163
case_949,c,2025-02-24 19:58:10.544163
case_949,c,2025-02-24 20:03:10.544163
case_949,a,2025-02-24 20:08:10.544163
case_949,b,2025-02-24 20:13:10.544163
case_949,c,2025-02-24 20:18:10.544163
case_949,b,2025-02-24 20:23:10.544163
case_949,b,2025-02-24 20:28:10.544163
case_949,c,2025-02-24 20:33:10.544163
case_949,c,2025-02-24 20:38:10.544163
case_949,b,2025-02-24 20:43:10.544163
case_949,c,2025-02-24 20:48:10.544163
case_949,c,2025-02-24 20:53:10.544163
case_949,a,2025-02-24 20:58:10.544163
case_949,a,2025-02-24 21:03:10.544163
case_950,b,2025-02-24 19:28:10.544193
case_950,a,2025-02-24 19:33:10.544193
case_950,c,2025-02-24 19:38:10.544193
case_950,b,2025-02-24 19:43:10.544193
case_950,b,2025-02-24 19:48:10.544193
case_950,a,2025-02-24 19:53:10.544193
case_950,c,2025-02-24 19:58:10.544193
case_950,c,2025-02-24 20:03:10.544193
case_950,c,2025-02-24 20:08:10.544193
case_950,a,2025-02-24 20:13:10.544193
case_950,b,2025-02-24 20:18:10.544193
case_950,b,2025-02-24 20:23:10.544193
case_950,a,2025-02-24 20:28:10.544193
case_950,c,2025-02-24 20:33:10.544193
case_950,a,2025-02-24 20:38:10.544193
case_950,c,2025-02-24 20:43:10.544193
case_950,a,2025-02-24 20:48:10.544193
case_950,a,2025-02-24 20:53:10.544193
case_950,b,2025-02-24 20:58:10.544193
case_950,c,2025-02-24 21:03:10.544193
case_951,c,2025-02-24 19:28:10.544223
case_951,b,2025-02-24 19:33:10.544223
case_951,a,2025-02-24 19:38:10.544223
case_951,c,2025-02-24 19:43:10.544223
case_951,c,2025-02-24 19:48:10.544223
case_951,b,2025-02-24 19:53:10.544223
case_951,a,2025-02-24 19:58:10.544223
case_951,c,2025-02-24 20:03:10.544223
case_951,c,2025-02-24 20:08:10.544223
case_951,b,2025-02-24 20:13:10.544223
case_951,a,2025-02-24 20:18:10.544223
case_951,a,2025-02-24 20:23:10.544223
case_951,c,2025-02-24 20:28:10.544223
case_951,c,2025-02-24 20:33:10.544223
case_951,a,2025-02-24 20:38:10.544223
case_951,b,2025-02-24 20:43:10.544223
case_951,b,2025-02-24 20:48:10.544223
case_951,a,2025-02-24 20:53:10.544223
case_951,b,2025-02-24 20:58:10.544223
case_951,a,2025-02-24 21:03:10.544223
case_952,c,2025-02-24 19:28:10.544254
case_952,b,2025-02-24 19:33:10.544254
case_952,a,2025-02-24 19:38:10.544254
case_952,b,2025-02-24 19:43:10.544254
case_952,c,2025-02-24 19:48:10.544254
case_952,c,2025-02-24 19:53:10.544254
case_952,a,2025-02-24 19:58:10.544254
case_952,b,2025-02-24 20:03:10.544254
case_952,c,2025-02-24 20:08:10.544254
case_952,b,2025-02-24 20:13:10.544254
case_952,c,2025-02-24 20:18:10.544254
case_952,c,2025-02-24 20:23:10.544254
case_952,b,2025-02-24 20:28:10.544254
case_952,a,2025-02-24 20:33:10.544254
case_952,a,2025-02-24 20:38:10.544254
case_952,c,2025-02-24 20:43:10.544254
case_952,a,2025-02-24 20:48:10.544254
case_952,c,2025-02-24 20:53:10.544254
case_952,b,2025-02-24 20:58:10.544254
case_952,b,2025-02-24 21:03:10.544254
case_953,b,2025-02-24 19:28:10.544284
case_953,b,2025-02-24 19:33:10.544284
case_953,b,2025-02-24 19:38:10.544284
case_953,a,2025-02-24 19:43:10.544284
case_953,b,2025-02-24 19:48:10.544284
case_953,c,2025-02-24 19:53:10.544284
case_953,a,2025-02-24 19:58:10.544284
case_953,c,2025-02-24 20:03:10.544284
case_953,a,2025-02-24 20:08:10.544284
case_953,b,2025-02-24 20:13:10.544284
case_953,b,2025-02-24 20:18:10.544284
case_953,c,2025-02-24 20:23:10.544284
case_953,b,2025-02-24 20:28:10.544284
case_953,c,2025-02-24 20:33:10.544284
case_953,b,2025-02-24 20:38:10.544284
case_953,c,2025-02-24 20:43:10.544284
case_953,c,2025-02-24 20:48:10.544284
case_953,c,2025-02-24 20:53:10.544284
case_953,a,2025-02-24 20:58:10.544284
case_953,a,2025-02-24 21:03:10.544284
case_954,c,2025-02-24 19:28:10.544313
case_954,c,2025-02-24 19:33:10.544313
case_954,b,2025-02-24 19:38:10.544313
case_954,a,2025-02-24 19:43:10.544313
case_954,c,2025-02-24 19:48:10.544313
case_954,c,2025-02-24 19:53:10.544313
case_954,a,2025-02-24 19:58:10.544313
case_954,a,2025-02-24 20:03:10.544313
case_954,b,2025-02-24 20:08:10.544313
case_954,b,2025-02-24 20:13:10.544313
case_954,a,2025-02-24 20:18:10.544313
case_954,c,2025-02-24 20:23:10.544313
case_954,a,2025-02-24 20:28:10.544313
case_954,c,2025-02-24 20:33:10.544313
case_954,a,2025-02-24 20:38:10.544313
case_954,a,2025-02-24 20:43:10.544313
case_954,a,2025-02-24 20:48:10.544313
case_954,a,2025-02-24 20:53:10.544313
case_954,a,2025-02-24 20:58:10.544313
case_954,b,2025-02-24 21:03:10.544313
case_955,b,2025-02-24 19:28:10.544346
case_955,b,2025-02-24 19:33:10.544346
case_955,c,2025-02-24 19:38:10.544346
case_955,c,2025-02-24 19:43:10.544346
case_955,b,2025-02-24 19:48:10.544346
case_955,a,2025-02-24 19:53:10.544346
case_955,a,2025-02-24 19:58:10.544346
case_955,b,2025-02-24 20:03:10.544346
case_955,a,2025-02-24 20:08:10.544346
case_955,b,2025-02-24 20:13:10.544346
case_955,a,2025-02-24 20:18:10.544346
case_955,b,2025-02-24 20:23:10.544346
case_955,c,2025-02-24 20:28:10.544346
case_955,a,2025-02-24 20:33:10.544346
case_955,a,2025-02-24 20:38:10.544346
case_955,b,2025-02-24 20:43:10.544346
case_955,b,2025-02-24 20:48:10.544346
case_955,b,2025-02-24 20:53:10.544346
case_955,b,2025-02-24 20:58:10.544346
case_955,b,2025-02-24 21:03:10.544346
case_956,b,2025-02-24 19:28:10.544376
case_956,c,2025-02-24 19:33:10.544376
case_956,b,2025-02-24 19:38:10.544376
case_956,c,2025-02-24 19:43:10.544376
case_956,a,2025-02-24 19:48:10.544376
case_956,b,2025-02-24 19:53:10.544376
case_956,b,2025-02-24 19:58:10.544376
case_956,b,2025-02-24 20:03:10.544376
case_956,c,2025-02-24 20:08:10.544376
case_956,a,2025-02-24 20:13:10.544376
case_956,c,2025-02-24 20:18:10.544376
case_956,a,2025-02-24 20:23:10.544376
case_956,a,2025-02-24 20:28:10.544376
case_956,c,2025-02-24 20:33:10.544376
case_956,c,2025-02-24 20:38:10.544376
case_956,c,2025-02-24 20:43:10.544376
case_956,c,2025-02-24 20:48:10.544376
case_956,c,2025-02-24 20:53:10.544376
case_956,c,2025-02-24 20:58:10.544376
case_956,c,2025-02-24 21:03:10.544376
case_957,c,2025-02-24 19:28:10.544407
case_957,b,2025-02-24 19:33:10.544407
case_957,a,2025-02-24 19:38:10.544407
case_957,a,2025-02-24 19:43:10.544407
case_957,c,2025-02-24 19:48:10.544407
case_957,b,2025-02-24 19:53:10.544407
case_957,c,2025-02-24 19:58:10.544407
case_957,c,2025-02-24 20:03:10.544407
case_957,a,2025-02-24 20:08:10.544407
case_957,b,2025-02-24 20:13:10.544407
case_957,b,2025-02-24 20:18:10.544407
case_957,a,2025-02-24 20:23:10.544407
case_957,c,2025-02-24 20:28:10.544407
case_957,a,2025-02-24 20:33:10.544407
case_957,a,2025-02-24 20:38:10.544407
case_957,c,2025-02-24 20:43:10.544407
case_957,c,2025-02-24 20:48:10.544407
case_957,c,2025-02-24 20:53:10.544407
case_957,c,2025-02-24 20:58:10.544407
case_957,c,2025-02-24 21:03:10.544407
case_958,b,2025-02-24 19:28:10.544437
case_958,b,2025-02-24 19:33:10.544437
case_958,a,2025-02-24 19:38:10.544437
case_958,b,2025-02-24 19:43:10.544437
case_958,a,2025-02-24 19:48:10.544437
case_958,b,2025-02-24 19:53:10.544437
case_958,b,2025-02-24 19:58:10.544437
case_958,c,2025-02-24 20:03:10.544437
case_958,c,2025-02-24 20:08:10.544437
case_958,c,2025-02-24 20:13:10.544437
case_958,b,2025-02-24 20:18:10.544437
case_958,a,2025-02-24 20:23:10.544437
case_958,c,2025-02-24 20:28:10.544437
case_958,b,2025-02-24 20:33:10.544437
case_958,c,2025-02-24 20:38:10.544437
case_958,b,2025-02-24 20:43:10.544437
case_958,c,2025-02-24 20:48:10.544437
case_958,a,2025-02-24 20:53:10.544437
case_958,a,2025-02-24 20:58:10.544437
case_958,b,2025-02-24 21:03:10.544437
case_959,b,2025-02-24 19:28:10.544467
case_959,c,2025-02-24 19:33:10.544467
case_959,a,2025-02-24 19:38:10.544467
case_959,b,2025-02-24 19:43:10.544467
case_959,a,2025-02-24 19:48:10.544467
case_959,a,2025-02-24 19:53:10.544467
case_959,c,2025-02-24 19:58:10.544467
case_959,b,2025-02-24 20:03:10.544467
case_959,b,2025-02-24 20:08:10.544467
case_959,a,2025-02-24 20:13:10.544467
case_959,c,2025-02-24 20:18:10.544467
case_959,a,2025-02-24 20:23:10.544467
case_959,b,2025-02-24 20:28:10.544467
case_959,b,2025-02-24 20:33:10.544467
case_959,a,2025-02-24 20:38:10.544467
case_959,c,2025-02-24 20:43:10.544467
case_959,b,2025-02-24 20:48:10.544467
case_959,a,2025-02-24 20:53:10.544467
case_959,b,2025-02-24 20:58:10.544467
case_959,a,2025-02-24 21:03:10.544467
case_960,b,2025-02-24 19:28:10.544498
case_960,a,2025-02-24 19:33:10.544498
case_960,a,2025-02-24 19:38:10.544498
case_960,c,2025-02-24 19:43:10.544498
case_960,c,2025-02-24 19:48:10.544498
case_960,a,2025-02-24 19:53:10.544498
case_960,a,2025-02-24 19:58:10.544498
case_960,b,2025-02-24 20:03:10.544498
case_960,a,2025-02-24 20:08:10.544498
case_960,b,2025-02-24 20:13:10.544498
case_960,c,2025-02-24 20:18:10.544498
case_960,c,2025-02-24 20:23:10.544498
case_960,b,2025-02-24 20:28:10.544498
case_960,c,2025-02-24 20:33:10.544498
case_960,a,2025-02-24 20:38:10.544498
case_960,b,2025-02-24 20:43:10.544498
case_960,c,2025-02-24 20:48:10.544498
case_960,a,2025-02-24 20:53:10.544498
case_960,c,2025-02-24 20:58:10.544498
case_960,b,2025-02-24 21:03:10.544498
case_961,c,2025-02-24 19:28:10.544532
case_961,c,2025-02-24 19:33:10.544532
case_961,b,2025-02-24 19:38:10.544532
case_961,a,2025-02-24 19:43:10.544532
case_961,b,2025-02-24 19:48:10.544532
case_961,a,2025-02-24 19:53:10.544532
case_961,b,2025-02-24 19:58:10.544532
case_961,b,2025-02-24 20:03:10.544532
case_961,c,2025-02-24 20:08:10.544532
case_961,b,2025-02-24 20:13:10.544532
case_961,b,2025-02-24 20:18:10.544532
case_961,c,2025-02-24 20:23:10.544532
case_961,c,2025-02-24 20:28:10.544532
case_961,b,2025-02-24 20:33:10.544532
case_961,b,2025-02-24 20:38:10.544532
case_961,a,2025-02-24 20:43:10.544532
case_961,b,2025-02-24 20:48:10.544532
case_961,b,2025-02-24 20:53:10.544532
case_961,a,2025-02-24 20:58:10.544532
case_961,a,2025-02-24 21:03:10.544532
case_962,c,2025-02-24 19:28:10.544564
case_962,c,2025-02-24 19:33:10.544564
case_962,a,2025-02-24 19:38:10.544564
case_962,a,2025-02-24 19:43:10.544564
case_962,a,2025-02-24 19:48:10.544564
case_962,c,2025-02-24 19:53:10.544564
case_962,c,2025-02-24 19:58:10.544564
case_962,c,2025-02-24 20:03:10.544564
case_962,c,2025-02-24 20:08:10.544564
case_962,c,2025-02-24 20:13:10.544564
case_962,a,2025-02-24 20:18:10.544564
case_962,a,2025-02-24 20:23:10.544564
case_962,b,2025-02-24 20:28:10.544564
case_962,b,2025-02-24 20:33:10.544564
case_962,c,2025-02-24 20:38:10.544564
case_962,a,2025-02-24 20:43:10.544564
case_962,b,2025-02-24 20:48:10.544564
case_962,b,2025-02-24 20:53:10.544564
case_962,c,2025-02-24 20:58:10.544564
case_962,c,2025-02-24 21:03:10.544564
case_963,b,2025-02-24 19:28:10.544594
case_963,b,2025-02-24 19:33:10.544594
case_963,b,2025-02-24 19:38:10.544594
case_963,c,2025-02-24 19:43:10.544594
case_963,b,2025-02-24 19:48:10.544594
case_963,a,2025-02-24 19:53:10.544594
case_963,b,2025-02-24 19:58:10.544594
case_963,b,2025-02-24 20:03:10.544594
case_963,b,2025-02-24 20:08:10.544594
case_963,c,2025-02-24 20:13:10.544594
case_963,c,2025-02-24 20:18:10.544594
case_963,b,2025-02-24 20:23:10.544594
case_963,a,2025-02-24 20:28:10.544594
case_963,a,2025-02-24 20:33:10.544594
case_963,c,2025-02-24 20:38:10.544594
case_963,b,2025-02-24 20:43:10.544594
case_963,c,2025-02-24 20:48:10.544594
case_963,a,2025-02-24 20:53:10.544594
case_963,c,2025-02-24 20:58:10.544594
case_963,b,2025-02-24 21:03:10.544594
case_964,c,2025-02-24 19:28:10.544624
case_964,a,2025-02-24 19:33:10.544624
case_964,c,2025-02-24 19:38:10.544624
case_964,a,2025-02-24 19:43:10.544624
case_964,c,2025-02-24 19:48:10.544624
case_964,a,2025-02-24 19:53:10.544624
case_964,a,2025-02-24 19:58:10.544624
case_964,c,2025-02-24 20:03:10.544624
case_964,a,2025-02-24 20:08:10.544624
case_964,a,2025-02-24 20:13:10.544624
case_964,a,2025-02-24 20:18:10.544624
case_964,c,2025-02-24 20:23:10.544624
case_964,a,2025-02-24 20:28:10.544624
case_964,b,2025-02-24 20:33:10.544624
case_964,c,2025-02-24 20:38:10.544624
case_964,a,2025-02-24 20:43:10.544624
case_964,a,2025-02-24 20:48:10.544624
case_964,b,2025-02-24 20:53:10.544624
case_964,a,2025-02-24 20:58:10.544624
case_964,c,2025-02-24 21:03:10.544624
case_965,b,2025-02-24 19:28:10.544656
case_965,b,2025-02-24 19:33:10.544656
case_965,b,2025-02-24 19:38:10.544656
case_965,c,2025-02-24 19:43:10.544656
case_965,a,2025-02-24 19:48:10.544656
case_965,a,2025-02-24 19:53:10.544656
case_965,a,2025-02-24 19:58:10.544656
case_965,b,2025-02-24 20:03:10.544656
case_965,a,2025-02-24 20:08:10.544656
case_965,c,2025-02-24 20:13:10.544656
case_965,b,2025-02-24 20:18:10.544656
case_965,c,2025-02-24 20:23:10.544656
case_965,a,2025-02-24 20:28:10.544656
case_965,c,2025-02-24 20:33:10.544656
case_965,a,2025-02-24 20:38:10.544656
case_965,b,2025-02-24 20:43:10.544656
case_965,c,2025-02-24 20:48:10.544656
case_965,c,2025-02-24 20:53:10.544656
case_965,a,2025-02-24 20:58:10.544656
case_965,c,2025-02-24 21:03:10.544656
case_966,c,2025-02-24 19:28:10.544686
case_966,b,2025-02-24 19:33:10.544686
case_966,b,2025-02-24 19:38:10.544686
case_966,c,2025-02-24 19:43:10.544686
case_966,c,2025-02-24 19:48:10.544686
case_966,c,2025-02-24 19:53:10.544686
case_966,b,2025-02-24 19:58:10.544686
case_966,b,2025-02-24 20:03:10.544686
case_966,a,2025-02-24 20:08:10.544686
case_966,a,2025-02-24 20:13:10.544686
case_966,c,2025-02-24 20:18:10.544686
case_966,b,2025-02-24 20:23:10.544686
case_966,a,2025-02-24 20:28:10.544686
case_966,a,2025-02-24 20:33:10.544686
case_966,a,2025-02-24 20:38:10.544686
case_966,b,2025-02-24 20:43:10.544686
case_966,c,2025-02-24 20:48:10.544686
case_966,c,2025-02-24 20:53:10.544686
case_966,a,2025-02-24 20:58:10.544686
case_966,c,2025-02-24 21:03:10.544686
case_967,b,2025-02-24 19:28:10.544719
case_967,c,2025-02-24 19:33:10.544719
case_967,b,2025-02-24 19:38:10.544719
case_967,b,2025-02-24 19:43:10.544719
case_967,b,2025-02-24 19:48:10.544719
case_967,a,2025-02-24 19:53:10.544719
case_967,c,2025-02-24 19:58:10.544719
case_967,a,2025-02-24 20:03:10.544719
case_967,c,2025-02-24 20:08:10.544719
case_967,b,2025-02-24 20:13:10.544719
case_967,b,2025-02-24 20:18:10.544719
case_967,b,2025-02-24 20:23:10.544719
case_967,b,2025-02-24 20:28:10.544719
case_967,b,2025-02-24 20:33:10.544719
case_967,c,2025-02-24 20:38:10.544719
case_967,a,2025-02-24 20:43:10.544719
case_967,a,2025-02-24 20:48:10.544719
case_967,a,2025-02-24 20:53:10.544719
case_967,a,2025-02-24 20:58:10.544719
case_967,b,2025-02-24 21:03:10.544719
case_968,c,2025-02-24 19:28:10.544750
case_968,c,2025-02-24 19:33:10.544750
case_968,c,2025-02-24 19:38:10.544750
case_968,a,2025-02-24 19:43:10.544750
case_968,b,2025-02-24 19:48:10.544750
case_968,a,2025-02-24 19:53:10.544750
case_968,b,2025-02-24 19:58:10.544750
case_968,c,2025-02-24 20:03:10.544750
case_968,c,2025-02-24 20:08:10.544750
case_968,a,2025-02-24 20:13:10.544750
case_968,b,2025-02-24 20:18:10.544750
case_968,b,2025-02-24 20:23:10.544750
case_968,c,2025-02-24 20:28:10.544750
case_968,c,2025-02-24 20:33:10.544750
case_968,c,2025-02-24 20:38:10.544750
case_968,a,2025-02-24 20:43:10.544750
case_968,a,2025-02-24 20:48:10.544750
case_968,b,2025-02-24 20:53:10.544750
case_968,c,2025-02-24 20:58:10.544750
case_968,b,2025-02-24 21:03:10.544750
case_969,b,2025-02-24 19:28:10.544781
case_969,c,2025-02-24 19:33:10.544781
case_969,b,2025-02-24 19:38:10.544781
case_969,a,2025-02-24 19:43:10.544781
case_969,b,2025-02-24 19:48:10.544781
case_969,b,2025-02-24 19:53:10.544781
case_969,a,2025-02-24 19:58:10.544781
case_969,c,2025-02-24 20:03:10.544781
case_969,a,2025-02-24 20:08:10.544781
case_969,c,2025-02-24 20:13:10.544781
case_969,c,2025-02-24 20:18:10.544781
case_969,c,2025-02-24 20:23:10.544781
case_969,a,2025-02-24 20:28:10.544781
case_969,a,2025-02-24 20:33:10.544781
case_969,c,2025-02-24 20:38:10.544781
case_969,a,2025-02-24 20:43:10.544781
case_969,a,2025-02-24 20:48:10.544781
case_969,c,2025-02-24 20:53:10.544781
case_969,c,2025-02-24 20:58:10.544781
case_969,c,2025-02-24 21:03:10.544781
case_970,c,2025-02-24 19:28:10.544811
case_970,a,2025-02-24 19:33:10.544811
case_970,b,2025-02-24 19:38:10.544811
case_970,c,2025-02-24 19:43:10.544811
case_970,b,2025-02-24 19:48:10.544811
case_970,a,2025-02-24 19:53:10.544811
case_970,c,2025-02-24 19:58:10.544811
case_970,c,2025-02-24 20:03:10.544811
case_970,c,2025-02-24 20:08:10.544811
case_970,c,2025-02-24 20:13:10.544811
case_970,b,2025-02-24 20:18:10.544811
case_970,c,2025-02-24 20:23:10.544811
case_970,b,2025-02-24 20:28:10.544811
case_970,b,2025-02-24 20:33:10.544811
case_970,c,2025-02-24 20:38:10.544811
case_970,b,2025-02-24 20:43:10.544811
case_970,a,2025-02-24 20:48:10.544811
case_970,b,2025-02-24 20:53:10.544811
case_970,a,2025-02-24 20:58:10.544811
case_970,a,2025-02-24 21:03:10.544811
case_971,c,2025-02-24 19:28:10.544841
case_971,a,2025-02-24 19:33:10.544841
case_971,c,2025-02-24 19:38:10.544841
case_971,a,2025-02-24 19:43:10.544841
case_971,a,2025-02-24 19:48:10.544841
case_971,b,2025-02-24 19:53:10.544841
case_971,a,2025-02-24 19:58:10.544841
case_971,c,2025-02-24 20:03:10.544841
case_971,b,2025-02-24 20:08:10.544841
case_971,a,2025-02-24 20:13:10.544841
case_971,a,2025-02-24 20:18:10.544841
case_971,c,2025-02-24 20:23:10.544841
case_971,b,2025-02-24 20:28:10.544841
case_971,b,2025-02-24 20:33:10.544841
case_971,c,2025-02-24 20:38:10.544841
case_971,b,2025-02-24 20:43:10.544841
case_971,a,2025-02-24 20:48:10.544841
case_971,a,2025-02-24 20:53:10.544841
case_971,b,2025-02-24 20:58:10.544841
case_971,c,2025-02-24 21:03:10.544841
case_972,b,2025-02-24 19:28:10.544871
case_972,b,2025-02-24 19:33:10.544871
case_972,b,2025-02-24 19:38:10.544871
case_972,c,2025-02-24 19:43:10.544871
case_972,c,2025-02-24 19:48:10.544871
case_972,a,2025-02-24 19:53:10.544871
case_972,c,2025-02-24 19:58:10.544871
case_972,c,2025-02-24 20:03:10.544871
case_972,b,2025-02-24 20:08:10.544871
case_972,b,2025-02-24 20:13:10.544871
case_972,c,2025-02-24 20:18:10.544871
case_972,a,2025-02-24 20:23:10.544871
case_972,a,2025-02-24 20:28:10.544871
case_972,a,2025-02-24 20:33:10.544871
case_972,b,2025-02-24 20:38:10.544871
case_972,c,2025-02-24 20:43:10.544871
case_972,b,2025-02-24 20:48:10.544871
case_972,a,2025-02-24 20:53:10.544871
case_972,b,2025-02-24 20:58:10.544871
case_972,b,2025-02-24 21:03:10.544871
case_973,c,2025-02-24 19:28:10.544902
case_973,a,2025-02-24 19:33:10.544902
case_973,a,2025-02-24 19:38:10.544902
case_973,c,2025-02-24 19:43:10.544902
case_973,a,2025-02-24 19:48:10.544902
case_973,c,2025-02-24 19:53:10.544902
case_973,a,2025-02-24 19:58:10.544902
case_973,c,2025-02-24 20:03:10.544902
case_973,c,2025-02-24 20:08:10.544902
case_973,c,2025-02-24 20:13:10.544902
case_973,b,2025-02-24 20:18:10.544902
case_973,a,2025-02-24 20:23:10.544902
case_973,b,2025-02-24 20:28:10.544902
case_973,c,2025-02-24 20:33:10.544902
case_973,b,2025-02-24 20:38:10.544902
case_973,c,2025-02-24 20:43:10.544902
case_973,b,2025-02-24 20:48:10.544902
case_973,b,2025-02-24 20:53:10.544902
case_973,a,2025-02-24 20:58:10.544902
case_973,c,2025-02-24 21:03:10.544902
case_974,b,2025-02-24 19:28:10.544932
case_974,a,2025-02-24 19:33:10.544932
case_974,c,2025-02-24 19:38:10.544932
case_974,c,2025-02-24 19:43:10.544932
case_974,c,2025-02-24 19:48:10.544932
case_974,c,2025-02-24 19:53:10.544932
case_974,b,2025-02-24 19:58:10.544932
case_974,b,2025-02-24 20:03:10.544932
case_974,c,2025-02-24 20:08:10.544932
case_974,a,2025-02-24 20:13:10.544932
case_974,b,2025-02-24 20:18:10.544932
case_974,b,2025-02-24 20:23:10.544932
case_974,c,2025-02-24 20:28:10.544932
case_974,a,2025-02-24 20:33:10.544932
case_974,a,2025-02-24 20:38:10.544932
case_974,a,2025-02-24 20:43:10.544932
case_974,b,2025-02-24 20:48:10.544932
case_974,b,2025-02-24 20:53:10.544932
case_974,c,2025-02-24 20:58:10.544932
case_974,c,2025-02-24 21:03:10.544932
case_975,b,2025-02-24 19:28:10.544963
case_975,a,2025-02-24 19:33:10.544963
case_975,a,2025-02-24 19:38:10.544963
case_975,c,2025-02-24 19:43:10.544963
case_975,b,2025-02-24 19:48:10.544963
case_975,b,2025-02-24 19:53:10.544963
case_975,b,2025-02-24 19:58:10.544963
case_975,c,2025-02-24 20:03:10.544963
case_975,a,2025-02-24 20:08:10.544963
case_975,c,2025-02-24 20:13:10.544963
case_975,a,2025-02-24 20:18:10.544963
case_975,c,2025-02-24 20:23:10.544963
case_975,c,2025-02-24 20:28:10.544963
case_975,b,2025-02-24 20:33:10.544963
case_975,b,2025-02-24 20:38:10.544963
case_975,b,2025-02-24 20:43:10.544963
case_975,a,2025-02-24 20:48:10.544963
case_975,b,2025-02-24 20:53:10.544963
case_975,b,2025-02-24 20:58:10.544963
case_975,a,2025-02-24 21:03:10.544963
case_976,b,2025-02-24 19:28:10.544994
case_976,b,2025-02-24 19:33:10.544994
case_976,a,2025-02-24 19:38:10.544994
case_976,b,2025-02-24 19:43:10.544994
case_976,b,2025-02-24 19:48:10.544994
case_976,b,2025-02-24 19:53:10.544994
case_976,a,2025-02-24 19:58:10.544994
case_976,c,2025-02-24 20:03:10.544994
case_976,c,2025-02-24 20:08:10.544994
case_976,a,2025-02-24 20:13:10.544994
case_976,c,2025-02-24 20:18:10.544994
case_976,c,2025-02-24 20:23:10.544994
case_976,a,2025-02-24 20:28:10.544994
case_976,b,2025-02-24 20:33:10.544994
case_976,b,2025-02-24 20:38:10.544994
case_976,a,2025-02-24 20:43:10.544994
case_976,a,2025-02-24 20:48:10.544994
case_976,a,2025-02-24 20:53:10.544994
case_976,a,2025-02-24 20:58:10.544994
case_976,c,2025-02-24 21:03:10.544994
case_977,c,2025-02-24 19:28:10.545024
case_977,c,2025-02-24 19:33:10.545024
case_977,b,2025-02-24 19:38:10.545024
case_977,a,2025-02-24 19:43:10.545024
case_977,b,2025-02-24 19:48:10.545024
case_977,a,2025-02-24 19:53:10.545024
case_977,b,2025-02-24 19:58:10.545024
case_977,b,2025-02-24 20:03:10.545024
case_977,b,2025-02-24 20:08:10.545024
case_977,b,2025-02-24 20:13:10.545024
case_977,a,2025-02-24 20:18:10.545024
case_977,c,2025-02-24 20:23:10.545024
case_977,c,2025-02-24 20:28:10.545024
case_977,c,2025-02-24 20:33:10.545024
case_977,b,2025-02-24 20:38:10.545024
case_977,a,2025-02-24 20:43:10.545024
case_977,b,2025-02-24 20:48:10.545024
case_977,b,2025-02-24 20:53:10.545024
case_977,a,2025-02-24 20:58:10.545024
case_977,a,2025-02-24 21:03:10.545024
case_978,b,2025-02-24 19:28:10.545055
case_978,c,2025-02-24 19:33:10.545055
case_978,c,2025-02-24 19:38:10.545055
case_978,c,2025-02-24 19:43:10.545055
case_978,b,2025-02-24 19:48:10.545055
case_978,c,2025-02-24 19:53:10.545055
case_978,c,2025-02-24 19:58:10.545055
case_978,a,2025-02-24 20:03:10.545055
case_978,a,2025-02-24 20:08:10.545055
case_978,c,2025-02-24 20:13:10.545055
case_978,c,2025-02-24 20:18:10.545055
case_978,a,2025-02-24 20:23:10.545055
case_978,b,2025-02-24 20:28:10.545055
case_978,a,2025-02-24 20:33:10.545055
case_978,b,2025-02-24 20:38:10.545055
case_978,a,2025-02-24 20:43:10.545055
case_978,b,2025-02-24 20:48:10.545055
case_978,c,2025-02-24 20:53:10.545055
case_978,b,2025-02-24 20:58:10.545055
case_978,a,2025-02-24 21:03:10.545055
case_979,c,2025-02-24 19:28:10.545085
case_979,b,2025-02-24 19:33:10.545085
case_979,a,2025-02-24 19:38:10.545085
case_979,c,2025-02-24 19:43:10.545085
case_979,c,2025-02-24 19:48:10.545085
case_979,a,2025-02-24 19:53:10.545085
case_979,a,2025-02-24 19:58:10.545085
case_979,c,2025-02-24 20:03:10.545085
case_979,b,2025-02-24 20:08:10.545085
case_979,b,2025-02-24 20:13:10.545085
case_979,a,2025-02-24 20:18:10.545085
case_979,c,2025-02-24 20:23:10.545085
case_979,b,2025-02-24 20:28:10.545085
case_979,c,2025-02-24 20:33:10.545085
case_979,c,2025-02-24 20:38:10.545085
case_979,a,2025-02-24 20:43:10.545085
case_979,c,2025-02-24 20:48:10.545085
case_979,a,2025-02-24 20:53:10.545085
case_979,c,2025-02-24 20:58:10.545085
case_979,b,2025-02-24 21:03:10.545085
case_980,c,2025-02-24 19:28:10.545117
case_980,b,2025-02-24 19:33:10.545117
case_980,b,2025-02-24 19:38:10.545117
case_980,a,2025-02-24 19:43:10.545117
case_980,b,2025-02-24 19:48:10.545117
case_980,b,2025-02-24 19:53:10.545117
case_980,b,2025-02-24 19:58:10.545117
case_980,b,2025-02-24 20:03:10.545117
case_980,b,2025-02-24 20:08:10.545117
case_980,c,2025-02-24 20:13:10.545117
case_980,c,2025-02-24 20:18:10.545117
case_980,b,2025-02-24 20:23:10.545117
case_980,b,2025-02-24 20:28:10.545117
case_980,c,2025-02-24 20:33:10.545117
case_980,c,2025-02-24 20:38:10.545117
case_980,b,2025-02-24 20:43:10.545117
case_980,a,2025-02-24 20:48:10.545117
case_980,a,2025-02-24 20:53:10.545117
case_980,c,2025-02-24 20:58:10.545117
case_980,c,2025-02-24 21:03:10.545117
case_981,b,2025-02-24 19:28:10.545147
case_981,b,2025-02-24 19:33:10.545147
case_981,a,2025-02-24 19:38:10.545147
case_981,c,2025-02-24 19:43:10.545147
case_981,b,2025-02-24 19:48:10.545147
case_981,c,2025-02-24 19:53:10.545147
case_981,c,2025-02-24 19:58:10.545147
case_981,a,2025-02-24 20:03:10.545147
case_981,b,2025-02-24 20:08:10.545147
case_981,b,2025-02-24 20:13:10.545147
case_981,a,2025-02-24 20:18:10.545147
case_981,b,2025-02-24 20:23:10.545147
case_981,c,2025-02-24 20:28:10.545147
case_981,b,2025-02-24 20:33:10.545147
case_981,a,2025-02-24 20:38:10.545147
case_981,c,2025-02-24 20:43:10.545147
case_981,a,2025-02-24 20:48:10.545147
case_981,a,2025-02-24 20:53:10.545147
case_981,a,2025-02-24 20:58:10.545147
case_981,c,2025-02-24 21:03:10.545147
case_982,b,2025-02-24 19:28:10.545177
case_982,c,2025-02-24 19:33:10.545177
case_982,a,2025-02-24 19:38:10.545177
case_982,b,2025-02-24 19:43:10.545177
case_982,a,2025-02-24 19:48:10.545177
case_982,b,2025-02-24 19:53:10.545177
case_982,c,2025-02-24 19:58:10.545177
case_982,c,2025-02-24 20:03:10.545177
case_982,a,2025-02-24 20:08:10.545177
case_982,b,2025-02-24 20:13:10.545177
case_982,b,2025-02-24 20:18:10.545177
case_982,b,2025-02-24 20:23:10.545177
case_982,a,2025-02-24 20:28:10.545177
case_982,c,2025-02-24 20:33:10.545177
case_982,c,2025-02-24 20:38:10.545177
case_982,a,2025-02-24 20:43:10.545177
case_982,c,2025-02-24 20:48:10.545177
case_982,c,2025-02-24 20:53:10.545177
case_982,a,2025-02-24 20:58:10.545177
case_982,a,2025-02-24 21:03:10.545177
case_983,c,2025-02-24 19:28:10.545208
case_983,b,2025-02-24 19:33:10.545208
case_983,c,2025-02-24 19:38:10.545208
case_983,a,2025-02-24 19:43:10.545208
case_983,c,2025-02-24 19:48:10.545208
case_983,c,2025-02-24 19:53:10.545208
case_983,a,2025-02-24 19:58:10.545208
case_983,c,2025-02-24 20:03:10.545208
case_983,a,2025-02-24 20:08:10.545208
case_983,c,2025-02-24 20:13:10.545208
case_983,c,2025-02-24 20:18:10.545208
case_983,c,2025-02-24 20:23:10.545208
case_983,a,2025-02-24 20:28:10.545208
case_983,b,2025-02-24 20:33:10.545208
case_983,c,2025-02-24 20:38:10.545208
case_983,b,2025-02-24 20:43:10.545208
case_983,a,2025-02-24 20:48:10.545208
case_983,c,2025-02-24 20:53:10.545208
case_983,a,2025-02-24 20:58:10.545208
case_983,a,2025-02-24 21:03:10.545208
case_984,b,2025-02-24 19:28:10.545238
case_984,b,2025-02-24 19:33:10.545238
case_984,c,2025-02-24 19:38:10.545238
case_984,b,2025-02-24 19:43:10.545238
case_984,c,2025-02-24 19:48:10.545238
case_984,a,2025-02-24 19:53:10.545238
case_984,b,2025-02-24 19:58:10.545238
case_984,a,2025-02-24 20:03:10.545238
case_984,b,2025-02-24 20:08:10.545238
case_984,b,2025-02-24 20:13:10.545238
case_984,b,2025-02-24 20:18:10.545238
case_984,b,2025-02-24 20:23:10.545238
case_984,c,2025-02-24 20:28:10.545238
case_984,a,2025-02-24 20:33:10.545238
case_984,a,2025-02-24 20:38:10.545238
case_984,b,2025-02-24 20:43:10.545238
case_984,c,2025-02-24 20:48:10.545238
case_984,c,2025-02-24 20:53:10.545238
case_984,b,2025-02-24 20:58:10.545238
case_984,b,2025-02-24 21:03:10.545238
case_985,b,2025-02-24 19:28:10.545269
case_985,c,2025-02-24 19:33:10.545269
case_985,b,2025-02-24 19:38:10.545269
case_985,a,2025-02-24 19:43:10.545269
case_985,b,2025-02-24 19:48:10.545269
case_985,a,2025-02-24 19:53:10.545269
case_985,b,2025-02-24 19:58:10.545269
case_985,a,2025-02-24 20:03:10.545269
case_985,c,2025-02-24 20:08:10.545269
case_985,c,2025-02-24 20:13:10.545269
case_985,b,2025-02-24 20:18:10.545269
case_985,c,2025-02-24 20:23:10.545269
case_985,c,2025-02-24 20:28:10.545269
case_985,c,2025-02-24 20:33:10.545269
case_985,c,2025-02-24 20:38:10.545269
case_985,b,2025-02-24 20:43:10.545269
case_985,a,2025-02-24 20:48:10.545269
case_985,b,2025-02-24 20:53:10.545269
case_985,a,2025-02-24 20:58:10.545269
case_985,a,2025-02-24 21:03:10.545269
case_986,c,2025-02-24 19:28:10.545300
case_986,c,2025-02-24 19:33:10.545300
case_986,b,2025-02-24 19:38:10.545300
case_986,c,2025-02-24 19:43:10.545300
case_986,a,2025-02-24 19:48:10.545300
case_986,a,2025-02-24 19:53:10.545300
case_986,a,2025-02-24 19:58:10.545300
case_986,b,2025-02-24 20:03:10.545300
case_986,b,2025-02-24 20:08:10.545300
case_986,c,2025-02-24 20:13:10.545300
case_986,c,2025-02-24 20:18:10.545300
case_986,a,2025-02-24 20:23:10.545300
case_986,a,2025-02-24 20:28:10.545300
case_986,c,2025-02-24 20:33:10.545300
case_986,c,2025-02-24 20:38:10.545300
case_986,c,2025-02-24 20:43:10.545300
case_986,b,2025-02-24 20:48:10.545300
case_986,c,2025-02-24 20:53:10.545300
case_986,c,2025-02-24 20:58:10.545300
case_986,a,2025-02-24 21:03:10.545300
case_987,c,2025-02-24 19:28:10.545332
case_987,b,2025-02-24 19:33:10.545332
case_987,c,2025-02-24 19:38:10.545332
case_987,b,2025-02-24 19:43:10.545332
case_987,c,2025-02-24 19:48:10.545332
case_987,a,2025-02-24 19:53:10.545332
case_987,a,2025-02-24 19:58:10.545332
case_987,c,2025-02-24 20:03:10.545332
case_987,c,2025-02-24 20:08:10.545332
case_987,c,2025-02-24 20:13:10.545332
case_987,a,2025-02-24 20:18:10.545332
case_987,c,2025-02-24 20:23:10.545332
case_987,a,2025-02-24 20:28:10.545332
case_987,c,2025-02-24 20:33:10.545332
case_987,c,2025-02-24 20:38:10.545332
case_987,c,2025-02-24 20:43:10.545332
case_987,b,2025-02-24 20:48:10.545332
case_987,b,2025-02-24 20:53:10.545332
case_987,a,2025-02-24 20:58:10.545332
case_987,a,2025-02-24 21:03:10.545332
case_988,b,2025-02-24 19:28:10.545364
case_988,c,2025-02-24 19:33:10.545364
case_988,a,2025-02-24 19:38:10.545364
case_988,a,2025-02-24 19:43:10.545364
case_988,a,2025-02-24 19:48:10.545364
case_988,b,2025-02-24 19:53:10.545364
case_988,b,2025-02-24 19:58:10.545364
case_988,b,2025-02-24 20:03:10.545364
case_988,b,2025-02-24 20:08:10.545364
case_988,a,2025-02-24 20:13:10.545364
case_988,a,2025-02-24 20:18:10.545364
case_988,a,2025-02-24 20:23:10.545364
case_988,c,2025-02-24 20:28:10.545364
case_988,b,2025-02-24 20:33:10.545364
case_988,a,2025-02-24 20:38:10.545364
case_988,b,2025-02-24 20:43:10.545364
case_988,b,2025-02-24 20:48:10.545364
case_988,c,2025-02-24 20:53:10.545364
case_988,a,2025-02-24 20:58:10.545364
case_988,a,2025-02-24 21:03:10.545364
case_989,b,2025-02-24 19:28:10.545394
case_989,c,2025-02-24 19:33:10.545394
case_989,a,2025-02-24 19:38:10.545394
case_989,c,2025-02-24 19:43:10.545394
case_989,c,2025-02-24 19:48:10.545394
case_989,a,2025-02-24 19:53:10.545394
case_989,a,2025-02-24 19:58:10.545394
case_989,b,2025-02-24 20:03:10.545394
case_989,c,2025-02-24 20:08:10.545394
case_989,a,2025-02-24 20:13:10.545394
case_989,b,2025-02-24 20:18:10.545394
case_989,c,2025-02-24 20:23:10.545394
case_989,b,2025-02-24 20:28:10.545394
case_989,a,2025-02-24 20:33:10.545394
case_989,b,2025-02-24 20:38:10.545394
case_989,c,2025-02-24 20:43:10.545394
case_989,c,2025-02-24 20:48:10.545394
case_989,a,2025-02-24 20:53:10.545394
case_989,c,2025-02-24 20:58:10.545394
case_989,c,2025-02-24 21:03:10.545394
case_990,b,2025-02-24 19:28:10.545424
case_990,a,2025-02-24 19:33:10.545424
case_990,c,2025-02-24 19:38:10.545424
case_990,c,2025-02-24 19:43:10.545424
case_990,b,2025-02-24 19:48:10.545424
case_990,c,2025-02-24 19:53:10.545424
case_990,a,2025-02-24 19:58:10.545424
case_990,c,2025-02-24 20:03:10.545424
case_990,a,2025-02-24 20:08:10.545424
case_990,a,2025-02-24 20:13:10.545424
case_990,a,2025-02-24 20:18:10.545424
case_990,b,2025-02-24 20:23:10.545424
case_990,c,2025-02-24 20:28:10.545424
case_990,b,2025-02-24 20:33:10.545424
case_990,c,2025-02-24 20:38:10.545424
case_990,c,2025-02-24 20:43:10.545424
case_990,c,2025-02-24 20:48:10.545424
case_990,a,2025-02-24 20:53:10.545424
case_990,c,2025-02-24 20:58:10.545424
case_990,a,2025-02-24 21:03:10.545424
case_991,c,2025-02-24 19:28:10.545456
case_991,c,2025-02-24 19:33:10.545456
case_991,a,2025-02-24 19:38:10.545456
case_991,c,2025-02-24 19:43:10.545456
case_991,b,2025-02-24 19:48:10.545456
case_991,a,2025-02-24 19:53:10.545456
case_991,c,2025-02-24 19:58:10.545456
case_991,a,2025-02-24 20:03:10.545456
case_991,b,2025-02-24 20:08:10.545456
case_991,a,2025-02-24 20:13:10.545456
case_991,a,2025-02-24 20:18:10.545456
case_991,b,2025-02-24 20:23:10.545456
case_991,b,2025-02-24 20:28:10.545456
case_991,a,2025-02-24 20:33:10.545456
case_991,a,2025-02-24 20:38:10.545456
case_991,b,2025-02-24 20:43:10.545456
case_991,c,2025-02-24 20:48:10.545456
case_991,a,2025-02-24 20:53:10.545456
case_991,b,2025-02-24 20:58:10.545456
case_991,b,2025-02-24 21:03:10.545456
case_992,c,2025-02-24 19:28:10.545486
case_992,c,2025-02-24 19:33:10.545486
case_992,c,2025-02-24 19:38:10.545486
case_992,a,2025-02-24 19:43:10.545486
case_992,c,2025-02-24 19:48:10.545486
case_992,c,2025-02-24 19:53:10.545486
case_992,b,2025-02-24 19:58:10.545486
case_992,c,2025-02-24 20:03:10.545486
case_992,a,2025-02-24 20:08:10.545486
case_992,a,2025-02-24 20:13:10.545486
case_992,b,2025-02-24 20:18:10.545486
case_992,b,2025-02-24 20:23:10.545486
case_992,b,2025-02-24 20:28:10.545486
case_992,a,2025-02-24 20:33:10.545486
case_992,b,2025-02-24 20:38:10.545486
case_992,a,2025-02-24 20:43:10.545486
case_992,b,2025-02-24 20:48:10.545486
case_992,c,2025-02-24 20:53:10.545486
case_992,a,2025-02-24 20:58:10.545486
case_992,b,2025-02-24 21:03:10.545486
case_993,c,2025-02-24 19:28:10.545519
case_993,b,2025-02-24 19:33:10.545519
case_993,b,2025-02-24 19:38:10.545519
case_993,b,2025-02-24 19:43:10.545519
case_993,a,2025-02-24 19:48:10.545519
case_993,c,2025-02-24 19:53:10.545519
case_993,a,2025-02-24 19:58:10.545519
case_993,a,2025-02-24 20:03:10.545519
case_993,a,2025-02-24 20:08:10.545519
case_993,c,2025-02-24 20:13:10.545519
case_993,b,2025-02-24 20:18:10.545519
case_993,a,2025-02-24 20:23:10.545519
case_993,b,2025-02-24 20:28:10.545519
case_993,b,2025-02-24 20:33:10.545519
case_993,a,2025-02-24 20:38:10.545519
case_993,c,2025-02-24 20:43:10.545519
case_993,c,2025-02-24 20:48:10.545519
case_993,b,2025-02-24 20:53:10.545519
case_993,c,2025-02-24 20:58:10.545519
case_993,a,2025-02-24 21:03:10.545519
case_994,b,2025-02-24 19:28:10.545549
case_994,b,2025-02-24 19:33:10.545549
case_994,c,2025-02-24 19:38:10.545549
case_994,b,2025-02-24 19:43:10.545549
case_994,a,2025-02-24 19:48:10.545549
case_994,a,2025-02-24 19:53:10.545549
case_994,b,2025-02-24 19:58:10.545549
case_994,c,2025-02-24 20:03:10.545549
case_994,a,2025-02-24 20:08:10.545549
case_994,c,2025-02-24 20:13:10.545549
case_994,a,2025-02-24 20:18:10.545549
case_994,a,2025-02-24 20:23:10.545549
case_994,a,2025-02-24 20:28:10.545549
case_994,b,2025-02-24 20:33:10.545549
case_994,c,2025-02-24 20:38:10.545549
case_994,c,2025-02-24 20:43:10.545549
case_994,c,2025-02-24 20:48:10.545549
case_994,b,2025-02-24 20:53:10.545549
case_994,a,2025-02-24 20:58:10.545549
case_994,c,2025-02-24 21:03:10.545549
case_995,c,2025-02-24 19:28:10.545579
case_995,b,2025-02-24 19:33:10.545579
case_995,a,2025-02-24 19:38:10.545579
case_995,c,2025-02-24 19:43:10.545579
case_995,a,2025-02-24 19:48:10.545579
case_995,b,2025-02-24 19:53:10.545579
case_995,c,2025-02-24 19:58:10.545579
case_995,c,2025-02-24 20:03:10.545579
case_995,c,2025-02-24 20:08:10.545579
case_995,b,2025-02-24 20:13:10.545579
case_995,c,2025-02-24 20:18:10.545579
case_995,a,2025-02-24 20:23:10.545579
case_995,c,2025-02-24 20:28:10.545579
case_995,a,2025-02-24 20:33:10.545579
case_995,a,2025-02-24 20:38:10.545579
case_995,c,2025-02-24 20:43:10.545579
case_995,a,2025-02-24 20:48:10.545579
case_995,a,2025-02-24 20:53:10.545579
case_995,c,2025-02-24 20:58:10.545579
case_995,c,2025-02-24 21:03:10.545579
case_996,c,2025-02-24 19:28:10.545610
case_996,b,2025-02-24 19:33:10.545610
case_996,b,2025-02-24 19:38:10.545610
case_996,a,2025-02-24 19:43:10.545610
case_996,a,2025-02-24 19:48:10.545610
case_996,c,2025-02-24 19:53:10.545610
case_996,b,2025-02-24 19:58:10.545610
case_996,c,2025-02-24 20:03:10.545610
case_996,a,2025-02-24 20:08:10.545610
case_996,c,2025-02-24 20:13:10.545610
case_996,c,2025-02-24 20:18:10.545610
case_996,c,2025-02-24 20:23:10.545610
case_996,c,2025-02-24 20:28:10.545610
case_996,a,2025-02-24 20:33:10.545610
case_996,c,2025-02-24 20:38:10.545610
case_996,b,2025-02-24 20:43:10.545610
case_996,b,2025-02-24 20:48:10.545610
case_996,c,2025-02-24 20:53:10.545610
case_996,b,2025-02-24 20:58:10.545610
case_996,c,2025-02-24 21:03:10.545610
case_997,c,2025-02-24 19:28:10.545640
case_997,b,2025-02-24 19:33:10.545640
case_997,b,2025-02-24 19:38:10.545640
case_997,b,2025-02-24 19:43:10.545640
case_997,a,2025-02-24 19:48:10.545640
case_997,b,2025-02-24 19:53:10.545640
case_997,c,2025-02-24 19:58:10.545640
case_997,c,2025-02-24 20:03:10.545640
case_997,b,2025-02-24 20:08:10.545640
case_997,a,2025-02-24 20:13:10.545640
case_997,b,2025-02-24 20:18:10.545640
case_997,c,2025-02-24 20:23:10.545640
case_997,b,2025-02-24 20:28:10.545640
case_997,a,2025-02-24 20:33:10.545640
case_997,c,2025-02-24 20:38:10.545640
case_997,b,2025-02-24 20:43:10.545640
case_997,b,2025-02-24 20:48:10.545640
case_997,a,2025-02-24 20:53:10.545640
case_997,a,2025-02-24 20:58:10.545640
case_997,b,2025-02-24 21:03:10.545640
case_998,a,2025-02-24 19:28:10.545671
case_998,a,2025-02-24 19:33:10.545671
case_998,c,2025-02-24 19:38:10.545671
case_998,c,2025-02-24 19:43:10.545671
case_998,b,2025-02-24 19:48:10.545671
case_998,c,2025-02-24 19:53:10.545671
case_998,c,2025-02-24 19:58:10.545671
case_998,b,2025-02-24 20:03:10.545671
case_998,c,2025-02-24 20:08:10.545671
case_998,b,2025-02-24 20:13:10.545671
case_998,b,2025-02-24 20:18:10.545671
case_998,c,2025-02-24 20:23:10.545671
case_998,c,2025-02-24 20:28:10.545671
case_998,c,2025-02-24 20:33:10.545671
case_998,c,2025-02-24 20:38:10.545671
case_998,b,2025-02-24 20:43:10.545671
case_998,c,2025-02-24 20:48:10.545671
case_998,b,2025-02-24 20:53:10.545671
case_998,c,2025-02-24 20:58:10.545671
case_998,b,2025-02-24 21:03:10.545671
case_999,a,2025-02-24 19:28:10.545702
case_999,a,2025-02-24 19:33:10.545702
case_999,b,2025-02-24 19:38:10.545702
case_999,b,2025-02-24 19:43:10.545702
case_999,b,2025-02-24 19:48:10.545702
case_999,c,2025-02-24 19:53:10.545702
case_999,b,2025-02-24 19:58:10.545702
case_999,b,2025-02-24 20:03:10.545702
case_999,b,2025-02-24 20:08:10.545702
case_999,c,2025-02-24 20:13:10.545702
case_999,c,2025-02-24 20:18:10.545702
case_999,b,2025-02-24 20:23:10.545702
case_999,c,2025-02-24 20:28:10.545702
case_999,c,2025-02-24 20:33:10.545702
case_999,b,2025-02-24 20:38:10.545702
case_999,c,2025-02-24 20:43:10.545702
case_999,c,2025-02-24 20:48:10.545702
case_999,b,2025-02-24 20:53:10.545702
case_999,c,2025-02-24 20:58:10.545702
case_999,c,2025-02-24 21:03:10.545702
