{
    "loss": 0.2385314992411595,
    "acc": 0.8256189227104187,
    "dld": 2.9454545974731445,
    "norm_dld": 0.1645834892988205
}
