{
    "loss": 0.21144656508783527,
    "acc": 0.8360477685928345,
    "dld": 3.1458332538604736,
    "norm_dld": 0.13187821209430695
}
