{
    "loss": 0.5298561328371246,
    "acc": 0.42592594027519226,
    "dld": 10.730769157409668,
    "norm_dld": 0.4943712651729584
}
