{
    "loss": 0.41552280053827373,
    "acc": 0.5987654328346252,
    "dld": 7.5,
    "norm_dld": 0.3770635426044464
}
