{
    "loss": 1.0261483117337589,
    "acc": 0.8601722717285156,
    "dld": 1.222857117652893,
    "norm_dld": 0.13880307972431183
}
