{
    "loss": 0.971118206977359,
    "acc": 0.862579345703125,
    "dld": 1.1971447467803955,
    "norm_dld": 0.13593313097953796
}
