{
    "loss": 0.4016048419875596,
    "acc": 0.5822510719299316,
    "dld": 7.343511581420898,
    "norm_dld": 0.40136009454727173
}
