{
    "loss": 0.9728041942436155,
    "acc": 0.8642542958259583,
    "dld": 1.1825288534164429,
    "norm_dld": 0.13351793587207794
}
