{
    "loss": 0.2482930665165468,
    "acc": 0.8487620949745178,
    "dld": 2.545454502105713,
    "norm_dld": 0.13948379456996918
}
