{
    "loss": 0.9027724288257285,
    "acc": 0.8837669491767883,
    "dld": 1.683348298072815,
    "norm_dld": 0.12746945023536682
}
