{
    "loss": 0.29957760103102143,
    "acc": 0.7705627679824829,
    "dld": 4.045801639556885,
    "norm_dld": 0.1865309774875641
}
