{
    "loss": 0.24859226526944742,
    "acc": 0.8256189227104187,
    "dld": 2.9272727966308594,
    "norm_dld": 0.15253406763076782
}
