{
    "loss": 0.3244213885797018,
    "acc": 0.8023887276649475,
    "dld": 3.7916667461395264,
    "norm_dld": 0.18158060312271118
}
