{
    "loss": 0.23546184090417668,
    "acc": 0.8490771055221558,
    "dld": 2.8958332538604736,
    "norm_dld": 0.11867418140172958
}
