{
    "loss": 1.054949462239057,
    "acc": 0.8393793106079102,
    "dld": 1.461832046508789,
    "norm_dld": 0.1707402914762497
}
