{
    "loss": 0.11945999900558986,
    "acc": 0.8735930919647217,
    "dld": 2.221374034881592,
    "norm_dld": 0.1190069243311882
}
