{
    "loss": 0.2362999389681852,
    "acc": 0.8234661221504211,
    "dld": 2.9727272987365723,
    "norm_dld": 0.15982970595359802
}
