{
    "loss": 0.32873768526998737,
    "acc": 0.583116888999939,
    "dld": 7.343511581420898,
    "norm_dld": 0.3274900019168854
}
