{
    "loss": 0.4447990626194364,
    "acc": 0.3883495032787323,
    "dld": 12.796875,
    "norm_dld": 0.5129300355911255
}
