{
    "loss": 0.45016868155629886,
    "acc": 0.38760268688201904,
    "dld": 12.8125,
    "norm_dld": 0.5134183168411255
}
