{
    "loss": 0.17522789346290782,
    "acc": 0.8506348133087158,
    "dld": 3.078125,
    "norm_dld": 0.10815376788377762
}
