{
    "loss": 0.24529297260815805,
    "acc": 0.8374485373497009,
    "dld": 3.038461446762085,
    "norm_dld": 0.13486076891422272
}
