{
    "loss": 0.2312074241632349,
    "acc": 0.8395061492919922,
    "dld": 3.0,
    "norm_dld": 0.12286264449357986
}
