{
    "loss": 0.295245933581536,
    "acc": 0.7519480586051941,
    "dld": 4.358778476715088,
    "norm_dld": 0.2031901478767395
}
