{
    "loss": 0.2165120571197458,
    "acc": 0.8619047403335571,
    "dld": 2.435114622116089,
    "norm_dld": 0.12928195297718048
}
