{
    "loss": 0.23539011447521097,
    "acc": 0.8234661221504211,
    "dld": 2.981818199157715,
    "norm_dld": 0.15699025988578796
}
