{
    "loss": 0.41311771045580054,
    "acc": 0.5737351775169373,
    "dld": 7.199999809265137,
    "norm_dld": 0.36909204721450806
}
