{
    "loss": 0.2340627914317042,
    "acc": 0.8333333134651184,
    "dld": 3.076923131942749,
    "norm_dld": 0.13784438371658325
}
