{
    "loss": 0.21822972147703082,
    "acc": 0.8230452537536621,
    "dld": 3.307692289352417,
    "norm_dld": 0.1357163041830063
}
