{
    "loss": 0.21412396174269044,
    "acc": 0.8099891543388367,
    "dld": 3.6458332538604736,
    "norm_dld": 0.15805010497570038
}
