{
    "loss": 0.24565584358378229,
    "acc": 0.8455328345298767,
    "dld": 2.609090805053711,
    "norm_dld": 0.14112985134124756
}
