{
    "loss": 0.9574787688015041,
    "acc": 0.8837955594062805,
    "dld": 1.619997501373291,
    "norm_dld": 0.12865059077739716
}
