{
    "loss": 0.2481121872355068,
    "acc": 0.8444564342498779,
    "dld": 2.609090805053711,
    "norm_dld": 0.1415492296218872
}
