{
    "loss": 0.17865804191153015,
    "acc": 0.8670649528503418,
    "dld": 2.78125,
    "norm_dld": 0.09683939069509506
}
