{
    "loss": 0.3880526372084967,
    "acc": 0.5783549547195435,
    "dld": 7.427480697631836,
    "norm_dld": 0.4189372658729553
}
