{
    "loss": 0.3886014923289291,
    "acc": 0.5780408978462219,
    "dld": 7.127272605895996,
    "norm_dld": 0.4185434877872467
}
