{
    "loss": 0.24413652121890458,
    "acc": 0.7445855140686035,
    "dld": 5.3125,
    "norm_dld": 0.1808999478816986
}
