{
    "loss": 0.07918723638184959,
    "acc": 0.8752800822257996,
    "dld": 2.609375,
    "norm_dld": 0.09011971205472946
}
