{
    "loss": 0.2603960084708242,
    "acc": 0.7722180485725403,
    "dld": 4.734375,
    "norm_dld": 0.16444134712219238
}
