{
    "loss": 0.4688971584635171,
    "acc": 0.4073593020439148,
    "dld": 10.442748069763184,
    "norm_dld": 0.5175831913948059
}
