{
    "loss": 0.2394763981328761,
    "acc": 0.8333333134651184,
    "dld": 3.076923131942749,
    "norm_dld": 0.13516663014888763
}
