{
    "loss": 0.14458824861300826,
    "acc": 0.8536060452461243,
    "dld": 2.4636363983154297,
    "norm_dld": 0.1343173235654831
}
