{
    "loss": 0.22373434912808465,
    "acc": 0.837133526802063,
    "dld": 3.125,
    "norm_dld": 0.13730977475643158
}
