{
    "loss": 0.38098276206433324,
    "acc": 0.5819761157035828,
    "dld": 8.020833015441895,
    "norm_dld": 0.335941880941391
}
