{
    "loss": 1.0044917382891043,
    "acc": 0.8479712009429932,
    "dld": 1.1969950199127197,
    "norm_dld": 0.14365451037883759
}
