{
    "loss": 1.0569998169860004,
    "acc": 0.8509069681167603,
    "dld": 1.3045713901519775,
    "norm_dld": 0.14362531900405884
}
