{
    "loss": 1.1252551343320316,
    "acc": 0.8425246477127075,
    "dld": 1.4332060813903809,
    "norm_dld": 0.17188291251659393
}
