{
    "loss": 0.5234080285992988,
    "acc": 0.40692639350891113,
    "dld": 10.4503812789917,
    "norm_dld": 0.5249940752983093
}
