{
    "loss": 1.2778806776456864,
    "acc": 0.7659536600112915,
    "dld": 2.0759212970733643,
    "norm_dld": 0.16396880149841309
}
