{
    "loss": 0.22563481696486248,
    "acc": 0.846905529499054,
    "dld": 2.9375,
    "norm_dld": 0.12349189072847366
}
