{
    "loss": 0.21464705748368532,
    "acc": 0.8497835397720337,
    "dld": 2.6259541511535645,
    "norm_dld": 0.13719867169857025
}
