{
    "loss": 0.31276695978369623,
    "acc": 0.5653472542762756,
    "dld": 9.09375,
    "norm_dld": 0.31815874576568604
}
