{
    "loss": 0.43757291779999274,
    "acc": 0.588477373123169,
    "dld": 7.692307472229004,
    "norm_dld": 0.38571596145629883
}
