{
    "loss": 0.22439695106692273,
    "acc": 0.8306189179420471,
    "dld": 3.25,
    "norm_dld": 0.16495734453201294
}
