{
    "loss": 0.1678042688629082,
    "acc": 0.8491411209106445,
    "dld": 3.15625,
    "norm_dld": 0.11600060760974884
}
