{
    "loss": 0.11997926887677049,
    "acc": 0.8436213731765747,
    "dld": 2.846153736114502,
    "norm_dld": 0.11723257601261139
}
