{
    "loss": 1.0028928539166344,
    "acc": 0.8600487112998962,
    "dld": 1.1018364429473877,
    "norm_dld": 0.1375267058610916
}
