{
    "loss": 0.07951844014502468,
    "acc": 0.8745332360267639,
    "dld": 2.625,
    "norm_dld": 0.09168221801519394
}
