{
    "loss": 0.08152295851430832,
    "acc": 0.8760268688201904,
    "dld": 2.59375,
    "norm_dld": 0.08956167846918106
}
