{
    "loss": 0.4070561412401965,
    "acc": 0.38909634947776794,
    "dld": 12.78125,
    "norm_dld": 0.5124134421348572
}
