{
    "loss": 0.29915617287695184,
    "acc": 0.8013029098510742,
    "dld": 3.8125,
    "norm_dld": 0.19025494158267975
}
