{
    "loss": 0.1419215375654665,
    "acc": 0.846905529499054,
    "dld": 2.9375,
    "norm_dld": 0.1264766901731491
}
