{
    "loss": 0.583921466112496,
    "acc": 0.4156378507614136,
    "dld": 10.923076629638672,
    "norm_dld": 0.5023025274276733
}
