{
    "loss": 0.3717625014244051,
    "acc": 0.5839827060699463,
    "dld": 7.328244209289551,
    "norm_dld": 0.40469977259635925
}
