{
    "loss": 0.11605678280913313,
    "acc": 0.8395061492919922,
    "dld": 2.923076868057251,
    "norm_dld": 0.1196364238858223
}
