{
    "loss": 0.977470558394159,
    "acc": 0.8596455454826355,
    "dld": 1.2014795541763306,
    "norm_dld": 0.14053045213222504
}
