{
    "loss": 0.9558732497821392,
    "acc": 0.8626572489738464,
    "dld": 1.1957851648330688,
    "norm_dld": 0.13661174476146698
}
