{
    "loss": 0.548788676642333,
    "acc": 0.4147665500640869,
    "dld": 11.229166984558105,
    "norm_dld": 0.5228198170661926
}
