{
    "loss": 1.0658012113432351,
    "acc": 0.8521702885627747,
    "dld": 1.3435114622116089,
    "norm_dld": 0.15747851133346558
}
