{
    "loss": 0.21222764316211618,
    "acc": 0.8403908610343933,
    "dld": 3.0625,
    "norm_dld": 0.14880530536174774
}
