{
    "loss": 0.35561455242021617,
    "acc": 0.7572016716003418,
    "dld": 4.538461685180664,
    "norm_dld": 0.2072024643421173
}
