{
    "loss": 0.5483026423773757,
    "acc": 0.40635091066360474,
    "dld": 10.027273178100586,
    "norm_dld": 0.5239489674568176
}
