{
    "loss": 0.18434263021692693,
    "acc": 0.8678117990493774,
    "dld": 2.765625,
    "norm_dld": 0.09635110944509506
}
