{
    "loss": 0.293015387478976,
    "acc": 0.7980455756187439,
    "dld": 3.875,
    "norm_dld": 0.1922948807477951
}
