{
    "loss": 0.5191499533156524,
    "acc": 0.40692639350891113,
    "dld": 10.4503812789917,
    "norm_dld": 0.5250122547149658
}
