{
    "loss": 0.11315901336226478,
    "acc": 0.8415637612342834,
    "dld": 2.923076868057251,
    "norm_dld": 0.11874036490917206
}
