{
    "loss": 0.35590462622243957,
    "acc": 0.7674897313117981,
    "dld": 4.346153736114502,
    "norm_dld": 0.1894075870513916
}
