{
    "loss": 0.29952902658098346,
    "acc": 0.7623376846313477,
    "dld": 4.175572395324707,
    "norm_dld": 0.18920813500881195
}
