{
    "loss": 0.16926972314545172,
    "acc": 0.8503767251968384,
    "dld": 2.5090909004211426,
    "norm_dld": 0.13787858188152313
}
