case:concept:name,concept:name,time:timestamp
case_0,a,2025-02-24 19:28:11.608055
case_0,a,2025-02-24 19:33:11.608055
case_0,a,2025-02-24 19:38:11.608055
case_0,b,2025-02-24 19:43:11.608055
case_0,a,2025-02-24 19:48:11.608055
case_0,b,2025-02-24 19:53:11.608055
case_0,b,2025-02-24 19:58:11.608055
case_0,a,2025-02-24 20:03:11.608055
case_0,c,2025-02-24 20:08:11.608055
case_0,c,2025-02-24 20:13:11.608055
case_0,a,2025-02-24 20:18:11.608055
case_0,b,2025-02-24 20:23:11.608055
case_0,b,2025-02-24 20:28:11.608055
case_0,a,2025-02-24 20:33:11.608055
case_0,a,2025-02-24 20:38:11.608055
case_0,b,2025-02-24 20:43:11.608055
case_0,a,2025-02-24 20:48:11.608055
case_0,c,2025-02-24 20:53:11.608055
case_0,a,2025-02-24 20:58:11.608055
case_0,a,2025-02-24 21:03:11.608055
case_1,b,2025-02-24 19:28:11.608095
case_1,a,2025-02-24 19:33:11.608095
case_1,c,2025-02-24 19:38:11.608095
case_1,c,2025-02-24 19:43:11.608095
case_1,b,2025-02-24 19:48:11.608095
case_1,c,2025-02-24 19:53:11.608095
case_1,b,2025-02-24 19:58:11.608095
case_1,b,2025-02-24 20:03:11.608095
case_1,a,2025-02-24 20:08:11.608095
case_1,c,2025-02-24 20:13:11.608095
case_1,c,2025-02-24 20:18:11.608095
case_1,b,2025-02-24 20:23:11.608095
case_1,c,2025-02-24 20:28:11.608095
case_1,c,2025-02-24 20:33:11.608095
case_1,c,2025-02-24 20:38:11.608095
case_1,a,2025-02-24 20:43:11.608095
case_1,b,2025-02-24 20:48:11.608095
case_1,a,2025-02-24 20:53:11.608095
case_1,c,2025-02-24 20:58:11.608095
case_1,b,2025-02-24 21:03:11.608095
case_2,a,2025-02-24 19:28:11.608126
case_2,c,2025-02-24 19:33:11.608126
case_2,c,2025-02-24 19:38:11.608126
case_2,c,2025-02-24 19:43:11.608126
case_2,a,2025-02-24 19:48:11.608126
case_2,c,2025-02-24 19:53:11.608126
case_2,b,2025-02-24 19:58:11.608126
case_2,a,2025-02-24 20:03:11.608126
case_2,a,2025-02-24 20:08:11.608126
case_2,b,2025-02-24 20:13:11.608126
case_2,a,2025-02-24 20:18:11.608126
case_2,b,2025-02-24 20:23:11.608126
case_2,a,2025-02-24 20:28:11.608126
case_2,b,2025-02-24 20:33:11.608126
case_2,c,2025-02-24 20:38:11.608126
case_2,b,2025-02-24 20:43:11.608126
case_2,a,2025-02-24 20:48:11.608126
case_2,b,2025-02-24 20:53:11.608126
case_2,c,2025-02-24 20:58:11.608126
case_2,c,2025-02-24 21:03:11.608126
case_3,b,2025-02-24 19:28:11.608156
case_3,c,2025-02-24 19:33:11.608156
case_3,b,2025-02-24 19:38:11.608156
case_3,b,2025-02-24 19:43:11.608156
case_3,c,2025-02-24 19:48:11.608156
case_3,a,2025-02-24 19:53:11.608156
case_3,a,2025-02-24 19:58:11.608156
case_3,c,2025-02-24 20:03:11.608156
case_3,c,2025-02-24 20:08:11.608156
case_3,c,2025-02-24 20:13:11.608156
case_3,b,2025-02-24 20:18:11.608156
case_3,c,2025-02-24 20:23:11.608156
case_3,c,2025-02-24 20:28:11.608156
case_3,b,2025-02-24 20:33:11.608156
case_3,c,2025-02-24 20:38:11.608156
case_3,c,2025-02-24 20:43:11.608156
case_3,c,2025-02-24 20:48:11.608156
case_3,c,2025-02-24 20:53:11.608156
case_3,b,2025-02-24 20:58:11.608156
case_3,a,2025-02-24 21:03:11.608156
case_4,b,2025-02-24 19:28:11.608187
case_4,b,2025-02-24 19:33:11.608187
case_4,b,2025-02-24 19:38:11.608187
case_4,b,2025-02-24 19:43:11.608187
case_4,a,2025-02-24 19:48:11.608187
case_4,a,2025-02-24 19:53:11.608187
case_4,a,2025-02-24 19:58:11.608187
case_4,a,2025-02-24 20:03:11.608187
case_4,c,2025-02-24 20:08:11.608187
case_4,a,2025-02-24 20:13:11.608187
case_4,b,2025-02-24 20:18:11.608187
case_4,b,2025-02-24 20:23:11.608187
case_4,b,2025-02-24 20:28:11.608187
case_4,c,2025-02-24 20:33:11.608187
case_4,b,2025-02-24 20:38:11.608187
case_4,c,2025-02-24 20:43:11.608187
case_4,b,2025-02-24 20:48:11.608187
case_4,a,2025-02-24 20:53:11.608187
case_4,a,2025-02-24 20:58:11.608187
case_4,c,2025-02-24 21:03:11.608187
case_5,b,2025-02-24 19:28:11.608218
case_5,b,2025-02-24 19:33:11.608218
case_5,a,2025-02-24 19:38:11.608218
case_5,b,2025-02-24 19:43:11.608218
case_5,a,2025-02-24 19:48:11.608218
case_5,c,2025-02-24 19:53:11.608218
case_5,c,2025-02-24 19:58:11.608218
case_5,a,2025-02-24 20:03:11.608218
case_5,c,2025-02-24 20:08:11.608218
case_5,b,2025-02-24 20:13:11.608218
case_5,b,2025-02-24 20:18:11.608218
case_5,b,2025-02-24 20:23:11.608218
case_5,b,2025-02-24 20:28:11.608218
case_5,c,2025-02-24 20:33:11.608218
case_5,a,2025-02-24 20:38:11.608218
case_5,a,2025-02-24 20:43:11.608218
case_5,a,2025-02-24 20:48:11.608218
case_5,a,2025-02-24 20:53:11.608218
case_5,c,2025-02-24 20:58:11.608218
case_5,c,2025-02-24 21:03:11.608218
case_6,a,2025-02-24 19:28:11.608249
case_6,b,2025-02-24 19:33:11.608249
case_6,b,2025-02-24 19:38:11.608249
case_6,b,2025-02-24 19:43:11.608249
case_6,c,2025-02-24 19:48:11.608249
case_6,a,2025-02-24 19:53:11.608249
case_6,c,2025-02-24 19:58:11.608249
case_6,c,2025-02-24 20:03:11.608249
case_6,c,2025-02-24 20:08:11.608249
case_6,a,2025-02-24 20:13:11.608249
case_6,c,2025-02-24 20:18:11.608249
case_6,a,2025-02-24 20:23:11.608249
case_6,c,2025-02-24 20:28:11.608249
case_6,b,2025-02-24 20:33:11.608249
case_6,b,2025-02-24 20:38:11.608249
case_6,b,2025-02-24 20:43:11.608249
case_6,c,2025-02-24 20:48:11.608249
case_6,a,2025-02-24 20:53:11.608249
case_6,a,2025-02-24 20:58:11.608249
case_6,a,2025-02-24 21:03:11.608249
case_7,a,2025-02-24 19:28:11.608279
case_7,c,2025-02-24 19:33:11.608279
case_7,b,2025-02-24 19:38:11.608279
case_7,a,2025-02-24 19:43:11.608279
case_7,b,2025-02-24 19:48:11.608279
case_7,a,2025-02-24 19:53:11.608279
case_7,a,2025-02-24 19:58:11.608279
case_7,b,2025-02-24 20:03:11.608279
case_7,a,2025-02-24 20:08:11.608279
case_7,c,2025-02-24 20:13:11.608279
case_7,c,2025-02-24 20:18:11.608279
case_7,b,2025-02-24 20:23:11.608279
case_7,c,2025-02-24 20:28:11.608279
case_7,a,2025-02-24 20:33:11.608279
case_7,a,2025-02-24 20:38:11.608279
case_7,a,2025-02-24 20:43:11.608279
case_7,c,2025-02-24 20:48:11.608279
case_7,a,2025-02-24 20:53:11.608279
case_7,a,2025-02-24 20:58:11.608279
case_7,c,2025-02-24 21:03:11.608279
case_8,a,2025-02-24 19:28:11.608309
case_8,c,2025-02-24 19:33:11.608309
case_8,c,2025-02-24 19:38:11.608309
case_8,c,2025-02-24 19:43:11.608309
case_8,c,2025-02-24 19:48:11.608309
case_8,c,2025-02-24 19:53:11.608309
case_8,a,2025-02-24 19:58:11.608309
case_8,a,2025-02-24 20:03:11.608309
case_8,c,2025-02-24 20:08:11.608309
case_8,a,2025-02-24 20:13:11.608309
case_8,b,2025-02-24 20:18:11.608309
case_8,b,2025-02-24 20:23:11.608309
case_8,c,2025-02-24 20:28:11.608309
case_8,a,2025-02-24 20:33:11.608309
case_8,c,2025-02-24 20:38:11.608309
case_8,b,2025-02-24 20:43:11.608309
case_8,c,2025-02-24 20:48:11.608309
case_8,b,2025-02-24 20:53:11.608309
case_8,c,2025-02-24 20:58:11.608309
case_8,c,2025-02-24 21:03:11.608309
case_9,b,2025-02-24 19:28:11.608343
case_9,a,2025-02-24 19:33:11.608343
case_9,b,2025-02-24 19:38:11.608343
case_9,c,2025-02-24 19:43:11.608343
case_9,c,2025-02-24 19:48:11.608343
case_9,c,2025-02-24 19:53:11.608343
case_9,c,2025-02-24 19:58:11.608343
case_9,c,2025-02-24 20:03:11.608343
case_9,a,2025-02-24 20:08:11.608343
case_9,b,2025-02-24 20:13:11.608343
case_9,b,2025-02-24 20:18:11.608343
case_9,a,2025-02-24 20:23:11.608343
case_9,b,2025-02-24 20:28:11.608343
case_9,a,2025-02-24 20:33:11.608343
case_9,c,2025-02-24 20:38:11.608343
case_9,a,2025-02-24 20:43:11.608343
case_9,a,2025-02-24 20:48:11.608343
case_9,b,2025-02-24 20:53:11.608343
case_9,b,2025-02-24 20:58:11.608343
case_9,a,2025-02-24 21:03:11.608343
case_10,a,2025-02-24 19:28:11.608374
case_10,c,2025-02-24 19:33:11.608374
case_10,b,2025-02-24 19:38:11.608374
case_10,c,2025-02-24 19:43:11.608374
case_10,a,2025-02-24 19:48:11.608374
case_10,a,2025-02-24 19:53:11.608374
case_10,a,2025-02-24 19:58:11.608374
case_10,c,2025-02-24 20:03:11.608374
case_10,a,2025-02-24 20:08:11.608374
case_10,a,2025-02-24 20:13:11.608374
case_10,a,2025-02-24 20:18:11.608374
case_10,b,2025-02-24 20:23:11.608374
case_10,b,2025-02-24 20:28:11.608374
case_10,a,2025-02-24 20:33:11.608374
case_10,b,2025-02-24 20:38:11.608374
case_10,b,2025-02-24 20:43:11.608374
case_10,a,2025-02-24 20:48:11.608374
case_10,a,2025-02-24 20:53:11.608374
case_10,b,2025-02-24 20:58:11.608374
case_10,a,2025-02-24 21:03:11.608374
case_11,a,2025-02-24 19:28:11.608405
case_11,b,2025-02-24 19:33:11.608405
case_11,c,2025-02-24 19:38:11.608405
case_11,b,2025-02-24 19:43:11.608405
case_11,b,2025-02-24 19:48:11.608405
case_11,c,2025-02-24 19:53:11.608405
case_11,a,2025-02-24 19:58:11.608405
case_11,c,2025-02-24 20:03:11.608405
case_11,c,2025-02-24 20:08:11.608405
case_11,b,2025-02-24 20:13:11.608405
case_11,b,2025-02-24 20:18:11.608405
case_11,a,2025-02-24 20:23:11.608405
case_11,b,2025-02-24 20:28:11.608405
case_11,b,2025-02-24 20:33:11.608405
case_11,c,2025-02-24 20:38:11.608405
case_11,a,2025-02-24 20:43:11.608405
case_11,a,2025-02-24 20:48:11.608405
case_11,c,2025-02-24 20:53:11.608405
case_11,c,2025-02-24 20:58:11.608405
case_11,a,2025-02-24 21:03:11.608405
case_12,b,2025-02-24 19:28:11.608435
case_12,c,2025-02-24 19:33:11.608435
case_12,c,2025-02-24 19:38:11.608435
case_12,b,2025-02-24 19:43:11.608435
case_12,c,2025-02-24 19:48:11.608435
case_12,a,2025-02-24 19:53:11.608435
case_12,c,2025-02-24 19:58:11.608435
case_12,c,2025-02-24 20:03:11.608435
case_12,a,2025-02-24 20:08:11.608435
case_12,a,2025-02-24 20:13:11.608435
case_12,b,2025-02-24 20:18:11.608435
case_12,b,2025-02-24 20:23:11.608435
case_12,a,2025-02-24 20:28:11.608435
case_12,b,2025-02-24 20:33:11.608435
case_12,b,2025-02-24 20:38:11.608435
case_12,c,2025-02-24 20:43:11.608435
case_12,a,2025-02-24 20:48:11.608435
case_12,b,2025-02-24 20:53:11.608435
case_12,c,2025-02-24 20:58:11.608435
case_12,b,2025-02-24 21:03:11.608435
case_13,b,2025-02-24 19:28:11.608466
case_13,b,2025-02-24 19:33:11.608466
case_13,a,2025-02-24 19:38:11.608466
case_13,a,2025-02-24 19:43:11.608466
case_13,c,2025-02-24 19:48:11.608466
case_13,b,2025-02-24 19:53:11.608466
case_13,b,2025-02-24 19:58:11.608466
case_13,b,2025-02-24 20:03:11.608466
case_13,a,2025-02-24 20:08:11.608466
case_13,a,2025-02-24 20:13:11.608466
case_13,b,2025-02-24 20:18:11.608466
case_13,b,2025-02-24 20:23:11.608466
case_13,b,2025-02-24 20:28:11.608466
case_13,b,2025-02-24 20:33:11.608466
case_13,c,2025-02-24 20:38:11.608466
case_13,c,2025-02-24 20:43:11.608466
case_13,c,2025-02-24 20:48:11.608466
case_13,c,2025-02-24 20:53:11.608466
case_13,a,2025-02-24 20:58:11.608466
case_13,a,2025-02-24 21:03:11.608466
case_14,a,2025-02-24 19:28:11.608496
case_14,b,2025-02-24 19:33:11.608496
case_14,b,2025-02-24 19:38:11.608496
case_14,a,2025-02-24 19:43:11.608496
case_14,b,2025-02-24 19:48:11.608496
case_14,a,2025-02-24 19:53:11.608496
case_14,c,2025-02-24 19:58:11.608496
case_14,b,2025-02-24 20:03:11.608496
case_14,a,2025-02-24 20:08:11.608496
case_14,a,2025-02-24 20:13:11.608496
case_14,a,2025-02-24 20:18:11.608496
case_14,c,2025-02-24 20:23:11.608496
case_14,b,2025-02-24 20:28:11.608496
case_14,a,2025-02-24 20:33:11.608496
case_14,c,2025-02-24 20:38:11.608496
case_14,a,2025-02-24 20:43:11.608496
case_14,c,2025-02-24 20:48:11.608496
case_14,a,2025-02-24 20:53:11.608496
case_14,b,2025-02-24 20:58:11.608496
case_14,a,2025-02-24 21:03:11.608496
case_15,a,2025-02-24 19:28:11.608527
case_15,a,2025-02-24 19:33:11.608527
case_15,b,2025-02-24 19:38:11.608527
case_15,a,2025-02-24 19:43:11.608527
case_15,c,2025-02-24 19:48:11.608527
case_15,c,2025-02-24 19:53:11.608527
case_15,b,2025-02-24 19:58:11.608527
case_15,c,2025-02-24 20:03:11.608527
case_15,c,2025-02-24 20:08:11.608527
case_15,b,2025-02-24 20:13:11.608527
case_15,a,2025-02-24 20:18:11.608527
case_15,a,2025-02-24 20:23:11.608527
case_15,b,2025-02-24 20:28:11.608527
case_15,a,2025-02-24 20:33:11.608527
case_15,b,2025-02-24 20:38:11.608527
case_15,a,2025-02-24 20:43:11.608527
case_15,b,2025-02-24 20:48:11.608527
case_15,a,2025-02-24 20:53:11.608527
case_15,b,2025-02-24 20:58:11.608527
case_15,b,2025-02-24 21:03:11.608527
case_16,b,2025-02-24 19:28:11.608558
case_16,a,2025-02-24 19:33:11.608558
case_16,a,2025-02-24 19:38:11.608558
case_16,b,2025-02-24 19:43:11.608558
case_16,c,2025-02-24 19:48:11.608558
case_16,b,2025-02-24 19:53:11.608558
case_16,b,2025-02-24 19:58:11.608558
case_16,b,2025-02-24 20:03:11.608558
case_16,c,2025-02-24 20:08:11.608558
case_16,c,2025-02-24 20:13:11.608558
case_16,c,2025-02-24 20:18:11.608558
case_16,b,2025-02-24 20:23:11.608558
case_16,c,2025-02-24 20:28:11.608558
case_16,b,2025-02-24 20:33:11.608558
case_16,b,2025-02-24 20:38:11.608558
case_16,c,2025-02-24 20:43:11.608558
case_16,a,2025-02-24 20:48:11.608558
case_16,a,2025-02-24 20:53:11.608558
case_16,b,2025-02-24 20:58:11.608558
case_16,a,2025-02-24 21:03:11.608558
case_17,b,2025-02-24 19:28:11.608588
case_17,a,2025-02-24 19:33:11.608588
case_17,a,2025-02-24 19:38:11.608588
case_17,b,2025-02-24 19:43:11.608588
case_17,b,2025-02-24 19:48:11.608588
case_17,a,2025-02-24 19:53:11.608588
case_17,c,2025-02-24 19:58:11.608588
case_17,b,2025-02-24 20:03:11.608588
case_17,b,2025-02-24 20:08:11.608588
case_17,b,2025-02-24 20:13:11.608588
case_17,b,2025-02-24 20:18:11.608588
case_17,c,2025-02-24 20:23:11.608588
case_17,b,2025-02-24 20:28:11.608588
case_17,b,2025-02-24 20:33:11.608588
case_17,b,2025-02-24 20:38:11.608588
case_17,a,2025-02-24 20:43:11.608588
case_17,c,2025-02-24 20:48:11.608588
case_17,c,2025-02-24 20:53:11.608588
case_17,b,2025-02-24 20:58:11.608588
case_17,c,2025-02-24 21:03:11.608588
case_18,a,2025-02-24 19:28:11.608619
case_18,c,2025-02-24 19:33:11.608619
case_18,c,2025-02-24 19:38:11.608619
case_18,c,2025-02-24 19:43:11.608619
case_18,c,2025-02-24 19:48:11.608619
case_18,b,2025-02-24 19:53:11.608619
case_18,c,2025-02-24 19:58:11.608619
case_18,b,2025-02-24 20:03:11.608619
case_18,a,2025-02-24 20:08:11.608619
case_18,b,2025-02-24 20:13:11.608619
case_18,c,2025-02-24 20:18:11.608619
case_18,b,2025-02-24 20:23:11.608619
case_18,b,2025-02-24 20:28:11.608619
case_18,b,2025-02-24 20:33:11.608619
case_18,c,2025-02-24 20:38:11.608619
case_18,b,2025-02-24 20:43:11.608619
case_18,a,2025-02-24 20:48:11.608619
case_18,c,2025-02-24 20:53:11.608619
case_18,a,2025-02-24 20:58:11.608619
case_18,b,2025-02-24 21:03:11.608619
case_19,a,2025-02-24 19:28:11.608649
case_19,b,2025-02-24 19:33:11.608649
case_19,a,2025-02-24 19:38:11.608649
case_19,b,2025-02-24 19:43:11.608649
case_19,b,2025-02-24 19:48:11.608649
case_19,a,2025-02-24 19:53:11.608649
case_19,b,2025-02-24 19:58:11.608649
case_19,b,2025-02-24 20:03:11.608649
case_19,b,2025-02-24 20:08:11.608649
case_19,a,2025-02-24 20:13:11.608649
case_19,c,2025-02-24 20:18:11.608649
case_19,a,2025-02-24 20:23:11.608649
case_19,a,2025-02-24 20:28:11.608649
case_19,c,2025-02-24 20:33:11.608649
case_19,c,2025-02-24 20:38:11.608649
case_19,b,2025-02-24 20:43:11.608649
case_19,a,2025-02-24 20:48:11.608649
case_19,a,2025-02-24 20:53:11.608649
case_19,b,2025-02-24 20:58:11.608649
case_19,a,2025-02-24 21:03:11.608649
case_20,b,2025-02-24 19:28:11.608679
case_20,b,2025-02-24 19:33:11.608679
case_20,c,2025-02-24 19:38:11.608679
case_20,a,2025-02-24 19:43:11.608679
case_20,a,2025-02-24 19:48:11.608679
case_20,b,2025-02-24 19:53:11.608679
case_20,b,2025-02-24 19:58:11.608679
case_20,c,2025-02-24 20:03:11.608679
case_20,b,2025-02-24 20:08:11.608679
case_20,c,2025-02-24 20:13:11.608679
case_20,c,2025-02-24 20:18:11.608679
case_20,c,2025-02-24 20:23:11.608679
case_20,b,2025-02-24 20:28:11.608679
case_20,a,2025-02-24 20:33:11.608679
case_20,c,2025-02-24 20:38:11.608679
case_20,a,2025-02-24 20:43:11.608679
case_20,c,2025-02-24 20:48:11.608679
case_20,c,2025-02-24 20:53:11.608679
case_20,b,2025-02-24 20:58:11.608679
case_20,b,2025-02-24 21:03:11.608679
case_21,b,2025-02-24 19:28:11.608709
case_21,a,2025-02-24 19:33:11.608709
case_21,b,2025-02-24 19:38:11.608709
case_21,a,2025-02-24 19:43:11.608709
case_21,a,2025-02-24 19:48:11.608709
case_21,b,2025-02-24 19:53:11.608709
case_21,a,2025-02-24 19:58:11.608709
case_21,a,2025-02-24 20:03:11.608709
case_21,b,2025-02-24 20:08:11.608709
case_21,a,2025-02-24 20:13:11.608709
case_21,b,2025-02-24 20:18:11.608709
case_21,c,2025-02-24 20:23:11.608709
case_21,a,2025-02-24 20:28:11.608709
case_21,b,2025-02-24 20:33:11.608709
case_21,a,2025-02-24 20:38:11.608709
case_21,c,2025-02-24 20:43:11.608709
case_21,a,2025-02-24 20:48:11.608709
case_21,b,2025-02-24 20:53:11.608709
case_21,c,2025-02-24 20:58:11.608709
case_21,a,2025-02-24 21:03:11.608709
case_22,b,2025-02-24 19:28:11.608740
case_22,b,2025-02-24 19:33:11.608740
case_22,b,2025-02-24 19:38:11.608740
case_22,b,2025-02-24 19:43:11.608740
case_22,b,2025-02-24 19:48:11.608740
case_22,b,2025-02-24 19:53:11.608740
case_22,b,2025-02-24 19:58:11.608740
case_22,c,2025-02-24 20:03:11.608740
case_22,c,2025-02-24 20:08:11.608740
case_22,c,2025-02-24 20:13:11.608740
case_22,c,2025-02-24 20:18:11.608740
case_22,b,2025-02-24 20:23:11.608740
case_22,b,2025-02-24 20:28:11.608740
case_22,c,2025-02-24 20:33:11.608740
case_22,c,2025-02-24 20:38:11.608740
case_22,b,2025-02-24 20:43:11.608740
case_22,a,2025-02-24 20:48:11.608740
case_22,a,2025-02-24 20:53:11.608740
case_22,b,2025-02-24 20:58:11.608740
case_22,a,2025-02-24 21:03:11.608740
case_23,b,2025-02-24 19:28:11.608771
case_23,c,2025-02-24 19:33:11.608771
case_23,a,2025-02-24 19:38:11.608771
case_23,a,2025-02-24 19:43:11.608771
case_23,c,2025-02-24 19:48:11.608771
case_23,c,2025-02-24 19:53:11.608771
case_23,a,2025-02-24 19:58:11.608771
case_23,a,2025-02-24 20:03:11.608771
case_23,b,2025-02-24 20:08:11.608771
case_23,b,2025-02-24 20:13:11.608771
case_23,a,2025-02-24 20:18:11.608771
case_23,c,2025-02-24 20:23:11.608771
case_23,c,2025-02-24 20:28:11.608771
case_23,c,2025-02-24 20:33:11.608771
case_23,b,2025-02-24 20:38:11.608771
case_23,b,2025-02-24 20:43:11.608771
case_23,c,2025-02-24 20:48:11.608771
case_23,b,2025-02-24 20:53:11.608771
case_23,a,2025-02-24 20:58:11.608771
case_23,c,2025-02-24 21:03:11.608771
case_24,a,2025-02-24 19:28:11.608801
case_24,b,2025-02-24 19:33:11.608801
case_24,a,2025-02-24 19:38:11.608801
case_24,a,2025-02-24 19:43:11.608801
case_24,b,2025-02-24 19:48:11.608801
case_24,a,2025-02-24 19:53:11.608801
case_24,a,2025-02-24 19:58:11.608801
case_24,a,2025-02-24 20:03:11.608801
case_24,b,2025-02-24 20:08:11.608801
case_24,b,2025-02-24 20:13:11.608801
case_24,a,2025-02-24 20:18:11.608801
case_24,b,2025-02-24 20:23:11.608801
case_24,a,2025-02-24 20:28:11.608801
case_24,c,2025-02-24 20:33:11.608801
case_24,a,2025-02-24 20:38:11.608801
case_24,b,2025-02-24 20:43:11.608801
case_24,b,2025-02-24 20:48:11.608801
case_24,c,2025-02-24 20:53:11.608801
case_24,a,2025-02-24 20:58:11.608801
case_24,a,2025-02-24 21:03:11.608801
case_25,b,2025-02-24 19:28:11.608831
case_25,b,2025-02-24 19:33:11.608831
case_25,a,2025-02-24 19:38:11.608831
case_25,c,2025-02-24 19:43:11.608831
case_25,a,2025-02-24 19:48:11.608831
case_25,a,2025-02-24 19:53:11.608831
case_25,a,2025-02-24 19:58:11.608831
case_25,b,2025-02-24 20:03:11.608831
case_25,b,2025-02-24 20:08:11.608831
case_25,b,2025-02-24 20:13:11.608831
case_25,b,2025-02-24 20:18:11.608831
case_25,a,2025-02-24 20:23:11.608831
case_25,b,2025-02-24 20:28:11.608831
case_25,b,2025-02-24 20:33:11.608831
case_25,c,2025-02-24 20:38:11.608831
case_25,b,2025-02-24 20:43:11.608831
case_25,b,2025-02-24 20:48:11.608831
case_25,a,2025-02-24 20:53:11.608831
case_25,c,2025-02-24 20:58:11.608831
case_25,a,2025-02-24 21:03:11.608831
case_26,b,2025-02-24 19:28:11.608861
case_26,a,2025-02-24 19:33:11.608861
case_26,b,2025-02-24 19:38:11.608861
case_26,c,2025-02-24 19:43:11.608861
case_26,b,2025-02-24 19:48:11.608861
case_26,a,2025-02-24 19:53:11.608861
case_26,a,2025-02-24 19:58:11.608861
case_26,a,2025-02-24 20:03:11.608861
case_26,c,2025-02-24 20:08:11.608861
case_26,a,2025-02-24 20:13:11.608861
case_26,a,2025-02-24 20:18:11.608861
case_26,a,2025-02-24 20:23:11.608861
case_26,c,2025-02-24 20:28:11.608861
case_26,a,2025-02-24 20:33:11.608861
case_26,a,2025-02-24 20:38:11.608861
case_26,b,2025-02-24 20:43:11.608861
case_26,a,2025-02-24 20:48:11.608861
case_26,c,2025-02-24 20:53:11.608861
case_26,b,2025-02-24 20:58:11.608861
case_26,c,2025-02-24 21:03:11.608861
case_27,b,2025-02-24 19:28:11.608891
case_27,a,2025-02-24 19:33:11.608891
case_27,c,2025-02-24 19:38:11.608891
case_27,b,2025-02-24 19:43:11.608891
case_27,b,2025-02-24 19:48:11.608891
case_27,a,2025-02-24 19:53:11.608891
case_27,c,2025-02-24 19:58:11.608891
case_27,a,2025-02-24 20:03:11.608891
case_27,c,2025-02-24 20:08:11.608891
case_27,a,2025-02-24 20:13:11.608891
case_27,a,2025-02-24 20:18:11.608891
case_27,a,2025-02-24 20:23:11.608891
case_27,b,2025-02-24 20:28:11.608891
case_27,a,2025-02-24 20:33:11.608891
case_27,c,2025-02-24 20:38:11.608891
case_27,a,2025-02-24 20:43:11.608891
case_27,c,2025-02-24 20:48:11.608891
case_27,a,2025-02-24 20:53:11.608891
case_27,b,2025-02-24 20:58:11.608891
case_27,c,2025-02-24 21:03:11.608891
case_28,a,2025-02-24 19:28:11.608922
case_28,b,2025-02-24 19:33:11.608922
case_28,c,2025-02-24 19:38:11.608922
case_28,a,2025-02-24 19:43:11.608922
case_28,b,2025-02-24 19:48:11.608922
case_28,b,2025-02-24 19:53:11.608922
case_28,c,2025-02-24 19:58:11.608922
case_28,a,2025-02-24 20:03:11.608922
case_28,c,2025-02-24 20:08:11.608922
case_28,a,2025-02-24 20:13:11.608922
case_28,b,2025-02-24 20:18:11.608922
case_28,c,2025-02-24 20:23:11.608922
case_28,c,2025-02-24 20:28:11.608922
case_28,c,2025-02-24 20:33:11.608922
case_28,c,2025-02-24 20:38:11.608922
case_28,b,2025-02-24 20:43:11.608922
case_28,c,2025-02-24 20:48:11.608922
case_28,c,2025-02-24 20:53:11.608922
case_28,c,2025-02-24 20:58:11.608922
case_28,b,2025-02-24 21:03:11.608922
case_29,a,2025-02-24 19:28:11.608952
case_29,c,2025-02-24 19:33:11.608952
case_29,a,2025-02-24 19:38:11.608952
case_29,a,2025-02-24 19:43:11.608952
case_29,b,2025-02-24 19:48:11.608952
case_29,a,2025-02-24 19:53:11.608952
case_29,b,2025-02-24 19:58:11.608952
case_29,b,2025-02-24 20:03:11.608952
case_29,a,2025-02-24 20:08:11.608952
case_29,a,2025-02-24 20:13:11.608952
case_29,c,2025-02-24 20:18:11.608952
case_29,b,2025-02-24 20:23:11.608952
case_29,a,2025-02-24 20:28:11.608952
case_29,c,2025-02-24 20:33:11.608952
case_29,b,2025-02-24 20:38:11.608952
case_29,a,2025-02-24 20:43:11.608952
case_29,c,2025-02-24 20:48:11.608952
case_29,c,2025-02-24 20:53:11.608952
case_29,b,2025-02-24 20:58:11.608952
case_29,b,2025-02-24 21:03:11.608952
case_30,a,2025-02-24 19:28:11.608983
case_30,c,2025-02-24 19:33:11.608983
case_30,a,2025-02-24 19:38:11.608983
case_30,c,2025-02-24 19:43:11.608983
case_30,a,2025-02-24 19:48:11.608983
case_30,b,2025-02-24 19:53:11.608983
case_30,a,2025-02-24 19:58:11.608983
case_30,c,2025-02-24 20:03:11.608983
case_30,a,2025-02-24 20:08:11.608983
case_30,c,2025-02-24 20:13:11.608983
case_30,b,2025-02-24 20:18:11.608983
case_30,a,2025-02-24 20:23:11.608983
case_30,a,2025-02-24 20:28:11.608983
case_30,a,2025-02-24 20:33:11.608983
case_30,a,2025-02-24 20:38:11.608983
case_30,a,2025-02-24 20:43:11.608983
case_30,b,2025-02-24 20:48:11.608983
case_30,b,2025-02-24 20:53:11.608983
case_30,c,2025-02-24 20:58:11.608983
case_30,a,2025-02-24 21:03:11.608983
case_31,a,2025-02-24 19:28:11.609013
case_31,a,2025-02-24 19:33:11.609013
case_31,a,2025-02-24 19:38:11.609013
case_31,c,2025-02-24 19:43:11.609013
case_31,b,2025-02-24 19:48:11.609013
case_31,b,2025-02-24 19:53:11.609013
case_31,a,2025-02-24 19:58:11.609013
case_31,c,2025-02-24 20:03:11.609013
case_31,c,2025-02-24 20:08:11.609013
case_31,a,2025-02-24 20:13:11.609013
case_31,a,2025-02-24 20:18:11.609013
case_31,b,2025-02-24 20:23:11.609013
case_31,a,2025-02-24 20:28:11.609013
case_31,c,2025-02-24 20:33:11.609013
case_31,c,2025-02-24 20:38:11.609013
case_31,b,2025-02-24 20:43:11.609013
case_31,b,2025-02-24 20:48:11.609013
case_31,a,2025-02-24 20:53:11.609013
case_31,a,2025-02-24 20:58:11.609013
case_31,a,2025-02-24 21:03:11.609013
case_32,a,2025-02-24 19:28:11.609043
case_32,b,2025-02-24 19:33:11.609043
case_32,c,2025-02-24 19:38:11.609043
case_32,c,2025-02-24 19:43:11.609043
case_32,c,2025-02-24 19:48:11.609043
case_32,a,2025-02-24 19:53:11.609043
case_32,b,2025-02-24 19:58:11.609043
case_32,a,2025-02-24 20:03:11.609043
case_32,a,2025-02-24 20:08:11.609043
case_32,b,2025-02-24 20:13:11.609043
case_32,b,2025-02-24 20:18:11.609043
case_32,b,2025-02-24 20:23:11.609043
case_32,a,2025-02-24 20:28:11.609043
case_32,c,2025-02-24 20:33:11.609043
case_32,a,2025-02-24 20:38:11.609043
case_32,b,2025-02-24 20:43:11.609043
case_32,a,2025-02-24 20:48:11.609043
case_32,b,2025-02-24 20:53:11.609043
case_32,b,2025-02-24 20:58:11.609043
case_32,c,2025-02-24 21:03:11.609043
case_33,b,2025-02-24 19:28:11.609074
case_33,c,2025-02-24 19:33:11.609074
case_33,c,2025-02-24 19:38:11.609074
case_33,b,2025-02-24 19:43:11.609074
case_33,c,2025-02-24 19:48:11.609074
case_33,a,2025-02-24 19:53:11.609074
case_33,a,2025-02-24 19:58:11.609074
case_33,a,2025-02-24 20:03:11.609074
case_33,a,2025-02-24 20:08:11.609074
case_33,a,2025-02-24 20:13:11.609074
case_33,c,2025-02-24 20:18:11.609074
case_33,c,2025-02-24 20:23:11.609074
case_33,c,2025-02-24 20:28:11.609074
case_33,a,2025-02-24 20:33:11.609074
case_33,b,2025-02-24 20:38:11.609074
case_33,a,2025-02-24 20:43:11.609074
case_33,a,2025-02-24 20:48:11.609074
case_33,c,2025-02-24 20:53:11.609074
case_33,a,2025-02-24 20:58:11.609074
case_33,a,2025-02-24 21:03:11.609074
case_34,b,2025-02-24 19:28:11.609104
case_34,c,2025-02-24 19:33:11.609104
case_34,a,2025-02-24 19:38:11.609104
case_34,b,2025-02-24 19:43:11.609104
case_34,c,2025-02-24 19:48:11.609104
case_34,b,2025-02-24 19:53:11.609104
case_34,c,2025-02-24 19:58:11.609104
case_34,a,2025-02-24 20:03:11.609104
case_34,b,2025-02-24 20:08:11.609104
case_34,a,2025-02-24 20:13:11.609104
case_34,c,2025-02-24 20:18:11.609104
case_34,a,2025-02-24 20:23:11.609104
case_34,c,2025-02-24 20:28:11.609104
case_34,a,2025-02-24 20:33:11.609104
case_34,a,2025-02-24 20:38:11.609104
case_34,c,2025-02-24 20:43:11.609104
case_34,c,2025-02-24 20:48:11.609104
case_34,c,2025-02-24 20:53:11.609104
case_34,a,2025-02-24 20:58:11.609104
case_34,c,2025-02-24 21:03:11.609104
case_35,a,2025-02-24 19:28:11.609135
case_35,c,2025-02-24 19:33:11.609135
case_35,c,2025-02-24 19:38:11.609135
case_35,b,2025-02-24 19:43:11.609135
case_35,c,2025-02-24 19:48:11.609135
case_35,b,2025-02-24 19:53:11.609135
case_35,b,2025-02-24 19:58:11.609135
case_35,c,2025-02-24 20:03:11.609135
case_35,b,2025-02-24 20:08:11.609135
case_35,c,2025-02-24 20:13:11.609135
case_35,a,2025-02-24 20:18:11.609135
case_35,b,2025-02-24 20:23:11.609135
case_35,a,2025-02-24 20:28:11.609135
case_35,c,2025-02-24 20:33:11.609135
case_35,a,2025-02-24 20:38:11.609135
case_35,a,2025-02-24 20:43:11.609135
case_35,b,2025-02-24 20:48:11.609135
case_35,b,2025-02-24 20:53:11.609135
case_35,b,2025-02-24 20:58:11.609135
case_35,b,2025-02-24 21:03:11.609135
case_36,b,2025-02-24 19:28:11.609165
case_36,b,2025-02-24 19:33:11.609165
case_36,c,2025-02-24 19:38:11.609165
case_36,a,2025-02-24 19:43:11.609165
case_36,b,2025-02-24 19:48:11.609165
case_36,a,2025-02-24 19:53:11.609165
case_36,b,2025-02-24 19:58:11.609165
case_36,c,2025-02-24 20:03:11.609165
case_36,c,2025-02-24 20:08:11.609165
case_36,b,2025-02-24 20:13:11.609165
case_36,b,2025-02-24 20:18:11.609165
case_36,a,2025-02-24 20:23:11.609165
case_36,b,2025-02-24 20:28:11.609165
case_36,a,2025-02-24 20:33:11.609165
case_36,c,2025-02-24 20:38:11.609165
case_36,b,2025-02-24 20:43:11.609165
case_36,a,2025-02-24 20:48:11.609165
case_36,c,2025-02-24 20:53:11.609165
case_36,c,2025-02-24 20:58:11.609165
case_36,a,2025-02-24 21:03:11.609165
case_37,b,2025-02-24 19:28:11.609195
case_37,b,2025-02-24 19:33:11.609195
case_37,a,2025-02-24 19:38:11.609195
case_37,c,2025-02-24 19:43:11.609195
case_37,a,2025-02-24 19:48:11.609195
case_37,b,2025-02-24 19:53:11.609195
case_37,b,2025-02-24 19:58:11.609195
case_37,b,2025-02-24 20:03:11.609195
case_37,c,2025-02-24 20:08:11.609195
case_37,b,2025-02-24 20:13:11.609195
case_37,a,2025-02-24 20:18:11.609195
case_37,a,2025-02-24 20:23:11.609195
case_37,a,2025-02-24 20:28:11.609195
case_37,c,2025-02-24 20:33:11.609195
case_37,c,2025-02-24 20:38:11.609195
case_37,b,2025-02-24 20:43:11.609195
case_37,b,2025-02-24 20:48:11.609195
case_37,c,2025-02-24 20:53:11.609195
case_37,c,2025-02-24 20:58:11.609195
case_37,a,2025-02-24 21:03:11.609195
case_38,b,2025-02-24 19:28:11.609225
case_38,b,2025-02-24 19:33:11.609225
case_38,b,2025-02-24 19:38:11.609225
case_38,b,2025-02-24 19:43:11.609225
case_38,a,2025-02-24 19:48:11.609225
case_38,a,2025-02-24 19:53:11.609225
case_38,b,2025-02-24 19:58:11.609225
case_38,b,2025-02-24 20:03:11.609225
case_38,a,2025-02-24 20:08:11.609225
case_38,c,2025-02-24 20:13:11.609225
case_38,c,2025-02-24 20:18:11.609225
case_38,b,2025-02-24 20:23:11.609225
case_38,a,2025-02-24 20:28:11.609225
case_38,c,2025-02-24 20:33:11.609225
case_38,c,2025-02-24 20:38:11.609225
case_38,c,2025-02-24 20:43:11.609225
case_38,c,2025-02-24 20:48:11.609225
case_38,c,2025-02-24 20:53:11.609225
case_38,b,2025-02-24 20:58:11.609225
case_38,c,2025-02-24 21:03:11.609225
case_39,b,2025-02-24 19:28:11.609256
case_39,c,2025-02-24 19:33:11.609256
case_39,b,2025-02-24 19:38:11.609256
case_39,c,2025-02-24 19:43:11.609256
case_39,c,2025-02-24 19:48:11.609256
case_39,b,2025-02-24 19:53:11.609256
case_39,b,2025-02-24 19:58:11.609256
case_39,b,2025-02-24 20:03:11.609256
case_39,a,2025-02-24 20:08:11.609256
case_39,a,2025-02-24 20:13:11.609256
case_39,b,2025-02-24 20:18:11.609256
case_39,a,2025-02-24 20:23:11.609256
case_39,b,2025-02-24 20:28:11.609256
case_39,a,2025-02-24 20:33:11.609256
case_39,a,2025-02-24 20:38:11.609256
case_39,c,2025-02-24 20:43:11.609256
case_39,b,2025-02-24 20:48:11.609256
case_39,a,2025-02-24 20:53:11.609256
case_39,a,2025-02-24 20:58:11.609256
case_39,b,2025-02-24 21:03:11.609256
case_40,a,2025-02-24 19:28:11.609286
case_40,a,2025-02-24 19:33:11.609286
case_40,a,2025-02-24 19:38:11.609286
case_40,b,2025-02-24 19:43:11.609286
case_40,c,2025-02-24 19:48:11.609286
case_40,a,2025-02-24 19:53:11.609286
case_40,a,2025-02-24 19:58:11.609286
case_40,a,2025-02-24 20:03:11.609286
case_40,b,2025-02-24 20:08:11.609286
case_40,c,2025-02-24 20:13:11.609286
case_40,c,2025-02-24 20:18:11.609286
case_40,c,2025-02-24 20:23:11.609286
case_40,a,2025-02-24 20:28:11.609286
case_40,a,2025-02-24 20:33:11.609286
case_40,a,2025-02-24 20:38:11.609286
case_40,b,2025-02-24 20:43:11.609286
case_40,c,2025-02-24 20:48:11.609286
case_40,c,2025-02-24 20:53:11.609286
case_40,c,2025-02-24 20:58:11.609286
case_40,c,2025-02-24 21:03:11.609286
case_41,b,2025-02-24 19:28:11.609316
case_41,b,2025-02-24 19:33:11.609316
case_41,b,2025-02-24 19:38:11.609316
case_41,c,2025-02-24 19:43:11.609316
case_41,a,2025-02-24 19:48:11.609316
case_41,b,2025-02-24 19:53:11.609316
case_41,c,2025-02-24 19:58:11.609316
case_41,a,2025-02-24 20:03:11.609316
case_41,b,2025-02-24 20:08:11.609316
case_41,b,2025-02-24 20:13:11.609316
case_41,b,2025-02-24 20:18:11.609316
case_41,b,2025-02-24 20:23:11.609316
case_41,b,2025-02-24 20:28:11.609316
case_41,a,2025-02-24 20:33:11.609316
case_41,a,2025-02-24 20:38:11.609316
case_41,b,2025-02-24 20:43:11.609316
case_41,a,2025-02-24 20:48:11.609316
case_41,a,2025-02-24 20:53:11.609316
case_41,b,2025-02-24 20:58:11.609316
case_41,b,2025-02-24 21:03:11.609316
case_42,b,2025-02-24 19:28:11.609350
case_42,a,2025-02-24 19:33:11.609350
case_42,b,2025-02-24 19:38:11.609350
case_42,b,2025-02-24 19:43:11.609350
case_42,a,2025-02-24 19:48:11.609350
case_42,b,2025-02-24 19:53:11.609350
case_42,c,2025-02-24 19:58:11.609350
case_42,a,2025-02-24 20:03:11.609350
case_42,b,2025-02-24 20:08:11.609350
case_42,c,2025-02-24 20:13:11.609350
case_42,a,2025-02-24 20:18:11.609350
case_42,c,2025-02-24 20:23:11.609350
case_42,a,2025-02-24 20:28:11.609350
case_42,a,2025-02-24 20:33:11.609350
case_42,c,2025-02-24 20:38:11.609350
case_42,b,2025-02-24 20:43:11.609350
case_42,c,2025-02-24 20:48:11.609350
case_42,b,2025-02-24 20:53:11.609350
case_42,b,2025-02-24 20:58:11.609350
case_42,a,2025-02-24 21:03:11.609350
case_43,b,2025-02-24 19:28:11.609381
case_43,a,2025-02-24 19:33:11.609381
case_43,a,2025-02-24 19:38:11.609381
case_43,a,2025-02-24 19:43:11.609381
case_43,b,2025-02-24 19:48:11.609381
case_43,c,2025-02-24 19:53:11.609381
case_43,b,2025-02-24 19:58:11.609381
case_43,a,2025-02-24 20:03:11.609381
case_43,c,2025-02-24 20:08:11.609381
case_43,a,2025-02-24 20:13:11.609381
case_43,b,2025-02-24 20:18:11.609381
case_43,b,2025-02-24 20:23:11.609381
case_43,a,2025-02-24 20:28:11.609381
case_43,c,2025-02-24 20:33:11.609381
case_43,b,2025-02-24 20:38:11.609381
case_43,a,2025-02-24 20:43:11.609381
case_43,a,2025-02-24 20:48:11.609381
case_43,b,2025-02-24 20:53:11.609381
case_43,a,2025-02-24 20:58:11.609381
case_43,a,2025-02-24 21:03:11.609381
case_44,b,2025-02-24 19:28:11.609412
case_44,a,2025-02-24 19:33:11.609412
case_44,b,2025-02-24 19:38:11.609412
case_44,c,2025-02-24 19:43:11.609412
case_44,c,2025-02-24 19:48:11.609412
case_44,c,2025-02-24 19:53:11.609412
case_44,a,2025-02-24 19:58:11.609412
case_44,b,2025-02-24 20:03:11.609412
case_44,c,2025-02-24 20:08:11.609412
case_44,b,2025-02-24 20:13:11.609412
case_44,a,2025-02-24 20:18:11.609412
case_44,b,2025-02-24 20:23:11.609412
case_44,a,2025-02-24 20:28:11.609412
case_44,a,2025-02-24 20:33:11.609412
case_44,c,2025-02-24 20:38:11.609412
case_44,a,2025-02-24 20:43:11.609412
case_44,b,2025-02-24 20:48:11.609412
case_44,c,2025-02-24 20:53:11.609412
case_44,b,2025-02-24 20:58:11.609412
case_44,a,2025-02-24 21:03:11.609412
case_45,a,2025-02-24 19:28:11.609442
case_45,a,2025-02-24 19:33:11.609442
case_45,c,2025-02-24 19:38:11.609442
case_45,a,2025-02-24 19:43:11.609442
case_45,c,2025-02-24 19:48:11.609442
case_45,c,2025-02-24 19:53:11.609442
case_45,b,2025-02-24 19:58:11.609442
case_45,b,2025-02-24 20:03:11.609442
case_45,c,2025-02-24 20:08:11.609442
case_45,b,2025-02-24 20:13:11.609442
case_45,b,2025-02-24 20:18:11.609442
case_45,a,2025-02-24 20:23:11.609442
case_45,c,2025-02-24 20:28:11.609442
case_45,c,2025-02-24 20:33:11.609442
case_45,b,2025-02-24 20:38:11.609442
case_45,a,2025-02-24 20:43:11.609442
case_45,c,2025-02-24 20:48:11.609442
case_45,a,2025-02-24 20:53:11.609442
case_45,c,2025-02-24 20:58:11.609442
case_45,a,2025-02-24 21:03:11.609442
case_46,a,2025-02-24 19:28:11.609473
case_46,c,2025-02-24 19:33:11.609473
case_46,b,2025-02-24 19:38:11.609473
case_46,b,2025-02-24 19:43:11.609473
case_46,b,2025-02-24 19:48:11.609473
case_46,c,2025-02-24 19:53:11.609473
case_46,c,2025-02-24 19:58:11.609473
case_46,a,2025-02-24 20:03:11.609473
case_46,c,2025-02-24 20:08:11.609473
case_46,b,2025-02-24 20:13:11.609473
case_46,a,2025-02-24 20:18:11.609473
case_46,b,2025-02-24 20:23:11.609473
case_46,c,2025-02-24 20:28:11.609473
case_46,b,2025-02-24 20:33:11.609473
case_46,a,2025-02-24 20:38:11.609473
case_46,a,2025-02-24 20:43:11.609473
case_46,c,2025-02-24 20:48:11.609473
case_46,a,2025-02-24 20:53:11.609473
case_46,a,2025-02-24 20:58:11.609473
case_46,b,2025-02-24 21:03:11.609473
case_47,a,2025-02-24 19:28:11.609503
case_47,b,2025-02-24 19:33:11.609503
case_47,a,2025-02-24 19:38:11.609503
case_47,c,2025-02-24 19:43:11.609503
case_47,b,2025-02-24 19:48:11.609503
case_47,c,2025-02-24 19:53:11.609503
case_47,a,2025-02-24 19:58:11.609503
case_47,c,2025-02-24 20:03:11.609503
case_47,a,2025-02-24 20:08:11.609503
case_47,c,2025-02-24 20:13:11.609503
case_47,c,2025-02-24 20:18:11.609503
case_47,a,2025-02-24 20:23:11.609503
case_47,b,2025-02-24 20:28:11.609503
case_47,c,2025-02-24 20:33:11.609503
case_47,c,2025-02-24 20:38:11.609503
case_47,a,2025-02-24 20:43:11.609503
case_47,b,2025-02-24 20:48:11.609503
case_47,c,2025-02-24 20:53:11.609503
case_47,b,2025-02-24 20:58:11.609503
case_47,b,2025-02-24 21:03:11.609503
case_48,a,2025-02-24 19:28:11.609533
case_48,a,2025-02-24 19:33:11.609533
case_48,a,2025-02-24 19:38:11.609533
case_48,b,2025-02-24 19:43:11.609533
case_48,c,2025-02-24 19:48:11.609533
case_48,c,2025-02-24 19:53:11.609533
case_48,a,2025-02-24 19:58:11.609533
case_48,c,2025-02-24 20:03:11.609533
case_48,a,2025-02-24 20:08:11.609533
case_48,b,2025-02-24 20:13:11.609533
case_48,c,2025-02-24 20:18:11.609533
case_48,a,2025-02-24 20:23:11.609533
case_48,c,2025-02-24 20:28:11.609533
case_48,a,2025-02-24 20:33:11.609533
case_48,c,2025-02-24 20:38:11.609533
case_48,c,2025-02-24 20:43:11.609533
case_48,a,2025-02-24 20:48:11.609533
case_48,a,2025-02-24 20:53:11.609533
case_48,a,2025-02-24 20:58:11.609533
case_48,b,2025-02-24 21:03:11.609533
case_49,a,2025-02-24 19:28:11.609565
case_49,a,2025-02-24 19:33:11.609565
case_49,c,2025-02-24 19:38:11.609565
case_49,a,2025-02-24 19:43:11.609565
case_49,a,2025-02-24 19:48:11.609565
case_49,a,2025-02-24 19:53:11.609565
case_49,a,2025-02-24 19:58:11.609565
case_49,b,2025-02-24 20:03:11.609565
case_49,b,2025-02-24 20:08:11.609565
case_49,c,2025-02-24 20:13:11.609565
case_49,c,2025-02-24 20:18:11.609565
case_49,a,2025-02-24 20:23:11.609565
case_49,a,2025-02-24 20:28:11.609565
case_49,c,2025-02-24 20:33:11.609565
case_49,b,2025-02-24 20:38:11.609565
case_49,a,2025-02-24 20:43:11.609565
case_49,a,2025-02-24 20:48:11.609565
case_49,b,2025-02-24 20:53:11.609565
case_49,c,2025-02-24 20:58:11.609565
case_49,a,2025-02-24 21:03:11.609565
case_50,a,2025-02-24 19:28:11.609596
case_50,b,2025-02-24 19:33:11.609596
case_50,b,2025-02-24 19:38:11.609596
case_50,c,2025-02-24 19:43:11.609596
case_50,b,2025-02-24 19:48:11.609596
case_50,b,2025-02-24 19:53:11.609596
case_50,a,2025-02-24 19:58:11.609596
case_50,b,2025-02-24 20:03:11.609596
case_50,c,2025-02-24 20:08:11.609596
case_50,a,2025-02-24 20:13:11.609596
case_50,c,2025-02-24 20:18:11.609596
case_50,b,2025-02-24 20:23:11.609596
case_50,b,2025-02-24 20:28:11.609596
case_50,b,2025-02-24 20:33:11.609596
case_50,c,2025-02-24 20:38:11.609596
case_50,a,2025-02-24 20:43:11.609596
case_50,c,2025-02-24 20:48:11.609596
case_50,a,2025-02-24 20:53:11.609596
case_50,c,2025-02-24 20:58:11.609596
case_50,c,2025-02-24 21:03:11.609596
case_51,b,2025-02-24 19:28:11.609626
case_51,c,2025-02-24 19:33:11.609626
case_51,c,2025-02-24 19:38:11.609626
case_51,b,2025-02-24 19:43:11.609626
case_51,b,2025-02-24 19:48:11.609626
case_51,c,2025-02-24 19:53:11.609626
case_51,c,2025-02-24 19:58:11.609626
case_51,c,2025-02-24 20:03:11.609626
case_51,c,2025-02-24 20:08:11.609626
case_51,a,2025-02-24 20:13:11.609626
case_51,a,2025-02-24 20:18:11.609626
case_51,c,2025-02-24 20:23:11.609626
case_51,c,2025-02-24 20:28:11.609626
case_51,a,2025-02-24 20:33:11.609626
case_51,b,2025-02-24 20:38:11.609626
case_51,a,2025-02-24 20:43:11.609626
case_51,c,2025-02-24 20:48:11.609626
case_51,a,2025-02-24 20:53:11.609626
case_51,c,2025-02-24 20:58:11.609626
case_51,c,2025-02-24 21:03:11.609626
case_52,a,2025-02-24 19:28:11.609657
case_52,c,2025-02-24 19:33:11.609657
case_52,a,2025-02-24 19:38:11.609657
case_52,a,2025-02-24 19:43:11.609657
case_52,c,2025-02-24 19:48:11.609657
case_52,b,2025-02-24 19:53:11.609657
case_52,a,2025-02-24 19:58:11.609657
case_52,c,2025-02-24 20:03:11.609657
case_52,c,2025-02-24 20:08:11.609657
case_52,c,2025-02-24 20:13:11.609657
case_52,a,2025-02-24 20:18:11.609657
case_52,b,2025-02-24 20:23:11.609657
case_52,c,2025-02-24 20:28:11.609657
case_52,a,2025-02-24 20:33:11.609657
case_52,b,2025-02-24 20:38:11.609657
case_52,b,2025-02-24 20:43:11.609657
case_52,a,2025-02-24 20:48:11.609657
case_52,b,2025-02-24 20:53:11.609657
case_52,a,2025-02-24 20:58:11.609657
case_52,c,2025-02-24 21:03:11.609657
case_53,b,2025-02-24 19:28:11.609687
case_53,c,2025-02-24 19:33:11.609687
case_53,c,2025-02-24 19:38:11.609687
case_53,a,2025-02-24 19:43:11.609687
case_53,a,2025-02-24 19:48:11.609687
case_53,c,2025-02-24 19:53:11.609687
case_53,b,2025-02-24 19:58:11.609687
case_53,b,2025-02-24 20:03:11.609687
case_53,a,2025-02-24 20:08:11.609687
case_53,b,2025-02-24 20:13:11.609687
case_53,b,2025-02-24 20:18:11.609687
case_53,c,2025-02-24 20:23:11.609687
case_53,c,2025-02-24 20:28:11.609687
case_53,b,2025-02-24 20:33:11.609687
case_53,c,2025-02-24 20:38:11.609687
case_53,a,2025-02-24 20:43:11.609687
case_53,a,2025-02-24 20:48:11.609687
case_53,c,2025-02-24 20:53:11.609687
case_53,b,2025-02-24 20:58:11.609687
case_53,b,2025-02-24 21:03:11.609687
case_54,a,2025-02-24 19:28:11.609717
case_54,a,2025-02-24 19:33:11.609717
case_54,a,2025-02-24 19:38:11.609717
case_54,c,2025-02-24 19:43:11.609717
case_54,a,2025-02-24 19:48:11.609717
case_54,c,2025-02-24 19:53:11.609717
case_54,b,2025-02-24 19:58:11.609717
case_54,c,2025-02-24 20:03:11.609717
case_54,b,2025-02-24 20:08:11.609717
case_54,a,2025-02-24 20:13:11.609717
case_54,a,2025-02-24 20:18:11.609717
case_54,a,2025-02-24 20:23:11.609717
case_54,a,2025-02-24 20:28:11.609717
case_54,b,2025-02-24 20:33:11.609717
case_54,a,2025-02-24 20:38:11.609717
case_54,a,2025-02-24 20:43:11.609717
case_54,c,2025-02-24 20:48:11.609717
case_54,a,2025-02-24 20:53:11.609717
case_54,a,2025-02-24 20:58:11.609717
case_54,b,2025-02-24 21:03:11.609717
case_55,a,2025-02-24 19:28:11.609747
case_55,c,2025-02-24 19:33:11.609747
case_55,b,2025-02-24 19:38:11.609747
case_55,c,2025-02-24 19:43:11.609747
case_55,c,2025-02-24 19:48:11.609747
case_55,c,2025-02-24 19:53:11.609747
case_55,a,2025-02-24 19:58:11.609747
case_55,a,2025-02-24 20:03:11.609747
case_55,a,2025-02-24 20:08:11.609747
case_55,c,2025-02-24 20:13:11.609747
case_55,c,2025-02-24 20:18:11.609747
case_55,b,2025-02-24 20:23:11.609747
case_55,a,2025-02-24 20:28:11.609747
case_55,b,2025-02-24 20:33:11.609747
case_55,b,2025-02-24 20:38:11.609747
case_55,b,2025-02-24 20:43:11.609747
case_55,a,2025-02-24 20:48:11.609747
case_55,a,2025-02-24 20:53:11.609747
case_55,b,2025-02-24 20:58:11.609747
case_55,b,2025-02-24 21:03:11.609747
case_56,b,2025-02-24 19:28:11.609778
case_56,b,2025-02-24 19:33:11.609778
case_56,c,2025-02-24 19:38:11.609778
case_56,b,2025-02-24 19:43:11.609778
case_56,b,2025-02-24 19:48:11.609778
case_56,a,2025-02-24 19:53:11.609778
case_56,c,2025-02-24 19:58:11.609778
case_56,b,2025-02-24 20:03:11.609778
case_56,a,2025-02-24 20:08:11.609778
case_56,c,2025-02-24 20:13:11.609778
case_56,a,2025-02-24 20:18:11.609778
case_56,c,2025-02-24 20:23:11.609778
case_56,c,2025-02-24 20:28:11.609778
case_56,b,2025-02-24 20:33:11.609778
case_56,b,2025-02-24 20:38:11.609778
case_56,c,2025-02-24 20:43:11.609778
case_56,a,2025-02-24 20:48:11.609778
case_56,b,2025-02-24 20:53:11.609778
case_56,b,2025-02-24 20:58:11.609778
case_56,b,2025-02-24 21:03:11.609778
case_57,b,2025-02-24 19:28:11.609809
case_57,b,2025-02-24 19:33:11.609809
case_57,a,2025-02-24 19:38:11.609809
case_57,a,2025-02-24 19:43:11.609809
case_57,c,2025-02-24 19:48:11.609809
case_57,c,2025-02-24 19:53:11.609809
case_57,b,2025-02-24 19:58:11.609809
case_57,a,2025-02-24 20:03:11.609809
case_57,a,2025-02-24 20:08:11.609809
case_57,a,2025-02-24 20:13:11.609809
case_57,b,2025-02-24 20:18:11.609809
case_57,a,2025-02-24 20:23:11.609809
case_57,c,2025-02-24 20:28:11.609809
case_57,a,2025-02-24 20:33:11.609809
case_57,c,2025-02-24 20:38:11.609809
case_57,a,2025-02-24 20:43:11.609809
case_57,b,2025-02-24 20:48:11.609809
case_57,b,2025-02-24 20:53:11.609809
case_57,a,2025-02-24 20:58:11.609809
case_57,b,2025-02-24 21:03:11.609809
case_58,b,2025-02-24 19:28:11.609839
case_58,b,2025-02-24 19:33:11.609839
case_58,b,2025-02-24 19:38:11.609839
case_58,a,2025-02-24 19:43:11.609839
case_58,c,2025-02-24 19:48:11.609839
case_58,c,2025-02-24 19:53:11.609839
case_58,a,2025-02-24 19:58:11.609839
case_58,b,2025-02-24 20:03:11.609839
case_58,c,2025-02-24 20:08:11.609839
case_58,b,2025-02-24 20:13:11.609839
case_58,a,2025-02-24 20:18:11.609839
case_58,c,2025-02-24 20:23:11.609839
case_58,b,2025-02-24 20:28:11.609839
case_58,c,2025-02-24 20:33:11.609839
case_58,a,2025-02-24 20:38:11.609839
case_58,c,2025-02-24 20:43:11.609839
case_58,c,2025-02-24 20:48:11.609839
case_58,b,2025-02-24 20:53:11.609839
case_58,a,2025-02-24 20:58:11.609839
case_58,b,2025-02-24 21:03:11.609839
case_59,b,2025-02-24 19:28:11.609870
case_59,b,2025-02-24 19:33:11.609870
case_59,a,2025-02-24 19:38:11.609870
case_59,c,2025-02-24 19:43:11.609870
case_59,a,2025-02-24 19:48:11.609870
case_59,b,2025-02-24 19:53:11.609870
case_59,c,2025-02-24 19:58:11.609870
case_59,b,2025-02-24 20:03:11.609870
case_59,a,2025-02-24 20:08:11.609870
case_59,b,2025-02-24 20:13:11.609870
case_59,c,2025-02-24 20:18:11.609870
case_59,c,2025-02-24 20:23:11.609870
case_59,b,2025-02-24 20:28:11.609870
case_59,b,2025-02-24 20:33:11.609870
case_59,b,2025-02-24 20:38:11.609870
case_59,b,2025-02-24 20:43:11.609870
case_59,c,2025-02-24 20:48:11.609870
case_59,b,2025-02-24 20:53:11.609870
case_59,c,2025-02-24 20:58:11.609870
case_59,a,2025-02-24 21:03:11.609870
case_60,b,2025-02-24 19:28:11.609900
case_60,b,2025-02-24 19:33:11.609900
case_60,a,2025-02-24 19:38:11.609900
case_60,c,2025-02-24 19:43:11.609900
case_60,b,2025-02-24 19:48:11.609900
case_60,b,2025-02-24 19:53:11.609900
case_60,c,2025-02-24 19:58:11.609900
case_60,b,2025-02-24 20:03:11.609900
case_60,a,2025-02-24 20:08:11.609900
case_60,b,2025-02-24 20:13:11.609900
case_60,a,2025-02-24 20:18:11.609900
case_60,a,2025-02-24 20:23:11.609900
case_60,a,2025-02-24 20:28:11.609900
case_60,b,2025-02-24 20:33:11.609900
case_60,b,2025-02-24 20:38:11.609900
case_60,c,2025-02-24 20:43:11.609900
case_60,b,2025-02-24 20:48:11.609900
case_60,c,2025-02-24 20:53:11.609900
case_60,a,2025-02-24 20:58:11.609900
case_60,a,2025-02-24 21:03:11.609900
case_61,b,2025-02-24 19:28:11.609930
case_61,a,2025-02-24 19:33:11.609930
case_61,a,2025-02-24 19:38:11.609930
case_61,b,2025-02-24 19:43:11.609930
case_61,a,2025-02-24 19:48:11.609930
case_61,b,2025-02-24 19:53:11.609930
case_61,a,2025-02-24 19:58:11.609930
case_61,a,2025-02-24 20:03:11.609930
case_61,a,2025-02-24 20:08:11.609930
case_61,a,2025-02-24 20:13:11.609930
case_61,c,2025-02-24 20:18:11.609930
case_61,a,2025-02-24 20:23:11.609930
case_61,c,2025-02-24 20:28:11.609930
case_61,c,2025-02-24 20:33:11.609930
case_61,c,2025-02-24 20:38:11.609930
case_61,a,2025-02-24 20:43:11.609930
case_61,c,2025-02-24 20:48:11.609930
case_61,c,2025-02-24 20:53:11.609930
case_61,a,2025-02-24 20:58:11.609930
case_61,c,2025-02-24 21:03:11.609930
case_62,b,2025-02-24 19:28:11.609961
case_62,b,2025-02-24 19:33:11.609961
case_62,b,2025-02-24 19:38:11.609961
case_62,b,2025-02-24 19:43:11.609961
case_62,a,2025-02-24 19:48:11.609961
case_62,c,2025-02-24 19:53:11.609961
case_62,c,2025-02-24 19:58:11.609961
case_62,b,2025-02-24 20:03:11.609961
case_62,b,2025-02-24 20:08:11.609961
case_62,a,2025-02-24 20:13:11.609961
case_62,a,2025-02-24 20:18:11.609961
case_62,a,2025-02-24 20:23:11.609961
case_62,a,2025-02-24 20:28:11.609961
case_62,a,2025-02-24 20:33:11.609961
case_62,b,2025-02-24 20:38:11.609961
case_62,c,2025-02-24 20:43:11.609961
case_62,c,2025-02-24 20:48:11.609961
case_62,b,2025-02-24 20:53:11.609961
case_62,c,2025-02-24 20:58:11.609961
case_62,a,2025-02-24 21:03:11.609961
case_63,b,2025-02-24 19:28:11.609991
case_63,c,2025-02-24 19:33:11.609991
case_63,c,2025-02-24 19:38:11.609991
case_63,a,2025-02-24 19:43:11.609991
case_63,a,2025-02-24 19:48:11.609991
case_63,c,2025-02-24 19:53:11.609991
case_63,a,2025-02-24 19:58:11.609991
case_63,b,2025-02-24 20:03:11.609991
case_63,c,2025-02-24 20:08:11.609991
case_63,a,2025-02-24 20:13:11.609991
case_63,b,2025-02-24 20:18:11.609991
case_63,c,2025-02-24 20:23:11.609991
case_63,a,2025-02-24 20:28:11.609991
case_63,b,2025-02-24 20:33:11.609991
case_63,c,2025-02-24 20:38:11.609991
case_63,c,2025-02-24 20:43:11.609991
case_63,a,2025-02-24 20:48:11.609991
case_63,c,2025-02-24 20:53:11.609991
case_63,b,2025-02-24 20:58:11.609991
case_63,a,2025-02-24 21:03:11.609991
case_64,b,2025-02-24 19:28:11.610022
case_64,c,2025-02-24 19:33:11.610022
case_64,b,2025-02-24 19:38:11.610022
case_64,b,2025-02-24 19:43:11.610022
case_64,a,2025-02-24 19:48:11.610022
case_64,c,2025-02-24 19:53:11.610022
case_64,c,2025-02-24 19:58:11.610022
case_64,a,2025-02-24 20:03:11.610022
case_64,c,2025-02-24 20:08:11.610022
case_64,c,2025-02-24 20:13:11.610022
case_64,b,2025-02-24 20:18:11.610022
case_64,c,2025-02-24 20:23:11.610022
case_64,b,2025-02-24 20:28:11.610022
case_64,b,2025-02-24 20:33:11.610022
case_64,b,2025-02-24 20:38:11.610022
case_64,b,2025-02-24 20:43:11.610022
case_64,c,2025-02-24 20:48:11.610022
case_64,c,2025-02-24 20:53:11.610022
case_64,b,2025-02-24 20:58:11.610022
case_64,b,2025-02-24 21:03:11.610022
case_65,a,2025-02-24 19:28:11.610052
case_65,a,2025-02-24 19:33:11.610052
case_65,c,2025-02-24 19:38:11.610052
case_65,c,2025-02-24 19:43:11.610052
case_65,b,2025-02-24 19:48:11.610052
case_65,b,2025-02-24 19:53:11.610052
case_65,a,2025-02-24 19:58:11.610052
case_65,b,2025-02-24 20:03:11.610052
case_65,b,2025-02-24 20:08:11.610052
case_65,a,2025-02-24 20:13:11.610052
case_65,a,2025-02-24 20:18:11.610052
case_65,b,2025-02-24 20:23:11.610052
case_65,a,2025-02-24 20:28:11.610052
case_65,b,2025-02-24 20:33:11.610052
case_65,c,2025-02-24 20:38:11.610052
case_65,b,2025-02-24 20:43:11.610052
case_65,a,2025-02-24 20:48:11.610052
case_65,b,2025-02-24 20:53:11.610052
case_65,a,2025-02-24 20:58:11.610052
case_65,b,2025-02-24 21:03:11.610052
case_66,a,2025-02-24 19:28:11.610082
case_66,b,2025-02-24 19:33:11.610082
case_66,c,2025-02-24 19:38:11.610082
case_66,a,2025-02-24 19:43:11.610082
case_66,b,2025-02-24 19:48:11.610082
case_66,b,2025-02-24 19:53:11.610082
case_66,b,2025-02-24 19:58:11.610082
case_66,c,2025-02-24 20:03:11.610082
case_66,b,2025-02-24 20:08:11.610082
case_66,c,2025-02-24 20:13:11.610082
case_66,c,2025-02-24 20:18:11.610082
case_66,a,2025-02-24 20:23:11.610082
case_66,b,2025-02-24 20:28:11.610082
case_66,b,2025-02-24 20:33:11.610082
case_66,a,2025-02-24 20:38:11.610082
case_66,a,2025-02-24 20:43:11.610082
case_66,a,2025-02-24 20:48:11.610082
case_66,c,2025-02-24 20:53:11.610082
case_66,a,2025-02-24 20:58:11.610082
case_66,c,2025-02-24 21:03:11.610082
case_67,a,2025-02-24 19:28:11.610112
case_67,a,2025-02-24 19:33:11.610112
case_67,b,2025-02-24 19:38:11.610112
case_67,c,2025-02-24 19:43:11.610112
case_67,a,2025-02-24 19:48:11.610112
case_67,c,2025-02-24 19:53:11.610112
case_67,a,2025-02-24 19:58:11.610112
case_67,b,2025-02-24 20:03:11.610112
case_67,a,2025-02-24 20:08:11.610112
case_67,b,2025-02-24 20:13:11.610112
case_67,a,2025-02-24 20:18:11.610112
case_67,c,2025-02-24 20:23:11.610112
case_67,b,2025-02-24 20:28:11.610112
case_67,a,2025-02-24 20:33:11.610112
case_67,c,2025-02-24 20:38:11.610112
case_67,c,2025-02-24 20:43:11.610112
case_67,b,2025-02-24 20:48:11.610112
case_67,a,2025-02-24 20:53:11.610112
case_67,a,2025-02-24 20:58:11.610112
case_67,c,2025-02-24 21:03:11.610112
case_68,a,2025-02-24 19:28:11.610143
case_68,b,2025-02-24 19:33:11.610143
case_68,c,2025-02-24 19:38:11.610143
case_68,b,2025-02-24 19:43:11.610143
case_68,c,2025-02-24 19:48:11.610143
case_68,b,2025-02-24 19:53:11.610143
case_68,b,2025-02-24 19:58:11.610143
case_68,b,2025-02-24 20:03:11.610143
case_68,b,2025-02-24 20:08:11.610143
case_68,c,2025-02-24 20:13:11.610143
case_68,c,2025-02-24 20:18:11.610143
case_68,b,2025-02-24 20:23:11.610143
case_68,a,2025-02-24 20:28:11.610143
case_68,c,2025-02-24 20:33:11.610143
case_68,a,2025-02-24 20:38:11.610143
case_68,c,2025-02-24 20:43:11.610143
case_68,a,2025-02-24 20:48:11.610143
case_68,b,2025-02-24 20:53:11.610143
case_68,c,2025-02-24 20:58:11.610143
case_68,b,2025-02-24 21:03:11.610143
case_69,a,2025-02-24 19:28:11.610173
case_69,a,2025-02-24 19:33:11.610173
case_69,b,2025-02-24 19:38:11.610173
case_69,c,2025-02-24 19:43:11.610173
case_69,a,2025-02-24 19:48:11.610173
case_69,a,2025-02-24 19:53:11.610173
case_69,c,2025-02-24 19:58:11.610173
case_69,c,2025-02-24 20:03:11.610173
case_69,b,2025-02-24 20:08:11.610173
case_69,b,2025-02-24 20:13:11.610173
case_69,b,2025-02-24 20:18:11.610173
case_69,c,2025-02-24 20:23:11.610173
case_69,b,2025-02-24 20:28:11.610173
case_69,c,2025-02-24 20:33:11.610173
case_69,c,2025-02-24 20:38:11.610173
case_69,b,2025-02-24 20:43:11.610173
case_69,a,2025-02-24 20:48:11.610173
case_69,c,2025-02-24 20:53:11.610173
case_69,c,2025-02-24 20:58:11.610173
case_69,a,2025-02-24 21:03:11.610173
case_70,b,2025-02-24 19:28:11.610203
case_70,a,2025-02-24 19:33:11.610203
case_70,b,2025-02-24 19:38:11.610203
case_70,b,2025-02-24 19:43:11.610203
case_70,a,2025-02-24 19:48:11.610203
case_70,b,2025-02-24 19:53:11.610203
case_70,a,2025-02-24 19:58:11.610203
case_70,c,2025-02-24 20:03:11.610203
case_70,b,2025-02-24 20:08:11.610203
case_70,a,2025-02-24 20:13:11.610203
case_70,b,2025-02-24 20:18:11.610203
case_70,b,2025-02-24 20:23:11.610203
case_70,c,2025-02-24 20:28:11.610203
case_70,c,2025-02-24 20:33:11.610203
case_70,c,2025-02-24 20:38:11.610203
case_70,a,2025-02-24 20:43:11.610203
case_70,b,2025-02-24 20:48:11.610203
case_70,c,2025-02-24 20:53:11.610203
case_70,c,2025-02-24 20:58:11.610203
case_70,a,2025-02-24 21:03:11.610203
case_71,a,2025-02-24 19:28:11.610234
case_71,a,2025-02-24 19:33:11.610234
case_71,b,2025-02-24 19:38:11.610234
case_71,c,2025-02-24 19:43:11.610234
case_71,c,2025-02-24 19:48:11.610234
case_71,c,2025-02-24 19:53:11.610234
case_71,a,2025-02-24 19:58:11.610234
case_71,c,2025-02-24 20:03:11.610234
case_71,a,2025-02-24 20:08:11.610234
case_71,c,2025-02-24 20:13:11.610234
case_71,b,2025-02-24 20:18:11.610234
case_71,a,2025-02-24 20:23:11.610234
case_71,c,2025-02-24 20:28:11.610234
case_71,c,2025-02-24 20:33:11.610234
case_71,c,2025-02-24 20:38:11.610234
case_71,b,2025-02-24 20:43:11.610234
case_71,b,2025-02-24 20:48:11.610234
case_71,b,2025-02-24 20:53:11.610234
case_71,b,2025-02-24 20:58:11.610234
case_71,a,2025-02-24 21:03:11.610234
case_72,a,2025-02-24 19:28:11.610264
case_72,b,2025-02-24 19:33:11.610264
case_72,c,2025-02-24 19:38:11.610264
case_72,b,2025-02-24 19:43:11.610264
case_72,b,2025-02-24 19:48:11.610264
case_72,a,2025-02-24 19:53:11.610264
case_72,c,2025-02-24 19:58:11.610264
case_72,c,2025-02-24 20:03:11.610264
case_72,a,2025-02-24 20:08:11.610264
case_72,a,2025-02-24 20:13:11.610264
case_72,c,2025-02-24 20:18:11.610264
case_72,a,2025-02-24 20:23:11.610264
case_72,c,2025-02-24 20:28:11.610264
case_72,c,2025-02-24 20:33:11.610264
case_72,c,2025-02-24 20:38:11.610264
case_72,c,2025-02-24 20:43:11.610264
case_72,c,2025-02-24 20:48:11.610264
case_72,c,2025-02-24 20:53:11.610264
case_72,c,2025-02-24 20:58:11.610264
case_72,a,2025-02-24 21:03:11.610264
case_73,a,2025-02-24 19:28:11.610294
case_73,a,2025-02-24 19:33:11.610294
case_73,a,2025-02-24 19:38:11.610294
case_73,b,2025-02-24 19:43:11.610294
case_73,b,2025-02-24 19:48:11.610294
case_73,a,2025-02-24 19:53:11.610294
case_73,b,2025-02-24 19:58:11.610294
case_73,a,2025-02-24 20:03:11.610294
case_73,a,2025-02-24 20:08:11.610294
case_73,b,2025-02-24 20:13:11.610294
case_73,b,2025-02-24 20:18:11.610294
case_73,b,2025-02-24 20:23:11.610294
case_73,a,2025-02-24 20:28:11.610294
case_73,b,2025-02-24 20:33:11.610294
case_73,a,2025-02-24 20:38:11.610294
case_73,a,2025-02-24 20:43:11.610294
case_73,c,2025-02-24 20:48:11.610294
case_73,a,2025-02-24 20:53:11.610294
case_73,b,2025-02-24 20:58:11.610294
case_73,b,2025-02-24 21:03:11.610294
case_74,a,2025-02-24 19:28:11.610325
case_74,c,2025-02-24 19:33:11.610325
case_74,a,2025-02-24 19:38:11.610325
case_74,a,2025-02-24 19:43:11.610325
case_74,c,2025-02-24 19:48:11.610325
case_74,a,2025-02-24 19:53:11.610325
case_74,c,2025-02-24 19:58:11.610325
case_74,a,2025-02-24 20:03:11.610325
case_74,b,2025-02-24 20:08:11.610325
case_74,a,2025-02-24 20:13:11.610325
case_74,b,2025-02-24 20:18:11.610325
case_74,b,2025-02-24 20:23:11.610325
case_74,b,2025-02-24 20:28:11.610325
case_74,a,2025-02-24 20:33:11.610325
case_74,b,2025-02-24 20:38:11.610325
case_74,b,2025-02-24 20:43:11.610325
case_74,c,2025-02-24 20:48:11.610325
case_74,c,2025-02-24 20:53:11.610325
case_74,c,2025-02-24 20:58:11.610325
case_74,a,2025-02-24 21:03:11.610325
case_75,b,2025-02-24 19:28:11.610356
case_75,c,2025-02-24 19:33:11.610356
case_75,a,2025-02-24 19:38:11.610356
case_75,b,2025-02-24 19:43:11.610356
case_75,c,2025-02-24 19:48:11.610356
case_75,c,2025-02-24 19:53:11.610356
case_75,c,2025-02-24 19:58:11.610356
case_75,c,2025-02-24 20:03:11.610356
case_75,b,2025-02-24 20:08:11.610356
case_75,a,2025-02-24 20:13:11.610356
case_75,c,2025-02-24 20:18:11.610356
case_75,a,2025-02-24 20:23:11.610356
case_75,a,2025-02-24 20:28:11.610356
case_75,b,2025-02-24 20:33:11.610356
case_75,a,2025-02-24 20:38:11.610356
case_75,c,2025-02-24 20:43:11.610356
case_75,a,2025-02-24 20:48:11.610356
case_75,c,2025-02-24 20:53:11.610356
case_75,b,2025-02-24 20:58:11.610356
case_75,a,2025-02-24 21:03:11.610356
case_76,a,2025-02-24 19:28:11.610386
case_76,a,2025-02-24 19:33:11.610386
case_76,b,2025-02-24 19:38:11.610386
case_76,c,2025-02-24 19:43:11.610386
case_76,a,2025-02-24 19:48:11.610386
case_76,a,2025-02-24 19:53:11.610386
case_76,a,2025-02-24 19:58:11.610386
case_76,c,2025-02-24 20:03:11.610386
case_76,c,2025-02-24 20:08:11.610386
case_76,c,2025-02-24 20:13:11.610386
case_76,a,2025-02-24 20:18:11.610386
case_76,b,2025-02-24 20:23:11.610386
case_76,b,2025-02-24 20:28:11.610386
case_76,b,2025-02-24 20:33:11.610386
case_76,b,2025-02-24 20:38:11.610386
case_76,a,2025-02-24 20:43:11.610386
case_76,b,2025-02-24 20:48:11.610386
case_76,a,2025-02-24 20:53:11.610386
case_76,c,2025-02-24 20:58:11.610386
case_76,c,2025-02-24 21:03:11.610386
case_77,a,2025-02-24 19:28:11.610416
case_77,a,2025-02-24 19:33:11.610416
case_77,c,2025-02-24 19:38:11.610416
case_77,c,2025-02-24 19:43:11.610416
case_77,c,2025-02-24 19:48:11.610416
case_77,c,2025-02-24 19:53:11.610416
case_77,a,2025-02-24 19:58:11.610416
case_77,b,2025-02-24 20:03:11.610416
case_77,a,2025-02-24 20:08:11.610416
case_77,b,2025-02-24 20:13:11.610416
case_77,b,2025-02-24 20:18:11.610416
case_77,b,2025-02-24 20:23:11.610416
case_77,a,2025-02-24 20:28:11.610416
case_77,b,2025-02-24 20:33:11.610416
case_77,b,2025-02-24 20:38:11.610416
case_77,c,2025-02-24 20:43:11.610416
case_77,a,2025-02-24 20:48:11.610416
case_77,b,2025-02-24 20:53:11.610416
case_77,b,2025-02-24 20:58:11.610416
case_77,b,2025-02-24 21:03:11.610416
case_78,a,2025-02-24 19:28:11.610447
case_78,c,2025-02-24 19:33:11.610447
case_78,c,2025-02-24 19:38:11.610447
case_78,c,2025-02-24 19:43:11.610447
case_78,b,2025-02-24 19:48:11.610447
case_78,a,2025-02-24 19:53:11.610447
case_78,c,2025-02-24 19:58:11.610447
case_78,b,2025-02-24 20:03:11.610447
case_78,b,2025-02-24 20:08:11.610447
case_78,b,2025-02-24 20:13:11.610447
case_78,c,2025-02-24 20:18:11.610447
case_78,b,2025-02-24 20:23:11.610447
case_78,b,2025-02-24 20:28:11.610447
case_78,b,2025-02-24 20:33:11.610447
case_78,c,2025-02-24 20:38:11.610447
case_78,c,2025-02-24 20:43:11.610447
case_78,b,2025-02-24 20:48:11.610447
case_78,b,2025-02-24 20:53:11.610447
case_78,b,2025-02-24 20:58:11.610447
case_78,a,2025-02-24 21:03:11.610447
case_79,b,2025-02-24 19:28:11.610478
case_79,a,2025-02-24 19:33:11.610478
case_79,a,2025-02-24 19:38:11.610478
case_79,a,2025-02-24 19:43:11.610478
case_79,a,2025-02-24 19:48:11.610478
case_79,a,2025-02-24 19:53:11.610478
case_79,a,2025-02-24 19:58:11.610478
case_79,a,2025-02-24 20:03:11.610478
case_79,b,2025-02-24 20:08:11.610478
case_79,b,2025-02-24 20:13:11.610478
case_79,c,2025-02-24 20:18:11.610478
case_79,b,2025-02-24 20:23:11.610478
case_79,c,2025-02-24 20:28:11.610478
case_79,b,2025-02-24 20:33:11.610478
case_79,a,2025-02-24 20:38:11.610478
case_79,b,2025-02-24 20:43:11.610478
case_79,a,2025-02-24 20:48:11.610478
case_79,a,2025-02-24 20:53:11.610478
case_79,c,2025-02-24 20:58:11.610478
case_79,b,2025-02-24 21:03:11.610478
case_80,b,2025-02-24 19:28:11.610509
case_80,a,2025-02-24 19:33:11.610509
case_80,c,2025-02-24 19:38:11.610509
case_80,a,2025-02-24 19:43:11.610509
case_80,b,2025-02-24 19:48:11.610509
case_80,a,2025-02-24 19:53:11.610509
case_80,c,2025-02-24 19:58:11.610509
case_80,c,2025-02-24 20:03:11.610509
case_80,a,2025-02-24 20:08:11.610509
case_80,b,2025-02-24 20:13:11.610509
case_80,a,2025-02-24 20:18:11.610509
case_80,b,2025-02-24 20:23:11.610509
case_80,b,2025-02-24 20:28:11.610509
case_80,a,2025-02-24 20:33:11.610509
case_80,a,2025-02-24 20:38:11.610509
case_80,b,2025-02-24 20:43:11.610509
case_80,a,2025-02-24 20:48:11.610509
case_80,c,2025-02-24 20:53:11.610509
case_80,a,2025-02-24 20:58:11.610509
case_80,a,2025-02-24 21:03:11.610509
case_81,b,2025-02-24 19:28:11.610539
case_81,b,2025-02-24 19:33:11.610539
case_81,b,2025-02-24 19:38:11.610539
case_81,c,2025-02-24 19:43:11.610539
case_81,c,2025-02-24 19:48:11.610539
case_81,c,2025-02-24 19:53:11.610539
case_81,b,2025-02-24 19:58:11.610539
case_81,a,2025-02-24 20:03:11.610539
case_81,b,2025-02-24 20:08:11.610539
case_81,a,2025-02-24 20:13:11.610539
case_81,b,2025-02-24 20:18:11.610539
case_81,c,2025-02-24 20:23:11.610539
case_81,c,2025-02-24 20:28:11.610539
case_81,b,2025-02-24 20:33:11.610539
case_81,b,2025-02-24 20:38:11.610539
case_81,b,2025-02-24 20:43:11.610539
case_81,b,2025-02-24 20:48:11.610539
case_81,c,2025-02-24 20:53:11.610539
case_81,b,2025-02-24 20:58:11.610539
case_81,c,2025-02-24 21:03:11.610539
case_82,a,2025-02-24 19:28:11.610570
case_82,b,2025-02-24 19:33:11.610570
case_82,b,2025-02-24 19:38:11.610570
case_82,c,2025-02-24 19:43:11.610570
case_82,c,2025-02-24 19:48:11.610570
case_82,b,2025-02-24 19:53:11.610570
case_82,a,2025-02-24 19:58:11.610570
case_82,c,2025-02-24 20:03:11.610570
case_82,c,2025-02-24 20:08:11.610570
case_82,b,2025-02-24 20:13:11.610570
case_82,a,2025-02-24 20:18:11.610570
case_82,b,2025-02-24 20:23:11.610570
case_82,b,2025-02-24 20:28:11.610570
case_82,c,2025-02-24 20:33:11.610570
case_82,b,2025-02-24 20:38:11.610570
case_82,a,2025-02-24 20:43:11.610570
case_82,b,2025-02-24 20:48:11.610570
case_82,c,2025-02-24 20:53:11.610570
case_82,a,2025-02-24 20:58:11.610570
case_82,b,2025-02-24 21:03:11.610570
case_83,a,2025-02-24 19:28:11.610601
case_83,a,2025-02-24 19:33:11.610601
case_83,b,2025-02-24 19:38:11.610601
case_83,a,2025-02-24 19:43:11.610601
case_83,b,2025-02-24 19:48:11.610601
case_83,c,2025-02-24 19:53:11.610601
case_83,a,2025-02-24 19:58:11.610601
case_83,b,2025-02-24 20:03:11.610601
case_83,a,2025-02-24 20:08:11.610601
case_83,b,2025-02-24 20:13:11.610601
case_83,b,2025-02-24 20:18:11.610601
case_83,a,2025-02-24 20:23:11.610601
case_83,c,2025-02-24 20:28:11.610601
case_83,b,2025-02-24 20:33:11.610601
case_83,c,2025-02-24 20:38:11.610601
case_83,c,2025-02-24 20:43:11.610601
case_83,c,2025-02-24 20:48:11.610601
case_83,b,2025-02-24 20:53:11.610601
case_83,c,2025-02-24 20:58:11.610601
case_83,c,2025-02-24 21:03:11.610601
case_84,a,2025-02-24 19:28:11.610632
case_84,a,2025-02-24 19:33:11.610632
case_84,b,2025-02-24 19:38:11.610632
case_84,a,2025-02-24 19:43:11.610632
case_84,a,2025-02-24 19:48:11.610632
case_84,a,2025-02-24 19:53:11.610632
case_84,c,2025-02-24 19:58:11.610632
case_84,a,2025-02-24 20:03:11.610632
case_84,b,2025-02-24 20:08:11.610632
case_84,b,2025-02-24 20:13:11.610632
case_84,a,2025-02-24 20:18:11.610632
case_84,c,2025-02-24 20:23:11.610632
case_84,b,2025-02-24 20:28:11.610632
case_84,b,2025-02-24 20:33:11.610632
case_84,c,2025-02-24 20:38:11.610632
case_84,c,2025-02-24 20:43:11.610632
case_84,a,2025-02-24 20:48:11.610632
case_84,b,2025-02-24 20:53:11.610632
case_84,a,2025-02-24 20:58:11.610632
case_84,a,2025-02-24 21:03:11.610632
case_85,b,2025-02-24 19:28:11.610662
case_85,b,2025-02-24 19:33:11.610662
case_85,b,2025-02-24 19:38:11.610662
case_85,a,2025-02-24 19:43:11.610662
case_85,b,2025-02-24 19:48:11.610662
case_85,a,2025-02-24 19:53:11.610662
case_85,a,2025-02-24 19:58:11.610662
case_85,c,2025-02-24 20:03:11.610662
case_85,a,2025-02-24 20:08:11.610662
case_85,a,2025-02-24 20:13:11.610662
case_85,b,2025-02-24 20:18:11.610662
case_85,a,2025-02-24 20:23:11.610662
case_85,b,2025-02-24 20:28:11.610662
case_85,b,2025-02-24 20:33:11.610662
case_85,b,2025-02-24 20:38:11.610662
case_85,a,2025-02-24 20:43:11.610662
case_85,b,2025-02-24 20:48:11.610662
case_85,b,2025-02-24 20:53:11.610662
case_85,b,2025-02-24 20:58:11.610662
case_85,b,2025-02-24 21:03:11.610662
case_86,a,2025-02-24 19:28:11.610693
case_86,a,2025-02-24 19:33:11.610693
case_86,b,2025-02-24 19:38:11.610693
case_86,c,2025-02-24 19:43:11.610693
case_86,c,2025-02-24 19:48:11.610693
case_86,b,2025-02-24 19:53:11.610693
case_86,b,2025-02-24 19:58:11.610693
case_86,c,2025-02-24 20:03:11.610693
case_86,b,2025-02-24 20:08:11.610693
case_86,c,2025-02-24 20:13:11.610693
case_86,c,2025-02-24 20:18:11.610693
case_86,a,2025-02-24 20:23:11.610693
case_86,b,2025-02-24 20:28:11.610693
case_86,c,2025-02-24 20:33:11.610693
case_86,b,2025-02-24 20:38:11.610693
case_86,c,2025-02-24 20:43:11.610693
case_86,c,2025-02-24 20:48:11.610693
case_86,a,2025-02-24 20:53:11.610693
case_86,c,2025-02-24 20:58:11.610693
case_86,c,2025-02-24 21:03:11.610693
case_87,a,2025-02-24 19:28:11.610723
case_87,c,2025-02-24 19:33:11.610723
case_87,c,2025-02-24 19:38:11.610723
case_87,a,2025-02-24 19:43:11.610723
case_87,c,2025-02-24 19:48:11.610723
case_87,b,2025-02-24 19:53:11.610723
case_87,b,2025-02-24 19:58:11.610723
case_87,a,2025-02-24 20:03:11.610723
case_87,b,2025-02-24 20:08:11.610723
case_87,a,2025-02-24 20:13:11.610723
case_87,a,2025-02-24 20:18:11.610723
case_87,a,2025-02-24 20:23:11.610723
case_87,a,2025-02-24 20:28:11.610723
case_87,b,2025-02-24 20:33:11.610723
case_87,b,2025-02-24 20:38:11.610723
case_87,c,2025-02-24 20:43:11.610723
case_87,b,2025-02-24 20:48:11.610723
case_87,c,2025-02-24 20:53:11.610723
case_87,a,2025-02-24 20:58:11.610723
case_87,b,2025-02-24 21:03:11.610723
case_88,b,2025-02-24 19:28:11.610753
case_88,b,2025-02-24 19:33:11.610753
case_88,a,2025-02-24 19:38:11.610753
case_88,a,2025-02-24 19:43:11.610753
case_88,b,2025-02-24 19:48:11.610753
case_88,b,2025-02-24 19:53:11.610753
case_88,c,2025-02-24 19:58:11.610753
case_88,c,2025-02-24 20:03:11.610753
case_88,a,2025-02-24 20:08:11.610753
case_88,c,2025-02-24 20:13:11.610753
case_88,a,2025-02-24 20:18:11.610753
case_88,b,2025-02-24 20:23:11.610753
case_88,a,2025-02-24 20:28:11.610753
case_88,b,2025-02-24 20:33:11.610753
case_88,a,2025-02-24 20:38:11.610753
case_88,c,2025-02-24 20:43:11.610753
case_88,a,2025-02-24 20:48:11.610753
case_88,a,2025-02-24 20:53:11.610753
case_88,a,2025-02-24 20:58:11.610753
case_88,b,2025-02-24 21:03:11.610753
case_89,b,2025-02-24 19:28:11.610784
case_89,b,2025-02-24 19:33:11.610784
case_89,a,2025-02-24 19:38:11.610784
case_89,a,2025-02-24 19:43:11.610784
case_89,c,2025-02-24 19:48:11.610784
case_89,b,2025-02-24 19:53:11.610784
case_89,a,2025-02-24 19:58:11.610784
case_89,b,2025-02-24 20:03:11.610784
case_89,c,2025-02-24 20:08:11.610784
case_89,b,2025-02-24 20:13:11.610784
case_89,b,2025-02-24 20:18:11.610784
case_89,a,2025-02-24 20:23:11.610784
case_89,b,2025-02-24 20:28:11.610784
case_89,b,2025-02-24 20:33:11.610784
case_89,c,2025-02-24 20:38:11.610784
case_89,b,2025-02-24 20:43:11.610784
case_89,b,2025-02-24 20:48:11.610784
case_89,a,2025-02-24 20:53:11.610784
case_89,b,2025-02-24 20:58:11.610784
case_89,b,2025-02-24 21:03:11.610784
case_90,a,2025-02-24 19:28:11.610817
case_90,a,2025-02-24 19:33:11.610817
case_90,b,2025-02-24 19:38:11.610817
case_90,a,2025-02-24 19:43:11.610817
case_90,b,2025-02-24 19:48:11.610817
case_90,c,2025-02-24 19:53:11.610817
case_90,c,2025-02-24 19:58:11.610817
case_90,b,2025-02-24 20:03:11.610817
case_90,a,2025-02-24 20:08:11.610817
case_90,c,2025-02-24 20:13:11.610817
case_90,a,2025-02-24 20:18:11.610817
case_90,b,2025-02-24 20:23:11.610817
case_90,a,2025-02-24 20:28:11.610817
case_90,c,2025-02-24 20:33:11.610817
case_90,c,2025-02-24 20:38:11.610817
case_90,b,2025-02-24 20:43:11.610817
case_90,a,2025-02-24 20:48:11.610817
case_90,c,2025-02-24 20:53:11.610817
case_90,c,2025-02-24 20:58:11.610817
case_90,b,2025-02-24 21:03:11.610817
case_91,a,2025-02-24 19:28:11.610848
case_91,b,2025-02-24 19:33:11.610848
case_91,c,2025-02-24 19:38:11.610848
case_91,b,2025-02-24 19:43:11.610848
case_91,c,2025-02-24 19:48:11.610848
case_91,c,2025-02-24 19:53:11.610848
case_91,b,2025-02-24 19:58:11.610848
case_91,a,2025-02-24 20:03:11.610848
case_91,a,2025-02-24 20:08:11.610848
case_91,c,2025-02-24 20:13:11.610848
case_91,b,2025-02-24 20:18:11.610848
case_91,a,2025-02-24 20:23:11.610848
case_91,a,2025-02-24 20:28:11.610848
case_91,a,2025-02-24 20:33:11.610848
case_91,a,2025-02-24 20:38:11.610848
case_91,a,2025-02-24 20:43:11.610848
case_91,a,2025-02-24 20:48:11.610848
case_91,c,2025-02-24 20:53:11.610848
case_91,b,2025-02-24 20:58:11.610848
case_91,a,2025-02-24 21:03:11.610848
case_92,a,2025-02-24 19:28:11.610878
case_92,a,2025-02-24 19:33:11.610878
case_92,b,2025-02-24 19:38:11.610878
case_92,b,2025-02-24 19:43:11.610878
case_92,b,2025-02-24 19:48:11.610878
case_92,a,2025-02-24 19:53:11.610878
case_92,a,2025-02-24 19:58:11.610878
case_92,b,2025-02-24 20:03:11.610878
case_92,b,2025-02-24 20:08:11.610878
case_92,a,2025-02-24 20:13:11.610878
case_92,c,2025-02-24 20:18:11.610878
case_92,b,2025-02-24 20:23:11.610878
case_92,b,2025-02-24 20:28:11.610878
case_92,b,2025-02-24 20:33:11.610878
case_92,b,2025-02-24 20:38:11.610878
case_92,c,2025-02-24 20:43:11.610878
case_92,b,2025-02-24 20:48:11.610878
case_92,a,2025-02-24 20:53:11.610878
case_92,c,2025-02-24 20:58:11.610878
case_92,c,2025-02-24 21:03:11.610878
case_93,a,2025-02-24 19:28:11.610909
case_93,b,2025-02-24 19:33:11.610909
case_93,a,2025-02-24 19:38:11.610909
case_93,c,2025-02-24 19:43:11.610909
case_93,a,2025-02-24 19:48:11.610909
case_93,c,2025-02-24 19:53:11.610909
case_93,b,2025-02-24 19:58:11.610909
case_93,a,2025-02-24 20:03:11.610909
case_93,a,2025-02-24 20:08:11.610909
case_93,a,2025-02-24 20:13:11.610909
case_93,b,2025-02-24 20:18:11.610909
case_93,c,2025-02-24 20:23:11.610909
case_93,b,2025-02-24 20:28:11.610909
case_93,c,2025-02-24 20:33:11.610909
case_93,a,2025-02-24 20:38:11.610909
case_93,a,2025-02-24 20:43:11.610909
case_93,c,2025-02-24 20:48:11.610909
case_93,a,2025-02-24 20:53:11.610909
case_93,a,2025-02-24 20:58:11.610909
case_93,c,2025-02-24 21:03:11.610909
case_94,b,2025-02-24 19:28:11.610939
case_94,a,2025-02-24 19:33:11.610939
case_94,b,2025-02-24 19:38:11.610939
case_94,c,2025-02-24 19:43:11.610939
case_94,b,2025-02-24 19:48:11.610939
case_94,c,2025-02-24 19:53:11.610939
case_94,c,2025-02-24 19:58:11.610939
case_94,b,2025-02-24 20:03:11.610939
case_94,b,2025-02-24 20:08:11.610939
case_94,b,2025-02-24 20:13:11.610939
case_94,b,2025-02-24 20:18:11.610939
case_94,a,2025-02-24 20:23:11.610939
case_94,b,2025-02-24 20:28:11.610939
case_94,b,2025-02-24 20:33:11.610939
case_94,c,2025-02-24 20:38:11.610939
case_94,a,2025-02-24 20:43:11.610939
case_94,a,2025-02-24 20:48:11.610939
case_94,c,2025-02-24 20:53:11.610939
case_94,b,2025-02-24 20:58:11.610939
case_94,b,2025-02-24 21:03:11.610939
case_95,a,2025-02-24 19:28:11.610970
case_95,c,2025-02-24 19:33:11.610970
case_95,a,2025-02-24 19:38:11.610970
case_95,a,2025-02-24 19:43:11.610970
case_95,c,2025-02-24 19:48:11.610970
case_95,a,2025-02-24 19:53:11.610970
case_95,c,2025-02-24 19:58:11.610970
case_95,c,2025-02-24 20:03:11.610970
case_95,c,2025-02-24 20:08:11.610970
case_95,b,2025-02-24 20:13:11.610970
case_95,b,2025-02-24 20:18:11.610970
case_95,b,2025-02-24 20:23:11.610970
case_95,a,2025-02-24 20:28:11.610970
case_95,c,2025-02-24 20:33:11.610970
case_95,c,2025-02-24 20:38:11.610970
case_95,c,2025-02-24 20:43:11.610970
case_95,c,2025-02-24 20:48:11.610970
case_95,b,2025-02-24 20:53:11.610970
case_95,a,2025-02-24 20:58:11.610970
case_95,b,2025-02-24 21:03:11.610970
case_96,b,2025-02-24 19:28:11.611001
case_96,c,2025-02-24 19:33:11.611001
case_96,b,2025-02-24 19:38:11.611001
case_96,a,2025-02-24 19:43:11.611001
case_96,c,2025-02-24 19:48:11.611001
case_96,b,2025-02-24 19:53:11.611001
case_96,a,2025-02-24 19:58:11.611001
case_96,c,2025-02-24 20:03:11.611001
case_96,a,2025-02-24 20:08:11.611001
case_96,a,2025-02-24 20:13:11.611001
case_96,a,2025-02-24 20:18:11.611001
case_96,c,2025-02-24 20:23:11.611001
case_96,a,2025-02-24 20:28:11.611001
case_96,c,2025-02-24 20:33:11.611001
case_96,c,2025-02-24 20:38:11.611001
case_96,a,2025-02-24 20:43:11.611001
case_96,a,2025-02-24 20:48:11.611001
case_96,c,2025-02-24 20:53:11.611001
case_96,c,2025-02-24 20:58:11.611001
case_96,a,2025-02-24 21:03:11.611001
case_97,a,2025-02-24 19:28:11.611031
case_97,c,2025-02-24 19:33:11.611031
case_97,b,2025-02-24 19:38:11.611031
case_97,b,2025-02-24 19:43:11.611031
case_97,c,2025-02-24 19:48:11.611031
case_97,c,2025-02-24 19:53:11.611031
case_97,c,2025-02-24 19:58:11.611031
case_97,c,2025-02-24 20:03:11.611031
case_97,c,2025-02-24 20:08:11.611031
case_97,c,2025-02-24 20:13:11.611031
case_97,c,2025-02-24 20:18:11.611031
case_97,b,2025-02-24 20:23:11.611031
case_97,a,2025-02-24 20:28:11.611031
case_97,a,2025-02-24 20:33:11.611031
case_97,c,2025-02-24 20:38:11.611031
case_97,c,2025-02-24 20:43:11.611031
case_97,a,2025-02-24 20:48:11.611031
case_97,a,2025-02-24 20:53:11.611031
case_97,b,2025-02-24 20:58:11.611031
case_97,a,2025-02-24 21:03:11.611031
case_98,b,2025-02-24 19:28:11.611062
case_98,a,2025-02-24 19:33:11.611062
case_98,a,2025-02-24 19:38:11.611062
case_98,c,2025-02-24 19:43:11.611062
case_98,a,2025-02-24 19:48:11.611062
case_98,a,2025-02-24 19:53:11.611062
case_98,c,2025-02-24 19:58:11.611062
case_98,b,2025-02-24 20:03:11.611062
case_98,b,2025-02-24 20:08:11.611062
case_98,b,2025-02-24 20:13:11.611062
case_98,a,2025-02-24 20:18:11.611062
case_98,b,2025-02-24 20:23:11.611062
case_98,a,2025-02-24 20:28:11.611062
case_98,b,2025-02-24 20:33:11.611062
case_98,a,2025-02-24 20:38:11.611062
case_98,a,2025-02-24 20:43:11.611062
case_98,a,2025-02-24 20:48:11.611062
case_98,c,2025-02-24 20:53:11.611062
case_98,b,2025-02-24 20:58:11.611062
case_98,c,2025-02-24 21:03:11.611062
case_99,a,2025-02-24 19:28:11.611092
case_99,c,2025-02-24 19:33:11.611092
case_99,c,2025-02-24 19:38:11.611092
case_99,a,2025-02-24 19:43:11.611092
case_99,b,2025-02-24 19:48:11.611092
case_99,b,2025-02-24 19:53:11.611092
case_99,b,2025-02-24 19:58:11.611092
case_99,a,2025-02-24 20:03:11.611092
case_99,a,2025-02-24 20:08:11.611092
case_99,a,2025-02-24 20:13:11.611092
case_99,b,2025-02-24 20:18:11.611092
case_99,b,2025-02-24 20:23:11.611092
case_99,a,2025-02-24 20:28:11.611092
case_99,c,2025-02-24 20:33:11.611092
case_99,a,2025-02-24 20:38:11.611092
case_99,c,2025-02-24 20:43:11.611092
case_99,b,2025-02-24 20:48:11.611092
case_99,a,2025-02-24 20:53:11.611092
case_99,b,2025-02-24 20:58:11.611092
case_99,b,2025-02-24 21:03:11.611092
case_100,b,2025-02-24 19:28:11.611123
case_100,c,2025-02-24 19:33:11.611123
case_100,b,2025-02-24 19:38:11.611123
case_100,b,2025-02-24 19:43:11.611123
case_100,b,2025-02-24 19:48:11.611123
case_100,c,2025-02-24 19:53:11.611123
case_100,c,2025-02-24 19:58:11.611123
case_100,a,2025-02-24 20:03:11.611123
case_100,a,2025-02-24 20:08:11.611123
case_100,c,2025-02-24 20:13:11.611123
case_100,a,2025-02-24 20:18:11.611123
case_100,c,2025-02-24 20:23:11.611123
case_100,c,2025-02-24 20:28:11.611123
case_100,b,2025-02-24 20:33:11.611123
case_100,b,2025-02-24 20:38:11.611123
case_100,a,2025-02-24 20:43:11.611123
case_100,c,2025-02-24 20:48:11.611123
case_100,b,2025-02-24 20:53:11.611123
case_100,b,2025-02-24 20:58:11.611123
case_100,b,2025-02-24 21:03:11.611123
case_101,a,2025-02-24 19:28:11.611154
case_101,c,2025-02-24 19:33:11.611154
case_101,c,2025-02-24 19:38:11.611154
case_101,c,2025-02-24 19:43:11.611154
case_101,a,2025-02-24 19:48:11.611154
case_101,c,2025-02-24 19:53:11.611154
case_101,b,2025-02-24 19:58:11.611154
case_101,a,2025-02-24 20:03:11.611154
case_101,a,2025-02-24 20:08:11.611154
case_101,a,2025-02-24 20:13:11.611154
case_101,a,2025-02-24 20:18:11.611154
case_101,b,2025-02-24 20:23:11.611154
case_101,b,2025-02-24 20:28:11.611154
case_101,b,2025-02-24 20:33:11.611154
case_101,c,2025-02-24 20:38:11.611154
case_101,b,2025-02-24 20:43:11.611154
case_101,b,2025-02-24 20:48:11.611154
case_101,b,2025-02-24 20:53:11.611154
case_101,a,2025-02-24 20:58:11.611154
case_101,a,2025-02-24 21:03:11.611154
case_102,a,2025-02-24 19:28:11.611184
case_102,b,2025-02-24 19:33:11.611184
case_102,c,2025-02-24 19:38:11.611184
case_102,a,2025-02-24 19:43:11.611184
case_102,c,2025-02-24 19:48:11.611184
case_102,a,2025-02-24 19:53:11.611184
case_102,b,2025-02-24 19:58:11.611184
case_102,b,2025-02-24 20:03:11.611184
case_102,c,2025-02-24 20:08:11.611184
case_102,b,2025-02-24 20:13:11.611184
case_102,c,2025-02-24 20:18:11.611184
case_102,a,2025-02-24 20:23:11.611184
case_102,a,2025-02-24 20:28:11.611184
case_102,b,2025-02-24 20:33:11.611184
case_102,c,2025-02-24 20:38:11.611184
case_102,b,2025-02-24 20:43:11.611184
case_102,b,2025-02-24 20:48:11.611184
case_102,c,2025-02-24 20:53:11.611184
case_102,a,2025-02-24 20:58:11.611184
case_102,b,2025-02-24 21:03:11.611184
case_103,b,2025-02-24 19:28:11.611215
case_103,c,2025-02-24 19:33:11.611215
case_103,a,2025-02-24 19:38:11.611215
case_103,c,2025-02-24 19:43:11.611215
case_103,c,2025-02-24 19:48:11.611215
case_103,b,2025-02-24 19:53:11.611215
case_103,b,2025-02-24 19:58:11.611215
case_103,b,2025-02-24 20:03:11.611215
case_103,c,2025-02-24 20:08:11.611215
case_103,c,2025-02-24 20:13:11.611215
case_103,c,2025-02-24 20:18:11.611215
case_103,b,2025-02-24 20:23:11.611215
case_103,a,2025-02-24 20:28:11.611215
case_103,c,2025-02-24 20:33:11.611215
case_103,c,2025-02-24 20:38:11.611215
case_103,c,2025-02-24 20:43:11.611215
case_103,c,2025-02-24 20:48:11.611215
case_103,a,2025-02-24 20:53:11.611215
case_103,c,2025-02-24 20:58:11.611215
case_103,c,2025-02-24 21:03:11.611215
case_104,a,2025-02-24 19:28:11.611245
case_104,a,2025-02-24 19:33:11.611245
case_104,b,2025-02-24 19:38:11.611245
case_104,c,2025-02-24 19:43:11.611245
case_104,a,2025-02-24 19:48:11.611245
case_104,b,2025-02-24 19:53:11.611245
case_104,b,2025-02-24 19:58:11.611245
case_104,c,2025-02-24 20:03:11.611245
case_104,a,2025-02-24 20:08:11.611245
case_104,c,2025-02-24 20:13:11.611245
case_104,c,2025-02-24 20:18:11.611245
case_104,c,2025-02-24 20:23:11.611245
case_104,c,2025-02-24 20:28:11.611245
case_104,a,2025-02-24 20:33:11.611245
case_104,c,2025-02-24 20:38:11.611245
case_104,b,2025-02-24 20:43:11.611245
case_104,c,2025-02-24 20:48:11.611245
case_104,a,2025-02-24 20:53:11.611245
case_104,a,2025-02-24 20:58:11.611245
case_104,c,2025-02-24 21:03:11.611245
case_105,a,2025-02-24 19:28:11.611276
case_105,c,2025-02-24 19:33:11.611276
case_105,a,2025-02-24 19:38:11.611276
case_105,c,2025-02-24 19:43:11.611276
case_105,c,2025-02-24 19:48:11.611276
case_105,c,2025-02-24 19:53:11.611276
case_105,a,2025-02-24 19:58:11.611276
case_105,a,2025-02-24 20:03:11.611276
case_105,a,2025-02-24 20:08:11.611276
case_105,a,2025-02-24 20:13:11.611276
case_105,a,2025-02-24 20:18:11.611276
case_105,c,2025-02-24 20:23:11.611276
case_105,c,2025-02-24 20:28:11.611276
case_105,c,2025-02-24 20:33:11.611276
case_105,a,2025-02-24 20:38:11.611276
case_105,a,2025-02-24 20:43:11.611276
case_105,b,2025-02-24 20:48:11.611276
case_105,b,2025-02-24 20:53:11.611276
case_105,a,2025-02-24 20:58:11.611276
case_105,b,2025-02-24 21:03:11.611276
case_106,a,2025-02-24 19:28:11.611306
case_106,b,2025-02-24 19:33:11.611306
case_106,c,2025-02-24 19:38:11.611306
case_106,b,2025-02-24 19:43:11.611306
case_106,a,2025-02-24 19:48:11.611306
case_106,a,2025-02-24 19:53:11.611306
case_106,b,2025-02-24 19:58:11.611306
case_106,a,2025-02-24 20:03:11.611306
case_106,c,2025-02-24 20:08:11.611306
case_106,c,2025-02-24 20:13:11.611306
case_106,c,2025-02-24 20:18:11.611306
case_106,a,2025-02-24 20:23:11.611306
case_106,b,2025-02-24 20:28:11.611306
case_106,b,2025-02-24 20:33:11.611306
case_106,c,2025-02-24 20:38:11.611306
case_106,b,2025-02-24 20:43:11.611306
case_106,c,2025-02-24 20:48:11.611306
case_106,b,2025-02-24 20:53:11.611306
case_106,b,2025-02-24 20:58:11.611306
case_106,a,2025-02-24 21:03:11.611306
case_107,a,2025-02-24 19:28:11.611338
case_107,a,2025-02-24 19:33:11.611338
case_107,a,2025-02-24 19:38:11.611338
case_107,b,2025-02-24 19:43:11.611338
case_107,a,2025-02-24 19:48:11.611338
case_107,b,2025-02-24 19:53:11.611338
case_107,b,2025-02-24 19:58:11.611338
case_107,b,2025-02-24 20:03:11.611338
case_107,b,2025-02-24 20:08:11.611338
case_107,c,2025-02-24 20:13:11.611338
case_107,b,2025-02-24 20:18:11.611338
case_107,a,2025-02-24 20:23:11.611338
case_107,b,2025-02-24 20:28:11.611338
case_107,a,2025-02-24 20:33:11.611338
case_107,a,2025-02-24 20:38:11.611338
case_107,c,2025-02-24 20:43:11.611338
case_107,c,2025-02-24 20:48:11.611338
case_107,a,2025-02-24 20:53:11.611338
case_107,c,2025-02-24 20:58:11.611338
case_107,c,2025-02-24 21:03:11.611338
case_108,b,2025-02-24 19:28:11.611368
case_108,c,2025-02-24 19:33:11.611368
case_108,a,2025-02-24 19:38:11.611368
case_108,a,2025-02-24 19:43:11.611368
case_108,a,2025-02-24 19:48:11.611368
case_108,b,2025-02-24 19:53:11.611368
case_108,b,2025-02-24 19:58:11.611368
case_108,a,2025-02-24 20:03:11.611368
case_108,a,2025-02-24 20:08:11.611368
case_108,b,2025-02-24 20:13:11.611368
case_108,b,2025-02-24 20:18:11.611368
case_108,c,2025-02-24 20:23:11.611368
case_108,c,2025-02-24 20:28:11.611368
case_108,a,2025-02-24 20:33:11.611368
case_108,c,2025-02-24 20:38:11.611368
case_108,c,2025-02-24 20:43:11.611368
case_108,b,2025-02-24 20:48:11.611368
case_108,b,2025-02-24 20:53:11.611368
case_108,a,2025-02-24 20:58:11.611368
case_108,b,2025-02-24 21:03:11.611368
case_109,a,2025-02-24 19:28:11.611398
case_109,a,2025-02-24 19:33:11.611398
case_109,a,2025-02-24 19:38:11.611398
case_109,a,2025-02-24 19:43:11.611398
case_109,c,2025-02-24 19:48:11.611398
case_109,b,2025-02-24 19:53:11.611398
case_109,b,2025-02-24 19:58:11.611398
case_109,c,2025-02-24 20:03:11.611398
case_109,a,2025-02-24 20:08:11.611398
case_109,a,2025-02-24 20:13:11.611398
case_109,c,2025-02-24 20:18:11.611398
case_109,c,2025-02-24 20:23:11.611398
case_109,a,2025-02-24 20:28:11.611398
case_109,b,2025-02-24 20:33:11.611398
case_109,a,2025-02-24 20:38:11.611398
case_109,a,2025-02-24 20:43:11.611398
case_109,b,2025-02-24 20:48:11.611398
case_109,c,2025-02-24 20:53:11.611398
case_109,c,2025-02-24 20:58:11.611398
case_109,c,2025-02-24 21:03:11.611398
case_110,b,2025-02-24 19:28:11.611428
case_110,c,2025-02-24 19:33:11.611428
case_110,b,2025-02-24 19:38:11.611428
case_110,a,2025-02-24 19:43:11.611428
case_110,b,2025-02-24 19:48:11.611428
case_110,c,2025-02-24 19:53:11.611428
case_110,a,2025-02-24 19:58:11.611428
case_110,a,2025-02-24 20:03:11.611428
case_110,a,2025-02-24 20:08:11.611428
case_110,c,2025-02-24 20:13:11.611428
case_110,c,2025-02-24 20:18:11.611428
case_110,a,2025-02-24 20:23:11.611428
case_110,a,2025-02-24 20:28:11.611428
case_110,a,2025-02-24 20:33:11.611428
case_110,a,2025-02-24 20:38:11.611428
case_110,c,2025-02-24 20:43:11.611428
case_110,b,2025-02-24 20:48:11.611428
case_110,c,2025-02-24 20:53:11.611428
case_110,c,2025-02-24 20:58:11.611428
case_110,a,2025-02-24 21:03:11.611428
case_111,b,2025-02-24 19:28:11.611458
case_111,c,2025-02-24 19:33:11.611458
case_111,c,2025-02-24 19:38:11.611458
case_111,c,2025-02-24 19:43:11.611458
case_111,a,2025-02-24 19:48:11.611458
case_111,a,2025-02-24 19:53:11.611458
case_111,a,2025-02-24 19:58:11.611458
case_111,b,2025-02-24 20:03:11.611458
case_111,a,2025-02-24 20:08:11.611458
case_111,a,2025-02-24 20:13:11.611458
case_111,b,2025-02-24 20:18:11.611458
case_111,c,2025-02-24 20:23:11.611458
case_111,a,2025-02-24 20:28:11.611458
case_111,c,2025-02-24 20:33:11.611458
case_111,c,2025-02-24 20:38:11.611458
case_111,b,2025-02-24 20:43:11.611458
case_111,b,2025-02-24 20:48:11.611458
case_111,b,2025-02-24 20:53:11.611458
case_111,b,2025-02-24 20:58:11.611458
case_111,b,2025-02-24 21:03:11.611458
case_112,b,2025-02-24 19:28:11.611487
case_112,b,2025-02-24 19:33:11.611487
case_112,b,2025-02-24 19:38:11.611487
case_112,c,2025-02-24 19:43:11.611487
case_112,a,2025-02-24 19:48:11.611487
case_112,c,2025-02-24 19:53:11.611487
case_112,b,2025-02-24 19:58:11.611487
case_112,b,2025-02-24 20:03:11.611487
case_112,b,2025-02-24 20:08:11.611487
case_112,c,2025-02-24 20:13:11.611487
case_112,b,2025-02-24 20:18:11.611487
case_112,b,2025-02-24 20:23:11.611487
case_112,b,2025-02-24 20:28:11.611487
case_112,b,2025-02-24 20:33:11.611487
case_112,a,2025-02-24 20:38:11.611487
case_112,a,2025-02-24 20:43:11.611487
case_112,a,2025-02-24 20:48:11.611487
case_112,a,2025-02-24 20:53:11.611487
case_112,b,2025-02-24 20:58:11.611487
case_112,a,2025-02-24 21:03:11.611487
case_113,b,2025-02-24 19:28:11.611517
case_113,a,2025-02-24 19:33:11.611517
case_113,b,2025-02-24 19:38:11.611517
case_113,b,2025-02-24 19:43:11.611517
case_113,b,2025-02-24 19:48:11.611517
case_113,b,2025-02-24 19:53:11.611517
case_113,a,2025-02-24 19:58:11.611517
case_113,a,2025-02-24 20:03:11.611517
case_113,c,2025-02-24 20:08:11.611517
case_113,a,2025-02-24 20:13:11.611517
case_113,a,2025-02-24 20:18:11.611517
case_113,b,2025-02-24 20:23:11.611517
case_113,a,2025-02-24 20:28:11.611517
case_113,c,2025-02-24 20:33:11.611517
case_113,c,2025-02-24 20:38:11.611517
case_113,b,2025-02-24 20:43:11.611517
case_113,a,2025-02-24 20:48:11.611517
case_113,b,2025-02-24 20:53:11.611517
case_113,a,2025-02-24 20:58:11.611517
case_113,c,2025-02-24 21:03:11.611517
case_114,a,2025-02-24 19:28:11.611546
case_114,b,2025-02-24 19:33:11.611546
case_114,c,2025-02-24 19:38:11.611546
case_114,a,2025-02-24 19:43:11.611546
case_114,c,2025-02-24 19:48:11.611546
case_114,c,2025-02-24 19:53:11.611546
case_114,a,2025-02-24 19:58:11.611546
case_114,b,2025-02-24 20:03:11.611546
case_114,c,2025-02-24 20:08:11.611546
case_114,b,2025-02-24 20:13:11.611546
case_114,c,2025-02-24 20:18:11.611546
case_114,c,2025-02-24 20:23:11.611546
case_114,a,2025-02-24 20:28:11.611546
case_114,a,2025-02-24 20:33:11.611546
case_114,b,2025-02-24 20:38:11.611546
case_114,a,2025-02-24 20:43:11.611546
case_114,c,2025-02-24 20:48:11.611546
case_114,c,2025-02-24 20:53:11.611546
case_114,b,2025-02-24 20:58:11.611546
case_114,c,2025-02-24 21:03:11.611546
case_115,a,2025-02-24 19:28:11.611576
case_115,c,2025-02-24 19:33:11.611576
case_115,c,2025-02-24 19:38:11.611576
case_115,c,2025-02-24 19:43:11.611576
case_115,a,2025-02-24 19:48:11.611576
case_115,c,2025-02-24 19:53:11.611576
case_115,c,2025-02-24 19:58:11.611576
case_115,a,2025-02-24 20:03:11.611576
case_115,b,2025-02-24 20:08:11.611576
case_115,c,2025-02-24 20:13:11.611576
case_115,c,2025-02-24 20:18:11.611576
case_115,b,2025-02-24 20:23:11.611576
case_115,c,2025-02-24 20:28:11.611576
case_115,a,2025-02-24 20:33:11.611576
case_115,c,2025-02-24 20:38:11.611576
case_115,a,2025-02-24 20:43:11.611576
case_115,a,2025-02-24 20:48:11.611576
case_115,b,2025-02-24 20:53:11.611576
case_115,b,2025-02-24 20:58:11.611576
case_115,b,2025-02-24 21:03:11.611576
case_116,b,2025-02-24 19:28:11.611606
case_116,a,2025-02-24 19:33:11.611606
case_116,b,2025-02-24 19:38:11.611606
case_116,c,2025-02-24 19:43:11.611606
case_116,a,2025-02-24 19:48:11.611606
case_116,c,2025-02-24 19:53:11.611606
case_116,c,2025-02-24 19:58:11.611606
case_116,b,2025-02-24 20:03:11.611606
case_116,c,2025-02-24 20:08:11.611606
case_116,c,2025-02-24 20:13:11.611606
case_116,a,2025-02-24 20:18:11.611606
case_116,b,2025-02-24 20:23:11.611606
case_116,c,2025-02-24 20:28:11.611606
case_116,b,2025-02-24 20:33:11.611606
case_116,b,2025-02-24 20:38:11.611606
case_116,b,2025-02-24 20:43:11.611606
case_116,c,2025-02-24 20:48:11.611606
case_116,c,2025-02-24 20:53:11.611606
case_116,b,2025-02-24 20:58:11.611606
case_116,a,2025-02-24 21:03:11.611606
case_117,b,2025-02-24 19:28:11.611636
case_117,a,2025-02-24 19:33:11.611636
case_117,a,2025-02-24 19:38:11.611636
case_117,a,2025-02-24 19:43:11.611636
case_117,c,2025-02-24 19:48:11.611636
case_117,a,2025-02-24 19:53:11.611636
case_117,c,2025-02-24 19:58:11.611636
case_117,c,2025-02-24 20:03:11.611636
case_117,b,2025-02-24 20:08:11.611636
case_117,b,2025-02-24 20:13:11.611636
case_117,a,2025-02-24 20:18:11.611636
case_117,a,2025-02-24 20:23:11.611636
case_117,a,2025-02-24 20:28:11.611636
case_117,a,2025-02-24 20:33:11.611636
case_117,c,2025-02-24 20:38:11.611636
case_117,a,2025-02-24 20:43:11.611636
case_117,a,2025-02-24 20:48:11.611636
case_117,b,2025-02-24 20:53:11.611636
case_117,a,2025-02-24 20:58:11.611636
case_117,c,2025-02-24 21:03:11.611636
case_118,b,2025-02-24 19:28:11.611665
case_118,c,2025-02-24 19:33:11.611665
case_118,c,2025-02-24 19:38:11.611665
case_118,b,2025-02-24 19:43:11.611665
case_118,c,2025-02-24 19:48:11.611665
case_118,b,2025-02-24 19:53:11.611665
case_118,a,2025-02-24 19:58:11.611665
case_118,b,2025-02-24 20:03:11.611665
case_118,c,2025-02-24 20:08:11.611665
case_118,c,2025-02-24 20:13:11.611665
case_118,a,2025-02-24 20:18:11.611665
case_118,c,2025-02-24 20:23:11.611665
case_118,a,2025-02-24 20:28:11.611665
case_118,c,2025-02-24 20:33:11.611665
case_118,a,2025-02-24 20:38:11.611665
case_118,c,2025-02-24 20:43:11.611665
case_118,a,2025-02-24 20:48:11.611665
case_118,a,2025-02-24 20:53:11.611665
case_118,a,2025-02-24 20:58:11.611665
case_118,c,2025-02-24 21:03:11.611665
case_119,a,2025-02-24 19:28:11.611695
case_119,b,2025-02-24 19:33:11.611695
case_119,a,2025-02-24 19:38:11.611695
case_119,c,2025-02-24 19:43:11.611695
case_119,b,2025-02-24 19:48:11.611695
case_119,c,2025-02-24 19:53:11.611695
case_119,b,2025-02-24 19:58:11.611695
case_119,c,2025-02-24 20:03:11.611695
case_119,a,2025-02-24 20:08:11.611695
case_119,c,2025-02-24 20:13:11.611695
case_119,c,2025-02-24 20:18:11.611695
case_119,b,2025-02-24 20:23:11.611695
case_119,c,2025-02-24 20:28:11.611695
case_119,b,2025-02-24 20:33:11.611695
case_119,b,2025-02-24 20:38:11.611695
case_119,a,2025-02-24 20:43:11.611695
case_119,a,2025-02-24 20:48:11.611695
case_119,c,2025-02-24 20:53:11.611695
case_119,c,2025-02-24 20:58:11.611695
case_119,a,2025-02-24 21:03:11.611695
case_120,a,2025-02-24 19:28:11.611725
case_120,c,2025-02-24 19:33:11.611725
case_120,a,2025-02-24 19:38:11.611725
case_120,b,2025-02-24 19:43:11.611725
case_120,c,2025-02-24 19:48:11.611725
case_120,b,2025-02-24 19:53:11.611725
case_120,a,2025-02-24 19:58:11.611725
case_120,b,2025-02-24 20:03:11.611725
case_120,a,2025-02-24 20:08:11.611725
case_120,b,2025-02-24 20:13:11.611725
case_120,b,2025-02-24 20:18:11.611725
case_120,a,2025-02-24 20:23:11.611725
case_120,a,2025-02-24 20:28:11.611725
case_120,c,2025-02-24 20:33:11.611725
case_120,a,2025-02-24 20:38:11.611725
case_120,a,2025-02-24 20:43:11.611725
case_120,a,2025-02-24 20:48:11.611725
case_120,a,2025-02-24 20:53:11.611725
case_120,b,2025-02-24 20:58:11.611725
case_120,a,2025-02-24 21:03:11.611725
case_121,a,2025-02-24 19:28:11.611754
case_121,a,2025-02-24 19:33:11.611754
case_121,b,2025-02-24 19:38:11.611754
case_121,b,2025-02-24 19:43:11.611754
case_121,c,2025-02-24 19:48:11.611754
case_121,a,2025-02-24 19:53:11.611754
case_121,b,2025-02-24 19:58:11.611754
case_121,b,2025-02-24 20:03:11.611754
case_121,a,2025-02-24 20:08:11.611754
case_121,c,2025-02-24 20:13:11.611754
case_121,c,2025-02-24 20:18:11.611754
case_121,a,2025-02-24 20:23:11.611754
case_121,c,2025-02-24 20:28:11.611754
case_121,b,2025-02-24 20:33:11.611754
case_121,a,2025-02-24 20:38:11.611754
case_121,a,2025-02-24 20:43:11.611754
case_121,c,2025-02-24 20:48:11.611754
case_121,c,2025-02-24 20:53:11.611754
case_121,b,2025-02-24 20:58:11.611754
case_121,a,2025-02-24 21:03:11.611754
case_122,a,2025-02-24 19:28:11.611784
case_122,a,2025-02-24 19:33:11.611784
case_122,a,2025-02-24 19:38:11.611784
case_122,c,2025-02-24 19:43:11.611784
case_122,b,2025-02-24 19:48:11.611784
case_122,c,2025-02-24 19:53:11.611784
case_122,a,2025-02-24 19:58:11.611784
case_122,b,2025-02-24 20:03:11.611784
case_122,a,2025-02-24 20:08:11.611784
case_122,b,2025-02-24 20:13:11.611784
case_122,b,2025-02-24 20:18:11.611784
case_122,b,2025-02-24 20:23:11.611784
case_122,b,2025-02-24 20:28:11.611784
case_122,c,2025-02-24 20:33:11.611784
case_122,b,2025-02-24 20:38:11.611784
case_122,b,2025-02-24 20:43:11.611784
case_122,a,2025-02-24 20:48:11.611784
case_122,a,2025-02-24 20:53:11.611784
case_122,c,2025-02-24 20:58:11.611784
case_122,b,2025-02-24 21:03:11.611784
case_123,a,2025-02-24 19:28:11.611814
case_123,c,2025-02-24 19:33:11.611814
case_123,c,2025-02-24 19:38:11.611814
case_123,a,2025-02-24 19:43:11.611814
case_123,b,2025-02-24 19:48:11.611814
case_123,c,2025-02-24 19:53:11.611814
case_123,c,2025-02-24 19:58:11.611814
case_123,c,2025-02-24 20:03:11.611814
case_123,a,2025-02-24 20:08:11.611814
case_123,c,2025-02-24 20:13:11.611814
case_123,b,2025-02-24 20:18:11.611814
case_123,c,2025-02-24 20:23:11.611814
case_123,c,2025-02-24 20:28:11.611814
case_123,a,2025-02-24 20:33:11.611814
case_123,b,2025-02-24 20:38:11.611814
case_123,c,2025-02-24 20:43:11.611814
case_123,b,2025-02-24 20:48:11.611814
case_123,a,2025-02-24 20:53:11.611814
case_123,c,2025-02-24 20:58:11.611814
case_123,b,2025-02-24 21:03:11.611814
case_124,a,2025-02-24 19:28:11.611843
case_124,b,2025-02-24 19:33:11.611843
case_124,a,2025-02-24 19:38:11.611843
case_124,a,2025-02-24 19:43:11.611843
case_124,a,2025-02-24 19:48:11.611843
case_124,a,2025-02-24 19:53:11.611843
case_124,c,2025-02-24 19:58:11.611843
case_124,c,2025-02-24 20:03:11.611843
case_124,c,2025-02-24 20:08:11.611843
case_124,b,2025-02-24 20:13:11.611843
case_124,b,2025-02-24 20:18:11.611843
case_124,c,2025-02-24 20:23:11.611843
case_124,a,2025-02-24 20:28:11.611843
case_124,c,2025-02-24 20:33:11.611843
case_124,a,2025-02-24 20:38:11.611843
case_124,b,2025-02-24 20:43:11.611843
case_124,a,2025-02-24 20:48:11.611843
case_124,c,2025-02-24 20:53:11.611843
case_124,a,2025-02-24 20:58:11.611843
case_124,c,2025-02-24 21:03:11.611843
case_125,b,2025-02-24 19:28:11.611873
case_125,c,2025-02-24 19:33:11.611873
case_125,c,2025-02-24 19:38:11.611873
case_125,c,2025-02-24 19:43:11.611873
case_125,b,2025-02-24 19:48:11.611873
case_125,b,2025-02-24 19:53:11.611873
case_125,c,2025-02-24 19:58:11.611873
case_125,a,2025-02-24 20:03:11.611873
case_125,a,2025-02-24 20:08:11.611873
case_125,a,2025-02-24 20:13:11.611873
case_125,a,2025-02-24 20:18:11.611873
case_125,a,2025-02-24 20:23:11.611873
case_125,a,2025-02-24 20:28:11.611873
case_125,b,2025-02-24 20:33:11.611873
case_125,b,2025-02-24 20:38:11.611873
case_125,b,2025-02-24 20:43:11.611873
case_125,c,2025-02-24 20:48:11.611873
case_125,b,2025-02-24 20:53:11.611873
case_125,b,2025-02-24 20:58:11.611873
case_125,b,2025-02-24 21:03:11.611873
case_126,b,2025-02-24 19:28:11.611902
case_126,c,2025-02-24 19:33:11.611902
case_126,c,2025-02-24 19:38:11.611902
case_126,a,2025-02-24 19:43:11.611902
case_126,a,2025-02-24 19:48:11.611902
case_126,b,2025-02-24 19:53:11.611902
case_126,a,2025-02-24 19:58:11.611902
case_126,b,2025-02-24 20:03:11.611902
case_126,b,2025-02-24 20:08:11.611902
case_126,c,2025-02-24 20:13:11.611902
case_126,c,2025-02-24 20:18:11.611902
case_126,a,2025-02-24 20:23:11.611902
case_126,a,2025-02-24 20:28:11.611902
case_126,a,2025-02-24 20:33:11.611902
case_126,a,2025-02-24 20:38:11.611902
case_126,b,2025-02-24 20:43:11.611902
case_126,a,2025-02-24 20:48:11.611902
case_126,c,2025-02-24 20:53:11.611902
case_126,b,2025-02-24 20:58:11.611902
case_126,b,2025-02-24 21:03:11.611902
case_127,b,2025-02-24 19:28:11.611932
case_127,a,2025-02-24 19:33:11.611932
case_127,a,2025-02-24 19:38:11.611932
case_127,c,2025-02-24 19:43:11.611932
case_127,b,2025-02-24 19:48:11.611932
case_127,a,2025-02-24 19:53:11.611932
case_127,b,2025-02-24 19:58:11.611932
case_127,a,2025-02-24 20:03:11.611932
case_127,b,2025-02-24 20:08:11.611932
case_127,c,2025-02-24 20:13:11.611932
case_127,c,2025-02-24 20:18:11.611932
case_127,b,2025-02-24 20:23:11.611932
case_127,b,2025-02-24 20:28:11.611932
case_127,a,2025-02-24 20:33:11.611932
case_127,b,2025-02-24 20:38:11.611932
case_127,a,2025-02-24 20:43:11.611932
case_127,c,2025-02-24 20:48:11.611932
case_127,c,2025-02-24 20:53:11.611932
case_127,c,2025-02-24 20:58:11.611932
case_127,c,2025-02-24 21:03:11.611932
case_128,a,2025-02-24 19:28:11.611962
case_128,b,2025-02-24 19:33:11.611962
case_128,b,2025-02-24 19:38:11.611962
case_128,a,2025-02-24 19:43:11.611962
case_128,b,2025-02-24 19:48:11.611962
case_128,b,2025-02-24 19:53:11.611962
case_128,c,2025-02-24 19:58:11.611962
case_128,c,2025-02-24 20:03:11.611962
case_128,a,2025-02-24 20:08:11.611962
case_128,b,2025-02-24 20:13:11.611962
case_128,b,2025-02-24 20:18:11.611962
case_128,b,2025-02-24 20:23:11.611962
case_128,b,2025-02-24 20:28:11.611962
case_128,b,2025-02-24 20:33:11.611962
case_128,c,2025-02-24 20:38:11.611962
case_128,a,2025-02-24 20:43:11.611962
case_128,b,2025-02-24 20:48:11.611962
case_128,b,2025-02-24 20:53:11.611962
case_128,a,2025-02-24 20:58:11.611962
case_128,a,2025-02-24 21:03:11.611962
case_129,a,2025-02-24 19:28:11.611992
case_129,b,2025-02-24 19:33:11.611992
case_129,c,2025-02-24 19:38:11.611992
case_129,c,2025-02-24 19:43:11.611992
case_129,a,2025-02-24 19:48:11.611992
case_129,a,2025-02-24 19:53:11.611992
case_129,b,2025-02-24 19:58:11.611992
case_129,b,2025-02-24 20:03:11.611992
case_129,b,2025-02-24 20:08:11.611992
case_129,c,2025-02-24 20:13:11.611992
case_129,c,2025-02-24 20:18:11.611992
case_129,b,2025-02-24 20:23:11.611992
case_129,b,2025-02-24 20:28:11.611992
case_129,c,2025-02-24 20:33:11.611992
case_129,a,2025-02-24 20:38:11.611992
case_129,c,2025-02-24 20:43:11.611992
case_129,b,2025-02-24 20:48:11.611992
case_129,a,2025-02-24 20:53:11.611992
case_129,a,2025-02-24 20:58:11.611992
case_129,c,2025-02-24 21:03:11.611992
case_130,b,2025-02-24 19:28:11.612022
case_130,b,2025-02-24 19:33:11.612022
case_130,b,2025-02-24 19:38:11.612022
case_130,a,2025-02-24 19:43:11.612022
case_130,c,2025-02-24 19:48:11.612022
case_130,c,2025-02-24 19:53:11.612022
case_130,c,2025-02-24 19:58:11.612022
case_130,c,2025-02-24 20:03:11.612022
case_130,a,2025-02-24 20:08:11.612022
case_130,b,2025-02-24 20:13:11.612022
case_130,b,2025-02-24 20:18:11.612022
case_130,a,2025-02-24 20:23:11.612022
case_130,a,2025-02-24 20:28:11.612022
case_130,a,2025-02-24 20:33:11.612022
case_130,b,2025-02-24 20:38:11.612022
case_130,a,2025-02-24 20:43:11.612022
case_130,b,2025-02-24 20:48:11.612022
case_130,c,2025-02-24 20:53:11.612022
case_130,c,2025-02-24 20:58:11.612022
case_130,a,2025-02-24 21:03:11.612022
case_131,a,2025-02-24 19:28:11.612052
case_131,b,2025-02-24 19:33:11.612052
case_131,b,2025-02-24 19:38:11.612052
case_131,b,2025-02-24 19:43:11.612052
case_131,c,2025-02-24 19:48:11.612052
case_131,a,2025-02-24 19:53:11.612052
case_131,b,2025-02-24 19:58:11.612052
case_131,a,2025-02-24 20:03:11.612052
case_131,c,2025-02-24 20:08:11.612052
case_131,c,2025-02-24 20:13:11.612052
case_131,b,2025-02-24 20:18:11.612052
case_131,b,2025-02-24 20:23:11.612052
case_131,a,2025-02-24 20:28:11.612052
case_131,b,2025-02-24 20:33:11.612052
case_131,c,2025-02-24 20:38:11.612052
case_131,c,2025-02-24 20:43:11.612052
case_131,a,2025-02-24 20:48:11.612052
case_131,c,2025-02-24 20:53:11.612052
case_131,a,2025-02-24 20:58:11.612052
case_131,c,2025-02-24 21:03:11.612052
case_132,b,2025-02-24 19:28:11.612081
case_132,a,2025-02-24 19:33:11.612081
case_132,c,2025-02-24 19:38:11.612081
case_132,b,2025-02-24 19:43:11.612081
case_132,b,2025-02-24 19:48:11.612081
case_132,c,2025-02-24 19:53:11.612081
case_132,a,2025-02-24 19:58:11.612081
case_132,b,2025-02-24 20:03:11.612081
case_132,b,2025-02-24 20:08:11.612081
case_132,a,2025-02-24 20:13:11.612081
case_132,a,2025-02-24 20:18:11.612081
case_132,c,2025-02-24 20:23:11.612081
case_132,c,2025-02-24 20:28:11.612081
case_132,a,2025-02-24 20:33:11.612081
case_132,a,2025-02-24 20:38:11.612081
case_132,b,2025-02-24 20:43:11.612081
case_132,b,2025-02-24 20:48:11.612081
case_132,c,2025-02-24 20:53:11.612081
case_132,c,2025-02-24 20:58:11.612081
case_132,c,2025-02-24 21:03:11.612081
case_133,b,2025-02-24 19:28:11.612111
case_133,c,2025-02-24 19:33:11.612111
case_133,c,2025-02-24 19:38:11.612111
case_133,b,2025-02-24 19:43:11.612111
case_133,c,2025-02-24 19:48:11.612111
case_133,c,2025-02-24 19:53:11.612111
case_133,b,2025-02-24 19:58:11.612111
case_133,b,2025-02-24 20:03:11.612111
case_133,a,2025-02-24 20:08:11.612111
case_133,b,2025-02-24 20:13:11.612111
case_133,a,2025-02-24 20:18:11.612111
case_133,a,2025-02-24 20:23:11.612111
case_133,b,2025-02-24 20:28:11.612111
case_133,b,2025-02-24 20:33:11.612111
case_133,a,2025-02-24 20:38:11.612111
case_133,c,2025-02-24 20:43:11.612111
case_133,b,2025-02-24 20:48:11.612111
case_133,c,2025-02-24 20:53:11.612111
case_133,c,2025-02-24 20:58:11.612111
case_133,c,2025-02-24 21:03:11.612111
case_134,b,2025-02-24 19:28:11.612141
case_134,c,2025-02-24 19:33:11.612141
case_134,c,2025-02-24 19:38:11.612141
case_134,a,2025-02-24 19:43:11.612141
case_134,a,2025-02-24 19:48:11.612141
case_134,b,2025-02-24 19:53:11.612141
case_134,a,2025-02-24 19:58:11.612141
case_134,c,2025-02-24 20:03:11.612141
case_134,a,2025-02-24 20:08:11.612141
case_134,c,2025-02-24 20:13:11.612141
case_134,a,2025-02-24 20:18:11.612141
case_134,c,2025-02-24 20:23:11.612141
case_134,a,2025-02-24 20:28:11.612141
case_134,c,2025-02-24 20:33:11.612141
case_134,b,2025-02-24 20:38:11.612141
case_134,c,2025-02-24 20:43:11.612141
case_134,c,2025-02-24 20:48:11.612141
case_134,b,2025-02-24 20:53:11.612141
case_134,c,2025-02-24 20:58:11.612141
case_134,a,2025-02-24 21:03:11.612141
case_135,b,2025-02-24 19:28:11.612171
case_135,c,2025-02-24 19:33:11.612171
case_135,c,2025-02-24 19:38:11.612171
case_135,a,2025-02-24 19:43:11.612171
case_135,a,2025-02-24 19:48:11.612171
case_135,b,2025-02-24 19:53:11.612171
case_135,c,2025-02-24 19:58:11.612171
case_135,a,2025-02-24 20:03:11.612171
case_135,c,2025-02-24 20:08:11.612171
case_135,a,2025-02-24 20:13:11.612171
case_135,b,2025-02-24 20:18:11.612171
case_135,c,2025-02-24 20:23:11.612171
case_135,a,2025-02-24 20:28:11.612171
case_135,a,2025-02-24 20:33:11.612171
case_135,b,2025-02-24 20:38:11.612171
case_135,b,2025-02-24 20:43:11.612171
case_135,a,2025-02-24 20:48:11.612171
case_135,b,2025-02-24 20:53:11.612171
case_135,a,2025-02-24 20:58:11.612171
case_135,b,2025-02-24 21:03:11.612171
case_136,a,2025-02-24 19:28:11.612201
case_136,c,2025-02-24 19:33:11.612201
case_136,a,2025-02-24 19:38:11.612201
case_136,b,2025-02-24 19:43:11.612201
case_136,c,2025-02-24 19:48:11.612201
case_136,b,2025-02-24 19:53:11.612201
case_136,b,2025-02-24 19:58:11.612201
case_136,a,2025-02-24 20:03:11.612201
case_136,a,2025-02-24 20:08:11.612201
case_136,c,2025-02-24 20:13:11.612201
case_136,b,2025-02-24 20:18:11.612201
case_136,a,2025-02-24 20:23:11.612201
case_136,c,2025-02-24 20:28:11.612201
case_136,a,2025-02-24 20:33:11.612201
case_136,c,2025-02-24 20:38:11.612201
case_136,b,2025-02-24 20:43:11.612201
case_136,a,2025-02-24 20:48:11.612201
case_136,a,2025-02-24 20:53:11.612201
case_136,b,2025-02-24 20:58:11.612201
case_136,b,2025-02-24 21:03:11.612201
case_137,b,2025-02-24 19:28:11.612230
case_137,a,2025-02-24 19:33:11.612230
case_137,b,2025-02-24 19:38:11.612230
case_137,c,2025-02-24 19:43:11.612230
case_137,b,2025-02-24 19:48:11.612230
case_137,a,2025-02-24 19:53:11.612230
case_137,b,2025-02-24 19:58:11.612230
case_137,c,2025-02-24 20:03:11.612230
case_137,a,2025-02-24 20:08:11.612230
case_137,c,2025-02-24 20:13:11.612230
case_137,c,2025-02-24 20:18:11.612230
case_137,c,2025-02-24 20:23:11.612230
case_137,b,2025-02-24 20:28:11.612230
case_137,c,2025-02-24 20:33:11.612230
case_137,a,2025-02-24 20:38:11.612230
case_137,a,2025-02-24 20:43:11.612230
case_137,a,2025-02-24 20:48:11.612230
case_137,c,2025-02-24 20:53:11.612230
case_137,c,2025-02-24 20:58:11.612230
case_137,b,2025-02-24 21:03:11.612230
case_138,a,2025-02-24 19:28:11.612260
case_138,c,2025-02-24 19:33:11.612260
case_138,a,2025-02-24 19:38:11.612260
case_138,b,2025-02-24 19:43:11.612260
case_138,c,2025-02-24 19:48:11.612260
case_138,b,2025-02-24 19:53:11.612260
case_138,b,2025-02-24 19:58:11.612260
case_138,a,2025-02-24 20:03:11.612260
case_138,a,2025-02-24 20:08:11.612260
case_138,b,2025-02-24 20:13:11.612260
case_138,c,2025-02-24 20:18:11.612260
case_138,a,2025-02-24 20:23:11.612260
case_138,a,2025-02-24 20:28:11.612260
case_138,a,2025-02-24 20:33:11.612260
case_138,a,2025-02-24 20:38:11.612260
case_138,a,2025-02-24 20:43:11.612260
case_138,b,2025-02-24 20:48:11.612260
case_138,a,2025-02-24 20:53:11.612260
case_138,c,2025-02-24 20:58:11.612260
case_138,b,2025-02-24 21:03:11.612260
case_139,b,2025-02-24 19:28:11.612289
case_139,a,2025-02-24 19:33:11.612289
case_139,a,2025-02-24 19:38:11.612289
case_139,a,2025-02-24 19:43:11.612289
case_139,c,2025-02-24 19:48:11.612289
case_139,b,2025-02-24 19:53:11.612289
case_139,c,2025-02-24 19:58:11.612289
case_139,b,2025-02-24 20:03:11.612289
case_139,b,2025-02-24 20:08:11.612289
case_139,c,2025-02-24 20:13:11.612289
case_139,b,2025-02-24 20:18:11.612289
case_139,b,2025-02-24 20:23:11.612289
case_139,c,2025-02-24 20:28:11.612289
case_139,c,2025-02-24 20:33:11.612289
case_139,c,2025-02-24 20:38:11.612289
case_139,c,2025-02-24 20:43:11.612289
case_139,c,2025-02-24 20:48:11.612289
case_139,b,2025-02-24 20:53:11.612289
case_139,b,2025-02-24 20:58:11.612289
case_139,a,2025-02-24 21:03:11.612289
case_140,b,2025-02-24 19:28:11.612319
case_140,b,2025-02-24 19:33:11.612319
case_140,c,2025-02-24 19:38:11.612319
case_140,c,2025-02-24 19:43:11.612319
case_140,a,2025-02-24 19:48:11.612319
case_140,a,2025-02-24 19:53:11.612319
case_140,a,2025-02-24 19:58:11.612319
case_140,c,2025-02-24 20:03:11.612319
case_140,a,2025-02-24 20:08:11.612319
case_140,a,2025-02-24 20:13:11.612319
case_140,c,2025-02-24 20:18:11.612319
case_140,a,2025-02-24 20:23:11.612319
case_140,c,2025-02-24 20:28:11.612319
case_140,b,2025-02-24 20:33:11.612319
case_140,c,2025-02-24 20:38:11.612319
case_140,a,2025-02-24 20:43:11.612319
case_140,c,2025-02-24 20:48:11.612319
case_140,b,2025-02-24 20:53:11.612319
case_140,a,2025-02-24 20:58:11.612319
case_140,a,2025-02-24 21:03:11.612319
case_141,b,2025-02-24 19:28:11.612351
case_141,c,2025-02-24 19:33:11.612351
case_141,b,2025-02-24 19:38:11.612351
case_141,a,2025-02-24 19:43:11.612351
case_141,c,2025-02-24 19:48:11.612351
case_141,b,2025-02-24 19:53:11.612351
case_141,b,2025-02-24 19:58:11.612351
case_141,a,2025-02-24 20:03:11.612351
case_141,b,2025-02-24 20:08:11.612351
case_141,c,2025-02-24 20:13:11.612351
case_141,b,2025-02-24 20:18:11.612351
case_141,c,2025-02-24 20:23:11.612351
case_141,a,2025-02-24 20:28:11.612351
case_141,c,2025-02-24 20:33:11.612351
case_141,a,2025-02-24 20:38:11.612351
case_141,b,2025-02-24 20:43:11.612351
case_141,b,2025-02-24 20:48:11.612351
case_141,a,2025-02-24 20:53:11.612351
case_141,c,2025-02-24 20:58:11.612351
case_141,b,2025-02-24 21:03:11.612351
case_142,b,2025-02-24 19:28:11.612381
case_142,a,2025-02-24 19:33:11.612381
case_142,c,2025-02-24 19:38:11.612381
case_142,a,2025-02-24 19:43:11.612381
case_142,b,2025-02-24 19:48:11.612381
case_142,a,2025-02-24 19:53:11.612381
case_142,b,2025-02-24 19:58:11.612381
case_142,c,2025-02-24 20:03:11.612381
case_142,c,2025-02-24 20:08:11.612381
case_142,c,2025-02-24 20:13:11.612381
case_142,c,2025-02-24 20:18:11.612381
case_142,a,2025-02-24 20:23:11.612381
case_142,b,2025-02-24 20:28:11.612381
case_142,b,2025-02-24 20:33:11.612381
case_142,a,2025-02-24 20:38:11.612381
case_142,a,2025-02-24 20:43:11.612381
case_142,b,2025-02-24 20:48:11.612381
case_142,c,2025-02-24 20:53:11.612381
case_142,a,2025-02-24 20:58:11.612381
case_142,a,2025-02-24 21:03:11.612381
case_143,a,2025-02-24 19:28:11.612411
case_143,b,2025-02-24 19:33:11.612411
case_143,b,2025-02-24 19:38:11.612411
case_143,c,2025-02-24 19:43:11.612411
case_143,c,2025-02-24 19:48:11.612411
case_143,c,2025-02-24 19:53:11.612411
case_143,b,2025-02-24 19:58:11.612411
case_143,b,2025-02-24 20:03:11.612411
case_143,b,2025-02-24 20:08:11.612411
case_143,c,2025-02-24 20:13:11.612411
case_143,c,2025-02-24 20:18:11.612411
case_143,c,2025-02-24 20:23:11.612411
case_143,c,2025-02-24 20:28:11.612411
case_143,a,2025-02-24 20:33:11.612411
case_143,a,2025-02-24 20:38:11.612411
case_143,a,2025-02-24 20:43:11.612411
case_143,c,2025-02-24 20:48:11.612411
case_143,c,2025-02-24 20:53:11.612411
case_143,b,2025-02-24 20:58:11.612411
case_143,a,2025-02-24 21:03:11.612411
case_144,b,2025-02-24 19:28:11.612441
case_144,b,2025-02-24 19:33:11.612441
case_144,a,2025-02-24 19:38:11.612441
case_144,c,2025-02-24 19:43:11.612441
case_144,c,2025-02-24 19:48:11.612441
case_144,b,2025-02-24 19:53:11.612441
case_144,c,2025-02-24 19:58:11.612441
case_144,c,2025-02-24 20:03:11.612441
case_144,c,2025-02-24 20:08:11.612441
case_144,b,2025-02-24 20:13:11.612441
case_144,a,2025-02-24 20:18:11.612441
case_144,b,2025-02-24 20:23:11.612441
case_144,a,2025-02-24 20:28:11.612441
case_144,c,2025-02-24 20:33:11.612441
case_144,a,2025-02-24 20:38:11.612441
case_144,a,2025-02-24 20:43:11.612441
case_144,a,2025-02-24 20:48:11.612441
case_144,b,2025-02-24 20:53:11.612441
case_144,a,2025-02-24 20:58:11.612441
case_144,b,2025-02-24 21:03:11.612441
case_145,b,2025-02-24 19:28:11.612471
case_145,a,2025-02-24 19:33:11.612471
case_145,c,2025-02-24 19:38:11.612471
case_145,c,2025-02-24 19:43:11.612471
case_145,a,2025-02-24 19:48:11.612471
case_145,b,2025-02-24 19:53:11.612471
case_145,c,2025-02-24 19:58:11.612471
case_145,a,2025-02-24 20:03:11.612471
case_145,b,2025-02-24 20:08:11.612471
case_145,b,2025-02-24 20:13:11.612471
case_145,b,2025-02-24 20:18:11.612471
case_145,a,2025-02-24 20:23:11.612471
case_145,b,2025-02-24 20:28:11.612471
case_145,a,2025-02-24 20:33:11.612471
case_145,c,2025-02-24 20:38:11.612471
case_145,a,2025-02-24 20:43:11.612471
case_145,b,2025-02-24 20:48:11.612471
case_145,b,2025-02-24 20:53:11.612471
case_145,a,2025-02-24 20:58:11.612471
case_145,c,2025-02-24 21:03:11.612471
case_146,b,2025-02-24 19:28:11.612501
case_146,b,2025-02-24 19:33:11.612501
case_146,c,2025-02-24 19:38:11.612501
case_146,c,2025-02-24 19:43:11.612501
case_146,b,2025-02-24 19:48:11.612501
case_146,c,2025-02-24 19:53:11.612501
case_146,c,2025-02-24 19:58:11.612501
case_146,b,2025-02-24 20:03:11.612501
case_146,c,2025-02-24 20:08:11.612501
case_146,c,2025-02-24 20:13:11.612501
case_146,a,2025-02-24 20:18:11.612501
case_146,a,2025-02-24 20:23:11.612501
case_146,a,2025-02-24 20:28:11.612501
case_146,a,2025-02-24 20:33:11.612501
case_146,c,2025-02-24 20:38:11.612501
case_146,c,2025-02-24 20:43:11.612501
case_146,b,2025-02-24 20:48:11.612501
case_146,a,2025-02-24 20:53:11.612501
case_146,b,2025-02-24 20:58:11.612501
case_146,a,2025-02-24 21:03:11.612501
case_147,b,2025-02-24 19:28:11.612532
case_147,b,2025-02-24 19:33:11.612532
case_147,a,2025-02-24 19:38:11.612532
case_147,b,2025-02-24 19:43:11.612532
case_147,a,2025-02-24 19:48:11.612532
case_147,b,2025-02-24 19:53:11.612532
case_147,a,2025-02-24 19:58:11.612532
case_147,b,2025-02-24 20:03:11.612532
case_147,b,2025-02-24 20:08:11.612532
case_147,b,2025-02-24 20:13:11.612532
case_147,c,2025-02-24 20:18:11.612532
case_147,c,2025-02-24 20:23:11.612532
case_147,c,2025-02-24 20:28:11.612532
case_147,c,2025-02-24 20:33:11.612532
case_147,c,2025-02-24 20:38:11.612532
case_147,a,2025-02-24 20:43:11.612532
case_147,c,2025-02-24 20:48:11.612532
case_147,a,2025-02-24 20:53:11.612532
case_147,c,2025-02-24 20:58:11.612532
case_147,a,2025-02-24 21:03:11.612532
case_148,a,2025-02-24 19:28:11.612562
case_148,b,2025-02-24 19:33:11.612562
case_148,c,2025-02-24 19:38:11.612562
case_148,c,2025-02-24 19:43:11.612562
case_148,c,2025-02-24 19:48:11.612562
case_148,b,2025-02-24 19:53:11.612562
case_148,a,2025-02-24 19:58:11.612562
case_148,a,2025-02-24 20:03:11.612562
case_148,c,2025-02-24 20:08:11.612562
case_148,c,2025-02-24 20:13:11.612562
case_148,b,2025-02-24 20:18:11.612562
case_148,c,2025-02-24 20:23:11.612562
case_148,a,2025-02-24 20:28:11.612562
case_148,b,2025-02-24 20:33:11.612562
case_148,b,2025-02-24 20:38:11.612562
case_148,b,2025-02-24 20:43:11.612562
case_148,a,2025-02-24 20:48:11.612562
case_148,a,2025-02-24 20:53:11.612562
case_148,a,2025-02-24 20:58:11.612562
case_148,a,2025-02-24 21:03:11.612562
case_149,b,2025-02-24 19:28:11.612592
case_149,a,2025-02-24 19:33:11.612592
case_149,a,2025-02-24 19:38:11.612592
case_149,b,2025-02-24 19:43:11.612592
case_149,b,2025-02-24 19:48:11.612592
case_149,c,2025-02-24 19:53:11.612592
case_149,b,2025-02-24 19:58:11.612592
case_149,b,2025-02-24 20:03:11.612592
case_149,c,2025-02-24 20:08:11.612592
case_149,c,2025-02-24 20:13:11.612592
case_149,a,2025-02-24 20:18:11.612592
case_149,b,2025-02-24 20:23:11.612592
case_149,b,2025-02-24 20:28:11.612592
case_149,c,2025-02-24 20:33:11.612592
case_149,c,2025-02-24 20:38:11.612592
case_149,a,2025-02-24 20:43:11.612592
case_149,a,2025-02-24 20:48:11.612592
case_149,b,2025-02-24 20:53:11.612592
case_149,a,2025-02-24 20:58:11.612592
case_149,c,2025-02-24 21:03:11.612592
case_150,b,2025-02-24 19:28:11.612622
case_150,a,2025-02-24 19:33:11.612622
case_150,c,2025-02-24 19:38:11.612622
case_150,b,2025-02-24 19:43:11.612622
case_150,a,2025-02-24 19:48:11.612622
case_150,c,2025-02-24 19:53:11.612622
case_150,a,2025-02-24 19:58:11.612622
case_150,b,2025-02-24 20:03:11.612622
case_150,b,2025-02-24 20:08:11.612622
case_150,a,2025-02-24 20:13:11.612622
case_150,c,2025-02-24 20:18:11.612622
case_150,a,2025-02-24 20:23:11.612622
case_150,a,2025-02-24 20:28:11.612622
case_150,c,2025-02-24 20:33:11.612622
case_150,a,2025-02-24 20:38:11.612622
case_150,c,2025-02-24 20:43:11.612622
case_150,a,2025-02-24 20:48:11.612622
case_150,a,2025-02-24 20:53:11.612622
case_150,a,2025-02-24 20:58:11.612622
case_150,a,2025-02-24 21:03:11.612622
case_151,a,2025-02-24 19:28:11.612652
case_151,b,2025-02-24 19:33:11.612652
case_151,b,2025-02-24 19:38:11.612652
case_151,b,2025-02-24 19:43:11.612652
case_151,b,2025-02-24 19:48:11.612652
case_151,c,2025-02-24 19:53:11.612652
case_151,c,2025-02-24 19:58:11.612652
case_151,c,2025-02-24 20:03:11.612652
case_151,b,2025-02-24 20:08:11.612652
case_151,b,2025-02-24 20:13:11.612652
case_151,a,2025-02-24 20:18:11.612652
case_151,b,2025-02-24 20:23:11.612652
case_151,b,2025-02-24 20:28:11.612652
case_151,b,2025-02-24 20:33:11.612652
case_151,b,2025-02-24 20:38:11.612652
case_151,b,2025-02-24 20:43:11.612652
case_151,c,2025-02-24 20:48:11.612652
case_151,b,2025-02-24 20:53:11.612652
case_151,c,2025-02-24 20:58:11.612652
case_151,b,2025-02-24 21:03:11.612652
case_152,b,2025-02-24 19:28:11.612682
case_152,c,2025-02-24 19:33:11.612682
case_152,a,2025-02-24 19:38:11.612682
case_152,b,2025-02-24 19:43:11.612682
case_152,a,2025-02-24 19:48:11.612682
case_152,b,2025-02-24 19:53:11.612682
case_152,b,2025-02-24 19:58:11.612682
case_152,c,2025-02-24 20:03:11.612682
case_152,a,2025-02-24 20:08:11.612682
case_152,b,2025-02-24 20:13:11.612682
case_152,c,2025-02-24 20:18:11.612682
case_152,a,2025-02-24 20:23:11.612682
case_152,c,2025-02-24 20:28:11.612682
case_152,b,2025-02-24 20:33:11.612682
case_152,c,2025-02-24 20:38:11.612682
case_152,c,2025-02-24 20:43:11.612682
case_152,c,2025-02-24 20:48:11.612682
case_152,c,2025-02-24 20:53:11.612682
case_152,a,2025-02-24 20:58:11.612682
case_152,b,2025-02-24 21:03:11.612682
case_153,a,2025-02-24 19:28:11.612712
case_153,b,2025-02-24 19:33:11.612712
case_153,b,2025-02-24 19:38:11.612712
case_153,b,2025-02-24 19:43:11.612712
case_153,a,2025-02-24 19:48:11.612712
case_153,c,2025-02-24 19:53:11.612712
case_153,a,2025-02-24 19:58:11.612712
case_153,a,2025-02-24 20:03:11.612712
case_153,a,2025-02-24 20:08:11.612712
case_153,b,2025-02-24 20:13:11.612712
case_153,b,2025-02-24 20:18:11.612712
case_153,b,2025-02-24 20:23:11.612712
case_153,a,2025-02-24 20:28:11.612712
case_153,a,2025-02-24 20:33:11.612712
case_153,a,2025-02-24 20:38:11.612712
case_153,a,2025-02-24 20:43:11.612712
case_153,a,2025-02-24 20:48:11.612712
case_153,a,2025-02-24 20:53:11.612712
case_153,a,2025-02-24 20:58:11.612712
case_153,c,2025-02-24 21:03:11.612712
case_154,a,2025-02-24 19:28:11.612742
case_154,a,2025-02-24 19:33:11.612742
case_154,c,2025-02-24 19:38:11.612742
case_154,b,2025-02-24 19:43:11.612742
case_154,b,2025-02-24 19:48:11.612742
case_154,b,2025-02-24 19:53:11.612742
case_154,b,2025-02-24 19:58:11.612742
case_154,b,2025-02-24 20:03:11.612742
case_154,a,2025-02-24 20:08:11.612742
case_154,c,2025-02-24 20:13:11.612742
case_154,b,2025-02-24 20:18:11.612742
case_154,b,2025-02-24 20:23:11.612742
case_154,c,2025-02-24 20:28:11.612742
case_154,c,2025-02-24 20:33:11.612742
case_154,b,2025-02-24 20:38:11.612742
case_154,b,2025-02-24 20:43:11.612742
case_154,c,2025-02-24 20:48:11.612742
case_154,b,2025-02-24 20:53:11.612742
case_154,c,2025-02-24 20:58:11.612742
case_154,b,2025-02-24 21:03:11.612742
case_155,b,2025-02-24 19:28:11.612773
case_155,c,2025-02-24 19:33:11.612773
case_155,b,2025-02-24 19:38:11.612773
case_155,c,2025-02-24 19:43:11.612773
case_155,b,2025-02-24 19:48:11.612773
case_155,b,2025-02-24 19:53:11.612773
case_155,b,2025-02-24 19:58:11.612773
case_155,b,2025-02-24 20:03:11.612773
case_155,a,2025-02-24 20:08:11.612773
case_155,b,2025-02-24 20:13:11.612773
case_155,a,2025-02-24 20:18:11.612773
case_155,a,2025-02-24 20:23:11.612773
case_155,c,2025-02-24 20:28:11.612773
case_155,b,2025-02-24 20:33:11.612773
case_155,a,2025-02-24 20:38:11.612773
case_155,c,2025-02-24 20:43:11.612773
case_155,b,2025-02-24 20:48:11.612773
case_155,b,2025-02-24 20:53:11.612773
case_155,a,2025-02-24 20:58:11.612773
case_155,c,2025-02-24 21:03:11.612773
case_156,b,2025-02-24 19:28:11.612803
case_156,a,2025-02-24 19:33:11.612803
case_156,b,2025-02-24 19:38:11.612803
case_156,c,2025-02-24 19:43:11.612803
case_156,b,2025-02-24 19:48:11.612803
case_156,a,2025-02-24 19:53:11.612803
case_156,c,2025-02-24 19:58:11.612803
case_156,c,2025-02-24 20:03:11.612803
case_156,a,2025-02-24 20:08:11.612803
case_156,a,2025-02-24 20:13:11.612803
case_156,a,2025-02-24 20:18:11.612803
case_156,c,2025-02-24 20:23:11.612803
case_156,a,2025-02-24 20:28:11.612803
case_156,a,2025-02-24 20:33:11.612803
case_156,b,2025-02-24 20:38:11.612803
case_156,b,2025-02-24 20:43:11.612803
case_156,c,2025-02-24 20:48:11.612803
case_156,a,2025-02-24 20:53:11.612803
case_156,b,2025-02-24 20:58:11.612803
case_156,c,2025-02-24 21:03:11.612803
case_157,a,2025-02-24 19:28:11.612833
case_157,c,2025-02-24 19:33:11.612833
case_157,a,2025-02-24 19:38:11.612833
case_157,a,2025-02-24 19:43:11.612833
case_157,a,2025-02-24 19:48:11.612833
case_157,a,2025-02-24 19:53:11.612833
case_157,b,2025-02-24 19:58:11.612833
case_157,c,2025-02-24 20:03:11.612833
case_157,a,2025-02-24 20:08:11.612833
case_157,a,2025-02-24 20:13:11.612833
case_157,c,2025-02-24 20:18:11.612833
case_157,a,2025-02-24 20:23:11.612833
case_157,c,2025-02-24 20:28:11.612833
case_157,a,2025-02-24 20:33:11.612833
case_157,c,2025-02-24 20:38:11.612833
case_157,b,2025-02-24 20:43:11.612833
case_157,a,2025-02-24 20:48:11.612833
case_157,b,2025-02-24 20:53:11.612833
case_157,c,2025-02-24 20:58:11.612833
case_157,b,2025-02-24 21:03:11.612833
case_158,a,2025-02-24 19:28:11.612863
case_158,a,2025-02-24 19:33:11.612863
case_158,c,2025-02-24 19:38:11.612863
case_158,a,2025-02-24 19:43:11.612863
case_158,c,2025-02-24 19:48:11.612863
case_158,c,2025-02-24 19:53:11.612863
case_158,a,2025-02-24 19:58:11.612863
case_158,b,2025-02-24 20:03:11.612863
case_158,a,2025-02-24 20:08:11.612863
case_158,c,2025-02-24 20:13:11.612863
case_158,c,2025-02-24 20:18:11.612863
case_158,a,2025-02-24 20:23:11.612863
case_158,b,2025-02-24 20:28:11.612863
case_158,b,2025-02-24 20:33:11.612863
case_158,a,2025-02-24 20:38:11.612863
case_158,a,2025-02-24 20:43:11.612863
case_158,c,2025-02-24 20:48:11.612863
case_158,c,2025-02-24 20:53:11.612863
case_158,c,2025-02-24 20:58:11.612863
case_158,b,2025-02-24 21:03:11.612863
case_159,b,2025-02-24 19:28:11.612893
case_159,c,2025-02-24 19:33:11.612893
case_159,a,2025-02-24 19:38:11.612893
case_159,b,2025-02-24 19:43:11.612893
case_159,c,2025-02-24 19:48:11.612893
case_159,b,2025-02-24 19:53:11.612893
case_159,b,2025-02-24 19:58:11.612893
case_159,a,2025-02-24 20:03:11.612893
case_159,a,2025-02-24 20:08:11.612893
case_159,a,2025-02-24 20:13:11.612893
case_159,b,2025-02-24 20:18:11.612893
case_159,b,2025-02-24 20:23:11.612893
case_159,a,2025-02-24 20:28:11.612893
case_159,a,2025-02-24 20:33:11.612893
case_159,c,2025-02-24 20:38:11.612893
case_159,c,2025-02-24 20:43:11.612893
case_159,b,2025-02-24 20:48:11.612893
case_159,a,2025-02-24 20:53:11.612893
case_159,c,2025-02-24 20:58:11.612893
case_159,a,2025-02-24 21:03:11.612893
case_160,b,2025-02-24 19:28:11.612923
case_160,c,2025-02-24 19:33:11.612923
case_160,c,2025-02-24 19:38:11.612923
case_160,b,2025-02-24 19:43:11.612923
case_160,a,2025-02-24 19:48:11.612923
case_160,c,2025-02-24 19:53:11.612923
case_160,c,2025-02-24 19:58:11.612923
case_160,b,2025-02-24 20:03:11.612923
case_160,c,2025-02-24 20:08:11.612923
case_160,a,2025-02-24 20:13:11.612923
case_160,c,2025-02-24 20:18:11.612923
case_160,b,2025-02-24 20:23:11.612923
case_160,c,2025-02-24 20:28:11.612923
case_160,a,2025-02-24 20:33:11.612923
case_160,c,2025-02-24 20:38:11.612923
case_160,b,2025-02-24 20:43:11.612923
case_160,c,2025-02-24 20:48:11.612923
case_160,b,2025-02-24 20:53:11.612923
case_160,b,2025-02-24 20:58:11.612923
case_160,c,2025-02-24 21:03:11.612923
case_161,b,2025-02-24 19:28:11.612953
case_161,b,2025-02-24 19:33:11.612953
case_161,b,2025-02-24 19:38:11.612953
case_161,a,2025-02-24 19:43:11.612953
case_161,a,2025-02-24 19:48:11.612953
case_161,c,2025-02-24 19:53:11.612953
case_161,b,2025-02-24 19:58:11.612953
case_161,b,2025-02-24 20:03:11.612953
case_161,b,2025-02-24 20:08:11.612953
case_161,a,2025-02-24 20:13:11.612953
case_161,a,2025-02-24 20:18:11.612953
case_161,c,2025-02-24 20:23:11.612953
case_161,b,2025-02-24 20:28:11.612953
case_161,c,2025-02-24 20:33:11.612953
case_161,c,2025-02-24 20:38:11.612953
case_161,b,2025-02-24 20:43:11.612953
case_161,b,2025-02-24 20:48:11.612953
case_161,b,2025-02-24 20:53:11.612953
case_161,b,2025-02-24 20:58:11.612953
case_161,c,2025-02-24 21:03:11.612953
case_162,a,2025-02-24 19:28:11.612983
case_162,b,2025-02-24 19:33:11.612983
case_162,a,2025-02-24 19:38:11.612983
case_162,a,2025-02-24 19:43:11.612983
case_162,b,2025-02-24 19:48:11.612983
case_162,b,2025-02-24 19:53:11.612983
case_162,a,2025-02-24 19:58:11.612983
case_162,c,2025-02-24 20:03:11.612983
case_162,a,2025-02-24 20:08:11.612983
case_162,b,2025-02-24 20:13:11.612983
case_162,c,2025-02-24 20:18:11.612983
case_162,c,2025-02-24 20:23:11.612983
case_162,b,2025-02-24 20:28:11.612983
case_162,a,2025-02-24 20:33:11.612983
case_162,c,2025-02-24 20:38:11.612983
case_162,b,2025-02-24 20:43:11.612983
case_162,c,2025-02-24 20:48:11.612983
case_162,b,2025-02-24 20:53:11.612983
case_162,b,2025-02-24 20:58:11.612983
case_162,a,2025-02-24 21:03:11.612983
case_163,a,2025-02-24 19:28:11.613013
case_163,c,2025-02-24 19:33:11.613013
case_163,b,2025-02-24 19:38:11.613013
case_163,c,2025-02-24 19:43:11.613013
case_163,c,2025-02-24 19:48:11.613013
case_163,a,2025-02-24 19:53:11.613013
case_163,c,2025-02-24 19:58:11.613013
case_163,b,2025-02-24 20:03:11.613013
case_163,b,2025-02-24 20:08:11.613013
case_163,c,2025-02-24 20:13:11.613013
case_163,a,2025-02-24 20:18:11.613013
case_163,b,2025-02-24 20:23:11.613013
case_163,b,2025-02-24 20:28:11.613013
case_163,a,2025-02-24 20:33:11.613013
case_163,b,2025-02-24 20:38:11.613013
case_163,b,2025-02-24 20:43:11.613013
case_163,b,2025-02-24 20:48:11.613013
case_163,c,2025-02-24 20:53:11.613013
case_163,c,2025-02-24 20:58:11.613013
case_163,b,2025-02-24 21:03:11.613013
case_164,b,2025-02-24 19:28:11.613043
case_164,c,2025-02-24 19:33:11.613043
case_164,b,2025-02-24 19:38:11.613043
case_164,a,2025-02-24 19:43:11.613043
case_164,c,2025-02-24 19:48:11.613043
case_164,c,2025-02-24 19:53:11.613043
case_164,c,2025-02-24 19:58:11.613043
case_164,a,2025-02-24 20:03:11.613043
case_164,b,2025-02-24 20:08:11.613043
case_164,c,2025-02-24 20:13:11.613043
case_164,b,2025-02-24 20:18:11.613043
case_164,a,2025-02-24 20:23:11.613043
case_164,c,2025-02-24 20:28:11.613043
case_164,a,2025-02-24 20:33:11.613043
case_164,a,2025-02-24 20:38:11.613043
case_164,b,2025-02-24 20:43:11.613043
case_164,c,2025-02-24 20:48:11.613043
case_164,a,2025-02-24 20:53:11.613043
case_164,b,2025-02-24 20:58:11.613043
case_164,b,2025-02-24 21:03:11.613043
case_165,a,2025-02-24 19:28:11.613073
case_165,b,2025-02-24 19:33:11.613073
case_165,b,2025-02-24 19:38:11.613073
case_165,a,2025-02-24 19:43:11.613073
case_165,b,2025-02-24 19:48:11.613073
case_165,b,2025-02-24 19:53:11.613073
case_165,b,2025-02-24 19:58:11.613073
case_165,b,2025-02-24 20:03:11.613073
case_165,a,2025-02-24 20:08:11.613073
case_165,c,2025-02-24 20:13:11.613073
case_165,b,2025-02-24 20:18:11.613073
case_165,a,2025-02-24 20:23:11.613073
case_165,b,2025-02-24 20:28:11.613073
case_165,c,2025-02-24 20:33:11.613073
case_165,c,2025-02-24 20:38:11.613073
case_165,a,2025-02-24 20:43:11.613073
case_165,c,2025-02-24 20:48:11.613073
case_165,a,2025-02-24 20:53:11.613073
case_165,a,2025-02-24 20:58:11.613073
case_165,b,2025-02-24 21:03:11.613073
case_166,b,2025-02-24 19:28:11.613103
case_166,a,2025-02-24 19:33:11.613103
case_166,c,2025-02-24 19:38:11.613103
case_166,c,2025-02-24 19:43:11.613103
case_166,c,2025-02-24 19:48:11.613103
case_166,c,2025-02-24 19:53:11.613103
case_166,b,2025-02-24 19:58:11.613103
case_166,a,2025-02-24 20:03:11.613103
case_166,a,2025-02-24 20:08:11.613103
case_166,b,2025-02-24 20:13:11.613103
case_166,c,2025-02-24 20:18:11.613103
case_166,a,2025-02-24 20:23:11.613103
case_166,a,2025-02-24 20:28:11.613103
case_166,a,2025-02-24 20:33:11.613103
case_166,c,2025-02-24 20:38:11.613103
case_166,b,2025-02-24 20:43:11.613103
case_166,c,2025-02-24 20:48:11.613103
case_166,c,2025-02-24 20:53:11.613103
case_166,a,2025-02-24 20:58:11.613103
case_166,b,2025-02-24 21:03:11.613103
case_167,a,2025-02-24 19:28:11.613134
case_167,b,2025-02-24 19:33:11.613134
case_167,c,2025-02-24 19:38:11.613134
case_167,c,2025-02-24 19:43:11.613134
case_167,b,2025-02-24 19:48:11.613134
case_167,c,2025-02-24 19:53:11.613134
case_167,a,2025-02-24 19:58:11.613134
case_167,c,2025-02-24 20:03:11.613134
case_167,c,2025-02-24 20:08:11.613134
case_167,b,2025-02-24 20:13:11.613134
case_167,c,2025-02-24 20:18:11.613134
case_167,c,2025-02-24 20:23:11.613134
case_167,b,2025-02-24 20:28:11.613134
case_167,a,2025-02-24 20:33:11.613134
case_167,b,2025-02-24 20:38:11.613134
case_167,b,2025-02-24 20:43:11.613134
case_167,c,2025-02-24 20:48:11.613134
case_167,c,2025-02-24 20:53:11.613134
case_167,a,2025-02-24 20:58:11.613134
case_167,b,2025-02-24 21:03:11.613134
case_168,b,2025-02-24 19:28:11.613164
case_168,b,2025-02-24 19:33:11.613164
case_168,b,2025-02-24 19:38:11.613164
case_168,a,2025-02-24 19:43:11.613164
case_168,b,2025-02-24 19:48:11.613164
case_168,b,2025-02-24 19:53:11.613164
case_168,a,2025-02-24 19:58:11.613164
case_168,b,2025-02-24 20:03:11.613164
case_168,b,2025-02-24 20:08:11.613164
case_168,b,2025-02-24 20:13:11.613164
case_168,b,2025-02-24 20:18:11.613164
case_168,c,2025-02-24 20:23:11.613164
case_168,b,2025-02-24 20:28:11.613164
case_168,c,2025-02-24 20:33:11.613164
case_168,b,2025-02-24 20:38:11.613164
case_168,b,2025-02-24 20:43:11.613164
case_168,a,2025-02-24 20:48:11.613164
case_168,a,2025-02-24 20:53:11.613164
case_168,a,2025-02-24 20:58:11.613164
case_168,c,2025-02-24 21:03:11.613164
case_169,b,2025-02-24 19:28:11.613194
case_169,b,2025-02-24 19:33:11.613194
case_169,a,2025-02-24 19:38:11.613194
case_169,b,2025-02-24 19:43:11.613194
case_169,c,2025-02-24 19:48:11.613194
case_169,a,2025-02-24 19:53:11.613194
case_169,c,2025-02-24 19:58:11.613194
case_169,a,2025-02-24 20:03:11.613194
case_169,b,2025-02-24 20:08:11.613194
case_169,a,2025-02-24 20:13:11.613194
case_169,a,2025-02-24 20:18:11.613194
case_169,a,2025-02-24 20:23:11.613194
case_169,c,2025-02-24 20:28:11.613194
case_169,b,2025-02-24 20:33:11.613194
case_169,c,2025-02-24 20:38:11.613194
case_169,c,2025-02-24 20:43:11.613194
case_169,c,2025-02-24 20:48:11.613194
case_169,c,2025-02-24 20:53:11.613194
case_169,b,2025-02-24 20:58:11.613194
case_169,c,2025-02-24 21:03:11.613194
case_170,a,2025-02-24 19:28:11.613224
case_170,c,2025-02-24 19:33:11.613224
case_170,a,2025-02-24 19:38:11.613224
case_170,a,2025-02-24 19:43:11.613224
case_170,c,2025-02-24 19:48:11.613224
case_170,b,2025-02-24 19:53:11.613224
case_170,a,2025-02-24 19:58:11.613224
case_170,b,2025-02-24 20:03:11.613224
case_170,a,2025-02-24 20:08:11.613224
case_170,a,2025-02-24 20:13:11.613224
case_170,c,2025-02-24 20:18:11.613224
case_170,c,2025-02-24 20:23:11.613224
case_170,b,2025-02-24 20:28:11.613224
case_170,a,2025-02-24 20:33:11.613224
case_170,a,2025-02-24 20:38:11.613224
case_170,c,2025-02-24 20:43:11.613224
case_170,c,2025-02-24 20:48:11.613224
case_170,c,2025-02-24 20:53:11.613224
case_170,a,2025-02-24 20:58:11.613224
case_170,a,2025-02-24 21:03:11.613224
case_171,a,2025-02-24 19:28:11.613254
case_171,c,2025-02-24 19:33:11.613254
case_171,a,2025-02-24 19:38:11.613254
case_171,a,2025-02-24 19:43:11.613254
case_171,c,2025-02-24 19:48:11.613254
case_171,a,2025-02-24 19:53:11.613254
case_171,b,2025-02-24 19:58:11.613254
case_171,a,2025-02-24 20:03:11.613254
case_171,b,2025-02-24 20:08:11.613254
case_171,a,2025-02-24 20:13:11.613254
case_171,b,2025-02-24 20:18:11.613254
case_171,a,2025-02-24 20:23:11.613254
case_171,a,2025-02-24 20:28:11.613254
case_171,a,2025-02-24 20:33:11.613254
case_171,b,2025-02-24 20:38:11.613254
case_171,a,2025-02-24 20:43:11.613254
case_171,b,2025-02-24 20:48:11.613254
case_171,b,2025-02-24 20:53:11.613254
case_171,c,2025-02-24 20:58:11.613254
case_171,a,2025-02-24 21:03:11.613254
case_172,a,2025-02-24 19:28:11.613284
case_172,c,2025-02-24 19:33:11.613284
case_172,b,2025-02-24 19:38:11.613284
case_172,c,2025-02-24 19:43:11.613284
case_172,c,2025-02-24 19:48:11.613284
case_172,b,2025-02-24 19:53:11.613284
case_172,b,2025-02-24 19:58:11.613284
case_172,a,2025-02-24 20:03:11.613284
case_172,c,2025-02-24 20:08:11.613284
case_172,a,2025-02-24 20:13:11.613284
case_172,b,2025-02-24 20:18:11.613284
case_172,a,2025-02-24 20:23:11.613284
case_172,c,2025-02-24 20:28:11.613284
case_172,b,2025-02-24 20:33:11.613284
case_172,b,2025-02-24 20:38:11.613284
case_172,b,2025-02-24 20:43:11.613284
case_172,a,2025-02-24 20:48:11.613284
case_172,c,2025-02-24 20:53:11.613284
case_172,b,2025-02-24 20:58:11.613284
case_172,c,2025-02-24 21:03:11.613284
case_173,a,2025-02-24 19:28:11.613314
case_173,a,2025-02-24 19:33:11.613314
case_173,b,2025-02-24 19:38:11.613314
case_173,a,2025-02-24 19:43:11.613314
case_173,a,2025-02-24 19:48:11.613314
case_173,c,2025-02-24 19:53:11.613314
case_173,c,2025-02-24 19:58:11.613314
case_173,c,2025-02-24 20:03:11.613314
case_173,a,2025-02-24 20:08:11.613314
case_173,a,2025-02-24 20:13:11.613314
case_173,b,2025-02-24 20:18:11.613314
case_173,b,2025-02-24 20:23:11.613314
case_173,c,2025-02-24 20:28:11.613314
case_173,a,2025-02-24 20:33:11.613314
case_173,b,2025-02-24 20:38:11.613314
case_173,a,2025-02-24 20:43:11.613314
case_173,a,2025-02-24 20:48:11.613314
case_173,a,2025-02-24 20:53:11.613314
case_173,b,2025-02-24 20:58:11.613314
case_173,b,2025-02-24 21:03:11.613314
case_174,b,2025-02-24 19:28:11.613346
case_174,c,2025-02-24 19:33:11.613346
case_174,a,2025-02-24 19:38:11.613346
case_174,a,2025-02-24 19:43:11.613346
case_174,a,2025-02-24 19:48:11.613346
case_174,a,2025-02-24 19:53:11.613346
case_174,c,2025-02-24 19:58:11.613346
case_174,b,2025-02-24 20:03:11.613346
case_174,c,2025-02-24 20:08:11.613346
case_174,b,2025-02-24 20:13:11.613346
case_174,c,2025-02-24 20:18:11.613346
case_174,a,2025-02-24 20:23:11.613346
case_174,a,2025-02-24 20:28:11.613346
case_174,c,2025-02-24 20:33:11.613346
case_174,c,2025-02-24 20:38:11.613346
case_174,c,2025-02-24 20:43:11.613346
case_174,b,2025-02-24 20:48:11.613346
case_174,a,2025-02-24 20:53:11.613346
case_174,b,2025-02-24 20:58:11.613346
case_174,c,2025-02-24 21:03:11.613346
case_175,a,2025-02-24 19:28:11.613377
case_175,c,2025-02-24 19:33:11.613377
case_175,b,2025-02-24 19:38:11.613377
case_175,a,2025-02-24 19:43:11.613377
case_175,a,2025-02-24 19:48:11.613377
case_175,b,2025-02-24 19:53:11.613377
case_175,b,2025-02-24 19:58:11.613377
case_175,a,2025-02-24 20:03:11.613377
case_175,c,2025-02-24 20:08:11.613377
case_175,b,2025-02-24 20:13:11.613377
case_175,b,2025-02-24 20:18:11.613377
case_175,c,2025-02-24 20:23:11.613377
case_175,a,2025-02-24 20:28:11.613377
case_175,c,2025-02-24 20:33:11.613377
case_175,a,2025-02-24 20:38:11.613377
case_175,a,2025-02-24 20:43:11.613377
case_175,a,2025-02-24 20:48:11.613377
case_175,b,2025-02-24 20:53:11.613377
case_175,c,2025-02-24 20:58:11.613377
case_175,a,2025-02-24 21:03:11.613377
case_176,b,2025-02-24 19:28:11.613408
case_176,c,2025-02-24 19:33:11.613408
case_176,c,2025-02-24 19:38:11.613408
case_176,b,2025-02-24 19:43:11.613408
case_176,c,2025-02-24 19:48:11.613408
case_176,a,2025-02-24 19:53:11.613408
case_176,c,2025-02-24 19:58:11.613408
case_176,b,2025-02-24 20:03:11.613408
case_176,b,2025-02-24 20:08:11.613408
case_176,c,2025-02-24 20:13:11.613408
case_176,c,2025-02-24 20:18:11.613408
case_176,a,2025-02-24 20:23:11.613408
case_176,a,2025-02-24 20:28:11.613408
case_176,a,2025-02-24 20:33:11.613408
case_176,a,2025-02-24 20:38:11.613408
case_176,a,2025-02-24 20:43:11.613408
case_176,c,2025-02-24 20:48:11.613408
case_176,b,2025-02-24 20:53:11.613408
case_176,c,2025-02-24 20:58:11.613408
case_176,b,2025-02-24 21:03:11.613408
case_177,a,2025-02-24 19:28:11.613438
case_177,c,2025-02-24 19:33:11.613438
case_177,b,2025-02-24 19:38:11.613438
case_177,a,2025-02-24 19:43:11.613438
case_177,c,2025-02-24 19:48:11.613438
case_177,c,2025-02-24 19:53:11.613438
case_177,a,2025-02-24 19:58:11.613438
case_177,b,2025-02-24 20:03:11.613438
case_177,a,2025-02-24 20:08:11.613438
case_177,c,2025-02-24 20:13:11.613438
case_177,c,2025-02-24 20:18:11.613438
case_177,b,2025-02-24 20:23:11.613438
case_177,b,2025-02-24 20:28:11.613438
case_177,c,2025-02-24 20:33:11.613438
case_177,a,2025-02-24 20:38:11.613438
case_177,b,2025-02-24 20:43:11.613438
case_177,c,2025-02-24 20:48:11.613438
case_177,c,2025-02-24 20:53:11.613438
case_177,c,2025-02-24 20:58:11.613438
case_177,a,2025-02-24 21:03:11.613438
case_178,a,2025-02-24 19:28:11.613468
case_178,a,2025-02-24 19:33:11.613468
case_178,c,2025-02-24 19:38:11.613468
case_178,a,2025-02-24 19:43:11.613468
case_178,c,2025-02-24 19:48:11.613468
case_178,c,2025-02-24 19:53:11.613468
case_178,c,2025-02-24 19:58:11.613468
case_178,b,2025-02-24 20:03:11.613468
case_178,c,2025-02-24 20:08:11.613468
case_178,b,2025-02-24 20:13:11.613468
case_178,b,2025-02-24 20:18:11.613468
case_178,c,2025-02-24 20:23:11.613468
case_178,c,2025-02-24 20:28:11.613468
case_178,c,2025-02-24 20:33:11.613468
case_178,a,2025-02-24 20:38:11.613468
case_178,c,2025-02-24 20:43:11.613468
case_178,c,2025-02-24 20:48:11.613468
case_178,c,2025-02-24 20:53:11.613468
case_178,c,2025-02-24 20:58:11.613468
case_178,b,2025-02-24 21:03:11.613468
case_179,a,2025-02-24 19:28:11.613499
case_179,c,2025-02-24 19:33:11.613499
case_179,c,2025-02-24 19:38:11.613499
case_179,b,2025-02-24 19:43:11.613499
case_179,a,2025-02-24 19:48:11.613499
case_179,b,2025-02-24 19:53:11.613499
case_179,b,2025-02-24 19:58:11.613499
case_179,a,2025-02-24 20:03:11.613499
case_179,c,2025-02-24 20:08:11.613499
case_179,b,2025-02-24 20:13:11.613499
case_179,a,2025-02-24 20:18:11.613499
case_179,c,2025-02-24 20:23:11.613499
case_179,b,2025-02-24 20:28:11.613499
case_179,a,2025-02-24 20:33:11.613499
case_179,a,2025-02-24 20:38:11.613499
case_179,c,2025-02-24 20:43:11.613499
case_179,a,2025-02-24 20:48:11.613499
case_179,a,2025-02-24 20:53:11.613499
case_179,c,2025-02-24 20:58:11.613499
case_179,b,2025-02-24 21:03:11.613499
case_180,b,2025-02-24 19:28:11.613529
case_180,c,2025-02-24 19:33:11.613529
case_180,b,2025-02-24 19:38:11.613529
case_180,a,2025-02-24 19:43:11.613529
case_180,c,2025-02-24 19:48:11.613529
case_180,a,2025-02-24 19:53:11.613529
case_180,b,2025-02-24 19:58:11.613529
case_180,a,2025-02-24 20:03:11.613529
case_180,a,2025-02-24 20:08:11.613529
case_180,c,2025-02-24 20:13:11.613529
case_180,a,2025-02-24 20:18:11.613529
case_180,c,2025-02-24 20:23:11.613529
case_180,a,2025-02-24 20:28:11.613529
case_180,c,2025-02-24 20:33:11.613529
case_180,c,2025-02-24 20:38:11.613529
case_180,b,2025-02-24 20:43:11.613529
case_180,c,2025-02-24 20:48:11.613529
case_180,a,2025-02-24 20:53:11.613529
case_180,b,2025-02-24 20:58:11.613529
case_180,a,2025-02-24 21:03:11.613529
case_181,a,2025-02-24 19:28:11.613559
case_181,b,2025-02-24 19:33:11.613559
case_181,a,2025-02-24 19:38:11.613559
case_181,b,2025-02-24 19:43:11.613559
case_181,c,2025-02-24 19:48:11.613559
case_181,c,2025-02-24 19:53:11.613559
case_181,b,2025-02-24 19:58:11.613559
case_181,c,2025-02-24 20:03:11.613559
case_181,c,2025-02-24 20:08:11.613559
case_181,c,2025-02-24 20:13:11.613559
case_181,c,2025-02-24 20:18:11.613559
case_181,b,2025-02-24 20:23:11.613559
case_181,a,2025-02-24 20:28:11.613559
case_181,c,2025-02-24 20:33:11.613559
case_181,a,2025-02-24 20:38:11.613559
case_181,b,2025-02-24 20:43:11.613559
case_181,a,2025-02-24 20:48:11.613559
case_181,a,2025-02-24 20:53:11.613559
case_181,b,2025-02-24 20:58:11.613559
case_181,c,2025-02-24 21:03:11.613559
case_182,a,2025-02-24 19:28:11.613589
case_182,a,2025-02-24 19:33:11.613589
case_182,a,2025-02-24 19:38:11.613589
case_182,c,2025-02-24 19:43:11.613589
case_182,a,2025-02-24 19:48:11.613589
case_182,b,2025-02-24 19:53:11.613589
case_182,b,2025-02-24 19:58:11.613589
case_182,a,2025-02-24 20:03:11.613589
case_182,a,2025-02-24 20:08:11.613589
case_182,b,2025-02-24 20:13:11.613589
case_182,c,2025-02-24 20:18:11.613589
case_182,a,2025-02-24 20:23:11.613589
case_182,b,2025-02-24 20:28:11.613589
case_182,a,2025-02-24 20:33:11.613589
case_182,a,2025-02-24 20:38:11.613589
case_182,c,2025-02-24 20:43:11.613589
case_182,a,2025-02-24 20:48:11.613589
case_182,c,2025-02-24 20:53:11.613589
case_182,c,2025-02-24 20:58:11.613589
case_182,c,2025-02-24 21:03:11.613589
case_183,a,2025-02-24 19:28:11.613620
case_183,a,2025-02-24 19:33:11.613620
case_183,a,2025-02-24 19:38:11.613620
case_183,b,2025-02-24 19:43:11.613620
case_183,b,2025-02-24 19:48:11.613620
case_183,b,2025-02-24 19:53:11.613620
case_183,c,2025-02-24 19:58:11.613620
case_183,b,2025-02-24 20:03:11.613620
case_183,b,2025-02-24 20:08:11.613620
case_183,b,2025-02-24 20:13:11.613620
case_183,c,2025-02-24 20:18:11.613620
case_183,c,2025-02-24 20:23:11.613620
case_183,a,2025-02-24 20:28:11.613620
case_183,b,2025-02-24 20:33:11.613620
case_183,c,2025-02-24 20:38:11.613620
case_183,a,2025-02-24 20:43:11.613620
case_183,b,2025-02-24 20:48:11.613620
case_183,a,2025-02-24 20:53:11.613620
case_183,b,2025-02-24 20:58:11.613620
case_183,a,2025-02-24 21:03:11.613620
case_184,a,2025-02-24 19:28:11.613651
case_184,c,2025-02-24 19:33:11.613651
case_184,a,2025-02-24 19:38:11.613651
case_184,a,2025-02-24 19:43:11.613651
case_184,c,2025-02-24 19:48:11.613651
case_184,c,2025-02-24 19:53:11.613651
case_184,a,2025-02-24 19:58:11.613651
case_184,a,2025-02-24 20:03:11.613651
case_184,c,2025-02-24 20:08:11.613651
case_184,c,2025-02-24 20:13:11.613651
case_184,c,2025-02-24 20:18:11.613651
case_184,b,2025-02-24 20:23:11.613651
case_184,c,2025-02-24 20:28:11.613651
case_184,c,2025-02-24 20:33:11.613651
case_184,a,2025-02-24 20:38:11.613651
case_184,a,2025-02-24 20:43:11.613651
case_184,c,2025-02-24 20:48:11.613651
case_184,c,2025-02-24 20:53:11.613651
case_184,c,2025-02-24 20:58:11.613651
case_184,b,2025-02-24 21:03:11.613651
case_185,a,2025-02-24 19:28:11.613681
case_185,b,2025-02-24 19:33:11.613681
case_185,b,2025-02-24 19:38:11.613681
case_185,a,2025-02-24 19:43:11.613681
case_185,b,2025-02-24 19:48:11.613681
case_185,a,2025-02-24 19:53:11.613681
case_185,c,2025-02-24 19:58:11.613681
case_185,b,2025-02-24 20:03:11.613681
case_185,a,2025-02-24 20:08:11.613681
case_185,b,2025-02-24 20:13:11.613681
case_185,c,2025-02-24 20:18:11.613681
case_185,b,2025-02-24 20:23:11.613681
case_185,a,2025-02-24 20:28:11.613681
case_185,a,2025-02-24 20:33:11.613681
case_185,c,2025-02-24 20:38:11.613681
case_185,b,2025-02-24 20:43:11.613681
case_185,b,2025-02-24 20:48:11.613681
case_185,c,2025-02-24 20:53:11.613681
case_185,b,2025-02-24 20:58:11.613681
case_185,b,2025-02-24 21:03:11.613681
case_186,b,2025-02-24 19:28:11.613712
case_186,b,2025-02-24 19:33:11.613712
case_186,b,2025-02-24 19:38:11.613712
case_186,c,2025-02-24 19:43:11.613712
case_186,b,2025-02-24 19:48:11.613712
case_186,b,2025-02-24 19:53:11.613712
case_186,b,2025-02-24 19:58:11.613712
case_186,c,2025-02-24 20:03:11.613712
case_186,c,2025-02-24 20:08:11.613712
case_186,c,2025-02-24 20:13:11.613712
case_186,b,2025-02-24 20:18:11.613712
case_186,c,2025-02-24 20:23:11.613712
case_186,c,2025-02-24 20:28:11.613712
case_186,b,2025-02-24 20:33:11.613712
case_186,b,2025-02-24 20:38:11.613712
case_186,b,2025-02-24 20:43:11.613712
case_186,a,2025-02-24 20:48:11.613712
case_186,b,2025-02-24 20:53:11.613712
case_186,b,2025-02-24 20:58:11.613712
case_186,b,2025-02-24 21:03:11.613712
case_187,b,2025-02-24 19:28:11.613742
case_187,b,2025-02-24 19:33:11.613742
case_187,c,2025-02-24 19:38:11.613742
case_187,c,2025-02-24 19:43:11.613742
case_187,c,2025-02-24 19:48:11.613742
case_187,a,2025-02-24 19:53:11.613742
case_187,b,2025-02-24 19:58:11.613742
case_187,a,2025-02-24 20:03:11.613742
case_187,b,2025-02-24 20:08:11.613742
case_187,c,2025-02-24 20:13:11.613742
case_187,b,2025-02-24 20:18:11.613742
case_187,c,2025-02-24 20:23:11.613742
case_187,a,2025-02-24 20:28:11.613742
case_187,b,2025-02-24 20:33:11.613742
case_187,b,2025-02-24 20:38:11.613742
case_187,b,2025-02-24 20:43:11.613742
case_187,c,2025-02-24 20:48:11.613742
case_187,a,2025-02-24 20:53:11.613742
case_187,b,2025-02-24 20:58:11.613742
case_187,c,2025-02-24 21:03:11.613742
case_188,b,2025-02-24 19:28:11.613772
case_188,b,2025-02-24 19:33:11.613772
case_188,b,2025-02-24 19:38:11.613772
case_188,c,2025-02-24 19:43:11.613772
case_188,a,2025-02-24 19:48:11.613772
case_188,b,2025-02-24 19:53:11.613772
case_188,c,2025-02-24 19:58:11.613772
case_188,b,2025-02-24 20:03:11.613772
case_188,a,2025-02-24 20:08:11.613772
case_188,a,2025-02-24 20:13:11.613772
case_188,b,2025-02-24 20:18:11.613772
case_188,c,2025-02-24 20:23:11.613772
case_188,b,2025-02-24 20:28:11.613772
case_188,a,2025-02-24 20:33:11.613772
case_188,b,2025-02-24 20:38:11.613772
case_188,b,2025-02-24 20:43:11.613772
case_188,c,2025-02-24 20:48:11.613772
case_188,b,2025-02-24 20:53:11.613772
case_188,a,2025-02-24 20:58:11.613772
case_188,c,2025-02-24 21:03:11.613772
case_189,b,2025-02-24 19:28:11.613802
case_189,a,2025-02-24 19:33:11.613802
case_189,b,2025-02-24 19:38:11.613802
case_189,a,2025-02-24 19:43:11.613802
case_189,c,2025-02-24 19:48:11.613802
case_189,a,2025-02-24 19:53:11.613802
case_189,b,2025-02-24 19:58:11.613802
case_189,b,2025-02-24 20:03:11.613802
case_189,c,2025-02-24 20:08:11.613802
case_189,c,2025-02-24 20:13:11.613802
case_189,b,2025-02-24 20:18:11.613802
case_189,c,2025-02-24 20:23:11.613802
case_189,a,2025-02-24 20:28:11.613802
case_189,b,2025-02-24 20:33:11.613802
case_189,a,2025-02-24 20:38:11.613802
case_189,a,2025-02-24 20:43:11.613802
case_189,a,2025-02-24 20:48:11.613802
case_189,a,2025-02-24 20:53:11.613802
case_189,c,2025-02-24 20:58:11.613802
case_189,b,2025-02-24 21:03:11.613802
case_190,b,2025-02-24 19:28:11.613832
case_190,b,2025-02-24 19:33:11.613832
case_190,b,2025-02-24 19:38:11.613832
case_190,c,2025-02-24 19:43:11.613832
case_190,b,2025-02-24 19:48:11.613832
case_190,b,2025-02-24 19:53:11.613832
case_190,b,2025-02-24 19:58:11.613832
case_190,b,2025-02-24 20:03:11.613832
case_190,a,2025-02-24 20:08:11.613832
case_190,c,2025-02-24 20:13:11.613832
case_190,c,2025-02-24 20:18:11.613832
case_190,b,2025-02-24 20:23:11.613832
case_190,b,2025-02-24 20:28:11.613832
case_190,b,2025-02-24 20:33:11.613832
case_190,b,2025-02-24 20:38:11.613832
case_190,b,2025-02-24 20:43:11.613832
case_190,b,2025-02-24 20:48:11.613832
case_190,b,2025-02-24 20:53:11.613832
case_190,b,2025-02-24 20:58:11.613832
case_190,c,2025-02-24 21:03:11.613832
case_191,b,2025-02-24 19:28:11.613863
case_191,c,2025-02-24 19:33:11.613863
case_191,a,2025-02-24 19:38:11.613863
case_191,b,2025-02-24 19:43:11.613863
case_191,c,2025-02-24 19:48:11.613863
case_191,c,2025-02-24 19:53:11.613863
case_191,c,2025-02-24 19:58:11.613863
case_191,c,2025-02-24 20:03:11.613863
case_191,a,2025-02-24 20:08:11.613863
case_191,a,2025-02-24 20:13:11.613863
case_191,b,2025-02-24 20:18:11.613863
case_191,c,2025-02-24 20:23:11.613863
case_191,b,2025-02-24 20:28:11.613863
case_191,a,2025-02-24 20:33:11.613863
case_191,b,2025-02-24 20:38:11.613863
case_191,c,2025-02-24 20:43:11.613863
case_191,a,2025-02-24 20:48:11.613863
case_191,b,2025-02-24 20:53:11.613863
case_191,c,2025-02-24 20:58:11.613863
case_191,b,2025-02-24 21:03:11.613863
case_192,a,2025-02-24 19:28:11.613893
case_192,b,2025-02-24 19:33:11.613893
case_192,b,2025-02-24 19:38:11.613893
case_192,c,2025-02-24 19:43:11.613893
case_192,c,2025-02-24 19:48:11.613893
case_192,b,2025-02-24 19:53:11.613893
case_192,a,2025-02-24 19:58:11.613893
case_192,a,2025-02-24 20:03:11.613893
case_192,a,2025-02-24 20:08:11.613893
case_192,b,2025-02-24 20:13:11.613893
case_192,c,2025-02-24 20:18:11.613893
case_192,c,2025-02-24 20:23:11.613893
case_192,c,2025-02-24 20:28:11.613893
case_192,a,2025-02-24 20:33:11.613893
case_192,c,2025-02-24 20:38:11.613893
case_192,a,2025-02-24 20:43:11.613893
case_192,b,2025-02-24 20:48:11.613893
case_192,c,2025-02-24 20:53:11.613893
case_192,c,2025-02-24 20:58:11.613893
case_192,a,2025-02-24 21:03:11.613893
case_193,a,2025-02-24 19:28:11.613924
case_193,b,2025-02-24 19:33:11.613924
case_193,a,2025-02-24 19:38:11.613924
case_193,c,2025-02-24 19:43:11.613924
case_193,c,2025-02-24 19:48:11.613924
case_193,a,2025-02-24 19:53:11.613924
case_193,b,2025-02-24 19:58:11.613924
case_193,c,2025-02-24 20:03:11.613924
case_193,b,2025-02-24 20:08:11.613924
case_193,c,2025-02-24 20:13:11.613924
case_193,b,2025-02-24 20:18:11.613924
case_193,b,2025-02-24 20:23:11.613924
case_193,a,2025-02-24 20:28:11.613924
case_193,c,2025-02-24 20:33:11.613924
case_193,a,2025-02-24 20:38:11.613924
case_193,a,2025-02-24 20:43:11.613924
case_193,c,2025-02-24 20:48:11.613924
case_193,a,2025-02-24 20:53:11.613924
case_193,a,2025-02-24 20:58:11.613924
case_193,b,2025-02-24 21:03:11.613924
case_194,b,2025-02-24 19:28:11.613954
case_194,c,2025-02-24 19:33:11.613954
case_194,b,2025-02-24 19:38:11.613954
case_194,c,2025-02-24 19:43:11.613954
case_194,a,2025-02-24 19:48:11.613954
case_194,a,2025-02-24 19:53:11.613954
case_194,b,2025-02-24 19:58:11.613954
case_194,a,2025-02-24 20:03:11.613954
case_194,a,2025-02-24 20:08:11.613954
case_194,b,2025-02-24 20:13:11.613954
case_194,c,2025-02-24 20:18:11.613954
case_194,b,2025-02-24 20:23:11.613954
case_194,a,2025-02-24 20:28:11.613954
case_194,b,2025-02-24 20:33:11.613954
case_194,b,2025-02-24 20:38:11.613954
case_194,c,2025-02-24 20:43:11.613954
case_194,b,2025-02-24 20:48:11.613954
case_194,a,2025-02-24 20:53:11.613954
case_194,b,2025-02-24 20:58:11.613954
case_194,a,2025-02-24 21:03:11.613954
case_195,a,2025-02-24 19:28:11.613984
case_195,b,2025-02-24 19:33:11.613984
case_195,b,2025-02-24 19:38:11.613984
case_195,a,2025-02-24 19:43:11.613984
case_195,b,2025-02-24 19:48:11.613984
case_195,c,2025-02-24 19:53:11.613984
case_195,b,2025-02-24 19:58:11.613984
case_195,b,2025-02-24 20:03:11.613984
case_195,a,2025-02-24 20:08:11.613984
case_195,c,2025-02-24 20:13:11.613984
case_195,c,2025-02-24 20:18:11.613984
case_195,c,2025-02-24 20:23:11.613984
case_195,a,2025-02-24 20:28:11.613984
case_195,a,2025-02-24 20:33:11.613984
case_195,b,2025-02-24 20:38:11.613984
case_195,b,2025-02-24 20:43:11.613984
case_195,c,2025-02-24 20:48:11.613984
case_195,b,2025-02-24 20:53:11.613984
case_195,a,2025-02-24 20:58:11.613984
case_195,b,2025-02-24 21:03:11.613984
case_196,a,2025-02-24 19:28:11.614014
case_196,b,2025-02-24 19:33:11.614014
case_196,c,2025-02-24 19:38:11.614014
case_196,a,2025-02-24 19:43:11.614014
case_196,c,2025-02-24 19:48:11.614014
case_196,a,2025-02-24 19:53:11.614014
case_196,c,2025-02-24 19:58:11.614014
case_196,c,2025-02-24 20:03:11.614014
case_196,b,2025-02-24 20:08:11.614014
case_196,b,2025-02-24 20:13:11.614014
case_196,c,2025-02-24 20:18:11.614014
case_196,c,2025-02-24 20:23:11.614014
case_196,b,2025-02-24 20:28:11.614014
case_196,a,2025-02-24 20:33:11.614014
case_196,a,2025-02-24 20:38:11.614014
case_196,a,2025-02-24 20:43:11.614014
case_196,a,2025-02-24 20:48:11.614014
case_196,a,2025-02-24 20:53:11.614014
case_196,a,2025-02-24 20:58:11.614014
case_196,c,2025-02-24 21:03:11.614014
case_197,b,2025-02-24 19:28:11.614044
case_197,a,2025-02-24 19:33:11.614044
case_197,b,2025-02-24 19:38:11.614044
case_197,a,2025-02-24 19:43:11.614044
case_197,a,2025-02-24 19:48:11.614044
case_197,b,2025-02-24 19:53:11.614044
case_197,c,2025-02-24 19:58:11.614044
case_197,b,2025-02-24 20:03:11.614044
case_197,b,2025-02-24 20:08:11.614044
case_197,a,2025-02-24 20:13:11.614044
case_197,b,2025-02-24 20:18:11.614044
case_197,b,2025-02-24 20:23:11.614044
case_197,c,2025-02-24 20:28:11.614044
case_197,a,2025-02-24 20:33:11.614044
case_197,a,2025-02-24 20:38:11.614044
case_197,b,2025-02-24 20:43:11.614044
case_197,a,2025-02-24 20:48:11.614044
case_197,a,2025-02-24 20:53:11.614044
case_197,a,2025-02-24 20:58:11.614044
case_197,b,2025-02-24 21:03:11.614044
case_198,a,2025-02-24 19:28:11.614083
case_198,c,2025-02-24 19:33:11.614083
case_198,c,2025-02-24 19:38:11.614083
case_198,c,2025-02-24 19:43:11.614083
case_198,b,2025-02-24 19:48:11.614083
case_198,b,2025-02-24 19:53:11.614083
case_198,c,2025-02-24 19:58:11.614083
case_198,a,2025-02-24 20:03:11.614083
case_198,a,2025-02-24 20:08:11.614083
case_198,c,2025-02-24 20:13:11.614083
case_198,b,2025-02-24 20:18:11.614083
case_198,b,2025-02-24 20:23:11.614083
case_198,b,2025-02-24 20:28:11.614083
case_198,b,2025-02-24 20:33:11.614083
case_198,c,2025-02-24 20:38:11.614083
case_198,b,2025-02-24 20:43:11.614083
case_198,a,2025-02-24 20:48:11.614083
case_198,b,2025-02-24 20:53:11.614083
case_198,c,2025-02-24 20:58:11.614083
case_198,a,2025-02-24 21:03:11.614083
case_199,a,2025-02-24 19:28:11.614113
case_199,a,2025-02-24 19:33:11.614113
case_199,c,2025-02-24 19:38:11.614113
case_199,c,2025-02-24 19:43:11.614113
case_199,a,2025-02-24 19:48:11.614113
case_199,c,2025-02-24 19:53:11.614113
case_199,a,2025-02-24 19:58:11.614113
case_199,a,2025-02-24 20:03:11.614113
case_199,a,2025-02-24 20:08:11.614113
case_199,c,2025-02-24 20:13:11.614113
case_199,a,2025-02-24 20:18:11.614113
case_199,a,2025-02-24 20:23:11.614113
case_199,b,2025-02-24 20:28:11.614113
case_199,b,2025-02-24 20:33:11.614113
case_199,a,2025-02-24 20:38:11.614113
case_199,a,2025-02-24 20:43:11.614113
case_199,c,2025-02-24 20:48:11.614113
case_199,c,2025-02-24 20:53:11.614113
case_199,b,2025-02-24 20:58:11.614113
case_199,c,2025-02-24 21:03:11.614113
case_200,b,2025-02-24 19:28:11.614143
case_200,c,2025-02-24 19:33:11.614143
case_200,a,2025-02-24 19:38:11.614143
case_200,b,2025-02-24 19:43:11.614143
case_200,c,2025-02-24 19:48:11.614143
case_200,a,2025-02-24 19:53:11.614143
case_200,b,2025-02-24 19:58:11.614143
case_200,c,2025-02-24 20:03:11.614143
case_200,c,2025-02-24 20:08:11.614143
case_200,c,2025-02-24 20:13:11.614143
case_200,c,2025-02-24 20:18:11.614143
case_200,b,2025-02-24 20:23:11.614143
case_200,c,2025-02-24 20:28:11.614143
case_200,b,2025-02-24 20:33:11.614143
case_200,b,2025-02-24 20:38:11.614143
case_200,c,2025-02-24 20:43:11.614143
case_200,b,2025-02-24 20:48:11.614143
case_200,c,2025-02-24 20:53:11.614143
case_200,b,2025-02-24 20:58:11.614143
case_200,c,2025-02-24 21:03:11.614143
case_201,a,2025-02-24 19:28:11.614173
case_201,c,2025-02-24 19:33:11.614173
case_201,a,2025-02-24 19:38:11.614173
case_201,a,2025-02-24 19:43:11.614173
case_201,c,2025-02-24 19:48:11.614173
case_201,b,2025-02-24 19:53:11.614173
case_201,c,2025-02-24 19:58:11.614173
case_201,a,2025-02-24 20:03:11.614173
case_201,a,2025-02-24 20:08:11.614173
case_201,a,2025-02-24 20:13:11.614173
case_201,a,2025-02-24 20:18:11.614173
case_201,a,2025-02-24 20:23:11.614173
case_201,b,2025-02-24 20:28:11.614173
case_201,b,2025-02-24 20:33:11.614173
case_201,c,2025-02-24 20:38:11.614173
case_201,b,2025-02-24 20:43:11.614173
case_201,a,2025-02-24 20:48:11.614173
case_201,b,2025-02-24 20:53:11.614173
case_201,b,2025-02-24 20:58:11.614173
case_201,a,2025-02-24 21:03:11.614173
case_202,a,2025-02-24 19:28:11.614203
case_202,b,2025-02-24 19:33:11.614203
case_202,a,2025-02-24 19:38:11.614203
case_202,c,2025-02-24 19:43:11.614203
case_202,c,2025-02-24 19:48:11.614203
case_202,b,2025-02-24 19:53:11.614203
case_202,b,2025-02-24 19:58:11.614203
case_202,c,2025-02-24 20:03:11.614203
case_202,a,2025-02-24 20:08:11.614203
case_202,b,2025-02-24 20:13:11.614203
case_202,a,2025-02-24 20:18:11.614203
case_202,b,2025-02-24 20:23:11.614203
case_202,c,2025-02-24 20:28:11.614203
case_202,b,2025-02-24 20:33:11.614203
case_202,a,2025-02-24 20:38:11.614203
case_202,a,2025-02-24 20:43:11.614203
case_202,a,2025-02-24 20:48:11.614203
case_202,c,2025-02-24 20:53:11.614203
case_202,a,2025-02-24 20:58:11.614203
case_202,c,2025-02-24 21:03:11.614203
case_203,b,2025-02-24 19:28:11.614234
case_203,b,2025-02-24 19:33:11.614234
case_203,b,2025-02-24 19:38:11.614234
case_203,b,2025-02-24 19:43:11.614234
case_203,c,2025-02-24 19:48:11.614234
case_203,c,2025-02-24 19:53:11.614234
case_203,a,2025-02-24 19:58:11.614234
case_203,c,2025-02-24 20:03:11.614234
case_203,a,2025-02-24 20:08:11.614234
case_203,a,2025-02-24 20:13:11.614234
case_203,b,2025-02-24 20:18:11.614234
case_203,b,2025-02-24 20:23:11.614234
case_203,b,2025-02-24 20:28:11.614234
case_203,b,2025-02-24 20:33:11.614234
case_203,b,2025-02-24 20:38:11.614234
case_203,b,2025-02-24 20:43:11.614234
case_203,c,2025-02-24 20:48:11.614234
case_203,c,2025-02-24 20:53:11.614234
case_203,a,2025-02-24 20:58:11.614234
case_203,a,2025-02-24 21:03:11.614234
case_204,a,2025-02-24 19:28:11.614264
case_204,b,2025-02-24 19:33:11.614264
case_204,c,2025-02-24 19:38:11.614264
case_204,c,2025-02-24 19:43:11.614264
case_204,a,2025-02-24 19:48:11.614264
case_204,b,2025-02-24 19:53:11.614264
case_204,c,2025-02-24 19:58:11.614264
case_204,a,2025-02-24 20:03:11.614264
case_204,c,2025-02-24 20:08:11.614264
case_204,c,2025-02-24 20:13:11.614264
case_204,c,2025-02-24 20:18:11.614264
case_204,c,2025-02-24 20:23:11.614264
case_204,a,2025-02-24 20:28:11.614264
case_204,b,2025-02-24 20:33:11.614264
case_204,a,2025-02-24 20:38:11.614264
case_204,c,2025-02-24 20:43:11.614264
case_204,b,2025-02-24 20:48:11.614264
case_204,c,2025-02-24 20:53:11.614264
case_204,c,2025-02-24 20:58:11.614264
case_204,a,2025-02-24 21:03:11.614264
case_205,a,2025-02-24 19:28:11.614294
case_205,c,2025-02-24 19:33:11.614294
case_205,b,2025-02-24 19:38:11.614294
case_205,a,2025-02-24 19:43:11.614294
case_205,b,2025-02-24 19:48:11.614294
case_205,a,2025-02-24 19:53:11.614294
case_205,c,2025-02-24 19:58:11.614294
case_205,c,2025-02-24 20:03:11.614294
case_205,b,2025-02-24 20:08:11.614294
case_205,c,2025-02-24 20:13:11.614294
case_205,b,2025-02-24 20:18:11.614294
case_205,c,2025-02-24 20:23:11.614294
case_205,c,2025-02-24 20:28:11.614294
case_205,b,2025-02-24 20:33:11.614294
case_205,c,2025-02-24 20:38:11.614294
case_205,b,2025-02-24 20:43:11.614294
case_205,b,2025-02-24 20:48:11.614294
case_205,a,2025-02-24 20:53:11.614294
case_205,c,2025-02-24 20:58:11.614294
case_205,a,2025-02-24 21:03:11.614294
case_206,b,2025-02-24 19:28:11.614326
case_206,b,2025-02-24 19:33:11.614326
case_206,b,2025-02-24 19:38:11.614326
case_206,b,2025-02-24 19:43:11.614326
case_206,c,2025-02-24 19:48:11.614326
case_206,b,2025-02-24 19:53:11.614326
case_206,a,2025-02-24 19:58:11.614326
case_206,c,2025-02-24 20:03:11.614326
case_206,a,2025-02-24 20:08:11.614326
case_206,a,2025-02-24 20:13:11.614326
case_206,a,2025-02-24 20:18:11.614326
case_206,c,2025-02-24 20:23:11.614326
case_206,c,2025-02-24 20:28:11.614326
case_206,b,2025-02-24 20:33:11.614326
case_206,b,2025-02-24 20:38:11.614326
case_206,b,2025-02-24 20:43:11.614326
case_206,a,2025-02-24 20:48:11.614326
case_206,a,2025-02-24 20:53:11.614326
case_206,a,2025-02-24 20:58:11.614326
case_206,b,2025-02-24 21:03:11.614326
case_207,a,2025-02-24 19:28:11.614357
case_207,a,2025-02-24 19:33:11.614357
case_207,c,2025-02-24 19:38:11.614357
case_207,c,2025-02-24 19:43:11.614357
case_207,b,2025-02-24 19:48:11.614357
case_207,b,2025-02-24 19:53:11.614357
case_207,c,2025-02-24 19:58:11.614357
case_207,b,2025-02-24 20:03:11.614357
case_207,b,2025-02-24 20:08:11.614357
case_207,c,2025-02-24 20:13:11.614357
case_207,b,2025-02-24 20:18:11.614357
case_207,a,2025-02-24 20:23:11.614357
case_207,a,2025-02-24 20:28:11.614357
case_207,b,2025-02-24 20:33:11.614357
case_207,c,2025-02-24 20:38:11.614357
case_207,c,2025-02-24 20:43:11.614357
case_207,b,2025-02-24 20:48:11.614357
case_207,c,2025-02-24 20:53:11.614357
case_207,a,2025-02-24 20:58:11.614357
case_207,c,2025-02-24 21:03:11.614357
case_208,b,2025-02-24 19:28:11.614388
case_208,a,2025-02-24 19:33:11.614388
case_208,b,2025-02-24 19:38:11.614388
case_208,c,2025-02-24 19:43:11.614388
case_208,b,2025-02-24 19:48:11.614388
case_208,a,2025-02-24 19:53:11.614388
case_208,c,2025-02-24 19:58:11.614388
case_208,c,2025-02-24 20:03:11.614388
case_208,c,2025-02-24 20:08:11.614388
case_208,a,2025-02-24 20:13:11.614388
case_208,a,2025-02-24 20:18:11.614388
case_208,c,2025-02-24 20:23:11.614388
case_208,c,2025-02-24 20:28:11.614388
case_208,b,2025-02-24 20:33:11.614388
case_208,b,2025-02-24 20:38:11.614388
case_208,b,2025-02-24 20:43:11.614388
case_208,a,2025-02-24 20:48:11.614388
case_208,b,2025-02-24 20:53:11.614388
case_208,c,2025-02-24 20:58:11.614388
case_208,a,2025-02-24 21:03:11.614388
case_209,a,2025-02-24 19:28:11.614418
case_209,c,2025-02-24 19:33:11.614418
case_209,b,2025-02-24 19:38:11.614418
case_209,a,2025-02-24 19:43:11.614418
case_209,a,2025-02-24 19:48:11.614418
case_209,a,2025-02-24 19:53:11.614418
case_209,b,2025-02-24 19:58:11.614418
case_209,c,2025-02-24 20:03:11.614418
case_209,b,2025-02-24 20:08:11.614418
case_209,c,2025-02-24 20:13:11.614418
case_209,b,2025-02-24 20:18:11.614418
case_209,a,2025-02-24 20:23:11.614418
case_209,a,2025-02-24 20:28:11.614418
case_209,a,2025-02-24 20:33:11.614418
case_209,a,2025-02-24 20:38:11.614418
case_209,c,2025-02-24 20:43:11.614418
case_209,b,2025-02-24 20:48:11.614418
case_209,b,2025-02-24 20:53:11.614418
case_209,c,2025-02-24 20:58:11.614418
case_209,a,2025-02-24 21:03:11.614418
case_210,a,2025-02-24 19:28:11.614449
case_210,b,2025-02-24 19:33:11.614449
case_210,c,2025-02-24 19:38:11.614449
case_210,b,2025-02-24 19:43:11.614449
case_210,c,2025-02-24 19:48:11.614449
case_210,a,2025-02-24 19:53:11.614449
case_210,a,2025-02-24 19:58:11.614449
case_210,c,2025-02-24 20:03:11.614449
case_210,c,2025-02-24 20:08:11.614449
case_210,c,2025-02-24 20:13:11.614449
case_210,a,2025-02-24 20:18:11.614449
case_210,b,2025-02-24 20:23:11.614449
case_210,b,2025-02-24 20:28:11.614449
case_210,c,2025-02-24 20:33:11.614449
case_210,b,2025-02-24 20:38:11.614449
case_210,a,2025-02-24 20:43:11.614449
case_210,b,2025-02-24 20:48:11.614449
case_210,b,2025-02-24 20:53:11.614449
case_210,a,2025-02-24 20:58:11.614449
case_210,c,2025-02-24 21:03:11.614449
case_211,b,2025-02-24 19:28:11.614480
case_211,b,2025-02-24 19:33:11.614480
case_211,a,2025-02-24 19:38:11.614480
case_211,c,2025-02-24 19:43:11.614480
case_211,b,2025-02-24 19:48:11.614480
case_211,a,2025-02-24 19:53:11.614480
case_211,b,2025-02-24 19:58:11.614480
case_211,b,2025-02-24 20:03:11.614480
case_211,a,2025-02-24 20:08:11.614480
case_211,a,2025-02-24 20:13:11.614480
case_211,b,2025-02-24 20:18:11.614480
case_211,a,2025-02-24 20:23:11.614480
case_211,a,2025-02-24 20:28:11.614480
case_211,b,2025-02-24 20:33:11.614480
case_211,c,2025-02-24 20:38:11.614480
case_211,b,2025-02-24 20:43:11.614480
case_211,a,2025-02-24 20:48:11.614480
case_211,c,2025-02-24 20:53:11.614480
case_211,a,2025-02-24 20:58:11.614480
case_211,b,2025-02-24 21:03:11.614480
case_212,a,2025-02-24 19:28:11.614510
case_212,a,2025-02-24 19:33:11.614510
case_212,c,2025-02-24 19:38:11.614510
case_212,b,2025-02-24 19:43:11.614510
case_212,a,2025-02-24 19:48:11.614510
case_212,b,2025-02-24 19:53:11.614510
case_212,c,2025-02-24 19:58:11.614510
case_212,c,2025-02-24 20:03:11.614510
case_212,a,2025-02-24 20:08:11.614510
case_212,c,2025-02-24 20:13:11.614510
case_212,c,2025-02-24 20:18:11.614510
case_212,b,2025-02-24 20:23:11.614510
case_212,a,2025-02-24 20:28:11.614510
case_212,c,2025-02-24 20:33:11.614510
case_212,b,2025-02-24 20:38:11.614510
case_212,a,2025-02-24 20:43:11.614510
case_212,a,2025-02-24 20:48:11.614510
case_212,a,2025-02-24 20:53:11.614510
case_212,c,2025-02-24 20:58:11.614510
case_212,b,2025-02-24 21:03:11.614510
case_213,b,2025-02-24 19:28:11.614540
case_213,b,2025-02-24 19:33:11.614540
case_213,c,2025-02-24 19:38:11.614540
case_213,b,2025-02-24 19:43:11.614540
case_213,b,2025-02-24 19:48:11.614540
case_213,a,2025-02-24 19:53:11.614540
case_213,b,2025-02-24 19:58:11.614540
case_213,b,2025-02-24 20:03:11.614540
case_213,a,2025-02-24 20:08:11.614540
case_213,a,2025-02-24 20:13:11.614540
case_213,c,2025-02-24 20:18:11.614540
case_213,b,2025-02-24 20:23:11.614540
case_213,b,2025-02-24 20:28:11.614540
case_213,a,2025-02-24 20:33:11.614540
case_213,c,2025-02-24 20:38:11.614540
case_213,c,2025-02-24 20:43:11.614540
case_213,c,2025-02-24 20:48:11.614540
case_213,b,2025-02-24 20:53:11.614540
case_213,b,2025-02-24 20:58:11.614540
case_213,a,2025-02-24 21:03:11.614540
case_214,b,2025-02-24 19:28:11.614571
case_214,c,2025-02-24 19:33:11.614571
case_214,c,2025-02-24 19:38:11.614571
case_214,a,2025-02-24 19:43:11.614571
case_214,a,2025-02-24 19:48:11.614571
case_214,a,2025-02-24 19:53:11.614571
case_214,b,2025-02-24 19:58:11.614571
case_214,c,2025-02-24 20:03:11.614571
case_214,b,2025-02-24 20:08:11.614571
case_214,c,2025-02-24 20:13:11.614571
case_214,a,2025-02-24 20:18:11.614571
case_214,c,2025-02-24 20:23:11.614571
case_214,a,2025-02-24 20:28:11.614571
case_214,b,2025-02-24 20:33:11.614571
case_214,b,2025-02-24 20:38:11.614571
case_214,b,2025-02-24 20:43:11.614571
case_214,a,2025-02-24 20:48:11.614571
case_214,c,2025-02-24 20:53:11.614571
case_214,a,2025-02-24 20:58:11.614571
case_214,c,2025-02-24 21:03:11.614571
case_215,b,2025-02-24 19:28:11.614601
case_215,b,2025-02-24 19:33:11.614601
case_215,b,2025-02-24 19:38:11.614601
case_215,c,2025-02-24 19:43:11.614601
case_215,b,2025-02-24 19:48:11.614601
case_215,c,2025-02-24 19:53:11.614601
case_215,b,2025-02-24 19:58:11.614601
case_215,c,2025-02-24 20:03:11.614601
case_215,c,2025-02-24 20:08:11.614601
case_215,b,2025-02-24 20:13:11.614601
case_215,a,2025-02-24 20:18:11.614601
case_215,b,2025-02-24 20:23:11.614601
case_215,c,2025-02-24 20:28:11.614601
case_215,a,2025-02-24 20:33:11.614601
case_215,c,2025-02-24 20:38:11.614601
case_215,a,2025-02-24 20:43:11.614601
case_215,b,2025-02-24 20:48:11.614601
case_215,b,2025-02-24 20:53:11.614601
case_215,a,2025-02-24 20:58:11.614601
case_215,b,2025-02-24 21:03:11.614601
case_216,b,2025-02-24 19:28:11.614632
case_216,c,2025-02-24 19:33:11.614632
case_216,a,2025-02-24 19:38:11.614632
case_216,c,2025-02-24 19:43:11.614632
case_216,a,2025-02-24 19:48:11.614632
case_216,a,2025-02-24 19:53:11.614632
case_216,a,2025-02-24 19:58:11.614632
case_216,b,2025-02-24 20:03:11.614632
case_216,a,2025-02-24 20:08:11.614632
case_216,b,2025-02-24 20:13:11.614632
case_216,c,2025-02-24 20:18:11.614632
case_216,a,2025-02-24 20:23:11.614632
case_216,c,2025-02-24 20:28:11.614632
case_216,b,2025-02-24 20:33:11.614632
case_216,a,2025-02-24 20:38:11.614632
case_216,c,2025-02-24 20:43:11.614632
case_216,b,2025-02-24 20:48:11.614632
case_216,a,2025-02-24 20:53:11.614632
case_216,c,2025-02-24 20:58:11.614632
case_216,a,2025-02-24 21:03:11.614632
case_217,b,2025-02-24 19:28:11.614662
case_217,b,2025-02-24 19:33:11.614662
case_217,a,2025-02-24 19:38:11.614662
case_217,a,2025-02-24 19:43:11.614662
case_217,c,2025-02-24 19:48:11.614662
case_217,b,2025-02-24 19:53:11.614662
case_217,c,2025-02-24 19:58:11.614662
case_217,c,2025-02-24 20:03:11.614662
case_217,b,2025-02-24 20:08:11.614662
case_217,b,2025-02-24 20:13:11.614662
case_217,a,2025-02-24 20:18:11.614662
case_217,c,2025-02-24 20:23:11.614662
case_217,a,2025-02-24 20:28:11.614662
case_217,b,2025-02-24 20:33:11.614662
case_217,b,2025-02-24 20:38:11.614662
case_217,c,2025-02-24 20:43:11.614662
case_217,b,2025-02-24 20:48:11.614662
case_217,b,2025-02-24 20:53:11.614662
case_217,c,2025-02-24 20:58:11.614662
case_217,a,2025-02-24 21:03:11.614662
case_218,b,2025-02-24 19:28:11.614692
case_218,b,2025-02-24 19:33:11.614692
case_218,b,2025-02-24 19:38:11.614692
case_218,b,2025-02-24 19:43:11.614692
case_218,b,2025-02-24 19:48:11.614692
case_218,b,2025-02-24 19:53:11.614692
case_218,c,2025-02-24 19:58:11.614692
case_218,b,2025-02-24 20:03:11.614692
case_218,c,2025-02-24 20:08:11.614692
case_218,a,2025-02-24 20:13:11.614692
case_218,c,2025-02-24 20:18:11.614692
case_218,b,2025-02-24 20:23:11.614692
case_218,a,2025-02-24 20:28:11.614692
case_218,b,2025-02-24 20:33:11.614692
case_218,b,2025-02-24 20:38:11.614692
case_218,a,2025-02-24 20:43:11.614692
case_218,c,2025-02-24 20:48:11.614692
case_218,a,2025-02-24 20:53:11.614692
case_218,c,2025-02-24 20:58:11.614692
case_218,b,2025-02-24 21:03:11.614692
case_219,b,2025-02-24 19:28:11.614722
case_219,a,2025-02-24 19:33:11.614722
case_219,b,2025-02-24 19:38:11.614722
case_219,b,2025-02-24 19:43:11.614722
case_219,b,2025-02-24 19:48:11.614722
case_219,a,2025-02-24 19:53:11.614722
case_219,c,2025-02-24 19:58:11.614722
case_219,b,2025-02-24 20:03:11.614722
case_219,a,2025-02-24 20:08:11.614722
case_219,b,2025-02-24 20:13:11.614722
case_219,b,2025-02-24 20:18:11.614722
case_219,c,2025-02-24 20:23:11.614722
case_219,c,2025-02-24 20:28:11.614722
case_219,b,2025-02-24 20:33:11.614722
case_219,a,2025-02-24 20:38:11.614722
case_219,c,2025-02-24 20:43:11.614722
case_219,a,2025-02-24 20:48:11.614722
case_219,c,2025-02-24 20:53:11.614722
case_219,b,2025-02-24 20:58:11.614722
case_219,a,2025-02-24 21:03:11.614722
case_220,b,2025-02-24 19:28:11.614752
case_220,c,2025-02-24 19:33:11.614752
case_220,c,2025-02-24 19:38:11.614752
case_220,c,2025-02-24 19:43:11.614752
case_220,c,2025-02-24 19:48:11.614752
case_220,a,2025-02-24 19:53:11.614752
case_220,a,2025-02-24 19:58:11.614752
case_220,b,2025-02-24 20:03:11.614752
case_220,a,2025-02-24 20:08:11.614752
case_220,b,2025-02-24 20:13:11.614752
case_220,b,2025-02-24 20:18:11.614752
case_220,c,2025-02-24 20:23:11.614752
case_220,a,2025-02-24 20:28:11.614752
case_220,a,2025-02-24 20:33:11.614752
case_220,a,2025-02-24 20:38:11.614752
case_220,a,2025-02-24 20:43:11.614752
case_220,c,2025-02-24 20:48:11.614752
case_220,a,2025-02-24 20:53:11.614752
case_220,b,2025-02-24 20:58:11.614752
case_220,a,2025-02-24 21:03:11.614752
case_221,a,2025-02-24 19:28:11.614782
case_221,c,2025-02-24 19:33:11.614782
case_221,a,2025-02-24 19:38:11.614782
case_221,b,2025-02-24 19:43:11.614782
case_221,c,2025-02-24 19:48:11.614782
case_221,b,2025-02-24 19:53:11.614782
case_221,c,2025-02-24 19:58:11.614782
case_221,b,2025-02-24 20:03:11.614782
case_221,c,2025-02-24 20:08:11.614782
case_221,a,2025-02-24 20:13:11.614782
case_221,b,2025-02-24 20:18:11.614782
case_221,a,2025-02-24 20:23:11.614782
case_221,c,2025-02-24 20:28:11.614782
case_221,c,2025-02-24 20:33:11.614782
case_221,c,2025-02-24 20:38:11.614782
case_221,c,2025-02-24 20:43:11.614782
case_221,a,2025-02-24 20:48:11.614782
case_221,c,2025-02-24 20:53:11.614782
case_221,b,2025-02-24 20:58:11.614782
case_221,a,2025-02-24 21:03:11.614782
case_222,b,2025-02-24 19:28:11.614813
case_222,b,2025-02-24 19:33:11.614813
case_222,a,2025-02-24 19:38:11.614813
case_222,c,2025-02-24 19:43:11.614813
case_222,c,2025-02-24 19:48:11.614813
case_222,b,2025-02-24 19:53:11.614813
case_222,a,2025-02-24 19:58:11.614813
case_222,c,2025-02-24 20:03:11.614813
case_222,b,2025-02-24 20:08:11.614813
case_222,c,2025-02-24 20:13:11.614813
case_222,b,2025-02-24 20:18:11.614813
case_222,a,2025-02-24 20:23:11.614813
case_222,b,2025-02-24 20:28:11.614813
case_222,c,2025-02-24 20:33:11.614813
case_222,b,2025-02-24 20:38:11.614813
case_222,c,2025-02-24 20:43:11.614813
case_222,c,2025-02-24 20:48:11.614813
case_222,a,2025-02-24 20:53:11.614813
case_222,b,2025-02-24 20:58:11.614813
case_222,c,2025-02-24 21:03:11.614813
case_223,b,2025-02-24 19:28:11.614843
case_223,a,2025-02-24 19:33:11.614843
case_223,a,2025-02-24 19:38:11.614843
case_223,c,2025-02-24 19:43:11.614843
case_223,a,2025-02-24 19:48:11.614843
case_223,a,2025-02-24 19:53:11.614843
case_223,c,2025-02-24 19:58:11.614843
case_223,b,2025-02-24 20:03:11.614843
case_223,a,2025-02-24 20:08:11.614843
case_223,c,2025-02-24 20:13:11.614843
case_223,a,2025-02-24 20:18:11.614843
case_223,c,2025-02-24 20:23:11.614843
case_223,a,2025-02-24 20:28:11.614843
case_223,c,2025-02-24 20:33:11.614843
case_223,b,2025-02-24 20:38:11.614843
case_223,c,2025-02-24 20:43:11.614843
case_223,c,2025-02-24 20:48:11.614843
case_223,c,2025-02-24 20:53:11.614843
case_223,c,2025-02-24 20:58:11.614843
case_223,c,2025-02-24 21:03:11.614843
case_224,b,2025-02-24 19:28:11.614873
case_224,c,2025-02-24 19:33:11.614873
case_224,b,2025-02-24 19:38:11.614873
case_224,a,2025-02-24 19:43:11.614873
case_224,a,2025-02-24 19:48:11.614873
case_224,c,2025-02-24 19:53:11.614873
case_224,a,2025-02-24 19:58:11.614873
case_224,b,2025-02-24 20:03:11.614873
case_224,a,2025-02-24 20:08:11.614873
case_224,b,2025-02-24 20:13:11.614873
case_224,a,2025-02-24 20:18:11.614873
case_224,a,2025-02-24 20:23:11.614873
case_224,b,2025-02-24 20:28:11.614873
case_224,a,2025-02-24 20:33:11.614873
case_224,b,2025-02-24 20:38:11.614873
case_224,b,2025-02-24 20:43:11.614873
case_224,c,2025-02-24 20:48:11.614873
case_224,a,2025-02-24 20:53:11.614873
case_224,a,2025-02-24 20:58:11.614873
case_224,c,2025-02-24 21:03:11.614873
case_225,b,2025-02-24 19:28:11.614903
case_225,b,2025-02-24 19:33:11.614903
case_225,a,2025-02-24 19:38:11.614903
case_225,a,2025-02-24 19:43:11.614903
case_225,a,2025-02-24 19:48:11.614903
case_225,a,2025-02-24 19:53:11.614903
case_225,c,2025-02-24 19:58:11.614903
case_225,c,2025-02-24 20:03:11.614903
case_225,c,2025-02-24 20:08:11.614903
case_225,c,2025-02-24 20:13:11.614903
case_225,a,2025-02-24 20:18:11.614903
case_225,a,2025-02-24 20:23:11.614903
case_225,b,2025-02-24 20:28:11.614903
case_225,a,2025-02-24 20:33:11.614903
case_225,a,2025-02-24 20:38:11.614903
case_225,a,2025-02-24 20:43:11.614903
case_225,c,2025-02-24 20:48:11.614903
case_225,a,2025-02-24 20:53:11.614903
case_225,a,2025-02-24 20:58:11.614903
case_225,b,2025-02-24 21:03:11.614903
case_226,a,2025-02-24 19:28:11.614934
case_226,a,2025-02-24 19:33:11.614934
case_226,a,2025-02-24 19:38:11.614934
case_226,c,2025-02-24 19:43:11.614934
case_226,a,2025-02-24 19:48:11.614934
case_226,a,2025-02-24 19:53:11.614934
case_226,c,2025-02-24 19:58:11.614934
case_226,a,2025-02-24 20:03:11.614934
case_226,c,2025-02-24 20:08:11.614934
case_226,c,2025-02-24 20:13:11.614934
case_226,c,2025-02-24 20:18:11.614934
case_226,b,2025-02-24 20:23:11.614934
case_226,c,2025-02-24 20:28:11.614934
case_226,a,2025-02-24 20:33:11.614934
case_226,b,2025-02-24 20:38:11.614934
case_226,c,2025-02-24 20:43:11.614934
case_226,b,2025-02-24 20:48:11.614934
case_226,a,2025-02-24 20:53:11.614934
case_226,b,2025-02-24 20:58:11.614934
case_226,c,2025-02-24 21:03:11.614934
case_227,b,2025-02-24 19:28:11.614964
case_227,b,2025-02-24 19:33:11.614964
case_227,c,2025-02-24 19:38:11.614964
case_227,a,2025-02-24 19:43:11.614964
case_227,a,2025-02-24 19:48:11.614964
case_227,a,2025-02-24 19:53:11.614964
case_227,a,2025-02-24 19:58:11.614964
case_227,b,2025-02-24 20:03:11.614964
case_227,a,2025-02-24 20:08:11.614964
case_227,b,2025-02-24 20:13:11.614964
case_227,c,2025-02-24 20:18:11.614964
case_227,c,2025-02-24 20:23:11.614964
case_227,c,2025-02-24 20:28:11.614964
case_227,c,2025-02-24 20:33:11.614964
case_227,c,2025-02-24 20:38:11.614964
case_227,b,2025-02-24 20:43:11.614964
case_227,b,2025-02-24 20:48:11.614964
case_227,c,2025-02-24 20:53:11.614964
case_227,c,2025-02-24 20:58:11.614964
case_227,a,2025-02-24 21:03:11.614964
case_228,a,2025-02-24 19:28:11.614994
case_228,b,2025-02-24 19:33:11.614994
case_228,c,2025-02-24 19:38:11.614994
case_228,b,2025-02-24 19:43:11.614994
case_228,c,2025-02-24 19:48:11.614994
case_228,c,2025-02-24 19:53:11.614994
case_228,a,2025-02-24 19:58:11.614994
case_228,a,2025-02-24 20:03:11.614994
case_228,b,2025-02-24 20:08:11.614994
case_228,c,2025-02-24 20:13:11.614994
case_228,a,2025-02-24 20:18:11.614994
case_228,c,2025-02-24 20:23:11.614994
case_228,a,2025-02-24 20:28:11.614994
case_228,b,2025-02-24 20:33:11.614994
case_228,b,2025-02-24 20:38:11.614994
case_228,a,2025-02-24 20:43:11.614994
case_228,b,2025-02-24 20:48:11.614994
case_228,c,2025-02-24 20:53:11.614994
case_228,b,2025-02-24 20:58:11.614994
case_228,a,2025-02-24 21:03:11.614994
case_229,b,2025-02-24 19:28:11.615024
case_229,c,2025-02-24 19:33:11.615024
case_229,a,2025-02-24 19:38:11.615024
case_229,c,2025-02-24 19:43:11.615024
case_229,a,2025-02-24 19:48:11.615024
case_229,a,2025-02-24 19:53:11.615024
case_229,a,2025-02-24 19:58:11.615024
case_229,b,2025-02-24 20:03:11.615024
case_229,b,2025-02-24 20:08:11.615024
case_229,c,2025-02-24 20:13:11.615024
case_229,b,2025-02-24 20:18:11.615024
case_229,a,2025-02-24 20:23:11.615024
case_229,a,2025-02-24 20:28:11.615024
case_229,c,2025-02-24 20:33:11.615024
case_229,a,2025-02-24 20:38:11.615024
case_229,b,2025-02-24 20:43:11.615024
case_229,a,2025-02-24 20:48:11.615024
case_229,a,2025-02-24 20:53:11.615024
case_229,c,2025-02-24 20:58:11.615024
case_229,c,2025-02-24 21:03:11.615024
case_230,a,2025-02-24 19:28:11.615055
case_230,b,2025-02-24 19:33:11.615055
case_230,c,2025-02-24 19:38:11.615055
case_230,a,2025-02-24 19:43:11.615055
case_230,b,2025-02-24 19:48:11.615055
case_230,b,2025-02-24 19:53:11.615055
case_230,a,2025-02-24 19:58:11.615055
case_230,c,2025-02-24 20:03:11.615055
case_230,c,2025-02-24 20:08:11.615055
case_230,c,2025-02-24 20:13:11.615055
case_230,a,2025-02-24 20:18:11.615055
case_230,b,2025-02-24 20:23:11.615055
case_230,b,2025-02-24 20:28:11.615055
case_230,c,2025-02-24 20:33:11.615055
case_230,a,2025-02-24 20:38:11.615055
case_230,c,2025-02-24 20:43:11.615055
case_230,c,2025-02-24 20:48:11.615055
case_230,a,2025-02-24 20:53:11.615055
case_230,a,2025-02-24 20:58:11.615055
case_230,a,2025-02-24 21:03:11.615055
case_231,b,2025-02-24 19:28:11.615085
case_231,a,2025-02-24 19:33:11.615085
case_231,a,2025-02-24 19:38:11.615085
case_231,b,2025-02-24 19:43:11.615085
case_231,a,2025-02-24 19:48:11.615085
case_231,a,2025-02-24 19:53:11.615085
case_231,a,2025-02-24 19:58:11.615085
case_231,c,2025-02-24 20:03:11.615085
case_231,c,2025-02-24 20:08:11.615085
case_231,c,2025-02-24 20:13:11.615085
case_231,a,2025-02-24 20:18:11.615085
case_231,c,2025-02-24 20:23:11.615085
case_231,c,2025-02-24 20:28:11.615085
case_231,c,2025-02-24 20:33:11.615085
case_231,c,2025-02-24 20:38:11.615085
case_231,b,2025-02-24 20:43:11.615085
case_231,b,2025-02-24 20:48:11.615085
case_231,c,2025-02-24 20:53:11.615085
case_231,c,2025-02-24 20:58:11.615085
case_231,a,2025-02-24 21:03:11.615085
case_232,a,2025-02-24 19:28:11.615115
case_232,c,2025-02-24 19:33:11.615115
case_232,c,2025-02-24 19:38:11.615115
case_232,c,2025-02-24 19:43:11.615115
case_232,c,2025-02-24 19:48:11.615115
case_232,a,2025-02-24 19:53:11.615115
case_232,a,2025-02-24 19:58:11.615115
case_232,c,2025-02-24 20:03:11.615115
case_232,a,2025-02-24 20:08:11.615115
case_232,a,2025-02-24 20:13:11.615115
case_232,b,2025-02-24 20:18:11.615115
case_232,a,2025-02-24 20:23:11.615115
case_232,c,2025-02-24 20:28:11.615115
case_232,b,2025-02-24 20:33:11.615115
case_232,c,2025-02-24 20:38:11.615115
case_232,b,2025-02-24 20:43:11.615115
case_232,a,2025-02-24 20:48:11.615115
case_232,c,2025-02-24 20:53:11.615115
case_232,c,2025-02-24 20:58:11.615115
case_232,b,2025-02-24 21:03:11.615115
case_233,a,2025-02-24 19:28:11.615147
case_233,a,2025-02-24 19:33:11.615147
case_233,a,2025-02-24 19:38:11.615147
case_233,a,2025-02-24 19:43:11.615147
case_233,b,2025-02-24 19:48:11.615147
case_233,b,2025-02-24 19:53:11.615147
case_233,a,2025-02-24 19:58:11.615147
case_233,b,2025-02-24 20:03:11.615147
case_233,a,2025-02-24 20:08:11.615147
case_233,b,2025-02-24 20:13:11.615147
case_233,b,2025-02-24 20:18:11.615147
case_233,a,2025-02-24 20:23:11.615147
case_233,a,2025-02-24 20:28:11.615147
case_233,c,2025-02-24 20:33:11.615147
case_233,a,2025-02-24 20:38:11.615147
case_233,a,2025-02-24 20:43:11.615147
case_233,b,2025-02-24 20:48:11.615147
case_233,c,2025-02-24 20:53:11.615147
case_233,c,2025-02-24 20:58:11.615147
case_233,c,2025-02-24 21:03:11.615147
case_234,b,2025-02-24 19:28:11.615177
case_234,b,2025-02-24 19:33:11.615177
case_234,a,2025-02-24 19:38:11.615177
case_234,c,2025-02-24 19:43:11.615177
case_234,b,2025-02-24 19:48:11.615177
case_234,c,2025-02-24 19:53:11.615177
case_234,b,2025-02-24 19:58:11.615177
case_234,a,2025-02-24 20:03:11.615177
case_234,c,2025-02-24 20:08:11.615177
case_234,b,2025-02-24 20:13:11.615177
case_234,a,2025-02-24 20:18:11.615177
case_234,b,2025-02-24 20:23:11.615177
case_234,a,2025-02-24 20:28:11.615177
case_234,c,2025-02-24 20:33:11.615177
case_234,a,2025-02-24 20:38:11.615177
case_234,a,2025-02-24 20:43:11.615177
case_234,b,2025-02-24 20:48:11.615177
case_234,c,2025-02-24 20:53:11.615177
case_234,c,2025-02-24 20:58:11.615177
case_234,a,2025-02-24 21:03:11.615177
case_235,a,2025-02-24 19:28:11.615208
case_235,a,2025-02-24 19:33:11.615208
case_235,b,2025-02-24 19:38:11.615208
case_235,a,2025-02-24 19:43:11.615208
case_235,a,2025-02-24 19:48:11.615208
case_235,a,2025-02-24 19:53:11.615208
case_235,c,2025-02-24 19:58:11.615208
case_235,b,2025-02-24 20:03:11.615208
case_235,c,2025-02-24 20:08:11.615208
case_235,b,2025-02-24 20:13:11.615208
case_235,b,2025-02-24 20:18:11.615208
case_235,c,2025-02-24 20:23:11.615208
case_235,c,2025-02-24 20:28:11.615208
case_235,b,2025-02-24 20:33:11.615208
case_235,a,2025-02-24 20:38:11.615208
case_235,c,2025-02-24 20:43:11.615208
case_235,a,2025-02-24 20:48:11.615208
case_235,b,2025-02-24 20:53:11.615208
case_235,b,2025-02-24 20:58:11.615208
case_235,c,2025-02-24 21:03:11.615208
case_236,b,2025-02-24 19:28:11.615238
case_236,a,2025-02-24 19:33:11.615238
case_236,c,2025-02-24 19:38:11.615238
case_236,a,2025-02-24 19:43:11.615238
case_236,b,2025-02-24 19:48:11.615238
case_236,b,2025-02-24 19:53:11.615238
case_236,a,2025-02-24 19:58:11.615238
case_236,a,2025-02-24 20:03:11.615238
case_236,a,2025-02-24 20:08:11.615238
case_236,a,2025-02-24 20:13:11.615238
case_236,b,2025-02-24 20:18:11.615238
case_236,c,2025-02-24 20:23:11.615238
case_236,b,2025-02-24 20:28:11.615238
case_236,a,2025-02-24 20:33:11.615238
case_236,a,2025-02-24 20:38:11.615238
case_236,a,2025-02-24 20:43:11.615238
case_236,a,2025-02-24 20:48:11.615238
case_236,b,2025-02-24 20:53:11.615238
case_236,b,2025-02-24 20:58:11.615238
case_236,a,2025-02-24 21:03:11.615238
case_237,a,2025-02-24 19:28:11.615268
case_237,c,2025-02-24 19:33:11.615268
case_237,c,2025-02-24 19:38:11.615268
case_237,c,2025-02-24 19:43:11.615268
case_237,c,2025-02-24 19:48:11.615268
case_237,a,2025-02-24 19:53:11.615268
case_237,b,2025-02-24 19:58:11.615268
case_237,a,2025-02-24 20:03:11.615268
case_237,a,2025-02-24 20:08:11.615268
case_237,b,2025-02-24 20:13:11.615268
case_237,c,2025-02-24 20:18:11.615268
case_237,a,2025-02-24 20:23:11.615268
case_237,c,2025-02-24 20:28:11.615268
case_237,b,2025-02-24 20:33:11.615268
case_237,a,2025-02-24 20:38:11.615268
case_237,a,2025-02-24 20:43:11.615268
case_237,c,2025-02-24 20:48:11.615268
case_237,c,2025-02-24 20:53:11.615268
case_237,b,2025-02-24 20:58:11.615268
case_237,c,2025-02-24 21:03:11.615268
case_238,a,2025-02-24 19:28:11.615298
case_238,a,2025-02-24 19:33:11.615298
case_238,c,2025-02-24 19:38:11.615298
case_238,b,2025-02-24 19:43:11.615298
case_238,c,2025-02-24 19:48:11.615298
case_238,b,2025-02-24 19:53:11.615298
case_238,b,2025-02-24 19:58:11.615298
case_238,b,2025-02-24 20:03:11.615298
case_238,a,2025-02-24 20:08:11.615298
case_238,b,2025-02-24 20:13:11.615298
case_238,b,2025-02-24 20:18:11.615298
case_238,c,2025-02-24 20:23:11.615298
case_238,a,2025-02-24 20:28:11.615298
case_238,a,2025-02-24 20:33:11.615298
case_238,c,2025-02-24 20:38:11.615298
case_238,c,2025-02-24 20:43:11.615298
case_238,c,2025-02-24 20:48:11.615298
case_238,a,2025-02-24 20:53:11.615298
case_238,c,2025-02-24 20:58:11.615298
case_238,b,2025-02-24 21:03:11.615298
case_239,b,2025-02-24 19:28:11.615332
case_239,a,2025-02-24 19:33:11.615332
case_239,c,2025-02-24 19:38:11.615332
case_239,b,2025-02-24 19:43:11.615332
case_239,b,2025-02-24 19:48:11.615332
case_239,c,2025-02-24 19:53:11.615332
case_239,a,2025-02-24 19:58:11.615332
case_239,c,2025-02-24 20:03:11.615332
case_239,c,2025-02-24 20:08:11.615332
case_239,b,2025-02-24 20:13:11.615332
case_239,b,2025-02-24 20:18:11.615332
case_239,a,2025-02-24 20:23:11.615332
case_239,b,2025-02-24 20:28:11.615332
case_239,c,2025-02-24 20:33:11.615332
case_239,c,2025-02-24 20:38:11.615332
case_239,a,2025-02-24 20:43:11.615332
case_239,b,2025-02-24 20:48:11.615332
case_239,a,2025-02-24 20:53:11.615332
case_239,b,2025-02-24 20:58:11.615332
case_239,a,2025-02-24 21:03:11.615332
case_240,b,2025-02-24 19:28:11.615362
case_240,a,2025-02-24 19:33:11.615362
case_240,b,2025-02-24 19:38:11.615362
case_240,a,2025-02-24 19:43:11.615362
case_240,c,2025-02-24 19:48:11.615362
case_240,b,2025-02-24 19:53:11.615362
case_240,a,2025-02-24 19:58:11.615362
case_240,c,2025-02-24 20:03:11.615362
case_240,c,2025-02-24 20:08:11.615362
case_240,b,2025-02-24 20:13:11.615362
case_240,c,2025-02-24 20:18:11.615362
case_240,c,2025-02-24 20:23:11.615362
case_240,a,2025-02-24 20:28:11.615362
case_240,c,2025-02-24 20:33:11.615362
case_240,b,2025-02-24 20:38:11.615362
case_240,b,2025-02-24 20:43:11.615362
case_240,b,2025-02-24 20:48:11.615362
case_240,b,2025-02-24 20:53:11.615362
case_240,c,2025-02-24 20:58:11.615362
case_240,c,2025-02-24 21:03:11.615362
case_241,b,2025-02-24 19:28:11.615392
case_241,a,2025-02-24 19:33:11.615392
case_241,b,2025-02-24 19:38:11.615392
case_241,c,2025-02-24 19:43:11.615392
case_241,c,2025-02-24 19:48:11.615392
case_241,b,2025-02-24 19:53:11.615392
case_241,b,2025-02-24 19:58:11.615392
case_241,a,2025-02-24 20:03:11.615392
case_241,b,2025-02-24 20:08:11.615392
case_241,b,2025-02-24 20:13:11.615392
case_241,a,2025-02-24 20:18:11.615392
case_241,a,2025-02-24 20:23:11.615392
case_241,b,2025-02-24 20:28:11.615392
case_241,c,2025-02-24 20:33:11.615392
case_241,c,2025-02-24 20:38:11.615392
case_241,c,2025-02-24 20:43:11.615392
case_241,b,2025-02-24 20:48:11.615392
case_241,a,2025-02-24 20:53:11.615392
case_241,b,2025-02-24 20:58:11.615392
case_241,b,2025-02-24 21:03:11.615392
case_242,b,2025-02-24 19:28:11.615422
case_242,c,2025-02-24 19:33:11.615422
case_242,c,2025-02-24 19:38:11.615422
case_242,a,2025-02-24 19:43:11.615422
case_242,c,2025-02-24 19:48:11.615422
case_242,c,2025-02-24 19:53:11.615422
case_242,b,2025-02-24 19:58:11.615422
case_242,c,2025-02-24 20:03:11.615422
case_242,a,2025-02-24 20:08:11.615422
case_242,a,2025-02-24 20:13:11.615422
case_242,a,2025-02-24 20:18:11.615422
case_242,b,2025-02-24 20:23:11.615422
case_242,b,2025-02-24 20:28:11.615422
case_242,b,2025-02-24 20:33:11.615422
case_242,b,2025-02-24 20:38:11.615422
case_242,a,2025-02-24 20:43:11.615422
case_242,b,2025-02-24 20:48:11.615422
case_242,a,2025-02-24 20:53:11.615422
case_242,c,2025-02-24 20:58:11.615422
case_242,a,2025-02-24 21:03:11.615422
case_243,b,2025-02-24 19:28:11.615452
case_243,b,2025-02-24 19:33:11.615452
case_243,a,2025-02-24 19:38:11.615452
case_243,c,2025-02-24 19:43:11.615452
case_243,a,2025-02-24 19:48:11.615452
case_243,a,2025-02-24 19:53:11.615452
case_243,a,2025-02-24 19:58:11.615452
case_243,a,2025-02-24 20:03:11.615452
case_243,c,2025-02-24 20:08:11.615452
case_243,b,2025-02-24 20:13:11.615452
case_243,a,2025-02-24 20:18:11.615452
case_243,c,2025-02-24 20:23:11.615452
case_243,a,2025-02-24 20:28:11.615452
case_243,a,2025-02-24 20:33:11.615452
case_243,b,2025-02-24 20:38:11.615452
case_243,b,2025-02-24 20:43:11.615452
case_243,a,2025-02-24 20:48:11.615452
case_243,c,2025-02-24 20:53:11.615452
case_243,b,2025-02-24 20:58:11.615452
case_243,c,2025-02-24 21:03:11.615452
case_244,b,2025-02-24 19:28:11.615482
case_244,a,2025-02-24 19:33:11.615482
case_244,a,2025-02-24 19:38:11.615482
case_244,a,2025-02-24 19:43:11.615482
case_244,c,2025-02-24 19:48:11.615482
case_244,c,2025-02-24 19:53:11.615482
case_244,c,2025-02-24 19:58:11.615482
case_244,c,2025-02-24 20:03:11.615482
case_244,a,2025-02-24 20:08:11.615482
case_244,a,2025-02-24 20:13:11.615482
case_244,a,2025-02-24 20:18:11.615482
case_244,a,2025-02-24 20:23:11.615482
case_244,b,2025-02-24 20:28:11.615482
case_244,c,2025-02-24 20:33:11.615482
case_244,b,2025-02-24 20:38:11.615482
case_244,c,2025-02-24 20:43:11.615482
case_244,b,2025-02-24 20:48:11.615482
case_244,c,2025-02-24 20:53:11.615482
case_244,b,2025-02-24 20:58:11.615482
case_244,c,2025-02-24 21:03:11.615482
case_245,a,2025-02-24 19:28:11.615512
case_245,b,2025-02-24 19:33:11.615512
case_245,a,2025-02-24 19:38:11.615512
case_245,a,2025-02-24 19:43:11.615512
case_245,c,2025-02-24 19:48:11.615512
case_245,c,2025-02-24 19:53:11.615512
case_245,a,2025-02-24 19:58:11.615512
case_245,b,2025-02-24 20:03:11.615512
case_245,b,2025-02-24 20:08:11.615512
case_245,a,2025-02-24 20:13:11.615512
case_245,c,2025-02-24 20:18:11.615512
case_245,a,2025-02-24 20:23:11.615512
case_245,c,2025-02-24 20:28:11.615512
case_245,c,2025-02-24 20:33:11.615512
case_245,b,2025-02-24 20:38:11.615512
case_245,c,2025-02-24 20:43:11.615512
case_245,b,2025-02-24 20:48:11.615512
case_245,c,2025-02-24 20:53:11.615512
case_245,a,2025-02-24 20:58:11.615512
case_245,a,2025-02-24 21:03:11.615512
case_246,b,2025-02-24 19:28:11.615542
case_246,b,2025-02-24 19:33:11.615542
case_246,a,2025-02-24 19:38:11.615542
case_246,c,2025-02-24 19:43:11.615542
case_246,c,2025-02-24 19:48:11.615542
case_246,c,2025-02-24 19:53:11.615542
case_246,c,2025-02-24 19:58:11.615542
case_246,a,2025-02-24 20:03:11.615542
case_246,a,2025-02-24 20:08:11.615542
case_246,b,2025-02-24 20:13:11.615542
case_246,b,2025-02-24 20:18:11.615542
case_246,a,2025-02-24 20:23:11.615542
case_246,c,2025-02-24 20:28:11.615542
case_246,a,2025-02-24 20:33:11.615542
case_246,c,2025-02-24 20:38:11.615542
case_246,b,2025-02-24 20:43:11.615542
case_246,a,2025-02-24 20:48:11.615542
case_246,a,2025-02-24 20:53:11.615542
case_246,c,2025-02-24 20:58:11.615542
case_246,c,2025-02-24 21:03:11.615542
case_247,b,2025-02-24 19:28:11.615572
case_247,a,2025-02-24 19:33:11.615572
case_247,c,2025-02-24 19:38:11.615572
case_247,a,2025-02-24 19:43:11.615572
case_247,b,2025-02-24 19:48:11.615572
case_247,b,2025-02-24 19:53:11.615572
case_247,b,2025-02-24 19:58:11.615572
case_247,b,2025-02-24 20:03:11.615572
case_247,b,2025-02-24 20:08:11.615572
case_247,b,2025-02-24 20:13:11.615572
case_247,a,2025-02-24 20:18:11.615572
case_247,a,2025-02-24 20:23:11.615572
case_247,b,2025-02-24 20:28:11.615572
case_247,c,2025-02-24 20:33:11.615572
case_247,c,2025-02-24 20:38:11.615572
case_247,a,2025-02-24 20:43:11.615572
case_247,b,2025-02-24 20:48:11.615572
case_247,b,2025-02-24 20:53:11.615572
case_247,c,2025-02-24 20:58:11.615572
case_247,b,2025-02-24 21:03:11.615572
case_248,a,2025-02-24 19:28:11.615602
case_248,b,2025-02-24 19:33:11.615602
case_248,c,2025-02-24 19:38:11.615602
case_248,c,2025-02-24 19:43:11.615602
case_248,a,2025-02-24 19:48:11.615602
case_248,a,2025-02-24 19:53:11.615602
case_248,b,2025-02-24 19:58:11.615602
case_248,a,2025-02-24 20:03:11.615602
case_248,a,2025-02-24 20:08:11.615602
case_248,b,2025-02-24 20:13:11.615602
case_248,b,2025-02-24 20:18:11.615602
case_248,a,2025-02-24 20:23:11.615602
case_248,c,2025-02-24 20:28:11.615602
case_248,b,2025-02-24 20:33:11.615602
case_248,b,2025-02-24 20:38:11.615602
case_248,b,2025-02-24 20:43:11.615602
case_248,b,2025-02-24 20:48:11.615602
case_248,c,2025-02-24 20:53:11.615602
case_248,a,2025-02-24 20:58:11.615602
case_248,a,2025-02-24 21:03:11.615602
case_249,b,2025-02-24 19:28:11.615632
case_249,a,2025-02-24 19:33:11.615632
case_249,b,2025-02-24 19:38:11.615632
case_249,a,2025-02-24 19:43:11.615632
case_249,c,2025-02-24 19:48:11.615632
case_249,a,2025-02-24 19:53:11.615632
case_249,b,2025-02-24 19:58:11.615632
case_249,b,2025-02-24 20:03:11.615632
case_249,c,2025-02-24 20:08:11.615632
case_249,a,2025-02-24 20:13:11.615632
case_249,a,2025-02-24 20:18:11.615632
case_249,c,2025-02-24 20:23:11.615632
case_249,c,2025-02-24 20:28:11.615632
case_249,b,2025-02-24 20:33:11.615632
case_249,c,2025-02-24 20:38:11.615632
case_249,b,2025-02-24 20:43:11.615632
case_249,a,2025-02-24 20:48:11.615632
case_249,b,2025-02-24 20:53:11.615632
case_249,a,2025-02-24 20:58:11.615632
case_249,b,2025-02-24 21:03:11.615632
case_250,a,2025-02-24 19:28:11.615662
case_250,a,2025-02-24 19:33:11.615662
case_250,b,2025-02-24 19:38:11.615662
case_250,b,2025-02-24 19:43:11.615662
case_250,a,2025-02-24 19:48:11.615662
case_250,c,2025-02-24 19:53:11.615662
case_250,a,2025-02-24 19:58:11.615662
case_250,c,2025-02-24 20:03:11.615662
case_250,c,2025-02-24 20:08:11.615662
case_250,c,2025-02-24 20:13:11.615662
case_250,a,2025-02-24 20:18:11.615662
case_250,a,2025-02-24 20:23:11.615662
case_250,a,2025-02-24 20:28:11.615662
case_250,b,2025-02-24 20:33:11.615662
case_250,c,2025-02-24 20:38:11.615662
case_250,a,2025-02-24 20:43:11.615662
case_250,b,2025-02-24 20:48:11.615662
case_250,a,2025-02-24 20:53:11.615662
case_250,c,2025-02-24 20:58:11.615662
case_250,a,2025-02-24 21:03:11.615662
case_251,b,2025-02-24 19:28:11.615692
case_251,a,2025-02-24 19:33:11.615692
case_251,b,2025-02-24 19:38:11.615692
case_251,b,2025-02-24 19:43:11.615692
case_251,b,2025-02-24 19:48:11.615692
case_251,b,2025-02-24 19:53:11.615692
case_251,a,2025-02-24 19:58:11.615692
case_251,a,2025-02-24 20:03:11.615692
case_251,a,2025-02-24 20:08:11.615692
case_251,a,2025-02-24 20:13:11.615692
case_251,b,2025-02-24 20:18:11.615692
case_251,a,2025-02-24 20:23:11.615692
case_251,b,2025-02-24 20:28:11.615692
case_251,c,2025-02-24 20:33:11.615692
case_251,a,2025-02-24 20:38:11.615692
case_251,a,2025-02-24 20:43:11.615692
case_251,c,2025-02-24 20:48:11.615692
case_251,b,2025-02-24 20:53:11.615692
case_251,a,2025-02-24 20:58:11.615692
case_251,b,2025-02-24 21:03:11.615692
case_252,a,2025-02-24 19:28:11.615722
case_252,b,2025-02-24 19:33:11.615722
case_252,b,2025-02-24 19:38:11.615722
case_252,b,2025-02-24 19:43:11.615722
case_252,a,2025-02-24 19:48:11.615722
case_252,b,2025-02-24 19:53:11.615722
case_252,c,2025-02-24 19:58:11.615722
case_252,c,2025-02-24 20:03:11.615722
case_252,c,2025-02-24 20:08:11.615722
case_252,c,2025-02-24 20:13:11.615722
case_252,a,2025-02-24 20:18:11.615722
case_252,c,2025-02-24 20:23:11.615722
case_252,c,2025-02-24 20:28:11.615722
case_252,a,2025-02-24 20:33:11.615722
case_252,b,2025-02-24 20:38:11.615722
case_252,b,2025-02-24 20:43:11.615722
case_252,a,2025-02-24 20:48:11.615722
case_252,b,2025-02-24 20:53:11.615722
case_252,a,2025-02-24 20:58:11.615722
case_252,a,2025-02-24 21:03:11.615722
case_253,b,2025-02-24 19:28:11.615752
case_253,b,2025-02-24 19:33:11.615752
case_253,c,2025-02-24 19:38:11.615752
case_253,c,2025-02-24 19:43:11.615752
case_253,a,2025-02-24 19:48:11.615752
case_253,c,2025-02-24 19:53:11.615752
case_253,c,2025-02-24 19:58:11.615752
case_253,a,2025-02-24 20:03:11.615752
case_253,b,2025-02-24 20:08:11.615752
case_253,c,2025-02-24 20:13:11.615752
case_253,a,2025-02-24 20:18:11.615752
case_253,c,2025-02-24 20:23:11.615752
case_253,a,2025-02-24 20:28:11.615752
case_253,b,2025-02-24 20:33:11.615752
case_253,b,2025-02-24 20:38:11.615752
case_253,b,2025-02-24 20:43:11.615752
case_253,a,2025-02-24 20:48:11.615752
case_253,a,2025-02-24 20:53:11.615752
case_253,b,2025-02-24 20:58:11.615752
case_253,a,2025-02-24 21:03:11.615752
case_254,b,2025-02-24 19:28:11.615782
case_254,c,2025-02-24 19:33:11.615782
case_254,a,2025-02-24 19:38:11.615782
case_254,c,2025-02-24 19:43:11.615782
case_254,a,2025-02-24 19:48:11.615782
case_254,a,2025-02-24 19:53:11.615782
case_254,b,2025-02-24 19:58:11.615782
case_254,a,2025-02-24 20:03:11.615782
case_254,c,2025-02-24 20:08:11.615782
case_254,b,2025-02-24 20:13:11.615782
case_254,a,2025-02-24 20:18:11.615782
case_254,b,2025-02-24 20:23:11.615782
case_254,b,2025-02-24 20:28:11.615782
case_254,b,2025-02-24 20:33:11.615782
case_254,a,2025-02-24 20:38:11.615782
case_254,a,2025-02-24 20:43:11.615782
case_254,a,2025-02-24 20:48:11.615782
case_254,a,2025-02-24 20:53:11.615782
case_254,a,2025-02-24 20:58:11.615782
case_254,a,2025-02-24 21:03:11.615782
case_255,a,2025-02-24 19:28:11.615812
case_255,c,2025-02-24 19:33:11.615812
case_255,c,2025-02-24 19:38:11.615812
case_255,c,2025-02-24 19:43:11.615812
case_255,a,2025-02-24 19:48:11.615812
case_255,b,2025-02-24 19:53:11.615812
case_255,a,2025-02-24 19:58:11.615812
case_255,a,2025-02-24 20:03:11.615812
case_255,b,2025-02-24 20:08:11.615812
case_255,a,2025-02-24 20:13:11.615812
case_255,a,2025-02-24 20:18:11.615812
case_255,c,2025-02-24 20:23:11.615812
case_255,c,2025-02-24 20:28:11.615812
case_255,b,2025-02-24 20:33:11.615812
case_255,c,2025-02-24 20:38:11.615812
case_255,c,2025-02-24 20:43:11.615812
case_255,a,2025-02-24 20:48:11.615812
case_255,c,2025-02-24 20:53:11.615812
case_255,a,2025-02-24 20:58:11.615812
case_255,c,2025-02-24 21:03:11.615812
case_256,b,2025-02-24 19:28:11.615842
case_256,a,2025-02-24 19:33:11.615842
case_256,c,2025-02-24 19:38:11.615842
case_256,c,2025-02-24 19:43:11.615842
case_256,c,2025-02-24 19:48:11.615842
case_256,c,2025-02-24 19:53:11.615842
case_256,c,2025-02-24 19:58:11.615842
case_256,b,2025-02-24 20:03:11.615842
case_256,a,2025-02-24 20:08:11.615842
case_256,b,2025-02-24 20:13:11.615842
case_256,c,2025-02-24 20:18:11.615842
case_256,c,2025-02-24 20:23:11.615842
case_256,c,2025-02-24 20:28:11.615842
case_256,b,2025-02-24 20:33:11.615842
case_256,b,2025-02-24 20:38:11.615842
case_256,a,2025-02-24 20:43:11.615842
case_256,a,2025-02-24 20:48:11.615842
case_256,c,2025-02-24 20:53:11.615842
case_256,c,2025-02-24 20:58:11.615842
case_256,c,2025-02-24 21:03:11.615842
case_257,b,2025-02-24 19:28:11.615873
case_257,c,2025-02-24 19:33:11.615873
case_257,a,2025-02-24 19:38:11.615873
case_257,c,2025-02-24 19:43:11.615873
case_257,b,2025-02-24 19:48:11.615873
case_257,b,2025-02-24 19:53:11.615873
case_257,b,2025-02-24 19:58:11.615873
case_257,c,2025-02-24 20:03:11.615873
case_257,a,2025-02-24 20:08:11.615873
case_257,b,2025-02-24 20:13:11.615873
case_257,c,2025-02-24 20:18:11.615873
case_257,b,2025-02-24 20:23:11.615873
case_257,c,2025-02-24 20:28:11.615873
case_257,b,2025-02-24 20:33:11.615873
case_257,b,2025-02-24 20:38:11.615873
case_257,b,2025-02-24 20:43:11.615873
case_257,a,2025-02-24 20:48:11.615873
case_257,b,2025-02-24 20:53:11.615873
case_257,c,2025-02-24 20:58:11.615873
case_257,b,2025-02-24 21:03:11.615873
case_258,b,2025-02-24 19:28:11.615903
case_258,b,2025-02-24 19:33:11.615903
case_258,a,2025-02-24 19:38:11.615903
case_258,a,2025-02-24 19:43:11.615903
case_258,c,2025-02-24 19:48:11.615903
case_258,c,2025-02-24 19:53:11.615903
case_258,a,2025-02-24 19:58:11.615903
case_258,b,2025-02-24 20:03:11.615903
case_258,c,2025-02-24 20:08:11.615903
case_258,c,2025-02-24 20:13:11.615903
case_258,c,2025-02-24 20:18:11.615903
case_258,b,2025-02-24 20:23:11.615903
case_258,c,2025-02-24 20:28:11.615903
case_258,a,2025-02-24 20:33:11.615903
case_258,a,2025-02-24 20:38:11.615903
case_258,a,2025-02-24 20:43:11.615903
case_258,c,2025-02-24 20:48:11.615903
case_258,b,2025-02-24 20:53:11.615903
case_258,c,2025-02-24 20:58:11.615903
case_258,b,2025-02-24 21:03:11.615903
case_259,a,2025-02-24 19:28:11.615933
case_259,c,2025-02-24 19:33:11.615933
case_259,c,2025-02-24 19:38:11.615933
case_259,b,2025-02-24 19:43:11.615933
case_259,b,2025-02-24 19:48:11.615933
case_259,a,2025-02-24 19:53:11.615933
case_259,a,2025-02-24 19:58:11.615933
case_259,b,2025-02-24 20:03:11.615933
case_259,a,2025-02-24 20:08:11.615933
case_259,a,2025-02-24 20:13:11.615933
case_259,b,2025-02-24 20:18:11.615933
case_259,b,2025-02-24 20:23:11.615933
case_259,c,2025-02-24 20:28:11.615933
case_259,b,2025-02-24 20:33:11.615933
case_259,a,2025-02-24 20:38:11.615933
case_259,c,2025-02-24 20:43:11.615933
case_259,a,2025-02-24 20:48:11.615933
case_259,a,2025-02-24 20:53:11.615933
case_259,b,2025-02-24 20:58:11.615933
case_259,b,2025-02-24 21:03:11.615933
case_260,a,2025-02-24 19:28:11.615963
case_260,a,2025-02-24 19:33:11.615963
case_260,a,2025-02-24 19:38:11.615963
case_260,b,2025-02-24 19:43:11.615963
case_260,a,2025-02-24 19:48:11.615963
case_260,a,2025-02-24 19:53:11.615963
case_260,c,2025-02-24 19:58:11.615963
case_260,a,2025-02-24 20:03:11.615963
case_260,c,2025-02-24 20:08:11.615963
case_260,a,2025-02-24 20:13:11.615963
case_260,a,2025-02-24 20:18:11.615963
case_260,b,2025-02-24 20:23:11.615963
case_260,b,2025-02-24 20:28:11.615963
case_260,b,2025-02-24 20:33:11.615963
case_260,a,2025-02-24 20:38:11.615963
case_260,b,2025-02-24 20:43:11.615963
case_260,a,2025-02-24 20:48:11.615963
case_260,a,2025-02-24 20:53:11.615963
case_260,b,2025-02-24 20:58:11.615963
case_260,c,2025-02-24 21:03:11.615963
case_261,b,2025-02-24 19:28:11.615993
case_261,b,2025-02-24 19:33:11.615993
case_261,a,2025-02-24 19:38:11.615993
case_261,b,2025-02-24 19:43:11.615993
case_261,b,2025-02-24 19:48:11.615993
case_261,b,2025-02-24 19:53:11.615993
case_261,c,2025-02-24 19:58:11.615993
case_261,c,2025-02-24 20:03:11.615993
case_261,a,2025-02-24 20:08:11.615993
case_261,b,2025-02-24 20:13:11.615993
case_261,a,2025-02-24 20:18:11.615993
case_261,c,2025-02-24 20:23:11.615993
case_261,a,2025-02-24 20:28:11.615993
case_261,b,2025-02-24 20:33:11.615993
case_261,b,2025-02-24 20:38:11.615993
case_261,a,2025-02-24 20:43:11.615993
case_261,c,2025-02-24 20:48:11.615993
case_261,c,2025-02-24 20:53:11.615993
case_261,c,2025-02-24 20:58:11.615993
case_261,b,2025-02-24 21:03:11.615993
case_262,a,2025-02-24 19:28:11.616023
case_262,a,2025-02-24 19:33:11.616023
case_262,a,2025-02-24 19:38:11.616023
case_262,a,2025-02-24 19:43:11.616023
case_262,a,2025-02-24 19:48:11.616023
case_262,c,2025-02-24 19:53:11.616023
case_262,c,2025-02-24 19:58:11.616023
case_262,c,2025-02-24 20:03:11.616023
case_262,a,2025-02-24 20:08:11.616023
case_262,b,2025-02-24 20:13:11.616023
case_262,b,2025-02-24 20:18:11.616023
case_262,a,2025-02-24 20:23:11.616023
case_262,a,2025-02-24 20:28:11.616023
case_262,a,2025-02-24 20:33:11.616023
case_262,c,2025-02-24 20:38:11.616023
case_262,b,2025-02-24 20:43:11.616023
case_262,b,2025-02-24 20:48:11.616023
case_262,c,2025-02-24 20:53:11.616023
case_262,b,2025-02-24 20:58:11.616023
case_262,b,2025-02-24 21:03:11.616023
case_263,b,2025-02-24 19:28:11.616054
case_263,c,2025-02-24 19:33:11.616054
case_263,b,2025-02-24 19:38:11.616054
case_263,a,2025-02-24 19:43:11.616054
case_263,b,2025-02-24 19:48:11.616054
case_263,c,2025-02-24 19:53:11.616054
case_263,b,2025-02-24 19:58:11.616054
case_263,b,2025-02-24 20:03:11.616054
case_263,c,2025-02-24 20:08:11.616054
case_263,c,2025-02-24 20:13:11.616054
case_263,b,2025-02-24 20:18:11.616054
case_263,a,2025-02-24 20:23:11.616054
case_263,b,2025-02-24 20:28:11.616054
case_263,c,2025-02-24 20:33:11.616054
case_263,c,2025-02-24 20:38:11.616054
case_263,c,2025-02-24 20:43:11.616054
case_263,a,2025-02-24 20:48:11.616054
case_263,a,2025-02-24 20:53:11.616054
case_263,c,2025-02-24 20:58:11.616054
case_263,a,2025-02-24 21:03:11.616054
case_264,b,2025-02-24 19:28:11.616084
case_264,a,2025-02-24 19:33:11.616084
case_264,a,2025-02-24 19:38:11.616084
case_264,c,2025-02-24 19:43:11.616084
case_264,a,2025-02-24 19:48:11.616084
case_264,a,2025-02-24 19:53:11.616084
case_264,b,2025-02-24 19:58:11.616084
case_264,c,2025-02-24 20:03:11.616084
case_264,c,2025-02-24 20:08:11.616084
case_264,a,2025-02-24 20:13:11.616084
case_264,a,2025-02-24 20:18:11.616084
case_264,a,2025-02-24 20:23:11.616084
case_264,a,2025-02-24 20:28:11.616084
case_264,b,2025-02-24 20:33:11.616084
case_264,b,2025-02-24 20:38:11.616084
case_264,c,2025-02-24 20:43:11.616084
case_264,a,2025-02-24 20:48:11.616084
case_264,a,2025-02-24 20:53:11.616084
case_264,a,2025-02-24 20:58:11.616084
case_264,c,2025-02-24 21:03:11.616084
case_265,a,2025-02-24 19:28:11.616114
case_265,c,2025-02-24 19:33:11.616114
case_265,a,2025-02-24 19:38:11.616114
case_265,a,2025-02-24 19:43:11.616114
case_265,c,2025-02-24 19:48:11.616114
case_265,a,2025-02-24 19:53:11.616114
case_265,b,2025-02-24 19:58:11.616114
case_265,c,2025-02-24 20:03:11.616114
case_265,a,2025-02-24 20:08:11.616114
case_265,a,2025-02-24 20:13:11.616114
case_265,c,2025-02-24 20:18:11.616114
case_265,a,2025-02-24 20:23:11.616114
case_265,b,2025-02-24 20:28:11.616114
case_265,a,2025-02-24 20:33:11.616114
case_265,c,2025-02-24 20:38:11.616114
case_265,a,2025-02-24 20:43:11.616114
case_265,c,2025-02-24 20:48:11.616114
case_265,b,2025-02-24 20:53:11.616114
case_265,c,2025-02-24 20:58:11.616114
case_265,a,2025-02-24 21:03:11.616114
case_266,b,2025-02-24 19:28:11.616144
case_266,a,2025-02-24 19:33:11.616144
case_266,b,2025-02-24 19:38:11.616144
case_266,a,2025-02-24 19:43:11.616144
case_266,b,2025-02-24 19:48:11.616144
case_266,c,2025-02-24 19:53:11.616144
case_266,c,2025-02-24 19:58:11.616144
case_266,a,2025-02-24 20:03:11.616144
case_266,b,2025-02-24 20:08:11.616144
case_266,a,2025-02-24 20:13:11.616144
case_266,b,2025-02-24 20:18:11.616144
case_266,c,2025-02-24 20:23:11.616144
case_266,a,2025-02-24 20:28:11.616144
case_266,b,2025-02-24 20:33:11.616144
case_266,c,2025-02-24 20:38:11.616144
case_266,c,2025-02-24 20:43:11.616144
case_266,b,2025-02-24 20:48:11.616144
case_266,c,2025-02-24 20:53:11.616144
case_266,c,2025-02-24 20:58:11.616144
case_266,c,2025-02-24 21:03:11.616144
case_267,a,2025-02-24 19:28:11.616174
case_267,a,2025-02-24 19:33:11.616174
case_267,c,2025-02-24 19:38:11.616174
case_267,c,2025-02-24 19:43:11.616174
case_267,a,2025-02-24 19:48:11.616174
case_267,c,2025-02-24 19:53:11.616174
case_267,b,2025-02-24 19:58:11.616174
case_267,a,2025-02-24 20:03:11.616174
case_267,c,2025-02-24 20:08:11.616174
case_267,a,2025-02-24 20:13:11.616174
case_267,a,2025-02-24 20:18:11.616174
case_267,c,2025-02-24 20:23:11.616174
case_267,a,2025-02-24 20:28:11.616174
case_267,a,2025-02-24 20:33:11.616174
case_267,a,2025-02-24 20:38:11.616174
case_267,b,2025-02-24 20:43:11.616174
case_267,a,2025-02-24 20:48:11.616174
case_267,b,2025-02-24 20:53:11.616174
case_267,c,2025-02-24 20:58:11.616174
case_267,a,2025-02-24 21:03:11.616174
case_268,b,2025-02-24 19:28:11.616204
case_268,a,2025-02-24 19:33:11.616204
case_268,a,2025-02-24 19:38:11.616204
case_268,b,2025-02-24 19:43:11.616204
case_268,b,2025-02-24 19:48:11.616204
case_268,c,2025-02-24 19:53:11.616204
case_268,a,2025-02-24 19:58:11.616204
case_268,a,2025-02-24 20:03:11.616204
case_268,c,2025-02-24 20:08:11.616204
case_268,b,2025-02-24 20:13:11.616204
case_268,c,2025-02-24 20:18:11.616204
case_268,c,2025-02-24 20:23:11.616204
case_268,b,2025-02-24 20:28:11.616204
case_268,c,2025-02-24 20:33:11.616204
case_268,c,2025-02-24 20:38:11.616204
case_268,b,2025-02-24 20:43:11.616204
case_268,a,2025-02-24 20:48:11.616204
case_268,c,2025-02-24 20:53:11.616204
case_268,b,2025-02-24 20:58:11.616204
case_268,c,2025-02-24 21:03:11.616204
case_269,b,2025-02-24 19:28:11.616234
case_269,c,2025-02-24 19:33:11.616234
case_269,a,2025-02-24 19:38:11.616234
case_269,c,2025-02-24 19:43:11.616234
case_269,b,2025-02-24 19:48:11.616234
case_269,c,2025-02-24 19:53:11.616234
case_269,c,2025-02-24 19:58:11.616234
case_269,a,2025-02-24 20:03:11.616234
case_269,c,2025-02-24 20:08:11.616234
case_269,c,2025-02-24 20:13:11.616234
case_269,b,2025-02-24 20:18:11.616234
case_269,a,2025-02-24 20:23:11.616234
case_269,c,2025-02-24 20:28:11.616234
case_269,b,2025-02-24 20:33:11.616234
case_269,c,2025-02-24 20:38:11.616234
case_269,b,2025-02-24 20:43:11.616234
case_269,a,2025-02-24 20:48:11.616234
case_269,b,2025-02-24 20:53:11.616234
case_269,a,2025-02-24 20:58:11.616234
case_269,c,2025-02-24 21:03:11.616234
case_270,a,2025-02-24 19:28:11.616265
case_270,c,2025-02-24 19:33:11.616265
case_270,b,2025-02-24 19:38:11.616265
case_270,c,2025-02-24 19:43:11.616265
case_270,a,2025-02-24 19:48:11.616265
case_270,b,2025-02-24 19:53:11.616265
case_270,a,2025-02-24 19:58:11.616265
case_270,a,2025-02-24 20:03:11.616265
case_270,c,2025-02-24 20:08:11.616265
case_270,a,2025-02-24 20:13:11.616265
case_270,c,2025-02-24 20:18:11.616265
case_270,a,2025-02-24 20:23:11.616265
case_270,a,2025-02-24 20:28:11.616265
case_270,b,2025-02-24 20:33:11.616265
case_270,a,2025-02-24 20:38:11.616265
case_270,c,2025-02-24 20:43:11.616265
case_270,b,2025-02-24 20:48:11.616265
case_270,c,2025-02-24 20:53:11.616265
case_270,b,2025-02-24 20:58:11.616265
case_270,b,2025-02-24 21:03:11.616265
case_271,b,2025-02-24 19:28:11.616295
case_271,c,2025-02-24 19:33:11.616295
case_271,c,2025-02-24 19:38:11.616295
case_271,a,2025-02-24 19:43:11.616295
case_271,a,2025-02-24 19:48:11.616295
case_271,c,2025-02-24 19:53:11.616295
case_271,a,2025-02-24 19:58:11.616295
case_271,c,2025-02-24 20:03:11.616295
case_271,c,2025-02-24 20:08:11.616295
case_271,a,2025-02-24 20:13:11.616295
case_271,b,2025-02-24 20:18:11.616295
case_271,c,2025-02-24 20:23:11.616295
case_271,b,2025-02-24 20:28:11.616295
case_271,c,2025-02-24 20:33:11.616295
case_271,c,2025-02-24 20:38:11.616295
case_271,a,2025-02-24 20:43:11.616295
case_271,b,2025-02-24 20:48:11.616295
case_271,b,2025-02-24 20:53:11.616295
case_271,a,2025-02-24 20:58:11.616295
case_271,b,2025-02-24 21:03:11.616295
case_272,b,2025-02-24 19:28:11.616327
case_272,a,2025-02-24 19:33:11.616327
case_272,b,2025-02-24 19:38:11.616327
case_272,c,2025-02-24 19:43:11.616327
case_272,b,2025-02-24 19:48:11.616327
case_272,c,2025-02-24 19:53:11.616327
case_272,a,2025-02-24 19:58:11.616327
case_272,b,2025-02-24 20:03:11.616327
case_272,c,2025-02-24 20:08:11.616327
case_272,b,2025-02-24 20:13:11.616327
case_272,c,2025-02-24 20:18:11.616327
case_272,c,2025-02-24 20:23:11.616327
case_272,c,2025-02-24 20:28:11.616327
case_272,a,2025-02-24 20:33:11.616327
case_272,c,2025-02-24 20:38:11.616327
case_272,b,2025-02-24 20:43:11.616327
case_272,c,2025-02-24 20:48:11.616327
case_272,b,2025-02-24 20:53:11.616327
case_272,b,2025-02-24 20:58:11.616327
case_272,c,2025-02-24 21:03:11.616327
case_273,b,2025-02-24 19:28:11.616356
case_273,c,2025-02-24 19:33:11.616356
case_273,c,2025-02-24 19:38:11.616356
case_273,a,2025-02-24 19:43:11.616356
case_273,a,2025-02-24 19:48:11.616356
case_273,c,2025-02-24 19:53:11.616356
case_273,c,2025-02-24 19:58:11.616356
case_273,b,2025-02-24 20:03:11.616356
case_273,b,2025-02-24 20:08:11.616356
case_273,b,2025-02-24 20:13:11.616356
case_273,b,2025-02-24 20:18:11.616356
case_273,c,2025-02-24 20:23:11.616356
case_273,c,2025-02-24 20:28:11.616356
case_273,c,2025-02-24 20:33:11.616356
case_273,c,2025-02-24 20:38:11.616356
case_273,a,2025-02-24 20:43:11.616356
case_273,b,2025-02-24 20:48:11.616356
case_273,c,2025-02-24 20:53:11.616356
case_273,c,2025-02-24 20:58:11.616356
case_273,c,2025-02-24 21:03:11.616356
case_274,a,2025-02-24 19:28:11.616386
case_274,a,2025-02-24 19:33:11.616386
case_274,a,2025-02-24 19:38:11.616386
case_274,c,2025-02-24 19:43:11.616386
case_274,c,2025-02-24 19:48:11.616386
case_274,b,2025-02-24 19:53:11.616386
case_274,a,2025-02-24 19:58:11.616386
case_274,c,2025-02-24 20:03:11.616386
case_274,c,2025-02-24 20:08:11.616386
case_274,b,2025-02-24 20:13:11.616386
case_274,b,2025-02-24 20:18:11.616386
case_274,a,2025-02-24 20:23:11.616386
case_274,a,2025-02-24 20:28:11.616386
case_274,b,2025-02-24 20:33:11.616386
case_274,b,2025-02-24 20:38:11.616386
case_274,c,2025-02-24 20:43:11.616386
case_274,a,2025-02-24 20:48:11.616386
case_274,a,2025-02-24 20:53:11.616386
case_274,c,2025-02-24 20:58:11.616386
case_274,a,2025-02-24 21:03:11.616386
case_275,a,2025-02-24 19:28:11.616416
case_275,c,2025-02-24 19:33:11.616416
case_275,c,2025-02-24 19:38:11.616416
case_275,a,2025-02-24 19:43:11.616416
case_275,b,2025-02-24 19:48:11.616416
case_275,c,2025-02-24 19:53:11.616416
case_275,c,2025-02-24 19:58:11.616416
case_275,b,2025-02-24 20:03:11.616416
case_275,a,2025-02-24 20:08:11.616416
case_275,a,2025-02-24 20:13:11.616416
case_275,c,2025-02-24 20:18:11.616416
case_275,a,2025-02-24 20:23:11.616416
case_275,b,2025-02-24 20:28:11.616416
case_275,c,2025-02-24 20:33:11.616416
case_275,c,2025-02-24 20:38:11.616416
case_275,b,2025-02-24 20:43:11.616416
case_275,b,2025-02-24 20:48:11.616416
case_275,c,2025-02-24 20:53:11.616416
case_275,c,2025-02-24 20:58:11.616416
case_275,c,2025-02-24 21:03:11.616416
case_276,a,2025-02-24 19:28:11.616446
case_276,a,2025-02-24 19:33:11.616446
case_276,b,2025-02-24 19:38:11.616446
case_276,c,2025-02-24 19:43:11.616446
case_276,c,2025-02-24 19:48:11.616446
case_276,b,2025-02-24 19:53:11.616446
case_276,a,2025-02-24 19:58:11.616446
case_276,b,2025-02-24 20:03:11.616446
case_276,a,2025-02-24 20:08:11.616446
case_276,a,2025-02-24 20:13:11.616446
case_276,a,2025-02-24 20:18:11.616446
case_276,a,2025-02-24 20:23:11.616446
case_276,a,2025-02-24 20:28:11.616446
case_276,b,2025-02-24 20:33:11.616446
case_276,a,2025-02-24 20:38:11.616446
case_276,a,2025-02-24 20:43:11.616446
case_276,c,2025-02-24 20:48:11.616446
case_276,c,2025-02-24 20:53:11.616446
case_276,c,2025-02-24 20:58:11.616446
case_276,c,2025-02-24 21:03:11.616446
case_277,a,2025-02-24 19:28:11.616475
case_277,a,2025-02-24 19:33:11.616475
case_277,a,2025-02-24 19:38:11.616475
case_277,c,2025-02-24 19:43:11.616475
case_277,c,2025-02-24 19:48:11.616475
case_277,c,2025-02-24 19:53:11.616475
case_277,c,2025-02-24 19:58:11.616475
case_277,c,2025-02-24 20:03:11.616475
case_277,a,2025-02-24 20:08:11.616475
case_277,b,2025-02-24 20:13:11.616475
case_277,a,2025-02-24 20:18:11.616475
case_277,a,2025-02-24 20:23:11.616475
case_277,c,2025-02-24 20:28:11.616475
case_277,a,2025-02-24 20:33:11.616475
case_277,c,2025-02-24 20:38:11.616475
case_277,c,2025-02-24 20:43:11.616475
case_277,a,2025-02-24 20:48:11.616475
case_277,b,2025-02-24 20:53:11.616475
case_277,a,2025-02-24 20:58:11.616475
case_277,b,2025-02-24 21:03:11.616475
case_278,a,2025-02-24 19:28:11.616505
case_278,b,2025-02-24 19:33:11.616505
case_278,c,2025-02-24 19:38:11.616505
case_278,b,2025-02-24 19:43:11.616505
case_278,b,2025-02-24 19:48:11.616505
case_278,c,2025-02-24 19:53:11.616505
case_278,b,2025-02-24 19:58:11.616505
case_278,a,2025-02-24 20:03:11.616505
case_278,b,2025-02-24 20:08:11.616505
case_278,b,2025-02-24 20:13:11.616505
case_278,c,2025-02-24 20:18:11.616505
case_278,c,2025-02-24 20:23:11.616505
case_278,a,2025-02-24 20:28:11.616505
case_278,c,2025-02-24 20:33:11.616505
case_278,c,2025-02-24 20:38:11.616505
case_278,b,2025-02-24 20:43:11.616505
case_278,b,2025-02-24 20:48:11.616505
case_278,b,2025-02-24 20:53:11.616505
case_278,b,2025-02-24 20:58:11.616505
case_278,b,2025-02-24 21:03:11.616505
case_279,a,2025-02-24 19:28:11.616534
case_279,c,2025-02-24 19:33:11.616534
case_279,c,2025-02-24 19:38:11.616534
case_279,a,2025-02-24 19:43:11.616534
case_279,a,2025-02-24 19:48:11.616534
case_279,b,2025-02-24 19:53:11.616534
case_279,a,2025-02-24 19:58:11.616534
case_279,a,2025-02-24 20:03:11.616534
case_279,a,2025-02-24 20:08:11.616534
case_279,b,2025-02-24 20:13:11.616534
case_279,b,2025-02-24 20:18:11.616534
case_279,c,2025-02-24 20:23:11.616534
case_279,c,2025-02-24 20:28:11.616534
case_279,a,2025-02-24 20:33:11.616534
case_279,a,2025-02-24 20:38:11.616534
case_279,a,2025-02-24 20:43:11.616534
case_279,c,2025-02-24 20:48:11.616534
case_279,a,2025-02-24 20:53:11.616534
case_279,a,2025-02-24 20:58:11.616534
case_279,c,2025-02-24 21:03:11.616534
case_280,a,2025-02-24 19:28:11.616564
case_280,c,2025-02-24 19:33:11.616564
case_280,c,2025-02-24 19:38:11.616564
case_280,b,2025-02-24 19:43:11.616564
case_280,a,2025-02-24 19:48:11.616564
case_280,a,2025-02-24 19:53:11.616564
case_280,c,2025-02-24 19:58:11.616564
case_280,c,2025-02-24 20:03:11.616564
case_280,a,2025-02-24 20:08:11.616564
case_280,b,2025-02-24 20:13:11.616564
case_280,b,2025-02-24 20:18:11.616564
case_280,a,2025-02-24 20:23:11.616564
case_280,b,2025-02-24 20:28:11.616564
case_280,b,2025-02-24 20:33:11.616564
case_280,c,2025-02-24 20:38:11.616564
case_280,b,2025-02-24 20:43:11.616564
case_280,b,2025-02-24 20:48:11.616564
case_280,c,2025-02-24 20:53:11.616564
case_280,b,2025-02-24 20:58:11.616564
case_280,c,2025-02-24 21:03:11.616564
case_281,b,2025-02-24 19:28:11.616594
case_281,b,2025-02-24 19:33:11.616594
case_281,a,2025-02-24 19:38:11.616594
case_281,b,2025-02-24 19:43:11.616594
case_281,a,2025-02-24 19:48:11.616594
case_281,a,2025-02-24 19:53:11.616594
case_281,a,2025-02-24 19:58:11.616594
case_281,c,2025-02-24 20:03:11.616594
case_281,b,2025-02-24 20:08:11.616594
case_281,b,2025-02-24 20:13:11.616594
case_281,c,2025-02-24 20:18:11.616594
case_281,c,2025-02-24 20:23:11.616594
case_281,b,2025-02-24 20:28:11.616594
case_281,c,2025-02-24 20:33:11.616594
case_281,c,2025-02-24 20:38:11.616594
case_281,a,2025-02-24 20:43:11.616594
case_281,c,2025-02-24 20:48:11.616594
case_281,c,2025-02-24 20:53:11.616594
case_281,a,2025-02-24 20:58:11.616594
case_281,a,2025-02-24 21:03:11.616594
case_282,a,2025-02-24 19:28:11.616624
case_282,a,2025-02-24 19:33:11.616624
case_282,a,2025-02-24 19:38:11.616624
case_282,c,2025-02-24 19:43:11.616624
case_282,c,2025-02-24 19:48:11.616624
case_282,b,2025-02-24 19:53:11.616624
case_282,c,2025-02-24 19:58:11.616624
case_282,b,2025-02-24 20:03:11.616624
case_282,c,2025-02-24 20:08:11.616624
case_282,c,2025-02-24 20:13:11.616624
case_282,c,2025-02-24 20:18:11.616624
case_282,a,2025-02-24 20:23:11.616624
case_282,b,2025-02-24 20:28:11.616624
case_282,c,2025-02-24 20:33:11.616624
case_282,c,2025-02-24 20:38:11.616624
case_282,b,2025-02-24 20:43:11.616624
case_282,c,2025-02-24 20:48:11.616624
case_282,a,2025-02-24 20:53:11.616624
case_282,b,2025-02-24 20:58:11.616624
case_282,b,2025-02-24 21:03:11.616624
case_283,b,2025-02-24 19:28:11.616653
case_283,b,2025-02-24 19:33:11.616653
case_283,b,2025-02-24 19:38:11.616653
case_283,b,2025-02-24 19:43:11.616653
case_283,b,2025-02-24 19:48:11.616653
case_283,a,2025-02-24 19:53:11.616653
case_283,a,2025-02-24 19:58:11.616653
case_283,c,2025-02-24 20:03:11.616653
case_283,a,2025-02-24 20:08:11.616653
case_283,c,2025-02-24 20:13:11.616653
case_283,a,2025-02-24 20:18:11.616653
case_283,b,2025-02-24 20:23:11.616653
case_283,b,2025-02-24 20:28:11.616653
case_283,c,2025-02-24 20:33:11.616653
case_283,b,2025-02-24 20:38:11.616653
case_283,c,2025-02-24 20:43:11.616653
case_283,c,2025-02-24 20:48:11.616653
case_283,b,2025-02-24 20:53:11.616653
case_283,b,2025-02-24 20:58:11.616653
case_283,b,2025-02-24 21:03:11.616653
case_284,b,2025-02-24 19:28:11.616683
case_284,b,2025-02-24 19:33:11.616683
case_284,a,2025-02-24 19:38:11.616683
case_284,c,2025-02-24 19:43:11.616683
case_284,c,2025-02-24 19:48:11.616683
case_284,a,2025-02-24 19:53:11.616683
case_284,a,2025-02-24 19:58:11.616683
case_284,a,2025-02-24 20:03:11.616683
case_284,b,2025-02-24 20:08:11.616683
case_284,c,2025-02-24 20:13:11.616683
case_284,a,2025-02-24 20:18:11.616683
case_284,c,2025-02-24 20:23:11.616683
case_284,c,2025-02-24 20:28:11.616683
case_284,c,2025-02-24 20:33:11.616683
case_284,a,2025-02-24 20:38:11.616683
case_284,a,2025-02-24 20:43:11.616683
case_284,a,2025-02-24 20:48:11.616683
case_284,b,2025-02-24 20:53:11.616683
case_284,b,2025-02-24 20:58:11.616683
case_284,c,2025-02-24 21:03:11.616683
case_285,a,2025-02-24 19:28:11.616713
case_285,b,2025-02-24 19:33:11.616713
case_285,c,2025-02-24 19:38:11.616713
case_285,c,2025-02-24 19:43:11.616713
case_285,c,2025-02-24 19:48:11.616713
case_285,a,2025-02-24 19:53:11.616713
case_285,b,2025-02-24 19:58:11.616713
case_285,a,2025-02-24 20:03:11.616713
case_285,c,2025-02-24 20:08:11.616713
case_285,c,2025-02-24 20:13:11.616713
case_285,a,2025-02-24 20:18:11.616713
case_285,a,2025-02-24 20:23:11.616713
case_285,a,2025-02-24 20:28:11.616713
case_285,a,2025-02-24 20:33:11.616713
case_285,a,2025-02-24 20:38:11.616713
case_285,a,2025-02-24 20:43:11.616713
case_285,a,2025-02-24 20:48:11.616713
case_285,c,2025-02-24 20:53:11.616713
case_285,c,2025-02-24 20:58:11.616713
case_285,a,2025-02-24 21:03:11.616713
case_286,b,2025-02-24 19:28:11.616742
case_286,b,2025-02-24 19:33:11.616742
case_286,b,2025-02-24 19:38:11.616742
case_286,b,2025-02-24 19:43:11.616742
case_286,b,2025-02-24 19:48:11.616742
case_286,c,2025-02-24 19:53:11.616742
case_286,c,2025-02-24 19:58:11.616742
case_286,b,2025-02-24 20:03:11.616742
case_286,a,2025-02-24 20:08:11.616742
case_286,a,2025-02-24 20:13:11.616742
case_286,c,2025-02-24 20:18:11.616742
case_286,a,2025-02-24 20:23:11.616742
case_286,b,2025-02-24 20:28:11.616742
case_286,a,2025-02-24 20:33:11.616742
case_286,c,2025-02-24 20:38:11.616742
case_286,a,2025-02-24 20:43:11.616742
case_286,a,2025-02-24 20:48:11.616742
case_286,b,2025-02-24 20:53:11.616742
case_286,b,2025-02-24 20:58:11.616742
case_286,b,2025-02-24 21:03:11.616742
case_287,b,2025-02-24 19:28:11.616772
case_287,b,2025-02-24 19:33:11.616772
case_287,c,2025-02-24 19:38:11.616772
case_287,b,2025-02-24 19:43:11.616772
case_287,a,2025-02-24 19:48:11.616772
case_287,b,2025-02-24 19:53:11.616772
case_287,c,2025-02-24 19:58:11.616772
case_287,c,2025-02-24 20:03:11.616772
case_287,b,2025-02-24 20:08:11.616772
case_287,a,2025-02-24 20:13:11.616772
case_287,b,2025-02-24 20:18:11.616772
case_287,a,2025-02-24 20:23:11.616772
case_287,b,2025-02-24 20:28:11.616772
case_287,c,2025-02-24 20:33:11.616772
case_287,c,2025-02-24 20:38:11.616772
case_287,b,2025-02-24 20:43:11.616772
case_287,b,2025-02-24 20:48:11.616772
case_287,b,2025-02-24 20:53:11.616772
case_287,a,2025-02-24 20:58:11.616772
case_287,a,2025-02-24 21:03:11.616772
case_288,b,2025-02-24 19:28:11.616802
case_288,a,2025-02-24 19:33:11.616802
case_288,b,2025-02-24 19:38:11.616802
case_288,a,2025-02-24 19:43:11.616802
case_288,c,2025-02-24 19:48:11.616802
case_288,a,2025-02-24 19:53:11.616802
case_288,c,2025-02-24 19:58:11.616802
case_288,b,2025-02-24 20:03:11.616802
case_288,b,2025-02-24 20:08:11.616802
case_288,c,2025-02-24 20:13:11.616802
case_288,a,2025-02-24 20:18:11.616802
case_288,a,2025-02-24 20:23:11.616802
case_288,a,2025-02-24 20:28:11.616802
case_288,b,2025-02-24 20:33:11.616802
case_288,c,2025-02-24 20:38:11.616802
case_288,c,2025-02-24 20:43:11.616802
case_288,b,2025-02-24 20:48:11.616802
case_288,b,2025-02-24 20:53:11.616802
case_288,a,2025-02-24 20:58:11.616802
case_288,c,2025-02-24 21:03:11.616802
case_289,a,2025-02-24 19:28:11.616832
case_289,b,2025-02-24 19:33:11.616832
case_289,a,2025-02-24 19:38:11.616832
case_289,a,2025-02-24 19:43:11.616832
case_289,c,2025-02-24 19:48:11.616832
case_289,c,2025-02-24 19:53:11.616832
case_289,b,2025-02-24 19:58:11.616832
case_289,a,2025-02-24 20:03:11.616832
case_289,c,2025-02-24 20:08:11.616832
case_289,b,2025-02-24 20:13:11.616832
case_289,a,2025-02-24 20:18:11.616832
case_289,a,2025-02-24 20:23:11.616832
case_289,a,2025-02-24 20:28:11.616832
case_289,b,2025-02-24 20:33:11.616832
case_289,c,2025-02-24 20:38:11.616832
case_289,a,2025-02-24 20:43:11.616832
case_289,b,2025-02-24 20:48:11.616832
case_289,c,2025-02-24 20:53:11.616832
case_289,c,2025-02-24 20:58:11.616832
case_289,a,2025-02-24 21:03:11.616832
case_290,a,2025-02-24 19:28:11.616861
case_290,b,2025-02-24 19:33:11.616861
case_290,b,2025-02-24 19:38:11.616861
case_290,b,2025-02-24 19:43:11.616861
case_290,c,2025-02-24 19:48:11.616861
case_290,b,2025-02-24 19:53:11.616861
case_290,a,2025-02-24 19:58:11.616861
case_290,a,2025-02-24 20:03:11.616861
case_290,b,2025-02-24 20:08:11.616861
case_290,a,2025-02-24 20:13:11.616861
case_290,a,2025-02-24 20:18:11.616861
case_290,b,2025-02-24 20:23:11.616861
case_290,b,2025-02-24 20:28:11.616861
case_290,b,2025-02-24 20:33:11.616861
case_290,a,2025-02-24 20:38:11.616861
case_290,b,2025-02-24 20:43:11.616861
case_290,c,2025-02-24 20:48:11.616861
case_290,c,2025-02-24 20:53:11.616861
case_290,a,2025-02-24 20:58:11.616861
case_290,c,2025-02-24 21:03:11.616861
case_291,b,2025-02-24 19:28:11.616891
case_291,b,2025-02-24 19:33:11.616891
case_291,c,2025-02-24 19:38:11.616891
case_291,b,2025-02-24 19:43:11.616891
case_291,a,2025-02-24 19:48:11.616891
case_291,b,2025-02-24 19:53:11.616891
case_291,a,2025-02-24 19:58:11.616891
case_291,b,2025-02-24 20:03:11.616891
case_291,c,2025-02-24 20:08:11.616891
case_291,c,2025-02-24 20:13:11.616891
case_291,c,2025-02-24 20:18:11.616891
case_291,b,2025-02-24 20:23:11.616891
case_291,a,2025-02-24 20:28:11.616891
case_291,a,2025-02-24 20:33:11.616891
case_291,a,2025-02-24 20:38:11.616891
case_291,b,2025-02-24 20:43:11.616891
case_291,b,2025-02-24 20:48:11.616891
case_291,a,2025-02-24 20:53:11.616891
case_291,a,2025-02-24 20:58:11.616891
case_291,b,2025-02-24 21:03:11.616891
case_292,b,2025-02-24 19:28:11.616921
case_292,c,2025-02-24 19:33:11.616921
case_292,c,2025-02-24 19:38:11.616921
case_292,a,2025-02-24 19:43:11.616921
case_292,b,2025-02-24 19:48:11.616921
case_292,c,2025-02-24 19:53:11.616921
case_292,a,2025-02-24 19:58:11.616921
case_292,c,2025-02-24 20:03:11.616921
case_292,c,2025-02-24 20:08:11.616921
case_292,b,2025-02-24 20:13:11.616921
case_292,a,2025-02-24 20:18:11.616921
case_292,b,2025-02-24 20:23:11.616921
case_292,a,2025-02-24 20:28:11.616921
case_292,b,2025-02-24 20:33:11.616921
case_292,a,2025-02-24 20:38:11.616921
case_292,a,2025-02-24 20:43:11.616921
case_292,c,2025-02-24 20:48:11.616921
case_292,b,2025-02-24 20:53:11.616921
case_292,a,2025-02-24 20:58:11.616921
case_292,c,2025-02-24 21:03:11.616921
case_293,b,2025-02-24 19:28:11.616950
case_293,a,2025-02-24 19:33:11.616950
case_293,a,2025-02-24 19:38:11.616950
case_293,a,2025-02-24 19:43:11.616950
case_293,a,2025-02-24 19:48:11.616950
case_293,c,2025-02-24 19:53:11.616950
case_293,a,2025-02-24 19:58:11.616950
case_293,a,2025-02-24 20:03:11.616950
case_293,a,2025-02-24 20:08:11.616950
case_293,b,2025-02-24 20:13:11.616950
case_293,b,2025-02-24 20:18:11.616950
case_293,c,2025-02-24 20:23:11.616950
case_293,b,2025-02-24 20:28:11.616950
case_293,b,2025-02-24 20:33:11.616950
case_293,c,2025-02-24 20:38:11.616950
case_293,c,2025-02-24 20:43:11.616950
case_293,b,2025-02-24 20:48:11.616950
case_293,b,2025-02-24 20:53:11.616950
case_293,a,2025-02-24 20:58:11.616950
case_293,c,2025-02-24 21:03:11.616950
case_294,a,2025-02-24 19:28:11.616980
case_294,a,2025-02-24 19:33:11.616980
case_294,a,2025-02-24 19:38:11.616980
case_294,c,2025-02-24 19:43:11.616980
case_294,a,2025-02-24 19:48:11.616980
case_294,c,2025-02-24 19:53:11.616980
case_294,b,2025-02-24 19:58:11.616980
case_294,c,2025-02-24 20:03:11.616980
case_294,a,2025-02-24 20:08:11.616980
case_294,a,2025-02-24 20:13:11.616980
case_294,a,2025-02-24 20:18:11.616980
case_294,b,2025-02-24 20:23:11.616980
case_294,b,2025-02-24 20:28:11.616980
case_294,a,2025-02-24 20:33:11.616980
case_294,a,2025-02-24 20:38:11.616980
case_294,b,2025-02-24 20:43:11.616980
case_294,c,2025-02-24 20:48:11.616980
case_294,b,2025-02-24 20:53:11.616980
case_294,b,2025-02-24 20:58:11.616980
case_294,a,2025-02-24 21:03:11.616980
case_295,b,2025-02-24 19:28:11.617010
case_295,a,2025-02-24 19:33:11.617010
case_295,c,2025-02-24 19:38:11.617010
case_295,a,2025-02-24 19:43:11.617010
case_295,b,2025-02-24 19:48:11.617010
case_295,b,2025-02-24 19:53:11.617010
case_295,c,2025-02-24 19:58:11.617010
case_295,a,2025-02-24 20:03:11.617010
case_295,b,2025-02-24 20:08:11.617010
case_295,b,2025-02-24 20:13:11.617010
case_295,c,2025-02-24 20:18:11.617010
case_295,c,2025-02-24 20:23:11.617010
case_295,b,2025-02-24 20:28:11.617010
case_295,c,2025-02-24 20:33:11.617010
case_295,c,2025-02-24 20:38:11.617010
case_295,b,2025-02-24 20:43:11.617010
case_295,b,2025-02-24 20:48:11.617010
case_295,b,2025-02-24 20:53:11.617010
case_295,b,2025-02-24 20:58:11.617010
case_295,a,2025-02-24 21:03:11.617010
case_296,a,2025-02-24 19:28:11.617039
case_296,c,2025-02-24 19:33:11.617039
case_296,a,2025-02-24 19:38:11.617039
case_296,a,2025-02-24 19:43:11.617039
case_296,b,2025-02-24 19:48:11.617039
case_296,b,2025-02-24 19:53:11.617039
case_296,b,2025-02-24 19:58:11.617039
case_296,b,2025-02-24 20:03:11.617039
case_296,b,2025-02-24 20:08:11.617039
case_296,b,2025-02-24 20:13:11.617039
case_296,c,2025-02-24 20:18:11.617039
case_296,c,2025-02-24 20:23:11.617039
case_296,a,2025-02-24 20:28:11.617039
case_296,c,2025-02-24 20:33:11.617039
case_296,b,2025-02-24 20:38:11.617039
case_296,a,2025-02-24 20:43:11.617039
case_296,b,2025-02-24 20:48:11.617039
case_296,b,2025-02-24 20:53:11.617039
case_296,a,2025-02-24 20:58:11.617039
case_296,a,2025-02-24 21:03:11.617039
case_297,a,2025-02-24 19:28:11.617068
case_297,b,2025-02-24 19:33:11.617068
case_297,a,2025-02-24 19:38:11.617068
case_297,a,2025-02-24 19:43:11.617068
case_297,b,2025-02-24 19:48:11.617068
case_297,a,2025-02-24 19:53:11.617068
case_297,b,2025-02-24 19:58:11.617068
case_297,b,2025-02-24 20:03:11.617068
case_297,c,2025-02-24 20:08:11.617068
case_297,b,2025-02-24 20:13:11.617068
case_297,b,2025-02-24 20:18:11.617068
case_297,c,2025-02-24 20:23:11.617068
case_297,c,2025-02-24 20:28:11.617068
case_297,b,2025-02-24 20:33:11.617068
case_297,c,2025-02-24 20:38:11.617068
case_297,a,2025-02-24 20:43:11.617068
case_297,a,2025-02-24 20:48:11.617068
case_297,c,2025-02-24 20:53:11.617068
case_297,c,2025-02-24 20:58:11.617068
case_297,c,2025-02-24 21:03:11.617068
case_298,a,2025-02-24 19:28:11.617098
case_298,c,2025-02-24 19:33:11.617098
case_298,a,2025-02-24 19:38:11.617098
case_298,c,2025-02-24 19:43:11.617098
case_298,a,2025-02-24 19:48:11.617098
case_298,b,2025-02-24 19:53:11.617098
case_298,b,2025-02-24 19:58:11.617098
case_298,b,2025-02-24 20:03:11.617098
case_298,a,2025-02-24 20:08:11.617098
case_298,a,2025-02-24 20:13:11.617098
case_298,a,2025-02-24 20:18:11.617098
case_298,c,2025-02-24 20:23:11.617098
case_298,a,2025-02-24 20:28:11.617098
case_298,b,2025-02-24 20:33:11.617098
case_298,b,2025-02-24 20:38:11.617098
case_298,a,2025-02-24 20:43:11.617098
case_298,a,2025-02-24 20:48:11.617098
case_298,b,2025-02-24 20:53:11.617098
case_298,c,2025-02-24 20:58:11.617098
case_298,c,2025-02-24 21:03:11.617098
case_299,a,2025-02-24 19:28:11.617128
case_299,c,2025-02-24 19:33:11.617128
case_299,c,2025-02-24 19:38:11.617128
case_299,a,2025-02-24 19:43:11.617128
case_299,b,2025-02-24 19:48:11.617128
case_299,b,2025-02-24 19:53:11.617128
case_299,c,2025-02-24 19:58:11.617128
case_299,c,2025-02-24 20:03:11.617128
case_299,c,2025-02-24 20:08:11.617128
case_299,b,2025-02-24 20:13:11.617128
case_299,c,2025-02-24 20:18:11.617128
case_299,c,2025-02-24 20:23:11.617128
case_299,c,2025-02-24 20:28:11.617128
case_299,b,2025-02-24 20:33:11.617128
case_299,a,2025-02-24 20:38:11.617128
case_299,c,2025-02-24 20:43:11.617128
case_299,b,2025-02-24 20:48:11.617128
case_299,c,2025-02-24 20:53:11.617128
case_299,b,2025-02-24 20:58:11.617128
case_299,b,2025-02-24 21:03:11.617128
case_300,a,2025-02-24 19:28:11.617158
case_300,c,2025-02-24 19:33:11.617158
case_300,a,2025-02-24 19:38:11.617158
case_300,b,2025-02-24 19:43:11.617158
case_300,b,2025-02-24 19:48:11.617158
case_300,b,2025-02-24 19:53:11.617158
case_300,a,2025-02-24 19:58:11.617158
case_300,c,2025-02-24 20:03:11.617158
case_300,b,2025-02-24 20:08:11.617158
case_300,a,2025-02-24 20:13:11.617158
case_300,b,2025-02-24 20:18:11.617158
case_300,c,2025-02-24 20:23:11.617158
case_300,c,2025-02-24 20:28:11.617158
case_300,c,2025-02-24 20:33:11.617158
case_300,b,2025-02-24 20:38:11.617158
case_300,c,2025-02-24 20:43:11.617158
case_300,c,2025-02-24 20:48:11.617158
case_300,a,2025-02-24 20:53:11.617158
case_300,b,2025-02-24 20:58:11.617158
case_300,b,2025-02-24 21:03:11.617158
case_301,a,2025-02-24 19:28:11.617188
case_301,b,2025-02-24 19:33:11.617188
case_301,a,2025-02-24 19:38:11.617188
case_301,a,2025-02-24 19:43:11.617188
case_301,a,2025-02-24 19:48:11.617188
case_301,c,2025-02-24 19:53:11.617188
case_301,b,2025-02-24 19:58:11.617188
case_301,c,2025-02-24 20:03:11.617188
case_301,a,2025-02-24 20:08:11.617188
case_301,b,2025-02-24 20:13:11.617188
case_301,b,2025-02-24 20:18:11.617188
case_301,b,2025-02-24 20:23:11.617188
case_301,a,2025-02-24 20:28:11.617188
case_301,a,2025-02-24 20:33:11.617188
case_301,c,2025-02-24 20:38:11.617188
case_301,c,2025-02-24 20:43:11.617188
case_301,b,2025-02-24 20:48:11.617188
case_301,a,2025-02-24 20:53:11.617188
case_301,a,2025-02-24 20:58:11.617188
case_301,c,2025-02-24 21:03:11.617188
case_302,b,2025-02-24 19:28:11.617217
case_302,b,2025-02-24 19:33:11.617217
case_302,c,2025-02-24 19:38:11.617217
case_302,c,2025-02-24 19:43:11.617217
case_302,c,2025-02-24 19:48:11.617217
case_302,b,2025-02-24 19:53:11.617217
case_302,a,2025-02-24 19:58:11.617217
case_302,c,2025-02-24 20:03:11.617217
case_302,c,2025-02-24 20:08:11.617217
case_302,a,2025-02-24 20:13:11.617217
case_302,b,2025-02-24 20:18:11.617217
case_302,a,2025-02-24 20:23:11.617217
case_302,c,2025-02-24 20:28:11.617217
case_302,b,2025-02-24 20:33:11.617217
case_302,c,2025-02-24 20:38:11.617217
case_302,c,2025-02-24 20:43:11.617217
case_302,b,2025-02-24 20:48:11.617217
case_302,a,2025-02-24 20:53:11.617217
case_302,b,2025-02-24 20:58:11.617217
case_302,b,2025-02-24 21:03:11.617217
case_303,a,2025-02-24 19:28:11.617247
case_303,c,2025-02-24 19:33:11.617247
case_303,c,2025-02-24 19:38:11.617247
case_303,b,2025-02-24 19:43:11.617247
case_303,a,2025-02-24 19:48:11.617247
case_303,b,2025-02-24 19:53:11.617247
case_303,c,2025-02-24 19:58:11.617247
case_303,a,2025-02-24 20:03:11.617247
case_303,c,2025-02-24 20:08:11.617247
case_303,a,2025-02-24 20:13:11.617247
case_303,c,2025-02-24 20:18:11.617247
case_303,b,2025-02-24 20:23:11.617247
case_303,a,2025-02-24 20:28:11.617247
case_303,b,2025-02-24 20:33:11.617247
case_303,a,2025-02-24 20:38:11.617247
case_303,b,2025-02-24 20:43:11.617247
case_303,a,2025-02-24 20:48:11.617247
case_303,c,2025-02-24 20:53:11.617247
case_303,a,2025-02-24 20:58:11.617247
case_303,b,2025-02-24 21:03:11.617247
case_304,a,2025-02-24 19:28:11.617277
case_304,c,2025-02-24 19:33:11.617277
case_304,b,2025-02-24 19:38:11.617277
case_304,b,2025-02-24 19:43:11.617277
case_304,c,2025-02-24 19:48:11.617277
case_304,a,2025-02-24 19:53:11.617277
case_304,c,2025-02-24 19:58:11.617277
case_304,a,2025-02-24 20:03:11.617277
case_304,c,2025-02-24 20:08:11.617277
case_304,a,2025-02-24 20:13:11.617277
case_304,a,2025-02-24 20:18:11.617277
case_304,b,2025-02-24 20:23:11.617277
case_304,b,2025-02-24 20:28:11.617277
case_304,a,2025-02-24 20:33:11.617277
case_304,a,2025-02-24 20:38:11.617277
case_304,c,2025-02-24 20:43:11.617277
case_304,a,2025-02-24 20:48:11.617277
case_304,a,2025-02-24 20:53:11.617277
case_304,c,2025-02-24 20:58:11.617277
case_304,a,2025-02-24 21:03:11.617277
case_305,b,2025-02-24 19:28:11.617306
case_305,a,2025-02-24 19:33:11.617306
case_305,c,2025-02-24 19:38:11.617306
case_305,a,2025-02-24 19:43:11.617306
case_305,a,2025-02-24 19:48:11.617306
case_305,c,2025-02-24 19:53:11.617306
case_305,b,2025-02-24 19:58:11.617306
case_305,a,2025-02-24 20:03:11.617306
case_305,a,2025-02-24 20:08:11.617306
case_305,a,2025-02-24 20:13:11.617306
case_305,a,2025-02-24 20:18:11.617306
case_305,c,2025-02-24 20:23:11.617306
case_305,c,2025-02-24 20:28:11.617306
case_305,b,2025-02-24 20:33:11.617306
case_305,c,2025-02-24 20:38:11.617306
case_305,a,2025-02-24 20:43:11.617306
case_305,c,2025-02-24 20:48:11.617306
case_305,c,2025-02-24 20:53:11.617306
case_305,c,2025-02-24 20:58:11.617306
case_305,b,2025-02-24 21:03:11.617306
case_306,a,2025-02-24 19:28:11.617338
case_306,a,2025-02-24 19:33:11.617338
case_306,b,2025-02-24 19:38:11.617338
case_306,a,2025-02-24 19:43:11.617338
case_306,a,2025-02-24 19:48:11.617338
case_306,a,2025-02-24 19:53:11.617338
case_306,a,2025-02-24 19:58:11.617338
case_306,b,2025-02-24 20:03:11.617338
case_306,a,2025-02-24 20:08:11.617338
case_306,b,2025-02-24 20:13:11.617338
case_306,c,2025-02-24 20:18:11.617338
case_306,a,2025-02-24 20:23:11.617338
case_306,a,2025-02-24 20:28:11.617338
case_306,c,2025-02-24 20:33:11.617338
case_306,c,2025-02-24 20:38:11.617338
case_306,a,2025-02-24 20:43:11.617338
case_306,c,2025-02-24 20:48:11.617338
case_306,b,2025-02-24 20:53:11.617338
case_306,c,2025-02-24 20:58:11.617338
case_306,b,2025-02-24 21:03:11.617338
case_307,b,2025-02-24 19:28:11.617369
case_307,b,2025-02-24 19:33:11.617369
case_307,c,2025-02-24 19:38:11.617369
case_307,b,2025-02-24 19:43:11.617369
case_307,c,2025-02-24 19:48:11.617369
case_307,a,2025-02-24 19:53:11.617369
case_307,a,2025-02-24 19:58:11.617369
case_307,c,2025-02-24 20:03:11.617369
case_307,b,2025-02-24 20:08:11.617369
case_307,c,2025-02-24 20:13:11.617369
case_307,c,2025-02-24 20:18:11.617369
case_307,b,2025-02-24 20:23:11.617369
case_307,c,2025-02-24 20:28:11.617369
case_307,b,2025-02-24 20:33:11.617369
case_307,c,2025-02-24 20:38:11.617369
case_307,b,2025-02-24 20:43:11.617369
case_307,c,2025-02-24 20:48:11.617369
case_307,a,2025-02-24 20:53:11.617369
case_307,c,2025-02-24 20:58:11.617369
case_307,b,2025-02-24 21:03:11.617369
case_308,b,2025-02-24 19:28:11.617399
case_308,a,2025-02-24 19:33:11.617399
case_308,a,2025-02-24 19:38:11.617399
case_308,c,2025-02-24 19:43:11.617399
case_308,a,2025-02-24 19:48:11.617399
case_308,a,2025-02-24 19:53:11.617399
case_308,b,2025-02-24 19:58:11.617399
case_308,a,2025-02-24 20:03:11.617399
case_308,c,2025-02-24 20:08:11.617399
case_308,c,2025-02-24 20:13:11.617399
case_308,a,2025-02-24 20:18:11.617399
case_308,b,2025-02-24 20:23:11.617399
case_308,a,2025-02-24 20:28:11.617399
case_308,b,2025-02-24 20:33:11.617399
case_308,c,2025-02-24 20:38:11.617399
case_308,c,2025-02-24 20:43:11.617399
case_308,a,2025-02-24 20:48:11.617399
case_308,b,2025-02-24 20:53:11.617399
case_308,b,2025-02-24 20:58:11.617399
case_308,c,2025-02-24 21:03:11.617399
case_309,a,2025-02-24 19:28:11.617430
case_309,c,2025-02-24 19:33:11.617430
case_309,a,2025-02-24 19:38:11.617430
case_309,c,2025-02-24 19:43:11.617430
case_309,b,2025-02-24 19:48:11.617430
case_309,b,2025-02-24 19:53:11.617430
case_309,a,2025-02-24 19:58:11.617430
case_309,b,2025-02-24 20:03:11.617430
case_309,c,2025-02-24 20:08:11.617430
case_309,a,2025-02-24 20:13:11.617430
case_309,a,2025-02-24 20:18:11.617430
case_309,a,2025-02-24 20:23:11.617430
case_309,c,2025-02-24 20:28:11.617430
case_309,c,2025-02-24 20:33:11.617430
case_309,a,2025-02-24 20:38:11.617430
case_309,c,2025-02-24 20:43:11.617430
case_309,c,2025-02-24 20:48:11.617430
case_309,c,2025-02-24 20:53:11.617430
case_309,c,2025-02-24 20:58:11.617430
case_309,b,2025-02-24 21:03:11.617430
case_310,b,2025-02-24 19:28:11.617461
case_310,a,2025-02-24 19:33:11.617461
case_310,a,2025-02-24 19:38:11.617461
case_310,c,2025-02-24 19:43:11.617461
case_310,a,2025-02-24 19:48:11.617461
case_310,c,2025-02-24 19:53:11.617461
case_310,a,2025-02-24 19:58:11.617461
case_310,c,2025-02-24 20:03:11.617461
case_310,b,2025-02-24 20:08:11.617461
case_310,b,2025-02-24 20:13:11.617461
case_310,c,2025-02-24 20:18:11.617461
case_310,a,2025-02-24 20:23:11.617461
case_310,b,2025-02-24 20:28:11.617461
case_310,a,2025-02-24 20:33:11.617461
case_310,c,2025-02-24 20:38:11.617461
case_310,c,2025-02-24 20:43:11.617461
case_310,b,2025-02-24 20:48:11.617461
case_310,c,2025-02-24 20:53:11.617461
case_310,b,2025-02-24 20:58:11.617461
case_310,b,2025-02-24 21:03:11.617461
case_311,a,2025-02-24 19:28:11.617491
case_311,b,2025-02-24 19:33:11.617491
case_311,a,2025-02-24 19:38:11.617491
case_311,a,2025-02-24 19:43:11.617491
case_311,b,2025-02-24 19:48:11.617491
case_311,c,2025-02-24 19:53:11.617491
case_311,b,2025-02-24 19:58:11.617491
case_311,c,2025-02-24 20:03:11.617491
case_311,a,2025-02-24 20:08:11.617491
case_311,b,2025-02-24 20:13:11.617491
case_311,b,2025-02-24 20:18:11.617491
case_311,c,2025-02-24 20:23:11.617491
case_311,b,2025-02-24 20:28:11.617491
case_311,a,2025-02-24 20:33:11.617491
case_311,a,2025-02-24 20:38:11.617491
case_311,c,2025-02-24 20:43:11.617491
case_311,a,2025-02-24 20:48:11.617491
case_311,b,2025-02-24 20:53:11.617491
case_311,b,2025-02-24 20:58:11.617491
case_311,b,2025-02-24 21:03:11.617491
case_312,b,2025-02-24 19:28:11.617522
case_312,b,2025-02-24 19:33:11.617522
case_312,c,2025-02-24 19:38:11.617522
case_312,a,2025-02-24 19:43:11.617522
case_312,b,2025-02-24 19:48:11.617522
case_312,a,2025-02-24 19:53:11.617522
case_312,c,2025-02-24 19:58:11.617522
case_312,a,2025-02-24 20:03:11.617522
case_312,b,2025-02-24 20:08:11.617522
case_312,c,2025-02-24 20:13:11.617522
case_312,b,2025-02-24 20:18:11.617522
case_312,b,2025-02-24 20:23:11.617522
case_312,b,2025-02-24 20:28:11.617522
case_312,c,2025-02-24 20:33:11.617522
case_312,b,2025-02-24 20:38:11.617522
case_312,a,2025-02-24 20:43:11.617522
case_312,b,2025-02-24 20:48:11.617522
case_312,b,2025-02-24 20:53:11.617522
case_312,c,2025-02-24 20:58:11.617522
case_312,c,2025-02-24 21:03:11.617522
case_313,b,2025-02-24 19:28:11.617553
case_313,a,2025-02-24 19:33:11.617553
case_313,c,2025-02-24 19:38:11.617553
case_313,c,2025-02-24 19:43:11.617553
case_313,a,2025-02-24 19:48:11.617553
case_313,c,2025-02-24 19:53:11.617553
case_313,a,2025-02-24 19:58:11.617553
case_313,b,2025-02-24 20:03:11.617553
case_313,b,2025-02-24 20:08:11.617553
case_313,a,2025-02-24 20:13:11.617553
case_313,b,2025-02-24 20:18:11.617553
case_313,c,2025-02-24 20:23:11.617553
case_313,a,2025-02-24 20:28:11.617553
case_313,a,2025-02-24 20:33:11.617553
case_313,b,2025-02-24 20:38:11.617553
case_313,c,2025-02-24 20:43:11.617553
case_313,c,2025-02-24 20:48:11.617553
case_313,c,2025-02-24 20:53:11.617553
case_313,b,2025-02-24 20:58:11.617553
case_313,a,2025-02-24 21:03:11.617553
case_314,b,2025-02-24 19:28:11.617584
case_314,a,2025-02-24 19:33:11.617584
case_314,b,2025-02-24 19:38:11.617584
case_314,c,2025-02-24 19:43:11.617584
case_314,c,2025-02-24 19:48:11.617584
case_314,a,2025-02-24 19:53:11.617584
case_314,c,2025-02-24 19:58:11.617584
case_314,b,2025-02-24 20:03:11.617584
case_314,a,2025-02-24 20:08:11.617584
case_314,a,2025-02-24 20:13:11.617584
case_314,b,2025-02-24 20:18:11.617584
case_314,a,2025-02-24 20:23:11.617584
case_314,a,2025-02-24 20:28:11.617584
case_314,c,2025-02-24 20:33:11.617584
case_314,c,2025-02-24 20:38:11.617584
case_314,a,2025-02-24 20:43:11.617584
case_314,a,2025-02-24 20:48:11.617584
case_314,b,2025-02-24 20:53:11.617584
case_314,a,2025-02-24 20:58:11.617584
case_314,c,2025-02-24 21:03:11.617584
case_315,b,2025-02-24 19:28:11.617614
case_315,b,2025-02-24 19:33:11.617614
case_315,b,2025-02-24 19:38:11.617614
case_315,a,2025-02-24 19:43:11.617614
case_315,b,2025-02-24 19:48:11.617614
case_315,a,2025-02-24 19:53:11.617614
case_315,b,2025-02-24 19:58:11.617614
case_315,b,2025-02-24 20:03:11.617614
case_315,b,2025-02-24 20:08:11.617614
case_315,b,2025-02-24 20:13:11.617614
case_315,a,2025-02-24 20:18:11.617614
case_315,a,2025-02-24 20:23:11.617614
case_315,b,2025-02-24 20:28:11.617614
case_315,a,2025-02-24 20:33:11.617614
case_315,b,2025-02-24 20:38:11.617614
case_315,c,2025-02-24 20:43:11.617614
case_315,a,2025-02-24 20:48:11.617614
case_315,a,2025-02-24 20:53:11.617614
case_315,a,2025-02-24 20:58:11.617614
case_315,b,2025-02-24 21:03:11.617614
case_316,a,2025-02-24 19:28:11.617645
case_316,a,2025-02-24 19:33:11.617645
case_316,c,2025-02-24 19:38:11.617645
case_316,a,2025-02-24 19:43:11.617645
case_316,b,2025-02-24 19:48:11.617645
case_316,a,2025-02-24 19:53:11.617645
case_316,b,2025-02-24 19:58:11.617645
case_316,a,2025-02-24 20:03:11.617645
case_316,b,2025-02-24 20:08:11.617645
case_316,a,2025-02-24 20:13:11.617645
case_316,c,2025-02-24 20:18:11.617645
case_316,c,2025-02-24 20:23:11.617645
case_316,c,2025-02-24 20:28:11.617645
case_316,a,2025-02-24 20:33:11.617645
case_316,a,2025-02-24 20:38:11.617645
case_316,b,2025-02-24 20:43:11.617645
case_316,a,2025-02-24 20:48:11.617645
case_316,a,2025-02-24 20:53:11.617645
case_316,a,2025-02-24 20:58:11.617645
case_316,b,2025-02-24 21:03:11.617645
case_317,b,2025-02-24 19:28:11.617675
case_317,c,2025-02-24 19:33:11.617675
case_317,b,2025-02-24 19:38:11.617675
case_317,c,2025-02-24 19:43:11.617675
case_317,b,2025-02-24 19:48:11.617675
case_317,a,2025-02-24 19:53:11.617675
case_317,b,2025-02-24 19:58:11.617675
case_317,c,2025-02-24 20:03:11.617675
case_317,c,2025-02-24 20:08:11.617675
case_317,a,2025-02-24 20:13:11.617675
case_317,b,2025-02-24 20:18:11.617675
case_317,b,2025-02-24 20:23:11.617675
case_317,c,2025-02-24 20:28:11.617675
case_317,b,2025-02-24 20:33:11.617675
case_317,b,2025-02-24 20:38:11.617675
case_317,c,2025-02-24 20:43:11.617675
case_317,b,2025-02-24 20:48:11.617675
case_317,c,2025-02-24 20:53:11.617675
case_317,b,2025-02-24 20:58:11.617675
case_317,b,2025-02-24 21:03:11.617675
case_318,b,2025-02-24 19:28:11.617706
case_318,b,2025-02-24 19:33:11.617706
case_318,c,2025-02-24 19:38:11.617706
case_318,c,2025-02-24 19:43:11.617706
case_318,c,2025-02-24 19:48:11.617706
case_318,b,2025-02-24 19:53:11.617706
case_318,c,2025-02-24 19:58:11.617706
case_318,c,2025-02-24 20:03:11.617706
case_318,c,2025-02-24 20:08:11.617706
case_318,c,2025-02-24 20:13:11.617706
case_318,b,2025-02-24 20:18:11.617706
case_318,b,2025-02-24 20:23:11.617706
case_318,c,2025-02-24 20:28:11.617706
case_318,c,2025-02-24 20:33:11.617706
case_318,c,2025-02-24 20:38:11.617706
case_318,b,2025-02-24 20:43:11.617706
case_318,b,2025-02-24 20:48:11.617706
case_318,c,2025-02-24 20:53:11.617706
case_318,a,2025-02-24 20:58:11.617706
case_318,c,2025-02-24 21:03:11.617706
case_319,a,2025-02-24 19:28:11.617736
case_319,a,2025-02-24 19:33:11.617736
case_319,c,2025-02-24 19:38:11.617736
case_319,b,2025-02-24 19:43:11.617736
case_319,c,2025-02-24 19:48:11.617736
case_319,b,2025-02-24 19:53:11.617736
case_319,b,2025-02-24 19:58:11.617736
case_319,c,2025-02-24 20:03:11.617736
case_319,a,2025-02-24 20:08:11.617736
case_319,a,2025-02-24 20:13:11.617736
case_319,b,2025-02-24 20:18:11.617736
case_319,a,2025-02-24 20:23:11.617736
case_319,b,2025-02-24 20:28:11.617736
case_319,b,2025-02-24 20:33:11.617736
case_319,c,2025-02-24 20:38:11.617736
case_319,b,2025-02-24 20:43:11.617736
case_319,a,2025-02-24 20:48:11.617736
case_319,c,2025-02-24 20:53:11.617736
case_319,b,2025-02-24 20:58:11.617736
case_319,c,2025-02-24 21:03:11.617736
case_320,b,2025-02-24 19:28:11.617767
case_320,c,2025-02-24 19:33:11.617767
case_320,c,2025-02-24 19:38:11.617767
case_320,a,2025-02-24 19:43:11.617767
case_320,a,2025-02-24 19:48:11.617767
case_320,b,2025-02-24 19:53:11.617767
case_320,c,2025-02-24 19:58:11.617767
case_320,a,2025-02-24 20:03:11.617767
case_320,c,2025-02-24 20:08:11.617767
case_320,a,2025-02-24 20:13:11.617767
case_320,b,2025-02-24 20:18:11.617767
case_320,c,2025-02-24 20:23:11.617767
case_320,b,2025-02-24 20:28:11.617767
case_320,b,2025-02-24 20:33:11.617767
case_320,b,2025-02-24 20:38:11.617767
case_320,c,2025-02-24 20:43:11.617767
case_320,b,2025-02-24 20:48:11.617767
case_320,a,2025-02-24 20:53:11.617767
case_320,c,2025-02-24 20:58:11.617767
case_320,c,2025-02-24 21:03:11.617767
case_321,a,2025-02-24 19:28:11.617797
case_321,b,2025-02-24 19:33:11.617797
case_321,a,2025-02-24 19:38:11.617797
case_321,c,2025-02-24 19:43:11.617797
case_321,c,2025-02-24 19:48:11.617797
case_321,b,2025-02-24 19:53:11.617797
case_321,a,2025-02-24 19:58:11.617797
case_321,a,2025-02-24 20:03:11.617797
case_321,a,2025-02-24 20:08:11.617797
case_321,a,2025-02-24 20:13:11.617797
case_321,c,2025-02-24 20:18:11.617797
case_321,a,2025-02-24 20:23:11.617797
case_321,a,2025-02-24 20:28:11.617797
case_321,b,2025-02-24 20:33:11.617797
case_321,a,2025-02-24 20:38:11.617797
case_321,c,2025-02-24 20:43:11.617797
case_321,b,2025-02-24 20:48:11.617797
case_321,b,2025-02-24 20:53:11.617797
case_321,a,2025-02-24 20:58:11.617797
case_321,a,2025-02-24 21:03:11.617797
case_322,b,2025-02-24 19:28:11.617828
case_322,b,2025-02-24 19:33:11.617828
case_322,a,2025-02-24 19:38:11.617828
case_322,b,2025-02-24 19:43:11.617828
case_322,c,2025-02-24 19:48:11.617828
case_322,a,2025-02-24 19:53:11.617828
case_322,a,2025-02-24 19:58:11.617828
case_322,a,2025-02-24 20:03:11.617828
case_322,c,2025-02-24 20:08:11.617828
case_322,a,2025-02-24 20:13:11.617828
case_322,c,2025-02-24 20:18:11.617828
case_322,a,2025-02-24 20:23:11.617828
case_322,a,2025-02-24 20:28:11.617828
case_322,a,2025-02-24 20:33:11.617828
case_322,a,2025-02-24 20:38:11.617828
case_322,a,2025-02-24 20:43:11.617828
case_322,c,2025-02-24 20:48:11.617828
case_322,b,2025-02-24 20:53:11.617828
case_322,b,2025-02-24 20:58:11.617828
case_322,c,2025-02-24 21:03:11.617828
case_323,a,2025-02-24 19:28:11.617859
case_323,a,2025-02-24 19:33:11.617859
case_323,c,2025-02-24 19:38:11.617859
case_323,b,2025-02-24 19:43:11.617859
case_323,c,2025-02-24 19:48:11.617859
case_323,a,2025-02-24 19:53:11.617859
case_323,a,2025-02-24 19:58:11.617859
case_323,c,2025-02-24 20:03:11.617859
case_323,c,2025-02-24 20:08:11.617859
case_323,b,2025-02-24 20:13:11.617859
case_323,b,2025-02-24 20:18:11.617859
case_323,c,2025-02-24 20:23:11.617859
case_323,a,2025-02-24 20:28:11.617859
case_323,b,2025-02-24 20:33:11.617859
case_323,b,2025-02-24 20:38:11.617859
case_323,c,2025-02-24 20:43:11.617859
case_323,c,2025-02-24 20:48:11.617859
case_323,a,2025-02-24 20:53:11.617859
case_323,b,2025-02-24 20:58:11.617859
case_323,a,2025-02-24 21:03:11.617859
case_324,b,2025-02-24 19:28:11.617890
case_324,a,2025-02-24 19:33:11.617890
case_324,b,2025-02-24 19:38:11.617890
case_324,c,2025-02-24 19:43:11.617890
case_324,a,2025-02-24 19:48:11.617890
case_324,a,2025-02-24 19:53:11.617890
case_324,c,2025-02-24 19:58:11.617890
case_324,b,2025-02-24 20:03:11.617890
case_324,b,2025-02-24 20:08:11.617890
case_324,c,2025-02-24 20:13:11.617890
case_324,b,2025-02-24 20:18:11.617890
case_324,c,2025-02-24 20:23:11.617890
case_324,c,2025-02-24 20:28:11.617890
case_324,b,2025-02-24 20:33:11.617890
case_324,a,2025-02-24 20:38:11.617890
case_324,b,2025-02-24 20:43:11.617890
case_324,a,2025-02-24 20:48:11.617890
case_324,a,2025-02-24 20:53:11.617890
case_324,c,2025-02-24 20:58:11.617890
case_324,b,2025-02-24 21:03:11.617890
case_325,a,2025-02-24 19:28:11.617920
case_325,b,2025-02-24 19:33:11.617920
case_325,c,2025-02-24 19:38:11.617920
case_325,a,2025-02-24 19:43:11.617920
case_325,b,2025-02-24 19:48:11.617920
case_325,a,2025-02-24 19:53:11.617920
case_325,c,2025-02-24 19:58:11.617920
case_325,c,2025-02-24 20:03:11.617920
case_325,a,2025-02-24 20:08:11.617920
case_325,b,2025-02-24 20:13:11.617920
case_325,a,2025-02-24 20:18:11.617920
case_325,b,2025-02-24 20:23:11.617920
case_325,a,2025-02-24 20:28:11.617920
case_325,c,2025-02-24 20:33:11.617920
case_325,a,2025-02-24 20:38:11.617920
case_325,a,2025-02-24 20:43:11.617920
case_325,c,2025-02-24 20:48:11.617920
case_325,b,2025-02-24 20:53:11.617920
case_325,b,2025-02-24 20:58:11.617920
case_325,c,2025-02-24 21:03:11.617920
case_326,b,2025-02-24 19:28:11.617951
case_326,a,2025-02-24 19:33:11.617951
case_326,b,2025-02-24 19:38:11.617951
case_326,b,2025-02-24 19:43:11.617951
case_326,c,2025-02-24 19:48:11.617951
case_326,c,2025-02-24 19:53:11.617951
case_326,a,2025-02-24 19:58:11.617951
case_326,c,2025-02-24 20:03:11.617951
case_326,c,2025-02-24 20:08:11.617951
case_326,b,2025-02-24 20:13:11.617951
case_326,a,2025-02-24 20:18:11.617951
case_326,c,2025-02-24 20:23:11.617951
case_326,c,2025-02-24 20:28:11.617951
case_326,b,2025-02-24 20:33:11.617951
case_326,c,2025-02-24 20:38:11.617951
case_326,a,2025-02-24 20:43:11.617951
case_326,b,2025-02-24 20:48:11.617951
case_326,b,2025-02-24 20:53:11.617951
case_326,a,2025-02-24 20:58:11.617951
case_326,c,2025-02-24 21:03:11.617951
case_327,a,2025-02-24 19:28:11.617981
case_327,b,2025-02-24 19:33:11.617981
case_327,c,2025-02-24 19:38:11.617981
case_327,c,2025-02-24 19:43:11.617981
case_327,c,2025-02-24 19:48:11.617981
case_327,a,2025-02-24 19:53:11.617981
case_327,b,2025-02-24 19:58:11.617981
case_327,b,2025-02-24 20:03:11.617981
case_327,b,2025-02-24 20:08:11.617981
case_327,a,2025-02-24 20:13:11.617981
case_327,a,2025-02-24 20:18:11.617981
case_327,a,2025-02-24 20:23:11.617981
case_327,b,2025-02-24 20:28:11.617981
case_327,b,2025-02-24 20:33:11.617981
case_327,b,2025-02-24 20:38:11.617981
case_327,c,2025-02-24 20:43:11.617981
case_327,c,2025-02-24 20:48:11.617981
case_327,c,2025-02-24 20:53:11.617981
case_327,c,2025-02-24 20:58:11.617981
case_327,b,2025-02-24 21:03:11.617981
case_328,b,2025-02-24 19:28:11.618012
case_328,b,2025-02-24 19:33:11.618012
case_328,b,2025-02-24 19:38:11.618012
case_328,a,2025-02-24 19:43:11.618012
case_328,a,2025-02-24 19:48:11.618012
case_328,a,2025-02-24 19:53:11.618012
case_328,a,2025-02-24 19:58:11.618012
case_328,a,2025-02-24 20:03:11.618012
case_328,a,2025-02-24 20:08:11.618012
case_328,a,2025-02-24 20:13:11.618012
case_328,c,2025-02-24 20:18:11.618012
case_328,c,2025-02-24 20:23:11.618012
case_328,b,2025-02-24 20:28:11.618012
case_328,a,2025-02-24 20:33:11.618012
case_328,c,2025-02-24 20:38:11.618012
case_328,c,2025-02-24 20:43:11.618012
case_328,c,2025-02-24 20:48:11.618012
case_328,b,2025-02-24 20:53:11.618012
case_328,a,2025-02-24 20:58:11.618012
case_328,b,2025-02-24 21:03:11.618012
case_329,a,2025-02-24 19:28:11.618043
case_329,c,2025-02-24 19:33:11.618043
case_329,a,2025-02-24 19:38:11.618043
case_329,a,2025-02-24 19:43:11.618043
case_329,b,2025-02-24 19:48:11.618043
case_329,b,2025-02-24 19:53:11.618043
case_329,b,2025-02-24 19:58:11.618043
case_329,b,2025-02-24 20:03:11.618043
case_329,a,2025-02-24 20:08:11.618043
case_329,b,2025-02-24 20:13:11.618043
case_329,b,2025-02-24 20:18:11.618043
case_329,a,2025-02-24 20:23:11.618043
case_329,c,2025-02-24 20:28:11.618043
case_329,c,2025-02-24 20:33:11.618043
case_329,a,2025-02-24 20:38:11.618043
case_329,b,2025-02-24 20:43:11.618043
case_329,b,2025-02-24 20:48:11.618043
case_329,b,2025-02-24 20:53:11.618043
case_329,a,2025-02-24 20:58:11.618043
case_329,c,2025-02-24 21:03:11.618043
case_330,a,2025-02-24 19:28:11.618073
case_330,a,2025-02-24 19:33:11.618073
case_330,c,2025-02-24 19:38:11.618073
case_330,c,2025-02-24 19:43:11.618073
case_330,a,2025-02-24 19:48:11.618073
case_330,c,2025-02-24 19:53:11.618073
case_330,a,2025-02-24 19:58:11.618073
case_330,a,2025-02-24 20:03:11.618073
case_330,c,2025-02-24 20:08:11.618073
case_330,b,2025-02-24 20:13:11.618073
case_330,b,2025-02-24 20:18:11.618073
case_330,b,2025-02-24 20:23:11.618073
case_330,a,2025-02-24 20:28:11.618073
case_330,b,2025-02-24 20:33:11.618073
case_330,c,2025-02-24 20:38:11.618073
case_330,a,2025-02-24 20:43:11.618073
case_330,c,2025-02-24 20:48:11.618073
case_330,a,2025-02-24 20:53:11.618073
case_330,a,2025-02-24 20:58:11.618073
case_330,b,2025-02-24 21:03:11.618073
case_331,a,2025-02-24 19:28:11.618103
case_331,a,2025-02-24 19:33:11.618103
case_331,b,2025-02-24 19:38:11.618103
case_331,c,2025-02-24 19:43:11.618103
case_331,c,2025-02-24 19:48:11.618103
case_331,c,2025-02-24 19:53:11.618103
case_331,b,2025-02-24 19:58:11.618103
case_331,b,2025-02-24 20:03:11.618103
case_331,b,2025-02-24 20:08:11.618103
case_331,b,2025-02-24 20:13:11.618103
case_331,c,2025-02-24 20:18:11.618103
case_331,c,2025-02-24 20:23:11.618103
case_331,b,2025-02-24 20:28:11.618103
case_331,a,2025-02-24 20:33:11.618103
case_331,b,2025-02-24 20:38:11.618103
case_331,a,2025-02-24 20:43:11.618103
case_331,b,2025-02-24 20:48:11.618103
case_331,c,2025-02-24 20:53:11.618103
case_331,b,2025-02-24 20:58:11.618103
case_331,c,2025-02-24 21:03:11.618103
case_332,a,2025-02-24 19:28:11.618135
case_332,c,2025-02-24 19:33:11.618135
case_332,a,2025-02-24 19:38:11.618135
case_332,b,2025-02-24 19:43:11.618135
case_332,a,2025-02-24 19:48:11.618135
case_332,a,2025-02-24 19:53:11.618135
case_332,a,2025-02-24 19:58:11.618135
case_332,b,2025-02-24 20:03:11.618135
case_332,c,2025-02-24 20:08:11.618135
case_332,b,2025-02-24 20:13:11.618135
case_332,b,2025-02-24 20:18:11.618135
case_332,a,2025-02-24 20:23:11.618135
case_332,a,2025-02-24 20:28:11.618135
case_332,c,2025-02-24 20:33:11.618135
case_332,a,2025-02-24 20:38:11.618135
case_332,b,2025-02-24 20:43:11.618135
case_332,b,2025-02-24 20:48:11.618135
case_332,c,2025-02-24 20:53:11.618135
case_332,c,2025-02-24 20:58:11.618135
case_332,b,2025-02-24 21:03:11.618135
case_333,b,2025-02-24 19:28:11.618166
case_333,b,2025-02-24 19:33:11.618166
case_333,c,2025-02-24 19:38:11.618166
case_333,b,2025-02-24 19:43:11.618166
case_333,b,2025-02-24 19:48:11.618166
case_333,a,2025-02-24 19:53:11.618166
case_333,b,2025-02-24 19:58:11.618166
case_333,a,2025-02-24 20:03:11.618166
case_333,a,2025-02-24 20:08:11.618166
case_333,a,2025-02-24 20:13:11.618166
case_333,c,2025-02-24 20:18:11.618166
case_333,a,2025-02-24 20:23:11.618166
case_333,a,2025-02-24 20:28:11.618166
case_333,a,2025-02-24 20:33:11.618166
case_333,a,2025-02-24 20:38:11.618166
case_333,a,2025-02-24 20:43:11.618166
case_333,c,2025-02-24 20:48:11.618166
case_333,b,2025-02-24 20:53:11.618166
case_333,c,2025-02-24 20:58:11.618166
case_333,c,2025-02-24 21:03:11.618166
case_334,a,2025-02-24 19:28:11.618197
case_334,b,2025-02-24 19:33:11.618197
case_334,b,2025-02-24 19:38:11.618197
case_334,a,2025-02-24 19:43:11.618197
case_334,a,2025-02-24 19:48:11.618197
case_334,b,2025-02-24 19:53:11.618197
case_334,b,2025-02-24 19:58:11.618197
case_334,b,2025-02-24 20:03:11.618197
case_334,a,2025-02-24 20:08:11.618197
case_334,a,2025-02-24 20:13:11.618197
case_334,b,2025-02-24 20:18:11.618197
case_334,a,2025-02-24 20:23:11.618197
case_334,b,2025-02-24 20:28:11.618197
case_334,c,2025-02-24 20:33:11.618197
case_334,c,2025-02-24 20:38:11.618197
case_334,b,2025-02-24 20:43:11.618197
case_334,c,2025-02-24 20:48:11.618197
case_334,c,2025-02-24 20:53:11.618197
case_334,b,2025-02-24 20:58:11.618197
case_334,b,2025-02-24 21:03:11.618197
case_335,a,2025-02-24 19:28:11.618228
case_335,b,2025-02-24 19:33:11.618228
case_335,b,2025-02-24 19:38:11.618228
case_335,a,2025-02-24 19:43:11.618228
case_335,c,2025-02-24 19:48:11.618228
case_335,c,2025-02-24 19:53:11.618228
case_335,c,2025-02-24 19:58:11.618228
case_335,a,2025-02-24 20:03:11.618228
case_335,b,2025-02-24 20:08:11.618228
case_335,b,2025-02-24 20:13:11.618228
case_335,a,2025-02-24 20:18:11.618228
case_335,c,2025-02-24 20:23:11.618228
case_335,b,2025-02-24 20:28:11.618228
case_335,b,2025-02-24 20:33:11.618228
case_335,a,2025-02-24 20:38:11.618228
case_335,a,2025-02-24 20:43:11.618228
case_335,a,2025-02-24 20:48:11.618228
case_335,c,2025-02-24 20:53:11.618228
case_335,a,2025-02-24 20:58:11.618228
case_335,c,2025-02-24 21:03:11.618228
case_336,b,2025-02-24 19:28:11.618258
case_336,b,2025-02-24 19:33:11.618258
case_336,a,2025-02-24 19:38:11.618258
case_336,a,2025-02-24 19:43:11.618258
case_336,a,2025-02-24 19:48:11.618258
case_336,a,2025-02-24 19:53:11.618258
case_336,c,2025-02-24 19:58:11.618258
case_336,b,2025-02-24 20:03:11.618258
case_336,c,2025-02-24 20:08:11.618258
case_336,c,2025-02-24 20:13:11.618258
case_336,a,2025-02-24 20:18:11.618258
case_336,b,2025-02-24 20:23:11.618258
case_336,b,2025-02-24 20:28:11.618258
case_336,b,2025-02-24 20:33:11.618258
case_336,a,2025-02-24 20:38:11.618258
case_336,a,2025-02-24 20:43:11.618258
case_336,a,2025-02-24 20:48:11.618258
case_336,c,2025-02-24 20:53:11.618258
case_336,b,2025-02-24 20:58:11.618258
case_336,c,2025-02-24 21:03:11.618258
case_337,a,2025-02-24 19:28:11.618289
case_337,c,2025-02-24 19:33:11.618289
case_337,c,2025-02-24 19:38:11.618289
case_337,a,2025-02-24 19:43:11.618289
case_337,c,2025-02-24 19:48:11.618289
case_337,c,2025-02-24 19:53:11.618289
case_337,a,2025-02-24 19:58:11.618289
case_337,a,2025-02-24 20:03:11.618289
case_337,c,2025-02-24 20:08:11.618289
case_337,c,2025-02-24 20:13:11.618289
case_337,a,2025-02-24 20:18:11.618289
case_337,b,2025-02-24 20:23:11.618289
case_337,a,2025-02-24 20:28:11.618289
case_337,a,2025-02-24 20:33:11.618289
case_337,a,2025-02-24 20:38:11.618289
case_337,b,2025-02-24 20:43:11.618289
case_337,a,2025-02-24 20:48:11.618289
case_337,a,2025-02-24 20:53:11.618289
case_337,b,2025-02-24 20:58:11.618289
case_337,c,2025-02-24 21:03:11.618289
case_338,a,2025-02-24 19:28:11.618319
case_338,b,2025-02-24 19:33:11.618319
case_338,c,2025-02-24 19:38:11.618319
case_338,a,2025-02-24 19:43:11.618319
case_338,b,2025-02-24 19:48:11.618319
case_338,c,2025-02-24 19:53:11.618319
case_338,c,2025-02-24 19:58:11.618319
case_338,b,2025-02-24 20:03:11.618319
case_338,a,2025-02-24 20:08:11.618319
case_338,a,2025-02-24 20:13:11.618319
case_338,c,2025-02-24 20:18:11.618319
case_338,c,2025-02-24 20:23:11.618319
case_338,a,2025-02-24 20:28:11.618319
case_338,c,2025-02-24 20:33:11.618319
case_338,b,2025-02-24 20:38:11.618319
case_338,b,2025-02-24 20:43:11.618319
case_338,a,2025-02-24 20:48:11.618319
case_338,b,2025-02-24 20:53:11.618319
case_338,a,2025-02-24 20:58:11.618319
case_338,c,2025-02-24 21:03:11.618319
case_339,a,2025-02-24 19:28:11.618352
case_339,b,2025-02-24 19:33:11.618352
case_339,a,2025-02-24 19:38:11.618352
case_339,c,2025-02-24 19:43:11.618352
case_339,c,2025-02-24 19:48:11.618352
case_339,a,2025-02-24 19:53:11.618352
case_339,b,2025-02-24 19:58:11.618352
case_339,b,2025-02-24 20:03:11.618352
case_339,c,2025-02-24 20:08:11.618352
case_339,b,2025-02-24 20:13:11.618352
case_339,c,2025-02-24 20:18:11.618352
case_339,c,2025-02-24 20:23:11.618352
case_339,b,2025-02-24 20:28:11.618352
case_339,b,2025-02-24 20:33:11.618352
case_339,b,2025-02-24 20:38:11.618352
case_339,a,2025-02-24 20:43:11.618352
case_339,b,2025-02-24 20:48:11.618352
case_339,a,2025-02-24 20:53:11.618352
case_339,a,2025-02-24 20:58:11.618352
case_339,b,2025-02-24 21:03:11.618352
case_340,b,2025-02-24 19:28:11.618382
case_340,a,2025-02-24 19:33:11.618382
case_340,c,2025-02-24 19:38:11.618382
case_340,c,2025-02-24 19:43:11.618382
case_340,a,2025-02-24 19:48:11.618382
case_340,b,2025-02-24 19:53:11.618382
case_340,c,2025-02-24 19:58:11.618382
case_340,b,2025-02-24 20:03:11.618382
case_340,b,2025-02-24 20:08:11.618382
case_340,b,2025-02-24 20:13:11.618382
case_340,c,2025-02-24 20:18:11.618382
case_340,b,2025-02-24 20:23:11.618382
case_340,b,2025-02-24 20:28:11.618382
case_340,a,2025-02-24 20:33:11.618382
case_340,c,2025-02-24 20:38:11.618382
case_340,b,2025-02-24 20:43:11.618382
case_340,b,2025-02-24 20:48:11.618382
case_340,a,2025-02-24 20:53:11.618382
case_340,b,2025-02-24 20:58:11.618382
case_340,a,2025-02-24 21:03:11.618382
case_341,a,2025-02-24 19:28:11.618412
case_341,a,2025-02-24 19:33:11.618412
case_341,a,2025-02-24 19:38:11.618412
case_341,c,2025-02-24 19:43:11.618412
case_341,a,2025-02-24 19:48:11.618412
case_341,a,2025-02-24 19:53:11.618412
case_341,c,2025-02-24 19:58:11.618412
case_341,c,2025-02-24 20:03:11.618412
case_341,a,2025-02-24 20:08:11.618412
case_341,b,2025-02-24 20:13:11.618412
case_341,a,2025-02-24 20:18:11.618412
case_341,b,2025-02-24 20:23:11.618412
case_341,c,2025-02-24 20:28:11.618412
case_341,b,2025-02-24 20:33:11.618412
case_341,c,2025-02-24 20:38:11.618412
case_341,c,2025-02-24 20:43:11.618412
case_341,b,2025-02-24 20:48:11.618412
case_341,a,2025-02-24 20:53:11.618412
case_341,c,2025-02-24 20:58:11.618412
case_341,a,2025-02-24 21:03:11.618412
case_342,b,2025-02-24 19:28:11.618442
case_342,a,2025-02-24 19:33:11.618442
case_342,a,2025-02-24 19:38:11.618442
case_342,b,2025-02-24 19:43:11.618442
case_342,c,2025-02-24 19:48:11.618442
case_342,a,2025-02-24 19:53:11.618442
case_342,b,2025-02-24 19:58:11.618442
case_342,b,2025-02-24 20:03:11.618442
case_342,c,2025-02-24 20:08:11.618442
case_342,a,2025-02-24 20:13:11.618442
case_342,a,2025-02-24 20:18:11.618442
case_342,a,2025-02-24 20:23:11.618442
case_342,b,2025-02-24 20:28:11.618442
case_342,a,2025-02-24 20:33:11.618442
case_342,b,2025-02-24 20:38:11.618442
case_342,c,2025-02-24 20:43:11.618442
case_342,c,2025-02-24 20:48:11.618442
case_342,a,2025-02-24 20:53:11.618442
case_342,c,2025-02-24 20:58:11.618442
case_342,c,2025-02-24 21:03:11.618442
case_343,b,2025-02-24 19:28:11.618472
case_343,a,2025-02-24 19:33:11.618472
case_343,c,2025-02-24 19:38:11.618472
case_343,a,2025-02-24 19:43:11.618472
case_343,a,2025-02-24 19:48:11.618472
case_343,b,2025-02-24 19:53:11.618472
case_343,a,2025-02-24 19:58:11.618472
case_343,c,2025-02-24 20:03:11.618472
case_343,c,2025-02-24 20:08:11.618472
case_343,b,2025-02-24 20:13:11.618472
case_343,b,2025-02-24 20:18:11.618472
case_343,a,2025-02-24 20:23:11.618472
case_343,c,2025-02-24 20:28:11.618472
case_343,a,2025-02-24 20:33:11.618472
case_343,c,2025-02-24 20:38:11.618472
case_343,c,2025-02-24 20:43:11.618472
case_343,b,2025-02-24 20:48:11.618472
case_343,a,2025-02-24 20:53:11.618472
case_343,a,2025-02-24 20:58:11.618472
case_343,c,2025-02-24 21:03:11.618472
case_344,b,2025-02-24 19:28:11.618502
case_344,b,2025-02-24 19:33:11.618502
case_344,c,2025-02-24 19:38:11.618502
case_344,c,2025-02-24 19:43:11.618502
case_344,a,2025-02-24 19:48:11.618502
case_344,a,2025-02-24 19:53:11.618502
case_344,b,2025-02-24 19:58:11.618502
case_344,c,2025-02-24 20:03:11.618502
case_344,b,2025-02-24 20:08:11.618502
case_344,b,2025-02-24 20:13:11.618502
case_344,c,2025-02-24 20:18:11.618502
case_344,c,2025-02-24 20:23:11.618502
case_344,a,2025-02-24 20:28:11.618502
case_344,c,2025-02-24 20:33:11.618502
case_344,c,2025-02-24 20:38:11.618502
case_344,c,2025-02-24 20:43:11.618502
case_344,c,2025-02-24 20:48:11.618502
case_344,c,2025-02-24 20:53:11.618502
case_344,b,2025-02-24 20:58:11.618502
case_344,b,2025-02-24 21:03:11.618502
case_345,b,2025-02-24 19:28:11.618532
case_345,b,2025-02-24 19:33:11.618532
case_345,a,2025-02-24 19:38:11.618532
case_345,a,2025-02-24 19:43:11.618532
case_345,b,2025-02-24 19:48:11.618532
case_345,b,2025-02-24 19:53:11.618532
case_345,c,2025-02-24 19:58:11.618532
case_345,a,2025-02-24 20:03:11.618532
case_345,c,2025-02-24 20:08:11.618532
case_345,b,2025-02-24 20:13:11.618532
case_345,a,2025-02-24 20:18:11.618532
case_345,c,2025-02-24 20:23:11.618532
case_345,b,2025-02-24 20:28:11.618532
case_345,a,2025-02-24 20:33:11.618532
case_345,c,2025-02-24 20:38:11.618532
case_345,c,2025-02-24 20:43:11.618532
case_345,a,2025-02-24 20:48:11.618532
case_345,c,2025-02-24 20:53:11.618532
case_345,a,2025-02-24 20:58:11.618532
case_345,c,2025-02-24 21:03:11.618532
case_346,a,2025-02-24 19:28:11.618562
case_346,c,2025-02-24 19:33:11.618562
case_346,a,2025-02-24 19:38:11.618562
case_346,c,2025-02-24 19:43:11.618562
case_346,c,2025-02-24 19:48:11.618562
case_346,b,2025-02-24 19:53:11.618562
case_346,a,2025-02-24 19:58:11.618562
case_346,b,2025-02-24 20:03:11.618562
case_346,c,2025-02-24 20:08:11.618562
case_346,a,2025-02-24 20:13:11.618562
case_346,a,2025-02-24 20:18:11.618562
case_346,b,2025-02-24 20:23:11.618562
case_346,b,2025-02-24 20:28:11.618562
case_346,a,2025-02-24 20:33:11.618562
case_346,c,2025-02-24 20:38:11.618562
case_346,c,2025-02-24 20:43:11.618562
case_346,c,2025-02-24 20:48:11.618562
case_346,c,2025-02-24 20:53:11.618562
case_346,a,2025-02-24 20:58:11.618562
case_346,a,2025-02-24 21:03:11.618562
case_347,a,2025-02-24 19:28:11.618592
case_347,a,2025-02-24 19:33:11.618592
case_347,a,2025-02-24 19:38:11.618592
case_347,a,2025-02-24 19:43:11.618592
case_347,a,2025-02-24 19:48:11.618592
case_347,b,2025-02-24 19:53:11.618592
case_347,c,2025-02-24 19:58:11.618592
case_347,c,2025-02-24 20:03:11.618592
case_347,a,2025-02-24 20:08:11.618592
case_347,a,2025-02-24 20:13:11.618592
case_347,c,2025-02-24 20:18:11.618592
case_347,a,2025-02-24 20:23:11.618592
case_347,a,2025-02-24 20:28:11.618592
case_347,c,2025-02-24 20:33:11.618592
case_347,a,2025-02-24 20:38:11.618592
case_347,b,2025-02-24 20:43:11.618592
case_347,c,2025-02-24 20:48:11.618592
case_347,a,2025-02-24 20:53:11.618592
case_347,c,2025-02-24 20:58:11.618592
case_347,b,2025-02-24 21:03:11.618592
case_348,a,2025-02-24 19:28:11.618622
case_348,b,2025-02-24 19:33:11.618622
case_348,a,2025-02-24 19:38:11.618622
case_348,b,2025-02-24 19:43:11.618622
case_348,b,2025-02-24 19:48:11.618622
case_348,c,2025-02-24 19:53:11.618622
case_348,b,2025-02-24 19:58:11.618622
case_348,c,2025-02-24 20:03:11.618622
case_348,a,2025-02-24 20:08:11.618622
case_348,b,2025-02-24 20:13:11.618622
case_348,c,2025-02-24 20:18:11.618622
case_348,b,2025-02-24 20:23:11.618622
case_348,c,2025-02-24 20:28:11.618622
case_348,b,2025-02-24 20:33:11.618622
case_348,a,2025-02-24 20:38:11.618622
case_348,c,2025-02-24 20:43:11.618622
case_348,a,2025-02-24 20:48:11.618622
case_348,a,2025-02-24 20:53:11.618622
case_348,c,2025-02-24 20:58:11.618622
case_348,c,2025-02-24 21:03:11.618622
case_349,a,2025-02-24 19:28:11.618652
case_349,b,2025-02-24 19:33:11.618652
case_349,b,2025-02-24 19:38:11.618652
case_349,b,2025-02-24 19:43:11.618652
case_349,a,2025-02-24 19:48:11.618652
case_349,a,2025-02-24 19:53:11.618652
case_349,b,2025-02-24 19:58:11.618652
case_349,a,2025-02-24 20:03:11.618652
case_349,a,2025-02-24 20:08:11.618652
case_349,a,2025-02-24 20:13:11.618652
case_349,b,2025-02-24 20:18:11.618652
case_349,b,2025-02-24 20:23:11.618652
case_349,c,2025-02-24 20:28:11.618652
case_349,a,2025-02-24 20:33:11.618652
case_349,c,2025-02-24 20:38:11.618652
case_349,c,2025-02-24 20:43:11.618652
case_349,c,2025-02-24 20:48:11.618652
case_349,a,2025-02-24 20:53:11.618652
case_349,b,2025-02-24 20:58:11.618652
case_349,c,2025-02-24 21:03:11.618652
case_350,b,2025-02-24 19:28:11.618682
case_350,b,2025-02-24 19:33:11.618682
case_350,b,2025-02-24 19:38:11.618682
case_350,a,2025-02-24 19:43:11.618682
case_350,a,2025-02-24 19:48:11.618682
case_350,b,2025-02-24 19:53:11.618682
case_350,a,2025-02-24 19:58:11.618682
case_350,b,2025-02-24 20:03:11.618682
case_350,b,2025-02-24 20:08:11.618682
case_350,b,2025-02-24 20:13:11.618682
case_350,a,2025-02-24 20:18:11.618682
case_350,c,2025-02-24 20:23:11.618682
case_350,a,2025-02-24 20:28:11.618682
case_350,b,2025-02-24 20:33:11.618682
case_350,c,2025-02-24 20:38:11.618682
case_350,b,2025-02-24 20:43:11.618682
case_350,c,2025-02-24 20:48:11.618682
case_350,c,2025-02-24 20:53:11.618682
case_350,b,2025-02-24 20:58:11.618682
case_350,c,2025-02-24 21:03:11.618682
case_351,b,2025-02-24 19:28:11.618712
case_351,a,2025-02-24 19:33:11.618712
case_351,c,2025-02-24 19:38:11.618712
case_351,b,2025-02-24 19:43:11.618712
case_351,c,2025-02-24 19:48:11.618712
case_351,b,2025-02-24 19:53:11.618712
case_351,b,2025-02-24 19:58:11.618712
case_351,b,2025-02-24 20:03:11.618712
case_351,a,2025-02-24 20:08:11.618712
case_351,b,2025-02-24 20:13:11.618712
case_351,c,2025-02-24 20:18:11.618712
case_351,a,2025-02-24 20:23:11.618712
case_351,a,2025-02-24 20:28:11.618712
case_351,b,2025-02-24 20:33:11.618712
case_351,a,2025-02-24 20:38:11.618712
case_351,a,2025-02-24 20:43:11.618712
case_351,a,2025-02-24 20:48:11.618712
case_351,c,2025-02-24 20:53:11.618712
case_351,c,2025-02-24 20:58:11.618712
case_351,a,2025-02-24 21:03:11.618712
case_352,a,2025-02-24 19:28:11.618742
case_352,c,2025-02-24 19:33:11.618742
case_352,b,2025-02-24 19:38:11.618742
case_352,c,2025-02-24 19:43:11.618742
case_352,c,2025-02-24 19:48:11.618742
case_352,a,2025-02-24 19:53:11.618742
case_352,c,2025-02-24 19:58:11.618742
case_352,a,2025-02-24 20:03:11.618742
case_352,a,2025-02-24 20:08:11.618742
case_352,c,2025-02-24 20:13:11.618742
case_352,b,2025-02-24 20:18:11.618742
case_352,c,2025-02-24 20:23:11.618742
case_352,c,2025-02-24 20:28:11.618742
case_352,c,2025-02-24 20:33:11.618742
case_352,c,2025-02-24 20:38:11.618742
case_352,c,2025-02-24 20:43:11.618742
case_352,b,2025-02-24 20:48:11.618742
case_352,a,2025-02-24 20:53:11.618742
case_352,c,2025-02-24 20:58:11.618742
case_352,b,2025-02-24 21:03:11.618742
case_353,a,2025-02-24 19:28:11.618772
case_353,c,2025-02-24 19:33:11.618772
case_353,b,2025-02-24 19:38:11.618772
case_353,c,2025-02-24 19:43:11.618772
case_353,b,2025-02-24 19:48:11.618772
case_353,c,2025-02-24 19:53:11.618772
case_353,a,2025-02-24 19:58:11.618772
case_353,b,2025-02-24 20:03:11.618772
case_353,c,2025-02-24 20:08:11.618772
case_353,c,2025-02-24 20:13:11.618772
case_353,a,2025-02-24 20:18:11.618772
case_353,b,2025-02-24 20:23:11.618772
case_353,c,2025-02-24 20:28:11.618772
case_353,a,2025-02-24 20:33:11.618772
case_353,b,2025-02-24 20:38:11.618772
case_353,b,2025-02-24 20:43:11.618772
case_353,c,2025-02-24 20:48:11.618772
case_353,a,2025-02-24 20:53:11.618772
case_353,b,2025-02-24 20:58:11.618772
case_353,a,2025-02-24 21:03:11.618772
case_354,b,2025-02-24 19:28:11.618802
case_354,b,2025-02-24 19:33:11.618802
case_354,b,2025-02-24 19:38:11.618802
case_354,c,2025-02-24 19:43:11.618802
case_354,c,2025-02-24 19:48:11.618802
case_354,c,2025-02-24 19:53:11.618802
case_354,b,2025-02-24 19:58:11.618802
case_354,a,2025-02-24 20:03:11.618802
case_354,c,2025-02-24 20:08:11.618802
case_354,c,2025-02-24 20:13:11.618802
case_354,b,2025-02-24 20:18:11.618802
case_354,c,2025-02-24 20:23:11.618802
case_354,a,2025-02-24 20:28:11.618802
case_354,a,2025-02-24 20:33:11.618802
case_354,c,2025-02-24 20:38:11.618802
case_354,b,2025-02-24 20:43:11.618802
case_354,a,2025-02-24 20:48:11.618802
case_354,c,2025-02-24 20:53:11.618802
case_354,c,2025-02-24 20:58:11.618802
case_354,b,2025-02-24 21:03:11.618802
case_355,a,2025-02-24 19:28:11.618832
case_355,c,2025-02-24 19:33:11.618832
case_355,c,2025-02-24 19:38:11.618832
case_355,b,2025-02-24 19:43:11.618832
case_355,b,2025-02-24 19:48:11.618832
case_355,b,2025-02-24 19:53:11.618832
case_355,b,2025-02-24 19:58:11.618832
case_355,c,2025-02-24 20:03:11.618832
case_355,a,2025-02-24 20:08:11.618832
case_355,b,2025-02-24 20:13:11.618832
case_355,c,2025-02-24 20:18:11.618832
case_355,a,2025-02-24 20:23:11.618832
case_355,c,2025-02-24 20:28:11.618832
case_355,a,2025-02-24 20:33:11.618832
case_355,c,2025-02-24 20:38:11.618832
case_355,c,2025-02-24 20:43:11.618832
case_355,a,2025-02-24 20:48:11.618832
case_355,c,2025-02-24 20:53:11.618832
case_355,b,2025-02-24 20:58:11.618832
case_355,c,2025-02-24 21:03:11.618832
case_356,a,2025-02-24 19:28:11.618862
case_356,a,2025-02-24 19:33:11.618862
case_356,a,2025-02-24 19:38:11.618862
case_356,a,2025-02-24 19:43:11.618862
case_356,b,2025-02-24 19:48:11.618862
case_356,c,2025-02-24 19:53:11.618862
case_356,b,2025-02-24 19:58:11.618862
case_356,b,2025-02-24 20:03:11.618862
case_356,c,2025-02-24 20:08:11.618862
case_356,a,2025-02-24 20:13:11.618862
case_356,c,2025-02-24 20:18:11.618862
case_356,a,2025-02-24 20:23:11.618862
case_356,a,2025-02-24 20:28:11.618862
case_356,c,2025-02-24 20:33:11.618862
case_356,c,2025-02-24 20:38:11.618862
case_356,c,2025-02-24 20:43:11.618862
case_356,c,2025-02-24 20:48:11.618862
case_356,a,2025-02-24 20:53:11.618862
case_356,b,2025-02-24 20:58:11.618862
case_356,c,2025-02-24 21:03:11.618862
case_357,b,2025-02-24 19:28:11.618891
case_357,c,2025-02-24 19:33:11.618891
case_357,b,2025-02-24 19:38:11.618891
case_357,b,2025-02-24 19:43:11.618891
case_357,b,2025-02-24 19:48:11.618891
case_357,b,2025-02-24 19:53:11.618891
case_357,a,2025-02-24 19:58:11.618891
case_357,b,2025-02-24 20:03:11.618891
case_357,a,2025-02-24 20:08:11.618891
case_357,a,2025-02-24 20:13:11.618891
case_357,b,2025-02-24 20:18:11.618891
case_357,a,2025-02-24 20:23:11.618891
case_357,c,2025-02-24 20:28:11.618891
case_357,b,2025-02-24 20:33:11.618891
case_357,c,2025-02-24 20:38:11.618891
case_357,b,2025-02-24 20:43:11.618891
case_357,a,2025-02-24 20:48:11.618891
case_357,c,2025-02-24 20:53:11.618891
case_357,a,2025-02-24 20:58:11.618891
case_357,c,2025-02-24 21:03:11.618891
case_358,a,2025-02-24 19:28:11.618921
case_358,a,2025-02-24 19:33:11.618921
case_358,c,2025-02-24 19:38:11.618921
case_358,b,2025-02-24 19:43:11.618921
case_358,b,2025-02-24 19:48:11.618921
case_358,c,2025-02-24 19:53:11.618921
case_358,c,2025-02-24 19:58:11.618921
case_358,b,2025-02-24 20:03:11.618921
case_358,b,2025-02-24 20:08:11.618921
case_358,a,2025-02-24 20:13:11.618921
case_358,a,2025-02-24 20:18:11.618921
case_358,b,2025-02-24 20:23:11.618921
case_358,b,2025-02-24 20:28:11.618921
case_358,c,2025-02-24 20:33:11.618921
case_358,a,2025-02-24 20:38:11.618921
case_358,c,2025-02-24 20:43:11.618921
case_358,a,2025-02-24 20:48:11.618921
case_358,c,2025-02-24 20:53:11.618921
case_358,a,2025-02-24 20:58:11.618921
case_358,a,2025-02-24 21:03:11.618921
case_359,b,2025-02-24 19:28:11.618951
case_359,a,2025-02-24 19:33:11.618951
case_359,c,2025-02-24 19:38:11.618951
case_359,b,2025-02-24 19:43:11.618951
case_359,b,2025-02-24 19:48:11.618951
case_359,b,2025-02-24 19:53:11.618951
case_359,b,2025-02-24 19:58:11.618951
case_359,c,2025-02-24 20:03:11.618951
case_359,b,2025-02-24 20:08:11.618951
case_359,b,2025-02-24 20:13:11.618951
case_359,a,2025-02-24 20:18:11.618951
case_359,b,2025-02-24 20:23:11.618951
case_359,b,2025-02-24 20:28:11.618951
case_359,a,2025-02-24 20:33:11.618951
case_359,c,2025-02-24 20:38:11.618951
case_359,b,2025-02-24 20:43:11.618951
case_359,b,2025-02-24 20:48:11.618951
case_359,c,2025-02-24 20:53:11.618951
case_359,c,2025-02-24 20:58:11.618951
case_359,a,2025-02-24 21:03:11.618951
case_360,b,2025-02-24 19:28:11.618981
case_360,c,2025-02-24 19:33:11.618981
case_360,b,2025-02-24 19:38:11.618981
case_360,b,2025-02-24 19:43:11.618981
case_360,a,2025-02-24 19:48:11.618981
case_360,c,2025-02-24 19:53:11.618981
case_360,c,2025-02-24 19:58:11.618981
case_360,c,2025-02-24 20:03:11.618981
case_360,a,2025-02-24 20:08:11.618981
case_360,c,2025-02-24 20:13:11.618981
case_360,c,2025-02-24 20:18:11.618981
case_360,b,2025-02-24 20:23:11.618981
case_360,a,2025-02-24 20:28:11.618981
case_360,a,2025-02-24 20:33:11.618981
case_360,a,2025-02-24 20:38:11.618981
case_360,c,2025-02-24 20:43:11.618981
case_360,c,2025-02-24 20:48:11.618981
case_360,a,2025-02-24 20:53:11.618981
case_360,b,2025-02-24 20:58:11.618981
case_360,c,2025-02-24 21:03:11.618981
case_361,a,2025-02-24 19:28:11.619011
case_361,a,2025-02-24 19:33:11.619011
case_361,c,2025-02-24 19:38:11.619011
case_361,b,2025-02-24 19:43:11.619011
case_361,b,2025-02-24 19:48:11.619011
case_361,c,2025-02-24 19:53:11.619011
case_361,a,2025-02-24 19:58:11.619011
case_361,a,2025-02-24 20:03:11.619011
case_361,c,2025-02-24 20:08:11.619011
case_361,b,2025-02-24 20:13:11.619011
case_361,c,2025-02-24 20:18:11.619011
case_361,b,2025-02-24 20:23:11.619011
case_361,a,2025-02-24 20:28:11.619011
case_361,b,2025-02-24 20:33:11.619011
case_361,c,2025-02-24 20:38:11.619011
case_361,a,2025-02-24 20:43:11.619011
case_361,c,2025-02-24 20:48:11.619011
case_361,a,2025-02-24 20:53:11.619011
case_361,c,2025-02-24 20:58:11.619011
case_361,a,2025-02-24 21:03:11.619011
case_362,b,2025-02-24 19:28:11.619041
case_362,b,2025-02-24 19:33:11.619041
case_362,c,2025-02-24 19:38:11.619041
case_362,a,2025-02-24 19:43:11.619041
case_362,c,2025-02-24 19:48:11.619041
case_362,a,2025-02-24 19:53:11.619041
case_362,b,2025-02-24 19:58:11.619041
case_362,c,2025-02-24 20:03:11.619041
case_362,a,2025-02-24 20:08:11.619041
case_362,b,2025-02-24 20:13:11.619041
case_362,c,2025-02-24 20:18:11.619041
case_362,a,2025-02-24 20:23:11.619041
case_362,c,2025-02-24 20:28:11.619041
case_362,a,2025-02-24 20:33:11.619041
case_362,a,2025-02-24 20:38:11.619041
case_362,a,2025-02-24 20:43:11.619041
case_362,b,2025-02-24 20:48:11.619041
case_362,c,2025-02-24 20:53:11.619041
case_362,c,2025-02-24 20:58:11.619041
case_362,b,2025-02-24 21:03:11.619041
case_363,a,2025-02-24 19:28:11.619071
case_363,a,2025-02-24 19:33:11.619071
case_363,b,2025-02-24 19:38:11.619071
case_363,b,2025-02-24 19:43:11.619071
case_363,b,2025-02-24 19:48:11.619071
case_363,c,2025-02-24 19:53:11.619071
case_363,b,2025-02-24 19:58:11.619071
case_363,a,2025-02-24 20:03:11.619071
case_363,c,2025-02-24 20:08:11.619071
case_363,a,2025-02-24 20:13:11.619071
case_363,b,2025-02-24 20:18:11.619071
case_363,c,2025-02-24 20:23:11.619071
case_363,b,2025-02-24 20:28:11.619071
case_363,b,2025-02-24 20:33:11.619071
case_363,a,2025-02-24 20:38:11.619071
case_363,a,2025-02-24 20:43:11.619071
case_363,b,2025-02-24 20:48:11.619071
case_363,c,2025-02-24 20:53:11.619071
case_363,a,2025-02-24 20:58:11.619071
case_363,c,2025-02-24 21:03:11.619071
case_364,a,2025-02-24 19:28:11.619101
case_364,c,2025-02-24 19:33:11.619101
case_364,b,2025-02-24 19:38:11.619101
case_364,c,2025-02-24 19:43:11.619101
case_364,a,2025-02-24 19:48:11.619101
case_364,a,2025-02-24 19:53:11.619101
case_364,a,2025-02-24 19:58:11.619101
case_364,c,2025-02-24 20:03:11.619101
case_364,c,2025-02-24 20:08:11.619101
case_364,c,2025-02-24 20:13:11.619101
case_364,c,2025-02-24 20:18:11.619101
case_364,b,2025-02-24 20:23:11.619101
case_364,a,2025-02-24 20:28:11.619101
case_364,a,2025-02-24 20:33:11.619101
case_364,b,2025-02-24 20:38:11.619101
case_364,b,2025-02-24 20:43:11.619101
case_364,a,2025-02-24 20:48:11.619101
case_364,a,2025-02-24 20:53:11.619101
case_364,b,2025-02-24 20:58:11.619101
case_364,a,2025-02-24 21:03:11.619101
case_365,b,2025-02-24 19:28:11.619131
case_365,c,2025-02-24 19:33:11.619131
case_365,a,2025-02-24 19:38:11.619131
case_365,b,2025-02-24 19:43:11.619131
case_365,a,2025-02-24 19:48:11.619131
case_365,b,2025-02-24 19:53:11.619131
case_365,a,2025-02-24 19:58:11.619131
case_365,c,2025-02-24 20:03:11.619131
case_365,a,2025-02-24 20:08:11.619131
case_365,a,2025-02-24 20:13:11.619131
case_365,a,2025-02-24 20:18:11.619131
case_365,b,2025-02-24 20:23:11.619131
case_365,a,2025-02-24 20:28:11.619131
case_365,b,2025-02-24 20:33:11.619131
case_365,a,2025-02-24 20:38:11.619131
case_365,b,2025-02-24 20:43:11.619131
case_365,b,2025-02-24 20:48:11.619131
case_365,b,2025-02-24 20:53:11.619131
case_365,a,2025-02-24 20:58:11.619131
case_365,a,2025-02-24 21:03:11.619131
case_366,a,2025-02-24 19:28:11.619161
case_366,c,2025-02-24 19:33:11.619161
case_366,a,2025-02-24 19:38:11.619161
case_366,a,2025-02-24 19:43:11.619161
case_366,c,2025-02-24 19:48:11.619161
case_366,a,2025-02-24 19:53:11.619161
case_366,b,2025-02-24 19:58:11.619161
case_366,b,2025-02-24 20:03:11.619161
case_366,a,2025-02-24 20:08:11.619161
case_366,b,2025-02-24 20:13:11.619161
case_366,c,2025-02-24 20:18:11.619161
case_366,c,2025-02-24 20:23:11.619161
case_366,a,2025-02-24 20:28:11.619161
case_366,b,2025-02-24 20:33:11.619161
case_366,a,2025-02-24 20:38:11.619161
case_366,c,2025-02-24 20:43:11.619161
case_366,b,2025-02-24 20:48:11.619161
case_366,b,2025-02-24 20:53:11.619161
case_366,a,2025-02-24 20:58:11.619161
case_366,c,2025-02-24 21:03:11.619161
case_367,a,2025-02-24 19:28:11.619191
case_367,c,2025-02-24 19:33:11.619191
case_367,b,2025-02-24 19:38:11.619191
case_367,b,2025-02-24 19:43:11.619191
case_367,a,2025-02-24 19:48:11.619191
case_367,b,2025-02-24 19:53:11.619191
case_367,c,2025-02-24 19:58:11.619191
case_367,a,2025-02-24 20:03:11.619191
case_367,b,2025-02-24 20:08:11.619191
case_367,a,2025-02-24 20:13:11.619191
case_367,c,2025-02-24 20:18:11.619191
case_367,c,2025-02-24 20:23:11.619191
case_367,b,2025-02-24 20:28:11.619191
case_367,b,2025-02-24 20:33:11.619191
case_367,c,2025-02-24 20:38:11.619191
case_367,b,2025-02-24 20:43:11.619191
case_367,b,2025-02-24 20:48:11.619191
case_367,b,2025-02-24 20:53:11.619191
case_367,a,2025-02-24 20:58:11.619191
case_367,c,2025-02-24 21:03:11.619191
case_368,b,2025-02-24 19:28:11.619221
case_368,a,2025-02-24 19:33:11.619221
case_368,c,2025-02-24 19:38:11.619221
case_368,a,2025-02-24 19:43:11.619221
case_368,b,2025-02-24 19:48:11.619221
case_368,b,2025-02-24 19:53:11.619221
case_368,c,2025-02-24 19:58:11.619221
case_368,b,2025-02-24 20:03:11.619221
case_368,b,2025-02-24 20:08:11.619221
case_368,b,2025-02-24 20:13:11.619221
case_368,a,2025-02-24 20:18:11.619221
case_368,b,2025-02-24 20:23:11.619221
case_368,c,2025-02-24 20:28:11.619221
case_368,b,2025-02-24 20:33:11.619221
case_368,a,2025-02-24 20:38:11.619221
case_368,b,2025-02-24 20:43:11.619221
case_368,c,2025-02-24 20:48:11.619221
case_368,c,2025-02-24 20:53:11.619221
case_368,a,2025-02-24 20:58:11.619221
case_368,c,2025-02-24 21:03:11.619221
case_369,b,2025-02-24 19:28:11.619251
case_369,a,2025-02-24 19:33:11.619251
case_369,b,2025-02-24 19:38:11.619251
case_369,b,2025-02-24 19:43:11.619251
case_369,a,2025-02-24 19:48:11.619251
case_369,c,2025-02-24 19:53:11.619251
case_369,b,2025-02-24 19:58:11.619251
case_369,c,2025-02-24 20:03:11.619251
case_369,a,2025-02-24 20:08:11.619251
case_369,a,2025-02-24 20:13:11.619251
case_369,c,2025-02-24 20:18:11.619251
case_369,a,2025-02-24 20:23:11.619251
case_369,a,2025-02-24 20:28:11.619251
case_369,c,2025-02-24 20:33:11.619251
case_369,c,2025-02-24 20:38:11.619251
case_369,b,2025-02-24 20:43:11.619251
case_369,c,2025-02-24 20:48:11.619251
case_369,b,2025-02-24 20:53:11.619251
case_369,a,2025-02-24 20:58:11.619251
case_369,a,2025-02-24 21:03:11.619251
case_370,b,2025-02-24 19:28:11.619281
case_370,b,2025-02-24 19:33:11.619281
case_370,a,2025-02-24 19:38:11.619281
case_370,c,2025-02-24 19:43:11.619281
case_370,b,2025-02-24 19:48:11.619281
case_370,a,2025-02-24 19:53:11.619281
case_370,a,2025-02-24 19:58:11.619281
case_370,b,2025-02-24 20:03:11.619281
case_370,a,2025-02-24 20:08:11.619281
case_370,c,2025-02-24 20:13:11.619281
case_370,c,2025-02-24 20:18:11.619281
case_370,c,2025-02-24 20:23:11.619281
case_370,a,2025-02-24 20:28:11.619281
case_370,a,2025-02-24 20:33:11.619281
case_370,c,2025-02-24 20:38:11.619281
case_370,a,2025-02-24 20:43:11.619281
case_370,b,2025-02-24 20:48:11.619281
case_370,a,2025-02-24 20:53:11.619281
case_370,c,2025-02-24 20:58:11.619281
case_370,b,2025-02-24 21:03:11.619281
case_371,b,2025-02-24 19:28:11.619311
case_371,c,2025-02-24 19:33:11.619311
case_371,c,2025-02-24 19:38:11.619311
case_371,b,2025-02-24 19:43:11.619311
case_371,b,2025-02-24 19:48:11.619311
case_371,a,2025-02-24 19:53:11.619311
case_371,b,2025-02-24 19:58:11.619311
case_371,a,2025-02-24 20:03:11.619311
case_371,a,2025-02-24 20:08:11.619311
case_371,a,2025-02-24 20:13:11.619311
case_371,c,2025-02-24 20:18:11.619311
case_371,b,2025-02-24 20:23:11.619311
case_371,b,2025-02-24 20:28:11.619311
case_371,b,2025-02-24 20:33:11.619311
case_371,c,2025-02-24 20:38:11.619311
case_371,a,2025-02-24 20:43:11.619311
case_371,b,2025-02-24 20:48:11.619311
case_371,c,2025-02-24 20:53:11.619311
case_371,a,2025-02-24 20:58:11.619311
case_371,a,2025-02-24 21:03:11.619311
case_372,b,2025-02-24 19:28:11.619343
case_372,a,2025-02-24 19:33:11.619343
case_372,b,2025-02-24 19:38:11.619343
case_372,b,2025-02-24 19:43:11.619343
case_372,b,2025-02-24 19:48:11.619343
case_372,b,2025-02-24 19:53:11.619343
case_372,a,2025-02-24 19:58:11.619343
case_372,a,2025-02-24 20:03:11.619343
case_372,a,2025-02-24 20:08:11.619343
case_372,c,2025-02-24 20:13:11.619343
case_372,c,2025-02-24 20:18:11.619343
case_372,b,2025-02-24 20:23:11.619343
case_372,b,2025-02-24 20:28:11.619343
case_372,c,2025-02-24 20:33:11.619343
case_372,c,2025-02-24 20:38:11.619343
case_372,b,2025-02-24 20:43:11.619343
case_372,b,2025-02-24 20:48:11.619343
case_372,b,2025-02-24 20:53:11.619343
case_372,a,2025-02-24 20:58:11.619343
case_372,b,2025-02-24 21:03:11.619343
case_373,b,2025-02-24 19:28:11.619372
case_373,a,2025-02-24 19:33:11.619372
case_373,a,2025-02-24 19:38:11.619372
case_373,a,2025-02-24 19:43:11.619372
case_373,a,2025-02-24 19:48:11.619372
case_373,b,2025-02-24 19:53:11.619372
case_373,c,2025-02-24 19:58:11.619372
case_373,c,2025-02-24 20:03:11.619372
case_373,a,2025-02-24 20:08:11.619372
case_373,a,2025-02-24 20:13:11.619372
case_373,a,2025-02-24 20:18:11.619372
case_373,a,2025-02-24 20:23:11.619372
case_373,a,2025-02-24 20:28:11.619372
case_373,a,2025-02-24 20:33:11.619372
case_373,b,2025-02-24 20:38:11.619372
case_373,a,2025-02-24 20:43:11.619372
case_373,c,2025-02-24 20:48:11.619372
case_373,a,2025-02-24 20:53:11.619372
case_373,b,2025-02-24 20:58:11.619372
case_373,b,2025-02-24 21:03:11.619372
case_374,a,2025-02-24 19:28:11.619402
case_374,b,2025-02-24 19:33:11.619402
case_374,a,2025-02-24 19:38:11.619402
case_374,a,2025-02-24 19:43:11.619402
case_374,c,2025-02-24 19:48:11.619402
case_374,a,2025-02-24 19:53:11.619402
case_374,c,2025-02-24 19:58:11.619402
case_374,a,2025-02-24 20:03:11.619402
case_374,c,2025-02-24 20:08:11.619402
case_374,b,2025-02-24 20:13:11.619402
case_374,c,2025-02-24 20:18:11.619402
case_374,c,2025-02-24 20:23:11.619402
case_374,b,2025-02-24 20:28:11.619402
case_374,a,2025-02-24 20:33:11.619402
case_374,a,2025-02-24 20:38:11.619402
case_374,b,2025-02-24 20:43:11.619402
case_374,b,2025-02-24 20:48:11.619402
case_374,a,2025-02-24 20:53:11.619402
case_374,a,2025-02-24 20:58:11.619402
case_374,a,2025-02-24 21:03:11.619402
case_375,b,2025-02-24 19:28:11.619432
case_375,c,2025-02-24 19:33:11.619432
case_375,a,2025-02-24 19:38:11.619432
case_375,b,2025-02-24 19:43:11.619432
case_375,c,2025-02-24 19:48:11.619432
case_375,c,2025-02-24 19:53:11.619432
case_375,c,2025-02-24 19:58:11.619432
case_375,c,2025-02-24 20:03:11.619432
case_375,b,2025-02-24 20:08:11.619432
case_375,b,2025-02-24 20:13:11.619432
case_375,c,2025-02-24 20:18:11.619432
case_375,c,2025-02-24 20:23:11.619432
case_375,a,2025-02-24 20:28:11.619432
case_375,a,2025-02-24 20:33:11.619432
case_375,c,2025-02-24 20:38:11.619432
case_375,a,2025-02-24 20:43:11.619432
case_375,a,2025-02-24 20:48:11.619432
case_375,b,2025-02-24 20:53:11.619432
case_375,c,2025-02-24 20:58:11.619432
case_375,b,2025-02-24 21:03:11.619432
case_376,b,2025-02-24 19:28:11.619462
case_376,a,2025-02-24 19:33:11.619462
case_376,c,2025-02-24 19:38:11.619462
case_376,b,2025-02-24 19:43:11.619462
case_376,c,2025-02-24 19:48:11.619462
case_376,a,2025-02-24 19:53:11.619462
case_376,b,2025-02-24 19:58:11.619462
case_376,b,2025-02-24 20:03:11.619462
case_376,b,2025-02-24 20:08:11.619462
case_376,b,2025-02-24 20:13:11.619462
case_376,a,2025-02-24 20:18:11.619462
case_376,a,2025-02-24 20:23:11.619462
case_376,a,2025-02-24 20:28:11.619462
case_376,c,2025-02-24 20:33:11.619462
case_376,a,2025-02-24 20:38:11.619462
case_376,b,2025-02-24 20:43:11.619462
case_376,b,2025-02-24 20:48:11.619462
case_376,c,2025-02-24 20:53:11.619462
case_376,b,2025-02-24 20:58:11.619462
case_376,c,2025-02-24 21:03:11.619462
case_377,a,2025-02-24 19:28:11.619492
case_377,c,2025-02-24 19:33:11.619492
case_377,a,2025-02-24 19:38:11.619492
case_377,b,2025-02-24 19:43:11.619492
case_377,a,2025-02-24 19:48:11.619492
case_377,a,2025-02-24 19:53:11.619492
case_377,a,2025-02-24 19:58:11.619492
case_377,c,2025-02-24 20:03:11.619492
case_377,c,2025-02-24 20:08:11.619492
case_377,c,2025-02-24 20:13:11.619492
case_377,b,2025-02-24 20:18:11.619492
case_377,a,2025-02-24 20:23:11.619492
case_377,a,2025-02-24 20:28:11.619492
case_377,a,2025-02-24 20:33:11.619492
case_377,a,2025-02-24 20:38:11.619492
case_377,b,2025-02-24 20:43:11.619492
case_377,c,2025-02-24 20:48:11.619492
case_377,b,2025-02-24 20:53:11.619492
case_377,c,2025-02-24 20:58:11.619492
case_377,a,2025-02-24 21:03:11.619492
case_378,a,2025-02-24 19:28:11.619522
case_378,a,2025-02-24 19:33:11.619522
case_378,c,2025-02-24 19:38:11.619522
case_378,b,2025-02-24 19:43:11.619522
case_378,c,2025-02-24 19:48:11.619522
case_378,b,2025-02-24 19:53:11.619522
case_378,b,2025-02-24 19:58:11.619522
case_378,b,2025-02-24 20:03:11.619522
case_378,b,2025-02-24 20:08:11.619522
case_378,b,2025-02-24 20:13:11.619522
case_378,a,2025-02-24 20:18:11.619522
case_378,b,2025-02-24 20:23:11.619522
case_378,b,2025-02-24 20:28:11.619522
case_378,c,2025-02-24 20:33:11.619522
case_378,b,2025-02-24 20:38:11.619522
case_378,c,2025-02-24 20:43:11.619522
case_378,b,2025-02-24 20:48:11.619522
case_378,a,2025-02-24 20:53:11.619522
case_378,c,2025-02-24 20:58:11.619522
case_378,a,2025-02-24 21:03:11.619522
case_379,a,2025-02-24 19:28:11.619552
case_379,b,2025-02-24 19:33:11.619552
case_379,a,2025-02-24 19:38:11.619552
case_379,c,2025-02-24 19:43:11.619552
case_379,c,2025-02-24 19:48:11.619552
case_379,b,2025-02-24 19:53:11.619552
case_379,b,2025-02-24 19:58:11.619552
case_379,a,2025-02-24 20:03:11.619552
case_379,c,2025-02-24 20:08:11.619552
case_379,c,2025-02-24 20:13:11.619552
case_379,b,2025-02-24 20:18:11.619552
case_379,b,2025-02-24 20:23:11.619552
case_379,b,2025-02-24 20:28:11.619552
case_379,a,2025-02-24 20:33:11.619552
case_379,c,2025-02-24 20:38:11.619552
case_379,b,2025-02-24 20:43:11.619552
case_379,c,2025-02-24 20:48:11.619552
case_379,b,2025-02-24 20:53:11.619552
case_379,b,2025-02-24 20:58:11.619552
case_379,c,2025-02-24 21:03:11.619552
case_380,a,2025-02-24 19:28:11.619582
case_380,b,2025-02-24 19:33:11.619582
case_380,a,2025-02-24 19:38:11.619582
case_380,b,2025-02-24 19:43:11.619582
case_380,a,2025-02-24 19:48:11.619582
case_380,b,2025-02-24 19:53:11.619582
case_380,a,2025-02-24 19:58:11.619582
case_380,c,2025-02-24 20:03:11.619582
case_380,b,2025-02-24 20:08:11.619582
case_380,a,2025-02-24 20:13:11.619582
case_380,a,2025-02-24 20:18:11.619582
case_380,c,2025-02-24 20:23:11.619582
case_380,c,2025-02-24 20:28:11.619582
case_380,b,2025-02-24 20:33:11.619582
case_380,c,2025-02-24 20:38:11.619582
case_380,a,2025-02-24 20:43:11.619582
case_380,a,2025-02-24 20:48:11.619582
case_380,a,2025-02-24 20:53:11.619582
case_380,a,2025-02-24 20:58:11.619582
case_380,c,2025-02-24 21:03:11.619582
case_381,a,2025-02-24 19:28:11.619611
case_381,a,2025-02-24 19:33:11.619611
case_381,a,2025-02-24 19:38:11.619611
case_381,c,2025-02-24 19:43:11.619611
case_381,b,2025-02-24 19:48:11.619611
case_381,a,2025-02-24 19:53:11.619611
case_381,c,2025-02-24 19:58:11.619611
case_381,c,2025-02-24 20:03:11.619611
case_381,c,2025-02-24 20:08:11.619611
case_381,a,2025-02-24 20:13:11.619611
case_381,a,2025-02-24 20:18:11.619611
case_381,a,2025-02-24 20:23:11.619611
case_381,c,2025-02-24 20:28:11.619611
case_381,a,2025-02-24 20:33:11.619611
case_381,a,2025-02-24 20:38:11.619611
case_381,c,2025-02-24 20:43:11.619611
case_381,c,2025-02-24 20:48:11.619611
case_381,a,2025-02-24 20:53:11.619611
case_381,b,2025-02-24 20:58:11.619611
case_381,c,2025-02-24 21:03:11.619611
case_382,b,2025-02-24 19:28:11.619641
case_382,b,2025-02-24 19:33:11.619641
case_382,a,2025-02-24 19:38:11.619641
case_382,b,2025-02-24 19:43:11.619641
case_382,c,2025-02-24 19:48:11.619641
case_382,a,2025-02-24 19:53:11.619641
case_382,a,2025-02-24 19:58:11.619641
case_382,a,2025-02-24 20:03:11.619641
case_382,b,2025-02-24 20:08:11.619641
case_382,a,2025-02-24 20:13:11.619641
case_382,a,2025-02-24 20:18:11.619641
case_382,c,2025-02-24 20:23:11.619641
case_382,b,2025-02-24 20:28:11.619641
case_382,c,2025-02-24 20:33:11.619641
case_382,a,2025-02-24 20:38:11.619641
case_382,c,2025-02-24 20:43:11.619641
case_382,c,2025-02-24 20:48:11.619641
case_382,a,2025-02-24 20:53:11.619641
case_382,b,2025-02-24 20:58:11.619641
case_382,c,2025-02-24 21:03:11.619641
case_383,a,2025-02-24 19:28:11.619671
case_383,c,2025-02-24 19:33:11.619671
case_383,b,2025-02-24 19:38:11.619671
case_383,a,2025-02-24 19:43:11.619671
case_383,a,2025-02-24 19:48:11.619671
case_383,c,2025-02-24 19:53:11.619671
case_383,c,2025-02-24 19:58:11.619671
case_383,b,2025-02-24 20:03:11.619671
case_383,b,2025-02-24 20:08:11.619671
case_383,b,2025-02-24 20:13:11.619671
case_383,b,2025-02-24 20:18:11.619671
case_383,b,2025-02-24 20:23:11.619671
case_383,c,2025-02-24 20:28:11.619671
case_383,a,2025-02-24 20:33:11.619671
case_383,a,2025-02-24 20:38:11.619671
case_383,b,2025-02-24 20:43:11.619671
case_383,b,2025-02-24 20:48:11.619671
case_383,a,2025-02-24 20:53:11.619671
case_383,a,2025-02-24 20:58:11.619671
case_383,c,2025-02-24 21:03:11.619671
case_384,b,2025-02-24 19:28:11.619701
case_384,a,2025-02-24 19:33:11.619701
case_384,b,2025-02-24 19:38:11.619701
case_384,a,2025-02-24 19:43:11.619701
case_384,b,2025-02-24 19:48:11.619701
case_384,a,2025-02-24 19:53:11.619701
case_384,a,2025-02-24 19:58:11.619701
case_384,a,2025-02-24 20:03:11.619701
case_384,c,2025-02-24 20:08:11.619701
case_384,b,2025-02-24 20:13:11.619701
case_384,a,2025-02-24 20:18:11.619701
case_384,c,2025-02-24 20:23:11.619701
case_384,b,2025-02-24 20:28:11.619701
case_384,b,2025-02-24 20:33:11.619701
case_384,c,2025-02-24 20:38:11.619701
case_384,b,2025-02-24 20:43:11.619701
case_384,b,2025-02-24 20:48:11.619701
case_384,b,2025-02-24 20:53:11.619701
case_384,a,2025-02-24 20:58:11.619701
case_384,c,2025-02-24 21:03:11.619701
case_385,a,2025-02-24 19:28:11.619731
case_385,c,2025-02-24 19:33:11.619731
case_385,a,2025-02-24 19:38:11.619731
case_385,b,2025-02-24 19:43:11.619731
case_385,a,2025-02-24 19:48:11.619731
case_385,b,2025-02-24 19:53:11.619731
case_385,b,2025-02-24 19:58:11.619731
case_385,a,2025-02-24 20:03:11.619731
case_385,c,2025-02-24 20:08:11.619731
case_385,b,2025-02-24 20:13:11.619731
case_385,c,2025-02-24 20:18:11.619731
case_385,a,2025-02-24 20:23:11.619731
case_385,c,2025-02-24 20:28:11.619731
case_385,a,2025-02-24 20:33:11.619731
case_385,c,2025-02-24 20:38:11.619731
case_385,c,2025-02-24 20:43:11.619731
case_385,b,2025-02-24 20:48:11.619731
case_385,c,2025-02-24 20:53:11.619731
case_385,a,2025-02-24 20:58:11.619731
case_385,c,2025-02-24 21:03:11.619731
case_386,a,2025-02-24 19:28:11.619761
case_386,b,2025-02-24 19:33:11.619761
case_386,b,2025-02-24 19:38:11.619761
case_386,b,2025-02-24 19:43:11.619761
case_386,c,2025-02-24 19:48:11.619761
case_386,c,2025-02-24 19:53:11.619761
case_386,a,2025-02-24 19:58:11.619761
case_386,a,2025-02-24 20:03:11.619761
case_386,b,2025-02-24 20:08:11.619761
case_386,c,2025-02-24 20:13:11.619761
case_386,a,2025-02-24 20:18:11.619761
case_386,c,2025-02-24 20:23:11.619761
case_386,c,2025-02-24 20:28:11.619761
case_386,b,2025-02-24 20:33:11.619761
case_386,b,2025-02-24 20:38:11.619761
case_386,a,2025-02-24 20:43:11.619761
case_386,b,2025-02-24 20:48:11.619761
case_386,c,2025-02-24 20:53:11.619761
case_386,a,2025-02-24 20:58:11.619761
case_386,a,2025-02-24 21:03:11.619761
case_387,b,2025-02-24 19:28:11.619791
case_387,a,2025-02-24 19:33:11.619791
case_387,c,2025-02-24 19:38:11.619791
case_387,a,2025-02-24 19:43:11.619791
case_387,c,2025-02-24 19:48:11.619791
case_387,b,2025-02-24 19:53:11.619791
case_387,b,2025-02-24 19:58:11.619791
case_387,a,2025-02-24 20:03:11.619791
case_387,a,2025-02-24 20:08:11.619791
case_387,a,2025-02-24 20:13:11.619791
case_387,b,2025-02-24 20:18:11.619791
case_387,b,2025-02-24 20:23:11.619791
case_387,b,2025-02-24 20:28:11.619791
case_387,a,2025-02-24 20:33:11.619791
case_387,c,2025-02-24 20:38:11.619791
case_387,c,2025-02-24 20:43:11.619791
case_387,b,2025-02-24 20:48:11.619791
case_387,b,2025-02-24 20:53:11.619791
case_387,c,2025-02-24 20:58:11.619791
case_387,b,2025-02-24 21:03:11.619791
case_388,a,2025-02-24 19:28:11.619821
case_388,c,2025-02-24 19:33:11.619821
case_388,c,2025-02-24 19:38:11.619821
case_388,c,2025-02-24 19:43:11.619821
case_388,b,2025-02-24 19:48:11.619821
case_388,c,2025-02-24 19:53:11.619821
case_388,a,2025-02-24 19:58:11.619821
case_388,b,2025-02-24 20:03:11.619821
case_388,a,2025-02-24 20:08:11.619821
case_388,b,2025-02-24 20:13:11.619821
case_388,a,2025-02-24 20:18:11.619821
case_388,b,2025-02-24 20:23:11.619821
case_388,b,2025-02-24 20:28:11.619821
case_388,c,2025-02-24 20:33:11.619821
case_388,c,2025-02-24 20:38:11.619821
case_388,c,2025-02-24 20:43:11.619821
case_388,a,2025-02-24 20:48:11.619821
case_388,a,2025-02-24 20:53:11.619821
case_388,a,2025-02-24 20:58:11.619821
case_388,c,2025-02-24 21:03:11.619821
case_389,b,2025-02-24 19:28:11.619850
case_389,b,2025-02-24 19:33:11.619850
case_389,b,2025-02-24 19:38:11.619850
case_389,a,2025-02-24 19:43:11.619850
case_389,b,2025-02-24 19:48:11.619850
case_389,a,2025-02-24 19:53:11.619850
case_389,b,2025-02-24 19:58:11.619850
case_389,b,2025-02-24 20:03:11.619850
case_389,a,2025-02-24 20:08:11.619850
case_389,a,2025-02-24 20:13:11.619850
case_389,a,2025-02-24 20:18:11.619850
case_389,a,2025-02-24 20:23:11.619850
case_389,c,2025-02-24 20:28:11.619850
case_389,a,2025-02-24 20:33:11.619850
case_389,b,2025-02-24 20:38:11.619850
case_389,b,2025-02-24 20:43:11.619850
case_389,b,2025-02-24 20:48:11.619850
case_389,a,2025-02-24 20:53:11.619850
case_389,b,2025-02-24 20:58:11.619850
case_389,c,2025-02-24 21:03:11.619850
case_390,a,2025-02-24 19:28:11.619880
case_390,c,2025-02-24 19:33:11.619880
case_390,b,2025-02-24 19:38:11.619880
case_390,a,2025-02-24 19:43:11.619880
case_390,c,2025-02-24 19:48:11.619880
case_390,a,2025-02-24 19:53:11.619880
case_390,b,2025-02-24 19:58:11.619880
case_390,b,2025-02-24 20:03:11.619880
case_390,b,2025-02-24 20:08:11.619880
case_390,b,2025-02-24 20:13:11.619880
case_390,a,2025-02-24 20:18:11.619880
case_390,a,2025-02-24 20:23:11.619880
case_390,b,2025-02-24 20:28:11.619880
case_390,a,2025-02-24 20:33:11.619880
case_390,c,2025-02-24 20:38:11.619880
case_390,b,2025-02-24 20:43:11.619880
case_390,b,2025-02-24 20:48:11.619880
case_390,c,2025-02-24 20:53:11.619880
case_390,a,2025-02-24 20:58:11.619880
case_390,b,2025-02-24 21:03:11.619880
case_391,b,2025-02-24 19:28:11.619910
case_391,c,2025-02-24 19:33:11.619910
case_391,a,2025-02-24 19:38:11.619910
case_391,c,2025-02-24 19:43:11.619910
case_391,a,2025-02-24 19:48:11.619910
case_391,b,2025-02-24 19:53:11.619910
case_391,b,2025-02-24 19:58:11.619910
case_391,b,2025-02-24 20:03:11.619910
case_391,a,2025-02-24 20:08:11.619910
case_391,a,2025-02-24 20:13:11.619910
case_391,a,2025-02-24 20:18:11.619910
case_391,b,2025-02-24 20:23:11.619910
case_391,b,2025-02-24 20:28:11.619910
case_391,b,2025-02-24 20:33:11.619910
case_391,a,2025-02-24 20:38:11.619910
case_391,c,2025-02-24 20:43:11.619910
case_391,b,2025-02-24 20:48:11.619910
case_391,b,2025-02-24 20:53:11.619910
case_391,c,2025-02-24 20:58:11.619910
case_391,a,2025-02-24 21:03:11.619910
case_392,a,2025-02-24 19:28:11.619940
case_392,a,2025-02-24 19:33:11.619940
case_392,c,2025-02-24 19:38:11.619940
case_392,c,2025-02-24 19:43:11.619940
case_392,b,2025-02-24 19:48:11.619940
case_392,b,2025-02-24 19:53:11.619940
case_392,c,2025-02-24 19:58:11.619940
case_392,b,2025-02-24 20:03:11.619940
case_392,b,2025-02-24 20:08:11.619940
case_392,c,2025-02-24 20:13:11.619940
case_392,b,2025-02-24 20:18:11.619940
case_392,a,2025-02-24 20:23:11.619940
case_392,b,2025-02-24 20:28:11.619940
case_392,a,2025-02-24 20:33:11.619940
case_392,a,2025-02-24 20:38:11.619940
case_392,c,2025-02-24 20:43:11.619940
case_392,b,2025-02-24 20:48:11.619940
case_392,a,2025-02-24 20:53:11.619940
case_392,b,2025-02-24 20:58:11.619940
case_392,b,2025-02-24 21:03:11.619940
case_393,b,2025-02-24 19:28:11.619970
case_393,a,2025-02-24 19:33:11.619970
case_393,b,2025-02-24 19:38:11.619970
case_393,c,2025-02-24 19:43:11.619970
case_393,b,2025-02-24 19:48:11.619970
case_393,b,2025-02-24 19:53:11.619970
case_393,a,2025-02-24 19:58:11.619970
case_393,b,2025-02-24 20:03:11.619970
case_393,a,2025-02-24 20:08:11.619970
case_393,c,2025-02-24 20:13:11.619970
case_393,a,2025-02-24 20:18:11.619970
case_393,a,2025-02-24 20:23:11.619970
case_393,c,2025-02-24 20:28:11.619970
case_393,a,2025-02-24 20:33:11.619970
case_393,c,2025-02-24 20:38:11.619970
case_393,b,2025-02-24 20:43:11.619970
case_393,b,2025-02-24 20:48:11.619970
case_393,c,2025-02-24 20:53:11.619970
case_393,b,2025-02-24 20:58:11.619970
case_393,a,2025-02-24 21:03:11.619970
case_394,b,2025-02-24 19:28:11.620000
case_394,a,2025-02-24 19:33:11.620000
case_394,a,2025-02-24 19:38:11.620000
case_394,a,2025-02-24 19:43:11.620000
case_394,a,2025-02-24 19:48:11.620000
case_394,c,2025-02-24 19:53:11.620000
case_394,c,2025-02-24 19:58:11.620000
case_394,b,2025-02-24 20:03:11.620000
case_394,b,2025-02-24 20:08:11.620000
case_394,b,2025-02-24 20:13:11.620000
case_394,b,2025-02-24 20:18:11.620000
case_394,b,2025-02-24 20:23:11.620000
case_394,b,2025-02-24 20:28:11.620000
case_394,c,2025-02-24 20:33:11.620000
case_394,a,2025-02-24 20:38:11.620000
case_394,a,2025-02-24 20:43:11.620000
case_394,c,2025-02-24 20:48:11.620000
case_394,c,2025-02-24 20:53:11.620000
case_394,a,2025-02-24 20:58:11.620000
case_394,c,2025-02-24 21:03:11.620000
case_395,b,2025-02-24 19:28:11.620030
case_395,a,2025-02-24 19:33:11.620030
case_395,c,2025-02-24 19:38:11.620030
case_395,c,2025-02-24 19:43:11.620030
case_395,b,2025-02-24 19:48:11.620030
case_395,c,2025-02-24 19:53:11.620030
case_395,b,2025-02-24 19:58:11.620030
case_395,a,2025-02-24 20:03:11.620030
case_395,b,2025-02-24 20:08:11.620030
case_395,b,2025-02-24 20:13:11.620030
case_395,a,2025-02-24 20:18:11.620030
case_395,b,2025-02-24 20:23:11.620030
case_395,c,2025-02-24 20:28:11.620030
case_395,b,2025-02-24 20:33:11.620030
case_395,a,2025-02-24 20:38:11.620030
case_395,b,2025-02-24 20:43:11.620030
case_395,a,2025-02-24 20:48:11.620030
case_395,a,2025-02-24 20:53:11.620030
case_395,b,2025-02-24 20:58:11.620030
case_395,c,2025-02-24 21:03:11.620030
case_396,a,2025-02-24 19:28:11.620059
case_396,b,2025-02-24 19:33:11.620059
case_396,c,2025-02-24 19:38:11.620059
case_396,c,2025-02-24 19:43:11.620059
case_396,a,2025-02-24 19:48:11.620059
case_396,b,2025-02-24 19:53:11.620059
case_396,a,2025-02-24 19:58:11.620059
case_396,b,2025-02-24 20:03:11.620059
case_396,b,2025-02-24 20:08:11.620059
case_396,a,2025-02-24 20:13:11.620059
case_396,a,2025-02-24 20:18:11.620059
case_396,b,2025-02-24 20:23:11.620059
case_396,b,2025-02-24 20:28:11.620059
case_396,c,2025-02-24 20:33:11.620059
case_396,c,2025-02-24 20:38:11.620059
case_396,c,2025-02-24 20:43:11.620059
case_396,b,2025-02-24 20:48:11.620059
case_396,c,2025-02-24 20:53:11.620059
case_396,a,2025-02-24 20:58:11.620059
case_396,b,2025-02-24 21:03:11.620059
case_397,b,2025-02-24 19:28:11.620089
case_397,b,2025-02-24 19:33:11.620089
case_397,c,2025-02-24 19:38:11.620089
case_397,b,2025-02-24 19:43:11.620089
case_397,a,2025-02-24 19:48:11.620089
case_397,c,2025-02-24 19:53:11.620089
case_397,a,2025-02-24 19:58:11.620089
case_397,b,2025-02-24 20:03:11.620089
case_397,c,2025-02-24 20:08:11.620089
case_397,c,2025-02-24 20:13:11.620089
case_397,c,2025-02-24 20:18:11.620089
case_397,b,2025-02-24 20:23:11.620089
case_397,c,2025-02-24 20:28:11.620089
case_397,b,2025-02-24 20:33:11.620089
case_397,c,2025-02-24 20:38:11.620089
case_397,b,2025-02-24 20:43:11.620089
case_397,c,2025-02-24 20:48:11.620089
case_397,b,2025-02-24 20:53:11.620089
case_397,c,2025-02-24 20:58:11.620089
case_397,b,2025-02-24 21:03:11.620089
case_398,a,2025-02-24 19:28:11.620119
case_398,a,2025-02-24 19:33:11.620119
case_398,a,2025-02-24 19:38:11.620119
case_398,a,2025-02-24 19:43:11.620119
case_398,b,2025-02-24 19:48:11.620119
case_398,a,2025-02-24 19:53:11.620119
case_398,a,2025-02-24 19:58:11.620119
case_398,a,2025-02-24 20:03:11.620119
case_398,a,2025-02-24 20:08:11.620119
case_398,b,2025-02-24 20:13:11.620119
case_398,c,2025-02-24 20:18:11.620119
case_398,c,2025-02-24 20:23:11.620119
case_398,b,2025-02-24 20:28:11.620119
case_398,a,2025-02-24 20:33:11.620119
case_398,a,2025-02-24 20:38:11.620119
case_398,a,2025-02-24 20:43:11.620119
case_398,c,2025-02-24 20:48:11.620119
case_398,c,2025-02-24 20:53:11.620119
case_398,c,2025-02-24 20:58:11.620119
case_398,b,2025-02-24 21:03:11.620119
case_399,a,2025-02-24 19:28:11.620149
case_399,a,2025-02-24 19:33:11.620149
case_399,c,2025-02-24 19:38:11.620149
case_399,a,2025-02-24 19:43:11.620149
case_399,c,2025-02-24 19:48:11.620149
case_399,c,2025-02-24 19:53:11.620149
case_399,b,2025-02-24 19:58:11.620149
case_399,c,2025-02-24 20:03:11.620149
case_399,b,2025-02-24 20:08:11.620149
case_399,b,2025-02-24 20:13:11.620149
case_399,b,2025-02-24 20:18:11.620149
case_399,a,2025-02-24 20:23:11.620149
case_399,a,2025-02-24 20:28:11.620149
case_399,b,2025-02-24 20:33:11.620149
case_399,b,2025-02-24 20:38:11.620149
case_399,b,2025-02-24 20:43:11.620149
case_399,b,2025-02-24 20:48:11.620149
case_399,b,2025-02-24 20:53:11.620149
case_399,b,2025-02-24 20:58:11.620149
case_399,c,2025-02-24 21:03:11.620149
case_400,b,2025-02-24 19:28:11.620178
case_400,c,2025-02-24 19:33:11.620178
case_400,a,2025-02-24 19:38:11.620178
case_400,b,2025-02-24 19:43:11.620178
case_400,b,2025-02-24 19:48:11.620178
case_400,c,2025-02-24 19:53:11.620178
case_400,a,2025-02-24 19:58:11.620178
case_400,a,2025-02-24 20:03:11.620178
case_400,c,2025-02-24 20:08:11.620178
case_400,b,2025-02-24 20:13:11.620178
case_400,b,2025-02-24 20:18:11.620178
case_400,b,2025-02-24 20:23:11.620178
case_400,b,2025-02-24 20:28:11.620178
case_400,b,2025-02-24 20:33:11.620178
case_400,a,2025-02-24 20:38:11.620178
case_400,b,2025-02-24 20:43:11.620178
case_400,b,2025-02-24 20:48:11.620178
case_400,c,2025-02-24 20:53:11.620178
case_400,a,2025-02-24 20:58:11.620178
case_400,a,2025-02-24 21:03:11.620178
case_401,b,2025-02-24 19:28:11.620208
case_401,a,2025-02-24 19:33:11.620208
case_401,a,2025-02-24 19:38:11.620208
case_401,a,2025-02-24 19:43:11.620208
case_401,a,2025-02-24 19:48:11.620208
case_401,c,2025-02-24 19:53:11.620208
case_401,a,2025-02-24 19:58:11.620208
case_401,a,2025-02-24 20:03:11.620208
case_401,c,2025-02-24 20:08:11.620208
case_401,c,2025-02-24 20:13:11.620208
case_401,b,2025-02-24 20:18:11.620208
case_401,b,2025-02-24 20:23:11.620208
case_401,a,2025-02-24 20:28:11.620208
case_401,c,2025-02-24 20:33:11.620208
case_401,a,2025-02-24 20:38:11.620208
case_401,b,2025-02-24 20:43:11.620208
case_401,c,2025-02-24 20:48:11.620208
case_401,a,2025-02-24 20:53:11.620208
case_401,b,2025-02-24 20:58:11.620208
case_401,c,2025-02-24 21:03:11.620208
case_402,a,2025-02-24 19:28:11.620238
case_402,c,2025-02-24 19:33:11.620238
case_402,b,2025-02-24 19:38:11.620238
case_402,a,2025-02-24 19:43:11.620238
case_402,b,2025-02-24 19:48:11.620238
case_402,a,2025-02-24 19:53:11.620238
case_402,c,2025-02-24 19:58:11.620238
case_402,b,2025-02-24 20:03:11.620238
case_402,a,2025-02-24 20:08:11.620238
case_402,b,2025-02-24 20:13:11.620238
case_402,b,2025-02-24 20:18:11.620238
case_402,c,2025-02-24 20:23:11.620238
case_402,b,2025-02-24 20:28:11.620238
case_402,c,2025-02-24 20:33:11.620238
case_402,b,2025-02-24 20:38:11.620238
case_402,c,2025-02-24 20:43:11.620238
case_402,a,2025-02-24 20:48:11.620238
case_402,a,2025-02-24 20:53:11.620238
case_402,b,2025-02-24 20:58:11.620238
case_402,c,2025-02-24 21:03:11.620238
case_403,b,2025-02-24 19:28:11.620268
case_403,b,2025-02-24 19:33:11.620268
case_403,c,2025-02-24 19:38:11.620268
case_403,a,2025-02-24 19:43:11.620268
case_403,b,2025-02-24 19:48:11.620268
case_403,a,2025-02-24 19:53:11.620268
case_403,a,2025-02-24 19:58:11.620268
case_403,b,2025-02-24 20:03:11.620268
case_403,a,2025-02-24 20:08:11.620268
case_403,c,2025-02-24 20:13:11.620268
case_403,a,2025-02-24 20:18:11.620268
case_403,a,2025-02-24 20:23:11.620268
case_403,a,2025-02-24 20:28:11.620268
case_403,a,2025-02-24 20:33:11.620268
case_403,c,2025-02-24 20:38:11.620268
case_403,b,2025-02-24 20:43:11.620268
case_403,c,2025-02-24 20:48:11.620268
case_403,c,2025-02-24 20:53:11.620268
case_403,b,2025-02-24 20:58:11.620268
case_403,a,2025-02-24 21:03:11.620268
case_404,b,2025-02-24 19:28:11.620298
case_404,b,2025-02-24 19:33:11.620298
case_404,b,2025-02-24 19:38:11.620298
case_404,b,2025-02-24 19:43:11.620298
case_404,c,2025-02-24 19:48:11.620298
case_404,c,2025-02-24 19:53:11.620298
case_404,a,2025-02-24 19:58:11.620298
case_404,c,2025-02-24 20:03:11.620298
case_404,a,2025-02-24 20:08:11.620298
case_404,c,2025-02-24 20:13:11.620298
case_404,b,2025-02-24 20:18:11.620298
case_404,a,2025-02-24 20:23:11.620298
case_404,b,2025-02-24 20:28:11.620298
case_404,a,2025-02-24 20:33:11.620298
case_404,a,2025-02-24 20:38:11.620298
case_404,b,2025-02-24 20:43:11.620298
case_404,a,2025-02-24 20:48:11.620298
case_404,b,2025-02-24 20:53:11.620298
case_404,a,2025-02-24 20:58:11.620298
case_404,c,2025-02-24 21:03:11.620298
case_405,b,2025-02-24 19:28:11.620329
case_405,c,2025-02-24 19:33:11.620329
case_405,a,2025-02-24 19:38:11.620329
case_405,c,2025-02-24 19:43:11.620329
case_405,a,2025-02-24 19:48:11.620329
case_405,a,2025-02-24 19:53:11.620329
case_405,a,2025-02-24 19:58:11.620329
case_405,a,2025-02-24 20:03:11.620329
case_405,c,2025-02-24 20:08:11.620329
case_405,c,2025-02-24 20:13:11.620329
case_405,a,2025-02-24 20:18:11.620329
case_405,c,2025-02-24 20:23:11.620329
case_405,b,2025-02-24 20:28:11.620329
case_405,a,2025-02-24 20:33:11.620329
case_405,a,2025-02-24 20:38:11.620329
case_405,b,2025-02-24 20:43:11.620329
case_405,c,2025-02-24 20:48:11.620329
case_405,b,2025-02-24 20:53:11.620329
case_405,b,2025-02-24 20:58:11.620329
case_405,c,2025-02-24 21:03:11.620329
case_406,a,2025-02-24 19:28:11.620359
case_406,c,2025-02-24 19:33:11.620359
case_406,c,2025-02-24 19:38:11.620359
case_406,c,2025-02-24 19:43:11.620359
case_406,b,2025-02-24 19:48:11.620359
case_406,b,2025-02-24 19:53:11.620359
case_406,c,2025-02-24 19:58:11.620359
case_406,c,2025-02-24 20:03:11.620359
case_406,c,2025-02-24 20:08:11.620359
case_406,a,2025-02-24 20:13:11.620359
case_406,c,2025-02-24 20:18:11.620359
case_406,b,2025-02-24 20:23:11.620359
case_406,b,2025-02-24 20:28:11.620359
case_406,c,2025-02-24 20:33:11.620359
case_406,a,2025-02-24 20:38:11.620359
case_406,a,2025-02-24 20:43:11.620359
case_406,b,2025-02-24 20:48:11.620359
case_406,a,2025-02-24 20:53:11.620359
case_406,a,2025-02-24 20:58:11.620359
case_406,c,2025-02-24 21:03:11.620359
case_407,a,2025-02-24 19:28:11.620389
case_407,a,2025-02-24 19:33:11.620389
case_407,a,2025-02-24 19:38:11.620389
case_407,c,2025-02-24 19:43:11.620389
case_407,a,2025-02-24 19:48:11.620389
case_407,c,2025-02-24 19:53:11.620389
case_407,a,2025-02-24 19:58:11.620389
case_407,a,2025-02-24 20:03:11.620389
case_407,c,2025-02-24 20:08:11.620389
case_407,b,2025-02-24 20:13:11.620389
case_407,c,2025-02-24 20:18:11.620389
case_407,b,2025-02-24 20:23:11.620389
case_407,b,2025-02-24 20:28:11.620389
case_407,b,2025-02-24 20:33:11.620389
case_407,a,2025-02-24 20:38:11.620389
case_407,b,2025-02-24 20:43:11.620389
case_407,b,2025-02-24 20:48:11.620389
case_407,a,2025-02-24 20:53:11.620389
case_407,c,2025-02-24 20:58:11.620389
case_407,a,2025-02-24 21:03:11.620389
case_408,b,2025-02-24 19:28:11.620419
case_408,c,2025-02-24 19:33:11.620419
case_408,c,2025-02-24 19:38:11.620419
case_408,a,2025-02-24 19:43:11.620419
case_408,c,2025-02-24 19:48:11.620419
case_408,c,2025-02-24 19:53:11.620419
case_408,a,2025-02-24 19:58:11.620419
case_408,c,2025-02-24 20:03:11.620419
case_408,a,2025-02-24 20:08:11.620419
case_408,a,2025-02-24 20:13:11.620419
case_408,b,2025-02-24 20:18:11.620419
case_408,b,2025-02-24 20:23:11.620419
case_408,a,2025-02-24 20:28:11.620419
case_408,c,2025-02-24 20:33:11.620419
case_408,a,2025-02-24 20:38:11.620419
case_408,b,2025-02-24 20:43:11.620419
case_408,a,2025-02-24 20:48:11.620419
case_408,b,2025-02-24 20:53:11.620419
case_408,c,2025-02-24 20:58:11.620419
case_408,a,2025-02-24 21:03:11.620419
case_409,b,2025-02-24 19:28:11.620449
case_409,a,2025-02-24 19:33:11.620449
case_409,c,2025-02-24 19:38:11.620449
case_409,a,2025-02-24 19:43:11.620449
case_409,b,2025-02-24 19:48:11.620449
case_409,c,2025-02-24 19:53:11.620449
case_409,a,2025-02-24 19:58:11.620449
case_409,b,2025-02-24 20:03:11.620449
case_409,b,2025-02-24 20:08:11.620449
case_409,a,2025-02-24 20:13:11.620449
case_409,b,2025-02-24 20:18:11.620449
case_409,b,2025-02-24 20:23:11.620449
case_409,a,2025-02-24 20:28:11.620449
case_409,c,2025-02-24 20:33:11.620449
case_409,c,2025-02-24 20:38:11.620449
case_409,a,2025-02-24 20:43:11.620449
case_409,b,2025-02-24 20:48:11.620449
case_409,c,2025-02-24 20:53:11.620449
case_409,a,2025-02-24 20:58:11.620449
case_409,b,2025-02-24 21:03:11.620449
case_410,a,2025-02-24 19:28:11.620479
case_410,b,2025-02-24 19:33:11.620479
case_410,c,2025-02-24 19:38:11.620479
case_410,a,2025-02-24 19:43:11.620479
case_410,c,2025-02-24 19:48:11.620479
case_410,a,2025-02-24 19:53:11.620479
case_410,a,2025-02-24 19:58:11.620479
case_410,c,2025-02-24 20:03:11.620479
case_410,c,2025-02-24 20:08:11.620479
case_410,a,2025-02-24 20:13:11.620479
case_410,c,2025-02-24 20:18:11.620479
case_410,a,2025-02-24 20:23:11.620479
case_410,b,2025-02-24 20:28:11.620479
case_410,c,2025-02-24 20:33:11.620479
case_410,b,2025-02-24 20:38:11.620479
case_410,b,2025-02-24 20:43:11.620479
case_410,b,2025-02-24 20:48:11.620479
case_410,b,2025-02-24 20:53:11.620479
case_410,c,2025-02-24 20:58:11.620479
case_410,c,2025-02-24 21:03:11.620479
case_411,a,2025-02-24 19:28:11.620509
case_411,b,2025-02-24 19:33:11.620509
case_411,a,2025-02-24 19:38:11.620509
case_411,c,2025-02-24 19:43:11.620509
case_411,a,2025-02-24 19:48:11.620509
case_411,c,2025-02-24 19:53:11.620509
case_411,c,2025-02-24 19:58:11.620509
case_411,a,2025-02-24 20:03:11.620509
case_411,b,2025-02-24 20:08:11.620509
case_411,a,2025-02-24 20:13:11.620509
case_411,a,2025-02-24 20:18:11.620509
case_411,b,2025-02-24 20:23:11.620509
case_411,b,2025-02-24 20:28:11.620509
case_411,b,2025-02-24 20:33:11.620509
case_411,b,2025-02-24 20:38:11.620509
case_411,a,2025-02-24 20:43:11.620509
case_411,a,2025-02-24 20:48:11.620509
case_411,a,2025-02-24 20:53:11.620509
case_411,b,2025-02-24 20:58:11.620509
case_411,b,2025-02-24 21:03:11.620509
case_412,a,2025-02-24 19:28:11.620539
case_412,a,2025-02-24 19:33:11.620539
case_412,b,2025-02-24 19:38:11.620539
case_412,b,2025-02-24 19:43:11.620539
case_412,c,2025-02-24 19:48:11.620539
case_412,b,2025-02-24 19:53:11.620539
case_412,b,2025-02-24 19:58:11.620539
case_412,c,2025-02-24 20:03:11.620539
case_412,a,2025-02-24 20:08:11.620539
case_412,a,2025-02-24 20:13:11.620539
case_412,a,2025-02-24 20:18:11.620539
case_412,a,2025-02-24 20:23:11.620539
case_412,a,2025-02-24 20:28:11.620539
case_412,c,2025-02-24 20:33:11.620539
case_412,c,2025-02-24 20:38:11.620539
case_412,a,2025-02-24 20:43:11.620539
case_412,a,2025-02-24 20:48:11.620539
case_412,a,2025-02-24 20:53:11.620539
case_412,b,2025-02-24 20:58:11.620539
case_412,a,2025-02-24 21:03:11.620539
case_413,b,2025-02-24 19:28:11.620569
case_413,a,2025-02-24 19:33:11.620569
case_413,b,2025-02-24 19:38:11.620569
case_413,b,2025-02-24 19:43:11.620569
case_413,c,2025-02-24 19:48:11.620569
case_413,a,2025-02-24 19:53:11.620569
case_413,b,2025-02-24 19:58:11.620569
case_413,b,2025-02-24 20:03:11.620569
case_413,a,2025-02-24 20:08:11.620569
case_413,b,2025-02-24 20:13:11.620569
case_413,b,2025-02-24 20:18:11.620569
case_413,c,2025-02-24 20:23:11.620569
case_413,a,2025-02-24 20:28:11.620569
case_413,a,2025-02-24 20:33:11.620569
case_413,c,2025-02-24 20:38:11.620569
case_413,c,2025-02-24 20:43:11.620569
case_413,c,2025-02-24 20:48:11.620569
case_413,c,2025-02-24 20:53:11.620569
case_413,a,2025-02-24 20:58:11.620569
case_413,c,2025-02-24 21:03:11.620569
case_414,b,2025-02-24 19:28:11.620599
case_414,c,2025-02-24 19:33:11.620599
case_414,b,2025-02-24 19:38:11.620599
case_414,b,2025-02-24 19:43:11.620599
case_414,a,2025-02-24 19:48:11.620599
case_414,a,2025-02-24 19:53:11.620599
case_414,a,2025-02-24 19:58:11.620599
case_414,b,2025-02-24 20:03:11.620599
case_414,c,2025-02-24 20:08:11.620599
case_414,b,2025-02-24 20:13:11.620599
case_414,a,2025-02-24 20:18:11.620599
case_414,c,2025-02-24 20:23:11.620599
case_414,a,2025-02-24 20:28:11.620599
case_414,b,2025-02-24 20:33:11.620599
case_414,a,2025-02-24 20:38:11.620599
case_414,c,2025-02-24 20:43:11.620599
case_414,a,2025-02-24 20:48:11.620599
case_414,a,2025-02-24 20:53:11.620599
case_414,a,2025-02-24 20:58:11.620599
case_414,b,2025-02-24 21:03:11.620599
case_415,b,2025-02-24 19:28:11.620629
case_415,b,2025-02-24 19:33:11.620629
case_415,c,2025-02-24 19:38:11.620629
case_415,b,2025-02-24 19:43:11.620629
case_415,b,2025-02-24 19:48:11.620629
case_415,c,2025-02-24 19:53:11.620629
case_415,c,2025-02-24 19:58:11.620629
case_415,a,2025-02-24 20:03:11.620629
case_415,a,2025-02-24 20:08:11.620629
case_415,b,2025-02-24 20:13:11.620629
case_415,a,2025-02-24 20:18:11.620629
case_415,c,2025-02-24 20:23:11.620629
case_415,b,2025-02-24 20:28:11.620629
case_415,c,2025-02-24 20:33:11.620629
case_415,b,2025-02-24 20:38:11.620629
case_415,b,2025-02-24 20:43:11.620629
case_415,c,2025-02-24 20:48:11.620629
case_415,c,2025-02-24 20:53:11.620629
case_415,c,2025-02-24 20:58:11.620629
case_415,a,2025-02-24 21:03:11.620629
case_416,a,2025-02-24 19:28:11.620659
case_416,c,2025-02-24 19:33:11.620659
case_416,c,2025-02-24 19:38:11.620659
case_416,b,2025-02-24 19:43:11.620659
case_416,a,2025-02-24 19:48:11.620659
case_416,a,2025-02-24 19:53:11.620659
case_416,b,2025-02-24 19:58:11.620659
case_416,c,2025-02-24 20:03:11.620659
case_416,b,2025-02-24 20:08:11.620659
case_416,b,2025-02-24 20:13:11.620659
case_416,c,2025-02-24 20:18:11.620659
case_416,c,2025-02-24 20:23:11.620659
case_416,a,2025-02-24 20:28:11.620659
case_416,b,2025-02-24 20:33:11.620659
case_416,b,2025-02-24 20:38:11.620659
case_416,c,2025-02-24 20:43:11.620659
case_416,c,2025-02-24 20:48:11.620659
case_416,b,2025-02-24 20:53:11.620659
case_416,c,2025-02-24 20:58:11.620659
case_416,c,2025-02-24 21:03:11.620659
case_417,a,2025-02-24 19:28:11.620689
case_417,b,2025-02-24 19:33:11.620689
case_417,b,2025-02-24 19:38:11.620689
case_417,b,2025-02-24 19:43:11.620689
case_417,a,2025-02-24 19:48:11.620689
case_417,c,2025-02-24 19:53:11.620689
case_417,a,2025-02-24 19:58:11.620689
case_417,b,2025-02-24 20:03:11.620689
case_417,b,2025-02-24 20:08:11.620689
case_417,b,2025-02-24 20:13:11.620689
case_417,a,2025-02-24 20:18:11.620689
case_417,b,2025-02-24 20:23:11.620689
case_417,a,2025-02-24 20:28:11.620689
case_417,a,2025-02-24 20:33:11.620689
case_417,a,2025-02-24 20:38:11.620689
case_417,c,2025-02-24 20:43:11.620689
case_417,b,2025-02-24 20:48:11.620689
case_417,b,2025-02-24 20:53:11.620689
case_417,c,2025-02-24 20:58:11.620689
case_417,c,2025-02-24 21:03:11.620689
case_418,a,2025-02-24 19:28:11.620719
case_418,b,2025-02-24 19:33:11.620719
case_418,a,2025-02-24 19:38:11.620719
case_418,b,2025-02-24 19:43:11.620719
case_418,c,2025-02-24 19:48:11.620719
case_418,c,2025-02-24 19:53:11.620719
case_418,b,2025-02-24 19:58:11.620719
case_418,c,2025-02-24 20:03:11.620719
case_418,b,2025-02-24 20:08:11.620719
case_418,c,2025-02-24 20:13:11.620719
case_418,b,2025-02-24 20:18:11.620719
case_418,b,2025-02-24 20:23:11.620719
case_418,a,2025-02-24 20:28:11.620719
case_418,b,2025-02-24 20:33:11.620719
case_418,b,2025-02-24 20:38:11.620719
case_418,b,2025-02-24 20:43:11.620719
case_418,c,2025-02-24 20:48:11.620719
case_418,c,2025-02-24 20:53:11.620719
case_418,b,2025-02-24 20:58:11.620719
case_418,a,2025-02-24 21:03:11.620719
case_419,b,2025-02-24 19:28:11.620749
case_419,c,2025-02-24 19:33:11.620749
case_419,c,2025-02-24 19:38:11.620749
case_419,b,2025-02-24 19:43:11.620749
case_419,c,2025-02-24 19:48:11.620749
case_419,c,2025-02-24 19:53:11.620749
case_419,a,2025-02-24 19:58:11.620749
case_419,a,2025-02-24 20:03:11.620749
case_419,a,2025-02-24 20:08:11.620749
case_419,c,2025-02-24 20:13:11.620749
case_419,a,2025-02-24 20:18:11.620749
case_419,b,2025-02-24 20:23:11.620749
case_419,b,2025-02-24 20:28:11.620749
case_419,a,2025-02-24 20:33:11.620749
case_419,b,2025-02-24 20:38:11.620749
case_419,a,2025-02-24 20:43:11.620749
case_419,a,2025-02-24 20:48:11.620749
case_419,c,2025-02-24 20:53:11.620749
case_419,c,2025-02-24 20:58:11.620749
case_419,c,2025-02-24 21:03:11.620749
case_420,a,2025-02-24 19:28:11.620779
case_420,b,2025-02-24 19:33:11.620779
case_420,b,2025-02-24 19:38:11.620779
case_420,b,2025-02-24 19:43:11.620779
case_420,a,2025-02-24 19:48:11.620779
case_420,c,2025-02-24 19:53:11.620779
case_420,c,2025-02-24 19:58:11.620779
case_420,a,2025-02-24 20:03:11.620779
case_420,a,2025-02-24 20:08:11.620779
case_420,a,2025-02-24 20:13:11.620779
case_420,a,2025-02-24 20:18:11.620779
case_420,a,2025-02-24 20:23:11.620779
case_420,b,2025-02-24 20:28:11.620779
case_420,a,2025-02-24 20:33:11.620779
case_420,a,2025-02-24 20:38:11.620779
case_420,c,2025-02-24 20:43:11.620779
case_420,b,2025-02-24 20:48:11.620779
case_420,c,2025-02-24 20:53:11.620779
case_420,b,2025-02-24 20:58:11.620779
case_420,a,2025-02-24 21:03:11.620779
case_421,a,2025-02-24 19:28:11.620809
case_421,a,2025-02-24 19:33:11.620809
case_421,a,2025-02-24 19:38:11.620809
case_421,a,2025-02-24 19:43:11.620809
case_421,a,2025-02-24 19:48:11.620809
case_421,b,2025-02-24 19:53:11.620809
case_421,c,2025-02-24 19:58:11.620809
case_421,c,2025-02-24 20:03:11.620809
case_421,c,2025-02-24 20:08:11.620809
case_421,b,2025-02-24 20:13:11.620809
case_421,b,2025-02-24 20:18:11.620809
case_421,b,2025-02-24 20:23:11.620809
case_421,c,2025-02-24 20:28:11.620809
case_421,a,2025-02-24 20:33:11.620809
case_421,b,2025-02-24 20:38:11.620809
case_421,a,2025-02-24 20:43:11.620809
case_421,a,2025-02-24 20:48:11.620809
case_421,c,2025-02-24 20:53:11.620809
case_421,b,2025-02-24 20:58:11.620809
case_421,a,2025-02-24 21:03:11.620809
case_422,a,2025-02-24 19:28:11.620839
case_422,a,2025-02-24 19:33:11.620839
case_422,a,2025-02-24 19:38:11.620839
case_422,a,2025-02-24 19:43:11.620839
case_422,b,2025-02-24 19:48:11.620839
case_422,b,2025-02-24 19:53:11.620839
case_422,c,2025-02-24 19:58:11.620839
case_422,b,2025-02-24 20:03:11.620839
case_422,b,2025-02-24 20:08:11.620839
case_422,c,2025-02-24 20:13:11.620839
case_422,c,2025-02-24 20:18:11.620839
case_422,c,2025-02-24 20:23:11.620839
case_422,b,2025-02-24 20:28:11.620839
case_422,c,2025-02-24 20:33:11.620839
case_422,a,2025-02-24 20:38:11.620839
case_422,c,2025-02-24 20:43:11.620839
case_422,a,2025-02-24 20:48:11.620839
case_422,a,2025-02-24 20:53:11.620839
case_422,c,2025-02-24 20:58:11.620839
case_422,a,2025-02-24 21:03:11.620839
case_423,a,2025-02-24 19:28:11.620869
case_423,a,2025-02-24 19:33:11.620869
case_423,a,2025-02-24 19:38:11.620869
case_423,c,2025-02-24 19:43:11.620869
case_423,b,2025-02-24 19:48:11.620869
case_423,a,2025-02-24 19:53:11.620869
case_423,b,2025-02-24 19:58:11.620869
case_423,b,2025-02-24 20:03:11.620869
case_423,a,2025-02-24 20:08:11.620869
case_423,a,2025-02-24 20:13:11.620869
case_423,c,2025-02-24 20:18:11.620869
case_423,c,2025-02-24 20:23:11.620869
case_423,a,2025-02-24 20:28:11.620869
case_423,c,2025-02-24 20:33:11.620869
case_423,c,2025-02-24 20:38:11.620869
case_423,a,2025-02-24 20:43:11.620869
case_423,a,2025-02-24 20:48:11.620869
case_423,c,2025-02-24 20:53:11.620869
case_423,b,2025-02-24 20:58:11.620869
case_423,a,2025-02-24 21:03:11.620869
case_424,a,2025-02-24 19:28:11.620899
case_424,c,2025-02-24 19:33:11.620899
case_424,a,2025-02-24 19:38:11.620899
case_424,c,2025-02-24 19:43:11.620899
case_424,b,2025-02-24 19:48:11.620899
case_424,a,2025-02-24 19:53:11.620899
case_424,c,2025-02-24 19:58:11.620899
case_424,c,2025-02-24 20:03:11.620899
case_424,a,2025-02-24 20:08:11.620899
case_424,a,2025-02-24 20:13:11.620899
case_424,c,2025-02-24 20:18:11.620899
case_424,b,2025-02-24 20:23:11.620899
case_424,b,2025-02-24 20:28:11.620899
case_424,c,2025-02-24 20:33:11.620899
case_424,c,2025-02-24 20:38:11.620899
case_424,c,2025-02-24 20:43:11.620899
case_424,c,2025-02-24 20:48:11.620899
case_424,b,2025-02-24 20:53:11.620899
case_424,b,2025-02-24 20:58:11.620899
case_424,b,2025-02-24 21:03:11.620899
case_425,b,2025-02-24 19:28:11.620929
case_425,c,2025-02-24 19:33:11.620929
case_425,c,2025-02-24 19:38:11.620929
case_425,a,2025-02-24 19:43:11.620929
case_425,c,2025-02-24 19:48:11.620929
case_425,a,2025-02-24 19:53:11.620929
case_425,a,2025-02-24 19:58:11.620929
case_425,b,2025-02-24 20:03:11.620929
case_425,c,2025-02-24 20:08:11.620929
case_425,b,2025-02-24 20:13:11.620929
case_425,b,2025-02-24 20:18:11.620929
case_425,b,2025-02-24 20:23:11.620929
case_425,c,2025-02-24 20:28:11.620929
case_425,c,2025-02-24 20:33:11.620929
case_425,a,2025-02-24 20:38:11.620929
case_425,b,2025-02-24 20:43:11.620929
case_425,c,2025-02-24 20:48:11.620929
case_425,b,2025-02-24 20:53:11.620929
case_425,b,2025-02-24 20:58:11.620929
case_425,c,2025-02-24 21:03:11.620929
case_426,a,2025-02-24 19:28:11.620958
case_426,c,2025-02-24 19:33:11.620958
case_426,a,2025-02-24 19:38:11.620958
case_426,c,2025-02-24 19:43:11.620958
case_426,b,2025-02-24 19:48:11.620958
case_426,a,2025-02-24 19:53:11.620958
case_426,b,2025-02-24 19:58:11.620958
case_426,b,2025-02-24 20:03:11.620958
case_426,b,2025-02-24 20:08:11.620958
case_426,c,2025-02-24 20:13:11.620958
case_426,a,2025-02-24 20:18:11.620958
case_426,c,2025-02-24 20:23:11.620958
case_426,c,2025-02-24 20:28:11.620958
case_426,c,2025-02-24 20:33:11.620958
case_426,b,2025-02-24 20:38:11.620958
case_426,c,2025-02-24 20:43:11.620958
case_426,b,2025-02-24 20:48:11.620958
case_426,a,2025-02-24 20:53:11.620958
case_426,c,2025-02-24 20:58:11.620958
case_426,c,2025-02-24 21:03:11.620958
case_427,b,2025-02-24 19:28:11.620988
case_427,a,2025-02-24 19:33:11.620988
case_427,c,2025-02-24 19:38:11.620988
case_427,a,2025-02-24 19:43:11.620988
case_427,c,2025-02-24 19:48:11.620988
case_427,a,2025-02-24 19:53:11.620988
case_427,a,2025-02-24 19:58:11.620988
case_427,a,2025-02-24 20:03:11.620988
case_427,c,2025-02-24 20:08:11.620988
case_427,a,2025-02-24 20:13:11.620988
case_427,c,2025-02-24 20:18:11.620988
case_427,c,2025-02-24 20:23:11.620988
case_427,c,2025-02-24 20:28:11.620988
case_427,a,2025-02-24 20:33:11.620988
case_427,b,2025-02-24 20:38:11.620988
case_427,a,2025-02-24 20:43:11.620988
case_427,a,2025-02-24 20:48:11.620988
case_427,b,2025-02-24 20:53:11.620988
case_427,a,2025-02-24 20:58:11.620988
case_427,a,2025-02-24 21:03:11.620988
case_428,b,2025-02-24 19:28:11.621019
case_428,c,2025-02-24 19:33:11.621019
case_428,a,2025-02-24 19:38:11.621019
case_428,b,2025-02-24 19:43:11.621019
case_428,c,2025-02-24 19:48:11.621019
case_428,c,2025-02-24 19:53:11.621019
case_428,b,2025-02-24 19:58:11.621019
case_428,b,2025-02-24 20:03:11.621019
case_428,c,2025-02-24 20:08:11.621019
case_428,b,2025-02-24 20:13:11.621019
case_428,b,2025-02-24 20:18:11.621019
case_428,b,2025-02-24 20:23:11.621019
case_428,b,2025-02-24 20:28:11.621019
case_428,a,2025-02-24 20:33:11.621019
case_428,c,2025-02-24 20:38:11.621019
case_428,a,2025-02-24 20:43:11.621019
case_428,c,2025-02-24 20:48:11.621019
case_428,c,2025-02-24 20:53:11.621019
case_428,b,2025-02-24 20:58:11.621019
case_428,b,2025-02-24 21:03:11.621019
case_429,a,2025-02-24 19:28:11.621049
case_429,c,2025-02-24 19:33:11.621049
case_429,a,2025-02-24 19:38:11.621049
case_429,a,2025-02-24 19:43:11.621049
case_429,a,2025-02-24 19:48:11.621049
case_429,a,2025-02-24 19:53:11.621049
case_429,a,2025-02-24 19:58:11.621049
case_429,c,2025-02-24 20:03:11.621049
case_429,b,2025-02-24 20:08:11.621049
case_429,c,2025-02-24 20:13:11.621049
case_429,c,2025-02-24 20:18:11.621049
case_429,c,2025-02-24 20:23:11.621049
case_429,c,2025-02-24 20:28:11.621049
case_429,a,2025-02-24 20:33:11.621049
case_429,b,2025-02-24 20:38:11.621049
case_429,c,2025-02-24 20:43:11.621049
case_429,c,2025-02-24 20:48:11.621049
case_429,a,2025-02-24 20:53:11.621049
case_429,c,2025-02-24 20:58:11.621049
case_429,c,2025-02-24 21:03:11.621049
case_430,b,2025-02-24 19:28:11.621078
case_430,c,2025-02-24 19:33:11.621078
case_430,a,2025-02-24 19:38:11.621078
case_430,c,2025-02-24 19:43:11.621078
case_430,b,2025-02-24 19:48:11.621078
case_430,b,2025-02-24 19:53:11.621078
case_430,c,2025-02-24 19:58:11.621078
case_430,b,2025-02-24 20:03:11.621078
case_430,b,2025-02-24 20:08:11.621078
case_430,c,2025-02-24 20:13:11.621078
case_430,c,2025-02-24 20:18:11.621078
case_430,c,2025-02-24 20:23:11.621078
case_430,c,2025-02-24 20:28:11.621078
case_430,a,2025-02-24 20:33:11.621078
case_430,a,2025-02-24 20:38:11.621078
case_430,b,2025-02-24 20:43:11.621078
case_430,a,2025-02-24 20:48:11.621078
case_430,b,2025-02-24 20:53:11.621078
case_430,a,2025-02-24 20:58:11.621078
case_430,a,2025-02-24 21:03:11.621078
case_431,a,2025-02-24 19:28:11.621108
case_431,a,2025-02-24 19:33:11.621108
case_431,c,2025-02-24 19:38:11.621108
case_431,a,2025-02-24 19:43:11.621108
case_431,c,2025-02-24 19:48:11.621108
case_431,b,2025-02-24 19:53:11.621108
case_431,b,2025-02-24 19:58:11.621108
case_431,c,2025-02-24 20:03:11.621108
case_431,a,2025-02-24 20:08:11.621108
case_431,c,2025-02-24 20:13:11.621108
case_431,c,2025-02-24 20:18:11.621108
case_431,b,2025-02-24 20:23:11.621108
case_431,c,2025-02-24 20:28:11.621108
case_431,b,2025-02-24 20:33:11.621108
case_431,b,2025-02-24 20:38:11.621108
case_431,a,2025-02-24 20:43:11.621108
case_431,c,2025-02-24 20:48:11.621108
case_431,a,2025-02-24 20:53:11.621108
case_431,c,2025-02-24 20:58:11.621108
case_431,b,2025-02-24 21:03:11.621108
case_432,b,2025-02-24 19:28:11.621138
case_432,b,2025-02-24 19:33:11.621138
case_432,c,2025-02-24 19:38:11.621138
case_432,a,2025-02-24 19:43:11.621138
case_432,a,2025-02-24 19:48:11.621138
case_432,b,2025-02-24 19:53:11.621138
case_432,a,2025-02-24 19:58:11.621138
case_432,b,2025-02-24 20:03:11.621138
case_432,c,2025-02-24 20:08:11.621138
case_432,b,2025-02-24 20:13:11.621138
case_432,c,2025-02-24 20:18:11.621138
case_432,a,2025-02-24 20:23:11.621138
case_432,b,2025-02-24 20:28:11.621138
case_432,c,2025-02-24 20:33:11.621138
case_432,b,2025-02-24 20:38:11.621138
case_432,b,2025-02-24 20:43:11.621138
case_432,a,2025-02-24 20:48:11.621138
case_432,a,2025-02-24 20:53:11.621138
case_432,a,2025-02-24 20:58:11.621138
case_432,a,2025-02-24 21:03:11.621138
case_433,b,2025-02-24 19:28:11.621168
case_433,b,2025-02-24 19:33:11.621168
case_433,b,2025-02-24 19:38:11.621168
case_433,b,2025-02-24 19:43:11.621168
case_433,b,2025-02-24 19:48:11.621168
case_433,a,2025-02-24 19:53:11.621168
case_433,b,2025-02-24 19:58:11.621168
case_433,b,2025-02-24 20:03:11.621168
case_433,a,2025-02-24 20:08:11.621168
case_433,a,2025-02-24 20:13:11.621168
case_433,a,2025-02-24 20:18:11.621168
case_433,c,2025-02-24 20:23:11.621168
case_433,a,2025-02-24 20:28:11.621168
case_433,b,2025-02-24 20:33:11.621168
case_433,c,2025-02-24 20:38:11.621168
case_433,b,2025-02-24 20:43:11.621168
case_433,c,2025-02-24 20:48:11.621168
case_433,a,2025-02-24 20:53:11.621168
case_433,c,2025-02-24 20:58:11.621168
case_433,b,2025-02-24 21:03:11.621168
case_434,a,2025-02-24 19:28:11.621198
case_434,b,2025-02-24 19:33:11.621198
case_434,b,2025-02-24 19:38:11.621198
case_434,c,2025-02-24 19:43:11.621198
case_434,b,2025-02-24 19:48:11.621198
case_434,a,2025-02-24 19:53:11.621198
case_434,b,2025-02-24 19:58:11.621198
case_434,c,2025-02-24 20:03:11.621198
case_434,b,2025-02-24 20:08:11.621198
case_434,b,2025-02-24 20:13:11.621198
case_434,b,2025-02-24 20:18:11.621198
case_434,a,2025-02-24 20:23:11.621198
case_434,b,2025-02-24 20:28:11.621198
case_434,c,2025-02-24 20:33:11.621198
case_434,c,2025-02-24 20:38:11.621198
case_434,c,2025-02-24 20:43:11.621198
case_434,c,2025-02-24 20:48:11.621198
case_434,b,2025-02-24 20:53:11.621198
case_434,a,2025-02-24 20:58:11.621198
case_434,b,2025-02-24 21:03:11.621198
case_435,b,2025-02-24 19:28:11.621228
case_435,c,2025-02-24 19:33:11.621228
case_435,c,2025-02-24 19:38:11.621228
case_435,b,2025-02-24 19:43:11.621228
case_435,c,2025-02-24 19:48:11.621228
case_435,b,2025-02-24 19:53:11.621228
case_435,b,2025-02-24 19:58:11.621228
case_435,a,2025-02-24 20:03:11.621228
case_435,c,2025-02-24 20:08:11.621228
case_435,c,2025-02-24 20:13:11.621228
case_435,a,2025-02-24 20:18:11.621228
case_435,b,2025-02-24 20:23:11.621228
case_435,c,2025-02-24 20:28:11.621228
case_435,a,2025-02-24 20:33:11.621228
case_435,a,2025-02-24 20:38:11.621228
case_435,a,2025-02-24 20:43:11.621228
case_435,a,2025-02-24 20:48:11.621228
case_435,c,2025-02-24 20:53:11.621228
case_435,c,2025-02-24 20:58:11.621228
case_435,b,2025-02-24 21:03:11.621228
case_436,b,2025-02-24 19:28:11.621258
case_436,a,2025-02-24 19:33:11.621258
case_436,a,2025-02-24 19:38:11.621258
case_436,a,2025-02-24 19:43:11.621258
case_436,a,2025-02-24 19:48:11.621258
case_436,c,2025-02-24 19:53:11.621258
case_436,a,2025-02-24 19:58:11.621258
case_436,a,2025-02-24 20:03:11.621258
case_436,b,2025-02-24 20:08:11.621258
case_436,c,2025-02-24 20:13:11.621258
case_436,b,2025-02-24 20:18:11.621258
case_436,b,2025-02-24 20:23:11.621258
case_436,c,2025-02-24 20:28:11.621258
case_436,b,2025-02-24 20:33:11.621258
case_436,a,2025-02-24 20:38:11.621258
case_436,b,2025-02-24 20:43:11.621258
case_436,a,2025-02-24 20:48:11.621258
case_436,c,2025-02-24 20:53:11.621258
case_436,b,2025-02-24 20:58:11.621258
case_436,a,2025-02-24 21:03:11.621258
case_437,a,2025-02-24 19:28:11.621288
case_437,b,2025-02-24 19:33:11.621288
case_437,b,2025-02-24 19:38:11.621288
case_437,c,2025-02-24 19:43:11.621288
case_437,c,2025-02-24 19:48:11.621288
case_437,c,2025-02-24 19:53:11.621288
case_437,b,2025-02-24 19:58:11.621288
case_437,a,2025-02-24 20:03:11.621288
case_437,a,2025-02-24 20:08:11.621288
case_437,c,2025-02-24 20:13:11.621288
case_437,c,2025-02-24 20:18:11.621288
case_437,b,2025-02-24 20:23:11.621288
case_437,b,2025-02-24 20:28:11.621288
case_437,c,2025-02-24 20:33:11.621288
case_437,b,2025-02-24 20:38:11.621288
case_437,b,2025-02-24 20:43:11.621288
case_437,a,2025-02-24 20:48:11.621288
case_437,c,2025-02-24 20:53:11.621288
case_437,a,2025-02-24 20:58:11.621288
case_437,a,2025-02-24 21:03:11.621288
case_438,b,2025-02-24 19:28:11.621318
case_438,c,2025-02-24 19:33:11.621318
case_438,c,2025-02-24 19:38:11.621318
case_438,b,2025-02-24 19:43:11.621318
case_438,c,2025-02-24 19:48:11.621318
case_438,b,2025-02-24 19:53:11.621318
case_438,c,2025-02-24 19:58:11.621318
case_438,a,2025-02-24 20:03:11.621318
case_438,b,2025-02-24 20:08:11.621318
case_438,c,2025-02-24 20:13:11.621318
case_438,c,2025-02-24 20:18:11.621318
case_438,a,2025-02-24 20:23:11.621318
case_438,b,2025-02-24 20:28:11.621318
case_438,c,2025-02-24 20:33:11.621318
case_438,a,2025-02-24 20:38:11.621318
case_438,a,2025-02-24 20:43:11.621318
case_438,a,2025-02-24 20:48:11.621318
case_438,b,2025-02-24 20:53:11.621318
case_438,a,2025-02-24 20:58:11.621318
case_438,a,2025-02-24 21:03:11.621318
case_439,a,2025-02-24 19:28:11.621349
case_439,a,2025-02-24 19:33:11.621349
case_439,b,2025-02-24 19:38:11.621349
case_439,c,2025-02-24 19:43:11.621349
case_439,b,2025-02-24 19:48:11.621349
case_439,a,2025-02-24 19:53:11.621349
case_439,a,2025-02-24 19:58:11.621349
case_439,b,2025-02-24 20:03:11.621349
case_439,c,2025-02-24 20:08:11.621349
case_439,c,2025-02-24 20:13:11.621349
case_439,a,2025-02-24 20:18:11.621349
case_439,c,2025-02-24 20:23:11.621349
case_439,c,2025-02-24 20:28:11.621349
case_439,c,2025-02-24 20:33:11.621349
case_439,c,2025-02-24 20:38:11.621349
case_439,c,2025-02-24 20:43:11.621349
case_439,c,2025-02-24 20:48:11.621349
case_439,a,2025-02-24 20:53:11.621349
case_439,a,2025-02-24 20:58:11.621349
case_439,c,2025-02-24 21:03:11.621349
case_440,a,2025-02-24 19:28:11.621379
case_440,b,2025-02-24 19:33:11.621379
case_440,a,2025-02-24 19:38:11.621379
case_440,a,2025-02-24 19:43:11.621379
case_440,a,2025-02-24 19:48:11.621379
case_440,b,2025-02-24 19:53:11.621379
case_440,c,2025-02-24 19:58:11.621379
case_440,b,2025-02-24 20:03:11.621379
case_440,c,2025-02-24 20:08:11.621379
case_440,b,2025-02-24 20:13:11.621379
case_440,c,2025-02-24 20:18:11.621379
case_440,b,2025-02-24 20:23:11.621379
case_440,a,2025-02-24 20:28:11.621379
case_440,a,2025-02-24 20:33:11.621379
case_440,b,2025-02-24 20:38:11.621379
case_440,b,2025-02-24 20:43:11.621379
case_440,a,2025-02-24 20:48:11.621379
case_440,b,2025-02-24 20:53:11.621379
case_440,a,2025-02-24 20:58:11.621379
case_440,b,2025-02-24 21:03:11.621379
case_441,a,2025-02-24 19:28:11.621409
case_441,a,2025-02-24 19:33:11.621409
case_441,c,2025-02-24 19:38:11.621409
case_441,a,2025-02-24 19:43:11.621409
case_441,b,2025-02-24 19:48:11.621409
case_441,b,2025-02-24 19:53:11.621409
case_441,c,2025-02-24 19:58:11.621409
case_441,b,2025-02-24 20:03:11.621409
case_441,a,2025-02-24 20:08:11.621409
case_441,b,2025-02-24 20:13:11.621409
case_441,b,2025-02-24 20:18:11.621409
case_441,b,2025-02-24 20:23:11.621409
case_441,a,2025-02-24 20:28:11.621409
case_441,a,2025-02-24 20:33:11.621409
case_441,c,2025-02-24 20:38:11.621409
case_441,c,2025-02-24 20:43:11.621409
case_441,c,2025-02-24 20:48:11.621409
case_441,c,2025-02-24 20:53:11.621409
case_441,b,2025-02-24 20:58:11.621409
case_441,a,2025-02-24 21:03:11.621409
case_442,b,2025-02-24 19:28:11.621440
case_442,b,2025-02-24 19:33:11.621440
case_442,c,2025-02-24 19:38:11.621440
case_442,b,2025-02-24 19:43:11.621440
case_442,b,2025-02-24 19:48:11.621440
case_442,b,2025-02-24 19:53:11.621440
case_442,a,2025-02-24 19:58:11.621440
case_442,a,2025-02-24 20:03:11.621440
case_442,a,2025-02-24 20:08:11.621440
case_442,b,2025-02-24 20:13:11.621440
case_442,c,2025-02-24 20:18:11.621440
case_442,b,2025-02-24 20:23:11.621440
case_442,b,2025-02-24 20:28:11.621440
case_442,b,2025-02-24 20:33:11.621440
case_442,c,2025-02-24 20:38:11.621440
case_442,c,2025-02-24 20:43:11.621440
case_442,c,2025-02-24 20:48:11.621440
case_442,a,2025-02-24 20:53:11.621440
case_442,a,2025-02-24 20:58:11.621440
case_442,b,2025-02-24 21:03:11.621440
case_443,a,2025-02-24 19:28:11.621470
case_443,a,2025-02-24 19:33:11.621470
case_443,b,2025-02-24 19:38:11.621470
case_443,b,2025-02-24 19:43:11.621470
case_443,b,2025-02-24 19:48:11.621470
case_443,a,2025-02-24 19:53:11.621470
case_443,c,2025-02-24 19:58:11.621470
case_443,a,2025-02-24 20:03:11.621470
case_443,b,2025-02-24 20:08:11.621470
case_443,c,2025-02-24 20:13:11.621470
case_443,b,2025-02-24 20:18:11.621470
case_443,a,2025-02-24 20:23:11.621470
case_443,c,2025-02-24 20:28:11.621470
case_443,a,2025-02-24 20:33:11.621470
case_443,a,2025-02-24 20:38:11.621470
case_443,b,2025-02-24 20:43:11.621470
case_443,c,2025-02-24 20:48:11.621470
case_443,a,2025-02-24 20:53:11.621470
case_443,c,2025-02-24 20:58:11.621470
case_443,a,2025-02-24 21:03:11.621470
case_444,a,2025-02-24 19:28:11.621500
case_444,c,2025-02-24 19:33:11.621500
case_444,c,2025-02-24 19:38:11.621500
case_444,a,2025-02-24 19:43:11.621500
case_444,a,2025-02-24 19:48:11.621500
case_444,c,2025-02-24 19:53:11.621500
case_444,b,2025-02-24 19:58:11.621500
case_444,a,2025-02-24 20:03:11.621500
case_444,c,2025-02-24 20:08:11.621500
case_444,b,2025-02-24 20:13:11.621500
case_444,a,2025-02-24 20:18:11.621500
case_444,b,2025-02-24 20:23:11.621500
case_444,a,2025-02-24 20:28:11.621500
case_444,a,2025-02-24 20:33:11.621500
case_444,c,2025-02-24 20:38:11.621500
case_444,b,2025-02-24 20:43:11.621500
case_444,a,2025-02-24 20:48:11.621500
case_444,a,2025-02-24 20:53:11.621500
case_444,b,2025-02-24 20:58:11.621500
case_444,b,2025-02-24 21:03:11.621500
case_445,b,2025-02-24 19:28:11.621530
case_445,c,2025-02-24 19:33:11.621530
case_445,a,2025-02-24 19:38:11.621530
case_445,a,2025-02-24 19:43:11.621530
case_445,a,2025-02-24 19:48:11.621530
case_445,b,2025-02-24 19:53:11.621530
case_445,b,2025-02-24 19:58:11.621530
case_445,b,2025-02-24 20:03:11.621530
case_445,a,2025-02-24 20:08:11.621530
case_445,a,2025-02-24 20:13:11.621530
case_445,a,2025-02-24 20:18:11.621530
case_445,b,2025-02-24 20:23:11.621530
case_445,a,2025-02-24 20:28:11.621530
case_445,a,2025-02-24 20:33:11.621530
case_445,b,2025-02-24 20:38:11.621530
case_445,c,2025-02-24 20:43:11.621530
case_445,a,2025-02-24 20:48:11.621530
case_445,c,2025-02-24 20:53:11.621530
case_445,b,2025-02-24 20:58:11.621530
case_445,b,2025-02-24 21:03:11.621530
case_446,b,2025-02-24 19:28:11.621560
case_446,b,2025-02-24 19:33:11.621560
case_446,c,2025-02-24 19:38:11.621560
case_446,c,2025-02-24 19:43:11.621560
case_446,c,2025-02-24 19:48:11.621560
case_446,a,2025-02-24 19:53:11.621560
case_446,c,2025-02-24 19:58:11.621560
case_446,c,2025-02-24 20:03:11.621560
case_446,c,2025-02-24 20:08:11.621560
case_446,c,2025-02-24 20:13:11.621560
case_446,b,2025-02-24 20:18:11.621560
case_446,b,2025-02-24 20:23:11.621560
case_446,c,2025-02-24 20:28:11.621560
case_446,c,2025-02-24 20:33:11.621560
case_446,c,2025-02-24 20:38:11.621560
case_446,c,2025-02-24 20:43:11.621560
case_446,c,2025-02-24 20:48:11.621560
case_446,c,2025-02-24 20:53:11.621560
case_446,c,2025-02-24 20:58:11.621560
case_446,c,2025-02-24 21:03:11.621560
case_447,b,2025-02-24 19:28:11.621590
case_447,a,2025-02-24 19:33:11.621590
case_447,b,2025-02-24 19:38:11.621590
case_447,a,2025-02-24 19:43:11.621590
case_447,c,2025-02-24 19:48:11.621590
case_447,b,2025-02-24 19:53:11.621590
case_447,c,2025-02-24 19:58:11.621590
case_447,a,2025-02-24 20:03:11.621590
case_447,c,2025-02-24 20:08:11.621590
case_447,a,2025-02-24 20:13:11.621590
case_447,c,2025-02-24 20:18:11.621590
case_447,b,2025-02-24 20:23:11.621590
case_447,b,2025-02-24 20:28:11.621590
case_447,b,2025-02-24 20:33:11.621590
case_447,b,2025-02-24 20:38:11.621590
case_447,c,2025-02-24 20:43:11.621590
case_447,a,2025-02-24 20:48:11.621590
case_447,a,2025-02-24 20:53:11.621590
case_447,b,2025-02-24 20:58:11.621590
case_447,a,2025-02-24 21:03:11.621590
case_448,b,2025-02-24 19:28:11.621620
case_448,c,2025-02-24 19:33:11.621620
case_448,a,2025-02-24 19:38:11.621620
case_448,c,2025-02-24 19:43:11.621620
case_448,c,2025-02-24 19:48:11.621620
case_448,a,2025-02-24 19:53:11.621620
case_448,a,2025-02-24 19:58:11.621620
case_448,c,2025-02-24 20:03:11.621620
case_448,a,2025-02-24 20:08:11.621620
case_448,a,2025-02-24 20:13:11.621620
case_448,c,2025-02-24 20:18:11.621620
case_448,b,2025-02-24 20:23:11.621620
case_448,a,2025-02-24 20:28:11.621620
case_448,a,2025-02-24 20:33:11.621620
case_448,b,2025-02-24 20:38:11.621620
case_448,c,2025-02-24 20:43:11.621620
case_448,c,2025-02-24 20:48:11.621620
case_448,c,2025-02-24 20:53:11.621620
case_448,a,2025-02-24 20:58:11.621620
case_448,b,2025-02-24 21:03:11.621620
case_449,a,2025-02-24 19:28:11.621650
case_449,a,2025-02-24 19:33:11.621650
case_449,c,2025-02-24 19:38:11.621650
case_449,c,2025-02-24 19:43:11.621650
case_449,a,2025-02-24 19:48:11.621650
case_449,b,2025-02-24 19:53:11.621650
case_449,c,2025-02-24 19:58:11.621650
case_449,c,2025-02-24 20:03:11.621650
case_449,a,2025-02-24 20:08:11.621650
case_449,c,2025-02-24 20:13:11.621650
case_449,b,2025-02-24 20:18:11.621650
case_449,b,2025-02-24 20:23:11.621650
case_449,b,2025-02-24 20:28:11.621650
case_449,a,2025-02-24 20:33:11.621650
case_449,b,2025-02-24 20:38:11.621650
case_449,c,2025-02-24 20:43:11.621650
case_449,c,2025-02-24 20:48:11.621650
case_449,c,2025-02-24 20:53:11.621650
case_449,b,2025-02-24 20:58:11.621650
case_449,c,2025-02-24 21:03:11.621650
case_450,a,2025-02-24 19:28:11.621681
case_450,a,2025-02-24 19:33:11.621681
case_450,b,2025-02-24 19:38:11.621681
case_450,b,2025-02-24 19:43:11.621681
case_450,b,2025-02-24 19:48:11.621681
case_450,b,2025-02-24 19:53:11.621681
case_450,b,2025-02-24 19:58:11.621681
case_450,a,2025-02-24 20:03:11.621681
case_450,a,2025-02-24 20:08:11.621681
case_450,c,2025-02-24 20:13:11.621681
case_450,c,2025-02-24 20:18:11.621681
case_450,b,2025-02-24 20:23:11.621681
case_450,a,2025-02-24 20:28:11.621681
case_450,c,2025-02-24 20:33:11.621681
case_450,c,2025-02-24 20:38:11.621681
case_450,a,2025-02-24 20:43:11.621681
case_450,a,2025-02-24 20:48:11.621681
case_450,c,2025-02-24 20:53:11.621681
case_450,b,2025-02-24 20:58:11.621681
case_450,a,2025-02-24 21:03:11.621681
case_451,a,2025-02-24 19:28:11.621711
case_451,a,2025-02-24 19:33:11.621711
case_451,c,2025-02-24 19:38:11.621711
case_451,b,2025-02-24 19:43:11.621711
case_451,b,2025-02-24 19:48:11.621711
case_451,b,2025-02-24 19:53:11.621711
case_451,b,2025-02-24 19:58:11.621711
case_451,a,2025-02-24 20:03:11.621711
case_451,a,2025-02-24 20:08:11.621711
case_451,c,2025-02-24 20:13:11.621711
case_451,a,2025-02-24 20:18:11.621711
case_451,a,2025-02-24 20:23:11.621711
case_451,b,2025-02-24 20:28:11.621711
case_451,c,2025-02-24 20:33:11.621711
case_451,c,2025-02-24 20:38:11.621711
case_451,a,2025-02-24 20:43:11.621711
case_451,c,2025-02-24 20:48:11.621711
case_451,b,2025-02-24 20:53:11.621711
case_451,a,2025-02-24 20:58:11.621711
case_451,a,2025-02-24 21:03:11.621711
case_452,a,2025-02-24 19:28:11.621741
case_452,c,2025-02-24 19:33:11.621741
case_452,b,2025-02-24 19:38:11.621741
case_452,b,2025-02-24 19:43:11.621741
case_452,a,2025-02-24 19:48:11.621741
case_452,a,2025-02-24 19:53:11.621741
case_452,a,2025-02-24 19:58:11.621741
case_452,b,2025-02-24 20:03:11.621741
case_452,b,2025-02-24 20:08:11.621741
case_452,a,2025-02-24 20:13:11.621741
case_452,a,2025-02-24 20:18:11.621741
case_452,a,2025-02-24 20:23:11.621741
case_452,c,2025-02-24 20:28:11.621741
case_452,c,2025-02-24 20:33:11.621741
case_452,a,2025-02-24 20:38:11.621741
case_452,a,2025-02-24 20:43:11.621741
case_452,b,2025-02-24 20:48:11.621741
case_452,a,2025-02-24 20:53:11.621741
case_452,a,2025-02-24 20:58:11.621741
case_452,c,2025-02-24 21:03:11.621741
case_453,a,2025-02-24 19:28:11.621771
case_453,b,2025-02-24 19:33:11.621771
case_453,a,2025-02-24 19:38:11.621771
case_453,b,2025-02-24 19:43:11.621771
case_453,a,2025-02-24 19:48:11.621771
case_453,b,2025-02-24 19:53:11.621771
case_453,b,2025-02-24 19:58:11.621771
case_453,a,2025-02-24 20:03:11.621771
case_453,b,2025-02-24 20:08:11.621771
case_453,a,2025-02-24 20:13:11.621771
case_453,b,2025-02-24 20:18:11.621771
case_453,a,2025-02-24 20:23:11.621771
case_453,a,2025-02-24 20:28:11.621771
case_453,c,2025-02-24 20:33:11.621771
case_453,c,2025-02-24 20:38:11.621771
case_453,c,2025-02-24 20:43:11.621771
case_453,b,2025-02-24 20:48:11.621771
case_453,b,2025-02-24 20:53:11.621771
case_453,a,2025-02-24 20:58:11.621771
case_453,b,2025-02-24 21:03:11.621771
case_454,b,2025-02-24 19:28:11.621801
case_454,b,2025-02-24 19:33:11.621801
case_454,b,2025-02-24 19:38:11.621801
case_454,b,2025-02-24 19:43:11.621801
case_454,b,2025-02-24 19:48:11.621801
case_454,b,2025-02-24 19:53:11.621801
case_454,b,2025-02-24 19:58:11.621801
case_454,c,2025-02-24 20:03:11.621801
case_454,c,2025-02-24 20:08:11.621801
case_454,b,2025-02-24 20:13:11.621801
case_454,a,2025-02-24 20:18:11.621801
case_454,c,2025-02-24 20:23:11.621801
case_454,b,2025-02-24 20:28:11.621801
case_454,b,2025-02-24 20:33:11.621801
case_454,a,2025-02-24 20:38:11.621801
case_454,a,2025-02-24 20:43:11.621801
case_454,b,2025-02-24 20:48:11.621801
case_454,c,2025-02-24 20:53:11.621801
case_454,b,2025-02-24 20:58:11.621801
case_454,b,2025-02-24 21:03:11.621801
case_455,b,2025-02-24 19:28:11.621831
case_455,b,2025-02-24 19:33:11.621831
case_455,b,2025-02-24 19:38:11.621831
case_455,c,2025-02-24 19:43:11.621831
case_455,a,2025-02-24 19:48:11.621831
case_455,b,2025-02-24 19:53:11.621831
case_455,c,2025-02-24 19:58:11.621831
case_455,b,2025-02-24 20:03:11.621831
case_455,c,2025-02-24 20:08:11.621831
case_455,b,2025-02-24 20:13:11.621831
case_455,b,2025-02-24 20:18:11.621831
case_455,c,2025-02-24 20:23:11.621831
case_455,b,2025-02-24 20:28:11.621831
case_455,c,2025-02-24 20:33:11.621831
case_455,b,2025-02-24 20:38:11.621831
case_455,c,2025-02-24 20:43:11.621831
case_455,a,2025-02-24 20:48:11.621831
case_455,b,2025-02-24 20:53:11.621831
case_455,a,2025-02-24 20:58:11.621831
case_455,a,2025-02-24 21:03:11.621831
case_456,b,2025-02-24 19:28:11.621861
case_456,a,2025-02-24 19:33:11.621861
case_456,a,2025-02-24 19:38:11.621861
case_456,a,2025-02-24 19:43:11.621861
case_456,a,2025-02-24 19:48:11.621861
case_456,b,2025-02-24 19:53:11.621861
case_456,b,2025-02-24 19:58:11.621861
case_456,b,2025-02-24 20:03:11.621861
case_456,c,2025-02-24 20:08:11.621861
case_456,c,2025-02-24 20:13:11.621861
case_456,c,2025-02-24 20:18:11.621861
case_456,a,2025-02-24 20:23:11.621861
case_456,b,2025-02-24 20:28:11.621861
case_456,b,2025-02-24 20:33:11.621861
case_456,c,2025-02-24 20:38:11.621861
case_456,a,2025-02-24 20:43:11.621861
case_456,c,2025-02-24 20:48:11.621861
case_456,b,2025-02-24 20:53:11.621861
case_456,a,2025-02-24 20:58:11.621861
case_456,c,2025-02-24 21:03:11.621861
case_457,b,2025-02-24 19:28:11.621891
case_457,b,2025-02-24 19:33:11.621891
case_457,b,2025-02-24 19:38:11.621891
case_457,b,2025-02-24 19:43:11.621891
case_457,a,2025-02-24 19:48:11.621891
case_457,b,2025-02-24 19:53:11.621891
case_457,a,2025-02-24 19:58:11.621891
case_457,c,2025-02-24 20:03:11.621891
case_457,b,2025-02-24 20:08:11.621891
case_457,a,2025-02-24 20:13:11.621891
case_457,a,2025-02-24 20:18:11.621891
case_457,a,2025-02-24 20:23:11.621891
case_457,a,2025-02-24 20:28:11.621891
case_457,b,2025-02-24 20:33:11.621891
case_457,a,2025-02-24 20:38:11.621891
case_457,c,2025-02-24 20:43:11.621891
case_457,b,2025-02-24 20:48:11.621891
case_457,c,2025-02-24 20:53:11.621891
case_457,a,2025-02-24 20:58:11.621891
case_457,b,2025-02-24 21:03:11.621891
case_458,a,2025-02-24 19:28:11.621921
case_458,b,2025-02-24 19:33:11.621921
case_458,b,2025-02-24 19:38:11.621921
case_458,c,2025-02-24 19:43:11.621921
case_458,a,2025-02-24 19:48:11.621921
case_458,b,2025-02-24 19:53:11.621921
case_458,b,2025-02-24 19:58:11.621921
case_458,a,2025-02-24 20:03:11.621921
case_458,a,2025-02-24 20:08:11.621921
case_458,b,2025-02-24 20:13:11.621921
case_458,a,2025-02-24 20:18:11.621921
case_458,c,2025-02-24 20:23:11.621921
case_458,c,2025-02-24 20:28:11.621921
case_458,b,2025-02-24 20:33:11.621921
case_458,b,2025-02-24 20:38:11.621921
case_458,a,2025-02-24 20:43:11.621921
case_458,a,2025-02-24 20:48:11.621921
case_458,a,2025-02-24 20:53:11.621921
case_458,a,2025-02-24 20:58:11.621921
case_458,a,2025-02-24 21:03:11.621921
case_459,a,2025-02-24 19:28:11.621951
case_459,a,2025-02-24 19:33:11.621951
case_459,b,2025-02-24 19:38:11.621951
case_459,c,2025-02-24 19:43:11.621951
case_459,b,2025-02-24 19:48:11.621951
case_459,a,2025-02-24 19:53:11.621951
case_459,b,2025-02-24 19:58:11.621951
case_459,c,2025-02-24 20:03:11.621951
case_459,c,2025-02-24 20:08:11.621951
case_459,a,2025-02-24 20:13:11.621951
case_459,b,2025-02-24 20:18:11.621951
case_459,b,2025-02-24 20:23:11.621951
case_459,c,2025-02-24 20:28:11.621951
case_459,c,2025-02-24 20:33:11.621951
case_459,a,2025-02-24 20:38:11.621951
case_459,c,2025-02-24 20:43:11.621951
case_459,b,2025-02-24 20:48:11.621951
case_459,b,2025-02-24 20:53:11.621951
case_459,b,2025-02-24 20:58:11.621951
case_459,b,2025-02-24 21:03:11.621951
case_460,a,2025-02-24 19:28:11.621982
case_460,c,2025-02-24 19:33:11.621982
case_460,b,2025-02-24 19:38:11.621982
case_460,a,2025-02-24 19:43:11.621982
case_460,a,2025-02-24 19:48:11.621982
case_460,b,2025-02-24 19:53:11.621982
case_460,a,2025-02-24 19:58:11.621982
case_460,a,2025-02-24 20:03:11.621982
case_460,b,2025-02-24 20:08:11.621982
case_460,b,2025-02-24 20:13:11.621982
case_460,b,2025-02-24 20:18:11.621982
case_460,c,2025-02-24 20:23:11.621982
case_460,c,2025-02-24 20:28:11.621982
case_460,a,2025-02-24 20:33:11.621982
case_460,a,2025-02-24 20:38:11.621982
case_460,a,2025-02-24 20:43:11.621982
case_460,c,2025-02-24 20:48:11.621982
case_460,c,2025-02-24 20:53:11.621982
case_460,b,2025-02-24 20:58:11.621982
case_460,a,2025-02-24 21:03:11.621982
case_461,b,2025-02-24 19:28:11.622012
case_461,a,2025-02-24 19:33:11.622012
case_461,a,2025-02-24 19:38:11.622012
case_461,c,2025-02-24 19:43:11.622012
case_461,a,2025-02-24 19:48:11.622012
case_461,b,2025-02-24 19:53:11.622012
case_461,c,2025-02-24 19:58:11.622012
case_461,a,2025-02-24 20:03:11.622012
case_461,b,2025-02-24 20:08:11.622012
case_461,a,2025-02-24 20:13:11.622012
case_461,a,2025-02-24 20:18:11.622012
case_461,b,2025-02-24 20:23:11.622012
case_461,a,2025-02-24 20:28:11.622012
case_461,c,2025-02-24 20:33:11.622012
case_461,b,2025-02-24 20:38:11.622012
case_461,b,2025-02-24 20:43:11.622012
case_461,c,2025-02-24 20:48:11.622012
case_461,b,2025-02-24 20:53:11.622012
case_461,b,2025-02-24 20:58:11.622012
case_461,a,2025-02-24 21:03:11.622012
case_462,a,2025-02-24 19:28:11.622042
case_462,a,2025-02-24 19:33:11.622042
case_462,a,2025-02-24 19:38:11.622042
case_462,b,2025-02-24 19:43:11.622042
case_462,a,2025-02-24 19:48:11.622042
case_462,c,2025-02-24 19:53:11.622042
case_462,a,2025-02-24 19:58:11.622042
case_462,a,2025-02-24 20:03:11.622042
case_462,c,2025-02-24 20:08:11.622042
case_462,b,2025-02-24 20:13:11.622042
case_462,a,2025-02-24 20:18:11.622042
case_462,c,2025-02-24 20:23:11.622042
case_462,a,2025-02-24 20:28:11.622042
case_462,c,2025-02-24 20:33:11.622042
case_462,a,2025-02-24 20:38:11.622042
case_462,c,2025-02-24 20:43:11.622042
case_462,c,2025-02-24 20:48:11.622042
case_462,b,2025-02-24 20:53:11.622042
case_462,a,2025-02-24 20:58:11.622042
case_462,a,2025-02-24 21:03:11.622042
case_463,b,2025-02-24 19:28:11.622072
case_463,c,2025-02-24 19:33:11.622072
case_463,b,2025-02-24 19:38:11.622072
case_463,b,2025-02-24 19:43:11.622072
case_463,c,2025-02-24 19:48:11.622072
case_463,a,2025-02-24 19:53:11.622072
case_463,a,2025-02-24 19:58:11.622072
case_463,b,2025-02-24 20:03:11.622072
case_463,c,2025-02-24 20:08:11.622072
case_463,c,2025-02-24 20:13:11.622072
case_463,b,2025-02-24 20:18:11.622072
case_463,b,2025-02-24 20:23:11.622072
case_463,b,2025-02-24 20:28:11.622072
case_463,a,2025-02-24 20:33:11.622072
case_463,a,2025-02-24 20:38:11.622072
case_463,a,2025-02-24 20:43:11.622072
case_463,b,2025-02-24 20:48:11.622072
case_463,b,2025-02-24 20:53:11.622072
case_463,c,2025-02-24 20:58:11.622072
case_463,a,2025-02-24 21:03:11.622072
case_464,a,2025-02-24 19:28:11.622102
case_464,a,2025-02-24 19:33:11.622102
case_464,b,2025-02-24 19:38:11.622102
case_464,b,2025-02-24 19:43:11.622102
case_464,c,2025-02-24 19:48:11.622102
case_464,b,2025-02-24 19:53:11.622102
case_464,c,2025-02-24 19:58:11.622102
case_464,a,2025-02-24 20:03:11.622102
case_464,b,2025-02-24 20:08:11.622102
case_464,b,2025-02-24 20:13:11.622102
case_464,b,2025-02-24 20:18:11.622102
case_464,c,2025-02-24 20:23:11.622102
case_464,c,2025-02-24 20:28:11.622102
case_464,b,2025-02-24 20:33:11.622102
case_464,b,2025-02-24 20:38:11.622102
case_464,a,2025-02-24 20:43:11.622102
case_464,a,2025-02-24 20:48:11.622102
case_464,a,2025-02-24 20:53:11.622102
case_464,a,2025-02-24 20:58:11.622102
case_464,a,2025-02-24 21:03:11.622102
case_465,a,2025-02-24 19:28:11.622132
case_465,a,2025-02-24 19:33:11.622132
case_465,b,2025-02-24 19:38:11.622132
case_465,a,2025-02-24 19:43:11.622132
case_465,b,2025-02-24 19:48:11.622132
case_465,b,2025-02-24 19:53:11.622132
case_465,a,2025-02-24 19:58:11.622132
case_465,a,2025-02-24 20:03:11.622132
case_465,a,2025-02-24 20:08:11.622132
case_465,c,2025-02-24 20:13:11.622132
case_465,a,2025-02-24 20:18:11.622132
case_465,c,2025-02-24 20:23:11.622132
case_465,b,2025-02-24 20:28:11.622132
case_465,a,2025-02-24 20:33:11.622132
case_465,b,2025-02-24 20:38:11.622132
case_465,a,2025-02-24 20:43:11.622132
case_465,b,2025-02-24 20:48:11.622132
case_465,b,2025-02-24 20:53:11.622132
case_465,a,2025-02-24 20:58:11.622132
case_465,c,2025-02-24 21:03:11.622132
case_466,b,2025-02-24 19:28:11.622163
case_466,a,2025-02-24 19:33:11.622163
case_466,a,2025-02-24 19:38:11.622163
case_466,c,2025-02-24 19:43:11.622163
case_466,c,2025-02-24 19:48:11.622163
case_466,c,2025-02-24 19:53:11.622163
case_466,a,2025-02-24 19:58:11.622163
case_466,b,2025-02-24 20:03:11.622163
case_466,c,2025-02-24 20:08:11.622163
case_466,b,2025-02-24 20:13:11.622163
case_466,a,2025-02-24 20:18:11.622163
case_466,a,2025-02-24 20:23:11.622163
case_466,b,2025-02-24 20:28:11.622163
case_466,b,2025-02-24 20:33:11.622163
case_466,a,2025-02-24 20:38:11.622163
case_466,b,2025-02-24 20:43:11.622163
case_466,c,2025-02-24 20:48:11.622163
case_466,c,2025-02-24 20:53:11.622163
case_466,a,2025-02-24 20:58:11.622163
case_466,b,2025-02-24 21:03:11.622163
case_467,b,2025-02-24 19:28:11.622193
case_467,a,2025-02-24 19:33:11.622193
case_467,a,2025-02-24 19:38:11.622193
case_467,b,2025-02-24 19:43:11.622193
case_467,a,2025-02-24 19:48:11.622193
case_467,b,2025-02-24 19:53:11.622193
case_467,a,2025-02-24 19:58:11.622193
case_467,b,2025-02-24 20:03:11.622193
case_467,b,2025-02-24 20:08:11.622193
case_467,c,2025-02-24 20:13:11.622193
case_467,a,2025-02-24 20:18:11.622193
case_467,c,2025-02-24 20:23:11.622193
case_467,a,2025-02-24 20:28:11.622193
case_467,c,2025-02-24 20:33:11.622193
case_467,a,2025-02-24 20:38:11.622193
case_467,c,2025-02-24 20:43:11.622193
case_467,a,2025-02-24 20:48:11.622193
case_467,c,2025-02-24 20:53:11.622193
case_467,b,2025-02-24 20:58:11.622193
case_467,b,2025-02-24 21:03:11.622193
case_468,b,2025-02-24 19:28:11.622223
case_468,b,2025-02-24 19:33:11.622223
case_468,c,2025-02-24 19:38:11.622223
case_468,b,2025-02-24 19:43:11.622223
case_468,a,2025-02-24 19:48:11.622223
case_468,c,2025-02-24 19:53:11.622223
case_468,c,2025-02-24 19:58:11.622223
case_468,c,2025-02-24 20:03:11.622223
case_468,c,2025-02-24 20:08:11.622223
case_468,a,2025-02-24 20:13:11.622223
case_468,b,2025-02-24 20:18:11.622223
case_468,a,2025-02-24 20:23:11.622223
case_468,b,2025-02-24 20:28:11.622223
case_468,c,2025-02-24 20:33:11.622223
case_468,a,2025-02-24 20:38:11.622223
case_468,a,2025-02-24 20:43:11.622223
case_468,c,2025-02-24 20:48:11.622223
case_468,a,2025-02-24 20:53:11.622223
case_468,b,2025-02-24 20:58:11.622223
case_468,b,2025-02-24 21:03:11.622223
case_469,b,2025-02-24 19:28:11.622254
case_469,a,2025-02-24 19:33:11.622254
case_469,a,2025-02-24 19:38:11.622254
case_469,b,2025-02-24 19:43:11.622254
case_469,a,2025-02-24 19:48:11.622254
case_469,b,2025-02-24 19:53:11.622254
case_469,a,2025-02-24 19:58:11.622254
case_469,c,2025-02-24 20:03:11.622254
case_469,a,2025-02-24 20:08:11.622254
case_469,a,2025-02-24 20:13:11.622254
case_469,c,2025-02-24 20:18:11.622254
case_469,b,2025-02-24 20:23:11.622254
case_469,c,2025-02-24 20:28:11.622254
case_469,a,2025-02-24 20:33:11.622254
case_469,a,2025-02-24 20:38:11.622254
case_469,c,2025-02-24 20:43:11.622254
case_469,c,2025-02-24 20:48:11.622254
case_469,c,2025-02-24 20:53:11.622254
case_469,c,2025-02-24 20:58:11.622254
case_469,c,2025-02-24 21:03:11.622254
case_470,b,2025-02-24 19:28:11.622284
case_470,c,2025-02-24 19:33:11.622284
case_470,c,2025-02-24 19:38:11.622284
case_470,b,2025-02-24 19:43:11.622284
case_470,a,2025-02-24 19:48:11.622284
case_470,a,2025-02-24 19:53:11.622284
case_470,b,2025-02-24 19:58:11.622284
case_470,a,2025-02-24 20:03:11.622284
case_470,a,2025-02-24 20:08:11.622284
case_470,b,2025-02-24 20:13:11.622284
case_470,c,2025-02-24 20:18:11.622284
case_470,a,2025-02-24 20:23:11.622284
case_470,b,2025-02-24 20:28:11.622284
case_470,c,2025-02-24 20:33:11.622284
case_470,b,2025-02-24 20:38:11.622284
case_470,c,2025-02-24 20:43:11.622284
case_470,c,2025-02-24 20:48:11.622284
case_470,b,2025-02-24 20:53:11.622284
case_470,a,2025-02-24 20:58:11.622284
case_470,c,2025-02-24 21:03:11.622284
case_471,a,2025-02-24 19:28:11.622314
case_471,a,2025-02-24 19:33:11.622314
case_471,c,2025-02-24 19:38:11.622314
case_471,b,2025-02-24 19:43:11.622314
case_471,a,2025-02-24 19:48:11.622314
case_471,a,2025-02-24 19:53:11.622314
case_471,a,2025-02-24 19:58:11.622314
case_471,a,2025-02-24 20:03:11.622314
case_471,b,2025-02-24 20:08:11.622314
case_471,c,2025-02-24 20:13:11.622314
case_471,c,2025-02-24 20:18:11.622314
case_471,a,2025-02-24 20:23:11.622314
case_471,c,2025-02-24 20:28:11.622314
case_471,a,2025-02-24 20:33:11.622314
case_471,b,2025-02-24 20:38:11.622314
case_471,a,2025-02-24 20:43:11.622314
case_471,c,2025-02-24 20:48:11.622314
case_471,a,2025-02-24 20:53:11.622314
case_471,c,2025-02-24 20:58:11.622314
case_471,c,2025-02-24 21:03:11.622314
case_472,b,2025-02-24 19:28:11.622345
case_472,c,2025-02-24 19:33:11.622345
case_472,c,2025-02-24 19:38:11.622345
case_472,a,2025-02-24 19:43:11.622345
case_472,b,2025-02-24 19:48:11.622345
case_472,c,2025-02-24 19:53:11.622345
case_472,a,2025-02-24 19:58:11.622345
case_472,b,2025-02-24 20:03:11.622345
case_472,a,2025-02-24 20:08:11.622345
case_472,b,2025-02-24 20:13:11.622345
case_472,c,2025-02-24 20:18:11.622345
case_472,b,2025-02-24 20:23:11.622345
case_472,c,2025-02-24 20:28:11.622345
case_472,b,2025-02-24 20:33:11.622345
case_472,c,2025-02-24 20:38:11.622345
case_472,c,2025-02-24 20:43:11.622345
case_472,c,2025-02-24 20:48:11.622345
case_472,b,2025-02-24 20:53:11.622345
case_472,c,2025-02-24 20:58:11.622345
case_472,c,2025-02-24 21:03:11.622345
case_473,b,2025-02-24 19:28:11.622379
case_473,b,2025-02-24 19:33:11.622379
case_473,b,2025-02-24 19:38:11.622379
case_473,b,2025-02-24 19:43:11.622379
case_473,a,2025-02-24 19:48:11.622379
case_473,a,2025-02-24 19:53:11.622379
case_473,b,2025-02-24 19:58:11.622379
case_473,b,2025-02-24 20:03:11.622379
case_473,c,2025-02-24 20:08:11.622379
case_473,a,2025-02-24 20:13:11.622379
case_473,c,2025-02-24 20:18:11.622379
case_473,c,2025-02-24 20:23:11.622379
case_473,a,2025-02-24 20:28:11.622379
case_473,c,2025-02-24 20:33:11.622379
case_473,a,2025-02-24 20:38:11.622379
case_473,c,2025-02-24 20:43:11.622379
case_473,b,2025-02-24 20:48:11.622379
case_473,c,2025-02-24 20:53:11.622379
case_473,b,2025-02-24 20:58:11.622379
case_473,c,2025-02-24 21:03:11.622379
case_474,a,2025-02-24 19:28:11.622409
case_474,a,2025-02-24 19:33:11.622409
case_474,a,2025-02-24 19:38:11.622409
case_474,c,2025-02-24 19:43:11.622409
case_474,b,2025-02-24 19:48:11.622409
case_474,b,2025-02-24 19:53:11.622409
case_474,a,2025-02-24 19:58:11.622409
case_474,c,2025-02-24 20:03:11.622409
case_474,b,2025-02-24 20:08:11.622409
case_474,b,2025-02-24 20:13:11.622409
case_474,c,2025-02-24 20:18:11.622409
case_474,a,2025-02-24 20:23:11.622409
case_474,c,2025-02-24 20:28:11.622409
case_474,c,2025-02-24 20:33:11.622409
case_474,a,2025-02-24 20:38:11.622409
case_474,a,2025-02-24 20:43:11.622409
case_474,b,2025-02-24 20:48:11.622409
case_474,a,2025-02-24 20:53:11.622409
case_474,c,2025-02-24 20:58:11.622409
case_474,c,2025-02-24 21:03:11.622409
case_475,a,2025-02-24 19:28:11.622439
case_475,a,2025-02-24 19:33:11.622439
case_475,a,2025-02-24 19:38:11.622439
case_475,a,2025-02-24 19:43:11.622439
case_475,a,2025-02-24 19:48:11.622439
case_475,b,2025-02-24 19:53:11.622439
case_475,b,2025-02-24 19:58:11.622439
case_475,b,2025-02-24 20:03:11.622439
case_475,b,2025-02-24 20:08:11.622439
case_475,a,2025-02-24 20:13:11.622439
case_475,a,2025-02-24 20:18:11.622439
case_475,a,2025-02-24 20:23:11.622439
case_475,c,2025-02-24 20:28:11.622439
case_475,c,2025-02-24 20:33:11.622439
case_475,b,2025-02-24 20:38:11.622439
case_475,a,2025-02-24 20:43:11.622439
case_475,c,2025-02-24 20:48:11.622439
case_475,b,2025-02-24 20:53:11.622439
case_475,b,2025-02-24 20:58:11.622439
case_475,a,2025-02-24 21:03:11.622439
case_476,b,2025-02-24 19:28:11.622468
case_476,b,2025-02-24 19:33:11.622468
case_476,a,2025-02-24 19:38:11.622468
case_476,b,2025-02-24 19:43:11.622468
case_476,a,2025-02-24 19:48:11.622468
case_476,b,2025-02-24 19:53:11.622468
case_476,a,2025-02-24 19:58:11.622468
case_476,b,2025-02-24 20:03:11.622468
case_476,b,2025-02-24 20:08:11.622468
case_476,b,2025-02-24 20:13:11.622468
case_476,c,2025-02-24 20:18:11.622468
case_476,b,2025-02-24 20:23:11.622468
case_476,a,2025-02-24 20:28:11.622468
case_476,a,2025-02-24 20:33:11.622468
case_476,a,2025-02-24 20:38:11.622468
case_476,a,2025-02-24 20:43:11.622468
case_476,b,2025-02-24 20:48:11.622468
case_476,a,2025-02-24 20:53:11.622468
case_476,a,2025-02-24 20:58:11.622468
case_476,b,2025-02-24 21:03:11.622468
case_477,b,2025-02-24 19:28:11.622499
case_477,c,2025-02-24 19:33:11.622499
case_477,a,2025-02-24 19:38:11.622499
case_477,b,2025-02-24 19:43:11.622499
case_477,a,2025-02-24 19:48:11.622499
case_477,c,2025-02-24 19:53:11.622499
case_477,b,2025-02-24 19:58:11.622499
case_477,c,2025-02-24 20:03:11.622499
case_477,a,2025-02-24 20:08:11.622499
case_477,a,2025-02-24 20:13:11.622499
case_477,b,2025-02-24 20:18:11.622499
case_477,c,2025-02-24 20:23:11.622499
case_477,c,2025-02-24 20:28:11.622499
case_477,b,2025-02-24 20:33:11.622499
case_477,a,2025-02-24 20:38:11.622499
case_477,c,2025-02-24 20:43:11.622499
case_477,c,2025-02-24 20:48:11.622499
case_477,a,2025-02-24 20:53:11.622499
case_477,a,2025-02-24 20:58:11.622499
case_477,c,2025-02-24 21:03:11.622499
case_478,b,2025-02-24 19:28:11.622528
case_478,c,2025-02-24 19:33:11.622528
case_478,c,2025-02-24 19:38:11.622528
case_478,c,2025-02-24 19:43:11.622528
case_478,b,2025-02-24 19:48:11.622528
case_478,c,2025-02-24 19:53:11.622528
case_478,b,2025-02-24 19:58:11.622528
case_478,a,2025-02-24 20:03:11.622528
case_478,a,2025-02-24 20:08:11.622528
case_478,b,2025-02-24 20:13:11.622528
case_478,b,2025-02-24 20:18:11.622528
case_478,b,2025-02-24 20:23:11.622528
case_478,c,2025-02-24 20:28:11.622528
case_478,c,2025-02-24 20:33:11.622528
case_478,c,2025-02-24 20:38:11.622528
case_478,b,2025-02-24 20:43:11.622528
case_478,b,2025-02-24 20:48:11.622528
case_478,a,2025-02-24 20:53:11.622528
case_478,c,2025-02-24 20:58:11.622528
case_478,b,2025-02-24 21:03:11.622528
case_479,b,2025-02-24 19:28:11.622558
case_479,a,2025-02-24 19:33:11.622558
case_479,c,2025-02-24 19:38:11.622558
case_479,b,2025-02-24 19:43:11.622558
case_479,c,2025-02-24 19:48:11.622558
case_479,b,2025-02-24 19:53:11.622558
case_479,b,2025-02-24 19:58:11.622558
case_479,b,2025-02-24 20:03:11.622558
case_479,a,2025-02-24 20:08:11.622558
case_479,c,2025-02-24 20:13:11.622558
case_479,c,2025-02-24 20:18:11.622558
case_479,c,2025-02-24 20:23:11.622558
case_479,c,2025-02-24 20:28:11.622558
case_479,c,2025-02-24 20:33:11.622558
case_479,a,2025-02-24 20:38:11.622558
case_479,a,2025-02-24 20:43:11.622558
case_479,c,2025-02-24 20:48:11.622558
case_479,a,2025-02-24 20:53:11.622558
case_479,a,2025-02-24 20:58:11.622558
case_479,c,2025-02-24 21:03:11.622558
case_480,a,2025-02-24 19:28:11.622588
case_480,c,2025-02-24 19:33:11.622588
case_480,b,2025-02-24 19:38:11.622588
case_480,b,2025-02-24 19:43:11.622588
case_480,b,2025-02-24 19:48:11.622588
case_480,a,2025-02-24 19:53:11.622588
case_480,b,2025-02-24 19:58:11.622588
case_480,c,2025-02-24 20:03:11.622588
case_480,b,2025-02-24 20:08:11.622588
case_480,a,2025-02-24 20:13:11.622588
case_480,c,2025-02-24 20:18:11.622588
case_480,a,2025-02-24 20:23:11.622588
case_480,c,2025-02-24 20:28:11.622588
case_480,b,2025-02-24 20:33:11.622588
case_480,a,2025-02-24 20:38:11.622588
case_480,a,2025-02-24 20:43:11.622588
case_480,c,2025-02-24 20:48:11.622588
case_480,c,2025-02-24 20:53:11.622588
case_480,b,2025-02-24 20:58:11.622588
case_480,a,2025-02-24 21:03:11.622588
case_481,a,2025-02-24 19:28:11.622617
case_481,c,2025-02-24 19:33:11.622617
case_481,a,2025-02-24 19:38:11.622617
case_481,b,2025-02-24 19:43:11.622617
case_481,a,2025-02-24 19:48:11.622617
case_481,c,2025-02-24 19:53:11.622617
case_481,b,2025-02-24 19:58:11.622617
case_481,c,2025-02-24 20:03:11.622617
case_481,a,2025-02-24 20:08:11.622617
case_481,a,2025-02-24 20:13:11.622617
case_481,c,2025-02-24 20:18:11.622617
case_481,c,2025-02-24 20:23:11.622617
case_481,c,2025-02-24 20:28:11.622617
case_481,a,2025-02-24 20:33:11.622617
case_481,c,2025-02-24 20:38:11.622617
case_481,b,2025-02-24 20:43:11.622617
case_481,c,2025-02-24 20:48:11.622617
case_481,b,2025-02-24 20:53:11.622617
case_481,b,2025-02-24 20:58:11.622617
case_481,b,2025-02-24 21:03:11.622617
case_482,a,2025-02-24 19:28:11.622647
case_482,a,2025-02-24 19:33:11.622647
case_482,a,2025-02-24 19:38:11.622647
case_482,a,2025-02-24 19:43:11.622647
case_482,b,2025-02-24 19:48:11.622647
case_482,b,2025-02-24 19:53:11.622647
case_482,c,2025-02-24 19:58:11.622647
case_482,a,2025-02-24 20:03:11.622647
case_482,a,2025-02-24 20:08:11.622647
case_482,a,2025-02-24 20:13:11.622647
case_482,b,2025-02-24 20:18:11.622647
case_482,c,2025-02-24 20:23:11.622647
case_482,c,2025-02-24 20:28:11.622647
case_482,c,2025-02-24 20:33:11.622647
case_482,b,2025-02-24 20:38:11.622647
case_482,b,2025-02-24 20:43:11.622647
case_482,c,2025-02-24 20:48:11.622647
case_482,c,2025-02-24 20:53:11.622647
case_482,c,2025-02-24 20:58:11.622647
case_482,a,2025-02-24 21:03:11.622647
case_483,a,2025-02-24 19:28:11.622677
case_483,c,2025-02-24 19:33:11.622677
case_483,c,2025-02-24 19:38:11.622677
case_483,b,2025-02-24 19:43:11.622677
case_483,c,2025-02-24 19:48:11.622677
case_483,b,2025-02-24 19:53:11.622677
case_483,c,2025-02-24 19:58:11.622677
case_483,b,2025-02-24 20:03:11.622677
case_483,c,2025-02-24 20:08:11.622677
case_483,c,2025-02-24 20:13:11.622677
case_483,b,2025-02-24 20:18:11.622677
case_483,b,2025-02-24 20:23:11.622677
case_483,b,2025-02-24 20:28:11.622677
case_483,b,2025-02-24 20:33:11.622677
case_483,a,2025-02-24 20:38:11.622677
case_483,c,2025-02-24 20:43:11.622677
case_483,c,2025-02-24 20:48:11.622677
case_483,c,2025-02-24 20:53:11.622677
case_483,a,2025-02-24 20:58:11.622677
case_483,b,2025-02-24 21:03:11.622677
case_484,a,2025-02-24 19:28:11.622706
case_484,a,2025-02-24 19:33:11.622706
case_484,b,2025-02-24 19:38:11.622706
case_484,c,2025-02-24 19:43:11.622706
case_484,b,2025-02-24 19:48:11.622706
case_484,b,2025-02-24 19:53:11.622706
case_484,c,2025-02-24 19:58:11.622706
case_484,a,2025-02-24 20:03:11.622706
case_484,b,2025-02-24 20:08:11.622706
case_484,c,2025-02-24 20:13:11.622706
case_484,c,2025-02-24 20:18:11.622706
case_484,b,2025-02-24 20:23:11.622706
case_484,c,2025-02-24 20:28:11.622706
case_484,a,2025-02-24 20:33:11.622706
case_484,a,2025-02-24 20:38:11.622706
case_484,b,2025-02-24 20:43:11.622706
case_484,b,2025-02-24 20:48:11.622706
case_484,c,2025-02-24 20:53:11.622706
case_484,a,2025-02-24 20:58:11.622706
case_484,a,2025-02-24 21:03:11.622706
case_485,a,2025-02-24 19:28:11.622736
case_485,a,2025-02-24 19:33:11.622736
case_485,c,2025-02-24 19:38:11.622736
case_485,b,2025-02-24 19:43:11.622736
case_485,a,2025-02-24 19:48:11.622736
case_485,a,2025-02-24 19:53:11.622736
case_485,c,2025-02-24 19:58:11.622736
case_485,b,2025-02-24 20:03:11.622736
case_485,a,2025-02-24 20:08:11.622736
case_485,c,2025-02-24 20:13:11.622736
case_485,c,2025-02-24 20:18:11.622736
case_485,b,2025-02-24 20:23:11.622736
case_485,b,2025-02-24 20:28:11.622736
case_485,b,2025-02-24 20:33:11.622736
case_485,a,2025-02-24 20:38:11.622736
case_485,c,2025-02-24 20:43:11.622736
case_485,c,2025-02-24 20:48:11.622736
case_485,a,2025-02-24 20:53:11.622736
case_485,b,2025-02-24 20:58:11.622736
case_485,a,2025-02-24 21:03:11.622736
case_486,a,2025-02-24 19:28:11.622766
case_486,a,2025-02-24 19:33:11.622766
case_486,c,2025-02-24 19:38:11.622766
case_486,b,2025-02-24 19:43:11.622766
case_486,a,2025-02-24 19:48:11.622766
case_486,a,2025-02-24 19:53:11.622766
case_486,b,2025-02-24 19:58:11.622766
case_486,c,2025-02-24 20:03:11.622766
case_486,a,2025-02-24 20:08:11.622766
case_486,c,2025-02-24 20:13:11.622766
case_486,a,2025-02-24 20:18:11.622766
case_486,b,2025-02-24 20:23:11.622766
case_486,b,2025-02-24 20:28:11.622766
case_486,c,2025-02-24 20:33:11.622766
case_486,c,2025-02-24 20:38:11.622766
case_486,b,2025-02-24 20:43:11.622766
case_486,a,2025-02-24 20:48:11.622766
case_486,a,2025-02-24 20:53:11.622766
case_486,b,2025-02-24 20:58:11.622766
case_486,c,2025-02-24 21:03:11.622766
case_487,a,2025-02-24 19:28:11.622796
case_487,b,2025-02-24 19:33:11.622796
case_487,a,2025-02-24 19:38:11.622796
case_487,c,2025-02-24 19:43:11.622796
case_487,c,2025-02-24 19:48:11.622796
case_487,c,2025-02-24 19:53:11.622796
case_487,b,2025-02-24 19:58:11.622796
case_487,a,2025-02-24 20:03:11.622796
case_487,b,2025-02-24 20:08:11.622796
case_487,c,2025-02-24 20:13:11.622796
case_487,b,2025-02-24 20:18:11.622796
case_487,c,2025-02-24 20:23:11.622796
case_487,b,2025-02-24 20:28:11.622796
case_487,b,2025-02-24 20:33:11.622796
case_487,b,2025-02-24 20:38:11.622796
case_487,a,2025-02-24 20:43:11.622796
case_487,c,2025-02-24 20:48:11.622796
case_487,a,2025-02-24 20:53:11.622796
case_487,a,2025-02-24 20:58:11.622796
case_487,c,2025-02-24 21:03:11.622796
case_488,b,2025-02-24 19:28:11.622826
case_488,c,2025-02-24 19:33:11.622826
case_488,b,2025-02-24 19:38:11.622826
case_488,a,2025-02-24 19:43:11.622826
case_488,b,2025-02-24 19:48:11.622826
case_488,c,2025-02-24 19:53:11.622826
case_488,b,2025-02-24 19:58:11.622826
case_488,b,2025-02-24 20:03:11.622826
case_488,a,2025-02-24 20:08:11.622826
case_488,b,2025-02-24 20:13:11.622826
case_488,a,2025-02-24 20:18:11.622826
case_488,b,2025-02-24 20:23:11.622826
case_488,a,2025-02-24 20:28:11.622826
case_488,a,2025-02-24 20:33:11.622826
case_488,a,2025-02-24 20:38:11.622826
case_488,a,2025-02-24 20:43:11.622826
case_488,a,2025-02-24 20:48:11.622826
case_488,c,2025-02-24 20:53:11.622826
case_488,c,2025-02-24 20:58:11.622826
case_488,c,2025-02-24 21:03:11.622826
case_489,b,2025-02-24 19:28:11.622855
case_489,a,2025-02-24 19:33:11.622855
case_489,a,2025-02-24 19:38:11.622855
case_489,a,2025-02-24 19:43:11.622855
case_489,a,2025-02-24 19:48:11.622855
case_489,c,2025-02-24 19:53:11.622855
case_489,a,2025-02-24 19:58:11.622855
case_489,a,2025-02-24 20:03:11.622855
case_489,b,2025-02-24 20:08:11.622855
case_489,c,2025-02-24 20:13:11.622855
case_489,a,2025-02-24 20:18:11.622855
case_489,b,2025-02-24 20:23:11.622855
case_489,c,2025-02-24 20:28:11.622855
case_489,b,2025-02-24 20:33:11.622855
case_489,c,2025-02-24 20:38:11.622855
case_489,b,2025-02-24 20:43:11.622855
case_489,c,2025-02-24 20:48:11.622855
case_489,c,2025-02-24 20:53:11.622855
case_489,b,2025-02-24 20:58:11.622855
case_489,a,2025-02-24 21:03:11.622855
case_490,a,2025-02-24 19:28:11.622884
case_490,a,2025-02-24 19:33:11.622884
case_490,b,2025-02-24 19:38:11.622884
case_490,a,2025-02-24 19:43:11.622884
case_490,a,2025-02-24 19:48:11.622884
case_490,b,2025-02-24 19:53:11.622884
case_490,b,2025-02-24 19:58:11.622884
case_490,a,2025-02-24 20:03:11.622884
case_490,b,2025-02-24 20:08:11.622884
case_490,c,2025-02-24 20:13:11.622884
case_490,a,2025-02-24 20:18:11.622884
case_490,b,2025-02-24 20:23:11.622884
case_490,c,2025-02-24 20:28:11.622884
case_490,b,2025-02-24 20:33:11.622884
case_490,a,2025-02-24 20:38:11.622884
case_490,a,2025-02-24 20:43:11.622884
case_490,b,2025-02-24 20:48:11.622884
case_490,c,2025-02-24 20:53:11.622884
case_490,c,2025-02-24 20:58:11.622884
case_490,c,2025-02-24 21:03:11.622884
case_491,b,2025-02-24 19:28:11.622914
case_491,a,2025-02-24 19:33:11.622914
case_491,a,2025-02-24 19:38:11.622914
case_491,a,2025-02-24 19:43:11.622914
case_491,c,2025-02-24 19:48:11.622914
case_491,a,2025-02-24 19:53:11.622914
case_491,c,2025-02-24 19:58:11.622914
case_491,b,2025-02-24 20:03:11.622914
case_491,b,2025-02-24 20:08:11.622914
case_491,b,2025-02-24 20:13:11.622914
case_491,c,2025-02-24 20:18:11.622914
case_491,c,2025-02-24 20:23:11.622914
case_491,a,2025-02-24 20:28:11.622914
case_491,c,2025-02-24 20:33:11.622914
case_491,c,2025-02-24 20:38:11.622914
case_491,c,2025-02-24 20:43:11.622914
case_491,a,2025-02-24 20:48:11.622914
case_491,b,2025-02-24 20:53:11.622914
case_491,b,2025-02-24 20:58:11.622914
case_491,b,2025-02-24 21:03:11.622914
case_492,b,2025-02-24 19:28:11.622944
case_492,a,2025-02-24 19:33:11.622944
case_492,c,2025-02-24 19:38:11.622944
case_492,c,2025-02-24 19:43:11.622944
case_492,b,2025-02-24 19:48:11.622944
case_492,c,2025-02-24 19:53:11.622944
case_492,a,2025-02-24 19:58:11.622944
case_492,b,2025-02-24 20:03:11.622944
case_492,a,2025-02-24 20:08:11.622944
case_492,b,2025-02-24 20:13:11.622944
case_492,b,2025-02-24 20:18:11.622944
case_492,b,2025-02-24 20:23:11.622944
case_492,a,2025-02-24 20:28:11.622944
case_492,b,2025-02-24 20:33:11.622944
case_492,b,2025-02-24 20:38:11.622944
case_492,c,2025-02-24 20:43:11.622944
case_492,a,2025-02-24 20:48:11.622944
case_492,b,2025-02-24 20:53:11.622944
case_492,a,2025-02-24 20:58:11.622944
case_492,a,2025-02-24 21:03:11.622944
case_493,a,2025-02-24 19:28:11.622973
case_493,a,2025-02-24 19:33:11.622973
case_493,a,2025-02-24 19:38:11.622973
case_493,c,2025-02-24 19:43:11.622973
case_493,c,2025-02-24 19:48:11.622973
case_493,c,2025-02-24 19:53:11.622973
case_493,a,2025-02-24 19:58:11.622973
case_493,c,2025-02-24 20:03:11.622973
case_493,c,2025-02-24 20:08:11.622973
case_493,b,2025-02-24 20:13:11.622973
case_493,b,2025-02-24 20:18:11.622973
case_493,c,2025-02-24 20:23:11.622973
case_493,b,2025-02-24 20:28:11.622973
case_493,c,2025-02-24 20:33:11.622973
case_493,b,2025-02-24 20:38:11.622973
case_493,c,2025-02-24 20:43:11.622973
case_493,c,2025-02-24 20:48:11.622973
case_493,a,2025-02-24 20:53:11.622973
case_493,a,2025-02-24 20:58:11.622973
case_493,c,2025-02-24 21:03:11.622973
case_494,b,2025-02-24 19:28:11.623003
case_494,c,2025-02-24 19:33:11.623003
case_494,a,2025-02-24 19:38:11.623003
case_494,b,2025-02-24 19:43:11.623003
case_494,a,2025-02-24 19:48:11.623003
case_494,a,2025-02-24 19:53:11.623003
case_494,a,2025-02-24 19:58:11.623003
case_494,a,2025-02-24 20:03:11.623003
case_494,c,2025-02-24 20:08:11.623003
case_494,c,2025-02-24 20:13:11.623003
case_494,a,2025-02-24 20:18:11.623003
case_494,c,2025-02-24 20:23:11.623003
case_494,b,2025-02-24 20:28:11.623003
case_494,c,2025-02-24 20:33:11.623003
case_494,a,2025-02-24 20:38:11.623003
case_494,a,2025-02-24 20:43:11.623003
case_494,b,2025-02-24 20:48:11.623003
case_494,a,2025-02-24 20:53:11.623003
case_494,b,2025-02-24 20:58:11.623003
case_494,b,2025-02-24 21:03:11.623003
case_495,a,2025-02-24 19:28:11.623033
case_495,b,2025-02-24 19:33:11.623033
case_495,b,2025-02-24 19:38:11.623033
case_495,a,2025-02-24 19:43:11.623033
case_495,a,2025-02-24 19:48:11.623033
case_495,a,2025-02-24 19:53:11.623033
case_495,b,2025-02-24 19:58:11.623033
case_495,a,2025-02-24 20:03:11.623033
case_495,b,2025-02-24 20:08:11.623033
case_495,c,2025-02-24 20:13:11.623033
case_495,c,2025-02-24 20:18:11.623033
case_495,c,2025-02-24 20:23:11.623033
case_495,c,2025-02-24 20:28:11.623033
case_495,b,2025-02-24 20:33:11.623033
case_495,c,2025-02-24 20:38:11.623033
case_495,a,2025-02-24 20:43:11.623033
case_495,c,2025-02-24 20:48:11.623033
case_495,b,2025-02-24 20:53:11.623033
case_495,a,2025-02-24 20:58:11.623033
case_495,a,2025-02-24 21:03:11.623033
case_496,b,2025-02-24 19:28:11.623062
case_496,c,2025-02-24 19:33:11.623062
case_496,a,2025-02-24 19:38:11.623062
case_496,c,2025-02-24 19:43:11.623062
case_496,a,2025-02-24 19:48:11.623062
case_496,a,2025-02-24 19:53:11.623062
case_496,c,2025-02-24 19:58:11.623062
case_496,a,2025-02-24 20:03:11.623062
case_496,a,2025-02-24 20:08:11.623062
case_496,c,2025-02-24 20:13:11.623062
case_496,b,2025-02-24 20:18:11.623062
case_496,c,2025-02-24 20:23:11.623062
case_496,c,2025-02-24 20:28:11.623062
case_496,a,2025-02-24 20:33:11.623062
case_496,c,2025-02-24 20:38:11.623062
case_496,b,2025-02-24 20:43:11.623062
case_496,a,2025-02-24 20:48:11.623062
case_496,b,2025-02-24 20:53:11.623062
case_496,a,2025-02-24 20:58:11.623062
case_496,b,2025-02-24 21:03:11.623062
case_497,a,2025-02-24 19:28:11.623092
case_497,b,2025-02-24 19:33:11.623092
case_497,a,2025-02-24 19:38:11.623092
case_497,b,2025-02-24 19:43:11.623092
case_497,c,2025-02-24 19:48:11.623092
case_497,a,2025-02-24 19:53:11.623092
case_497,b,2025-02-24 19:58:11.623092
case_497,a,2025-02-24 20:03:11.623092
case_497,b,2025-02-24 20:08:11.623092
case_497,a,2025-02-24 20:13:11.623092
case_497,c,2025-02-24 20:18:11.623092
case_497,c,2025-02-24 20:23:11.623092
case_497,b,2025-02-24 20:28:11.623092
case_497,c,2025-02-24 20:33:11.623092
case_497,b,2025-02-24 20:38:11.623092
case_497,c,2025-02-24 20:43:11.623092
case_497,a,2025-02-24 20:48:11.623092
case_497,c,2025-02-24 20:53:11.623092
case_497,c,2025-02-24 20:58:11.623092
case_497,b,2025-02-24 21:03:11.623092
case_498,b,2025-02-24 19:28:11.623122
case_498,c,2025-02-24 19:33:11.623122
case_498,b,2025-02-24 19:38:11.623122
case_498,c,2025-02-24 19:43:11.623122
case_498,b,2025-02-24 19:48:11.623122
case_498,b,2025-02-24 19:53:11.623122
case_498,a,2025-02-24 19:58:11.623122
case_498,b,2025-02-24 20:03:11.623122
case_498,a,2025-02-24 20:08:11.623122
case_498,b,2025-02-24 20:13:11.623122
case_498,a,2025-02-24 20:18:11.623122
case_498,c,2025-02-24 20:23:11.623122
case_498,a,2025-02-24 20:28:11.623122
case_498,a,2025-02-24 20:33:11.623122
case_498,a,2025-02-24 20:38:11.623122
case_498,c,2025-02-24 20:43:11.623122
case_498,c,2025-02-24 20:48:11.623122
case_498,c,2025-02-24 20:53:11.623122
case_498,c,2025-02-24 20:58:11.623122
case_498,a,2025-02-24 21:03:11.623122
case_499,b,2025-02-24 19:28:11.623152
case_499,c,2025-02-24 19:33:11.623152
case_499,a,2025-02-24 19:38:11.623152
case_499,b,2025-02-24 19:43:11.623152
case_499,a,2025-02-24 19:48:11.623152
case_499,c,2025-02-24 19:53:11.623152
case_499,c,2025-02-24 19:58:11.623152
case_499,c,2025-02-24 20:03:11.623152
case_499,b,2025-02-24 20:08:11.623152
case_499,b,2025-02-24 20:13:11.623152
case_499,c,2025-02-24 20:18:11.623152
case_499,a,2025-02-24 20:23:11.623152
case_499,b,2025-02-24 20:28:11.623152
case_499,c,2025-02-24 20:33:11.623152
case_499,a,2025-02-24 20:38:11.623152
case_499,b,2025-02-24 20:43:11.623152
case_499,a,2025-02-24 20:48:11.623152
case_499,c,2025-02-24 20:53:11.623152
case_499,c,2025-02-24 20:58:11.623152
case_499,b,2025-02-24 21:03:11.623152
case_500,a,2025-02-24 19:28:11.623181
case_500,b,2025-02-24 19:33:11.623181
case_500,b,2025-02-24 19:38:11.623181
case_500,a,2025-02-24 19:43:11.623181
case_500,c,2025-02-24 19:48:11.623181
case_500,b,2025-02-24 19:53:11.623181
case_500,b,2025-02-24 19:58:11.623181
case_500,c,2025-02-24 20:03:11.623181
case_500,c,2025-02-24 20:08:11.623181
case_500,c,2025-02-24 20:13:11.623181
case_500,c,2025-02-24 20:18:11.623181
case_500,b,2025-02-24 20:23:11.623181
case_500,c,2025-02-24 20:28:11.623181
case_500,a,2025-02-24 20:33:11.623181
case_500,c,2025-02-24 20:38:11.623181
case_500,c,2025-02-24 20:43:11.623181
case_500,c,2025-02-24 20:48:11.623181
case_500,a,2025-02-24 20:53:11.623181
case_500,b,2025-02-24 20:58:11.623181
case_500,a,2025-02-24 21:03:11.623181
case_501,b,2025-02-24 19:28:11.623211
case_501,a,2025-02-24 19:33:11.623211
case_501,a,2025-02-24 19:38:11.623211
case_501,b,2025-02-24 19:43:11.623211
case_501,a,2025-02-24 19:48:11.623211
case_501,c,2025-02-24 19:53:11.623211
case_501,c,2025-02-24 19:58:11.623211
case_501,a,2025-02-24 20:03:11.623211
case_501,a,2025-02-24 20:08:11.623211
case_501,a,2025-02-24 20:13:11.623211
case_501,a,2025-02-24 20:18:11.623211
case_501,c,2025-02-24 20:23:11.623211
case_501,a,2025-02-24 20:28:11.623211
case_501,c,2025-02-24 20:33:11.623211
case_501,a,2025-02-24 20:38:11.623211
case_501,b,2025-02-24 20:43:11.623211
case_501,c,2025-02-24 20:48:11.623211
case_501,a,2025-02-24 20:53:11.623211
case_501,a,2025-02-24 20:58:11.623211
case_501,b,2025-02-24 21:03:11.623211
case_502,a,2025-02-24 19:28:11.623241
case_502,c,2025-02-24 19:33:11.623241
case_502,b,2025-02-24 19:38:11.623241
case_502,b,2025-02-24 19:43:11.623241
case_502,a,2025-02-24 19:48:11.623241
case_502,c,2025-02-24 19:53:11.623241
case_502,b,2025-02-24 19:58:11.623241
case_502,c,2025-02-24 20:03:11.623241
case_502,c,2025-02-24 20:08:11.623241
case_502,a,2025-02-24 20:13:11.623241
case_502,c,2025-02-24 20:18:11.623241
case_502,b,2025-02-24 20:23:11.623241
case_502,c,2025-02-24 20:28:11.623241
case_502,c,2025-02-24 20:33:11.623241
case_502,b,2025-02-24 20:38:11.623241
case_502,b,2025-02-24 20:43:11.623241
case_502,b,2025-02-24 20:48:11.623241
case_502,a,2025-02-24 20:53:11.623241
case_502,c,2025-02-24 20:58:11.623241
case_502,b,2025-02-24 21:03:11.623241
case_503,a,2025-02-24 19:28:11.623271
case_503,a,2025-02-24 19:33:11.623271
case_503,c,2025-02-24 19:38:11.623271
case_503,b,2025-02-24 19:43:11.623271
case_503,a,2025-02-24 19:48:11.623271
case_503,c,2025-02-24 19:53:11.623271
case_503,c,2025-02-24 19:58:11.623271
case_503,a,2025-02-24 20:03:11.623271
case_503,b,2025-02-24 20:08:11.623271
case_503,c,2025-02-24 20:13:11.623271
case_503,a,2025-02-24 20:18:11.623271
case_503,c,2025-02-24 20:23:11.623271
case_503,c,2025-02-24 20:28:11.623271
case_503,c,2025-02-24 20:33:11.623271
case_503,b,2025-02-24 20:38:11.623271
case_503,c,2025-02-24 20:43:11.623271
case_503,b,2025-02-24 20:48:11.623271
case_503,a,2025-02-24 20:53:11.623271
case_503,b,2025-02-24 20:58:11.623271
case_503,a,2025-02-24 21:03:11.623271
case_504,b,2025-02-24 19:28:11.623301
case_504,b,2025-02-24 19:33:11.623301
case_504,b,2025-02-24 19:38:11.623301
case_504,a,2025-02-24 19:43:11.623301
case_504,a,2025-02-24 19:48:11.623301
case_504,a,2025-02-24 19:53:11.623301
case_504,a,2025-02-24 19:58:11.623301
case_504,c,2025-02-24 20:03:11.623301
case_504,b,2025-02-24 20:08:11.623301
case_504,a,2025-02-24 20:13:11.623301
case_504,a,2025-02-24 20:18:11.623301
case_504,c,2025-02-24 20:23:11.623301
case_504,b,2025-02-24 20:28:11.623301
case_504,c,2025-02-24 20:33:11.623301
case_504,c,2025-02-24 20:38:11.623301
case_504,c,2025-02-24 20:43:11.623301
case_504,c,2025-02-24 20:48:11.623301
case_504,b,2025-02-24 20:53:11.623301
case_504,a,2025-02-24 20:58:11.623301
case_504,b,2025-02-24 21:03:11.623301
case_505,b,2025-02-24 19:28:11.623332
case_505,a,2025-02-24 19:33:11.623332
case_505,b,2025-02-24 19:38:11.623332
case_505,a,2025-02-24 19:43:11.623332
case_505,a,2025-02-24 19:48:11.623332
case_505,a,2025-02-24 19:53:11.623332
case_505,a,2025-02-24 19:58:11.623332
case_505,b,2025-02-24 20:03:11.623332
case_505,b,2025-02-24 20:08:11.623332
case_505,b,2025-02-24 20:13:11.623332
case_505,b,2025-02-24 20:18:11.623332
case_505,c,2025-02-24 20:23:11.623332
case_505,c,2025-02-24 20:28:11.623332
case_505,b,2025-02-24 20:33:11.623332
case_505,b,2025-02-24 20:38:11.623332
case_505,a,2025-02-24 20:43:11.623332
case_505,b,2025-02-24 20:48:11.623332
case_505,a,2025-02-24 20:53:11.623332
case_505,c,2025-02-24 20:58:11.623332
case_505,a,2025-02-24 21:03:11.623332
case_506,a,2025-02-24 19:28:11.623361
case_506,a,2025-02-24 19:33:11.623361
case_506,b,2025-02-24 19:38:11.623361
case_506,a,2025-02-24 19:43:11.623361
case_506,a,2025-02-24 19:48:11.623361
case_506,c,2025-02-24 19:53:11.623361
case_506,b,2025-02-24 19:58:11.623361
case_506,c,2025-02-24 20:03:11.623361
case_506,c,2025-02-24 20:08:11.623361
case_506,a,2025-02-24 20:13:11.623361
case_506,c,2025-02-24 20:18:11.623361
case_506,c,2025-02-24 20:23:11.623361
case_506,c,2025-02-24 20:28:11.623361
case_506,b,2025-02-24 20:33:11.623361
case_506,a,2025-02-24 20:38:11.623361
case_506,a,2025-02-24 20:43:11.623361
case_506,b,2025-02-24 20:48:11.623361
case_506,a,2025-02-24 20:53:11.623361
case_506,b,2025-02-24 20:58:11.623361
case_506,c,2025-02-24 21:03:11.623361
case_507,a,2025-02-24 19:28:11.623391
case_507,c,2025-02-24 19:33:11.623391
case_507,b,2025-02-24 19:38:11.623391
case_507,a,2025-02-24 19:43:11.623391
case_507,a,2025-02-24 19:48:11.623391
case_507,b,2025-02-24 19:53:11.623391
case_507,c,2025-02-24 19:58:11.623391
case_507,b,2025-02-24 20:03:11.623391
case_507,b,2025-02-24 20:08:11.623391
case_507,c,2025-02-24 20:13:11.623391
case_507,b,2025-02-24 20:18:11.623391
case_507,a,2025-02-24 20:23:11.623391
case_507,a,2025-02-24 20:28:11.623391
case_507,a,2025-02-24 20:33:11.623391
case_507,a,2025-02-24 20:38:11.623391
case_507,b,2025-02-24 20:43:11.623391
case_507,a,2025-02-24 20:48:11.623391
case_507,b,2025-02-24 20:53:11.623391
case_507,b,2025-02-24 20:58:11.623391
case_507,b,2025-02-24 21:03:11.623391
case_508,b,2025-02-24 19:28:11.623421
case_508,c,2025-02-24 19:33:11.623421
case_508,b,2025-02-24 19:38:11.623421
case_508,c,2025-02-24 19:43:11.623421
case_508,a,2025-02-24 19:48:11.623421
case_508,b,2025-02-24 19:53:11.623421
case_508,b,2025-02-24 19:58:11.623421
case_508,b,2025-02-24 20:03:11.623421
case_508,c,2025-02-24 20:08:11.623421
case_508,a,2025-02-24 20:13:11.623421
case_508,c,2025-02-24 20:18:11.623421
case_508,c,2025-02-24 20:23:11.623421
case_508,c,2025-02-24 20:28:11.623421
case_508,c,2025-02-24 20:33:11.623421
case_508,b,2025-02-24 20:38:11.623421
case_508,a,2025-02-24 20:43:11.623421
case_508,a,2025-02-24 20:48:11.623421
case_508,a,2025-02-24 20:53:11.623421
case_508,c,2025-02-24 20:58:11.623421
case_508,b,2025-02-24 21:03:11.623421
case_509,a,2025-02-24 19:28:11.623451
case_509,b,2025-02-24 19:33:11.623451
case_509,c,2025-02-24 19:38:11.623451
case_509,b,2025-02-24 19:43:11.623451
case_509,b,2025-02-24 19:48:11.623451
case_509,b,2025-02-24 19:53:11.623451
case_509,a,2025-02-24 19:58:11.623451
case_509,c,2025-02-24 20:03:11.623451
case_509,c,2025-02-24 20:08:11.623451
case_509,a,2025-02-24 20:13:11.623451
case_509,a,2025-02-24 20:18:11.623451
case_509,c,2025-02-24 20:23:11.623451
case_509,a,2025-02-24 20:28:11.623451
case_509,c,2025-02-24 20:33:11.623451
case_509,c,2025-02-24 20:38:11.623451
case_509,b,2025-02-24 20:43:11.623451
case_509,a,2025-02-24 20:48:11.623451
case_509,b,2025-02-24 20:53:11.623451
case_509,c,2025-02-24 20:58:11.623451
case_509,c,2025-02-24 21:03:11.623451
case_510,a,2025-02-24 19:28:11.623480
case_510,b,2025-02-24 19:33:11.623480
case_510,a,2025-02-24 19:38:11.623480
case_510,b,2025-02-24 19:43:11.623480
case_510,b,2025-02-24 19:48:11.623480
case_510,a,2025-02-24 19:53:11.623480
case_510,b,2025-02-24 19:58:11.623480
case_510,b,2025-02-24 20:03:11.623480
case_510,c,2025-02-24 20:08:11.623480
case_510,b,2025-02-24 20:13:11.623480
case_510,a,2025-02-24 20:18:11.623480
case_510,b,2025-02-24 20:23:11.623480
case_510,b,2025-02-24 20:28:11.623480
case_510,b,2025-02-24 20:33:11.623480
case_510,c,2025-02-24 20:38:11.623480
case_510,c,2025-02-24 20:43:11.623480
case_510,b,2025-02-24 20:48:11.623480
case_510,c,2025-02-24 20:53:11.623480
case_510,b,2025-02-24 20:58:11.623480
case_510,b,2025-02-24 21:03:11.623480
case_511,a,2025-02-24 19:28:11.623510
case_511,a,2025-02-24 19:33:11.623510
case_511,b,2025-02-24 19:38:11.623510
case_511,a,2025-02-24 19:43:11.623510
case_511,b,2025-02-24 19:48:11.623510
case_511,a,2025-02-24 19:53:11.623510
case_511,b,2025-02-24 19:58:11.623510
case_511,a,2025-02-24 20:03:11.623510
case_511,b,2025-02-24 20:08:11.623510
case_511,c,2025-02-24 20:13:11.623510
case_511,a,2025-02-24 20:18:11.623510
case_511,a,2025-02-24 20:23:11.623510
case_511,a,2025-02-24 20:28:11.623510
case_511,a,2025-02-24 20:33:11.623510
case_511,a,2025-02-24 20:38:11.623510
case_511,c,2025-02-24 20:43:11.623510
case_511,a,2025-02-24 20:48:11.623510
case_511,a,2025-02-24 20:53:11.623510
case_511,a,2025-02-24 20:58:11.623510
case_511,c,2025-02-24 21:03:11.623510
case_512,b,2025-02-24 19:28:11.623539
case_512,a,2025-02-24 19:33:11.623539
case_512,c,2025-02-24 19:38:11.623539
case_512,c,2025-02-24 19:43:11.623539
case_512,c,2025-02-24 19:48:11.623539
case_512,a,2025-02-24 19:53:11.623539
case_512,a,2025-02-24 19:58:11.623539
case_512,b,2025-02-24 20:03:11.623539
case_512,c,2025-02-24 20:08:11.623539
case_512,a,2025-02-24 20:13:11.623539
case_512,c,2025-02-24 20:18:11.623539
case_512,b,2025-02-24 20:23:11.623539
case_512,c,2025-02-24 20:28:11.623539
case_512,c,2025-02-24 20:33:11.623539
case_512,a,2025-02-24 20:38:11.623539
case_512,b,2025-02-24 20:43:11.623539
case_512,a,2025-02-24 20:48:11.623539
case_512,a,2025-02-24 20:53:11.623539
case_512,b,2025-02-24 20:58:11.623539
case_512,c,2025-02-24 21:03:11.623539
case_513,a,2025-02-24 19:28:11.623569
case_513,b,2025-02-24 19:33:11.623569
case_513,c,2025-02-24 19:38:11.623569
case_513,b,2025-02-24 19:43:11.623569
case_513,a,2025-02-24 19:48:11.623569
case_513,a,2025-02-24 19:53:11.623569
case_513,c,2025-02-24 19:58:11.623569
case_513,a,2025-02-24 20:03:11.623569
case_513,a,2025-02-24 20:08:11.623569
case_513,a,2025-02-24 20:13:11.623569
case_513,b,2025-02-24 20:18:11.623569
case_513,c,2025-02-24 20:23:11.623569
case_513,a,2025-02-24 20:28:11.623569
case_513,c,2025-02-24 20:33:11.623569
case_513,b,2025-02-24 20:38:11.623569
case_513,b,2025-02-24 20:43:11.623569
case_513,b,2025-02-24 20:48:11.623569
case_513,a,2025-02-24 20:53:11.623569
case_513,c,2025-02-24 20:58:11.623569
case_513,c,2025-02-24 21:03:11.623569
case_514,a,2025-02-24 19:28:11.623599
case_514,b,2025-02-24 19:33:11.623599
case_514,b,2025-02-24 19:38:11.623599
case_514,c,2025-02-24 19:43:11.623599
case_514,b,2025-02-24 19:48:11.623599
case_514,b,2025-02-24 19:53:11.623599
case_514,a,2025-02-24 19:58:11.623599
case_514,c,2025-02-24 20:03:11.623599
case_514,a,2025-02-24 20:08:11.623599
case_514,a,2025-02-24 20:13:11.623599
case_514,a,2025-02-24 20:18:11.623599
case_514,c,2025-02-24 20:23:11.623599
case_514,b,2025-02-24 20:28:11.623599
case_514,a,2025-02-24 20:33:11.623599
case_514,a,2025-02-24 20:38:11.623599
case_514,c,2025-02-24 20:43:11.623599
case_514,b,2025-02-24 20:48:11.623599
case_514,c,2025-02-24 20:53:11.623599
case_514,c,2025-02-24 20:58:11.623599
case_514,b,2025-02-24 21:03:11.623599
case_515,b,2025-02-24 19:28:11.623629
case_515,a,2025-02-24 19:33:11.623629
case_515,c,2025-02-24 19:38:11.623629
case_515,c,2025-02-24 19:43:11.623629
case_515,c,2025-02-24 19:48:11.623629
case_515,a,2025-02-24 19:53:11.623629
case_515,a,2025-02-24 19:58:11.623629
case_515,a,2025-02-24 20:03:11.623629
case_515,a,2025-02-24 20:08:11.623629
case_515,c,2025-02-24 20:13:11.623629
case_515,c,2025-02-24 20:18:11.623629
case_515,b,2025-02-24 20:23:11.623629
case_515,c,2025-02-24 20:28:11.623629
case_515,b,2025-02-24 20:33:11.623629
case_515,b,2025-02-24 20:38:11.623629
case_515,c,2025-02-24 20:43:11.623629
case_515,c,2025-02-24 20:48:11.623629
case_515,b,2025-02-24 20:53:11.623629
case_515,b,2025-02-24 20:58:11.623629
case_515,c,2025-02-24 21:03:11.623629
case_516,b,2025-02-24 19:28:11.623659
case_516,b,2025-02-24 19:33:11.623659
case_516,a,2025-02-24 19:38:11.623659
case_516,c,2025-02-24 19:43:11.623659
case_516,c,2025-02-24 19:48:11.623659
case_516,a,2025-02-24 19:53:11.623659
case_516,c,2025-02-24 19:58:11.623659
case_516,c,2025-02-24 20:03:11.623659
case_516,b,2025-02-24 20:08:11.623659
case_516,b,2025-02-24 20:13:11.623659
case_516,c,2025-02-24 20:18:11.623659
case_516,c,2025-02-24 20:23:11.623659
case_516,c,2025-02-24 20:28:11.623659
case_516,a,2025-02-24 20:33:11.623659
case_516,a,2025-02-24 20:38:11.623659
case_516,c,2025-02-24 20:43:11.623659
case_516,b,2025-02-24 20:48:11.623659
case_516,a,2025-02-24 20:53:11.623659
case_516,b,2025-02-24 20:58:11.623659
case_516,b,2025-02-24 21:03:11.623659
case_517,b,2025-02-24 19:28:11.623690
case_517,b,2025-02-24 19:33:11.623690
case_517,b,2025-02-24 19:38:11.623690
case_517,b,2025-02-24 19:43:11.623690
case_517,a,2025-02-24 19:48:11.623690
case_517,a,2025-02-24 19:53:11.623690
case_517,a,2025-02-24 19:58:11.623690
case_517,a,2025-02-24 20:03:11.623690
case_517,a,2025-02-24 20:08:11.623690
case_517,c,2025-02-24 20:13:11.623690
case_517,b,2025-02-24 20:18:11.623690
case_517,a,2025-02-24 20:23:11.623690
case_517,b,2025-02-24 20:28:11.623690
case_517,c,2025-02-24 20:33:11.623690
case_517,b,2025-02-24 20:38:11.623690
case_517,b,2025-02-24 20:43:11.623690
case_517,b,2025-02-24 20:48:11.623690
case_517,a,2025-02-24 20:53:11.623690
case_517,c,2025-02-24 20:58:11.623690
case_517,a,2025-02-24 21:03:11.623690
case_518,a,2025-02-24 19:28:11.623718
case_518,c,2025-02-24 19:33:11.623718
case_518,b,2025-02-24 19:38:11.623718
case_518,a,2025-02-24 19:43:11.623718
case_518,b,2025-02-24 19:48:11.623718
case_518,c,2025-02-24 19:53:11.623718
case_518,a,2025-02-24 19:58:11.623718
case_518,c,2025-02-24 20:03:11.623718
case_518,b,2025-02-24 20:08:11.623718
case_518,c,2025-02-24 20:13:11.623718
case_518,b,2025-02-24 20:18:11.623718
case_518,a,2025-02-24 20:23:11.623718
case_518,a,2025-02-24 20:28:11.623718
case_518,b,2025-02-24 20:33:11.623718
case_518,a,2025-02-24 20:38:11.623718
case_518,b,2025-02-24 20:43:11.623718
case_518,a,2025-02-24 20:48:11.623718
case_518,c,2025-02-24 20:53:11.623718
case_518,a,2025-02-24 20:58:11.623718
case_518,c,2025-02-24 21:03:11.623718
case_519,b,2025-02-24 19:28:11.623748
case_519,c,2025-02-24 19:33:11.623748
case_519,b,2025-02-24 19:38:11.623748
case_519,c,2025-02-24 19:43:11.623748
case_519,b,2025-02-24 19:48:11.623748
case_519,b,2025-02-24 19:53:11.623748
case_519,b,2025-02-24 19:58:11.623748
case_519,c,2025-02-24 20:03:11.623748
case_519,a,2025-02-24 20:08:11.623748
case_519,b,2025-02-24 20:13:11.623748
case_519,c,2025-02-24 20:18:11.623748
case_519,a,2025-02-24 20:23:11.623748
case_519,c,2025-02-24 20:28:11.623748
case_519,b,2025-02-24 20:33:11.623748
case_519,a,2025-02-24 20:38:11.623748
case_519,b,2025-02-24 20:43:11.623748
case_519,b,2025-02-24 20:48:11.623748
case_519,b,2025-02-24 20:53:11.623748
case_519,a,2025-02-24 20:58:11.623748
case_519,c,2025-02-24 21:03:11.623748
case_520,a,2025-02-24 19:28:11.623778
case_520,a,2025-02-24 19:33:11.623778
case_520,c,2025-02-24 19:38:11.623778
case_520,a,2025-02-24 19:43:11.623778
case_520,c,2025-02-24 19:48:11.623778
case_520,a,2025-02-24 19:53:11.623778
case_520,c,2025-02-24 19:58:11.623778
case_520,a,2025-02-24 20:03:11.623778
case_520,a,2025-02-24 20:08:11.623778
case_520,b,2025-02-24 20:13:11.623778
case_520,b,2025-02-24 20:18:11.623778
case_520,b,2025-02-24 20:23:11.623778
case_520,a,2025-02-24 20:28:11.623778
case_520,b,2025-02-24 20:33:11.623778
case_520,c,2025-02-24 20:38:11.623778
case_520,c,2025-02-24 20:43:11.623778
case_520,b,2025-02-24 20:48:11.623778
case_520,b,2025-02-24 20:53:11.623778
case_520,b,2025-02-24 20:58:11.623778
case_520,c,2025-02-24 21:03:11.623778
case_521,a,2025-02-24 19:28:11.623807
case_521,a,2025-02-24 19:33:11.623807
case_521,a,2025-02-24 19:38:11.623807
case_521,b,2025-02-24 19:43:11.623807
case_521,b,2025-02-24 19:48:11.623807
case_521,b,2025-02-24 19:53:11.623807
case_521,a,2025-02-24 19:58:11.623807
case_521,b,2025-02-24 20:03:11.623807
case_521,c,2025-02-24 20:08:11.623807
case_521,c,2025-02-24 20:13:11.623807
case_521,a,2025-02-24 20:18:11.623807
case_521,c,2025-02-24 20:23:11.623807
case_521,b,2025-02-24 20:28:11.623807
case_521,b,2025-02-24 20:33:11.623807
case_521,c,2025-02-24 20:38:11.623807
case_521,a,2025-02-24 20:43:11.623807
case_521,a,2025-02-24 20:48:11.623807
case_521,a,2025-02-24 20:53:11.623807
case_521,b,2025-02-24 20:58:11.623807
case_521,a,2025-02-24 21:03:11.623807
case_522,b,2025-02-24 19:28:11.623836
case_522,a,2025-02-24 19:33:11.623836
case_522,a,2025-02-24 19:38:11.623836
case_522,b,2025-02-24 19:43:11.623836
case_522,b,2025-02-24 19:48:11.623836
case_522,c,2025-02-24 19:53:11.623836
case_522,b,2025-02-24 19:58:11.623836
case_522,a,2025-02-24 20:03:11.623836
case_522,a,2025-02-24 20:08:11.623836
case_522,c,2025-02-24 20:13:11.623836
case_522,b,2025-02-24 20:18:11.623836
case_522,a,2025-02-24 20:23:11.623836
case_522,b,2025-02-24 20:28:11.623836
case_522,c,2025-02-24 20:33:11.623836
case_522,b,2025-02-24 20:38:11.623836
case_522,b,2025-02-24 20:43:11.623836
case_522,b,2025-02-24 20:48:11.623836
case_522,c,2025-02-24 20:53:11.623836
case_522,b,2025-02-24 20:58:11.623836
case_522,a,2025-02-24 21:03:11.623836
case_523,a,2025-02-24 19:28:11.623865
case_523,b,2025-02-24 19:33:11.623865
case_523,c,2025-02-24 19:38:11.623865
case_523,a,2025-02-24 19:43:11.623865
case_523,a,2025-02-24 19:48:11.623865
case_523,b,2025-02-24 19:53:11.623865
case_523,a,2025-02-24 19:58:11.623865
case_523,a,2025-02-24 20:03:11.623865
case_523,b,2025-02-24 20:08:11.623865
case_523,c,2025-02-24 20:13:11.623865
case_523,a,2025-02-24 20:18:11.623865
case_523,c,2025-02-24 20:23:11.623865
case_523,c,2025-02-24 20:28:11.623865
case_523,b,2025-02-24 20:33:11.623865
case_523,c,2025-02-24 20:38:11.623865
case_523,c,2025-02-24 20:43:11.623865
case_523,c,2025-02-24 20:48:11.623865
case_523,b,2025-02-24 20:53:11.623865
case_523,c,2025-02-24 20:58:11.623865
case_523,a,2025-02-24 21:03:11.623865
case_524,b,2025-02-24 19:28:11.623894
case_524,a,2025-02-24 19:33:11.623894
case_524,c,2025-02-24 19:38:11.623894
case_524,c,2025-02-24 19:43:11.623894
case_524,a,2025-02-24 19:48:11.623894
case_524,c,2025-02-24 19:53:11.623894
case_524,b,2025-02-24 19:58:11.623894
case_524,c,2025-02-24 20:03:11.623894
case_524,b,2025-02-24 20:08:11.623894
case_524,a,2025-02-24 20:13:11.623894
case_524,a,2025-02-24 20:18:11.623894
case_524,c,2025-02-24 20:23:11.623894
case_524,b,2025-02-24 20:28:11.623894
case_524,a,2025-02-24 20:33:11.623894
case_524,a,2025-02-24 20:38:11.623894
case_524,c,2025-02-24 20:43:11.623894
case_524,c,2025-02-24 20:48:11.623894
case_524,a,2025-02-24 20:53:11.623894
case_524,a,2025-02-24 20:58:11.623894
case_524,c,2025-02-24 21:03:11.623894
case_525,a,2025-02-24 19:28:11.623923
case_525,b,2025-02-24 19:33:11.623923
case_525,c,2025-02-24 19:38:11.623923
case_525,b,2025-02-24 19:43:11.623923
case_525,a,2025-02-24 19:48:11.623923
case_525,a,2025-02-24 19:53:11.623923
case_525,a,2025-02-24 19:58:11.623923
case_525,a,2025-02-24 20:03:11.623923
case_525,b,2025-02-24 20:08:11.623923
case_525,a,2025-02-24 20:13:11.623923
case_525,a,2025-02-24 20:18:11.623923
case_525,a,2025-02-24 20:23:11.623923
case_525,a,2025-02-24 20:28:11.623923
case_525,b,2025-02-24 20:33:11.623923
case_525,a,2025-02-24 20:38:11.623923
case_525,c,2025-02-24 20:43:11.623923
case_525,a,2025-02-24 20:48:11.623923
case_525,b,2025-02-24 20:53:11.623923
case_525,a,2025-02-24 20:58:11.623923
case_525,b,2025-02-24 21:03:11.623923
case_526,a,2025-02-24 19:28:11.623952
case_526,c,2025-02-24 19:33:11.623952
case_526,a,2025-02-24 19:38:11.623952
case_526,a,2025-02-24 19:43:11.623952
case_526,c,2025-02-24 19:48:11.623952
case_526,a,2025-02-24 19:53:11.623952
case_526,b,2025-02-24 19:58:11.623952
case_526,b,2025-02-24 20:03:11.623952
case_526,a,2025-02-24 20:08:11.623952
case_526,c,2025-02-24 20:13:11.623952
case_526,a,2025-02-24 20:18:11.623952
case_526,b,2025-02-24 20:23:11.623952
case_526,a,2025-02-24 20:28:11.623952
case_526,c,2025-02-24 20:33:11.623952
case_526,c,2025-02-24 20:38:11.623952
case_526,c,2025-02-24 20:43:11.623952
case_526,b,2025-02-24 20:48:11.623952
case_526,b,2025-02-24 20:53:11.623952
case_526,c,2025-02-24 20:58:11.623952
case_526,a,2025-02-24 21:03:11.623952
case_527,a,2025-02-24 19:28:11.623981
case_527,a,2025-02-24 19:33:11.623981
case_527,b,2025-02-24 19:38:11.623981
case_527,c,2025-02-24 19:43:11.623981
case_527,c,2025-02-24 19:48:11.623981
case_527,c,2025-02-24 19:53:11.623981
case_527,c,2025-02-24 19:58:11.623981
case_527,b,2025-02-24 20:03:11.623981
case_527,c,2025-02-24 20:08:11.623981
case_527,b,2025-02-24 20:13:11.623981
case_527,c,2025-02-24 20:18:11.623981
case_527,a,2025-02-24 20:23:11.623981
case_527,b,2025-02-24 20:28:11.623981
case_527,b,2025-02-24 20:33:11.623981
case_527,a,2025-02-24 20:38:11.623981
case_527,c,2025-02-24 20:43:11.623981
case_527,b,2025-02-24 20:48:11.623981
case_527,b,2025-02-24 20:53:11.623981
case_527,a,2025-02-24 20:58:11.623981
case_527,c,2025-02-24 21:03:11.623981
case_528,a,2025-02-24 19:28:11.624011
case_528,a,2025-02-24 19:33:11.624011
case_528,b,2025-02-24 19:38:11.624011
case_528,b,2025-02-24 19:43:11.624011
case_528,b,2025-02-24 19:48:11.624011
case_528,c,2025-02-24 19:53:11.624011
case_528,a,2025-02-24 19:58:11.624011
case_528,b,2025-02-24 20:03:11.624011
case_528,a,2025-02-24 20:08:11.624011
case_528,b,2025-02-24 20:13:11.624011
case_528,b,2025-02-24 20:18:11.624011
case_528,a,2025-02-24 20:23:11.624011
case_528,c,2025-02-24 20:28:11.624011
case_528,a,2025-02-24 20:33:11.624011
case_528,c,2025-02-24 20:38:11.624011
case_528,b,2025-02-24 20:43:11.624011
case_528,a,2025-02-24 20:48:11.624011
case_528,a,2025-02-24 20:53:11.624011
case_528,a,2025-02-24 20:58:11.624011
case_528,c,2025-02-24 21:03:11.624011
case_529,b,2025-02-24 19:28:11.624040
case_529,b,2025-02-24 19:33:11.624040
case_529,b,2025-02-24 19:38:11.624040
case_529,c,2025-02-24 19:43:11.624040
case_529,c,2025-02-24 19:48:11.624040
case_529,a,2025-02-24 19:53:11.624040
case_529,a,2025-02-24 19:58:11.624040
case_529,a,2025-02-24 20:03:11.624040
case_529,b,2025-02-24 20:08:11.624040
case_529,a,2025-02-24 20:13:11.624040
case_529,c,2025-02-24 20:18:11.624040
case_529,a,2025-02-24 20:23:11.624040
case_529,b,2025-02-24 20:28:11.624040
case_529,c,2025-02-24 20:33:11.624040
case_529,b,2025-02-24 20:38:11.624040
case_529,a,2025-02-24 20:43:11.624040
case_529,c,2025-02-24 20:48:11.624040
case_529,a,2025-02-24 20:53:11.624040
case_529,b,2025-02-24 20:58:11.624040
case_529,c,2025-02-24 21:03:11.624040
case_530,a,2025-02-24 19:28:11.624070
case_530,c,2025-02-24 19:33:11.624070
case_530,b,2025-02-24 19:38:11.624070
case_530,b,2025-02-24 19:43:11.624070
case_530,b,2025-02-24 19:48:11.624070
case_530,b,2025-02-24 19:53:11.624070
case_530,a,2025-02-24 19:58:11.624070
case_530,c,2025-02-24 20:03:11.624070
case_530,a,2025-02-24 20:08:11.624070
case_530,c,2025-02-24 20:13:11.624070
case_530,a,2025-02-24 20:18:11.624070
case_530,b,2025-02-24 20:23:11.624070
case_530,b,2025-02-24 20:28:11.624070
case_530,c,2025-02-24 20:33:11.624070
case_530,b,2025-02-24 20:38:11.624070
case_530,a,2025-02-24 20:43:11.624070
case_530,a,2025-02-24 20:48:11.624070
case_530,c,2025-02-24 20:53:11.624070
case_530,b,2025-02-24 20:58:11.624070
case_530,a,2025-02-24 21:03:11.624070
case_531,a,2025-02-24 19:28:11.624099
case_531,b,2025-02-24 19:33:11.624099
case_531,b,2025-02-24 19:38:11.624099
case_531,a,2025-02-24 19:43:11.624099
case_531,b,2025-02-24 19:48:11.624099
case_531,b,2025-02-24 19:53:11.624099
case_531,a,2025-02-24 19:58:11.624099
case_531,c,2025-02-24 20:03:11.624099
case_531,a,2025-02-24 20:08:11.624099
case_531,b,2025-02-24 20:13:11.624099
case_531,a,2025-02-24 20:18:11.624099
case_531,b,2025-02-24 20:23:11.624099
case_531,a,2025-02-24 20:28:11.624099
case_531,a,2025-02-24 20:33:11.624099
case_531,a,2025-02-24 20:38:11.624099
case_531,a,2025-02-24 20:43:11.624099
case_531,c,2025-02-24 20:48:11.624099
case_531,a,2025-02-24 20:53:11.624099
case_531,a,2025-02-24 20:58:11.624099
case_531,b,2025-02-24 21:03:11.624099
case_532,b,2025-02-24 19:28:11.624128
case_532,c,2025-02-24 19:33:11.624128
case_532,b,2025-02-24 19:38:11.624128
case_532,a,2025-02-24 19:43:11.624128
case_532,a,2025-02-24 19:48:11.624128
case_532,a,2025-02-24 19:53:11.624128
case_532,a,2025-02-24 19:58:11.624128
case_532,b,2025-02-24 20:03:11.624128
case_532,c,2025-02-24 20:08:11.624128
case_532,c,2025-02-24 20:13:11.624128
case_532,b,2025-02-24 20:18:11.624128
case_532,c,2025-02-24 20:23:11.624128
case_532,b,2025-02-24 20:28:11.624128
case_532,a,2025-02-24 20:33:11.624128
case_532,c,2025-02-24 20:38:11.624128
case_532,b,2025-02-24 20:43:11.624128
case_532,c,2025-02-24 20:48:11.624128
case_532,c,2025-02-24 20:53:11.624128
case_532,c,2025-02-24 20:58:11.624128
case_532,a,2025-02-24 21:03:11.624128
case_533,a,2025-02-24 19:28:11.624162
case_533,b,2025-02-24 19:33:11.624162
case_533,c,2025-02-24 19:38:11.624162
case_533,b,2025-02-24 19:43:11.624162
case_533,a,2025-02-24 19:48:11.624162
case_533,c,2025-02-24 19:53:11.624162
case_533,b,2025-02-24 19:58:11.624162
case_533,a,2025-02-24 20:03:11.624162
case_533,b,2025-02-24 20:08:11.624162
case_533,a,2025-02-24 20:13:11.624162
case_533,b,2025-02-24 20:18:11.624162
case_533,a,2025-02-24 20:23:11.624162
case_533,b,2025-02-24 20:28:11.624162
case_533,b,2025-02-24 20:33:11.624162
case_533,a,2025-02-24 20:38:11.624162
case_533,b,2025-02-24 20:43:11.624162
case_533,c,2025-02-24 20:48:11.624162
case_533,c,2025-02-24 20:53:11.624162
case_533,a,2025-02-24 20:58:11.624162
case_533,b,2025-02-24 21:03:11.624162
case_534,a,2025-02-24 19:28:11.624191
case_534,a,2025-02-24 19:33:11.624191
case_534,a,2025-02-24 19:38:11.624191
case_534,b,2025-02-24 19:43:11.624191
case_534,c,2025-02-24 19:48:11.624191
case_534,a,2025-02-24 19:53:11.624191
case_534,b,2025-02-24 19:58:11.624191
case_534,a,2025-02-24 20:03:11.624191
case_534,b,2025-02-24 20:08:11.624191
case_534,c,2025-02-24 20:13:11.624191
case_534,b,2025-02-24 20:18:11.624191
case_534,a,2025-02-24 20:23:11.624191
case_534,a,2025-02-24 20:28:11.624191
case_534,c,2025-02-24 20:33:11.624191
case_534,b,2025-02-24 20:38:11.624191
case_534,b,2025-02-24 20:43:11.624191
case_534,c,2025-02-24 20:48:11.624191
case_534,a,2025-02-24 20:53:11.624191
case_534,b,2025-02-24 20:58:11.624191
case_534,c,2025-02-24 21:03:11.624191
case_535,a,2025-02-24 19:28:11.624220
case_535,a,2025-02-24 19:33:11.624220
case_535,c,2025-02-24 19:38:11.624220
case_535,a,2025-02-24 19:43:11.624220
case_535,a,2025-02-24 19:48:11.624220
case_535,a,2025-02-24 19:53:11.624220
case_535,b,2025-02-24 19:58:11.624220
case_535,a,2025-02-24 20:03:11.624220
case_535,a,2025-02-24 20:08:11.624220
case_535,b,2025-02-24 20:13:11.624220
case_535,a,2025-02-24 20:18:11.624220
case_535,c,2025-02-24 20:23:11.624220
case_535,a,2025-02-24 20:28:11.624220
case_535,b,2025-02-24 20:33:11.624220
case_535,b,2025-02-24 20:38:11.624220
case_535,c,2025-02-24 20:43:11.624220
case_535,a,2025-02-24 20:48:11.624220
case_535,a,2025-02-24 20:53:11.624220
case_535,b,2025-02-24 20:58:11.624220
case_535,a,2025-02-24 21:03:11.624220
case_536,a,2025-02-24 19:28:11.624249
case_536,a,2025-02-24 19:33:11.624249
case_536,a,2025-02-24 19:38:11.624249
case_536,b,2025-02-24 19:43:11.624249
case_536,b,2025-02-24 19:48:11.624249
case_536,c,2025-02-24 19:53:11.624249
case_536,a,2025-02-24 19:58:11.624249
case_536,b,2025-02-24 20:03:11.624249
case_536,b,2025-02-24 20:08:11.624249
case_536,a,2025-02-24 20:13:11.624249
case_536,c,2025-02-24 20:18:11.624249
case_536,c,2025-02-24 20:23:11.624249
case_536,c,2025-02-24 20:28:11.624249
case_536,c,2025-02-24 20:33:11.624249
case_536,b,2025-02-24 20:38:11.624249
case_536,b,2025-02-24 20:43:11.624249
case_536,a,2025-02-24 20:48:11.624249
case_536,c,2025-02-24 20:53:11.624249
case_536,c,2025-02-24 20:58:11.624249
case_536,c,2025-02-24 21:03:11.624249
case_537,a,2025-02-24 19:28:11.624279
case_537,c,2025-02-24 19:33:11.624279
case_537,b,2025-02-24 19:38:11.624279
case_537,c,2025-02-24 19:43:11.624279
case_537,a,2025-02-24 19:48:11.624279
case_537,a,2025-02-24 19:53:11.624279
case_537,c,2025-02-24 19:58:11.624279
case_537,c,2025-02-24 20:03:11.624279
case_537,a,2025-02-24 20:08:11.624279
case_537,b,2025-02-24 20:13:11.624279
case_537,a,2025-02-24 20:18:11.624279
case_537,b,2025-02-24 20:23:11.624279
case_537,c,2025-02-24 20:28:11.624279
case_537,b,2025-02-24 20:33:11.624279
case_537,c,2025-02-24 20:38:11.624279
case_537,b,2025-02-24 20:43:11.624279
case_537,b,2025-02-24 20:48:11.624279
case_537,c,2025-02-24 20:53:11.624279
case_537,b,2025-02-24 20:58:11.624279
case_537,c,2025-02-24 21:03:11.624279
case_538,a,2025-02-24 19:28:11.624308
case_538,a,2025-02-24 19:33:11.624308
case_538,b,2025-02-24 19:38:11.624308
case_538,c,2025-02-24 19:43:11.624308
case_538,b,2025-02-24 19:48:11.624308
case_538,a,2025-02-24 19:53:11.624308
case_538,c,2025-02-24 19:58:11.624308
case_538,a,2025-02-24 20:03:11.624308
case_538,b,2025-02-24 20:08:11.624308
case_538,c,2025-02-24 20:13:11.624308
case_538,b,2025-02-24 20:18:11.624308
case_538,b,2025-02-24 20:23:11.624308
case_538,b,2025-02-24 20:28:11.624308
case_538,c,2025-02-24 20:33:11.624308
case_538,c,2025-02-24 20:38:11.624308
case_538,a,2025-02-24 20:43:11.624308
case_538,b,2025-02-24 20:48:11.624308
case_538,b,2025-02-24 20:53:11.624308
case_538,b,2025-02-24 20:58:11.624308
case_538,b,2025-02-24 21:03:11.624308
case_539,a,2025-02-24 19:28:11.624339
case_539,c,2025-02-24 19:33:11.624339
case_539,b,2025-02-24 19:38:11.624339
case_539,c,2025-02-24 19:43:11.624339
case_539,a,2025-02-24 19:48:11.624339
case_539,b,2025-02-24 19:53:11.624339
case_539,c,2025-02-24 19:58:11.624339
case_539,c,2025-02-24 20:03:11.624339
case_539,c,2025-02-24 20:08:11.624339
case_539,a,2025-02-24 20:13:11.624339
case_539,c,2025-02-24 20:18:11.624339
case_539,b,2025-02-24 20:23:11.624339
case_539,c,2025-02-24 20:28:11.624339
case_539,b,2025-02-24 20:33:11.624339
case_539,b,2025-02-24 20:38:11.624339
case_539,c,2025-02-24 20:43:11.624339
case_539,c,2025-02-24 20:48:11.624339
case_539,b,2025-02-24 20:53:11.624339
case_539,c,2025-02-24 20:58:11.624339
case_539,a,2025-02-24 21:03:11.624339
case_540,b,2025-02-24 19:28:11.624369
case_540,b,2025-02-24 19:33:11.624369
case_540,a,2025-02-24 19:38:11.624369
case_540,b,2025-02-24 19:43:11.624369
case_540,b,2025-02-24 19:48:11.624369
case_540,a,2025-02-24 19:53:11.624369
case_540,a,2025-02-24 19:58:11.624369
case_540,b,2025-02-24 20:03:11.624369
case_540,a,2025-02-24 20:08:11.624369
case_540,c,2025-02-24 20:13:11.624369
case_540,b,2025-02-24 20:18:11.624369
case_540,b,2025-02-24 20:23:11.624369
case_540,a,2025-02-24 20:28:11.624369
case_540,a,2025-02-24 20:33:11.624369
case_540,c,2025-02-24 20:38:11.624369
case_540,b,2025-02-24 20:43:11.624369
case_540,a,2025-02-24 20:48:11.624369
case_540,c,2025-02-24 20:53:11.624369
case_540,b,2025-02-24 20:58:11.624369
case_540,a,2025-02-24 21:03:11.624369
case_541,a,2025-02-24 19:28:11.624399
case_541,c,2025-02-24 19:33:11.624399
case_541,c,2025-02-24 19:38:11.624399
case_541,a,2025-02-24 19:43:11.624399
case_541,c,2025-02-24 19:48:11.624399
case_541,c,2025-02-24 19:53:11.624399
case_541,b,2025-02-24 19:58:11.624399
case_541,a,2025-02-24 20:03:11.624399
case_541,a,2025-02-24 20:08:11.624399
case_541,b,2025-02-24 20:13:11.624399
case_541,b,2025-02-24 20:18:11.624399
case_541,b,2025-02-24 20:23:11.624399
case_541,b,2025-02-24 20:28:11.624399
case_541,b,2025-02-24 20:33:11.624399
case_541,c,2025-02-24 20:38:11.624399
case_541,b,2025-02-24 20:43:11.624399
case_541,c,2025-02-24 20:48:11.624399
case_541,b,2025-02-24 20:53:11.624399
case_541,c,2025-02-24 20:58:11.624399
case_541,c,2025-02-24 21:03:11.624399
case_542,b,2025-02-24 19:28:11.624429
case_542,c,2025-02-24 19:33:11.624429
case_542,c,2025-02-24 19:38:11.624429
case_542,a,2025-02-24 19:43:11.624429
case_542,b,2025-02-24 19:48:11.624429
case_542,c,2025-02-24 19:53:11.624429
case_542,c,2025-02-24 19:58:11.624429
case_542,c,2025-02-24 20:03:11.624429
case_542,a,2025-02-24 20:08:11.624429
case_542,a,2025-02-24 20:13:11.624429
case_542,c,2025-02-24 20:18:11.624429
case_542,b,2025-02-24 20:23:11.624429
case_542,a,2025-02-24 20:28:11.624429
case_542,a,2025-02-24 20:33:11.624429
case_542,a,2025-02-24 20:38:11.624429
case_542,c,2025-02-24 20:43:11.624429
case_542,b,2025-02-24 20:48:11.624429
case_542,c,2025-02-24 20:53:11.624429
case_542,c,2025-02-24 20:58:11.624429
case_542,c,2025-02-24 21:03:11.624429
case_543,b,2025-02-24 19:28:11.624458
case_543,c,2025-02-24 19:33:11.624458
case_543,b,2025-02-24 19:38:11.624458
case_543,c,2025-02-24 19:43:11.624458
case_543,b,2025-02-24 19:48:11.624458
case_543,c,2025-02-24 19:53:11.624458
case_543,c,2025-02-24 19:58:11.624458
case_543,c,2025-02-24 20:03:11.624458
case_543,c,2025-02-24 20:08:11.624458
case_543,c,2025-02-24 20:13:11.624458
case_543,a,2025-02-24 20:18:11.624458
case_543,c,2025-02-24 20:23:11.624458
case_543,b,2025-02-24 20:28:11.624458
case_543,b,2025-02-24 20:33:11.624458
case_543,b,2025-02-24 20:38:11.624458
case_543,c,2025-02-24 20:43:11.624458
case_543,b,2025-02-24 20:48:11.624458
case_543,b,2025-02-24 20:53:11.624458
case_543,a,2025-02-24 20:58:11.624458
case_543,b,2025-02-24 21:03:11.624458
case_544,b,2025-02-24 19:28:11.624488
case_544,a,2025-02-24 19:33:11.624488
case_544,c,2025-02-24 19:38:11.624488
case_544,a,2025-02-24 19:43:11.624488
case_544,b,2025-02-24 19:48:11.624488
case_544,c,2025-02-24 19:53:11.624488
case_544,a,2025-02-24 19:58:11.624488
case_544,b,2025-02-24 20:03:11.624488
case_544,b,2025-02-24 20:08:11.624488
case_544,c,2025-02-24 20:13:11.624488
case_544,a,2025-02-24 20:18:11.624488
case_544,c,2025-02-24 20:23:11.624488
case_544,a,2025-02-24 20:28:11.624488
case_544,b,2025-02-24 20:33:11.624488
case_544,a,2025-02-24 20:38:11.624488
case_544,a,2025-02-24 20:43:11.624488
case_544,c,2025-02-24 20:48:11.624488
case_544,b,2025-02-24 20:53:11.624488
case_544,a,2025-02-24 20:58:11.624488
case_544,a,2025-02-24 21:03:11.624488
case_545,b,2025-02-24 19:28:11.624517
case_545,c,2025-02-24 19:33:11.624517
case_545,c,2025-02-24 19:38:11.624517
case_545,a,2025-02-24 19:43:11.624517
case_545,c,2025-02-24 19:48:11.624517
case_545,b,2025-02-24 19:53:11.624517
case_545,b,2025-02-24 19:58:11.624517
case_545,a,2025-02-24 20:03:11.624517
case_545,c,2025-02-24 20:08:11.624517
case_545,b,2025-02-24 20:13:11.624517
case_545,a,2025-02-24 20:18:11.624517
case_545,b,2025-02-24 20:23:11.624517
case_545,a,2025-02-24 20:28:11.624517
case_545,c,2025-02-24 20:33:11.624517
case_545,a,2025-02-24 20:38:11.624517
case_545,c,2025-02-24 20:43:11.624517
case_545,c,2025-02-24 20:48:11.624517
case_545,b,2025-02-24 20:53:11.624517
case_545,b,2025-02-24 20:58:11.624517
case_545,a,2025-02-24 21:03:11.624517
case_546,b,2025-02-24 19:28:11.624547
case_546,a,2025-02-24 19:33:11.624547
case_546,b,2025-02-24 19:38:11.624547
case_546,b,2025-02-24 19:43:11.624547
case_546,c,2025-02-24 19:48:11.624547
case_546,a,2025-02-24 19:53:11.624547
case_546,a,2025-02-24 19:58:11.624547
case_546,b,2025-02-24 20:03:11.624547
case_546,b,2025-02-24 20:08:11.624547
case_546,b,2025-02-24 20:13:11.624547
case_546,c,2025-02-24 20:18:11.624547
case_546,c,2025-02-24 20:23:11.624547
case_546,a,2025-02-24 20:28:11.624547
case_546,b,2025-02-24 20:33:11.624547
case_546,b,2025-02-24 20:38:11.624547
case_546,c,2025-02-24 20:43:11.624547
case_546,a,2025-02-24 20:48:11.624547
case_546,b,2025-02-24 20:53:11.624547
case_546,b,2025-02-24 20:58:11.624547
case_546,b,2025-02-24 21:03:11.624547
case_547,a,2025-02-24 19:28:11.624576
case_547,c,2025-02-24 19:33:11.624576
case_547,b,2025-02-24 19:38:11.624576
case_547,a,2025-02-24 19:43:11.624576
case_547,b,2025-02-24 19:48:11.624576
case_547,c,2025-02-24 19:53:11.624576
case_547,a,2025-02-24 19:58:11.624576
case_547,b,2025-02-24 20:03:11.624576
case_547,c,2025-02-24 20:08:11.624576
case_547,c,2025-02-24 20:13:11.624576
case_547,a,2025-02-24 20:18:11.624576
case_547,c,2025-02-24 20:23:11.624576
case_547,a,2025-02-24 20:28:11.624576
case_547,a,2025-02-24 20:33:11.624576
case_547,a,2025-02-24 20:38:11.624576
case_547,c,2025-02-24 20:43:11.624576
case_547,a,2025-02-24 20:48:11.624576
case_547,c,2025-02-24 20:53:11.624576
case_547,a,2025-02-24 20:58:11.624576
case_547,a,2025-02-24 21:03:11.624576
case_548,b,2025-02-24 19:28:11.624606
case_548,a,2025-02-24 19:33:11.624606
case_548,c,2025-02-24 19:38:11.624606
case_548,b,2025-02-24 19:43:11.624606
case_548,b,2025-02-24 19:48:11.624606
case_548,c,2025-02-24 19:53:11.624606
case_548,b,2025-02-24 19:58:11.624606
case_548,c,2025-02-24 20:03:11.624606
case_548,c,2025-02-24 20:08:11.624606
case_548,c,2025-02-24 20:13:11.624606
case_548,a,2025-02-24 20:18:11.624606
case_548,a,2025-02-24 20:23:11.624606
case_548,a,2025-02-24 20:28:11.624606
case_548,a,2025-02-24 20:33:11.624606
case_548,b,2025-02-24 20:38:11.624606
case_548,a,2025-02-24 20:43:11.624606
case_548,b,2025-02-24 20:48:11.624606
case_548,c,2025-02-24 20:53:11.624606
case_548,b,2025-02-24 20:58:11.624606
case_548,a,2025-02-24 21:03:11.624606
case_549,b,2025-02-24 19:28:11.624635
case_549,b,2025-02-24 19:33:11.624635
case_549,a,2025-02-24 19:38:11.624635
case_549,a,2025-02-24 19:43:11.624635
case_549,c,2025-02-24 19:48:11.624635
case_549,b,2025-02-24 19:53:11.624635
case_549,b,2025-02-24 19:58:11.624635
case_549,a,2025-02-24 20:03:11.624635
case_549,a,2025-02-24 20:08:11.624635
case_549,c,2025-02-24 20:13:11.624635
case_549,b,2025-02-24 20:18:11.624635
case_549,a,2025-02-24 20:23:11.624635
case_549,b,2025-02-24 20:28:11.624635
case_549,c,2025-02-24 20:33:11.624635
case_549,a,2025-02-24 20:38:11.624635
case_549,a,2025-02-24 20:43:11.624635
case_549,b,2025-02-24 20:48:11.624635
case_549,b,2025-02-24 20:53:11.624635
case_549,b,2025-02-24 20:58:11.624635
case_549,c,2025-02-24 21:03:11.624635
case_550,a,2025-02-24 19:28:11.624665
case_550,c,2025-02-24 19:33:11.624665
case_550,c,2025-02-24 19:38:11.624665
case_550,b,2025-02-24 19:43:11.624665
case_550,b,2025-02-24 19:48:11.624665
case_550,b,2025-02-24 19:53:11.624665
case_550,c,2025-02-24 19:58:11.624665
case_550,a,2025-02-24 20:03:11.624665
case_550,c,2025-02-24 20:08:11.624665
case_550,b,2025-02-24 20:13:11.624665
case_550,c,2025-02-24 20:18:11.624665
case_550,b,2025-02-24 20:23:11.624665
case_550,b,2025-02-24 20:28:11.624665
case_550,c,2025-02-24 20:33:11.624665
case_550,c,2025-02-24 20:38:11.624665
case_550,a,2025-02-24 20:43:11.624665
case_550,a,2025-02-24 20:48:11.624665
case_550,c,2025-02-24 20:53:11.624665
case_550,a,2025-02-24 20:58:11.624665
case_550,a,2025-02-24 21:03:11.624665
case_551,b,2025-02-24 19:28:11.624695
case_551,a,2025-02-24 19:33:11.624695
case_551,b,2025-02-24 19:38:11.624695
case_551,b,2025-02-24 19:43:11.624695
case_551,c,2025-02-24 19:48:11.624695
case_551,c,2025-02-24 19:53:11.624695
case_551,c,2025-02-24 19:58:11.624695
case_551,c,2025-02-24 20:03:11.624695
case_551,c,2025-02-24 20:08:11.624695
case_551,b,2025-02-24 20:13:11.624695
case_551,c,2025-02-24 20:18:11.624695
case_551,a,2025-02-24 20:23:11.624695
case_551,c,2025-02-24 20:28:11.624695
case_551,b,2025-02-24 20:33:11.624695
case_551,c,2025-02-24 20:38:11.624695
case_551,b,2025-02-24 20:43:11.624695
case_551,b,2025-02-24 20:48:11.624695
case_551,b,2025-02-24 20:53:11.624695
case_551,b,2025-02-24 20:58:11.624695
case_551,c,2025-02-24 21:03:11.624695
case_552,b,2025-02-24 19:28:11.624724
case_552,b,2025-02-24 19:33:11.624724
case_552,a,2025-02-24 19:38:11.624724
case_552,b,2025-02-24 19:43:11.624724
case_552,b,2025-02-24 19:48:11.624724
case_552,c,2025-02-24 19:53:11.624724
case_552,c,2025-02-24 19:58:11.624724
case_552,b,2025-02-24 20:03:11.624724
case_552,c,2025-02-24 20:08:11.624724
case_552,c,2025-02-24 20:13:11.624724
case_552,c,2025-02-24 20:18:11.624724
case_552,a,2025-02-24 20:23:11.624724
case_552,a,2025-02-24 20:28:11.624724
case_552,a,2025-02-24 20:33:11.624724
case_552,b,2025-02-24 20:38:11.624724
case_552,c,2025-02-24 20:43:11.624724
case_552,b,2025-02-24 20:48:11.624724
case_552,b,2025-02-24 20:53:11.624724
case_552,a,2025-02-24 20:58:11.624724
case_552,a,2025-02-24 21:03:11.624724
case_553,b,2025-02-24 19:28:11.624754
case_553,c,2025-02-24 19:33:11.624754
case_553,b,2025-02-24 19:38:11.624754
case_553,c,2025-02-24 19:43:11.624754
case_553,c,2025-02-24 19:48:11.624754
case_553,a,2025-02-24 19:53:11.624754
case_553,c,2025-02-24 19:58:11.624754
case_553,c,2025-02-24 20:03:11.624754
case_553,c,2025-02-24 20:08:11.624754
case_553,a,2025-02-24 20:13:11.624754
case_553,c,2025-02-24 20:18:11.624754
case_553,a,2025-02-24 20:23:11.624754
case_553,b,2025-02-24 20:28:11.624754
case_553,b,2025-02-24 20:33:11.624754
case_553,b,2025-02-24 20:38:11.624754
case_553,c,2025-02-24 20:43:11.624754
case_553,b,2025-02-24 20:48:11.624754
case_553,b,2025-02-24 20:53:11.624754
case_553,a,2025-02-24 20:58:11.624754
case_553,c,2025-02-24 21:03:11.624754
case_554,a,2025-02-24 19:28:11.624783
case_554,a,2025-02-24 19:33:11.624783
case_554,c,2025-02-24 19:38:11.624783
case_554,a,2025-02-24 19:43:11.624783
case_554,a,2025-02-24 19:48:11.624783
case_554,a,2025-02-24 19:53:11.624783
case_554,a,2025-02-24 19:58:11.624783
case_554,c,2025-02-24 20:03:11.624783
case_554,a,2025-02-24 20:08:11.624783
case_554,a,2025-02-24 20:13:11.624783
case_554,a,2025-02-24 20:18:11.624783
case_554,a,2025-02-24 20:23:11.624783
case_554,c,2025-02-24 20:28:11.624783
case_554,a,2025-02-24 20:33:11.624783
case_554,a,2025-02-24 20:38:11.624783
case_554,a,2025-02-24 20:43:11.624783
case_554,b,2025-02-24 20:48:11.624783
case_554,c,2025-02-24 20:53:11.624783
case_554,b,2025-02-24 20:58:11.624783
case_554,a,2025-02-24 21:03:11.624783
case_555,a,2025-02-24 19:28:11.624813
case_555,a,2025-02-24 19:33:11.624813
case_555,a,2025-02-24 19:38:11.624813
case_555,a,2025-02-24 19:43:11.624813
case_555,c,2025-02-24 19:48:11.624813
case_555,b,2025-02-24 19:53:11.624813
case_555,c,2025-02-24 19:58:11.624813
case_555,a,2025-02-24 20:03:11.624813
case_555,c,2025-02-24 20:08:11.624813
case_555,c,2025-02-24 20:13:11.624813
case_555,a,2025-02-24 20:18:11.624813
case_555,b,2025-02-24 20:23:11.624813
case_555,b,2025-02-24 20:28:11.624813
case_555,a,2025-02-24 20:33:11.624813
case_555,a,2025-02-24 20:38:11.624813
case_555,c,2025-02-24 20:43:11.624813
case_555,a,2025-02-24 20:48:11.624813
case_555,c,2025-02-24 20:53:11.624813
case_555,c,2025-02-24 20:58:11.624813
case_555,b,2025-02-24 21:03:11.624813
case_556,a,2025-02-24 19:28:11.624842
case_556,c,2025-02-24 19:33:11.624842
case_556,b,2025-02-24 19:38:11.624842
case_556,b,2025-02-24 19:43:11.624842
case_556,b,2025-02-24 19:48:11.624842
case_556,b,2025-02-24 19:53:11.624842
case_556,c,2025-02-24 19:58:11.624842
case_556,a,2025-02-24 20:03:11.624842
case_556,b,2025-02-24 20:08:11.624842
case_556,c,2025-02-24 20:13:11.624842
case_556,a,2025-02-24 20:18:11.624842
case_556,c,2025-02-24 20:23:11.624842
case_556,c,2025-02-24 20:28:11.624842
case_556,c,2025-02-24 20:33:11.624842
case_556,a,2025-02-24 20:38:11.624842
case_556,a,2025-02-24 20:43:11.624842
case_556,c,2025-02-24 20:48:11.624842
case_556,a,2025-02-24 20:53:11.624842
case_556,c,2025-02-24 20:58:11.624842
case_556,b,2025-02-24 21:03:11.624842
case_557,b,2025-02-24 19:28:11.624872
case_557,a,2025-02-24 19:33:11.624872
case_557,a,2025-02-24 19:38:11.624872
case_557,a,2025-02-24 19:43:11.624872
case_557,a,2025-02-24 19:48:11.624872
case_557,a,2025-02-24 19:53:11.624872
case_557,b,2025-02-24 19:58:11.624872
case_557,a,2025-02-24 20:03:11.624872
case_557,b,2025-02-24 20:08:11.624872
case_557,c,2025-02-24 20:13:11.624872
case_557,b,2025-02-24 20:18:11.624872
case_557,c,2025-02-24 20:23:11.624872
case_557,c,2025-02-24 20:28:11.624872
case_557,a,2025-02-24 20:33:11.624872
case_557,c,2025-02-24 20:38:11.624872
case_557,b,2025-02-24 20:43:11.624872
case_557,a,2025-02-24 20:48:11.624872
case_557,a,2025-02-24 20:53:11.624872
case_557,b,2025-02-24 20:58:11.624872
case_557,c,2025-02-24 21:03:11.624872
case_558,b,2025-02-24 19:28:11.624902
case_558,c,2025-02-24 19:33:11.624902
case_558,a,2025-02-24 19:38:11.624902
case_558,c,2025-02-24 19:43:11.624902
case_558,a,2025-02-24 19:48:11.624902
case_558,a,2025-02-24 19:53:11.624902
case_558,b,2025-02-24 19:58:11.624902
case_558,c,2025-02-24 20:03:11.624902
case_558,a,2025-02-24 20:08:11.624902
case_558,b,2025-02-24 20:13:11.624902
case_558,c,2025-02-24 20:18:11.624902
case_558,c,2025-02-24 20:23:11.624902
case_558,c,2025-02-24 20:28:11.624902
case_558,b,2025-02-24 20:33:11.624902
case_558,a,2025-02-24 20:38:11.624902
case_558,b,2025-02-24 20:43:11.624902
case_558,b,2025-02-24 20:48:11.624902
case_558,a,2025-02-24 20:53:11.624902
case_558,b,2025-02-24 20:58:11.624902
case_558,b,2025-02-24 21:03:11.624902
case_559,b,2025-02-24 19:28:11.624931
case_559,c,2025-02-24 19:33:11.624931
case_559,a,2025-02-24 19:38:11.624931
case_559,b,2025-02-24 19:43:11.624931
case_559,a,2025-02-24 19:48:11.624931
case_559,a,2025-02-24 19:53:11.624931
case_559,a,2025-02-24 19:58:11.624931
case_559,c,2025-02-24 20:03:11.624931
case_559,c,2025-02-24 20:08:11.624931
case_559,c,2025-02-24 20:13:11.624931
case_559,b,2025-02-24 20:18:11.624931
case_559,a,2025-02-24 20:23:11.624931
case_559,b,2025-02-24 20:28:11.624931
case_559,c,2025-02-24 20:33:11.624931
case_559,c,2025-02-24 20:38:11.624931
case_559,c,2025-02-24 20:43:11.624931
case_559,b,2025-02-24 20:48:11.624931
case_559,b,2025-02-24 20:53:11.624931
case_559,c,2025-02-24 20:58:11.624931
case_559,b,2025-02-24 21:03:11.624931
case_560,b,2025-02-24 19:28:11.624961
case_560,b,2025-02-24 19:33:11.624961
case_560,c,2025-02-24 19:38:11.624961
case_560,c,2025-02-24 19:43:11.624961
case_560,c,2025-02-24 19:48:11.624961
case_560,a,2025-02-24 19:53:11.624961
case_560,c,2025-02-24 19:58:11.624961
case_560,c,2025-02-24 20:03:11.624961
case_560,c,2025-02-24 20:08:11.624961
case_560,b,2025-02-24 20:13:11.624961
case_560,a,2025-02-24 20:18:11.624961
case_560,b,2025-02-24 20:23:11.624961
case_560,c,2025-02-24 20:28:11.624961
case_560,a,2025-02-24 20:33:11.624961
case_560,c,2025-02-24 20:38:11.624961
case_560,b,2025-02-24 20:43:11.624961
case_560,a,2025-02-24 20:48:11.624961
case_560,c,2025-02-24 20:53:11.624961
case_560,c,2025-02-24 20:58:11.624961
case_560,b,2025-02-24 21:03:11.624961
case_561,b,2025-02-24 19:28:11.624990
case_561,b,2025-02-24 19:33:11.624990
case_561,b,2025-02-24 19:38:11.624990
case_561,a,2025-02-24 19:43:11.624990
case_561,a,2025-02-24 19:48:11.624990
case_561,c,2025-02-24 19:53:11.624990
case_561,c,2025-02-24 19:58:11.624990
case_561,b,2025-02-24 20:03:11.624990
case_561,a,2025-02-24 20:08:11.624990
case_561,a,2025-02-24 20:13:11.624990
case_561,c,2025-02-24 20:18:11.624990
case_561,a,2025-02-24 20:23:11.624990
case_561,a,2025-02-24 20:28:11.624990
case_561,b,2025-02-24 20:33:11.624990
case_561,b,2025-02-24 20:38:11.624990
case_561,c,2025-02-24 20:43:11.624990
case_561,a,2025-02-24 20:48:11.624990
case_561,c,2025-02-24 20:53:11.624990
case_561,b,2025-02-24 20:58:11.624990
case_561,c,2025-02-24 21:03:11.624990
case_562,a,2025-02-24 19:28:11.625020
case_562,c,2025-02-24 19:33:11.625020
case_562,b,2025-02-24 19:38:11.625020
case_562,a,2025-02-24 19:43:11.625020
case_562,b,2025-02-24 19:48:11.625020
case_562,c,2025-02-24 19:53:11.625020
case_562,a,2025-02-24 19:58:11.625020
case_562,b,2025-02-24 20:03:11.625020
case_562,b,2025-02-24 20:08:11.625020
case_562,a,2025-02-24 20:13:11.625020
case_562,b,2025-02-24 20:18:11.625020
case_562,a,2025-02-24 20:23:11.625020
case_562,b,2025-02-24 20:28:11.625020
case_562,b,2025-02-24 20:33:11.625020
case_562,c,2025-02-24 20:38:11.625020
case_562,b,2025-02-24 20:43:11.625020
case_562,b,2025-02-24 20:48:11.625020
case_562,c,2025-02-24 20:53:11.625020
case_562,a,2025-02-24 20:58:11.625020
case_562,b,2025-02-24 21:03:11.625020
case_563,b,2025-02-24 19:28:11.625049
case_563,b,2025-02-24 19:33:11.625049
case_563,b,2025-02-24 19:38:11.625049
case_563,a,2025-02-24 19:43:11.625049
case_563,a,2025-02-24 19:48:11.625049
case_563,a,2025-02-24 19:53:11.625049
case_563,b,2025-02-24 19:58:11.625049
case_563,c,2025-02-24 20:03:11.625049
case_563,b,2025-02-24 20:08:11.625049
case_563,c,2025-02-24 20:13:11.625049
case_563,b,2025-02-24 20:18:11.625049
case_563,a,2025-02-24 20:23:11.625049
case_563,c,2025-02-24 20:28:11.625049
case_563,a,2025-02-24 20:33:11.625049
case_563,a,2025-02-24 20:38:11.625049
case_563,a,2025-02-24 20:43:11.625049
case_563,b,2025-02-24 20:48:11.625049
case_563,a,2025-02-24 20:53:11.625049
case_563,b,2025-02-24 20:58:11.625049
case_563,b,2025-02-24 21:03:11.625049
case_564,b,2025-02-24 19:28:11.625079
case_564,c,2025-02-24 19:33:11.625079
case_564,c,2025-02-24 19:38:11.625079
case_564,a,2025-02-24 19:43:11.625079
case_564,a,2025-02-24 19:48:11.625079
case_564,b,2025-02-24 19:53:11.625079
case_564,c,2025-02-24 19:58:11.625079
case_564,b,2025-02-24 20:03:11.625079
case_564,b,2025-02-24 20:08:11.625079
case_564,a,2025-02-24 20:13:11.625079
case_564,b,2025-02-24 20:18:11.625079
case_564,a,2025-02-24 20:23:11.625079
case_564,b,2025-02-24 20:28:11.625079
case_564,a,2025-02-24 20:33:11.625079
case_564,c,2025-02-24 20:38:11.625079
case_564,b,2025-02-24 20:43:11.625079
case_564,b,2025-02-24 20:48:11.625079
case_564,c,2025-02-24 20:53:11.625079
case_564,c,2025-02-24 20:58:11.625079
case_564,a,2025-02-24 21:03:11.625079
case_565,a,2025-02-24 19:28:11.625109
case_565,b,2025-02-24 19:33:11.625109
case_565,c,2025-02-24 19:38:11.625109
case_565,c,2025-02-24 19:43:11.625109
case_565,c,2025-02-24 19:48:11.625109
case_565,a,2025-02-24 19:53:11.625109
case_565,a,2025-02-24 19:58:11.625109
case_565,c,2025-02-24 20:03:11.625109
case_565,b,2025-02-24 20:08:11.625109
case_565,b,2025-02-24 20:13:11.625109
case_565,a,2025-02-24 20:18:11.625109
case_565,b,2025-02-24 20:23:11.625109
case_565,a,2025-02-24 20:28:11.625109
case_565,c,2025-02-24 20:33:11.625109
case_565,c,2025-02-24 20:38:11.625109
case_565,c,2025-02-24 20:43:11.625109
case_565,c,2025-02-24 20:48:11.625109
case_565,a,2025-02-24 20:53:11.625109
case_565,b,2025-02-24 20:58:11.625109
case_565,c,2025-02-24 21:03:11.625109
case_566,b,2025-02-24 19:28:11.625138
case_566,b,2025-02-24 19:33:11.625138
case_566,b,2025-02-24 19:38:11.625138
case_566,a,2025-02-24 19:43:11.625138
case_566,a,2025-02-24 19:48:11.625138
case_566,b,2025-02-24 19:53:11.625138
case_566,a,2025-02-24 19:58:11.625138
case_566,a,2025-02-24 20:03:11.625138
case_566,c,2025-02-24 20:08:11.625138
case_566,a,2025-02-24 20:13:11.625138
case_566,c,2025-02-24 20:18:11.625138
case_566,a,2025-02-24 20:23:11.625138
case_566,c,2025-02-24 20:28:11.625138
case_566,a,2025-02-24 20:33:11.625138
case_566,a,2025-02-24 20:38:11.625138
case_566,c,2025-02-24 20:43:11.625138
case_566,a,2025-02-24 20:48:11.625138
case_566,a,2025-02-24 20:53:11.625138
case_566,c,2025-02-24 20:58:11.625138
case_566,a,2025-02-24 21:03:11.625138
case_567,b,2025-02-24 19:28:11.625168
case_567,c,2025-02-24 19:33:11.625168
case_567,b,2025-02-24 19:38:11.625168
case_567,a,2025-02-24 19:43:11.625168
case_567,c,2025-02-24 19:48:11.625168
case_567,a,2025-02-24 19:53:11.625168
case_567,b,2025-02-24 19:58:11.625168
case_567,c,2025-02-24 20:03:11.625168
case_567,c,2025-02-24 20:08:11.625168
case_567,b,2025-02-24 20:13:11.625168
case_567,a,2025-02-24 20:18:11.625168
case_567,a,2025-02-24 20:23:11.625168
case_567,c,2025-02-24 20:28:11.625168
case_567,a,2025-02-24 20:33:11.625168
case_567,c,2025-02-24 20:38:11.625168
case_567,c,2025-02-24 20:43:11.625168
case_567,b,2025-02-24 20:48:11.625168
case_567,b,2025-02-24 20:53:11.625168
case_567,a,2025-02-24 20:58:11.625168
case_567,c,2025-02-24 21:03:11.625168
case_568,b,2025-02-24 19:28:11.625197
case_568,a,2025-02-24 19:33:11.625197
case_568,a,2025-02-24 19:38:11.625197
case_568,c,2025-02-24 19:43:11.625197
case_568,c,2025-02-24 19:48:11.625197
case_568,b,2025-02-24 19:53:11.625197
case_568,b,2025-02-24 19:58:11.625197
case_568,c,2025-02-24 20:03:11.625197
case_568,b,2025-02-24 20:08:11.625197
case_568,c,2025-02-24 20:13:11.625197
case_568,a,2025-02-24 20:18:11.625197
case_568,a,2025-02-24 20:23:11.625197
case_568,c,2025-02-24 20:28:11.625197
case_568,b,2025-02-24 20:33:11.625197
case_568,b,2025-02-24 20:38:11.625197
case_568,b,2025-02-24 20:43:11.625197
case_568,b,2025-02-24 20:48:11.625197
case_568,c,2025-02-24 20:53:11.625197
case_568,a,2025-02-24 20:58:11.625197
case_568,a,2025-02-24 21:03:11.625197
case_569,b,2025-02-24 19:28:11.625227
case_569,a,2025-02-24 19:33:11.625227
case_569,c,2025-02-24 19:38:11.625227
case_569,b,2025-02-24 19:43:11.625227
case_569,a,2025-02-24 19:48:11.625227
case_569,a,2025-02-24 19:53:11.625227
case_569,b,2025-02-24 19:58:11.625227
case_569,a,2025-02-24 20:03:11.625227
case_569,b,2025-02-24 20:08:11.625227
case_569,c,2025-02-24 20:13:11.625227
case_569,b,2025-02-24 20:18:11.625227
case_569,a,2025-02-24 20:23:11.625227
case_569,b,2025-02-24 20:28:11.625227
case_569,c,2025-02-24 20:33:11.625227
case_569,a,2025-02-24 20:38:11.625227
case_569,a,2025-02-24 20:43:11.625227
case_569,b,2025-02-24 20:48:11.625227
case_569,c,2025-02-24 20:53:11.625227
case_569,b,2025-02-24 20:58:11.625227
case_569,a,2025-02-24 21:03:11.625227
case_570,a,2025-02-24 19:28:11.625256
case_570,c,2025-02-24 19:33:11.625256
case_570,a,2025-02-24 19:38:11.625256
case_570,c,2025-02-24 19:43:11.625256
case_570,c,2025-02-24 19:48:11.625256
case_570,a,2025-02-24 19:53:11.625256
case_570,a,2025-02-24 19:58:11.625256
case_570,a,2025-02-24 20:03:11.625256
case_570,c,2025-02-24 20:08:11.625256
case_570,a,2025-02-24 20:13:11.625256
case_570,c,2025-02-24 20:18:11.625256
case_570,c,2025-02-24 20:23:11.625256
case_570,a,2025-02-24 20:28:11.625256
case_570,a,2025-02-24 20:33:11.625256
case_570,a,2025-02-24 20:38:11.625256
case_570,c,2025-02-24 20:43:11.625256
case_570,c,2025-02-24 20:48:11.625256
case_570,c,2025-02-24 20:53:11.625256
case_570,b,2025-02-24 20:58:11.625256
case_570,b,2025-02-24 21:03:11.625256
case_571,a,2025-02-24 19:28:11.625286
case_571,a,2025-02-24 19:33:11.625286
case_571,c,2025-02-24 19:38:11.625286
case_571,c,2025-02-24 19:43:11.625286
case_571,b,2025-02-24 19:48:11.625286
case_571,b,2025-02-24 19:53:11.625286
case_571,c,2025-02-24 19:58:11.625286
case_571,b,2025-02-24 20:03:11.625286
case_571,a,2025-02-24 20:08:11.625286
case_571,a,2025-02-24 20:13:11.625286
case_571,b,2025-02-24 20:18:11.625286
case_571,c,2025-02-24 20:23:11.625286
case_571,c,2025-02-24 20:28:11.625286
case_571,c,2025-02-24 20:33:11.625286
case_571,a,2025-02-24 20:38:11.625286
case_571,c,2025-02-24 20:43:11.625286
case_571,b,2025-02-24 20:48:11.625286
case_571,a,2025-02-24 20:53:11.625286
case_571,c,2025-02-24 20:58:11.625286
case_571,b,2025-02-24 21:03:11.625286
case_572,a,2025-02-24 19:28:11.625315
case_572,b,2025-02-24 19:33:11.625315
case_572,a,2025-02-24 19:38:11.625315
case_572,b,2025-02-24 19:43:11.625315
case_572,b,2025-02-24 19:48:11.625315
case_572,c,2025-02-24 19:53:11.625315
case_572,c,2025-02-24 19:58:11.625315
case_572,a,2025-02-24 20:03:11.625315
case_572,a,2025-02-24 20:08:11.625315
case_572,b,2025-02-24 20:13:11.625315
case_572,b,2025-02-24 20:18:11.625315
case_572,a,2025-02-24 20:23:11.625315
case_572,c,2025-02-24 20:28:11.625315
case_572,a,2025-02-24 20:33:11.625315
case_572,b,2025-02-24 20:38:11.625315
case_572,c,2025-02-24 20:43:11.625315
case_572,c,2025-02-24 20:48:11.625315
case_572,a,2025-02-24 20:53:11.625315
case_572,c,2025-02-24 20:58:11.625315
case_572,c,2025-02-24 21:03:11.625315
case_573,b,2025-02-24 19:28:11.625346
case_573,c,2025-02-24 19:33:11.625346
case_573,a,2025-02-24 19:38:11.625346
case_573,c,2025-02-24 19:43:11.625346
case_573,c,2025-02-24 19:48:11.625346
case_573,c,2025-02-24 19:53:11.625346
case_573,a,2025-02-24 19:58:11.625346
case_573,b,2025-02-24 20:03:11.625346
case_573,b,2025-02-24 20:08:11.625346
case_573,c,2025-02-24 20:13:11.625346
case_573,a,2025-02-24 20:18:11.625346
case_573,a,2025-02-24 20:23:11.625346
case_573,c,2025-02-24 20:28:11.625346
case_573,a,2025-02-24 20:33:11.625346
case_573,b,2025-02-24 20:38:11.625346
case_573,a,2025-02-24 20:43:11.625346
case_573,c,2025-02-24 20:48:11.625346
case_573,c,2025-02-24 20:53:11.625346
case_573,c,2025-02-24 20:58:11.625346
case_573,a,2025-02-24 21:03:11.625346
case_574,b,2025-02-24 19:28:11.625375
case_574,c,2025-02-24 19:33:11.625375
case_574,a,2025-02-24 19:38:11.625375
case_574,c,2025-02-24 19:43:11.625375
case_574,b,2025-02-24 19:48:11.625375
case_574,a,2025-02-24 19:53:11.625375
case_574,b,2025-02-24 19:58:11.625375
case_574,c,2025-02-24 20:03:11.625375
case_574,c,2025-02-24 20:08:11.625375
case_574,c,2025-02-24 20:13:11.625375
case_574,a,2025-02-24 20:18:11.625375
case_574,c,2025-02-24 20:23:11.625375
case_574,a,2025-02-24 20:28:11.625375
case_574,c,2025-02-24 20:33:11.625375
case_574,a,2025-02-24 20:38:11.625375
case_574,c,2025-02-24 20:43:11.625375
case_574,c,2025-02-24 20:48:11.625375
case_574,b,2025-02-24 20:53:11.625375
case_574,a,2025-02-24 20:58:11.625375
case_574,b,2025-02-24 21:03:11.625375
case_575,b,2025-02-24 19:28:11.625404
case_575,c,2025-02-24 19:33:11.625404
case_575,c,2025-02-24 19:38:11.625404
case_575,c,2025-02-24 19:43:11.625404
case_575,b,2025-02-24 19:48:11.625404
case_575,b,2025-02-24 19:53:11.625404
case_575,b,2025-02-24 19:58:11.625404
case_575,a,2025-02-24 20:03:11.625404
case_575,c,2025-02-24 20:08:11.625404
case_575,b,2025-02-24 20:13:11.625404
case_575,b,2025-02-24 20:18:11.625404
case_575,b,2025-02-24 20:23:11.625404
case_575,b,2025-02-24 20:28:11.625404
case_575,a,2025-02-24 20:33:11.625404
case_575,c,2025-02-24 20:38:11.625404
case_575,b,2025-02-24 20:43:11.625404
case_575,b,2025-02-24 20:48:11.625404
case_575,b,2025-02-24 20:53:11.625404
case_575,a,2025-02-24 20:58:11.625404
case_575,a,2025-02-24 21:03:11.625404
case_576,b,2025-02-24 19:28:11.625433
case_576,c,2025-02-24 19:33:11.625433
case_576,b,2025-02-24 19:38:11.625433
case_576,a,2025-02-24 19:43:11.625433
case_576,a,2025-02-24 19:48:11.625433
case_576,a,2025-02-24 19:53:11.625433
case_576,a,2025-02-24 19:58:11.625433
case_576,b,2025-02-24 20:03:11.625433
case_576,a,2025-02-24 20:08:11.625433
case_576,c,2025-02-24 20:13:11.625433
case_576,c,2025-02-24 20:18:11.625433
case_576,a,2025-02-24 20:23:11.625433
case_576,c,2025-02-24 20:28:11.625433
case_576,b,2025-02-24 20:33:11.625433
case_576,c,2025-02-24 20:38:11.625433
case_576,a,2025-02-24 20:43:11.625433
case_576,c,2025-02-24 20:48:11.625433
case_576,b,2025-02-24 20:53:11.625433
case_576,a,2025-02-24 20:58:11.625433
case_576,a,2025-02-24 21:03:11.625433
case_577,a,2025-02-24 19:28:11.625463
case_577,b,2025-02-24 19:33:11.625463
case_577,c,2025-02-24 19:38:11.625463
case_577,b,2025-02-24 19:43:11.625463
case_577,c,2025-02-24 19:48:11.625463
case_577,a,2025-02-24 19:53:11.625463
case_577,a,2025-02-24 19:58:11.625463
case_577,b,2025-02-24 20:03:11.625463
case_577,c,2025-02-24 20:08:11.625463
case_577,a,2025-02-24 20:13:11.625463
case_577,c,2025-02-24 20:18:11.625463
case_577,c,2025-02-24 20:23:11.625463
case_577,c,2025-02-24 20:28:11.625463
case_577,c,2025-02-24 20:33:11.625463
case_577,a,2025-02-24 20:38:11.625463
case_577,b,2025-02-24 20:43:11.625463
case_577,b,2025-02-24 20:48:11.625463
case_577,a,2025-02-24 20:53:11.625463
case_577,a,2025-02-24 20:58:11.625463
case_577,b,2025-02-24 21:03:11.625463
case_578,a,2025-02-24 19:28:11.625492
case_578,a,2025-02-24 19:33:11.625492
case_578,c,2025-02-24 19:38:11.625492
case_578,c,2025-02-24 19:43:11.625492
case_578,a,2025-02-24 19:48:11.625492
case_578,a,2025-02-24 19:53:11.625492
case_578,a,2025-02-24 19:58:11.625492
case_578,c,2025-02-24 20:03:11.625492
case_578,a,2025-02-24 20:08:11.625492
case_578,c,2025-02-24 20:13:11.625492
case_578,b,2025-02-24 20:18:11.625492
case_578,c,2025-02-24 20:23:11.625492
case_578,c,2025-02-24 20:28:11.625492
case_578,a,2025-02-24 20:33:11.625492
case_578,a,2025-02-24 20:38:11.625492
case_578,b,2025-02-24 20:43:11.625492
case_578,b,2025-02-24 20:48:11.625492
case_578,c,2025-02-24 20:53:11.625492
case_578,b,2025-02-24 20:58:11.625492
case_578,a,2025-02-24 21:03:11.625492
case_579,b,2025-02-24 19:28:11.625521
case_579,a,2025-02-24 19:33:11.625521
case_579,a,2025-02-24 19:38:11.625521
case_579,b,2025-02-24 19:43:11.625521
case_579,c,2025-02-24 19:48:11.625521
case_579,c,2025-02-24 19:53:11.625521
case_579,c,2025-02-24 19:58:11.625521
case_579,c,2025-02-24 20:03:11.625521
case_579,a,2025-02-24 20:08:11.625521
case_579,a,2025-02-24 20:13:11.625521
case_579,c,2025-02-24 20:18:11.625521
case_579,a,2025-02-24 20:23:11.625521
case_579,c,2025-02-24 20:28:11.625521
case_579,a,2025-02-24 20:33:11.625521
case_579,c,2025-02-24 20:38:11.625521
case_579,a,2025-02-24 20:43:11.625521
case_579,a,2025-02-24 20:48:11.625521
case_579,b,2025-02-24 20:53:11.625521
case_579,c,2025-02-24 20:58:11.625521
case_579,a,2025-02-24 21:03:11.625521
case_580,a,2025-02-24 19:28:11.625550
case_580,c,2025-02-24 19:33:11.625550
case_580,b,2025-02-24 19:38:11.625550
case_580,a,2025-02-24 19:43:11.625550
case_580,c,2025-02-24 19:48:11.625550
case_580,c,2025-02-24 19:53:11.625550
case_580,b,2025-02-24 19:58:11.625550
case_580,c,2025-02-24 20:03:11.625550
case_580,c,2025-02-24 20:08:11.625550
case_580,c,2025-02-24 20:13:11.625550
case_580,c,2025-02-24 20:18:11.625550
case_580,a,2025-02-24 20:23:11.625550
case_580,a,2025-02-24 20:28:11.625550
case_580,c,2025-02-24 20:33:11.625550
case_580,a,2025-02-24 20:38:11.625550
case_580,a,2025-02-24 20:43:11.625550
case_580,a,2025-02-24 20:48:11.625550
case_580,c,2025-02-24 20:53:11.625550
case_580,b,2025-02-24 20:58:11.625550
case_580,c,2025-02-24 21:03:11.625550
case_581,a,2025-02-24 19:28:11.625579
case_581,c,2025-02-24 19:33:11.625579
case_581,c,2025-02-24 19:38:11.625579
case_581,b,2025-02-24 19:43:11.625579
case_581,b,2025-02-24 19:48:11.625579
case_581,c,2025-02-24 19:53:11.625579
case_581,c,2025-02-24 19:58:11.625579
case_581,c,2025-02-24 20:03:11.625579
case_581,b,2025-02-24 20:08:11.625579
case_581,b,2025-02-24 20:13:11.625579
case_581,c,2025-02-24 20:18:11.625579
case_581,c,2025-02-24 20:23:11.625579
case_581,c,2025-02-24 20:28:11.625579
case_581,b,2025-02-24 20:33:11.625579
case_581,b,2025-02-24 20:38:11.625579
case_581,b,2025-02-24 20:43:11.625579
case_581,b,2025-02-24 20:48:11.625579
case_581,b,2025-02-24 20:53:11.625579
case_581,c,2025-02-24 20:58:11.625579
case_581,a,2025-02-24 21:03:11.625579
case_582,b,2025-02-24 19:28:11.625609
case_582,b,2025-02-24 19:33:11.625609
case_582,b,2025-02-24 19:38:11.625609
case_582,a,2025-02-24 19:43:11.625609
case_582,c,2025-02-24 19:48:11.625609
case_582,a,2025-02-24 19:53:11.625609
case_582,a,2025-02-24 19:58:11.625609
case_582,a,2025-02-24 20:03:11.625609
case_582,a,2025-02-24 20:08:11.625609
case_582,c,2025-02-24 20:13:11.625609
case_582,a,2025-02-24 20:18:11.625609
case_582,c,2025-02-24 20:23:11.625609
case_582,c,2025-02-24 20:28:11.625609
case_582,a,2025-02-24 20:33:11.625609
case_582,b,2025-02-24 20:38:11.625609
case_582,b,2025-02-24 20:43:11.625609
case_582,c,2025-02-24 20:48:11.625609
case_582,c,2025-02-24 20:53:11.625609
case_582,c,2025-02-24 20:58:11.625609
case_582,b,2025-02-24 21:03:11.625609
case_583,b,2025-02-24 19:28:11.625638
case_583,b,2025-02-24 19:33:11.625638
case_583,c,2025-02-24 19:38:11.625638
case_583,c,2025-02-24 19:43:11.625638
case_583,b,2025-02-24 19:48:11.625638
case_583,a,2025-02-24 19:53:11.625638
case_583,c,2025-02-24 19:58:11.625638
case_583,a,2025-02-24 20:03:11.625638
case_583,b,2025-02-24 20:08:11.625638
case_583,b,2025-02-24 20:13:11.625638
case_583,c,2025-02-24 20:18:11.625638
case_583,a,2025-02-24 20:23:11.625638
case_583,b,2025-02-24 20:28:11.625638
case_583,a,2025-02-24 20:33:11.625638
case_583,c,2025-02-24 20:38:11.625638
case_583,a,2025-02-24 20:43:11.625638
case_583,c,2025-02-24 20:48:11.625638
case_583,b,2025-02-24 20:53:11.625638
case_583,a,2025-02-24 20:58:11.625638
case_583,c,2025-02-24 21:03:11.625638
case_584,b,2025-02-24 19:28:11.625667
case_584,b,2025-02-24 19:33:11.625667
case_584,c,2025-02-24 19:38:11.625667
case_584,b,2025-02-24 19:43:11.625667
case_584,b,2025-02-24 19:48:11.625667
case_584,c,2025-02-24 19:53:11.625667
case_584,b,2025-02-24 19:58:11.625667
case_584,b,2025-02-24 20:03:11.625667
case_584,b,2025-02-24 20:08:11.625667
case_584,b,2025-02-24 20:13:11.625667
case_584,c,2025-02-24 20:18:11.625667
case_584,c,2025-02-24 20:23:11.625667
case_584,b,2025-02-24 20:28:11.625667
case_584,b,2025-02-24 20:33:11.625667
case_584,c,2025-02-24 20:38:11.625667
case_584,c,2025-02-24 20:43:11.625667
case_584,b,2025-02-24 20:48:11.625667
case_584,b,2025-02-24 20:53:11.625667
case_584,b,2025-02-24 20:58:11.625667
case_584,a,2025-02-24 21:03:11.625667
case_585,b,2025-02-24 19:28:11.625696
case_585,b,2025-02-24 19:33:11.625696
case_585,a,2025-02-24 19:38:11.625696
case_585,b,2025-02-24 19:43:11.625696
case_585,a,2025-02-24 19:48:11.625696
case_585,b,2025-02-24 19:53:11.625696
case_585,c,2025-02-24 19:58:11.625696
case_585,b,2025-02-24 20:03:11.625696
case_585,b,2025-02-24 20:08:11.625696
case_585,b,2025-02-24 20:13:11.625696
case_585,a,2025-02-24 20:18:11.625696
case_585,b,2025-02-24 20:23:11.625696
case_585,a,2025-02-24 20:28:11.625696
case_585,a,2025-02-24 20:33:11.625696
case_585,c,2025-02-24 20:38:11.625696
case_585,a,2025-02-24 20:43:11.625696
case_585,b,2025-02-24 20:48:11.625696
case_585,a,2025-02-24 20:53:11.625696
case_585,a,2025-02-24 20:58:11.625696
case_585,c,2025-02-24 21:03:11.625696
case_586,b,2025-02-24 19:28:11.625726
case_586,b,2025-02-24 19:33:11.625726
case_586,c,2025-02-24 19:38:11.625726
case_586,a,2025-02-24 19:43:11.625726
case_586,c,2025-02-24 19:48:11.625726
case_586,a,2025-02-24 19:53:11.625726
case_586,a,2025-02-24 19:58:11.625726
case_586,a,2025-02-24 20:03:11.625726
case_586,a,2025-02-24 20:08:11.625726
case_586,a,2025-02-24 20:13:11.625726
case_586,b,2025-02-24 20:18:11.625726
case_586,c,2025-02-24 20:23:11.625726
case_586,b,2025-02-24 20:28:11.625726
case_586,a,2025-02-24 20:33:11.625726
case_586,b,2025-02-24 20:38:11.625726
case_586,a,2025-02-24 20:43:11.625726
case_586,c,2025-02-24 20:48:11.625726
case_586,b,2025-02-24 20:53:11.625726
case_586,b,2025-02-24 20:58:11.625726
case_586,c,2025-02-24 21:03:11.625726
case_587,b,2025-02-24 19:28:11.625755
case_587,b,2025-02-24 19:33:11.625755
case_587,b,2025-02-24 19:38:11.625755
case_587,c,2025-02-24 19:43:11.625755
case_587,a,2025-02-24 19:48:11.625755
case_587,b,2025-02-24 19:53:11.625755
case_587,b,2025-02-24 19:58:11.625755
case_587,a,2025-02-24 20:03:11.625755
case_587,c,2025-02-24 20:08:11.625755
case_587,b,2025-02-24 20:13:11.625755
case_587,b,2025-02-24 20:18:11.625755
case_587,a,2025-02-24 20:23:11.625755
case_587,c,2025-02-24 20:28:11.625755
case_587,c,2025-02-24 20:33:11.625755
case_587,a,2025-02-24 20:38:11.625755
case_587,b,2025-02-24 20:43:11.625755
case_587,c,2025-02-24 20:48:11.625755
case_587,a,2025-02-24 20:53:11.625755
case_587,c,2025-02-24 20:58:11.625755
case_587,a,2025-02-24 21:03:11.625755
case_588,b,2025-02-24 19:28:11.625784
case_588,b,2025-02-24 19:33:11.625784
case_588,c,2025-02-24 19:38:11.625784
case_588,a,2025-02-24 19:43:11.625784
case_588,c,2025-02-24 19:48:11.625784
case_588,c,2025-02-24 19:53:11.625784
case_588,b,2025-02-24 19:58:11.625784
case_588,b,2025-02-24 20:03:11.625784
case_588,c,2025-02-24 20:08:11.625784
case_588,a,2025-02-24 20:13:11.625784
case_588,b,2025-02-24 20:18:11.625784
case_588,b,2025-02-24 20:23:11.625784
case_588,a,2025-02-24 20:28:11.625784
case_588,a,2025-02-24 20:33:11.625784
case_588,c,2025-02-24 20:38:11.625784
case_588,b,2025-02-24 20:43:11.625784
case_588,a,2025-02-24 20:48:11.625784
case_588,b,2025-02-24 20:53:11.625784
case_588,c,2025-02-24 20:58:11.625784
case_588,c,2025-02-24 21:03:11.625784
case_589,a,2025-02-24 19:28:11.625813
case_589,a,2025-02-24 19:33:11.625813
case_589,b,2025-02-24 19:38:11.625813
case_589,c,2025-02-24 19:43:11.625813
case_589,b,2025-02-24 19:48:11.625813
case_589,c,2025-02-24 19:53:11.625813
case_589,a,2025-02-24 19:58:11.625813
case_589,c,2025-02-24 20:03:11.625813
case_589,c,2025-02-24 20:08:11.625813
case_589,a,2025-02-24 20:13:11.625813
case_589,a,2025-02-24 20:18:11.625813
case_589,b,2025-02-24 20:23:11.625813
case_589,b,2025-02-24 20:28:11.625813
case_589,b,2025-02-24 20:33:11.625813
case_589,b,2025-02-24 20:38:11.625813
case_589,a,2025-02-24 20:43:11.625813
case_589,a,2025-02-24 20:48:11.625813
case_589,b,2025-02-24 20:53:11.625813
case_589,a,2025-02-24 20:58:11.625813
case_589,a,2025-02-24 21:03:11.625813
case_590,b,2025-02-24 19:28:11.625842
case_590,c,2025-02-24 19:33:11.625842
case_590,b,2025-02-24 19:38:11.625842
case_590,c,2025-02-24 19:43:11.625842
case_590,c,2025-02-24 19:48:11.625842
case_590,b,2025-02-24 19:53:11.625842
case_590,a,2025-02-24 19:58:11.625842
case_590,b,2025-02-24 20:03:11.625842
case_590,c,2025-02-24 20:08:11.625842
case_590,b,2025-02-24 20:13:11.625842
case_590,a,2025-02-24 20:18:11.625842
case_590,c,2025-02-24 20:23:11.625842
case_590,a,2025-02-24 20:28:11.625842
case_590,a,2025-02-24 20:33:11.625842
case_590,b,2025-02-24 20:38:11.625842
case_590,b,2025-02-24 20:43:11.625842
case_590,b,2025-02-24 20:48:11.625842
case_590,a,2025-02-24 20:53:11.625842
case_590,c,2025-02-24 20:58:11.625842
case_590,c,2025-02-24 21:03:11.625842
case_591,a,2025-02-24 19:28:11.625872
case_591,c,2025-02-24 19:33:11.625872
case_591,a,2025-02-24 19:38:11.625872
case_591,c,2025-02-24 19:43:11.625872
case_591,a,2025-02-24 19:48:11.625872
case_591,c,2025-02-24 19:53:11.625872
case_591,c,2025-02-24 19:58:11.625872
case_591,c,2025-02-24 20:03:11.625872
case_591,c,2025-02-24 20:08:11.625872
case_591,a,2025-02-24 20:13:11.625872
case_591,a,2025-02-24 20:18:11.625872
case_591,c,2025-02-24 20:23:11.625872
case_591,b,2025-02-24 20:28:11.625872
case_591,b,2025-02-24 20:33:11.625872
case_591,b,2025-02-24 20:38:11.625872
case_591,b,2025-02-24 20:43:11.625872
case_591,b,2025-02-24 20:48:11.625872
case_591,b,2025-02-24 20:53:11.625872
case_591,c,2025-02-24 20:58:11.625872
case_591,c,2025-02-24 21:03:11.625872
case_592,a,2025-02-24 19:28:11.625901
case_592,a,2025-02-24 19:33:11.625901
case_592,a,2025-02-24 19:38:11.625901
case_592,a,2025-02-24 19:43:11.625901
case_592,c,2025-02-24 19:48:11.625901
case_592,c,2025-02-24 19:53:11.625901
case_592,b,2025-02-24 19:58:11.625901
case_592,b,2025-02-24 20:03:11.625901
case_592,a,2025-02-24 20:08:11.625901
case_592,a,2025-02-24 20:13:11.625901
case_592,a,2025-02-24 20:18:11.625901
case_592,b,2025-02-24 20:23:11.625901
case_592,b,2025-02-24 20:28:11.625901
case_592,b,2025-02-24 20:33:11.625901
case_592,c,2025-02-24 20:38:11.625901
case_592,a,2025-02-24 20:43:11.625901
case_592,a,2025-02-24 20:48:11.625901
case_592,c,2025-02-24 20:53:11.625901
case_592,b,2025-02-24 20:58:11.625901
case_592,b,2025-02-24 21:03:11.625901
case_593,b,2025-02-24 19:28:11.625930
case_593,b,2025-02-24 19:33:11.625930
case_593,c,2025-02-24 19:38:11.625930
case_593,b,2025-02-24 19:43:11.625930
case_593,c,2025-02-24 19:48:11.625930
case_593,a,2025-02-24 19:53:11.625930
case_593,c,2025-02-24 19:58:11.625930
case_593,c,2025-02-24 20:03:11.625930
case_593,a,2025-02-24 20:08:11.625930
case_593,b,2025-02-24 20:13:11.625930
case_593,a,2025-02-24 20:18:11.625930
case_593,b,2025-02-24 20:23:11.625930
case_593,a,2025-02-24 20:28:11.625930
case_593,a,2025-02-24 20:33:11.625930
case_593,c,2025-02-24 20:38:11.625930
case_593,a,2025-02-24 20:43:11.625930
case_593,a,2025-02-24 20:48:11.625930
case_593,c,2025-02-24 20:53:11.625930
case_593,b,2025-02-24 20:58:11.625930
case_593,a,2025-02-24 21:03:11.625930
case_594,b,2025-02-24 19:28:11.625959
case_594,b,2025-02-24 19:33:11.625959
case_594,c,2025-02-24 19:38:11.625959
case_594,c,2025-02-24 19:43:11.625959
case_594,b,2025-02-24 19:48:11.625959
case_594,b,2025-02-24 19:53:11.625959
case_594,c,2025-02-24 19:58:11.625959
case_594,b,2025-02-24 20:03:11.625959
case_594,a,2025-02-24 20:08:11.625959
case_594,c,2025-02-24 20:13:11.625959
case_594,c,2025-02-24 20:18:11.625959
case_594,b,2025-02-24 20:23:11.625959
case_594,b,2025-02-24 20:28:11.625959
case_594,b,2025-02-24 20:33:11.625959
case_594,c,2025-02-24 20:38:11.625959
case_594,b,2025-02-24 20:43:11.625959
case_594,c,2025-02-24 20:48:11.625959
case_594,b,2025-02-24 20:53:11.625959
case_594,a,2025-02-24 20:58:11.625959
case_594,b,2025-02-24 21:03:11.625959
case_595,b,2025-02-24 19:28:11.625988
case_595,b,2025-02-24 19:33:11.625988
case_595,b,2025-02-24 19:38:11.625988
case_595,a,2025-02-24 19:43:11.625988
case_595,b,2025-02-24 19:48:11.625988
case_595,c,2025-02-24 19:53:11.625988
case_595,c,2025-02-24 19:58:11.625988
case_595,c,2025-02-24 20:03:11.625988
case_595,c,2025-02-24 20:08:11.625988
case_595,b,2025-02-24 20:13:11.625988
case_595,c,2025-02-24 20:18:11.625988
case_595,b,2025-02-24 20:23:11.625988
case_595,c,2025-02-24 20:28:11.625988
case_595,a,2025-02-24 20:33:11.625988
case_595,b,2025-02-24 20:38:11.625988
case_595,a,2025-02-24 20:43:11.625988
case_595,a,2025-02-24 20:48:11.625988
case_595,c,2025-02-24 20:53:11.625988
case_595,a,2025-02-24 20:58:11.625988
case_595,b,2025-02-24 21:03:11.625988
case_596,b,2025-02-24 19:28:11.626017
case_596,c,2025-02-24 19:33:11.626017
case_596,a,2025-02-24 19:38:11.626017
case_596,a,2025-02-24 19:43:11.626017
case_596,b,2025-02-24 19:48:11.626017
case_596,c,2025-02-24 19:53:11.626017
case_596,b,2025-02-24 19:58:11.626017
case_596,a,2025-02-24 20:03:11.626017
case_596,c,2025-02-24 20:08:11.626017
case_596,b,2025-02-24 20:13:11.626017
case_596,c,2025-02-24 20:18:11.626017
case_596,b,2025-02-24 20:23:11.626017
case_596,c,2025-02-24 20:28:11.626017
case_596,b,2025-02-24 20:33:11.626017
case_596,c,2025-02-24 20:38:11.626017
case_596,a,2025-02-24 20:43:11.626017
case_596,b,2025-02-24 20:48:11.626017
case_596,b,2025-02-24 20:53:11.626017
case_596,b,2025-02-24 20:58:11.626017
case_596,a,2025-02-24 21:03:11.626017
case_597,b,2025-02-24 19:28:11.626046
case_597,b,2025-02-24 19:33:11.626046
case_597,c,2025-02-24 19:38:11.626046
case_597,a,2025-02-24 19:43:11.626046
case_597,c,2025-02-24 19:48:11.626046
case_597,a,2025-02-24 19:53:11.626046
case_597,b,2025-02-24 19:58:11.626046
case_597,c,2025-02-24 20:03:11.626046
case_597,a,2025-02-24 20:08:11.626046
case_597,c,2025-02-24 20:13:11.626046
case_597,b,2025-02-24 20:18:11.626046
case_597,a,2025-02-24 20:23:11.626046
case_597,b,2025-02-24 20:28:11.626046
case_597,b,2025-02-24 20:33:11.626046
case_597,a,2025-02-24 20:38:11.626046
case_597,c,2025-02-24 20:43:11.626046
case_597,b,2025-02-24 20:48:11.626046
case_597,b,2025-02-24 20:53:11.626046
case_597,c,2025-02-24 20:58:11.626046
case_597,a,2025-02-24 21:03:11.626046
case_598,a,2025-02-24 19:28:11.626075
case_598,a,2025-02-24 19:33:11.626075
case_598,c,2025-02-24 19:38:11.626075
case_598,b,2025-02-24 19:43:11.626075
case_598,b,2025-02-24 19:48:11.626075
case_598,c,2025-02-24 19:53:11.626075
case_598,b,2025-02-24 19:58:11.626075
case_598,b,2025-02-24 20:03:11.626075
case_598,b,2025-02-24 20:08:11.626075
case_598,a,2025-02-24 20:13:11.626075
case_598,c,2025-02-24 20:18:11.626075
case_598,a,2025-02-24 20:23:11.626075
case_598,c,2025-02-24 20:28:11.626075
case_598,c,2025-02-24 20:33:11.626075
case_598,a,2025-02-24 20:38:11.626075
case_598,c,2025-02-24 20:43:11.626075
case_598,c,2025-02-24 20:48:11.626075
case_598,c,2025-02-24 20:53:11.626075
case_598,b,2025-02-24 20:58:11.626075
case_598,b,2025-02-24 21:03:11.626075
case_599,a,2025-02-24 19:28:11.626106
case_599,c,2025-02-24 19:33:11.626106
case_599,c,2025-02-24 19:38:11.626106
case_599,c,2025-02-24 19:43:11.626106
case_599,b,2025-02-24 19:48:11.626106
case_599,b,2025-02-24 19:53:11.626106
case_599,c,2025-02-24 19:58:11.626106
case_599,b,2025-02-24 20:03:11.626106
case_599,a,2025-02-24 20:08:11.626106
case_599,c,2025-02-24 20:13:11.626106
case_599,a,2025-02-24 20:18:11.626106
case_599,c,2025-02-24 20:23:11.626106
case_599,a,2025-02-24 20:28:11.626106
case_599,b,2025-02-24 20:33:11.626106
case_599,a,2025-02-24 20:38:11.626106
case_599,b,2025-02-24 20:43:11.626106
case_599,a,2025-02-24 20:48:11.626106
case_599,b,2025-02-24 20:53:11.626106
case_599,a,2025-02-24 20:58:11.626106
case_599,b,2025-02-24 21:03:11.626106
case_600,b,2025-02-24 19:28:11.626135
case_600,c,2025-02-24 19:33:11.626135
case_600,c,2025-02-24 19:38:11.626135
case_600,b,2025-02-24 19:43:11.626135
case_600,c,2025-02-24 19:48:11.626135
case_600,a,2025-02-24 19:53:11.626135
case_600,b,2025-02-24 19:58:11.626135
case_600,c,2025-02-24 20:03:11.626135
case_600,c,2025-02-24 20:08:11.626135
case_600,b,2025-02-24 20:13:11.626135
case_600,b,2025-02-24 20:18:11.626135
case_600,c,2025-02-24 20:23:11.626135
case_600,a,2025-02-24 20:28:11.626135
case_600,a,2025-02-24 20:33:11.626135
case_600,c,2025-02-24 20:38:11.626135
case_600,c,2025-02-24 20:43:11.626135
case_600,b,2025-02-24 20:48:11.626135
case_600,c,2025-02-24 20:53:11.626135
case_600,a,2025-02-24 20:58:11.626135
case_600,a,2025-02-24 21:03:11.626135
case_601,b,2025-02-24 19:28:11.626164
case_601,c,2025-02-24 19:33:11.626164
case_601,c,2025-02-24 19:38:11.626164
case_601,b,2025-02-24 19:43:11.626164
case_601,b,2025-02-24 19:48:11.626164
case_601,b,2025-02-24 19:53:11.626164
case_601,a,2025-02-24 19:58:11.626164
case_601,b,2025-02-24 20:03:11.626164
case_601,b,2025-02-24 20:08:11.626164
case_601,c,2025-02-24 20:13:11.626164
case_601,a,2025-02-24 20:18:11.626164
case_601,c,2025-02-24 20:23:11.626164
case_601,c,2025-02-24 20:28:11.626164
case_601,c,2025-02-24 20:33:11.626164
case_601,c,2025-02-24 20:38:11.626164
case_601,c,2025-02-24 20:43:11.626164
case_601,c,2025-02-24 20:48:11.626164
case_601,a,2025-02-24 20:53:11.626164
case_601,c,2025-02-24 20:58:11.626164
case_601,a,2025-02-24 21:03:11.626164
case_602,a,2025-02-24 19:28:11.626194
case_602,b,2025-02-24 19:33:11.626194
case_602,b,2025-02-24 19:38:11.626194
case_602,b,2025-02-24 19:43:11.626194
case_602,a,2025-02-24 19:48:11.626194
case_602,a,2025-02-24 19:53:11.626194
case_602,b,2025-02-24 19:58:11.626194
case_602,c,2025-02-24 20:03:11.626194
case_602,b,2025-02-24 20:08:11.626194
case_602,c,2025-02-24 20:13:11.626194
case_602,a,2025-02-24 20:18:11.626194
case_602,c,2025-02-24 20:23:11.626194
case_602,b,2025-02-24 20:28:11.626194
case_602,c,2025-02-24 20:33:11.626194
case_602,c,2025-02-24 20:38:11.626194
case_602,c,2025-02-24 20:43:11.626194
case_602,b,2025-02-24 20:48:11.626194
case_602,b,2025-02-24 20:53:11.626194
case_602,b,2025-02-24 20:58:11.626194
case_602,a,2025-02-24 21:03:11.626194
case_603,a,2025-02-24 19:28:11.626223
case_603,c,2025-02-24 19:33:11.626223
case_603,c,2025-02-24 19:38:11.626223
case_603,c,2025-02-24 19:43:11.626223
case_603,a,2025-02-24 19:48:11.626223
case_603,c,2025-02-24 19:53:11.626223
case_603,a,2025-02-24 19:58:11.626223
case_603,c,2025-02-24 20:03:11.626223
case_603,b,2025-02-24 20:08:11.626223
case_603,c,2025-02-24 20:13:11.626223
case_603,c,2025-02-24 20:18:11.626223
case_603,b,2025-02-24 20:23:11.626223
case_603,b,2025-02-24 20:28:11.626223
case_603,b,2025-02-24 20:33:11.626223
case_603,b,2025-02-24 20:38:11.626223
case_603,a,2025-02-24 20:43:11.626223
case_603,b,2025-02-24 20:48:11.626223
case_603,a,2025-02-24 20:53:11.626223
case_603,b,2025-02-24 20:58:11.626223
case_603,a,2025-02-24 21:03:11.626223
case_604,a,2025-02-24 19:28:11.626252
case_604,c,2025-02-24 19:33:11.626252
case_604,a,2025-02-24 19:38:11.626252
case_604,c,2025-02-24 19:43:11.626252
case_604,c,2025-02-24 19:48:11.626252
case_604,c,2025-02-24 19:53:11.626252
case_604,a,2025-02-24 19:58:11.626252
case_604,a,2025-02-24 20:03:11.626252
case_604,a,2025-02-24 20:08:11.626252
case_604,c,2025-02-24 20:13:11.626252
case_604,b,2025-02-24 20:18:11.626252
case_604,b,2025-02-24 20:23:11.626252
case_604,c,2025-02-24 20:28:11.626252
case_604,a,2025-02-24 20:33:11.626252
case_604,b,2025-02-24 20:38:11.626252
case_604,b,2025-02-24 20:43:11.626252
case_604,a,2025-02-24 20:48:11.626252
case_604,b,2025-02-24 20:53:11.626252
case_604,c,2025-02-24 20:58:11.626252
case_604,a,2025-02-24 21:03:11.626252
case_605,b,2025-02-24 19:28:11.626281
case_605,b,2025-02-24 19:33:11.626281
case_605,c,2025-02-24 19:38:11.626281
case_605,b,2025-02-24 19:43:11.626281
case_605,a,2025-02-24 19:48:11.626281
case_605,b,2025-02-24 19:53:11.626281
case_605,c,2025-02-24 19:58:11.626281
case_605,b,2025-02-24 20:03:11.626281
case_605,a,2025-02-24 20:08:11.626281
case_605,a,2025-02-24 20:13:11.626281
case_605,a,2025-02-24 20:18:11.626281
case_605,a,2025-02-24 20:23:11.626281
case_605,b,2025-02-24 20:28:11.626281
case_605,b,2025-02-24 20:33:11.626281
case_605,c,2025-02-24 20:38:11.626281
case_605,a,2025-02-24 20:43:11.626281
case_605,c,2025-02-24 20:48:11.626281
case_605,c,2025-02-24 20:53:11.626281
case_605,a,2025-02-24 20:58:11.626281
case_605,b,2025-02-24 21:03:11.626281
case_606,a,2025-02-24 19:28:11.626311
case_606,c,2025-02-24 19:33:11.626311
case_606,c,2025-02-24 19:38:11.626311
case_606,a,2025-02-24 19:43:11.626311
case_606,b,2025-02-24 19:48:11.626311
case_606,b,2025-02-24 19:53:11.626311
case_606,b,2025-02-24 19:58:11.626311
case_606,b,2025-02-24 20:03:11.626311
case_606,a,2025-02-24 20:08:11.626311
case_606,c,2025-02-24 20:13:11.626311
case_606,b,2025-02-24 20:18:11.626311
case_606,b,2025-02-24 20:23:11.626311
case_606,b,2025-02-24 20:28:11.626311
case_606,b,2025-02-24 20:33:11.626311
case_606,a,2025-02-24 20:38:11.626311
case_606,c,2025-02-24 20:43:11.626311
case_606,a,2025-02-24 20:48:11.626311
case_606,a,2025-02-24 20:53:11.626311
case_606,b,2025-02-24 20:58:11.626311
case_606,b,2025-02-24 21:03:11.626311
case_607,a,2025-02-24 19:28:11.626342
case_607,b,2025-02-24 19:33:11.626342
case_607,b,2025-02-24 19:38:11.626342
case_607,b,2025-02-24 19:43:11.626342
case_607,a,2025-02-24 19:48:11.626342
case_607,c,2025-02-24 19:53:11.626342
case_607,b,2025-02-24 19:58:11.626342
case_607,a,2025-02-24 20:03:11.626342
case_607,a,2025-02-24 20:08:11.626342
case_607,b,2025-02-24 20:13:11.626342
case_607,a,2025-02-24 20:18:11.626342
case_607,c,2025-02-24 20:23:11.626342
case_607,a,2025-02-24 20:28:11.626342
case_607,b,2025-02-24 20:33:11.626342
case_607,a,2025-02-24 20:38:11.626342
case_607,b,2025-02-24 20:43:11.626342
case_607,a,2025-02-24 20:48:11.626342
case_607,c,2025-02-24 20:53:11.626342
case_607,c,2025-02-24 20:58:11.626342
case_607,b,2025-02-24 21:03:11.626342
case_608,a,2025-02-24 19:28:11.626371
case_608,c,2025-02-24 19:33:11.626371
case_608,b,2025-02-24 19:38:11.626371
case_608,a,2025-02-24 19:43:11.626371
case_608,a,2025-02-24 19:48:11.626371
case_608,c,2025-02-24 19:53:11.626371
case_608,b,2025-02-24 19:58:11.626371
case_608,c,2025-02-24 20:03:11.626371
case_608,b,2025-02-24 20:08:11.626371
case_608,c,2025-02-24 20:13:11.626371
case_608,a,2025-02-24 20:18:11.626371
case_608,a,2025-02-24 20:23:11.626371
case_608,c,2025-02-24 20:28:11.626371
case_608,c,2025-02-24 20:33:11.626371
case_608,b,2025-02-24 20:38:11.626371
case_608,b,2025-02-24 20:43:11.626371
case_608,c,2025-02-24 20:48:11.626371
case_608,a,2025-02-24 20:53:11.626371
case_608,b,2025-02-24 20:58:11.626371
case_608,a,2025-02-24 21:03:11.626371
case_609,b,2025-02-24 19:28:11.626401
case_609,c,2025-02-24 19:33:11.626401
case_609,c,2025-02-24 19:38:11.626401
case_609,b,2025-02-24 19:43:11.626401
case_609,b,2025-02-24 19:48:11.626401
case_609,a,2025-02-24 19:53:11.626401
case_609,a,2025-02-24 19:58:11.626401
case_609,c,2025-02-24 20:03:11.626401
case_609,c,2025-02-24 20:08:11.626401
case_609,c,2025-02-24 20:13:11.626401
case_609,b,2025-02-24 20:18:11.626401
case_609,b,2025-02-24 20:23:11.626401
case_609,a,2025-02-24 20:28:11.626401
case_609,a,2025-02-24 20:33:11.626401
case_609,b,2025-02-24 20:38:11.626401
case_609,a,2025-02-24 20:43:11.626401
case_609,c,2025-02-24 20:48:11.626401
case_609,b,2025-02-24 20:53:11.626401
case_609,b,2025-02-24 20:58:11.626401
case_609,b,2025-02-24 21:03:11.626401
case_610,b,2025-02-24 19:28:11.626430
case_610,c,2025-02-24 19:33:11.626430
case_610,c,2025-02-24 19:38:11.626430
case_610,c,2025-02-24 19:43:11.626430
case_610,c,2025-02-24 19:48:11.626430
case_610,c,2025-02-24 19:53:11.626430
case_610,c,2025-02-24 19:58:11.626430
case_610,b,2025-02-24 20:03:11.626430
case_610,a,2025-02-24 20:08:11.626430
case_610,b,2025-02-24 20:13:11.626430
case_610,b,2025-02-24 20:18:11.626430
case_610,c,2025-02-24 20:23:11.626430
case_610,a,2025-02-24 20:28:11.626430
case_610,b,2025-02-24 20:33:11.626430
case_610,c,2025-02-24 20:38:11.626430
case_610,b,2025-02-24 20:43:11.626430
case_610,a,2025-02-24 20:48:11.626430
case_610,b,2025-02-24 20:53:11.626430
case_610,b,2025-02-24 20:58:11.626430
case_610,c,2025-02-24 21:03:11.626430
case_611,b,2025-02-24 19:28:11.626460
case_611,c,2025-02-24 19:33:11.626460
case_611,b,2025-02-24 19:38:11.626460
case_611,a,2025-02-24 19:43:11.626460
case_611,a,2025-02-24 19:48:11.626460
case_611,b,2025-02-24 19:53:11.626460
case_611,c,2025-02-24 19:58:11.626460
case_611,a,2025-02-24 20:03:11.626460
case_611,b,2025-02-24 20:08:11.626460
case_611,c,2025-02-24 20:13:11.626460
case_611,c,2025-02-24 20:18:11.626460
case_611,c,2025-02-24 20:23:11.626460
case_611,c,2025-02-24 20:28:11.626460
case_611,a,2025-02-24 20:33:11.626460
case_611,c,2025-02-24 20:38:11.626460
case_611,c,2025-02-24 20:43:11.626460
case_611,b,2025-02-24 20:48:11.626460
case_611,b,2025-02-24 20:53:11.626460
case_611,b,2025-02-24 20:58:11.626460
case_611,b,2025-02-24 21:03:11.626460
case_612,a,2025-02-24 19:28:11.626489
case_612,a,2025-02-24 19:33:11.626489
case_612,c,2025-02-24 19:38:11.626489
case_612,a,2025-02-24 19:43:11.626489
case_612,b,2025-02-24 19:48:11.626489
case_612,b,2025-02-24 19:53:11.626489
case_612,b,2025-02-24 19:58:11.626489
case_612,b,2025-02-24 20:03:11.626489
case_612,b,2025-02-24 20:08:11.626489
case_612,b,2025-02-24 20:13:11.626489
case_612,a,2025-02-24 20:18:11.626489
case_612,b,2025-02-24 20:23:11.626489
case_612,a,2025-02-24 20:28:11.626489
case_612,a,2025-02-24 20:33:11.626489
case_612,a,2025-02-24 20:38:11.626489
case_612,b,2025-02-24 20:43:11.626489
case_612,b,2025-02-24 20:48:11.626489
case_612,c,2025-02-24 20:53:11.626489
case_612,c,2025-02-24 20:58:11.626489
case_612,c,2025-02-24 21:03:11.626489
case_613,a,2025-02-24 19:28:11.626519
case_613,a,2025-02-24 19:33:11.626519
case_613,a,2025-02-24 19:38:11.626519
case_613,a,2025-02-24 19:43:11.626519
case_613,b,2025-02-24 19:48:11.626519
case_613,b,2025-02-24 19:53:11.626519
case_613,a,2025-02-24 19:58:11.626519
case_613,b,2025-02-24 20:03:11.626519
case_613,a,2025-02-24 20:08:11.626519
case_613,c,2025-02-24 20:13:11.626519
case_613,b,2025-02-24 20:18:11.626519
case_613,a,2025-02-24 20:23:11.626519
case_613,c,2025-02-24 20:28:11.626519
case_613,a,2025-02-24 20:33:11.626519
case_613,b,2025-02-24 20:38:11.626519
case_613,c,2025-02-24 20:43:11.626519
case_613,c,2025-02-24 20:48:11.626519
case_613,b,2025-02-24 20:53:11.626519
case_613,a,2025-02-24 20:58:11.626519
case_613,c,2025-02-24 21:03:11.626519
case_614,b,2025-02-24 19:28:11.626548
case_614,c,2025-02-24 19:33:11.626548
case_614,c,2025-02-24 19:38:11.626548
case_614,b,2025-02-24 19:43:11.626548
case_614,b,2025-02-24 19:48:11.626548
case_614,a,2025-02-24 19:53:11.626548
case_614,c,2025-02-24 19:58:11.626548
case_614,c,2025-02-24 20:03:11.626548
case_614,b,2025-02-24 20:08:11.626548
case_614,b,2025-02-24 20:13:11.626548
case_614,c,2025-02-24 20:18:11.626548
case_614,b,2025-02-24 20:23:11.626548
case_614,a,2025-02-24 20:28:11.626548
case_614,c,2025-02-24 20:33:11.626548
case_614,a,2025-02-24 20:38:11.626548
case_614,c,2025-02-24 20:43:11.626548
case_614,b,2025-02-24 20:48:11.626548
case_614,b,2025-02-24 20:53:11.626548
case_614,a,2025-02-24 20:58:11.626548
case_614,c,2025-02-24 21:03:11.626548
case_615,a,2025-02-24 19:28:11.626578
case_615,c,2025-02-24 19:33:11.626578
case_615,b,2025-02-24 19:38:11.626578
case_615,b,2025-02-24 19:43:11.626578
case_615,a,2025-02-24 19:48:11.626578
case_615,a,2025-02-24 19:53:11.626578
case_615,c,2025-02-24 19:58:11.626578
case_615,c,2025-02-24 20:03:11.626578
case_615,b,2025-02-24 20:08:11.626578
case_615,c,2025-02-24 20:13:11.626578
case_615,c,2025-02-24 20:18:11.626578
case_615,b,2025-02-24 20:23:11.626578
case_615,b,2025-02-24 20:28:11.626578
case_615,c,2025-02-24 20:33:11.626578
case_615,b,2025-02-24 20:38:11.626578
case_615,c,2025-02-24 20:43:11.626578
case_615,c,2025-02-24 20:48:11.626578
case_615,c,2025-02-24 20:53:11.626578
case_615,b,2025-02-24 20:58:11.626578
case_615,c,2025-02-24 21:03:11.626578
case_616,a,2025-02-24 19:28:11.626608
case_616,b,2025-02-24 19:33:11.626608
case_616,b,2025-02-24 19:38:11.626608
case_616,a,2025-02-24 19:43:11.626608
case_616,a,2025-02-24 19:48:11.626608
case_616,b,2025-02-24 19:53:11.626608
case_616,b,2025-02-24 19:58:11.626608
case_616,b,2025-02-24 20:03:11.626608
case_616,a,2025-02-24 20:08:11.626608
case_616,b,2025-02-24 20:13:11.626608
case_616,b,2025-02-24 20:18:11.626608
case_616,c,2025-02-24 20:23:11.626608
case_616,a,2025-02-24 20:28:11.626608
case_616,a,2025-02-24 20:33:11.626608
case_616,a,2025-02-24 20:38:11.626608
case_616,c,2025-02-24 20:43:11.626608
case_616,c,2025-02-24 20:48:11.626608
case_616,b,2025-02-24 20:53:11.626608
case_616,a,2025-02-24 20:58:11.626608
case_616,a,2025-02-24 21:03:11.626608
case_617,a,2025-02-24 19:28:11.626637
case_617,c,2025-02-24 19:33:11.626637
case_617,b,2025-02-24 19:38:11.626637
case_617,c,2025-02-24 19:43:11.626637
case_617,b,2025-02-24 19:48:11.626637
case_617,b,2025-02-24 19:53:11.626637
case_617,b,2025-02-24 19:58:11.626637
case_617,a,2025-02-24 20:03:11.626637
case_617,a,2025-02-24 20:08:11.626637
case_617,c,2025-02-24 20:13:11.626637
case_617,a,2025-02-24 20:18:11.626637
case_617,a,2025-02-24 20:23:11.626637
case_617,c,2025-02-24 20:28:11.626637
case_617,b,2025-02-24 20:33:11.626637
case_617,a,2025-02-24 20:38:11.626637
case_617,c,2025-02-24 20:43:11.626637
case_617,b,2025-02-24 20:48:11.626637
case_617,c,2025-02-24 20:53:11.626637
case_617,a,2025-02-24 20:58:11.626637
case_617,b,2025-02-24 21:03:11.626637
case_618,a,2025-02-24 19:28:11.626667
case_618,c,2025-02-24 19:33:11.626667
case_618,b,2025-02-24 19:38:11.626667
case_618,b,2025-02-24 19:43:11.626667
case_618,a,2025-02-24 19:48:11.626667
case_618,b,2025-02-24 19:53:11.626667
case_618,b,2025-02-24 19:58:11.626667
case_618,a,2025-02-24 20:03:11.626667
case_618,b,2025-02-24 20:08:11.626667
case_618,c,2025-02-24 20:13:11.626667
case_618,a,2025-02-24 20:18:11.626667
case_618,c,2025-02-24 20:23:11.626667
case_618,a,2025-02-24 20:28:11.626667
case_618,c,2025-02-24 20:33:11.626667
case_618,c,2025-02-24 20:38:11.626667
case_618,b,2025-02-24 20:43:11.626667
case_618,b,2025-02-24 20:48:11.626667
case_618,c,2025-02-24 20:53:11.626667
case_618,a,2025-02-24 20:58:11.626667
case_618,a,2025-02-24 21:03:11.626667
case_619,b,2025-02-24 19:28:11.626696
case_619,b,2025-02-24 19:33:11.626696
case_619,a,2025-02-24 19:38:11.626696
case_619,a,2025-02-24 19:43:11.626696
case_619,a,2025-02-24 19:48:11.626696
case_619,a,2025-02-24 19:53:11.626696
case_619,c,2025-02-24 19:58:11.626696
case_619,a,2025-02-24 20:03:11.626696
case_619,a,2025-02-24 20:08:11.626696
case_619,b,2025-02-24 20:13:11.626696
case_619,b,2025-02-24 20:18:11.626696
case_619,a,2025-02-24 20:23:11.626696
case_619,b,2025-02-24 20:28:11.626696
case_619,b,2025-02-24 20:33:11.626696
case_619,c,2025-02-24 20:38:11.626696
case_619,c,2025-02-24 20:43:11.626696
case_619,c,2025-02-24 20:48:11.626696
case_619,a,2025-02-24 20:53:11.626696
case_619,c,2025-02-24 20:58:11.626696
case_619,a,2025-02-24 21:03:11.626696
case_620,b,2025-02-24 19:28:11.626726
case_620,b,2025-02-24 19:33:11.626726
case_620,a,2025-02-24 19:38:11.626726
case_620,c,2025-02-24 19:43:11.626726
case_620,c,2025-02-24 19:48:11.626726
case_620,c,2025-02-24 19:53:11.626726
case_620,c,2025-02-24 19:58:11.626726
case_620,c,2025-02-24 20:03:11.626726
case_620,b,2025-02-24 20:08:11.626726
case_620,c,2025-02-24 20:13:11.626726
case_620,c,2025-02-24 20:18:11.626726
case_620,c,2025-02-24 20:23:11.626726
case_620,a,2025-02-24 20:28:11.626726
case_620,a,2025-02-24 20:33:11.626726
case_620,a,2025-02-24 20:38:11.626726
case_620,c,2025-02-24 20:43:11.626726
case_620,a,2025-02-24 20:48:11.626726
case_620,a,2025-02-24 20:53:11.626726
case_620,c,2025-02-24 20:58:11.626726
case_620,b,2025-02-24 21:03:11.626726
case_621,b,2025-02-24 19:28:11.626755
case_621,b,2025-02-24 19:33:11.626755
case_621,c,2025-02-24 19:38:11.626755
case_621,a,2025-02-24 19:43:11.626755
case_621,c,2025-02-24 19:48:11.626755
case_621,a,2025-02-24 19:53:11.626755
case_621,a,2025-02-24 19:58:11.626755
case_621,c,2025-02-24 20:03:11.626755
case_621,a,2025-02-24 20:08:11.626755
case_621,a,2025-02-24 20:13:11.626755
case_621,a,2025-02-24 20:18:11.626755
case_621,b,2025-02-24 20:23:11.626755
case_621,b,2025-02-24 20:28:11.626755
case_621,a,2025-02-24 20:33:11.626755
case_621,b,2025-02-24 20:38:11.626755
case_621,a,2025-02-24 20:43:11.626755
case_621,a,2025-02-24 20:48:11.626755
case_621,a,2025-02-24 20:53:11.626755
case_621,a,2025-02-24 20:58:11.626755
case_621,b,2025-02-24 21:03:11.626755
case_622,a,2025-02-24 19:28:11.626785
case_622,c,2025-02-24 19:33:11.626785
case_622,a,2025-02-24 19:38:11.626785
case_622,b,2025-02-24 19:43:11.626785
case_622,c,2025-02-24 19:48:11.626785
case_622,a,2025-02-24 19:53:11.626785
case_622,a,2025-02-24 19:58:11.626785
case_622,a,2025-02-24 20:03:11.626785
case_622,c,2025-02-24 20:08:11.626785
case_622,c,2025-02-24 20:13:11.626785
case_622,a,2025-02-24 20:18:11.626785
case_622,a,2025-02-24 20:23:11.626785
case_622,b,2025-02-24 20:28:11.626785
case_622,b,2025-02-24 20:33:11.626785
case_622,c,2025-02-24 20:38:11.626785
case_622,b,2025-02-24 20:43:11.626785
case_622,c,2025-02-24 20:48:11.626785
case_622,b,2025-02-24 20:53:11.626785
case_622,b,2025-02-24 20:58:11.626785
case_622,b,2025-02-24 21:03:11.626785
case_623,a,2025-02-24 19:28:11.626815
case_623,a,2025-02-24 19:33:11.626815
case_623,b,2025-02-24 19:38:11.626815
case_623,c,2025-02-24 19:43:11.626815
case_623,b,2025-02-24 19:48:11.626815
case_623,a,2025-02-24 19:53:11.626815
case_623,b,2025-02-24 19:58:11.626815
case_623,b,2025-02-24 20:03:11.626815
case_623,c,2025-02-24 20:08:11.626815
case_623,c,2025-02-24 20:13:11.626815
case_623,b,2025-02-24 20:18:11.626815
case_623,c,2025-02-24 20:23:11.626815
case_623,b,2025-02-24 20:28:11.626815
case_623,c,2025-02-24 20:33:11.626815
case_623,c,2025-02-24 20:38:11.626815
case_623,b,2025-02-24 20:43:11.626815
case_623,a,2025-02-24 20:48:11.626815
case_623,c,2025-02-24 20:53:11.626815
case_623,a,2025-02-24 20:58:11.626815
case_623,b,2025-02-24 21:03:11.626815
case_624,b,2025-02-24 19:28:11.626844
case_624,b,2025-02-24 19:33:11.626844
case_624,b,2025-02-24 19:38:11.626844
case_624,b,2025-02-24 19:43:11.626844
case_624,a,2025-02-24 19:48:11.626844
case_624,c,2025-02-24 19:53:11.626844
case_624,b,2025-02-24 19:58:11.626844
case_624,b,2025-02-24 20:03:11.626844
case_624,c,2025-02-24 20:08:11.626844
case_624,b,2025-02-24 20:13:11.626844
case_624,a,2025-02-24 20:18:11.626844
case_624,a,2025-02-24 20:23:11.626844
case_624,c,2025-02-24 20:28:11.626844
case_624,b,2025-02-24 20:33:11.626844
case_624,c,2025-02-24 20:38:11.626844
case_624,c,2025-02-24 20:43:11.626844
case_624,a,2025-02-24 20:48:11.626844
case_624,c,2025-02-24 20:53:11.626844
case_624,b,2025-02-24 20:58:11.626844
case_624,c,2025-02-24 21:03:11.626844
case_625,a,2025-02-24 19:28:11.626873
case_625,a,2025-02-24 19:33:11.626873
case_625,a,2025-02-24 19:38:11.626873
case_625,b,2025-02-24 19:43:11.626873
case_625,c,2025-02-24 19:48:11.626873
case_625,c,2025-02-24 19:53:11.626873
case_625,a,2025-02-24 19:58:11.626873
case_625,b,2025-02-24 20:03:11.626873
case_625,a,2025-02-24 20:08:11.626873
case_625,b,2025-02-24 20:13:11.626873
case_625,c,2025-02-24 20:18:11.626873
case_625,c,2025-02-24 20:23:11.626873
case_625,b,2025-02-24 20:28:11.626873
case_625,a,2025-02-24 20:33:11.626873
case_625,b,2025-02-24 20:38:11.626873
case_625,b,2025-02-24 20:43:11.626873
case_625,a,2025-02-24 20:48:11.626873
case_625,c,2025-02-24 20:53:11.626873
case_625,b,2025-02-24 20:58:11.626873
case_625,a,2025-02-24 21:03:11.626873
case_626,a,2025-02-24 19:28:11.626902
case_626,a,2025-02-24 19:33:11.626902
case_626,a,2025-02-24 19:38:11.626902
case_626,c,2025-02-24 19:43:11.626902
case_626,b,2025-02-24 19:48:11.626902
case_626,b,2025-02-24 19:53:11.626902
case_626,c,2025-02-24 19:58:11.626902
case_626,a,2025-02-24 20:03:11.626902
case_626,c,2025-02-24 20:08:11.626902
case_626,b,2025-02-24 20:13:11.626902
case_626,b,2025-02-24 20:18:11.626902
case_626,a,2025-02-24 20:23:11.626902
case_626,c,2025-02-24 20:28:11.626902
case_626,c,2025-02-24 20:33:11.626902
case_626,a,2025-02-24 20:38:11.626902
case_626,a,2025-02-24 20:43:11.626902
case_626,b,2025-02-24 20:48:11.626902
case_626,a,2025-02-24 20:53:11.626902
case_626,a,2025-02-24 20:58:11.626902
case_626,c,2025-02-24 21:03:11.626902
case_627,b,2025-02-24 19:28:11.626932
case_627,c,2025-02-24 19:33:11.626932
case_627,c,2025-02-24 19:38:11.626932
case_627,b,2025-02-24 19:43:11.626932
case_627,b,2025-02-24 19:48:11.626932
case_627,b,2025-02-24 19:53:11.626932
case_627,c,2025-02-24 19:58:11.626932
case_627,c,2025-02-24 20:03:11.626932
case_627,a,2025-02-24 20:08:11.626932
case_627,b,2025-02-24 20:13:11.626932
case_627,b,2025-02-24 20:18:11.626932
case_627,a,2025-02-24 20:23:11.626932
case_627,c,2025-02-24 20:28:11.626932
case_627,a,2025-02-24 20:33:11.626932
case_627,b,2025-02-24 20:38:11.626932
case_627,b,2025-02-24 20:43:11.626932
case_627,a,2025-02-24 20:48:11.626932
case_627,c,2025-02-24 20:53:11.626932
case_627,b,2025-02-24 20:58:11.626932
case_627,b,2025-02-24 21:03:11.626932
case_628,b,2025-02-24 19:28:11.626961
case_628,a,2025-02-24 19:33:11.626961
case_628,a,2025-02-24 19:38:11.626961
case_628,c,2025-02-24 19:43:11.626961
case_628,a,2025-02-24 19:48:11.626961
case_628,b,2025-02-24 19:53:11.626961
case_628,b,2025-02-24 19:58:11.626961
case_628,b,2025-02-24 20:03:11.626961
case_628,b,2025-02-24 20:08:11.626961
case_628,c,2025-02-24 20:13:11.626961
case_628,b,2025-02-24 20:18:11.626961
case_628,c,2025-02-24 20:23:11.626961
case_628,a,2025-02-24 20:28:11.626961
case_628,a,2025-02-24 20:33:11.626961
case_628,c,2025-02-24 20:38:11.626961
case_628,c,2025-02-24 20:43:11.626961
case_628,a,2025-02-24 20:48:11.626961
case_628,a,2025-02-24 20:53:11.626961
case_628,c,2025-02-24 20:58:11.626961
case_628,a,2025-02-24 21:03:11.626961
case_629,b,2025-02-24 19:28:11.626991
case_629,b,2025-02-24 19:33:11.626991
case_629,c,2025-02-24 19:38:11.626991
case_629,a,2025-02-24 19:43:11.626991
case_629,a,2025-02-24 19:48:11.626991
case_629,b,2025-02-24 19:53:11.626991
case_629,a,2025-02-24 19:58:11.626991
case_629,a,2025-02-24 20:03:11.626991
case_629,b,2025-02-24 20:08:11.626991
case_629,c,2025-02-24 20:13:11.626991
case_629,a,2025-02-24 20:18:11.626991
case_629,b,2025-02-24 20:23:11.626991
case_629,b,2025-02-24 20:28:11.626991
case_629,a,2025-02-24 20:33:11.626991
case_629,a,2025-02-24 20:38:11.626991
case_629,b,2025-02-24 20:43:11.626991
case_629,c,2025-02-24 20:48:11.626991
case_629,b,2025-02-24 20:53:11.626991
case_629,c,2025-02-24 20:58:11.626991
case_629,b,2025-02-24 21:03:11.626991
case_630,a,2025-02-24 19:28:11.627021
case_630,a,2025-02-24 19:33:11.627021
case_630,a,2025-02-24 19:38:11.627021
case_630,b,2025-02-24 19:43:11.627021
case_630,a,2025-02-24 19:48:11.627021
case_630,b,2025-02-24 19:53:11.627021
case_630,b,2025-02-24 19:58:11.627021
case_630,b,2025-02-24 20:03:11.627021
case_630,c,2025-02-24 20:08:11.627021
case_630,c,2025-02-24 20:13:11.627021
case_630,b,2025-02-24 20:18:11.627021
case_630,c,2025-02-24 20:23:11.627021
case_630,c,2025-02-24 20:28:11.627021
case_630,a,2025-02-24 20:33:11.627021
case_630,b,2025-02-24 20:38:11.627021
case_630,a,2025-02-24 20:43:11.627021
case_630,c,2025-02-24 20:48:11.627021
case_630,c,2025-02-24 20:53:11.627021
case_630,a,2025-02-24 20:58:11.627021
case_630,c,2025-02-24 21:03:11.627021
case_631,a,2025-02-24 19:28:11.627050
case_631,c,2025-02-24 19:33:11.627050
case_631,c,2025-02-24 19:38:11.627050
case_631,a,2025-02-24 19:43:11.627050
case_631,a,2025-02-24 19:48:11.627050
case_631,b,2025-02-24 19:53:11.627050
case_631,b,2025-02-24 19:58:11.627050
case_631,c,2025-02-24 20:03:11.627050
case_631,a,2025-02-24 20:08:11.627050
case_631,a,2025-02-24 20:13:11.627050
case_631,b,2025-02-24 20:18:11.627050
case_631,a,2025-02-24 20:23:11.627050
case_631,a,2025-02-24 20:28:11.627050
case_631,a,2025-02-24 20:33:11.627050
case_631,b,2025-02-24 20:38:11.627050
case_631,c,2025-02-24 20:43:11.627050
case_631,b,2025-02-24 20:48:11.627050
case_631,a,2025-02-24 20:53:11.627050
case_631,a,2025-02-24 20:58:11.627050
case_631,c,2025-02-24 21:03:11.627050
case_632,b,2025-02-24 19:28:11.627080
case_632,b,2025-02-24 19:33:11.627080
case_632,c,2025-02-24 19:38:11.627080
case_632,b,2025-02-24 19:43:11.627080
case_632,a,2025-02-24 19:48:11.627080
case_632,a,2025-02-24 19:53:11.627080
case_632,b,2025-02-24 19:58:11.627080
case_632,c,2025-02-24 20:03:11.627080
case_632,a,2025-02-24 20:08:11.627080
case_632,a,2025-02-24 20:13:11.627080
case_632,b,2025-02-24 20:18:11.627080
case_632,c,2025-02-24 20:23:11.627080
case_632,a,2025-02-24 20:28:11.627080
case_632,a,2025-02-24 20:33:11.627080
case_632,a,2025-02-24 20:38:11.627080
case_632,a,2025-02-24 20:43:11.627080
case_632,b,2025-02-24 20:48:11.627080
case_632,a,2025-02-24 20:53:11.627080
case_632,c,2025-02-24 20:58:11.627080
case_632,b,2025-02-24 21:03:11.627080
case_633,a,2025-02-24 19:28:11.627109
case_633,a,2025-02-24 19:33:11.627109
case_633,c,2025-02-24 19:38:11.627109
case_633,b,2025-02-24 19:43:11.627109
case_633,a,2025-02-24 19:48:11.627109
case_633,b,2025-02-24 19:53:11.627109
case_633,a,2025-02-24 19:58:11.627109
case_633,a,2025-02-24 20:03:11.627109
case_633,b,2025-02-24 20:08:11.627109
case_633,b,2025-02-24 20:13:11.627109
case_633,a,2025-02-24 20:18:11.627109
case_633,b,2025-02-24 20:23:11.627109
case_633,c,2025-02-24 20:28:11.627109
case_633,b,2025-02-24 20:33:11.627109
case_633,c,2025-02-24 20:38:11.627109
case_633,b,2025-02-24 20:43:11.627109
case_633,c,2025-02-24 20:48:11.627109
case_633,c,2025-02-24 20:53:11.627109
case_633,a,2025-02-24 20:58:11.627109
case_633,b,2025-02-24 21:03:11.627109
case_634,a,2025-02-24 19:28:11.627139
case_634,c,2025-02-24 19:33:11.627139
case_634,a,2025-02-24 19:38:11.627139
case_634,b,2025-02-24 19:43:11.627139
case_634,b,2025-02-24 19:48:11.627139
case_634,a,2025-02-24 19:53:11.627139
case_634,a,2025-02-24 19:58:11.627139
case_634,b,2025-02-24 20:03:11.627139
case_634,c,2025-02-24 20:08:11.627139
case_634,a,2025-02-24 20:13:11.627139
case_634,c,2025-02-24 20:18:11.627139
case_634,c,2025-02-24 20:23:11.627139
case_634,a,2025-02-24 20:28:11.627139
case_634,a,2025-02-24 20:33:11.627139
case_634,c,2025-02-24 20:38:11.627139
case_634,c,2025-02-24 20:43:11.627139
case_634,c,2025-02-24 20:48:11.627139
case_634,a,2025-02-24 20:53:11.627139
case_634,c,2025-02-24 20:58:11.627139
case_634,a,2025-02-24 21:03:11.627139
case_635,a,2025-02-24 19:28:11.627169
case_635,b,2025-02-24 19:33:11.627169
case_635,b,2025-02-24 19:38:11.627169
case_635,a,2025-02-24 19:43:11.627169
case_635,b,2025-02-24 19:48:11.627169
case_635,b,2025-02-24 19:53:11.627169
case_635,b,2025-02-24 19:58:11.627169
case_635,b,2025-02-24 20:03:11.627169
case_635,c,2025-02-24 20:08:11.627169
case_635,c,2025-02-24 20:13:11.627169
case_635,a,2025-02-24 20:18:11.627169
case_635,b,2025-02-24 20:23:11.627169
case_635,c,2025-02-24 20:28:11.627169
case_635,b,2025-02-24 20:33:11.627169
case_635,c,2025-02-24 20:38:11.627169
case_635,b,2025-02-24 20:43:11.627169
case_635,c,2025-02-24 20:48:11.627169
case_635,b,2025-02-24 20:53:11.627169
case_635,c,2025-02-24 20:58:11.627169
case_635,b,2025-02-24 21:03:11.627169
case_636,b,2025-02-24 19:28:11.627198
case_636,b,2025-02-24 19:33:11.627198
case_636,a,2025-02-24 19:38:11.627198
case_636,c,2025-02-24 19:43:11.627198
case_636,b,2025-02-24 19:48:11.627198
case_636,c,2025-02-24 19:53:11.627198
case_636,b,2025-02-24 19:58:11.627198
case_636,b,2025-02-24 20:03:11.627198
case_636,c,2025-02-24 20:08:11.627198
case_636,c,2025-02-24 20:13:11.627198
case_636,b,2025-02-24 20:18:11.627198
case_636,b,2025-02-24 20:23:11.627198
case_636,a,2025-02-24 20:28:11.627198
case_636,a,2025-02-24 20:33:11.627198
case_636,c,2025-02-24 20:38:11.627198
case_636,c,2025-02-24 20:43:11.627198
case_636,b,2025-02-24 20:48:11.627198
case_636,a,2025-02-24 20:53:11.627198
case_636,a,2025-02-24 20:58:11.627198
case_636,b,2025-02-24 21:03:11.627198
case_637,a,2025-02-24 19:28:11.627227
case_637,a,2025-02-24 19:33:11.627227
case_637,c,2025-02-24 19:38:11.627227
case_637,a,2025-02-24 19:43:11.627227
case_637,c,2025-02-24 19:48:11.627227
case_637,c,2025-02-24 19:53:11.627227
case_637,c,2025-02-24 19:58:11.627227
case_637,c,2025-02-24 20:03:11.627227
case_637,a,2025-02-24 20:08:11.627227
case_637,a,2025-02-24 20:13:11.627227
case_637,c,2025-02-24 20:18:11.627227
case_637,c,2025-02-24 20:23:11.627227
case_637,c,2025-02-24 20:28:11.627227
case_637,b,2025-02-24 20:33:11.627227
case_637,a,2025-02-24 20:38:11.627227
case_637,c,2025-02-24 20:43:11.627227
case_637,c,2025-02-24 20:48:11.627227
case_637,a,2025-02-24 20:53:11.627227
case_637,c,2025-02-24 20:58:11.627227
case_637,b,2025-02-24 21:03:11.627227
case_638,b,2025-02-24 19:28:11.627256
case_638,b,2025-02-24 19:33:11.627256
case_638,b,2025-02-24 19:38:11.627256
case_638,a,2025-02-24 19:43:11.627256
case_638,a,2025-02-24 19:48:11.627256
case_638,c,2025-02-24 19:53:11.627256
case_638,a,2025-02-24 19:58:11.627256
case_638,b,2025-02-24 20:03:11.627256
case_638,a,2025-02-24 20:08:11.627256
case_638,b,2025-02-24 20:13:11.627256
case_638,c,2025-02-24 20:18:11.627256
case_638,c,2025-02-24 20:23:11.627256
case_638,c,2025-02-24 20:28:11.627256
case_638,c,2025-02-24 20:33:11.627256
case_638,b,2025-02-24 20:38:11.627256
case_638,c,2025-02-24 20:43:11.627256
case_638,c,2025-02-24 20:48:11.627256
case_638,c,2025-02-24 20:53:11.627256
case_638,a,2025-02-24 20:58:11.627256
case_638,c,2025-02-24 21:03:11.627256
case_639,a,2025-02-24 19:28:11.627286
case_639,a,2025-02-24 19:33:11.627286
case_639,b,2025-02-24 19:38:11.627286
case_639,b,2025-02-24 19:43:11.627286
case_639,b,2025-02-24 19:48:11.627286
case_639,c,2025-02-24 19:53:11.627286
case_639,a,2025-02-24 19:58:11.627286
case_639,a,2025-02-24 20:03:11.627286
case_639,b,2025-02-24 20:08:11.627286
case_639,b,2025-02-24 20:13:11.627286
case_639,c,2025-02-24 20:18:11.627286
case_639,a,2025-02-24 20:23:11.627286
case_639,a,2025-02-24 20:28:11.627286
case_639,a,2025-02-24 20:33:11.627286
case_639,a,2025-02-24 20:38:11.627286
case_639,a,2025-02-24 20:43:11.627286
case_639,a,2025-02-24 20:48:11.627286
case_639,a,2025-02-24 20:53:11.627286
case_639,c,2025-02-24 20:58:11.627286
case_639,a,2025-02-24 21:03:11.627286
case_640,a,2025-02-24 19:28:11.627315
case_640,b,2025-02-24 19:33:11.627315
case_640,a,2025-02-24 19:38:11.627315
case_640,a,2025-02-24 19:43:11.627315
case_640,b,2025-02-24 19:48:11.627315
case_640,a,2025-02-24 19:53:11.627315
case_640,a,2025-02-24 19:58:11.627315
case_640,b,2025-02-24 20:03:11.627315
case_640,a,2025-02-24 20:08:11.627315
case_640,b,2025-02-24 20:13:11.627315
case_640,b,2025-02-24 20:18:11.627315
case_640,c,2025-02-24 20:23:11.627315
case_640,a,2025-02-24 20:28:11.627315
case_640,a,2025-02-24 20:33:11.627315
case_640,b,2025-02-24 20:38:11.627315
case_640,b,2025-02-24 20:43:11.627315
case_640,b,2025-02-24 20:48:11.627315
case_640,b,2025-02-24 20:53:11.627315
case_640,a,2025-02-24 20:58:11.627315
case_640,a,2025-02-24 21:03:11.627315
case_641,a,2025-02-24 19:28:11.627346
case_641,a,2025-02-24 19:33:11.627346
case_641,a,2025-02-24 19:38:11.627346
case_641,c,2025-02-24 19:43:11.627346
case_641,c,2025-02-24 19:48:11.627346
case_641,a,2025-02-24 19:53:11.627346
case_641,c,2025-02-24 19:58:11.627346
case_641,b,2025-02-24 20:03:11.627346
case_641,b,2025-02-24 20:08:11.627346
case_641,a,2025-02-24 20:13:11.627346
case_641,b,2025-02-24 20:18:11.627346
case_641,b,2025-02-24 20:23:11.627346
case_641,c,2025-02-24 20:28:11.627346
case_641,a,2025-02-24 20:33:11.627346
case_641,b,2025-02-24 20:38:11.627346
case_641,a,2025-02-24 20:43:11.627346
case_641,b,2025-02-24 20:48:11.627346
case_641,b,2025-02-24 20:53:11.627346
case_641,c,2025-02-24 20:58:11.627346
case_641,b,2025-02-24 21:03:11.627346
case_642,a,2025-02-24 19:28:11.627376
case_642,b,2025-02-24 19:33:11.627376
case_642,a,2025-02-24 19:38:11.627376
case_642,a,2025-02-24 19:43:11.627376
case_642,a,2025-02-24 19:48:11.627376
case_642,a,2025-02-24 19:53:11.627376
case_642,a,2025-02-24 19:58:11.627376
case_642,c,2025-02-24 20:03:11.627376
case_642,b,2025-02-24 20:08:11.627376
case_642,c,2025-02-24 20:13:11.627376
case_642,a,2025-02-24 20:18:11.627376
case_642,a,2025-02-24 20:23:11.627376
case_642,c,2025-02-24 20:28:11.627376
case_642,b,2025-02-24 20:33:11.627376
case_642,a,2025-02-24 20:38:11.627376
case_642,c,2025-02-24 20:43:11.627376
case_642,b,2025-02-24 20:48:11.627376
case_642,c,2025-02-24 20:53:11.627376
case_642,a,2025-02-24 20:58:11.627376
case_642,c,2025-02-24 21:03:11.627376
case_643,b,2025-02-24 19:28:11.627405
case_643,c,2025-02-24 19:33:11.627405
case_643,b,2025-02-24 19:38:11.627405
case_643,c,2025-02-24 19:43:11.627405
case_643,a,2025-02-24 19:48:11.627405
case_643,c,2025-02-24 19:53:11.627405
case_643,a,2025-02-24 19:58:11.627405
case_643,a,2025-02-24 20:03:11.627405
case_643,a,2025-02-24 20:08:11.627405
case_643,a,2025-02-24 20:13:11.627405
case_643,c,2025-02-24 20:18:11.627405
case_643,a,2025-02-24 20:23:11.627405
case_643,a,2025-02-24 20:28:11.627405
case_643,b,2025-02-24 20:33:11.627405
case_643,a,2025-02-24 20:38:11.627405
case_643,a,2025-02-24 20:43:11.627405
case_643,a,2025-02-24 20:48:11.627405
case_643,c,2025-02-24 20:53:11.627405
case_643,a,2025-02-24 20:58:11.627405
case_643,b,2025-02-24 21:03:11.627405
case_644,b,2025-02-24 19:28:11.627435
case_644,c,2025-02-24 19:33:11.627435
case_644,b,2025-02-24 19:38:11.627435
case_644,c,2025-02-24 19:43:11.627435
case_644,a,2025-02-24 19:48:11.627435
case_644,c,2025-02-24 19:53:11.627435
case_644,a,2025-02-24 19:58:11.627435
case_644,c,2025-02-24 20:03:11.627435
case_644,a,2025-02-24 20:08:11.627435
case_644,c,2025-02-24 20:13:11.627435
case_644,a,2025-02-24 20:18:11.627435
case_644,a,2025-02-24 20:23:11.627435
case_644,c,2025-02-24 20:28:11.627435
case_644,c,2025-02-24 20:33:11.627435
case_644,a,2025-02-24 20:38:11.627435
case_644,b,2025-02-24 20:43:11.627435
case_644,a,2025-02-24 20:48:11.627435
case_644,b,2025-02-24 20:53:11.627435
case_644,b,2025-02-24 20:58:11.627435
case_644,c,2025-02-24 21:03:11.627435
case_645,b,2025-02-24 19:28:11.627464
case_645,c,2025-02-24 19:33:11.627464
case_645,a,2025-02-24 19:38:11.627464
case_645,c,2025-02-24 19:43:11.627464
case_645,a,2025-02-24 19:48:11.627464
case_645,c,2025-02-24 19:53:11.627464
case_645,a,2025-02-24 19:58:11.627464
case_645,c,2025-02-24 20:03:11.627464
case_645,c,2025-02-24 20:08:11.627464
case_645,b,2025-02-24 20:13:11.627464
case_645,b,2025-02-24 20:18:11.627464
case_645,b,2025-02-24 20:23:11.627464
case_645,b,2025-02-24 20:28:11.627464
case_645,a,2025-02-24 20:33:11.627464
case_645,a,2025-02-24 20:38:11.627464
case_645,b,2025-02-24 20:43:11.627464
case_645,a,2025-02-24 20:48:11.627464
case_645,b,2025-02-24 20:53:11.627464
case_645,b,2025-02-24 20:58:11.627464
case_645,b,2025-02-24 21:03:11.627464
case_646,a,2025-02-24 19:28:11.627494
case_646,a,2025-02-24 19:33:11.627494
case_646,b,2025-02-24 19:38:11.627494
case_646,c,2025-02-24 19:43:11.627494
case_646,b,2025-02-24 19:48:11.627494
case_646,a,2025-02-24 19:53:11.627494
case_646,a,2025-02-24 19:58:11.627494
case_646,b,2025-02-24 20:03:11.627494
case_646,b,2025-02-24 20:08:11.627494
case_646,b,2025-02-24 20:13:11.627494
case_646,c,2025-02-24 20:18:11.627494
case_646,c,2025-02-24 20:23:11.627494
case_646,a,2025-02-24 20:28:11.627494
case_646,a,2025-02-24 20:33:11.627494
case_646,c,2025-02-24 20:38:11.627494
case_646,b,2025-02-24 20:43:11.627494
case_646,a,2025-02-24 20:48:11.627494
case_646,b,2025-02-24 20:53:11.627494
case_646,c,2025-02-24 20:58:11.627494
case_646,a,2025-02-24 21:03:11.627494
case_647,a,2025-02-24 19:28:11.627524
case_647,c,2025-02-24 19:33:11.627524
case_647,a,2025-02-24 19:38:11.627524
case_647,b,2025-02-24 19:43:11.627524
case_647,a,2025-02-24 19:48:11.627524
case_647,b,2025-02-24 19:53:11.627524
case_647,a,2025-02-24 19:58:11.627524
case_647,b,2025-02-24 20:03:11.627524
case_647,c,2025-02-24 20:08:11.627524
case_647,c,2025-02-24 20:13:11.627524
case_647,a,2025-02-24 20:18:11.627524
case_647,b,2025-02-24 20:23:11.627524
case_647,c,2025-02-24 20:28:11.627524
case_647,a,2025-02-24 20:33:11.627524
case_647,b,2025-02-24 20:38:11.627524
case_647,b,2025-02-24 20:43:11.627524
case_647,c,2025-02-24 20:48:11.627524
case_647,a,2025-02-24 20:53:11.627524
case_647,a,2025-02-24 20:58:11.627524
case_647,c,2025-02-24 21:03:11.627524
case_648,b,2025-02-24 19:28:11.627553
case_648,b,2025-02-24 19:33:11.627553
case_648,c,2025-02-24 19:38:11.627553
case_648,a,2025-02-24 19:43:11.627553
case_648,a,2025-02-24 19:48:11.627553
case_648,a,2025-02-24 19:53:11.627553
case_648,a,2025-02-24 19:58:11.627553
case_648,c,2025-02-24 20:03:11.627553
case_648,a,2025-02-24 20:08:11.627553
case_648,a,2025-02-24 20:13:11.627553
case_648,c,2025-02-24 20:18:11.627553
case_648,a,2025-02-24 20:23:11.627553
case_648,c,2025-02-24 20:28:11.627553
case_648,a,2025-02-24 20:33:11.627553
case_648,c,2025-02-24 20:38:11.627553
case_648,a,2025-02-24 20:43:11.627553
case_648,b,2025-02-24 20:48:11.627553
case_648,b,2025-02-24 20:53:11.627553
case_648,a,2025-02-24 20:58:11.627553
case_648,a,2025-02-24 21:03:11.627553
case_649,a,2025-02-24 19:28:11.627583
case_649,b,2025-02-24 19:33:11.627583
case_649,b,2025-02-24 19:38:11.627583
case_649,c,2025-02-24 19:43:11.627583
case_649,b,2025-02-24 19:48:11.627583
case_649,c,2025-02-24 19:53:11.627583
case_649,a,2025-02-24 19:58:11.627583
case_649,b,2025-02-24 20:03:11.627583
case_649,c,2025-02-24 20:08:11.627583
case_649,b,2025-02-24 20:13:11.627583
case_649,c,2025-02-24 20:18:11.627583
case_649,b,2025-02-24 20:23:11.627583
case_649,a,2025-02-24 20:28:11.627583
case_649,c,2025-02-24 20:33:11.627583
case_649,c,2025-02-24 20:38:11.627583
case_649,b,2025-02-24 20:43:11.627583
case_649,a,2025-02-24 20:48:11.627583
case_649,a,2025-02-24 20:53:11.627583
case_649,b,2025-02-24 20:58:11.627583
case_649,b,2025-02-24 21:03:11.627583
case_650,b,2025-02-24 19:28:11.627612
case_650,c,2025-02-24 19:33:11.627612
case_650,b,2025-02-24 19:38:11.627612
case_650,c,2025-02-24 19:43:11.627612
case_650,c,2025-02-24 19:48:11.627612
case_650,a,2025-02-24 19:53:11.627612
case_650,b,2025-02-24 19:58:11.627612
case_650,a,2025-02-24 20:03:11.627612
case_650,a,2025-02-24 20:08:11.627612
case_650,a,2025-02-24 20:13:11.627612
case_650,a,2025-02-24 20:18:11.627612
case_650,b,2025-02-24 20:23:11.627612
case_650,c,2025-02-24 20:28:11.627612
case_650,b,2025-02-24 20:33:11.627612
case_650,c,2025-02-24 20:38:11.627612
case_650,a,2025-02-24 20:43:11.627612
case_650,c,2025-02-24 20:48:11.627612
case_650,b,2025-02-24 20:53:11.627612
case_650,c,2025-02-24 20:58:11.627612
case_650,a,2025-02-24 21:03:11.627612
case_651,a,2025-02-24 19:28:11.627642
case_651,b,2025-02-24 19:33:11.627642
case_651,b,2025-02-24 19:38:11.627642
case_651,c,2025-02-24 19:43:11.627642
case_651,c,2025-02-24 19:48:11.627642
case_651,b,2025-02-24 19:53:11.627642
case_651,c,2025-02-24 19:58:11.627642
case_651,b,2025-02-24 20:03:11.627642
case_651,c,2025-02-24 20:08:11.627642
case_651,c,2025-02-24 20:13:11.627642
case_651,c,2025-02-24 20:18:11.627642
case_651,b,2025-02-24 20:23:11.627642
case_651,b,2025-02-24 20:28:11.627642
case_651,b,2025-02-24 20:33:11.627642
case_651,a,2025-02-24 20:38:11.627642
case_651,b,2025-02-24 20:43:11.627642
case_651,c,2025-02-24 20:48:11.627642
case_651,a,2025-02-24 20:53:11.627642
case_651,a,2025-02-24 20:58:11.627642
case_651,b,2025-02-24 21:03:11.627642
case_652,b,2025-02-24 19:28:11.627671
case_652,b,2025-02-24 19:33:11.627671
case_652,c,2025-02-24 19:38:11.627671
case_652,b,2025-02-24 19:43:11.627671
case_652,a,2025-02-24 19:48:11.627671
case_652,a,2025-02-24 19:53:11.627671
case_652,c,2025-02-24 19:58:11.627671
case_652,b,2025-02-24 20:03:11.627671
case_652,a,2025-02-24 20:08:11.627671
case_652,c,2025-02-24 20:13:11.627671
case_652,a,2025-02-24 20:18:11.627671
case_652,b,2025-02-24 20:23:11.627671
case_652,a,2025-02-24 20:28:11.627671
case_652,c,2025-02-24 20:33:11.627671
case_652,a,2025-02-24 20:38:11.627671
case_652,b,2025-02-24 20:43:11.627671
case_652,c,2025-02-24 20:48:11.627671
case_652,c,2025-02-24 20:53:11.627671
case_652,c,2025-02-24 20:58:11.627671
case_652,b,2025-02-24 21:03:11.627671
case_653,b,2025-02-24 19:28:11.627701
case_653,c,2025-02-24 19:33:11.627701
case_653,c,2025-02-24 19:38:11.627701
case_653,b,2025-02-24 19:43:11.627701
case_653,a,2025-02-24 19:48:11.627701
case_653,b,2025-02-24 19:53:11.627701
case_653,b,2025-02-24 19:58:11.627701
case_653,a,2025-02-24 20:03:11.627701
case_653,c,2025-02-24 20:08:11.627701
case_653,b,2025-02-24 20:13:11.627701
case_653,b,2025-02-24 20:18:11.627701
case_653,c,2025-02-24 20:23:11.627701
case_653,b,2025-02-24 20:28:11.627701
case_653,a,2025-02-24 20:33:11.627701
case_653,c,2025-02-24 20:38:11.627701
case_653,b,2025-02-24 20:43:11.627701
case_653,c,2025-02-24 20:48:11.627701
case_653,c,2025-02-24 20:53:11.627701
case_653,c,2025-02-24 20:58:11.627701
case_653,b,2025-02-24 21:03:11.627701
case_654,a,2025-02-24 19:28:11.627730
case_654,c,2025-02-24 19:33:11.627730
case_654,a,2025-02-24 19:38:11.627730
case_654,a,2025-02-24 19:43:11.627730
case_654,c,2025-02-24 19:48:11.627730
case_654,b,2025-02-24 19:53:11.627730
case_654,a,2025-02-24 19:58:11.627730
case_654,c,2025-02-24 20:03:11.627730
case_654,c,2025-02-24 20:08:11.627730
case_654,c,2025-02-24 20:13:11.627730
case_654,c,2025-02-24 20:18:11.627730
case_654,a,2025-02-24 20:23:11.627730
case_654,b,2025-02-24 20:28:11.627730
case_654,b,2025-02-24 20:33:11.627730
case_654,c,2025-02-24 20:38:11.627730
case_654,a,2025-02-24 20:43:11.627730
case_654,b,2025-02-24 20:48:11.627730
case_654,a,2025-02-24 20:53:11.627730
case_654,a,2025-02-24 20:58:11.627730
case_654,b,2025-02-24 21:03:11.627730
case_655,b,2025-02-24 19:28:11.627760
case_655,b,2025-02-24 19:33:11.627760
case_655,a,2025-02-24 19:38:11.627760
case_655,c,2025-02-24 19:43:11.627760
case_655,c,2025-02-24 19:48:11.627760
case_655,a,2025-02-24 19:53:11.627760
case_655,b,2025-02-24 19:58:11.627760
case_655,a,2025-02-24 20:03:11.627760
case_655,a,2025-02-24 20:08:11.627760
case_655,c,2025-02-24 20:13:11.627760
case_655,c,2025-02-24 20:18:11.627760
case_655,c,2025-02-24 20:23:11.627760
case_655,a,2025-02-24 20:28:11.627760
case_655,a,2025-02-24 20:33:11.627760
case_655,a,2025-02-24 20:38:11.627760
case_655,a,2025-02-24 20:43:11.627760
case_655,c,2025-02-24 20:48:11.627760
case_655,c,2025-02-24 20:53:11.627760
case_655,c,2025-02-24 20:58:11.627760
case_655,b,2025-02-24 21:03:11.627760
case_656,b,2025-02-24 19:28:11.627789
case_656,c,2025-02-24 19:33:11.627789
case_656,a,2025-02-24 19:38:11.627789
case_656,a,2025-02-24 19:43:11.627789
case_656,c,2025-02-24 19:48:11.627789
case_656,c,2025-02-24 19:53:11.627789
case_656,c,2025-02-24 19:58:11.627789
case_656,b,2025-02-24 20:03:11.627789
case_656,a,2025-02-24 20:08:11.627789
case_656,c,2025-02-24 20:13:11.627789
case_656,a,2025-02-24 20:18:11.627789
case_656,b,2025-02-24 20:23:11.627789
case_656,c,2025-02-24 20:28:11.627789
case_656,c,2025-02-24 20:33:11.627789
case_656,c,2025-02-24 20:38:11.627789
case_656,c,2025-02-24 20:43:11.627789
case_656,b,2025-02-24 20:48:11.627789
case_656,b,2025-02-24 20:53:11.627789
case_656,a,2025-02-24 20:58:11.627789
case_656,c,2025-02-24 21:03:11.627789
case_657,a,2025-02-24 19:28:11.627818
case_657,c,2025-02-24 19:33:11.627818
case_657,c,2025-02-24 19:38:11.627818
case_657,b,2025-02-24 19:43:11.627818
case_657,a,2025-02-24 19:48:11.627818
case_657,a,2025-02-24 19:53:11.627818
case_657,c,2025-02-24 19:58:11.627818
case_657,b,2025-02-24 20:03:11.627818
case_657,b,2025-02-24 20:08:11.627818
case_657,c,2025-02-24 20:13:11.627818
case_657,b,2025-02-24 20:18:11.627818
case_657,c,2025-02-24 20:23:11.627818
case_657,c,2025-02-24 20:28:11.627818
case_657,c,2025-02-24 20:33:11.627818
case_657,b,2025-02-24 20:38:11.627818
case_657,c,2025-02-24 20:43:11.627818
case_657,a,2025-02-24 20:48:11.627818
case_657,b,2025-02-24 20:53:11.627818
case_657,c,2025-02-24 20:58:11.627818
case_657,b,2025-02-24 21:03:11.627818
case_658,b,2025-02-24 19:28:11.627848
case_658,b,2025-02-24 19:33:11.627848
case_658,a,2025-02-24 19:38:11.627848
case_658,b,2025-02-24 19:43:11.627848
case_658,b,2025-02-24 19:48:11.627848
case_658,a,2025-02-24 19:53:11.627848
case_658,a,2025-02-24 19:58:11.627848
case_658,c,2025-02-24 20:03:11.627848
case_658,a,2025-02-24 20:08:11.627848
case_658,b,2025-02-24 20:13:11.627848
case_658,a,2025-02-24 20:18:11.627848
case_658,a,2025-02-24 20:23:11.627848
case_658,a,2025-02-24 20:28:11.627848
case_658,b,2025-02-24 20:33:11.627848
case_658,a,2025-02-24 20:38:11.627848
case_658,b,2025-02-24 20:43:11.627848
case_658,a,2025-02-24 20:48:11.627848
case_658,a,2025-02-24 20:53:11.627848
case_658,c,2025-02-24 20:58:11.627848
case_658,b,2025-02-24 21:03:11.627848
case_659,b,2025-02-24 19:28:11.627877
case_659,c,2025-02-24 19:33:11.627877
case_659,c,2025-02-24 19:38:11.627877
case_659,b,2025-02-24 19:43:11.627877
case_659,b,2025-02-24 19:48:11.627877
case_659,a,2025-02-24 19:53:11.627877
case_659,c,2025-02-24 19:58:11.627877
case_659,a,2025-02-24 20:03:11.627877
case_659,a,2025-02-24 20:08:11.627877
case_659,c,2025-02-24 20:13:11.627877
case_659,b,2025-02-24 20:18:11.627877
case_659,c,2025-02-24 20:23:11.627877
case_659,c,2025-02-24 20:28:11.627877
case_659,b,2025-02-24 20:33:11.627877
case_659,a,2025-02-24 20:38:11.627877
case_659,b,2025-02-24 20:43:11.627877
case_659,a,2025-02-24 20:48:11.627877
case_659,c,2025-02-24 20:53:11.627877
case_659,c,2025-02-24 20:58:11.627877
case_659,a,2025-02-24 21:03:11.627877
case_660,a,2025-02-24 19:28:11.627906
case_660,b,2025-02-24 19:33:11.627906
case_660,c,2025-02-24 19:38:11.627906
case_660,a,2025-02-24 19:43:11.627906
case_660,b,2025-02-24 19:48:11.627906
case_660,b,2025-02-24 19:53:11.627906
case_660,b,2025-02-24 19:58:11.627906
case_660,c,2025-02-24 20:03:11.627906
case_660,a,2025-02-24 20:08:11.627906
case_660,c,2025-02-24 20:13:11.627906
case_660,a,2025-02-24 20:18:11.627906
case_660,a,2025-02-24 20:23:11.627906
case_660,b,2025-02-24 20:28:11.627906
case_660,a,2025-02-24 20:33:11.627906
case_660,a,2025-02-24 20:38:11.627906
case_660,a,2025-02-24 20:43:11.627906
case_660,b,2025-02-24 20:48:11.627906
case_660,a,2025-02-24 20:53:11.627906
case_660,c,2025-02-24 20:58:11.627906
case_660,c,2025-02-24 21:03:11.627906
case_661,b,2025-02-24 19:28:11.627936
case_661,a,2025-02-24 19:33:11.627936
case_661,b,2025-02-24 19:38:11.627936
case_661,c,2025-02-24 19:43:11.627936
case_661,b,2025-02-24 19:48:11.627936
case_661,c,2025-02-24 19:53:11.627936
case_661,c,2025-02-24 19:58:11.627936
case_661,c,2025-02-24 20:03:11.627936
case_661,c,2025-02-24 20:08:11.627936
case_661,c,2025-02-24 20:13:11.627936
case_661,b,2025-02-24 20:18:11.627936
case_661,b,2025-02-24 20:23:11.627936
case_661,b,2025-02-24 20:28:11.627936
case_661,c,2025-02-24 20:33:11.627936
case_661,a,2025-02-24 20:38:11.627936
case_661,a,2025-02-24 20:43:11.627936
case_661,c,2025-02-24 20:48:11.627936
case_661,a,2025-02-24 20:53:11.627936
case_661,b,2025-02-24 20:58:11.627936
case_661,a,2025-02-24 21:03:11.627936
case_662,a,2025-02-24 19:28:11.627965
case_662,a,2025-02-24 19:33:11.627965
case_662,a,2025-02-24 19:38:11.627965
case_662,c,2025-02-24 19:43:11.627965
case_662,a,2025-02-24 19:48:11.627965
case_662,c,2025-02-24 19:53:11.627965
case_662,b,2025-02-24 19:58:11.627965
case_662,c,2025-02-24 20:03:11.627965
case_662,a,2025-02-24 20:08:11.627965
case_662,a,2025-02-24 20:13:11.627965
case_662,b,2025-02-24 20:18:11.627965
case_662,c,2025-02-24 20:23:11.627965
case_662,b,2025-02-24 20:28:11.627965
case_662,b,2025-02-24 20:33:11.627965
case_662,a,2025-02-24 20:38:11.627965
case_662,b,2025-02-24 20:43:11.627965
case_662,c,2025-02-24 20:48:11.627965
case_662,c,2025-02-24 20:53:11.627965
case_662,a,2025-02-24 20:58:11.627965
case_662,c,2025-02-24 21:03:11.627965
case_663,b,2025-02-24 19:28:11.627995
case_663,c,2025-02-24 19:33:11.627995
case_663,a,2025-02-24 19:38:11.627995
case_663,a,2025-02-24 19:43:11.627995
case_663,c,2025-02-24 19:48:11.627995
case_663,b,2025-02-24 19:53:11.627995
case_663,a,2025-02-24 19:58:11.627995
case_663,a,2025-02-24 20:03:11.627995
case_663,a,2025-02-24 20:08:11.627995
case_663,a,2025-02-24 20:13:11.627995
case_663,b,2025-02-24 20:18:11.627995
case_663,b,2025-02-24 20:23:11.627995
case_663,c,2025-02-24 20:28:11.627995
case_663,c,2025-02-24 20:33:11.627995
case_663,b,2025-02-24 20:38:11.627995
case_663,c,2025-02-24 20:43:11.627995
case_663,b,2025-02-24 20:48:11.627995
case_663,b,2025-02-24 20:53:11.627995
case_663,c,2025-02-24 20:58:11.627995
case_663,c,2025-02-24 21:03:11.627995
case_664,a,2025-02-24 19:28:11.628024
case_664,c,2025-02-24 19:33:11.628024
case_664,c,2025-02-24 19:38:11.628024
case_664,a,2025-02-24 19:43:11.628024
case_664,a,2025-02-24 19:48:11.628024
case_664,b,2025-02-24 19:53:11.628024
case_664,b,2025-02-24 19:58:11.628024
case_664,b,2025-02-24 20:03:11.628024
case_664,a,2025-02-24 20:08:11.628024
case_664,b,2025-02-24 20:13:11.628024
case_664,a,2025-02-24 20:18:11.628024
case_664,a,2025-02-24 20:23:11.628024
case_664,c,2025-02-24 20:28:11.628024
case_664,b,2025-02-24 20:33:11.628024
case_664,a,2025-02-24 20:38:11.628024
case_664,a,2025-02-24 20:43:11.628024
case_664,a,2025-02-24 20:48:11.628024
case_664,b,2025-02-24 20:53:11.628024
case_664,b,2025-02-24 20:58:11.628024
case_664,c,2025-02-24 21:03:11.628024
case_665,b,2025-02-24 19:28:11.628054
case_665,c,2025-02-24 19:33:11.628054
case_665,c,2025-02-24 19:38:11.628054
case_665,a,2025-02-24 19:43:11.628054
case_665,b,2025-02-24 19:48:11.628054
case_665,c,2025-02-24 19:53:11.628054
case_665,c,2025-02-24 19:58:11.628054
case_665,c,2025-02-24 20:03:11.628054
case_665,c,2025-02-24 20:08:11.628054
case_665,a,2025-02-24 20:13:11.628054
case_665,b,2025-02-24 20:18:11.628054
case_665,c,2025-02-24 20:23:11.628054
case_665,b,2025-02-24 20:28:11.628054
case_665,b,2025-02-24 20:33:11.628054
case_665,a,2025-02-24 20:38:11.628054
case_665,a,2025-02-24 20:43:11.628054
case_665,a,2025-02-24 20:48:11.628054
case_665,b,2025-02-24 20:53:11.628054
case_665,a,2025-02-24 20:58:11.628054
case_665,b,2025-02-24 21:03:11.628054
case_666,b,2025-02-24 19:28:11.628083
case_666,c,2025-02-24 19:33:11.628083
case_666,c,2025-02-24 19:38:11.628083
case_666,a,2025-02-24 19:43:11.628083
case_666,a,2025-02-24 19:48:11.628083
case_666,c,2025-02-24 19:53:11.628083
case_666,b,2025-02-24 19:58:11.628083
case_666,a,2025-02-24 20:03:11.628083
case_666,a,2025-02-24 20:08:11.628083
case_666,a,2025-02-24 20:13:11.628083
case_666,a,2025-02-24 20:18:11.628083
case_666,c,2025-02-24 20:23:11.628083
case_666,c,2025-02-24 20:28:11.628083
case_666,c,2025-02-24 20:33:11.628083
case_666,a,2025-02-24 20:38:11.628083
case_666,c,2025-02-24 20:43:11.628083
case_666,a,2025-02-24 20:48:11.628083
case_666,a,2025-02-24 20:53:11.628083
case_666,c,2025-02-24 20:58:11.628083
case_666,a,2025-02-24 21:03:11.628083
case_667,b,2025-02-24 19:28:11.628112
case_667,c,2025-02-24 19:33:11.628112
case_667,b,2025-02-24 19:38:11.628112
case_667,c,2025-02-24 19:43:11.628112
case_667,c,2025-02-24 19:48:11.628112
case_667,b,2025-02-24 19:53:11.628112
case_667,a,2025-02-24 19:58:11.628112
case_667,a,2025-02-24 20:03:11.628112
case_667,b,2025-02-24 20:08:11.628112
case_667,c,2025-02-24 20:13:11.628112
case_667,a,2025-02-24 20:18:11.628112
case_667,c,2025-02-24 20:23:11.628112
case_667,c,2025-02-24 20:28:11.628112
case_667,b,2025-02-24 20:33:11.628112
case_667,b,2025-02-24 20:38:11.628112
case_667,c,2025-02-24 20:43:11.628112
case_667,b,2025-02-24 20:48:11.628112
case_667,c,2025-02-24 20:53:11.628112
case_667,b,2025-02-24 20:58:11.628112
case_667,b,2025-02-24 21:03:11.628112
case_668,a,2025-02-24 19:28:11.628142
case_668,a,2025-02-24 19:33:11.628142
case_668,b,2025-02-24 19:38:11.628142
case_668,b,2025-02-24 19:43:11.628142
case_668,c,2025-02-24 19:48:11.628142
case_668,a,2025-02-24 19:53:11.628142
case_668,c,2025-02-24 19:58:11.628142
case_668,c,2025-02-24 20:03:11.628142
case_668,a,2025-02-24 20:08:11.628142
case_668,a,2025-02-24 20:13:11.628142
case_668,c,2025-02-24 20:18:11.628142
case_668,b,2025-02-24 20:23:11.628142
case_668,a,2025-02-24 20:28:11.628142
case_668,c,2025-02-24 20:33:11.628142
case_668,a,2025-02-24 20:38:11.628142
case_668,c,2025-02-24 20:43:11.628142
case_668,c,2025-02-24 20:48:11.628142
case_668,c,2025-02-24 20:53:11.628142
case_668,a,2025-02-24 20:58:11.628142
case_668,a,2025-02-24 21:03:11.628142
case_669,b,2025-02-24 19:28:11.628171
case_669,c,2025-02-24 19:33:11.628171
case_669,a,2025-02-24 19:38:11.628171
case_669,c,2025-02-24 19:43:11.628171
case_669,a,2025-02-24 19:48:11.628171
case_669,c,2025-02-24 19:53:11.628171
case_669,c,2025-02-24 19:58:11.628171
case_669,c,2025-02-24 20:03:11.628171
case_669,b,2025-02-24 20:08:11.628171
case_669,c,2025-02-24 20:13:11.628171
case_669,a,2025-02-24 20:18:11.628171
case_669,b,2025-02-24 20:23:11.628171
case_669,a,2025-02-24 20:28:11.628171
case_669,a,2025-02-24 20:33:11.628171
case_669,b,2025-02-24 20:38:11.628171
case_669,b,2025-02-24 20:43:11.628171
case_669,b,2025-02-24 20:48:11.628171
case_669,a,2025-02-24 20:53:11.628171
case_669,a,2025-02-24 20:58:11.628171
case_669,b,2025-02-24 21:03:11.628171
case_670,b,2025-02-24 19:28:11.628201
case_670,a,2025-02-24 19:33:11.628201
case_670,b,2025-02-24 19:38:11.628201
case_670,b,2025-02-24 19:43:11.628201
case_670,a,2025-02-24 19:48:11.628201
case_670,c,2025-02-24 19:53:11.628201
case_670,b,2025-02-24 19:58:11.628201
case_670,c,2025-02-24 20:03:11.628201
case_670,a,2025-02-24 20:08:11.628201
case_670,a,2025-02-24 20:13:11.628201
case_670,b,2025-02-24 20:18:11.628201
case_670,c,2025-02-24 20:23:11.628201
case_670,a,2025-02-24 20:28:11.628201
case_670,c,2025-02-24 20:33:11.628201
case_670,a,2025-02-24 20:38:11.628201
case_670,a,2025-02-24 20:43:11.628201
case_670,a,2025-02-24 20:48:11.628201
case_670,c,2025-02-24 20:53:11.628201
case_670,c,2025-02-24 20:58:11.628201
case_670,c,2025-02-24 21:03:11.628201
case_671,b,2025-02-24 19:28:11.628230
case_671,c,2025-02-24 19:33:11.628230
case_671,b,2025-02-24 19:38:11.628230
case_671,b,2025-02-24 19:43:11.628230
case_671,c,2025-02-24 19:48:11.628230
case_671,b,2025-02-24 19:53:11.628230
case_671,b,2025-02-24 19:58:11.628230
case_671,c,2025-02-24 20:03:11.628230
case_671,a,2025-02-24 20:08:11.628230
case_671,c,2025-02-24 20:13:11.628230
case_671,a,2025-02-24 20:18:11.628230
case_671,c,2025-02-24 20:23:11.628230
case_671,c,2025-02-24 20:28:11.628230
case_671,c,2025-02-24 20:33:11.628230
case_671,c,2025-02-24 20:38:11.628230
case_671,b,2025-02-24 20:43:11.628230
case_671,a,2025-02-24 20:48:11.628230
case_671,c,2025-02-24 20:53:11.628230
case_671,a,2025-02-24 20:58:11.628230
case_671,a,2025-02-24 21:03:11.628230
case_672,a,2025-02-24 19:28:11.628260
case_672,a,2025-02-24 19:33:11.628260
case_672,b,2025-02-24 19:38:11.628260
case_672,c,2025-02-24 19:43:11.628260
case_672,a,2025-02-24 19:48:11.628260
case_672,b,2025-02-24 19:53:11.628260
case_672,c,2025-02-24 19:58:11.628260
case_672,b,2025-02-24 20:03:11.628260
case_672,c,2025-02-24 20:08:11.628260
case_672,a,2025-02-24 20:13:11.628260
case_672,b,2025-02-24 20:18:11.628260
case_672,b,2025-02-24 20:23:11.628260
case_672,c,2025-02-24 20:28:11.628260
case_672,a,2025-02-24 20:33:11.628260
case_672,b,2025-02-24 20:38:11.628260
case_672,a,2025-02-24 20:43:11.628260
case_672,a,2025-02-24 20:48:11.628260
case_672,c,2025-02-24 20:53:11.628260
case_672,c,2025-02-24 20:58:11.628260
case_672,a,2025-02-24 21:03:11.628260
case_673,b,2025-02-24 19:28:11.628289
case_673,b,2025-02-24 19:33:11.628289
case_673,b,2025-02-24 19:38:11.628289
case_673,b,2025-02-24 19:43:11.628289
case_673,a,2025-02-24 19:48:11.628289
case_673,b,2025-02-24 19:53:11.628289
case_673,b,2025-02-24 19:58:11.628289
case_673,a,2025-02-24 20:03:11.628289
case_673,a,2025-02-24 20:08:11.628289
case_673,b,2025-02-24 20:13:11.628289
case_673,b,2025-02-24 20:18:11.628289
case_673,c,2025-02-24 20:23:11.628289
case_673,c,2025-02-24 20:28:11.628289
case_673,b,2025-02-24 20:33:11.628289
case_673,b,2025-02-24 20:38:11.628289
case_673,a,2025-02-24 20:43:11.628289
case_673,a,2025-02-24 20:48:11.628289
case_673,a,2025-02-24 20:53:11.628289
case_673,b,2025-02-24 20:58:11.628289
case_673,b,2025-02-24 21:03:11.628289
case_674,b,2025-02-24 19:28:11.628319
case_674,b,2025-02-24 19:33:11.628319
case_674,a,2025-02-24 19:38:11.628319
case_674,b,2025-02-24 19:43:11.628319
case_674,c,2025-02-24 19:48:11.628319
case_674,a,2025-02-24 19:53:11.628319
case_674,c,2025-02-24 19:58:11.628319
case_674,b,2025-02-24 20:03:11.628319
case_674,c,2025-02-24 20:08:11.628319
case_674,a,2025-02-24 20:13:11.628319
case_674,c,2025-02-24 20:18:11.628319
case_674,b,2025-02-24 20:23:11.628319
case_674,c,2025-02-24 20:28:11.628319
case_674,c,2025-02-24 20:33:11.628319
case_674,b,2025-02-24 20:38:11.628319
case_674,a,2025-02-24 20:43:11.628319
case_674,c,2025-02-24 20:48:11.628319
case_674,c,2025-02-24 20:53:11.628319
case_674,c,2025-02-24 20:58:11.628319
case_674,b,2025-02-24 21:03:11.628319
case_675,b,2025-02-24 19:28:11.628351
case_675,a,2025-02-24 19:33:11.628351
case_675,b,2025-02-24 19:38:11.628351
case_675,a,2025-02-24 19:43:11.628351
case_675,b,2025-02-24 19:48:11.628351
case_675,b,2025-02-24 19:53:11.628351
case_675,b,2025-02-24 19:58:11.628351
case_675,c,2025-02-24 20:03:11.628351
case_675,b,2025-02-24 20:08:11.628351
case_675,c,2025-02-24 20:13:11.628351
case_675,a,2025-02-24 20:18:11.628351
case_675,a,2025-02-24 20:23:11.628351
case_675,b,2025-02-24 20:28:11.628351
case_675,a,2025-02-24 20:33:11.628351
case_675,b,2025-02-24 20:38:11.628351
case_675,c,2025-02-24 20:43:11.628351
case_675,c,2025-02-24 20:48:11.628351
case_675,b,2025-02-24 20:53:11.628351
case_675,a,2025-02-24 20:58:11.628351
case_675,c,2025-02-24 21:03:11.628351
case_676,b,2025-02-24 19:28:11.628380
case_676,a,2025-02-24 19:33:11.628380
case_676,a,2025-02-24 19:38:11.628380
case_676,a,2025-02-24 19:43:11.628380
case_676,c,2025-02-24 19:48:11.628380
case_676,c,2025-02-24 19:53:11.628380
case_676,b,2025-02-24 19:58:11.628380
case_676,b,2025-02-24 20:03:11.628380
case_676,c,2025-02-24 20:08:11.628380
case_676,b,2025-02-24 20:13:11.628380
case_676,b,2025-02-24 20:18:11.628380
case_676,a,2025-02-24 20:23:11.628380
case_676,b,2025-02-24 20:28:11.628380
case_676,a,2025-02-24 20:33:11.628380
case_676,c,2025-02-24 20:38:11.628380
case_676,c,2025-02-24 20:43:11.628380
case_676,a,2025-02-24 20:48:11.628380
case_676,a,2025-02-24 20:53:11.628380
case_676,c,2025-02-24 20:58:11.628380
case_676,b,2025-02-24 21:03:11.628380
case_677,a,2025-02-24 19:28:11.628410
case_677,c,2025-02-24 19:33:11.628410
case_677,c,2025-02-24 19:38:11.628410
case_677,a,2025-02-24 19:43:11.628410
case_677,c,2025-02-24 19:48:11.628410
case_677,b,2025-02-24 19:53:11.628410
case_677,c,2025-02-24 19:58:11.628410
case_677,c,2025-02-24 20:03:11.628410
case_677,b,2025-02-24 20:08:11.628410
case_677,c,2025-02-24 20:13:11.628410
case_677,c,2025-02-24 20:18:11.628410
case_677,a,2025-02-24 20:23:11.628410
case_677,b,2025-02-24 20:28:11.628410
case_677,a,2025-02-24 20:33:11.628410
case_677,c,2025-02-24 20:38:11.628410
case_677,b,2025-02-24 20:43:11.628410
case_677,a,2025-02-24 20:48:11.628410
case_677,a,2025-02-24 20:53:11.628410
case_677,c,2025-02-24 20:58:11.628410
case_677,c,2025-02-24 21:03:11.628410
case_678,a,2025-02-24 19:28:11.628441
case_678,b,2025-02-24 19:33:11.628441
case_678,b,2025-02-24 19:38:11.628441
case_678,c,2025-02-24 19:43:11.628441
case_678,b,2025-02-24 19:48:11.628441
case_678,c,2025-02-24 19:53:11.628441
case_678,b,2025-02-24 19:58:11.628441
case_678,c,2025-02-24 20:03:11.628441
case_678,c,2025-02-24 20:08:11.628441
case_678,c,2025-02-24 20:13:11.628441
case_678,c,2025-02-24 20:18:11.628441
case_678,c,2025-02-24 20:23:11.628441
case_678,a,2025-02-24 20:28:11.628441
case_678,c,2025-02-24 20:33:11.628441
case_678,c,2025-02-24 20:38:11.628441
case_678,a,2025-02-24 20:43:11.628441
case_678,b,2025-02-24 20:48:11.628441
case_678,b,2025-02-24 20:53:11.628441
case_678,c,2025-02-24 20:58:11.628441
case_678,a,2025-02-24 21:03:11.628441
case_679,a,2025-02-24 19:28:11.628470
case_679,b,2025-02-24 19:33:11.628470
case_679,b,2025-02-24 19:38:11.628470
case_679,a,2025-02-24 19:43:11.628470
case_679,a,2025-02-24 19:48:11.628470
case_679,b,2025-02-24 19:53:11.628470
case_679,c,2025-02-24 19:58:11.628470
case_679,c,2025-02-24 20:03:11.628470
case_679,b,2025-02-24 20:08:11.628470
case_679,c,2025-02-24 20:13:11.628470
case_679,b,2025-02-24 20:18:11.628470
case_679,a,2025-02-24 20:23:11.628470
case_679,c,2025-02-24 20:28:11.628470
case_679,a,2025-02-24 20:33:11.628470
case_679,c,2025-02-24 20:38:11.628470
case_679,c,2025-02-24 20:43:11.628470
case_679,b,2025-02-24 20:48:11.628470
case_679,b,2025-02-24 20:53:11.628470
case_679,a,2025-02-24 20:58:11.628470
case_679,c,2025-02-24 21:03:11.628470
case_680,b,2025-02-24 19:28:11.628500
case_680,a,2025-02-24 19:33:11.628500
case_680,a,2025-02-24 19:38:11.628500
case_680,b,2025-02-24 19:43:11.628500
case_680,a,2025-02-24 19:48:11.628500
case_680,c,2025-02-24 19:53:11.628500
case_680,b,2025-02-24 19:58:11.628500
case_680,c,2025-02-24 20:03:11.628500
case_680,c,2025-02-24 20:08:11.628500
case_680,a,2025-02-24 20:13:11.628500
case_680,b,2025-02-24 20:18:11.628500
case_680,a,2025-02-24 20:23:11.628500
case_680,b,2025-02-24 20:28:11.628500
case_680,c,2025-02-24 20:33:11.628500
case_680,c,2025-02-24 20:38:11.628500
case_680,c,2025-02-24 20:43:11.628500
case_680,c,2025-02-24 20:48:11.628500
case_680,c,2025-02-24 20:53:11.628500
case_680,a,2025-02-24 20:58:11.628500
case_680,b,2025-02-24 21:03:11.628500
case_681,b,2025-02-24 19:28:11.628530
case_681,a,2025-02-24 19:33:11.628530
case_681,b,2025-02-24 19:38:11.628530
case_681,b,2025-02-24 19:43:11.628530
case_681,c,2025-02-24 19:48:11.628530
case_681,b,2025-02-24 19:53:11.628530
case_681,c,2025-02-24 19:58:11.628530
case_681,c,2025-02-24 20:03:11.628530
case_681,b,2025-02-24 20:08:11.628530
case_681,a,2025-02-24 20:13:11.628530
case_681,a,2025-02-24 20:18:11.628530
case_681,b,2025-02-24 20:23:11.628530
case_681,c,2025-02-24 20:28:11.628530
case_681,a,2025-02-24 20:33:11.628530
case_681,a,2025-02-24 20:38:11.628530
case_681,a,2025-02-24 20:43:11.628530
case_681,c,2025-02-24 20:48:11.628530
case_681,c,2025-02-24 20:53:11.628530
case_681,c,2025-02-24 20:58:11.628530
case_681,a,2025-02-24 21:03:11.628530
case_682,b,2025-02-24 19:28:11.628560
case_682,b,2025-02-24 19:33:11.628560
case_682,c,2025-02-24 19:38:11.628560
case_682,b,2025-02-24 19:43:11.628560
case_682,c,2025-02-24 19:48:11.628560
case_682,c,2025-02-24 19:53:11.628560
case_682,a,2025-02-24 19:58:11.628560
case_682,b,2025-02-24 20:03:11.628560
case_682,b,2025-02-24 20:08:11.628560
case_682,b,2025-02-24 20:13:11.628560
case_682,c,2025-02-24 20:18:11.628560
case_682,a,2025-02-24 20:23:11.628560
case_682,c,2025-02-24 20:28:11.628560
case_682,a,2025-02-24 20:33:11.628560
case_682,c,2025-02-24 20:38:11.628560
case_682,a,2025-02-24 20:43:11.628560
case_682,c,2025-02-24 20:48:11.628560
case_682,b,2025-02-24 20:53:11.628560
case_682,c,2025-02-24 20:58:11.628560
case_682,b,2025-02-24 21:03:11.628560
case_683,b,2025-02-24 19:28:11.628589
case_683,a,2025-02-24 19:33:11.628589
case_683,a,2025-02-24 19:38:11.628589
case_683,c,2025-02-24 19:43:11.628589
case_683,b,2025-02-24 19:48:11.628589
case_683,c,2025-02-24 19:53:11.628589
case_683,b,2025-02-24 19:58:11.628589
case_683,c,2025-02-24 20:03:11.628589
case_683,b,2025-02-24 20:08:11.628589
case_683,a,2025-02-24 20:13:11.628589
case_683,b,2025-02-24 20:18:11.628589
case_683,a,2025-02-24 20:23:11.628589
case_683,a,2025-02-24 20:28:11.628589
case_683,a,2025-02-24 20:33:11.628589
case_683,c,2025-02-24 20:38:11.628589
case_683,c,2025-02-24 20:43:11.628589
case_683,b,2025-02-24 20:48:11.628589
case_683,a,2025-02-24 20:53:11.628589
case_683,b,2025-02-24 20:58:11.628589
case_683,c,2025-02-24 21:03:11.628589
case_684,a,2025-02-24 19:28:11.628619
case_684,b,2025-02-24 19:33:11.628619
case_684,a,2025-02-24 19:38:11.628619
case_684,a,2025-02-24 19:43:11.628619
case_684,a,2025-02-24 19:48:11.628619
case_684,c,2025-02-24 19:53:11.628619
case_684,c,2025-02-24 19:58:11.628619
case_684,b,2025-02-24 20:03:11.628619
case_684,b,2025-02-24 20:08:11.628619
case_684,c,2025-02-24 20:13:11.628619
case_684,a,2025-02-24 20:18:11.628619
case_684,a,2025-02-24 20:23:11.628619
case_684,b,2025-02-24 20:28:11.628619
case_684,c,2025-02-24 20:33:11.628619
case_684,b,2025-02-24 20:38:11.628619
case_684,c,2025-02-24 20:43:11.628619
case_684,a,2025-02-24 20:48:11.628619
case_684,a,2025-02-24 20:53:11.628619
case_684,b,2025-02-24 20:58:11.628619
case_684,a,2025-02-24 21:03:11.628619
case_685,b,2025-02-24 19:28:11.628649
case_685,c,2025-02-24 19:33:11.628649
case_685,b,2025-02-24 19:38:11.628649
case_685,a,2025-02-24 19:43:11.628649
case_685,a,2025-02-24 19:48:11.628649
case_685,c,2025-02-24 19:53:11.628649
case_685,c,2025-02-24 19:58:11.628649
case_685,c,2025-02-24 20:03:11.628649
case_685,a,2025-02-24 20:08:11.628649
case_685,c,2025-02-24 20:13:11.628649
case_685,a,2025-02-24 20:18:11.628649
case_685,a,2025-02-24 20:23:11.628649
case_685,a,2025-02-24 20:28:11.628649
case_685,c,2025-02-24 20:33:11.628649
case_685,c,2025-02-24 20:38:11.628649
case_685,c,2025-02-24 20:43:11.628649
case_685,a,2025-02-24 20:48:11.628649
case_685,b,2025-02-24 20:53:11.628649
case_685,b,2025-02-24 20:58:11.628649
case_685,a,2025-02-24 21:03:11.628649
case_686,b,2025-02-24 19:28:11.628679
case_686,a,2025-02-24 19:33:11.628679
case_686,a,2025-02-24 19:38:11.628679
case_686,b,2025-02-24 19:43:11.628679
case_686,c,2025-02-24 19:48:11.628679
case_686,a,2025-02-24 19:53:11.628679
case_686,c,2025-02-24 19:58:11.628679
case_686,a,2025-02-24 20:03:11.628679
case_686,c,2025-02-24 20:08:11.628679
case_686,a,2025-02-24 20:13:11.628679
case_686,c,2025-02-24 20:18:11.628679
case_686,c,2025-02-24 20:23:11.628679
case_686,a,2025-02-24 20:28:11.628679
case_686,a,2025-02-24 20:33:11.628679
case_686,c,2025-02-24 20:38:11.628679
case_686,c,2025-02-24 20:43:11.628679
case_686,a,2025-02-24 20:48:11.628679
case_686,c,2025-02-24 20:53:11.628679
case_686,c,2025-02-24 20:58:11.628679
case_686,b,2025-02-24 21:03:11.628679
case_687,a,2025-02-24 19:28:11.628709
case_687,c,2025-02-24 19:33:11.628709
case_687,c,2025-02-24 19:38:11.628709
case_687,c,2025-02-24 19:43:11.628709
case_687,a,2025-02-24 19:48:11.628709
case_687,c,2025-02-24 19:53:11.628709
case_687,c,2025-02-24 19:58:11.628709
case_687,c,2025-02-24 20:03:11.628709
case_687,b,2025-02-24 20:08:11.628709
case_687,c,2025-02-24 20:13:11.628709
case_687,c,2025-02-24 20:18:11.628709
case_687,a,2025-02-24 20:23:11.628709
case_687,c,2025-02-24 20:28:11.628709
case_687,c,2025-02-24 20:33:11.628709
case_687,a,2025-02-24 20:38:11.628709
case_687,b,2025-02-24 20:43:11.628709
case_687,a,2025-02-24 20:48:11.628709
case_687,c,2025-02-24 20:53:11.628709
case_687,b,2025-02-24 20:58:11.628709
case_687,a,2025-02-24 21:03:11.628709
case_688,b,2025-02-24 19:28:11.628739
case_688,c,2025-02-24 19:33:11.628739
case_688,a,2025-02-24 19:38:11.628739
case_688,b,2025-02-24 19:43:11.628739
case_688,b,2025-02-24 19:48:11.628739
case_688,a,2025-02-24 19:53:11.628739
case_688,a,2025-02-24 19:58:11.628739
case_688,c,2025-02-24 20:03:11.628739
case_688,a,2025-02-24 20:08:11.628739
case_688,a,2025-02-24 20:13:11.628739
case_688,b,2025-02-24 20:18:11.628739
case_688,b,2025-02-24 20:23:11.628739
case_688,a,2025-02-24 20:28:11.628739
case_688,a,2025-02-24 20:33:11.628739
case_688,c,2025-02-24 20:38:11.628739
case_688,a,2025-02-24 20:43:11.628739
case_688,c,2025-02-24 20:48:11.628739
case_688,c,2025-02-24 20:53:11.628739
case_688,c,2025-02-24 20:58:11.628739
case_688,b,2025-02-24 21:03:11.628739
case_689,b,2025-02-24 19:28:11.628769
case_689,b,2025-02-24 19:33:11.628769
case_689,c,2025-02-24 19:38:11.628769
case_689,b,2025-02-24 19:43:11.628769
case_689,b,2025-02-24 19:48:11.628769
case_689,a,2025-02-24 19:53:11.628769
case_689,b,2025-02-24 19:58:11.628769
case_689,b,2025-02-24 20:03:11.628769
case_689,b,2025-02-24 20:08:11.628769
case_689,c,2025-02-24 20:13:11.628769
case_689,a,2025-02-24 20:18:11.628769
case_689,b,2025-02-24 20:23:11.628769
case_689,a,2025-02-24 20:28:11.628769
case_689,a,2025-02-24 20:33:11.628769
case_689,b,2025-02-24 20:38:11.628769
case_689,a,2025-02-24 20:43:11.628769
case_689,c,2025-02-24 20:48:11.628769
case_689,c,2025-02-24 20:53:11.628769
case_689,b,2025-02-24 20:58:11.628769
case_689,c,2025-02-24 21:03:11.628769
case_690,a,2025-02-24 19:28:11.628801
case_690,c,2025-02-24 19:33:11.628801
case_690,b,2025-02-24 19:38:11.628801
case_690,b,2025-02-24 19:43:11.628801
case_690,a,2025-02-24 19:48:11.628801
case_690,c,2025-02-24 19:53:11.628801
case_690,b,2025-02-24 19:58:11.628801
case_690,c,2025-02-24 20:03:11.628801
case_690,a,2025-02-24 20:08:11.628801
case_690,a,2025-02-24 20:13:11.628801
case_690,b,2025-02-24 20:18:11.628801
case_690,b,2025-02-24 20:23:11.628801
case_690,c,2025-02-24 20:28:11.628801
case_690,b,2025-02-24 20:33:11.628801
case_690,a,2025-02-24 20:38:11.628801
case_690,a,2025-02-24 20:43:11.628801
case_690,b,2025-02-24 20:48:11.628801
case_690,b,2025-02-24 20:53:11.628801
case_690,c,2025-02-24 20:58:11.628801
case_690,c,2025-02-24 21:03:11.628801
case_691,b,2025-02-24 19:28:11.628831
case_691,a,2025-02-24 19:33:11.628831
case_691,c,2025-02-24 19:38:11.628831
case_691,a,2025-02-24 19:43:11.628831
case_691,c,2025-02-24 19:48:11.628831
case_691,b,2025-02-24 19:53:11.628831
case_691,a,2025-02-24 19:58:11.628831
case_691,c,2025-02-24 20:03:11.628831
case_691,a,2025-02-24 20:08:11.628831
case_691,c,2025-02-24 20:13:11.628831
case_691,b,2025-02-24 20:18:11.628831
case_691,a,2025-02-24 20:23:11.628831
case_691,a,2025-02-24 20:28:11.628831
case_691,b,2025-02-24 20:33:11.628831
case_691,c,2025-02-24 20:38:11.628831
case_691,c,2025-02-24 20:43:11.628831
case_691,c,2025-02-24 20:48:11.628831
case_691,c,2025-02-24 20:53:11.628831
case_691,b,2025-02-24 20:58:11.628831
case_691,a,2025-02-24 21:03:11.628831
case_692,a,2025-02-24 19:28:11.628861
case_692,c,2025-02-24 19:33:11.628861
case_692,b,2025-02-24 19:38:11.628861
case_692,b,2025-02-24 19:43:11.628861
case_692,a,2025-02-24 19:48:11.628861
case_692,b,2025-02-24 19:53:11.628861
case_692,b,2025-02-24 19:58:11.628861
case_692,a,2025-02-24 20:03:11.628861
case_692,a,2025-02-24 20:08:11.628861
case_692,a,2025-02-24 20:13:11.628861
case_692,c,2025-02-24 20:18:11.628861
case_692,a,2025-02-24 20:23:11.628861
case_692,c,2025-02-24 20:28:11.628861
case_692,c,2025-02-24 20:33:11.628861
case_692,b,2025-02-24 20:38:11.628861
case_692,b,2025-02-24 20:43:11.628861
case_692,a,2025-02-24 20:48:11.628861
case_692,c,2025-02-24 20:53:11.628861
case_692,a,2025-02-24 20:58:11.628861
case_692,a,2025-02-24 21:03:11.628861
case_693,b,2025-02-24 19:28:11.628891
case_693,b,2025-02-24 19:33:11.628891
case_693,a,2025-02-24 19:38:11.628891
case_693,a,2025-02-24 19:43:11.628891
case_693,b,2025-02-24 19:48:11.628891
case_693,b,2025-02-24 19:53:11.628891
case_693,b,2025-02-24 19:58:11.628891
case_693,c,2025-02-24 20:03:11.628891
case_693,a,2025-02-24 20:08:11.628891
case_693,c,2025-02-24 20:13:11.628891
case_693,a,2025-02-24 20:18:11.628891
case_693,a,2025-02-24 20:23:11.628891
case_693,a,2025-02-24 20:28:11.628891
case_693,b,2025-02-24 20:33:11.628891
case_693,c,2025-02-24 20:38:11.628891
case_693,b,2025-02-24 20:43:11.628891
case_693,a,2025-02-24 20:48:11.628891
case_693,b,2025-02-24 20:53:11.628891
case_693,c,2025-02-24 20:58:11.628891
case_693,a,2025-02-24 21:03:11.628891
case_694,a,2025-02-24 19:28:11.628921
case_694,c,2025-02-24 19:33:11.628921
case_694,c,2025-02-24 19:38:11.628921
case_694,a,2025-02-24 19:43:11.628921
case_694,a,2025-02-24 19:48:11.628921
case_694,c,2025-02-24 19:53:11.628921
case_694,b,2025-02-24 19:58:11.628921
case_694,b,2025-02-24 20:03:11.628921
case_694,c,2025-02-24 20:08:11.628921
case_694,b,2025-02-24 20:13:11.628921
case_694,a,2025-02-24 20:18:11.628921
case_694,a,2025-02-24 20:23:11.628921
case_694,a,2025-02-24 20:28:11.628921
case_694,a,2025-02-24 20:33:11.628921
case_694,a,2025-02-24 20:38:11.628921
case_694,a,2025-02-24 20:43:11.628921
case_694,c,2025-02-24 20:48:11.628921
case_694,c,2025-02-24 20:53:11.628921
case_694,c,2025-02-24 20:58:11.628921
case_694,a,2025-02-24 21:03:11.628921
case_695,a,2025-02-24 19:28:11.628951
case_695,b,2025-02-24 19:33:11.628951
case_695,b,2025-02-24 19:38:11.628951
case_695,c,2025-02-24 19:43:11.628951
case_695,c,2025-02-24 19:48:11.628951
case_695,a,2025-02-24 19:53:11.628951
case_695,b,2025-02-24 19:58:11.628951
case_695,c,2025-02-24 20:03:11.628951
case_695,c,2025-02-24 20:08:11.628951
case_695,c,2025-02-24 20:13:11.628951
case_695,a,2025-02-24 20:18:11.628951
case_695,a,2025-02-24 20:23:11.628951
case_695,b,2025-02-24 20:28:11.628951
case_695,b,2025-02-24 20:33:11.628951
case_695,b,2025-02-24 20:38:11.628951
case_695,b,2025-02-24 20:43:11.628951
case_695,c,2025-02-24 20:48:11.628951
case_695,a,2025-02-24 20:53:11.628951
case_695,b,2025-02-24 20:58:11.628951
case_695,b,2025-02-24 21:03:11.628951
case_696,a,2025-02-24 19:28:11.628981
case_696,c,2025-02-24 19:33:11.628981
case_696,b,2025-02-24 19:38:11.628981
case_696,b,2025-02-24 19:43:11.628981
case_696,a,2025-02-24 19:48:11.628981
case_696,b,2025-02-24 19:53:11.628981
case_696,b,2025-02-24 19:58:11.628981
case_696,a,2025-02-24 20:03:11.628981
case_696,a,2025-02-24 20:08:11.628981
case_696,b,2025-02-24 20:13:11.628981
case_696,a,2025-02-24 20:18:11.628981
case_696,c,2025-02-24 20:23:11.628981
case_696,c,2025-02-24 20:28:11.628981
case_696,c,2025-02-24 20:33:11.628981
case_696,b,2025-02-24 20:38:11.628981
case_696,a,2025-02-24 20:43:11.628981
case_696,c,2025-02-24 20:48:11.628981
case_696,a,2025-02-24 20:53:11.628981
case_696,c,2025-02-24 20:58:11.628981
case_696,b,2025-02-24 21:03:11.628981
case_697,b,2025-02-24 19:28:11.629011
case_697,b,2025-02-24 19:33:11.629011
case_697,b,2025-02-24 19:38:11.629011
case_697,b,2025-02-24 19:43:11.629011
case_697,b,2025-02-24 19:48:11.629011
case_697,c,2025-02-24 19:53:11.629011
case_697,c,2025-02-24 19:58:11.629011
case_697,a,2025-02-24 20:03:11.629011
case_697,b,2025-02-24 20:08:11.629011
case_697,c,2025-02-24 20:13:11.629011
case_697,c,2025-02-24 20:18:11.629011
case_697,b,2025-02-24 20:23:11.629011
case_697,c,2025-02-24 20:28:11.629011
case_697,c,2025-02-24 20:33:11.629011
case_697,c,2025-02-24 20:38:11.629011
case_697,b,2025-02-24 20:43:11.629011
case_697,c,2025-02-24 20:48:11.629011
case_697,c,2025-02-24 20:53:11.629011
case_697,a,2025-02-24 20:58:11.629011
case_697,c,2025-02-24 21:03:11.629011
case_698,a,2025-02-24 19:28:11.629041
case_698,a,2025-02-24 19:33:11.629041
case_698,a,2025-02-24 19:38:11.629041
case_698,a,2025-02-24 19:43:11.629041
case_698,a,2025-02-24 19:48:11.629041
case_698,a,2025-02-24 19:53:11.629041
case_698,b,2025-02-24 19:58:11.629041
case_698,b,2025-02-24 20:03:11.629041
case_698,a,2025-02-24 20:08:11.629041
case_698,b,2025-02-24 20:13:11.629041
case_698,a,2025-02-24 20:18:11.629041
case_698,a,2025-02-24 20:23:11.629041
case_698,b,2025-02-24 20:28:11.629041
case_698,c,2025-02-24 20:33:11.629041
case_698,a,2025-02-24 20:38:11.629041
case_698,c,2025-02-24 20:43:11.629041
case_698,a,2025-02-24 20:48:11.629041
case_698,b,2025-02-24 20:53:11.629041
case_698,a,2025-02-24 20:58:11.629041
case_698,b,2025-02-24 21:03:11.629041
case_699,a,2025-02-24 19:28:11.629071
case_699,b,2025-02-24 19:33:11.629071
case_699,c,2025-02-24 19:38:11.629071
case_699,c,2025-02-24 19:43:11.629071
case_699,b,2025-02-24 19:48:11.629071
case_699,c,2025-02-24 19:53:11.629071
case_699,c,2025-02-24 19:58:11.629071
case_699,b,2025-02-24 20:03:11.629071
case_699,b,2025-02-24 20:08:11.629071
case_699,b,2025-02-24 20:13:11.629071
case_699,c,2025-02-24 20:18:11.629071
case_699,a,2025-02-24 20:23:11.629071
case_699,b,2025-02-24 20:28:11.629071
case_699,c,2025-02-24 20:33:11.629071
case_699,a,2025-02-24 20:38:11.629071
case_699,c,2025-02-24 20:43:11.629071
case_699,a,2025-02-24 20:48:11.629071
case_699,a,2025-02-24 20:53:11.629071
case_699,a,2025-02-24 20:58:11.629071
case_699,b,2025-02-24 21:03:11.629071
case_700,b,2025-02-24 19:28:11.629101
case_700,b,2025-02-24 19:33:11.629101
case_700,a,2025-02-24 19:38:11.629101
case_700,c,2025-02-24 19:43:11.629101
case_700,c,2025-02-24 19:48:11.629101
case_700,a,2025-02-24 19:53:11.629101
case_700,c,2025-02-24 19:58:11.629101
case_700,b,2025-02-24 20:03:11.629101
case_700,c,2025-02-24 20:08:11.629101
case_700,c,2025-02-24 20:13:11.629101
case_700,c,2025-02-24 20:18:11.629101
case_700,a,2025-02-24 20:23:11.629101
case_700,a,2025-02-24 20:28:11.629101
case_700,b,2025-02-24 20:33:11.629101
case_700,b,2025-02-24 20:38:11.629101
case_700,b,2025-02-24 20:43:11.629101
case_700,a,2025-02-24 20:48:11.629101
case_700,c,2025-02-24 20:53:11.629101
case_700,b,2025-02-24 20:58:11.629101
case_700,a,2025-02-24 21:03:11.629101
case_701,b,2025-02-24 19:28:11.629131
case_701,b,2025-02-24 19:33:11.629131
case_701,a,2025-02-24 19:38:11.629131
case_701,c,2025-02-24 19:43:11.629131
case_701,b,2025-02-24 19:48:11.629131
case_701,a,2025-02-24 19:53:11.629131
case_701,a,2025-02-24 19:58:11.629131
case_701,b,2025-02-24 20:03:11.629131
case_701,c,2025-02-24 20:08:11.629131
case_701,c,2025-02-24 20:13:11.629131
case_701,c,2025-02-24 20:18:11.629131
case_701,a,2025-02-24 20:23:11.629131
case_701,c,2025-02-24 20:28:11.629131
case_701,b,2025-02-24 20:33:11.629131
case_701,c,2025-02-24 20:38:11.629131
case_701,b,2025-02-24 20:43:11.629131
case_701,a,2025-02-24 20:48:11.629131
case_701,b,2025-02-24 20:53:11.629131
case_701,c,2025-02-24 20:58:11.629131
case_701,b,2025-02-24 21:03:11.629131
case_702,a,2025-02-24 19:28:11.629161
case_702,a,2025-02-24 19:33:11.629161
case_702,b,2025-02-24 19:38:11.629161
case_702,b,2025-02-24 19:43:11.629161
case_702,c,2025-02-24 19:48:11.629161
case_702,a,2025-02-24 19:53:11.629161
case_702,b,2025-02-24 19:58:11.629161
case_702,c,2025-02-24 20:03:11.629161
case_702,c,2025-02-24 20:08:11.629161
case_702,c,2025-02-24 20:13:11.629161
case_702,a,2025-02-24 20:18:11.629161
case_702,c,2025-02-24 20:23:11.629161
case_702,a,2025-02-24 20:28:11.629161
case_702,a,2025-02-24 20:33:11.629161
case_702,c,2025-02-24 20:38:11.629161
case_702,a,2025-02-24 20:43:11.629161
case_702,b,2025-02-24 20:48:11.629161
case_702,a,2025-02-24 20:53:11.629161
case_702,c,2025-02-24 20:58:11.629161
case_702,c,2025-02-24 21:03:11.629161
case_703,b,2025-02-24 19:28:11.629191
case_703,c,2025-02-24 19:33:11.629191
case_703,b,2025-02-24 19:38:11.629191
case_703,b,2025-02-24 19:43:11.629191
case_703,a,2025-02-24 19:48:11.629191
case_703,a,2025-02-24 19:53:11.629191
case_703,a,2025-02-24 19:58:11.629191
case_703,b,2025-02-24 20:03:11.629191
case_703,a,2025-02-24 20:08:11.629191
case_703,a,2025-02-24 20:13:11.629191
case_703,a,2025-02-24 20:18:11.629191
case_703,a,2025-02-24 20:23:11.629191
case_703,c,2025-02-24 20:28:11.629191
case_703,a,2025-02-24 20:33:11.629191
case_703,a,2025-02-24 20:38:11.629191
case_703,a,2025-02-24 20:43:11.629191
case_703,b,2025-02-24 20:48:11.629191
case_703,c,2025-02-24 20:53:11.629191
case_703,c,2025-02-24 20:58:11.629191
case_703,a,2025-02-24 21:03:11.629191
case_704,b,2025-02-24 19:28:11.629221
case_704,b,2025-02-24 19:33:11.629221
case_704,a,2025-02-24 19:38:11.629221
case_704,b,2025-02-24 19:43:11.629221
case_704,c,2025-02-24 19:48:11.629221
case_704,c,2025-02-24 19:53:11.629221
case_704,c,2025-02-24 19:58:11.629221
case_704,a,2025-02-24 20:03:11.629221
case_704,a,2025-02-24 20:08:11.629221
case_704,b,2025-02-24 20:13:11.629221
case_704,b,2025-02-24 20:18:11.629221
case_704,a,2025-02-24 20:23:11.629221
case_704,a,2025-02-24 20:28:11.629221
case_704,b,2025-02-24 20:33:11.629221
case_704,c,2025-02-24 20:38:11.629221
case_704,b,2025-02-24 20:43:11.629221
case_704,b,2025-02-24 20:48:11.629221
case_704,b,2025-02-24 20:53:11.629221
case_704,a,2025-02-24 20:58:11.629221
case_704,c,2025-02-24 21:03:11.629221
case_705,b,2025-02-24 19:28:11.629251
case_705,b,2025-02-24 19:33:11.629251
case_705,c,2025-02-24 19:38:11.629251
case_705,a,2025-02-24 19:43:11.629251
case_705,c,2025-02-24 19:48:11.629251
case_705,b,2025-02-24 19:53:11.629251
case_705,a,2025-02-24 19:58:11.629251
case_705,a,2025-02-24 20:03:11.629251
case_705,c,2025-02-24 20:08:11.629251
case_705,a,2025-02-24 20:13:11.629251
case_705,b,2025-02-24 20:18:11.629251
case_705,a,2025-02-24 20:23:11.629251
case_705,c,2025-02-24 20:28:11.629251
case_705,a,2025-02-24 20:33:11.629251
case_705,c,2025-02-24 20:38:11.629251
case_705,a,2025-02-24 20:43:11.629251
case_705,c,2025-02-24 20:48:11.629251
case_705,c,2025-02-24 20:53:11.629251
case_705,c,2025-02-24 20:58:11.629251
case_705,c,2025-02-24 21:03:11.629251
case_706,b,2025-02-24 19:28:11.629281
case_706,b,2025-02-24 19:33:11.629281
case_706,b,2025-02-24 19:38:11.629281
case_706,a,2025-02-24 19:43:11.629281
case_706,a,2025-02-24 19:48:11.629281
case_706,b,2025-02-24 19:53:11.629281
case_706,c,2025-02-24 19:58:11.629281
case_706,b,2025-02-24 20:03:11.629281
case_706,a,2025-02-24 20:08:11.629281
case_706,c,2025-02-24 20:13:11.629281
case_706,b,2025-02-24 20:18:11.629281
case_706,b,2025-02-24 20:23:11.629281
case_706,c,2025-02-24 20:28:11.629281
case_706,a,2025-02-24 20:33:11.629281
case_706,a,2025-02-24 20:38:11.629281
case_706,c,2025-02-24 20:43:11.629281
case_706,c,2025-02-24 20:48:11.629281
case_706,b,2025-02-24 20:53:11.629281
case_706,b,2025-02-24 20:58:11.629281
case_706,b,2025-02-24 21:03:11.629281
case_707,b,2025-02-24 19:28:11.629311
case_707,a,2025-02-24 19:33:11.629311
case_707,a,2025-02-24 19:38:11.629311
case_707,b,2025-02-24 19:43:11.629311
case_707,c,2025-02-24 19:48:11.629311
case_707,c,2025-02-24 19:53:11.629311
case_707,c,2025-02-24 19:58:11.629311
case_707,b,2025-02-24 20:03:11.629311
case_707,a,2025-02-24 20:08:11.629311
case_707,c,2025-02-24 20:13:11.629311
case_707,a,2025-02-24 20:18:11.629311
case_707,b,2025-02-24 20:23:11.629311
case_707,c,2025-02-24 20:28:11.629311
case_707,b,2025-02-24 20:33:11.629311
case_707,a,2025-02-24 20:38:11.629311
case_707,b,2025-02-24 20:43:11.629311
case_707,c,2025-02-24 20:48:11.629311
case_707,c,2025-02-24 20:53:11.629311
case_707,b,2025-02-24 20:58:11.629311
case_707,b,2025-02-24 21:03:11.629311
case_708,a,2025-02-24 19:28:11.629342
case_708,c,2025-02-24 19:33:11.629342
case_708,a,2025-02-24 19:38:11.629342
case_708,c,2025-02-24 19:43:11.629342
case_708,a,2025-02-24 19:48:11.629342
case_708,a,2025-02-24 19:53:11.629342
case_708,c,2025-02-24 19:58:11.629342
case_708,b,2025-02-24 20:03:11.629342
case_708,a,2025-02-24 20:08:11.629342
case_708,b,2025-02-24 20:13:11.629342
case_708,c,2025-02-24 20:18:11.629342
case_708,c,2025-02-24 20:23:11.629342
case_708,a,2025-02-24 20:28:11.629342
case_708,a,2025-02-24 20:33:11.629342
case_708,c,2025-02-24 20:38:11.629342
case_708,b,2025-02-24 20:43:11.629342
case_708,b,2025-02-24 20:48:11.629342
case_708,a,2025-02-24 20:53:11.629342
case_708,b,2025-02-24 20:58:11.629342
case_708,a,2025-02-24 21:03:11.629342
case_709,b,2025-02-24 19:28:11.629372
case_709,a,2025-02-24 19:33:11.629372
case_709,c,2025-02-24 19:38:11.629372
case_709,a,2025-02-24 19:43:11.629372
case_709,c,2025-02-24 19:48:11.629372
case_709,b,2025-02-24 19:53:11.629372
case_709,c,2025-02-24 19:58:11.629372
case_709,b,2025-02-24 20:03:11.629372
case_709,b,2025-02-24 20:08:11.629372
case_709,c,2025-02-24 20:13:11.629372
case_709,b,2025-02-24 20:18:11.629372
case_709,c,2025-02-24 20:23:11.629372
case_709,b,2025-02-24 20:28:11.629372
case_709,c,2025-02-24 20:33:11.629372
case_709,b,2025-02-24 20:38:11.629372
case_709,c,2025-02-24 20:43:11.629372
case_709,a,2025-02-24 20:48:11.629372
case_709,c,2025-02-24 20:53:11.629372
case_709,c,2025-02-24 20:58:11.629372
case_709,b,2025-02-24 21:03:11.629372
case_710,a,2025-02-24 19:28:11.629402
case_710,b,2025-02-24 19:33:11.629402
case_710,a,2025-02-24 19:38:11.629402
case_710,a,2025-02-24 19:43:11.629402
case_710,a,2025-02-24 19:48:11.629402
case_710,b,2025-02-24 19:53:11.629402
case_710,b,2025-02-24 19:58:11.629402
case_710,b,2025-02-24 20:03:11.629402
case_710,b,2025-02-24 20:08:11.629402
case_710,b,2025-02-24 20:13:11.629402
case_710,a,2025-02-24 20:18:11.629402
case_710,a,2025-02-24 20:23:11.629402
case_710,a,2025-02-24 20:28:11.629402
case_710,a,2025-02-24 20:33:11.629402
case_710,b,2025-02-24 20:38:11.629402
case_710,c,2025-02-24 20:43:11.629402
case_710,c,2025-02-24 20:48:11.629402
case_710,c,2025-02-24 20:53:11.629402
case_710,b,2025-02-24 20:58:11.629402
case_710,a,2025-02-24 21:03:11.629402
case_711,b,2025-02-24 19:28:11.629433
case_711,c,2025-02-24 19:33:11.629433
case_711,c,2025-02-24 19:38:11.629433
case_711,b,2025-02-24 19:43:11.629433
case_711,a,2025-02-24 19:48:11.629433
case_711,a,2025-02-24 19:53:11.629433
case_711,a,2025-02-24 19:58:11.629433
case_711,c,2025-02-24 20:03:11.629433
case_711,b,2025-02-24 20:08:11.629433
case_711,a,2025-02-24 20:13:11.629433
case_711,b,2025-02-24 20:18:11.629433
case_711,a,2025-02-24 20:23:11.629433
case_711,c,2025-02-24 20:28:11.629433
case_711,c,2025-02-24 20:33:11.629433
case_711,b,2025-02-24 20:38:11.629433
case_711,b,2025-02-24 20:43:11.629433
case_711,b,2025-02-24 20:48:11.629433
case_711,b,2025-02-24 20:53:11.629433
case_711,c,2025-02-24 20:58:11.629433
case_711,b,2025-02-24 21:03:11.629433
case_712,b,2025-02-24 19:28:11.629462
case_712,c,2025-02-24 19:33:11.629462
case_712,a,2025-02-24 19:38:11.629462
case_712,c,2025-02-24 19:43:11.629462
case_712,a,2025-02-24 19:48:11.629462
case_712,c,2025-02-24 19:53:11.629462
case_712,b,2025-02-24 19:58:11.629462
case_712,a,2025-02-24 20:03:11.629462
case_712,a,2025-02-24 20:08:11.629462
case_712,a,2025-02-24 20:13:11.629462
case_712,c,2025-02-24 20:18:11.629462
case_712,a,2025-02-24 20:23:11.629462
case_712,a,2025-02-24 20:28:11.629462
case_712,c,2025-02-24 20:33:11.629462
case_712,c,2025-02-24 20:38:11.629462
case_712,a,2025-02-24 20:43:11.629462
case_712,a,2025-02-24 20:48:11.629462
case_712,b,2025-02-24 20:53:11.629462
case_712,b,2025-02-24 20:58:11.629462
case_712,b,2025-02-24 21:03:11.629462
case_713,a,2025-02-24 19:28:11.629491
case_713,b,2025-02-24 19:33:11.629491
case_713,c,2025-02-24 19:38:11.629491
case_713,b,2025-02-24 19:43:11.629491
case_713,a,2025-02-24 19:48:11.629491
case_713,a,2025-02-24 19:53:11.629491
case_713,a,2025-02-24 19:58:11.629491
case_713,b,2025-02-24 20:03:11.629491
case_713,c,2025-02-24 20:08:11.629491
case_713,b,2025-02-24 20:13:11.629491
case_713,b,2025-02-24 20:18:11.629491
case_713,a,2025-02-24 20:23:11.629491
case_713,c,2025-02-24 20:28:11.629491
case_713,a,2025-02-24 20:33:11.629491
case_713,a,2025-02-24 20:38:11.629491
case_713,b,2025-02-24 20:43:11.629491
case_713,b,2025-02-24 20:48:11.629491
case_713,c,2025-02-24 20:53:11.629491
case_713,b,2025-02-24 20:58:11.629491
case_713,a,2025-02-24 21:03:11.629491
case_714,b,2025-02-24 19:28:11.629521
case_714,c,2025-02-24 19:33:11.629521
case_714,c,2025-02-24 19:38:11.629521
case_714,b,2025-02-24 19:43:11.629521
case_714,c,2025-02-24 19:48:11.629521
case_714,b,2025-02-24 19:53:11.629521
case_714,c,2025-02-24 19:58:11.629521
case_714,a,2025-02-24 20:03:11.629521
case_714,b,2025-02-24 20:08:11.629521
case_714,a,2025-02-24 20:13:11.629521
case_714,b,2025-02-24 20:18:11.629521
case_714,c,2025-02-24 20:23:11.629521
case_714,a,2025-02-24 20:28:11.629521
case_714,b,2025-02-24 20:33:11.629521
case_714,b,2025-02-24 20:38:11.629521
case_714,a,2025-02-24 20:43:11.629521
case_714,a,2025-02-24 20:48:11.629521
case_714,b,2025-02-24 20:53:11.629521
case_714,a,2025-02-24 20:58:11.629521
case_714,c,2025-02-24 21:03:11.629521
case_715,a,2025-02-24 19:28:11.629550
case_715,c,2025-02-24 19:33:11.629550
case_715,a,2025-02-24 19:38:11.629550
case_715,c,2025-02-24 19:43:11.629550
case_715,c,2025-02-24 19:48:11.629550
case_715,c,2025-02-24 19:53:11.629550
case_715,c,2025-02-24 19:58:11.629550
case_715,b,2025-02-24 20:03:11.629550
case_715,a,2025-02-24 20:08:11.629550
case_715,b,2025-02-24 20:13:11.629550
case_715,a,2025-02-24 20:18:11.629550
case_715,c,2025-02-24 20:23:11.629550
case_715,a,2025-02-24 20:28:11.629550
case_715,b,2025-02-24 20:33:11.629550
case_715,b,2025-02-24 20:38:11.629550
case_715,b,2025-02-24 20:43:11.629550
case_715,a,2025-02-24 20:48:11.629550
case_715,a,2025-02-24 20:53:11.629550
case_715,c,2025-02-24 20:58:11.629550
case_715,b,2025-02-24 21:03:11.629550
case_716,a,2025-02-24 19:28:11.629579
case_716,a,2025-02-24 19:33:11.629579
case_716,b,2025-02-24 19:38:11.629579
case_716,b,2025-02-24 19:43:11.629579
case_716,a,2025-02-24 19:48:11.629579
case_716,a,2025-02-24 19:53:11.629579
case_716,a,2025-02-24 19:58:11.629579
case_716,c,2025-02-24 20:03:11.629579
case_716,b,2025-02-24 20:08:11.629579
case_716,c,2025-02-24 20:13:11.629579
case_716,c,2025-02-24 20:18:11.629579
case_716,b,2025-02-24 20:23:11.629579
case_716,a,2025-02-24 20:28:11.629579
case_716,c,2025-02-24 20:33:11.629579
case_716,a,2025-02-24 20:38:11.629579
case_716,c,2025-02-24 20:43:11.629579
case_716,b,2025-02-24 20:48:11.629579
case_716,a,2025-02-24 20:53:11.629579
case_716,c,2025-02-24 20:58:11.629579
case_716,c,2025-02-24 21:03:11.629579
case_717,a,2025-02-24 19:28:11.629608
case_717,b,2025-02-24 19:33:11.629608
case_717,c,2025-02-24 19:38:11.629608
case_717,a,2025-02-24 19:43:11.629608
case_717,b,2025-02-24 19:48:11.629608
case_717,c,2025-02-24 19:53:11.629608
case_717,b,2025-02-24 19:58:11.629608
case_717,b,2025-02-24 20:03:11.629608
case_717,a,2025-02-24 20:08:11.629608
case_717,a,2025-02-24 20:13:11.629608
case_717,a,2025-02-24 20:18:11.629608
case_717,a,2025-02-24 20:23:11.629608
case_717,b,2025-02-24 20:28:11.629608
case_717,a,2025-02-24 20:33:11.629608
case_717,b,2025-02-24 20:38:11.629608
case_717,a,2025-02-24 20:43:11.629608
case_717,b,2025-02-24 20:48:11.629608
case_717,b,2025-02-24 20:53:11.629608
case_717,c,2025-02-24 20:58:11.629608
case_717,a,2025-02-24 21:03:11.629608
case_718,b,2025-02-24 19:28:11.629637
case_718,c,2025-02-24 19:33:11.629637
case_718,c,2025-02-24 19:38:11.629637
case_718,c,2025-02-24 19:43:11.629637
case_718,c,2025-02-24 19:48:11.629637
case_718,a,2025-02-24 19:53:11.629637
case_718,b,2025-02-24 19:58:11.629637
case_718,c,2025-02-24 20:03:11.629637
case_718,a,2025-02-24 20:08:11.629637
case_718,a,2025-02-24 20:13:11.629637
case_718,c,2025-02-24 20:18:11.629637
case_718,a,2025-02-24 20:23:11.629637
case_718,a,2025-02-24 20:28:11.629637
case_718,c,2025-02-24 20:33:11.629637
case_718,c,2025-02-24 20:38:11.629637
case_718,c,2025-02-24 20:43:11.629637
case_718,c,2025-02-24 20:48:11.629637
case_718,a,2025-02-24 20:53:11.629637
case_718,b,2025-02-24 20:58:11.629637
case_718,c,2025-02-24 21:03:11.629637
case_719,b,2025-02-24 19:28:11.629667
case_719,a,2025-02-24 19:33:11.629667
case_719,a,2025-02-24 19:38:11.629667
case_719,c,2025-02-24 19:43:11.629667
case_719,c,2025-02-24 19:48:11.629667
case_719,a,2025-02-24 19:53:11.629667
case_719,a,2025-02-24 19:58:11.629667
case_719,a,2025-02-24 20:03:11.629667
case_719,c,2025-02-24 20:08:11.629667
case_719,a,2025-02-24 20:13:11.629667
case_719,a,2025-02-24 20:18:11.629667
case_719,b,2025-02-24 20:23:11.629667
case_719,c,2025-02-24 20:28:11.629667
case_719,b,2025-02-24 20:33:11.629667
case_719,c,2025-02-24 20:38:11.629667
case_719,b,2025-02-24 20:43:11.629667
case_719,a,2025-02-24 20:48:11.629667
case_719,a,2025-02-24 20:53:11.629667
case_719,b,2025-02-24 20:58:11.629667
case_719,a,2025-02-24 21:03:11.629667
case_720,b,2025-02-24 19:28:11.629696
case_720,b,2025-02-24 19:33:11.629696
case_720,c,2025-02-24 19:38:11.629696
case_720,a,2025-02-24 19:43:11.629696
case_720,c,2025-02-24 19:48:11.629696
case_720,b,2025-02-24 19:53:11.629696
case_720,b,2025-02-24 19:58:11.629696
case_720,b,2025-02-24 20:03:11.629696
case_720,c,2025-02-24 20:08:11.629696
case_720,a,2025-02-24 20:13:11.629696
case_720,a,2025-02-24 20:18:11.629696
case_720,c,2025-02-24 20:23:11.629696
case_720,b,2025-02-24 20:28:11.629696
case_720,a,2025-02-24 20:33:11.629696
case_720,c,2025-02-24 20:38:11.629696
case_720,b,2025-02-24 20:43:11.629696
case_720,a,2025-02-24 20:48:11.629696
case_720,c,2025-02-24 20:53:11.629696
case_720,a,2025-02-24 20:58:11.629696
case_720,c,2025-02-24 21:03:11.629696
case_721,b,2025-02-24 19:28:11.629726
case_721,a,2025-02-24 19:33:11.629726
case_721,c,2025-02-24 19:38:11.629726
case_721,c,2025-02-24 19:43:11.629726
case_721,a,2025-02-24 19:48:11.629726
case_721,a,2025-02-24 19:53:11.629726
case_721,b,2025-02-24 19:58:11.629726
case_721,b,2025-02-24 20:03:11.629726
case_721,a,2025-02-24 20:08:11.629726
case_721,a,2025-02-24 20:13:11.629726
case_721,b,2025-02-24 20:18:11.629726
case_721,b,2025-02-24 20:23:11.629726
case_721,c,2025-02-24 20:28:11.629726
case_721,b,2025-02-24 20:33:11.629726
case_721,a,2025-02-24 20:38:11.629726
case_721,c,2025-02-24 20:43:11.629726
case_721,b,2025-02-24 20:48:11.629726
case_721,c,2025-02-24 20:53:11.629726
case_721,c,2025-02-24 20:58:11.629726
case_721,a,2025-02-24 21:03:11.629726
case_722,a,2025-02-24 19:28:11.629755
case_722,b,2025-02-24 19:33:11.629755
case_722,a,2025-02-24 19:38:11.629755
case_722,a,2025-02-24 19:43:11.629755
case_722,a,2025-02-24 19:48:11.629755
case_722,c,2025-02-24 19:53:11.629755
case_722,a,2025-02-24 19:58:11.629755
case_722,c,2025-02-24 20:03:11.629755
case_722,c,2025-02-24 20:08:11.629755
case_722,a,2025-02-24 20:13:11.629755
case_722,a,2025-02-24 20:18:11.629755
case_722,b,2025-02-24 20:23:11.629755
case_722,a,2025-02-24 20:28:11.629755
case_722,b,2025-02-24 20:33:11.629755
case_722,c,2025-02-24 20:38:11.629755
case_722,b,2025-02-24 20:43:11.629755
case_722,a,2025-02-24 20:48:11.629755
case_722,c,2025-02-24 20:53:11.629755
case_722,a,2025-02-24 20:58:11.629755
case_722,c,2025-02-24 21:03:11.629755
case_723,b,2025-02-24 19:28:11.629784
case_723,b,2025-02-24 19:33:11.629784
case_723,c,2025-02-24 19:38:11.629784
case_723,a,2025-02-24 19:43:11.629784
case_723,b,2025-02-24 19:48:11.629784
case_723,b,2025-02-24 19:53:11.629784
case_723,c,2025-02-24 19:58:11.629784
case_723,b,2025-02-24 20:03:11.629784
case_723,c,2025-02-24 20:08:11.629784
case_723,b,2025-02-24 20:13:11.629784
case_723,c,2025-02-24 20:18:11.629784
case_723,b,2025-02-24 20:23:11.629784
case_723,c,2025-02-24 20:28:11.629784
case_723,a,2025-02-24 20:33:11.629784
case_723,c,2025-02-24 20:38:11.629784
case_723,a,2025-02-24 20:43:11.629784
case_723,c,2025-02-24 20:48:11.629784
case_723,c,2025-02-24 20:53:11.629784
case_723,c,2025-02-24 20:58:11.629784
case_723,b,2025-02-24 21:03:11.629784
case_724,a,2025-02-24 19:28:11.629814
case_724,b,2025-02-24 19:33:11.629814
case_724,b,2025-02-24 19:38:11.629814
case_724,c,2025-02-24 19:43:11.629814
case_724,c,2025-02-24 19:48:11.629814
case_724,b,2025-02-24 19:53:11.629814
case_724,b,2025-02-24 19:58:11.629814
case_724,c,2025-02-24 20:03:11.629814
case_724,c,2025-02-24 20:08:11.629814
case_724,b,2025-02-24 20:13:11.629814
case_724,a,2025-02-24 20:18:11.629814
case_724,a,2025-02-24 20:23:11.629814
case_724,b,2025-02-24 20:28:11.629814
case_724,a,2025-02-24 20:33:11.629814
case_724,c,2025-02-24 20:38:11.629814
case_724,b,2025-02-24 20:43:11.629814
case_724,c,2025-02-24 20:48:11.629814
case_724,a,2025-02-24 20:53:11.629814
case_724,b,2025-02-24 20:58:11.629814
case_724,c,2025-02-24 21:03:11.629814
case_725,b,2025-02-24 19:28:11.629843
case_725,a,2025-02-24 19:33:11.629843
case_725,a,2025-02-24 19:38:11.629843
case_725,c,2025-02-24 19:43:11.629843
case_725,c,2025-02-24 19:48:11.629843
case_725,b,2025-02-24 19:53:11.629843
case_725,a,2025-02-24 19:58:11.629843
case_725,a,2025-02-24 20:03:11.629843
case_725,a,2025-02-24 20:08:11.629843
case_725,c,2025-02-24 20:13:11.629843
case_725,b,2025-02-24 20:18:11.629843
case_725,b,2025-02-24 20:23:11.629843
case_725,a,2025-02-24 20:28:11.629843
case_725,a,2025-02-24 20:33:11.629843
case_725,a,2025-02-24 20:38:11.629843
case_725,c,2025-02-24 20:43:11.629843
case_725,c,2025-02-24 20:48:11.629843
case_725,b,2025-02-24 20:53:11.629843
case_725,a,2025-02-24 20:58:11.629843
case_725,a,2025-02-24 21:03:11.629843
case_726,a,2025-02-24 19:28:11.629872
case_726,c,2025-02-24 19:33:11.629872
case_726,b,2025-02-24 19:38:11.629872
case_726,a,2025-02-24 19:43:11.629872
case_726,c,2025-02-24 19:48:11.629872
case_726,a,2025-02-24 19:53:11.629872
case_726,a,2025-02-24 19:58:11.629872
case_726,b,2025-02-24 20:03:11.629872
case_726,b,2025-02-24 20:08:11.629872
case_726,b,2025-02-24 20:13:11.629872
case_726,b,2025-02-24 20:18:11.629872
case_726,a,2025-02-24 20:23:11.629872
case_726,c,2025-02-24 20:28:11.629872
case_726,b,2025-02-24 20:33:11.629872
case_726,b,2025-02-24 20:38:11.629872
case_726,c,2025-02-24 20:43:11.629872
case_726,a,2025-02-24 20:48:11.629872
case_726,a,2025-02-24 20:53:11.629872
case_726,c,2025-02-24 20:58:11.629872
case_726,b,2025-02-24 21:03:11.629872
case_727,a,2025-02-24 19:28:11.629902
case_727,c,2025-02-24 19:33:11.629902
case_727,c,2025-02-24 19:38:11.629902
case_727,b,2025-02-24 19:43:11.629902
case_727,a,2025-02-24 19:48:11.629902
case_727,b,2025-02-24 19:53:11.629902
case_727,c,2025-02-24 19:58:11.629902
case_727,c,2025-02-24 20:03:11.629902
case_727,c,2025-02-24 20:08:11.629902
case_727,a,2025-02-24 20:13:11.629902
case_727,c,2025-02-24 20:18:11.629902
case_727,b,2025-02-24 20:23:11.629902
case_727,c,2025-02-24 20:28:11.629902
case_727,b,2025-02-24 20:33:11.629902
case_727,b,2025-02-24 20:38:11.629902
case_727,c,2025-02-24 20:43:11.629902
case_727,b,2025-02-24 20:48:11.629902
case_727,b,2025-02-24 20:53:11.629902
case_727,b,2025-02-24 20:58:11.629902
case_727,a,2025-02-24 21:03:11.629902
case_728,b,2025-02-24 19:28:11.629931
case_728,c,2025-02-24 19:33:11.629931
case_728,c,2025-02-24 19:38:11.629931
case_728,b,2025-02-24 19:43:11.629931
case_728,b,2025-02-24 19:48:11.629931
case_728,a,2025-02-24 19:53:11.629931
case_728,b,2025-02-24 19:58:11.629931
case_728,c,2025-02-24 20:03:11.629931
case_728,a,2025-02-24 20:08:11.629931
case_728,a,2025-02-24 20:13:11.629931
case_728,b,2025-02-24 20:18:11.629931
case_728,a,2025-02-24 20:23:11.629931
case_728,c,2025-02-24 20:28:11.629931
case_728,a,2025-02-24 20:33:11.629931
case_728,a,2025-02-24 20:38:11.629931
case_728,b,2025-02-24 20:43:11.629931
case_728,b,2025-02-24 20:48:11.629931
case_728,b,2025-02-24 20:53:11.629931
case_728,a,2025-02-24 20:58:11.629931
case_728,b,2025-02-24 21:03:11.629931
case_729,a,2025-02-24 19:28:11.629961
case_729,a,2025-02-24 19:33:11.629961
case_729,a,2025-02-24 19:38:11.629961
case_729,b,2025-02-24 19:43:11.629961
case_729,a,2025-02-24 19:48:11.629961
case_729,b,2025-02-24 19:53:11.629961
case_729,b,2025-02-24 19:58:11.629961
case_729,a,2025-02-24 20:03:11.629961
case_729,c,2025-02-24 20:08:11.629961
case_729,a,2025-02-24 20:13:11.629961
case_729,c,2025-02-24 20:18:11.629961
case_729,a,2025-02-24 20:23:11.629961
case_729,b,2025-02-24 20:28:11.629961
case_729,a,2025-02-24 20:33:11.629961
case_729,a,2025-02-24 20:38:11.629961
case_729,a,2025-02-24 20:43:11.629961
case_729,a,2025-02-24 20:48:11.629961
case_729,a,2025-02-24 20:53:11.629961
case_729,a,2025-02-24 20:58:11.629961
case_729,c,2025-02-24 21:03:11.629961
case_730,a,2025-02-24 19:28:11.629990
case_730,c,2025-02-24 19:33:11.629990
case_730,c,2025-02-24 19:38:11.629990
case_730,c,2025-02-24 19:43:11.629990
case_730,a,2025-02-24 19:48:11.629990
case_730,c,2025-02-24 19:53:11.629990
case_730,c,2025-02-24 19:58:11.629990
case_730,c,2025-02-24 20:03:11.629990
case_730,b,2025-02-24 20:08:11.629990
case_730,a,2025-02-24 20:13:11.629990
case_730,c,2025-02-24 20:18:11.629990
case_730,a,2025-02-24 20:23:11.629990
case_730,c,2025-02-24 20:28:11.629990
case_730,a,2025-02-24 20:33:11.629990
case_730,c,2025-02-24 20:38:11.629990
case_730,a,2025-02-24 20:43:11.629990
case_730,b,2025-02-24 20:48:11.629990
case_730,a,2025-02-24 20:53:11.629990
case_730,a,2025-02-24 20:58:11.629990
case_730,b,2025-02-24 21:03:11.629990
case_731,a,2025-02-24 19:28:11.630019
case_731,c,2025-02-24 19:33:11.630019
case_731,a,2025-02-24 19:38:11.630019
case_731,a,2025-02-24 19:43:11.630019
case_731,b,2025-02-24 19:48:11.630019
case_731,c,2025-02-24 19:53:11.630019
case_731,b,2025-02-24 19:58:11.630019
case_731,a,2025-02-24 20:03:11.630019
case_731,b,2025-02-24 20:08:11.630019
case_731,c,2025-02-24 20:13:11.630019
case_731,c,2025-02-24 20:18:11.630019
case_731,b,2025-02-24 20:23:11.630019
case_731,a,2025-02-24 20:28:11.630019
case_731,b,2025-02-24 20:33:11.630019
case_731,a,2025-02-24 20:38:11.630019
case_731,c,2025-02-24 20:43:11.630019
case_731,b,2025-02-24 20:48:11.630019
case_731,b,2025-02-24 20:53:11.630019
case_731,a,2025-02-24 20:58:11.630019
case_731,c,2025-02-24 21:03:11.630019
case_732,a,2025-02-24 19:28:11.630048
case_732,b,2025-02-24 19:33:11.630048
case_732,a,2025-02-24 19:38:11.630048
case_732,b,2025-02-24 19:43:11.630048
case_732,b,2025-02-24 19:48:11.630048
case_732,a,2025-02-24 19:53:11.630048
case_732,c,2025-02-24 19:58:11.630048
case_732,c,2025-02-24 20:03:11.630048
case_732,a,2025-02-24 20:08:11.630048
case_732,a,2025-02-24 20:13:11.630048
case_732,b,2025-02-24 20:18:11.630048
case_732,c,2025-02-24 20:23:11.630048
case_732,a,2025-02-24 20:28:11.630048
case_732,b,2025-02-24 20:33:11.630048
case_732,b,2025-02-24 20:38:11.630048
case_732,c,2025-02-24 20:43:11.630048
case_732,c,2025-02-24 20:48:11.630048
case_732,c,2025-02-24 20:53:11.630048
case_732,a,2025-02-24 20:58:11.630048
case_732,a,2025-02-24 21:03:11.630048
case_733,b,2025-02-24 19:28:11.630077
case_733,b,2025-02-24 19:33:11.630077
case_733,b,2025-02-24 19:38:11.630077
case_733,a,2025-02-24 19:43:11.630077
case_733,c,2025-02-24 19:48:11.630077
case_733,c,2025-02-24 19:53:11.630077
case_733,b,2025-02-24 19:58:11.630077
case_733,b,2025-02-24 20:03:11.630077
case_733,b,2025-02-24 20:08:11.630077
case_733,c,2025-02-24 20:13:11.630077
case_733,c,2025-02-24 20:18:11.630077
case_733,c,2025-02-24 20:23:11.630077
case_733,c,2025-02-24 20:28:11.630077
case_733,c,2025-02-24 20:33:11.630077
case_733,c,2025-02-24 20:38:11.630077
case_733,b,2025-02-24 20:43:11.630077
case_733,b,2025-02-24 20:48:11.630077
case_733,a,2025-02-24 20:53:11.630077
case_733,b,2025-02-24 20:58:11.630077
case_733,b,2025-02-24 21:03:11.630077
case_734,a,2025-02-24 19:28:11.630107
case_734,a,2025-02-24 19:33:11.630107
case_734,a,2025-02-24 19:38:11.630107
case_734,a,2025-02-24 19:43:11.630107
case_734,a,2025-02-24 19:48:11.630107
case_734,c,2025-02-24 19:53:11.630107
case_734,c,2025-02-24 19:58:11.630107
case_734,a,2025-02-24 20:03:11.630107
case_734,b,2025-02-24 20:08:11.630107
case_734,b,2025-02-24 20:13:11.630107
case_734,c,2025-02-24 20:18:11.630107
case_734,c,2025-02-24 20:23:11.630107
case_734,a,2025-02-24 20:28:11.630107
case_734,c,2025-02-24 20:33:11.630107
case_734,c,2025-02-24 20:38:11.630107
case_734,b,2025-02-24 20:43:11.630107
case_734,a,2025-02-24 20:48:11.630107
case_734,a,2025-02-24 20:53:11.630107
case_734,b,2025-02-24 20:58:11.630107
case_734,b,2025-02-24 21:03:11.630107
case_735,a,2025-02-24 19:28:11.630136
case_735,b,2025-02-24 19:33:11.630136
case_735,c,2025-02-24 19:38:11.630136
case_735,b,2025-02-24 19:43:11.630136
case_735,b,2025-02-24 19:48:11.630136
case_735,c,2025-02-24 19:53:11.630136
case_735,a,2025-02-24 19:58:11.630136
case_735,a,2025-02-24 20:03:11.630136
case_735,a,2025-02-24 20:08:11.630136
case_735,c,2025-02-24 20:13:11.630136
case_735,b,2025-02-24 20:18:11.630136
case_735,b,2025-02-24 20:23:11.630136
case_735,a,2025-02-24 20:28:11.630136
case_735,b,2025-02-24 20:33:11.630136
case_735,a,2025-02-24 20:38:11.630136
case_735,b,2025-02-24 20:43:11.630136
case_735,b,2025-02-24 20:48:11.630136
case_735,b,2025-02-24 20:53:11.630136
case_735,c,2025-02-24 20:58:11.630136
case_735,a,2025-02-24 21:03:11.630136
case_736,b,2025-02-24 19:28:11.630166
case_736,b,2025-02-24 19:33:11.630166
case_736,a,2025-02-24 19:38:11.630166
case_736,a,2025-02-24 19:43:11.630166
case_736,a,2025-02-24 19:48:11.630166
case_736,b,2025-02-24 19:53:11.630166
case_736,b,2025-02-24 19:58:11.630166
case_736,c,2025-02-24 20:03:11.630166
case_736,a,2025-02-24 20:08:11.630166
case_736,b,2025-02-24 20:13:11.630166
case_736,a,2025-02-24 20:18:11.630166
case_736,a,2025-02-24 20:23:11.630166
case_736,c,2025-02-24 20:28:11.630166
case_736,a,2025-02-24 20:33:11.630166
case_736,a,2025-02-24 20:38:11.630166
case_736,b,2025-02-24 20:43:11.630166
case_736,b,2025-02-24 20:48:11.630166
case_736,c,2025-02-24 20:53:11.630166
case_736,b,2025-02-24 20:58:11.630166
case_736,a,2025-02-24 21:03:11.630166
case_737,a,2025-02-24 19:28:11.630195
case_737,a,2025-02-24 19:33:11.630195
case_737,c,2025-02-24 19:38:11.630195
case_737,c,2025-02-24 19:43:11.630195
case_737,a,2025-02-24 19:48:11.630195
case_737,b,2025-02-24 19:53:11.630195
case_737,c,2025-02-24 19:58:11.630195
case_737,c,2025-02-24 20:03:11.630195
case_737,c,2025-02-24 20:08:11.630195
case_737,c,2025-02-24 20:13:11.630195
case_737,c,2025-02-24 20:18:11.630195
case_737,c,2025-02-24 20:23:11.630195
case_737,c,2025-02-24 20:28:11.630195
case_737,c,2025-02-24 20:33:11.630195
case_737,b,2025-02-24 20:38:11.630195
case_737,b,2025-02-24 20:43:11.630195
case_737,b,2025-02-24 20:48:11.630195
case_737,a,2025-02-24 20:53:11.630195
case_737,c,2025-02-24 20:58:11.630195
case_737,b,2025-02-24 21:03:11.630195
case_738,b,2025-02-24 19:28:11.630225
case_738,c,2025-02-24 19:33:11.630225
case_738,c,2025-02-24 19:38:11.630225
case_738,b,2025-02-24 19:43:11.630225
case_738,a,2025-02-24 19:48:11.630225
case_738,c,2025-02-24 19:53:11.630225
case_738,c,2025-02-24 19:58:11.630225
case_738,a,2025-02-24 20:03:11.630225
case_738,a,2025-02-24 20:08:11.630225
case_738,a,2025-02-24 20:13:11.630225
case_738,c,2025-02-24 20:18:11.630225
case_738,a,2025-02-24 20:23:11.630225
case_738,b,2025-02-24 20:28:11.630225
case_738,c,2025-02-24 20:33:11.630225
case_738,a,2025-02-24 20:38:11.630225
case_738,c,2025-02-24 20:43:11.630225
case_738,a,2025-02-24 20:48:11.630225
case_738,a,2025-02-24 20:53:11.630225
case_738,b,2025-02-24 20:58:11.630225
case_738,c,2025-02-24 21:03:11.630225
case_739,a,2025-02-24 19:28:11.630254
case_739,c,2025-02-24 19:33:11.630254
case_739,b,2025-02-24 19:38:11.630254
case_739,b,2025-02-24 19:43:11.630254
case_739,b,2025-02-24 19:48:11.630254
case_739,c,2025-02-24 19:53:11.630254
case_739,a,2025-02-24 19:58:11.630254
case_739,c,2025-02-24 20:03:11.630254
case_739,b,2025-02-24 20:08:11.630254
case_739,b,2025-02-24 20:13:11.630254
case_739,b,2025-02-24 20:18:11.630254
case_739,b,2025-02-24 20:23:11.630254
case_739,a,2025-02-24 20:28:11.630254
case_739,c,2025-02-24 20:33:11.630254
case_739,c,2025-02-24 20:38:11.630254
case_739,c,2025-02-24 20:43:11.630254
case_739,c,2025-02-24 20:48:11.630254
case_739,b,2025-02-24 20:53:11.630254
case_739,b,2025-02-24 20:58:11.630254
case_739,c,2025-02-24 21:03:11.630254
case_740,b,2025-02-24 19:28:11.630284
case_740,a,2025-02-24 19:33:11.630284
case_740,b,2025-02-24 19:38:11.630284
case_740,a,2025-02-24 19:43:11.630284
case_740,c,2025-02-24 19:48:11.630284
case_740,c,2025-02-24 19:53:11.630284
case_740,b,2025-02-24 19:58:11.630284
case_740,c,2025-02-24 20:03:11.630284
case_740,a,2025-02-24 20:08:11.630284
case_740,a,2025-02-24 20:13:11.630284
case_740,c,2025-02-24 20:18:11.630284
case_740,a,2025-02-24 20:23:11.630284
case_740,c,2025-02-24 20:28:11.630284
case_740,a,2025-02-24 20:33:11.630284
case_740,c,2025-02-24 20:38:11.630284
case_740,c,2025-02-24 20:43:11.630284
case_740,b,2025-02-24 20:48:11.630284
case_740,a,2025-02-24 20:53:11.630284
case_740,b,2025-02-24 20:58:11.630284
case_740,b,2025-02-24 21:03:11.630284
case_741,b,2025-02-24 19:28:11.630313
case_741,c,2025-02-24 19:33:11.630313
case_741,b,2025-02-24 19:38:11.630313
case_741,c,2025-02-24 19:43:11.630313
case_741,c,2025-02-24 19:48:11.630313
case_741,c,2025-02-24 19:53:11.630313
case_741,b,2025-02-24 19:58:11.630313
case_741,c,2025-02-24 20:03:11.630313
case_741,b,2025-02-24 20:08:11.630313
case_741,a,2025-02-24 20:13:11.630313
case_741,b,2025-02-24 20:18:11.630313
case_741,a,2025-02-24 20:23:11.630313
case_741,a,2025-02-24 20:28:11.630313
case_741,c,2025-02-24 20:33:11.630313
case_741,b,2025-02-24 20:38:11.630313
case_741,a,2025-02-24 20:43:11.630313
case_741,c,2025-02-24 20:48:11.630313
case_741,a,2025-02-24 20:53:11.630313
case_741,b,2025-02-24 20:58:11.630313
case_741,b,2025-02-24 21:03:11.630313
case_742,b,2025-02-24 19:28:11.630345
case_742,c,2025-02-24 19:33:11.630345
case_742,a,2025-02-24 19:38:11.630345
case_742,c,2025-02-24 19:43:11.630345
case_742,b,2025-02-24 19:48:11.630345
case_742,a,2025-02-24 19:53:11.630345
case_742,b,2025-02-24 19:58:11.630345
case_742,c,2025-02-24 20:03:11.630345
case_742,a,2025-02-24 20:08:11.630345
case_742,c,2025-02-24 20:13:11.630345
case_742,b,2025-02-24 20:18:11.630345
case_742,b,2025-02-24 20:23:11.630345
case_742,a,2025-02-24 20:28:11.630345
case_742,a,2025-02-24 20:33:11.630345
case_742,c,2025-02-24 20:38:11.630345
case_742,a,2025-02-24 20:43:11.630345
case_742,b,2025-02-24 20:48:11.630345
case_742,a,2025-02-24 20:53:11.630345
case_742,b,2025-02-24 20:58:11.630345
case_742,c,2025-02-24 21:03:11.630345
case_743,a,2025-02-24 19:28:11.630375
case_743,c,2025-02-24 19:33:11.630375
case_743,c,2025-02-24 19:38:11.630375
case_743,c,2025-02-24 19:43:11.630375
case_743,c,2025-02-24 19:48:11.630375
case_743,c,2025-02-24 19:53:11.630375
case_743,c,2025-02-24 19:58:11.630375
case_743,c,2025-02-24 20:03:11.630375
case_743,c,2025-02-24 20:08:11.630375
case_743,a,2025-02-24 20:13:11.630375
case_743,b,2025-02-24 20:18:11.630375
case_743,c,2025-02-24 20:23:11.630375
case_743,a,2025-02-24 20:28:11.630375
case_743,a,2025-02-24 20:33:11.630375
case_743,c,2025-02-24 20:38:11.630375
case_743,b,2025-02-24 20:43:11.630375
case_743,c,2025-02-24 20:48:11.630375
case_743,a,2025-02-24 20:53:11.630375
case_743,b,2025-02-24 20:58:11.630375
case_743,a,2025-02-24 21:03:11.630375
case_744,b,2025-02-24 19:28:11.630405
case_744,c,2025-02-24 19:33:11.630405
case_744,a,2025-02-24 19:38:11.630405
case_744,b,2025-02-24 19:43:11.630405
case_744,b,2025-02-24 19:48:11.630405
case_744,c,2025-02-24 19:53:11.630405
case_744,b,2025-02-24 19:58:11.630405
case_744,b,2025-02-24 20:03:11.630405
case_744,c,2025-02-24 20:08:11.630405
case_744,c,2025-02-24 20:13:11.630405
case_744,a,2025-02-24 20:18:11.630405
case_744,b,2025-02-24 20:23:11.630405
case_744,a,2025-02-24 20:28:11.630405
case_744,c,2025-02-24 20:33:11.630405
case_744,c,2025-02-24 20:38:11.630405
case_744,c,2025-02-24 20:43:11.630405
case_744,a,2025-02-24 20:48:11.630405
case_744,a,2025-02-24 20:53:11.630405
case_744,a,2025-02-24 20:58:11.630405
case_744,a,2025-02-24 21:03:11.630405
case_745,a,2025-02-24 19:28:11.630436
case_745,b,2025-02-24 19:33:11.630436
case_745,b,2025-02-24 19:38:11.630436
case_745,a,2025-02-24 19:43:11.630436
case_745,b,2025-02-24 19:48:11.630436
case_745,b,2025-02-24 19:53:11.630436
case_745,c,2025-02-24 19:58:11.630436
case_745,c,2025-02-24 20:03:11.630436
case_745,b,2025-02-24 20:08:11.630436
case_745,b,2025-02-24 20:13:11.630436
case_745,c,2025-02-24 20:18:11.630436
case_745,c,2025-02-24 20:23:11.630436
case_745,a,2025-02-24 20:28:11.630436
case_745,b,2025-02-24 20:33:11.630436
case_745,c,2025-02-24 20:38:11.630436
case_745,b,2025-02-24 20:43:11.630436
case_745,b,2025-02-24 20:48:11.630436
case_745,c,2025-02-24 20:53:11.630436
case_745,b,2025-02-24 20:58:11.630436
case_745,c,2025-02-24 21:03:11.630436
case_746,b,2025-02-24 19:28:11.630466
case_746,c,2025-02-24 19:33:11.630466
case_746,b,2025-02-24 19:38:11.630466
case_746,b,2025-02-24 19:43:11.630466
case_746,c,2025-02-24 19:48:11.630466
case_746,b,2025-02-24 19:53:11.630466
case_746,a,2025-02-24 19:58:11.630466
case_746,b,2025-02-24 20:03:11.630466
case_746,a,2025-02-24 20:08:11.630466
case_746,a,2025-02-24 20:13:11.630466
case_746,c,2025-02-24 20:18:11.630466
case_746,b,2025-02-24 20:23:11.630466
case_746,b,2025-02-24 20:28:11.630466
case_746,a,2025-02-24 20:33:11.630466
case_746,a,2025-02-24 20:38:11.630466
case_746,b,2025-02-24 20:43:11.630466
case_746,a,2025-02-24 20:48:11.630466
case_746,b,2025-02-24 20:53:11.630466
case_746,a,2025-02-24 20:58:11.630466
case_746,c,2025-02-24 21:03:11.630466
case_747,b,2025-02-24 19:28:11.630497
case_747,a,2025-02-24 19:33:11.630497
case_747,c,2025-02-24 19:38:11.630497
case_747,a,2025-02-24 19:43:11.630497
case_747,c,2025-02-24 19:48:11.630497
case_747,b,2025-02-24 19:53:11.630497
case_747,c,2025-02-24 19:58:11.630497
case_747,c,2025-02-24 20:03:11.630497
case_747,b,2025-02-24 20:08:11.630497
case_747,a,2025-02-24 20:13:11.630497
case_747,b,2025-02-24 20:18:11.630497
case_747,c,2025-02-24 20:23:11.630497
case_747,b,2025-02-24 20:28:11.630497
case_747,c,2025-02-24 20:33:11.630497
case_747,a,2025-02-24 20:38:11.630497
case_747,a,2025-02-24 20:43:11.630497
case_747,b,2025-02-24 20:48:11.630497
case_747,c,2025-02-24 20:53:11.630497
case_747,c,2025-02-24 20:58:11.630497
case_747,c,2025-02-24 21:03:11.630497
case_748,a,2025-02-24 19:28:11.630527
case_748,b,2025-02-24 19:33:11.630527
case_748,a,2025-02-24 19:38:11.630527
case_748,c,2025-02-24 19:43:11.630527
case_748,c,2025-02-24 19:48:11.630527
case_748,b,2025-02-24 19:53:11.630527
case_748,a,2025-02-24 19:58:11.630527
case_748,a,2025-02-24 20:03:11.630527
case_748,c,2025-02-24 20:08:11.630527
case_748,c,2025-02-24 20:13:11.630527
case_748,b,2025-02-24 20:18:11.630527
case_748,a,2025-02-24 20:23:11.630527
case_748,b,2025-02-24 20:28:11.630527
case_748,b,2025-02-24 20:33:11.630527
case_748,c,2025-02-24 20:38:11.630527
case_748,b,2025-02-24 20:43:11.630527
case_748,b,2025-02-24 20:48:11.630527
case_748,a,2025-02-24 20:53:11.630527
case_748,b,2025-02-24 20:58:11.630527
case_748,c,2025-02-24 21:03:11.630527
case_749,a,2025-02-24 19:28:11.630558
case_749,a,2025-02-24 19:33:11.630558
case_749,a,2025-02-24 19:38:11.630558
case_749,c,2025-02-24 19:43:11.630558
case_749,b,2025-02-24 19:48:11.630558
case_749,c,2025-02-24 19:53:11.630558
case_749,c,2025-02-24 19:58:11.630558
case_749,a,2025-02-24 20:03:11.630558
case_749,c,2025-02-24 20:08:11.630558
case_749,b,2025-02-24 20:13:11.630558
case_749,b,2025-02-24 20:18:11.630558
case_749,c,2025-02-24 20:23:11.630558
case_749,b,2025-02-24 20:28:11.630558
case_749,c,2025-02-24 20:33:11.630558
case_749,a,2025-02-24 20:38:11.630558
case_749,c,2025-02-24 20:43:11.630558
case_749,a,2025-02-24 20:48:11.630558
case_749,b,2025-02-24 20:53:11.630558
case_749,c,2025-02-24 20:58:11.630558
case_749,c,2025-02-24 21:03:11.630558
case_750,a,2025-02-24 19:28:11.630588
case_750,b,2025-02-24 19:33:11.630588
case_750,c,2025-02-24 19:38:11.630588
case_750,a,2025-02-24 19:43:11.630588
case_750,a,2025-02-24 19:48:11.630588
case_750,c,2025-02-24 19:53:11.630588
case_750,b,2025-02-24 19:58:11.630588
case_750,b,2025-02-24 20:03:11.630588
case_750,a,2025-02-24 20:08:11.630588
case_750,b,2025-02-24 20:13:11.630588
case_750,a,2025-02-24 20:18:11.630588
case_750,a,2025-02-24 20:23:11.630588
case_750,c,2025-02-24 20:28:11.630588
case_750,c,2025-02-24 20:33:11.630588
case_750,c,2025-02-24 20:38:11.630588
case_750,c,2025-02-24 20:43:11.630588
case_750,c,2025-02-24 20:48:11.630588
case_750,b,2025-02-24 20:53:11.630588
case_750,b,2025-02-24 20:58:11.630588
case_750,b,2025-02-24 21:03:11.630588
case_751,b,2025-02-24 19:28:11.630618
case_751,c,2025-02-24 19:33:11.630618
case_751,b,2025-02-24 19:38:11.630618
case_751,b,2025-02-24 19:43:11.630618
case_751,b,2025-02-24 19:48:11.630618
case_751,b,2025-02-24 19:53:11.630618
case_751,b,2025-02-24 19:58:11.630618
case_751,b,2025-02-24 20:03:11.630618
case_751,b,2025-02-24 20:08:11.630618
case_751,a,2025-02-24 20:13:11.630618
case_751,a,2025-02-24 20:18:11.630618
case_751,a,2025-02-24 20:23:11.630618
case_751,b,2025-02-24 20:28:11.630618
case_751,b,2025-02-24 20:33:11.630618
case_751,a,2025-02-24 20:38:11.630618
case_751,c,2025-02-24 20:43:11.630618
case_751,a,2025-02-24 20:48:11.630618
case_751,c,2025-02-24 20:53:11.630618
case_751,c,2025-02-24 20:58:11.630618
case_751,b,2025-02-24 21:03:11.630618
case_752,b,2025-02-24 19:28:11.630649
case_752,b,2025-02-24 19:33:11.630649
case_752,c,2025-02-24 19:38:11.630649
case_752,c,2025-02-24 19:43:11.630649
case_752,c,2025-02-24 19:48:11.630649
case_752,c,2025-02-24 19:53:11.630649
case_752,a,2025-02-24 19:58:11.630649
case_752,a,2025-02-24 20:03:11.630649
case_752,c,2025-02-24 20:08:11.630649
case_752,b,2025-02-24 20:13:11.630649
case_752,a,2025-02-24 20:18:11.630649
case_752,b,2025-02-24 20:23:11.630649
case_752,b,2025-02-24 20:28:11.630649
case_752,c,2025-02-24 20:33:11.630649
case_752,b,2025-02-24 20:38:11.630649
case_752,c,2025-02-24 20:43:11.630649
case_752,c,2025-02-24 20:48:11.630649
case_752,b,2025-02-24 20:53:11.630649
case_752,a,2025-02-24 20:58:11.630649
case_752,c,2025-02-24 21:03:11.630649
case_753,a,2025-02-24 19:28:11.630679
case_753,b,2025-02-24 19:33:11.630679
case_753,c,2025-02-24 19:38:11.630679
case_753,b,2025-02-24 19:43:11.630679
case_753,b,2025-02-24 19:48:11.630679
case_753,a,2025-02-24 19:53:11.630679
case_753,a,2025-02-24 19:58:11.630679
case_753,c,2025-02-24 20:03:11.630679
case_753,c,2025-02-24 20:08:11.630679
case_753,b,2025-02-24 20:13:11.630679
case_753,a,2025-02-24 20:18:11.630679
case_753,c,2025-02-24 20:23:11.630679
case_753,b,2025-02-24 20:28:11.630679
case_753,c,2025-02-24 20:33:11.630679
case_753,a,2025-02-24 20:38:11.630679
case_753,a,2025-02-24 20:43:11.630679
case_753,c,2025-02-24 20:48:11.630679
case_753,a,2025-02-24 20:53:11.630679
case_753,c,2025-02-24 20:58:11.630679
case_753,b,2025-02-24 21:03:11.630679
case_754,b,2025-02-24 19:28:11.630709
case_754,b,2025-02-24 19:33:11.630709
case_754,b,2025-02-24 19:38:11.630709
case_754,b,2025-02-24 19:43:11.630709
case_754,b,2025-02-24 19:48:11.630709
case_754,a,2025-02-24 19:53:11.630709
case_754,c,2025-02-24 19:58:11.630709
case_754,a,2025-02-24 20:03:11.630709
case_754,c,2025-02-24 20:08:11.630709
case_754,b,2025-02-24 20:13:11.630709
case_754,a,2025-02-24 20:18:11.630709
case_754,c,2025-02-24 20:23:11.630709
case_754,a,2025-02-24 20:28:11.630709
case_754,b,2025-02-24 20:33:11.630709
case_754,b,2025-02-24 20:38:11.630709
case_754,a,2025-02-24 20:43:11.630709
case_754,a,2025-02-24 20:48:11.630709
case_754,a,2025-02-24 20:53:11.630709
case_754,c,2025-02-24 20:58:11.630709
case_754,b,2025-02-24 21:03:11.630709
case_755,a,2025-02-24 19:28:11.630740
case_755,a,2025-02-24 19:33:11.630740
case_755,c,2025-02-24 19:38:11.630740
case_755,b,2025-02-24 19:43:11.630740
case_755,a,2025-02-24 19:48:11.630740
case_755,a,2025-02-24 19:53:11.630740
case_755,b,2025-02-24 19:58:11.630740
case_755,c,2025-02-24 20:03:11.630740
case_755,a,2025-02-24 20:08:11.630740
case_755,a,2025-02-24 20:13:11.630740
case_755,a,2025-02-24 20:18:11.630740
case_755,b,2025-02-24 20:23:11.630740
case_755,b,2025-02-24 20:28:11.630740
case_755,b,2025-02-24 20:33:11.630740
case_755,c,2025-02-24 20:38:11.630740
case_755,c,2025-02-24 20:43:11.630740
case_755,c,2025-02-24 20:48:11.630740
case_755,a,2025-02-24 20:53:11.630740
case_755,b,2025-02-24 20:58:11.630740
case_755,c,2025-02-24 21:03:11.630740
case_756,a,2025-02-24 19:28:11.630770
case_756,c,2025-02-24 19:33:11.630770
case_756,c,2025-02-24 19:38:11.630770
case_756,b,2025-02-24 19:43:11.630770
case_756,c,2025-02-24 19:48:11.630770
case_756,b,2025-02-24 19:53:11.630770
case_756,c,2025-02-24 19:58:11.630770
case_756,a,2025-02-24 20:03:11.630770
case_756,b,2025-02-24 20:08:11.630770
case_756,a,2025-02-24 20:13:11.630770
case_756,a,2025-02-24 20:18:11.630770
case_756,a,2025-02-24 20:23:11.630770
case_756,b,2025-02-24 20:28:11.630770
case_756,b,2025-02-24 20:33:11.630770
case_756,c,2025-02-24 20:38:11.630770
case_756,a,2025-02-24 20:43:11.630770
case_756,a,2025-02-24 20:48:11.630770
case_756,a,2025-02-24 20:53:11.630770
case_756,a,2025-02-24 20:58:11.630770
case_756,b,2025-02-24 21:03:11.630770
case_757,b,2025-02-24 19:28:11.630800
case_757,c,2025-02-24 19:33:11.630800
case_757,a,2025-02-24 19:38:11.630800
case_757,b,2025-02-24 19:43:11.630800
case_757,a,2025-02-24 19:48:11.630800
case_757,b,2025-02-24 19:53:11.630800
case_757,c,2025-02-24 19:58:11.630800
case_757,a,2025-02-24 20:03:11.630800
case_757,a,2025-02-24 20:08:11.630800
case_757,a,2025-02-24 20:13:11.630800
case_757,b,2025-02-24 20:18:11.630800
case_757,a,2025-02-24 20:23:11.630800
case_757,c,2025-02-24 20:28:11.630800
case_757,c,2025-02-24 20:33:11.630800
case_757,a,2025-02-24 20:38:11.630800
case_757,a,2025-02-24 20:43:11.630800
case_757,b,2025-02-24 20:48:11.630800
case_757,a,2025-02-24 20:53:11.630800
case_757,a,2025-02-24 20:58:11.630800
case_757,b,2025-02-24 21:03:11.630800
case_758,b,2025-02-24 19:28:11.630831
case_758,b,2025-02-24 19:33:11.630831
case_758,c,2025-02-24 19:38:11.630831
case_758,c,2025-02-24 19:43:11.630831
case_758,b,2025-02-24 19:48:11.630831
case_758,a,2025-02-24 19:53:11.630831
case_758,c,2025-02-24 19:58:11.630831
case_758,b,2025-02-24 20:03:11.630831
case_758,a,2025-02-24 20:08:11.630831
case_758,b,2025-02-24 20:13:11.630831
case_758,a,2025-02-24 20:18:11.630831
case_758,c,2025-02-24 20:23:11.630831
case_758,a,2025-02-24 20:28:11.630831
case_758,b,2025-02-24 20:33:11.630831
case_758,a,2025-02-24 20:38:11.630831
case_758,c,2025-02-24 20:43:11.630831
case_758,b,2025-02-24 20:48:11.630831
case_758,a,2025-02-24 20:53:11.630831
case_758,b,2025-02-24 20:58:11.630831
case_758,a,2025-02-24 21:03:11.630831
case_759,b,2025-02-24 19:28:11.630864
case_759,a,2025-02-24 19:33:11.630864
case_759,a,2025-02-24 19:38:11.630864
case_759,c,2025-02-24 19:43:11.630864
case_759,a,2025-02-24 19:48:11.630864
case_759,c,2025-02-24 19:53:11.630864
case_759,c,2025-02-24 19:58:11.630864
case_759,b,2025-02-24 20:03:11.630864
case_759,a,2025-02-24 20:08:11.630864
case_759,b,2025-02-24 20:13:11.630864
case_759,a,2025-02-24 20:18:11.630864
case_759,c,2025-02-24 20:23:11.630864
case_759,c,2025-02-24 20:28:11.630864
case_759,c,2025-02-24 20:33:11.630864
case_759,c,2025-02-24 20:38:11.630864
case_759,c,2025-02-24 20:43:11.630864
case_759,c,2025-02-24 20:48:11.630864
case_759,c,2025-02-24 20:53:11.630864
case_759,a,2025-02-24 20:58:11.630864
case_759,a,2025-02-24 21:03:11.630864
case_760,b,2025-02-24 19:28:11.630894
case_760,c,2025-02-24 19:33:11.630894
case_760,a,2025-02-24 19:38:11.630894
case_760,a,2025-02-24 19:43:11.630894
case_760,a,2025-02-24 19:48:11.630894
case_760,b,2025-02-24 19:53:11.630894
case_760,b,2025-02-24 19:58:11.630894
case_760,b,2025-02-24 20:03:11.630894
case_760,a,2025-02-24 20:08:11.630894
case_760,c,2025-02-24 20:13:11.630894
case_760,a,2025-02-24 20:18:11.630894
case_760,b,2025-02-24 20:23:11.630894
case_760,c,2025-02-24 20:28:11.630894
case_760,c,2025-02-24 20:33:11.630894
case_760,b,2025-02-24 20:38:11.630894
case_760,b,2025-02-24 20:43:11.630894
case_760,b,2025-02-24 20:48:11.630894
case_760,b,2025-02-24 20:53:11.630894
case_760,a,2025-02-24 20:58:11.630894
case_760,c,2025-02-24 21:03:11.630894
case_761,b,2025-02-24 19:28:11.630927
case_761,b,2025-02-24 19:33:11.630927
case_761,c,2025-02-24 19:38:11.630927
case_761,a,2025-02-24 19:43:11.630927
case_761,c,2025-02-24 19:48:11.630927
case_761,a,2025-02-24 19:53:11.630927
case_761,a,2025-02-24 19:58:11.630927
case_761,c,2025-02-24 20:03:11.630927
case_761,b,2025-02-24 20:08:11.630927
case_761,a,2025-02-24 20:13:11.630927
case_761,a,2025-02-24 20:18:11.630927
case_761,a,2025-02-24 20:23:11.630927
case_761,b,2025-02-24 20:28:11.630927
case_761,b,2025-02-24 20:33:11.630927
case_761,c,2025-02-24 20:38:11.630927
case_761,a,2025-02-24 20:43:11.630927
case_761,c,2025-02-24 20:48:11.630927
case_761,a,2025-02-24 20:53:11.630927
case_761,a,2025-02-24 20:58:11.630927
case_761,b,2025-02-24 21:03:11.630927
case_762,a,2025-02-24 19:28:11.630956
case_762,b,2025-02-24 19:33:11.630956
case_762,a,2025-02-24 19:38:11.630956
case_762,a,2025-02-24 19:43:11.630956
case_762,b,2025-02-24 19:48:11.630956
case_762,b,2025-02-24 19:53:11.630956
case_762,a,2025-02-24 19:58:11.630956
case_762,a,2025-02-24 20:03:11.630956
case_762,b,2025-02-24 20:08:11.630956
case_762,b,2025-02-24 20:13:11.630956
case_762,c,2025-02-24 20:18:11.630956
case_762,b,2025-02-24 20:23:11.630956
case_762,b,2025-02-24 20:28:11.630956
case_762,b,2025-02-24 20:33:11.630956
case_762,a,2025-02-24 20:38:11.630956
case_762,b,2025-02-24 20:43:11.630956
case_762,c,2025-02-24 20:48:11.630956
case_762,a,2025-02-24 20:53:11.630956
case_762,a,2025-02-24 20:58:11.630956
case_762,a,2025-02-24 21:03:11.630956
case_763,a,2025-02-24 19:28:11.630986
case_763,c,2025-02-24 19:33:11.630986
case_763,a,2025-02-24 19:38:11.630986
case_763,a,2025-02-24 19:43:11.630986
case_763,c,2025-02-24 19:48:11.630986
case_763,b,2025-02-24 19:53:11.630986
case_763,c,2025-02-24 19:58:11.630986
case_763,c,2025-02-24 20:03:11.630986
case_763,a,2025-02-24 20:08:11.630986
case_763,c,2025-02-24 20:13:11.630986
case_763,c,2025-02-24 20:18:11.630986
case_763,b,2025-02-24 20:23:11.630986
case_763,b,2025-02-24 20:28:11.630986
case_763,a,2025-02-24 20:33:11.630986
case_763,a,2025-02-24 20:38:11.630986
case_763,c,2025-02-24 20:43:11.630986
case_763,a,2025-02-24 20:48:11.630986
case_763,c,2025-02-24 20:53:11.630986
case_763,a,2025-02-24 20:58:11.630986
case_763,b,2025-02-24 21:03:11.630986
case_764,a,2025-02-24 19:28:11.631015
case_764,a,2025-02-24 19:33:11.631015
case_764,c,2025-02-24 19:38:11.631015
case_764,c,2025-02-24 19:43:11.631015
case_764,c,2025-02-24 19:48:11.631015
case_764,a,2025-02-24 19:53:11.631015
case_764,b,2025-02-24 19:58:11.631015
case_764,c,2025-02-24 20:03:11.631015
case_764,b,2025-02-24 20:08:11.631015
case_764,c,2025-02-24 20:13:11.631015
case_764,a,2025-02-24 20:18:11.631015
case_764,a,2025-02-24 20:23:11.631015
case_764,b,2025-02-24 20:28:11.631015
case_764,c,2025-02-24 20:33:11.631015
case_764,b,2025-02-24 20:38:11.631015
case_764,a,2025-02-24 20:43:11.631015
case_764,a,2025-02-24 20:48:11.631015
case_764,b,2025-02-24 20:53:11.631015
case_764,b,2025-02-24 20:58:11.631015
case_764,c,2025-02-24 21:03:11.631015
case_765,a,2025-02-24 19:28:11.631045
case_765,b,2025-02-24 19:33:11.631045
case_765,a,2025-02-24 19:38:11.631045
case_765,b,2025-02-24 19:43:11.631045
case_765,c,2025-02-24 19:48:11.631045
case_765,a,2025-02-24 19:53:11.631045
case_765,a,2025-02-24 19:58:11.631045
case_765,b,2025-02-24 20:03:11.631045
case_765,b,2025-02-24 20:08:11.631045
case_765,c,2025-02-24 20:13:11.631045
case_765,c,2025-02-24 20:18:11.631045
case_765,c,2025-02-24 20:23:11.631045
case_765,a,2025-02-24 20:28:11.631045
case_765,b,2025-02-24 20:33:11.631045
case_765,a,2025-02-24 20:38:11.631045
case_765,a,2025-02-24 20:43:11.631045
case_765,b,2025-02-24 20:48:11.631045
case_765,b,2025-02-24 20:53:11.631045
case_765,c,2025-02-24 20:58:11.631045
case_765,b,2025-02-24 21:03:11.631045
case_766,a,2025-02-24 19:28:11.631074
case_766,a,2025-02-24 19:33:11.631074
case_766,a,2025-02-24 19:38:11.631074
case_766,b,2025-02-24 19:43:11.631074
case_766,b,2025-02-24 19:48:11.631074
case_766,c,2025-02-24 19:53:11.631074
case_766,a,2025-02-24 19:58:11.631074
case_766,a,2025-02-24 20:03:11.631074
case_766,c,2025-02-24 20:08:11.631074
case_766,c,2025-02-24 20:13:11.631074
case_766,b,2025-02-24 20:18:11.631074
case_766,b,2025-02-24 20:23:11.631074
case_766,b,2025-02-24 20:28:11.631074
case_766,c,2025-02-24 20:33:11.631074
case_766,a,2025-02-24 20:38:11.631074
case_766,a,2025-02-24 20:43:11.631074
case_766,b,2025-02-24 20:48:11.631074
case_766,c,2025-02-24 20:53:11.631074
case_766,a,2025-02-24 20:58:11.631074
case_766,b,2025-02-24 21:03:11.631074
case_767,a,2025-02-24 19:28:11.631104
case_767,a,2025-02-24 19:33:11.631104
case_767,b,2025-02-24 19:38:11.631104
case_767,b,2025-02-24 19:43:11.631104
case_767,c,2025-02-24 19:48:11.631104
case_767,c,2025-02-24 19:53:11.631104
case_767,c,2025-02-24 19:58:11.631104
case_767,b,2025-02-24 20:03:11.631104
case_767,b,2025-02-24 20:08:11.631104
case_767,a,2025-02-24 20:13:11.631104
case_767,b,2025-02-24 20:18:11.631104
case_767,a,2025-02-24 20:23:11.631104
case_767,b,2025-02-24 20:28:11.631104
case_767,a,2025-02-24 20:33:11.631104
case_767,a,2025-02-24 20:38:11.631104
case_767,c,2025-02-24 20:43:11.631104
case_767,a,2025-02-24 20:48:11.631104
case_767,c,2025-02-24 20:53:11.631104
case_767,a,2025-02-24 20:58:11.631104
case_767,a,2025-02-24 21:03:11.631104
case_768,b,2025-02-24 19:28:11.631134
case_768,a,2025-02-24 19:33:11.631134
case_768,a,2025-02-24 19:38:11.631134
case_768,a,2025-02-24 19:43:11.631134
case_768,c,2025-02-24 19:48:11.631134
case_768,b,2025-02-24 19:53:11.631134
case_768,a,2025-02-24 19:58:11.631134
case_768,a,2025-02-24 20:03:11.631134
case_768,c,2025-02-24 20:08:11.631134
case_768,a,2025-02-24 20:13:11.631134
case_768,b,2025-02-24 20:18:11.631134
case_768,b,2025-02-24 20:23:11.631134
case_768,c,2025-02-24 20:28:11.631134
case_768,b,2025-02-24 20:33:11.631134
case_768,c,2025-02-24 20:38:11.631134
case_768,c,2025-02-24 20:43:11.631134
case_768,a,2025-02-24 20:48:11.631134
case_768,a,2025-02-24 20:53:11.631134
case_768,b,2025-02-24 20:58:11.631134
case_768,a,2025-02-24 21:03:11.631134
case_769,a,2025-02-24 19:28:11.631163
case_769,a,2025-02-24 19:33:11.631163
case_769,c,2025-02-24 19:38:11.631163
case_769,b,2025-02-24 19:43:11.631163
case_769,a,2025-02-24 19:48:11.631163
case_769,b,2025-02-24 19:53:11.631163
case_769,c,2025-02-24 19:58:11.631163
case_769,a,2025-02-24 20:03:11.631163
case_769,c,2025-02-24 20:08:11.631163
case_769,a,2025-02-24 20:13:11.631163
case_769,c,2025-02-24 20:18:11.631163
case_769,a,2025-02-24 20:23:11.631163
case_769,b,2025-02-24 20:28:11.631163
case_769,a,2025-02-24 20:33:11.631163
case_769,c,2025-02-24 20:38:11.631163
case_769,c,2025-02-24 20:43:11.631163
case_769,a,2025-02-24 20:48:11.631163
case_769,c,2025-02-24 20:53:11.631163
case_769,a,2025-02-24 20:58:11.631163
case_769,c,2025-02-24 21:03:11.631163
case_770,b,2025-02-24 19:28:11.631193
case_770,b,2025-02-24 19:33:11.631193
case_770,c,2025-02-24 19:38:11.631193
case_770,a,2025-02-24 19:43:11.631193
case_770,b,2025-02-24 19:48:11.631193
case_770,a,2025-02-24 19:53:11.631193
case_770,a,2025-02-24 19:58:11.631193
case_770,b,2025-02-24 20:03:11.631193
case_770,b,2025-02-24 20:08:11.631193
case_770,a,2025-02-24 20:13:11.631193
case_770,c,2025-02-24 20:18:11.631193
case_770,b,2025-02-24 20:23:11.631193
case_770,c,2025-02-24 20:28:11.631193
case_770,a,2025-02-24 20:33:11.631193
case_770,b,2025-02-24 20:38:11.631193
case_770,a,2025-02-24 20:43:11.631193
case_770,c,2025-02-24 20:48:11.631193
case_770,c,2025-02-24 20:53:11.631193
case_770,c,2025-02-24 20:58:11.631193
case_770,c,2025-02-24 21:03:11.631193
case_771,b,2025-02-24 19:28:11.631223
case_771,a,2025-02-24 19:33:11.631223
case_771,a,2025-02-24 19:38:11.631223
case_771,b,2025-02-24 19:43:11.631223
case_771,b,2025-02-24 19:48:11.631223
case_771,a,2025-02-24 19:53:11.631223
case_771,a,2025-02-24 19:58:11.631223
case_771,a,2025-02-24 20:03:11.631223
case_771,a,2025-02-24 20:08:11.631223
case_771,b,2025-02-24 20:13:11.631223
case_771,b,2025-02-24 20:18:11.631223
case_771,c,2025-02-24 20:23:11.631223
case_771,a,2025-02-24 20:28:11.631223
case_771,a,2025-02-24 20:33:11.631223
case_771,b,2025-02-24 20:38:11.631223
case_771,c,2025-02-24 20:43:11.631223
case_771,c,2025-02-24 20:48:11.631223
case_771,a,2025-02-24 20:53:11.631223
case_771,a,2025-02-24 20:58:11.631223
case_771,b,2025-02-24 21:03:11.631223
case_772,b,2025-02-24 19:28:11.631252
case_772,b,2025-02-24 19:33:11.631252
case_772,c,2025-02-24 19:38:11.631252
case_772,c,2025-02-24 19:43:11.631252
case_772,b,2025-02-24 19:48:11.631252
case_772,c,2025-02-24 19:53:11.631252
case_772,c,2025-02-24 19:58:11.631252
case_772,b,2025-02-24 20:03:11.631252
case_772,c,2025-02-24 20:08:11.631252
case_772,a,2025-02-24 20:13:11.631252
case_772,b,2025-02-24 20:18:11.631252
case_772,a,2025-02-24 20:23:11.631252
case_772,b,2025-02-24 20:28:11.631252
case_772,c,2025-02-24 20:33:11.631252
case_772,b,2025-02-24 20:38:11.631252
case_772,c,2025-02-24 20:43:11.631252
case_772,c,2025-02-24 20:48:11.631252
case_772,c,2025-02-24 20:53:11.631252
case_772,b,2025-02-24 20:58:11.631252
case_772,a,2025-02-24 21:03:11.631252
case_773,a,2025-02-24 19:28:11.631282
case_773,c,2025-02-24 19:33:11.631282
case_773,b,2025-02-24 19:38:11.631282
case_773,c,2025-02-24 19:43:11.631282
case_773,a,2025-02-24 19:48:11.631282
case_773,a,2025-02-24 19:53:11.631282
case_773,c,2025-02-24 19:58:11.631282
case_773,a,2025-02-24 20:03:11.631282
case_773,c,2025-02-24 20:08:11.631282
case_773,b,2025-02-24 20:13:11.631282
case_773,b,2025-02-24 20:18:11.631282
case_773,a,2025-02-24 20:23:11.631282
case_773,c,2025-02-24 20:28:11.631282
case_773,c,2025-02-24 20:33:11.631282
case_773,a,2025-02-24 20:38:11.631282
case_773,b,2025-02-24 20:43:11.631282
case_773,a,2025-02-24 20:48:11.631282
case_773,b,2025-02-24 20:53:11.631282
case_773,c,2025-02-24 20:58:11.631282
case_773,b,2025-02-24 21:03:11.631282
case_774,a,2025-02-24 19:28:11.631312
case_774,a,2025-02-24 19:33:11.631312
case_774,c,2025-02-24 19:38:11.631312
case_774,b,2025-02-24 19:43:11.631312
case_774,c,2025-02-24 19:48:11.631312
case_774,a,2025-02-24 19:53:11.631312
case_774,c,2025-02-24 19:58:11.631312
case_774,c,2025-02-24 20:03:11.631312
case_774,c,2025-02-24 20:08:11.631312
case_774,a,2025-02-24 20:13:11.631312
case_774,b,2025-02-24 20:18:11.631312
case_774,b,2025-02-24 20:23:11.631312
case_774,a,2025-02-24 20:28:11.631312
case_774,b,2025-02-24 20:33:11.631312
case_774,c,2025-02-24 20:38:11.631312
case_774,a,2025-02-24 20:43:11.631312
case_774,c,2025-02-24 20:48:11.631312
case_774,a,2025-02-24 20:53:11.631312
case_774,c,2025-02-24 20:58:11.631312
case_774,c,2025-02-24 21:03:11.631312
case_775,a,2025-02-24 19:28:11.631500
case_775,b,2025-02-24 19:33:11.631500
case_775,b,2025-02-24 19:38:11.631500
case_775,b,2025-02-24 19:43:11.631500
case_775,c,2025-02-24 19:48:11.631500
case_775,b,2025-02-24 19:53:11.631500
case_775,c,2025-02-24 19:58:11.631500
case_775,c,2025-02-24 20:03:11.631500
case_775,c,2025-02-24 20:08:11.631500
case_775,a,2025-02-24 20:13:11.631500
case_775,c,2025-02-24 20:18:11.631500
case_775,a,2025-02-24 20:23:11.631500
case_775,b,2025-02-24 20:28:11.631500
case_775,b,2025-02-24 20:33:11.631500
case_775,c,2025-02-24 20:38:11.631500
case_775,a,2025-02-24 20:43:11.631500
case_775,b,2025-02-24 20:48:11.631500
case_775,c,2025-02-24 20:53:11.631500
case_775,c,2025-02-24 20:58:11.631500
case_775,c,2025-02-24 21:03:11.631500
case_776,b,2025-02-24 19:28:11.631530
case_776,c,2025-02-24 19:33:11.631530
case_776,a,2025-02-24 19:38:11.631530
case_776,a,2025-02-24 19:43:11.631530
case_776,c,2025-02-24 19:48:11.631530
case_776,a,2025-02-24 19:53:11.631530
case_776,b,2025-02-24 19:58:11.631530
case_776,c,2025-02-24 20:03:11.631530
case_776,a,2025-02-24 20:08:11.631530
case_776,a,2025-02-24 20:13:11.631530
case_776,c,2025-02-24 20:18:11.631530
case_776,c,2025-02-24 20:23:11.631530
case_776,a,2025-02-24 20:28:11.631530
case_776,a,2025-02-24 20:33:11.631530
case_776,a,2025-02-24 20:38:11.631530
case_776,a,2025-02-24 20:43:11.631530
case_776,a,2025-02-24 20:48:11.631530
case_776,a,2025-02-24 20:53:11.631530
case_776,b,2025-02-24 20:58:11.631530
case_776,a,2025-02-24 21:03:11.631530
case_777,a,2025-02-24 19:28:11.631560
case_777,a,2025-02-24 19:33:11.631560
case_777,a,2025-02-24 19:38:11.631560
case_777,b,2025-02-24 19:43:11.631560
case_777,c,2025-02-24 19:48:11.631560
case_777,c,2025-02-24 19:53:11.631560
case_777,b,2025-02-24 19:58:11.631560
case_777,b,2025-02-24 20:03:11.631560
case_777,b,2025-02-24 20:08:11.631560
case_777,a,2025-02-24 20:13:11.631560
case_777,b,2025-02-24 20:18:11.631560
case_777,b,2025-02-24 20:23:11.631560
case_777,c,2025-02-24 20:28:11.631560
case_777,b,2025-02-24 20:33:11.631560
case_777,c,2025-02-24 20:38:11.631560
case_777,c,2025-02-24 20:43:11.631560
case_777,a,2025-02-24 20:48:11.631560
case_777,b,2025-02-24 20:53:11.631560
case_777,a,2025-02-24 20:58:11.631560
case_777,c,2025-02-24 21:03:11.631560
case_778,a,2025-02-24 19:28:11.631589
case_778,a,2025-02-24 19:33:11.631589
case_778,b,2025-02-24 19:38:11.631589
case_778,a,2025-02-24 19:43:11.631589
case_778,c,2025-02-24 19:48:11.631589
case_778,c,2025-02-24 19:53:11.631589
case_778,c,2025-02-24 19:58:11.631589
case_778,c,2025-02-24 20:03:11.631589
case_778,b,2025-02-24 20:08:11.631589
case_778,b,2025-02-24 20:13:11.631589
case_778,c,2025-02-24 20:18:11.631589
case_778,b,2025-02-24 20:23:11.631589
case_778,b,2025-02-24 20:28:11.631589
case_778,b,2025-02-24 20:33:11.631589
case_778,a,2025-02-24 20:38:11.631589
case_778,b,2025-02-24 20:43:11.631589
case_778,b,2025-02-24 20:48:11.631589
case_778,a,2025-02-24 20:53:11.631589
case_778,b,2025-02-24 20:58:11.631589
case_778,b,2025-02-24 21:03:11.631589
case_779,b,2025-02-24 19:28:11.631618
case_779,a,2025-02-24 19:33:11.631618
case_779,b,2025-02-24 19:38:11.631618
case_779,a,2025-02-24 19:43:11.631618
case_779,a,2025-02-24 19:48:11.631618
case_779,b,2025-02-24 19:53:11.631618
case_779,c,2025-02-24 19:58:11.631618
case_779,b,2025-02-24 20:03:11.631618
case_779,c,2025-02-24 20:08:11.631618
case_779,c,2025-02-24 20:13:11.631618
case_779,a,2025-02-24 20:18:11.631618
case_779,b,2025-02-24 20:23:11.631618
case_779,c,2025-02-24 20:28:11.631618
case_779,b,2025-02-24 20:33:11.631618
case_779,a,2025-02-24 20:38:11.631618
case_779,a,2025-02-24 20:43:11.631618
case_779,c,2025-02-24 20:48:11.631618
case_779,a,2025-02-24 20:53:11.631618
case_779,b,2025-02-24 20:58:11.631618
case_779,b,2025-02-24 21:03:11.631618
case_780,a,2025-02-24 19:28:11.631647
case_780,c,2025-02-24 19:33:11.631647
case_780,c,2025-02-24 19:38:11.631647
case_780,c,2025-02-24 19:43:11.631647
case_780,c,2025-02-24 19:48:11.631647
case_780,c,2025-02-24 19:53:11.631647
case_780,c,2025-02-24 19:58:11.631647
case_780,a,2025-02-24 20:03:11.631647
case_780,a,2025-02-24 20:08:11.631647
case_780,a,2025-02-24 20:13:11.631647
case_780,c,2025-02-24 20:18:11.631647
case_780,c,2025-02-24 20:23:11.631647
case_780,a,2025-02-24 20:28:11.631647
case_780,c,2025-02-24 20:33:11.631647
case_780,b,2025-02-24 20:38:11.631647
case_780,b,2025-02-24 20:43:11.631647
case_780,a,2025-02-24 20:48:11.631647
case_780,b,2025-02-24 20:53:11.631647
case_780,b,2025-02-24 20:58:11.631647
case_780,b,2025-02-24 21:03:11.631647
case_781,b,2025-02-24 19:28:11.631676
case_781,a,2025-02-24 19:33:11.631676
case_781,b,2025-02-24 19:38:11.631676
case_781,b,2025-02-24 19:43:11.631676
case_781,a,2025-02-24 19:48:11.631676
case_781,b,2025-02-24 19:53:11.631676
case_781,a,2025-02-24 19:58:11.631676
case_781,b,2025-02-24 20:03:11.631676
case_781,a,2025-02-24 20:08:11.631676
case_781,b,2025-02-24 20:13:11.631676
case_781,a,2025-02-24 20:18:11.631676
case_781,b,2025-02-24 20:23:11.631676
case_781,a,2025-02-24 20:28:11.631676
case_781,c,2025-02-24 20:33:11.631676
case_781,a,2025-02-24 20:38:11.631676
case_781,a,2025-02-24 20:43:11.631676
case_781,b,2025-02-24 20:48:11.631676
case_781,c,2025-02-24 20:53:11.631676
case_781,b,2025-02-24 20:58:11.631676
case_781,c,2025-02-24 21:03:11.631676
case_782,a,2025-02-24 19:28:11.631705
case_782,c,2025-02-24 19:33:11.631705
case_782,a,2025-02-24 19:38:11.631705
case_782,a,2025-02-24 19:43:11.631705
case_782,c,2025-02-24 19:48:11.631705
case_782,b,2025-02-24 19:53:11.631705
case_782,a,2025-02-24 19:58:11.631705
case_782,b,2025-02-24 20:03:11.631705
case_782,a,2025-02-24 20:08:11.631705
case_782,b,2025-02-24 20:13:11.631705
case_782,b,2025-02-24 20:18:11.631705
case_782,c,2025-02-24 20:23:11.631705
case_782,c,2025-02-24 20:28:11.631705
case_782,b,2025-02-24 20:33:11.631705
case_782,b,2025-02-24 20:38:11.631705
case_782,a,2025-02-24 20:43:11.631705
case_782,b,2025-02-24 20:48:11.631705
case_782,a,2025-02-24 20:53:11.631705
case_782,a,2025-02-24 20:58:11.631705
case_782,c,2025-02-24 21:03:11.631705
case_783,a,2025-02-24 19:28:11.631734
case_783,b,2025-02-24 19:33:11.631734
case_783,a,2025-02-24 19:38:11.631734
case_783,a,2025-02-24 19:43:11.631734
case_783,b,2025-02-24 19:48:11.631734
case_783,b,2025-02-24 19:53:11.631734
case_783,b,2025-02-24 19:58:11.631734
case_783,b,2025-02-24 20:03:11.631734
case_783,b,2025-02-24 20:08:11.631734
case_783,b,2025-02-24 20:13:11.631734
case_783,a,2025-02-24 20:18:11.631734
case_783,c,2025-02-24 20:23:11.631734
case_783,b,2025-02-24 20:28:11.631734
case_783,c,2025-02-24 20:33:11.631734
case_783,c,2025-02-24 20:38:11.631734
case_783,a,2025-02-24 20:43:11.631734
case_783,a,2025-02-24 20:48:11.631734
case_783,a,2025-02-24 20:53:11.631734
case_783,c,2025-02-24 20:58:11.631734
case_783,b,2025-02-24 21:03:11.631734
case_784,a,2025-02-24 19:28:11.631764
case_784,b,2025-02-24 19:33:11.631764
case_784,a,2025-02-24 19:38:11.631764
case_784,b,2025-02-24 19:43:11.631764
case_784,c,2025-02-24 19:48:11.631764
case_784,c,2025-02-24 19:53:11.631764
case_784,b,2025-02-24 19:58:11.631764
case_784,a,2025-02-24 20:03:11.631764
case_784,c,2025-02-24 20:08:11.631764
case_784,b,2025-02-24 20:13:11.631764
case_784,a,2025-02-24 20:18:11.631764
case_784,a,2025-02-24 20:23:11.631764
case_784,a,2025-02-24 20:28:11.631764
case_784,a,2025-02-24 20:33:11.631764
case_784,a,2025-02-24 20:38:11.631764
case_784,b,2025-02-24 20:43:11.631764
case_784,b,2025-02-24 20:48:11.631764
case_784,c,2025-02-24 20:53:11.631764
case_784,a,2025-02-24 20:58:11.631764
case_784,b,2025-02-24 21:03:11.631764
case_785,b,2025-02-24 19:28:11.631793
case_785,b,2025-02-24 19:33:11.631793
case_785,b,2025-02-24 19:38:11.631793
case_785,b,2025-02-24 19:43:11.631793
case_785,b,2025-02-24 19:48:11.631793
case_785,a,2025-02-24 19:53:11.631793
case_785,a,2025-02-24 19:58:11.631793
case_785,c,2025-02-24 20:03:11.631793
case_785,b,2025-02-24 20:08:11.631793
case_785,a,2025-02-24 20:13:11.631793
case_785,c,2025-02-24 20:18:11.631793
case_785,c,2025-02-24 20:23:11.631793
case_785,b,2025-02-24 20:28:11.631793
case_785,c,2025-02-24 20:33:11.631793
case_785,c,2025-02-24 20:38:11.631793
case_785,b,2025-02-24 20:43:11.631793
case_785,b,2025-02-24 20:48:11.631793
case_785,c,2025-02-24 20:53:11.631793
case_785,a,2025-02-24 20:58:11.631793
case_785,b,2025-02-24 21:03:11.631793
case_786,a,2025-02-24 19:28:11.631822
case_786,a,2025-02-24 19:33:11.631822
case_786,c,2025-02-24 19:38:11.631822
case_786,c,2025-02-24 19:43:11.631822
case_786,b,2025-02-24 19:48:11.631822
case_786,b,2025-02-24 19:53:11.631822
case_786,c,2025-02-24 19:58:11.631822
case_786,c,2025-02-24 20:03:11.631822
case_786,b,2025-02-24 20:08:11.631822
case_786,a,2025-02-24 20:13:11.631822
case_786,a,2025-02-24 20:18:11.631822
case_786,b,2025-02-24 20:23:11.631822
case_786,b,2025-02-24 20:28:11.631822
case_786,c,2025-02-24 20:33:11.631822
case_786,b,2025-02-24 20:38:11.631822
case_786,a,2025-02-24 20:43:11.631822
case_786,c,2025-02-24 20:48:11.631822
case_786,b,2025-02-24 20:53:11.631822
case_786,c,2025-02-24 20:58:11.631822
case_786,b,2025-02-24 21:03:11.631822
case_787,b,2025-02-24 19:28:11.631851
case_787,c,2025-02-24 19:33:11.631851
case_787,b,2025-02-24 19:38:11.631851
case_787,b,2025-02-24 19:43:11.631851
case_787,a,2025-02-24 19:48:11.631851
case_787,b,2025-02-24 19:53:11.631851
case_787,b,2025-02-24 19:58:11.631851
case_787,a,2025-02-24 20:03:11.631851
case_787,b,2025-02-24 20:08:11.631851
case_787,c,2025-02-24 20:13:11.631851
case_787,a,2025-02-24 20:18:11.631851
case_787,a,2025-02-24 20:23:11.631851
case_787,b,2025-02-24 20:28:11.631851
case_787,c,2025-02-24 20:33:11.631851
case_787,c,2025-02-24 20:38:11.631851
case_787,b,2025-02-24 20:43:11.631851
case_787,b,2025-02-24 20:48:11.631851
case_787,c,2025-02-24 20:53:11.631851
case_787,b,2025-02-24 20:58:11.631851
case_787,a,2025-02-24 21:03:11.631851
case_788,b,2025-02-24 19:28:11.631880
case_788,b,2025-02-24 19:33:11.631880
case_788,b,2025-02-24 19:38:11.631880
case_788,c,2025-02-24 19:43:11.631880
case_788,c,2025-02-24 19:48:11.631880
case_788,c,2025-02-24 19:53:11.631880
case_788,a,2025-02-24 19:58:11.631880
case_788,a,2025-02-24 20:03:11.631880
case_788,a,2025-02-24 20:08:11.631880
case_788,c,2025-02-24 20:13:11.631880
case_788,b,2025-02-24 20:18:11.631880
case_788,b,2025-02-24 20:23:11.631880
case_788,c,2025-02-24 20:28:11.631880
case_788,a,2025-02-24 20:33:11.631880
case_788,b,2025-02-24 20:38:11.631880
case_788,c,2025-02-24 20:43:11.631880
case_788,c,2025-02-24 20:48:11.631880
case_788,c,2025-02-24 20:53:11.631880
case_788,c,2025-02-24 20:58:11.631880
case_788,a,2025-02-24 21:03:11.631880
case_789,b,2025-02-24 19:28:11.631912
case_789,a,2025-02-24 19:33:11.631912
case_789,b,2025-02-24 19:38:11.631912
case_789,c,2025-02-24 19:43:11.631912
case_789,a,2025-02-24 19:48:11.631912
case_789,b,2025-02-24 19:53:11.631912
case_789,a,2025-02-24 19:58:11.631912
case_789,b,2025-02-24 20:03:11.631912
case_789,c,2025-02-24 20:08:11.631912
case_789,c,2025-02-24 20:13:11.631912
case_789,b,2025-02-24 20:18:11.631912
case_789,a,2025-02-24 20:23:11.631912
case_789,c,2025-02-24 20:28:11.631912
case_789,a,2025-02-24 20:33:11.631912
case_789,b,2025-02-24 20:38:11.631912
case_789,a,2025-02-24 20:43:11.631912
case_789,c,2025-02-24 20:48:11.631912
case_789,b,2025-02-24 20:53:11.631912
case_789,c,2025-02-24 20:58:11.631912
case_789,a,2025-02-24 21:03:11.631912
case_790,a,2025-02-24 19:28:11.631942
case_790,c,2025-02-24 19:33:11.631942
case_790,b,2025-02-24 19:38:11.631942
case_790,a,2025-02-24 19:43:11.631942
case_790,c,2025-02-24 19:48:11.631942
case_790,c,2025-02-24 19:53:11.631942
case_790,c,2025-02-24 19:58:11.631942
case_790,b,2025-02-24 20:03:11.631942
case_790,b,2025-02-24 20:08:11.631942
case_790,c,2025-02-24 20:13:11.631942
case_790,a,2025-02-24 20:18:11.631942
case_790,b,2025-02-24 20:23:11.631942
case_790,c,2025-02-24 20:28:11.631942
case_790,b,2025-02-24 20:33:11.631942
case_790,b,2025-02-24 20:38:11.631942
case_790,b,2025-02-24 20:43:11.631942
case_790,b,2025-02-24 20:48:11.631942
case_790,c,2025-02-24 20:53:11.631942
case_790,c,2025-02-24 20:58:11.631942
case_790,a,2025-02-24 21:03:11.631942
case_791,a,2025-02-24 19:28:11.631971
case_791,a,2025-02-24 19:33:11.631971
case_791,a,2025-02-24 19:38:11.631971
case_791,c,2025-02-24 19:43:11.631971
case_791,a,2025-02-24 19:48:11.631971
case_791,b,2025-02-24 19:53:11.631971
case_791,c,2025-02-24 19:58:11.631971
case_791,c,2025-02-24 20:03:11.631971
case_791,c,2025-02-24 20:08:11.631971
case_791,c,2025-02-24 20:13:11.631971
case_791,b,2025-02-24 20:18:11.631971
case_791,c,2025-02-24 20:23:11.631971
case_791,a,2025-02-24 20:28:11.631971
case_791,c,2025-02-24 20:33:11.631971
case_791,b,2025-02-24 20:38:11.631971
case_791,c,2025-02-24 20:43:11.631971
case_791,a,2025-02-24 20:48:11.631971
case_791,a,2025-02-24 20:53:11.631971
case_791,b,2025-02-24 20:58:11.631971
case_791,a,2025-02-24 21:03:11.631971
case_792,a,2025-02-24 19:28:11.632001
case_792,c,2025-02-24 19:33:11.632001
case_792,b,2025-02-24 19:38:11.632001
case_792,c,2025-02-24 19:43:11.632001
case_792,b,2025-02-24 19:48:11.632001
case_792,c,2025-02-24 19:53:11.632001
case_792,a,2025-02-24 19:58:11.632001
case_792,c,2025-02-24 20:03:11.632001
case_792,b,2025-02-24 20:08:11.632001
case_792,a,2025-02-24 20:13:11.632001
case_792,a,2025-02-24 20:18:11.632001
case_792,c,2025-02-24 20:23:11.632001
case_792,b,2025-02-24 20:28:11.632001
case_792,a,2025-02-24 20:33:11.632001
case_792,c,2025-02-24 20:38:11.632001
case_792,b,2025-02-24 20:43:11.632001
case_792,c,2025-02-24 20:48:11.632001
case_792,a,2025-02-24 20:53:11.632001
case_792,c,2025-02-24 20:58:11.632001
case_792,c,2025-02-24 21:03:11.632001
case_793,a,2025-02-24 19:28:11.632031
case_793,b,2025-02-24 19:33:11.632031
case_793,a,2025-02-24 19:38:11.632031
case_793,b,2025-02-24 19:43:11.632031
case_793,a,2025-02-24 19:48:11.632031
case_793,c,2025-02-24 19:53:11.632031
case_793,a,2025-02-24 19:58:11.632031
case_793,b,2025-02-24 20:03:11.632031
case_793,c,2025-02-24 20:08:11.632031
case_793,a,2025-02-24 20:13:11.632031
case_793,a,2025-02-24 20:18:11.632031
case_793,c,2025-02-24 20:23:11.632031
case_793,b,2025-02-24 20:28:11.632031
case_793,b,2025-02-24 20:33:11.632031
case_793,b,2025-02-24 20:38:11.632031
case_793,b,2025-02-24 20:43:11.632031
case_793,a,2025-02-24 20:48:11.632031
case_793,c,2025-02-24 20:53:11.632031
case_793,b,2025-02-24 20:58:11.632031
case_793,c,2025-02-24 21:03:11.632031
case_794,b,2025-02-24 19:28:11.632060
case_794,b,2025-02-24 19:33:11.632060
case_794,b,2025-02-24 19:38:11.632060
case_794,c,2025-02-24 19:43:11.632060
case_794,a,2025-02-24 19:48:11.632060
case_794,b,2025-02-24 19:53:11.632060
case_794,b,2025-02-24 19:58:11.632060
case_794,b,2025-02-24 20:03:11.632060
case_794,c,2025-02-24 20:08:11.632060
case_794,a,2025-02-24 20:13:11.632060
case_794,b,2025-02-24 20:18:11.632060
case_794,c,2025-02-24 20:23:11.632060
case_794,b,2025-02-24 20:28:11.632060
case_794,c,2025-02-24 20:33:11.632060
case_794,a,2025-02-24 20:38:11.632060
case_794,a,2025-02-24 20:43:11.632060
case_794,b,2025-02-24 20:48:11.632060
case_794,c,2025-02-24 20:53:11.632060
case_794,a,2025-02-24 20:58:11.632060
case_794,a,2025-02-24 21:03:11.632060
case_795,b,2025-02-24 19:28:11.632090
case_795,c,2025-02-24 19:33:11.632090
case_795,b,2025-02-24 19:38:11.632090
case_795,a,2025-02-24 19:43:11.632090
case_795,a,2025-02-24 19:48:11.632090
case_795,b,2025-02-24 19:53:11.632090
case_795,a,2025-02-24 19:58:11.632090
case_795,b,2025-02-24 20:03:11.632090
case_795,c,2025-02-24 20:08:11.632090
case_795,a,2025-02-24 20:13:11.632090
case_795,c,2025-02-24 20:18:11.632090
case_795,c,2025-02-24 20:23:11.632090
case_795,c,2025-02-24 20:28:11.632090
case_795,c,2025-02-24 20:33:11.632090
case_795,b,2025-02-24 20:38:11.632090
case_795,b,2025-02-24 20:43:11.632090
case_795,c,2025-02-24 20:48:11.632090
case_795,c,2025-02-24 20:53:11.632090
case_795,b,2025-02-24 20:58:11.632090
case_795,c,2025-02-24 21:03:11.632090
case_796,b,2025-02-24 19:28:11.632120
case_796,a,2025-02-24 19:33:11.632120
case_796,a,2025-02-24 19:38:11.632120
case_796,b,2025-02-24 19:43:11.632120
case_796,c,2025-02-24 19:48:11.632120
case_796,b,2025-02-24 19:53:11.632120
case_796,c,2025-02-24 19:58:11.632120
case_796,a,2025-02-24 20:03:11.632120
case_796,a,2025-02-24 20:08:11.632120
case_796,b,2025-02-24 20:13:11.632120
case_796,a,2025-02-24 20:18:11.632120
case_796,c,2025-02-24 20:23:11.632120
case_796,c,2025-02-24 20:28:11.632120
case_796,b,2025-02-24 20:33:11.632120
case_796,b,2025-02-24 20:38:11.632120
case_796,a,2025-02-24 20:43:11.632120
case_796,a,2025-02-24 20:48:11.632120
case_796,a,2025-02-24 20:53:11.632120
case_796,c,2025-02-24 20:58:11.632120
case_796,c,2025-02-24 21:03:11.632120
case_797,b,2025-02-24 19:28:11.632150
case_797,c,2025-02-24 19:33:11.632150
case_797,a,2025-02-24 19:38:11.632150
case_797,b,2025-02-24 19:43:11.632150
case_797,a,2025-02-24 19:48:11.632150
case_797,b,2025-02-24 19:53:11.632150
case_797,a,2025-02-24 19:58:11.632150
case_797,a,2025-02-24 20:03:11.632150
case_797,a,2025-02-24 20:08:11.632150
case_797,b,2025-02-24 20:13:11.632150
case_797,b,2025-02-24 20:18:11.632150
case_797,b,2025-02-24 20:23:11.632150
case_797,c,2025-02-24 20:28:11.632150
case_797,c,2025-02-24 20:33:11.632150
case_797,c,2025-02-24 20:38:11.632150
case_797,a,2025-02-24 20:43:11.632150
case_797,b,2025-02-24 20:48:11.632150
case_797,a,2025-02-24 20:53:11.632150
case_797,b,2025-02-24 20:58:11.632150
case_797,a,2025-02-24 21:03:11.632150
case_798,b,2025-02-24 19:28:11.632180
case_798,a,2025-02-24 19:33:11.632180
case_798,a,2025-02-24 19:38:11.632180
case_798,b,2025-02-24 19:43:11.632180
case_798,c,2025-02-24 19:48:11.632180
case_798,c,2025-02-24 19:53:11.632180
case_798,b,2025-02-24 19:58:11.632180
case_798,b,2025-02-24 20:03:11.632180
case_798,c,2025-02-24 20:08:11.632180
case_798,b,2025-02-24 20:13:11.632180
case_798,b,2025-02-24 20:18:11.632180
case_798,a,2025-02-24 20:23:11.632180
case_798,a,2025-02-24 20:28:11.632180
case_798,b,2025-02-24 20:33:11.632180
case_798,a,2025-02-24 20:38:11.632180
case_798,a,2025-02-24 20:43:11.632180
case_798,a,2025-02-24 20:48:11.632180
case_798,b,2025-02-24 20:53:11.632180
case_798,b,2025-02-24 20:58:11.632180
case_798,a,2025-02-24 21:03:11.632180
case_799,b,2025-02-24 19:28:11.632209
case_799,a,2025-02-24 19:33:11.632209
case_799,a,2025-02-24 19:38:11.632209
case_799,c,2025-02-24 19:43:11.632209
case_799,c,2025-02-24 19:48:11.632209
case_799,b,2025-02-24 19:53:11.632209
case_799,b,2025-02-24 19:58:11.632209
case_799,b,2025-02-24 20:03:11.632209
case_799,a,2025-02-24 20:08:11.632209
case_799,a,2025-02-24 20:13:11.632209
case_799,a,2025-02-24 20:18:11.632209
case_799,a,2025-02-24 20:23:11.632209
case_799,c,2025-02-24 20:28:11.632209
case_799,b,2025-02-24 20:33:11.632209
case_799,a,2025-02-24 20:38:11.632209
case_799,c,2025-02-24 20:43:11.632209
case_799,b,2025-02-24 20:48:11.632209
case_799,b,2025-02-24 20:53:11.632209
case_799,c,2025-02-24 20:58:11.632209
case_799,a,2025-02-24 21:03:11.632209
case_800,a,2025-02-24 19:28:11.632240
case_800,b,2025-02-24 19:33:11.632240
case_800,b,2025-02-24 19:38:11.632240
case_800,c,2025-02-24 19:43:11.632240
case_800,a,2025-02-24 19:48:11.632240
case_800,a,2025-02-24 19:53:11.632240
case_800,a,2025-02-24 19:58:11.632240
case_800,a,2025-02-24 20:03:11.632240
case_800,c,2025-02-24 20:08:11.632240
case_800,b,2025-02-24 20:13:11.632240
case_800,a,2025-02-24 20:18:11.632240
case_800,b,2025-02-24 20:23:11.632240
case_800,a,2025-02-24 20:28:11.632240
case_800,a,2025-02-24 20:33:11.632240
case_800,c,2025-02-24 20:38:11.632240
case_800,c,2025-02-24 20:43:11.632240
case_800,a,2025-02-24 20:48:11.632240
case_800,c,2025-02-24 20:53:11.632240
case_800,b,2025-02-24 20:58:11.632240
case_800,b,2025-02-24 21:03:11.632240
case_801,a,2025-02-24 19:28:11.632269
case_801,c,2025-02-24 19:33:11.632269
case_801,a,2025-02-24 19:38:11.632269
case_801,b,2025-02-24 19:43:11.632269
case_801,a,2025-02-24 19:48:11.632269
case_801,c,2025-02-24 19:53:11.632269
case_801,c,2025-02-24 19:58:11.632269
case_801,b,2025-02-24 20:03:11.632269
case_801,b,2025-02-24 20:08:11.632269
case_801,a,2025-02-24 20:13:11.632269
case_801,a,2025-02-24 20:18:11.632269
case_801,c,2025-02-24 20:23:11.632269
case_801,a,2025-02-24 20:28:11.632269
case_801,c,2025-02-24 20:33:11.632269
case_801,c,2025-02-24 20:38:11.632269
case_801,c,2025-02-24 20:43:11.632269
case_801,c,2025-02-24 20:48:11.632269
case_801,b,2025-02-24 20:53:11.632269
case_801,b,2025-02-24 20:58:11.632269
case_801,b,2025-02-24 21:03:11.632269
case_802,a,2025-02-24 19:28:11.632298
case_802,a,2025-02-24 19:33:11.632298
case_802,c,2025-02-24 19:38:11.632298
case_802,b,2025-02-24 19:43:11.632298
case_802,a,2025-02-24 19:48:11.632298
case_802,b,2025-02-24 19:53:11.632298
case_802,c,2025-02-24 19:58:11.632298
case_802,c,2025-02-24 20:03:11.632298
case_802,a,2025-02-24 20:08:11.632298
case_802,b,2025-02-24 20:13:11.632298
case_802,b,2025-02-24 20:18:11.632298
case_802,a,2025-02-24 20:23:11.632298
case_802,a,2025-02-24 20:28:11.632298
case_802,c,2025-02-24 20:33:11.632298
case_802,a,2025-02-24 20:38:11.632298
case_802,b,2025-02-24 20:43:11.632298
case_802,a,2025-02-24 20:48:11.632298
case_802,c,2025-02-24 20:53:11.632298
case_802,b,2025-02-24 20:58:11.632298
case_802,a,2025-02-24 21:03:11.632298
case_803,b,2025-02-24 19:28:11.632330
case_803,a,2025-02-24 19:33:11.632330
case_803,c,2025-02-24 19:38:11.632330
case_803,b,2025-02-24 19:43:11.632330
case_803,c,2025-02-24 19:48:11.632330
case_803,a,2025-02-24 19:53:11.632330
case_803,c,2025-02-24 19:58:11.632330
case_803,b,2025-02-24 20:03:11.632330
case_803,a,2025-02-24 20:08:11.632330
case_803,a,2025-02-24 20:13:11.632330
case_803,a,2025-02-24 20:18:11.632330
case_803,b,2025-02-24 20:23:11.632330
case_803,b,2025-02-24 20:28:11.632330
case_803,b,2025-02-24 20:33:11.632330
case_803,a,2025-02-24 20:38:11.632330
case_803,b,2025-02-24 20:43:11.632330
case_803,b,2025-02-24 20:48:11.632330
case_803,a,2025-02-24 20:53:11.632330
case_803,c,2025-02-24 20:58:11.632330
case_803,b,2025-02-24 21:03:11.632330
case_804,a,2025-02-24 19:28:11.632367
case_804,c,2025-02-24 19:33:11.632367
case_804,c,2025-02-24 19:38:11.632367
case_804,c,2025-02-24 19:43:11.632367
case_804,b,2025-02-24 19:48:11.632367
case_804,a,2025-02-24 19:53:11.632367
case_804,b,2025-02-24 19:58:11.632367
case_804,a,2025-02-24 20:03:11.632367
case_804,a,2025-02-24 20:08:11.632367
case_804,b,2025-02-24 20:13:11.632367
case_804,b,2025-02-24 20:18:11.632367
case_804,b,2025-02-24 20:23:11.632367
case_804,b,2025-02-24 20:28:11.632367
case_804,a,2025-02-24 20:33:11.632367
case_804,b,2025-02-24 20:38:11.632367
case_804,c,2025-02-24 20:43:11.632367
case_804,a,2025-02-24 20:48:11.632367
case_804,c,2025-02-24 20:53:11.632367
case_804,b,2025-02-24 20:58:11.632367
case_804,a,2025-02-24 21:03:11.632367
case_805,a,2025-02-24 19:28:11.632398
case_805,c,2025-02-24 19:33:11.632398
case_805,b,2025-02-24 19:38:11.632398
case_805,b,2025-02-24 19:43:11.632398
case_805,c,2025-02-24 19:48:11.632398
case_805,b,2025-02-24 19:53:11.632398
case_805,c,2025-02-24 19:58:11.632398
case_805,c,2025-02-24 20:03:11.632398
case_805,a,2025-02-24 20:08:11.632398
case_805,b,2025-02-24 20:13:11.632398
case_805,a,2025-02-24 20:18:11.632398
case_805,a,2025-02-24 20:23:11.632398
case_805,a,2025-02-24 20:28:11.632398
case_805,b,2025-02-24 20:33:11.632398
case_805,b,2025-02-24 20:38:11.632398
case_805,c,2025-02-24 20:43:11.632398
case_805,a,2025-02-24 20:48:11.632398
case_805,c,2025-02-24 20:53:11.632398
case_805,c,2025-02-24 20:58:11.632398
case_805,b,2025-02-24 21:03:11.632398
case_806,a,2025-02-24 19:28:11.632428
case_806,b,2025-02-24 19:33:11.632428
case_806,c,2025-02-24 19:38:11.632428
case_806,a,2025-02-24 19:43:11.632428
case_806,c,2025-02-24 19:48:11.632428
case_806,b,2025-02-24 19:53:11.632428
case_806,a,2025-02-24 19:58:11.632428
case_806,b,2025-02-24 20:03:11.632428
case_806,b,2025-02-24 20:08:11.632428
case_806,b,2025-02-24 20:13:11.632428
case_806,a,2025-02-24 20:18:11.632428
case_806,a,2025-02-24 20:23:11.632428
case_806,c,2025-02-24 20:28:11.632428
case_806,a,2025-02-24 20:33:11.632428
case_806,c,2025-02-24 20:38:11.632428
case_806,c,2025-02-24 20:43:11.632428
case_806,c,2025-02-24 20:48:11.632428
case_806,b,2025-02-24 20:53:11.632428
case_806,b,2025-02-24 20:58:11.632428
case_806,b,2025-02-24 21:03:11.632428
case_807,a,2025-02-24 19:28:11.632458
case_807,b,2025-02-24 19:33:11.632458
case_807,c,2025-02-24 19:38:11.632458
case_807,a,2025-02-24 19:43:11.632458
case_807,c,2025-02-24 19:48:11.632458
case_807,b,2025-02-24 19:53:11.632458
case_807,c,2025-02-24 19:58:11.632458
case_807,a,2025-02-24 20:03:11.632458
case_807,c,2025-02-24 20:08:11.632458
case_807,a,2025-02-24 20:13:11.632458
case_807,c,2025-02-24 20:18:11.632458
case_807,c,2025-02-24 20:23:11.632458
case_807,c,2025-02-24 20:28:11.632458
case_807,c,2025-02-24 20:33:11.632458
case_807,a,2025-02-24 20:38:11.632458
case_807,a,2025-02-24 20:43:11.632458
case_807,b,2025-02-24 20:48:11.632458
case_807,b,2025-02-24 20:53:11.632458
case_807,b,2025-02-24 20:58:11.632458
case_807,b,2025-02-24 21:03:11.632458
case_808,a,2025-02-24 19:28:11.632487
case_808,c,2025-02-24 19:33:11.632487
case_808,a,2025-02-24 19:38:11.632487
case_808,c,2025-02-24 19:43:11.632487
case_808,a,2025-02-24 19:48:11.632487
case_808,a,2025-02-24 19:53:11.632487
case_808,a,2025-02-24 19:58:11.632487
case_808,b,2025-02-24 20:03:11.632487
case_808,a,2025-02-24 20:08:11.632487
case_808,a,2025-02-24 20:13:11.632487
case_808,b,2025-02-24 20:18:11.632487
case_808,c,2025-02-24 20:23:11.632487
case_808,a,2025-02-24 20:28:11.632487
case_808,a,2025-02-24 20:33:11.632487
case_808,c,2025-02-24 20:38:11.632487
case_808,c,2025-02-24 20:43:11.632487
case_808,c,2025-02-24 20:48:11.632487
case_808,b,2025-02-24 20:53:11.632487
case_808,c,2025-02-24 20:58:11.632487
case_808,b,2025-02-24 21:03:11.632487
case_809,a,2025-02-24 19:28:11.632517
case_809,b,2025-02-24 19:33:11.632517
case_809,b,2025-02-24 19:38:11.632517
case_809,a,2025-02-24 19:43:11.632517
case_809,c,2025-02-24 19:48:11.632517
case_809,b,2025-02-24 19:53:11.632517
case_809,a,2025-02-24 19:58:11.632517
case_809,b,2025-02-24 20:03:11.632517
case_809,b,2025-02-24 20:08:11.632517
case_809,a,2025-02-24 20:13:11.632517
case_809,b,2025-02-24 20:18:11.632517
case_809,b,2025-02-24 20:23:11.632517
case_809,b,2025-02-24 20:28:11.632517
case_809,b,2025-02-24 20:33:11.632517
case_809,a,2025-02-24 20:38:11.632517
case_809,b,2025-02-24 20:43:11.632517
case_809,b,2025-02-24 20:48:11.632517
case_809,b,2025-02-24 20:53:11.632517
case_809,b,2025-02-24 20:58:11.632517
case_809,c,2025-02-24 21:03:11.632517
case_810,a,2025-02-24 19:28:11.632546
case_810,c,2025-02-24 19:33:11.632546
case_810,c,2025-02-24 19:38:11.632546
case_810,b,2025-02-24 19:43:11.632546
case_810,a,2025-02-24 19:48:11.632546
case_810,c,2025-02-24 19:53:11.632546
case_810,b,2025-02-24 19:58:11.632546
case_810,a,2025-02-24 20:03:11.632546
case_810,b,2025-02-24 20:08:11.632546
case_810,b,2025-02-24 20:13:11.632546
case_810,b,2025-02-24 20:18:11.632546
case_810,a,2025-02-24 20:23:11.632546
case_810,c,2025-02-24 20:28:11.632546
case_810,b,2025-02-24 20:33:11.632546
case_810,c,2025-02-24 20:38:11.632546
case_810,b,2025-02-24 20:43:11.632546
case_810,a,2025-02-24 20:48:11.632546
case_810,b,2025-02-24 20:53:11.632546
case_810,c,2025-02-24 20:58:11.632546
case_810,a,2025-02-24 21:03:11.632546
case_811,b,2025-02-24 19:28:11.632576
case_811,a,2025-02-24 19:33:11.632576
case_811,b,2025-02-24 19:38:11.632576
case_811,c,2025-02-24 19:43:11.632576
case_811,c,2025-02-24 19:48:11.632576
case_811,b,2025-02-24 19:53:11.632576
case_811,c,2025-02-24 19:58:11.632576
case_811,b,2025-02-24 20:03:11.632576
case_811,b,2025-02-24 20:08:11.632576
case_811,c,2025-02-24 20:13:11.632576
case_811,a,2025-02-24 20:18:11.632576
case_811,b,2025-02-24 20:23:11.632576
case_811,a,2025-02-24 20:28:11.632576
case_811,b,2025-02-24 20:33:11.632576
case_811,a,2025-02-24 20:38:11.632576
case_811,c,2025-02-24 20:43:11.632576
case_811,c,2025-02-24 20:48:11.632576
case_811,a,2025-02-24 20:53:11.632576
case_811,c,2025-02-24 20:58:11.632576
case_811,c,2025-02-24 21:03:11.632576
case_812,a,2025-02-24 19:28:11.632605
case_812,b,2025-02-24 19:33:11.632605
case_812,b,2025-02-24 19:38:11.632605
case_812,a,2025-02-24 19:43:11.632605
case_812,c,2025-02-24 19:48:11.632605
case_812,a,2025-02-24 19:53:11.632605
case_812,a,2025-02-24 19:58:11.632605
case_812,c,2025-02-24 20:03:11.632605
case_812,a,2025-02-24 20:08:11.632605
case_812,a,2025-02-24 20:13:11.632605
case_812,b,2025-02-24 20:18:11.632605
case_812,c,2025-02-24 20:23:11.632605
case_812,b,2025-02-24 20:28:11.632605
case_812,c,2025-02-24 20:33:11.632605
case_812,b,2025-02-24 20:38:11.632605
case_812,b,2025-02-24 20:43:11.632605
case_812,b,2025-02-24 20:48:11.632605
case_812,a,2025-02-24 20:53:11.632605
case_812,b,2025-02-24 20:58:11.632605
case_812,a,2025-02-24 21:03:11.632605
case_813,b,2025-02-24 19:28:11.632634
case_813,b,2025-02-24 19:33:11.632634
case_813,a,2025-02-24 19:38:11.632634
case_813,b,2025-02-24 19:43:11.632634
case_813,c,2025-02-24 19:48:11.632634
case_813,a,2025-02-24 19:53:11.632634
case_813,c,2025-02-24 19:58:11.632634
case_813,c,2025-02-24 20:03:11.632634
case_813,c,2025-02-24 20:08:11.632634
case_813,a,2025-02-24 20:13:11.632634
case_813,c,2025-02-24 20:18:11.632634
case_813,a,2025-02-24 20:23:11.632634
case_813,b,2025-02-24 20:28:11.632634
case_813,b,2025-02-24 20:33:11.632634
case_813,b,2025-02-24 20:38:11.632634
case_813,c,2025-02-24 20:43:11.632634
case_813,a,2025-02-24 20:48:11.632634
case_813,b,2025-02-24 20:53:11.632634
case_813,a,2025-02-24 20:58:11.632634
case_813,b,2025-02-24 21:03:11.632634
case_814,b,2025-02-24 19:28:11.632664
case_814,a,2025-02-24 19:33:11.632664
case_814,a,2025-02-24 19:38:11.632664
case_814,a,2025-02-24 19:43:11.632664
case_814,b,2025-02-24 19:48:11.632664
case_814,b,2025-02-24 19:53:11.632664
case_814,a,2025-02-24 19:58:11.632664
case_814,a,2025-02-24 20:03:11.632664
case_814,a,2025-02-24 20:08:11.632664
case_814,c,2025-02-24 20:13:11.632664
case_814,a,2025-02-24 20:18:11.632664
case_814,a,2025-02-24 20:23:11.632664
case_814,c,2025-02-24 20:28:11.632664
case_814,c,2025-02-24 20:33:11.632664
case_814,b,2025-02-24 20:38:11.632664
case_814,b,2025-02-24 20:43:11.632664
case_814,c,2025-02-24 20:48:11.632664
case_814,b,2025-02-24 20:53:11.632664
case_814,b,2025-02-24 20:58:11.632664
case_814,b,2025-02-24 21:03:11.632664
case_815,b,2025-02-24 19:28:11.632696
case_815,c,2025-02-24 19:33:11.632696
case_815,c,2025-02-24 19:38:11.632696
case_815,a,2025-02-24 19:43:11.632696
case_815,a,2025-02-24 19:48:11.632696
case_815,b,2025-02-24 19:53:11.632696
case_815,c,2025-02-24 19:58:11.632696
case_815,b,2025-02-24 20:03:11.632696
case_815,b,2025-02-24 20:08:11.632696
case_815,c,2025-02-24 20:13:11.632696
case_815,c,2025-02-24 20:18:11.632696
case_815,b,2025-02-24 20:23:11.632696
case_815,c,2025-02-24 20:28:11.632696
case_815,c,2025-02-24 20:33:11.632696
case_815,b,2025-02-24 20:38:11.632696
case_815,a,2025-02-24 20:43:11.632696
case_815,a,2025-02-24 20:48:11.632696
case_815,a,2025-02-24 20:53:11.632696
case_815,a,2025-02-24 20:58:11.632696
case_815,b,2025-02-24 21:03:11.632696
case_816,a,2025-02-24 19:28:11.632726
case_816,b,2025-02-24 19:33:11.632726
case_816,a,2025-02-24 19:38:11.632726
case_816,a,2025-02-24 19:43:11.632726
case_816,a,2025-02-24 19:48:11.632726
case_816,c,2025-02-24 19:53:11.632726
case_816,a,2025-02-24 19:58:11.632726
case_816,b,2025-02-24 20:03:11.632726
case_816,a,2025-02-24 20:08:11.632726
case_816,a,2025-02-24 20:13:11.632726
case_816,a,2025-02-24 20:18:11.632726
case_816,c,2025-02-24 20:23:11.632726
case_816,c,2025-02-24 20:28:11.632726
case_816,a,2025-02-24 20:33:11.632726
case_816,c,2025-02-24 20:38:11.632726
case_816,b,2025-02-24 20:43:11.632726
case_816,a,2025-02-24 20:48:11.632726
case_816,a,2025-02-24 20:53:11.632726
case_816,b,2025-02-24 20:58:11.632726
case_816,a,2025-02-24 21:03:11.632726
case_817,b,2025-02-24 19:28:11.632756
case_817,b,2025-02-24 19:33:11.632756
case_817,b,2025-02-24 19:38:11.632756
case_817,a,2025-02-24 19:43:11.632756
case_817,c,2025-02-24 19:48:11.632756
case_817,a,2025-02-24 19:53:11.632756
case_817,b,2025-02-24 19:58:11.632756
case_817,a,2025-02-24 20:03:11.632756
case_817,a,2025-02-24 20:08:11.632756
case_817,b,2025-02-24 20:13:11.632756
case_817,c,2025-02-24 20:18:11.632756
case_817,a,2025-02-24 20:23:11.632756
case_817,c,2025-02-24 20:28:11.632756
case_817,a,2025-02-24 20:33:11.632756
case_817,b,2025-02-24 20:38:11.632756
case_817,a,2025-02-24 20:43:11.632756
case_817,c,2025-02-24 20:48:11.632756
case_817,a,2025-02-24 20:53:11.632756
case_817,c,2025-02-24 20:58:11.632756
case_817,a,2025-02-24 21:03:11.632756
case_818,b,2025-02-24 19:28:11.632786
case_818,c,2025-02-24 19:33:11.632786
case_818,b,2025-02-24 19:38:11.632786
case_818,b,2025-02-24 19:43:11.632786
case_818,a,2025-02-24 19:48:11.632786
case_818,c,2025-02-24 19:53:11.632786
case_818,b,2025-02-24 19:58:11.632786
case_818,c,2025-02-24 20:03:11.632786
case_818,c,2025-02-24 20:08:11.632786
case_818,b,2025-02-24 20:13:11.632786
case_818,c,2025-02-24 20:18:11.632786
case_818,c,2025-02-24 20:23:11.632786
case_818,a,2025-02-24 20:28:11.632786
case_818,b,2025-02-24 20:33:11.632786
case_818,c,2025-02-24 20:38:11.632786
case_818,b,2025-02-24 20:43:11.632786
case_818,b,2025-02-24 20:48:11.632786
case_818,b,2025-02-24 20:53:11.632786
case_818,a,2025-02-24 20:58:11.632786
case_818,c,2025-02-24 21:03:11.632786
case_819,a,2025-02-24 19:28:11.632886
case_819,b,2025-02-24 19:33:11.632886
case_819,a,2025-02-24 19:38:11.632886
case_819,a,2025-02-24 19:43:11.632886
case_819,a,2025-02-24 19:48:11.632886
case_819,a,2025-02-24 19:53:11.632886
case_819,a,2025-02-24 19:58:11.632886
case_819,c,2025-02-24 20:03:11.632886
case_819,a,2025-02-24 20:08:11.632886
case_819,c,2025-02-24 20:13:11.632886
case_819,c,2025-02-24 20:18:11.632886
case_819,b,2025-02-24 20:23:11.632886
case_819,c,2025-02-24 20:28:11.632886
case_819,c,2025-02-24 20:33:11.632886
case_819,a,2025-02-24 20:38:11.632886
case_819,a,2025-02-24 20:43:11.632886
case_819,a,2025-02-24 20:48:11.632886
case_819,c,2025-02-24 20:53:11.632886
case_819,b,2025-02-24 20:58:11.632886
case_819,c,2025-02-24 21:03:11.632886
case_820,b,2025-02-24 19:28:11.632918
case_820,b,2025-02-24 19:33:11.632918
case_820,c,2025-02-24 19:38:11.632918
case_820,a,2025-02-24 19:43:11.632918
case_820,c,2025-02-24 19:48:11.632918
case_820,a,2025-02-24 19:53:11.632918
case_820,a,2025-02-24 19:58:11.632918
case_820,c,2025-02-24 20:03:11.632918
case_820,c,2025-02-24 20:08:11.632918
case_820,a,2025-02-24 20:13:11.632918
case_820,b,2025-02-24 20:18:11.632918
case_820,a,2025-02-24 20:23:11.632918
case_820,a,2025-02-24 20:28:11.632918
case_820,a,2025-02-24 20:33:11.632918
case_820,a,2025-02-24 20:38:11.632918
case_820,a,2025-02-24 20:43:11.632918
case_820,c,2025-02-24 20:48:11.632918
case_820,c,2025-02-24 20:53:11.632918
case_820,c,2025-02-24 20:58:11.632918
case_820,c,2025-02-24 21:03:11.632918
case_821,b,2025-02-24 19:28:11.632947
case_821,a,2025-02-24 19:33:11.632947
case_821,a,2025-02-24 19:38:11.632947
case_821,a,2025-02-24 19:43:11.632947
case_821,a,2025-02-24 19:48:11.632947
case_821,c,2025-02-24 19:53:11.632947
case_821,b,2025-02-24 19:58:11.632947
case_821,c,2025-02-24 20:03:11.632947
case_821,a,2025-02-24 20:08:11.632947
case_821,a,2025-02-24 20:13:11.632947
case_821,b,2025-02-24 20:18:11.632947
case_821,c,2025-02-24 20:23:11.632947
case_821,b,2025-02-24 20:28:11.632947
case_821,a,2025-02-24 20:33:11.632947
case_821,c,2025-02-24 20:38:11.632947
case_821,a,2025-02-24 20:43:11.632947
case_821,a,2025-02-24 20:48:11.632947
case_821,a,2025-02-24 20:53:11.632947
case_821,c,2025-02-24 20:58:11.632947
case_821,c,2025-02-24 21:03:11.632947
case_822,b,2025-02-24 19:28:11.632977
case_822,a,2025-02-24 19:33:11.632977
case_822,c,2025-02-24 19:38:11.632977
case_822,a,2025-02-24 19:43:11.632977
case_822,c,2025-02-24 19:48:11.632977
case_822,b,2025-02-24 19:53:11.632977
case_822,a,2025-02-24 19:58:11.632977
case_822,b,2025-02-24 20:03:11.632977
case_822,b,2025-02-24 20:08:11.632977
case_822,c,2025-02-24 20:13:11.632977
case_822,a,2025-02-24 20:18:11.632977
case_822,a,2025-02-24 20:23:11.632977
case_822,b,2025-02-24 20:28:11.632977
case_822,b,2025-02-24 20:33:11.632977
case_822,a,2025-02-24 20:38:11.632977
case_822,b,2025-02-24 20:43:11.632977
case_822,a,2025-02-24 20:48:11.632977
case_822,c,2025-02-24 20:53:11.632977
case_822,a,2025-02-24 20:58:11.632977
case_822,c,2025-02-24 21:03:11.632977
case_823,a,2025-02-24 19:28:11.633006
case_823,a,2025-02-24 19:33:11.633006
case_823,a,2025-02-24 19:38:11.633006
case_823,b,2025-02-24 19:43:11.633006
case_823,c,2025-02-24 19:48:11.633006
case_823,a,2025-02-24 19:53:11.633006
case_823,b,2025-02-24 19:58:11.633006
case_823,b,2025-02-24 20:03:11.633006
case_823,c,2025-02-24 20:08:11.633006
case_823,b,2025-02-24 20:13:11.633006
case_823,c,2025-02-24 20:18:11.633006
case_823,b,2025-02-24 20:23:11.633006
case_823,c,2025-02-24 20:28:11.633006
case_823,b,2025-02-24 20:33:11.633006
case_823,a,2025-02-24 20:38:11.633006
case_823,c,2025-02-24 20:43:11.633006
case_823,c,2025-02-24 20:48:11.633006
case_823,c,2025-02-24 20:53:11.633006
case_823,c,2025-02-24 20:58:11.633006
case_823,b,2025-02-24 21:03:11.633006
case_824,b,2025-02-24 19:28:11.633035
case_824,b,2025-02-24 19:33:11.633035
case_824,b,2025-02-24 19:38:11.633035
case_824,a,2025-02-24 19:43:11.633035
case_824,a,2025-02-24 19:48:11.633035
case_824,c,2025-02-24 19:53:11.633035
case_824,a,2025-02-24 19:58:11.633035
case_824,b,2025-02-24 20:03:11.633035
case_824,a,2025-02-24 20:08:11.633035
case_824,c,2025-02-24 20:13:11.633035
case_824,a,2025-02-24 20:18:11.633035
case_824,c,2025-02-24 20:23:11.633035
case_824,b,2025-02-24 20:28:11.633035
case_824,a,2025-02-24 20:33:11.633035
case_824,c,2025-02-24 20:38:11.633035
case_824,a,2025-02-24 20:43:11.633035
case_824,c,2025-02-24 20:48:11.633035
case_824,a,2025-02-24 20:53:11.633035
case_824,a,2025-02-24 20:58:11.633035
case_824,a,2025-02-24 21:03:11.633035
case_825,b,2025-02-24 19:28:11.633065
case_825,b,2025-02-24 19:33:11.633065
case_825,a,2025-02-24 19:38:11.633065
case_825,b,2025-02-24 19:43:11.633065
case_825,a,2025-02-24 19:48:11.633065
case_825,b,2025-02-24 19:53:11.633065
case_825,c,2025-02-24 19:58:11.633065
case_825,c,2025-02-24 20:03:11.633065
case_825,a,2025-02-24 20:08:11.633065
case_825,c,2025-02-24 20:13:11.633065
case_825,b,2025-02-24 20:18:11.633065
case_825,c,2025-02-24 20:23:11.633065
case_825,a,2025-02-24 20:28:11.633065
case_825,c,2025-02-24 20:33:11.633065
case_825,c,2025-02-24 20:38:11.633065
case_825,a,2025-02-24 20:43:11.633065
case_825,a,2025-02-24 20:48:11.633065
case_825,c,2025-02-24 20:53:11.633065
case_825,b,2025-02-24 20:58:11.633065
case_825,a,2025-02-24 21:03:11.633065
case_826,a,2025-02-24 19:28:11.633094
case_826,b,2025-02-24 19:33:11.633094
case_826,a,2025-02-24 19:38:11.633094
case_826,a,2025-02-24 19:43:11.633094
case_826,a,2025-02-24 19:48:11.633094
case_826,b,2025-02-24 19:53:11.633094
case_826,a,2025-02-24 19:58:11.633094
case_826,c,2025-02-24 20:03:11.633094
case_826,a,2025-02-24 20:08:11.633094
case_826,c,2025-02-24 20:13:11.633094
case_826,a,2025-02-24 20:18:11.633094
case_826,b,2025-02-24 20:23:11.633094
case_826,a,2025-02-24 20:28:11.633094
case_826,c,2025-02-24 20:33:11.633094
case_826,a,2025-02-24 20:38:11.633094
case_826,b,2025-02-24 20:43:11.633094
case_826,b,2025-02-24 20:48:11.633094
case_826,c,2025-02-24 20:53:11.633094
case_826,b,2025-02-24 20:58:11.633094
case_826,b,2025-02-24 21:03:11.633094
case_827,b,2025-02-24 19:28:11.633124
case_827,a,2025-02-24 19:33:11.633124
case_827,b,2025-02-24 19:38:11.633124
case_827,a,2025-02-24 19:43:11.633124
case_827,a,2025-02-24 19:48:11.633124
case_827,b,2025-02-24 19:53:11.633124
case_827,a,2025-02-24 19:58:11.633124
case_827,b,2025-02-24 20:03:11.633124
case_827,a,2025-02-24 20:08:11.633124
case_827,b,2025-02-24 20:13:11.633124
case_827,b,2025-02-24 20:18:11.633124
case_827,c,2025-02-24 20:23:11.633124
case_827,b,2025-02-24 20:28:11.633124
case_827,c,2025-02-24 20:33:11.633124
case_827,b,2025-02-24 20:38:11.633124
case_827,a,2025-02-24 20:43:11.633124
case_827,b,2025-02-24 20:48:11.633124
case_827,c,2025-02-24 20:53:11.633124
case_827,c,2025-02-24 20:58:11.633124
case_827,a,2025-02-24 21:03:11.633124
case_828,b,2025-02-24 19:28:11.633153
case_828,c,2025-02-24 19:33:11.633153
case_828,c,2025-02-24 19:38:11.633153
case_828,c,2025-02-24 19:43:11.633153
case_828,b,2025-02-24 19:48:11.633153
case_828,a,2025-02-24 19:53:11.633153
case_828,b,2025-02-24 19:58:11.633153
case_828,a,2025-02-24 20:03:11.633153
case_828,b,2025-02-24 20:08:11.633153
case_828,b,2025-02-24 20:13:11.633153
case_828,c,2025-02-24 20:18:11.633153
case_828,b,2025-02-24 20:23:11.633153
case_828,a,2025-02-24 20:28:11.633153
case_828,b,2025-02-24 20:33:11.633153
case_828,c,2025-02-24 20:38:11.633153
case_828,a,2025-02-24 20:43:11.633153
case_828,a,2025-02-24 20:48:11.633153
case_828,c,2025-02-24 20:53:11.633153
case_828,c,2025-02-24 20:58:11.633153
case_828,c,2025-02-24 21:03:11.633153
case_829,a,2025-02-24 19:28:11.633183
case_829,c,2025-02-24 19:33:11.633183
case_829,c,2025-02-24 19:38:11.633183
case_829,c,2025-02-24 19:43:11.633183
case_829,b,2025-02-24 19:48:11.633183
case_829,c,2025-02-24 19:53:11.633183
case_829,c,2025-02-24 19:58:11.633183
case_829,a,2025-02-24 20:03:11.633183
case_829,a,2025-02-24 20:08:11.633183
case_829,c,2025-02-24 20:13:11.633183
case_829,b,2025-02-24 20:18:11.633183
case_829,c,2025-02-24 20:23:11.633183
case_829,a,2025-02-24 20:28:11.633183
case_829,a,2025-02-24 20:33:11.633183
case_829,b,2025-02-24 20:38:11.633183
case_829,c,2025-02-24 20:43:11.633183
case_829,a,2025-02-24 20:48:11.633183
case_829,a,2025-02-24 20:53:11.633183
case_829,c,2025-02-24 20:58:11.633183
case_829,c,2025-02-24 21:03:11.633183
case_830,b,2025-02-24 19:28:11.633212
case_830,c,2025-02-24 19:33:11.633212
case_830,a,2025-02-24 19:38:11.633212
case_830,c,2025-02-24 19:43:11.633212
case_830,c,2025-02-24 19:48:11.633212
case_830,b,2025-02-24 19:53:11.633212
case_830,c,2025-02-24 19:58:11.633212
case_830,a,2025-02-24 20:03:11.633212
case_830,a,2025-02-24 20:08:11.633212
case_830,a,2025-02-24 20:13:11.633212
case_830,a,2025-02-24 20:18:11.633212
case_830,a,2025-02-24 20:23:11.633212
case_830,b,2025-02-24 20:28:11.633212
case_830,b,2025-02-24 20:33:11.633212
case_830,c,2025-02-24 20:38:11.633212
case_830,c,2025-02-24 20:43:11.633212
case_830,a,2025-02-24 20:48:11.633212
case_830,c,2025-02-24 20:53:11.633212
case_830,b,2025-02-24 20:58:11.633212
case_830,c,2025-02-24 21:03:11.633212
case_831,b,2025-02-24 19:28:11.633241
case_831,a,2025-02-24 19:33:11.633241
case_831,b,2025-02-24 19:38:11.633241
case_831,b,2025-02-24 19:43:11.633241
case_831,a,2025-02-24 19:48:11.633241
case_831,c,2025-02-24 19:53:11.633241
case_831,a,2025-02-24 19:58:11.633241
case_831,c,2025-02-24 20:03:11.633241
case_831,c,2025-02-24 20:08:11.633241
case_831,b,2025-02-24 20:13:11.633241
case_831,b,2025-02-24 20:18:11.633241
case_831,c,2025-02-24 20:23:11.633241
case_831,a,2025-02-24 20:28:11.633241
case_831,a,2025-02-24 20:33:11.633241
case_831,a,2025-02-24 20:38:11.633241
case_831,b,2025-02-24 20:43:11.633241
case_831,c,2025-02-24 20:48:11.633241
case_831,b,2025-02-24 20:53:11.633241
case_831,b,2025-02-24 20:58:11.633241
case_831,b,2025-02-24 21:03:11.633241
case_832,a,2025-02-24 19:28:11.633271
case_832,c,2025-02-24 19:33:11.633271
case_832,b,2025-02-24 19:38:11.633271
case_832,c,2025-02-24 19:43:11.633271
case_832,c,2025-02-24 19:48:11.633271
case_832,b,2025-02-24 19:53:11.633271
case_832,a,2025-02-24 19:58:11.633271
case_832,b,2025-02-24 20:03:11.633271
case_832,c,2025-02-24 20:08:11.633271
case_832,b,2025-02-24 20:13:11.633271
case_832,c,2025-02-24 20:18:11.633271
case_832,a,2025-02-24 20:23:11.633271
case_832,c,2025-02-24 20:28:11.633271
case_832,b,2025-02-24 20:33:11.633271
case_832,a,2025-02-24 20:38:11.633271
case_832,c,2025-02-24 20:43:11.633271
case_832,c,2025-02-24 20:48:11.633271
case_832,b,2025-02-24 20:53:11.633271
case_832,c,2025-02-24 20:58:11.633271
case_832,a,2025-02-24 21:03:11.633271
case_833,a,2025-02-24 19:28:11.633300
case_833,a,2025-02-24 19:33:11.633300
case_833,b,2025-02-24 19:38:11.633300
case_833,a,2025-02-24 19:43:11.633300
case_833,b,2025-02-24 19:48:11.633300
case_833,c,2025-02-24 19:53:11.633300
case_833,a,2025-02-24 19:58:11.633300
case_833,b,2025-02-24 20:03:11.633300
case_833,c,2025-02-24 20:08:11.633300
case_833,c,2025-02-24 20:13:11.633300
case_833,a,2025-02-24 20:18:11.633300
case_833,a,2025-02-24 20:23:11.633300
case_833,a,2025-02-24 20:28:11.633300
case_833,c,2025-02-24 20:33:11.633300
case_833,a,2025-02-24 20:38:11.633300
case_833,c,2025-02-24 20:43:11.633300
case_833,a,2025-02-24 20:48:11.633300
case_833,b,2025-02-24 20:53:11.633300
case_833,c,2025-02-24 20:58:11.633300
case_833,b,2025-02-24 21:03:11.633300
case_834,b,2025-02-24 19:28:11.633333
case_834,c,2025-02-24 19:33:11.633333
case_834,c,2025-02-24 19:38:11.633333
case_834,b,2025-02-24 19:43:11.633333
case_834,a,2025-02-24 19:48:11.633333
case_834,a,2025-02-24 19:53:11.633333
case_834,b,2025-02-24 19:58:11.633333
case_834,c,2025-02-24 20:03:11.633333
case_834,b,2025-02-24 20:08:11.633333
case_834,c,2025-02-24 20:13:11.633333
case_834,a,2025-02-24 20:18:11.633333
case_834,b,2025-02-24 20:23:11.633333
case_834,b,2025-02-24 20:28:11.633333
case_834,c,2025-02-24 20:33:11.633333
case_834,a,2025-02-24 20:38:11.633333
case_834,c,2025-02-24 20:43:11.633333
case_834,b,2025-02-24 20:48:11.633333
case_834,a,2025-02-24 20:53:11.633333
case_834,b,2025-02-24 20:58:11.633333
case_834,b,2025-02-24 21:03:11.633333
case_835,a,2025-02-24 19:28:11.633369
case_835,a,2025-02-24 19:33:11.633369
case_835,b,2025-02-24 19:38:11.633369
case_835,c,2025-02-24 19:43:11.633369
case_835,a,2025-02-24 19:48:11.633369
case_835,a,2025-02-24 19:53:11.633369
case_835,b,2025-02-24 19:58:11.633369
case_835,a,2025-02-24 20:03:11.633369
case_835,c,2025-02-24 20:08:11.633369
case_835,a,2025-02-24 20:13:11.633369
case_835,c,2025-02-24 20:18:11.633369
case_835,a,2025-02-24 20:23:11.633369
case_835,a,2025-02-24 20:28:11.633369
case_835,b,2025-02-24 20:33:11.633369
case_835,a,2025-02-24 20:38:11.633369
case_835,a,2025-02-24 20:43:11.633369
case_835,b,2025-02-24 20:48:11.633369
case_835,a,2025-02-24 20:53:11.633369
case_835,c,2025-02-24 20:58:11.633369
case_835,a,2025-02-24 21:03:11.633369
case_836,b,2025-02-24 19:28:11.633399
case_836,b,2025-02-24 19:33:11.633399
case_836,b,2025-02-24 19:38:11.633399
case_836,b,2025-02-24 19:43:11.633399
case_836,a,2025-02-24 19:48:11.633399
case_836,c,2025-02-24 19:53:11.633399
case_836,c,2025-02-24 19:58:11.633399
case_836,a,2025-02-24 20:03:11.633399
case_836,c,2025-02-24 20:08:11.633399
case_836,b,2025-02-24 20:13:11.633399
case_836,a,2025-02-24 20:18:11.633399
case_836,c,2025-02-24 20:23:11.633399
case_836,c,2025-02-24 20:28:11.633399
case_836,c,2025-02-24 20:33:11.633399
case_836,c,2025-02-24 20:38:11.633399
case_836,b,2025-02-24 20:43:11.633399
case_836,a,2025-02-24 20:48:11.633399
case_836,c,2025-02-24 20:53:11.633399
case_836,c,2025-02-24 20:58:11.633399
case_836,b,2025-02-24 21:03:11.633399
case_837,a,2025-02-24 19:28:11.633429
case_837,b,2025-02-24 19:33:11.633429
case_837,c,2025-02-24 19:38:11.633429
case_837,b,2025-02-24 19:43:11.633429
case_837,a,2025-02-24 19:48:11.633429
case_837,c,2025-02-24 19:53:11.633429
case_837,b,2025-02-24 19:58:11.633429
case_837,a,2025-02-24 20:03:11.633429
case_837,b,2025-02-24 20:08:11.633429
case_837,a,2025-02-24 20:13:11.633429
case_837,c,2025-02-24 20:18:11.633429
case_837,c,2025-02-24 20:23:11.633429
case_837,b,2025-02-24 20:28:11.633429
case_837,a,2025-02-24 20:33:11.633429
case_837,a,2025-02-24 20:38:11.633429
case_837,c,2025-02-24 20:43:11.633429
case_837,c,2025-02-24 20:48:11.633429
case_837,a,2025-02-24 20:53:11.633429
case_837,a,2025-02-24 20:58:11.633429
case_837,b,2025-02-24 21:03:11.633429
case_838,a,2025-02-24 19:28:11.633459
case_838,c,2025-02-24 19:33:11.633459
case_838,b,2025-02-24 19:38:11.633459
case_838,c,2025-02-24 19:43:11.633459
case_838,a,2025-02-24 19:48:11.633459
case_838,a,2025-02-24 19:53:11.633459
case_838,a,2025-02-24 19:58:11.633459
case_838,b,2025-02-24 20:03:11.633459
case_838,a,2025-02-24 20:08:11.633459
case_838,c,2025-02-24 20:13:11.633459
case_838,c,2025-02-24 20:18:11.633459
case_838,c,2025-02-24 20:23:11.633459
case_838,a,2025-02-24 20:28:11.633459
case_838,b,2025-02-24 20:33:11.633459
case_838,a,2025-02-24 20:38:11.633459
case_838,a,2025-02-24 20:43:11.633459
case_838,c,2025-02-24 20:48:11.633459
case_838,b,2025-02-24 20:53:11.633459
case_838,c,2025-02-24 20:58:11.633459
case_838,c,2025-02-24 21:03:11.633459
case_839,a,2025-02-24 19:28:11.633489
case_839,b,2025-02-24 19:33:11.633489
case_839,b,2025-02-24 19:38:11.633489
case_839,c,2025-02-24 19:43:11.633489
case_839,b,2025-02-24 19:48:11.633489
case_839,b,2025-02-24 19:53:11.633489
case_839,b,2025-02-24 19:58:11.633489
case_839,c,2025-02-24 20:03:11.633489
case_839,b,2025-02-24 20:08:11.633489
case_839,b,2025-02-24 20:13:11.633489
case_839,c,2025-02-24 20:18:11.633489
case_839,c,2025-02-24 20:23:11.633489
case_839,c,2025-02-24 20:28:11.633489
case_839,a,2025-02-24 20:33:11.633489
case_839,a,2025-02-24 20:38:11.633489
case_839,b,2025-02-24 20:43:11.633489
case_839,b,2025-02-24 20:48:11.633489
case_839,c,2025-02-24 20:53:11.633489
case_839,c,2025-02-24 20:58:11.633489
case_839,a,2025-02-24 21:03:11.633489
case_840,b,2025-02-24 19:28:11.633519
case_840,c,2025-02-24 19:33:11.633519
case_840,b,2025-02-24 19:38:11.633519
case_840,b,2025-02-24 19:43:11.633519
case_840,a,2025-02-24 19:48:11.633519
case_840,a,2025-02-24 19:53:11.633519
case_840,c,2025-02-24 19:58:11.633519
case_840,b,2025-02-24 20:03:11.633519
case_840,a,2025-02-24 20:08:11.633519
case_840,a,2025-02-24 20:13:11.633519
case_840,a,2025-02-24 20:18:11.633519
case_840,a,2025-02-24 20:23:11.633519
case_840,c,2025-02-24 20:28:11.633519
case_840,b,2025-02-24 20:33:11.633519
case_840,c,2025-02-24 20:38:11.633519
case_840,c,2025-02-24 20:43:11.633519
case_840,c,2025-02-24 20:48:11.633519
case_840,b,2025-02-24 20:53:11.633519
case_840,c,2025-02-24 20:58:11.633519
case_840,a,2025-02-24 21:03:11.633519
case_841,b,2025-02-24 19:28:11.633550
case_841,a,2025-02-24 19:33:11.633550
case_841,b,2025-02-24 19:38:11.633550
case_841,b,2025-02-24 19:43:11.633550
case_841,a,2025-02-24 19:48:11.633550
case_841,b,2025-02-24 19:53:11.633550
case_841,b,2025-02-24 19:58:11.633550
case_841,c,2025-02-24 20:03:11.633550
case_841,a,2025-02-24 20:08:11.633550
case_841,b,2025-02-24 20:13:11.633550
case_841,b,2025-02-24 20:18:11.633550
case_841,a,2025-02-24 20:23:11.633550
case_841,c,2025-02-24 20:28:11.633550
case_841,c,2025-02-24 20:33:11.633550
case_841,b,2025-02-24 20:38:11.633550
case_841,a,2025-02-24 20:43:11.633550
case_841,a,2025-02-24 20:48:11.633550
case_841,c,2025-02-24 20:53:11.633550
case_841,a,2025-02-24 20:58:11.633550
case_841,c,2025-02-24 21:03:11.633550
case_842,a,2025-02-24 19:28:11.633580
case_842,b,2025-02-24 19:33:11.633580
case_842,b,2025-02-24 19:38:11.633580
case_842,c,2025-02-24 19:43:11.633580
case_842,b,2025-02-24 19:48:11.633580
case_842,a,2025-02-24 19:53:11.633580
case_842,a,2025-02-24 19:58:11.633580
case_842,a,2025-02-24 20:03:11.633580
case_842,a,2025-02-24 20:08:11.633580
case_842,a,2025-02-24 20:13:11.633580
case_842,a,2025-02-24 20:18:11.633580
case_842,c,2025-02-24 20:23:11.633580
case_842,b,2025-02-24 20:28:11.633580
case_842,a,2025-02-24 20:33:11.633580
case_842,b,2025-02-24 20:38:11.633580
case_842,a,2025-02-24 20:43:11.633580
case_842,c,2025-02-24 20:48:11.633580
case_842,c,2025-02-24 20:53:11.633580
case_842,c,2025-02-24 20:58:11.633580
case_842,b,2025-02-24 21:03:11.633580
case_843,a,2025-02-24 19:28:11.633610
case_843,b,2025-02-24 19:33:11.633610
case_843,b,2025-02-24 19:38:11.633610
case_843,a,2025-02-24 19:43:11.633610
case_843,b,2025-02-24 19:48:11.633610
case_843,b,2025-02-24 19:53:11.633610
case_843,b,2025-02-24 19:58:11.633610
case_843,c,2025-02-24 20:03:11.633610
case_843,b,2025-02-24 20:08:11.633610
case_843,b,2025-02-24 20:13:11.633610
case_843,a,2025-02-24 20:18:11.633610
case_843,a,2025-02-24 20:23:11.633610
case_843,c,2025-02-24 20:28:11.633610
case_843,b,2025-02-24 20:33:11.633610
case_843,a,2025-02-24 20:38:11.633610
case_843,c,2025-02-24 20:43:11.633610
case_843,c,2025-02-24 20:48:11.633610
case_843,b,2025-02-24 20:53:11.633610
case_843,a,2025-02-24 20:58:11.633610
case_843,b,2025-02-24 21:03:11.633610
case_844,a,2025-02-24 19:28:11.633640
case_844,b,2025-02-24 19:33:11.633640
case_844,c,2025-02-24 19:38:11.633640
case_844,c,2025-02-24 19:43:11.633640
case_844,b,2025-02-24 19:48:11.633640
case_844,a,2025-02-24 19:53:11.633640
case_844,c,2025-02-24 19:58:11.633640
case_844,a,2025-02-24 20:03:11.633640
case_844,b,2025-02-24 20:08:11.633640
case_844,c,2025-02-24 20:13:11.633640
case_844,c,2025-02-24 20:18:11.633640
case_844,a,2025-02-24 20:23:11.633640
case_844,a,2025-02-24 20:28:11.633640
case_844,c,2025-02-24 20:33:11.633640
case_844,a,2025-02-24 20:38:11.633640
case_844,a,2025-02-24 20:43:11.633640
case_844,c,2025-02-24 20:48:11.633640
case_844,b,2025-02-24 20:53:11.633640
case_844,c,2025-02-24 20:58:11.633640
case_844,b,2025-02-24 21:03:11.633640
case_845,a,2025-02-24 19:28:11.633670
case_845,b,2025-02-24 19:33:11.633670
case_845,b,2025-02-24 19:38:11.633670
case_845,b,2025-02-24 19:43:11.633670
case_845,b,2025-02-24 19:48:11.633670
case_845,c,2025-02-24 19:53:11.633670
case_845,a,2025-02-24 19:58:11.633670
case_845,a,2025-02-24 20:03:11.633670
case_845,a,2025-02-24 20:08:11.633670
case_845,a,2025-02-24 20:13:11.633670
case_845,a,2025-02-24 20:18:11.633670
case_845,b,2025-02-24 20:23:11.633670
case_845,a,2025-02-24 20:28:11.633670
case_845,c,2025-02-24 20:33:11.633670
case_845,b,2025-02-24 20:38:11.633670
case_845,c,2025-02-24 20:43:11.633670
case_845,a,2025-02-24 20:48:11.633670
case_845,a,2025-02-24 20:53:11.633670
case_845,c,2025-02-24 20:58:11.633670
case_845,a,2025-02-24 21:03:11.633670
case_846,a,2025-02-24 19:28:11.633700
case_846,a,2025-02-24 19:33:11.633700
case_846,c,2025-02-24 19:38:11.633700
case_846,b,2025-02-24 19:43:11.633700
case_846,a,2025-02-24 19:48:11.633700
case_846,c,2025-02-24 19:53:11.633700
case_846,a,2025-02-24 19:58:11.633700
case_846,a,2025-02-24 20:03:11.633700
case_846,b,2025-02-24 20:08:11.633700
case_846,a,2025-02-24 20:13:11.633700
case_846,b,2025-02-24 20:18:11.633700
case_846,b,2025-02-24 20:23:11.633700
case_846,a,2025-02-24 20:28:11.633700
case_846,b,2025-02-24 20:33:11.633700
case_846,c,2025-02-24 20:38:11.633700
case_846,a,2025-02-24 20:43:11.633700
case_846,c,2025-02-24 20:48:11.633700
case_846,a,2025-02-24 20:53:11.633700
case_846,b,2025-02-24 20:58:11.633700
case_846,a,2025-02-24 21:03:11.633700
case_847,a,2025-02-24 19:28:11.633730
case_847,b,2025-02-24 19:33:11.633730
case_847,a,2025-02-24 19:38:11.633730
case_847,c,2025-02-24 19:43:11.633730
case_847,a,2025-02-24 19:48:11.633730
case_847,c,2025-02-24 19:53:11.633730
case_847,b,2025-02-24 19:58:11.633730
case_847,b,2025-02-24 20:03:11.633730
case_847,c,2025-02-24 20:08:11.633730
case_847,b,2025-02-24 20:13:11.633730
case_847,b,2025-02-24 20:18:11.633730
case_847,c,2025-02-24 20:23:11.633730
case_847,c,2025-02-24 20:28:11.633730
case_847,c,2025-02-24 20:33:11.633730
case_847,c,2025-02-24 20:38:11.633730
case_847,c,2025-02-24 20:43:11.633730
case_847,a,2025-02-24 20:48:11.633730
case_847,b,2025-02-24 20:53:11.633730
case_847,c,2025-02-24 20:58:11.633730
case_847,a,2025-02-24 21:03:11.633730
case_848,a,2025-02-24 19:28:11.633761
case_848,a,2025-02-24 19:33:11.633761
case_848,b,2025-02-24 19:38:11.633761
case_848,a,2025-02-24 19:43:11.633761
case_848,b,2025-02-24 19:48:11.633761
case_848,b,2025-02-24 19:53:11.633761
case_848,c,2025-02-24 19:58:11.633761
case_848,c,2025-02-24 20:03:11.633761
case_848,a,2025-02-24 20:08:11.633761
case_848,c,2025-02-24 20:13:11.633761
case_848,a,2025-02-24 20:18:11.633761
case_848,b,2025-02-24 20:23:11.633761
case_848,a,2025-02-24 20:28:11.633761
case_848,b,2025-02-24 20:33:11.633761
case_848,b,2025-02-24 20:38:11.633761
case_848,b,2025-02-24 20:43:11.633761
case_848,b,2025-02-24 20:48:11.633761
case_848,a,2025-02-24 20:53:11.633761
case_848,b,2025-02-24 20:58:11.633761
case_848,b,2025-02-24 21:03:11.633761
case_849,b,2025-02-24 19:28:11.633791
case_849,c,2025-02-24 19:33:11.633791
case_849,c,2025-02-24 19:38:11.633791
case_849,a,2025-02-24 19:43:11.633791
case_849,c,2025-02-24 19:48:11.633791
case_849,a,2025-02-24 19:53:11.633791
case_849,a,2025-02-24 19:58:11.633791
case_849,a,2025-02-24 20:03:11.633791
case_849,b,2025-02-24 20:08:11.633791
case_849,b,2025-02-24 20:13:11.633791
case_849,b,2025-02-24 20:18:11.633791
case_849,b,2025-02-24 20:23:11.633791
case_849,c,2025-02-24 20:28:11.633791
case_849,c,2025-02-24 20:33:11.633791
case_849,b,2025-02-24 20:38:11.633791
case_849,a,2025-02-24 20:43:11.633791
case_849,c,2025-02-24 20:48:11.633791
case_849,c,2025-02-24 20:53:11.633791
case_849,c,2025-02-24 20:58:11.633791
case_849,c,2025-02-24 21:03:11.633791
case_850,a,2025-02-24 19:28:11.633821
case_850,b,2025-02-24 19:33:11.633821
case_850,c,2025-02-24 19:38:11.633821
case_850,c,2025-02-24 19:43:11.633821
case_850,c,2025-02-24 19:48:11.633821
case_850,c,2025-02-24 19:53:11.633821
case_850,b,2025-02-24 19:58:11.633821
case_850,a,2025-02-24 20:03:11.633821
case_850,c,2025-02-24 20:08:11.633821
case_850,a,2025-02-24 20:13:11.633821
case_850,b,2025-02-24 20:18:11.633821
case_850,b,2025-02-24 20:23:11.633821
case_850,c,2025-02-24 20:28:11.633821
case_850,a,2025-02-24 20:33:11.633821
case_850,a,2025-02-24 20:38:11.633821
case_850,b,2025-02-24 20:43:11.633821
case_850,b,2025-02-24 20:48:11.633821
case_850,c,2025-02-24 20:53:11.633821
case_850,c,2025-02-24 20:58:11.633821
case_850,a,2025-02-24 21:03:11.633821
case_851,b,2025-02-24 19:28:11.633851
case_851,c,2025-02-24 19:33:11.633851
case_851,c,2025-02-24 19:38:11.633851
case_851,a,2025-02-24 19:43:11.633851
case_851,c,2025-02-24 19:48:11.633851
case_851,b,2025-02-24 19:53:11.633851
case_851,a,2025-02-24 19:58:11.633851
case_851,a,2025-02-24 20:03:11.633851
case_851,b,2025-02-24 20:08:11.633851
case_851,a,2025-02-24 20:13:11.633851
case_851,c,2025-02-24 20:18:11.633851
case_851,a,2025-02-24 20:23:11.633851
case_851,c,2025-02-24 20:28:11.633851
case_851,b,2025-02-24 20:33:11.633851
case_851,a,2025-02-24 20:38:11.633851
case_851,c,2025-02-24 20:43:11.633851
case_851,a,2025-02-24 20:48:11.633851
case_851,b,2025-02-24 20:53:11.633851
case_851,a,2025-02-24 20:58:11.633851
case_851,a,2025-02-24 21:03:11.633851
case_852,b,2025-02-24 19:28:11.633881
case_852,c,2025-02-24 19:33:11.633881
case_852,c,2025-02-24 19:38:11.633881
case_852,c,2025-02-24 19:43:11.633881
case_852,a,2025-02-24 19:48:11.633881
case_852,b,2025-02-24 19:53:11.633881
case_852,a,2025-02-24 19:58:11.633881
case_852,b,2025-02-24 20:03:11.633881
case_852,b,2025-02-24 20:08:11.633881
case_852,a,2025-02-24 20:13:11.633881
case_852,b,2025-02-24 20:18:11.633881
case_852,c,2025-02-24 20:23:11.633881
case_852,b,2025-02-24 20:28:11.633881
case_852,a,2025-02-24 20:33:11.633881
case_852,b,2025-02-24 20:38:11.633881
case_852,c,2025-02-24 20:43:11.633881
case_852,a,2025-02-24 20:48:11.633881
case_852,b,2025-02-24 20:53:11.633881
case_852,c,2025-02-24 20:58:11.633881
case_852,a,2025-02-24 21:03:11.633881
case_853,a,2025-02-24 19:28:11.633912
case_853,a,2025-02-24 19:33:11.633912
case_853,a,2025-02-24 19:38:11.633912
case_853,c,2025-02-24 19:43:11.633912
case_853,a,2025-02-24 19:48:11.633912
case_853,b,2025-02-24 19:53:11.633912
case_853,a,2025-02-24 19:58:11.633912
case_853,c,2025-02-24 20:03:11.633912
case_853,b,2025-02-24 20:08:11.633912
case_853,b,2025-02-24 20:13:11.633912
case_853,c,2025-02-24 20:18:11.633912
case_853,a,2025-02-24 20:23:11.633912
case_853,c,2025-02-24 20:28:11.633912
case_853,a,2025-02-24 20:33:11.633912
case_853,a,2025-02-24 20:38:11.633912
case_853,a,2025-02-24 20:43:11.633912
case_853,b,2025-02-24 20:48:11.633912
case_853,c,2025-02-24 20:53:11.633912
case_853,c,2025-02-24 20:58:11.633912
case_853,a,2025-02-24 21:03:11.633912
case_854,a,2025-02-24 19:28:11.633947
case_854,c,2025-02-24 19:33:11.633947
case_854,a,2025-02-24 19:38:11.633947
case_854,c,2025-02-24 19:43:11.633947
case_854,c,2025-02-24 19:48:11.633947
case_854,a,2025-02-24 19:53:11.633947
case_854,b,2025-02-24 19:58:11.633947
case_854,a,2025-02-24 20:03:11.633947
case_854,a,2025-02-24 20:08:11.633947
case_854,a,2025-02-24 20:13:11.633947
case_854,a,2025-02-24 20:18:11.633947
case_854,b,2025-02-24 20:23:11.633947
case_854,b,2025-02-24 20:28:11.633947
case_854,a,2025-02-24 20:33:11.633947
case_854,a,2025-02-24 20:38:11.633947
case_854,b,2025-02-24 20:43:11.633947
case_854,b,2025-02-24 20:48:11.633947
case_854,a,2025-02-24 20:53:11.633947
case_854,b,2025-02-24 20:58:11.633947
case_854,b,2025-02-24 21:03:11.633947
case_855,a,2025-02-24 19:28:11.633977
case_855,b,2025-02-24 19:33:11.633977
case_855,b,2025-02-24 19:38:11.633977
case_855,c,2025-02-24 19:43:11.633977
case_855,b,2025-02-24 19:48:11.633977
case_855,a,2025-02-24 19:53:11.633977
case_855,a,2025-02-24 19:58:11.633977
case_855,c,2025-02-24 20:03:11.633977
case_855,b,2025-02-24 20:08:11.633977
case_855,b,2025-02-24 20:13:11.633977
case_855,b,2025-02-24 20:18:11.633977
case_855,a,2025-02-24 20:23:11.633977
case_855,c,2025-02-24 20:28:11.633977
case_855,c,2025-02-24 20:33:11.633977
case_855,c,2025-02-24 20:38:11.633977
case_855,b,2025-02-24 20:43:11.633977
case_855,b,2025-02-24 20:48:11.633977
case_855,b,2025-02-24 20:53:11.633977
case_855,a,2025-02-24 20:58:11.633977
case_855,a,2025-02-24 21:03:11.633977
case_856,b,2025-02-24 19:28:11.634008
case_856,c,2025-02-24 19:33:11.634008
case_856,a,2025-02-24 19:38:11.634008
case_856,b,2025-02-24 19:43:11.634008
case_856,c,2025-02-24 19:48:11.634008
case_856,b,2025-02-24 19:53:11.634008
case_856,c,2025-02-24 19:58:11.634008
case_856,a,2025-02-24 20:03:11.634008
case_856,a,2025-02-24 20:08:11.634008
case_856,c,2025-02-24 20:13:11.634008
case_856,b,2025-02-24 20:18:11.634008
case_856,a,2025-02-24 20:23:11.634008
case_856,b,2025-02-24 20:28:11.634008
case_856,b,2025-02-24 20:33:11.634008
case_856,c,2025-02-24 20:38:11.634008
case_856,a,2025-02-24 20:43:11.634008
case_856,b,2025-02-24 20:48:11.634008
case_856,b,2025-02-24 20:53:11.634008
case_856,c,2025-02-24 20:58:11.634008
case_856,a,2025-02-24 21:03:11.634008
case_857,b,2025-02-24 19:28:11.634038
case_857,a,2025-02-24 19:33:11.634038
case_857,c,2025-02-24 19:38:11.634038
case_857,b,2025-02-24 19:43:11.634038
case_857,b,2025-02-24 19:48:11.634038
case_857,c,2025-02-24 19:53:11.634038
case_857,b,2025-02-24 19:58:11.634038
case_857,a,2025-02-24 20:03:11.634038
case_857,b,2025-02-24 20:08:11.634038
case_857,a,2025-02-24 20:13:11.634038
case_857,b,2025-02-24 20:18:11.634038
case_857,c,2025-02-24 20:23:11.634038
case_857,b,2025-02-24 20:28:11.634038
case_857,a,2025-02-24 20:33:11.634038
case_857,a,2025-02-24 20:38:11.634038
case_857,a,2025-02-24 20:43:11.634038
case_857,a,2025-02-24 20:48:11.634038
case_857,b,2025-02-24 20:53:11.634038
case_857,a,2025-02-24 20:58:11.634038
case_857,b,2025-02-24 21:03:11.634038
case_858,b,2025-02-24 19:28:11.634069
case_858,c,2025-02-24 19:33:11.634069
case_858,b,2025-02-24 19:38:11.634069
case_858,a,2025-02-24 19:43:11.634069
case_858,b,2025-02-24 19:48:11.634069
case_858,c,2025-02-24 19:53:11.634069
case_858,b,2025-02-24 19:58:11.634069
case_858,b,2025-02-24 20:03:11.634069
case_858,b,2025-02-24 20:08:11.634069
case_858,c,2025-02-24 20:13:11.634069
case_858,a,2025-02-24 20:18:11.634069
case_858,b,2025-02-24 20:23:11.634069
case_858,a,2025-02-24 20:28:11.634069
case_858,c,2025-02-24 20:33:11.634069
case_858,c,2025-02-24 20:38:11.634069
case_858,a,2025-02-24 20:43:11.634069
case_858,b,2025-02-24 20:48:11.634069
case_858,c,2025-02-24 20:53:11.634069
case_858,c,2025-02-24 20:58:11.634069
case_858,b,2025-02-24 21:03:11.634069
case_859,b,2025-02-24 19:28:11.634099
case_859,b,2025-02-24 19:33:11.634099
case_859,b,2025-02-24 19:38:11.634099
case_859,a,2025-02-24 19:43:11.634099
case_859,c,2025-02-24 19:48:11.634099
case_859,c,2025-02-24 19:53:11.634099
case_859,b,2025-02-24 19:58:11.634099
case_859,c,2025-02-24 20:03:11.634099
case_859,a,2025-02-24 20:08:11.634099
case_859,b,2025-02-24 20:13:11.634099
case_859,c,2025-02-24 20:18:11.634099
case_859,b,2025-02-24 20:23:11.634099
case_859,c,2025-02-24 20:28:11.634099
case_859,b,2025-02-24 20:33:11.634099
case_859,b,2025-02-24 20:38:11.634099
case_859,b,2025-02-24 20:43:11.634099
case_859,a,2025-02-24 20:48:11.634099
case_859,a,2025-02-24 20:53:11.634099
case_859,c,2025-02-24 20:58:11.634099
case_859,c,2025-02-24 21:03:11.634099
case_860,b,2025-02-24 19:28:11.634130
case_860,c,2025-02-24 19:33:11.634130
case_860,b,2025-02-24 19:38:11.634130
case_860,a,2025-02-24 19:43:11.634130
case_860,c,2025-02-24 19:48:11.634130
case_860,a,2025-02-24 19:53:11.634130
case_860,c,2025-02-24 19:58:11.634130
case_860,b,2025-02-24 20:03:11.634130
case_860,b,2025-02-24 20:08:11.634130
case_860,b,2025-02-24 20:13:11.634130
case_860,b,2025-02-24 20:18:11.634130
case_860,b,2025-02-24 20:23:11.634130
case_860,c,2025-02-24 20:28:11.634130
case_860,c,2025-02-24 20:33:11.634130
case_860,c,2025-02-24 20:38:11.634130
case_860,c,2025-02-24 20:43:11.634130
case_860,c,2025-02-24 20:48:11.634130
case_860,c,2025-02-24 20:53:11.634130
case_860,b,2025-02-24 20:58:11.634130
case_860,c,2025-02-24 21:03:11.634130
case_861,a,2025-02-24 19:28:11.634161
case_861,c,2025-02-24 19:33:11.634161
case_861,b,2025-02-24 19:38:11.634161
case_861,c,2025-02-24 19:43:11.634161
case_861,c,2025-02-24 19:48:11.634161
case_861,c,2025-02-24 19:53:11.634161
case_861,a,2025-02-24 19:58:11.634161
case_861,a,2025-02-24 20:03:11.634161
case_861,a,2025-02-24 20:08:11.634161
case_861,b,2025-02-24 20:13:11.634161
case_861,a,2025-02-24 20:18:11.634161
case_861,c,2025-02-24 20:23:11.634161
case_861,c,2025-02-24 20:28:11.634161
case_861,b,2025-02-24 20:33:11.634161
case_861,b,2025-02-24 20:38:11.634161
case_861,a,2025-02-24 20:43:11.634161
case_861,c,2025-02-24 20:48:11.634161
case_861,a,2025-02-24 20:53:11.634161
case_861,b,2025-02-24 20:58:11.634161
case_861,a,2025-02-24 21:03:11.634161
case_862,a,2025-02-24 19:28:11.634191
case_862,c,2025-02-24 19:33:11.634191
case_862,c,2025-02-24 19:38:11.634191
case_862,a,2025-02-24 19:43:11.634191
case_862,b,2025-02-24 19:48:11.634191
case_862,a,2025-02-24 19:53:11.634191
case_862,c,2025-02-24 19:58:11.634191
case_862,c,2025-02-24 20:03:11.634191
case_862,a,2025-02-24 20:08:11.634191
case_862,c,2025-02-24 20:13:11.634191
case_862,c,2025-02-24 20:18:11.634191
case_862,b,2025-02-24 20:23:11.634191
case_862,c,2025-02-24 20:28:11.634191
case_862,b,2025-02-24 20:33:11.634191
case_862,a,2025-02-24 20:38:11.634191
case_862,c,2025-02-24 20:43:11.634191
case_862,b,2025-02-24 20:48:11.634191
case_862,c,2025-02-24 20:53:11.634191
case_862,c,2025-02-24 20:58:11.634191
case_862,c,2025-02-24 21:03:11.634191
case_863,a,2025-02-24 19:28:11.634221
case_863,a,2025-02-24 19:33:11.634221
case_863,c,2025-02-24 19:38:11.634221
case_863,b,2025-02-24 19:43:11.634221
case_863,b,2025-02-24 19:48:11.634221
case_863,a,2025-02-24 19:53:11.634221
case_863,c,2025-02-24 19:58:11.634221
case_863,b,2025-02-24 20:03:11.634221
case_863,c,2025-02-24 20:08:11.634221
case_863,a,2025-02-24 20:13:11.634221
case_863,b,2025-02-24 20:18:11.634221
case_863,c,2025-02-24 20:23:11.634221
case_863,c,2025-02-24 20:28:11.634221
case_863,a,2025-02-24 20:33:11.634221
case_863,c,2025-02-24 20:38:11.634221
case_863,a,2025-02-24 20:43:11.634221
case_863,b,2025-02-24 20:48:11.634221
case_863,a,2025-02-24 20:53:11.634221
case_863,b,2025-02-24 20:58:11.634221
case_863,c,2025-02-24 21:03:11.634221
case_864,a,2025-02-24 19:28:11.634251
case_864,a,2025-02-24 19:33:11.634251
case_864,a,2025-02-24 19:38:11.634251
case_864,b,2025-02-24 19:43:11.634251
case_864,c,2025-02-24 19:48:11.634251
case_864,a,2025-02-24 19:53:11.634251
case_864,c,2025-02-24 19:58:11.634251
case_864,b,2025-02-24 20:03:11.634251
case_864,c,2025-02-24 20:08:11.634251
case_864,c,2025-02-24 20:13:11.634251
case_864,c,2025-02-24 20:18:11.634251
case_864,c,2025-02-24 20:23:11.634251
case_864,b,2025-02-24 20:28:11.634251
case_864,a,2025-02-24 20:33:11.634251
case_864,c,2025-02-24 20:38:11.634251
case_864,c,2025-02-24 20:43:11.634251
case_864,a,2025-02-24 20:48:11.634251
case_864,b,2025-02-24 20:53:11.634251
case_864,a,2025-02-24 20:58:11.634251
case_864,c,2025-02-24 21:03:11.634251
case_865,b,2025-02-24 19:28:11.634281
case_865,a,2025-02-24 19:33:11.634281
case_865,b,2025-02-24 19:38:11.634281
case_865,b,2025-02-24 19:43:11.634281
case_865,b,2025-02-24 19:48:11.634281
case_865,b,2025-02-24 19:53:11.634281
case_865,c,2025-02-24 19:58:11.634281
case_865,c,2025-02-24 20:03:11.634281
case_865,b,2025-02-24 20:08:11.634281
case_865,b,2025-02-24 20:13:11.634281
case_865,c,2025-02-24 20:18:11.634281
case_865,b,2025-02-24 20:23:11.634281
case_865,a,2025-02-24 20:28:11.634281
case_865,c,2025-02-24 20:33:11.634281
case_865,a,2025-02-24 20:38:11.634281
case_865,c,2025-02-24 20:43:11.634281
case_865,c,2025-02-24 20:48:11.634281
case_865,a,2025-02-24 20:53:11.634281
case_865,a,2025-02-24 20:58:11.634281
case_865,b,2025-02-24 21:03:11.634281
case_866,a,2025-02-24 19:28:11.634311
case_866,c,2025-02-24 19:33:11.634311
case_866,b,2025-02-24 19:38:11.634311
case_866,a,2025-02-24 19:43:11.634311
case_866,c,2025-02-24 19:48:11.634311
case_866,c,2025-02-24 19:53:11.634311
case_866,c,2025-02-24 19:58:11.634311
case_866,b,2025-02-24 20:03:11.634311
case_866,b,2025-02-24 20:08:11.634311
case_866,a,2025-02-24 20:13:11.634311
case_866,a,2025-02-24 20:18:11.634311
case_866,b,2025-02-24 20:23:11.634311
case_866,b,2025-02-24 20:28:11.634311
case_866,a,2025-02-24 20:33:11.634311
case_866,b,2025-02-24 20:38:11.634311
case_866,b,2025-02-24 20:43:11.634311
case_866,c,2025-02-24 20:48:11.634311
case_866,b,2025-02-24 20:53:11.634311
case_866,c,2025-02-24 20:58:11.634311
case_866,c,2025-02-24 21:03:11.634311
case_867,b,2025-02-24 19:28:11.634344
case_867,b,2025-02-24 19:33:11.634344
case_867,c,2025-02-24 19:38:11.634344
case_867,b,2025-02-24 19:43:11.634344
case_867,a,2025-02-24 19:48:11.634344
case_867,c,2025-02-24 19:53:11.634344
case_867,a,2025-02-24 19:58:11.634344
case_867,b,2025-02-24 20:03:11.634344
case_867,a,2025-02-24 20:08:11.634344
case_867,c,2025-02-24 20:13:11.634344
case_867,a,2025-02-24 20:18:11.634344
case_867,a,2025-02-24 20:23:11.634344
case_867,a,2025-02-24 20:28:11.634344
case_867,b,2025-02-24 20:33:11.634344
case_867,c,2025-02-24 20:38:11.634344
case_867,b,2025-02-24 20:43:11.634344
case_867,c,2025-02-24 20:48:11.634344
case_867,b,2025-02-24 20:53:11.634344
case_867,b,2025-02-24 20:58:11.634344
case_867,c,2025-02-24 21:03:11.634344
case_868,b,2025-02-24 19:28:11.634374
case_868,a,2025-02-24 19:33:11.634374
case_868,b,2025-02-24 19:38:11.634374
case_868,a,2025-02-24 19:43:11.634374
case_868,b,2025-02-24 19:48:11.634374
case_868,a,2025-02-24 19:53:11.634374
case_868,a,2025-02-24 19:58:11.634374
case_868,b,2025-02-24 20:03:11.634374
case_868,c,2025-02-24 20:08:11.634374
case_868,b,2025-02-24 20:13:11.634374
case_868,a,2025-02-24 20:18:11.634374
case_868,c,2025-02-24 20:23:11.634374
case_868,c,2025-02-24 20:28:11.634374
case_868,a,2025-02-24 20:33:11.634374
case_868,a,2025-02-24 20:38:11.634374
case_868,b,2025-02-24 20:43:11.634374
case_868,a,2025-02-24 20:48:11.634374
case_868,b,2025-02-24 20:53:11.634374
case_868,c,2025-02-24 20:58:11.634374
case_868,c,2025-02-24 21:03:11.634374
case_869,a,2025-02-24 19:28:11.634404
case_869,c,2025-02-24 19:33:11.634404
case_869,b,2025-02-24 19:38:11.634404
case_869,a,2025-02-24 19:43:11.634404
case_869,b,2025-02-24 19:48:11.634404
case_869,c,2025-02-24 19:53:11.634404
case_869,c,2025-02-24 19:58:11.634404
case_869,b,2025-02-24 20:03:11.634404
case_869,a,2025-02-24 20:08:11.634404
case_869,b,2025-02-24 20:13:11.634404
case_869,b,2025-02-24 20:18:11.634404
case_869,c,2025-02-24 20:23:11.634404
case_869,b,2025-02-24 20:28:11.634404
case_869,c,2025-02-24 20:33:11.634404
case_869,c,2025-02-24 20:38:11.634404
case_869,a,2025-02-24 20:43:11.634404
case_869,c,2025-02-24 20:48:11.634404
case_869,c,2025-02-24 20:53:11.634404
case_869,b,2025-02-24 20:58:11.634404
case_869,a,2025-02-24 21:03:11.634404
case_870,b,2025-02-24 19:28:11.634434
case_870,a,2025-02-24 19:33:11.634434
case_870,a,2025-02-24 19:38:11.634434
case_870,c,2025-02-24 19:43:11.634434
case_870,c,2025-02-24 19:48:11.634434
case_870,a,2025-02-24 19:53:11.634434
case_870,b,2025-02-24 19:58:11.634434
case_870,a,2025-02-24 20:03:11.634434
case_870,b,2025-02-24 20:08:11.634434
case_870,b,2025-02-24 20:13:11.634434
case_870,b,2025-02-24 20:18:11.634434
case_870,b,2025-02-24 20:23:11.634434
case_870,c,2025-02-24 20:28:11.634434
case_870,c,2025-02-24 20:33:11.634434
case_870,a,2025-02-24 20:38:11.634434
case_870,b,2025-02-24 20:43:11.634434
case_870,c,2025-02-24 20:48:11.634434
case_870,a,2025-02-24 20:53:11.634434
case_870,a,2025-02-24 20:58:11.634434
case_870,b,2025-02-24 21:03:11.634434
case_871,b,2025-02-24 19:28:11.634464
case_871,b,2025-02-24 19:33:11.634464
case_871,b,2025-02-24 19:38:11.634464
case_871,a,2025-02-24 19:43:11.634464
case_871,c,2025-02-24 19:48:11.634464
case_871,a,2025-02-24 19:53:11.634464
case_871,b,2025-02-24 19:58:11.634464
case_871,c,2025-02-24 20:03:11.634464
case_871,c,2025-02-24 20:08:11.634464
case_871,b,2025-02-24 20:13:11.634464
case_871,b,2025-02-24 20:18:11.634464
case_871,a,2025-02-24 20:23:11.634464
case_871,a,2025-02-24 20:28:11.634464
case_871,b,2025-02-24 20:33:11.634464
case_871,c,2025-02-24 20:38:11.634464
case_871,c,2025-02-24 20:43:11.634464
case_871,a,2025-02-24 20:48:11.634464
case_871,c,2025-02-24 20:53:11.634464
case_871,c,2025-02-24 20:58:11.634464
case_871,a,2025-02-24 21:03:11.634464
case_872,b,2025-02-24 19:28:11.634494
case_872,a,2025-02-24 19:33:11.634494
case_872,a,2025-02-24 19:38:11.634494
case_872,a,2025-02-24 19:43:11.634494
case_872,b,2025-02-24 19:48:11.634494
case_872,c,2025-02-24 19:53:11.634494
case_872,b,2025-02-24 19:58:11.634494
case_872,a,2025-02-24 20:03:11.634494
case_872,b,2025-02-24 20:08:11.634494
case_872,b,2025-02-24 20:13:11.634494
case_872,a,2025-02-24 20:18:11.634494
case_872,a,2025-02-24 20:23:11.634494
case_872,b,2025-02-24 20:28:11.634494
case_872,b,2025-02-24 20:33:11.634494
case_872,b,2025-02-24 20:38:11.634494
case_872,b,2025-02-24 20:43:11.634494
case_872,c,2025-02-24 20:48:11.634494
case_872,c,2025-02-24 20:53:11.634494
case_872,a,2025-02-24 20:58:11.634494
case_872,c,2025-02-24 21:03:11.634494
case_873,a,2025-02-24 19:28:11.634524
case_873,b,2025-02-24 19:33:11.634524
case_873,a,2025-02-24 19:38:11.634524
case_873,b,2025-02-24 19:43:11.634524
case_873,b,2025-02-24 19:48:11.634524
case_873,c,2025-02-24 19:53:11.634524
case_873,b,2025-02-24 19:58:11.634524
case_873,b,2025-02-24 20:03:11.634524
case_873,a,2025-02-24 20:08:11.634524
case_873,c,2025-02-24 20:13:11.634524
case_873,a,2025-02-24 20:18:11.634524
case_873,c,2025-02-24 20:23:11.634524
case_873,a,2025-02-24 20:28:11.634524
case_873,a,2025-02-24 20:33:11.634524
case_873,a,2025-02-24 20:38:11.634524
case_873,b,2025-02-24 20:43:11.634524
case_873,b,2025-02-24 20:48:11.634524
case_873,a,2025-02-24 20:53:11.634524
case_873,c,2025-02-24 20:58:11.634524
case_873,b,2025-02-24 21:03:11.634524
case_874,a,2025-02-24 19:28:11.634554
case_874,c,2025-02-24 19:33:11.634554
case_874,c,2025-02-24 19:38:11.634554
case_874,b,2025-02-24 19:43:11.634554
case_874,b,2025-02-24 19:48:11.634554
case_874,a,2025-02-24 19:53:11.634554
case_874,a,2025-02-24 19:58:11.634554
case_874,c,2025-02-24 20:03:11.634554
case_874,b,2025-02-24 20:08:11.634554
case_874,a,2025-02-24 20:13:11.634554
case_874,c,2025-02-24 20:18:11.634554
case_874,b,2025-02-24 20:23:11.634554
case_874,b,2025-02-24 20:28:11.634554
case_874,c,2025-02-24 20:33:11.634554
case_874,b,2025-02-24 20:38:11.634554
case_874,a,2025-02-24 20:43:11.634554
case_874,b,2025-02-24 20:48:11.634554
case_874,c,2025-02-24 20:53:11.634554
case_874,c,2025-02-24 20:58:11.634554
case_874,b,2025-02-24 21:03:11.634554
case_875,a,2025-02-24 19:28:11.634584
case_875,b,2025-02-24 19:33:11.634584
case_875,c,2025-02-24 19:38:11.634584
case_875,b,2025-02-24 19:43:11.634584
case_875,a,2025-02-24 19:48:11.634584
case_875,b,2025-02-24 19:53:11.634584
case_875,b,2025-02-24 19:58:11.634584
case_875,b,2025-02-24 20:03:11.634584
case_875,a,2025-02-24 20:08:11.634584
case_875,a,2025-02-24 20:13:11.634584
case_875,c,2025-02-24 20:18:11.634584
case_875,a,2025-02-24 20:23:11.634584
case_875,c,2025-02-24 20:28:11.634584
case_875,c,2025-02-24 20:33:11.634584
case_875,a,2025-02-24 20:38:11.634584
case_875,a,2025-02-24 20:43:11.634584
case_875,b,2025-02-24 20:48:11.634584
case_875,a,2025-02-24 20:53:11.634584
case_875,a,2025-02-24 20:58:11.634584
case_875,c,2025-02-24 21:03:11.634584
case_876,b,2025-02-24 19:28:11.634614
case_876,c,2025-02-24 19:33:11.634614
case_876,b,2025-02-24 19:38:11.634614
case_876,c,2025-02-24 19:43:11.634614
case_876,a,2025-02-24 19:48:11.634614
case_876,c,2025-02-24 19:53:11.634614
case_876,c,2025-02-24 19:58:11.634614
case_876,c,2025-02-24 20:03:11.634614
case_876,b,2025-02-24 20:08:11.634614
case_876,c,2025-02-24 20:13:11.634614
case_876,b,2025-02-24 20:18:11.634614
case_876,b,2025-02-24 20:23:11.634614
case_876,a,2025-02-24 20:28:11.634614
case_876,a,2025-02-24 20:33:11.634614
case_876,b,2025-02-24 20:38:11.634614
case_876,c,2025-02-24 20:43:11.634614
case_876,a,2025-02-24 20:48:11.634614
case_876,a,2025-02-24 20:53:11.634614
case_876,b,2025-02-24 20:58:11.634614
case_876,c,2025-02-24 21:03:11.634614
case_877,a,2025-02-24 19:28:11.634644
case_877,a,2025-02-24 19:33:11.634644
case_877,b,2025-02-24 19:38:11.634644
case_877,b,2025-02-24 19:43:11.634644
case_877,c,2025-02-24 19:48:11.634644
case_877,a,2025-02-24 19:53:11.634644
case_877,c,2025-02-24 19:58:11.634644
case_877,b,2025-02-24 20:03:11.634644
case_877,b,2025-02-24 20:08:11.634644
case_877,a,2025-02-24 20:13:11.634644
case_877,c,2025-02-24 20:18:11.634644
case_877,b,2025-02-24 20:23:11.634644
case_877,c,2025-02-24 20:28:11.634644
case_877,b,2025-02-24 20:33:11.634644
case_877,a,2025-02-24 20:38:11.634644
case_877,c,2025-02-24 20:43:11.634644
case_877,b,2025-02-24 20:48:11.634644
case_877,b,2025-02-24 20:53:11.634644
case_877,c,2025-02-24 20:58:11.634644
case_877,b,2025-02-24 21:03:11.634644
case_878,a,2025-02-24 19:28:11.634674
case_878,c,2025-02-24 19:33:11.634674
case_878,a,2025-02-24 19:38:11.634674
case_878,b,2025-02-24 19:43:11.634674
case_878,b,2025-02-24 19:48:11.634674
case_878,b,2025-02-24 19:53:11.634674
case_878,a,2025-02-24 19:58:11.634674
case_878,a,2025-02-24 20:03:11.634674
case_878,b,2025-02-24 20:08:11.634674
case_878,a,2025-02-24 20:13:11.634674
case_878,b,2025-02-24 20:18:11.634674
case_878,b,2025-02-24 20:23:11.634674
case_878,b,2025-02-24 20:28:11.634674
case_878,b,2025-02-24 20:33:11.634674
case_878,c,2025-02-24 20:38:11.634674
case_878,a,2025-02-24 20:43:11.634674
case_878,a,2025-02-24 20:48:11.634674
case_878,a,2025-02-24 20:53:11.634674
case_878,b,2025-02-24 20:58:11.634674
case_878,a,2025-02-24 21:03:11.634674
case_879,b,2025-02-24 19:28:11.634704
case_879,b,2025-02-24 19:33:11.634704
case_879,a,2025-02-24 19:38:11.634704
case_879,a,2025-02-24 19:43:11.634704
case_879,b,2025-02-24 19:48:11.634704
case_879,b,2025-02-24 19:53:11.634704
case_879,c,2025-02-24 19:58:11.634704
case_879,c,2025-02-24 20:03:11.634704
case_879,a,2025-02-24 20:08:11.634704
case_879,b,2025-02-24 20:13:11.634704
case_879,a,2025-02-24 20:18:11.634704
case_879,c,2025-02-24 20:23:11.634704
case_879,b,2025-02-24 20:28:11.634704
case_879,b,2025-02-24 20:33:11.634704
case_879,c,2025-02-24 20:38:11.634704
case_879,c,2025-02-24 20:43:11.634704
case_879,c,2025-02-24 20:48:11.634704
case_879,a,2025-02-24 20:53:11.634704
case_879,a,2025-02-24 20:58:11.634704
case_879,a,2025-02-24 21:03:11.634704
case_880,b,2025-02-24 19:28:11.634734
case_880,c,2025-02-24 19:33:11.634734
case_880,c,2025-02-24 19:38:11.634734
case_880,a,2025-02-24 19:43:11.634734
case_880,b,2025-02-24 19:48:11.634734
case_880,b,2025-02-24 19:53:11.634734
case_880,b,2025-02-24 19:58:11.634734
case_880,b,2025-02-24 20:03:11.634734
case_880,b,2025-02-24 20:08:11.634734
case_880,a,2025-02-24 20:13:11.634734
case_880,a,2025-02-24 20:18:11.634734
case_880,b,2025-02-24 20:23:11.634734
case_880,a,2025-02-24 20:28:11.634734
case_880,b,2025-02-24 20:33:11.634734
case_880,a,2025-02-24 20:38:11.634734
case_880,c,2025-02-24 20:43:11.634734
case_880,a,2025-02-24 20:48:11.634734
case_880,b,2025-02-24 20:53:11.634734
case_880,c,2025-02-24 20:58:11.634734
case_880,a,2025-02-24 21:03:11.634734
case_881,a,2025-02-24 19:28:11.634764
case_881,b,2025-02-24 19:33:11.634764
case_881,a,2025-02-24 19:38:11.634764
case_881,a,2025-02-24 19:43:11.634764
case_881,a,2025-02-24 19:48:11.634764
case_881,c,2025-02-24 19:53:11.634764
case_881,b,2025-02-24 19:58:11.634764
case_881,a,2025-02-24 20:03:11.634764
case_881,b,2025-02-24 20:08:11.634764
case_881,b,2025-02-24 20:13:11.634764
case_881,b,2025-02-24 20:18:11.634764
case_881,b,2025-02-24 20:23:11.634764
case_881,c,2025-02-24 20:28:11.634764
case_881,a,2025-02-24 20:33:11.634764
case_881,a,2025-02-24 20:38:11.634764
case_881,c,2025-02-24 20:43:11.634764
case_881,b,2025-02-24 20:48:11.634764
case_881,a,2025-02-24 20:53:11.634764
case_881,b,2025-02-24 20:58:11.634764
case_881,b,2025-02-24 21:03:11.634764
case_882,b,2025-02-24 19:28:11.634794
case_882,b,2025-02-24 19:33:11.634794
case_882,c,2025-02-24 19:38:11.634794
case_882,a,2025-02-24 19:43:11.634794
case_882,b,2025-02-24 19:48:11.634794
case_882,a,2025-02-24 19:53:11.634794
case_882,b,2025-02-24 19:58:11.634794
case_882,b,2025-02-24 20:03:11.634794
case_882,c,2025-02-24 20:08:11.634794
case_882,b,2025-02-24 20:13:11.634794
case_882,c,2025-02-24 20:18:11.634794
case_882,c,2025-02-24 20:23:11.634794
case_882,b,2025-02-24 20:28:11.634794
case_882,b,2025-02-24 20:33:11.634794
case_882,a,2025-02-24 20:38:11.634794
case_882,b,2025-02-24 20:43:11.634794
case_882,b,2025-02-24 20:48:11.634794
case_882,a,2025-02-24 20:53:11.634794
case_882,c,2025-02-24 20:58:11.634794
case_882,c,2025-02-24 21:03:11.634794
case_883,b,2025-02-24 19:28:11.634824
case_883,a,2025-02-24 19:33:11.634824
case_883,a,2025-02-24 19:38:11.634824
case_883,a,2025-02-24 19:43:11.634824
case_883,b,2025-02-24 19:48:11.634824
case_883,b,2025-02-24 19:53:11.634824
case_883,b,2025-02-24 19:58:11.634824
case_883,a,2025-02-24 20:03:11.634824
case_883,b,2025-02-24 20:08:11.634824
case_883,a,2025-02-24 20:13:11.634824
case_883,c,2025-02-24 20:18:11.634824
case_883,c,2025-02-24 20:23:11.634824
case_883,b,2025-02-24 20:28:11.634824
case_883,c,2025-02-24 20:33:11.634824
case_883,c,2025-02-24 20:38:11.634824
case_883,c,2025-02-24 20:43:11.634824
case_883,b,2025-02-24 20:48:11.634824
case_883,a,2025-02-24 20:53:11.634824
case_883,a,2025-02-24 20:58:11.634824
case_883,b,2025-02-24 21:03:11.634824
case_884,b,2025-02-24 19:28:11.634854
case_884,c,2025-02-24 19:33:11.634854
case_884,b,2025-02-24 19:38:11.634854
case_884,b,2025-02-24 19:43:11.634854
case_884,a,2025-02-24 19:48:11.634854
case_884,c,2025-02-24 19:53:11.634854
case_884,c,2025-02-24 19:58:11.634854
case_884,a,2025-02-24 20:03:11.634854
case_884,a,2025-02-24 20:08:11.634854
case_884,c,2025-02-24 20:13:11.634854
case_884,b,2025-02-24 20:18:11.634854
case_884,b,2025-02-24 20:23:11.634854
case_884,b,2025-02-24 20:28:11.634854
case_884,b,2025-02-24 20:33:11.634854
case_884,c,2025-02-24 20:38:11.634854
case_884,c,2025-02-24 20:43:11.634854
case_884,a,2025-02-24 20:48:11.634854
case_884,b,2025-02-24 20:53:11.634854
case_884,b,2025-02-24 20:58:11.634854
case_884,a,2025-02-24 21:03:11.634854
case_885,a,2025-02-24 19:28:11.634884
case_885,c,2025-02-24 19:33:11.634884
case_885,c,2025-02-24 19:38:11.634884
case_885,c,2025-02-24 19:43:11.634884
case_885,b,2025-02-24 19:48:11.634884
case_885,c,2025-02-24 19:53:11.634884
case_885,b,2025-02-24 19:58:11.634884
case_885,c,2025-02-24 20:03:11.634884
case_885,b,2025-02-24 20:08:11.634884
case_885,c,2025-02-24 20:13:11.634884
case_885,b,2025-02-24 20:18:11.634884
case_885,c,2025-02-24 20:23:11.634884
case_885,c,2025-02-24 20:28:11.634884
case_885,a,2025-02-24 20:33:11.634884
case_885,a,2025-02-24 20:38:11.634884
case_885,c,2025-02-24 20:43:11.634884
case_885,a,2025-02-24 20:48:11.634884
case_885,c,2025-02-24 20:53:11.634884
case_885,b,2025-02-24 20:58:11.634884
case_885,b,2025-02-24 21:03:11.634884
case_886,b,2025-02-24 19:28:11.634914
case_886,a,2025-02-24 19:33:11.634914
case_886,b,2025-02-24 19:38:11.634914
case_886,b,2025-02-24 19:43:11.634914
case_886,a,2025-02-24 19:48:11.634914
case_886,a,2025-02-24 19:53:11.634914
case_886,c,2025-02-24 19:58:11.634914
case_886,b,2025-02-24 20:03:11.634914
case_886,a,2025-02-24 20:08:11.634914
case_886,b,2025-02-24 20:13:11.634914
case_886,b,2025-02-24 20:18:11.634914
case_886,b,2025-02-24 20:23:11.634914
case_886,c,2025-02-24 20:28:11.634914
case_886,c,2025-02-24 20:33:11.634914
case_886,c,2025-02-24 20:38:11.634914
case_886,c,2025-02-24 20:43:11.634914
case_886,a,2025-02-24 20:48:11.634914
case_886,b,2025-02-24 20:53:11.634914
case_886,c,2025-02-24 20:58:11.634914
case_886,c,2025-02-24 21:03:11.634914
case_887,b,2025-02-24 19:28:11.634943
case_887,c,2025-02-24 19:33:11.634943
case_887,c,2025-02-24 19:38:11.634943
case_887,a,2025-02-24 19:43:11.634943
case_887,c,2025-02-24 19:48:11.634943
case_887,a,2025-02-24 19:53:11.634943
case_887,b,2025-02-24 19:58:11.634943
case_887,c,2025-02-24 20:03:11.634943
case_887,c,2025-02-24 20:08:11.634943
case_887,a,2025-02-24 20:13:11.634943
case_887,a,2025-02-24 20:18:11.634943
case_887,b,2025-02-24 20:23:11.634943
case_887,b,2025-02-24 20:28:11.634943
case_887,c,2025-02-24 20:33:11.634943
case_887,a,2025-02-24 20:38:11.634943
case_887,c,2025-02-24 20:43:11.634943
case_887,b,2025-02-24 20:48:11.634943
case_887,a,2025-02-24 20:53:11.634943
case_887,a,2025-02-24 20:58:11.634943
case_887,c,2025-02-24 21:03:11.634943
case_888,b,2025-02-24 19:28:11.634973
case_888,a,2025-02-24 19:33:11.634973
case_888,c,2025-02-24 19:38:11.634973
case_888,b,2025-02-24 19:43:11.634973
case_888,c,2025-02-24 19:48:11.634973
case_888,c,2025-02-24 19:53:11.634973
case_888,a,2025-02-24 19:58:11.634973
case_888,a,2025-02-24 20:03:11.634973
case_888,a,2025-02-24 20:08:11.634973
case_888,c,2025-02-24 20:13:11.634973
case_888,a,2025-02-24 20:18:11.634973
case_888,a,2025-02-24 20:23:11.634973
case_888,a,2025-02-24 20:28:11.634973
case_888,c,2025-02-24 20:33:11.634973
case_888,b,2025-02-24 20:38:11.634973
case_888,b,2025-02-24 20:43:11.634973
case_888,b,2025-02-24 20:48:11.634973
case_888,c,2025-02-24 20:53:11.634973
case_888,c,2025-02-24 20:58:11.634973
case_888,b,2025-02-24 21:03:11.634973
case_889,b,2025-02-24 19:28:11.635003
case_889,b,2025-02-24 19:33:11.635003
case_889,c,2025-02-24 19:38:11.635003
case_889,c,2025-02-24 19:43:11.635003
case_889,c,2025-02-24 19:48:11.635003
case_889,b,2025-02-24 19:53:11.635003
case_889,b,2025-02-24 19:58:11.635003
case_889,a,2025-02-24 20:03:11.635003
case_889,b,2025-02-24 20:08:11.635003
case_889,a,2025-02-24 20:13:11.635003
case_889,a,2025-02-24 20:18:11.635003
case_889,c,2025-02-24 20:23:11.635003
case_889,b,2025-02-24 20:28:11.635003
case_889,b,2025-02-24 20:33:11.635003
case_889,a,2025-02-24 20:38:11.635003
case_889,b,2025-02-24 20:43:11.635003
case_889,b,2025-02-24 20:48:11.635003
case_889,b,2025-02-24 20:53:11.635003
case_889,a,2025-02-24 20:58:11.635003
case_889,b,2025-02-24 21:03:11.635003
case_890,a,2025-02-24 19:28:11.635033
case_890,c,2025-02-24 19:33:11.635033
case_890,b,2025-02-24 19:38:11.635033
case_890,c,2025-02-24 19:43:11.635033
case_890,a,2025-02-24 19:48:11.635033
case_890,a,2025-02-24 19:53:11.635033
case_890,a,2025-02-24 19:58:11.635033
case_890,b,2025-02-24 20:03:11.635033
case_890,a,2025-02-24 20:08:11.635033
case_890,a,2025-02-24 20:13:11.635033
case_890,a,2025-02-24 20:18:11.635033
case_890,b,2025-02-24 20:23:11.635033
case_890,b,2025-02-24 20:28:11.635033
case_890,b,2025-02-24 20:33:11.635033
case_890,b,2025-02-24 20:38:11.635033
case_890,a,2025-02-24 20:43:11.635033
case_890,b,2025-02-24 20:48:11.635033
case_890,a,2025-02-24 20:53:11.635033
case_890,c,2025-02-24 20:58:11.635033
case_890,a,2025-02-24 21:03:11.635033
case_891,a,2025-02-24 19:28:11.635063
case_891,a,2025-02-24 19:33:11.635063
case_891,c,2025-02-24 19:38:11.635063
case_891,b,2025-02-24 19:43:11.635063
case_891,a,2025-02-24 19:48:11.635063
case_891,c,2025-02-24 19:53:11.635063
case_891,a,2025-02-24 19:58:11.635063
case_891,b,2025-02-24 20:03:11.635063
case_891,b,2025-02-24 20:08:11.635063
case_891,c,2025-02-24 20:13:11.635063
case_891,b,2025-02-24 20:18:11.635063
case_891,b,2025-02-24 20:23:11.635063
case_891,c,2025-02-24 20:28:11.635063
case_891,a,2025-02-24 20:33:11.635063
case_891,b,2025-02-24 20:38:11.635063
case_891,b,2025-02-24 20:43:11.635063
case_891,b,2025-02-24 20:48:11.635063
case_891,a,2025-02-24 20:53:11.635063
case_891,c,2025-02-24 20:58:11.635063
case_891,b,2025-02-24 21:03:11.635063
case_892,b,2025-02-24 19:28:11.635093
case_892,c,2025-02-24 19:33:11.635093
case_892,c,2025-02-24 19:38:11.635093
case_892,c,2025-02-24 19:43:11.635093
case_892,c,2025-02-24 19:48:11.635093
case_892,a,2025-02-24 19:53:11.635093
case_892,b,2025-02-24 19:58:11.635093
case_892,c,2025-02-24 20:03:11.635093
case_892,c,2025-02-24 20:08:11.635093
case_892,a,2025-02-24 20:13:11.635093
case_892,c,2025-02-24 20:18:11.635093
case_892,c,2025-02-24 20:23:11.635093
case_892,c,2025-02-24 20:28:11.635093
case_892,a,2025-02-24 20:33:11.635093
case_892,c,2025-02-24 20:38:11.635093
case_892,c,2025-02-24 20:43:11.635093
case_892,c,2025-02-24 20:48:11.635093
case_892,b,2025-02-24 20:53:11.635093
case_892,b,2025-02-24 20:58:11.635093
case_892,a,2025-02-24 21:03:11.635093
case_893,b,2025-02-24 19:28:11.635122
case_893,a,2025-02-24 19:33:11.635122
case_893,a,2025-02-24 19:38:11.635122
case_893,c,2025-02-24 19:43:11.635122
case_893,c,2025-02-24 19:48:11.635122
case_893,b,2025-02-24 19:53:11.635122
case_893,c,2025-02-24 19:58:11.635122
case_893,c,2025-02-24 20:03:11.635122
case_893,a,2025-02-24 20:08:11.635122
case_893,c,2025-02-24 20:13:11.635122
case_893,a,2025-02-24 20:18:11.635122
case_893,a,2025-02-24 20:23:11.635122
case_893,b,2025-02-24 20:28:11.635122
case_893,a,2025-02-24 20:33:11.635122
case_893,a,2025-02-24 20:38:11.635122
case_893,a,2025-02-24 20:43:11.635122
case_893,a,2025-02-24 20:48:11.635122
case_893,c,2025-02-24 20:53:11.635122
case_893,b,2025-02-24 20:58:11.635122
case_893,a,2025-02-24 21:03:11.635122
case_894,a,2025-02-24 19:28:11.635152
case_894,b,2025-02-24 19:33:11.635152
case_894,c,2025-02-24 19:38:11.635152
case_894,a,2025-02-24 19:43:11.635152
case_894,c,2025-02-24 19:48:11.635152
case_894,c,2025-02-24 19:53:11.635152
case_894,b,2025-02-24 19:58:11.635152
case_894,a,2025-02-24 20:03:11.635152
case_894,c,2025-02-24 20:08:11.635152
case_894,a,2025-02-24 20:13:11.635152
case_894,c,2025-02-24 20:18:11.635152
case_894,a,2025-02-24 20:23:11.635152
case_894,b,2025-02-24 20:28:11.635152
case_894,b,2025-02-24 20:33:11.635152
case_894,a,2025-02-24 20:38:11.635152
case_894,b,2025-02-24 20:43:11.635152
case_894,c,2025-02-24 20:48:11.635152
case_894,c,2025-02-24 20:53:11.635152
case_894,b,2025-02-24 20:58:11.635152
case_894,b,2025-02-24 21:03:11.635152
case_895,b,2025-02-24 19:28:11.635182
case_895,b,2025-02-24 19:33:11.635182
case_895,a,2025-02-24 19:38:11.635182
case_895,c,2025-02-24 19:43:11.635182
case_895,a,2025-02-24 19:48:11.635182
case_895,c,2025-02-24 19:53:11.635182
case_895,a,2025-02-24 19:58:11.635182
case_895,c,2025-02-24 20:03:11.635182
case_895,a,2025-02-24 20:08:11.635182
case_895,a,2025-02-24 20:13:11.635182
case_895,b,2025-02-24 20:18:11.635182
case_895,a,2025-02-24 20:23:11.635182
case_895,b,2025-02-24 20:28:11.635182
case_895,c,2025-02-24 20:33:11.635182
case_895,b,2025-02-24 20:38:11.635182
case_895,b,2025-02-24 20:43:11.635182
case_895,b,2025-02-24 20:48:11.635182
case_895,c,2025-02-24 20:53:11.635182
case_895,c,2025-02-24 20:58:11.635182
case_895,a,2025-02-24 21:03:11.635182
case_896,a,2025-02-24 19:28:11.635212
case_896,b,2025-02-24 19:33:11.635212
case_896,a,2025-02-24 19:38:11.635212
case_896,a,2025-02-24 19:43:11.635212
case_896,c,2025-02-24 19:48:11.635212
case_896,c,2025-02-24 19:53:11.635212
case_896,a,2025-02-24 19:58:11.635212
case_896,a,2025-02-24 20:03:11.635212
case_896,c,2025-02-24 20:08:11.635212
case_896,c,2025-02-24 20:13:11.635212
case_896,c,2025-02-24 20:18:11.635212
case_896,c,2025-02-24 20:23:11.635212
case_896,c,2025-02-24 20:28:11.635212
case_896,a,2025-02-24 20:33:11.635212
case_896,c,2025-02-24 20:38:11.635212
case_896,c,2025-02-24 20:43:11.635212
case_896,a,2025-02-24 20:48:11.635212
case_896,c,2025-02-24 20:53:11.635212
case_896,c,2025-02-24 20:58:11.635212
case_896,b,2025-02-24 21:03:11.635212
case_897,a,2025-02-24 19:28:11.635242
case_897,c,2025-02-24 19:33:11.635242
case_897,c,2025-02-24 19:38:11.635242
case_897,a,2025-02-24 19:43:11.635242
case_897,a,2025-02-24 19:48:11.635242
case_897,b,2025-02-24 19:53:11.635242
case_897,b,2025-02-24 19:58:11.635242
case_897,b,2025-02-24 20:03:11.635242
case_897,b,2025-02-24 20:08:11.635242
case_897,a,2025-02-24 20:13:11.635242
case_897,a,2025-02-24 20:18:11.635242
case_897,b,2025-02-24 20:23:11.635242
case_897,a,2025-02-24 20:28:11.635242
case_897,c,2025-02-24 20:33:11.635242
case_897,b,2025-02-24 20:38:11.635242
case_897,a,2025-02-24 20:43:11.635242
case_897,b,2025-02-24 20:48:11.635242
case_897,c,2025-02-24 20:53:11.635242
case_897,a,2025-02-24 20:58:11.635242
case_897,c,2025-02-24 21:03:11.635242
case_898,b,2025-02-24 19:28:11.635272
case_898,a,2025-02-24 19:33:11.635272
case_898,b,2025-02-24 19:38:11.635272
case_898,c,2025-02-24 19:43:11.635272
case_898,c,2025-02-24 19:48:11.635272
case_898,b,2025-02-24 19:53:11.635272
case_898,a,2025-02-24 19:58:11.635272
case_898,c,2025-02-24 20:03:11.635272
case_898,b,2025-02-24 20:08:11.635272
case_898,a,2025-02-24 20:13:11.635272
case_898,b,2025-02-24 20:18:11.635272
case_898,c,2025-02-24 20:23:11.635272
case_898,c,2025-02-24 20:28:11.635272
case_898,a,2025-02-24 20:33:11.635272
case_898,c,2025-02-24 20:38:11.635272
case_898,c,2025-02-24 20:43:11.635272
case_898,a,2025-02-24 20:48:11.635272
case_898,b,2025-02-24 20:53:11.635272
case_898,b,2025-02-24 20:58:11.635272
case_898,b,2025-02-24 21:03:11.635272
case_899,b,2025-02-24 19:28:11.635301
case_899,a,2025-02-24 19:33:11.635301
case_899,b,2025-02-24 19:38:11.635301
case_899,b,2025-02-24 19:43:11.635301
case_899,a,2025-02-24 19:48:11.635301
case_899,c,2025-02-24 19:53:11.635301
case_899,a,2025-02-24 19:58:11.635301
case_899,a,2025-02-24 20:03:11.635301
case_899,c,2025-02-24 20:08:11.635301
case_899,c,2025-02-24 20:13:11.635301
case_899,b,2025-02-24 20:18:11.635301
case_899,c,2025-02-24 20:23:11.635301
case_899,a,2025-02-24 20:28:11.635301
case_899,a,2025-02-24 20:33:11.635301
case_899,a,2025-02-24 20:38:11.635301
case_899,a,2025-02-24 20:43:11.635301
case_899,b,2025-02-24 20:48:11.635301
case_899,a,2025-02-24 20:53:11.635301
case_899,b,2025-02-24 20:58:11.635301
case_899,a,2025-02-24 21:03:11.635301
case_900,a,2025-02-24 19:28:11.635333
case_900,b,2025-02-24 19:33:11.635333
case_900,c,2025-02-24 19:38:11.635333
case_900,a,2025-02-24 19:43:11.635333
case_900,b,2025-02-24 19:48:11.635333
case_900,a,2025-02-24 19:53:11.635333
case_900,a,2025-02-24 19:58:11.635333
case_900,c,2025-02-24 20:03:11.635333
case_900,c,2025-02-24 20:08:11.635333
case_900,b,2025-02-24 20:13:11.635333
case_900,a,2025-02-24 20:18:11.635333
case_900,a,2025-02-24 20:23:11.635333
case_900,c,2025-02-24 20:28:11.635333
case_900,b,2025-02-24 20:33:11.635333
case_900,c,2025-02-24 20:38:11.635333
case_900,a,2025-02-24 20:43:11.635333
case_900,c,2025-02-24 20:48:11.635333
case_900,a,2025-02-24 20:53:11.635333
case_900,a,2025-02-24 20:58:11.635333
case_900,b,2025-02-24 21:03:11.635333
case_901,b,2025-02-24 19:28:11.635364
case_901,b,2025-02-24 19:33:11.635364
case_901,c,2025-02-24 19:38:11.635364
case_901,a,2025-02-24 19:43:11.635364
case_901,a,2025-02-24 19:48:11.635364
case_901,a,2025-02-24 19:53:11.635364
case_901,a,2025-02-24 19:58:11.635364
case_901,b,2025-02-24 20:03:11.635364
case_901,b,2025-02-24 20:08:11.635364
case_901,c,2025-02-24 20:13:11.635364
case_901,c,2025-02-24 20:18:11.635364
case_901,a,2025-02-24 20:23:11.635364
case_901,b,2025-02-24 20:28:11.635364
case_901,c,2025-02-24 20:33:11.635364
case_901,c,2025-02-24 20:38:11.635364
case_901,c,2025-02-24 20:43:11.635364
case_901,c,2025-02-24 20:48:11.635364
case_901,c,2025-02-24 20:53:11.635364
case_901,a,2025-02-24 20:58:11.635364
case_901,c,2025-02-24 21:03:11.635364
case_902,a,2025-02-24 19:28:11.635394
case_902,c,2025-02-24 19:33:11.635394
case_902,a,2025-02-24 19:38:11.635394
case_902,c,2025-02-24 19:43:11.635394
case_902,a,2025-02-24 19:48:11.635394
case_902,c,2025-02-24 19:53:11.635394
case_902,b,2025-02-24 19:58:11.635394
case_902,a,2025-02-24 20:03:11.635394
case_902,b,2025-02-24 20:08:11.635394
case_902,c,2025-02-24 20:13:11.635394
case_902,c,2025-02-24 20:18:11.635394
case_902,a,2025-02-24 20:23:11.635394
case_902,a,2025-02-24 20:28:11.635394
case_902,c,2025-02-24 20:33:11.635394
case_902,b,2025-02-24 20:38:11.635394
case_902,b,2025-02-24 20:43:11.635394
case_902,a,2025-02-24 20:48:11.635394
case_902,a,2025-02-24 20:53:11.635394
case_902,b,2025-02-24 20:58:11.635394
case_902,b,2025-02-24 21:03:11.635394
case_903,a,2025-02-24 19:28:11.635424
case_903,c,2025-02-24 19:33:11.635424
case_903,c,2025-02-24 19:38:11.635424
case_903,c,2025-02-24 19:43:11.635424
case_903,b,2025-02-24 19:48:11.635424
case_903,c,2025-02-24 19:53:11.635424
case_903,b,2025-02-24 19:58:11.635424
case_903,c,2025-02-24 20:03:11.635424
case_903,c,2025-02-24 20:08:11.635424
case_903,c,2025-02-24 20:13:11.635424
case_903,c,2025-02-24 20:18:11.635424
case_903,b,2025-02-24 20:23:11.635424
case_903,c,2025-02-24 20:28:11.635424
case_903,b,2025-02-24 20:33:11.635424
case_903,c,2025-02-24 20:38:11.635424
case_903,b,2025-02-24 20:43:11.635424
case_903,c,2025-02-24 20:48:11.635424
case_903,c,2025-02-24 20:53:11.635424
case_903,b,2025-02-24 20:58:11.635424
case_903,b,2025-02-24 21:03:11.635424
case_904,b,2025-02-24 19:28:11.635455
case_904,a,2025-02-24 19:33:11.635455
case_904,a,2025-02-24 19:38:11.635455
case_904,c,2025-02-24 19:43:11.635455
case_904,c,2025-02-24 19:48:11.635455
case_904,c,2025-02-24 19:53:11.635455
case_904,b,2025-02-24 19:58:11.635455
case_904,b,2025-02-24 20:03:11.635455
case_904,c,2025-02-24 20:08:11.635455
case_904,a,2025-02-24 20:13:11.635455
case_904,c,2025-02-24 20:18:11.635455
case_904,a,2025-02-24 20:23:11.635455
case_904,c,2025-02-24 20:28:11.635455
case_904,b,2025-02-24 20:33:11.635455
case_904,b,2025-02-24 20:38:11.635455
case_904,a,2025-02-24 20:43:11.635455
case_904,b,2025-02-24 20:48:11.635455
case_904,a,2025-02-24 20:53:11.635455
case_904,b,2025-02-24 20:58:11.635455
case_904,a,2025-02-24 21:03:11.635455
case_905,b,2025-02-24 19:28:11.635485
case_905,b,2025-02-24 19:33:11.635485
case_905,a,2025-02-24 19:38:11.635485
case_905,b,2025-02-24 19:43:11.635485
case_905,b,2025-02-24 19:48:11.635485
case_905,b,2025-02-24 19:53:11.635485
case_905,a,2025-02-24 19:58:11.635485
case_905,c,2025-02-24 20:03:11.635485
case_905,a,2025-02-24 20:08:11.635485
case_905,b,2025-02-24 20:13:11.635485
case_905,b,2025-02-24 20:18:11.635485
case_905,c,2025-02-24 20:23:11.635485
case_905,a,2025-02-24 20:28:11.635485
case_905,c,2025-02-24 20:33:11.635485
case_905,c,2025-02-24 20:38:11.635485
case_905,c,2025-02-24 20:43:11.635485
case_905,b,2025-02-24 20:48:11.635485
case_905,b,2025-02-24 20:53:11.635485
case_905,b,2025-02-24 20:58:11.635485
case_905,b,2025-02-24 21:03:11.635485
case_906,a,2025-02-24 19:28:11.635515
case_906,c,2025-02-24 19:33:11.635515
case_906,a,2025-02-24 19:38:11.635515
case_906,a,2025-02-24 19:43:11.635515
case_906,a,2025-02-24 19:48:11.635515
case_906,b,2025-02-24 19:53:11.635515
case_906,c,2025-02-24 19:58:11.635515
case_906,c,2025-02-24 20:03:11.635515
case_906,a,2025-02-24 20:08:11.635515
case_906,a,2025-02-24 20:13:11.635515
case_906,a,2025-02-24 20:18:11.635515
case_906,b,2025-02-24 20:23:11.635515
case_906,b,2025-02-24 20:28:11.635515
case_906,a,2025-02-24 20:33:11.635515
case_906,b,2025-02-24 20:38:11.635515
case_906,c,2025-02-24 20:43:11.635515
case_906,a,2025-02-24 20:48:11.635515
case_906,c,2025-02-24 20:53:11.635515
case_906,b,2025-02-24 20:58:11.635515
case_906,a,2025-02-24 21:03:11.635515
case_907,a,2025-02-24 19:28:11.635545
case_907,a,2025-02-24 19:33:11.635545
case_907,c,2025-02-24 19:38:11.635545
case_907,a,2025-02-24 19:43:11.635545
case_907,a,2025-02-24 19:48:11.635545
case_907,b,2025-02-24 19:53:11.635545
case_907,c,2025-02-24 19:58:11.635545
case_907,c,2025-02-24 20:03:11.635545
case_907,a,2025-02-24 20:08:11.635545
case_907,b,2025-02-24 20:13:11.635545
case_907,b,2025-02-24 20:18:11.635545
case_907,c,2025-02-24 20:23:11.635545
case_907,c,2025-02-24 20:28:11.635545
case_907,b,2025-02-24 20:33:11.635545
case_907,c,2025-02-24 20:38:11.635545
case_907,c,2025-02-24 20:43:11.635545
case_907,b,2025-02-24 20:48:11.635545
case_907,c,2025-02-24 20:53:11.635545
case_907,b,2025-02-24 20:58:11.635545
case_907,c,2025-02-24 21:03:11.635545
case_908,b,2025-02-24 19:28:11.635576
case_908,c,2025-02-24 19:33:11.635576
case_908,b,2025-02-24 19:38:11.635576
case_908,c,2025-02-24 19:43:11.635576
case_908,c,2025-02-24 19:48:11.635576
case_908,a,2025-02-24 19:53:11.635576
case_908,c,2025-02-24 19:58:11.635576
case_908,c,2025-02-24 20:03:11.635576
case_908,c,2025-02-24 20:08:11.635576
case_908,c,2025-02-24 20:13:11.635576
case_908,a,2025-02-24 20:18:11.635576
case_908,b,2025-02-24 20:23:11.635576
case_908,a,2025-02-24 20:28:11.635576
case_908,b,2025-02-24 20:33:11.635576
case_908,c,2025-02-24 20:38:11.635576
case_908,b,2025-02-24 20:43:11.635576
case_908,c,2025-02-24 20:48:11.635576
case_908,b,2025-02-24 20:53:11.635576
case_908,c,2025-02-24 20:58:11.635576
case_908,c,2025-02-24 21:03:11.635576
case_909,b,2025-02-24 19:28:11.635606
case_909,a,2025-02-24 19:33:11.635606
case_909,b,2025-02-24 19:38:11.635606
case_909,c,2025-02-24 19:43:11.635606
case_909,b,2025-02-24 19:48:11.635606
case_909,a,2025-02-24 19:53:11.635606
case_909,c,2025-02-24 19:58:11.635606
case_909,a,2025-02-24 20:03:11.635606
case_909,a,2025-02-24 20:08:11.635606
case_909,c,2025-02-24 20:13:11.635606
case_909,c,2025-02-24 20:18:11.635606
case_909,b,2025-02-24 20:23:11.635606
case_909,c,2025-02-24 20:28:11.635606
case_909,c,2025-02-24 20:33:11.635606
case_909,c,2025-02-24 20:38:11.635606
case_909,a,2025-02-24 20:43:11.635606
case_909,a,2025-02-24 20:48:11.635606
case_909,a,2025-02-24 20:53:11.635606
case_909,b,2025-02-24 20:58:11.635606
case_909,b,2025-02-24 21:03:11.635606
case_910,b,2025-02-24 19:28:11.635636
case_910,a,2025-02-24 19:33:11.635636
case_910,c,2025-02-24 19:38:11.635636
case_910,c,2025-02-24 19:43:11.635636
case_910,b,2025-02-24 19:48:11.635636
case_910,a,2025-02-24 19:53:11.635636
case_910,a,2025-02-24 19:58:11.635636
case_910,b,2025-02-24 20:03:11.635636
case_910,a,2025-02-24 20:08:11.635636
case_910,c,2025-02-24 20:13:11.635636
case_910,a,2025-02-24 20:18:11.635636
case_910,c,2025-02-24 20:23:11.635636
case_910,a,2025-02-24 20:28:11.635636
case_910,c,2025-02-24 20:33:11.635636
case_910,a,2025-02-24 20:38:11.635636
case_910,a,2025-02-24 20:43:11.635636
case_910,b,2025-02-24 20:48:11.635636
case_910,b,2025-02-24 20:53:11.635636
case_910,a,2025-02-24 20:58:11.635636
case_910,c,2025-02-24 21:03:11.635636
case_911,a,2025-02-24 19:28:11.635666
case_911,b,2025-02-24 19:33:11.635666
case_911,c,2025-02-24 19:38:11.635666
case_911,a,2025-02-24 19:43:11.635666
case_911,c,2025-02-24 19:48:11.635666
case_911,b,2025-02-24 19:53:11.635666
case_911,a,2025-02-24 19:58:11.635666
case_911,b,2025-02-24 20:03:11.635666
case_911,c,2025-02-24 20:08:11.635666
case_911,a,2025-02-24 20:13:11.635666
case_911,c,2025-02-24 20:18:11.635666
case_911,c,2025-02-24 20:23:11.635666
case_911,a,2025-02-24 20:28:11.635666
case_911,a,2025-02-24 20:33:11.635666
case_911,b,2025-02-24 20:38:11.635666
case_911,a,2025-02-24 20:43:11.635666
case_911,c,2025-02-24 20:48:11.635666
case_911,a,2025-02-24 20:53:11.635666
case_911,c,2025-02-24 20:58:11.635666
case_911,b,2025-02-24 21:03:11.635666
case_912,a,2025-02-24 19:28:11.635696
case_912,b,2025-02-24 19:33:11.635696
case_912,a,2025-02-24 19:38:11.635696
case_912,c,2025-02-24 19:43:11.635696
case_912,a,2025-02-24 19:48:11.635696
case_912,c,2025-02-24 19:53:11.635696
case_912,b,2025-02-24 19:58:11.635696
case_912,c,2025-02-24 20:03:11.635696
case_912,a,2025-02-24 20:08:11.635696
case_912,b,2025-02-24 20:13:11.635696
case_912,c,2025-02-24 20:18:11.635696
case_912,a,2025-02-24 20:23:11.635696
case_912,a,2025-02-24 20:28:11.635696
case_912,b,2025-02-24 20:33:11.635696
case_912,b,2025-02-24 20:38:11.635696
case_912,c,2025-02-24 20:43:11.635696
case_912,a,2025-02-24 20:48:11.635696
case_912,a,2025-02-24 20:53:11.635696
case_912,a,2025-02-24 20:58:11.635696
case_912,a,2025-02-24 21:03:11.635696
case_913,b,2025-02-24 19:28:11.635726
case_913,c,2025-02-24 19:33:11.635726
case_913,c,2025-02-24 19:38:11.635726
case_913,a,2025-02-24 19:43:11.635726
case_913,b,2025-02-24 19:48:11.635726
case_913,a,2025-02-24 19:53:11.635726
case_913,c,2025-02-24 19:58:11.635726
case_913,a,2025-02-24 20:03:11.635726
case_913,b,2025-02-24 20:08:11.635726
case_913,c,2025-02-24 20:13:11.635726
case_913,b,2025-02-24 20:18:11.635726
case_913,a,2025-02-24 20:23:11.635726
case_913,b,2025-02-24 20:28:11.635726
case_913,a,2025-02-24 20:33:11.635726
case_913,c,2025-02-24 20:38:11.635726
case_913,c,2025-02-24 20:43:11.635726
case_913,a,2025-02-24 20:48:11.635726
case_913,b,2025-02-24 20:53:11.635726
case_913,b,2025-02-24 20:58:11.635726
case_913,b,2025-02-24 21:03:11.635726
case_914,a,2025-02-24 19:28:11.635756
case_914,b,2025-02-24 19:33:11.635756
case_914,b,2025-02-24 19:38:11.635756
case_914,a,2025-02-24 19:43:11.635756
case_914,a,2025-02-24 19:48:11.635756
case_914,a,2025-02-24 19:53:11.635756
case_914,a,2025-02-24 19:58:11.635756
case_914,b,2025-02-24 20:03:11.635756
case_914,a,2025-02-24 20:08:11.635756
case_914,b,2025-02-24 20:13:11.635756
case_914,c,2025-02-24 20:18:11.635756
case_914,a,2025-02-24 20:23:11.635756
case_914,a,2025-02-24 20:28:11.635756
case_914,c,2025-02-24 20:33:11.635756
case_914,a,2025-02-24 20:38:11.635756
case_914,a,2025-02-24 20:43:11.635756
case_914,a,2025-02-24 20:48:11.635756
case_914,b,2025-02-24 20:53:11.635756
case_914,b,2025-02-24 20:58:11.635756
case_914,b,2025-02-24 21:03:11.635756
case_915,b,2025-02-24 19:28:11.635786
case_915,a,2025-02-24 19:33:11.635786
case_915,a,2025-02-24 19:38:11.635786
case_915,b,2025-02-24 19:43:11.635786
case_915,c,2025-02-24 19:48:11.635786
case_915,b,2025-02-24 19:53:11.635786
case_915,a,2025-02-24 19:58:11.635786
case_915,b,2025-02-24 20:03:11.635786
case_915,c,2025-02-24 20:08:11.635786
case_915,b,2025-02-24 20:13:11.635786
case_915,b,2025-02-24 20:18:11.635786
case_915,b,2025-02-24 20:23:11.635786
case_915,c,2025-02-24 20:28:11.635786
case_915,a,2025-02-24 20:33:11.635786
case_915,a,2025-02-24 20:38:11.635786
case_915,b,2025-02-24 20:43:11.635786
case_915,b,2025-02-24 20:48:11.635786
case_915,c,2025-02-24 20:53:11.635786
case_915,c,2025-02-24 20:58:11.635786
case_915,b,2025-02-24 21:03:11.635786
case_916,b,2025-02-24 19:28:11.635816
case_916,a,2025-02-24 19:33:11.635816
case_916,b,2025-02-24 19:38:11.635816
case_916,a,2025-02-24 19:43:11.635816
case_916,b,2025-02-24 19:48:11.635816
case_916,a,2025-02-24 19:53:11.635816
case_916,c,2025-02-24 19:58:11.635816
case_916,b,2025-02-24 20:03:11.635816
case_916,a,2025-02-24 20:08:11.635816
case_916,b,2025-02-24 20:13:11.635816
case_916,a,2025-02-24 20:18:11.635816
case_916,c,2025-02-24 20:23:11.635816
case_916,b,2025-02-24 20:28:11.635816
case_916,c,2025-02-24 20:33:11.635816
case_916,c,2025-02-24 20:38:11.635816
case_916,b,2025-02-24 20:43:11.635816
case_916,c,2025-02-24 20:48:11.635816
case_916,c,2025-02-24 20:53:11.635816
case_916,c,2025-02-24 20:58:11.635816
case_916,a,2025-02-24 21:03:11.635816
case_917,b,2025-02-24 19:28:11.635846
case_917,c,2025-02-24 19:33:11.635846
case_917,b,2025-02-24 19:38:11.635846
case_917,a,2025-02-24 19:43:11.635846
case_917,b,2025-02-24 19:48:11.635846
case_917,a,2025-02-24 19:53:11.635846
case_917,b,2025-02-24 19:58:11.635846
case_917,c,2025-02-24 20:03:11.635846
case_917,b,2025-02-24 20:08:11.635846
case_917,a,2025-02-24 20:13:11.635846
case_917,c,2025-02-24 20:18:11.635846
case_917,c,2025-02-24 20:23:11.635846
case_917,b,2025-02-24 20:28:11.635846
case_917,a,2025-02-24 20:33:11.635846
case_917,a,2025-02-24 20:38:11.635846
case_917,b,2025-02-24 20:43:11.635846
case_917,c,2025-02-24 20:48:11.635846
case_917,a,2025-02-24 20:53:11.635846
case_917,a,2025-02-24 20:58:11.635846
case_917,b,2025-02-24 21:03:11.635846
case_918,a,2025-02-24 19:28:11.635876
case_918,a,2025-02-24 19:33:11.635876
case_918,c,2025-02-24 19:38:11.635876
case_918,b,2025-02-24 19:43:11.635876
case_918,b,2025-02-24 19:48:11.635876
case_918,a,2025-02-24 19:53:11.635876
case_918,a,2025-02-24 19:58:11.635876
case_918,c,2025-02-24 20:03:11.635876
case_918,b,2025-02-24 20:08:11.635876
case_918,c,2025-02-24 20:13:11.635876
case_918,a,2025-02-24 20:18:11.635876
case_918,a,2025-02-24 20:23:11.635876
case_918,a,2025-02-24 20:28:11.635876
case_918,b,2025-02-24 20:33:11.635876
case_918,a,2025-02-24 20:38:11.635876
case_918,b,2025-02-24 20:43:11.635876
case_918,b,2025-02-24 20:48:11.635876
case_918,c,2025-02-24 20:53:11.635876
case_918,c,2025-02-24 20:58:11.635876
case_918,c,2025-02-24 21:03:11.635876
case_919,b,2025-02-24 19:28:11.635906
case_919,b,2025-02-24 19:33:11.635906
case_919,b,2025-02-24 19:38:11.635906
case_919,b,2025-02-24 19:43:11.635906
case_919,b,2025-02-24 19:48:11.635906
case_919,b,2025-02-24 19:53:11.635906
case_919,c,2025-02-24 19:58:11.635906
case_919,c,2025-02-24 20:03:11.635906
case_919,c,2025-02-24 20:08:11.635906
case_919,b,2025-02-24 20:13:11.635906
case_919,a,2025-02-24 20:18:11.635906
case_919,b,2025-02-24 20:23:11.635906
case_919,a,2025-02-24 20:28:11.635906
case_919,c,2025-02-24 20:33:11.635906
case_919,a,2025-02-24 20:38:11.635906
case_919,c,2025-02-24 20:43:11.635906
case_919,b,2025-02-24 20:48:11.635906
case_919,a,2025-02-24 20:53:11.635906
case_919,b,2025-02-24 20:58:11.635906
case_919,a,2025-02-24 21:03:11.635906
case_920,b,2025-02-24 19:28:11.635937
case_920,a,2025-02-24 19:33:11.635937
case_920,c,2025-02-24 19:38:11.635937
case_920,c,2025-02-24 19:43:11.635937
case_920,c,2025-02-24 19:48:11.635937
case_920,c,2025-02-24 19:53:11.635937
case_920,c,2025-02-24 19:58:11.635937
case_920,a,2025-02-24 20:03:11.635937
case_920,a,2025-02-24 20:08:11.635937
case_920,a,2025-02-24 20:13:11.635937
case_920,a,2025-02-24 20:18:11.635937
case_920,a,2025-02-24 20:23:11.635937
case_920,c,2025-02-24 20:28:11.635937
case_920,b,2025-02-24 20:33:11.635937
case_920,b,2025-02-24 20:38:11.635937
case_920,c,2025-02-24 20:43:11.635937
case_920,a,2025-02-24 20:48:11.635937
case_920,a,2025-02-24 20:53:11.635937
case_920,c,2025-02-24 20:58:11.635937
case_920,b,2025-02-24 21:03:11.635937
case_921,b,2025-02-24 19:28:11.635967
case_921,a,2025-02-24 19:33:11.635967
case_921,b,2025-02-24 19:38:11.635967
case_921,b,2025-02-24 19:43:11.635967
case_921,c,2025-02-24 19:48:11.635967
case_921,a,2025-02-24 19:53:11.635967
case_921,a,2025-02-24 19:58:11.635967
case_921,c,2025-02-24 20:03:11.635967
case_921,a,2025-02-24 20:08:11.635967
case_921,a,2025-02-24 20:13:11.635967
case_921,b,2025-02-24 20:18:11.635967
case_921,b,2025-02-24 20:23:11.635967
case_921,c,2025-02-24 20:28:11.635967
case_921,a,2025-02-24 20:33:11.635967
case_921,a,2025-02-24 20:38:11.635967
case_921,c,2025-02-24 20:43:11.635967
case_921,b,2025-02-24 20:48:11.635967
case_921,b,2025-02-24 20:53:11.635967
case_921,a,2025-02-24 20:58:11.635967
case_921,a,2025-02-24 21:03:11.635967
case_922,b,2025-02-24 19:28:11.635997
case_922,b,2025-02-24 19:33:11.635997
case_922,a,2025-02-24 19:38:11.635997
case_922,b,2025-02-24 19:43:11.635997
case_922,a,2025-02-24 19:48:11.635997
case_922,b,2025-02-24 19:53:11.635997
case_922,a,2025-02-24 19:58:11.635997
case_922,b,2025-02-24 20:03:11.635997
case_922,b,2025-02-24 20:08:11.635997
case_922,a,2025-02-24 20:13:11.635997
case_922,a,2025-02-24 20:18:11.635997
case_922,a,2025-02-24 20:23:11.635997
case_922,c,2025-02-24 20:28:11.635997
case_922,b,2025-02-24 20:33:11.635997
case_922,a,2025-02-24 20:38:11.635997
case_922,a,2025-02-24 20:43:11.635997
case_922,c,2025-02-24 20:48:11.635997
case_922,c,2025-02-24 20:53:11.635997
case_922,b,2025-02-24 20:58:11.635997
case_922,b,2025-02-24 21:03:11.635997
case_923,b,2025-02-24 19:28:11.636036
case_923,c,2025-02-24 19:33:11.636036
case_923,a,2025-02-24 19:38:11.636036
case_923,a,2025-02-24 19:43:11.636036
case_923,c,2025-02-24 19:48:11.636036
case_923,b,2025-02-24 19:53:11.636036
case_923,c,2025-02-24 19:58:11.636036
case_923,b,2025-02-24 20:03:11.636036
case_923,b,2025-02-24 20:08:11.636036
case_923,a,2025-02-24 20:13:11.636036
case_923,c,2025-02-24 20:18:11.636036
case_923,c,2025-02-24 20:23:11.636036
case_923,b,2025-02-24 20:28:11.636036
case_923,c,2025-02-24 20:33:11.636036
case_923,b,2025-02-24 20:38:11.636036
case_923,c,2025-02-24 20:43:11.636036
case_923,b,2025-02-24 20:48:11.636036
case_923,a,2025-02-24 20:53:11.636036
case_923,a,2025-02-24 20:58:11.636036
case_923,a,2025-02-24 21:03:11.636036
case_924,a,2025-02-24 19:28:11.636067
case_924,b,2025-02-24 19:33:11.636067
case_924,b,2025-02-24 19:38:11.636067
case_924,c,2025-02-24 19:43:11.636067
case_924,c,2025-02-24 19:48:11.636067
case_924,b,2025-02-24 19:53:11.636067
case_924,c,2025-02-24 19:58:11.636067
case_924,c,2025-02-24 20:03:11.636067
case_924,c,2025-02-24 20:08:11.636067
case_924,c,2025-02-24 20:13:11.636067
case_924,b,2025-02-24 20:18:11.636067
case_924,b,2025-02-24 20:23:11.636067
case_924,c,2025-02-24 20:28:11.636067
case_924,c,2025-02-24 20:33:11.636067
case_924,b,2025-02-24 20:38:11.636067
case_924,a,2025-02-24 20:43:11.636067
case_924,b,2025-02-24 20:48:11.636067
case_924,b,2025-02-24 20:53:11.636067
case_924,a,2025-02-24 20:58:11.636067
case_924,a,2025-02-24 21:03:11.636067
case_925,b,2025-02-24 19:28:11.636097
case_925,b,2025-02-24 19:33:11.636097
case_925,a,2025-02-24 19:38:11.636097
case_925,c,2025-02-24 19:43:11.636097
case_925,a,2025-02-24 19:48:11.636097
case_925,a,2025-02-24 19:53:11.636097
case_925,c,2025-02-24 19:58:11.636097
case_925,a,2025-02-24 20:03:11.636097
case_925,b,2025-02-24 20:08:11.636097
case_925,a,2025-02-24 20:13:11.636097
case_925,c,2025-02-24 20:18:11.636097
case_925,b,2025-02-24 20:23:11.636097
case_925,b,2025-02-24 20:28:11.636097
case_925,c,2025-02-24 20:33:11.636097
case_925,b,2025-02-24 20:38:11.636097
case_925,c,2025-02-24 20:43:11.636097
case_925,c,2025-02-24 20:48:11.636097
case_925,a,2025-02-24 20:53:11.636097
case_925,b,2025-02-24 20:58:11.636097
case_925,b,2025-02-24 21:03:11.636097
case_926,b,2025-02-24 19:28:11.636127
case_926,b,2025-02-24 19:33:11.636127
case_926,a,2025-02-24 19:38:11.636127
case_926,b,2025-02-24 19:43:11.636127
case_926,a,2025-02-24 19:48:11.636127
case_926,c,2025-02-24 19:53:11.636127
case_926,a,2025-02-24 19:58:11.636127
case_926,a,2025-02-24 20:03:11.636127
case_926,a,2025-02-24 20:08:11.636127
case_926,b,2025-02-24 20:13:11.636127
case_926,c,2025-02-24 20:18:11.636127
case_926,c,2025-02-24 20:23:11.636127
case_926,c,2025-02-24 20:28:11.636127
case_926,a,2025-02-24 20:33:11.636127
case_926,b,2025-02-24 20:38:11.636127
case_926,b,2025-02-24 20:43:11.636127
case_926,c,2025-02-24 20:48:11.636127
case_926,c,2025-02-24 20:53:11.636127
case_926,a,2025-02-24 20:58:11.636127
case_926,b,2025-02-24 21:03:11.636127
case_927,a,2025-02-24 19:28:11.636157
case_927,b,2025-02-24 19:33:11.636157
case_927,a,2025-02-24 19:38:11.636157
case_927,a,2025-02-24 19:43:11.636157
case_927,c,2025-02-24 19:48:11.636157
case_927,c,2025-02-24 19:53:11.636157
case_927,c,2025-02-24 19:58:11.636157
case_927,a,2025-02-24 20:03:11.636157
case_927,c,2025-02-24 20:08:11.636157
case_927,c,2025-02-24 20:13:11.636157
case_927,c,2025-02-24 20:18:11.636157
case_927,b,2025-02-24 20:23:11.636157
case_927,b,2025-02-24 20:28:11.636157
case_927,b,2025-02-24 20:33:11.636157
case_927,c,2025-02-24 20:38:11.636157
case_927,b,2025-02-24 20:43:11.636157
case_927,a,2025-02-24 20:48:11.636157
case_927,b,2025-02-24 20:53:11.636157
case_927,b,2025-02-24 20:58:11.636157
case_927,c,2025-02-24 21:03:11.636157
case_928,b,2025-02-24 19:28:11.636187
case_928,b,2025-02-24 19:33:11.636187
case_928,b,2025-02-24 19:38:11.636187
case_928,b,2025-02-24 19:43:11.636187
case_928,a,2025-02-24 19:48:11.636187
case_928,c,2025-02-24 19:53:11.636187
case_928,a,2025-02-24 19:58:11.636187
case_928,b,2025-02-24 20:03:11.636187
case_928,b,2025-02-24 20:08:11.636187
case_928,c,2025-02-24 20:13:11.636187
case_928,c,2025-02-24 20:18:11.636187
case_928,a,2025-02-24 20:23:11.636187
case_928,b,2025-02-24 20:28:11.636187
case_928,b,2025-02-24 20:33:11.636187
case_928,c,2025-02-24 20:38:11.636187
case_928,a,2025-02-24 20:43:11.636187
case_928,a,2025-02-24 20:48:11.636187
case_928,b,2025-02-24 20:53:11.636187
case_928,c,2025-02-24 20:58:11.636187
case_928,a,2025-02-24 21:03:11.636187
case_929,b,2025-02-24 19:28:11.636217
case_929,c,2025-02-24 19:33:11.636217
case_929,b,2025-02-24 19:38:11.636217
case_929,b,2025-02-24 19:43:11.636217
case_929,c,2025-02-24 19:48:11.636217
case_929,c,2025-02-24 19:53:11.636217
case_929,b,2025-02-24 19:58:11.636217
case_929,a,2025-02-24 20:03:11.636217
case_929,a,2025-02-24 20:08:11.636217
case_929,c,2025-02-24 20:13:11.636217
case_929,b,2025-02-24 20:18:11.636217
case_929,c,2025-02-24 20:23:11.636217
case_929,a,2025-02-24 20:28:11.636217
case_929,a,2025-02-24 20:33:11.636217
case_929,b,2025-02-24 20:38:11.636217
case_929,a,2025-02-24 20:43:11.636217
case_929,c,2025-02-24 20:48:11.636217
case_929,b,2025-02-24 20:53:11.636217
case_929,b,2025-02-24 20:58:11.636217
case_929,a,2025-02-24 21:03:11.636217
case_930,b,2025-02-24 19:28:11.636246
case_930,c,2025-02-24 19:33:11.636246
case_930,a,2025-02-24 19:38:11.636246
case_930,a,2025-02-24 19:43:11.636246
case_930,b,2025-02-24 19:48:11.636246
case_930,c,2025-02-24 19:53:11.636246
case_930,c,2025-02-24 19:58:11.636246
case_930,a,2025-02-24 20:03:11.636246
case_930,b,2025-02-24 20:08:11.636246
case_930,b,2025-02-24 20:13:11.636246
case_930,b,2025-02-24 20:18:11.636246
case_930,c,2025-02-24 20:23:11.636246
case_930,a,2025-02-24 20:28:11.636246
case_930,b,2025-02-24 20:33:11.636246
case_930,c,2025-02-24 20:38:11.636246
case_930,c,2025-02-24 20:43:11.636246
case_930,b,2025-02-24 20:48:11.636246
case_930,a,2025-02-24 20:53:11.636246
case_930,a,2025-02-24 20:58:11.636246
case_930,b,2025-02-24 21:03:11.636246
case_931,a,2025-02-24 19:28:11.636276
case_931,c,2025-02-24 19:33:11.636276
case_931,c,2025-02-24 19:38:11.636276
case_931,b,2025-02-24 19:43:11.636276
case_931,a,2025-02-24 19:48:11.636276
case_931,a,2025-02-24 19:53:11.636276
case_931,b,2025-02-24 19:58:11.636276
case_931,b,2025-02-24 20:03:11.636276
case_931,c,2025-02-24 20:08:11.636276
case_931,a,2025-02-24 20:13:11.636276
case_931,c,2025-02-24 20:18:11.636276
case_931,c,2025-02-24 20:23:11.636276
case_931,c,2025-02-24 20:28:11.636276
case_931,b,2025-02-24 20:33:11.636276
case_931,b,2025-02-24 20:38:11.636276
case_931,a,2025-02-24 20:43:11.636276
case_931,c,2025-02-24 20:48:11.636276
case_931,a,2025-02-24 20:53:11.636276
case_931,a,2025-02-24 20:58:11.636276
case_931,b,2025-02-24 21:03:11.636276
case_932,b,2025-02-24 19:28:11.636306
case_932,b,2025-02-24 19:33:11.636306
case_932,b,2025-02-24 19:38:11.636306
case_932,a,2025-02-24 19:43:11.636306
case_932,c,2025-02-24 19:48:11.636306
case_932,a,2025-02-24 19:53:11.636306
case_932,c,2025-02-24 19:58:11.636306
case_932,b,2025-02-24 20:03:11.636306
case_932,c,2025-02-24 20:08:11.636306
case_932,b,2025-02-24 20:13:11.636306
case_932,b,2025-02-24 20:18:11.636306
case_932,b,2025-02-24 20:23:11.636306
case_932,a,2025-02-24 20:28:11.636306
case_932,b,2025-02-24 20:33:11.636306
case_932,c,2025-02-24 20:38:11.636306
case_932,b,2025-02-24 20:43:11.636306
case_932,a,2025-02-24 20:48:11.636306
case_932,b,2025-02-24 20:53:11.636306
case_932,a,2025-02-24 20:58:11.636306
case_932,b,2025-02-24 21:03:11.636306
case_933,a,2025-02-24 19:28:11.636338
case_933,c,2025-02-24 19:33:11.636338
case_933,a,2025-02-24 19:38:11.636338
case_933,a,2025-02-24 19:43:11.636338
case_933,c,2025-02-24 19:48:11.636338
case_933,a,2025-02-24 19:53:11.636338
case_933,b,2025-02-24 19:58:11.636338
case_933,a,2025-02-24 20:03:11.636338
case_933,a,2025-02-24 20:08:11.636338
case_933,c,2025-02-24 20:13:11.636338
case_933,a,2025-02-24 20:18:11.636338
case_933,b,2025-02-24 20:23:11.636338
case_933,a,2025-02-24 20:28:11.636338
case_933,a,2025-02-24 20:33:11.636338
case_933,a,2025-02-24 20:38:11.636338
case_933,c,2025-02-24 20:43:11.636338
case_933,c,2025-02-24 20:48:11.636338
case_933,b,2025-02-24 20:53:11.636338
case_933,b,2025-02-24 20:58:11.636338
case_933,c,2025-02-24 21:03:11.636338
case_934,a,2025-02-24 19:28:11.636368
case_934,a,2025-02-24 19:33:11.636368
case_934,b,2025-02-24 19:38:11.636368
case_934,b,2025-02-24 19:43:11.636368
case_934,b,2025-02-24 19:48:11.636368
case_934,a,2025-02-24 19:53:11.636368
case_934,a,2025-02-24 19:58:11.636368
case_934,a,2025-02-24 20:03:11.636368
case_934,c,2025-02-24 20:08:11.636368
case_934,c,2025-02-24 20:13:11.636368
case_934,b,2025-02-24 20:18:11.636368
case_934,a,2025-02-24 20:23:11.636368
case_934,c,2025-02-24 20:28:11.636368
case_934,c,2025-02-24 20:33:11.636368
case_934,b,2025-02-24 20:38:11.636368
case_934,a,2025-02-24 20:43:11.636368
case_934,b,2025-02-24 20:48:11.636368
case_934,c,2025-02-24 20:53:11.636368
case_934,a,2025-02-24 20:58:11.636368
case_934,c,2025-02-24 21:03:11.636368
case_935,a,2025-02-24 19:28:11.636398
case_935,c,2025-02-24 19:33:11.636398
case_935,b,2025-02-24 19:38:11.636398
case_935,c,2025-02-24 19:43:11.636398
case_935,c,2025-02-24 19:48:11.636398
case_935,b,2025-02-24 19:53:11.636398
case_935,c,2025-02-24 19:58:11.636398
case_935,a,2025-02-24 20:03:11.636398
case_935,b,2025-02-24 20:08:11.636398
case_935,b,2025-02-24 20:13:11.636398
case_935,c,2025-02-24 20:18:11.636398
case_935,a,2025-02-24 20:23:11.636398
case_935,a,2025-02-24 20:28:11.636398
case_935,c,2025-02-24 20:33:11.636398
case_935,c,2025-02-24 20:38:11.636398
case_935,a,2025-02-24 20:43:11.636398
case_935,c,2025-02-24 20:48:11.636398
case_935,b,2025-02-24 20:53:11.636398
case_935,b,2025-02-24 20:58:11.636398
case_935,b,2025-02-24 21:03:11.636398
case_936,a,2025-02-24 19:28:11.636428
case_936,b,2025-02-24 19:33:11.636428
case_936,b,2025-02-24 19:38:11.636428
case_936,c,2025-02-24 19:43:11.636428
case_936,c,2025-02-24 19:48:11.636428
case_936,b,2025-02-24 19:53:11.636428
case_936,c,2025-02-24 19:58:11.636428
case_936,a,2025-02-24 20:03:11.636428
case_936,b,2025-02-24 20:08:11.636428
case_936,c,2025-02-24 20:13:11.636428
case_936,c,2025-02-24 20:18:11.636428
case_936,b,2025-02-24 20:23:11.636428
case_936,c,2025-02-24 20:28:11.636428
case_936,a,2025-02-24 20:33:11.636428
case_936,c,2025-02-24 20:38:11.636428
case_936,b,2025-02-24 20:43:11.636428
case_936,b,2025-02-24 20:48:11.636428
case_936,c,2025-02-24 20:53:11.636428
case_936,c,2025-02-24 20:58:11.636428
case_936,c,2025-02-24 21:03:11.636428
case_937,b,2025-02-24 19:28:11.636458
case_937,c,2025-02-24 19:33:11.636458
case_937,c,2025-02-24 19:38:11.636458
case_937,a,2025-02-24 19:43:11.636458
case_937,c,2025-02-24 19:48:11.636458
case_937,a,2025-02-24 19:53:11.636458
case_937,c,2025-02-24 19:58:11.636458
case_937,c,2025-02-24 20:03:11.636458
case_937,b,2025-02-24 20:08:11.636458
case_937,b,2025-02-24 20:13:11.636458
case_937,c,2025-02-24 20:18:11.636458
case_937,b,2025-02-24 20:23:11.636458
case_937,c,2025-02-24 20:28:11.636458
case_937,a,2025-02-24 20:33:11.636458
case_937,c,2025-02-24 20:38:11.636458
case_937,b,2025-02-24 20:43:11.636458
case_937,c,2025-02-24 20:48:11.636458
case_937,c,2025-02-24 20:53:11.636458
case_937,c,2025-02-24 20:58:11.636458
case_937,b,2025-02-24 21:03:11.636458
case_938,b,2025-02-24 19:28:11.636488
case_938,b,2025-02-24 19:33:11.636488
case_938,b,2025-02-24 19:38:11.636488
case_938,b,2025-02-24 19:43:11.636488
case_938,a,2025-02-24 19:48:11.636488
case_938,c,2025-02-24 19:53:11.636488
case_938,a,2025-02-24 19:58:11.636488
case_938,c,2025-02-24 20:03:11.636488
case_938,c,2025-02-24 20:08:11.636488
case_938,c,2025-02-24 20:13:11.636488
case_938,c,2025-02-24 20:18:11.636488
case_938,a,2025-02-24 20:23:11.636488
case_938,c,2025-02-24 20:28:11.636488
case_938,c,2025-02-24 20:33:11.636488
case_938,c,2025-02-24 20:38:11.636488
case_938,a,2025-02-24 20:43:11.636488
case_938,c,2025-02-24 20:48:11.636488
case_938,b,2025-02-24 20:53:11.636488
case_938,b,2025-02-24 20:58:11.636488
case_938,a,2025-02-24 21:03:11.636488
case_939,b,2025-02-24 19:28:11.636519
case_939,b,2025-02-24 19:33:11.636519
case_939,a,2025-02-24 19:38:11.636519
case_939,a,2025-02-24 19:43:11.636519
case_939,c,2025-02-24 19:48:11.636519
case_939,b,2025-02-24 19:53:11.636519
case_939,b,2025-02-24 19:58:11.636519
case_939,c,2025-02-24 20:03:11.636519
case_939,a,2025-02-24 20:08:11.636519
case_939,a,2025-02-24 20:13:11.636519
case_939,a,2025-02-24 20:18:11.636519
case_939,a,2025-02-24 20:23:11.636519
case_939,b,2025-02-24 20:28:11.636519
case_939,b,2025-02-24 20:33:11.636519
case_939,a,2025-02-24 20:38:11.636519
case_939,b,2025-02-24 20:43:11.636519
case_939,a,2025-02-24 20:48:11.636519
case_939,c,2025-02-24 20:53:11.636519
case_939,a,2025-02-24 20:58:11.636519
case_939,a,2025-02-24 21:03:11.636519
case_940,a,2025-02-24 19:28:11.636549
case_940,c,2025-02-24 19:33:11.636549
case_940,c,2025-02-24 19:38:11.636549
case_940,b,2025-02-24 19:43:11.636549
case_940,c,2025-02-24 19:48:11.636549
case_940,c,2025-02-24 19:53:11.636549
case_940,a,2025-02-24 19:58:11.636549
case_940,a,2025-02-24 20:03:11.636549
case_940,c,2025-02-24 20:08:11.636549
case_940,c,2025-02-24 20:13:11.636549
case_940,a,2025-02-24 20:18:11.636549
case_940,a,2025-02-24 20:23:11.636549
case_940,c,2025-02-24 20:28:11.636549
case_940,c,2025-02-24 20:33:11.636549
case_940,c,2025-02-24 20:38:11.636549
case_940,a,2025-02-24 20:43:11.636549
case_940,a,2025-02-24 20:48:11.636549
case_940,b,2025-02-24 20:53:11.636549
case_940,a,2025-02-24 20:58:11.636549
case_940,c,2025-02-24 21:03:11.636549
case_941,a,2025-02-24 19:28:11.636579
case_941,c,2025-02-24 19:33:11.636579
case_941,c,2025-02-24 19:38:11.636579
case_941,c,2025-02-24 19:43:11.636579
case_941,c,2025-02-24 19:48:11.636579
case_941,a,2025-02-24 19:53:11.636579
case_941,a,2025-02-24 19:58:11.636579
case_941,b,2025-02-24 20:03:11.636579
case_941,b,2025-02-24 20:08:11.636579
case_941,b,2025-02-24 20:13:11.636579
case_941,b,2025-02-24 20:18:11.636579
case_941,a,2025-02-24 20:23:11.636579
case_941,b,2025-02-24 20:28:11.636579
case_941,a,2025-02-24 20:33:11.636579
case_941,c,2025-02-24 20:38:11.636579
case_941,b,2025-02-24 20:43:11.636579
case_941,a,2025-02-24 20:48:11.636579
case_941,c,2025-02-24 20:53:11.636579
case_941,a,2025-02-24 20:58:11.636579
case_941,b,2025-02-24 21:03:11.636579
case_942,a,2025-02-24 19:28:11.636609
case_942,a,2025-02-24 19:33:11.636609
case_942,b,2025-02-24 19:38:11.636609
case_942,c,2025-02-24 19:43:11.636609
case_942,a,2025-02-24 19:48:11.636609
case_942,a,2025-02-24 19:53:11.636609
case_942,c,2025-02-24 19:58:11.636609
case_942,b,2025-02-24 20:03:11.636609
case_942,a,2025-02-24 20:08:11.636609
case_942,b,2025-02-24 20:13:11.636609
case_942,c,2025-02-24 20:18:11.636609
case_942,a,2025-02-24 20:23:11.636609
case_942,a,2025-02-24 20:28:11.636609
case_942,b,2025-02-24 20:33:11.636609
case_942,a,2025-02-24 20:38:11.636609
case_942,b,2025-02-24 20:43:11.636609
case_942,a,2025-02-24 20:48:11.636609
case_942,a,2025-02-24 20:53:11.636609
case_942,a,2025-02-24 20:58:11.636609
case_942,c,2025-02-24 21:03:11.636609
case_943,b,2025-02-24 19:28:11.636639
case_943,b,2025-02-24 19:33:11.636639
case_943,b,2025-02-24 19:38:11.636639
case_943,c,2025-02-24 19:43:11.636639
case_943,b,2025-02-24 19:48:11.636639
case_943,b,2025-02-24 19:53:11.636639
case_943,c,2025-02-24 19:58:11.636639
case_943,b,2025-02-24 20:03:11.636639
case_943,b,2025-02-24 20:08:11.636639
case_943,b,2025-02-24 20:13:11.636639
case_943,b,2025-02-24 20:18:11.636639
case_943,a,2025-02-24 20:23:11.636639
case_943,a,2025-02-24 20:28:11.636639
case_943,b,2025-02-24 20:33:11.636639
case_943,c,2025-02-24 20:38:11.636639
case_943,c,2025-02-24 20:43:11.636639
case_943,c,2025-02-24 20:48:11.636639
case_943,a,2025-02-24 20:53:11.636639
case_943,b,2025-02-24 20:58:11.636639
case_943,c,2025-02-24 21:03:11.636639
case_944,a,2025-02-24 19:28:11.636669
case_944,a,2025-02-24 19:33:11.636669
case_944,a,2025-02-24 19:38:11.636669
case_944,a,2025-02-24 19:43:11.636669
case_944,b,2025-02-24 19:48:11.636669
case_944,a,2025-02-24 19:53:11.636669
case_944,b,2025-02-24 19:58:11.636669
case_944,b,2025-02-24 20:03:11.636669
case_944,b,2025-02-24 20:08:11.636669
case_944,a,2025-02-24 20:13:11.636669
case_944,c,2025-02-24 20:18:11.636669
case_944,c,2025-02-24 20:23:11.636669
case_944,a,2025-02-24 20:28:11.636669
case_944,b,2025-02-24 20:33:11.636669
case_944,b,2025-02-24 20:38:11.636669
case_944,a,2025-02-24 20:43:11.636669
case_944,b,2025-02-24 20:48:11.636669
case_944,a,2025-02-24 20:53:11.636669
case_944,b,2025-02-24 20:58:11.636669
case_944,b,2025-02-24 21:03:11.636669
case_945,b,2025-02-24 19:28:11.636699
case_945,c,2025-02-24 19:33:11.636699
case_945,c,2025-02-24 19:38:11.636699
case_945,c,2025-02-24 19:43:11.636699
case_945,c,2025-02-24 19:48:11.636699
case_945,c,2025-02-24 19:53:11.636699
case_945,b,2025-02-24 19:58:11.636699
case_945,a,2025-02-24 20:03:11.636699
case_945,a,2025-02-24 20:08:11.636699
case_945,a,2025-02-24 20:13:11.636699
case_945,c,2025-02-24 20:18:11.636699
case_945,a,2025-02-24 20:23:11.636699
case_945,b,2025-02-24 20:28:11.636699
case_945,a,2025-02-24 20:33:11.636699
case_945,b,2025-02-24 20:38:11.636699
case_945,a,2025-02-24 20:43:11.636699
case_945,c,2025-02-24 20:48:11.636699
case_945,a,2025-02-24 20:53:11.636699
case_945,b,2025-02-24 20:58:11.636699
case_945,b,2025-02-24 21:03:11.636699
case_946,a,2025-02-24 19:28:11.636729
case_946,c,2025-02-24 19:33:11.636729
case_946,c,2025-02-24 19:38:11.636729
case_946,b,2025-02-24 19:43:11.636729
case_946,a,2025-02-24 19:48:11.636729
case_946,b,2025-02-24 19:53:11.636729
case_946,c,2025-02-24 19:58:11.636729
case_946,b,2025-02-24 20:03:11.636729
case_946,c,2025-02-24 20:08:11.636729
case_946,b,2025-02-24 20:13:11.636729
case_946,b,2025-02-24 20:18:11.636729
case_946,a,2025-02-24 20:23:11.636729
case_946,b,2025-02-24 20:28:11.636729
case_946,a,2025-02-24 20:33:11.636729
case_946,a,2025-02-24 20:38:11.636729
case_946,c,2025-02-24 20:43:11.636729
case_946,b,2025-02-24 20:48:11.636729
case_946,c,2025-02-24 20:53:11.636729
case_946,c,2025-02-24 20:58:11.636729
case_946,c,2025-02-24 21:03:11.636729
case_947,a,2025-02-24 19:28:11.636759
case_947,c,2025-02-24 19:33:11.636759
case_947,a,2025-02-24 19:38:11.636759
case_947,b,2025-02-24 19:43:11.636759
case_947,c,2025-02-24 19:48:11.636759
case_947,c,2025-02-24 19:53:11.636759
case_947,c,2025-02-24 19:58:11.636759
case_947,a,2025-02-24 20:03:11.636759
case_947,a,2025-02-24 20:08:11.636759
case_947,a,2025-02-24 20:13:11.636759
case_947,b,2025-02-24 20:18:11.636759
case_947,c,2025-02-24 20:23:11.636759
case_947,b,2025-02-24 20:28:11.636759
case_947,b,2025-02-24 20:33:11.636759
case_947,a,2025-02-24 20:38:11.636759
case_947,c,2025-02-24 20:43:11.636759
case_947,a,2025-02-24 20:48:11.636759
case_947,a,2025-02-24 20:53:11.636759
case_947,c,2025-02-24 20:58:11.636759
case_947,b,2025-02-24 21:03:11.636759
case_948,a,2025-02-24 19:28:11.636789
case_948,a,2025-02-24 19:33:11.636789
case_948,a,2025-02-24 19:38:11.636789
case_948,c,2025-02-24 19:43:11.636789
case_948,a,2025-02-24 19:48:11.636789
case_948,b,2025-02-24 19:53:11.636789
case_948,a,2025-02-24 19:58:11.636789
case_948,c,2025-02-24 20:03:11.636789
case_948,a,2025-02-24 20:08:11.636789
case_948,b,2025-02-24 20:13:11.636789
case_948,c,2025-02-24 20:18:11.636789
case_948,a,2025-02-24 20:23:11.636789
case_948,b,2025-02-24 20:28:11.636789
case_948,c,2025-02-24 20:33:11.636789
case_948,b,2025-02-24 20:38:11.636789
case_948,a,2025-02-24 20:43:11.636789
case_948,a,2025-02-24 20:48:11.636789
case_948,c,2025-02-24 20:53:11.636789
case_948,b,2025-02-24 20:58:11.636789
case_948,b,2025-02-24 21:03:11.636789
case_949,a,2025-02-24 19:28:11.636818
case_949,c,2025-02-24 19:33:11.636818
case_949,b,2025-02-24 19:38:11.636818
case_949,b,2025-02-24 19:43:11.636818
case_949,b,2025-02-24 19:48:11.636818
case_949,c,2025-02-24 19:53:11.636818
case_949,c,2025-02-24 19:58:11.636818
case_949,b,2025-02-24 20:03:11.636818
case_949,a,2025-02-24 20:08:11.636818
case_949,b,2025-02-24 20:13:11.636818
case_949,c,2025-02-24 20:18:11.636818
case_949,c,2025-02-24 20:23:11.636818
case_949,a,2025-02-24 20:28:11.636818
case_949,a,2025-02-24 20:33:11.636818
case_949,a,2025-02-24 20:38:11.636818
case_949,b,2025-02-24 20:43:11.636818
case_949,b,2025-02-24 20:48:11.636818
case_949,b,2025-02-24 20:53:11.636818
case_949,c,2025-02-24 20:58:11.636818
case_949,b,2025-02-24 21:03:11.636818
case_950,b,2025-02-24 19:28:11.636849
case_950,c,2025-02-24 19:33:11.636849
case_950,a,2025-02-24 19:38:11.636849
case_950,a,2025-02-24 19:43:11.636849
case_950,b,2025-02-24 19:48:11.636849
case_950,b,2025-02-24 19:53:11.636849
case_950,b,2025-02-24 19:58:11.636849
case_950,b,2025-02-24 20:03:11.636849
case_950,b,2025-02-24 20:08:11.636849
case_950,a,2025-02-24 20:13:11.636849
case_950,c,2025-02-24 20:18:11.636849
case_950,b,2025-02-24 20:23:11.636849
case_950,b,2025-02-24 20:28:11.636849
case_950,a,2025-02-24 20:33:11.636849
case_950,c,2025-02-24 20:38:11.636849
case_950,c,2025-02-24 20:43:11.636849
case_950,c,2025-02-24 20:48:11.636849
case_950,c,2025-02-24 20:53:11.636849
case_950,c,2025-02-24 20:58:11.636849
case_950,a,2025-02-24 21:03:11.636849
case_951,b,2025-02-24 19:28:11.636879
case_951,b,2025-02-24 19:33:11.636879
case_951,a,2025-02-24 19:38:11.636879
case_951,a,2025-02-24 19:43:11.636879
case_951,a,2025-02-24 19:48:11.636879
case_951,c,2025-02-24 19:53:11.636879
case_951,c,2025-02-24 19:58:11.636879
case_951,b,2025-02-24 20:03:11.636879
case_951,b,2025-02-24 20:08:11.636879
case_951,b,2025-02-24 20:13:11.636879
case_951,b,2025-02-24 20:18:11.636879
case_951,b,2025-02-24 20:23:11.636879
case_951,b,2025-02-24 20:28:11.636879
case_951,b,2025-02-24 20:33:11.636879
case_951,c,2025-02-24 20:38:11.636879
case_951,c,2025-02-24 20:43:11.636879
case_951,a,2025-02-24 20:48:11.636879
case_951,a,2025-02-24 20:53:11.636879
case_951,a,2025-02-24 20:58:11.636879
case_951,c,2025-02-24 21:03:11.636879
case_952,b,2025-02-24 19:28:11.636909
case_952,a,2025-02-24 19:33:11.636909
case_952,b,2025-02-24 19:38:11.636909
case_952,c,2025-02-24 19:43:11.636909
case_952,c,2025-02-24 19:48:11.636909
case_952,b,2025-02-24 19:53:11.636909
case_952,a,2025-02-24 19:58:11.636909
case_952,c,2025-02-24 20:03:11.636909
case_952,c,2025-02-24 20:08:11.636909
case_952,b,2025-02-24 20:13:11.636909
case_952,c,2025-02-24 20:18:11.636909
case_952,a,2025-02-24 20:23:11.636909
case_952,b,2025-02-24 20:28:11.636909
case_952,b,2025-02-24 20:33:11.636909
case_952,b,2025-02-24 20:38:11.636909
case_952,a,2025-02-24 20:43:11.636909
case_952,a,2025-02-24 20:48:11.636909
case_952,b,2025-02-24 20:53:11.636909
case_952,b,2025-02-24 20:58:11.636909
case_952,b,2025-02-24 21:03:11.636909
case_953,a,2025-02-24 19:28:11.636939
case_953,b,2025-02-24 19:33:11.636939
case_953,b,2025-02-24 19:38:11.636939
case_953,a,2025-02-24 19:43:11.636939
case_953,b,2025-02-24 19:48:11.636939
case_953,c,2025-02-24 19:53:11.636939
case_953,c,2025-02-24 19:58:11.636939
case_953,b,2025-02-24 20:03:11.636939
case_953,b,2025-02-24 20:08:11.636939
case_953,a,2025-02-24 20:13:11.636939
case_953,a,2025-02-24 20:18:11.636939
case_953,c,2025-02-24 20:23:11.636939
case_953,c,2025-02-24 20:28:11.636939
case_953,c,2025-02-24 20:33:11.636939
case_953,a,2025-02-24 20:38:11.636939
case_953,b,2025-02-24 20:43:11.636939
case_953,a,2025-02-24 20:48:11.636939
case_953,a,2025-02-24 20:53:11.636939
case_953,a,2025-02-24 20:58:11.636939
case_953,a,2025-02-24 21:03:11.636939
case_954,a,2025-02-24 19:28:11.636969
case_954,a,2025-02-24 19:33:11.636969
case_954,b,2025-02-24 19:38:11.636969
case_954,b,2025-02-24 19:43:11.636969
case_954,a,2025-02-24 19:48:11.636969
case_954,c,2025-02-24 19:53:11.636969
case_954,c,2025-02-24 19:58:11.636969
case_954,c,2025-02-24 20:03:11.636969
case_954,a,2025-02-24 20:08:11.636969
case_954,c,2025-02-24 20:13:11.636969
case_954,a,2025-02-24 20:18:11.636969
case_954,a,2025-02-24 20:23:11.636969
case_954,a,2025-02-24 20:28:11.636969
case_954,a,2025-02-24 20:33:11.636969
case_954,a,2025-02-24 20:38:11.636969
case_954,c,2025-02-24 20:43:11.636969
case_954,c,2025-02-24 20:48:11.636969
case_954,c,2025-02-24 20:53:11.636969
case_954,c,2025-02-24 20:58:11.636969
case_954,a,2025-02-24 21:03:11.636969
case_955,a,2025-02-24 19:28:11.636999
case_955,b,2025-02-24 19:33:11.636999
case_955,a,2025-02-24 19:38:11.636999
case_955,b,2025-02-24 19:43:11.636999
case_955,c,2025-02-24 19:48:11.636999
case_955,a,2025-02-24 19:53:11.636999
case_955,c,2025-02-24 19:58:11.636999
case_955,c,2025-02-24 20:03:11.636999
case_955,a,2025-02-24 20:08:11.636999
case_955,a,2025-02-24 20:13:11.636999
case_955,a,2025-02-24 20:18:11.636999
case_955,b,2025-02-24 20:23:11.636999
case_955,b,2025-02-24 20:28:11.636999
case_955,b,2025-02-24 20:33:11.636999
case_955,b,2025-02-24 20:38:11.636999
case_955,a,2025-02-24 20:43:11.636999
case_955,b,2025-02-24 20:48:11.636999
case_955,a,2025-02-24 20:53:11.636999
case_955,b,2025-02-24 20:58:11.636999
case_955,c,2025-02-24 21:03:11.636999
case_956,a,2025-02-24 19:28:11.637029
case_956,b,2025-02-24 19:33:11.637029
case_956,c,2025-02-24 19:38:11.637029
case_956,c,2025-02-24 19:43:11.637029
case_956,b,2025-02-24 19:48:11.637029
case_956,a,2025-02-24 19:53:11.637029
case_956,b,2025-02-24 19:58:11.637029
case_956,c,2025-02-24 20:03:11.637029
case_956,a,2025-02-24 20:08:11.637029
case_956,a,2025-02-24 20:13:11.637029
case_956,c,2025-02-24 20:18:11.637029
case_956,b,2025-02-24 20:23:11.637029
case_956,c,2025-02-24 20:28:11.637029
case_956,c,2025-02-24 20:33:11.637029
case_956,a,2025-02-24 20:38:11.637029
case_956,b,2025-02-24 20:43:11.637029
case_956,b,2025-02-24 20:48:11.637029
case_956,c,2025-02-24 20:53:11.637029
case_956,a,2025-02-24 20:58:11.637029
case_956,b,2025-02-24 21:03:11.637029
case_957,b,2025-02-24 19:28:11.637059
case_957,c,2025-02-24 19:33:11.637059
case_957,b,2025-02-24 19:38:11.637059
case_957,a,2025-02-24 19:43:11.637059
case_957,c,2025-02-24 19:48:11.637059
case_957,c,2025-02-24 19:53:11.637059
case_957,c,2025-02-24 19:58:11.637059
case_957,c,2025-02-24 20:03:11.637059
case_957,c,2025-02-24 20:08:11.637059
case_957,b,2025-02-24 20:13:11.637059
case_957,a,2025-02-24 20:18:11.637059
case_957,a,2025-02-24 20:23:11.637059
case_957,b,2025-02-24 20:28:11.637059
case_957,c,2025-02-24 20:33:11.637059
case_957,a,2025-02-24 20:38:11.637059
case_957,a,2025-02-24 20:43:11.637059
case_957,c,2025-02-24 20:48:11.637059
case_957,c,2025-02-24 20:53:11.637059
case_957,a,2025-02-24 20:58:11.637059
case_957,b,2025-02-24 21:03:11.637059
case_958,b,2025-02-24 19:28:11.637089
case_958,c,2025-02-24 19:33:11.637089
case_958,b,2025-02-24 19:38:11.637089
case_958,a,2025-02-24 19:43:11.637089
case_958,c,2025-02-24 19:48:11.637089
case_958,b,2025-02-24 19:53:11.637089
case_958,b,2025-02-24 19:58:11.637089
case_958,a,2025-02-24 20:03:11.637089
case_958,a,2025-02-24 20:08:11.637089
case_958,b,2025-02-24 20:13:11.637089
case_958,a,2025-02-24 20:18:11.637089
case_958,a,2025-02-24 20:23:11.637089
case_958,c,2025-02-24 20:28:11.637089
case_958,a,2025-02-24 20:33:11.637089
case_958,b,2025-02-24 20:38:11.637089
case_958,b,2025-02-24 20:43:11.637089
case_958,c,2025-02-24 20:48:11.637089
case_958,c,2025-02-24 20:53:11.637089
case_958,a,2025-02-24 20:58:11.637089
case_958,c,2025-02-24 21:03:11.637089
case_959,b,2025-02-24 19:28:11.637119
case_959,b,2025-02-24 19:33:11.637119
case_959,a,2025-02-24 19:38:11.637119
case_959,a,2025-02-24 19:43:11.637119
case_959,c,2025-02-24 19:48:11.637119
case_959,a,2025-02-24 19:53:11.637119
case_959,c,2025-02-24 19:58:11.637119
case_959,c,2025-02-24 20:03:11.637119
case_959,b,2025-02-24 20:08:11.637119
case_959,a,2025-02-24 20:13:11.637119
case_959,a,2025-02-24 20:18:11.637119
case_959,a,2025-02-24 20:23:11.637119
case_959,b,2025-02-24 20:28:11.637119
case_959,b,2025-02-24 20:33:11.637119
case_959,a,2025-02-24 20:38:11.637119
case_959,c,2025-02-24 20:43:11.637119
case_959,b,2025-02-24 20:48:11.637119
case_959,b,2025-02-24 20:53:11.637119
case_959,b,2025-02-24 20:58:11.637119
case_959,b,2025-02-24 21:03:11.637119
case_960,b,2025-02-24 19:28:11.637148
case_960,a,2025-02-24 19:33:11.637148
case_960,b,2025-02-24 19:38:11.637148
case_960,b,2025-02-24 19:43:11.637148
case_960,b,2025-02-24 19:48:11.637148
case_960,a,2025-02-24 19:53:11.637148
case_960,a,2025-02-24 19:58:11.637148
case_960,a,2025-02-24 20:03:11.637148
case_960,a,2025-02-24 20:08:11.637148
case_960,c,2025-02-24 20:13:11.637148
case_960,c,2025-02-24 20:18:11.637148
case_960,b,2025-02-24 20:23:11.637148
case_960,b,2025-02-24 20:28:11.637148
case_960,c,2025-02-24 20:33:11.637148
case_960,c,2025-02-24 20:38:11.637148
case_960,c,2025-02-24 20:43:11.637148
case_960,b,2025-02-24 20:48:11.637148
case_960,b,2025-02-24 20:53:11.637148
case_960,c,2025-02-24 20:58:11.637148
case_960,c,2025-02-24 21:03:11.637148
case_961,b,2025-02-24 19:28:11.637198
case_961,c,2025-02-24 19:33:11.637198
case_961,c,2025-02-24 19:38:11.637198
case_961,a,2025-02-24 19:43:11.637198
case_961,a,2025-02-24 19:48:11.637198
case_961,b,2025-02-24 19:53:11.637198
case_961,a,2025-02-24 19:58:11.637198
case_961,a,2025-02-24 20:03:11.637198
case_961,c,2025-02-24 20:08:11.637198
case_961,a,2025-02-24 20:13:11.637198
case_961,c,2025-02-24 20:18:11.637198
case_961,a,2025-02-24 20:23:11.637198
case_961,c,2025-02-24 20:28:11.637198
case_961,b,2025-02-24 20:33:11.637198
case_961,c,2025-02-24 20:38:11.637198
case_961,a,2025-02-24 20:43:11.637198
case_961,a,2025-02-24 20:48:11.637198
case_961,b,2025-02-24 20:53:11.637198
case_961,a,2025-02-24 20:58:11.637198
case_961,a,2025-02-24 21:03:11.637198
case_962,a,2025-02-24 19:28:11.637228
case_962,a,2025-02-24 19:33:11.637228
case_962,b,2025-02-24 19:38:11.637228
case_962,c,2025-02-24 19:43:11.637228
case_962,a,2025-02-24 19:48:11.637228
case_962,a,2025-02-24 19:53:11.637228
case_962,b,2025-02-24 19:58:11.637228
case_962,b,2025-02-24 20:03:11.637228
case_962,a,2025-02-24 20:08:11.637228
case_962,b,2025-02-24 20:13:11.637228
case_962,c,2025-02-24 20:18:11.637228
case_962,a,2025-02-24 20:23:11.637228
case_962,b,2025-02-24 20:28:11.637228
case_962,a,2025-02-24 20:33:11.637228
case_962,b,2025-02-24 20:38:11.637228
case_962,b,2025-02-24 20:43:11.637228
case_962,c,2025-02-24 20:48:11.637228
case_962,c,2025-02-24 20:53:11.637228
case_962,a,2025-02-24 20:58:11.637228
case_962,c,2025-02-24 21:03:11.637228
case_963,a,2025-02-24 19:28:11.637258
case_963,a,2025-02-24 19:33:11.637258
case_963,c,2025-02-24 19:38:11.637258
case_963,b,2025-02-24 19:43:11.637258
case_963,c,2025-02-24 19:48:11.637258
case_963,a,2025-02-24 19:53:11.637258
case_963,b,2025-02-24 19:58:11.637258
case_963,b,2025-02-24 20:03:11.637258
case_963,b,2025-02-24 20:08:11.637258
case_963,c,2025-02-24 20:13:11.637258
case_963,b,2025-02-24 20:18:11.637258
case_963,c,2025-02-24 20:23:11.637258
case_963,a,2025-02-24 20:28:11.637258
case_963,c,2025-02-24 20:33:11.637258
case_963,b,2025-02-24 20:38:11.637258
case_963,c,2025-02-24 20:43:11.637258
case_963,c,2025-02-24 20:48:11.637258
case_963,b,2025-02-24 20:53:11.637258
case_963,a,2025-02-24 20:58:11.637258
case_963,b,2025-02-24 21:03:11.637258
case_964,b,2025-02-24 19:28:11.637288
case_964,b,2025-02-24 19:33:11.637288
case_964,a,2025-02-24 19:38:11.637288
case_964,a,2025-02-24 19:43:11.637288
case_964,b,2025-02-24 19:48:11.637288
case_964,c,2025-02-24 19:53:11.637288
case_964,a,2025-02-24 19:58:11.637288
case_964,a,2025-02-24 20:03:11.637288
case_964,b,2025-02-24 20:08:11.637288
case_964,b,2025-02-24 20:13:11.637288
case_964,c,2025-02-24 20:18:11.637288
case_964,b,2025-02-24 20:23:11.637288
case_964,c,2025-02-24 20:28:11.637288
case_964,c,2025-02-24 20:33:11.637288
case_964,b,2025-02-24 20:38:11.637288
case_964,c,2025-02-24 20:43:11.637288
case_964,a,2025-02-24 20:48:11.637288
case_964,a,2025-02-24 20:53:11.637288
case_964,b,2025-02-24 20:58:11.637288
case_964,c,2025-02-24 21:03:11.637288
case_965,b,2025-02-24 19:28:11.637318
case_965,c,2025-02-24 19:33:11.637318
case_965,c,2025-02-24 19:38:11.637318
case_965,b,2025-02-24 19:43:11.637318
case_965,b,2025-02-24 19:48:11.637318
case_965,c,2025-02-24 19:53:11.637318
case_965,a,2025-02-24 19:58:11.637318
case_965,b,2025-02-24 20:03:11.637318
case_965,c,2025-02-24 20:08:11.637318
case_965,a,2025-02-24 20:13:11.637318
case_965,b,2025-02-24 20:18:11.637318
case_965,c,2025-02-24 20:23:11.637318
case_965,c,2025-02-24 20:28:11.637318
case_965,b,2025-02-24 20:33:11.637318
case_965,c,2025-02-24 20:38:11.637318
case_965,c,2025-02-24 20:43:11.637318
case_965,a,2025-02-24 20:48:11.637318
case_965,c,2025-02-24 20:53:11.637318
case_965,a,2025-02-24 20:58:11.637318
case_965,a,2025-02-24 21:03:11.637318
case_966,b,2025-02-24 19:28:11.637350
case_966,c,2025-02-24 19:33:11.637350
case_966,c,2025-02-24 19:38:11.637350
case_966,a,2025-02-24 19:43:11.637350
case_966,a,2025-02-24 19:48:11.637350
case_966,c,2025-02-24 19:53:11.637350
case_966,a,2025-02-24 19:58:11.637350
case_966,a,2025-02-24 20:03:11.637350
case_966,c,2025-02-24 20:08:11.637350
case_966,a,2025-02-24 20:13:11.637350
case_966,b,2025-02-24 20:18:11.637350
case_966,c,2025-02-24 20:23:11.637350
case_966,c,2025-02-24 20:28:11.637350
case_966,c,2025-02-24 20:33:11.637350
case_966,a,2025-02-24 20:38:11.637350
case_966,b,2025-02-24 20:43:11.637350
case_966,a,2025-02-24 20:48:11.637350
case_966,b,2025-02-24 20:53:11.637350
case_966,a,2025-02-24 20:58:11.637350
case_966,b,2025-02-24 21:03:11.637350
case_967,b,2025-02-24 19:28:11.637379
case_967,a,2025-02-24 19:33:11.637379
case_967,c,2025-02-24 19:38:11.637379
case_967,c,2025-02-24 19:43:11.637379
case_967,a,2025-02-24 19:48:11.637379
case_967,c,2025-02-24 19:53:11.637379
case_967,c,2025-02-24 19:58:11.637379
case_967,a,2025-02-24 20:03:11.637379
case_967,a,2025-02-24 20:08:11.637379
case_967,b,2025-02-24 20:13:11.637379
case_967,c,2025-02-24 20:18:11.637379
case_967,b,2025-02-24 20:23:11.637379
case_967,a,2025-02-24 20:28:11.637379
case_967,c,2025-02-24 20:33:11.637379
case_967,a,2025-02-24 20:38:11.637379
case_967,b,2025-02-24 20:43:11.637379
case_967,b,2025-02-24 20:48:11.637379
case_967,b,2025-02-24 20:53:11.637379
case_967,a,2025-02-24 20:58:11.637379
case_967,a,2025-02-24 21:03:11.637379
case_968,a,2025-02-24 19:28:11.637409
case_968,a,2025-02-24 19:33:11.637409
case_968,c,2025-02-24 19:38:11.637409
case_968,b,2025-02-24 19:43:11.637409
case_968,c,2025-02-24 19:48:11.637409
case_968,c,2025-02-24 19:53:11.637409
case_968,a,2025-02-24 19:58:11.637409
case_968,c,2025-02-24 20:03:11.637409
case_968,a,2025-02-24 20:08:11.637409
case_968,a,2025-02-24 20:13:11.637409
case_968,a,2025-02-24 20:18:11.637409
case_968,c,2025-02-24 20:23:11.637409
case_968,c,2025-02-24 20:28:11.637409
case_968,b,2025-02-24 20:33:11.637409
case_968,c,2025-02-24 20:38:11.637409
case_968,a,2025-02-24 20:43:11.637409
case_968,b,2025-02-24 20:48:11.637409
case_968,c,2025-02-24 20:53:11.637409
case_968,c,2025-02-24 20:58:11.637409
case_968,c,2025-02-24 21:03:11.637409
case_969,a,2025-02-24 19:28:11.637439
case_969,b,2025-02-24 19:33:11.637439
case_969,c,2025-02-24 19:38:11.637439
case_969,b,2025-02-24 19:43:11.637439
case_969,b,2025-02-24 19:48:11.637439
case_969,c,2025-02-24 19:53:11.637439
case_969,a,2025-02-24 19:58:11.637439
case_969,b,2025-02-24 20:03:11.637439
case_969,c,2025-02-24 20:08:11.637439
case_969,c,2025-02-24 20:13:11.637439
case_969,c,2025-02-24 20:18:11.637439
case_969,b,2025-02-24 20:23:11.637439
case_969,b,2025-02-24 20:28:11.637439
case_969,a,2025-02-24 20:33:11.637439
case_969,b,2025-02-24 20:38:11.637439
case_969,c,2025-02-24 20:43:11.637439
case_969,c,2025-02-24 20:48:11.637439
case_969,b,2025-02-24 20:53:11.637439
case_969,b,2025-02-24 20:58:11.637439
case_969,b,2025-02-24 21:03:11.637439
case_970,a,2025-02-24 19:28:11.637468
case_970,a,2025-02-24 19:33:11.637468
case_970,b,2025-02-24 19:38:11.637468
case_970,a,2025-02-24 19:43:11.637468
case_970,c,2025-02-24 19:48:11.637468
case_970,a,2025-02-24 19:53:11.637468
case_970,a,2025-02-24 19:58:11.637468
case_970,b,2025-02-24 20:03:11.637468
case_970,c,2025-02-24 20:08:11.637468
case_970,c,2025-02-24 20:13:11.637468
case_970,b,2025-02-24 20:18:11.637468
case_970,b,2025-02-24 20:23:11.637468
case_970,a,2025-02-24 20:28:11.637468
case_970,a,2025-02-24 20:33:11.637468
case_970,c,2025-02-24 20:38:11.637468
case_970,a,2025-02-24 20:43:11.637468
case_970,a,2025-02-24 20:48:11.637468
case_970,b,2025-02-24 20:53:11.637468
case_970,b,2025-02-24 20:58:11.637468
case_970,b,2025-02-24 21:03:11.637468
case_971,b,2025-02-24 19:28:11.637498
case_971,a,2025-02-24 19:33:11.637498
case_971,c,2025-02-24 19:38:11.637498
case_971,b,2025-02-24 19:43:11.637498
case_971,c,2025-02-24 19:48:11.637498
case_971,b,2025-02-24 19:53:11.637498
case_971,b,2025-02-24 19:58:11.637498
case_971,c,2025-02-24 20:03:11.637498
case_971,a,2025-02-24 20:08:11.637498
case_971,a,2025-02-24 20:13:11.637498
case_971,a,2025-02-24 20:18:11.637498
case_971,b,2025-02-24 20:23:11.637498
case_971,b,2025-02-24 20:28:11.637498
case_971,b,2025-02-24 20:33:11.637498
case_971,b,2025-02-24 20:38:11.637498
case_971,b,2025-02-24 20:43:11.637498
case_971,a,2025-02-24 20:48:11.637498
case_971,c,2025-02-24 20:53:11.637498
case_971,c,2025-02-24 20:58:11.637498
case_971,a,2025-02-24 21:03:11.637498
case_972,a,2025-02-24 19:28:11.637528
case_972,b,2025-02-24 19:33:11.637528
case_972,b,2025-02-24 19:38:11.637528
case_972,c,2025-02-24 19:43:11.637528
case_972,b,2025-02-24 19:48:11.637528
case_972,b,2025-02-24 19:53:11.637528
case_972,b,2025-02-24 19:58:11.637528
case_972,b,2025-02-24 20:03:11.637528
case_972,b,2025-02-24 20:08:11.637528
case_972,c,2025-02-24 20:13:11.637528
case_972,a,2025-02-24 20:18:11.637528
case_972,a,2025-02-24 20:23:11.637528
case_972,c,2025-02-24 20:28:11.637528
case_972,b,2025-02-24 20:33:11.637528
case_972,c,2025-02-24 20:38:11.637528
case_972,b,2025-02-24 20:43:11.637528
case_972,a,2025-02-24 20:48:11.637528
case_972,c,2025-02-24 20:53:11.637528
case_972,a,2025-02-24 20:58:11.637528
case_972,c,2025-02-24 21:03:11.637528
case_973,b,2025-02-24 19:28:11.637557
case_973,c,2025-02-24 19:33:11.637557
case_973,c,2025-02-24 19:38:11.637557
case_973,c,2025-02-24 19:43:11.637557
case_973,a,2025-02-24 19:48:11.637557
case_973,a,2025-02-24 19:53:11.637557
case_973,a,2025-02-24 19:58:11.637557
case_973,c,2025-02-24 20:03:11.637557
case_973,a,2025-02-24 20:08:11.637557
case_973,c,2025-02-24 20:13:11.637557
case_973,a,2025-02-24 20:18:11.637557
case_973,c,2025-02-24 20:23:11.637557
case_973,a,2025-02-24 20:28:11.637557
case_973,a,2025-02-24 20:33:11.637557
case_973,c,2025-02-24 20:38:11.637557
case_973,c,2025-02-24 20:43:11.637557
case_973,b,2025-02-24 20:48:11.637557
case_973,c,2025-02-24 20:53:11.637557
case_973,a,2025-02-24 20:58:11.637557
case_973,b,2025-02-24 21:03:11.637557
case_974,b,2025-02-24 19:28:11.637587
case_974,c,2025-02-24 19:33:11.637587
case_974,a,2025-02-24 19:38:11.637587
case_974,c,2025-02-24 19:43:11.637587
case_974,b,2025-02-24 19:48:11.637587
case_974,a,2025-02-24 19:53:11.637587
case_974,a,2025-02-24 19:58:11.637587
case_974,a,2025-02-24 20:03:11.637587
case_974,c,2025-02-24 20:08:11.637587
case_974,c,2025-02-24 20:13:11.637587
case_974,c,2025-02-24 20:18:11.637587
case_974,c,2025-02-24 20:23:11.637587
case_974,b,2025-02-24 20:28:11.637587
case_974,a,2025-02-24 20:33:11.637587
case_974,a,2025-02-24 20:38:11.637587
case_974,b,2025-02-24 20:43:11.637587
case_974,b,2025-02-24 20:48:11.637587
case_974,c,2025-02-24 20:53:11.637587
case_974,c,2025-02-24 20:58:11.637587
case_974,c,2025-02-24 21:03:11.637587
case_975,b,2025-02-24 19:28:11.637617
case_975,a,2025-02-24 19:33:11.637617
case_975,c,2025-02-24 19:38:11.637617
case_975,b,2025-02-24 19:43:11.637617
case_975,a,2025-02-24 19:48:11.637617
case_975,c,2025-02-24 19:53:11.637617
case_975,a,2025-02-24 19:58:11.637617
case_975,b,2025-02-24 20:03:11.637617
case_975,a,2025-02-24 20:08:11.637617
case_975,b,2025-02-24 20:13:11.637617
case_975,b,2025-02-24 20:18:11.637617
case_975,a,2025-02-24 20:23:11.637617
case_975,b,2025-02-24 20:28:11.637617
case_975,a,2025-02-24 20:33:11.637617
case_975,c,2025-02-24 20:38:11.637617
case_975,c,2025-02-24 20:43:11.637617
case_975,a,2025-02-24 20:48:11.637617
case_975,a,2025-02-24 20:53:11.637617
case_975,b,2025-02-24 20:58:11.637617
case_975,b,2025-02-24 21:03:11.637617
case_976,a,2025-02-24 19:28:11.637647
case_976,b,2025-02-24 19:33:11.637647
case_976,b,2025-02-24 19:38:11.637647
case_976,a,2025-02-24 19:43:11.637647
case_976,b,2025-02-24 19:48:11.637647
case_976,c,2025-02-24 19:53:11.637647
case_976,a,2025-02-24 19:58:11.637647
case_976,b,2025-02-24 20:03:11.637647
case_976,b,2025-02-24 20:08:11.637647
case_976,a,2025-02-24 20:13:11.637647
case_976,b,2025-02-24 20:18:11.637647
case_976,c,2025-02-24 20:23:11.637647
case_976,c,2025-02-24 20:28:11.637647
case_976,a,2025-02-24 20:33:11.637647
case_976,b,2025-02-24 20:38:11.637647
case_976,b,2025-02-24 20:43:11.637647
case_976,a,2025-02-24 20:48:11.637647
case_976,b,2025-02-24 20:53:11.637647
case_976,b,2025-02-24 20:58:11.637647
case_976,a,2025-02-24 21:03:11.637647
case_977,b,2025-02-24 19:28:11.637676
case_977,b,2025-02-24 19:33:11.637676
case_977,b,2025-02-24 19:38:11.637676
case_977,a,2025-02-24 19:43:11.637676
case_977,a,2025-02-24 19:48:11.637676
case_977,c,2025-02-24 19:53:11.637676
case_977,b,2025-02-24 19:58:11.637676
case_977,a,2025-02-24 20:03:11.637676
case_977,b,2025-02-24 20:08:11.637676
case_977,a,2025-02-24 20:13:11.637676
case_977,a,2025-02-24 20:18:11.637676
case_977,b,2025-02-24 20:23:11.637676
case_977,b,2025-02-24 20:28:11.637676
case_977,c,2025-02-24 20:33:11.637676
case_977,c,2025-02-24 20:38:11.637676
case_977,a,2025-02-24 20:43:11.637676
case_977,b,2025-02-24 20:48:11.637676
case_977,b,2025-02-24 20:53:11.637676
case_977,b,2025-02-24 20:58:11.637676
case_977,b,2025-02-24 21:03:11.637676
case_978,a,2025-02-24 19:28:11.637706
case_978,b,2025-02-24 19:33:11.637706
case_978,a,2025-02-24 19:38:11.637706
case_978,c,2025-02-24 19:43:11.637706
case_978,a,2025-02-24 19:48:11.637706
case_978,c,2025-02-24 19:53:11.637706
case_978,a,2025-02-24 19:58:11.637706
case_978,c,2025-02-24 20:03:11.637706
case_978,c,2025-02-24 20:08:11.637706
case_978,b,2025-02-24 20:13:11.637706
case_978,c,2025-02-24 20:18:11.637706
case_978,a,2025-02-24 20:23:11.637706
case_978,a,2025-02-24 20:28:11.637706
case_978,a,2025-02-24 20:33:11.637706
case_978,a,2025-02-24 20:38:11.637706
case_978,c,2025-02-24 20:43:11.637706
case_978,b,2025-02-24 20:48:11.637706
case_978,c,2025-02-24 20:53:11.637706
case_978,a,2025-02-24 20:58:11.637706
case_978,c,2025-02-24 21:03:11.637706
case_979,a,2025-02-24 19:28:11.637736
case_979,a,2025-02-24 19:33:11.637736
case_979,c,2025-02-24 19:38:11.637736
case_979,c,2025-02-24 19:43:11.637736
case_979,c,2025-02-24 19:48:11.637736
case_979,a,2025-02-24 19:53:11.637736
case_979,c,2025-02-24 19:58:11.637736
case_979,a,2025-02-24 20:03:11.637736
case_979,b,2025-02-24 20:08:11.637736
case_979,b,2025-02-24 20:13:11.637736
case_979,a,2025-02-24 20:18:11.637736
case_979,b,2025-02-24 20:23:11.637736
case_979,c,2025-02-24 20:28:11.637736
case_979,c,2025-02-24 20:33:11.637736
case_979,b,2025-02-24 20:38:11.637736
case_979,c,2025-02-24 20:43:11.637736
case_979,b,2025-02-24 20:48:11.637736
case_979,a,2025-02-24 20:53:11.637736
case_979,b,2025-02-24 20:58:11.637736
case_979,b,2025-02-24 21:03:11.637736
case_980,a,2025-02-24 19:28:11.637765
case_980,a,2025-02-24 19:33:11.637765
case_980,a,2025-02-24 19:38:11.637765
case_980,a,2025-02-24 19:43:11.637765
case_980,c,2025-02-24 19:48:11.637765
case_980,b,2025-02-24 19:53:11.637765
case_980,c,2025-02-24 19:58:11.637765
case_980,a,2025-02-24 20:03:11.637765
case_980,b,2025-02-24 20:08:11.637765
case_980,c,2025-02-24 20:13:11.637765
case_980,b,2025-02-24 20:18:11.637765
case_980,c,2025-02-24 20:23:11.637765
case_980,c,2025-02-24 20:28:11.637765
case_980,a,2025-02-24 20:33:11.637765
case_980,c,2025-02-24 20:38:11.637765
case_980,a,2025-02-24 20:43:11.637765
case_980,c,2025-02-24 20:48:11.637765
case_980,a,2025-02-24 20:53:11.637765
case_980,b,2025-02-24 20:58:11.637765
case_980,b,2025-02-24 21:03:11.637765
case_981,b,2025-02-24 19:28:11.637795
case_981,c,2025-02-24 19:33:11.637795
case_981,b,2025-02-24 19:38:11.637795
case_981,c,2025-02-24 19:43:11.637795
case_981,a,2025-02-24 19:48:11.637795
case_981,c,2025-02-24 19:53:11.637795
case_981,a,2025-02-24 19:58:11.637795
case_981,b,2025-02-24 20:03:11.637795
case_981,a,2025-02-24 20:08:11.637795
case_981,c,2025-02-24 20:13:11.637795
case_981,a,2025-02-24 20:18:11.637795
case_981,b,2025-02-24 20:23:11.637795
case_981,c,2025-02-24 20:28:11.637795
case_981,b,2025-02-24 20:33:11.637795
case_981,a,2025-02-24 20:38:11.637795
case_981,b,2025-02-24 20:43:11.637795
case_981,a,2025-02-24 20:48:11.637795
case_981,c,2025-02-24 20:53:11.637795
case_981,c,2025-02-24 20:58:11.637795
case_981,b,2025-02-24 21:03:11.637795
case_982,b,2025-02-24 19:28:11.637825
case_982,a,2025-02-24 19:33:11.637825
case_982,a,2025-02-24 19:38:11.637825
case_982,c,2025-02-24 19:43:11.637825
case_982,c,2025-02-24 19:48:11.637825
case_982,a,2025-02-24 19:53:11.637825
case_982,b,2025-02-24 19:58:11.637825
case_982,c,2025-02-24 20:03:11.637825
case_982,b,2025-02-24 20:08:11.637825
case_982,b,2025-02-24 20:13:11.637825
case_982,c,2025-02-24 20:18:11.637825
case_982,a,2025-02-24 20:23:11.637825
case_982,c,2025-02-24 20:28:11.637825
case_982,c,2025-02-24 20:33:11.637825
case_982,a,2025-02-24 20:38:11.637825
case_982,b,2025-02-24 20:43:11.637825
case_982,a,2025-02-24 20:48:11.637825
case_982,c,2025-02-24 20:53:11.637825
case_982,b,2025-02-24 20:58:11.637825
case_982,b,2025-02-24 21:03:11.637825
case_983,a,2025-02-24 19:28:11.637855
case_983,c,2025-02-24 19:33:11.637855
case_983,b,2025-02-24 19:38:11.637855
case_983,b,2025-02-24 19:43:11.637855
case_983,b,2025-02-24 19:48:11.637855
case_983,c,2025-02-24 19:53:11.637855
case_983,c,2025-02-24 19:58:11.637855
case_983,a,2025-02-24 20:03:11.637855
case_983,b,2025-02-24 20:08:11.637855
case_983,c,2025-02-24 20:13:11.637855
case_983,c,2025-02-24 20:18:11.637855
case_983,a,2025-02-24 20:23:11.637855
case_983,c,2025-02-24 20:28:11.637855
case_983,c,2025-02-24 20:33:11.637855
case_983,c,2025-02-24 20:38:11.637855
case_983,a,2025-02-24 20:43:11.637855
case_983,a,2025-02-24 20:48:11.637855
case_983,c,2025-02-24 20:53:11.637855
case_983,c,2025-02-24 20:58:11.637855
case_983,b,2025-02-24 21:03:11.637855
case_984,b,2025-02-24 19:28:11.637884
case_984,a,2025-02-24 19:33:11.637884
case_984,b,2025-02-24 19:38:11.637884
case_984,b,2025-02-24 19:43:11.637884
case_984,c,2025-02-24 19:48:11.637884
case_984,a,2025-02-24 19:53:11.637884
case_984,b,2025-02-24 19:58:11.637884
case_984,c,2025-02-24 20:03:11.637884
case_984,a,2025-02-24 20:08:11.637884
case_984,a,2025-02-24 20:13:11.637884
case_984,b,2025-02-24 20:18:11.637884
case_984,b,2025-02-24 20:23:11.637884
case_984,b,2025-02-24 20:28:11.637884
case_984,a,2025-02-24 20:33:11.637884
case_984,a,2025-02-24 20:38:11.637884
case_984,a,2025-02-24 20:43:11.637884
case_984,c,2025-02-24 20:48:11.637884
case_984,c,2025-02-24 20:53:11.637884
case_984,c,2025-02-24 20:58:11.637884
case_984,c,2025-02-24 21:03:11.637884
case_985,b,2025-02-24 19:28:11.637914
case_985,b,2025-02-24 19:33:11.637914
case_985,a,2025-02-24 19:38:11.637914
case_985,b,2025-02-24 19:43:11.637914
case_985,c,2025-02-24 19:48:11.637914
case_985,b,2025-02-24 19:53:11.637914
case_985,a,2025-02-24 19:58:11.637914
case_985,b,2025-02-24 20:03:11.637914
case_985,b,2025-02-24 20:08:11.637914
case_985,b,2025-02-24 20:13:11.637914
case_985,c,2025-02-24 20:18:11.637914
case_985,a,2025-02-24 20:23:11.637914
case_985,c,2025-02-24 20:28:11.637914
case_985,c,2025-02-24 20:33:11.637914
case_985,a,2025-02-24 20:38:11.637914
case_985,c,2025-02-24 20:43:11.637914
case_985,b,2025-02-24 20:48:11.637914
case_985,c,2025-02-24 20:53:11.637914
case_985,b,2025-02-24 20:58:11.637914
case_985,b,2025-02-24 21:03:11.637914
case_986,a,2025-02-24 19:28:11.637944
case_986,c,2025-02-24 19:33:11.637944
case_986,c,2025-02-24 19:38:11.637944
case_986,b,2025-02-24 19:43:11.637944
case_986,a,2025-02-24 19:48:11.637944
case_986,c,2025-02-24 19:53:11.637944
case_986,b,2025-02-24 19:58:11.637944
case_986,b,2025-02-24 20:03:11.637944
case_986,a,2025-02-24 20:08:11.637944
case_986,c,2025-02-24 20:13:11.637944
case_986,b,2025-02-24 20:18:11.637944
case_986,b,2025-02-24 20:23:11.637944
case_986,c,2025-02-24 20:28:11.637944
case_986,a,2025-02-24 20:33:11.637944
case_986,c,2025-02-24 20:38:11.637944
case_986,c,2025-02-24 20:43:11.637944
case_986,c,2025-02-24 20:48:11.637944
case_986,c,2025-02-24 20:53:11.637944
case_986,a,2025-02-24 20:58:11.637944
case_986,c,2025-02-24 21:03:11.637944
case_987,b,2025-02-24 19:28:11.637973
case_987,c,2025-02-24 19:33:11.637973
case_987,c,2025-02-24 19:38:11.637973
case_987,b,2025-02-24 19:43:11.637973
case_987,a,2025-02-24 19:48:11.637973
case_987,a,2025-02-24 19:53:11.637973
case_987,c,2025-02-24 19:58:11.637973
case_987,b,2025-02-24 20:03:11.637973
case_987,c,2025-02-24 20:08:11.637973
case_987,c,2025-02-24 20:13:11.637973
case_987,c,2025-02-24 20:18:11.637973
case_987,a,2025-02-24 20:23:11.637973
case_987,c,2025-02-24 20:28:11.637973
case_987,b,2025-02-24 20:33:11.637973
case_987,a,2025-02-24 20:38:11.637973
case_987,c,2025-02-24 20:43:11.637973
case_987,c,2025-02-24 20:48:11.637973
case_987,a,2025-02-24 20:53:11.637973
case_987,c,2025-02-24 20:58:11.637973
case_987,a,2025-02-24 21:03:11.637973
case_988,a,2025-02-24 19:28:11.638003
case_988,a,2025-02-24 19:33:11.638003
case_988,c,2025-02-24 19:38:11.638003
case_988,a,2025-02-24 19:43:11.638003
case_988,b,2025-02-24 19:48:11.638003
case_988,c,2025-02-24 19:53:11.638003
case_988,a,2025-02-24 19:58:11.638003
case_988,a,2025-02-24 20:03:11.638003
case_988,b,2025-02-24 20:08:11.638003
case_988,b,2025-02-24 20:13:11.638003
case_988,a,2025-02-24 20:18:11.638003
case_988,a,2025-02-24 20:23:11.638003
case_988,b,2025-02-24 20:28:11.638003
case_988,b,2025-02-24 20:33:11.638003
case_988,c,2025-02-24 20:38:11.638003
case_988,a,2025-02-24 20:43:11.638003
case_988,a,2025-02-24 20:48:11.638003
case_988,b,2025-02-24 20:53:11.638003
case_988,c,2025-02-24 20:58:11.638003
case_988,b,2025-02-24 21:03:11.638003
case_989,b,2025-02-24 19:28:11.638033
case_989,b,2025-02-24 19:33:11.638033
case_989,c,2025-02-24 19:38:11.638033
case_989,c,2025-02-24 19:43:11.638033
case_989,a,2025-02-24 19:48:11.638033
case_989,c,2025-02-24 19:53:11.638033
case_989,a,2025-02-24 19:58:11.638033
case_989,b,2025-02-24 20:03:11.638033
case_989,a,2025-02-24 20:08:11.638033
case_989,a,2025-02-24 20:13:11.638033
case_989,c,2025-02-24 20:18:11.638033
case_989,a,2025-02-24 20:23:11.638033
case_989,a,2025-02-24 20:28:11.638033
case_989,b,2025-02-24 20:33:11.638033
case_989,a,2025-02-24 20:38:11.638033
case_989,b,2025-02-24 20:43:11.638033
case_989,b,2025-02-24 20:48:11.638033
case_989,b,2025-02-24 20:53:11.638033
case_989,a,2025-02-24 20:58:11.638033
case_989,c,2025-02-24 21:03:11.638033
case_990,a,2025-02-24 19:28:11.638063
case_990,c,2025-02-24 19:33:11.638063
case_990,a,2025-02-24 19:38:11.638063
case_990,b,2025-02-24 19:43:11.638063
case_990,b,2025-02-24 19:48:11.638063
case_990,c,2025-02-24 19:53:11.638063
case_990,b,2025-02-24 19:58:11.638063
case_990,a,2025-02-24 20:03:11.638063
case_990,b,2025-02-24 20:08:11.638063
case_990,b,2025-02-24 20:13:11.638063
case_990,c,2025-02-24 20:18:11.638063
case_990,a,2025-02-24 20:23:11.638063
case_990,c,2025-02-24 20:28:11.638063
case_990,c,2025-02-24 20:33:11.638063
case_990,b,2025-02-24 20:38:11.638063
case_990,b,2025-02-24 20:43:11.638063
case_990,a,2025-02-24 20:48:11.638063
case_990,c,2025-02-24 20:53:11.638063
case_990,a,2025-02-24 20:58:11.638063
case_990,a,2025-02-24 21:03:11.638063
case_991,b,2025-02-24 19:28:11.638093
case_991,b,2025-02-24 19:33:11.638093
case_991,c,2025-02-24 19:38:11.638093
case_991,a,2025-02-24 19:43:11.638093
case_991,b,2025-02-24 19:48:11.638093
case_991,c,2025-02-24 19:53:11.638093
case_991,c,2025-02-24 19:58:11.638093
case_991,b,2025-02-24 20:03:11.638093
case_991,a,2025-02-24 20:08:11.638093
case_991,c,2025-02-24 20:13:11.638093
case_991,a,2025-02-24 20:18:11.638093
case_991,c,2025-02-24 20:23:11.638093
case_991,a,2025-02-24 20:28:11.638093
case_991,a,2025-02-24 20:33:11.638093
case_991,a,2025-02-24 20:38:11.638093
case_991,b,2025-02-24 20:43:11.638093
case_991,b,2025-02-24 20:48:11.638093
case_991,a,2025-02-24 20:53:11.638093
case_991,c,2025-02-24 20:58:11.638093
case_991,a,2025-02-24 21:03:11.638093
case_992,a,2025-02-24 19:28:11.638122
case_992,c,2025-02-24 19:33:11.638122
case_992,c,2025-02-24 19:38:11.638122
case_992,a,2025-02-24 19:43:11.638122
case_992,c,2025-02-24 19:48:11.638122
case_992,b,2025-02-24 19:53:11.638122
case_992,b,2025-02-24 19:58:11.638122
case_992,a,2025-02-24 20:03:11.638122
case_992,b,2025-02-24 20:08:11.638122
case_992,b,2025-02-24 20:13:11.638122
case_992,b,2025-02-24 20:18:11.638122
case_992,a,2025-02-24 20:23:11.638122
case_992,a,2025-02-24 20:28:11.638122
case_992,a,2025-02-24 20:33:11.638122
case_992,a,2025-02-24 20:38:11.638122
case_992,b,2025-02-24 20:43:11.638122
case_992,c,2025-02-24 20:48:11.638122
case_992,b,2025-02-24 20:53:11.638122
case_992,c,2025-02-24 20:58:11.638122
case_992,b,2025-02-24 21:03:11.638122
case_993,a,2025-02-24 19:28:11.638152
case_993,a,2025-02-24 19:33:11.638152
case_993,a,2025-02-24 19:38:11.638152
case_993,a,2025-02-24 19:43:11.638152
case_993,c,2025-02-24 19:48:11.638152
case_993,a,2025-02-24 19:53:11.638152
case_993,c,2025-02-24 19:58:11.638152
case_993,b,2025-02-24 20:03:11.638152
case_993,c,2025-02-24 20:08:11.638152
case_993,c,2025-02-24 20:13:11.638152
case_993,c,2025-02-24 20:18:11.638152
case_993,a,2025-02-24 20:23:11.638152
case_993,a,2025-02-24 20:28:11.638152
case_993,a,2025-02-24 20:33:11.638152
case_993,b,2025-02-24 20:38:11.638152
case_993,a,2025-02-24 20:43:11.638152
case_993,b,2025-02-24 20:48:11.638152
case_993,c,2025-02-24 20:53:11.638152
case_993,c,2025-02-24 20:58:11.638152
case_993,a,2025-02-24 21:03:11.638152
case_994,a,2025-02-24 19:28:11.638182
case_994,b,2025-02-24 19:33:11.638182
case_994,b,2025-02-24 19:38:11.638182
case_994,c,2025-02-24 19:43:11.638182
case_994,a,2025-02-24 19:48:11.638182
case_994,a,2025-02-24 19:53:11.638182
case_994,b,2025-02-24 19:58:11.638182
case_994,b,2025-02-24 20:03:11.638182
case_994,c,2025-02-24 20:08:11.638182
case_994,b,2025-02-24 20:13:11.638182
case_994,b,2025-02-24 20:18:11.638182
case_994,a,2025-02-24 20:23:11.638182
case_994,a,2025-02-24 20:28:11.638182
case_994,b,2025-02-24 20:33:11.638182
case_994,c,2025-02-24 20:38:11.638182
case_994,a,2025-02-24 20:43:11.638182
case_994,b,2025-02-24 20:48:11.638182
case_994,b,2025-02-24 20:53:11.638182
case_994,a,2025-02-24 20:58:11.638182
case_994,c,2025-02-24 21:03:11.638182
case_995,b,2025-02-24 19:28:11.638212
case_995,a,2025-02-24 19:33:11.638212
case_995,c,2025-02-24 19:38:11.638212
case_995,c,2025-02-24 19:43:11.638212
case_995,c,2025-02-24 19:48:11.638212
case_995,c,2025-02-24 19:53:11.638212
case_995,c,2025-02-24 19:58:11.638212
case_995,c,2025-02-24 20:03:11.638212
case_995,c,2025-02-24 20:08:11.638212
case_995,c,2025-02-24 20:13:11.638212
case_995,c,2025-02-24 20:18:11.638212
case_995,c,2025-02-24 20:23:11.638212
case_995,c,2025-02-24 20:28:11.638212
case_995,c,2025-02-24 20:33:11.638212
case_995,c,2025-02-24 20:38:11.638212
case_995,c,2025-02-24 20:43:11.638212
case_995,c,2025-02-24 20:48:11.638212
case_995,c,2025-02-24 20:53:11.638212
case_995,c,2025-02-24 20:58:11.638212
case_995,c,2025-02-24 21:03:11.638212
case_996,a,2025-02-24 19:28:11.638242
case_996,c,2025-02-24 19:33:11.638242
case_996,c,2025-02-24 19:38:11.638242
case_996,c,2025-02-24 19:43:11.638242
case_996,c,2025-02-24 19:48:11.638242
case_996,c,2025-02-24 19:53:11.638242
case_996,c,2025-02-24 19:58:11.638242
case_996,c,2025-02-24 20:03:11.638242
case_996,c,2025-02-24 20:08:11.638242
case_996,c,2025-02-24 20:13:11.638242
case_996,c,2025-02-24 20:18:11.638242
case_996,c,2025-02-24 20:23:11.638242
case_996,c,2025-02-24 20:28:11.638242
case_996,c,2025-02-24 20:33:11.638242
case_996,c,2025-02-24 20:38:11.638242
case_996,c,2025-02-24 20:43:11.638242
case_996,c,2025-02-24 20:48:11.638242
case_996,c,2025-02-24 20:53:11.638242
case_996,c,2025-02-24 20:58:11.638242
case_996,c,2025-02-24 21:03:11.638242
case_997,c,2025-02-24 19:28:11.638271
case_997,c,2025-02-24 19:33:11.638271
case_997,a,2025-02-24 19:38:11.638271
case_997,c,2025-02-24 19:43:11.638271
case_997,c,2025-02-24 19:48:11.638271
case_997,b,2025-02-24 19:53:11.638271
case_997,b,2025-02-24 19:58:11.638271
case_997,c,2025-02-24 20:03:11.638271
case_997,b,2025-02-24 20:08:11.638271
case_997,b,2025-02-24 20:13:11.638271
case_997,c,2025-02-24 20:18:11.638271
case_997,b,2025-02-24 20:23:11.638271
case_997,c,2025-02-24 20:28:11.638271
case_997,c,2025-02-24 20:33:11.638271
case_997,c,2025-02-24 20:38:11.638271
case_997,b,2025-02-24 20:43:11.638271
case_997,b,2025-02-24 20:48:11.638271
case_997,c,2025-02-24 20:53:11.638271
case_997,c,2025-02-24 20:58:11.638271
case_997,b,2025-02-24 21:03:11.638271
case_998,c,2025-02-24 19:28:11.638301
case_998,b,2025-02-24 19:33:11.638301
case_998,a,2025-02-24 19:38:11.638301
case_998,b,2025-02-24 19:43:11.638301
case_998,b,2025-02-24 19:48:11.638301
case_998,b,2025-02-24 19:53:11.638301
case_998,b,2025-02-24 19:58:11.638301
case_998,c,2025-02-24 20:03:11.638301
case_998,b,2025-02-24 20:08:11.638301
case_998,c,2025-02-24 20:13:11.638301
case_998,b,2025-02-24 20:18:11.638301
case_998,c,2025-02-24 20:23:11.638301
case_998,b,2025-02-24 20:28:11.638301
case_998,c,2025-02-24 20:33:11.638301
case_998,b,2025-02-24 20:38:11.638301
case_998,c,2025-02-24 20:43:11.638301
case_998,c,2025-02-24 20:48:11.638301
case_998,b,2025-02-24 20:53:11.638301
case_998,b,2025-02-24 20:58:11.638301
case_998,b,2025-02-24 21:03:11.638301
case_999,c,2025-02-24 19:28:11.638333
case_999,c,2025-02-24 19:33:11.638333
case_999,b,2025-02-24 19:38:11.638333
case_999,c,2025-02-24 19:43:11.638333
case_999,a,2025-02-24 19:48:11.638333
case_999,c,2025-02-24 19:53:11.638333
case_999,b,2025-02-24 19:58:11.638333
case_999,b,2025-02-24 20:03:11.638333
case_999,b,2025-02-24 20:08:11.638333
case_999,b,2025-02-24 20:13:11.638333
case_999,c,2025-02-24 20:18:11.638333
case_999,c,2025-02-24 20:23:11.638333
case_999,b,2025-02-24 20:28:11.638333
case_999,b,2025-02-24 20:33:11.638333
case_999,b,2025-02-24 20:38:11.638333
case_999,c,2025-02-24 20:43:11.638333
case_999,c,2025-02-24 20:48:11.638333
case_999,b,2025-02-24 20:53:11.638333
case_999,c,2025-02-24 20:58:11.638333
case_999,c,2025-02-24 21:03:11.638333
