{
    "loss": 0.22047762760453346,
    "acc": 0.8558441400527954,
    "dld": 2.534351110458374,
    "norm_dld": 0.12934772670269012
}
