{
    "loss": 0.38088374068029224,
    "acc": 0.5791173577308655,
    "dld": 7.109090805053711,
    "norm_dld": 0.33132848143577576
}
