{
    "loss": 0.5456218173242096,
    "acc": 0.4135802388191223,
    "dld": 10.961538314819336,
    "norm_dld": 0.5035820007324219
}
