{
    "loss": 0.3198578711422725,
    "acc": 0.7572658658027649,
    "dld": 4.099999904632568,
    "norm_dld": 0.19167795777320862
}
