{
    "loss": 0.35464741095466623,
    "acc": 0.5871905088424683,
    "dld": 6.972727298736572,
    "norm_dld": 0.3123970031738281
}
