{
    "loss": 0.17421723402166567,
    "acc": 0.8525295853614807,
    "dld": 2.4727272987365723,
    "norm_dld": 0.13942117989063263
}
