case:concept:name,concept:name,time:timestamp
case_0,c,2025-02-24 19:28:10.556766
case_0,b,2025-02-24 19:33:10.556766
case_0,a,2025-02-24 19:38:10.556766
case_0,c,2025-02-24 19:43:10.556766
case_0,b,2025-02-24 19:48:10.556766
case_0,b,2025-02-24 19:53:10.556766
case_0,a,2025-02-24 19:58:10.556766
case_0,b,2025-02-24 20:03:10.556766
case_0,b,2025-02-24 20:08:10.556766
case_0,c,2025-02-24 20:13:10.556766
case_0,a,2025-02-24 20:18:10.556766
case_0,c,2025-02-24 20:23:10.556766
case_0,c,2025-02-24 20:28:10.556766
case_0,a,2025-02-24 20:33:10.556766
case_0,c,2025-02-24 20:38:10.556766
case_0,b,2025-02-24 20:43:10.556766
case_0,b,2025-02-24 20:48:10.556766
case_0,c,2025-02-24 20:53:10.556766
case_0,b,2025-02-24 20:58:10.556766
case_0,a,2025-02-24 21:03:10.556766
case_1,a,2025-02-24 19:28:10.556805
case_1,c,2025-02-24 19:33:10.556805
case_1,a,2025-02-24 19:38:10.556805
case_1,b,2025-02-24 19:43:10.556805
case_1,c,2025-02-24 19:48:10.556805
case_1,a,2025-02-24 19:53:10.556805
case_1,b,2025-02-24 19:58:10.556805
case_1,c,2025-02-24 20:03:10.556805
case_1,c,2025-02-24 20:08:10.556805
case_1,b,2025-02-24 20:13:10.556805
case_1,b,2025-02-24 20:18:10.556805
case_1,a,2025-02-24 20:23:10.556805
case_1,c,2025-02-24 20:28:10.556805
case_1,b,2025-02-24 20:33:10.556805
case_1,c,2025-02-24 20:38:10.556805
case_1,c,2025-02-24 20:43:10.556805
case_1,c,2025-02-24 20:48:10.556805
case_1,c,2025-02-24 20:53:10.556805
case_1,b,2025-02-24 20:58:10.556805
case_1,a,2025-02-24 21:03:10.556805
case_2,c,2025-02-24 19:28:10.556837
case_2,b,2025-02-24 19:33:10.556837
case_2,b,2025-02-24 19:38:10.556837
case_2,b,2025-02-24 19:43:10.556837
case_2,a,2025-02-24 19:48:10.556837
case_2,b,2025-02-24 19:53:10.556837
case_2,c,2025-02-24 19:58:10.556837
case_2,b,2025-02-24 20:03:10.556837
case_2,a,2025-02-24 20:08:10.556837
case_2,b,2025-02-24 20:13:10.556837
case_2,c,2025-02-24 20:18:10.556837
case_2,a,2025-02-24 20:23:10.556837
case_2,b,2025-02-24 20:28:10.556837
case_2,a,2025-02-24 20:33:10.556837
case_2,b,2025-02-24 20:38:10.556837
case_2,a,2025-02-24 20:43:10.556837
case_2,b,2025-02-24 20:48:10.556837
case_2,b,2025-02-24 20:53:10.556837
case_2,b,2025-02-24 20:58:10.556837
case_2,a,2025-02-24 21:03:10.556837
case_3,b,2025-02-24 19:28:10.556866
case_3,c,2025-02-24 19:33:10.556866
case_3,b,2025-02-24 19:38:10.556866
case_3,b,2025-02-24 19:43:10.556866
case_3,a,2025-02-24 19:48:10.556866
case_3,c,2025-02-24 19:53:10.556866
case_3,c,2025-02-24 19:58:10.556866
case_3,a,2025-02-24 20:03:10.556866
case_3,b,2025-02-24 20:08:10.556866
case_3,a,2025-02-24 20:13:10.556866
case_3,c,2025-02-24 20:18:10.556866
case_3,a,2025-02-24 20:23:10.556866
case_3,b,2025-02-24 20:28:10.556866
case_3,a,2025-02-24 20:33:10.556866
case_3,c,2025-02-24 20:38:10.556866
case_3,a,2025-02-24 20:43:10.556866
case_3,c,2025-02-24 20:48:10.556866
case_3,b,2025-02-24 20:53:10.556866
case_3,c,2025-02-24 20:58:10.556866
case_3,a,2025-02-24 21:03:10.556866
case_4,a,2025-02-24 19:28:10.556898
case_4,b,2025-02-24 19:33:10.556898
case_4,a,2025-02-24 19:38:10.556898
case_4,c,2025-02-24 19:43:10.556898
case_4,a,2025-02-24 19:48:10.556898
case_4,c,2025-02-24 19:53:10.556898
case_4,c,2025-02-24 19:58:10.556898
case_4,b,2025-02-24 20:03:10.556898
case_4,a,2025-02-24 20:08:10.556898
case_4,c,2025-02-24 20:13:10.556898
case_4,b,2025-02-24 20:18:10.556898
case_4,a,2025-02-24 20:23:10.556898
case_4,b,2025-02-24 20:28:10.556898
case_4,c,2025-02-24 20:33:10.556898
case_4,c,2025-02-24 20:38:10.556898
case_4,a,2025-02-24 20:43:10.556898
case_4,c,2025-02-24 20:48:10.556898
case_4,b,2025-02-24 20:53:10.556898
case_4,b,2025-02-24 20:58:10.556898
case_4,a,2025-02-24 21:03:10.556898
case_5,a,2025-02-24 19:28:10.556928
case_5,b,2025-02-24 19:33:10.556928
case_5,a,2025-02-24 19:38:10.556928
case_5,c,2025-02-24 19:43:10.556928
case_5,b,2025-02-24 19:48:10.556928
case_5,a,2025-02-24 19:53:10.556928
case_5,b,2025-02-24 19:58:10.556928
case_5,a,2025-02-24 20:03:10.556928
case_5,b,2025-02-24 20:08:10.556928
case_5,a,2025-02-24 20:13:10.556928
case_5,b,2025-02-24 20:18:10.556928
case_5,a,2025-02-24 20:23:10.556928
case_5,c,2025-02-24 20:28:10.556928
case_5,a,2025-02-24 20:33:10.556928
case_5,b,2025-02-24 20:38:10.556928
case_5,b,2025-02-24 20:43:10.556928
case_5,b,2025-02-24 20:48:10.556928
case_5,a,2025-02-24 20:53:10.556928
case_5,b,2025-02-24 20:58:10.556928
case_5,a,2025-02-24 21:03:10.556928
case_6,c,2025-02-24 19:28:10.556959
case_6,a,2025-02-24 19:33:10.556959
case_6,c,2025-02-24 19:38:10.556959
case_6,a,2025-02-24 19:43:10.556959
case_6,c,2025-02-24 19:48:10.556959
case_6,b,2025-02-24 19:53:10.556959
case_6,c,2025-02-24 19:58:10.556959
case_6,a,2025-02-24 20:03:10.556959
case_6,c,2025-02-24 20:08:10.556959
case_6,b,2025-02-24 20:13:10.556959
case_6,c,2025-02-24 20:18:10.556959
case_6,c,2025-02-24 20:23:10.556959
case_6,a,2025-02-24 20:28:10.556959
case_6,b,2025-02-24 20:33:10.556959
case_6,b,2025-02-24 20:38:10.556959
case_6,a,2025-02-24 20:43:10.556959
case_6,c,2025-02-24 20:48:10.556959
case_6,c,2025-02-24 20:53:10.556959
case_6,b,2025-02-24 20:58:10.556959
case_6,a,2025-02-24 21:03:10.556959
case_7,a,2025-02-24 19:28:10.556989
case_7,c,2025-02-24 19:33:10.556989
case_7,a,2025-02-24 19:38:10.556989
case_7,b,2025-02-24 19:43:10.556989
case_7,c,2025-02-24 19:48:10.556989
case_7,a,2025-02-24 19:53:10.556989
case_7,c,2025-02-24 19:58:10.556989
case_7,b,2025-02-24 20:03:10.556989
case_7,a,2025-02-24 20:08:10.556989
case_7,b,2025-02-24 20:13:10.556989
case_7,a,2025-02-24 20:18:10.556989
case_7,c,2025-02-24 20:23:10.556989
case_7,b,2025-02-24 20:28:10.556989
case_7,c,2025-02-24 20:33:10.556989
case_7,b,2025-02-24 20:38:10.556989
case_7,c,2025-02-24 20:43:10.556989
case_7,c,2025-02-24 20:48:10.556989
case_7,b,2025-02-24 20:53:10.556989
case_7,b,2025-02-24 20:58:10.556989
case_7,a,2025-02-24 21:03:10.556989
case_8,c,2025-02-24 19:28:10.557020
case_8,c,2025-02-24 19:33:10.557020
case_8,c,2025-02-24 19:38:10.557020
case_8,c,2025-02-24 19:43:10.557020
case_8,a,2025-02-24 19:48:10.557020
case_8,b,2025-02-24 19:53:10.557020
case_8,c,2025-02-24 19:58:10.557020
case_8,b,2025-02-24 20:03:10.557020
case_8,a,2025-02-24 20:08:10.557020
case_8,c,2025-02-24 20:13:10.557020
case_8,b,2025-02-24 20:18:10.557020
case_8,a,2025-02-24 20:23:10.557020
case_8,c,2025-02-24 20:28:10.557020
case_8,a,2025-02-24 20:33:10.557020
case_8,c,2025-02-24 20:38:10.557020
case_8,c,2025-02-24 20:43:10.557020
case_8,b,2025-02-24 20:48:10.557020
case_8,b,2025-02-24 20:53:10.557020
case_8,b,2025-02-24 20:58:10.557020
case_8,a,2025-02-24 21:03:10.557020
case_9,c,2025-02-24 19:28:10.557050
case_9,b,2025-02-24 19:33:10.557050
case_9,a,2025-02-24 19:38:10.557050
case_9,c,2025-02-24 19:43:10.557050
case_9,c,2025-02-24 19:48:10.557050
case_9,b,2025-02-24 19:53:10.557050
case_9,c,2025-02-24 19:58:10.557050
case_9,a,2025-02-24 20:03:10.557050
case_9,c,2025-02-24 20:08:10.557050
case_9,b,2025-02-24 20:13:10.557050
case_9,b,2025-02-24 20:18:10.557050
case_9,c,2025-02-24 20:23:10.557050
case_9,a,2025-02-24 20:28:10.557050
case_9,b,2025-02-24 20:33:10.557050
case_9,b,2025-02-24 20:38:10.557050
case_9,b,2025-02-24 20:43:10.557050
case_9,a,2025-02-24 20:48:10.557050
case_9,b,2025-02-24 20:53:10.557050
case_9,c,2025-02-24 20:58:10.557050
case_9,a,2025-02-24 21:03:10.557050
case_10,b,2025-02-24 19:28:10.557080
case_10,b,2025-02-24 19:33:10.557080
case_10,b,2025-02-24 19:38:10.557080
case_10,a,2025-02-24 19:43:10.557080
case_10,b,2025-02-24 19:48:10.557080
case_10,c,2025-02-24 19:53:10.557080
case_10,b,2025-02-24 19:58:10.557080
case_10,c,2025-02-24 20:03:10.557080
case_10,c,2025-02-24 20:08:10.557080
case_10,a,2025-02-24 20:13:10.557080
case_10,b,2025-02-24 20:18:10.557080
case_10,c,2025-02-24 20:23:10.557080
case_10,b,2025-02-24 20:28:10.557080
case_10,c,2025-02-24 20:33:10.557080
case_10,c,2025-02-24 20:38:10.557080
case_10,a,2025-02-24 20:43:10.557080
case_10,c,2025-02-24 20:48:10.557080
case_10,a,2025-02-24 20:53:10.557080
case_10,b,2025-02-24 20:58:10.557080
case_10,a,2025-02-24 21:03:10.557080
case_11,b,2025-02-24 19:28:10.557110
case_11,a,2025-02-24 19:33:10.557110
case_11,c,2025-02-24 19:38:10.557110
case_11,c,2025-02-24 19:43:10.557110
case_11,b,2025-02-24 19:48:10.557110
case_11,c,2025-02-24 19:53:10.557110
case_11,a,2025-02-24 19:58:10.557110
case_11,c,2025-02-24 20:03:10.557110
case_11,a,2025-02-24 20:08:10.557110
case_11,c,2025-02-24 20:13:10.557110
case_11,a,2025-02-24 20:18:10.557110
case_11,c,2025-02-24 20:23:10.557110
case_11,b,2025-02-24 20:28:10.557110
case_11,b,2025-02-24 20:33:10.557110
case_11,c,2025-02-24 20:38:10.557110
case_11,a,2025-02-24 20:43:10.557110
case_11,c,2025-02-24 20:48:10.557110
case_11,b,2025-02-24 20:53:10.557110
case_11,c,2025-02-24 20:58:10.557110
case_11,a,2025-02-24 21:03:10.557110
case_12,c,2025-02-24 19:28:10.557140
case_12,c,2025-02-24 19:33:10.557140
case_12,c,2025-02-24 19:38:10.557140
case_12,c,2025-02-24 19:43:10.557140
case_12,b,2025-02-24 19:48:10.557140
case_12,c,2025-02-24 19:53:10.557140
case_12,b,2025-02-24 19:58:10.557140
case_12,b,2025-02-24 20:03:10.557140
case_12,b,2025-02-24 20:08:10.557140
case_12,c,2025-02-24 20:13:10.557140
case_12,b,2025-02-24 20:18:10.557140
case_12,b,2025-02-24 20:23:10.557140
case_12,c,2025-02-24 20:28:10.557140
case_12,c,2025-02-24 20:33:10.557140
case_12,a,2025-02-24 20:38:10.557140
case_12,b,2025-02-24 20:43:10.557140
case_12,b,2025-02-24 20:48:10.557140
case_12,b,2025-02-24 20:53:10.557140
case_12,c,2025-02-24 20:58:10.557140
case_12,a,2025-02-24 21:03:10.557140
case_13,c,2025-02-24 19:28:10.557170
case_13,c,2025-02-24 19:33:10.557170
case_13,a,2025-02-24 19:38:10.557170
case_13,b,2025-02-24 19:43:10.557170
case_13,b,2025-02-24 19:48:10.557170
case_13,b,2025-02-24 19:53:10.557170
case_13,b,2025-02-24 19:58:10.557170
case_13,c,2025-02-24 20:03:10.557170
case_13,c,2025-02-24 20:08:10.557170
case_13,b,2025-02-24 20:13:10.557170
case_13,c,2025-02-24 20:18:10.557170
case_13,b,2025-02-24 20:23:10.557170
case_13,b,2025-02-24 20:28:10.557170
case_13,c,2025-02-24 20:33:10.557170
case_13,a,2025-02-24 20:38:10.557170
case_13,c,2025-02-24 20:43:10.557170
case_13,c,2025-02-24 20:48:10.557170
case_13,b,2025-02-24 20:53:10.557170
case_13,c,2025-02-24 20:58:10.557170
case_13,a,2025-02-24 21:03:10.557170
case_14,c,2025-02-24 19:28:10.557200
case_14,b,2025-02-24 19:33:10.557200
case_14,c,2025-02-24 19:38:10.557200
case_14,a,2025-02-24 19:43:10.557200
case_14,c,2025-02-24 19:48:10.557200
case_14,c,2025-02-24 19:53:10.557200
case_14,c,2025-02-24 19:58:10.557200
case_14,b,2025-02-24 20:03:10.557200
case_14,a,2025-02-24 20:08:10.557200
case_14,b,2025-02-24 20:13:10.557200
case_14,c,2025-02-24 20:18:10.557200
case_14,b,2025-02-24 20:23:10.557200
case_14,c,2025-02-24 20:28:10.557200
case_14,a,2025-02-24 20:33:10.557200
case_14,b,2025-02-24 20:38:10.557200
case_14,a,2025-02-24 20:43:10.557200
case_14,b,2025-02-24 20:48:10.557200
case_14,b,2025-02-24 20:53:10.557200
case_14,c,2025-02-24 20:58:10.557200
case_14,a,2025-02-24 21:03:10.557200
case_15,c,2025-02-24 19:28:10.557229
case_15,b,2025-02-24 19:33:10.557229
case_15,c,2025-02-24 19:38:10.557229
case_15,b,2025-02-24 19:43:10.557229
case_15,c,2025-02-24 19:48:10.557229
case_15,b,2025-02-24 19:53:10.557229
case_15,a,2025-02-24 19:58:10.557229
case_15,c,2025-02-24 20:03:10.557229
case_15,c,2025-02-24 20:08:10.557229
case_15,c,2025-02-24 20:13:10.557229
case_15,b,2025-02-24 20:18:10.557229
case_15,a,2025-02-24 20:23:10.557229
case_15,b,2025-02-24 20:28:10.557229
case_15,a,2025-02-24 20:33:10.557229
case_15,b,2025-02-24 20:38:10.557229
case_15,c,2025-02-24 20:43:10.557229
case_15,a,2025-02-24 20:48:10.557229
case_15,b,2025-02-24 20:53:10.557229
case_15,b,2025-02-24 20:58:10.557229
case_15,a,2025-02-24 21:03:10.557229
case_16,b,2025-02-24 19:28:10.557260
case_16,b,2025-02-24 19:33:10.557260
case_16,a,2025-02-24 19:38:10.557260
case_16,b,2025-02-24 19:43:10.557260
case_16,c,2025-02-24 19:48:10.557260
case_16,b,2025-02-24 19:53:10.557260
case_16,a,2025-02-24 19:58:10.557260
case_16,c,2025-02-24 20:03:10.557260
case_16,a,2025-02-24 20:08:10.557260
case_16,c,2025-02-24 20:13:10.557260
case_16,c,2025-02-24 20:18:10.557260
case_16,b,2025-02-24 20:23:10.557260
case_16,c,2025-02-24 20:28:10.557260
case_16,c,2025-02-24 20:33:10.557260
case_16,c,2025-02-24 20:38:10.557260
case_16,a,2025-02-24 20:43:10.557260
case_16,b,2025-02-24 20:48:10.557260
case_16,b,2025-02-24 20:53:10.557260
case_16,c,2025-02-24 20:58:10.557260
case_16,a,2025-02-24 21:03:10.557260
case_17,c,2025-02-24 19:28:10.557289
case_17,a,2025-02-24 19:33:10.557289
case_17,b,2025-02-24 19:38:10.557289
case_17,a,2025-02-24 19:43:10.557289
case_17,b,2025-02-24 19:48:10.557289
case_17,b,2025-02-24 19:53:10.557289
case_17,c,2025-02-24 19:58:10.557289
case_17,a,2025-02-24 20:03:10.557289
case_17,b,2025-02-24 20:08:10.557289
case_17,b,2025-02-24 20:13:10.557289
case_17,b,2025-02-24 20:18:10.557289
case_17,b,2025-02-24 20:23:10.557289
case_17,a,2025-02-24 20:28:10.557289
case_17,b,2025-02-24 20:33:10.557289
case_17,b,2025-02-24 20:38:10.557289
case_17,b,2025-02-24 20:43:10.557289
case_17,c,2025-02-24 20:48:10.557289
case_17,c,2025-02-24 20:53:10.557289
case_17,b,2025-02-24 20:58:10.557289
case_17,a,2025-02-24 21:03:10.557289
case_18,b,2025-02-24 19:28:10.557319
case_18,b,2025-02-24 19:33:10.557319
case_18,c,2025-02-24 19:38:10.557319
case_18,c,2025-02-24 19:43:10.557319
case_18,b,2025-02-24 19:48:10.557319
case_18,c,2025-02-24 19:53:10.557319
case_18,c,2025-02-24 19:58:10.557319
case_18,a,2025-02-24 20:03:10.557319
case_18,b,2025-02-24 20:08:10.557319
case_18,c,2025-02-24 20:13:10.557319
case_18,c,2025-02-24 20:18:10.557319
case_18,b,2025-02-24 20:23:10.557319
case_18,c,2025-02-24 20:28:10.557319
case_18,b,2025-02-24 20:33:10.557319
case_18,c,2025-02-24 20:38:10.557319
case_18,c,2025-02-24 20:43:10.557319
case_18,a,2025-02-24 20:48:10.557319
case_18,c,2025-02-24 20:53:10.557319
case_18,b,2025-02-24 20:58:10.557319
case_18,a,2025-02-24 21:03:10.557319
case_19,b,2025-02-24 19:28:10.557352
case_19,c,2025-02-24 19:33:10.557352
case_19,b,2025-02-24 19:38:10.557352
case_19,a,2025-02-24 19:43:10.557352
case_19,b,2025-02-24 19:48:10.557352
case_19,a,2025-02-24 19:53:10.557352
case_19,c,2025-02-24 19:58:10.557352
case_19,c,2025-02-24 20:03:10.557352
case_19,a,2025-02-24 20:08:10.557352
case_19,c,2025-02-24 20:13:10.557352
case_19,b,2025-02-24 20:18:10.557352
case_19,c,2025-02-24 20:23:10.557352
case_19,b,2025-02-24 20:28:10.557352
case_19,c,2025-02-24 20:33:10.557352
case_19,b,2025-02-24 20:38:10.557352
case_19,b,2025-02-24 20:43:10.557352
case_19,b,2025-02-24 20:48:10.557352
case_19,a,2025-02-24 20:53:10.557352
case_19,b,2025-02-24 20:58:10.557352
case_19,a,2025-02-24 21:03:10.557352
case_20,a,2025-02-24 19:28:10.557382
case_20,b,2025-02-24 19:33:10.557382
case_20,b,2025-02-24 19:38:10.557382
case_20,c,2025-02-24 19:43:10.557382
case_20,a,2025-02-24 19:48:10.557382
case_20,b,2025-02-24 19:53:10.557382
case_20,c,2025-02-24 19:58:10.557382
case_20,b,2025-02-24 20:03:10.557382
case_20,b,2025-02-24 20:08:10.557382
case_20,a,2025-02-24 20:13:10.557382
case_20,c,2025-02-24 20:18:10.557382
case_20,c,2025-02-24 20:23:10.557382
case_20,c,2025-02-24 20:28:10.557382
case_20,a,2025-02-24 20:33:10.557382
case_20,b,2025-02-24 20:38:10.557382
case_20,b,2025-02-24 20:43:10.557382
case_20,b,2025-02-24 20:48:10.557382
case_20,c,2025-02-24 20:53:10.557382
case_20,c,2025-02-24 20:58:10.557382
case_20,a,2025-02-24 21:03:10.557382
case_21,c,2025-02-24 19:28:10.557413
case_21,b,2025-02-24 19:33:10.557413
case_21,b,2025-02-24 19:38:10.557413
case_21,c,2025-02-24 19:43:10.557413
case_21,b,2025-02-24 19:48:10.557413
case_21,b,2025-02-24 19:53:10.557413
case_21,c,2025-02-24 19:58:10.557413
case_21,a,2025-02-24 20:03:10.557413
case_21,c,2025-02-24 20:08:10.557413
case_21,a,2025-02-24 20:13:10.557413
case_21,c,2025-02-24 20:18:10.557413
case_21,b,2025-02-24 20:23:10.557413
case_21,b,2025-02-24 20:28:10.557413
case_21,b,2025-02-24 20:33:10.557413
case_21,b,2025-02-24 20:38:10.557413
case_21,a,2025-02-24 20:43:10.557413
case_21,c,2025-02-24 20:48:10.557413
case_21,a,2025-02-24 20:53:10.557413
case_21,b,2025-02-24 20:58:10.557413
case_21,a,2025-02-24 21:03:10.557413
case_22,c,2025-02-24 19:28:10.557443
case_22,a,2025-02-24 19:33:10.557443
case_22,c,2025-02-24 19:38:10.557443
case_22,b,2025-02-24 19:43:10.557443
case_22,b,2025-02-24 19:48:10.557443
case_22,a,2025-02-24 19:53:10.557443
case_22,c,2025-02-24 19:58:10.557443
case_22,b,2025-02-24 20:03:10.557443
case_22,b,2025-02-24 20:08:10.557443
case_22,a,2025-02-24 20:13:10.557443
case_22,c,2025-02-24 20:18:10.557443
case_22,a,2025-02-24 20:23:10.557443
case_22,b,2025-02-24 20:28:10.557443
case_22,a,2025-02-24 20:33:10.557443
case_22,c,2025-02-24 20:38:10.557443
case_22,c,2025-02-24 20:43:10.557443
case_22,b,2025-02-24 20:48:10.557443
case_22,c,2025-02-24 20:53:10.557443
case_22,b,2025-02-24 20:58:10.557443
case_22,a,2025-02-24 21:03:10.557443
case_23,b,2025-02-24 19:28:10.557473
case_23,a,2025-02-24 19:33:10.557473
case_23,c,2025-02-24 19:38:10.557473
case_23,a,2025-02-24 19:43:10.557473
case_23,c,2025-02-24 19:48:10.557473
case_23,c,2025-02-24 19:53:10.557473
case_23,a,2025-02-24 19:58:10.557473
case_23,b,2025-02-24 20:03:10.557473
case_23,c,2025-02-24 20:08:10.557473
case_23,c,2025-02-24 20:13:10.557473
case_23,a,2025-02-24 20:18:10.557473
case_23,b,2025-02-24 20:23:10.557473
case_23,b,2025-02-24 20:28:10.557473
case_23,c,2025-02-24 20:33:10.557473
case_23,b,2025-02-24 20:38:10.557473
case_23,a,2025-02-24 20:43:10.557473
case_23,c,2025-02-24 20:48:10.557473
case_23,b,2025-02-24 20:53:10.557473
case_23,c,2025-02-24 20:58:10.557473
case_23,a,2025-02-24 21:03:10.557473
case_24,a,2025-02-24 19:28:10.557503
case_24,b,2025-02-24 19:33:10.557503
case_24,b,2025-02-24 19:38:10.557503
case_24,a,2025-02-24 19:43:10.557503
case_24,b,2025-02-24 19:48:10.557503
case_24,a,2025-02-24 19:53:10.557503
case_24,c,2025-02-24 19:58:10.557503
case_24,b,2025-02-24 20:03:10.557503
case_24,b,2025-02-24 20:08:10.557503
case_24,a,2025-02-24 20:13:10.557503
case_24,c,2025-02-24 20:18:10.557503
case_24,b,2025-02-24 20:23:10.557503
case_24,b,2025-02-24 20:28:10.557503
case_24,a,2025-02-24 20:33:10.557503
case_24,b,2025-02-24 20:38:10.557503
case_24,a,2025-02-24 20:43:10.557503
case_24,b,2025-02-24 20:48:10.557503
case_24,c,2025-02-24 20:53:10.557503
case_24,c,2025-02-24 20:58:10.557503
case_24,a,2025-02-24 21:03:10.557503
case_25,c,2025-02-24 19:28:10.557533
case_25,c,2025-02-24 19:33:10.557533
case_25,a,2025-02-24 19:38:10.557533
case_25,b,2025-02-24 19:43:10.557533
case_25,a,2025-02-24 19:48:10.557533
case_25,b,2025-02-24 19:53:10.557533
case_25,a,2025-02-24 19:58:10.557533
case_25,c,2025-02-24 20:03:10.557533
case_25,a,2025-02-24 20:08:10.557533
case_25,c,2025-02-24 20:13:10.557533
case_25,c,2025-02-24 20:18:10.557533
case_25,b,2025-02-24 20:23:10.557533
case_25,b,2025-02-24 20:28:10.557533
case_25,a,2025-02-24 20:33:10.557533
case_25,b,2025-02-24 20:38:10.557533
case_25,c,2025-02-24 20:43:10.557533
case_25,b,2025-02-24 20:48:10.557533
case_25,a,2025-02-24 20:53:10.557533
case_25,c,2025-02-24 20:58:10.557533
case_25,a,2025-02-24 21:03:10.557533
case_26,a,2025-02-24 19:28:10.557563
case_26,b,2025-02-24 19:33:10.557563
case_26,a,2025-02-24 19:38:10.557563
case_26,b,2025-02-24 19:43:10.557563
case_26,a,2025-02-24 19:48:10.557563
case_26,b,2025-02-24 19:53:10.557563
case_26,b,2025-02-24 19:58:10.557563
case_26,a,2025-02-24 20:03:10.557563
case_26,b,2025-02-24 20:08:10.557563
case_26,a,2025-02-24 20:13:10.557563
case_26,b,2025-02-24 20:18:10.557563
case_26,b,2025-02-24 20:23:10.557563
case_26,c,2025-02-24 20:28:10.557563
case_26,c,2025-02-24 20:33:10.557563
case_26,c,2025-02-24 20:38:10.557563
case_26,b,2025-02-24 20:43:10.557563
case_26,b,2025-02-24 20:48:10.557563
case_26,c,2025-02-24 20:53:10.557563
case_26,c,2025-02-24 20:58:10.557563
case_26,a,2025-02-24 21:03:10.557563
case_27,a,2025-02-24 19:28:10.557593
case_27,c,2025-02-24 19:33:10.557593
case_27,c,2025-02-24 19:38:10.557593
case_27,c,2025-02-24 19:43:10.557593
case_27,c,2025-02-24 19:48:10.557593
case_27,a,2025-02-24 19:53:10.557593
case_27,c,2025-02-24 19:58:10.557593
case_27,a,2025-02-24 20:03:10.557593
case_27,c,2025-02-24 20:08:10.557593
case_27,a,2025-02-24 20:13:10.557593
case_27,c,2025-02-24 20:18:10.557593
case_27,b,2025-02-24 20:23:10.557593
case_27,c,2025-02-24 20:28:10.557593
case_27,b,2025-02-24 20:33:10.557593
case_27,c,2025-02-24 20:38:10.557593
case_27,a,2025-02-24 20:43:10.557593
case_27,c,2025-02-24 20:48:10.557593
case_27,b,2025-02-24 20:53:10.557593
case_27,b,2025-02-24 20:58:10.557593
case_27,a,2025-02-24 21:03:10.557593
case_28,b,2025-02-24 19:28:10.557623
case_28,a,2025-02-24 19:33:10.557623
case_28,c,2025-02-24 19:38:10.557623
case_28,b,2025-02-24 19:43:10.557623
case_28,c,2025-02-24 19:48:10.557623
case_28,b,2025-02-24 19:53:10.557623
case_28,b,2025-02-24 19:58:10.557623
case_28,c,2025-02-24 20:03:10.557623
case_28,a,2025-02-24 20:08:10.557623
case_28,b,2025-02-24 20:13:10.557623
case_28,c,2025-02-24 20:18:10.557623
case_28,c,2025-02-24 20:23:10.557623
case_28,b,2025-02-24 20:28:10.557623
case_28,b,2025-02-24 20:33:10.557623
case_28,a,2025-02-24 20:38:10.557623
case_28,b,2025-02-24 20:43:10.557623
case_28,a,2025-02-24 20:48:10.557623
case_28,c,2025-02-24 20:53:10.557623
case_28,b,2025-02-24 20:58:10.557623
case_28,a,2025-02-24 21:03:10.557623
case_29,c,2025-02-24 19:28:10.557654
case_29,a,2025-02-24 19:33:10.557654
case_29,c,2025-02-24 19:38:10.557654
case_29,a,2025-02-24 19:43:10.557654
case_29,b,2025-02-24 19:48:10.557654
case_29,a,2025-02-24 19:53:10.557654
case_29,b,2025-02-24 19:58:10.557654
case_29,a,2025-02-24 20:03:10.557654
case_29,b,2025-02-24 20:08:10.557654
case_29,a,2025-02-24 20:13:10.557654
case_29,c,2025-02-24 20:18:10.557654
case_29,b,2025-02-24 20:23:10.557654
case_29,a,2025-02-24 20:28:10.557654
case_29,b,2025-02-24 20:33:10.557654
case_29,c,2025-02-24 20:38:10.557654
case_29,b,2025-02-24 20:43:10.557654
case_29,a,2025-02-24 20:48:10.557654
case_29,b,2025-02-24 20:53:10.557654
case_29,b,2025-02-24 20:58:10.557654
case_29,a,2025-02-24 21:03:10.557654
case_30,b,2025-02-24 19:28:10.557685
case_30,a,2025-02-24 19:33:10.557685
case_30,c,2025-02-24 19:38:10.557685
case_30,b,2025-02-24 19:43:10.557685
case_30,c,2025-02-24 19:48:10.557685
case_30,c,2025-02-24 19:53:10.557685
case_30,c,2025-02-24 19:58:10.557685
case_30,a,2025-02-24 20:03:10.557685
case_30,c,2025-02-24 20:08:10.557685
case_30,a,2025-02-24 20:13:10.557685
case_30,c,2025-02-24 20:18:10.557685
case_30,b,2025-02-24 20:23:10.557685
case_30,c,2025-02-24 20:28:10.557685
case_30,b,2025-02-24 20:33:10.557685
case_30,a,2025-02-24 20:38:10.557685
case_30,c,2025-02-24 20:43:10.557685
case_30,a,2025-02-24 20:48:10.557685
case_30,c,2025-02-24 20:53:10.557685
case_30,b,2025-02-24 20:58:10.557685
case_30,a,2025-02-24 21:03:10.557685
case_31,c,2025-02-24 19:28:10.557715
case_31,b,2025-02-24 19:33:10.557715
case_31,b,2025-02-24 19:38:10.557715
case_31,a,2025-02-24 19:43:10.557715
case_31,b,2025-02-24 19:48:10.557715
case_31,b,2025-02-24 19:53:10.557715
case_31,c,2025-02-24 19:58:10.557715
case_31,b,2025-02-24 20:03:10.557715
case_31,a,2025-02-24 20:08:10.557715
case_31,c,2025-02-24 20:13:10.557715
case_31,a,2025-02-24 20:18:10.557715
case_31,b,2025-02-24 20:23:10.557715
case_31,a,2025-02-24 20:28:10.557715
case_31,b,2025-02-24 20:33:10.557715
case_31,a,2025-02-24 20:38:10.557715
case_31,b,2025-02-24 20:43:10.557715
case_31,a,2025-02-24 20:48:10.557715
case_31,c,2025-02-24 20:53:10.557715
case_31,c,2025-02-24 20:58:10.557715
case_31,a,2025-02-24 21:03:10.557715
case_32,c,2025-02-24 19:28:10.557745
case_32,a,2025-02-24 19:33:10.557745
case_32,b,2025-02-24 19:38:10.557745
case_32,c,2025-02-24 19:43:10.557745
case_32,c,2025-02-24 19:48:10.557745
case_32,a,2025-02-24 19:53:10.557745
case_32,b,2025-02-24 19:58:10.557745
case_32,a,2025-02-24 20:03:10.557745
case_32,c,2025-02-24 20:08:10.557745
case_32,a,2025-02-24 20:13:10.557745
case_32,c,2025-02-24 20:18:10.557745
case_32,a,2025-02-24 20:23:10.557745
case_32,b,2025-02-24 20:28:10.557745
case_32,a,2025-02-24 20:33:10.557745
case_32,b,2025-02-24 20:38:10.557745
case_32,b,2025-02-24 20:43:10.557745
case_32,c,2025-02-24 20:48:10.557745
case_32,a,2025-02-24 20:53:10.557745
case_32,b,2025-02-24 20:58:10.557745
case_32,a,2025-02-24 21:03:10.557745
case_33,a,2025-02-24 19:28:10.557774
case_33,c,2025-02-24 19:33:10.557774
case_33,b,2025-02-24 19:38:10.557774
case_33,b,2025-02-24 19:43:10.557774
case_33,a,2025-02-24 19:48:10.557774
case_33,b,2025-02-24 19:53:10.557774
case_33,a,2025-02-24 19:58:10.557774
case_33,b,2025-02-24 20:03:10.557774
case_33,a,2025-02-24 20:08:10.557774
case_33,c,2025-02-24 20:13:10.557774
case_33,c,2025-02-24 20:18:10.557774
case_33,b,2025-02-24 20:23:10.557774
case_33,b,2025-02-24 20:28:10.557774
case_33,a,2025-02-24 20:33:10.557774
case_33,c,2025-02-24 20:38:10.557774
case_33,b,2025-02-24 20:43:10.557774
case_33,c,2025-02-24 20:48:10.557774
case_33,c,2025-02-24 20:53:10.557774
case_33,c,2025-02-24 20:58:10.557774
case_33,a,2025-02-24 21:03:10.557774
case_34,a,2025-02-24 19:28:10.557805
case_34,c,2025-02-24 19:33:10.557805
case_34,a,2025-02-24 19:38:10.557805
case_34,b,2025-02-24 19:43:10.557805
case_34,c,2025-02-24 19:48:10.557805
case_34,b,2025-02-24 19:53:10.557805
case_34,b,2025-02-24 19:58:10.557805
case_34,a,2025-02-24 20:03:10.557805
case_34,c,2025-02-24 20:08:10.557805
case_34,c,2025-02-24 20:13:10.557805
case_34,b,2025-02-24 20:18:10.557805
case_34,b,2025-02-24 20:23:10.557805
case_34,b,2025-02-24 20:28:10.557805
case_34,a,2025-02-24 20:33:10.557805
case_34,b,2025-02-24 20:38:10.557805
case_34,b,2025-02-24 20:43:10.557805
case_34,b,2025-02-24 20:48:10.557805
case_34,b,2025-02-24 20:53:10.557805
case_34,b,2025-02-24 20:58:10.557805
case_34,a,2025-02-24 21:03:10.557805
case_35,a,2025-02-24 19:28:10.557835
case_35,c,2025-02-24 19:33:10.557835
case_35,b,2025-02-24 19:38:10.557835
case_35,b,2025-02-24 19:43:10.557835
case_35,a,2025-02-24 19:48:10.557835
case_35,b,2025-02-24 19:53:10.557835
case_35,a,2025-02-24 19:58:10.557835
case_35,c,2025-02-24 20:03:10.557835
case_35,a,2025-02-24 20:08:10.557835
case_35,b,2025-02-24 20:13:10.557835
case_35,b,2025-02-24 20:18:10.557835
case_35,c,2025-02-24 20:23:10.557835
case_35,b,2025-02-24 20:28:10.557835
case_35,a,2025-02-24 20:33:10.557835
case_35,c,2025-02-24 20:38:10.557835
case_35,c,2025-02-24 20:43:10.557835
case_35,a,2025-02-24 20:48:10.557835
case_35,b,2025-02-24 20:53:10.557835
case_35,c,2025-02-24 20:58:10.557835
case_35,a,2025-02-24 21:03:10.557835
case_36,b,2025-02-24 19:28:10.557865
case_36,c,2025-02-24 19:33:10.557865
case_36,c,2025-02-24 19:38:10.557865
case_36,c,2025-02-24 19:43:10.557865
case_36,b,2025-02-24 19:48:10.557865
case_36,b,2025-02-24 19:53:10.557865
case_36,a,2025-02-24 19:58:10.557865
case_36,c,2025-02-24 20:03:10.557865
case_36,a,2025-02-24 20:08:10.557865
case_36,b,2025-02-24 20:13:10.557865
case_36,c,2025-02-24 20:18:10.557865
case_36,b,2025-02-24 20:23:10.557865
case_36,c,2025-02-24 20:28:10.557865
case_36,a,2025-02-24 20:33:10.557865
case_36,b,2025-02-24 20:38:10.557865
case_36,b,2025-02-24 20:43:10.557865
case_36,a,2025-02-24 20:48:10.557865
case_36,c,2025-02-24 20:53:10.557865
case_36,b,2025-02-24 20:58:10.557865
case_36,a,2025-02-24 21:03:10.557865
case_37,b,2025-02-24 19:28:10.557895
case_37,b,2025-02-24 19:33:10.557895
case_37,a,2025-02-24 19:38:10.557895
case_37,b,2025-02-24 19:43:10.557895
case_37,c,2025-02-24 19:48:10.557895
case_37,a,2025-02-24 19:53:10.557895
case_37,c,2025-02-24 19:58:10.557895
case_37,c,2025-02-24 20:03:10.557895
case_37,c,2025-02-24 20:08:10.557895
case_37,a,2025-02-24 20:13:10.557895
case_37,c,2025-02-24 20:18:10.557895
case_37,a,2025-02-24 20:23:10.557895
case_37,b,2025-02-24 20:28:10.557895
case_37,c,2025-02-24 20:33:10.557895
case_37,c,2025-02-24 20:38:10.557895
case_37,a,2025-02-24 20:43:10.557895
case_37,c,2025-02-24 20:48:10.557895
case_37,c,2025-02-24 20:53:10.557895
case_37,c,2025-02-24 20:58:10.557895
case_37,a,2025-02-24 21:03:10.557895
case_38,c,2025-02-24 19:28:10.557924
case_38,b,2025-02-24 19:33:10.557924
case_38,b,2025-02-24 19:38:10.557924
case_38,b,2025-02-24 19:43:10.557924
case_38,c,2025-02-24 19:48:10.557924
case_38,a,2025-02-24 19:53:10.557924
case_38,b,2025-02-24 19:58:10.557924
case_38,c,2025-02-24 20:03:10.557924
case_38,a,2025-02-24 20:08:10.557924
case_38,c,2025-02-24 20:13:10.557924
case_38,b,2025-02-24 20:18:10.557924
case_38,c,2025-02-24 20:23:10.557924
case_38,b,2025-02-24 20:28:10.557924
case_38,c,2025-02-24 20:33:10.557924
case_38,a,2025-02-24 20:38:10.557924
case_38,b,2025-02-24 20:43:10.557924
case_38,b,2025-02-24 20:48:10.557924
case_38,b,2025-02-24 20:53:10.557924
case_38,c,2025-02-24 20:58:10.557924
case_38,a,2025-02-24 21:03:10.557924
case_39,c,2025-02-24 19:28:10.557954
case_39,a,2025-02-24 19:33:10.557954
case_39,b,2025-02-24 19:38:10.557954
case_39,c,2025-02-24 19:43:10.557954
case_39,c,2025-02-24 19:48:10.557954
case_39,a,2025-02-24 19:53:10.557954
case_39,b,2025-02-24 19:58:10.557954
case_39,a,2025-02-24 20:03:10.557954
case_39,b,2025-02-24 20:08:10.557954
case_39,a,2025-02-24 20:13:10.557954
case_39,c,2025-02-24 20:18:10.557954
case_39,a,2025-02-24 20:23:10.557954
case_39,c,2025-02-24 20:28:10.557954
case_39,a,2025-02-24 20:33:10.557954
case_39,c,2025-02-24 20:38:10.557954
case_39,c,2025-02-24 20:43:10.557954
case_39,b,2025-02-24 20:48:10.557954
case_39,b,2025-02-24 20:53:10.557954
case_39,b,2025-02-24 20:58:10.557954
case_39,a,2025-02-24 21:03:10.557954
case_40,b,2025-02-24 19:28:10.557984
case_40,b,2025-02-24 19:33:10.557984
case_40,b,2025-02-24 19:38:10.557984
case_40,b,2025-02-24 19:43:10.557984
case_40,a,2025-02-24 19:48:10.557984
case_40,c,2025-02-24 19:53:10.557984
case_40,b,2025-02-24 19:58:10.557984
case_40,c,2025-02-24 20:03:10.557984
case_40,b,2025-02-24 20:08:10.557984
case_40,b,2025-02-24 20:13:10.557984
case_40,c,2025-02-24 20:18:10.557984
case_40,a,2025-02-24 20:23:10.557984
case_40,b,2025-02-24 20:28:10.557984
case_40,b,2025-02-24 20:33:10.557984
case_40,b,2025-02-24 20:38:10.557984
case_40,b,2025-02-24 20:43:10.557984
case_40,a,2025-02-24 20:48:10.557984
case_40,b,2025-02-24 20:53:10.557984
case_40,c,2025-02-24 20:58:10.557984
case_40,a,2025-02-24 21:03:10.557984
case_41,a,2025-02-24 19:28:10.558014
case_41,c,2025-02-24 19:33:10.558014
case_41,b,2025-02-24 19:38:10.558014
case_41,b,2025-02-24 19:43:10.558014
case_41,a,2025-02-24 19:48:10.558014
case_41,b,2025-02-24 19:53:10.558014
case_41,c,2025-02-24 19:58:10.558014
case_41,a,2025-02-24 20:03:10.558014
case_41,b,2025-02-24 20:08:10.558014
case_41,c,2025-02-24 20:13:10.558014
case_41,a,2025-02-24 20:18:10.558014
case_41,b,2025-02-24 20:23:10.558014
case_41,b,2025-02-24 20:28:10.558014
case_41,c,2025-02-24 20:33:10.558014
case_41,b,2025-02-24 20:38:10.558014
case_41,b,2025-02-24 20:43:10.558014
case_41,c,2025-02-24 20:48:10.558014
case_41,c,2025-02-24 20:53:10.558014
case_41,b,2025-02-24 20:58:10.558014
case_41,a,2025-02-24 21:03:10.558014
case_42,a,2025-02-24 19:28:10.558043
case_42,c,2025-02-24 19:33:10.558043
case_42,c,2025-02-24 19:38:10.558043
case_42,c,2025-02-24 19:43:10.558043
case_42,b,2025-02-24 19:48:10.558043
case_42,c,2025-02-24 19:53:10.558043
case_42,b,2025-02-24 19:58:10.558043
case_42,a,2025-02-24 20:03:10.558043
case_42,b,2025-02-24 20:08:10.558043
case_42,c,2025-02-24 20:13:10.558043
case_42,c,2025-02-24 20:18:10.558043
case_42,b,2025-02-24 20:23:10.558043
case_42,a,2025-02-24 20:28:10.558043
case_42,c,2025-02-24 20:33:10.558043
case_42,c,2025-02-24 20:38:10.558043
case_42,a,2025-02-24 20:43:10.558043
case_42,b,2025-02-24 20:48:10.558043
case_42,b,2025-02-24 20:53:10.558043
case_42,c,2025-02-24 20:58:10.558043
case_42,a,2025-02-24 21:03:10.558043
case_43,a,2025-02-24 19:28:10.558072
case_43,b,2025-02-24 19:33:10.558072
case_43,a,2025-02-24 19:38:10.558072
case_43,c,2025-02-24 19:43:10.558072
case_43,c,2025-02-24 19:48:10.558072
case_43,b,2025-02-24 19:53:10.558072
case_43,a,2025-02-24 19:58:10.558072
case_43,c,2025-02-24 20:03:10.558072
case_43,c,2025-02-24 20:08:10.558072
case_43,a,2025-02-24 20:13:10.558072
case_43,c,2025-02-24 20:18:10.558072
case_43,b,2025-02-24 20:23:10.558072
case_43,b,2025-02-24 20:28:10.558072
case_43,a,2025-02-24 20:33:10.558072
case_43,c,2025-02-24 20:38:10.558072
case_43,b,2025-02-24 20:43:10.558072
case_43,c,2025-02-24 20:48:10.558072
case_43,a,2025-02-24 20:53:10.558072
case_43,c,2025-02-24 20:58:10.558072
case_43,a,2025-02-24 21:03:10.558072
case_44,c,2025-02-24 19:28:10.558103
case_44,c,2025-02-24 19:33:10.558103
case_44,a,2025-02-24 19:38:10.558103
case_44,c,2025-02-24 19:43:10.558103
case_44,c,2025-02-24 19:48:10.558103
case_44,b,2025-02-24 19:53:10.558103
case_44,b,2025-02-24 19:58:10.558103
case_44,c,2025-02-24 20:03:10.558103
case_44,b,2025-02-24 20:08:10.558103
case_44,b,2025-02-24 20:13:10.558103
case_44,b,2025-02-24 20:18:10.558103
case_44,c,2025-02-24 20:23:10.558103
case_44,c,2025-02-24 20:28:10.558103
case_44,a,2025-02-24 20:33:10.558103
case_44,b,2025-02-24 20:38:10.558103
case_44,a,2025-02-24 20:43:10.558103
case_44,b,2025-02-24 20:48:10.558103
case_44,a,2025-02-24 20:53:10.558103
case_44,c,2025-02-24 20:58:10.558103
case_44,a,2025-02-24 21:03:10.558103
case_45,c,2025-02-24 19:28:10.558132
case_45,a,2025-02-24 19:33:10.558132
case_45,b,2025-02-24 19:38:10.558132
case_45,b,2025-02-24 19:43:10.558132
case_45,b,2025-02-24 19:48:10.558132
case_45,b,2025-02-24 19:53:10.558132
case_45,c,2025-02-24 19:58:10.558132
case_45,a,2025-02-24 20:03:10.558132
case_45,c,2025-02-24 20:08:10.558132
case_45,a,2025-02-24 20:13:10.558132
case_45,b,2025-02-24 20:18:10.558132
case_45,b,2025-02-24 20:23:10.558132
case_45,c,2025-02-24 20:28:10.558132
case_45,c,2025-02-24 20:33:10.558132
case_45,c,2025-02-24 20:38:10.558132
case_45,c,2025-02-24 20:43:10.558132
case_45,c,2025-02-24 20:48:10.558132
case_45,b,2025-02-24 20:53:10.558132
case_45,c,2025-02-24 20:58:10.558132
case_45,a,2025-02-24 21:03:10.558132
case_46,a,2025-02-24 19:28:10.558162
case_46,b,2025-02-24 19:33:10.558162
case_46,c,2025-02-24 19:38:10.558162
case_46,c,2025-02-24 19:43:10.558162
case_46,a,2025-02-24 19:48:10.558162
case_46,c,2025-02-24 19:53:10.558162
case_46,b,2025-02-24 19:58:10.558162
case_46,c,2025-02-24 20:03:10.558162
case_46,c,2025-02-24 20:08:10.558162
case_46,c,2025-02-24 20:13:10.558162
case_46,c,2025-02-24 20:18:10.558162
case_46,c,2025-02-24 20:23:10.558162
case_46,a,2025-02-24 20:28:10.558162
case_46,c,2025-02-24 20:33:10.558162
case_46,c,2025-02-24 20:38:10.558162
case_46,a,2025-02-24 20:43:10.558162
case_46,b,2025-02-24 20:48:10.558162
case_46,b,2025-02-24 20:53:10.558162
case_46,c,2025-02-24 20:58:10.558162
case_46,a,2025-02-24 21:03:10.558162
case_47,c,2025-02-24 19:28:10.558192
case_47,a,2025-02-24 19:33:10.558192
case_47,c,2025-02-24 19:38:10.558192
case_47,a,2025-02-24 19:43:10.558192
case_47,c,2025-02-24 19:48:10.558192
case_47,c,2025-02-24 19:53:10.558192
case_47,a,2025-02-24 19:58:10.558192
case_47,c,2025-02-24 20:03:10.558192
case_47,c,2025-02-24 20:08:10.558192
case_47,b,2025-02-24 20:13:10.558192
case_47,b,2025-02-24 20:18:10.558192
case_47,c,2025-02-24 20:23:10.558192
case_47,a,2025-02-24 20:28:10.558192
case_47,b,2025-02-24 20:33:10.558192
case_47,a,2025-02-24 20:38:10.558192
case_47,c,2025-02-24 20:43:10.558192
case_47,b,2025-02-24 20:48:10.558192
case_47,b,2025-02-24 20:53:10.558192
case_47,b,2025-02-24 20:58:10.558192
case_47,a,2025-02-24 21:03:10.558192
case_48,a,2025-02-24 19:28:10.558221
case_48,b,2025-02-24 19:33:10.558221
case_48,b,2025-02-24 19:38:10.558221
case_48,a,2025-02-24 19:43:10.558221
case_48,b,2025-02-24 19:48:10.558221
case_48,a,2025-02-24 19:53:10.558221
case_48,c,2025-02-24 19:58:10.558221
case_48,a,2025-02-24 20:03:10.558221
case_48,c,2025-02-24 20:08:10.558221
case_48,b,2025-02-24 20:13:10.558221
case_48,a,2025-02-24 20:18:10.558221
case_48,c,2025-02-24 20:23:10.558221
case_48,a,2025-02-24 20:28:10.558221
case_48,b,2025-02-24 20:33:10.558221
case_48,c,2025-02-24 20:38:10.558221
case_48,c,2025-02-24 20:43:10.558221
case_48,a,2025-02-24 20:48:10.558221
case_48,b,2025-02-24 20:53:10.558221
case_48,c,2025-02-24 20:58:10.558221
case_48,a,2025-02-24 21:03:10.558221
case_49,c,2025-02-24 19:28:10.558251
case_49,a,2025-02-24 19:33:10.558251
case_49,b,2025-02-24 19:38:10.558251
case_49,c,2025-02-24 19:43:10.558251
case_49,c,2025-02-24 19:48:10.558251
case_49,c,2025-02-24 19:53:10.558251
case_49,b,2025-02-24 19:58:10.558251
case_49,b,2025-02-24 20:03:10.558251
case_49,b,2025-02-24 20:08:10.558251
case_49,a,2025-02-24 20:13:10.558251
case_49,b,2025-02-24 20:18:10.558251
case_49,c,2025-02-24 20:23:10.558251
case_49,c,2025-02-24 20:28:10.558251
case_49,c,2025-02-24 20:33:10.558251
case_49,b,2025-02-24 20:38:10.558251
case_49,c,2025-02-24 20:43:10.558251
case_49,b,2025-02-24 20:48:10.558251
case_49,b,2025-02-24 20:53:10.558251
case_49,c,2025-02-24 20:58:10.558251
case_49,a,2025-02-24 21:03:10.558251
case_50,a,2025-02-24 19:28:10.558281
case_50,b,2025-02-24 19:33:10.558281
case_50,b,2025-02-24 19:38:10.558281
case_50,b,2025-02-24 19:43:10.558281
case_50,b,2025-02-24 19:48:10.558281
case_50,c,2025-02-24 19:53:10.558281
case_50,a,2025-02-24 19:58:10.558281
case_50,c,2025-02-24 20:03:10.558281
case_50,b,2025-02-24 20:08:10.558281
case_50,c,2025-02-24 20:13:10.558281
case_50,c,2025-02-24 20:18:10.558281
case_50,c,2025-02-24 20:23:10.558281
case_50,c,2025-02-24 20:28:10.558281
case_50,a,2025-02-24 20:33:10.558281
case_50,b,2025-02-24 20:38:10.558281
case_50,a,2025-02-24 20:43:10.558281
case_50,b,2025-02-24 20:48:10.558281
case_50,b,2025-02-24 20:53:10.558281
case_50,b,2025-02-24 20:58:10.558281
case_50,a,2025-02-24 21:03:10.558281
case_51,b,2025-02-24 19:28:10.558310
case_51,c,2025-02-24 19:33:10.558310
case_51,a,2025-02-24 19:38:10.558310
case_51,b,2025-02-24 19:43:10.558310
case_51,c,2025-02-24 19:48:10.558310
case_51,b,2025-02-24 19:53:10.558310
case_51,a,2025-02-24 19:58:10.558310
case_51,c,2025-02-24 20:03:10.558310
case_51,b,2025-02-24 20:08:10.558310
case_51,a,2025-02-24 20:13:10.558310
case_51,c,2025-02-24 20:18:10.558310
case_51,a,2025-02-24 20:23:10.558310
case_51,b,2025-02-24 20:28:10.558310
case_51,a,2025-02-24 20:33:10.558310
case_51,b,2025-02-24 20:38:10.558310
case_51,c,2025-02-24 20:43:10.558310
case_51,a,2025-02-24 20:48:10.558310
case_51,b,2025-02-24 20:53:10.558310
case_51,b,2025-02-24 20:58:10.558310
case_51,a,2025-02-24 21:03:10.558310
case_52,a,2025-02-24 19:28:10.558342
case_52,b,2025-02-24 19:33:10.558342
case_52,c,2025-02-24 19:38:10.558342
case_52,a,2025-02-24 19:43:10.558342
case_52,c,2025-02-24 19:48:10.558342
case_52,b,2025-02-24 19:53:10.558342
case_52,a,2025-02-24 19:58:10.558342
case_52,b,2025-02-24 20:03:10.558342
case_52,c,2025-02-24 20:08:10.558342
case_52,c,2025-02-24 20:13:10.558342
case_52,b,2025-02-24 20:18:10.558342
case_52,c,2025-02-24 20:23:10.558342
case_52,a,2025-02-24 20:28:10.558342
case_52,a,2025-02-24 20:33:10.558342
case_52,c,2025-02-24 20:38:10.558342
case_52,b,2025-02-24 20:43:10.558342
case_52,a,2025-02-24 20:48:10.558342
case_52,a,2025-02-24 20:53:10.558342
case_52,c,2025-02-24 20:58:10.558342
case_52,b,2025-02-24 21:03:10.558342
case_53,c,2025-02-24 19:28:10.558371
case_53,b,2025-02-24 19:33:10.558371
case_53,c,2025-02-24 19:38:10.558371
case_53,c,2025-02-24 19:43:10.558371
case_53,a,2025-02-24 19:48:10.558371
case_53,c,2025-02-24 19:53:10.558371
case_53,c,2025-02-24 19:58:10.558371
case_53,c,2025-02-24 20:03:10.558371
case_53,c,2025-02-24 20:08:10.558371
case_53,b,2025-02-24 20:13:10.558371
case_53,a,2025-02-24 20:18:10.558371
case_53,a,2025-02-24 20:23:10.558371
case_53,a,2025-02-24 20:28:10.558371
case_53,a,2025-02-24 20:33:10.558371
case_53,a,2025-02-24 20:38:10.558371
case_53,c,2025-02-24 20:43:10.558371
case_53,a,2025-02-24 20:48:10.558371
case_53,c,2025-02-24 20:53:10.558371
case_53,c,2025-02-24 20:58:10.558371
case_53,b,2025-02-24 21:03:10.558371
case_54,a,2025-02-24 19:28:10.558401
case_54,a,2025-02-24 19:33:10.558401
case_54,c,2025-02-24 19:38:10.558401
case_54,c,2025-02-24 19:43:10.558401
case_54,b,2025-02-24 19:48:10.558401
case_54,c,2025-02-24 19:53:10.558401
case_54,c,2025-02-24 19:58:10.558401
case_54,b,2025-02-24 20:03:10.558401
case_54,a,2025-02-24 20:08:10.558401
case_54,b,2025-02-24 20:13:10.558401
case_54,c,2025-02-24 20:18:10.558401
case_54,c,2025-02-24 20:23:10.558401
case_54,b,2025-02-24 20:28:10.558401
case_54,c,2025-02-24 20:33:10.558401
case_54,a,2025-02-24 20:38:10.558401
case_54,a,2025-02-24 20:43:10.558401
case_54,a,2025-02-24 20:48:10.558401
case_54,a,2025-02-24 20:53:10.558401
case_54,a,2025-02-24 20:58:10.558401
case_54,b,2025-02-24 21:03:10.558401
case_55,a,2025-02-24 19:28:10.558430
case_55,c,2025-02-24 19:33:10.558430
case_55,c,2025-02-24 19:38:10.558430
case_55,c,2025-02-24 19:43:10.558430
case_55,a,2025-02-24 19:48:10.558430
case_55,b,2025-02-24 19:53:10.558430
case_55,c,2025-02-24 19:58:10.558430
case_55,a,2025-02-24 20:03:10.558430
case_55,c,2025-02-24 20:08:10.558430
case_55,a,2025-02-24 20:13:10.558430
case_55,a,2025-02-24 20:18:10.558430
case_55,a,2025-02-24 20:23:10.558430
case_55,b,2025-02-24 20:28:10.558430
case_55,a,2025-02-24 20:33:10.558430
case_55,b,2025-02-24 20:38:10.558430
case_55,a,2025-02-24 20:43:10.558430
case_55,b,2025-02-24 20:48:10.558430
case_55,c,2025-02-24 20:53:10.558430
case_55,c,2025-02-24 20:58:10.558430
case_55,b,2025-02-24 21:03:10.558430
case_56,a,2025-02-24 19:28:10.558460
case_56,a,2025-02-24 19:33:10.558460
case_56,b,2025-02-24 19:38:10.558460
case_56,c,2025-02-24 19:43:10.558460
case_56,b,2025-02-24 19:48:10.558460
case_56,a,2025-02-24 19:53:10.558460
case_56,a,2025-02-24 19:58:10.558460
case_56,a,2025-02-24 20:03:10.558460
case_56,b,2025-02-24 20:08:10.558460
case_56,c,2025-02-24 20:13:10.558460
case_56,c,2025-02-24 20:18:10.558460
case_56,b,2025-02-24 20:23:10.558460
case_56,a,2025-02-24 20:28:10.558460
case_56,c,2025-02-24 20:33:10.558460
case_56,a,2025-02-24 20:38:10.558460
case_56,c,2025-02-24 20:43:10.558460
case_56,a,2025-02-24 20:48:10.558460
case_56,c,2025-02-24 20:53:10.558460
case_56,c,2025-02-24 20:58:10.558460
case_56,b,2025-02-24 21:03:10.558460
case_57,a,2025-02-24 19:28:10.558489
case_57,c,2025-02-24 19:33:10.558489
case_57,a,2025-02-24 19:38:10.558489
case_57,a,2025-02-24 19:43:10.558489
case_57,c,2025-02-24 19:48:10.558489
case_57,b,2025-02-24 19:53:10.558489
case_57,c,2025-02-24 19:58:10.558489
case_57,a,2025-02-24 20:03:10.558489
case_57,c,2025-02-24 20:08:10.558489
case_57,c,2025-02-24 20:13:10.558489
case_57,c,2025-02-24 20:18:10.558489
case_57,b,2025-02-24 20:23:10.558489
case_57,c,2025-02-24 20:28:10.558489
case_57,a,2025-02-24 20:33:10.558489
case_57,a,2025-02-24 20:38:10.558489
case_57,a,2025-02-24 20:43:10.558489
case_57,b,2025-02-24 20:48:10.558489
case_57,a,2025-02-24 20:53:10.558489
case_57,c,2025-02-24 20:58:10.558489
case_57,b,2025-02-24 21:03:10.558489
case_58,c,2025-02-24 19:28:10.558519
case_58,b,2025-02-24 19:33:10.558519
case_58,a,2025-02-24 19:38:10.558519
case_58,a,2025-02-24 19:43:10.558519
case_58,b,2025-02-24 19:48:10.558519
case_58,a,2025-02-24 19:53:10.558519
case_58,c,2025-02-24 19:58:10.558519
case_58,b,2025-02-24 20:03:10.558519
case_58,c,2025-02-24 20:08:10.558519
case_58,c,2025-02-24 20:13:10.558519
case_58,c,2025-02-24 20:18:10.558519
case_58,a,2025-02-24 20:23:10.558519
case_58,c,2025-02-24 20:28:10.558519
case_58,c,2025-02-24 20:33:10.558519
case_58,b,2025-02-24 20:38:10.558519
case_58,a,2025-02-24 20:43:10.558519
case_58,b,2025-02-24 20:48:10.558519
case_58,c,2025-02-24 20:53:10.558519
case_58,a,2025-02-24 20:58:10.558519
case_58,b,2025-02-24 21:03:10.558519
case_59,c,2025-02-24 19:28:10.558548
case_59,a,2025-02-24 19:33:10.558548
case_59,b,2025-02-24 19:38:10.558548
case_59,c,2025-02-24 19:43:10.558548
case_59,a,2025-02-24 19:48:10.558548
case_59,a,2025-02-24 19:53:10.558548
case_59,b,2025-02-24 19:58:10.558548
case_59,a,2025-02-24 20:03:10.558548
case_59,a,2025-02-24 20:08:10.558548
case_59,c,2025-02-24 20:13:10.558548
case_59,c,2025-02-24 20:18:10.558548
case_59,b,2025-02-24 20:23:10.558548
case_59,a,2025-02-24 20:28:10.558548
case_59,a,2025-02-24 20:33:10.558548
case_59,c,2025-02-24 20:38:10.558548
case_59,b,2025-02-24 20:43:10.558548
case_59,a,2025-02-24 20:48:10.558548
case_59,b,2025-02-24 20:53:10.558548
case_59,a,2025-02-24 20:58:10.558548
case_59,b,2025-02-24 21:03:10.558548
case_60,a,2025-02-24 19:28:10.558578
case_60,b,2025-02-24 19:33:10.558578
case_60,a,2025-02-24 19:38:10.558578
case_60,b,2025-02-24 19:43:10.558578
case_60,a,2025-02-24 19:48:10.558578
case_60,c,2025-02-24 19:53:10.558578
case_60,b,2025-02-24 19:58:10.558578
case_60,a,2025-02-24 20:03:10.558578
case_60,c,2025-02-24 20:08:10.558578
case_60,b,2025-02-24 20:13:10.558578
case_60,c,2025-02-24 20:18:10.558578
case_60,a,2025-02-24 20:23:10.558578
case_60,a,2025-02-24 20:28:10.558578
case_60,c,2025-02-24 20:33:10.558578
case_60,b,2025-02-24 20:38:10.558578
case_60,a,2025-02-24 20:43:10.558578
case_60,c,2025-02-24 20:48:10.558578
case_60,a,2025-02-24 20:53:10.558578
case_60,c,2025-02-24 20:58:10.558578
case_60,b,2025-02-24 21:03:10.558578
case_61,a,2025-02-24 19:28:10.558608
case_61,b,2025-02-24 19:33:10.558608
case_61,a,2025-02-24 19:38:10.558608
case_61,a,2025-02-24 19:43:10.558608
case_61,b,2025-02-24 19:48:10.558608
case_61,a,2025-02-24 19:53:10.558608
case_61,c,2025-02-24 19:58:10.558608
case_61,a,2025-02-24 20:03:10.558608
case_61,c,2025-02-24 20:08:10.558608
case_61,a,2025-02-24 20:13:10.558608
case_61,c,2025-02-24 20:18:10.558608
case_61,a,2025-02-24 20:23:10.558608
case_61,b,2025-02-24 20:28:10.558608
case_61,a,2025-02-24 20:33:10.558608
case_61,c,2025-02-24 20:38:10.558608
case_61,a,2025-02-24 20:43:10.558608
case_61,b,2025-02-24 20:48:10.558608
case_61,a,2025-02-24 20:53:10.558608
case_61,a,2025-02-24 20:58:10.558608
case_61,b,2025-02-24 21:03:10.558608
case_62,a,2025-02-24 19:28:10.558638
case_62,c,2025-02-24 19:33:10.558638
case_62,a,2025-02-24 19:38:10.558638
case_62,c,2025-02-24 19:43:10.558638
case_62,a,2025-02-24 19:48:10.558638
case_62,a,2025-02-24 19:53:10.558638
case_62,b,2025-02-24 19:58:10.558638
case_62,c,2025-02-24 20:03:10.558638
case_62,b,2025-02-24 20:08:10.558638
case_62,a,2025-02-24 20:13:10.558638
case_62,b,2025-02-24 20:18:10.558638
case_62,c,2025-02-24 20:23:10.558638
case_62,c,2025-02-24 20:28:10.558638
case_62,a,2025-02-24 20:33:10.558638
case_62,c,2025-02-24 20:38:10.558638
case_62,a,2025-02-24 20:43:10.558638
case_62,a,2025-02-24 20:48:10.558638
case_62,a,2025-02-24 20:53:10.558638
case_62,c,2025-02-24 20:58:10.558638
case_62,b,2025-02-24 21:03:10.558638
case_63,a,2025-02-24 19:28:10.558669
case_63,a,2025-02-24 19:33:10.558669
case_63,a,2025-02-24 19:38:10.558669
case_63,a,2025-02-24 19:43:10.558669
case_63,a,2025-02-24 19:48:10.558669
case_63,b,2025-02-24 19:53:10.558669
case_63,a,2025-02-24 19:58:10.558669
case_63,c,2025-02-24 20:03:10.558669
case_63,c,2025-02-24 20:08:10.558669
case_63,b,2025-02-24 20:13:10.558669
case_63,a,2025-02-24 20:18:10.558669
case_63,a,2025-02-24 20:23:10.558669
case_63,c,2025-02-24 20:28:10.558669
case_63,b,2025-02-24 20:33:10.558669
case_63,c,2025-02-24 20:38:10.558669
case_63,b,2025-02-24 20:43:10.558669
case_63,a,2025-02-24 20:48:10.558669
case_63,a,2025-02-24 20:53:10.558669
case_63,a,2025-02-24 20:58:10.558669
case_63,b,2025-02-24 21:03:10.558669
case_64,c,2025-02-24 19:28:10.558699
case_64,b,2025-02-24 19:33:10.558699
case_64,c,2025-02-24 19:38:10.558699
case_64,b,2025-02-24 19:43:10.558699
case_64,a,2025-02-24 19:48:10.558699
case_64,b,2025-02-24 19:53:10.558699
case_64,a,2025-02-24 19:58:10.558699
case_64,c,2025-02-24 20:03:10.558699
case_64,a,2025-02-24 20:08:10.558699
case_64,b,2025-02-24 20:13:10.558699
case_64,a,2025-02-24 20:18:10.558699
case_64,c,2025-02-24 20:23:10.558699
case_64,a,2025-02-24 20:28:10.558699
case_64,c,2025-02-24 20:33:10.558699
case_64,b,2025-02-24 20:38:10.558699
case_64,a,2025-02-24 20:43:10.558699
case_64,b,2025-02-24 20:48:10.558699
case_64,a,2025-02-24 20:53:10.558699
case_64,a,2025-02-24 20:58:10.558699
case_64,b,2025-02-24 21:03:10.558699
case_65,a,2025-02-24 19:28:10.558729
case_65,a,2025-02-24 19:33:10.558729
case_65,b,2025-02-24 19:38:10.558729
case_65,c,2025-02-24 19:43:10.558729
case_65,c,2025-02-24 19:48:10.558729
case_65,b,2025-02-24 19:53:10.558729
case_65,c,2025-02-24 19:58:10.558729
case_65,a,2025-02-24 20:03:10.558729
case_65,b,2025-02-24 20:08:10.558729
case_65,c,2025-02-24 20:13:10.558729
case_65,a,2025-02-24 20:18:10.558729
case_65,a,2025-02-24 20:23:10.558729
case_65,c,2025-02-24 20:28:10.558729
case_65,b,2025-02-24 20:33:10.558729
case_65,c,2025-02-24 20:38:10.558729
case_65,a,2025-02-24 20:43:10.558729
case_65,c,2025-02-24 20:48:10.558729
case_65,a,2025-02-24 20:53:10.558729
case_65,a,2025-02-24 20:58:10.558729
case_65,b,2025-02-24 21:03:10.558729
case_66,a,2025-02-24 19:28:10.558760
case_66,b,2025-02-24 19:33:10.558760
case_66,c,2025-02-24 19:38:10.558760
case_66,c,2025-02-24 19:43:10.558760
case_66,a,2025-02-24 19:48:10.558760
case_66,c,2025-02-24 19:53:10.558760
case_66,b,2025-02-24 19:58:10.558760
case_66,c,2025-02-24 20:03:10.558760
case_66,b,2025-02-24 20:08:10.558760
case_66,c,2025-02-24 20:13:10.558760
case_66,b,2025-02-24 20:18:10.558760
case_66,c,2025-02-24 20:23:10.558760
case_66,b,2025-02-24 20:28:10.558760
case_66,a,2025-02-24 20:33:10.558760
case_66,c,2025-02-24 20:38:10.558760
case_66,c,2025-02-24 20:43:10.558760
case_66,a,2025-02-24 20:48:10.558760
case_66,a,2025-02-24 20:53:10.558760
case_66,c,2025-02-24 20:58:10.558760
case_66,b,2025-02-24 21:03:10.558760
case_67,c,2025-02-24 19:28:10.558789
case_67,c,2025-02-24 19:33:10.558789
case_67,a,2025-02-24 19:38:10.558789
case_67,b,2025-02-24 19:43:10.558789
case_67,c,2025-02-24 19:48:10.558789
case_67,c,2025-02-24 19:53:10.558789
case_67,c,2025-02-24 19:58:10.558789
case_67,a,2025-02-24 20:03:10.558789
case_67,a,2025-02-24 20:08:10.558789
case_67,b,2025-02-24 20:13:10.558789
case_67,a,2025-02-24 20:18:10.558789
case_67,b,2025-02-24 20:23:10.558789
case_67,a,2025-02-24 20:28:10.558789
case_67,c,2025-02-24 20:33:10.558789
case_67,a,2025-02-24 20:38:10.558789
case_67,b,2025-02-24 20:43:10.558789
case_67,c,2025-02-24 20:48:10.558789
case_67,a,2025-02-24 20:53:10.558789
case_67,a,2025-02-24 20:58:10.558789
case_67,b,2025-02-24 21:03:10.558789
case_68,a,2025-02-24 19:28:10.558818
case_68,c,2025-02-24 19:33:10.558818
case_68,b,2025-02-24 19:38:10.558818
case_68,c,2025-02-24 19:43:10.558818
case_68,b,2025-02-24 19:48:10.558818
case_68,c,2025-02-24 19:53:10.558818
case_68,b,2025-02-24 19:58:10.558818
case_68,a,2025-02-24 20:03:10.558818
case_68,a,2025-02-24 20:08:10.558818
case_68,c,2025-02-24 20:13:10.558818
case_68,a,2025-02-24 20:18:10.558818
case_68,b,2025-02-24 20:23:10.558818
case_68,c,2025-02-24 20:28:10.558818
case_68,c,2025-02-24 20:33:10.558818
case_68,a,2025-02-24 20:38:10.558818
case_68,a,2025-02-24 20:43:10.558818
case_68,c,2025-02-24 20:48:10.558818
case_68,c,2025-02-24 20:53:10.558818
case_68,a,2025-02-24 20:58:10.558818
case_68,b,2025-02-24 21:03:10.558818
case_69,a,2025-02-24 19:28:10.558848
case_69,c,2025-02-24 19:33:10.558848
case_69,b,2025-02-24 19:38:10.558848
case_69,a,2025-02-24 19:43:10.558848
case_69,c,2025-02-24 19:48:10.558848
case_69,c,2025-02-24 19:53:10.558848
case_69,a,2025-02-24 19:58:10.558848
case_69,c,2025-02-24 20:03:10.558848
case_69,b,2025-02-24 20:08:10.558848
case_69,a,2025-02-24 20:13:10.558848
case_69,c,2025-02-24 20:18:10.558848
case_69,c,2025-02-24 20:23:10.558848
case_69,c,2025-02-24 20:28:10.558848
case_69,b,2025-02-24 20:33:10.558848
case_69,c,2025-02-24 20:38:10.558848
case_69,c,2025-02-24 20:43:10.558848
case_69,c,2025-02-24 20:48:10.558848
case_69,a,2025-02-24 20:53:10.558848
case_69,a,2025-02-24 20:58:10.558848
case_69,b,2025-02-24 21:03:10.558848
case_70,c,2025-02-24 19:28:10.558877
case_70,a,2025-02-24 19:33:10.558877
case_70,c,2025-02-24 19:38:10.558877
case_70,b,2025-02-24 19:43:10.558877
case_70,a,2025-02-24 19:48:10.558877
case_70,b,2025-02-24 19:53:10.558877
case_70,a,2025-02-24 19:58:10.558877
case_70,a,2025-02-24 20:03:10.558877
case_70,a,2025-02-24 20:08:10.558877
case_70,b,2025-02-24 20:13:10.558877
case_70,a,2025-02-24 20:18:10.558877
case_70,c,2025-02-24 20:23:10.558877
case_70,a,2025-02-24 20:28:10.558877
case_70,c,2025-02-24 20:33:10.558877
case_70,c,2025-02-24 20:38:10.558877
case_70,c,2025-02-24 20:43:10.558877
case_70,c,2025-02-24 20:48:10.558877
case_70,a,2025-02-24 20:53:10.558877
case_70,c,2025-02-24 20:58:10.558877
case_70,b,2025-02-24 21:03:10.558877
case_71,a,2025-02-24 19:28:10.558907
case_71,c,2025-02-24 19:33:10.558907
case_71,a,2025-02-24 19:38:10.558907
case_71,a,2025-02-24 19:43:10.558907
case_71,a,2025-02-24 19:48:10.558907
case_71,c,2025-02-24 19:53:10.558907
case_71,c,2025-02-24 19:58:10.558907
case_71,b,2025-02-24 20:03:10.558907
case_71,c,2025-02-24 20:08:10.558907
case_71,b,2025-02-24 20:13:10.558907
case_71,a,2025-02-24 20:18:10.558907
case_71,a,2025-02-24 20:23:10.558907
case_71,c,2025-02-24 20:28:10.558907
case_71,b,2025-02-24 20:33:10.558907
case_71,a,2025-02-24 20:38:10.558907
case_71,a,2025-02-24 20:43:10.558907
case_71,a,2025-02-24 20:48:10.558907
case_71,b,2025-02-24 20:53:10.558907
case_71,a,2025-02-24 20:58:10.558907
case_71,b,2025-02-24 21:03:10.558907
case_72,c,2025-02-24 19:28:10.558937
case_72,b,2025-02-24 19:33:10.558937
case_72,a,2025-02-24 19:38:10.558937
case_72,a,2025-02-24 19:43:10.558937
case_72,c,2025-02-24 19:48:10.558937
case_72,a,2025-02-24 19:53:10.558937
case_72,c,2025-02-24 19:58:10.558937
case_72,b,2025-02-24 20:03:10.558937
case_72,a,2025-02-24 20:08:10.558937
case_72,a,2025-02-24 20:13:10.558937
case_72,c,2025-02-24 20:18:10.558937
case_72,a,2025-02-24 20:23:10.558937
case_72,c,2025-02-24 20:28:10.558937
case_72,c,2025-02-24 20:33:10.558937
case_72,c,2025-02-24 20:38:10.558937
case_72,b,2025-02-24 20:43:10.558937
case_72,c,2025-02-24 20:48:10.558937
case_72,c,2025-02-24 20:53:10.558937
case_72,a,2025-02-24 20:58:10.558937
case_72,b,2025-02-24 21:03:10.558937
case_73,c,2025-02-24 19:28:10.558966
case_73,b,2025-02-24 19:33:10.558966
case_73,a,2025-02-24 19:38:10.558966
case_73,a,2025-02-24 19:43:10.558966
case_73,b,2025-02-24 19:48:10.558966
case_73,c,2025-02-24 19:53:10.558966
case_73,b,2025-02-24 19:58:10.558966
case_73,c,2025-02-24 20:03:10.558966
case_73,a,2025-02-24 20:08:10.558966
case_73,c,2025-02-24 20:13:10.558966
case_73,c,2025-02-24 20:18:10.558966
case_73,b,2025-02-24 20:23:10.558966
case_73,c,2025-02-24 20:28:10.558966
case_73,b,2025-02-24 20:33:10.558966
case_73,c,2025-02-24 20:38:10.558966
case_73,b,2025-02-24 20:43:10.558966
case_73,c,2025-02-24 20:48:10.558966
case_73,b,2025-02-24 20:53:10.558966
case_73,a,2025-02-24 20:58:10.558966
case_73,b,2025-02-24 21:03:10.558966
case_74,c,2025-02-24 19:28:10.558995
case_74,a,2025-02-24 19:33:10.558995
case_74,b,2025-02-24 19:38:10.558995
case_74,a,2025-02-24 19:43:10.558995
case_74,b,2025-02-24 19:48:10.558995
case_74,c,2025-02-24 19:53:10.558995
case_74,b,2025-02-24 19:58:10.558995
case_74,c,2025-02-24 20:03:10.558995
case_74,c,2025-02-24 20:08:10.558995
case_74,b,2025-02-24 20:13:10.558995
case_74,c,2025-02-24 20:18:10.558995
case_74,a,2025-02-24 20:23:10.558995
case_74,a,2025-02-24 20:28:10.558995
case_74,c,2025-02-24 20:33:10.558995
case_74,a,2025-02-24 20:38:10.558995
case_74,c,2025-02-24 20:43:10.558995
case_74,c,2025-02-24 20:48:10.558995
case_74,c,2025-02-24 20:53:10.558995
case_74,a,2025-02-24 20:58:10.558995
case_74,b,2025-02-24 21:03:10.558995
case_75,c,2025-02-24 19:28:10.559024
case_75,a,2025-02-24 19:33:10.559024
case_75,a,2025-02-24 19:38:10.559024
case_75,c,2025-02-24 19:43:10.559024
case_75,a,2025-02-24 19:48:10.559024
case_75,c,2025-02-24 19:53:10.559024
case_75,b,2025-02-24 19:58:10.559024
case_75,a,2025-02-24 20:03:10.559024
case_75,c,2025-02-24 20:08:10.559024
case_75,c,2025-02-24 20:13:10.559024
case_75,b,2025-02-24 20:18:10.559024
case_75,c,2025-02-24 20:23:10.559024
case_75,c,2025-02-24 20:28:10.559024
case_75,b,2025-02-24 20:33:10.559024
case_75,c,2025-02-24 20:38:10.559024
case_75,c,2025-02-24 20:43:10.559024
case_75,a,2025-02-24 20:48:10.559024
case_75,c,2025-02-24 20:53:10.559024
case_75,c,2025-02-24 20:58:10.559024
case_75,b,2025-02-24 21:03:10.559024
case_76,c,2025-02-24 19:28:10.559054
case_76,a,2025-02-24 19:33:10.559054
case_76,c,2025-02-24 19:38:10.559054
case_76,b,2025-02-24 19:43:10.559054
case_76,a,2025-02-24 19:48:10.559054
case_76,b,2025-02-24 19:53:10.559054
case_76,a,2025-02-24 19:58:10.559054
case_76,b,2025-02-24 20:03:10.559054
case_76,c,2025-02-24 20:08:10.559054
case_76,c,2025-02-24 20:13:10.559054
case_76,a,2025-02-24 20:18:10.559054
case_76,a,2025-02-24 20:23:10.559054
case_76,b,2025-02-24 20:28:10.559054
case_76,a,2025-02-24 20:33:10.559054
case_76,b,2025-02-24 20:38:10.559054
case_76,a,2025-02-24 20:43:10.559054
case_76,a,2025-02-24 20:48:10.559054
case_76,b,2025-02-24 20:53:10.559054
case_76,a,2025-02-24 20:58:10.559054
case_76,b,2025-02-24 21:03:10.559054
case_77,c,2025-02-24 19:28:10.559083
case_77,b,2025-02-24 19:33:10.559083
case_77,a,2025-02-24 19:38:10.559083
case_77,c,2025-02-24 19:43:10.559083
case_77,c,2025-02-24 19:48:10.559083
case_77,c,2025-02-24 19:53:10.559083
case_77,a,2025-02-24 19:58:10.559083
case_77,a,2025-02-24 20:03:10.559083
case_77,b,2025-02-24 20:08:10.559083
case_77,c,2025-02-24 20:13:10.559083
case_77,b,2025-02-24 20:18:10.559083
case_77,a,2025-02-24 20:23:10.559083
case_77,c,2025-02-24 20:28:10.559083
case_77,c,2025-02-24 20:33:10.559083
case_77,c,2025-02-24 20:38:10.559083
case_77,c,2025-02-24 20:43:10.559083
case_77,a,2025-02-24 20:48:10.559083
case_77,c,2025-02-24 20:53:10.559083
case_77,a,2025-02-24 20:58:10.559083
case_77,b,2025-02-24 21:03:10.559083
case_78,c,2025-02-24 19:28:10.559113
case_78,a,2025-02-24 19:33:10.559113
case_78,b,2025-02-24 19:38:10.559113
case_78,c,2025-02-24 19:43:10.559113
case_78,b,2025-02-24 19:48:10.559113
case_78,c,2025-02-24 19:53:10.559113
case_78,c,2025-02-24 19:58:10.559113
case_78,b,2025-02-24 20:03:10.559113
case_78,a,2025-02-24 20:08:10.559113
case_78,b,2025-02-24 20:13:10.559113
case_78,c,2025-02-24 20:18:10.559113
case_78,b,2025-02-24 20:23:10.559113
case_78,a,2025-02-24 20:28:10.559113
case_78,a,2025-02-24 20:33:10.559113
case_78,a,2025-02-24 20:38:10.559113
case_78,b,2025-02-24 20:43:10.559113
case_78,a,2025-02-24 20:48:10.559113
case_78,c,2025-02-24 20:53:10.559113
case_78,a,2025-02-24 20:58:10.559113
case_78,b,2025-02-24 21:03:10.559113
case_79,c,2025-02-24 19:28:10.559142
case_79,a,2025-02-24 19:33:10.559142
case_79,a,2025-02-24 19:38:10.559142
case_79,a,2025-02-24 19:43:10.559142
case_79,b,2025-02-24 19:48:10.559142
case_79,a,2025-02-24 19:53:10.559142
case_79,b,2025-02-24 19:58:10.559142
case_79,a,2025-02-24 20:03:10.559142
case_79,c,2025-02-24 20:08:10.559142
case_79,b,2025-02-24 20:13:10.559142
case_79,a,2025-02-24 20:18:10.559142
case_79,c,2025-02-24 20:23:10.559142
case_79,b,2025-02-24 20:28:10.559142
case_79,a,2025-02-24 20:33:10.559142
case_79,b,2025-02-24 20:38:10.559142
case_79,a,2025-02-24 20:43:10.559142
case_79,a,2025-02-24 20:48:10.559142
case_79,a,2025-02-24 20:53:10.559142
case_79,c,2025-02-24 20:58:10.559142
case_79,b,2025-02-24 21:03:10.559142
case_80,c,2025-02-24 19:28:10.559173
case_80,c,2025-02-24 19:33:10.559173
case_80,c,2025-02-24 19:38:10.559173
case_80,b,2025-02-24 19:43:10.559173
case_80,c,2025-02-24 19:48:10.559173
case_80,a,2025-02-24 19:53:10.559173
case_80,b,2025-02-24 19:58:10.559173
case_80,c,2025-02-24 20:03:10.559173
case_80,b,2025-02-24 20:08:10.559173
case_80,c,2025-02-24 20:13:10.559173
case_80,a,2025-02-24 20:18:10.559173
case_80,a,2025-02-24 20:23:10.559173
case_80,b,2025-02-24 20:28:10.559173
case_80,a,2025-02-24 20:33:10.559173
case_80,c,2025-02-24 20:38:10.559173
case_80,a,2025-02-24 20:43:10.559173
case_80,a,2025-02-24 20:48:10.559173
case_80,c,2025-02-24 20:53:10.559173
case_80,a,2025-02-24 20:58:10.559173
case_80,b,2025-02-24 21:03:10.559173
case_81,a,2025-02-24 19:28:10.559202
case_81,c,2025-02-24 19:33:10.559202
case_81,c,2025-02-24 19:38:10.559202
case_81,b,2025-02-24 19:43:10.559202
case_81,a,2025-02-24 19:48:10.559202
case_81,c,2025-02-24 19:53:10.559202
case_81,c,2025-02-24 19:58:10.559202
case_81,a,2025-02-24 20:03:10.559202
case_81,b,2025-02-24 20:08:10.559202
case_81,a,2025-02-24 20:13:10.559202
case_81,b,2025-02-24 20:18:10.559202
case_81,c,2025-02-24 20:23:10.559202
case_81,c,2025-02-24 20:28:10.559202
case_81,b,2025-02-24 20:33:10.559202
case_81,a,2025-02-24 20:38:10.559202
case_81,b,2025-02-24 20:43:10.559202
case_81,c,2025-02-24 20:48:10.559202
case_81,a,2025-02-24 20:53:10.559202
case_81,a,2025-02-24 20:58:10.559202
case_81,b,2025-02-24 21:03:10.559202
case_82,c,2025-02-24 19:28:10.559232
case_82,b,2025-02-24 19:33:10.559232
case_82,a,2025-02-24 19:38:10.559232
case_82,b,2025-02-24 19:43:10.559232
case_82,c,2025-02-24 19:48:10.559232
case_82,a,2025-02-24 19:53:10.559232
case_82,a,2025-02-24 19:58:10.559232
case_82,b,2025-02-24 20:03:10.559232
case_82,a,2025-02-24 20:08:10.559232
case_82,c,2025-02-24 20:13:10.559232
case_82,a,2025-02-24 20:18:10.559232
case_82,b,2025-02-24 20:23:10.559232
case_82,a,2025-02-24 20:28:10.559232
case_82,c,2025-02-24 20:33:10.559232
case_82,b,2025-02-24 20:38:10.559232
case_82,c,2025-02-24 20:43:10.559232
case_82,a,2025-02-24 20:48:10.559232
case_82,a,2025-02-24 20:53:10.559232
case_82,a,2025-02-24 20:58:10.559232
case_82,b,2025-02-24 21:03:10.559232
case_83,a,2025-02-24 19:28:10.559262
case_83,c,2025-02-24 19:33:10.559262
case_83,b,2025-02-24 19:38:10.559262
case_83,c,2025-02-24 19:43:10.559262
case_83,a,2025-02-24 19:48:10.559262
case_83,c,2025-02-24 19:53:10.559262
case_83,a,2025-02-24 19:58:10.559262
case_83,b,2025-02-24 20:03:10.559262
case_83,c,2025-02-24 20:08:10.559262
case_83,b,2025-02-24 20:13:10.559262
case_83,c,2025-02-24 20:18:10.559262
case_83,a,2025-02-24 20:23:10.559262
case_83,c,2025-02-24 20:28:10.559262
case_83,c,2025-02-24 20:33:10.559262
case_83,c,2025-02-24 20:38:10.559262
case_83,b,2025-02-24 20:43:10.559262
case_83,c,2025-02-24 20:48:10.559262
case_83,a,2025-02-24 20:53:10.559262
case_83,a,2025-02-24 20:58:10.559262
case_83,b,2025-02-24 21:03:10.559262
case_84,c,2025-02-24 19:28:10.559291
case_84,a,2025-02-24 19:33:10.559291
case_84,c,2025-02-24 19:38:10.559291
case_84,b,2025-02-24 19:43:10.559291
case_84,a,2025-02-24 19:48:10.559291
case_84,a,2025-02-24 19:53:10.559291
case_84,b,2025-02-24 19:58:10.559291
case_84,c,2025-02-24 20:03:10.559291
case_84,a,2025-02-24 20:08:10.559291
case_84,a,2025-02-24 20:13:10.559291
case_84,a,2025-02-24 20:18:10.559291
case_84,a,2025-02-24 20:23:10.559291
case_84,a,2025-02-24 20:28:10.559291
case_84,c,2025-02-24 20:33:10.559291
case_84,b,2025-02-24 20:38:10.559291
case_84,c,2025-02-24 20:43:10.559291
case_84,c,2025-02-24 20:48:10.559291
case_84,a,2025-02-24 20:53:10.559291
case_84,c,2025-02-24 20:58:10.559291
case_84,b,2025-02-24 21:03:10.559291
case_85,a,2025-02-24 19:28:10.559322
case_85,b,2025-02-24 19:33:10.559322
case_85,c,2025-02-24 19:38:10.559322
case_85,c,2025-02-24 19:43:10.559322
case_85,b,2025-02-24 19:48:10.559322
case_85,c,2025-02-24 19:53:10.559322
case_85,c,2025-02-24 19:58:10.559322
case_85,b,2025-02-24 20:03:10.559322
case_85,a,2025-02-24 20:08:10.559322
case_85,a,2025-02-24 20:13:10.559322
case_85,c,2025-02-24 20:18:10.559322
case_85,a,2025-02-24 20:23:10.559322
case_85,c,2025-02-24 20:28:10.559322
case_85,a,2025-02-24 20:33:10.559322
case_85,a,2025-02-24 20:38:10.559322
case_85,c,2025-02-24 20:43:10.559322
case_85,a,2025-02-24 20:48:10.559322
case_85,a,2025-02-24 20:53:10.559322
case_85,a,2025-02-24 20:58:10.559322
case_85,b,2025-02-24 21:03:10.559322
case_86,a,2025-02-24 19:28:10.559352
case_86,c,2025-02-24 19:33:10.559352
case_86,a,2025-02-24 19:38:10.559352
case_86,c,2025-02-24 19:43:10.559352
case_86,b,2025-02-24 19:48:10.559352
case_86,a,2025-02-24 19:53:10.559352
case_86,b,2025-02-24 19:58:10.559352
case_86,c,2025-02-24 20:03:10.559352
case_86,c,2025-02-24 20:08:10.559352
case_86,b,2025-02-24 20:13:10.559352
case_86,c,2025-02-24 20:18:10.559352
case_86,b,2025-02-24 20:23:10.559352
case_86,a,2025-02-24 20:28:10.559352
case_86,c,2025-02-24 20:33:10.559352
case_86,c,2025-02-24 20:38:10.559352
case_86,c,2025-02-24 20:43:10.559352
case_86,c,2025-02-24 20:48:10.559352
case_86,a,2025-02-24 20:53:10.559352
case_86,a,2025-02-24 20:58:10.559352
case_86,b,2025-02-24 21:03:10.559352
case_87,a,2025-02-24 19:28:10.559382
case_87,a,2025-02-24 19:33:10.559382
case_87,c,2025-02-24 19:38:10.559382
case_87,c,2025-02-24 19:43:10.559382
case_87,c,2025-02-24 19:48:10.559382
case_87,a,2025-02-24 19:53:10.559382
case_87,b,2025-02-24 19:58:10.559382
case_87,c,2025-02-24 20:03:10.559382
case_87,a,2025-02-24 20:08:10.559382
case_87,a,2025-02-24 20:13:10.559382
case_87,c,2025-02-24 20:18:10.559382
case_87,a,2025-02-24 20:23:10.559382
case_87,b,2025-02-24 20:28:10.559382
case_87,c,2025-02-24 20:33:10.559382
case_87,c,2025-02-24 20:38:10.559382
case_87,a,2025-02-24 20:43:10.559382
case_87,c,2025-02-24 20:48:10.559382
case_87,b,2025-02-24 20:53:10.559382
case_87,c,2025-02-24 20:58:10.559382
case_87,b,2025-02-24 21:03:10.559382
case_88,c,2025-02-24 19:28:10.559412
case_88,c,2025-02-24 19:33:10.559412
case_88,c,2025-02-24 19:38:10.559412
case_88,b,2025-02-24 19:43:10.559412
case_88,a,2025-02-24 19:48:10.559412
case_88,c,2025-02-24 19:53:10.559412
case_88,c,2025-02-24 19:58:10.559412
case_88,a,2025-02-24 20:03:10.559412
case_88,c,2025-02-24 20:08:10.559412
case_88,c,2025-02-24 20:13:10.559412
case_88,a,2025-02-24 20:18:10.559412
case_88,b,2025-02-24 20:23:10.559412
case_88,c,2025-02-24 20:28:10.559412
case_88,c,2025-02-24 20:33:10.559412
case_88,b,2025-02-24 20:38:10.559412
case_88,a,2025-02-24 20:43:10.559412
case_88,a,2025-02-24 20:48:10.559412
case_88,b,2025-02-24 20:53:10.559412
case_88,c,2025-02-24 20:58:10.559412
case_88,b,2025-02-24 21:03:10.559412
case_89,a,2025-02-24 19:28:10.559442
case_89,a,2025-02-24 19:33:10.559442
case_89,a,2025-02-24 19:38:10.559442
case_89,b,2025-02-24 19:43:10.559442
case_89,b,2025-02-24 19:48:10.559442
case_89,a,2025-02-24 19:53:10.559442
case_89,b,2025-02-24 19:58:10.559442
case_89,c,2025-02-24 20:03:10.559442
case_89,c,2025-02-24 20:08:10.559442
case_89,a,2025-02-24 20:13:10.559442
case_89,c,2025-02-24 20:18:10.559442
case_89,b,2025-02-24 20:23:10.559442
case_89,b,2025-02-24 20:28:10.559442
case_89,b,2025-02-24 20:33:10.559442
case_89,b,2025-02-24 20:38:10.559442
case_89,b,2025-02-24 20:43:10.559442
case_89,c,2025-02-24 20:48:10.559442
case_89,b,2025-02-24 20:53:10.559442
case_89,a,2025-02-24 20:58:10.559442
case_89,c,2025-02-24 21:03:10.559442
case_90,b,2025-02-24 19:28:10.559472
case_90,b,2025-02-24 19:33:10.559472
case_90,a,2025-02-24 19:38:10.559472
case_90,a,2025-02-24 19:43:10.559472
case_90,c,2025-02-24 19:48:10.559472
case_90,a,2025-02-24 19:53:10.559472
case_90,b,2025-02-24 19:58:10.559472
case_90,c,2025-02-24 20:03:10.559472
case_90,c,2025-02-24 20:08:10.559472
case_90,a,2025-02-24 20:13:10.559472
case_90,a,2025-02-24 20:18:10.559472
case_90,c,2025-02-24 20:23:10.559472
case_90,a,2025-02-24 20:28:10.559472
case_90,c,2025-02-24 20:33:10.559472
case_90,c,2025-02-24 20:38:10.559472
case_90,c,2025-02-24 20:43:10.559472
case_90,a,2025-02-24 20:48:10.559472
case_90,c,2025-02-24 20:53:10.559472
case_90,b,2025-02-24 20:58:10.559472
case_90,c,2025-02-24 21:03:10.559472
case_91,c,2025-02-24 19:28:10.559501
case_91,a,2025-02-24 19:33:10.559501
case_91,a,2025-02-24 19:38:10.559501
case_91,c,2025-02-24 19:43:10.559501
case_91,b,2025-02-24 19:48:10.559501
case_91,a,2025-02-24 19:53:10.559501
case_91,a,2025-02-24 19:58:10.559501
case_91,c,2025-02-24 20:03:10.559501
case_91,c,2025-02-24 20:08:10.559501
case_91,b,2025-02-24 20:13:10.559501
case_91,b,2025-02-24 20:18:10.559501
case_91,b,2025-02-24 20:23:10.559501
case_91,c,2025-02-24 20:28:10.559501
case_91,b,2025-02-24 20:33:10.559501
case_91,a,2025-02-24 20:38:10.559501
case_91,a,2025-02-24 20:43:10.559501
case_91,b,2025-02-24 20:48:10.559501
case_91,c,2025-02-24 20:53:10.559501
case_91,a,2025-02-24 20:58:10.559501
case_91,b,2025-02-24 21:03:10.559501
case_92,b,2025-02-24 19:28:10.559531
case_92,b,2025-02-24 19:33:10.559531
case_92,b,2025-02-24 19:38:10.559531
case_92,c,2025-02-24 19:43:10.559531
case_92,a,2025-02-24 19:48:10.559531
case_92,a,2025-02-24 19:53:10.559531
case_92,c,2025-02-24 19:58:10.559531
case_92,c,2025-02-24 20:03:10.559531
case_92,a,2025-02-24 20:08:10.559531
case_92,c,2025-02-24 20:13:10.559531
case_92,b,2025-02-24 20:18:10.559531
case_92,a,2025-02-24 20:23:10.559531
case_92,a,2025-02-24 20:28:10.559531
case_92,c,2025-02-24 20:33:10.559531
case_92,a,2025-02-24 20:38:10.559531
case_92,b,2025-02-24 20:43:10.559531
case_92,c,2025-02-24 20:48:10.559531
case_92,b,2025-02-24 20:53:10.559531
case_92,a,2025-02-24 20:58:10.559531
case_92,a,2025-02-24 21:03:10.559531
case_93,a,2025-02-24 19:28:10.559561
case_93,b,2025-02-24 19:33:10.559561
case_93,c,2025-02-24 19:38:10.559561
case_93,b,2025-02-24 19:43:10.559561
case_93,b,2025-02-24 19:48:10.559561
case_93,c,2025-02-24 19:53:10.559561
case_93,b,2025-02-24 19:58:10.559561
case_93,a,2025-02-24 20:03:10.559561
case_93,a,2025-02-24 20:08:10.559561
case_93,c,2025-02-24 20:13:10.559561
case_93,b,2025-02-24 20:18:10.559561
case_93,a,2025-02-24 20:23:10.559561
case_93,b,2025-02-24 20:28:10.559561
case_93,b,2025-02-24 20:33:10.559561
case_93,a,2025-02-24 20:38:10.559561
case_93,c,2025-02-24 20:43:10.559561
case_93,a,2025-02-24 20:48:10.559561
case_93,b,2025-02-24 20:53:10.559561
case_93,b,2025-02-24 20:58:10.559561
case_93,b,2025-02-24 21:03:10.559561
case_94,c,2025-02-24 19:28:10.559590
case_94,b,2025-02-24 19:33:10.559590
case_94,a,2025-02-24 19:38:10.559590
case_94,c,2025-02-24 19:43:10.559590
case_94,a,2025-02-24 19:48:10.559590
case_94,b,2025-02-24 19:53:10.559590
case_94,c,2025-02-24 19:58:10.559590
case_94,b,2025-02-24 20:03:10.559590
case_94,a,2025-02-24 20:08:10.559590
case_94,a,2025-02-24 20:13:10.559590
case_94,c,2025-02-24 20:18:10.559590
case_94,c,2025-02-24 20:23:10.559590
case_94,b,2025-02-24 20:28:10.559590
case_94,c,2025-02-24 20:33:10.559590
case_94,b,2025-02-24 20:38:10.559590
case_94,c,2025-02-24 20:43:10.559590
case_94,b,2025-02-24 20:48:10.559590
case_94,c,2025-02-24 20:53:10.559590
case_94,b,2025-02-24 20:58:10.559590
case_94,b,2025-02-24 21:03:10.559590
case_95,b,2025-02-24 19:28:10.559620
case_95,c,2025-02-24 19:33:10.559620
case_95,b,2025-02-24 19:38:10.559620
case_95,c,2025-02-24 19:43:10.559620
case_95,c,2025-02-24 19:48:10.559620
case_95,c,2025-02-24 19:53:10.559620
case_95,a,2025-02-24 19:58:10.559620
case_95,b,2025-02-24 20:03:10.559620
case_95,a,2025-02-24 20:08:10.559620
case_95,c,2025-02-24 20:13:10.559620
case_95,b,2025-02-24 20:18:10.559620
case_95,c,2025-02-24 20:23:10.559620
case_95,b,2025-02-24 20:28:10.559620
case_95,a,2025-02-24 20:33:10.559620
case_95,c,2025-02-24 20:38:10.559620
case_95,c,2025-02-24 20:43:10.559620
case_95,b,2025-02-24 20:48:10.559620
case_95,b,2025-02-24 20:53:10.559620
case_95,a,2025-02-24 20:58:10.559620
case_95,a,2025-02-24 21:03:10.559620
case_96,a,2025-02-24 19:28:10.559649
case_96,c,2025-02-24 19:33:10.559649
case_96,c,2025-02-24 19:38:10.559649
case_96,c,2025-02-24 19:43:10.559649
case_96,c,2025-02-24 19:48:10.559649
case_96,b,2025-02-24 19:53:10.559649
case_96,b,2025-02-24 19:58:10.559649
case_96,b,2025-02-24 20:03:10.559649
case_96,b,2025-02-24 20:08:10.559649
case_96,b,2025-02-24 20:13:10.559649
case_96,b,2025-02-24 20:18:10.559649
case_96,c,2025-02-24 20:23:10.559649
case_96,a,2025-02-24 20:28:10.559649
case_96,c,2025-02-24 20:33:10.559649
case_96,b,2025-02-24 20:38:10.559649
case_96,a,2025-02-24 20:43:10.559649
case_96,b,2025-02-24 20:48:10.559649
case_96,a,2025-02-24 20:53:10.559649
case_96,a,2025-02-24 20:58:10.559649
case_96,c,2025-02-24 21:03:10.559649
case_97,c,2025-02-24 19:28:10.559679
case_97,a,2025-02-24 19:33:10.559679
case_97,b,2025-02-24 19:38:10.559679
case_97,a,2025-02-24 19:43:10.559679
case_97,c,2025-02-24 19:48:10.559679
case_97,c,2025-02-24 19:53:10.559679
case_97,a,2025-02-24 19:58:10.559679
case_97,c,2025-02-24 20:03:10.559679
case_97,c,2025-02-24 20:08:10.559679
case_97,a,2025-02-24 20:13:10.559679
case_97,b,2025-02-24 20:18:10.559679
case_97,c,2025-02-24 20:23:10.559679
case_97,a,2025-02-24 20:28:10.559679
case_97,c,2025-02-24 20:33:10.559679
case_97,c,2025-02-24 20:38:10.559679
case_97,a,2025-02-24 20:43:10.559679
case_97,a,2025-02-24 20:48:10.559679
case_97,c,2025-02-24 20:53:10.559679
case_97,b,2025-02-24 20:58:10.559679
case_97,b,2025-02-24 21:03:10.559679
case_98,a,2025-02-24 19:28:10.559709
case_98,c,2025-02-24 19:33:10.559709
case_98,c,2025-02-24 19:38:10.559709
case_98,a,2025-02-24 19:43:10.559709
case_98,c,2025-02-24 19:48:10.559709
case_98,a,2025-02-24 19:53:10.559709
case_98,a,2025-02-24 19:58:10.559709
case_98,a,2025-02-24 20:03:10.559709
case_98,a,2025-02-24 20:08:10.559709
case_98,c,2025-02-24 20:13:10.559709
case_98,a,2025-02-24 20:18:10.559709
case_98,a,2025-02-24 20:23:10.559709
case_98,b,2025-02-24 20:28:10.559709
case_98,c,2025-02-24 20:33:10.559709
case_98,b,2025-02-24 20:38:10.559709
case_98,c,2025-02-24 20:43:10.559709
case_98,c,2025-02-24 20:48:10.559709
case_98,c,2025-02-24 20:53:10.559709
case_98,b,2025-02-24 20:58:10.559709
case_98,b,2025-02-24 21:03:10.559709
case_99,c,2025-02-24 19:28:10.559739
case_99,a,2025-02-24 19:33:10.559739
case_99,a,2025-02-24 19:38:10.559739
case_99,b,2025-02-24 19:43:10.559739
case_99,b,2025-02-24 19:48:10.559739
case_99,b,2025-02-24 19:53:10.559739
case_99,a,2025-02-24 19:58:10.559739
case_99,c,2025-02-24 20:03:10.559739
case_99,c,2025-02-24 20:08:10.559739
case_99,a,2025-02-24 20:13:10.559739
case_99,a,2025-02-24 20:18:10.559739
case_99,a,2025-02-24 20:23:10.559739
case_99,a,2025-02-24 20:28:10.559739
case_99,c,2025-02-24 20:33:10.559739
case_99,a,2025-02-24 20:38:10.559739
case_99,c,2025-02-24 20:43:10.559739
case_99,a,2025-02-24 20:48:10.559739
case_99,b,2025-02-24 20:53:10.559739
case_99,a,2025-02-24 20:58:10.559739
case_99,c,2025-02-24 21:03:10.559739
case_100,b,2025-02-24 19:28:10.559769
case_100,a,2025-02-24 19:33:10.559769
case_100,c,2025-02-24 19:38:10.559769
case_100,b,2025-02-24 19:43:10.559769
case_100,a,2025-02-24 19:48:10.559769
case_100,c,2025-02-24 19:53:10.559769
case_100,a,2025-02-24 19:58:10.559769
case_100,b,2025-02-24 20:03:10.559769
case_100,a,2025-02-24 20:08:10.559769
case_100,b,2025-02-24 20:13:10.559769
case_100,b,2025-02-24 20:18:10.559769
case_100,a,2025-02-24 20:23:10.559769
case_100,c,2025-02-24 20:28:10.559769
case_100,b,2025-02-24 20:33:10.559769
case_100,b,2025-02-24 20:38:10.559769
case_100,c,2025-02-24 20:43:10.559769
case_100,a,2025-02-24 20:48:10.559769
case_100,c,2025-02-24 20:53:10.559769
case_100,a,2025-02-24 20:58:10.559769
case_100,a,2025-02-24 21:03:10.559769
case_101,a,2025-02-24 19:28:10.559801
case_101,b,2025-02-24 19:33:10.559801
case_101,c,2025-02-24 19:38:10.559801
case_101,c,2025-02-24 19:43:10.559801
case_101,b,2025-02-24 19:48:10.559801
case_101,b,2025-02-24 19:53:10.559801
case_101,a,2025-02-24 19:58:10.559801
case_101,b,2025-02-24 20:03:10.559801
case_101,a,2025-02-24 20:08:10.559801
case_101,c,2025-02-24 20:13:10.559801
case_101,a,2025-02-24 20:18:10.559801
case_101,a,2025-02-24 20:23:10.559801
case_101,a,2025-02-24 20:28:10.559801
case_101,c,2025-02-24 20:33:10.559801
case_101,b,2025-02-24 20:38:10.559801
case_101,a,2025-02-24 20:43:10.559801
case_101,c,2025-02-24 20:48:10.559801
case_101,b,2025-02-24 20:53:10.559801
case_101,c,2025-02-24 20:58:10.559801
case_101,a,2025-02-24 21:03:10.559801
case_102,b,2025-02-24 19:28:10.559831
case_102,c,2025-02-24 19:33:10.559831
case_102,b,2025-02-24 19:38:10.559831
case_102,c,2025-02-24 19:43:10.559831
case_102,a,2025-02-24 19:48:10.559831
case_102,c,2025-02-24 19:53:10.559831
case_102,b,2025-02-24 19:58:10.559831
case_102,a,2025-02-24 20:03:10.559831
case_102,b,2025-02-24 20:08:10.559831
case_102,c,2025-02-24 20:13:10.559831
case_102,b,2025-02-24 20:18:10.559831
case_102,b,2025-02-24 20:23:10.559831
case_102,c,2025-02-24 20:28:10.559831
case_102,a,2025-02-24 20:33:10.559831
case_102,b,2025-02-24 20:38:10.559831
case_102,c,2025-02-24 20:43:10.559831
case_102,b,2025-02-24 20:48:10.559831
case_102,b,2025-02-24 20:53:10.559831
case_102,a,2025-02-24 20:58:10.559831
case_102,a,2025-02-24 21:03:10.559831
case_103,c,2025-02-24 19:28:10.559861
case_103,a,2025-02-24 19:33:10.559861
case_103,c,2025-02-24 19:38:10.559861
case_103,c,2025-02-24 19:43:10.559861
case_103,a,2025-02-24 19:48:10.559861
case_103,a,2025-02-24 19:53:10.559861
case_103,c,2025-02-24 19:58:10.559861
case_103,c,2025-02-24 20:03:10.559861
case_103,b,2025-02-24 20:08:10.559861
case_103,c,2025-02-24 20:13:10.559861
case_103,a,2025-02-24 20:18:10.559861
case_103,b,2025-02-24 20:23:10.559861
case_103,c,2025-02-24 20:28:10.559861
case_103,b,2025-02-24 20:33:10.559861
case_103,b,2025-02-24 20:38:10.559861
case_103,c,2025-02-24 20:43:10.559861
case_103,a,2025-02-24 20:48:10.559861
case_103,a,2025-02-24 20:53:10.559861
case_103,b,2025-02-24 20:58:10.559861
case_103,b,2025-02-24 21:03:10.559861
case_104,b,2025-02-24 19:28:10.559891
case_104,b,2025-02-24 19:33:10.559891
case_104,a,2025-02-24 19:38:10.559891
case_104,c,2025-02-24 19:43:10.559891
case_104,c,2025-02-24 19:48:10.559891
case_104,a,2025-02-24 19:53:10.559891
case_104,a,2025-02-24 19:58:10.559891
case_104,b,2025-02-24 20:03:10.559891
case_104,c,2025-02-24 20:08:10.559891
case_104,b,2025-02-24 20:13:10.559891
case_104,b,2025-02-24 20:18:10.559891
case_104,b,2025-02-24 20:23:10.559891
case_104,b,2025-02-24 20:28:10.559891
case_104,a,2025-02-24 20:33:10.559891
case_104,c,2025-02-24 20:38:10.559891
case_104,a,2025-02-24 20:43:10.559891
case_104,c,2025-02-24 20:48:10.559891
case_104,b,2025-02-24 20:53:10.559891
case_104,b,2025-02-24 20:58:10.559891
case_104,c,2025-02-24 21:03:10.559891
case_105,c,2025-02-24 19:28:10.559922
case_105,b,2025-02-24 19:33:10.559922
case_105,b,2025-02-24 19:38:10.559922
case_105,b,2025-02-24 19:43:10.559922
case_105,c,2025-02-24 19:48:10.559922
case_105,c,2025-02-24 19:53:10.559922
case_105,b,2025-02-24 19:58:10.559922
case_105,c,2025-02-24 20:03:10.559922
case_105,a,2025-02-24 20:08:10.559922
case_105,b,2025-02-24 20:13:10.559922
case_105,b,2025-02-24 20:18:10.559922
case_105,a,2025-02-24 20:23:10.559922
case_105,b,2025-02-24 20:28:10.559922
case_105,c,2025-02-24 20:33:10.559922
case_105,a,2025-02-24 20:38:10.559922
case_105,b,2025-02-24 20:43:10.559922
case_105,a,2025-02-24 20:48:10.559922
case_105,c,2025-02-24 20:53:10.559922
case_105,a,2025-02-24 20:58:10.559922
case_105,a,2025-02-24 21:03:10.559922
case_106,a,2025-02-24 19:28:10.559952
case_106,a,2025-02-24 19:33:10.559952
case_106,a,2025-02-24 19:38:10.559952
case_106,b,2025-02-24 19:43:10.559952
case_106,c,2025-02-24 19:48:10.559952
case_106,b,2025-02-24 19:53:10.559952
case_106,c,2025-02-24 19:58:10.559952
case_106,a,2025-02-24 20:03:10.559952
case_106,a,2025-02-24 20:08:10.559952
case_106,b,2025-02-24 20:13:10.559952
case_106,a,2025-02-24 20:18:10.559952
case_106,c,2025-02-24 20:23:10.559952
case_106,a,2025-02-24 20:28:10.559952
case_106,b,2025-02-24 20:33:10.559952
case_106,b,2025-02-24 20:38:10.559952
case_106,b,2025-02-24 20:43:10.559952
case_106,c,2025-02-24 20:48:10.559952
case_106,b,2025-02-24 20:53:10.559952
case_106,c,2025-02-24 20:58:10.559952
case_106,a,2025-02-24 21:03:10.559952
case_107,c,2025-02-24 19:28:10.559982
case_107,a,2025-02-24 19:33:10.559982
case_107,c,2025-02-24 19:38:10.559982
case_107,b,2025-02-24 19:43:10.559982
case_107,b,2025-02-24 19:48:10.559982
case_107,a,2025-02-24 19:53:10.559982
case_107,a,2025-02-24 19:58:10.559982
case_107,a,2025-02-24 20:03:10.559982
case_107,c,2025-02-24 20:08:10.559982
case_107,b,2025-02-24 20:13:10.559982
case_107,b,2025-02-24 20:18:10.559982
case_107,a,2025-02-24 20:23:10.559982
case_107,c,2025-02-24 20:28:10.559982
case_107,c,2025-02-24 20:33:10.559982
case_107,a,2025-02-24 20:38:10.559982
case_107,b,2025-02-24 20:43:10.559982
case_107,c,2025-02-24 20:48:10.559982
case_107,a,2025-02-24 20:53:10.559982
case_107,a,2025-02-24 20:58:10.559982
case_107,a,2025-02-24 21:03:10.559982
case_108,a,2025-02-24 19:28:10.560012
case_108,a,2025-02-24 19:33:10.560012
case_108,b,2025-02-24 19:38:10.560012
case_108,c,2025-02-24 19:43:10.560012
case_108,c,2025-02-24 19:48:10.560012
case_108,a,2025-02-24 19:53:10.560012
case_108,c,2025-02-24 19:58:10.560012
case_108,c,2025-02-24 20:03:10.560012
case_108,a,2025-02-24 20:08:10.560012
case_108,b,2025-02-24 20:13:10.560012
case_108,a,2025-02-24 20:18:10.560012
case_108,c,2025-02-24 20:23:10.560012
case_108,b,2025-02-24 20:28:10.560012
case_108,c,2025-02-24 20:33:10.560012
case_108,a,2025-02-24 20:38:10.560012
case_108,b,2025-02-24 20:43:10.560012
case_108,b,2025-02-24 20:48:10.560012
case_108,a,2025-02-24 20:53:10.560012
case_108,a,2025-02-24 20:58:10.560012
case_108,c,2025-02-24 21:03:10.560012
case_109,b,2025-02-24 19:28:10.560042
case_109,c,2025-02-24 19:33:10.560042
case_109,c,2025-02-24 19:38:10.560042
case_109,b,2025-02-24 19:43:10.560042
case_109,b,2025-02-24 19:48:10.560042
case_109,c,2025-02-24 19:53:10.560042
case_109,c,2025-02-24 19:58:10.560042
case_109,a,2025-02-24 20:03:10.560042
case_109,b,2025-02-24 20:08:10.560042
case_109,b,2025-02-24 20:13:10.560042
case_109,a,2025-02-24 20:18:10.560042
case_109,a,2025-02-24 20:23:10.560042
case_109,a,2025-02-24 20:28:10.560042
case_109,a,2025-02-24 20:33:10.560042
case_109,a,2025-02-24 20:38:10.560042
case_109,a,2025-02-24 20:43:10.560042
case_109,c,2025-02-24 20:48:10.560042
case_109,b,2025-02-24 20:53:10.560042
case_109,b,2025-02-24 20:58:10.560042
case_109,c,2025-02-24 21:03:10.560042
case_110,a,2025-02-24 19:28:10.560072
case_110,b,2025-02-24 19:33:10.560072
case_110,a,2025-02-24 19:38:10.560072
case_110,c,2025-02-24 19:43:10.560072
case_110,a,2025-02-24 19:48:10.560072
case_110,b,2025-02-24 19:53:10.560072
case_110,b,2025-02-24 19:58:10.560072
case_110,c,2025-02-24 20:03:10.560072
case_110,b,2025-02-24 20:08:10.560072
case_110,a,2025-02-24 20:13:10.560072
case_110,a,2025-02-24 20:18:10.560072
case_110,a,2025-02-24 20:23:10.560072
case_110,a,2025-02-24 20:28:10.560072
case_110,a,2025-02-24 20:33:10.560072
case_110,c,2025-02-24 20:38:10.560072
case_110,c,2025-02-24 20:43:10.560072
case_110,c,2025-02-24 20:48:10.560072
case_110,b,2025-02-24 20:53:10.560072
case_110,c,2025-02-24 20:58:10.560072
case_110,b,2025-02-24 21:03:10.560072
case_111,a,2025-02-24 19:28:10.560102
case_111,c,2025-02-24 19:33:10.560102
case_111,c,2025-02-24 19:38:10.560102
case_111,c,2025-02-24 19:43:10.560102
case_111,b,2025-02-24 19:48:10.560102
case_111,a,2025-02-24 19:53:10.560102
case_111,a,2025-02-24 19:58:10.560102
case_111,a,2025-02-24 20:03:10.560102
case_111,a,2025-02-24 20:08:10.560102
case_111,a,2025-02-24 20:13:10.560102
case_111,c,2025-02-24 20:18:10.560102
case_111,c,2025-02-24 20:23:10.560102
case_111,c,2025-02-24 20:28:10.560102
case_111,b,2025-02-24 20:33:10.560102
case_111,a,2025-02-24 20:38:10.560102
case_111,c,2025-02-24 20:43:10.560102
case_111,c,2025-02-24 20:48:10.560102
case_111,b,2025-02-24 20:53:10.560102
case_111,b,2025-02-24 20:58:10.560102
case_111,a,2025-02-24 21:03:10.560102
case_112,b,2025-02-24 19:28:10.560132
case_112,a,2025-02-24 19:33:10.560132
case_112,b,2025-02-24 19:38:10.560132
case_112,c,2025-02-24 19:43:10.560132
case_112,b,2025-02-24 19:48:10.560132
case_112,b,2025-02-24 19:53:10.560132
case_112,c,2025-02-24 19:58:10.560132
case_112,a,2025-02-24 20:03:10.560132
case_112,b,2025-02-24 20:08:10.560132
case_112,b,2025-02-24 20:13:10.560132
case_112,a,2025-02-24 20:18:10.560132
case_112,a,2025-02-24 20:23:10.560132
case_112,a,2025-02-24 20:28:10.560132
case_112,b,2025-02-24 20:33:10.560132
case_112,a,2025-02-24 20:38:10.560132
case_112,c,2025-02-24 20:43:10.560132
case_112,b,2025-02-24 20:48:10.560132
case_112,b,2025-02-24 20:53:10.560132
case_112,c,2025-02-24 20:58:10.560132
case_112,a,2025-02-24 21:03:10.560132
case_113,a,2025-02-24 19:28:10.560162
case_113,a,2025-02-24 19:33:10.560162
case_113,a,2025-02-24 19:38:10.560162
case_113,c,2025-02-24 19:43:10.560162
case_113,b,2025-02-24 19:48:10.560162
case_113,a,2025-02-24 19:53:10.560162
case_113,a,2025-02-24 19:58:10.560162
case_113,a,2025-02-24 20:03:10.560162
case_113,c,2025-02-24 20:08:10.560162
case_113,a,2025-02-24 20:13:10.560162
case_113,b,2025-02-24 20:18:10.560162
case_113,b,2025-02-24 20:23:10.560162
case_113,a,2025-02-24 20:28:10.560162
case_113,b,2025-02-24 20:33:10.560162
case_113,c,2025-02-24 20:38:10.560162
case_113,b,2025-02-24 20:43:10.560162
case_113,c,2025-02-24 20:48:10.560162
case_113,a,2025-02-24 20:53:10.560162
case_113,b,2025-02-24 20:58:10.560162
case_113,c,2025-02-24 21:03:10.560162
case_114,b,2025-02-24 19:28:10.560193
case_114,a,2025-02-24 19:33:10.560193
case_114,b,2025-02-24 19:38:10.560193
case_114,b,2025-02-24 19:43:10.560193
case_114,b,2025-02-24 19:48:10.560193
case_114,b,2025-02-24 19:53:10.560193
case_114,c,2025-02-24 19:58:10.560193
case_114,a,2025-02-24 20:03:10.560193
case_114,c,2025-02-24 20:08:10.560193
case_114,a,2025-02-24 20:13:10.560193
case_114,c,2025-02-24 20:18:10.560193
case_114,c,2025-02-24 20:23:10.560193
case_114,c,2025-02-24 20:28:10.560193
case_114,a,2025-02-24 20:33:10.560193
case_114,a,2025-02-24 20:38:10.560193
case_114,c,2025-02-24 20:43:10.560193
case_114,b,2025-02-24 20:48:10.560193
case_114,a,2025-02-24 20:53:10.560193
case_114,b,2025-02-24 20:58:10.560193
case_114,a,2025-02-24 21:03:10.560193
case_115,c,2025-02-24 19:28:10.560223
case_115,a,2025-02-24 19:33:10.560223
case_115,a,2025-02-24 19:38:10.560223
case_115,b,2025-02-24 19:43:10.560223
case_115,c,2025-02-24 19:48:10.560223
case_115,a,2025-02-24 19:53:10.560223
case_115,b,2025-02-24 19:58:10.560223
case_115,a,2025-02-24 20:03:10.560223
case_115,b,2025-02-24 20:08:10.560223
case_115,c,2025-02-24 20:13:10.560223
case_115,b,2025-02-24 20:18:10.560223
case_115,c,2025-02-24 20:23:10.560223
case_115,c,2025-02-24 20:28:10.560223
case_115,a,2025-02-24 20:33:10.560223
case_115,b,2025-02-24 20:38:10.560223
case_115,b,2025-02-24 20:43:10.560223
case_115,a,2025-02-24 20:48:10.560223
case_115,a,2025-02-24 20:53:10.560223
case_115,c,2025-02-24 20:58:10.560223
case_115,c,2025-02-24 21:03:10.560223
case_116,a,2025-02-24 19:28:10.560253
case_116,a,2025-02-24 19:33:10.560253
case_116,c,2025-02-24 19:38:10.560253
case_116,c,2025-02-24 19:43:10.560253
case_116,c,2025-02-24 19:48:10.560253
case_116,c,2025-02-24 19:53:10.560253
case_116,c,2025-02-24 19:58:10.560253
case_116,a,2025-02-24 20:03:10.560253
case_116,c,2025-02-24 20:08:10.560253
case_116,a,2025-02-24 20:13:10.560253
case_116,c,2025-02-24 20:18:10.560253
case_116,c,2025-02-24 20:23:10.560253
case_116,c,2025-02-24 20:28:10.560253
case_116,c,2025-02-24 20:33:10.560253
case_116,b,2025-02-24 20:38:10.560253
case_116,a,2025-02-24 20:43:10.560253
case_116,a,2025-02-24 20:48:10.560253
case_116,c,2025-02-24 20:53:10.560253
case_116,b,2025-02-24 20:58:10.560253
case_116,b,2025-02-24 21:03:10.560253
case_117,b,2025-02-24 19:28:10.560283
case_117,b,2025-02-24 19:33:10.560283
case_117,b,2025-02-24 19:38:10.560283
case_117,c,2025-02-24 19:43:10.560283
case_117,b,2025-02-24 19:48:10.560283
case_117,a,2025-02-24 19:53:10.560283
case_117,c,2025-02-24 19:58:10.560283
case_117,a,2025-02-24 20:03:10.560283
case_117,c,2025-02-24 20:08:10.560283
case_117,a,2025-02-24 20:13:10.560283
case_117,a,2025-02-24 20:18:10.560283
case_117,a,2025-02-24 20:23:10.560283
case_117,c,2025-02-24 20:28:10.560283
case_117,a,2025-02-24 20:33:10.560283
case_117,b,2025-02-24 20:38:10.560283
case_117,b,2025-02-24 20:43:10.560283
case_117,a,2025-02-24 20:48:10.560283
case_117,a,2025-02-24 20:53:10.560283
case_117,b,2025-02-24 20:58:10.560283
case_117,a,2025-02-24 21:03:10.560283
case_118,c,2025-02-24 19:28:10.560314
case_118,a,2025-02-24 19:33:10.560314
case_118,c,2025-02-24 19:38:10.560314
case_118,b,2025-02-24 19:43:10.560314
case_118,a,2025-02-24 19:48:10.560314
case_118,b,2025-02-24 19:53:10.560314
case_118,a,2025-02-24 19:58:10.560314
case_118,c,2025-02-24 20:03:10.560314
case_118,a,2025-02-24 20:08:10.560314
case_118,c,2025-02-24 20:13:10.560314
case_118,a,2025-02-24 20:18:10.560314
case_118,a,2025-02-24 20:23:10.560314
case_118,b,2025-02-24 20:28:10.560314
case_118,b,2025-02-24 20:33:10.560314
case_118,a,2025-02-24 20:38:10.560314
case_118,a,2025-02-24 20:43:10.560314
case_118,c,2025-02-24 20:48:10.560314
case_118,c,2025-02-24 20:53:10.560314
case_118,b,2025-02-24 20:58:10.560314
case_118,c,2025-02-24 21:03:10.560314
case_119,a,2025-02-24 19:28:10.560346
case_119,c,2025-02-24 19:33:10.560346
case_119,a,2025-02-24 19:38:10.560346
case_119,a,2025-02-24 19:43:10.560346
case_119,b,2025-02-24 19:48:10.560346
case_119,b,2025-02-24 19:53:10.560346
case_119,b,2025-02-24 19:58:10.560346
case_119,c,2025-02-24 20:03:10.560346
case_119,c,2025-02-24 20:08:10.560346
case_119,c,2025-02-24 20:13:10.560346
case_119,c,2025-02-24 20:18:10.560346
case_119,b,2025-02-24 20:23:10.560346
case_119,c,2025-02-24 20:28:10.560346
case_119,b,2025-02-24 20:33:10.560346
case_119,a,2025-02-24 20:38:10.560346
case_119,c,2025-02-24 20:43:10.560346
case_119,c,2025-02-24 20:48:10.560346
case_119,b,2025-02-24 20:53:10.560346
case_119,c,2025-02-24 20:58:10.560346
case_119,b,2025-02-24 21:03:10.560346
case_120,a,2025-02-24 19:28:10.560376
case_120,a,2025-02-24 19:33:10.560376
case_120,a,2025-02-24 19:38:10.560376
case_120,a,2025-02-24 19:43:10.560376
case_120,c,2025-02-24 19:48:10.560376
case_120,a,2025-02-24 19:53:10.560376
case_120,b,2025-02-24 19:58:10.560376
case_120,c,2025-02-24 20:03:10.560376
case_120,c,2025-02-24 20:08:10.560376
case_120,a,2025-02-24 20:13:10.560376
case_120,a,2025-02-24 20:18:10.560376
case_120,a,2025-02-24 20:23:10.560376
case_120,a,2025-02-24 20:28:10.560376
case_120,a,2025-02-24 20:33:10.560376
case_120,c,2025-02-24 20:38:10.560376
case_120,c,2025-02-24 20:43:10.560376
case_120,c,2025-02-24 20:48:10.560376
case_120,a,2025-02-24 20:53:10.560376
case_120,b,2025-02-24 20:58:10.560376
case_120,b,2025-02-24 21:03:10.560376
case_121,c,2025-02-24 19:28:10.560405
case_121,a,2025-02-24 19:33:10.560405
case_121,a,2025-02-24 19:38:10.560405
case_121,b,2025-02-24 19:43:10.560405
case_121,b,2025-02-24 19:48:10.560405
case_121,b,2025-02-24 19:53:10.560405
case_121,b,2025-02-24 19:58:10.560405
case_121,a,2025-02-24 20:03:10.560405
case_121,b,2025-02-24 20:08:10.560405
case_121,b,2025-02-24 20:13:10.560405
case_121,b,2025-02-24 20:18:10.560405
case_121,b,2025-02-24 20:23:10.560405
case_121,c,2025-02-24 20:28:10.560405
case_121,a,2025-02-24 20:33:10.560405
case_121,c,2025-02-24 20:38:10.560405
case_121,c,2025-02-24 20:43:10.560405
case_121,a,2025-02-24 20:48:10.560405
case_121,b,2025-02-24 20:53:10.560405
case_121,b,2025-02-24 20:58:10.560405
case_121,c,2025-02-24 21:03:10.560405
case_122,c,2025-02-24 19:28:10.560435
case_122,c,2025-02-24 19:33:10.560435
case_122,a,2025-02-24 19:38:10.560435
case_122,b,2025-02-24 19:43:10.560435
case_122,b,2025-02-24 19:48:10.560435
case_122,c,2025-02-24 19:53:10.560435
case_122,c,2025-02-24 19:58:10.560435
case_122,c,2025-02-24 20:03:10.560435
case_122,c,2025-02-24 20:08:10.560435
case_122,b,2025-02-24 20:13:10.560435
case_122,c,2025-02-24 20:18:10.560435
case_122,c,2025-02-24 20:23:10.560435
case_122,b,2025-02-24 20:28:10.560435
case_122,b,2025-02-24 20:33:10.560435
case_122,b,2025-02-24 20:38:10.560435
case_122,a,2025-02-24 20:43:10.560435
case_122,c,2025-02-24 20:48:10.560435
case_122,b,2025-02-24 20:53:10.560435
case_122,a,2025-02-24 20:58:10.560435
case_122,a,2025-02-24 21:03:10.560435
case_123,c,2025-02-24 19:28:10.560464
case_123,c,2025-02-24 19:33:10.560464
case_123,c,2025-02-24 19:38:10.560464
case_123,c,2025-02-24 19:43:10.560464
case_123,b,2025-02-24 19:48:10.560464
case_123,c,2025-02-24 19:53:10.560464
case_123,c,2025-02-24 19:58:10.560464
case_123,a,2025-02-24 20:03:10.560464
case_123,b,2025-02-24 20:08:10.560464
case_123,b,2025-02-24 20:13:10.560464
case_123,c,2025-02-24 20:18:10.560464
case_123,c,2025-02-24 20:23:10.560464
case_123,b,2025-02-24 20:28:10.560464
case_123,a,2025-02-24 20:33:10.560464
case_123,b,2025-02-24 20:38:10.560464
case_123,b,2025-02-24 20:43:10.560464
case_123,a,2025-02-24 20:48:10.560464
case_123,a,2025-02-24 20:53:10.560464
case_123,c,2025-02-24 20:58:10.560464
case_123,a,2025-02-24 21:03:10.560464
case_124,b,2025-02-24 19:28:10.560494
case_124,b,2025-02-24 19:33:10.560494
case_124,c,2025-02-24 19:38:10.560494
case_124,b,2025-02-24 19:43:10.560494
case_124,c,2025-02-24 19:48:10.560494
case_124,a,2025-02-24 19:53:10.560494
case_124,b,2025-02-24 19:58:10.560494
case_124,b,2025-02-24 20:03:10.560494
case_124,a,2025-02-24 20:08:10.560494
case_124,a,2025-02-24 20:13:10.560494
case_124,a,2025-02-24 20:18:10.560494
case_124,c,2025-02-24 20:23:10.560494
case_124,a,2025-02-24 20:28:10.560494
case_124,b,2025-02-24 20:33:10.560494
case_124,b,2025-02-24 20:38:10.560494
case_124,a,2025-02-24 20:43:10.560494
case_124,c,2025-02-24 20:48:10.560494
case_124,b,2025-02-24 20:53:10.560494
case_124,b,2025-02-24 20:58:10.560494
case_124,b,2025-02-24 21:03:10.560494
case_125,c,2025-02-24 19:28:10.560523
case_125,a,2025-02-24 19:33:10.560523
case_125,b,2025-02-24 19:38:10.560523
case_125,c,2025-02-24 19:43:10.560523
case_125,a,2025-02-24 19:48:10.560523
case_125,a,2025-02-24 19:53:10.560523
case_125,c,2025-02-24 19:58:10.560523
case_125,b,2025-02-24 20:03:10.560523
case_125,b,2025-02-24 20:08:10.560523
case_125,c,2025-02-24 20:13:10.560523
case_125,b,2025-02-24 20:18:10.560523
case_125,c,2025-02-24 20:23:10.560523
case_125,b,2025-02-24 20:28:10.560523
case_125,b,2025-02-24 20:33:10.560523
case_125,b,2025-02-24 20:38:10.560523
case_125,a,2025-02-24 20:43:10.560523
case_125,c,2025-02-24 20:48:10.560523
case_125,b,2025-02-24 20:53:10.560523
case_125,b,2025-02-24 20:58:10.560523
case_125,a,2025-02-24 21:03:10.560523
case_126,c,2025-02-24 19:28:10.560553
case_126,b,2025-02-24 19:33:10.560553
case_126,a,2025-02-24 19:38:10.560553
case_126,c,2025-02-24 19:43:10.560553
case_126,c,2025-02-24 19:48:10.560553
case_126,a,2025-02-24 19:53:10.560553
case_126,b,2025-02-24 19:58:10.560553
case_126,b,2025-02-24 20:03:10.560553
case_126,b,2025-02-24 20:08:10.560553
case_126,c,2025-02-24 20:13:10.560553
case_126,b,2025-02-24 20:18:10.560553
case_126,a,2025-02-24 20:23:10.560553
case_126,a,2025-02-24 20:28:10.560553
case_126,b,2025-02-24 20:33:10.560553
case_126,b,2025-02-24 20:38:10.560553
case_126,b,2025-02-24 20:43:10.560553
case_126,b,2025-02-24 20:48:10.560553
case_126,c,2025-02-24 20:53:10.560553
case_126,c,2025-02-24 20:58:10.560553
case_126,c,2025-02-24 21:03:10.560553
case_127,a,2025-02-24 19:28:10.560582
case_127,b,2025-02-24 19:33:10.560582
case_127,c,2025-02-24 19:38:10.560582
case_127,c,2025-02-24 19:43:10.560582
case_127,c,2025-02-24 19:48:10.560582
case_127,b,2025-02-24 19:53:10.560582
case_127,a,2025-02-24 19:58:10.560582
case_127,a,2025-02-24 20:03:10.560582
case_127,b,2025-02-24 20:08:10.560582
case_127,b,2025-02-24 20:13:10.560582
case_127,a,2025-02-24 20:18:10.560582
case_127,a,2025-02-24 20:23:10.560582
case_127,b,2025-02-24 20:28:10.560582
case_127,b,2025-02-24 20:33:10.560582
case_127,a,2025-02-24 20:38:10.560582
case_127,a,2025-02-24 20:43:10.560582
case_127,b,2025-02-24 20:48:10.560582
case_127,b,2025-02-24 20:53:10.560582
case_127,c,2025-02-24 20:58:10.560582
case_127,a,2025-02-24 21:03:10.560582
case_128,b,2025-02-24 19:28:10.560612
case_128,b,2025-02-24 19:33:10.560612
case_128,a,2025-02-24 19:38:10.560612
case_128,b,2025-02-24 19:43:10.560612
case_128,b,2025-02-24 19:48:10.560612
case_128,b,2025-02-24 19:53:10.560612
case_128,b,2025-02-24 19:58:10.560612
case_128,c,2025-02-24 20:03:10.560612
case_128,a,2025-02-24 20:08:10.560612
case_128,a,2025-02-24 20:13:10.560612
case_128,c,2025-02-24 20:18:10.560612
case_128,a,2025-02-24 20:23:10.560612
case_128,c,2025-02-24 20:28:10.560612
case_128,a,2025-02-24 20:33:10.560612
case_128,b,2025-02-24 20:38:10.560612
case_128,b,2025-02-24 20:43:10.560612
case_128,c,2025-02-24 20:48:10.560612
case_128,c,2025-02-24 20:53:10.560612
case_128,b,2025-02-24 20:58:10.560612
case_128,a,2025-02-24 21:03:10.560612
case_129,b,2025-02-24 19:28:10.560642
case_129,c,2025-02-24 19:33:10.560642
case_129,b,2025-02-24 19:38:10.560642
case_129,b,2025-02-24 19:43:10.560642
case_129,b,2025-02-24 19:48:10.560642
case_129,a,2025-02-24 19:53:10.560642
case_129,b,2025-02-24 19:58:10.560642
case_129,b,2025-02-24 20:03:10.560642
case_129,b,2025-02-24 20:08:10.560642
case_129,a,2025-02-24 20:13:10.560642
case_129,b,2025-02-24 20:18:10.560642
case_129,b,2025-02-24 20:23:10.560642
case_129,b,2025-02-24 20:28:10.560642
case_129,b,2025-02-24 20:33:10.560642
case_129,b,2025-02-24 20:38:10.560642
case_129,c,2025-02-24 20:43:10.560642
case_129,a,2025-02-24 20:48:10.560642
case_129,a,2025-02-24 20:53:10.560642
case_129,c,2025-02-24 20:58:10.560642
case_129,a,2025-02-24 21:03:10.560642
case_130,a,2025-02-24 19:28:10.560672
case_130,c,2025-02-24 19:33:10.560672
case_130,b,2025-02-24 19:38:10.560672
case_130,c,2025-02-24 19:43:10.560672
case_130,c,2025-02-24 19:48:10.560672
case_130,b,2025-02-24 19:53:10.560672
case_130,c,2025-02-24 19:58:10.560672
case_130,a,2025-02-24 20:03:10.560672
case_130,b,2025-02-24 20:08:10.560672
case_130,a,2025-02-24 20:13:10.560672
case_130,a,2025-02-24 20:18:10.560672
case_130,a,2025-02-24 20:23:10.560672
case_130,c,2025-02-24 20:28:10.560672
case_130,c,2025-02-24 20:33:10.560672
case_130,c,2025-02-24 20:38:10.560672
case_130,c,2025-02-24 20:43:10.560672
case_130,b,2025-02-24 20:48:10.560672
case_130,c,2025-02-24 20:53:10.560672
case_130,b,2025-02-24 20:58:10.560672
case_130,b,2025-02-24 21:03:10.560672
case_131,c,2025-02-24 19:28:10.560702
case_131,c,2025-02-24 19:33:10.560702
case_131,a,2025-02-24 19:38:10.560702
case_131,b,2025-02-24 19:43:10.560702
case_131,b,2025-02-24 19:48:10.560702
case_131,a,2025-02-24 19:53:10.560702
case_131,c,2025-02-24 19:58:10.560702
case_131,b,2025-02-24 20:03:10.560702
case_131,c,2025-02-24 20:08:10.560702
case_131,c,2025-02-24 20:13:10.560702
case_131,a,2025-02-24 20:18:10.560702
case_131,b,2025-02-24 20:23:10.560702
case_131,c,2025-02-24 20:28:10.560702
case_131,b,2025-02-24 20:33:10.560702
case_131,b,2025-02-24 20:38:10.560702
case_131,a,2025-02-24 20:43:10.560702
case_131,b,2025-02-24 20:48:10.560702
case_131,a,2025-02-24 20:53:10.560702
case_131,a,2025-02-24 20:58:10.560702
case_131,b,2025-02-24 21:03:10.560702
case_132,c,2025-02-24 19:28:10.560732
case_132,b,2025-02-24 19:33:10.560732
case_132,a,2025-02-24 19:38:10.560732
case_132,a,2025-02-24 19:43:10.560732
case_132,a,2025-02-24 19:48:10.560732
case_132,c,2025-02-24 19:53:10.560732
case_132,c,2025-02-24 19:58:10.560732
case_132,b,2025-02-24 20:03:10.560732
case_132,c,2025-02-24 20:08:10.560732
case_132,c,2025-02-24 20:13:10.560732
case_132,c,2025-02-24 20:18:10.560732
case_132,a,2025-02-24 20:23:10.560732
case_132,c,2025-02-24 20:28:10.560732
case_132,c,2025-02-24 20:33:10.560732
case_132,b,2025-02-24 20:38:10.560732
case_132,b,2025-02-24 20:43:10.560732
case_132,c,2025-02-24 20:48:10.560732
case_132,a,2025-02-24 20:53:10.560732
case_132,b,2025-02-24 20:58:10.560732
case_132,a,2025-02-24 21:03:10.560732
case_133,c,2025-02-24 19:28:10.560763
case_133,c,2025-02-24 19:33:10.560763
case_133,b,2025-02-24 19:38:10.560763
case_133,b,2025-02-24 19:43:10.560763
case_133,a,2025-02-24 19:48:10.560763
case_133,a,2025-02-24 19:53:10.560763
case_133,b,2025-02-24 19:58:10.560763
case_133,c,2025-02-24 20:03:10.560763
case_133,c,2025-02-24 20:08:10.560763
case_133,b,2025-02-24 20:13:10.560763
case_133,a,2025-02-24 20:18:10.560763
case_133,c,2025-02-24 20:23:10.560763
case_133,b,2025-02-24 20:28:10.560763
case_133,a,2025-02-24 20:33:10.560763
case_133,a,2025-02-24 20:38:10.560763
case_133,a,2025-02-24 20:43:10.560763
case_133,b,2025-02-24 20:48:10.560763
case_133,b,2025-02-24 20:53:10.560763
case_133,c,2025-02-24 20:58:10.560763
case_133,c,2025-02-24 21:03:10.560763
case_134,b,2025-02-24 19:28:10.560792
case_134,a,2025-02-24 19:33:10.560792
case_134,a,2025-02-24 19:38:10.560792
case_134,b,2025-02-24 19:43:10.560792
case_134,c,2025-02-24 19:48:10.560792
case_134,a,2025-02-24 19:53:10.560792
case_134,c,2025-02-24 19:58:10.560792
case_134,c,2025-02-24 20:03:10.560792
case_134,a,2025-02-24 20:08:10.560792
case_134,c,2025-02-24 20:13:10.560792
case_134,b,2025-02-24 20:18:10.560792
case_134,c,2025-02-24 20:23:10.560792
case_134,b,2025-02-24 20:28:10.560792
case_134,a,2025-02-24 20:33:10.560792
case_134,a,2025-02-24 20:38:10.560792
case_134,c,2025-02-24 20:43:10.560792
case_134,c,2025-02-24 20:48:10.560792
case_134,a,2025-02-24 20:53:10.560792
case_134,c,2025-02-24 20:58:10.560792
case_134,c,2025-02-24 21:03:10.560792
case_135,c,2025-02-24 19:28:10.560822
case_135,a,2025-02-24 19:33:10.560822
case_135,a,2025-02-24 19:38:10.560822
case_135,a,2025-02-24 19:43:10.560822
case_135,b,2025-02-24 19:48:10.560822
case_135,a,2025-02-24 19:53:10.560822
case_135,b,2025-02-24 19:58:10.560822
case_135,c,2025-02-24 20:03:10.560822
case_135,c,2025-02-24 20:08:10.560822
case_135,a,2025-02-24 20:13:10.560822
case_135,c,2025-02-24 20:18:10.560822
case_135,a,2025-02-24 20:23:10.560822
case_135,a,2025-02-24 20:28:10.560822
case_135,c,2025-02-24 20:33:10.560822
case_135,b,2025-02-24 20:38:10.560822
case_135,c,2025-02-24 20:43:10.560822
case_135,b,2025-02-24 20:48:10.560822
case_135,b,2025-02-24 20:53:10.560822
case_135,c,2025-02-24 20:58:10.560822
case_135,c,2025-02-24 21:03:10.560822
case_136,b,2025-02-24 19:28:10.560851
case_136,a,2025-02-24 19:33:10.560851
case_136,a,2025-02-24 19:38:10.560851
case_136,a,2025-02-24 19:43:10.560851
case_136,c,2025-02-24 19:48:10.560851
case_136,a,2025-02-24 19:53:10.560851
case_136,a,2025-02-24 19:58:10.560851
case_136,a,2025-02-24 20:03:10.560851
case_136,a,2025-02-24 20:08:10.560851
case_136,a,2025-02-24 20:13:10.560851
case_136,c,2025-02-24 20:18:10.560851
case_136,a,2025-02-24 20:23:10.560851
case_136,b,2025-02-24 20:28:10.560851
case_136,c,2025-02-24 20:33:10.560851
case_136,c,2025-02-24 20:38:10.560851
case_136,b,2025-02-24 20:43:10.560851
case_136,a,2025-02-24 20:48:10.560851
case_136,a,2025-02-24 20:53:10.560851
case_136,b,2025-02-24 20:58:10.560851
case_136,b,2025-02-24 21:03:10.560851
case_137,a,2025-02-24 19:28:10.560881
case_137,a,2025-02-24 19:33:10.560881
case_137,a,2025-02-24 19:38:10.560881
case_137,a,2025-02-24 19:43:10.560881
case_137,a,2025-02-24 19:48:10.560881
case_137,b,2025-02-24 19:53:10.560881
case_137,a,2025-02-24 19:58:10.560881
case_137,c,2025-02-24 20:03:10.560881
case_137,b,2025-02-24 20:08:10.560881
case_137,a,2025-02-24 20:13:10.560881
case_137,b,2025-02-24 20:18:10.560881
case_137,c,2025-02-24 20:23:10.560881
case_137,b,2025-02-24 20:28:10.560881
case_137,c,2025-02-24 20:33:10.560881
case_137,c,2025-02-24 20:38:10.560881
case_137,b,2025-02-24 20:43:10.560881
case_137,b,2025-02-24 20:48:10.560881
case_137,a,2025-02-24 20:53:10.560881
case_137,a,2025-02-24 20:58:10.560881
case_137,c,2025-02-24 21:03:10.560881
case_138,a,2025-02-24 19:28:10.560910
case_138,b,2025-02-24 19:33:10.560910
case_138,a,2025-02-24 19:38:10.560910
case_138,c,2025-02-24 19:43:10.560910
case_138,c,2025-02-24 19:48:10.560910
case_138,b,2025-02-24 19:53:10.560910
case_138,c,2025-02-24 19:58:10.560910
case_138,c,2025-02-24 20:03:10.560910
case_138,b,2025-02-24 20:08:10.560910
case_138,a,2025-02-24 20:13:10.560910
case_138,a,2025-02-24 20:18:10.560910
case_138,b,2025-02-24 20:23:10.560910
case_138,c,2025-02-24 20:28:10.560910
case_138,b,2025-02-24 20:33:10.560910
case_138,a,2025-02-24 20:38:10.560910
case_138,a,2025-02-24 20:43:10.560910
case_138,c,2025-02-24 20:48:10.560910
case_138,c,2025-02-24 20:53:10.560910
case_138,b,2025-02-24 20:58:10.560910
case_138,b,2025-02-24 21:03:10.560910
case_139,a,2025-02-24 19:28:10.560940
case_139,b,2025-02-24 19:33:10.560940
case_139,c,2025-02-24 19:38:10.560940
case_139,b,2025-02-24 19:43:10.560940
case_139,b,2025-02-24 19:48:10.560940
case_139,c,2025-02-24 19:53:10.560940
case_139,c,2025-02-24 19:58:10.560940
case_139,a,2025-02-24 20:03:10.560940
case_139,b,2025-02-24 20:08:10.560940
case_139,a,2025-02-24 20:13:10.560940
case_139,a,2025-02-24 20:18:10.560940
case_139,a,2025-02-24 20:23:10.560940
case_139,a,2025-02-24 20:28:10.560940
case_139,c,2025-02-24 20:33:10.560940
case_139,b,2025-02-24 20:38:10.560940
case_139,a,2025-02-24 20:43:10.560940
case_139,a,2025-02-24 20:48:10.560940
case_139,b,2025-02-24 20:53:10.560940
case_139,c,2025-02-24 20:58:10.560940
case_139,c,2025-02-24 21:03:10.560940
case_140,c,2025-02-24 19:28:10.560969
case_140,a,2025-02-24 19:33:10.560969
case_140,c,2025-02-24 19:38:10.560969
case_140,c,2025-02-24 19:43:10.560969
case_140,c,2025-02-24 19:48:10.560969
case_140,c,2025-02-24 19:53:10.560969
case_140,b,2025-02-24 19:58:10.560969
case_140,b,2025-02-24 20:03:10.560969
case_140,a,2025-02-24 20:08:10.560969
case_140,c,2025-02-24 20:13:10.560969
case_140,a,2025-02-24 20:18:10.560969
case_140,a,2025-02-24 20:23:10.560969
case_140,c,2025-02-24 20:28:10.560969
case_140,c,2025-02-24 20:33:10.560969
case_140,c,2025-02-24 20:38:10.560969
case_140,c,2025-02-24 20:43:10.560969
case_140,c,2025-02-24 20:48:10.560969
case_140,b,2025-02-24 20:53:10.560969
case_140,a,2025-02-24 20:58:10.560969
case_140,c,2025-02-24 21:03:10.560969
case_141,b,2025-02-24 19:28:10.560999
case_141,b,2025-02-24 19:33:10.560999
case_141,b,2025-02-24 19:38:10.560999
case_141,c,2025-02-24 19:43:10.560999
case_141,a,2025-02-24 19:48:10.560999
case_141,b,2025-02-24 19:53:10.560999
case_141,b,2025-02-24 19:58:10.560999
case_141,a,2025-02-24 20:03:10.560999
case_141,b,2025-02-24 20:08:10.560999
case_141,c,2025-02-24 20:13:10.560999
case_141,a,2025-02-24 20:18:10.560999
case_141,b,2025-02-24 20:23:10.560999
case_141,c,2025-02-24 20:28:10.560999
case_141,c,2025-02-24 20:33:10.560999
case_141,c,2025-02-24 20:38:10.560999
case_141,c,2025-02-24 20:43:10.560999
case_141,c,2025-02-24 20:48:10.560999
case_141,c,2025-02-24 20:53:10.560999
case_141,a,2025-02-24 20:58:10.560999
case_141,a,2025-02-24 21:03:10.560999
case_142,b,2025-02-24 19:28:10.561028
case_142,c,2025-02-24 19:33:10.561028
case_142,b,2025-02-24 19:38:10.561028
case_142,a,2025-02-24 19:43:10.561028
case_142,b,2025-02-24 19:48:10.561028
case_142,c,2025-02-24 19:53:10.561028
case_142,b,2025-02-24 19:58:10.561028
case_142,b,2025-02-24 20:03:10.561028
case_142,b,2025-02-24 20:08:10.561028
case_142,a,2025-02-24 20:13:10.561028
case_142,b,2025-02-24 20:18:10.561028
case_142,c,2025-02-24 20:23:10.561028
case_142,a,2025-02-24 20:28:10.561028
case_142,a,2025-02-24 20:33:10.561028
case_142,a,2025-02-24 20:38:10.561028
case_142,b,2025-02-24 20:43:10.561028
case_142,c,2025-02-24 20:48:10.561028
case_142,c,2025-02-24 20:53:10.561028
case_142,b,2025-02-24 20:58:10.561028
case_142,b,2025-02-24 21:03:10.561028
case_143,c,2025-02-24 19:28:10.561058
case_143,a,2025-02-24 19:33:10.561058
case_143,a,2025-02-24 19:38:10.561058
case_143,b,2025-02-24 19:43:10.561058
case_143,a,2025-02-24 19:48:10.561058
case_143,c,2025-02-24 19:53:10.561058
case_143,c,2025-02-24 19:58:10.561058
case_143,a,2025-02-24 20:03:10.561058
case_143,b,2025-02-24 20:08:10.561058
case_143,c,2025-02-24 20:13:10.561058
case_143,b,2025-02-24 20:18:10.561058
case_143,c,2025-02-24 20:23:10.561058
case_143,c,2025-02-24 20:28:10.561058
case_143,b,2025-02-24 20:33:10.561058
case_143,a,2025-02-24 20:38:10.561058
case_143,a,2025-02-24 20:43:10.561058
case_143,c,2025-02-24 20:48:10.561058
case_143,b,2025-02-24 20:53:10.561058
case_143,b,2025-02-24 20:58:10.561058
case_143,b,2025-02-24 21:03:10.561058
case_144,b,2025-02-24 19:28:10.561087
case_144,c,2025-02-24 19:33:10.561087
case_144,c,2025-02-24 19:38:10.561087
case_144,b,2025-02-24 19:43:10.561087
case_144,a,2025-02-24 19:48:10.561087
case_144,b,2025-02-24 19:53:10.561087
case_144,b,2025-02-24 19:58:10.561087
case_144,a,2025-02-24 20:03:10.561087
case_144,c,2025-02-24 20:08:10.561087
case_144,c,2025-02-24 20:13:10.561087
case_144,b,2025-02-24 20:18:10.561087
case_144,b,2025-02-24 20:23:10.561087
case_144,c,2025-02-24 20:28:10.561087
case_144,c,2025-02-24 20:33:10.561087
case_144,b,2025-02-24 20:38:10.561087
case_144,a,2025-02-24 20:43:10.561087
case_144,b,2025-02-24 20:48:10.561087
case_144,b,2025-02-24 20:53:10.561087
case_144,a,2025-02-24 20:58:10.561087
case_144,a,2025-02-24 21:03:10.561087
case_145,a,2025-02-24 19:28:10.561117
case_145,b,2025-02-24 19:33:10.561117
case_145,c,2025-02-24 19:38:10.561117
case_145,c,2025-02-24 19:43:10.561117
case_145,a,2025-02-24 19:48:10.561117
case_145,a,2025-02-24 19:53:10.561117
case_145,a,2025-02-24 19:58:10.561117
case_145,c,2025-02-24 20:03:10.561117
case_145,b,2025-02-24 20:08:10.561117
case_145,b,2025-02-24 20:13:10.561117
case_145,a,2025-02-24 20:18:10.561117
case_145,a,2025-02-24 20:23:10.561117
case_145,c,2025-02-24 20:28:10.561117
case_145,b,2025-02-24 20:33:10.561117
case_145,a,2025-02-24 20:38:10.561117
case_145,c,2025-02-24 20:43:10.561117
case_145,c,2025-02-24 20:48:10.561117
case_145,b,2025-02-24 20:53:10.561117
case_145,a,2025-02-24 20:58:10.561117
case_145,a,2025-02-24 21:03:10.561117
case_146,b,2025-02-24 19:28:10.561146
case_146,a,2025-02-24 19:33:10.561146
case_146,b,2025-02-24 19:38:10.561146
case_146,b,2025-02-24 19:43:10.561146
case_146,c,2025-02-24 19:48:10.561146
case_146,b,2025-02-24 19:53:10.561146
case_146,a,2025-02-24 19:58:10.561146
case_146,a,2025-02-24 20:03:10.561146
case_146,a,2025-02-24 20:08:10.561146
case_146,b,2025-02-24 20:13:10.561146
case_146,c,2025-02-24 20:18:10.561146
case_146,a,2025-02-24 20:23:10.561146
case_146,b,2025-02-24 20:28:10.561146
case_146,a,2025-02-24 20:33:10.561146
case_146,a,2025-02-24 20:38:10.561146
case_146,a,2025-02-24 20:43:10.561146
case_146,c,2025-02-24 20:48:10.561146
case_146,a,2025-02-24 20:53:10.561146
case_146,a,2025-02-24 20:58:10.561146
case_146,c,2025-02-24 21:03:10.561146
case_147,a,2025-02-24 19:28:10.561176
case_147,b,2025-02-24 19:33:10.561176
case_147,b,2025-02-24 19:38:10.561176
case_147,a,2025-02-24 19:43:10.561176
case_147,a,2025-02-24 19:48:10.561176
case_147,c,2025-02-24 19:53:10.561176
case_147,b,2025-02-24 19:58:10.561176
case_147,a,2025-02-24 20:03:10.561176
case_147,b,2025-02-24 20:08:10.561176
case_147,c,2025-02-24 20:13:10.561176
case_147,b,2025-02-24 20:18:10.561176
case_147,c,2025-02-24 20:23:10.561176
case_147,b,2025-02-24 20:28:10.561176
case_147,a,2025-02-24 20:33:10.561176
case_147,b,2025-02-24 20:38:10.561176
case_147,a,2025-02-24 20:43:10.561176
case_147,c,2025-02-24 20:48:10.561176
case_147,b,2025-02-24 20:53:10.561176
case_147,c,2025-02-24 20:58:10.561176
case_147,c,2025-02-24 21:03:10.561176
case_148,c,2025-02-24 19:28:10.561206
case_148,b,2025-02-24 19:33:10.561206
case_148,c,2025-02-24 19:38:10.561206
case_148,b,2025-02-24 19:43:10.561206
case_148,b,2025-02-24 19:48:10.561206
case_148,a,2025-02-24 19:53:10.561206
case_148,c,2025-02-24 19:58:10.561206
case_148,b,2025-02-24 20:03:10.561206
case_148,b,2025-02-24 20:08:10.561206
case_148,a,2025-02-24 20:13:10.561206
case_148,b,2025-02-24 20:18:10.561206
case_148,a,2025-02-24 20:23:10.561206
case_148,b,2025-02-24 20:28:10.561206
case_148,c,2025-02-24 20:33:10.561206
case_148,c,2025-02-24 20:38:10.561206
case_148,c,2025-02-24 20:43:10.561206
case_148,b,2025-02-24 20:48:10.561206
case_148,c,2025-02-24 20:53:10.561206
case_148,a,2025-02-24 20:58:10.561206
case_148,a,2025-02-24 21:03:10.561206
case_149,a,2025-02-24 19:28:10.561236
case_149,b,2025-02-24 19:33:10.561236
case_149,a,2025-02-24 19:38:10.561236
case_149,c,2025-02-24 19:43:10.561236
case_149,b,2025-02-24 19:48:10.561236
case_149,a,2025-02-24 19:53:10.561236
case_149,b,2025-02-24 19:58:10.561236
case_149,a,2025-02-24 20:03:10.561236
case_149,a,2025-02-24 20:08:10.561236
case_149,a,2025-02-24 20:13:10.561236
case_149,c,2025-02-24 20:18:10.561236
case_149,b,2025-02-24 20:23:10.561236
case_149,c,2025-02-24 20:28:10.561236
case_149,b,2025-02-24 20:33:10.561236
case_149,c,2025-02-24 20:38:10.561236
case_149,b,2025-02-24 20:43:10.561236
case_149,b,2025-02-24 20:48:10.561236
case_149,c,2025-02-24 20:53:10.561236
case_149,b,2025-02-24 20:58:10.561236
case_149,b,2025-02-24 21:03:10.561236
case_150,c,2025-02-24 19:28:10.561265
case_150,c,2025-02-24 19:33:10.561265
case_150,c,2025-02-24 19:38:10.561265
case_150,c,2025-02-24 19:43:10.561265
case_150,c,2025-02-24 19:48:10.561265
case_150,c,2025-02-24 19:53:10.561265
case_150,a,2025-02-24 19:58:10.561265
case_150,c,2025-02-24 20:03:10.561265
case_150,b,2025-02-24 20:08:10.561265
case_150,a,2025-02-24 20:13:10.561265
case_150,a,2025-02-24 20:18:10.561265
case_150,b,2025-02-24 20:23:10.561265
case_150,a,2025-02-24 20:28:10.561265
case_150,c,2025-02-24 20:33:10.561265
case_150,a,2025-02-24 20:38:10.561265
case_150,c,2025-02-24 20:43:10.561265
case_150,b,2025-02-24 20:48:10.561265
case_150,a,2025-02-24 20:53:10.561265
case_150,b,2025-02-24 20:58:10.561265
case_150,b,2025-02-24 21:03:10.561265
case_151,a,2025-02-24 19:28:10.561295
case_151,a,2025-02-24 19:33:10.561295
case_151,c,2025-02-24 19:38:10.561295
case_151,a,2025-02-24 19:43:10.561295
case_151,b,2025-02-24 19:48:10.561295
case_151,a,2025-02-24 19:53:10.561295
case_151,c,2025-02-24 19:58:10.561295
case_151,b,2025-02-24 20:03:10.561295
case_151,a,2025-02-24 20:08:10.561295
case_151,b,2025-02-24 20:13:10.561295
case_151,c,2025-02-24 20:18:10.561295
case_151,c,2025-02-24 20:23:10.561295
case_151,a,2025-02-24 20:28:10.561295
case_151,a,2025-02-24 20:33:10.561295
case_151,b,2025-02-24 20:38:10.561295
case_151,b,2025-02-24 20:43:10.561295
case_151,c,2025-02-24 20:48:10.561295
case_151,a,2025-02-24 20:53:10.561295
case_151,b,2025-02-24 20:58:10.561295
case_151,b,2025-02-24 21:03:10.561295
case_152,a,2025-02-24 19:28:10.561328
case_152,c,2025-02-24 19:33:10.561328
case_152,c,2025-02-24 19:38:10.561328
case_152,a,2025-02-24 19:43:10.561328
case_152,c,2025-02-24 19:48:10.561328
case_152,b,2025-02-24 19:53:10.561328
case_152,c,2025-02-24 19:58:10.561328
case_152,b,2025-02-24 20:03:10.561328
case_152,c,2025-02-24 20:08:10.561328
case_152,b,2025-02-24 20:13:10.561328
case_152,b,2025-02-24 20:18:10.561328
case_152,c,2025-02-24 20:23:10.561328
case_152,b,2025-02-24 20:28:10.561328
case_152,c,2025-02-24 20:33:10.561328
case_152,c,2025-02-24 20:38:10.561328
case_152,b,2025-02-24 20:43:10.561328
case_152,c,2025-02-24 20:48:10.561328
case_152,a,2025-02-24 20:53:10.561328
case_152,a,2025-02-24 20:58:10.561328
case_152,b,2025-02-24 21:03:10.561328
case_153,c,2025-02-24 19:28:10.561357
case_153,c,2025-02-24 19:33:10.561357
case_153,b,2025-02-24 19:38:10.561357
case_153,a,2025-02-24 19:43:10.561357
case_153,b,2025-02-24 19:48:10.561357
case_153,a,2025-02-24 19:53:10.561357
case_153,a,2025-02-24 19:58:10.561357
case_153,a,2025-02-24 20:03:10.561357
case_153,c,2025-02-24 20:08:10.561357
case_153,c,2025-02-24 20:13:10.561357
case_153,b,2025-02-24 20:18:10.561357
case_153,b,2025-02-24 20:23:10.561357
case_153,a,2025-02-24 20:28:10.561357
case_153,c,2025-02-24 20:33:10.561357
case_153,a,2025-02-24 20:38:10.561357
case_153,c,2025-02-24 20:43:10.561357
case_153,c,2025-02-24 20:48:10.561357
case_153,b,2025-02-24 20:53:10.561357
case_153,b,2025-02-24 20:58:10.561357
case_153,b,2025-02-24 21:03:10.561357
case_154,b,2025-02-24 19:28:10.561387
case_154,a,2025-02-24 19:33:10.561387
case_154,b,2025-02-24 19:38:10.561387
case_154,c,2025-02-24 19:43:10.561387
case_154,c,2025-02-24 19:48:10.561387
case_154,a,2025-02-24 19:53:10.561387
case_154,c,2025-02-24 19:58:10.561387
case_154,a,2025-02-24 20:03:10.561387
case_154,c,2025-02-24 20:08:10.561387
case_154,b,2025-02-24 20:13:10.561387
case_154,b,2025-02-24 20:18:10.561387
case_154,c,2025-02-24 20:23:10.561387
case_154,c,2025-02-24 20:28:10.561387
case_154,c,2025-02-24 20:33:10.561387
case_154,a,2025-02-24 20:38:10.561387
case_154,c,2025-02-24 20:43:10.561387
case_154,a,2025-02-24 20:48:10.561387
case_154,b,2025-02-24 20:53:10.561387
case_154,a,2025-02-24 20:58:10.561387
case_154,a,2025-02-24 21:03:10.561387
case_155,b,2025-02-24 19:28:10.561417
case_155,a,2025-02-24 19:33:10.561417
case_155,a,2025-02-24 19:38:10.561417
case_155,b,2025-02-24 19:43:10.561417
case_155,b,2025-02-24 19:48:10.561417
case_155,b,2025-02-24 19:53:10.561417
case_155,b,2025-02-24 19:58:10.561417
case_155,c,2025-02-24 20:03:10.561417
case_155,a,2025-02-24 20:08:10.561417
case_155,b,2025-02-24 20:13:10.561417
case_155,c,2025-02-24 20:18:10.561417
case_155,a,2025-02-24 20:23:10.561417
case_155,b,2025-02-24 20:28:10.561417
case_155,b,2025-02-24 20:33:10.561417
case_155,c,2025-02-24 20:38:10.561417
case_155,c,2025-02-24 20:43:10.561417
case_155,b,2025-02-24 20:48:10.561417
case_155,c,2025-02-24 20:53:10.561417
case_155,a,2025-02-24 20:58:10.561417
case_155,a,2025-02-24 21:03:10.561417
case_156,b,2025-02-24 19:28:10.561446
case_156,b,2025-02-24 19:33:10.561446
case_156,c,2025-02-24 19:38:10.561446
case_156,b,2025-02-24 19:43:10.561446
case_156,a,2025-02-24 19:48:10.561446
case_156,a,2025-02-24 19:53:10.561446
case_156,c,2025-02-24 19:58:10.561446
case_156,b,2025-02-24 20:03:10.561446
case_156,b,2025-02-24 20:08:10.561446
case_156,a,2025-02-24 20:13:10.561446
case_156,b,2025-02-24 20:18:10.561446
case_156,a,2025-02-24 20:23:10.561446
case_156,b,2025-02-24 20:28:10.561446
case_156,c,2025-02-24 20:33:10.561446
case_156,b,2025-02-24 20:38:10.561446
case_156,a,2025-02-24 20:43:10.561446
case_156,c,2025-02-24 20:48:10.561446
case_156,a,2025-02-24 20:53:10.561446
case_156,c,2025-02-24 20:58:10.561446
case_156,a,2025-02-24 21:03:10.561446
case_157,a,2025-02-24 19:28:10.561476
case_157,c,2025-02-24 19:33:10.561476
case_157,c,2025-02-24 19:38:10.561476
case_157,b,2025-02-24 19:43:10.561476
case_157,b,2025-02-24 19:48:10.561476
case_157,a,2025-02-24 19:53:10.561476
case_157,c,2025-02-24 19:58:10.561476
case_157,b,2025-02-24 20:03:10.561476
case_157,c,2025-02-24 20:08:10.561476
case_157,a,2025-02-24 20:13:10.561476
case_157,b,2025-02-24 20:18:10.561476
case_157,a,2025-02-24 20:23:10.561476
case_157,c,2025-02-24 20:28:10.561476
case_157,b,2025-02-24 20:33:10.561476
case_157,c,2025-02-24 20:38:10.561476
case_157,a,2025-02-24 20:43:10.561476
case_157,b,2025-02-24 20:48:10.561476
case_157,c,2025-02-24 20:53:10.561476
case_157,a,2025-02-24 20:58:10.561476
case_157,a,2025-02-24 21:03:10.561476
case_158,c,2025-02-24 19:28:10.561505
case_158,c,2025-02-24 19:33:10.561505
case_158,c,2025-02-24 19:38:10.561505
case_158,a,2025-02-24 19:43:10.561505
case_158,c,2025-02-24 19:48:10.561505
case_158,c,2025-02-24 19:53:10.561505
case_158,a,2025-02-24 19:58:10.561505
case_158,a,2025-02-24 20:03:10.561505
case_158,b,2025-02-24 20:08:10.561505
case_158,b,2025-02-24 20:13:10.561505
case_158,c,2025-02-24 20:18:10.561505
case_158,a,2025-02-24 20:23:10.561505
case_158,c,2025-02-24 20:28:10.561505
case_158,c,2025-02-24 20:33:10.561505
case_158,b,2025-02-24 20:38:10.561505
case_158,a,2025-02-24 20:43:10.561505
case_158,b,2025-02-24 20:48:10.561505
case_158,a,2025-02-24 20:53:10.561505
case_158,b,2025-02-24 20:58:10.561505
case_158,b,2025-02-24 21:03:10.561505
case_159,b,2025-02-24 19:28:10.561535
case_159,c,2025-02-24 19:33:10.561535
case_159,b,2025-02-24 19:38:10.561535
case_159,a,2025-02-24 19:43:10.561535
case_159,b,2025-02-24 19:48:10.561535
case_159,b,2025-02-24 19:53:10.561535
case_159,c,2025-02-24 19:58:10.561535
case_159,b,2025-02-24 20:03:10.561535
case_159,b,2025-02-24 20:08:10.561535
case_159,c,2025-02-24 20:13:10.561535
case_159,a,2025-02-24 20:18:10.561535
case_159,b,2025-02-24 20:23:10.561535
case_159,b,2025-02-24 20:28:10.561535
case_159,c,2025-02-24 20:33:10.561535
case_159,c,2025-02-24 20:38:10.561535
case_159,b,2025-02-24 20:43:10.561535
case_159,a,2025-02-24 20:48:10.561535
case_159,b,2025-02-24 20:53:10.561535
case_159,a,2025-02-24 20:58:10.561535
case_159,a,2025-02-24 21:03:10.561535
case_160,c,2025-02-24 19:28:10.561564
case_160,b,2025-02-24 19:33:10.561564
case_160,c,2025-02-24 19:38:10.561564
case_160,c,2025-02-24 19:43:10.561564
case_160,b,2025-02-24 19:48:10.561564
case_160,c,2025-02-24 19:53:10.561564
case_160,b,2025-02-24 19:58:10.561564
case_160,b,2025-02-24 20:03:10.561564
case_160,c,2025-02-24 20:08:10.561564
case_160,a,2025-02-24 20:13:10.561564
case_160,a,2025-02-24 20:18:10.561564
case_160,c,2025-02-24 20:23:10.561564
case_160,b,2025-02-24 20:28:10.561564
case_160,b,2025-02-24 20:33:10.561564
case_160,a,2025-02-24 20:38:10.561564
case_160,b,2025-02-24 20:43:10.561564
case_160,c,2025-02-24 20:48:10.561564
case_160,c,2025-02-24 20:53:10.561564
case_160,a,2025-02-24 20:58:10.561564
case_160,b,2025-02-24 21:03:10.561564
case_161,b,2025-02-24 19:28:10.561594
case_161,b,2025-02-24 19:33:10.561594
case_161,a,2025-02-24 19:38:10.561594
case_161,a,2025-02-24 19:43:10.561594
case_161,b,2025-02-24 19:48:10.561594
case_161,c,2025-02-24 19:53:10.561594
case_161,b,2025-02-24 19:58:10.561594
case_161,b,2025-02-24 20:03:10.561594
case_161,b,2025-02-24 20:08:10.561594
case_161,b,2025-02-24 20:13:10.561594
case_161,b,2025-02-24 20:18:10.561594
case_161,b,2025-02-24 20:23:10.561594
case_161,a,2025-02-24 20:28:10.561594
case_161,a,2025-02-24 20:33:10.561594
case_161,a,2025-02-24 20:38:10.561594
case_161,c,2025-02-24 20:43:10.561594
case_161,c,2025-02-24 20:48:10.561594
case_161,c,2025-02-24 20:53:10.561594
case_161,c,2025-02-24 20:58:10.561594
case_161,a,2025-02-24 21:03:10.561594
case_162,a,2025-02-24 19:28:10.561624
case_162,a,2025-02-24 19:33:10.561624
case_162,b,2025-02-24 19:38:10.561624
case_162,c,2025-02-24 19:43:10.561624
case_162,b,2025-02-24 19:48:10.561624
case_162,c,2025-02-24 19:53:10.561624
case_162,c,2025-02-24 19:58:10.561624
case_162,b,2025-02-24 20:03:10.561624
case_162,c,2025-02-24 20:08:10.561624
case_162,a,2025-02-24 20:13:10.561624
case_162,c,2025-02-24 20:18:10.561624
case_162,b,2025-02-24 20:23:10.561624
case_162,c,2025-02-24 20:28:10.561624
case_162,b,2025-02-24 20:33:10.561624
case_162,a,2025-02-24 20:38:10.561624
case_162,a,2025-02-24 20:43:10.561624
case_162,c,2025-02-24 20:48:10.561624
case_162,c,2025-02-24 20:53:10.561624
case_162,b,2025-02-24 20:58:10.561624
case_162,b,2025-02-24 21:03:10.561624
case_163,b,2025-02-24 19:28:10.561654
case_163,a,2025-02-24 19:33:10.561654
case_163,b,2025-02-24 19:38:10.561654
case_163,c,2025-02-24 19:43:10.561654
case_163,b,2025-02-24 19:48:10.561654
case_163,c,2025-02-24 19:53:10.561654
case_163,c,2025-02-24 19:58:10.561654
case_163,a,2025-02-24 20:03:10.561654
case_163,c,2025-02-24 20:08:10.561654
case_163,a,2025-02-24 20:13:10.561654
case_163,c,2025-02-24 20:18:10.561654
case_163,a,2025-02-24 20:23:10.561654
case_163,c,2025-02-24 20:28:10.561654
case_163,b,2025-02-24 20:33:10.561654
case_163,c,2025-02-24 20:38:10.561654
case_163,a,2025-02-24 20:43:10.561654
case_163,a,2025-02-24 20:48:10.561654
case_163,c,2025-02-24 20:53:10.561654
case_163,c,2025-02-24 20:58:10.561654
case_163,b,2025-02-24 21:03:10.561654
case_164,c,2025-02-24 19:28:10.561684
case_164,a,2025-02-24 19:33:10.561684
case_164,c,2025-02-24 19:38:10.561684
case_164,b,2025-02-24 19:43:10.561684
case_164,b,2025-02-24 19:48:10.561684
case_164,c,2025-02-24 19:53:10.561684
case_164,b,2025-02-24 19:58:10.561684
case_164,a,2025-02-24 20:03:10.561684
case_164,c,2025-02-24 20:08:10.561684
case_164,c,2025-02-24 20:13:10.561684
case_164,c,2025-02-24 20:18:10.561684
case_164,c,2025-02-24 20:23:10.561684
case_164,a,2025-02-24 20:28:10.561684
case_164,c,2025-02-24 20:33:10.561684
case_164,c,2025-02-24 20:38:10.561684
case_164,b,2025-02-24 20:43:10.561684
case_164,c,2025-02-24 20:48:10.561684
case_164,b,2025-02-24 20:53:10.561684
case_164,a,2025-02-24 20:58:10.561684
case_164,a,2025-02-24 21:03:10.561684
case_165,b,2025-02-24 19:28:10.561713
case_165,c,2025-02-24 19:33:10.561713
case_165,a,2025-02-24 19:38:10.561713
case_165,c,2025-02-24 19:43:10.561713
case_165,c,2025-02-24 19:48:10.561713
case_165,c,2025-02-24 19:53:10.561713
case_165,a,2025-02-24 19:58:10.561713
case_165,c,2025-02-24 20:03:10.561713
case_165,a,2025-02-24 20:08:10.561713
case_165,a,2025-02-24 20:13:10.561713
case_165,b,2025-02-24 20:18:10.561713
case_165,a,2025-02-24 20:23:10.561713
case_165,c,2025-02-24 20:28:10.561713
case_165,c,2025-02-24 20:33:10.561713
case_165,c,2025-02-24 20:38:10.561713
case_165,b,2025-02-24 20:43:10.561713
case_165,b,2025-02-24 20:48:10.561713
case_165,a,2025-02-24 20:53:10.561713
case_165,c,2025-02-24 20:58:10.561713
case_165,b,2025-02-24 21:03:10.561713
case_166,c,2025-02-24 19:28:10.561743
case_166,b,2025-02-24 19:33:10.561743
case_166,b,2025-02-24 19:38:10.561743
case_166,c,2025-02-24 19:43:10.561743
case_166,c,2025-02-24 19:48:10.561743
case_166,a,2025-02-24 19:53:10.561743
case_166,c,2025-02-24 19:58:10.561743
case_166,a,2025-02-24 20:03:10.561743
case_166,a,2025-02-24 20:08:10.561743
case_166,c,2025-02-24 20:13:10.561743
case_166,a,2025-02-24 20:18:10.561743
case_166,c,2025-02-24 20:23:10.561743
case_166,a,2025-02-24 20:28:10.561743
case_166,c,2025-02-24 20:33:10.561743
case_166,c,2025-02-24 20:38:10.561743
case_166,b,2025-02-24 20:43:10.561743
case_166,a,2025-02-24 20:48:10.561743
case_166,a,2025-02-24 20:53:10.561743
case_166,c,2025-02-24 20:58:10.561743
case_166,a,2025-02-24 21:03:10.561743
case_167,c,2025-02-24 19:28:10.561772
case_167,b,2025-02-24 19:33:10.561772
case_167,c,2025-02-24 19:38:10.561772
case_167,b,2025-02-24 19:43:10.561772
case_167,a,2025-02-24 19:48:10.561772
case_167,c,2025-02-24 19:53:10.561772
case_167,a,2025-02-24 19:58:10.561772
case_167,c,2025-02-24 20:03:10.561772
case_167,c,2025-02-24 20:08:10.561772
case_167,b,2025-02-24 20:13:10.561772
case_167,c,2025-02-24 20:18:10.561772
case_167,b,2025-02-24 20:23:10.561772
case_167,c,2025-02-24 20:28:10.561772
case_167,c,2025-02-24 20:33:10.561772
case_167,b,2025-02-24 20:38:10.561772
case_167,b,2025-02-24 20:43:10.561772
case_167,c,2025-02-24 20:48:10.561772
case_167,b,2025-02-24 20:53:10.561772
case_167,a,2025-02-24 20:58:10.561772
case_167,a,2025-02-24 21:03:10.561772
case_168,a,2025-02-24 19:28:10.561802
case_168,b,2025-02-24 19:33:10.561802
case_168,a,2025-02-24 19:38:10.561802
case_168,c,2025-02-24 19:43:10.561802
case_168,b,2025-02-24 19:48:10.561802
case_168,c,2025-02-24 19:53:10.561802
case_168,a,2025-02-24 19:58:10.561802
case_168,c,2025-02-24 20:03:10.561802
case_168,c,2025-02-24 20:08:10.561802
case_168,b,2025-02-24 20:13:10.561802
case_168,a,2025-02-24 20:18:10.561802
case_168,b,2025-02-24 20:23:10.561802
case_168,a,2025-02-24 20:28:10.561802
case_168,a,2025-02-24 20:33:10.561802
case_168,b,2025-02-24 20:38:10.561802
case_168,a,2025-02-24 20:43:10.561802
case_168,b,2025-02-24 20:48:10.561802
case_168,a,2025-02-24 20:53:10.561802
case_168,b,2025-02-24 20:58:10.561802
case_168,b,2025-02-24 21:03:10.561802
case_169,c,2025-02-24 19:28:10.561832
case_169,b,2025-02-24 19:33:10.561832
case_169,c,2025-02-24 19:38:10.561832
case_169,a,2025-02-24 19:43:10.561832
case_169,a,2025-02-24 19:48:10.561832
case_169,b,2025-02-24 19:53:10.561832
case_169,b,2025-02-24 19:58:10.561832
case_169,b,2025-02-24 20:03:10.561832
case_169,a,2025-02-24 20:08:10.561832
case_169,c,2025-02-24 20:13:10.561832
case_169,c,2025-02-24 20:18:10.561832
case_169,a,2025-02-24 20:23:10.561832
case_169,c,2025-02-24 20:28:10.561832
case_169,c,2025-02-24 20:33:10.561832
case_169,a,2025-02-24 20:38:10.561832
case_169,b,2025-02-24 20:43:10.561832
case_169,b,2025-02-24 20:48:10.561832
case_169,b,2025-02-24 20:53:10.561832
case_169,b,2025-02-24 20:58:10.561832
case_169,c,2025-02-24 21:03:10.561832
case_170,c,2025-02-24 19:28:10.561862
case_170,c,2025-02-24 19:33:10.561862
case_170,b,2025-02-24 19:38:10.561862
case_170,c,2025-02-24 19:43:10.561862
case_170,c,2025-02-24 19:48:10.561862
case_170,b,2025-02-24 19:53:10.561862
case_170,b,2025-02-24 19:58:10.561862
case_170,a,2025-02-24 20:03:10.561862
case_170,a,2025-02-24 20:08:10.561862
case_170,c,2025-02-24 20:13:10.561862
case_170,a,2025-02-24 20:18:10.561862
case_170,b,2025-02-24 20:23:10.561862
case_170,a,2025-02-24 20:28:10.561862
case_170,b,2025-02-24 20:33:10.561862
case_170,c,2025-02-24 20:38:10.561862
case_170,c,2025-02-24 20:43:10.561862
case_170,a,2025-02-24 20:48:10.561862
case_170,c,2025-02-24 20:53:10.561862
case_170,a,2025-02-24 20:58:10.561862
case_170,b,2025-02-24 21:03:10.561862
case_171,a,2025-02-24 19:28:10.561891
case_171,c,2025-02-24 19:33:10.561891
case_171,b,2025-02-24 19:38:10.561891
case_171,c,2025-02-24 19:43:10.561891
case_171,a,2025-02-24 19:48:10.561891
case_171,b,2025-02-24 19:53:10.561891
case_171,a,2025-02-24 19:58:10.561891
case_171,c,2025-02-24 20:03:10.561891
case_171,c,2025-02-24 20:08:10.561891
case_171,b,2025-02-24 20:13:10.561891
case_171,a,2025-02-24 20:18:10.561891
case_171,c,2025-02-24 20:23:10.561891
case_171,c,2025-02-24 20:28:10.561891
case_171,a,2025-02-24 20:33:10.561891
case_171,c,2025-02-24 20:38:10.561891
case_171,b,2025-02-24 20:43:10.561891
case_171,b,2025-02-24 20:48:10.561891
case_171,a,2025-02-24 20:53:10.561891
case_171,a,2025-02-24 20:58:10.561891
case_171,b,2025-02-24 21:03:10.561891
case_172,c,2025-02-24 19:28:10.561921
case_172,a,2025-02-24 19:33:10.561921
case_172,a,2025-02-24 19:38:10.561921
case_172,a,2025-02-24 19:43:10.561921
case_172,c,2025-02-24 19:48:10.561921
case_172,c,2025-02-24 19:53:10.561921
case_172,a,2025-02-24 19:58:10.561921
case_172,c,2025-02-24 20:03:10.561921
case_172,c,2025-02-24 20:08:10.561921
case_172,b,2025-02-24 20:13:10.561921
case_172,c,2025-02-24 20:18:10.561921
case_172,b,2025-02-24 20:23:10.561921
case_172,c,2025-02-24 20:28:10.561921
case_172,c,2025-02-24 20:33:10.561921
case_172,c,2025-02-24 20:38:10.561921
case_172,b,2025-02-24 20:43:10.561921
case_172,b,2025-02-24 20:48:10.561921
case_172,a,2025-02-24 20:53:10.561921
case_172,c,2025-02-24 20:58:10.561921
case_172,c,2025-02-24 21:03:10.561921
case_173,b,2025-02-24 19:28:10.561951
case_173,b,2025-02-24 19:33:10.561951
case_173,c,2025-02-24 19:38:10.561951
case_173,a,2025-02-24 19:43:10.561951
case_173,a,2025-02-24 19:48:10.561951
case_173,c,2025-02-24 19:53:10.561951
case_173,b,2025-02-24 19:58:10.561951
case_173,c,2025-02-24 20:03:10.561951
case_173,c,2025-02-24 20:08:10.561951
case_173,b,2025-02-24 20:13:10.561951
case_173,c,2025-02-24 20:18:10.561951
case_173,a,2025-02-24 20:23:10.561951
case_173,b,2025-02-24 20:28:10.561951
case_173,b,2025-02-24 20:33:10.561951
case_173,a,2025-02-24 20:38:10.561951
case_173,c,2025-02-24 20:43:10.561951
case_173,b,2025-02-24 20:48:10.561951
case_173,a,2025-02-24 20:53:10.561951
case_173,b,2025-02-24 20:58:10.561951
case_173,a,2025-02-24 21:03:10.561951
case_174,b,2025-02-24 19:28:10.561981
case_174,c,2025-02-24 19:33:10.561981
case_174,a,2025-02-24 19:38:10.561981
case_174,c,2025-02-24 19:43:10.561981
case_174,a,2025-02-24 19:48:10.561981
case_174,b,2025-02-24 19:53:10.561981
case_174,c,2025-02-24 19:58:10.561981
case_174,a,2025-02-24 20:03:10.561981
case_174,c,2025-02-24 20:08:10.561981
case_174,a,2025-02-24 20:13:10.561981
case_174,a,2025-02-24 20:18:10.561981
case_174,b,2025-02-24 20:23:10.561981
case_174,c,2025-02-24 20:28:10.561981
case_174,c,2025-02-24 20:33:10.561981
case_174,b,2025-02-24 20:38:10.561981
case_174,b,2025-02-24 20:43:10.561981
case_174,c,2025-02-24 20:48:10.561981
case_174,a,2025-02-24 20:53:10.561981
case_174,b,2025-02-24 20:58:10.561981
case_174,c,2025-02-24 21:03:10.561981
case_175,a,2025-02-24 19:28:10.562010
case_175,a,2025-02-24 19:33:10.562010
case_175,a,2025-02-24 19:38:10.562010
case_175,b,2025-02-24 19:43:10.562010
case_175,a,2025-02-24 19:48:10.562010
case_175,a,2025-02-24 19:53:10.562010
case_175,b,2025-02-24 19:58:10.562010
case_175,a,2025-02-24 20:03:10.562010
case_175,a,2025-02-24 20:08:10.562010
case_175,c,2025-02-24 20:13:10.562010
case_175,a,2025-02-24 20:18:10.562010
case_175,a,2025-02-24 20:23:10.562010
case_175,b,2025-02-24 20:28:10.562010
case_175,c,2025-02-24 20:33:10.562010
case_175,a,2025-02-24 20:38:10.562010
case_175,b,2025-02-24 20:43:10.562010
case_175,c,2025-02-24 20:48:10.562010
case_175,c,2025-02-24 20:53:10.562010
case_175,b,2025-02-24 20:58:10.562010
case_175,b,2025-02-24 21:03:10.562010
case_176,b,2025-02-24 19:28:10.562040
case_176,c,2025-02-24 19:33:10.562040
case_176,c,2025-02-24 19:38:10.562040
case_176,c,2025-02-24 19:43:10.562040
case_176,c,2025-02-24 19:48:10.562040
case_176,b,2025-02-24 19:53:10.562040
case_176,b,2025-02-24 19:58:10.562040
case_176,a,2025-02-24 20:03:10.562040
case_176,b,2025-02-24 20:08:10.562040
case_176,b,2025-02-24 20:13:10.562040
case_176,c,2025-02-24 20:18:10.562040
case_176,b,2025-02-24 20:23:10.562040
case_176,b,2025-02-24 20:28:10.562040
case_176,b,2025-02-24 20:33:10.562040
case_176,b,2025-02-24 20:38:10.562040
case_176,c,2025-02-24 20:43:10.562040
case_176,b,2025-02-24 20:48:10.562040
case_176,b,2025-02-24 20:53:10.562040
case_176,a,2025-02-24 20:58:10.562040
case_176,a,2025-02-24 21:03:10.562040
case_177,a,2025-02-24 19:28:10.562070
case_177,a,2025-02-24 19:33:10.562070
case_177,c,2025-02-24 19:38:10.562070
case_177,b,2025-02-24 19:43:10.562070
case_177,c,2025-02-24 19:48:10.562070
case_177,c,2025-02-24 19:53:10.562070
case_177,a,2025-02-24 19:58:10.562070
case_177,a,2025-02-24 20:03:10.562070
case_177,c,2025-02-24 20:08:10.562070
case_177,c,2025-02-24 20:13:10.562070
case_177,c,2025-02-24 20:18:10.562070
case_177,a,2025-02-24 20:23:10.562070
case_177,a,2025-02-24 20:28:10.562070
case_177,c,2025-02-24 20:33:10.562070
case_177,c,2025-02-24 20:38:10.562070
case_177,c,2025-02-24 20:43:10.562070
case_177,c,2025-02-24 20:48:10.562070
case_177,c,2025-02-24 20:53:10.562070
case_177,b,2025-02-24 20:58:10.562070
case_177,b,2025-02-24 21:03:10.562070
case_178,a,2025-02-24 19:28:10.562099
case_178,c,2025-02-24 19:33:10.562099
case_178,c,2025-02-24 19:38:10.562099
case_178,c,2025-02-24 19:43:10.562099
case_178,a,2025-02-24 19:48:10.562099
case_178,a,2025-02-24 19:53:10.562099
case_178,b,2025-02-24 19:58:10.562099
case_178,a,2025-02-24 20:03:10.562099
case_178,a,2025-02-24 20:08:10.562099
case_178,c,2025-02-24 20:13:10.562099
case_178,a,2025-02-24 20:18:10.562099
case_178,b,2025-02-24 20:23:10.562099
case_178,c,2025-02-24 20:28:10.562099
case_178,b,2025-02-24 20:33:10.562099
case_178,a,2025-02-24 20:38:10.562099
case_178,a,2025-02-24 20:43:10.562099
case_178,b,2025-02-24 20:48:10.562099
case_178,b,2025-02-24 20:53:10.562099
case_178,b,2025-02-24 20:58:10.562099
case_178,c,2025-02-24 21:03:10.562099
case_179,a,2025-02-24 19:28:10.562129
case_179,a,2025-02-24 19:33:10.562129
case_179,a,2025-02-24 19:38:10.562129
case_179,c,2025-02-24 19:43:10.562129
case_179,a,2025-02-24 19:48:10.562129
case_179,a,2025-02-24 19:53:10.562129
case_179,a,2025-02-24 19:58:10.562129
case_179,a,2025-02-24 20:03:10.562129
case_179,b,2025-02-24 20:08:10.562129
case_179,a,2025-02-24 20:13:10.562129
case_179,a,2025-02-24 20:18:10.562129
case_179,c,2025-02-24 20:23:10.562129
case_179,a,2025-02-24 20:28:10.562129
case_179,a,2025-02-24 20:33:10.562129
case_179,b,2025-02-24 20:38:10.562129
case_179,c,2025-02-24 20:43:10.562129
case_179,a,2025-02-24 20:48:10.562129
case_179,b,2025-02-24 20:53:10.562129
case_179,b,2025-02-24 20:58:10.562129
case_179,c,2025-02-24 21:03:10.562129
case_180,b,2025-02-24 19:28:10.562159
case_180,c,2025-02-24 19:33:10.562159
case_180,a,2025-02-24 19:38:10.562159
case_180,a,2025-02-24 19:43:10.562159
case_180,b,2025-02-24 19:48:10.562159
case_180,c,2025-02-24 19:53:10.562159
case_180,a,2025-02-24 19:58:10.562159
case_180,b,2025-02-24 20:03:10.562159
case_180,b,2025-02-24 20:08:10.562159
case_180,c,2025-02-24 20:13:10.562159
case_180,c,2025-02-24 20:18:10.562159
case_180,c,2025-02-24 20:23:10.562159
case_180,b,2025-02-24 20:28:10.562159
case_180,b,2025-02-24 20:33:10.562159
case_180,a,2025-02-24 20:38:10.562159
case_180,b,2025-02-24 20:43:10.562159
case_180,b,2025-02-24 20:48:10.562159
case_180,a,2025-02-24 20:53:10.562159
case_180,b,2025-02-24 20:58:10.562159
case_180,c,2025-02-24 21:03:10.562159
case_181,a,2025-02-24 19:28:10.562189
case_181,b,2025-02-24 19:33:10.562189
case_181,c,2025-02-24 19:38:10.562189
case_181,a,2025-02-24 19:43:10.562189
case_181,a,2025-02-24 19:48:10.562189
case_181,c,2025-02-24 19:53:10.562189
case_181,a,2025-02-24 19:58:10.562189
case_181,a,2025-02-24 20:03:10.562189
case_181,a,2025-02-24 20:08:10.562189
case_181,a,2025-02-24 20:13:10.562189
case_181,a,2025-02-24 20:18:10.562189
case_181,c,2025-02-24 20:23:10.562189
case_181,b,2025-02-24 20:28:10.562189
case_181,c,2025-02-24 20:33:10.562189
case_181,b,2025-02-24 20:38:10.562189
case_181,c,2025-02-24 20:43:10.562189
case_181,a,2025-02-24 20:48:10.562189
case_181,b,2025-02-24 20:53:10.562189
case_181,b,2025-02-24 20:58:10.562189
case_181,a,2025-02-24 21:03:10.562189
case_182,a,2025-02-24 19:28:10.562218
case_182,c,2025-02-24 19:33:10.562218
case_182,c,2025-02-24 19:38:10.562218
case_182,c,2025-02-24 19:43:10.562218
case_182,a,2025-02-24 19:48:10.562218
case_182,c,2025-02-24 19:53:10.562218
case_182,b,2025-02-24 19:58:10.562218
case_182,c,2025-02-24 20:03:10.562218
case_182,b,2025-02-24 20:08:10.562218
case_182,a,2025-02-24 20:13:10.562218
case_182,c,2025-02-24 20:18:10.562218
case_182,c,2025-02-24 20:23:10.562218
case_182,a,2025-02-24 20:28:10.562218
case_182,b,2025-02-24 20:33:10.562218
case_182,b,2025-02-24 20:38:10.562218
case_182,b,2025-02-24 20:43:10.562218
case_182,c,2025-02-24 20:48:10.562218
case_182,b,2025-02-24 20:53:10.562218
case_182,a,2025-02-24 20:58:10.562218
case_182,a,2025-02-24 21:03:10.562218
case_183,b,2025-02-24 19:28:10.562248
case_183,c,2025-02-24 19:33:10.562248
case_183,a,2025-02-24 19:38:10.562248
case_183,c,2025-02-24 19:43:10.562248
case_183,c,2025-02-24 19:48:10.562248
case_183,c,2025-02-24 19:53:10.562248
case_183,c,2025-02-24 19:58:10.562248
case_183,c,2025-02-24 20:03:10.562248
case_183,b,2025-02-24 20:08:10.562248
case_183,c,2025-02-24 20:13:10.562248
case_183,b,2025-02-24 20:18:10.562248
case_183,a,2025-02-24 20:23:10.562248
case_183,c,2025-02-24 20:28:10.562248
case_183,c,2025-02-24 20:33:10.562248
case_183,c,2025-02-24 20:38:10.562248
case_183,a,2025-02-24 20:43:10.562248
case_183,c,2025-02-24 20:48:10.562248
case_183,c,2025-02-24 20:53:10.562248
case_183,a,2025-02-24 20:58:10.562248
case_183,a,2025-02-24 21:03:10.562248
case_184,c,2025-02-24 19:28:10.562278
case_184,c,2025-02-24 19:33:10.562278
case_184,c,2025-02-24 19:38:10.562278
case_184,a,2025-02-24 19:43:10.562278
case_184,c,2025-02-24 19:48:10.562278
case_184,a,2025-02-24 19:53:10.562278
case_184,b,2025-02-24 19:58:10.562278
case_184,b,2025-02-24 20:03:10.562278
case_184,c,2025-02-24 20:08:10.562278
case_184,a,2025-02-24 20:13:10.562278
case_184,c,2025-02-24 20:18:10.562278
case_184,a,2025-02-24 20:23:10.562278
case_184,b,2025-02-24 20:28:10.562278
case_184,b,2025-02-24 20:33:10.562278
case_184,b,2025-02-24 20:38:10.562278
case_184,b,2025-02-24 20:43:10.562278
case_184,b,2025-02-24 20:48:10.562278
case_184,a,2025-02-24 20:53:10.562278
case_184,a,2025-02-24 20:58:10.562278
case_184,c,2025-02-24 21:03:10.562278
case_185,b,2025-02-24 19:28:10.562307
case_185,a,2025-02-24 19:33:10.562307
case_185,b,2025-02-24 19:38:10.562307
case_185,c,2025-02-24 19:43:10.562307
case_185,a,2025-02-24 19:48:10.562307
case_185,b,2025-02-24 19:53:10.562307
case_185,b,2025-02-24 19:58:10.562307
case_185,a,2025-02-24 20:03:10.562307
case_185,c,2025-02-24 20:08:10.562307
case_185,c,2025-02-24 20:13:10.562307
case_185,a,2025-02-24 20:18:10.562307
case_185,b,2025-02-24 20:23:10.562307
case_185,b,2025-02-24 20:28:10.562307
case_185,a,2025-02-24 20:33:10.562307
case_185,b,2025-02-24 20:38:10.562307
case_185,c,2025-02-24 20:43:10.562307
case_185,c,2025-02-24 20:48:10.562307
case_185,b,2025-02-24 20:53:10.562307
case_185,a,2025-02-24 20:58:10.562307
case_185,a,2025-02-24 21:03:10.562307
case_186,b,2025-02-24 19:28:10.562340
case_186,a,2025-02-24 19:33:10.562340
case_186,c,2025-02-24 19:38:10.562340
case_186,b,2025-02-24 19:43:10.562340
case_186,a,2025-02-24 19:48:10.562340
case_186,c,2025-02-24 19:53:10.562340
case_186,b,2025-02-24 19:58:10.562340
case_186,b,2025-02-24 20:03:10.562340
case_186,b,2025-02-24 20:08:10.562340
case_186,a,2025-02-24 20:13:10.562340
case_186,c,2025-02-24 20:18:10.562340
case_186,b,2025-02-24 20:23:10.562340
case_186,b,2025-02-24 20:28:10.562340
case_186,a,2025-02-24 20:33:10.562340
case_186,b,2025-02-24 20:38:10.562340
case_186,a,2025-02-24 20:43:10.562340
case_186,b,2025-02-24 20:48:10.562340
case_186,a,2025-02-24 20:53:10.562340
case_186,a,2025-02-24 20:58:10.562340
case_186,a,2025-02-24 21:03:10.562340
case_187,c,2025-02-24 19:28:10.562370
case_187,c,2025-02-24 19:33:10.562370
case_187,c,2025-02-24 19:38:10.562370
case_187,a,2025-02-24 19:43:10.562370
case_187,c,2025-02-24 19:48:10.562370
case_187,a,2025-02-24 19:53:10.562370
case_187,b,2025-02-24 19:58:10.562370
case_187,b,2025-02-24 20:03:10.562370
case_187,c,2025-02-24 20:08:10.562370
case_187,c,2025-02-24 20:13:10.562370
case_187,b,2025-02-24 20:18:10.562370
case_187,b,2025-02-24 20:23:10.562370
case_187,a,2025-02-24 20:28:10.562370
case_187,b,2025-02-24 20:33:10.562370
case_187,a,2025-02-24 20:38:10.562370
case_187,b,2025-02-24 20:43:10.562370
case_187,a,2025-02-24 20:48:10.562370
case_187,b,2025-02-24 20:53:10.562370
case_187,a,2025-02-24 20:58:10.562370
case_187,a,2025-02-24 21:03:10.562370
case_188,c,2025-02-24 19:28:10.562401
case_188,c,2025-02-24 19:33:10.562401
case_188,c,2025-02-24 19:38:10.562401
case_188,a,2025-02-24 19:43:10.562401
case_188,b,2025-02-24 19:48:10.562401
case_188,b,2025-02-24 19:53:10.562401
case_188,a,2025-02-24 19:58:10.562401
case_188,b,2025-02-24 20:03:10.562401
case_188,a,2025-02-24 20:08:10.562401
case_188,c,2025-02-24 20:13:10.562401
case_188,a,2025-02-24 20:18:10.562401
case_188,b,2025-02-24 20:23:10.562401
case_188,b,2025-02-24 20:28:10.562401
case_188,b,2025-02-24 20:33:10.562401
case_188,b,2025-02-24 20:38:10.562401
case_188,c,2025-02-24 20:43:10.562401
case_188,c,2025-02-24 20:48:10.562401
case_188,c,2025-02-24 20:53:10.562401
case_188,a,2025-02-24 20:58:10.562401
case_188,a,2025-02-24 21:03:10.562401
case_189,a,2025-02-24 19:28:10.562431
case_189,b,2025-02-24 19:33:10.562431
case_189,b,2025-02-24 19:38:10.562431
case_189,a,2025-02-24 19:43:10.562431
case_189,c,2025-02-24 19:48:10.562431
case_189,b,2025-02-24 19:53:10.562431
case_189,c,2025-02-24 19:58:10.562431
case_189,c,2025-02-24 20:03:10.562431
case_189,b,2025-02-24 20:08:10.562431
case_189,c,2025-02-24 20:13:10.562431
case_189,c,2025-02-24 20:18:10.562431
case_189,c,2025-02-24 20:23:10.562431
case_189,b,2025-02-24 20:28:10.562431
case_189,b,2025-02-24 20:33:10.562431
case_189,c,2025-02-24 20:38:10.562431
case_189,a,2025-02-24 20:43:10.562431
case_189,a,2025-02-24 20:48:10.562431
case_189,b,2025-02-24 20:53:10.562431
case_189,b,2025-02-24 20:58:10.562431
case_189,b,2025-02-24 21:03:10.562431
case_190,b,2025-02-24 19:28:10.562462
case_190,a,2025-02-24 19:33:10.562462
case_190,c,2025-02-24 19:38:10.562462
case_190,a,2025-02-24 19:43:10.562462
case_190,b,2025-02-24 19:48:10.562462
case_190,c,2025-02-24 19:53:10.562462
case_190,a,2025-02-24 19:58:10.562462
case_190,b,2025-02-24 20:03:10.562462
case_190,a,2025-02-24 20:08:10.562462
case_190,a,2025-02-24 20:13:10.562462
case_190,c,2025-02-24 20:18:10.562462
case_190,c,2025-02-24 20:23:10.562462
case_190,a,2025-02-24 20:28:10.562462
case_190,c,2025-02-24 20:33:10.562462
case_190,a,2025-02-24 20:38:10.562462
case_190,c,2025-02-24 20:43:10.562462
case_190,c,2025-02-24 20:48:10.562462
case_190,b,2025-02-24 20:53:10.562462
case_190,b,2025-02-24 20:58:10.562462
case_190,a,2025-02-24 21:03:10.562462
case_191,c,2025-02-24 19:28:10.562492
case_191,a,2025-02-24 19:33:10.562492
case_191,a,2025-02-24 19:38:10.562492
case_191,c,2025-02-24 19:43:10.562492
case_191,b,2025-02-24 19:48:10.562492
case_191,a,2025-02-24 19:53:10.562492
case_191,c,2025-02-24 19:58:10.562492
case_191,a,2025-02-24 20:03:10.562492
case_191,b,2025-02-24 20:08:10.562492
case_191,b,2025-02-24 20:13:10.562492
case_191,a,2025-02-24 20:18:10.562492
case_191,b,2025-02-24 20:23:10.562492
case_191,c,2025-02-24 20:28:10.562492
case_191,b,2025-02-24 20:33:10.562492
case_191,b,2025-02-24 20:38:10.562492
case_191,c,2025-02-24 20:43:10.562492
case_191,a,2025-02-24 20:48:10.562492
case_191,b,2025-02-24 20:53:10.562492
case_191,c,2025-02-24 20:58:10.562492
case_191,a,2025-02-24 21:03:10.562492
case_192,c,2025-02-24 19:28:10.562522
case_192,a,2025-02-24 19:33:10.562522
case_192,c,2025-02-24 19:38:10.562522
case_192,b,2025-02-24 19:43:10.562522
case_192,b,2025-02-24 19:48:10.562522
case_192,b,2025-02-24 19:53:10.562522
case_192,a,2025-02-24 19:58:10.562522
case_192,b,2025-02-24 20:03:10.562522
case_192,a,2025-02-24 20:08:10.562522
case_192,a,2025-02-24 20:13:10.562522
case_192,a,2025-02-24 20:18:10.562522
case_192,c,2025-02-24 20:23:10.562522
case_192,a,2025-02-24 20:28:10.562522
case_192,a,2025-02-24 20:33:10.562522
case_192,a,2025-02-24 20:38:10.562522
case_192,b,2025-02-24 20:43:10.562522
case_192,a,2025-02-24 20:48:10.562522
case_192,b,2025-02-24 20:53:10.562522
case_192,c,2025-02-24 20:58:10.562522
case_192,a,2025-02-24 21:03:10.562522
case_193,b,2025-02-24 19:28:10.562552
case_193,c,2025-02-24 19:33:10.562552
case_193,a,2025-02-24 19:38:10.562552
case_193,b,2025-02-24 19:43:10.562552
case_193,b,2025-02-24 19:48:10.562552
case_193,c,2025-02-24 19:53:10.562552
case_193,b,2025-02-24 19:58:10.562552
case_193,a,2025-02-24 20:03:10.562552
case_193,a,2025-02-24 20:08:10.562552
case_193,a,2025-02-24 20:13:10.562552
case_193,c,2025-02-24 20:18:10.562552
case_193,a,2025-02-24 20:23:10.562552
case_193,a,2025-02-24 20:28:10.562552
case_193,a,2025-02-24 20:33:10.562552
case_193,a,2025-02-24 20:38:10.562552
case_193,b,2025-02-24 20:43:10.562552
case_193,b,2025-02-24 20:48:10.562552
case_193,b,2025-02-24 20:53:10.562552
case_193,c,2025-02-24 20:58:10.562552
case_193,a,2025-02-24 21:03:10.562552
case_194,a,2025-02-24 19:28:10.562583
case_194,c,2025-02-24 19:33:10.562583
case_194,b,2025-02-24 19:38:10.562583
case_194,c,2025-02-24 19:43:10.562583
case_194,a,2025-02-24 19:48:10.562583
case_194,c,2025-02-24 19:53:10.562583
case_194,b,2025-02-24 19:58:10.562583
case_194,c,2025-02-24 20:03:10.562583
case_194,a,2025-02-24 20:08:10.562583
case_194,c,2025-02-24 20:13:10.562583
case_194,a,2025-02-24 20:18:10.562583
case_194,a,2025-02-24 20:23:10.562583
case_194,a,2025-02-24 20:28:10.562583
case_194,b,2025-02-24 20:33:10.562583
case_194,a,2025-02-24 20:38:10.562583
case_194,c,2025-02-24 20:43:10.562583
case_194,b,2025-02-24 20:48:10.562583
case_194,a,2025-02-24 20:53:10.562583
case_194,b,2025-02-24 20:58:10.562583
case_194,b,2025-02-24 21:03:10.562583
case_195,a,2025-02-24 19:28:10.562613
case_195,a,2025-02-24 19:33:10.562613
case_195,b,2025-02-24 19:38:10.562613
case_195,b,2025-02-24 19:43:10.562613
case_195,a,2025-02-24 19:48:10.562613
case_195,b,2025-02-24 19:53:10.562613
case_195,b,2025-02-24 19:58:10.562613
case_195,c,2025-02-24 20:03:10.562613
case_195,c,2025-02-24 20:08:10.562613
case_195,a,2025-02-24 20:13:10.562613
case_195,b,2025-02-24 20:18:10.562613
case_195,a,2025-02-24 20:23:10.562613
case_195,c,2025-02-24 20:28:10.562613
case_195,c,2025-02-24 20:33:10.562613
case_195,a,2025-02-24 20:38:10.562613
case_195,a,2025-02-24 20:43:10.562613
case_195,c,2025-02-24 20:48:10.562613
case_195,c,2025-02-24 20:53:10.562613
case_195,b,2025-02-24 20:58:10.562613
case_195,b,2025-02-24 21:03:10.562613
case_196,b,2025-02-24 19:28:10.562643
case_196,c,2025-02-24 19:33:10.562643
case_196,c,2025-02-24 19:38:10.562643
case_196,a,2025-02-24 19:43:10.562643
case_196,c,2025-02-24 19:48:10.562643
case_196,b,2025-02-24 19:53:10.562643
case_196,a,2025-02-24 19:58:10.562643
case_196,b,2025-02-24 20:03:10.562643
case_196,a,2025-02-24 20:08:10.562643
case_196,a,2025-02-24 20:13:10.562643
case_196,a,2025-02-24 20:18:10.562643
case_196,a,2025-02-24 20:23:10.562643
case_196,b,2025-02-24 20:28:10.562643
case_196,c,2025-02-24 20:33:10.562643
case_196,a,2025-02-24 20:38:10.562643
case_196,c,2025-02-24 20:43:10.562643
case_196,c,2025-02-24 20:48:10.562643
case_196,a,2025-02-24 20:53:10.562643
case_196,a,2025-02-24 20:58:10.562643
case_196,b,2025-02-24 21:03:10.562643
case_197,c,2025-02-24 19:28:10.562674
case_197,b,2025-02-24 19:33:10.562674
case_197,b,2025-02-24 19:38:10.562674
case_197,c,2025-02-24 19:43:10.562674
case_197,b,2025-02-24 19:48:10.562674
case_197,a,2025-02-24 19:53:10.562674
case_197,a,2025-02-24 19:58:10.562674
case_197,a,2025-02-24 20:03:10.562674
case_197,a,2025-02-24 20:08:10.562674
case_197,a,2025-02-24 20:13:10.562674
case_197,c,2025-02-24 20:18:10.562674
case_197,c,2025-02-24 20:23:10.562674
case_197,a,2025-02-24 20:28:10.562674
case_197,c,2025-02-24 20:33:10.562674
case_197,c,2025-02-24 20:38:10.562674
case_197,c,2025-02-24 20:43:10.562674
case_197,c,2025-02-24 20:48:10.562674
case_197,c,2025-02-24 20:53:10.562674
case_197,c,2025-02-24 20:58:10.562674
case_197,b,2025-02-24 21:03:10.562674
case_198,b,2025-02-24 19:28:10.562704
case_198,c,2025-02-24 19:33:10.562704
case_198,a,2025-02-24 19:38:10.562704
case_198,a,2025-02-24 19:43:10.562704
case_198,c,2025-02-24 19:48:10.562704
case_198,a,2025-02-24 19:53:10.562704
case_198,a,2025-02-24 19:58:10.562704
case_198,c,2025-02-24 20:03:10.562704
case_198,b,2025-02-24 20:08:10.562704
case_198,b,2025-02-24 20:13:10.562704
case_198,b,2025-02-24 20:18:10.562704
case_198,a,2025-02-24 20:23:10.562704
case_198,c,2025-02-24 20:28:10.562704
case_198,b,2025-02-24 20:33:10.562704
case_198,a,2025-02-24 20:38:10.562704
case_198,b,2025-02-24 20:43:10.562704
case_198,b,2025-02-24 20:48:10.562704
case_198,c,2025-02-24 20:53:10.562704
case_198,c,2025-02-24 20:58:10.562704
case_198,c,2025-02-24 21:03:10.562704
case_199,b,2025-02-24 19:28:10.562735
case_199,c,2025-02-24 19:33:10.562735
case_199,a,2025-02-24 19:38:10.562735
case_199,c,2025-02-24 19:43:10.562735
case_199,a,2025-02-24 19:48:10.562735
case_199,c,2025-02-24 19:53:10.562735
case_199,c,2025-02-24 19:58:10.562735
case_199,c,2025-02-24 20:03:10.562735
case_199,a,2025-02-24 20:08:10.562735
case_199,a,2025-02-24 20:13:10.562735
case_199,a,2025-02-24 20:18:10.562735
case_199,a,2025-02-24 20:23:10.562735
case_199,a,2025-02-24 20:28:10.562735
case_199,a,2025-02-24 20:33:10.562735
case_199,b,2025-02-24 20:38:10.562735
case_199,a,2025-02-24 20:43:10.562735
case_199,a,2025-02-24 20:48:10.562735
case_199,c,2025-02-24 20:53:10.562735
case_199,a,2025-02-24 20:58:10.562735
case_199,b,2025-02-24 21:03:10.562735
case_200,c,2025-02-24 19:28:10.562765
case_200,a,2025-02-24 19:33:10.562765
case_200,a,2025-02-24 19:38:10.562765
case_200,c,2025-02-24 19:43:10.562765
case_200,a,2025-02-24 19:48:10.562765
case_200,a,2025-02-24 19:53:10.562765
case_200,c,2025-02-24 19:58:10.562765
case_200,c,2025-02-24 20:03:10.562765
case_200,b,2025-02-24 20:08:10.562765
case_200,b,2025-02-24 20:13:10.562765
case_200,a,2025-02-24 20:18:10.562765
case_200,c,2025-02-24 20:23:10.562765
case_200,b,2025-02-24 20:28:10.562765
case_200,c,2025-02-24 20:33:10.562765
case_200,b,2025-02-24 20:38:10.562765
case_200,b,2025-02-24 20:43:10.562765
case_200,b,2025-02-24 20:48:10.562765
case_200,a,2025-02-24 20:53:10.562765
case_200,a,2025-02-24 20:58:10.562765
case_200,b,2025-02-24 21:03:10.562765
case_201,a,2025-02-24 19:28:10.562795
case_201,a,2025-02-24 19:33:10.562795
case_201,a,2025-02-24 19:38:10.562795
case_201,c,2025-02-24 19:43:10.562795
case_201,c,2025-02-24 19:48:10.562795
case_201,b,2025-02-24 19:53:10.562795
case_201,c,2025-02-24 19:58:10.562795
case_201,c,2025-02-24 20:03:10.562795
case_201,b,2025-02-24 20:08:10.562795
case_201,a,2025-02-24 20:13:10.562795
case_201,a,2025-02-24 20:18:10.562795
case_201,b,2025-02-24 20:23:10.562795
case_201,c,2025-02-24 20:28:10.562795
case_201,b,2025-02-24 20:33:10.562795
case_201,b,2025-02-24 20:38:10.562795
case_201,c,2025-02-24 20:43:10.562795
case_201,a,2025-02-24 20:48:10.562795
case_201,c,2025-02-24 20:53:10.562795
case_201,a,2025-02-24 20:58:10.562795
case_201,b,2025-02-24 21:03:10.562795
case_202,b,2025-02-24 19:28:10.562826
case_202,b,2025-02-24 19:33:10.562826
case_202,c,2025-02-24 19:38:10.562826
case_202,c,2025-02-24 19:43:10.562826
case_202,c,2025-02-24 19:48:10.562826
case_202,c,2025-02-24 19:53:10.562826
case_202,b,2025-02-24 19:58:10.562826
case_202,b,2025-02-24 20:03:10.562826
case_202,c,2025-02-24 20:08:10.562826
case_202,c,2025-02-24 20:13:10.562826
case_202,c,2025-02-24 20:18:10.562826
case_202,b,2025-02-24 20:23:10.562826
case_202,a,2025-02-24 20:28:10.562826
case_202,b,2025-02-24 20:33:10.562826
case_202,a,2025-02-24 20:38:10.562826
case_202,c,2025-02-24 20:43:10.562826
case_202,b,2025-02-24 20:48:10.562826
case_202,b,2025-02-24 20:53:10.562826
case_202,a,2025-02-24 20:58:10.562826
case_202,a,2025-02-24 21:03:10.562826
case_203,a,2025-02-24 19:28:10.562856
case_203,a,2025-02-24 19:33:10.562856
case_203,a,2025-02-24 19:38:10.562856
case_203,b,2025-02-24 19:43:10.562856
case_203,a,2025-02-24 19:48:10.562856
case_203,a,2025-02-24 19:53:10.562856
case_203,c,2025-02-24 19:58:10.562856
case_203,b,2025-02-24 20:03:10.562856
case_203,a,2025-02-24 20:08:10.562856
case_203,c,2025-02-24 20:13:10.562856
case_203,c,2025-02-24 20:18:10.562856
case_203,a,2025-02-24 20:23:10.562856
case_203,b,2025-02-24 20:28:10.562856
case_203,c,2025-02-24 20:33:10.562856
case_203,c,2025-02-24 20:38:10.562856
case_203,c,2025-02-24 20:43:10.562856
case_203,c,2025-02-24 20:48:10.562856
case_203,a,2025-02-24 20:53:10.562856
case_203,b,2025-02-24 20:58:10.562856
case_203,b,2025-02-24 21:03:10.562856
case_204,a,2025-02-24 19:28:10.562887
case_204,a,2025-02-24 19:33:10.562887
case_204,b,2025-02-24 19:38:10.562887
case_204,c,2025-02-24 19:43:10.562887
case_204,b,2025-02-24 19:48:10.562887
case_204,b,2025-02-24 19:53:10.562887
case_204,c,2025-02-24 19:58:10.562887
case_204,b,2025-02-24 20:03:10.562887
case_204,a,2025-02-24 20:08:10.562887
case_204,a,2025-02-24 20:13:10.562887
case_204,b,2025-02-24 20:18:10.562887
case_204,a,2025-02-24 20:23:10.562887
case_204,c,2025-02-24 20:28:10.562887
case_204,c,2025-02-24 20:33:10.562887
case_204,b,2025-02-24 20:38:10.562887
case_204,b,2025-02-24 20:43:10.562887
case_204,c,2025-02-24 20:48:10.562887
case_204,a,2025-02-24 20:53:10.562887
case_204,a,2025-02-24 20:58:10.562887
case_204,a,2025-02-24 21:03:10.562887
case_205,b,2025-02-24 19:28:10.562918
case_205,c,2025-02-24 19:33:10.562918
case_205,b,2025-02-24 19:38:10.562918
case_205,a,2025-02-24 19:43:10.562918
case_205,a,2025-02-24 19:48:10.562918
case_205,a,2025-02-24 19:53:10.562918
case_205,c,2025-02-24 19:58:10.562918
case_205,c,2025-02-24 20:03:10.562918
case_205,a,2025-02-24 20:08:10.562918
case_205,c,2025-02-24 20:13:10.562918
case_205,b,2025-02-24 20:18:10.562918
case_205,a,2025-02-24 20:23:10.562918
case_205,b,2025-02-24 20:28:10.562918
case_205,a,2025-02-24 20:33:10.562918
case_205,b,2025-02-24 20:38:10.562918
case_205,b,2025-02-24 20:43:10.562918
case_205,c,2025-02-24 20:48:10.562918
case_205,b,2025-02-24 20:53:10.562918
case_205,c,2025-02-24 20:58:10.562918
case_205,c,2025-02-24 21:03:10.562918
case_206,b,2025-02-24 19:28:10.562949
case_206,a,2025-02-24 19:33:10.562949
case_206,c,2025-02-24 19:38:10.562949
case_206,c,2025-02-24 19:43:10.562949
case_206,b,2025-02-24 19:48:10.562949
case_206,b,2025-02-24 19:53:10.562949
case_206,c,2025-02-24 19:58:10.562949
case_206,c,2025-02-24 20:03:10.562949
case_206,b,2025-02-24 20:08:10.562949
case_206,b,2025-02-24 20:13:10.562949
case_206,c,2025-02-24 20:18:10.562949
case_206,a,2025-02-24 20:23:10.562949
case_206,b,2025-02-24 20:28:10.562949
case_206,c,2025-02-24 20:33:10.562949
case_206,a,2025-02-24 20:38:10.562949
case_206,b,2025-02-24 20:43:10.562949
case_206,a,2025-02-24 20:48:10.562949
case_206,c,2025-02-24 20:53:10.562949
case_206,a,2025-02-24 20:58:10.562949
case_206,a,2025-02-24 21:03:10.562949
case_207,c,2025-02-24 19:28:10.562980
case_207,c,2025-02-24 19:33:10.562980
case_207,a,2025-02-24 19:38:10.562980
case_207,c,2025-02-24 19:43:10.562980
case_207,a,2025-02-24 19:48:10.562980
case_207,c,2025-02-24 19:53:10.562980
case_207,a,2025-02-24 19:58:10.562980
case_207,c,2025-02-24 20:03:10.562980
case_207,b,2025-02-24 20:08:10.562980
case_207,c,2025-02-24 20:13:10.562980
case_207,a,2025-02-24 20:18:10.562980
case_207,a,2025-02-24 20:23:10.562980
case_207,b,2025-02-24 20:28:10.562980
case_207,a,2025-02-24 20:33:10.562980
case_207,a,2025-02-24 20:38:10.562980
case_207,b,2025-02-24 20:43:10.562980
case_207,b,2025-02-24 20:48:10.562980
case_207,c,2025-02-24 20:53:10.562980
case_207,c,2025-02-24 20:58:10.562980
case_207,a,2025-02-24 21:03:10.562980
case_208,a,2025-02-24 19:28:10.563010
case_208,b,2025-02-24 19:33:10.563010
case_208,c,2025-02-24 19:38:10.563010
case_208,a,2025-02-24 19:43:10.563010
case_208,b,2025-02-24 19:48:10.563010
case_208,a,2025-02-24 19:53:10.563010
case_208,c,2025-02-24 19:58:10.563010
case_208,c,2025-02-24 20:03:10.563010
case_208,c,2025-02-24 20:08:10.563010
case_208,b,2025-02-24 20:13:10.563010
case_208,a,2025-02-24 20:18:10.563010
case_208,c,2025-02-24 20:23:10.563010
case_208,a,2025-02-24 20:28:10.563010
case_208,a,2025-02-24 20:33:10.563010
case_208,a,2025-02-24 20:38:10.563010
case_208,a,2025-02-24 20:43:10.563010
case_208,b,2025-02-24 20:48:10.563010
case_208,c,2025-02-24 20:53:10.563010
case_208,b,2025-02-24 20:58:10.563010
case_208,b,2025-02-24 21:03:10.563010
case_209,b,2025-02-24 19:28:10.563040
case_209,b,2025-02-24 19:33:10.563040
case_209,c,2025-02-24 19:38:10.563040
case_209,b,2025-02-24 19:43:10.563040
case_209,c,2025-02-24 19:48:10.563040
case_209,a,2025-02-24 19:53:10.563040
case_209,a,2025-02-24 19:58:10.563040
case_209,a,2025-02-24 20:03:10.563040
case_209,b,2025-02-24 20:08:10.563040
case_209,a,2025-02-24 20:13:10.563040
case_209,b,2025-02-24 20:18:10.563040
case_209,b,2025-02-24 20:23:10.563040
case_209,a,2025-02-24 20:28:10.563040
case_209,a,2025-02-24 20:33:10.563040
case_209,a,2025-02-24 20:38:10.563040
case_209,b,2025-02-24 20:43:10.563040
case_209,a,2025-02-24 20:48:10.563040
case_209,a,2025-02-24 20:53:10.563040
case_209,c,2025-02-24 20:58:10.563040
case_209,b,2025-02-24 21:03:10.563040
case_210,a,2025-02-24 19:28:10.563071
case_210,a,2025-02-24 19:33:10.563071
case_210,b,2025-02-24 19:38:10.563071
case_210,a,2025-02-24 19:43:10.563071
case_210,c,2025-02-24 19:48:10.563071
case_210,c,2025-02-24 19:53:10.563071
case_210,c,2025-02-24 19:58:10.563071
case_210,a,2025-02-24 20:03:10.563071
case_210,b,2025-02-24 20:08:10.563071
case_210,b,2025-02-24 20:13:10.563071
case_210,c,2025-02-24 20:18:10.563071
case_210,c,2025-02-24 20:23:10.563071
case_210,c,2025-02-24 20:28:10.563071
case_210,c,2025-02-24 20:33:10.563071
case_210,b,2025-02-24 20:38:10.563071
case_210,c,2025-02-24 20:43:10.563071
case_210,c,2025-02-24 20:48:10.563071
case_210,c,2025-02-24 20:53:10.563071
case_210,c,2025-02-24 20:58:10.563071
case_210,c,2025-02-24 21:03:10.563071
case_211,b,2025-02-24 19:28:10.563101
case_211,b,2025-02-24 19:33:10.563101
case_211,c,2025-02-24 19:38:10.563101
case_211,a,2025-02-24 19:43:10.563101
case_211,c,2025-02-24 19:48:10.563101
case_211,b,2025-02-24 19:53:10.563101
case_211,b,2025-02-24 19:58:10.563101
case_211,b,2025-02-24 20:03:10.563101
case_211,b,2025-02-24 20:08:10.563101
case_211,c,2025-02-24 20:13:10.563101
case_211,c,2025-02-24 20:18:10.563101
case_211,c,2025-02-24 20:23:10.563101
case_211,c,2025-02-24 20:28:10.563101
case_211,a,2025-02-24 20:33:10.563101
case_211,b,2025-02-24 20:38:10.563101
case_211,c,2025-02-24 20:43:10.563101
case_211,b,2025-02-24 20:48:10.563101
case_211,c,2025-02-24 20:53:10.563101
case_211,a,2025-02-24 20:58:10.563101
case_211,a,2025-02-24 21:03:10.563101
case_212,c,2025-02-24 19:28:10.563132
case_212,b,2025-02-24 19:33:10.563132
case_212,a,2025-02-24 19:38:10.563132
case_212,c,2025-02-24 19:43:10.563132
case_212,a,2025-02-24 19:48:10.563132
case_212,a,2025-02-24 19:53:10.563132
case_212,a,2025-02-24 19:58:10.563132
case_212,c,2025-02-24 20:03:10.563132
case_212,a,2025-02-24 20:08:10.563132
case_212,c,2025-02-24 20:13:10.563132
case_212,b,2025-02-24 20:18:10.563132
case_212,c,2025-02-24 20:23:10.563132
case_212,c,2025-02-24 20:28:10.563132
case_212,c,2025-02-24 20:33:10.563132
case_212,b,2025-02-24 20:38:10.563132
case_212,a,2025-02-24 20:43:10.563132
case_212,b,2025-02-24 20:48:10.563132
case_212,c,2025-02-24 20:53:10.563132
case_212,b,2025-02-24 20:58:10.563132
case_212,b,2025-02-24 21:03:10.563132
case_213,a,2025-02-24 19:28:10.563162
case_213,b,2025-02-24 19:33:10.563162
case_213,c,2025-02-24 19:38:10.563162
case_213,c,2025-02-24 19:43:10.563162
case_213,b,2025-02-24 19:48:10.563162
case_213,c,2025-02-24 19:53:10.563162
case_213,a,2025-02-24 19:58:10.563162
case_213,c,2025-02-24 20:03:10.563162
case_213,b,2025-02-24 20:08:10.563162
case_213,b,2025-02-24 20:13:10.563162
case_213,c,2025-02-24 20:18:10.563162
case_213,c,2025-02-24 20:23:10.563162
case_213,b,2025-02-24 20:28:10.563162
case_213,a,2025-02-24 20:33:10.563162
case_213,a,2025-02-24 20:38:10.563162
case_213,a,2025-02-24 20:43:10.563162
case_213,c,2025-02-24 20:48:10.563162
case_213,b,2025-02-24 20:53:10.563162
case_213,c,2025-02-24 20:58:10.563162
case_213,c,2025-02-24 21:03:10.563162
case_214,b,2025-02-24 19:28:10.563193
case_214,c,2025-02-24 19:33:10.563193
case_214,c,2025-02-24 19:38:10.563193
case_214,c,2025-02-24 19:43:10.563193
case_214,b,2025-02-24 19:48:10.563193
case_214,a,2025-02-24 19:53:10.563193
case_214,c,2025-02-24 19:58:10.563193
case_214,b,2025-02-24 20:03:10.563193
case_214,a,2025-02-24 20:08:10.563193
case_214,a,2025-02-24 20:13:10.563193
case_214,b,2025-02-24 20:18:10.563193
case_214,b,2025-02-24 20:23:10.563193
case_214,a,2025-02-24 20:28:10.563193
case_214,c,2025-02-24 20:33:10.563193
case_214,c,2025-02-24 20:38:10.563193
case_214,b,2025-02-24 20:43:10.563193
case_214,c,2025-02-24 20:48:10.563193
case_214,b,2025-02-24 20:53:10.563193
case_214,b,2025-02-24 20:58:10.563193
case_214,c,2025-02-24 21:03:10.563193
case_215,b,2025-02-24 19:28:10.563223
case_215,c,2025-02-24 19:33:10.563223
case_215,b,2025-02-24 19:38:10.563223
case_215,b,2025-02-24 19:43:10.563223
case_215,c,2025-02-24 19:48:10.563223
case_215,a,2025-02-24 19:53:10.563223
case_215,c,2025-02-24 19:58:10.563223
case_215,a,2025-02-24 20:03:10.563223
case_215,a,2025-02-24 20:08:10.563223
case_215,b,2025-02-24 20:13:10.563223
case_215,c,2025-02-24 20:18:10.563223
case_215,a,2025-02-24 20:23:10.563223
case_215,a,2025-02-24 20:28:10.563223
case_215,a,2025-02-24 20:33:10.563223
case_215,b,2025-02-24 20:38:10.563223
case_215,a,2025-02-24 20:43:10.563223
case_215,a,2025-02-24 20:48:10.563223
case_215,b,2025-02-24 20:53:10.563223
case_215,c,2025-02-24 20:58:10.563223
case_215,a,2025-02-24 21:03:10.563223
case_216,b,2025-02-24 19:28:10.563253
case_216,b,2025-02-24 19:33:10.563253
case_216,a,2025-02-24 19:38:10.563253
case_216,c,2025-02-24 19:43:10.563253
case_216,c,2025-02-24 19:48:10.563253
case_216,a,2025-02-24 19:53:10.563253
case_216,b,2025-02-24 19:58:10.563253
case_216,c,2025-02-24 20:03:10.563253
case_216,b,2025-02-24 20:08:10.563253
case_216,a,2025-02-24 20:13:10.563253
case_216,a,2025-02-24 20:18:10.563253
case_216,c,2025-02-24 20:23:10.563253
case_216,b,2025-02-24 20:28:10.563253
case_216,a,2025-02-24 20:33:10.563253
case_216,c,2025-02-24 20:38:10.563253
case_216,a,2025-02-24 20:43:10.563253
case_216,b,2025-02-24 20:48:10.563253
case_216,c,2025-02-24 20:53:10.563253
case_216,c,2025-02-24 20:58:10.563253
case_216,b,2025-02-24 21:03:10.563253
case_217,c,2025-02-24 19:28:10.563283
case_217,c,2025-02-24 19:33:10.563283
case_217,a,2025-02-24 19:38:10.563283
case_217,b,2025-02-24 19:43:10.563283
case_217,a,2025-02-24 19:48:10.563283
case_217,c,2025-02-24 19:53:10.563283
case_217,a,2025-02-24 19:58:10.563283
case_217,a,2025-02-24 20:03:10.563283
case_217,a,2025-02-24 20:08:10.563283
case_217,b,2025-02-24 20:13:10.563283
case_217,a,2025-02-24 20:18:10.563283
case_217,a,2025-02-24 20:23:10.563283
case_217,b,2025-02-24 20:28:10.563283
case_217,c,2025-02-24 20:33:10.563283
case_217,b,2025-02-24 20:38:10.563283
case_217,b,2025-02-24 20:43:10.563283
case_217,c,2025-02-24 20:48:10.563283
case_217,b,2025-02-24 20:53:10.563283
case_217,c,2025-02-24 20:58:10.563283
case_217,a,2025-02-24 21:03:10.563283
case_218,a,2025-02-24 19:28:10.563314
case_218,c,2025-02-24 19:33:10.563314
case_218,b,2025-02-24 19:38:10.563314
case_218,b,2025-02-24 19:43:10.563314
case_218,b,2025-02-24 19:48:10.563314
case_218,b,2025-02-24 19:53:10.563314
case_218,b,2025-02-24 19:58:10.563314
case_218,a,2025-02-24 20:03:10.563314
case_218,a,2025-02-24 20:08:10.563314
case_218,b,2025-02-24 20:13:10.563314
case_218,c,2025-02-24 20:18:10.563314
case_218,a,2025-02-24 20:23:10.563314
case_218,a,2025-02-24 20:28:10.563314
case_218,c,2025-02-24 20:33:10.563314
case_218,a,2025-02-24 20:38:10.563314
case_218,a,2025-02-24 20:43:10.563314
case_218,c,2025-02-24 20:48:10.563314
case_218,c,2025-02-24 20:53:10.563314
case_218,c,2025-02-24 20:58:10.563314
case_218,a,2025-02-24 21:03:10.563314
case_219,b,2025-02-24 19:28:10.563345
case_219,b,2025-02-24 19:33:10.563345
case_219,b,2025-02-24 19:38:10.563345
case_219,b,2025-02-24 19:43:10.563345
case_219,a,2025-02-24 19:48:10.563345
case_219,c,2025-02-24 19:53:10.563345
case_219,c,2025-02-24 19:58:10.563345
case_219,a,2025-02-24 20:03:10.563345
case_219,b,2025-02-24 20:08:10.563345
case_219,c,2025-02-24 20:13:10.563345
case_219,a,2025-02-24 20:18:10.563345
case_219,a,2025-02-24 20:23:10.563345
case_219,c,2025-02-24 20:28:10.563345
case_219,c,2025-02-24 20:33:10.563345
case_219,b,2025-02-24 20:38:10.563345
case_219,a,2025-02-24 20:43:10.563345
case_219,c,2025-02-24 20:48:10.563345
case_219,a,2025-02-24 20:53:10.563345
case_219,c,2025-02-24 20:58:10.563345
case_219,a,2025-02-24 21:03:10.563345
case_220,b,2025-02-24 19:28:10.563375
case_220,a,2025-02-24 19:33:10.563375
case_220,c,2025-02-24 19:38:10.563375
case_220,b,2025-02-24 19:43:10.563375
case_220,b,2025-02-24 19:48:10.563375
case_220,c,2025-02-24 19:53:10.563375
case_220,b,2025-02-24 19:58:10.563375
case_220,a,2025-02-24 20:03:10.563375
case_220,c,2025-02-24 20:08:10.563375
case_220,c,2025-02-24 20:13:10.563375
case_220,b,2025-02-24 20:18:10.563375
case_220,a,2025-02-24 20:23:10.563375
case_220,c,2025-02-24 20:28:10.563375
case_220,c,2025-02-24 20:33:10.563375
case_220,a,2025-02-24 20:38:10.563375
case_220,b,2025-02-24 20:43:10.563375
case_220,c,2025-02-24 20:48:10.563375
case_220,a,2025-02-24 20:53:10.563375
case_220,a,2025-02-24 20:58:10.563375
case_220,a,2025-02-24 21:03:10.563375
case_221,a,2025-02-24 19:28:10.563405
case_221,c,2025-02-24 19:33:10.563405
case_221,a,2025-02-24 19:38:10.563405
case_221,c,2025-02-24 19:43:10.563405
case_221,a,2025-02-24 19:48:10.563405
case_221,b,2025-02-24 19:53:10.563405
case_221,b,2025-02-24 19:58:10.563405
case_221,c,2025-02-24 20:03:10.563405
case_221,c,2025-02-24 20:08:10.563405
case_221,c,2025-02-24 20:13:10.563405
case_221,c,2025-02-24 20:18:10.563405
case_221,c,2025-02-24 20:23:10.563405
case_221,c,2025-02-24 20:28:10.563405
case_221,b,2025-02-24 20:33:10.563405
case_221,a,2025-02-24 20:38:10.563405
case_221,a,2025-02-24 20:43:10.563405
case_221,a,2025-02-24 20:48:10.563405
case_221,b,2025-02-24 20:53:10.563405
case_221,b,2025-02-24 20:58:10.563405
case_221,c,2025-02-24 21:03:10.563405
case_222,a,2025-02-24 19:28:10.563435
case_222,a,2025-02-24 19:33:10.563435
case_222,a,2025-02-24 19:38:10.563435
case_222,a,2025-02-24 19:43:10.563435
case_222,b,2025-02-24 19:48:10.563435
case_222,c,2025-02-24 19:53:10.563435
case_222,b,2025-02-24 19:58:10.563435
case_222,a,2025-02-24 20:03:10.563435
case_222,a,2025-02-24 20:08:10.563435
case_222,c,2025-02-24 20:13:10.563435
case_222,a,2025-02-24 20:18:10.563435
case_222,b,2025-02-24 20:23:10.563435
case_222,b,2025-02-24 20:28:10.563435
case_222,b,2025-02-24 20:33:10.563435
case_222,a,2025-02-24 20:38:10.563435
case_222,a,2025-02-24 20:43:10.563435
case_222,a,2025-02-24 20:48:10.563435
case_222,c,2025-02-24 20:53:10.563435
case_222,b,2025-02-24 20:58:10.563435
case_222,b,2025-02-24 21:03:10.563435
case_223,c,2025-02-24 19:28:10.563464
case_223,b,2025-02-24 19:33:10.563464
case_223,c,2025-02-24 19:38:10.563464
case_223,a,2025-02-24 19:43:10.563464
case_223,a,2025-02-24 19:48:10.563464
case_223,b,2025-02-24 19:53:10.563464
case_223,c,2025-02-24 19:58:10.563464
case_223,c,2025-02-24 20:03:10.563464
case_223,c,2025-02-24 20:08:10.563464
case_223,a,2025-02-24 20:13:10.563464
case_223,a,2025-02-24 20:18:10.563464
case_223,b,2025-02-24 20:23:10.563464
case_223,c,2025-02-24 20:28:10.563464
case_223,c,2025-02-24 20:33:10.563464
case_223,b,2025-02-24 20:38:10.563464
case_223,b,2025-02-24 20:43:10.563464
case_223,c,2025-02-24 20:48:10.563464
case_223,b,2025-02-24 20:53:10.563464
case_223,b,2025-02-24 20:58:10.563464
case_223,b,2025-02-24 21:03:10.563464
case_224,c,2025-02-24 19:28:10.563494
case_224,a,2025-02-24 19:33:10.563494
case_224,c,2025-02-24 19:38:10.563494
case_224,a,2025-02-24 19:43:10.563494
case_224,b,2025-02-24 19:48:10.563494
case_224,c,2025-02-24 19:53:10.563494
case_224,a,2025-02-24 19:58:10.563494
case_224,b,2025-02-24 20:03:10.563494
case_224,a,2025-02-24 20:08:10.563494
case_224,c,2025-02-24 20:13:10.563494
case_224,c,2025-02-24 20:18:10.563494
case_224,c,2025-02-24 20:23:10.563494
case_224,b,2025-02-24 20:28:10.563494
case_224,a,2025-02-24 20:33:10.563494
case_224,b,2025-02-24 20:38:10.563494
case_224,b,2025-02-24 20:43:10.563494
case_224,c,2025-02-24 20:48:10.563494
case_224,a,2025-02-24 20:53:10.563494
case_224,a,2025-02-24 20:58:10.563494
case_224,a,2025-02-24 21:03:10.563494
case_225,c,2025-02-24 19:28:10.563524
case_225,c,2025-02-24 19:33:10.563524
case_225,b,2025-02-24 19:38:10.563524
case_225,c,2025-02-24 19:43:10.563524
case_225,b,2025-02-24 19:48:10.563524
case_225,c,2025-02-24 19:53:10.563524
case_225,b,2025-02-24 19:58:10.563524
case_225,c,2025-02-24 20:03:10.563524
case_225,a,2025-02-24 20:08:10.563524
case_225,b,2025-02-24 20:13:10.563524
case_225,c,2025-02-24 20:18:10.563524
case_225,b,2025-02-24 20:23:10.563524
case_225,b,2025-02-24 20:28:10.563524
case_225,c,2025-02-24 20:33:10.563524
case_225,a,2025-02-24 20:38:10.563524
case_225,b,2025-02-24 20:43:10.563524
case_225,b,2025-02-24 20:48:10.563524
case_225,b,2025-02-24 20:53:10.563524
case_225,a,2025-02-24 20:58:10.563524
case_225,a,2025-02-24 21:03:10.563524
case_226,a,2025-02-24 19:28:10.563553
case_226,b,2025-02-24 19:33:10.563553
case_226,b,2025-02-24 19:38:10.563553
case_226,a,2025-02-24 19:43:10.563553
case_226,a,2025-02-24 19:48:10.563553
case_226,a,2025-02-24 19:53:10.563553
case_226,a,2025-02-24 19:58:10.563553
case_226,a,2025-02-24 20:03:10.563553
case_226,a,2025-02-24 20:08:10.563553
case_226,c,2025-02-24 20:13:10.563553
case_226,a,2025-02-24 20:18:10.563553
case_226,c,2025-02-24 20:23:10.563553
case_226,a,2025-02-24 20:28:10.563553
case_226,a,2025-02-24 20:33:10.563553
case_226,a,2025-02-24 20:38:10.563553
case_226,a,2025-02-24 20:43:10.563553
case_226,c,2025-02-24 20:48:10.563553
case_226,c,2025-02-24 20:53:10.563553
case_226,a,2025-02-24 20:58:10.563553
case_226,a,2025-02-24 21:03:10.563553
case_227,b,2025-02-24 19:28:10.563583
case_227,a,2025-02-24 19:33:10.563583
case_227,a,2025-02-24 19:38:10.563583
case_227,a,2025-02-24 19:43:10.563583
case_227,b,2025-02-24 19:48:10.563583
case_227,a,2025-02-24 19:53:10.563583
case_227,a,2025-02-24 19:58:10.563583
case_227,c,2025-02-24 20:03:10.563583
case_227,c,2025-02-24 20:08:10.563583
case_227,b,2025-02-24 20:13:10.563583
case_227,a,2025-02-24 20:18:10.563583
case_227,b,2025-02-24 20:23:10.563583
case_227,c,2025-02-24 20:28:10.563583
case_227,b,2025-02-24 20:33:10.563583
case_227,c,2025-02-24 20:38:10.563583
case_227,a,2025-02-24 20:43:10.563583
case_227,b,2025-02-24 20:48:10.563583
case_227,a,2025-02-24 20:53:10.563583
case_227,b,2025-02-24 20:58:10.563583
case_227,b,2025-02-24 21:03:10.563583
case_228,a,2025-02-24 19:28:10.563613
case_228,c,2025-02-24 19:33:10.563613
case_228,c,2025-02-24 19:38:10.563613
case_228,b,2025-02-24 19:43:10.563613
case_228,a,2025-02-24 19:48:10.563613
case_228,a,2025-02-24 19:53:10.563613
case_228,b,2025-02-24 19:58:10.563613
case_228,a,2025-02-24 20:03:10.563613
case_228,a,2025-02-24 20:08:10.563613
case_228,c,2025-02-24 20:13:10.563613
case_228,a,2025-02-24 20:18:10.563613
case_228,a,2025-02-24 20:23:10.563613
case_228,b,2025-02-24 20:28:10.563613
case_228,a,2025-02-24 20:33:10.563613
case_228,b,2025-02-24 20:38:10.563613
case_228,a,2025-02-24 20:43:10.563613
case_228,c,2025-02-24 20:48:10.563613
case_228,c,2025-02-24 20:53:10.563613
case_228,b,2025-02-24 20:58:10.563613
case_228,b,2025-02-24 21:03:10.563613
case_229,a,2025-02-24 19:28:10.563642
case_229,b,2025-02-24 19:33:10.563642
case_229,c,2025-02-24 19:38:10.563642
case_229,a,2025-02-24 19:43:10.563642
case_229,a,2025-02-24 19:48:10.563642
case_229,a,2025-02-24 19:53:10.563642
case_229,a,2025-02-24 19:58:10.563642
case_229,a,2025-02-24 20:03:10.563642
case_229,a,2025-02-24 20:08:10.563642
case_229,a,2025-02-24 20:13:10.563642
case_229,a,2025-02-24 20:18:10.563642
case_229,a,2025-02-24 20:23:10.563642
case_229,b,2025-02-24 20:28:10.563642
case_229,c,2025-02-24 20:33:10.563642
case_229,a,2025-02-24 20:38:10.563642
case_229,c,2025-02-24 20:43:10.563642
case_229,a,2025-02-24 20:48:10.563642
case_229,c,2025-02-24 20:53:10.563642
case_229,b,2025-02-24 20:58:10.563642
case_229,b,2025-02-24 21:03:10.563642
case_230,c,2025-02-24 19:28:10.563672
case_230,c,2025-02-24 19:33:10.563672
case_230,c,2025-02-24 19:38:10.563672
case_230,b,2025-02-24 19:43:10.563672
case_230,a,2025-02-24 19:48:10.563672
case_230,c,2025-02-24 19:53:10.563672
case_230,c,2025-02-24 19:58:10.563672
case_230,a,2025-02-24 20:03:10.563672
case_230,a,2025-02-24 20:08:10.563672
case_230,a,2025-02-24 20:13:10.563672
case_230,b,2025-02-24 20:18:10.563672
case_230,c,2025-02-24 20:23:10.563672
case_230,c,2025-02-24 20:28:10.563672
case_230,b,2025-02-24 20:33:10.563672
case_230,b,2025-02-24 20:38:10.563672
case_230,b,2025-02-24 20:43:10.563672
case_230,b,2025-02-24 20:48:10.563672
case_230,a,2025-02-24 20:53:10.563672
case_230,c,2025-02-24 20:58:10.563672
case_230,b,2025-02-24 21:03:10.563672
case_231,a,2025-02-24 19:28:10.563702
case_231,c,2025-02-24 19:33:10.563702
case_231,b,2025-02-24 19:38:10.563702
case_231,a,2025-02-24 19:43:10.563702
case_231,a,2025-02-24 19:48:10.563702
case_231,a,2025-02-24 19:53:10.563702
case_231,c,2025-02-24 19:58:10.563702
case_231,c,2025-02-24 20:03:10.563702
case_231,a,2025-02-24 20:08:10.563702
case_231,c,2025-02-24 20:13:10.563702
case_231,c,2025-02-24 20:18:10.563702
case_231,c,2025-02-24 20:23:10.563702
case_231,c,2025-02-24 20:28:10.563702
case_231,b,2025-02-24 20:33:10.563702
case_231,c,2025-02-24 20:38:10.563702
case_231,a,2025-02-24 20:43:10.563702
case_231,b,2025-02-24 20:48:10.563702
case_231,a,2025-02-24 20:53:10.563702
case_231,b,2025-02-24 20:58:10.563702
case_231,b,2025-02-24 21:03:10.563702
case_232,a,2025-02-24 19:28:10.563732
case_232,a,2025-02-24 19:33:10.563732
case_232,a,2025-02-24 19:38:10.563732
case_232,b,2025-02-24 19:43:10.563732
case_232,b,2025-02-24 19:48:10.563732
case_232,a,2025-02-24 19:53:10.563732
case_232,b,2025-02-24 19:58:10.563732
case_232,b,2025-02-24 20:03:10.563732
case_232,c,2025-02-24 20:08:10.563732
case_232,b,2025-02-24 20:13:10.563732
case_232,b,2025-02-24 20:18:10.563732
case_232,c,2025-02-24 20:23:10.563732
case_232,c,2025-02-24 20:28:10.563732
case_232,c,2025-02-24 20:33:10.563732
case_232,b,2025-02-24 20:38:10.563732
case_232,b,2025-02-24 20:43:10.563732
case_232,a,2025-02-24 20:48:10.563732
case_232,c,2025-02-24 20:53:10.563732
case_232,b,2025-02-24 20:58:10.563732
case_232,c,2025-02-24 21:03:10.563732
case_233,b,2025-02-24 19:28:10.563763
case_233,a,2025-02-24 19:33:10.563763
case_233,c,2025-02-24 19:38:10.563763
case_233,b,2025-02-24 19:43:10.563763
case_233,c,2025-02-24 19:48:10.563763
case_233,b,2025-02-24 19:53:10.563763
case_233,b,2025-02-24 19:58:10.563763
case_233,c,2025-02-24 20:03:10.563763
case_233,b,2025-02-24 20:08:10.563763
case_233,c,2025-02-24 20:13:10.563763
case_233,c,2025-02-24 20:18:10.563763
case_233,b,2025-02-24 20:23:10.563763
case_233,b,2025-02-24 20:28:10.563763
case_233,b,2025-02-24 20:33:10.563763
case_233,a,2025-02-24 20:38:10.563763
case_233,a,2025-02-24 20:43:10.563763
case_233,b,2025-02-24 20:48:10.563763
case_233,c,2025-02-24 20:53:10.563763
case_233,a,2025-02-24 20:58:10.563763
case_233,c,2025-02-24 21:03:10.563763
case_234,c,2025-02-24 19:28:10.563793
case_234,b,2025-02-24 19:33:10.563793
case_234,b,2025-02-24 19:38:10.563793
case_234,b,2025-02-24 19:43:10.563793
case_234,b,2025-02-24 19:48:10.563793
case_234,c,2025-02-24 19:53:10.563793
case_234,a,2025-02-24 19:58:10.563793
case_234,c,2025-02-24 20:03:10.563793
case_234,c,2025-02-24 20:08:10.563793
case_234,c,2025-02-24 20:13:10.563793
case_234,b,2025-02-24 20:18:10.563793
case_234,c,2025-02-24 20:23:10.563793
case_234,a,2025-02-24 20:28:10.563793
case_234,a,2025-02-24 20:33:10.563793
case_234,c,2025-02-24 20:38:10.563793
case_234,a,2025-02-24 20:43:10.563793
case_234,a,2025-02-24 20:48:10.563793
case_234,c,2025-02-24 20:53:10.563793
case_234,c,2025-02-24 20:58:10.563793
case_234,a,2025-02-24 21:03:10.563793
case_235,b,2025-02-24 19:28:10.563823
case_235,a,2025-02-24 19:33:10.563823
case_235,b,2025-02-24 19:38:10.563823
case_235,c,2025-02-24 19:43:10.563823
case_235,c,2025-02-24 19:48:10.563823
case_235,c,2025-02-24 19:53:10.563823
case_235,b,2025-02-24 19:58:10.563823
case_235,c,2025-02-24 20:03:10.563823
case_235,b,2025-02-24 20:08:10.563823
case_235,c,2025-02-24 20:13:10.563823
case_235,b,2025-02-24 20:18:10.563823
case_235,c,2025-02-24 20:23:10.563823
case_235,b,2025-02-24 20:28:10.563823
case_235,b,2025-02-24 20:33:10.563823
case_235,a,2025-02-24 20:38:10.563823
case_235,b,2025-02-24 20:43:10.563823
case_235,b,2025-02-24 20:48:10.563823
case_235,c,2025-02-24 20:53:10.563823
case_235,a,2025-02-24 20:58:10.563823
case_235,a,2025-02-24 21:03:10.563823
case_236,c,2025-02-24 19:28:10.563853
case_236,b,2025-02-24 19:33:10.563853
case_236,b,2025-02-24 19:38:10.563853
case_236,a,2025-02-24 19:43:10.563853
case_236,b,2025-02-24 19:48:10.563853
case_236,a,2025-02-24 19:53:10.563853
case_236,c,2025-02-24 19:58:10.563853
case_236,c,2025-02-24 20:03:10.563853
case_236,c,2025-02-24 20:08:10.563853
case_236,c,2025-02-24 20:13:10.563853
case_236,b,2025-02-24 20:18:10.563853
case_236,b,2025-02-24 20:23:10.563853
case_236,b,2025-02-24 20:28:10.563853
case_236,c,2025-02-24 20:33:10.563853
case_236,b,2025-02-24 20:38:10.563853
case_236,b,2025-02-24 20:43:10.563853
case_236,a,2025-02-24 20:48:10.563853
case_236,b,2025-02-24 20:53:10.563853
case_236,a,2025-02-24 20:58:10.563853
case_236,a,2025-02-24 21:03:10.563853
case_237,b,2025-02-24 19:28:10.563883
case_237,a,2025-02-24 19:33:10.563883
case_237,b,2025-02-24 19:38:10.563883
case_237,b,2025-02-24 19:43:10.563883
case_237,a,2025-02-24 19:48:10.563883
case_237,b,2025-02-24 19:53:10.563883
case_237,c,2025-02-24 19:58:10.563883
case_237,a,2025-02-24 20:03:10.563883
case_237,b,2025-02-24 20:08:10.563883
case_237,a,2025-02-24 20:13:10.563883
case_237,a,2025-02-24 20:18:10.563883
case_237,a,2025-02-24 20:23:10.563883
case_237,c,2025-02-24 20:28:10.563883
case_237,a,2025-02-24 20:33:10.563883
case_237,a,2025-02-24 20:38:10.563883
case_237,b,2025-02-24 20:43:10.563883
case_237,c,2025-02-24 20:48:10.563883
case_237,c,2025-02-24 20:53:10.563883
case_237,c,2025-02-24 20:58:10.563883
case_237,a,2025-02-24 21:03:10.563883
case_238,b,2025-02-24 19:28:10.563913
case_238,b,2025-02-24 19:33:10.563913
case_238,c,2025-02-24 19:38:10.563913
case_238,a,2025-02-24 19:43:10.563913
case_238,b,2025-02-24 19:48:10.563913
case_238,c,2025-02-24 19:53:10.563913
case_238,b,2025-02-24 19:58:10.563913
case_238,c,2025-02-24 20:03:10.563913
case_238,b,2025-02-24 20:08:10.563913
case_238,a,2025-02-24 20:13:10.563913
case_238,b,2025-02-24 20:18:10.563913
case_238,b,2025-02-24 20:23:10.563913
case_238,a,2025-02-24 20:28:10.563913
case_238,b,2025-02-24 20:33:10.563913
case_238,b,2025-02-24 20:38:10.563913
case_238,a,2025-02-24 20:43:10.563913
case_238,c,2025-02-24 20:48:10.563913
case_238,b,2025-02-24 20:53:10.563913
case_238,a,2025-02-24 20:58:10.563913
case_238,a,2025-02-24 21:03:10.563913
case_239,a,2025-02-24 19:28:10.563942
case_239,a,2025-02-24 19:33:10.563942
case_239,b,2025-02-24 19:38:10.563942
case_239,a,2025-02-24 19:43:10.563942
case_239,a,2025-02-24 19:48:10.563942
case_239,b,2025-02-24 19:53:10.563942
case_239,c,2025-02-24 19:58:10.563942
case_239,c,2025-02-24 20:03:10.563942
case_239,b,2025-02-24 20:08:10.563942
case_239,c,2025-02-24 20:13:10.563942
case_239,a,2025-02-24 20:18:10.563942
case_239,b,2025-02-24 20:23:10.563942
case_239,b,2025-02-24 20:28:10.563942
case_239,a,2025-02-24 20:33:10.563942
case_239,c,2025-02-24 20:38:10.563942
case_239,a,2025-02-24 20:43:10.563942
case_239,b,2025-02-24 20:48:10.563942
case_239,b,2025-02-24 20:53:10.563942
case_239,c,2025-02-24 20:58:10.563942
case_239,b,2025-02-24 21:03:10.563942
case_240,c,2025-02-24 19:28:10.563973
case_240,b,2025-02-24 19:33:10.563973
case_240,c,2025-02-24 19:38:10.563973
case_240,a,2025-02-24 19:43:10.563973
case_240,a,2025-02-24 19:48:10.563973
case_240,b,2025-02-24 19:53:10.563973
case_240,a,2025-02-24 19:58:10.563973
case_240,c,2025-02-24 20:03:10.563973
case_240,a,2025-02-24 20:08:10.563973
case_240,a,2025-02-24 20:13:10.563973
case_240,b,2025-02-24 20:18:10.563973
case_240,a,2025-02-24 20:23:10.563973
case_240,c,2025-02-24 20:28:10.563973
case_240,b,2025-02-24 20:33:10.563973
case_240,b,2025-02-24 20:38:10.563973
case_240,c,2025-02-24 20:43:10.563973
case_240,b,2025-02-24 20:48:10.563973
case_240,a,2025-02-24 20:53:10.563973
case_240,c,2025-02-24 20:58:10.563973
case_240,c,2025-02-24 21:03:10.563973
case_241,b,2025-02-24 19:28:10.564002
case_241,a,2025-02-24 19:33:10.564002
case_241,b,2025-02-24 19:38:10.564002
case_241,a,2025-02-24 19:43:10.564002
case_241,b,2025-02-24 19:48:10.564002
case_241,b,2025-02-24 19:53:10.564002
case_241,b,2025-02-24 19:58:10.564002
case_241,b,2025-02-24 20:03:10.564002
case_241,c,2025-02-24 20:08:10.564002
case_241,c,2025-02-24 20:13:10.564002
case_241,c,2025-02-24 20:18:10.564002
case_241,b,2025-02-24 20:23:10.564002
case_241,b,2025-02-24 20:28:10.564002
case_241,a,2025-02-24 20:33:10.564002
case_241,c,2025-02-24 20:38:10.564002
case_241,c,2025-02-24 20:43:10.564002
case_241,c,2025-02-24 20:48:10.564002
case_241,c,2025-02-24 20:53:10.564002
case_241,a,2025-02-24 20:58:10.564002
case_241,a,2025-02-24 21:03:10.564002
case_242,b,2025-02-24 19:28:10.564033
case_242,a,2025-02-24 19:33:10.564033
case_242,c,2025-02-24 19:38:10.564033
case_242,a,2025-02-24 19:43:10.564033
case_242,a,2025-02-24 19:48:10.564033
case_242,a,2025-02-24 19:53:10.564033
case_242,b,2025-02-24 19:58:10.564033
case_242,b,2025-02-24 20:03:10.564033
case_242,b,2025-02-24 20:08:10.564033
case_242,c,2025-02-24 20:13:10.564033
case_242,a,2025-02-24 20:18:10.564033
case_242,c,2025-02-24 20:23:10.564033
case_242,a,2025-02-24 20:28:10.564033
case_242,a,2025-02-24 20:33:10.564033
case_242,b,2025-02-24 20:38:10.564033
case_242,c,2025-02-24 20:43:10.564033
case_242,a,2025-02-24 20:48:10.564033
case_242,a,2025-02-24 20:53:10.564033
case_242,a,2025-02-24 20:58:10.564033
case_242,c,2025-02-24 21:03:10.564033
case_243,b,2025-02-24 19:28:10.564063
case_243,a,2025-02-24 19:33:10.564063
case_243,a,2025-02-24 19:38:10.564063
case_243,c,2025-02-24 19:43:10.564063
case_243,c,2025-02-24 19:48:10.564063
case_243,b,2025-02-24 19:53:10.564063
case_243,a,2025-02-24 19:58:10.564063
case_243,a,2025-02-24 20:03:10.564063
case_243,a,2025-02-24 20:08:10.564063
case_243,b,2025-02-24 20:13:10.564063
case_243,b,2025-02-24 20:18:10.564063
case_243,b,2025-02-24 20:23:10.564063
case_243,c,2025-02-24 20:28:10.564063
case_243,a,2025-02-24 20:33:10.564063
case_243,a,2025-02-24 20:38:10.564063
case_243,c,2025-02-24 20:43:10.564063
case_243,a,2025-02-24 20:48:10.564063
case_243,a,2025-02-24 20:53:10.564063
case_243,b,2025-02-24 20:58:10.564063
case_243,a,2025-02-24 21:03:10.564063
case_244,c,2025-02-24 19:28:10.564093
case_244,b,2025-02-24 19:33:10.564093
case_244,b,2025-02-24 19:38:10.564093
case_244,c,2025-02-24 19:43:10.564093
case_244,b,2025-02-24 19:48:10.564093
case_244,c,2025-02-24 19:53:10.564093
case_244,b,2025-02-24 19:58:10.564093
case_244,c,2025-02-24 20:03:10.564093
case_244,b,2025-02-24 20:08:10.564093
case_244,a,2025-02-24 20:13:10.564093
case_244,b,2025-02-24 20:18:10.564093
case_244,a,2025-02-24 20:23:10.564093
case_244,c,2025-02-24 20:28:10.564093
case_244,a,2025-02-24 20:33:10.564093
case_244,c,2025-02-24 20:38:10.564093
case_244,b,2025-02-24 20:43:10.564093
case_244,a,2025-02-24 20:48:10.564093
case_244,b,2025-02-24 20:53:10.564093
case_244,a,2025-02-24 20:58:10.564093
case_244,a,2025-02-24 21:03:10.564093
case_245,a,2025-02-24 19:28:10.564123
case_245,b,2025-02-24 19:33:10.564123
case_245,b,2025-02-24 19:38:10.564123
case_245,b,2025-02-24 19:43:10.564123
case_245,b,2025-02-24 19:48:10.564123
case_245,b,2025-02-24 19:53:10.564123
case_245,c,2025-02-24 19:58:10.564123
case_245,a,2025-02-24 20:03:10.564123
case_245,a,2025-02-24 20:08:10.564123
case_245,b,2025-02-24 20:13:10.564123
case_245,a,2025-02-24 20:18:10.564123
case_245,b,2025-02-24 20:23:10.564123
case_245,c,2025-02-24 20:28:10.564123
case_245,c,2025-02-24 20:33:10.564123
case_245,a,2025-02-24 20:38:10.564123
case_245,b,2025-02-24 20:43:10.564123
case_245,a,2025-02-24 20:48:10.564123
case_245,c,2025-02-24 20:53:10.564123
case_245,a,2025-02-24 20:58:10.564123
case_245,b,2025-02-24 21:03:10.564123
case_246,b,2025-02-24 19:28:10.564154
case_246,c,2025-02-24 19:33:10.564154
case_246,c,2025-02-24 19:38:10.564154
case_246,a,2025-02-24 19:43:10.564154
case_246,c,2025-02-24 19:48:10.564154
case_246,a,2025-02-24 19:53:10.564154
case_246,a,2025-02-24 19:58:10.564154
case_246,b,2025-02-24 20:03:10.564154
case_246,a,2025-02-24 20:08:10.564154
case_246,b,2025-02-24 20:13:10.564154
case_246,a,2025-02-24 20:18:10.564154
case_246,c,2025-02-24 20:23:10.564154
case_246,b,2025-02-24 20:28:10.564154
case_246,c,2025-02-24 20:33:10.564154
case_246,a,2025-02-24 20:38:10.564154
case_246,a,2025-02-24 20:43:10.564154
case_246,b,2025-02-24 20:48:10.564154
case_246,c,2025-02-24 20:53:10.564154
case_246,b,2025-02-24 20:58:10.564154
case_246,a,2025-02-24 21:03:10.564154
case_247,c,2025-02-24 19:28:10.564183
case_247,c,2025-02-24 19:33:10.564183
case_247,a,2025-02-24 19:38:10.564183
case_247,b,2025-02-24 19:43:10.564183
case_247,c,2025-02-24 19:48:10.564183
case_247,b,2025-02-24 19:53:10.564183
case_247,c,2025-02-24 19:58:10.564183
case_247,c,2025-02-24 20:03:10.564183
case_247,b,2025-02-24 20:08:10.564183
case_247,b,2025-02-24 20:13:10.564183
case_247,b,2025-02-24 20:18:10.564183
case_247,a,2025-02-24 20:23:10.564183
case_247,b,2025-02-24 20:28:10.564183
case_247,a,2025-02-24 20:33:10.564183
case_247,a,2025-02-24 20:38:10.564183
case_247,b,2025-02-24 20:43:10.564183
case_247,a,2025-02-24 20:48:10.564183
case_247,a,2025-02-24 20:53:10.564183
case_247,c,2025-02-24 20:58:10.564183
case_247,c,2025-02-24 21:03:10.564183
case_248,b,2025-02-24 19:28:10.564213
case_248,b,2025-02-24 19:33:10.564213
case_248,a,2025-02-24 19:38:10.564213
case_248,b,2025-02-24 19:43:10.564213
case_248,b,2025-02-24 19:48:10.564213
case_248,b,2025-02-24 19:53:10.564213
case_248,c,2025-02-24 19:58:10.564213
case_248,b,2025-02-24 20:03:10.564213
case_248,c,2025-02-24 20:08:10.564213
case_248,b,2025-02-24 20:13:10.564213
case_248,b,2025-02-24 20:18:10.564213
case_248,a,2025-02-24 20:23:10.564213
case_248,a,2025-02-24 20:28:10.564213
case_248,a,2025-02-24 20:33:10.564213
case_248,c,2025-02-24 20:38:10.564213
case_248,c,2025-02-24 20:43:10.564213
case_248,b,2025-02-24 20:48:10.564213
case_248,b,2025-02-24 20:53:10.564213
case_248,a,2025-02-24 20:58:10.564213
case_248,b,2025-02-24 21:03:10.564213
case_249,b,2025-02-24 19:28:10.564242
case_249,c,2025-02-24 19:33:10.564242
case_249,c,2025-02-24 19:38:10.564242
case_249,b,2025-02-24 19:43:10.564242
case_249,c,2025-02-24 19:48:10.564242
case_249,c,2025-02-24 19:53:10.564242
case_249,c,2025-02-24 19:58:10.564242
case_249,a,2025-02-24 20:03:10.564242
case_249,c,2025-02-24 20:08:10.564242
case_249,a,2025-02-24 20:13:10.564242
case_249,b,2025-02-24 20:18:10.564242
case_249,a,2025-02-24 20:23:10.564242
case_249,a,2025-02-24 20:28:10.564242
case_249,c,2025-02-24 20:33:10.564242
case_249,a,2025-02-24 20:38:10.564242
case_249,c,2025-02-24 20:43:10.564242
case_249,c,2025-02-24 20:48:10.564242
case_249,a,2025-02-24 20:53:10.564242
case_249,b,2025-02-24 20:58:10.564242
case_249,a,2025-02-24 21:03:10.564242
case_250,b,2025-02-24 19:28:10.564272
case_250,c,2025-02-24 19:33:10.564272
case_250,a,2025-02-24 19:38:10.564272
case_250,b,2025-02-24 19:43:10.564272
case_250,c,2025-02-24 19:48:10.564272
case_250,c,2025-02-24 19:53:10.564272
case_250,c,2025-02-24 19:58:10.564272
case_250,a,2025-02-24 20:03:10.564272
case_250,b,2025-02-24 20:08:10.564272
case_250,b,2025-02-24 20:13:10.564272
case_250,c,2025-02-24 20:18:10.564272
case_250,a,2025-02-24 20:23:10.564272
case_250,a,2025-02-24 20:28:10.564272
case_250,c,2025-02-24 20:33:10.564272
case_250,a,2025-02-24 20:38:10.564272
case_250,b,2025-02-24 20:43:10.564272
case_250,b,2025-02-24 20:48:10.564272
case_250,b,2025-02-24 20:53:10.564272
case_250,b,2025-02-24 20:58:10.564272
case_250,c,2025-02-24 21:03:10.564272
case_251,b,2025-02-24 19:28:10.564301
case_251,c,2025-02-24 19:33:10.564301
case_251,a,2025-02-24 19:38:10.564301
case_251,c,2025-02-24 19:43:10.564301
case_251,a,2025-02-24 19:48:10.564301
case_251,c,2025-02-24 19:53:10.564301
case_251,c,2025-02-24 19:58:10.564301
case_251,b,2025-02-24 20:03:10.564301
case_251,a,2025-02-24 20:08:10.564301
case_251,c,2025-02-24 20:13:10.564301
case_251,a,2025-02-24 20:18:10.564301
case_251,b,2025-02-24 20:23:10.564301
case_251,b,2025-02-24 20:28:10.564301
case_251,a,2025-02-24 20:33:10.564301
case_251,c,2025-02-24 20:38:10.564301
case_251,b,2025-02-24 20:43:10.564301
case_251,a,2025-02-24 20:48:10.564301
case_251,c,2025-02-24 20:53:10.564301
case_251,a,2025-02-24 20:58:10.564301
case_251,a,2025-02-24 21:03:10.564301
case_252,c,2025-02-24 19:28:10.564333
case_252,a,2025-02-24 19:33:10.564333
case_252,a,2025-02-24 19:38:10.564333
case_252,a,2025-02-24 19:43:10.564333
case_252,b,2025-02-24 19:48:10.564333
case_252,c,2025-02-24 19:53:10.564333
case_252,c,2025-02-24 19:58:10.564333
case_252,a,2025-02-24 20:03:10.564333
case_252,b,2025-02-24 20:08:10.564333
case_252,b,2025-02-24 20:13:10.564333
case_252,b,2025-02-24 20:18:10.564333
case_252,c,2025-02-24 20:23:10.564333
case_252,b,2025-02-24 20:28:10.564333
case_252,c,2025-02-24 20:33:10.564333
case_252,b,2025-02-24 20:38:10.564333
case_252,a,2025-02-24 20:43:10.564333
case_252,a,2025-02-24 20:48:10.564333
case_252,a,2025-02-24 20:53:10.564333
case_252,a,2025-02-24 20:58:10.564333
case_252,b,2025-02-24 21:03:10.564333
case_253,a,2025-02-24 19:28:10.564363
case_253,b,2025-02-24 19:33:10.564363
case_253,b,2025-02-24 19:38:10.564363
case_253,c,2025-02-24 19:43:10.564363
case_253,c,2025-02-24 19:48:10.564363
case_253,c,2025-02-24 19:53:10.564363
case_253,c,2025-02-24 19:58:10.564363
case_253,a,2025-02-24 20:03:10.564363
case_253,b,2025-02-24 20:08:10.564363
case_253,c,2025-02-24 20:13:10.564363
case_253,c,2025-02-24 20:18:10.564363
case_253,c,2025-02-24 20:23:10.564363
case_253,c,2025-02-24 20:28:10.564363
case_253,c,2025-02-24 20:33:10.564363
case_253,a,2025-02-24 20:38:10.564363
case_253,b,2025-02-24 20:43:10.564363
case_253,c,2025-02-24 20:48:10.564363
case_253,b,2025-02-24 20:53:10.564363
case_253,a,2025-02-24 20:58:10.564363
case_253,a,2025-02-24 21:03:10.564363
case_254,c,2025-02-24 19:28:10.564393
case_254,a,2025-02-24 19:33:10.564393
case_254,a,2025-02-24 19:38:10.564393
case_254,c,2025-02-24 19:43:10.564393
case_254,a,2025-02-24 19:48:10.564393
case_254,a,2025-02-24 19:53:10.564393
case_254,b,2025-02-24 19:58:10.564393
case_254,a,2025-02-24 20:03:10.564393
case_254,a,2025-02-24 20:08:10.564393
case_254,a,2025-02-24 20:13:10.564393
case_254,b,2025-02-24 20:18:10.564393
case_254,a,2025-02-24 20:23:10.564393
case_254,c,2025-02-24 20:28:10.564393
case_254,b,2025-02-24 20:33:10.564393
case_254,a,2025-02-24 20:38:10.564393
case_254,c,2025-02-24 20:43:10.564393
case_254,a,2025-02-24 20:48:10.564393
case_254,b,2025-02-24 20:53:10.564393
case_254,b,2025-02-24 20:58:10.564393
case_254,c,2025-02-24 21:03:10.564393
case_255,b,2025-02-24 19:28:10.564423
case_255,c,2025-02-24 19:33:10.564423
case_255,a,2025-02-24 19:38:10.564423
case_255,c,2025-02-24 19:43:10.564423
case_255,c,2025-02-24 19:48:10.564423
case_255,b,2025-02-24 19:53:10.564423
case_255,c,2025-02-24 19:58:10.564423
case_255,b,2025-02-24 20:03:10.564423
case_255,a,2025-02-24 20:08:10.564423
case_255,b,2025-02-24 20:13:10.564423
case_255,b,2025-02-24 20:18:10.564423
case_255,a,2025-02-24 20:23:10.564423
case_255,a,2025-02-24 20:28:10.564423
case_255,c,2025-02-24 20:33:10.564423
case_255,b,2025-02-24 20:38:10.564423
case_255,c,2025-02-24 20:43:10.564423
case_255,c,2025-02-24 20:48:10.564423
case_255,a,2025-02-24 20:53:10.564423
case_255,b,2025-02-24 20:58:10.564423
case_255,a,2025-02-24 21:03:10.564423
case_256,c,2025-02-24 19:28:10.564453
case_256,a,2025-02-24 19:33:10.564453
case_256,a,2025-02-24 19:38:10.564453
case_256,a,2025-02-24 19:43:10.564453
case_256,a,2025-02-24 19:48:10.564453
case_256,a,2025-02-24 19:53:10.564453
case_256,c,2025-02-24 19:58:10.564453
case_256,b,2025-02-24 20:03:10.564453
case_256,a,2025-02-24 20:08:10.564453
case_256,c,2025-02-24 20:13:10.564453
case_256,c,2025-02-24 20:18:10.564453
case_256,a,2025-02-24 20:23:10.564453
case_256,a,2025-02-24 20:28:10.564453
case_256,a,2025-02-24 20:33:10.564453
case_256,a,2025-02-24 20:38:10.564453
case_256,c,2025-02-24 20:43:10.564453
case_256,b,2025-02-24 20:48:10.564453
case_256,b,2025-02-24 20:53:10.564453
case_256,b,2025-02-24 20:58:10.564453
case_256,a,2025-02-24 21:03:10.564453
case_257,a,2025-02-24 19:28:10.564483
case_257,c,2025-02-24 19:33:10.564483
case_257,c,2025-02-24 19:38:10.564483
case_257,b,2025-02-24 19:43:10.564483
case_257,b,2025-02-24 19:48:10.564483
case_257,b,2025-02-24 19:53:10.564483
case_257,b,2025-02-24 19:58:10.564483
case_257,a,2025-02-24 20:03:10.564483
case_257,a,2025-02-24 20:08:10.564483
case_257,a,2025-02-24 20:13:10.564483
case_257,b,2025-02-24 20:18:10.564483
case_257,a,2025-02-24 20:23:10.564483
case_257,c,2025-02-24 20:28:10.564483
case_257,b,2025-02-24 20:33:10.564483
case_257,c,2025-02-24 20:38:10.564483
case_257,a,2025-02-24 20:43:10.564483
case_257,b,2025-02-24 20:48:10.564483
case_257,c,2025-02-24 20:53:10.564483
case_257,c,2025-02-24 20:58:10.564483
case_257,b,2025-02-24 21:03:10.564483
case_258,a,2025-02-24 19:28:10.564514
case_258,a,2025-02-24 19:33:10.564514
case_258,b,2025-02-24 19:38:10.564514
case_258,b,2025-02-24 19:43:10.564514
case_258,a,2025-02-24 19:48:10.564514
case_258,a,2025-02-24 19:53:10.564514
case_258,a,2025-02-24 19:58:10.564514
case_258,c,2025-02-24 20:03:10.564514
case_258,c,2025-02-24 20:08:10.564514
case_258,c,2025-02-24 20:13:10.564514
case_258,a,2025-02-24 20:18:10.564514
case_258,b,2025-02-24 20:23:10.564514
case_258,c,2025-02-24 20:28:10.564514
case_258,c,2025-02-24 20:33:10.564514
case_258,c,2025-02-24 20:38:10.564514
case_258,a,2025-02-24 20:43:10.564514
case_258,a,2025-02-24 20:48:10.564514
case_258,b,2025-02-24 20:53:10.564514
case_258,a,2025-02-24 20:58:10.564514
case_258,b,2025-02-24 21:03:10.564514
case_259,b,2025-02-24 19:28:10.564544
case_259,a,2025-02-24 19:33:10.564544
case_259,a,2025-02-24 19:38:10.564544
case_259,c,2025-02-24 19:43:10.564544
case_259,a,2025-02-24 19:48:10.564544
case_259,c,2025-02-24 19:53:10.564544
case_259,a,2025-02-24 19:58:10.564544
case_259,c,2025-02-24 20:03:10.564544
case_259,c,2025-02-24 20:08:10.564544
case_259,c,2025-02-24 20:13:10.564544
case_259,a,2025-02-24 20:18:10.564544
case_259,b,2025-02-24 20:23:10.564544
case_259,c,2025-02-24 20:28:10.564544
case_259,a,2025-02-24 20:33:10.564544
case_259,b,2025-02-24 20:38:10.564544
case_259,b,2025-02-24 20:43:10.564544
case_259,c,2025-02-24 20:48:10.564544
case_259,a,2025-02-24 20:53:10.564544
case_259,c,2025-02-24 20:58:10.564544
case_259,c,2025-02-24 21:03:10.564544
case_260,c,2025-02-24 19:28:10.564575
case_260,a,2025-02-24 19:33:10.564575
case_260,c,2025-02-24 19:38:10.564575
case_260,b,2025-02-24 19:43:10.564575
case_260,b,2025-02-24 19:48:10.564575
case_260,c,2025-02-24 19:53:10.564575
case_260,a,2025-02-24 19:58:10.564575
case_260,c,2025-02-24 20:03:10.564575
case_260,c,2025-02-24 20:08:10.564575
case_260,b,2025-02-24 20:13:10.564575
case_260,c,2025-02-24 20:18:10.564575
case_260,c,2025-02-24 20:23:10.564575
case_260,c,2025-02-24 20:28:10.564575
case_260,a,2025-02-24 20:33:10.564575
case_260,c,2025-02-24 20:38:10.564575
case_260,a,2025-02-24 20:43:10.564575
case_260,b,2025-02-24 20:48:10.564575
case_260,c,2025-02-24 20:53:10.564575
case_260,a,2025-02-24 20:58:10.564575
case_260,a,2025-02-24 21:03:10.564575
case_261,b,2025-02-24 19:28:10.564605
case_261,b,2025-02-24 19:33:10.564605
case_261,b,2025-02-24 19:38:10.564605
case_261,c,2025-02-24 19:43:10.564605
case_261,c,2025-02-24 19:48:10.564605
case_261,b,2025-02-24 19:53:10.564605
case_261,b,2025-02-24 19:58:10.564605
case_261,a,2025-02-24 20:03:10.564605
case_261,b,2025-02-24 20:08:10.564605
case_261,a,2025-02-24 20:13:10.564605
case_261,c,2025-02-24 20:18:10.564605
case_261,c,2025-02-24 20:23:10.564605
case_261,a,2025-02-24 20:28:10.564605
case_261,a,2025-02-24 20:33:10.564605
case_261,b,2025-02-24 20:38:10.564605
case_261,a,2025-02-24 20:43:10.564605
case_261,a,2025-02-24 20:48:10.564605
case_261,b,2025-02-24 20:53:10.564605
case_261,c,2025-02-24 20:58:10.564605
case_261,b,2025-02-24 21:03:10.564605
case_262,b,2025-02-24 19:28:10.564636
case_262,a,2025-02-24 19:33:10.564636
case_262,c,2025-02-24 19:38:10.564636
case_262,b,2025-02-24 19:43:10.564636
case_262,c,2025-02-24 19:48:10.564636
case_262,c,2025-02-24 19:53:10.564636
case_262,a,2025-02-24 19:58:10.564636
case_262,b,2025-02-24 20:03:10.564636
case_262,b,2025-02-24 20:08:10.564636
case_262,c,2025-02-24 20:13:10.564636
case_262,a,2025-02-24 20:18:10.564636
case_262,b,2025-02-24 20:23:10.564636
case_262,c,2025-02-24 20:28:10.564636
case_262,c,2025-02-24 20:33:10.564636
case_262,c,2025-02-24 20:38:10.564636
case_262,c,2025-02-24 20:43:10.564636
case_262,b,2025-02-24 20:48:10.564636
case_262,c,2025-02-24 20:53:10.564636
case_262,a,2025-02-24 20:58:10.564636
case_262,a,2025-02-24 21:03:10.564636
case_263,c,2025-02-24 19:28:10.564666
case_263,b,2025-02-24 19:33:10.564666
case_263,b,2025-02-24 19:38:10.564666
case_263,a,2025-02-24 19:43:10.564666
case_263,a,2025-02-24 19:48:10.564666
case_263,a,2025-02-24 19:53:10.564666
case_263,b,2025-02-24 19:58:10.564666
case_263,a,2025-02-24 20:03:10.564666
case_263,a,2025-02-24 20:08:10.564666
case_263,b,2025-02-24 20:13:10.564666
case_263,a,2025-02-24 20:18:10.564666
case_263,a,2025-02-24 20:23:10.564666
case_263,b,2025-02-24 20:28:10.564666
case_263,c,2025-02-24 20:33:10.564666
case_263,a,2025-02-24 20:38:10.564666
case_263,a,2025-02-24 20:43:10.564666
case_263,a,2025-02-24 20:48:10.564666
case_263,b,2025-02-24 20:53:10.564666
case_263,c,2025-02-24 20:58:10.564666
case_263,b,2025-02-24 21:03:10.564666
case_264,a,2025-02-24 19:28:10.564696
case_264,a,2025-02-24 19:33:10.564696
case_264,a,2025-02-24 19:38:10.564696
case_264,a,2025-02-24 19:43:10.564696
case_264,b,2025-02-24 19:48:10.564696
case_264,c,2025-02-24 19:53:10.564696
case_264,b,2025-02-24 19:58:10.564696
case_264,b,2025-02-24 20:03:10.564696
case_264,a,2025-02-24 20:08:10.564696
case_264,a,2025-02-24 20:13:10.564696
case_264,a,2025-02-24 20:18:10.564696
case_264,c,2025-02-24 20:23:10.564696
case_264,a,2025-02-24 20:28:10.564696
case_264,b,2025-02-24 20:33:10.564696
case_264,a,2025-02-24 20:38:10.564696
case_264,a,2025-02-24 20:43:10.564696
case_264,b,2025-02-24 20:48:10.564696
case_264,a,2025-02-24 20:53:10.564696
case_264,b,2025-02-24 20:58:10.564696
case_264,b,2025-02-24 21:03:10.564696
case_265,c,2025-02-24 19:28:10.564727
case_265,a,2025-02-24 19:33:10.564727
case_265,b,2025-02-24 19:38:10.564727
case_265,c,2025-02-24 19:43:10.564727
case_265,a,2025-02-24 19:48:10.564727
case_265,b,2025-02-24 19:53:10.564727
case_265,a,2025-02-24 19:58:10.564727
case_265,c,2025-02-24 20:03:10.564727
case_265,c,2025-02-24 20:08:10.564727
case_265,a,2025-02-24 20:13:10.564727
case_265,b,2025-02-24 20:18:10.564727
case_265,c,2025-02-24 20:23:10.564727
case_265,c,2025-02-24 20:28:10.564727
case_265,c,2025-02-24 20:33:10.564727
case_265,c,2025-02-24 20:38:10.564727
case_265,b,2025-02-24 20:43:10.564727
case_265,b,2025-02-24 20:48:10.564727
case_265,c,2025-02-24 20:53:10.564727
case_265,a,2025-02-24 20:58:10.564727
case_265,a,2025-02-24 21:03:10.564727
case_266,a,2025-02-24 19:28:10.564757
case_266,b,2025-02-24 19:33:10.564757
case_266,a,2025-02-24 19:38:10.564757
case_266,a,2025-02-24 19:43:10.564757
case_266,a,2025-02-24 19:48:10.564757
case_266,c,2025-02-24 19:53:10.564757
case_266,c,2025-02-24 19:58:10.564757
case_266,b,2025-02-24 20:03:10.564757
case_266,c,2025-02-24 20:08:10.564757
case_266,a,2025-02-24 20:13:10.564757
case_266,c,2025-02-24 20:18:10.564757
case_266,b,2025-02-24 20:23:10.564757
case_266,b,2025-02-24 20:28:10.564757
case_266,a,2025-02-24 20:33:10.564757
case_266,b,2025-02-24 20:38:10.564757
case_266,b,2025-02-24 20:43:10.564757
case_266,c,2025-02-24 20:48:10.564757
case_266,c,2025-02-24 20:53:10.564757
case_266,c,2025-02-24 20:58:10.564757
case_266,c,2025-02-24 21:03:10.564757
case_267,b,2025-02-24 19:28:10.564787
case_267,c,2025-02-24 19:33:10.564787
case_267,c,2025-02-24 19:38:10.564787
case_267,a,2025-02-24 19:43:10.564787
case_267,c,2025-02-24 19:48:10.564787
case_267,a,2025-02-24 19:53:10.564787
case_267,b,2025-02-24 19:58:10.564787
case_267,b,2025-02-24 20:03:10.564787
case_267,a,2025-02-24 20:08:10.564787
case_267,a,2025-02-24 20:13:10.564787
case_267,c,2025-02-24 20:18:10.564787
case_267,b,2025-02-24 20:23:10.564787
case_267,a,2025-02-24 20:28:10.564787
case_267,a,2025-02-24 20:33:10.564787
case_267,c,2025-02-24 20:38:10.564787
case_267,a,2025-02-24 20:43:10.564787
case_267,c,2025-02-24 20:48:10.564787
case_267,c,2025-02-24 20:53:10.564787
case_267,c,2025-02-24 20:58:10.564787
case_267,b,2025-02-24 21:03:10.564787
case_268,a,2025-02-24 19:28:10.564817
case_268,a,2025-02-24 19:33:10.564817
case_268,c,2025-02-24 19:38:10.564817
case_268,c,2025-02-24 19:43:10.564817
case_268,b,2025-02-24 19:48:10.564817
case_268,b,2025-02-24 19:53:10.564817
case_268,b,2025-02-24 19:58:10.564817
case_268,c,2025-02-24 20:03:10.564817
case_268,c,2025-02-24 20:08:10.564817
case_268,b,2025-02-24 20:13:10.564817
case_268,a,2025-02-24 20:18:10.564817
case_268,b,2025-02-24 20:23:10.564817
case_268,a,2025-02-24 20:28:10.564817
case_268,a,2025-02-24 20:33:10.564817
case_268,b,2025-02-24 20:38:10.564817
case_268,b,2025-02-24 20:43:10.564817
case_268,b,2025-02-24 20:48:10.564817
case_268,c,2025-02-24 20:53:10.564817
case_268,a,2025-02-24 20:58:10.564817
case_268,a,2025-02-24 21:03:10.564817
case_269,b,2025-02-24 19:28:10.564848
case_269,a,2025-02-24 19:33:10.564848
case_269,a,2025-02-24 19:38:10.564848
case_269,c,2025-02-24 19:43:10.564848
case_269,c,2025-02-24 19:48:10.564848
case_269,c,2025-02-24 19:53:10.564848
case_269,b,2025-02-24 19:58:10.564848
case_269,c,2025-02-24 20:03:10.564848
case_269,a,2025-02-24 20:08:10.564848
case_269,a,2025-02-24 20:13:10.564848
case_269,b,2025-02-24 20:18:10.564848
case_269,b,2025-02-24 20:23:10.564848
case_269,a,2025-02-24 20:28:10.564848
case_269,c,2025-02-24 20:33:10.564848
case_269,c,2025-02-24 20:38:10.564848
case_269,b,2025-02-24 20:43:10.564848
case_269,a,2025-02-24 20:48:10.564848
case_269,b,2025-02-24 20:53:10.564848
case_269,a,2025-02-24 20:58:10.564848
case_269,c,2025-02-24 21:03:10.564848
case_270,b,2025-02-24 19:28:10.564878
case_270,a,2025-02-24 19:33:10.564878
case_270,b,2025-02-24 19:38:10.564878
case_270,c,2025-02-24 19:43:10.564878
case_270,c,2025-02-24 19:48:10.564878
case_270,c,2025-02-24 19:53:10.564878
case_270,b,2025-02-24 19:58:10.564878
case_270,b,2025-02-24 20:03:10.564878
case_270,c,2025-02-24 20:08:10.564878
case_270,b,2025-02-24 20:13:10.564878
case_270,b,2025-02-24 20:18:10.564878
case_270,c,2025-02-24 20:23:10.564878
case_270,a,2025-02-24 20:28:10.564878
case_270,c,2025-02-24 20:33:10.564878
case_270,b,2025-02-24 20:38:10.564878
case_270,b,2025-02-24 20:43:10.564878
case_270,b,2025-02-24 20:48:10.564878
case_270,b,2025-02-24 20:53:10.564878
case_270,a,2025-02-24 20:58:10.564878
case_270,a,2025-02-24 21:03:10.564878
case_271,c,2025-02-24 19:28:10.564908
case_271,b,2025-02-24 19:33:10.564908
case_271,a,2025-02-24 19:38:10.564908
case_271,b,2025-02-24 19:43:10.564908
case_271,a,2025-02-24 19:48:10.564908
case_271,b,2025-02-24 19:53:10.564908
case_271,c,2025-02-24 19:58:10.564908
case_271,a,2025-02-24 20:03:10.564908
case_271,c,2025-02-24 20:08:10.564908
case_271,a,2025-02-24 20:13:10.564908
case_271,a,2025-02-24 20:18:10.564908
case_271,b,2025-02-24 20:23:10.564908
case_271,b,2025-02-24 20:28:10.564908
case_271,a,2025-02-24 20:33:10.564908
case_271,c,2025-02-24 20:38:10.564908
case_271,a,2025-02-24 20:43:10.564908
case_271,c,2025-02-24 20:48:10.564908
case_271,a,2025-02-24 20:53:10.564908
case_271,b,2025-02-24 20:58:10.564908
case_271,c,2025-02-24 21:03:10.564908
case_272,a,2025-02-24 19:28:10.564938
case_272,a,2025-02-24 19:33:10.564938
case_272,b,2025-02-24 19:38:10.564938
case_272,b,2025-02-24 19:43:10.564938
case_272,a,2025-02-24 19:48:10.564938
case_272,a,2025-02-24 19:53:10.564938
case_272,a,2025-02-24 19:58:10.564938
case_272,b,2025-02-24 20:03:10.564938
case_272,b,2025-02-24 20:08:10.564938
case_272,c,2025-02-24 20:13:10.564938
case_272,c,2025-02-24 20:18:10.564938
case_272,a,2025-02-24 20:23:10.564938
case_272,a,2025-02-24 20:28:10.564938
case_272,c,2025-02-24 20:33:10.564938
case_272,c,2025-02-24 20:38:10.564938
case_272,a,2025-02-24 20:43:10.564938
case_272,b,2025-02-24 20:48:10.564938
case_272,b,2025-02-24 20:53:10.564938
case_272,b,2025-02-24 20:58:10.564938
case_272,a,2025-02-24 21:03:10.564938
case_273,b,2025-02-24 19:28:10.564968
case_273,c,2025-02-24 19:33:10.564968
case_273,c,2025-02-24 19:38:10.564968
case_273,b,2025-02-24 19:43:10.564968
case_273,b,2025-02-24 19:48:10.564968
case_273,c,2025-02-24 19:53:10.564968
case_273,b,2025-02-24 19:58:10.564968
case_273,b,2025-02-24 20:03:10.564968
case_273,c,2025-02-24 20:08:10.564968
case_273,a,2025-02-24 20:13:10.564968
case_273,c,2025-02-24 20:18:10.564968
case_273,b,2025-02-24 20:23:10.564968
case_273,c,2025-02-24 20:28:10.564968
case_273,c,2025-02-24 20:33:10.564968
case_273,a,2025-02-24 20:38:10.564968
case_273,c,2025-02-24 20:43:10.564968
case_273,a,2025-02-24 20:48:10.564968
case_273,b,2025-02-24 20:53:10.564968
case_273,a,2025-02-24 20:58:10.564968
case_273,a,2025-02-24 21:03:10.564968
case_274,b,2025-02-24 19:28:10.564997
case_274,a,2025-02-24 19:33:10.564997
case_274,b,2025-02-24 19:38:10.564997
case_274,b,2025-02-24 19:43:10.564997
case_274,a,2025-02-24 19:48:10.564997
case_274,b,2025-02-24 19:53:10.564997
case_274,b,2025-02-24 19:58:10.564997
case_274,c,2025-02-24 20:03:10.564997
case_274,b,2025-02-24 20:08:10.564997
case_274,a,2025-02-24 20:13:10.564997
case_274,b,2025-02-24 20:18:10.564997
case_274,a,2025-02-24 20:23:10.564997
case_274,c,2025-02-24 20:28:10.564997
case_274,c,2025-02-24 20:33:10.564997
case_274,b,2025-02-24 20:38:10.564997
case_274,b,2025-02-24 20:43:10.564997
case_274,c,2025-02-24 20:48:10.564997
case_274,b,2025-02-24 20:53:10.564997
case_274,a,2025-02-24 20:58:10.564997
case_274,a,2025-02-24 21:03:10.564997
case_275,a,2025-02-24 19:28:10.565027
case_275,c,2025-02-24 19:33:10.565027
case_275,a,2025-02-24 19:38:10.565027
case_275,b,2025-02-24 19:43:10.565027
case_275,c,2025-02-24 19:48:10.565027
case_275,a,2025-02-24 19:53:10.565027
case_275,a,2025-02-24 19:58:10.565027
case_275,c,2025-02-24 20:03:10.565027
case_275,c,2025-02-24 20:08:10.565027
case_275,c,2025-02-24 20:13:10.565027
case_275,c,2025-02-24 20:18:10.565027
case_275,b,2025-02-24 20:23:10.565027
case_275,c,2025-02-24 20:28:10.565027
case_275,a,2025-02-24 20:33:10.565027
case_275,b,2025-02-24 20:38:10.565027
case_275,c,2025-02-24 20:43:10.565027
case_275,a,2025-02-24 20:48:10.565027
case_275,a,2025-02-24 20:53:10.565027
case_275,b,2025-02-24 20:58:10.565027
case_275,b,2025-02-24 21:03:10.565027
case_276,a,2025-02-24 19:28:10.565057
case_276,c,2025-02-24 19:33:10.565057
case_276,b,2025-02-24 19:38:10.565057
case_276,b,2025-02-24 19:43:10.565057
case_276,a,2025-02-24 19:48:10.565057
case_276,a,2025-02-24 19:53:10.565057
case_276,a,2025-02-24 19:58:10.565057
case_276,b,2025-02-24 20:03:10.565057
case_276,b,2025-02-24 20:08:10.565057
case_276,c,2025-02-24 20:13:10.565057
case_276,a,2025-02-24 20:18:10.565057
case_276,c,2025-02-24 20:23:10.565057
case_276,c,2025-02-24 20:28:10.565057
case_276,b,2025-02-24 20:33:10.565057
case_276,a,2025-02-24 20:38:10.565057
case_276,a,2025-02-24 20:43:10.565057
case_276,b,2025-02-24 20:48:10.565057
case_276,c,2025-02-24 20:53:10.565057
case_276,c,2025-02-24 20:58:10.565057
case_276,c,2025-02-24 21:03:10.565057
case_277,c,2025-02-24 19:28:10.565087
case_277,a,2025-02-24 19:33:10.565087
case_277,c,2025-02-24 19:38:10.565087
case_277,a,2025-02-24 19:43:10.565087
case_277,b,2025-02-24 19:48:10.565087
case_277,a,2025-02-24 19:53:10.565087
case_277,b,2025-02-24 19:58:10.565087
case_277,c,2025-02-24 20:03:10.565087
case_277,c,2025-02-24 20:08:10.565087
case_277,a,2025-02-24 20:13:10.565087
case_277,a,2025-02-24 20:18:10.565087
case_277,a,2025-02-24 20:23:10.565087
case_277,a,2025-02-24 20:28:10.565087
case_277,c,2025-02-24 20:33:10.565087
case_277,a,2025-02-24 20:38:10.565087
case_277,c,2025-02-24 20:43:10.565087
case_277,a,2025-02-24 20:48:10.565087
case_277,b,2025-02-24 20:53:10.565087
case_277,b,2025-02-24 20:58:10.565087
case_277,a,2025-02-24 21:03:10.565087
case_278,b,2025-02-24 19:28:10.565117
case_278,a,2025-02-24 19:33:10.565117
case_278,a,2025-02-24 19:38:10.565117
case_278,c,2025-02-24 19:43:10.565117
case_278,a,2025-02-24 19:48:10.565117
case_278,c,2025-02-24 19:53:10.565117
case_278,a,2025-02-24 19:58:10.565117
case_278,c,2025-02-24 20:03:10.565117
case_278,b,2025-02-24 20:08:10.565117
case_278,b,2025-02-24 20:13:10.565117
case_278,c,2025-02-24 20:18:10.565117
case_278,c,2025-02-24 20:23:10.565117
case_278,b,2025-02-24 20:28:10.565117
case_278,a,2025-02-24 20:33:10.565117
case_278,b,2025-02-24 20:38:10.565117
case_278,c,2025-02-24 20:43:10.565117
case_278,a,2025-02-24 20:48:10.565117
case_278,c,2025-02-24 20:53:10.565117
case_278,c,2025-02-24 20:58:10.565117
case_278,a,2025-02-24 21:03:10.565117
case_279,a,2025-02-24 19:28:10.565147
case_279,b,2025-02-24 19:33:10.565147
case_279,a,2025-02-24 19:38:10.565147
case_279,c,2025-02-24 19:43:10.565147
case_279,b,2025-02-24 19:48:10.565147
case_279,c,2025-02-24 19:53:10.565147
case_279,c,2025-02-24 19:58:10.565147
case_279,b,2025-02-24 20:03:10.565147
case_279,c,2025-02-24 20:08:10.565147
case_279,c,2025-02-24 20:13:10.565147
case_279,c,2025-02-24 20:18:10.565147
case_279,a,2025-02-24 20:23:10.565147
case_279,b,2025-02-24 20:28:10.565147
case_279,a,2025-02-24 20:33:10.565147
case_279,a,2025-02-24 20:38:10.565147
case_279,a,2025-02-24 20:43:10.565147
case_279,c,2025-02-24 20:48:10.565147
case_279,a,2025-02-24 20:53:10.565147
case_279,b,2025-02-24 20:58:10.565147
case_279,b,2025-02-24 21:03:10.565147
case_280,c,2025-02-24 19:28:10.565177
case_280,c,2025-02-24 19:33:10.565177
case_280,c,2025-02-24 19:38:10.565177
case_280,b,2025-02-24 19:43:10.565177
case_280,a,2025-02-24 19:48:10.565177
case_280,a,2025-02-24 19:53:10.565177
case_280,c,2025-02-24 19:58:10.565177
case_280,b,2025-02-24 20:03:10.565177
case_280,a,2025-02-24 20:08:10.565177
case_280,c,2025-02-24 20:13:10.565177
case_280,b,2025-02-24 20:18:10.565177
case_280,c,2025-02-24 20:23:10.565177
case_280,b,2025-02-24 20:28:10.565177
case_280,b,2025-02-24 20:33:10.565177
case_280,b,2025-02-24 20:38:10.565177
case_280,b,2025-02-24 20:43:10.565177
case_280,b,2025-02-24 20:48:10.565177
case_280,b,2025-02-24 20:53:10.565177
case_280,a,2025-02-24 20:58:10.565177
case_280,b,2025-02-24 21:03:10.565177
case_281,c,2025-02-24 19:28:10.565208
case_281,a,2025-02-24 19:33:10.565208
case_281,a,2025-02-24 19:38:10.565208
case_281,c,2025-02-24 19:43:10.565208
case_281,c,2025-02-24 19:48:10.565208
case_281,a,2025-02-24 19:53:10.565208
case_281,b,2025-02-24 19:58:10.565208
case_281,c,2025-02-24 20:03:10.565208
case_281,c,2025-02-24 20:08:10.565208
case_281,b,2025-02-24 20:13:10.565208
case_281,c,2025-02-24 20:18:10.565208
case_281,a,2025-02-24 20:23:10.565208
case_281,c,2025-02-24 20:28:10.565208
case_281,a,2025-02-24 20:33:10.565208
case_281,a,2025-02-24 20:38:10.565208
case_281,a,2025-02-24 20:43:10.565208
case_281,c,2025-02-24 20:48:10.565208
case_281,c,2025-02-24 20:53:10.565208
case_281,b,2025-02-24 20:58:10.565208
case_281,b,2025-02-24 21:03:10.565208
case_282,b,2025-02-24 19:28:10.565238
case_282,b,2025-02-24 19:33:10.565238
case_282,a,2025-02-24 19:38:10.565238
case_282,c,2025-02-24 19:43:10.565238
case_282,b,2025-02-24 19:48:10.565238
case_282,a,2025-02-24 19:53:10.565238
case_282,b,2025-02-24 19:58:10.565238
case_282,c,2025-02-24 20:03:10.565238
case_282,b,2025-02-24 20:08:10.565238
case_282,b,2025-02-24 20:13:10.565238
case_282,b,2025-02-24 20:18:10.565238
case_282,c,2025-02-24 20:23:10.565238
case_282,c,2025-02-24 20:28:10.565238
case_282,c,2025-02-24 20:33:10.565238
case_282,a,2025-02-24 20:38:10.565238
case_282,c,2025-02-24 20:43:10.565238
case_282,c,2025-02-24 20:48:10.565238
case_282,a,2025-02-24 20:53:10.565238
case_282,a,2025-02-24 20:58:10.565238
case_282,a,2025-02-24 21:03:10.565238
case_283,b,2025-02-24 19:28:10.565268
case_283,a,2025-02-24 19:33:10.565268
case_283,a,2025-02-24 19:38:10.565268
case_283,b,2025-02-24 19:43:10.565268
case_283,b,2025-02-24 19:48:10.565268
case_283,c,2025-02-24 19:53:10.565268
case_283,c,2025-02-24 19:58:10.565268
case_283,a,2025-02-24 20:03:10.565268
case_283,c,2025-02-24 20:08:10.565268
case_283,b,2025-02-24 20:13:10.565268
case_283,b,2025-02-24 20:18:10.565268
case_283,c,2025-02-24 20:23:10.565268
case_283,b,2025-02-24 20:28:10.565268
case_283,b,2025-02-24 20:33:10.565268
case_283,a,2025-02-24 20:38:10.565268
case_283,b,2025-02-24 20:43:10.565268
case_283,b,2025-02-24 20:48:10.565268
case_283,b,2025-02-24 20:53:10.565268
case_283,a,2025-02-24 20:58:10.565268
case_283,b,2025-02-24 21:03:10.565268
case_284,a,2025-02-24 19:28:10.565297
case_284,a,2025-02-24 19:33:10.565297
case_284,b,2025-02-24 19:38:10.565297
case_284,b,2025-02-24 19:43:10.565297
case_284,a,2025-02-24 19:48:10.565297
case_284,a,2025-02-24 19:53:10.565297
case_284,a,2025-02-24 19:58:10.565297
case_284,b,2025-02-24 20:03:10.565297
case_284,b,2025-02-24 20:08:10.565297
case_284,b,2025-02-24 20:13:10.565297
case_284,b,2025-02-24 20:18:10.565297
case_284,c,2025-02-24 20:23:10.565297
case_284,c,2025-02-24 20:28:10.565297
case_284,a,2025-02-24 20:33:10.565297
case_284,c,2025-02-24 20:38:10.565297
case_284,b,2025-02-24 20:43:10.565297
case_284,b,2025-02-24 20:48:10.565297
case_284,a,2025-02-24 20:53:10.565297
case_284,b,2025-02-24 20:58:10.565297
case_284,c,2025-02-24 21:03:10.565297
case_285,c,2025-02-24 19:28:10.565329
case_285,c,2025-02-24 19:33:10.565329
case_285,a,2025-02-24 19:38:10.565329
case_285,b,2025-02-24 19:43:10.565329
case_285,a,2025-02-24 19:48:10.565329
case_285,c,2025-02-24 19:53:10.565329
case_285,b,2025-02-24 19:58:10.565329
case_285,c,2025-02-24 20:03:10.565329
case_285,a,2025-02-24 20:08:10.565329
case_285,a,2025-02-24 20:13:10.565329
case_285,b,2025-02-24 20:18:10.565329
case_285,c,2025-02-24 20:23:10.565329
case_285,b,2025-02-24 20:28:10.565329
case_285,c,2025-02-24 20:33:10.565329
case_285,a,2025-02-24 20:38:10.565329
case_285,a,2025-02-24 20:43:10.565329
case_285,a,2025-02-24 20:48:10.565329
case_285,c,2025-02-24 20:53:10.565329
case_285,b,2025-02-24 20:58:10.565329
case_285,b,2025-02-24 21:03:10.565329
case_286,a,2025-02-24 19:28:10.565359
case_286,c,2025-02-24 19:33:10.565359
case_286,a,2025-02-24 19:38:10.565359
case_286,b,2025-02-24 19:43:10.565359
case_286,c,2025-02-24 19:48:10.565359
case_286,b,2025-02-24 19:53:10.565359
case_286,b,2025-02-24 19:58:10.565359
case_286,b,2025-02-24 20:03:10.565359
case_286,a,2025-02-24 20:08:10.565359
case_286,b,2025-02-24 20:13:10.565359
case_286,a,2025-02-24 20:18:10.565359
case_286,a,2025-02-24 20:23:10.565359
case_286,a,2025-02-24 20:28:10.565359
case_286,a,2025-02-24 20:33:10.565359
case_286,a,2025-02-24 20:38:10.565359
case_286,b,2025-02-24 20:43:10.565359
case_286,b,2025-02-24 20:48:10.565359
case_286,c,2025-02-24 20:53:10.565359
case_286,b,2025-02-24 20:58:10.565359
case_286,b,2025-02-24 21:03:10.565359
case_287,a,2025-02-24 19:28:10.565389
case_287,b,2025-02-24 19:33:10.565389
case_287,a,2025-02-24 19:38:10.565389
case_287,b,2025-02-24 19:43:10.565389
case_287,a,2025-02-24 19:48:10.565389
case_287,b,2025-02-24 19:53:10.565389
case_287,c,2025-02-24 19:58:10.565389
case_287,c,2025-02-24 20:03:10.565389
case_287,c,2025-02-24 20:08:10.565389
case_287,c,2025-02-24 20:13:10.565389
case_287,c,2025-02-24 20:18:10.565389
case_287,a,2025-02-24 20:23:10.565389
case_287,c,2025-02-24 20:28:10.565389
case_287,b,2025-02-24 20:33:10.565389
case_287,c,2025-02-24 20:38:10.565389
case_287,b,2025-02-24 20:43:10.565389
case_287,b,2025-02-24 20:48:10.565389
case_287,b,2025-02-24 20:53:10.565389
case_287,a,2025-02-24 20:58:10.565389
case_287,a,2025-02-24 21:03:10.565389
case_288,a,2025-02-24 19:28:10.565419
case_288,b,2025-02-24 19:33:10.565419
case_288,a,2025-02-24 19:38:10.565419
case_288,c,2025-02-24 19:43:10.565419
case_288,a,2025-02-24 19:48:10.565419
case_288,c,2025-02-24 19:53:10.565419
case_288,a,2025-02-24 19:58:10.565419
case_288,c,2025-02-24 20:03:10.565419
case_288,c,2025-02-24 20:08:10.565419
case_288,b,2025-02-24 20:13:10.565419
case_288,c,2025-02-24 20:18:10.565419
case_288,a,2025-02-24 20:23:10.565419
case_288,b,2025-02-24 20:28:10.565419
case_288,b,2025-02-24 20:33:10.565419
case_288,c,2025-02-24 20:38:10.565419
case_288,c,2025-02-24 20:43:10.565419
case_288,c,2025-02-24 20:48:10.565419
case_288,b,2025-02-24 20:53:10.565419
case_288,a,2025-02-24 20:58:10.565419
case_288,a,2025-02-24 21:03:10.565419
case_289,b,2025-02-24 19:28:10.565449
case_289,a,2025-02-24 19:33:10.565449
case_289,b,2025-02-24 19:38:10.565449
case_289,b,2025-02-24 19:43:10.565449
case_289,b,2025-02-24 19:48:10.565449
case_289,c,2025-02-24 19:53:10.565449
case_289,a,2025-02-24 19:58:10.565449
case_289,a,2025-02-24 20:03:10.565449
case_289,b,2025-02-24 20:08:10.565449
case_289,a,2025-02-24 20:13:10.565449
case_289,b,2025-02-24 20:18:10.565449
case_289,b,2025-02-24 20:23:10.565449
case_289,c,2025-02-24 20:28:10.565449
case_289,b,2025-02-24 20:33:10.565449
case_289,a,2025-02-24 20:38:10.565449
case_289,c,2025-02-24 20:43:10.565449
case_289,a,2025-02-24 20:48:10.565449
case_289,a,2025-02-24 20:53:10.565449
case_289,c,2025-02-24 20:58:10.565449
case_289,b,2025-02-24 21:03:10.565449
case_290,a,2025-02-24 19:28:10.565479
case_290,a,2025-02-24 19:33:10.565479
case_290,c,2025-02-24 19:38:10.565479
case_290,b,2025-02-24 19:43:10.565479
case_290,c,2025-02-24 19:48:10.565479
case_290,c,2025-02-24 19:53:10.565479
case_290,a,2025-02-24 19:58:10.565479
case_290,c,2025-02-24 20:03:10.565479
case_290,b,2025-02-24 20:08:10.565479
case_290,b,2025-02-24 20:13:10.565479
case_290,c,2025-02-24 20:18:10.565479
case_290,a,2025-02-24 20:23:10.565479
case_290,a,2025-02-24 20:28:10.565479
case_290,a,2025-02-24 20:33:10.565479
case_290,a,2025-02-24 20:38:10.565479
case_290,c,2025-02-24 20:43:10.565479
case_290,c,2025-02-24 20:48:10.565479
case_290,b,2025-02-24 20:53:10.565479
case_290,c,2025-02-24 20:58:10.565479
case_290,c,2025-02-24 21:03:10.565479
case_291,c,2025-02-24 19:28:10.565509
case_291,b,2025-02-24 19:33:10.565509
case_291,b,2025-02-24 19:38:10.565509
case_291,c,2025-02-24 19:43:10.565509
case_291,a,2025-02-24 19:48:10.565509
case_291,b,2025-02-24 19:53:10.565509
case_291,a,2025-02-24 19:58:10.565509
case_291,c,2025-02-24 20:03:10.565509
case_291,c,2025-02-24 20:08:10.565509
case_291,c,2025-02-24 20:13:10.565509
case_291,c,2025-02-24 20:18:10.565509
case_291,b,2025-02-24 20:23:10.565509
case_291,a,2025-02-24 20:28:10.565509
case_291,b,2025-02-24 20:33:10.565509
case_291,a,2025-02-24 20:38:10.565509
case_291,a,2025-02-24 20:43:10.565509
case_291,a,2025-02-24 20:48:10.565509
case_291,b,2025-02-24 20:53:10.565509
case_291,a,2025-02-24 20:58:10.565509
case_291,b,2025-02-24 21:03:10.565509
case_292,b,2025-02-24 19:28:10.565539
case_292,c,2025-02-24 19:33:10.565539
case_292,c,2025-02-24 19:38:10.565539
case_292,a,2025-02-24 19:43:10.565539
case_292,c,2025-02-24 19:48:10.565539
case_292,b,2025-02-24 19:53:10.565539
case_292,b,2025-02-24 19:58:10.565539
case_292,a,2025-02-24 20:03:10.565539
case_292,c,2025-02-24 20:08:10.565539
case_292,a,2025-02-24 20:13:10.565539
case_292,a,2025-02-24 20:18:10.565539
case_292,a,2025-02-24 20:23:10.565539
case_292,b,2025-02-24 20:28:10.565539
case_292,c,2025-02-24 20:33:10.565539
case_292,b,2025-02-24 20:38:10.565539
case_292,c,2025-02-24 20:43:10.565539
case_292,c,2025-02-24 20:48:10.565539
case_292,a,2025-02-24 20:53:10.565539
case_292,c,2025-02-24 20:58:10.565539
case_292,b,2025-02-24 21:03:10.565539
case_293,b,2025-02-24 19:28:10.565569
case_293,b,2025-02-24 19:33:10.565569
case_293,a,2025-02-24 19:38:10.565569
case_293,c,2025-02-24 19:43:10.565569
case_293,b,2025-02-24 19:48:10.565569
case_293,b,2025-02-24 19:53:10.565569
case_293,c,2025-02-24 19:58:10.565569
case_293,a,2025-02-24 20:03:10.565569
case_293,c,2025-02-24 20:08:10.565569
case_293,c,2025-02-24 20:13:10.565569
case_293,b,2025-02-24 20:18:10.565569
case_293,a,2025-02-24 20:23:10.565569
case_293,c,2025-02-24 20:28:10.565569
case_293,c,2025-02-24 20:33:10.565569
case_293,a,2025-02-24 20:38:10.565569
case_293,b,2025-02-24 20:43:10.565569
case_293,c,2025-02-24 20:48:10.565569
case_293,a,2025-02-24 20:53:10.565569
case_293,a,2025-02-24 20:58:10.565569
case_293,c,2025-02-24 21:03:10.565569
case_294,c,2025-02-24 19:28:10.565599
case_294,a,2025-02-24 19:33:10.565599
case_294,b,2025-02-24 19:38:10.565599
case_294,a,2025-02-24 19:43:10.565599
case_294,b,2025-02-24 19:48:10.565599
case_294,c,2025-02-24 19:53:10.565599
case_294,b,2025-02-24 19:58:10.565599
case_294,a,2025-02-24 20:03:10.565599
case_294,a,2025-02-24 20:08:10.565599
case_294,a,2025-02-24 20:13:10.565599
case_294,c,2025-02-24 20:18:10.565599
case_294,a,2025-02-24 20:23:10.565599
case_294,c,2025-02-24 20:28:10.565599
case_294,b,2025-02-24 20:33:10.565599
case_294,c,2025-02-24 20:38:10.565599
case_294,c,2025-02-24 20:43:10.565599
case_294,c,2025-02-24 20:48:10.565599
case_294,a,2025-02-24 20:53:10.565599
case_294,b,2025-02-24 20:58:10.565599
case_294,b,2025-02-24 21:03:10.565599
case_295,b,2025-02-24 19:28:10.565630
case_295,a,2025-02-24 19:33:10.565630
case_295,a,2025-02-24 19:38:10.565630
case_295,c,2025-02-24 19:43:10.565630
case_295,c,2025-02-24 19:48:10.565630
case_295,b,2025-02-24 19:53:10.565630
case_295,a,2025-02-24 19:58:10.565630
case_295,c,2025-02-24 20:03:10.565630
case_295,a,2025-02-24 20:08:10.565630
case_295,a,2025-02-24 20:13:10.565630
case_295,c,2025-02-24 20:18:10.565630
case_295,a,2025-02-24 20:23:10.565630
case_295,c,2025-02-24 20:28:10.565630
case_295,a,2025-02-24 20:33:10.565630
case_295,c,2025-02-24 20:38:10.565630
case_295,a,2025-02-24 20:43:10.565630
case_295,c,2025-02-24 20:48:10.565630
case_295,c,2025-02-24 20:53:10.565630
case_295,b,2025-02-24 20:58:10.565630
case_295,c,2025-02-24 21:03:10.565630
case_296,c,2025-02-24 19:28:10.565660
case_296,c,2025-02-24 19:33:10.565660
case_296,a,2025-02-24 19:38:10.565660
case_296,a,2025-02-24 19:43:10.565660
case_296,a,2025-02-24 19:48:10.565660
case_296,c,2025-02-24 19:53:10.565660
case_296,a,2025-02-24 19:58:10.565660
case_296,a,2025-02-24 20:03:10.565660
case_296,b,2025-02-24 20:08:10.565660
case_296,c,2025-02-24 20:13:10.565660
case_296,c,2025-02-24 20:18:10.565660
case_296,a,2025-02-24 20:23:10.565660
case_296,c,2025-02-24 20:28:10.565660
case_296,c,2025-02-24 20:33:10.565660
case_296,c,2025-02-24 20:38:10.565660
case_296,a,2025-02-24 20:43:10.565660
case_296,c,2025-02-24 20:48:10.565660
case_296,c,2025-02-24 20:53:10.565660
case_296,b,2025-02-24 20:58:10.565660
case_296,b,2025-02-24 21:03:10.565660
case_297,b,2025-02-24 19:28:10.565690
case_297,a,2025-02-24 19:33:10.565690
case_297,a,2025-02-24 19:38:10.565690
case_297,a,2025-02-24 19:43:10.565690
case_297,b,2025-02-24 19:48:10.565690
case_297,c,2025-02-24 19:53:10.565690
case_297,c,2025-02-24 19:58:10.565690
case_297,c,2025-02-24 20:03:10.565690
case_297,a,2025-02-24 20:08:10.565690
case_297,a,2025-02-24 20:13:10.565690
case_297,a,2025-02-24 20:18:10.565690
case_297,b,2025-02-24 20:23:10.565690
case_297,b,2025-02-24 20:28:10.565690
case_297,a,2025-02-24 20:33:10.565690
case_297,a,2025-02-24 20:38:10.565690
case_297,b,2025-02-24 20:43:10.565690
case_297,a,2025-02-24 20:48:10.565690
case_297,b,2025-02-24 20:53:10.565690
case_297,a,2025-02-24 20:58:10.565690
case_297,b,2025-02-24 21:03:10.565690
case_298,c,2025-02-24 19:28:10.565720
case_298,b,2025-02-24 19:33:10.565720
case_298,c,2025-02-24 19:38:10.565720
case_298,b,2025-02-24 19:43:10.565720
case_298,a,2025-02-24 19:48:10.565720
case_298,a,2025-02-24 19:53:10.565720
case_298,a,2025-02-24 19:58:10.565720
case_298,a,2025-02-24 20:03:10.565720
case_298,a,2025-02-24 20:08:10.565720
case_298,a,2025-02-24 20:13:10.565720
case_298,b,2025-02-24 20:18:10.565720
case_298,b,2025-02-24 20:23:10.565720
case_298,a,2025-02-24 20:28:10.565720
case_298,a,2025-02-24 20:33:10.565720
case_298,a,2025-02-24 20:38:10.565720
case_298,b,2025-02-24 20:43:10.565720
case_298,a,2025-02-24 20:48:10.565720
case_298,b,2025-02-24 20:53:10.565720
case_298,a,2025-02-24 20:58:10.565720
case_298,b,2025-02-24 21:03:10.565720
case_299,b,2025-02-24 19:28:10.565750
case_299,c,2025-02-24 19:33:10.565750
case_299,a,2025-02-24 19:38:10.565750
case_299,c,2025-02-24 19:43:10.565750
case_299,a,2025-02-24 19:48:10.565750
case_299,c,2025-02-24 19:53:10.565750
case_299,c,2025-02-24 19:58:10.565750
case_299,b,2025-02-24 20:03:10.565750
case_299,a,2025-02-24 20:08:10.565750
case_299,a,2025-02-24 20:13:10.565750
case_299,a,2025-02-24 20:18:10.565750
case_299,b,2025-02-24 20:23:10.565750
case_299,a,2025-02-24 20:28:10.565750
case_299,c,2025-02-24 20:33:10.565750
case_299,a,2025-02-24 20:38:10.565750
case_299,b,2025-02-24 20:43:10.565750
case_299,c,2025-02-24 20:48:10.565750
case_299,c,2025-02-24 20:53:10.565750
case_299,b,2025-02-24 20:58:10.565750
case_299,c,2025-02-24 21:03:10.565750
case_300,c,2025-02-24 19:28:10.565779
case_300,b,2025-02-24 19:33:10.565779
case_300,a,2025-02-24 19:38:10.565779
case_300,a,2025-02-24 19:43:10.565779
case_300,c,2025-02-24 19:48:10.565779
case_300,a,2025-02-24 19:53:10.565779
case_300,b,2025-02-24 19:58:10.565779
case_300,b,2025-02-24 20:03:10.565779
case_300,c,2025-02-24 20:08:10.565779
case_300,b,2025-02-24 20:13:10.565779
case_300,a,2025-02-24 20:18:10.565779
case_300,a,2025-02-24 20:23:10.565779
case_300,b,2025-02-24 20:28:10.565779
case_300,a,2025-02-24 20:33:10.565779
case_300,b,2025-02-24 20:38:10.565779
case_300,c,2025-02-24 20:43:10.565779
case_300,b,2025-02-24 20:48:10.565779
case_300,c,2025-02-24 20:53:10.565779
case_300,a,2025-02-24 20:58:10.565779
case_300,b,2025-02-24 21:03:10.565779
case_301,a,2025-02-24 19:28:10.565810
case_301,b,2025-02-24 19:33:10.565810
case_301,a,2025-02-24 19:38:10.565810
case_301,b,2025-02-24 19:43:10.565810
case_301,c,2025-02-24 19:48:10.565810
case_301,a,2025-02-24 19:53:10.565810
case_301,a,2025-02-24 19:58:10.565810
case_301,b,2025-02-24 20:03:10.565810
case_301,b,2025-02-24 20:08:10.565810
case_301,a,2025-02-24 20:13:10.565810
case_301,b,2025-02-24 20:18:10.565810
case_301,c,2025-02-24 20:23:10.565810
case_301,b,2025-02-24 20:28:10.565810
case_301,a,2025-02-24 20:33:10.565810
case_301,c,2025-02-24 20:38:10.565810
case_301,b,2025-02-24 20:43:10.565810
case_301,b,2025-02-24 20:48:10.565810
case_301,c,2025-02-24 20:53:10.565810
case_301,b,2025-02-24 20:58:10.565810
case_301,c,2025-02-24 21:03:10.565810
case_302,c,2025-02-24 19:28:10.565841
case_302,b,2025-02-24 19:33:10.565841
case_302,a,2025-02-24 19:38:10.565841
case_302,b,2025-02-24 19:43:10.565841
case_302,b,2025-02-24 19:48:10.565841
case_302,b,2025-02-24 19:53:10.565841
case_302,a,2025-02-24 19:58:10.565841
case_302,a,2025-02-24 20:03:10.565841
case_302,c,2025-02-24 20:08:10.565841
case_302,b,2025-02-24 20:13:10.565841
case_302,c,2025-02-24 20:18:10.565841
case_302,b,2025-02-24 20:23:10.565841
case_302,b,2025-02-24 20:28:10.565841
case_302,a,2025-02-24 20:33:10.565841
case_302,c,2025-02-24 20:38:10.565841
case_302,b,2025-02-24 20:43:10.565841
case_302,b,2025-02-24 20:48:10.565841
case_302,c,2025-02-24 20:53:10.565841
case_302,c,2025-02-24 20:58:10.565841
case_302,b,2025-02-24 21:03:10.565841
case_303,b,2025-02-24 19:28:10.565872
case_303,b,2025-02-24 19:33:10.565872
case_303,a,2025-02-24 19:38:10.565872
case_303,b,2025-02-24 19:43:10.565872
case_303,c,2025-02-24 19:48:10.565872
case_303,a,2025-02-24 19:53:10.565872
case_303,a,2025-02-24 19:58:10.565872
case_303,c,2025-02-24 20:03:10.565872
case_303,c,2025-02-24 20:08:10.565872
case_303,b,2025-02-24 20:13:10.565872
case_303,a,2025-02-24 20:18:10.565872
case_303,c,2025-02-24 20:23:10.565872
case_303,a,2025-02-24 20:28:10.565872
case_303,b,2025-02-24 20:33:10.565872
case_303,a,2025-02-24 20:38:10.565872
case_303,a,2025-02-24 20:43:10.565872
case_303,c,2025-02-24 20:48:10.565872
case_303,a,2025-02-24 20:53:10.565872
case_303,a,2025-02-24 20:58:10.565872
case_303,a,2025-02-24 21:03:10.565872
case_304,b,2025-02-24 19:28:10.565902
case_304,a,2025-02-24 19:33:10.565902
case_304,c,2025-02-24 19:38:10.565902
case_304,a,2025-02-24 19:43:10.565902
case_304,b,2025-02-24 19:48:10.565902
case_304,b,2025-02-24 19:53:10.565902
case_304,b,2025-02-24 19:58:10.565902
case_304,a,2025-02-24 20:03:10.565902
case_304,c,2025-02-24 20:08:10.565902
case_304,a,2025-02-24 20:13:10.565902
case_304,c,2025-02-24 20:18:10.565902
case_304,a,2025-02-24 20:23:10.565902
case_304,c,2025-02-24 20:28:10.565902
case_304,b,2025-02-24 20:33:10.565902
case_304,c,2025-02-24 20:38:10.565902
case_304,b,2025-02-24 20:43:10.565902
case_304,b,2025-02-24 20:48:10.565902
case_304,b,2025-02-24 20:53:10.565902
case_304,a,2025-02-24 20:58:10.565902
case_304,a,2025-02-24 21:03:10.565902
case_305,a,2025-02-24 19:28:10.565933
case_305,a,2025-02-24 19:33:10.565933
case_305,c,2025-02-24 19:38:10.565933
case_305,a,2025-02-24 19:43:10.565933
case_305,b,2025-02-24 19:48:10.565933
case_305,c,2025-02-24 19:53:10.565933
case_305,c,2025-02-24 19:58:10.565933
case_305,b,2025-02-24 20:03:10.565933
case_305,a,2025-02-24 20:08:10.565933
case_305,b,2025-02-24 20:13:10.565933
case_305,c,2025-02-24 20:18:10.565933
case_305,a,2025-02-24 20:23:10.565933
case_305,c,2025-02-24 20:28:10.565933
case_305,c,2025-02-24 20:33:10.565933
case_305,b,2025-02-24 20:38:10.565933
case_305,a,2025-02-24 20:43:10.565933
case_305,b,2025-02-24 20:48:10.565933
case_305,c,2025-02-24 20:53:10.565933
case_305,b,2025-02-24 20:58:10.565933
case_305,b,2025-02-24 21:03:10.565933
case_306,b,2025-02-24 19:28:10.565963
case_306,c,2025-02-24 19:33:10.565963
case_306,a,2025-02-24 19:38:10.565963
case_306,c,2025-02-24 19:43:10.565963
case_306,b,2025-02-24 19:48:10.565963
case_306,b,2025-02-24 19:53:10.565963
case_306,a,2025-02-24 19:58:10.565963
case_306,c,2025-02-24 20:03:10.565963
case_306,b,2025-02-24 20:08:10.565963
case_306,a,2025-02-24 20:13:10.565963
case_306,a,2025-02-24 20:18:10.565963
case_306,a,2025-02-24 20:23:10.565963
case_306,a,2025-02-24 20:28:10.565963
case_306,c,2025-02-24 20:33:10.565963
case_306,a,2025-02-24 20:38:10.565963
case_306,a,2025-02-24 20:43:10.565963
case_306,a,2025-02-24 20:48:10.565963
case_306,c,2025-02-24 20:53:10.565963
case_306,b,2025-02-24 20:58:10.565963
case_306,b,2025-02-24 21:03:10.565963
case_307,a,2025-02-24 19:28:10.565993
case_307,c,2025-02-24 19:33:10.565993
case_307,b,2025-02-24 19:38:10.565993
case_307,a,2025-02-24 19:43:10.565993
case_307,a,2025-02-24 19:48:10.565993
case_307,a,2025-02-24 19:53:10.565993
case_307,a,2025-02-24 19:58:10.565993
case_307,c,2025-02-24 20:03:10.565993
case_307,a,2025-02-24 20:08:10.565993
case_307,b,2025-02-24 20:13:10.565993
case_307,b,2025-02-24 20:18:10.565993
case_307,a,2025-02-24 20:23:10.565993
case_307,a,2025-02-24 20:28:10.565993
case_307,a,2025-02-24 20:33:10.565993
case_307,a,2025-02-24 20:38:10.565993
case_307,c,2025-02-24 20:43:10.565993
case_307,c,2025-02-24 20:48:10.565993
case_307,a,2025-02-24 20:53:10.565993
case_307,a,2025-02-24 20:58:10.565993
case_307,a,2025-02-24 21:03:10.565993
case_308,c,2025-02-24 19:28:10.566023
case_308,b,2025-02-24 19:33:10.566023
case_308,c,2025-02-24 19:38:10.566023
case_308,b,2025-02-24 19:43:10.566023
case_308,a,2025-02-24 19:48:10.566023
case_308,b,2025-02-24 19:53:10.566023
case_308,a,2025-02-24 19:58:10.566023
case_308,b,2025-02-24 20:03:10.566023
case_308,b,2025-02-24 20:08:10.566023
case_308,c,2025-02-24 20:13:10.566023
case_308,c,2025-02-24 20:18:10.566023
case_308,b,2025-02-24 20:23:10.566023
case_308,c,2025-02-24 20:28:10.566023
case_308,c,2025-02-24 20:33:10.566023
case_308,b,2025-02-24 20:38:10.566023
case_308,b,2025-02-24 20:43:10.566023
case_308,b,2025-02-24 20:48:10.566023
case_308,b,2025-02-24 20:53:10.566023
case_308,a,2025-02-24 20:58:10.566023
case_308,a,2025-02-24 21:03:10.566023
case_309,a,2025-02-24 19:28:10.566054
case_309,a,2025-02-24 19:33:10.566054
case_309,b,2025-02-24 19:38:10.566054
case_309,a,2025-02-24 19:43:10.566054
case_309,b,2025-02-24 19:48:10.566054
case_309,b,2025-02-24 19:53:10.566054
case_309,a,2025-02-24 19:58:10.566054
case_309,c,2025-02-24 20:03:10.566054
case_309,b,2025-02-24 20:08:10.566054
case_309,c,2025-02-24 20:13:10.566054
case_309,a,2025-02-24 20:18:10.566054
case_309,b,2025-02-24 20:23:10.566054
case_309,c,2025-02-24 20:28:10.566054
case_309,b,2025-02-24 20:33:10.566054
case_309,b,2025-02-24 20:38:10.566054
case_309,a,2025-02-24 20:43:10.566054
case_309,a,2025-02-24 20:48:10.566054
case_309,c,2025-02-24 20:53:10.566054
case_309,c,2025-02-24 20:58:10.566054
case_309,c,2025-02-24 21:03:10.566054
case_310,c,2025-02-24 19:28:10.566084
case_310,b,2025-02-24 19:33:10.566084
case_310,b,2025-02-24 19:38:10.566084
case_310,c,2025-02-24 19:43:10.566084
case_310,b,2025-02-24 19:48:10.566084
case_310,c,2025-02-24 19:53:10.566084
case_310,c,2025-02-24 19:58:10.566084
case_310,c,2025-02-24 20:03:10.566084
case_310,b,2025-02-24 20:08:10.566084
case_310,a,2025-02-24 20:13:10.566084
case_310,a,2025-02-24 20:18:10.566084
case_310,b,2025-02-24 20:23:10.566084
case_310,c,2025-02-24 20:28:10.566084
case_310,c,2025-02-24 20:33:10.566084
case_310,b,2025-02-24 20:38:10.566084
case_310,a,2025-02-24 20:43:10.566084
case_310,a,2025-02-24 20:48:10.566084
case_310,a,2025-02-24 20:53:10.566084
case_310,c,2025-02-24 20:58:10.566084
case_310,a,2025-02-24 21:03:10.566084
case_311,c,2025-02-24 19:28:10.566114
case_311,c,2025-02-24 19:33:10.566114
case_311,a,2025-02-24 19:38:10.566114
case_311,c,2025-02-24 19:43:10.566114
case_311,b,2025-02-24 19:48:10.566114
case_311,b,2025-02-24 19:53:10.566114
case_311,c,2025-02-24 19:58:10.566114
case_311,c,2025-02-24 20:03:10.566114
case_311,c,2025-02-24 20:08:10.566114
case_311,b,2025-02-24 20:13:10.566114
case_311,c,2025-02-24 20:18:10.566114
case_311,b,2025-02-24 20:23:10.566114
case_311,c,2025-02-24 20:28:10.566114
case_311,a,2025-02-24 20:33:10.566114
case_311,b,2025-02-24 20:38:10.566114
case_311,c,2025-02-24 20:43:10.566114
case_311,b,2025-02-24 20:48:10.566114
case_311,b,2025-02-24 20:53:10.566114
case_311,a,2025-02-24 20:58:10.566114
case_311,a,2025-02-24 21:03:10.566114
case_312,c,2025-02-24 19:28:10.566144
case_312,c,2025-02-24 19:33:10.566144
case_312,c,2025-02-24 19:38:10.566144
case_312,b,2025-02-24 19:43:10.566144
case_312,b,2025-02-24 19:48:10.566144
case_312,b,2025-02-24 19:53:10.566144
case_312,c,2025-02-24 19:58:10.566144
case_312,b,2025-02-24 20:03:10.566144
case_312,c,2025-02-24 20:08:10.566144
case_312,c,2025-02-24 20:13:10.566144
case_312,c,2025-02-24 20:18:10.566144
case_312,b,2025-02-24 20:23:10.566144
case_312,c,2025-02-24 20:28:10.566144
case_312,b,2025-02-24 20:33:10.566144
case_312,b,2025-02-24 20:38:10.566144
case_312,a,2025-02-24 20:43:10.566144
case_312,c,2025-02-24 20:48:10.566144
case_312,b,2025-02-24 20:53:10.566144
case_312,a,2025-02-24 20:58:10.566144
case_312,a,2025-02-24 21:03:10.566144
case_313,a,2025-02-24 19:28:10.566175
case_313,c,2025-02-24 19:33:10.566175
case_313,a,2025-02-24 19:38:10.566175
case_313,b,2025-02-24 19:43:10.566175
case_313,a,2025-02-24 19:48:10.566175
case_313,a,2025-02-24 19:53:10.566175
case_313,a,2025-02-24 19:58:10.566175
case_313,a,2025-02-24 20:03:10.566175
case_313,c,2025-02-24 20:08:10.566175
case_313,b,2025-02-24 20:13:10.566175
case_313,b,2025-02-24 20:18:10.566175
case_313,a,2025-02-24 20:23:10.566175
case_313,a,2025-02-24 20:28:10.566175
case_313,b,2025-02-24 20:33:10.566175
case_313,a,2025-02-24 20:38:10.566175
case_313,b,2025-02-24 20:43:10.566175
case_313,c,2025-02-24 20:48:10.566175
case_313,c,2025-02-24 20:53:10.566175
case_313,a,2025-02-24 20:58:10.566175
case_313,c,2025-02-24 21:03:10.566175
case_314,a,2025-02-24 19:28:10.566205
case_314,c,2025-02-24 19:33:10.566205
case_314,b,2025-02-24 19:38:10.566205
case_314,b,2025-02-24 19:43:10.566205
case_314,a,2025-02-24 19:48:10.566205
case_314,c,2025-02-24 19:53:10.566205
case_314,a,2025-02-24 19:58:10.566205
case_314,b,2025-02-24 20:03:10.566205
case_314,c,2025-02-24 20:08:10.566205
case_314,b,2025-02-24 20:13:10.566205
case_314,a,2025-02-24 20:18:10.566205
case_314,a,2025-02-24 20:23:10.566205
case_314,a,2025-02-24 20:28:10.566205
case_314,b,2025-02-24 20:33:10.566205
case_314,a,2025-02-24 20:38:10.566205
case_314,b,2025-02-24 20:43:10.566205
case_314,b,2025-02-24 20:48:10.566205
case_314,a,2025-02-24 20:53:10.566205
case_314,a,2025-02-24 20:58:10.566205
case_314,a,2025-02-24 21:03:10.566205
case_315,b,2025-02-24 19:28:10.566235
case_315,b,2025-02-24 19:33:10.566235
case_315,a,2025-02-24 19:38:10.566235
case_315,c,2025-02-24 19:43:10.566235
case_315,c,2025-02-24 19:48:10.566235
case_315,c,2025-02-24 19:53:10.566235
case_315,c,2025-02-24 19:58:10.566235
case_315,a,2025-02-24 20:03:10.566235
case_315,a,2025-02-24 20:08:10.566235
case_315,a,2025-02-24 20:13:10.566235
case_315,b,2025-02-24 20:18:10.566235
case_315,b,2025-02-24 20:23:10.566235
case_315,a,2025-02-24 20:28:10.566235
case_315,c,2025-02-24 20:33:10.566235
case_315,c,2025-02-24 20:38:10.566235
case_315,b,2025-02-24 20:43:10.566235
case_315,a,2025-02-24 20:48:10.566235
case_315,a,2025-02-24 20:53:10.566235
case_315,a,2025-02-24 20:58:10.566235
case_315,a,2025-02-24 21:03:10.566235
case_316,a,2025-02-24 19:28:10.566265
case_316,c,2025-02-24 19:33:10.566265
case_316,b,2025-02-24 19:38:10.566265
case_316,b,2025-02-24 19:43:10.566265
case_316,b,2025-02-24 19:48:10.566265
case_316,c,2025-02-24 19:53:10.566265
case_316,c,2025-02-24 19:58:10.566265
case_316,b,2025-02-24 20:03:10.566265
case_316,b,2025-02-24 20:08:10.566265
case_316,b,2025-02-24 20:13:10.566265
case_316,c,2025-02-24 20:18:10.566265
case_316,b,2025-02-24 20:23:10.566265
case_316,c,2025-02-24 20:28:10.566265
case_316,c,2025-02-24 20:33:10.566265
case_316,b,2025-02-24 20:38:10.566265
case_316,a,2025-02-24 20:43:10.566265
case_316,a,2025-02-24 20:48:10.566265
case_316,c,2025-02-24 20:53:10.566265
case_316,b,2025-02-24 20:58:10.566265
case_316,a,2025-02-24 21:03:10.566265
case_317,a,2025-02-24 19:28:10.566296
case_317,a,2025-02-24 19:33:10.566296
case_317,b,2025-02-24 19:38:10.566296
case_317,a,2025-02-24 19:43:10.566296
case_317,c,2025-02-24 19:48:10.566296
case_317,b,2025-02-24 19:53:10.566296
case_317,b,2025-02-24 19:58:10.566296
case_317,b,2025-02-24 20:03:10.566296
case_317,a,2025-02-24 20:08:10.566296
case_317,c,2025-02-24 20:13:10.566296
case_317,a,2025-02-24 20:18:10.566296
case_317,c,2025-02-24 20:23:10.566296
case_317,b,2025-02-24 20:28:10.566296
case_317,c,2025-02-24 20:33:10.566296
case_317,a,2025-02-24 20:38:10.566296
case_317,b,2025-02-24 20:43:10.566296
case_317,b,2025-02-24 20:48:10.566296
case_317,c,2025-02-24 20:53:10.566296
case_317,c,2025-02-24 20:58:10.566296
case_317,b,2025-02-24 21:03:10.566296
case_318,b,2025-02-24 19:28:10.566327
case_318,c,2025-02-24 19:33:10.566327
case_318,a,2025-02-24 19:38:10.566327
case_318,c,2025-02-24 19:43:10.566327
case_318,b,2025-02-24 19:48:10.566327
case_318,b,2025-02-24 19:53:10.566327
case_318,c,2025-02-24 19:58:10.566327
case_318,a,2025-02-24 20:03:10.566327
case_318,a,2025-02-24 20:08:10.566327
case_318,c,2025-02-24 20:13:10.566327
case_318,a,2025-02-24 20:18:10.566327
case_318,c,2025-02-24 20:23:10.566327
case_318,b,2025-02-24 20:28:10.566327
case_318,a,2025-02-24 20:33:10.566327
case_318,a,2025-02-24 20:38:10.566327
case_318,b,2025-02-24 20:43:10.566327
case_318,b,2025-02-24 20:48:10.566327
case_318,b,2025-02-24 20:53:10.566327
case_318,b,2025-02-24 20:58:10.566327
case_318,a,2025-02-24 21:03:10.566327
case_319,a,2025-02-24 19:28:10.566357
case_319,c,2025-02-24 19:33:10.566357
case_319,a,2025-02-24 19:38:10.566357
case_319,b,2025-02-24 19:43:10.566357
case_319,c,2025-02-24 19:48:10.566357
case_319,c,2025-02-24 19:53:10.566357
case_319,b,2025-02-24 19:58:10.566357
case_319,a,2025-02-24 20:03:10.566357
case_319,a,2025-02-24 20:08:10.566357
case_319,c,2025-02-24 20:13:10.566357
case_319,c,2025-02-24 20:18:10.566357
case_319,b,2025-02-24 20:23:10.566357
case_319,b,2025-02-24 20:28:10.566357
case_319,c,2025-02-24 20:33:10.566357
case_319,a,2025-02-24 20:38:10.566357
case_319,b,2025-02-24 20:43:10.566357
case_319,a,2025-02-24 20:48:10.566357
case_319,b,2025-02-24 20:53:10.566357
case_319,a,2025-02-24 20:58:10.566357
case_319,c,2025-02-24 21:03:10.566357
case_320,b,2025-02-24 19:28:10.566386
case_320,a,2025-02-24 19:33:10.566386
case_320,b,2025-02-24 19:38:10.566386
case_320,c,2025-02-24 19:43:10.566386
case_320,a,2025-02-24 19:48:10.566386
case_320,b,2025-02-24 19:53:10.566386
case_320,c,2025-02-24 19:58:10.566386
case_320,a,2025-02-24 20:03:10.566386
case_320,b,2025-02-24 20:08:10.566386
case_320,c,2025-02-24 20:13:10.566386
case_320,a,2025-02-24 20:18:10.566386
case_320,b,2025-02-24 20:23:10.566386
case_320,a,2025-02-24 20:28:10.566386
case_320,c,2025-02-24 20:33:10.566386
case_320,a,2025-02-24 20:38:10.566386
case_320,b,2025-02-24 20:43:10.566386
case_320,c,2025-02-24 20:48:10.566386
case_320,c,2025-02-24 20:53:10.566386
case_320,a,2025-02-24 20:58:10.566386
case_320,a,2025-02-24 21:03:10.566386
case_321,a,2025-02-24 19:28:10.566416
case_321,a,2025-02-24 19:33:10.566416
case_321,b,2025-02-24 19:38:10.566416
case_321,c,2025-02-24 19:43:10.566416
case_321,b,2025-02-24 19:48:10.566416
case_321,a,2025-02-24 19:53:10.566416
case_321,a,2025-02-24 19:58:10.566416
case_321,a,2025-02-24 20:03:10.566416
case_321,b,2025-02-24 20:08:10.566416
case_321,c,2025-02-24 20:13:10.566416
case_321,a,2025-02-24 20:18:10.566416
case_321,c,2025-02-24 20:23:10.566416
case_321,b,2025-02-24 20:28:10.566416
case_321,a,2025-02-24 20:33:10.566416
case_321,c,2025-02-24 20:38:10.566416
case_321,b,2025-02-24 20:43:10.566416
case_321,a,2025-02-24 20:48:10.566416
case_321,a,2025-02-24 20:53:10.566416
case_321,b,2025-02-24 20:58:10.566416
case_321,b,2025-02-24 21:03:10.566416
case_322,c,2025-02-24 19:28:10.566446
case_322,a,2025-02-24 19:33:10.566446
case_322,c,2025-02-24 19:38:10.566446
case_322,c,2025-02-24 19:43:10.566446
case_322,b,2025-02-24 19:48:10.566446
case_322,a,2025-02-24 19:53:10.566446
case_322,c,2025-02-24 19:58:10.566446
case_322,a,2025-02-24 20:03:10.566446
case_322,c,2025-02-24 20:08:10.566446
case_322,b,2025-02-24 20:13:10.566446
case_322,b,2025-02-24 20:18:10.566446
case_322,b,2025-02-24 20:23:10.566446
case_322,a,2025-02-24 20:28:10.566446
case_322,a,2025-02-24 20:33:10.566446
case_322,a,2025-02-24 20:38:10.566446
case_322,a,2025-02-24 20:43:10.566446
case_322,a,2025-02-24 20:48:10.566446
case_322,a,2025-02-24 20:53:10.566446
case_322,b,2025-02-24 20:58:10.566446
case_322,b,2025-02-24 21:03:10.566446
case_323,b,2025-02-24 19:28:10.566476
case_323,a,2025-02-24 19:33:10.566476
case_323,a,2025-02-24 19:38:10.566476
case_323,b,2025-02-24 19:43:10.566476
case_323,c,2025-02-24 19:48:10.566476
case_323,c,2025-02-24 19:53:10.566476
case_323,c,2025-02-24 19:58:10.566476
case_323,b,2025-02-24 20:03:10.566476
case_323,c,2025-02-24 20:08:10.566476
case_323,c,2025-02-24 20:13:10.566476
case_323,a,2025-02-24 20:18:10.566476
case_323,b,2025-02-24 20:23:10.566476
case_323,a,2025-02-24 20:28:10.566476
case_323,b,2025-02-24 20:33:10.566476
case_323,c,2025-02-24 20:38:10.566476
case_323,c,2025-02-24 20:43:10.566476
case_323,b,2025-02-24 20:48:10.566476
case_323,b,2025-02-24 20:53:10.566476
case_323,a,2025-02-24 20:58:10.566476
case_323,b,2025-02-24 21:03:10.566476
case_324,c,2025-02-24 19:28:10.566505
case_324,b,2025-02-24 19:33:10.566505
case_324,c,2025-02-24 19:38:10.566505
case_324,c,2025-02-24 19:43:10.566505
case_324,c,2025-02-24 19:48:10.566505
case_324,c,2025-02-24 19:53:10.566505
case_324,a,2025-02-24 19:58:10.566505
case_324,b,2025-02-24 20:03:10.566505
case_324,b,2025-02-24 20:08:10.566505
case_324,b,2025-02-24 20:13:10.566505
case_324,a,2025-02-24 20:18:10.566505
case_324,b,2025-02-24 20:23:10.566505
case_324,c,2025-02-24 20:28:10.566505
case_324,a,2025-02-24 20:33:10.566505
case_324,c,2025-02-24 20:38:10.566505
case_324,b,2025-02-24 20:43:10.566505
case_324,a,2025-02-24 20:48:10.566505
case_324,a,2025-02-24 20:53:10.566505
case_324,b,2025-02-24 20:58:10.566505
case_324,b,2025-02-24 21:03:10.566505
case_325,a,2025-02-24 19:28:10.566535
case_325,c,2025-02-24 19:33:10.566535
case_325,a,2025-02-24 19:38:10.566535
case_325,b,2025-02-24 19:43:10.566535
case_325,a,2025-02-24 19:48:10.566535
case_325,c,2025-02-24 19:53:10.566535
case_325,c,2025-02-24 19:58:10.566535
case_325,b,2025-02-24 20:03:10.566535
case_325,b,2025-02-24 20:08:10.566535
case_325,c,2025-02-24 20:13:10.566535
case_325,b,2025-02-24 20:18:10.566535
case_325,c,2025-02-24 20:23:10.566535
case_325,b,2025-02-24 20:28:10.566535
case_325,c,2025-02-24 20:33:10.566535
case_325,b,2025-02-24 20:38:10.566535
case_325,b,2025-02-24 20:43:10.566535
case_325,c,2025-02-24 20:48:10.566535
case_325,a,2025-02-24 20:53:10.566535
case_325,a,2025-02-24 20:58:10.566535
case_325,b,2025-02-24 21:03:10.566535
case_326,a,2025-02-24 19:28:10.566565
case_326,a,2025-02-24 19:33:10.566565
case_326,a,2025-02-24 19:38:10.566565
case_326,a,2025-02-24 19:43:10.566565
case_326,c,2025-02-24 19:48:10.566565
case_326,c,2025-02-24 19:53:10.566565
case_326,b,2025-02-24 19:58:10.566565
case_326,c,2025-02-24 20:03:10.566565
case_326,c,2025-02-24 20:08:10.566565
case_326,c,2025-02-24 20:13:10.566565
case_326,a,2025-02-24 20:18:10.566565
case_326,a,2025-02-24 20:23:10.566565
case_326,c,2025-02-24 20:28:10.566565
case_326,b,2025-02-24 20:33:10.566565
case_326,c,2025-02-24 20:38:10.566565
case_326,c,2025-02-24 20:43:10.566565
case_326,a,2025-02-24 20:48:10.566565
case_326,b,2025-02-24 20:53:10.566565
case_326,b,2025-02-24 20:58:10.566565
case_326,a,2025-02-24 21:03:10.566565
case_327,b,2025-02-24 19:28:10.566595
case_327,c,2025-02-24 19:33:10.566595
case_327,b,2025-02-24 19:38:10.566595
case_327,c,2025-02-24 19:43:10.566595
case_327,b,2025-02-24 19:48:10.566595
case_327,a,2025-02-24 19:53:10.566595
case_327,b,2025-02-24 19:58:10.566595
case_327,c,2025-02-24 20:03:10.566595
case_327,a,2025-02-24 20:08:10.566595
case_327,a,2025-02-24 20:13:10.566595
case_327,c,2025-02-24 20:18:10.566595
case_327,a,2025-02-24 20:23:10.566595
case_327,c,2025-02-24 20:28:10.566595
case_327,b,2025-02-24 20:33:10.566595
case_327,c,2025-02-24 20:38:10.566595
case_327,c,2025-02-24 20:43:10.566595
case_327,b,2025-02-24 20:48:10.566595
case_327,b,2025-02-24 20:53:10.566595
case_327,c,2025-02-24 20:58:10.566595
case_327,b,2025-02-24 21:03:10.566595
case_328,b,2025-02-24 19:28:10.566625
case_328,a,2025-02-24 19:33:10.566625
case_328,c,2025-02-24 19:38:10.566625
case_328,a,2025-02-24 19:43:10.566625
case_328,b,2025-02-24 19:48:10.566625
case_328,a,2025-02-24 19:53:10.566625
case_328,b,2025-02-24 19:58:10.566625
case_328,b,2025-02-24 20:03:10.566625
case_328,c,2025-02-24 20:08:10.566625
case_328,b,2025-02-24 20:13:10.566625
case_328,c,2025-02-24 20:18:10.566625
case_328,c,2025-02-24 20:23:10.566625
case_328,b,2025-02-24 20:28:10.566625
case_328,a,2025-02-24 20:33:10.566625
case_328,c,2025-02-24 20:38:10.566625
case_328,b,2025-02-24 20:43:10.566625
case_328,c,2025-02-24 20:48:10.566625
case_328,b,2025-02-24 20:53:10.566625
case_328,a,2025-02-24 20:58:10.566625
case_328,a,2025-02-24 21:03:10.566625
case_329,a,2025-02-24 19:28:10.566654
case_329,c,2025-02-24 19:33:10.566654
case_329,b,2025-02-24 19:38:10.566654
case_329,a,2025-02-24 19:43:10.566654
case_329,c,2025-02-24 19:48:10.566654
case_329,b,2025-02-24 19:53:10.566654
case_329,a,2025-02-24 19:58:10.566654
case_329,a,2025-02-24 20:03:10.566654
case_329,c,2025-02-24 20:08:10.566654
case_329,a,2025-02-24 20:13:10.566654
case_329,c,2025-02-24 20:18:10.566654
case_329,b,2025-02-24 20:23:10.566654
case_329,b,2025-02-24 20:28:10.566654
case_329,b,2025-02-24 20:33:10.566654
case_329,a,2025-02-24 20:38:10.566654
case_329,a,2025-02-24 20:43:10.566654
case_329,a,2025-02-24 20:48:10.566654
case_329,a,2025-02-24 20:53:10.566654
case_329,b,2025-02-24 20:58:10.566654
case_329,b,2025-02-24 21:03:10.566654
case_330,a,2025-02-24 19:28:10.566684
case_330,a,2025-02-24 19:33:10.566684
case_330,a,2025-02-24 19:38:10.566684
case_330,a,2025-02-24 19:43:10.566684
case_330,a,2025-02-24 19:48:10.566684
case_330,a,2025-02-24 19:53:10.566684
case_330,b,2025-02-24 19:58:10.566684
case_330,b,2025-02-24 20:03:10.566684
case_330,b,2025-02-24 20:08:10.566684
case_330,a,2025-02-24 20:13:10.566684
case_330,c,2025-02-24 20:18:10.566684
case_330,b,2025-02-24 20:23:10.566684
case_330,c,2025-02-24 20:28:10.566684
case_330,b,2025-02-24 20:33:10.566684
case_330,c,2025-02-24 20:38:10.566684
case_330,c,2025-02-24 20:43:10.566684
case_330,c,2025-02-24 20:48:10.566684
case_330,c,2025-02-24 20:53:10.566684
case_330,a,2025-02-24 20:58:10.566684
case_330,c,2025-02-24 21:03:10.566684
case_331,c,2025-02-24 19:28:10.566714
case_331,a,2025-02-24 19:33:10.566714
case_331,a,2025-02-24 19:38:10.566714
case_331,c,2025-02-24 19:43:10.566714
case_331,c,2025-02-24 19:48:10.566714
case_331,b,2025-02-24 19:53:10.566714
case_331,c,2025-02-24 19:58:10.566714
case_331,a,2025-02-24 20:03:10.566714
case_331,a,2025-02-24 20:08:10.566714
case_331,c,2025-02-24 20:13:10.566714
case_331,c,2025-02-24 20:18:10.566714
case_331,c,2025-02-24 20:23:10.566714
case_331,b,2025-02-24 20:28:10.566714
case_331,a,2025-02-24 20:33:10.566714
case_331,b,2025-02-24 20:38:10.566714
case_331,b,2025-02-24 20:43:10.566714
case_331,a,2025-02-24 20:48:10.566714
case_331,a,2025-02-24 20:53:10.566714
case_331,a,2025-02-24 20:58:10.566714
case_331,c,2025-02-24 21:03:10.566714
case_332,c,2025-02-24 19:28:10.566745
case_332,c,2025-02-24 19:33:10.566745
case_332,b,2025-02-24 19:38:10.566745
case_332,c,2025-02-24 19:43:10.566745
case_332,b,2025-02-24 19:48:10.566745
case_332,c,2025-02-24 19:53:10.566745
case_332,b,2025-02-24 19:58:10.566745
case_332,b,2025-02-24 20:03:10.566745
case_332,c,2025-02-24 20:08:10.566745
case_332,a,2025-02-24 20:13:10.566745
case_332,b,2025-02-24 20:18:10.566745
case_332,a,2025-02-24 20:23:10.566745
case_332,c,2025-02-24 20:28:10.566745
case_332,b,2025-02-24 20:33:10.566745
case_332,a,2025-02-24 20:38:10.566745
case_332,c,2025-02-24 20:43:10.566745
case_332,a,2025-02-24 20:48:10.566745
case_332,b,2025-02-24 20:53:10.566745
case_332,a,2025-02-24 20:58:10.566745
case_332,a,2025-02-24 21:03:10.566745
case_333,b,2025-02-24 19:28:10.566775
case_333,b,2025-02-24 19:33:10.566775
case_333,a,2025-02-24 19:38:10.566775
case_333,c,2025-02-24 19:43:10.566775
case_333,b,2025-02-24 19:48:10.566775
case_333,c,2025-02-24 19:53:10.566775
case_333,c,2025-02-24 19:58:10.566775
case_333,c,2025-02-24 20:03:10.566775
case_333,c,2025-02-24 20:08:10.566775
case_333,b,2025-02-24 20:13:10.566775
case_333,a,2025-02-24 20:18:10.566775
case_333,c,2025-02-24 20:23:10.566775
case_333,b,2025-02-24 20:28:10.566775
case_333,a,2025-02-24 20:33:10.566775
case_333,c,2025-02-24 20:38:10.566775
case_333,a,2025-02-24 20:43:10.566775
case_333,b,2025-02-24 20:48:10.566775
case_333,c,2025-02-24 20:53:10.566775
case_333,a,2025-02-24 20:58:10.566775
case_333,a,2025-02-24 21:03:10.566775
case_334,b,2025-02-24 19:28:10.566805
case_334,c,2025-02-24 19:33:10.566805
case_334,c,2025-02-24 19:38:10.566805
case_334,a,2025-02-24 19:43:10.566805
case_334,a,2025-02-24 19:48:10.566805
case_334,b,2025-02-24 19:53:10.566805
case_334,a,2025-02-24 19:58:10.566805
case_334,b,2025-02-24 20:03:10.566805
case_334,b,2025-02-24 20:08:10.566805
case_334,b,2025-02-24 20:13:10.566805
case_334,c,2025-02-24 20:18:10.566805
case_334,c,2025-02-24 20:23:10.566805
case_334,b,2025-02-24 20:28:10.566805
case_334,a,2025-02-24 20:33:10.566805
case_334,b,2025-02-24 20:38:10.566805
case_334,b,2025-02-24 20:43:10.566805
case_334,b,2025-02-24 20:48:10.566805
case_334,a,2025-02-24 20:53:10.566805
case_334,b,2025-02-24 20:58:10.566805
case_334,a,2025-02-24 21:03:10.566805
case_335,c,2025-02-24 19:28:10.566835
case_335,b,2025-02-24 19:33:10.566835
case_335,a,2025-02-24 19:38:10.566835
case_335,a,2025-02-24 19:43:10.566835
case_335,b,2025-02-24 19:48:10.566835
case_335,a,2025-02-24 19:53:10.566835
case_335,a,2025-02-24 19:58:10.566835
case_335,a,2025-02-24 20:03:10.566835
case_335,b,2025-02-24 20:08:10.566835
case_335,b,2025-02-24 20:13:10.566835
case_335,c,2025-02-24 20:18:10.566835
case_335,a,2025-02-24 20:23:10.566835
case_335,c,2025-02-24 20:28:10.566835
case_335,a,2025-02-24 20:33:10.566835
case_335,a,2025-02-24 20:38:10.566835
case_335,c,2025-02-24 20:43:10.566835
case_335,a,2025-02-24 20:48:10.566835
case_335,c,2025-02-24 20:53:10.566835
case_335,b,2025-02-24 20:58:10.566835
case_335,a,2025-02-24 21:03:10.566835
case_336,b,2025-02-24 19:28:10.566865
case_336,c,2025-02-24 19:33:10.566865
case_336,c,2025-02-24 19:38:10.566865
case_336,a,2025-02-24 19:43:10.566865
case_336,b,2025-02-24 19:48:10.566865
case_336,c,2025-02-24 19:53:10.566865
case_336,a,2025-02-24 19:58:10.566865
case_336,a,2025-02-24 20:03:10.566865
case_336,a,2025-02-24 20:08:10.566865
case_336,a,2025-02-24 20:13:10.566865
case_336,a,2025-02-24 20:18:10.566865
case_336,a,2025-02-24 20:23:10.566865
case_336,b,2025-02-24 20:28:10.566865
case_336,b,2025-02-24 20:33:10.566865
case_336,c,2025-02-24 20:38:10.566865
case_336,b,2025-02-24 20:43:10.566865
case_336,b,2025-02-24 20:48:10.566865
case_336,b,2025-02-24 20:53:10.566865
case_336,a,2025-02-24 20:58:10.566865
case_336,c,2025-02-24 21:03:10.566865
case_337,c,2025-02-24 19:28:10.566894
case_337,c,2025-02-24 19:33:10.566894
case_337,c,2025-02-24 19:38:10.566894
case_337,a,2025-02-24 19:43:10.566894
case_337,b,2025-02-24 19:48:10.566894
case_337,a,2025-02-24 19:53:10.566894
case_337,b,2025-02-24 19:58:10.566894
case_337,a,2025-02-24 20:03:10.566894
case_337,c,2025-02-24 20:08:10.566894
case_337,c,2025-02-24 20:13:10.566894
case_337,b,2025-02-24 20:18:10.566894
case_337,c,2025-02-24 20:23:10.566894
case_337,a,2025-02-24 20:28:10.566894
case_337,b,2025-02-24 20:33:10.566894
case_337,c,2025-02-24 20:38:10.566894
case_337,c,2025-02-24 20:43:10.566894
case_337,b,2025-02-24 20:48:10.566894
case_337,b,2025-02-24 20:53:10.566894
case_337,a,2025-02-24 20:58:10.566894
case_337,a,2025-02-24 21:03:10.566894
case_338,c,2025-02-24 19:28:10.566924
case_338,b,2025-02-24 19:33:10.566924
case_338,b,2025-02-24 19:38:10.566924
case_338,b,2025-02-24 19:43:10.566924
case_338,a,2025-02-24 19:48:10.566924
case_338,a,2025-02-24 19:53:10.566924
case_338,b,2025-02-24 19:58:10.566924
case_338,a,2025-02-24 20:03:10.566924
case_338,b,2025-02-24 20:08:10.566924
case_338,b,2025-02-24 20:13:10.566924
case_338,b,2025-02-24 20:18:10.566924
case_338,c,2025-02-24 20:23:10.566924
case_338,a,2025-02-24 20:28:10.566924
case_338,c,2025-02-24 20:33:10.566924
case_338,b,2025-02-24 20:38:10.566924
case_338,c,2025-02-24 20:43:10.566924
case_338,a,2025-02-24 20:48:10.566924
case_338,c,2025-02-24 20:53:10.566924
case_338,a,2025-02-24 20:58:10.566924
case_338,a,2025-02-24 21:03:10.566924
case_339,a,2025-02-24 19:28:10.566954
case_339,a,2025-02-24 19:33:10.566954
case_339,a,2025-02-24 19:38:10.566954
case_339,b,2025-02-24 19:43:10.566954
case_339,a,2025-02-24 19:48:10.566954
case_339,c,2025-02-24 19:53:10.566954
case_339,a,2025-02-24 19:58:10.566954
case_339,b,2025-02-24 20:03:10.566954
case_339,b,2025-02-24 20:08:10.566954
case_339,a,2025-02-24 20:13:10.566954
case_339,c,2025-02-24 20:18:10.566954
case_339,b,2025-02-24 20:23:10.566954
case_339,c,2025-02-24 20:28:10.566954
case_339,b,2025-02-24 20:33:10.566954
case_339,c,2025-02-24 20:38:10.566954
case_339,b,2025-02-24 20:43:10.566954
case_339,a,2025-02-24 20:48:10.566954
case_339,c,2025-02-24 20:53:10.566954
case_339,c,2025-02-24 20:58:10.566954
case_339,c,2025-02-24 21:03:10.566954
case_340,c,2025-02-24 19:28:10.566983
case_340,c,2025-02-24 19:33:10.566983
case_340,c,2025-02-24 19:38:10.566983
case_340,a,2025-02-24 19:43:10.566983
case_340,a,2025-02-24 19:48:10.566983
case_340,b,2025-02-24 19:53:10.566983
case_340,c,2025-02-24 19:58:10.566983
case_340,b,2025-02-24 20:03:10.566983
case_340,c,2025-02-24 20:08:10.566983
case_340,b,2025-02-24 20:13:10.566983
case_340,b,2025-02-24 20:18:10.566983
case_340,c,2025-02-24 20:23:10.566983
case_340,b,2025-02-24 20:28:10.566983
case_340,c,2025-02-24 20:33:10.566983
case_340,c,2025-02-24 20:38:10.566983
case_340,c,2025-02-24 20:43:10.566983
case_340,a,2025-02-24 20:48:10.566983
case_340,b,2025-02-24 20:53:10.566983
case_340,a,2025-02-24 20:58:10.566983
case_340,b,2025-02-24 21:03:10.566983
case_341,b,2025-02-24 19:28:10.567013
case_341,c,2025-02-24 19:33:10.567013
case_341,a,2025-02-24 19:38:10.567013
case_341,c,2025-02-24 19:43:10.567013
case_341,c,2025-02-24 19:48:10.567013
case_341,b,2025-02-24 19:53:10.567013
case_341,a,2025-02-24 19:58:10.567013
case_341,c,2025-02-24 20:03:10.567013
case_341,c,2025-02-24 20:08:10.567013
case_341,a,2025-02-24 20:13:10.567013
case_341,b,2025-02-24 20:18:10.567013
case_341,b,2025-02-24 20:23:10.567013
case_341,b,2025-02-24 20:28:10.567013
case_341,b,2025-02-24 20:33:10.567013
case_341,a,2025-02-24 20:38:10.567013
case_341,c,2025-02-24 20:43:10.567013
case_341,a,2025-02-24 20:48:10.567013
case_341,a,2025-02-24 20:53:10.567013
case_341,a,2025-02-24 20:58:10.567013
case_341,c,2025-02-24 21:03:10.567013
case_342,c,2025-02-24 19:28:10.567043
case_342,c,2025-02-24 19:33:10.567043
case_342,b,2025-02-24 19:38:10.567043
case_342,a,2025-02-24 19:43:10.567043
case_342,c,2025-02-24 19:48:10.567043
case_342,b,2025-02-24 19:53:10.567043
case_342,b,2025-02-24 19:58:10.567043
case_342,c,2025-02-24 20:03:10.567043
case_342,a,2025-02-24 20:08:10.567043
case_342,a,2025-02-24 20:13:10.567043
case_342,b,2025-02-24 20:18:10.567043
case_342,a,2025-02-24 20:23:10.567043
case_342,a,2025-02-24 20:28:10.567043
case_342,c,2025-02-24 20:33:10.567043
case_342,c,2025-02-24 20:38:10.567043
case_342,b,2025-02-24 20:43:10.567043
case_342,b,2025-02-24 20:48:10.567043
case_342,b,2025-02-24 20:53:10.567043
case_342,b,2025-02-24 20:58:10.567043
case_342,c,2025-02-24 21:03:10.567043
case_343,c,2025-02-24 19:28:10.567072
case_343,a,2025-02-24 19:33:10.567072
case_343,b,2025-02-24 19:38:10.567072
case_343,c,2025-02-24 19:43:10.567072
case_343,c,2025-02-24 19:48:10.567072
case_343,b,2025-02-24 19:53:10.567072
case_343,c,2025-02-24 19:58:10.567072
case_343,a,2025-02-24 20:03:10.567072
case_343,c,2025-02-24 20:08:10.567072
case_343,a,2025-02-24 20:13:10.567072
case_343,c,2025-02-24 20:18:10.567072
case_343,b,2025-02-24 20:23:10.567072
case_343,b,2025-02-24 20:28:10.567072
case_343,b,2025-02-24 20:33:10.567072
case_343,c,2025-02-24 20:38:10.567072
case_343,a,2025-02-24 20:43:10.567072
case_343,a,2025-02-24 20:48:10.567072
case_343,a,2025-02-24 20:53:10.567072
case_343,b,2025-02-24 20:58:10.567072
case_343,a,2025-02-24 21:03:10.567072
case_344,a,2025-02-24 19:28:10.567101
case_344,c,2025-02-24 19:33:10.567101
case_344,c,2025-02-24 19:38:10.567101
case_344,c,2025-02-24 19:43:10.567101
case_344,a,2025-02-24 19:48:10.567101
case_344,c,2025-02-24 19:53:10.567101
case_344,b,2025-02-24 19:58:10.567101
case_344,b,2025-02-24 20:03:10.567101
case_344,b,2025-02-24 20:08:10.567101
case_344,a,2025-02-24 20:13:10.567101
case_344,c,2025-02-24 20:18:10.567101
case_344,c,2025-02-24 20:23:10.567101
case_344,a,2025-02-24 20:28:10.567101
case_344,a,2025-02-24 20:33:10.567101
case_344,a,2025-02-24 20:38:10.567101
case_344,a,2025-02-24 20:43:10.567101
case_344,a,2025-02-24 20:48:10.567101
case_344,c,2025-02-24 20:53:10.567101
case_344,c,2025-02-24 20:58:10.567101
case_344,c,2025-02-24 21:03:10.567101
case_345,c,2025-02-24 19:28:10.567131
case_345,b,2025-02-24 19:33:10.567131
case_345,a,2025-02-24 19:38:10.567131
case_345,a,2025-02-24 19:43:10.567131
case_345,b,2025-02-24 19:48:10.567131
case_345,b,2025-02-24 19:53:10.567131
case_345,b,2025-02-24 19:58:10.567131
case_345,b,2025-02-24 20:03:10.567131
case_345,a,2025-02-24 20:08:10.567131
case_345,b,2025-02-24 20:13:10.567131
case_345,a,2025-02-24 20:18:10.567131
case_345,c,2025-02-24 20:23:10.567131
case_345,b,2025-02-24 20:28:10.567131
case_345,a,2025-02-24 20:33:10.567131
case_345,b,2025-02-24 20:38:10.567131
case_345,a,2025-02-24 20:43:10.567131
case_345,a,2025-02-24 20:48:10.567131
case_345,a,2025-02-24 20:53:10.567131
case_345,a,2025-02-24 20:58:10.567131
case_345,a,2025-02-24 21:03:10.567131
case_346,b,2025-02-24 19:28:10.567161
case_346,b,2025-02-24 19:33:10.567161
case_346,c,2025-02-24 19:38:10.567161
case_346,c,2025-02-24 19:43:10.567161
case_346,a,2025-02-24 19:48:10.567161
case_346,b,2025-02-24 19:53:10.567161
case_346,b,2025-02-24 19:58:10.567161
case_346,a,2025-02-24 20:03:10.567161
case_346,b,2025-02-24 20:08:10.567161
case_346,c,2025-02-24 20:13:10.567161
case_346,b,2025-02-24 20:18:10.567161
case_346,a,2025-02-24 20:23:10.567161
case_346,c,2025-02-24 20:28:10.567161
case_346,a,2025-02-24 20:33:10.567161
case_346,b,2025-02-24 20:38:10.567161
case_346,c,2025-02-24 20:43:10.567161
case_346,a,2025-02-24 20:48:10.567161
case_346,c,2025-02-24 20:53:10.567161
case_346,a,2025-02-24 20:58:10.567161
case_346,a,2025-02-24 21:03:10.567161
case_347,c,2025-02-24 19:28:10.567190
case_347,b,2025-02-24 19:33:10.567190
case_347,c,2025-02-24 19:38:10.567190
case_347,b,2025-02-24 19:43:10.567190
case_347,b,2025-02-24 19:48:10.567190
case_347,c,2025-02-24 19:53:10.567190
case_347,c,2025-02-24 19:58:10.567190
case_347,a,2025-02-24 20:03:10.567190
case_347,a,2025-02-24 20:08:10.567190
case_347,c,2025-02-24 20:13:10.567190
case_347,a,2025-02-24 20:18:10.567190
case_347,c,2025-02-24 20:23:10.567190
case_347,a,2025-02-24 20:28:10.567190
case_347,c,2025-02-24 20:33:10.567190
case_347,c,2025-02-24 20:38:10.567190
case_347,a,2025-02-24 20:43:10.567190
case_347,a,2025-02-24 20:48:10.567190
case_347,a,2025-02-24 20:53:10.567190
case_347,b,2025-02-24 20:58:10.567190
case_347,a,2025-02-24 21:03:10.567190
case_348,a,2025-02-24 19:28:10.567220
case_348,b,2025-02-24 19:33:10.567220
case_348,b,2025-02-24 19:38:10.567220
case_348,c,2025-02-24 19:43:10.567220
case_348,b,2025-02-24 19:48:10.567220
case_348,b,2025-02-24 19:53:10.567220
case_348,a,2025-02-24 19:58:10.567220
case_348,b,2025-02-24 20:03:10.567220
case_348,c,2025-02-24 20:08:10.567220
case_348,b,2025-02-24 20:13:10.567220
case_348,b,2025-02-24 20:18:10.567220
case_348,c,2025-02-24 20:23:10.567220
case_348,c,2025-02-24 20:28:10.567220
case_348,c,2025-02-24 20:33:10.567220
case_348,a,2025-02-24 20:38:10.567220
case_348,b,2025-02-24 20:43:10.567220
case_348,c,2025-02-24 20:48:10.567220
case_348,a,2025-02-24 20:53:10.567220
case_348,a,2025-02-24 20:58:10.567220
case_348,a,2025-02-24 21:03:10.567220
case_349,c,2025-02-24 19:28:10.567250
case_349,a,2025-02-24 19:33:10.567250
case_349,c,2025-02-24 19:38:10.567250
case_349,b,2025-02-24 19:43:10.567250
case_349,a,2025-02-24 19:48:10.567250
case_349,b,2025-02-24 19:53:10.567250
case_349,c,2025-02-24 19:58:10.567250
case_349,b,2025-02-24 20:03:10.567250
case_349,c,2025-02-24 20:08:10.567250
case_349,b,2025-02-24 20:13:10.567250
case_349,c,2025-02-24 20:18:10.567250
case_349,a,2025-02-24 20:23:10.567250
case_349,b,2025-02-24 20:28:10.567250
case_349,a,2025-02-24 20:33:10.567250
case_349,c,2025-02-24 20:38:10.567250
case_349,a,2025-02-24 20:43:10.567250
case_349,b,2025-02-24 20:48:10.567250
case_349,b,2025-02-24 20:53:10.567250
case_349,a,2025-02-24 20:58:10.567250
case_349,a,2025-02-24 21:03:10.567250
case_350,a,2025-02-24 19:28:10.567279
case_350,a,2025-02-24 19:33:10.567279
case_350,b,2025-02-24 19:38:10.567279
case_350,c,2025-02-24 19:43:10.567279
case_350,c,2025-02-24 19:48:10.567279
case_350,c,2025-02-24 19:53:10.567279
case_350,b,2025-02-24 19:58:10.567279
case_350,b,2025-02-24 20:03:10.567279
case_350,a,2025-02-24 20:08:10.567279
case_350,a,2025-02-24 20:13:10.567279
case_350,c,2025-02-24 20:18:10.567279
case_350,c,2025-02-24 20:23:10.567279
case_350,c,2025-02-24 20:28:10.567279
case_350,a,2025-02-24 20:33:10.567279
case_350,a,2025-02-24 20:38:10.567279
case_350,c,2025-02-24 20:43:10.567279
case_350,c,2025-02-24 20:48:10.567279
case_350,b,2025-02-24 20:53:10.567279
case_350,c,2025-02-24 20:58:10.567279
case_350,a,2025-02-24 21:03:10.567279
case_351,a,2025-02-24 19:28:10.567309
case_351,b,2025-02-24 19:33:10.567309
case_351,c,2025-02-24 19:38:10.567309
case_351,b,2025-02-24 19:43:10.567309
case_351,c,2025-02-24 19:48:10.567309
case_351,b,2025-02-24 19:53:10.567309
case_351,a,2025-02-24 19:58:10.567309
case_351,a,2025-02-24 20:03:10.567309
case_351,a,2025-02-24 20:08:10.567309
case_351,c,2025-02-24 20:13:10.567309
case_351,a,2025-02-24 20:18:10.567309
case_351,c,2025-02-24 20:23:10.567309
case_351,b,2025-02-24 20:28:10.567309
case_351,a,2025-02-24 20:33:10.567309
case_351,b,2025-02-24 20:38:10.567309
case_351,c,2025-02-24 20:43:10.567309
case_351,a,2025-02-24 20:48:10.567309
case_351,b,2025-02-24 20:53:10.567309
case_351,b,2025-02-24 20:58:10.567309
case_351,c,2025-02-24 21:03:10.567309
case_352,b,2025-02-24 19:28:10.567340
case_352,b,2025-02-24 19:33:10.567340
case_352,a,2025-02-24 19:38:10.567340
case_352,a,2025-02-24 19:43:10.567340
case_352,a,2025-02-24 19:48:10.567340
case_352,a,2025-02-24 19:53:10.567340
case_352,b,2025-02-24 19:58:10.567340
case_352,c,2025-02-24 20:03:10.567340
case_352,c,2025-02-24 20:08:10.567340
case_352,a,2025-02-24 20:13:10.567340
case_352,c,2025-02-24 20:18:10.567340
case_352,c,2025-02-24 20:23:10.567340
case_352,c,2025-02-24 20:28:10.567340
case_352,c,2025-02-24 20:33:10.567340
case_352,c,2025-02-24 20:38:10.567340
case_352,b,2025-02-24 20:43:10.567340
case_352,b,2025-02-24 20:48:10.567340
case_352,c,2025-02-24 20:53:10.567340
case_352,b,2025-02-24 20:58:10.567340
case_352,c,2025-02-24 21:03:10.567340
case_353,a,2025-02-24 19:28:10.567371
case_353,c,2025-02-24 19:33:10.567371
case_353,b,2025-02-24 19:38:10.567371
case_353,b,2025-02-24 19:43:10.567371
case_353,b,2025-02-24 19:48:10.567371
case_353,c,2025-02-24 19:53:10.567371
case_353,b,2025-02-24 19:58:10.567371
case_353,b,2025-02-24 20:03:10.567371
case_353,c,2025-02-24 20:08:10.567371
case_353,b,2025-02-24 20:13:10.567371
case_353,a,2025-02-24 20:18:10.567371
case_353,c,2025-02-24 20:23:10.567371
case_353,a,2025-02-24 20:28:10.567371
case_353,b,2025-02-24 20:33:10.567371
case_353,b,2025-02-24 20:38:10.567371
case_353,c,2025-02-24 20:43:10.567371
case_353,c,2025-02-24 20:48:10.567371
case_353,a,2025-02-24 20:53:10.567371
case_353,a,2025-02-24 20:58:10.567371
case_353,a,2025-02-24 21:03:10.567371
case_354,a,2025-02-24 19:28:10.567400
case_354,c,2025-02-24 19:33:10.567400
case_354,b,2025-02-24 19:38:10.567400
case_354,c,2025-02-24 19:43:10.567400
case_354,c,2025-02-24 19:48:10.567400
case_354,a,2025-02-24 19:53:10.567400
case_354,b,2025-02-24 19:58:10.567400
case_354,b,2025-02-24 20:03:10.567400
case_354,b,2025-02-24 20:08:10.567400
case_354,c,2025-02-24 20:13:10.567400
case_354,a,2025-02-24 20:18:10.567400
case_354,a,2025-02-24 20:23:10.567400
case_354,c,2025-02-24 20:28:10.567400
case_354,b,2025-02-24 20:33:10.567400
case_354,c,2025-02-24 20:38:10.567400
case_354,b,2025-02-24 20:43:10.567400
case_354,b,2025-02-24 20:48:10.567400
case_354,c,2025-02-24 20:53:10.567400
case_354,a,2025-02-24 20:58:10.567400
case_354,b,2025-02-24 21:03:10.567400
case_355,c,2025-02-24 19:28:10.567430
case_355,a,2025-02-24 19:33:10.567430
case_355,a,2025-02-24 19:38:10.567430
case_355,b,2025-02-24 19:43:10.567430
case_355,b,2025-02-24 19:48:10.567430
case_355,a,2025-02-24 19:53:10.567430
case_355,b,2025-02-24 19:58:10.567430
case_355,b,2025-02-24 20:03:10.567430
case_355,c,2025-02-24 20:08:10.567430
case_355,c,2025-02-24 20:13:10.567430
case_355,b,2025-02-24 20:18:10.567430
case_355,a,2025-02-24 20:23:10.567430
case_355,c,2025-02-24 20:28:10.567430
case_355,c,2025-02-24 20:33:10.567430
case_355,a,2025-02-24 20:38:10.567430
case_355,c,2025-02-24 20:43:10.567430
case_355,a,2025-02-24 20:48:10.567430
case_355,c,2025-02-24 20:53:10.567430
case_355,a,2025-02-24 20:58:10.567430
case_355,a,2025-02-24 21:03:10.567430
case_356,a,2025-02-24 19:28:10.567460
case_356,b,2025-02-24 19:33:10.567460
case_356,c,2025-02-24 19:38:10.567460
case_356,a,2025-02-24 19:43:10.567460
case_356,a,2025-02-24 19:48:10.567460
case_356,b,2025-02-24 19:53:10.567460
case_356,c,2025-02-24 19:58:10.567460
case_356,a,2025-02-24 20:03:10.567460
case_356,c,2025-02-24 20:08:10.567460
case_356,a,2025-02-24 20:13:10.567460
case_356,a,2025-02-24 20:18:10.567460
case_356,a,2025-02-24 20:23:10.567460
case_356,b,2025-02-24 20:28:10.567460
case_356,b,2025-02-24 20:33:10.567460
case_356,a,2025-02-24 20:38:10.567460
case_356,b,2025-02-24 20:43:10.567460
case_356,c,2025-02-24 20:48:10.567460
case_356,a,2025-02-24 20:53:10.567460
case_356,a,2025-02-24 20:58:10.567460
case_356,c,2025-02-24 21:03:10.567460
case_357,a,2025-02-24 19:28:10.567490
case_357,b,2025-02-24 19:33:10.567490
case_357,c,2025-02-24 19:38:10.567490
case_357,c,2025-02-24 19:43:10.567490
case_357,c,2025-02-24 19:48:10.567490
case_357,a,2025-02-24 19:53:10.567490
case_357,a,2025-02-24 19:58:10.567490
case_357,b,2025-02-24 20:03:10.567490
case_357,c,2025-02-24 20:08:10.567490
case_357,c,2025-02-24 20:13:10.567490
case_357,c,2025-02-24 20:18:10.567490
case_357,b,2025-02-24 20:23:10.567490
case_357,a,2025-02-24 20:28:10.567490
case_357,a,2025-02-24 20:33:10.567490
case_357,b,2025-02-24 20:38:10.567490
case_357,a,2025-02-24 20:43:10.567490
case_357,a,2025-02-24 20:48:10.567490
case_357,b,2025-02-24 20:53:10.567490
case_357,b,2025-02-24 20:58:10.567490
case_357,a,2025-02-24 21:03:10.567490
case_358,c,2025-02-24 19:28:10.567520
case_358,c,2025-02-24 19:33:10.567520
case_358,c,2025-02-24 19:38:10.567520
case_358,a,2025-02-24 19:43:10.567520
case_358,b,2025-02-24 19:48:10.567520
case_358,a,2025-02-24 19:53:10.567520
case_358,b,2025-02-24 19:58:10.567520
case_358,a,2025-02-24 20:03:10.567520
case_358,c,2025-02-24 20:08:10.567520
case_358,c,2025-02-24 20:13:10.567520
case_358,b,2025-02-24 20:18:10.567520
case_358,a,2025-02-24 20:23:10.567520
case_358,c,2025-02-24 20:28:10.567520
case_358,c,2025-02-24 20:33:10.567520
case_358,b,2025-02-24 20:38:10.567520
case_358,b,2025-02-24 20:43:10.567520
case_358,a,2025-02-24 20:48:10.567520
case_358,c,2025-02-24 20:53:10.567520
case_358,a,2025-02-24 20:58:10.567520
case_358,a,2025-02-24 21:03:10.567520
case_359,c,2025-02-24 19:28:10.567550
case_359,c,2025-02-24 19:33:10.567550
case_359,a,2025-02-24 19:38:10.567550
case_359,a,2025-02-24 19:43:10.567550
case_359,a,2025-02-24 19:48:10.567550
case_359,b,2025-02-24 19:53:10.567550
case_359,b,2025-02-24 19:58:10.567550
case_359,b,2025-02-24 20:03:10.567550
case_359,a,2025-02-24 20:08:10.567550
case_359,b,2025-02-24 20:13:10.567550
case_359,a,2025-02-24 20:18:10.567550
case_359,b,2025-02-24 20:23:10.567550
case_359,b,2025-02-24 20:28:10.567550
case_359,c,2025-02-24 20:33:10.567550
case_359,c,2025-02-24 20:38:10.567550
case_359,b,2025-02-24 20:43:10.567550
case_359,c,2025-02-24 20:48:10.567550
case_359,a,2025-02-24 20:53:10.567550
case_359,c,2025-02-24 20:58:10.567550
case_359,c,2025-02-24 21:03:10.567550
case_360,b,2025-02-24 19:28:10.567580
case_360,b,2025-02-24 19:33:10.567580
case_360,a,2025-02-24 19:38:10.567580
case_360,b,2025-02-24 19:43:10.567580
case_360,a,2025-02-24 19:48:10.567580
case_360,c,2025-02-24 19:53:10.567580
case_360,c,2025-02-24 19:58:10.567580
case_360,a,2025-02-24 20:03:10.567580
case_360,a,2025-02-24 20:08:10.567580
case_360,c,2025-02-24 20:13:10.567580
case_360,a,2025-02-24 20:18:10.567580
case_360,a,2025-02-24 20:23:10.567580
case_360,b,2025-02-24 20:28:10.567580
case_360,b,2025-02-24 20:33:10.567580
case_360,c,2025-02-24 20:38:10.567580
case_360,c,2025-02-24 20:43:10.567580
case_360,a,2025-02-24 20:48:10.567580
case_360,b,2025-02-24 20:53:10.567580
case_360,c,2025-02-24 20:58:10.567580
case_360,a,2025-02-24 21:03:10.567580
case_361,c,2025-02-24 19:28:10.567610
case_361,c,2025-02-24 19:33:10.567610
case_361,b,2025-02-24 19:38:10.567610
case_361,b,2025-02-24 19:43:10.567610
case_361,c,2025-02-24 19:48:10.567610
case_361,c,2025-02-24 19:53:10.567610
case_361,a,2025-02-24 19:58:10.567610
case_361,c,2025-02-24 20:03:10.567610
case_361,a,2025-02-24 20:08:10.567610
case_361,c,2025-02-24 20:13:10.567610
case_361,c,2025-02-24 20:18:10.567610
case_361,a,2025-02-24 20:23:10.567610
case_361,c,2025-02-24 20:28:10.567610
case_361,b,2025-02-24 20:33:10.567610
case_361,a,2025-02-24 20:38:10.567610
case_361,b,2025-02-24 20:43:10.567610
case_361,c,2025-02-24 20:48:10.567610
case_361,b,2025-02-24 20:53:10.567610
case_361,a,2025-02-24 20:58:10.567610
case_361,a,2025-02-24 21:03:10.567610
case_362,c,2025-02-24 19:28:10.567640
case_362,a,2025-02-24 19:33:10.567640
case_362,b,2025-02-24 19:38:10.567640
case_362,b,2025-02-24 19:43:10.567640
case_362,c,2025-02-24 19:48:10.567640
case_362,b,2025-02-24 19:53:10.567640
case_362,b,2025-02-24 19:58:10.567640
case_362,a,2025-02-24 20:03:10.567640
case_362,b,2025-02-24 20:08:10.567640
case_362,a,2025-02-24 20:13:10.567640
case_362,c,2025-02-24 20:18:10.567640
case_362,a,2025-02-24 20:23:10.567640
case_362,b,2025-02-24 20:28:10.567640
case_362,a,2025-02-24 20:33:10.567640
case_362,c,2025-02-24 20:38:10.567640
case_362,c,2025-02-24 20:43:10.567640
case_362,b,2025-02-24 20:48:10.567640
case_362,b,2025-02-24 20:53:10.567640
case_362,a,2025-02-24 20:58:10.567640
case_362,a,2025-02-24 21:03:10.567640
case_363,c,2025-02-24 19:28:10.567670
case_363,c,2025-02-24 19:33:10.567670
case_363,a,2025-02-24 19:38:10.567670
case_363,a,2025-02-24 19:43:10.567670
case_363,c,2025-02-24 19:48:10.567670
case_363,c,2025-02-24 19:53:10.567670
case_363,a,2025-02-24 19:58:10.567670
case_363,b,2025-02-24 20:03:10.567670
case_363,a,2025-02-24 20:08:10.567670
case_363,a,2025-02-24 20:13:10.567670
case_363,a,2025-02-24 20:18:10.567670
case_363,b,2025-02-24 20:23:10.567670
case_363,a,2025-02-24 20:28:10.567670
case_363,c,2025-02-24 20:33:10.567670
case_363,c,2025-02-24 20:38:10.567670
case_363,c,2025-02-24 20:43:10.567670
case_363,c,2025-02-24 20:48:10.567670
case_363,a,2025-02-24 20:53:10.567670
case_363,b,2025-02-24 20:58:10.567670
case_363,b,2025-02-24 21:03:10.567670
case_364,b,2025-02-24 19:28:10.567700
case_364,a,2025-02-24 19:33:10.567700
case_364,c,2025-02-24 19:38:10.567700
case_364,a,2025-02-24 19:43:10.567700
case_364,a,2025-02-24 19:48:10.567700
case_364,a,2025-02-24 19:53:10.567700
case_364,b,2025-02-24 19:58:10.567700
case_364,c,2025-02-24 20:03:10.567700
case_364,a,2025-02-24 20:08:10.567700
case_364,c,2025-02-24 20:13:10.567700
case_364,b,2025-02-24 20:18:10.567700
case_364,c,2025-02-24 20:23:10.567700
case_364,a,2025-02-24 20:28:10.567700
case_364,a,2025-02-24 20:33:10.567700
case_364,b,2025-02-24 20:38:10.567700
case_364,a,2025-02-24 20:43:10.567700
case_364,c,2025-02-24 20:48:10.567700
case_364,b,2025-02-24 20:53:10.567700
case_364,c,2025-02-24 20:58:10.567700
case_364,b,2025-02-24 21:03:10.567700
case_365,c,2025-02-24 19:28:10.567730
case_365,a,2025-02-24 19:33:10.567730
case_365,a,2025-02-24 19:38:10.567730
case_365,b,2025-02-24 19:43:10.567730
case_365,c,2025-02-24 19:48:10.567730
case_365,a,2025-02-24 19:53:10.567730
case_365,c,2025-02-24 19:58:10.567730
case_365,c,2025-02-24 20:03:10.567730
case_365,c,2025-02-24 20:08:10.567730
case_365,a,2025-02-24 20:13:10.567730
case_365,c,2025-02-24 20:18:10.567730
case_365,c,2025-02-24 20:23:10.567730
case_365,c,2025-02-24 20:28:10.567730
case_365,a,2025-02-24 20:33:10.567730
case_365,c,2025-02-24 20:38:10.567730
case_365,c,2025-02-24 20:43:10.567730
case_365,c,2025-02-24 20:48:10.567730
case_365,a,2025-02-24 20:53:10.567730
case_365,b,2025-02-24 20:58:10.567730
case_365,b,2025-02-24 21:03:10.567730
case_366,b,2025-02-24 19:28:10.567759
case_366,a,2025-02-24 19:33:10.567759
case_366,b,2025-02-24 19:38:10.567759
case_366,b,2025-02-24 19:43:10.567759
case_366,b,2025-02-24 19:48:10.567759
case_366,b,2025-02-24 19:53:10.567759
case_366,a,2025-02-24 19:58:10.567759
case_366,b,2025-02-24 20:03:10.567759
case_366,b,2025-02-24 20:08:10.567759
case_366,a,2025-02-24 20:13:10.567759
case_366,c,2025-02-24 20:18:10.567759
case_366,c,2025-02-24 20:23:10.567759
case_366,c,2025-02-24 20:28:10.567759
case_366,b,2025-02-24 20:33:10.567759
case_366,a,2025-02-24 20:38:10.567759
case_366,a,2025-02-24 20:43:10.567759
case_366,a,2025-02-24 20:48:10.567759
case_366,b,2025-02-24 20:53:10.567759
case_366,b,2025-02-24 20:58:10.567759
case_366,a,2025-02-24 21:03:10.567759
case_367,c,2025-02-24 19:28:10.567790
case_367,b,2025-02-24 19:33:10.567790
case_367,b,2025-02-24 19:38:10.567790
case_367,a,2025-02-24 19:43:10.567790
case_367,b,2025-02-24 19:48:10.567790
case_367,a,2025-02-24 19:53:10.567790
case_367,c,2025-02-24 19:58:10.567790
case_367,c,2025-02-24 20:03:10.567790
case_367,a,2025-02-24 20:08:10.567790
case_367,a,2025-02-24 20:13:10.567790
case_367,b,2025-02-24 20:18:10.567790
case_367,c,2025-02-24 20:23:10.567790
case_367,b,2025-02-24 20:28:10.567790
case_367,a,2025-02-24 20:33:10.567790
case_367,c,2025-02-24 20:38:10.567790
case_367,a,2025-02-24 20:43:10.567790
case_367,b,2025-02-24 20:48:10.567790
case_367,a,2025-02-24 20:53:10.567790
case_367,a,2025-02-24 20:58:10.567790
case_367,c,2025-02-24 21:03:10.567790
case_368,a,2025-02-24 19:28:10.567820
case_368,b,2025-02-24 19:33:10.567820
case_368,c,2025-02-24 19:38:10.567820
case_368,c,2025-02-24 19:43:10.567820
case_368,c,2025-02-24 19:48:10.567820
case_368,b,2025-02-24 19:53:10.567820
case_368,a,2025-02-24 19:58:10.567820
case_368,a,2025-02-24 20:03:10.567820
case_368,a,2025-02-24 20:08:10.567820
case_368,b,2025-02-24 20:13:10.567820
case_368,a,2025-02-24 20:18:10.567820
case_368,c,2025-02-24 20:23:10.567820
case_368,a,2025-02-24 20:28:10.567820
case_368,b,2025-02-24 20:33:10.567820
case_368,c,2025-02-24 20:38:10.567820
case_368,b,2025-02-24 20:43:10.567820
case_368,a,2025-02-24 20:48:10.567820
case_368,b,2025-02-24 20:53:10.567820
case_368,b,2025-02-24 20:58:10.567820
case_368,a,2025-02-24 21:03:10.567820
case_369,a,2025-02-24 19:28:10.567850
case_369,b,2025-02-24 19:33:10.567850
case_369,b,2025-02-24 19:38:10.567850
case_369,b,2025-02-24 19:43:10.567850
case_369,a,2025-02-24 19:48:10.567850
case_369,a,2025-02-24 19:53:10.567850
case_369,b,2025-02-24 19:58:10.567850
case_369,b,2025-02-24 20:03:10.567850
case_369,a,2025-02-24 20:08:10.567850
case_369,b,2025-02-24 20:13:10.567850
case_369,c,2025-02-24 20:18:10.567850
case_369,a,2025-02-24 20:23:10.567850
case_369,b,2025-02-24 20:28:10.567850
case_369,b,2025-02-24 20:33:10.567850
case_369,a,2025-02-24 20:38:10.567850
case_369,a,2025-02-24 20:43:10.567850
case_369,c,2025-02-24 20:48:10.567850
case_369,a,2025-02-24 20:53:10.567850
case_369,c,2025-02-24 20:58:10.567850
case_369,c,2025-02-24 21:03:10.567850
case_370,a,2025-02-24 19:28:10.567880
case_370,c,2025-02-24 19:33:10.567880
case_370,c,2025-02-24 19:38:10.567880
case_370,a,2025-02-24 19:43:10.567880
case_370,b,2025-02-24 19:48:10.567880
case_370,b,2025-02-24 19:53:10.567880
case_370,c,2025-02-24 19:58:10.567880
case_370,b,2025-02-24 20:03:10.567880
case_370,a,2025-02-24 20:08:10.567880
case_370,c,2025-02-24 20:13:10.567880
case_370,b,2025-02-24 20:18:10.567880
case_370,c,2025-02-24 20:23:10.567880
case_370,a,2025-02-24 20:28:10.567880
case_370,b,2025-02-24 20:33:10.567880
case_370,a,2025-02-24 20:38:10.567880
case_370,b,2025-02-24 20:43:10.567880
case_370,c,2025-02-24 20:48:10.567880
case_370,a,2025-02-24 20:53:10.567880
case_370,a,2025-02-24 20:58:10.567880
case_370,c,2025-02-24 21:03:10.567880
case_371,c,2025-02-24 19:28:10.567910
case_371,a,2025-02-24 19:33:10.567910
case_371,a,2025-02-24 19:38:10.567910
case_371,c,2025-02-24 19:43:10.567910
case_371,b,2025-02-24 19:48:10.567910
case_371,b,2025-02-24 19:53:10.567910
case_371,c,2025-02-24 19:58:10.567910
case_371,a,2025-02-24 20:03:10.567910
case_371,c,2025-02-24 20:08:10.567910
case_371,c,2025-02-24 20:13:10.567910
case_371,a,2025-02-24 20:18:10.567910
case_371,c,2025-02-24 20:23:10.567910
case_371,c,2025-02-24 20:28:10.567910
case_371,b,2025-02-24 20:33:10.567910
case_371,b,2025-02-24 20:38:10.567910
case_371,b,2025-02-24 20:43:10.567910
case_371,c,2025-02-24 20:48:10.567910
case_371,c,2025-02-24 20:53:10.567910
case_371,c,2025-02-24 20:58:10.567910
case_371,b,2025-02-24 21:03:10.567910
case_372,a,2025-02-24 19:28:10.567940
case_372,c,2025-02-24 19:33:10.567940
case_372,a,2025-02-24 19:38:10.567940
case_372,a,2025-02-24 19:43:10.567940
case_372,b,2025-02-24 19:48:10.567940
case_372,b,2025-02-24 19:53:10.567940
case_372,b,2025-02-24 19:58:10.567940
case_372,b,2025-02-24 20:03:10.567940
case_372,b,2025-02-24 20:08:10.567940
case_372,c,2025-02-24 20:13:10.567940
case_372,a,2025-02-24 20:18:10.567940
case_372,b,2025-02-24 20:23:10.567940
case_372,c,2025-02-24 20:28:10.567940
case_372,c,2025-02-24 20:33:10.567940
case_372,c,2025-02-24 20:38:10.567940
case_372,a,2025-02-24 20:43:10.567940
case_372,b,2025-02-24 20:48:10.567940
case_372,c,2025-02-24 20:53:10.567940
case_372,b,2025-02-24 20:58:10.567940
case_372,b,2025-02-24 21:03:10.567940
case_373,a,2025-02-24 19:28:10.567970
case_373,b,2025-02-24 19:33:10.567970
case_373,a,2025-02-24 19:38:10.567970
case_373,b,2025-02-24 19:43:10.567970
case_373,a,2025-02-24 19:48:10.567970
case_373,b,2025-02-24 19:53:10.567970
case_373,c,2025-02-24 19:58:10.567970
case_373,a,2025-02-24 20:03:10.567970
case_373,a,2025-02-24 20:08:10.567970
case_373,a,2025-02-24 20:13:10.567970
case_373,a,2025-02-24 20:18:10.567970
case_373,c,2025-02-24 20:23:10.567970
case_373,c,2025-02-24 20:28:10.567970
case_373,a,2025-02-24 20:33:10.567970
case_373,b,2025-02-24 20:38:10.567970
case_373,c,2025-02-24 20:43:10.567970
case_373,b,2025-02-24 20:48:10.567970
case_373,a,2025-02-24 20:53:10.567970
case_373,b,2025-02-24 20:58:10.567970
case_373,b,2025-02-24 21:03:10.567970
case_374,a,2025-02-24 19:28:10.568002
case_374,c,2025-02-24 19:33:10.568002
case_374,a,2025-02-24 19:38:10.568002
case_374,c,2025-02-24 19:43:10.568002
case_374,a,2025-02-24 19:48:10.568002
case_374,a,2025-02-24 19:53:10.568002
case_374,c,2025-02-24 19:58:10.568002
case_374,a,2025-02-24 20:03:10.568002
case_374,c,2025-02-24 20:08:10.568002
case_374,b,2025-02-24 20:13:10.568002
case_374,b,2025-02-24 20:18:10.568002
case_374,c,2025-02-24 20:23:10.568002
case_374,a,2025-02-24 20:28:10.568002
case_374,a,2025-02-24 20:33:10.568002
case_374,c,2025-02-24 20:38:10.568002
case_374,c,2025-02-24 20:43:10.568002
case_374,c,2025-02-24 20:48:10.568002
case_374,c,2025-02-24 20:53:10.568002
case_374,a,2025-02-24 20:58:10.568002
case_374,a,2025-02-24 21:03:10.568002
case_375,a,2025-02-24 19:28:10.568032
case_375,a,2025-02-24 19:33:10.568032
case_375,c,2025-02-24 19:38:10.568032
case_375,b,2025-02-24 19:43:10.568032
case_375,c,2025-02-24 19:48:10.568032
case_375,c,2025-02-24 19:53:10.568032
case_375,b,2025-02-24 19:58:10.568032
case_375,b,2025-02-24 20:03:10.568032
case_375,b,2025-02-24 20:08:10.568032
case_375,a,2025-02-24 20:13:10.568032
case_375,a,2025-02-24 20:18:10.568032
case_375,c,2025-02-24 20:23:10.568032
case_375,a,2025-02-24 20:28:10.568032
case_375,b,2025-02-24 20:33:10.568032
case_375,b,2025-02-24 20:38:10.568032
case_375,c,2025-02-24 20:43:10.568032
case_375,a,2025-02-24 20:48:10.568032
case_375,a,2025-02-24 20:53:10.568032
case_375,c,2025-02-24 20:58:10.568032
case_375,c,2025-02-24 21:03:10.568032
case_376,b,2025-02-24 19:28:10.568061
case_376,a,2025-02-24 19:33:10.568061
case_376,b,2025-02-24 19:38:10.568061
case_376,b,2025-02-24 19:43:10.568061
case_376,b,2025-02-24 19:48:10.568061
case_376,a,2025-02-24 19:53:10.568061
case_376,a,2025-02-24 19:58:10.568061
case_376,a,2025-02-24 20:03:10.568061
case_376,c,2025-02-24 20:08:10.568061
case_376,b,2025-02-24 20:13:10.568061
case_376,c,2025-02-24 20:18:10.568061
case_376,a,2025-02-24 20:23:10.568061
case_376,a,2025-02-24 20:28:10.568061
case_376,c,2025-02-24 20:33:10.568061
case_376,b,2025-02-24 20:38:10.568061
case_376,c,2025-02-24 20:43:10.568061
case_376,c,2025-02-24 20:48:10.568061
case_376,b,2025-02-24 20:53:10.568061
case_376,a,2025-02-24 20:58:10.568061
case_376,c,2025-02-24 21:03:10.568061
case_377,c,2025-02-24 19:28:10.568092
case_377,c,2025-02-24 19:33:10.568092
case_377,c,2025-02-24 19:38:10.568092
case_377,c,2025-02-24 19:43:10.568092
case_377,c,2025-02-24 19:48:10.568092
case_377,b,2025-02-24 19:53:10.568092
case_377,c,2025-02-24 19:58:10.568092
case_377,c,2025-02-24 20:03:10.568092
case_377,c,2025-02-24 20:08:10.568092
case_377,b,2025-02-24 20:13:10.568092
case_377,a,2025-02-24 20:18:10.568092
case_377,b,2025-02-24 20:23:10.568092
case_377,b,2025-02-24 20:28:10.568092
case_377,a,2025-02-24 20:33:10.568092
case_377,a,2025-02-24 20:38:10.568092
case_377,b,2025-02-24 20:43:10.568092
case_377,c,2025-02-24 20:48:10.568092
case_377,b,2025-02-24 20:53:10.568092
case_377,a,2025-02-24 20:58:10.568092
case_377,c,2025-02-24 21:03:10.568092
case_378,c,2025-02-24 19:28:10.568121
case_378,a,2025-02-24 19:33:10.568121
case_378,a,2025-02-24 19:38:10.568121
case_378,c,2025-02-24 19:43:10.568121
case_378,a,2025-02-24 19:48:10.568121
case_378,c,2025-02-24 19:53:10.568121
case_378,a,2025-02-24 19:58:10.568121
case_378,b,2025-02-24 20:03:10.568121
case_378,a,2025-02-24 20:08:10.568121
case_378,c,2025-02-24 20:13:10.568121
case_378,a,2025-02-24 20:18:10.568121
case_378,b,2025-02-24 20:23:10.568121
case_378,a,2025-02-24 20:28:10.568121
case_378,a,2025-02-24 20:33:10.568121
case_378,a,2025-02-24 20:38:10.568121
case_378,b,2025-02-24 20:43:10.568121
case_378,b,2025-02-24 20:48:10.568121
case_378,b,2025-02-24 20:53:10.568121
case_378,a,2025-02-24 20:58:10.568121
case_378,a,2025-02-24 21:03:10.568121
case_379,b,2025-02-24 19:28:10.568152
case_379,a,2025-02-24 19:33:10.568152
case_379,a,2025-02-24 19:38:10.568152
case_379,c,2025-02-24 19:43:10.568152
case_379,c,2025-02-24 19:48:10.568152
case_379,b,2025-02-24 19:53:10.568152
case_379,a,2025-02-24 19:58:10.568152
case_379,b,2025-02-24 20:03:10.568152
case_379,a,2025-02-24 20:08:10.568152
case_379,a,2025-02-24 20:13:10.568152
case_379,a,2025-02-24 20:18:10.568152
case_379,b,2025-02-24 20:23:10.568152
case_379,a,2025-02-24 20:28:10.568152
case_379,c,2025-02-24 20:33:10.568152
case_379,c,2025-02-24 20:38:10.568152
case_379,c,2025-02-24 20:43:10.568152
case_379,a,2025-02-24 20:48:10.568152
case_379,a,2025-02-24 20:53:10.568152
case_379,c,2025-02-24 20:58:10.568152
case_379,b,2025-02-24 21:03:10.568152
case_380,b,2025-02-24 19:28:10.568182
case_380,b,2025-02-24 19:33:10.568182
case_380,a,2025-02-24 19:38:10.568182
case_380,c,2025-02-24 19:43:10.568182
case_380,a,2025-02-24 19:48:10.568182
case_380,c,2025-02-24 19:53:10.568182
case_380,c,2025-02-24 19:58:10.568182
case_380,c,2025-02-24 20:03:10.568182
case_380,c,2025-02-24 20:08:10.568182
case_380,b,2025-02-24 20:13:10.568182
case_380,b,2025-02-24 20:18:10.568182
case_380,c,2025-02-24 20:23:10.568182
case_380,b,2025-02-24 20:28:10.568182
case_380,a,2025-02-24 20:33:10.568182
case_380,b,2025-02-24 20:38:10.568182
case_380,c,2025-02-24 20:43:10.568182
case_380,c,2025-02-24 20:48:10.568182
case_380,b,2025-02-24 20:53:10.568182
case_380,a,2025-02-24 20:58:10.568182
case_380,a,2025-02-24 21:03:10.568182
case_381,a,2025-02-24 19:28:10.568211
case_381,b,2025-02-24 19:33:10.568211
case_381,b,2025-02-24 19:38:10.568211
case_381,c,2025-02-24 19:43:10.568211
case_381,b,2025-02-24 19:48:10.568211
case_381,b,2025-02-24 19:53:10.568211
case_381,a,2025-02-24 19:58:10.568211
case_381,b,2025-02-24 20:03:10.568211
case_381,c,2025-02-24 20:08:10.568211
case_381,c,2025-02-24 20:13:10.568211
case_381,a,2025-02-24 20:18:10.568211
case_381,c,2025-02-24 20:23:10.568211
case_381,c,2025-02-24 20:28:10.568211
case_381,c,2025-02-24 20:33:10.568211
case_381,b,2025-02-24 20:38:10.568211
case_381,b,2025-02-24 20:43:10.568211
case_381,a,2025-02-24 20:48:10.568211
case_381,a,2025-02-24 20:53:10.568211
case_381,c,2025-02-24 20:58:10.568211
case_381,b,2025-02-24 21:03:10.568211
case_382,b,2025-02-24 19:28:10.568241
case_382,c,2025-02-24 19:33:10.568241
case_382,a,2025-02-24 19:38:10.568241
case_382,a,2025-02-24 19:43:10.568241
case_382,c,2025-02-24 19:48:10.568241
case_382,c,2025-02-24 19:53:10.568241
case_382,b,2025-02-24 19:58:10.568241
case_382,a,2025-02-24 20:03:10.568241
case_382,a,2025-02-24 20:08:10.568241
case_382,a,2025-02-24 20:13:10.568241
case_382,c,2025-02-24 20:18:10.568241
case_382,a,2025-02-24 20:23:10.568241
case_382,b,2025-02-24 20:28:10.568241
case_382,a,2025-02-24 20:33:10.568241
case_382,a,2025-02-24 20:38:10.568241
case_382,a,2025-02-24 20:43:10.568241
case_382,b,2025-02-24 20:48:10.568241
case_382,a,2025-02-24 20:53:10.568241
case_382,b,2025-02-24 20:58:10.568241
case_382,a,2025-02-24 21:03:10.568241
case_383,c,2025-02-24 19:28:10.568271
case_383,a,2025-02-24 19:33:10.568271
case_383,a,2025-02-24 19:38:10.568271
case_383,a,2025-02-24 19:43:10.568271
case_383,a,2025-02-24 19:48:10.568271
case_383,a,2025-02-24 19:53:10.568271
case_383,a,2025-02-24 19:58:10.568271
case_383,c,2025-02-24 20:03:10.568271
case_383,c,2025-02-24 20:08:10.568271
case_383,b,2025-02-24 20:13:10.568271
case_383,c,2025-02-24 20:18:10.568271
case_383,c,2025-02-24 20:23:10.568271
case_383,a,2025-02-24 20:28:10.568271
case_383,b,2025-02-24 20:33:10.568271
case_383,a,2025-02-24 20:38:10.568271
case_383,b,2025-02-24 20:43:10.568271
case_383,c,2025-02-24 20:48:10.568271
case_383,a,2025-02-24 20:53:10.568271
case_383,b,2025-02-24 20:58:10.568271
case_383,b,2025-02-24 21:03:10.568271
case_384,b,2025-02-24 19:28:10.568301
case_384,b,2025-02-24 19:33:10.568301
case_384,c,2025-02-24 19:38:10.568301
case_384,c,2025-02-24 19:43:10.568301
case_384,a,2025-02-24 19:48:10.568301
case_384,a,2025-02-24 19:53:10.568301
case_384,a,2025-02-24 19:58:10.568301
case_384,c,2025-02-24 20:03:10.568301
case_384,c,2025-02-24 20:08:10.568301
case_384,c,2025-02-24 20:13:10.568301
case_384,b,2025-02-24 20:18:10.568301
case_384,a,2025-02-24 20:23:10.568301
case_384,a,2025-02-24 20:28:10.568301
case_384,a,2025-02-24 20:33:10.568301
case_384,a,2025-02-24 20:38:10.568301
case_384,b,2025-02-24 20:43:10.568301
case_384,a,2025-02-24 20:48:10.568301
case_384,c,2025-02-24 20:53:10.568301
case_384,a,2025-02-24 20:58:10.568301
case_384,a,2025-02-24 21:03:10.568301
case_385,b,2025-02-24 19:28:10.568333
case_385,a,2025-02-24 19:33:10.568333
case_385,b,2025-02-24 19:38:10.568333
case_385,b,2025-02-24 19:43:10.568333
case_385,c,2025-02-24 19:48:10.568333
case_385,a,2025-02-24 19:53:10.568333
case_385,c,2025-02-24 19:58:10.568333
case_385,c,2025-02-24 20:03:10.568333
case_385,a,2025-02-24 20:08:10.568333
case_385,c,2025-02-24 20:13:10.568333
case_385,b,2025-02-24 20:18:10.568333
case_385,b,2025-02-24 20:23:10.568333
case_385,c,2025-02-24 20:28:10.568333
case_385,b,2025-02-24 20:33:10.568333
case_385,a,2025-02-24 20:38:10.568333
case_385,a,2025-02-24 20:43:10.568333
case_385,c,2025-02-24 20:48:10.568333
case_385,b,2025-02-24 20:53:10.568333
case_385,a,2025-02-24 20:58:10.568333
case_385,b,2025-02-24 21:03:10.568333
case_386,a,2025-02-24 19:28:10.568363
case_386,c,2025-02-24 19:33:10.568363
case_386,a,2025-02-24 19:38:10.568363
case_386,c,2025-02-24 19:43:10.568363
case_386,b,2025-02-24 19:48:10.568363
case_386,b,2025-02-24 19:53:10.568363
case_386,b,2025-02-24 19:58:10.568363
case_386,b,2025-02-24 20:03:10.568363
case_386,a,2025-02-24 20:08:10.568363
case_386,a,2025-02-24 20:13:10.568363
case_386,c,2025-02-24 20:18:10.568363
case_386,b,2025-02-24 20:23:10.568363
case_386,c,2025-02-24 20:28:10.568363
case_386,b,2025-02-24 20:33:10.568363
case_386,c,2025-02-24 20:38:10.568363
case_386,b,2025-02-24 20:43:10.568363
case_386,a,2025-02-24 20:48:10.568363
case_386,b,2025-02-24 20:53:10.568363
case_386,c,2025-02-24 20:58:10.568363
case_386,a,2025-02-24 21:03:10.568363
case_387,b,2025-02-24 19:28:10.568393
case_387,c,2025-02-24 19:33:10.568393
case_387,c,2025-02-24 19:38:10.568393
case_387,a,2025-02-24 19:43:10.568393
case_387,b,2025-02-24 19:48:10.568393
case_387,a,2025-02-24 19:53:10.568393
case_387,c,2025-02-24 19:58:10.568393
case_387,b,2025-02-24 20:03:10.568393
case_387,b,2025-02-24 20:08:10.568393
case_387,a,2025-02-24 20:13:10.568393
case_387,a,2025-02-24 20:18:10.568393
case_387,b,2025-02-24 20:23:10.568393
case_387,a,2025-02-24 20:28:10.568393
case_387,a,2025-02-24 20:33:10.568393
case_387,c,2025-02-24 20:38:10.568393
case_387,b,2025-02-24 20:43:10.568393
case_387,a,2025-02-24 20:48:10.568393
case_387,c,2025-02-24 20:53:10.568393
case_387,c,2025-02-24 20:58:10.568393
case_387,b,2025-02-24 21:03:10.568393
case_388,c,2025-02-24 19:28:10.568424
case_388,b,2025-02-24 19:33:10.568424
case_388,b,2025-02-24 19:38:10.568424
case_388,b,2025-02-24 19:43:10.568424
case_388,b,2025-02-24 19:48:10.568424
case_388,a,2025-02-24 19:53:10.568424
case_388,c,2025-02-24 19:58:10.568424
case_388,b,2025-02-24 20:03:10.568424
case_388,b,2025-02-24 20:08:10.568424
case_388,c,2025-02-24 20:13:10.568424
case_388,a,2025-02-24 20:18:10.568424
case_388,a,2025-02-24 20:23:10.568424
case_388,a,2025-02-24 20:28:10.568424
case_388,b,2025-02-24 20:33:10.568424
case_388,b,2025-02-24 20:38:10.568424
case_388,b,2025-02-24 20:43:10.568424
case_388,c,2025-02-24 20:48:10.568424
case_388,b,2025-02-24 20:53:10.568424
case_388,c,2025-02-24 20:58:10.568424
case_388,c,2025-02-24 21:03:10.568424
case_389,a,2025-02-24 19:28:10.568454
case_389,b,2025-02-24 19:33:10.568454
case_389,a,2025-02-24 19:38:10.568454
case_389,b,2025-02-24 19:43:10.568454
case_389,b,2025-02-24 19:48:10.568454
case_389,b,2025-02-24 19:53:10.568454
case_389,a,2025-02-24 19:58:10.568454
case_389,b,2025-02-24 20:03:10.568454
case_389,b,2025-02-24 20:08:10.568454
case_389,c,2025-02-24 20:13:10.568454
case_389,c,2025-02-24 20:18:10.568454
case_389,a,2025-02-24 20:23:10.568454
case_389,b,2025-02-24 20:28:10.568454
case_389,a,2025-02-24 20:33:10.568454
case_389,c,2025-02-24 20:38:10.568454
case_389,b,2025-02-24 20:43:10.568454
case_389,b,2025-02-24 20:48:10.568454
case_389,c,2025-02-24 20:53:10.568454
case_389,a,2025-02-24 20:58:10.568454
case_389,a,2025-02-24 21:03:10.568454
case_390,a,2025-02-24 19:28:10.568485
case_390,c,2025-02-24 19:33:10.568485
case_390,a,2025-02-24 19:38:10.568485
case_390,b,2025-02-24 19:43:10.568485
case_390,a,2025-02-24 19:48:10.568485
case_390,a,2025-02-24 19:53:10.568485
case_390,c,2025-02-24 19:58:10.568485
case_390,a,2025-02-24 20:03:10.568485
case_390,c,2025-02-24 20:08:10.568485
case_390,c,2025-02-24 20:13:10.568485
case_390,a,2025-02-24 20:18:10.568485
case_390,a,2025-02-24 20:23:10.568485
case_390,c,2025-02-24 20:28:10.568485
case_390,c,2025-02-24 20:33:10.568485
case_390,b,2025-02-24 20:38:10.568485
case_390,c,2025-02-24 20:43:10.568485
case_390,b,2025-02-24 20:48:10.568485
case_390,a,2025-02-24 20:53:10.568485
case_390,b,2025-02-24 20:58:10.568485
case_390,b,2025-02-24 21:03:10.568485
case_391,a,2025-02-24 19:28:10.568515
case_391,b,2025-02-24 19:33:10.568515
case_391,a,2025-02-24 19:38:10.568515
case_391,b,2025-02-24 19:43:10.568515
case_391,c,2025-02-24 19:48:10.568515
case_391,a,2025-02-24 19:53:10.568515
case_391,b,2025-02-24 19:58:10.568515
case_391,b,2025-02-24 20:03:10.568515
case_391,b,2025-02-24 20:08:10.568515
case_391,b,2025-02-24 20:13:10.568515
case_391,c,2025-02-24 20:18:10.568515
case_391,b,2025-02-24 20:23:10.568515
case_391,c,2025-02-24 20:28:10.568515
case_391,a,2025-02-24 20:33:10.568515
case_391,c,2025-02-24 20:38:10.568515
case_391,c,2025-02-24 20:43:10.568515
case_391,b,2025-02-24 20:48:10.568515
case_391,a,2025-02-24 20:53:10.568515
case_391,a,2025-02-24 20:58:10.568515
case_391,b,2025-02-24 21:03:10.568515
case_392,b,2025-02-24 19:28:10.568545
case_392,c,2025-02-24 19:33:10.568545
case_392,b,2025-02-24 19:38:10.568545
case_392,c,2025-02-24 19:43:10.568545
case_392,c,2025-02-24 19:48:10.568545
case_392,c,2025-02-24 19:53:10.568545
case_392,a,2025-02-24 19:58:10.568545
case_392,b,2025-02-24 20:03:10.568545
case_392,a,2025-02-24 20:08:10.568545
case_392,a,2025-02-24 20:13:10.568545
case_392,c,2025-02-24 20:18:10.568545
case_392,b,2025-02-24 20:23:10.568545
case_392,b,2025-02-24 20:28:10.568545
case_392,b,2025-02-24 20:33:10.568545
case_392,a,2025-02-24 20:38:10.568545
case_392,c,2025-02-24 20:43:10.568545
case_392,c,2025-02-24 20:48:10.568545
case_392,b,2025-02-24 20:53:10.568545
case_392,a,2025-02-24 20:58:10.568545
case_392,c,2025-02-24 21:03:10.568545
case_393,b,2025-02-24 19:28:10.568575
case_393,a,2025-02-24 19:33:10.568575
case_393,b,2025-02-24 19:38:10.568575
case_393,b,2025-02-24 19:43:10.568575
case_393,c,2025-02-24 19:48:10.568575
case_393,b,2025-02-24 19:53:10.568575
case_393,c,2025-02-24 19:58:10.568575
case_393,b,2025-02-24 20:03:10.568575
case_393,a,2025-02-24 20:08:10.568575
case_393,c,2025-02-24 20:13:10.568575
case_393,b,2025-02-24 20:18:10.568575
case_393,b,2025-02-24 20:23:10.568575
case_393,a,2025-02-24 20:28:10.568575
case_393,c,2025-02-24 20:33:10.568575
case_393,c,2025-02-24 20:38:10.568575
case_393,a,2025-02-24 20:43:10.568575
case_393,c,2025-02-24 20:48:10.568575
case_393,a,2025-02-24 20:53:10.568575
case_393,a,2025-02-24 20:58:10.568575
case_393,b,2025-02-24 21:03:10.568575
case_394,b,2025-02-24 19:28:10.568606
case_394,b,2025-02-24 19:33:10.568606
case_394,b,2025-02-24 19:38:10.568606
case_394,a,2025-02-24 19:43:10.568606
case_394,a,2025-02-24 19:48:10.568606
case_394,a,2025-02-24 19:53:10.568606
case_394,b,2025-02-24 19:58:10.568606
case_394,a,2025-02-24 20:03:10.568606
case_394,c,2025-02-24 20:08:10.568606
case_394,c,2025-02-24 20:13:10.568606
case_394,a,2025-02-24 20:18:10.568606
case_394,b,2025-02-24 20:23:10.568606
case_394,c,2025-02-24 20:28:10.568606
case_394,a,2025-02-24 20:33:10.568606
case_394,c,2025-02-24 20:38:10.568606
case_394,a,2025-02-24 20:43:10.568606
case_394,a,2025-02-24 20:48:10.568606
case_394,c,2025-02-24 20:53:10.568606
case_394,a,2025-02-24 20:58:10.568606
case_394,a,2025-02-24 21:03:10.568606
case_395,a,2025-02-24 19:28:10.568636
case_395,b,2025-02-24 19:33:10.568636
case_395,a,2025-02-24 19:38:10.568636
case_395,a,2025-02-24 19:43:10.568636
case_395,a,2025-02-24 19:48:10.568636
case_395,a,2025-02-24 19:53:10.568636
case_395,b,2025-02-24 19:58:10.568636
case_395,b,2025-02-24 20:03:10.568636
case_395,c,2025-02-24 20:08:10.568636
case_395,a,2025-02-24 20:13:10.568636
case_395,b,2025-02-24 20:18:10.568636
case_395,b,2025-02-24 20:23:10.568636
case_395,b,2025-02-24 20:28:10.568636
case_395,a,2025-02-24 20:33:10.568636
case_395,c,2025-02-24 20:38:10.568636
case_395,c,2025-02-24 20:43:10.568636
case_395,a,2025-02-24 20:48:10.568636
case_395,b,2025-02-24 20:53:10.568636
case_395,a,2025-02-24 20:58:10.568636
case_395,a,2025-02-24 21:03:10.568636
case_396,b,2025-02-24 19:28:10.568666
case_396,a,2025-02-24 19:33:10.568666
case_396,a,2025-02-24 19:38:10.568666
case_396,a,2025-02-24 19:43:10.568666
case_396,a,2025-02-24 19:48:10.568666
case_396,c,2025-02-24 19:53:10.568666
case_396,c,2025-02-24 19:58:10.568666
case_396,b,2025-02-24 20:03:10.568666
case_396,a,2025-02-24 20:08:10.568666
case_396,c,2025-02-24 20:13:10.568666
case_396,c,2025-02-24 20:18:10.568666
case_396,c,2025-02-24 20:23:10.568666
case_396,c,2025-02-24 20:28:10.568666
case_396,b,2025-02-24 20:33:10.568666
case_396,b,2025-02-24 20:38:10.568666
case_396,b,2025-02-24 20:43:10.568666
case_396,c,2025-02-24 20:48:10.568666
case_396,b,2025-02-24 20:53:10.568666
case_396,b,2025-02-24 20:58:10.568666
case_396,c,2025-02-24 21:03:10.568666
case_397,a,2025-02-24 19:28:10.568697
case_397,a,2025-02-24 19:33:10.568697
case_397,b,2025-02-24 19:38:10.568697
case_397,c,2025-02-24 19:43:10.568697
case_397,b,2025-02-24 19:48:10.568697
case_397,c,2025-02-24 19:53:10.568697
case_397,a,2025-02-24 19:58:10.568697
case_397,a,2025-02-24 20:03:10.568697
case_397,b,2025-02-24 20:08:10.568697
case_397,a,2025-02-24 20:13:10.568697
case_397,a,2025-02-24 20:18:10.568697
case_397,a,2025-02-24 20:23:10.568697
case_397,c,2025-02-24 20:28:10.568697
case_397,a,2025-02-24 20:33:10.568697
case_397,a,2025-02-24 20:38:10.568697
case_397,b,2025-02-24 20:43:10.568697
case_397,a,2025-02-24 20:48:10.568697
case_397,b,2025-02-24 20:53:10.568697
case_397,b,2025-02-24 20:58:10.568697
case_397,b,2025-02-24 21:03:10.568697
case_398,a,2025-02-24 19:28:10.568727
case_398,a,2025-02-24 19:33:10.568727
case_398,a,2025-02-24 19:38:10.568727
case_398,c,2025-02-24 19:43:10.568727
case_398,c,2025-02-24 19:48:10.568727
case_398,a,2025-02-24 19:53:10.568727
case_398,a,2025-02-24 19:58:10.568727
case_398,c,2025-02-24 20:03:10.568727
case_398,a,2025-02-24 20:08:10.568727
case_398,a,2025-02-24 20:13:10.568727
case_398,a,2025-02-24 20:18:10.568727
case_398,b,2025-02-24 20:23:10.568727
case_398,c,2025-02-24 20:28:10.568727
case_398,a,2025-02-24 20:33:10.568727
case_398,b,2025-02-24 20:38:10.568727
case_398,c,2025-02-24 20:43:10.568727
case_398,a,2025-02-24 20:48:10.568727
case_398,c,2025-02-24 20:53:10.568727
case_398,b,2025-02-24 20:58:10.568727
case_398,b,2025-02-24 21:03:10.568727
case_399,b,2025-02-24 19:28:10.568757
case_399,a,2025-02-24 19:33:10.568757
case_399,c,2025-02-24 19:38:10.568757
case_399,c,2025-02-24 19:43:10.568757
case_399,a,2025-02-24 19:48:10.568757
case_399,a,2025-02-24 19:53:10.568757
case_399,b,2025-02-24 19:58:10.568757
case_399,a,2025-02-24 20:03:10.568757
case_399,c,2025-02-24 20:08:10.568757
case_399,c,2025-02-24 20:13:10.568757
case_399,b,2025-02-24 20:18:10.568757
case_399,b,2025-02-24 20:23:10.568757
case_399,a,2025-02-24 20:28:10.568757
case_399,b,2025-02-24 20:33:10.568757
case_399,c,2025-02-24 20:38:10.568757
case_399,a,2025-02-24 20:43:10.568757
case_399,b,2025-02-24 20:48:10.568757
case_399,a,2025-02-24 20:53:10.568757
case_399,b,2025-02-24 20:58:10.568757
case_399,c,2025-02-24 21:03:10.568757
case_400,c,2025-02-24 19:28:10.568787
case_400,c,2025-02-24 19:33:10.568787
case_400,c,2025-02-24 19:38:10.568787
case_400,a,2025-02-24 19:43:10.568787
case_400,c,2025-02-24 19:48:10.568787
case_400,a,2025-02-24 19:53:10.568787
case_400,b,2025-02-24 19:58:10.568787
case_400,a,2025-02-24 20:03:10.568787
case_400,a,2025-02-24 20:08:10.568787
case_400,c,2025-02-24 20:13:10.568787
case_400,a,2025-02-24 20:18:10.568787
case_400,a,2025-02-24 20:23:10.568787
case_400,c,2025-02-24 20:28:10.568787
case_400,b,2025-02-24 20:33:10.568787
case_400,c,2025-02-24 20:38:10.568787
case_400,b,2025-02-24 20:43:10.568787
case_400,a,2025-02-24 20:48:10.568787
case_400,a,2025-02-24 20:53:10.568787
case_400,b,2025-02-24 20:58:10.568787
case_400,b,2025-02-24 21:03:10.568787
case_401,a,2025-02-24 19:28:10.568817
case_401,a,2025-02-24 19:33:10.568817
case_401,b,2025-02-24 19:38:10.568817
case_401,c,2025-02-24 19:43:10.568817
case_401,a,2025-02-24 19:48:10.568817
case_401,c,2025-02-24 19:53:10.568817
case_401,c,2025-02-24 19:58:10.568817
case_401,c,2025-02-24 20:03:10.568817
case_401,b,2025-02-24 20:08:10.568817
case_401,b,2025-02-24 20:13:10.568817
case_401,c,2025-02-24 20:18:10.568817
case_401,c,2025-02-24 20:23:10.568817
case_401,b,2025-02-24 20:28:10.568817
case_401,b,2025-02-24 20:33:10.568817
case_401,c,2025-02-24 20:38:10.568817
case_401,b,2025-02-24 20:43:10.568817
case_401,c,2025-02-24 20:48:10.568817
case_401,b,2025-02-24 20:53:10.568817
case_401,b,2025-02-24 20:58:10.568817
case_401,b,2025-02-24 21:03:10.568817
case_402,c,2025-02-24 19:28:10.568847
case_402,c,2025-02-24 19:33:10.568847
case_402,b,2025-02-24 19:38:10.568847
case_402,c,2025-02-24 19:43:10.568847
case_402,b,2025-02-24 19:48:10.568847
case_402,c,2025-02-24 19:53:10.568847
case_402,c,2025-02-24 19:58:10.568847
case_402,c,2025-02-24 20:03:10.568847
case_402,b,2025-02-24 20:08:10.568847
case_402,c,2025-02-24 20:13:10.568847
case_402,c,2025-02-24 20:18:10.568847
case_402,a,2025-02-24 20:23:10.568847
case_402,a,2025-02-24 20:28:10.568847
case_402,b,2025-02-24 20:33:10.568847
case_402,a,2025-02-24 20:38:10.568847
case_402,a,2025-02-24 20:43:10.568847
case_402,a,2025-02-24 20:48:10.568847
case_402,c,2025-02-24 20:53:10.568847
case_402,b,2025-02-24 20:58:10.568847
case_402,b,2025-02-24 21:03:10.568847
case_403,c,2025-02-24 19:28:10.568877
case_403,a,2025-02-24 19:33:10.568877
case_403,c,2025-02-24 19:38:10.568877
case_403,b,2025-02-24 19:43:10.568877
case_403,b,2025-02-24 19:48:10.568877
case_403,a,2025-02-24 19:53:10.568877
case_403,c,2025-02-24 19:58:10.568877
case_403,a,2025-02-24 20:03:10.568877
case_403,a,2025-02-24 20:08:10.568877
case_403,b,2025-02-24 20:13:10.568877
case_403,b,2025-02-24 20:18:10.568877
case_403,b,2025-02-24 20:23:10.568877
case_403,c,2025-02-24 20:28:10.568877
case_403,b,2025-02-24 20:33:10.568877
case_403,b,2025-02-24 20:38:10.568877
case_403,b,2025-02-24 20:43:10.568877
case_403,b,2025-02-24 20:48:10.568877
case_403,a,2025-02-24 20:53:10.568877
case_403,a,2025-02-24 20:58:10.568877
case_403,b,2025-02-24 21:03:10.568877
case_404,b,2025-02-24 19:28:10.568907
case_404,a,2025-02-24 19:33:10.568907
case_404,a,2025-02-24 19:38:10.568907
case_404,b,2025-02-24 19:43:10.568907
case_404,c,2025-02-24 19:48:10.568907
case_404,a,2025-02-24 19:53:10.568907
case_404,c,2025-02-24 19:58:10.568907
case_404,a,2025-02-24 20:03:10.568907
case_404,b,2025-02-24 20:08:10.568907
case_404,b,2025-02-24 20:13:10.568907
case_404,c,2025-02-24 20:18:10.568907
case_404,c,2025-02-24 20:23:10.568907
case_404,c,2025-02-24 20:28:10.568907
case_404,a,2025-02-24 20:33:10.568907
case_404,a,2025-02-24 20:38:10.568907
case_404,a,2025-02-24 20:43:10.568907
case_404,b,2025-02-24 20:48:10.568907
case_404,b,2025-02-24 20:53:10.568907
case_404,c,2025-02-24 20:58:10.568907
case_404,b,2025-02-24 21:03:10.568907
case_405,c,2025-02-24 19:28:10.568937
case_405,c,2025-02-24 19:33:10.568937
case_405,b,2025-02-24 19:38:10.568937
case_405,c,2025-02-24 19:43:10.568937
case_405,c,2025-02-24 19:48:10.568937
case_405,a,2025-02-24 19:53:10.568937
case_405,c,2025-02-24 19:58:10.568937
case_405,c,2025-02-24 20:03:10.568937
case_405,a,2025-02-24 20:08:10.568937
case_405,b,2025-02-24 20:13:10.568937
case_405,a,2025-02-24 20:18:10.568937
case_405,c,2025-02-24 20:23:10.568937
case_405,c,2025-02-24 20:28:10.568937
case_405,b,2025-02-24 20:33:10.568937
case_405,c,2025-02-24 20:38:10.568937
case_405,c,2025-02-24 20:43:10.568937
case_405,a,2025-02-24 20:48:10.568937
case_405,a,2025-02-24 20:53:10.568937
case_405,b,2025-02-24 20:58:10.568937
case_405,b,2025-02-24 21:03:10.568937
case_406,c,2025-02-24 19:28:10.568966
case_406,c,2025-02-24 19:33:10.568966
case_406,c,2025-02-24 19:38:10.568966
case_406,a,2025-02-24 19:43:10.568966
case_406,c,2025-02-24 19:48:10.568966
case_406,c,2025-02-24 19:53:10.568966
case_406,c,2025-02-24 19:58:10.568966
case_406,a,2025-02-24 20:03:10.568966
case_406,a,2025-02-24 20:08:10.568966
case_406,b,2025-02-24 20:13:10.568966
case_406,c,2025-02-24 20:18:10.568966
case_406,b,2025-02-24 20:23:10.568966
case_406,c,2025-02-24 20:28:10.568966
case_406,b,2025-02-24 20:33:10.568966
case_406,a,2025-02-24 20:38:10.568966
case_406,a,2025-02-24 20:43:10.568966
case_406,b,2025-02-24 20:48:10.568966
case_406,b,2025-02-24 20:53:10.568966
case_406,b,2025-02-24 20:58:10.568966
case_406,b,2025-02-24 21:03:10.568966
case_407,a,2025-02-24 19:28:10.568996
case_407,c,2025-02-24 19:33:10.568996
case_407,c,2025-02-24 19:38:10.568996
case_407,c,2025-02-24 19:43:10.568996
case_407,a,2025-02-24 19:48:10.568996
case_407,a,2025-02-24 19:53:10.568996
case_407,a,2025-02-24 19:58:10.568996
case_407,a,2025-02-24 20:03:10.568996
case_407,c,2025-02-24 20:08:10.568996
case_407,a,2025-02-24 20:13:10.568996
case_407,a,2025-02-24 20:18:10.568996
case_407,c,2025-02-24 20:23:10.568996
case_407,a,2025-02-24 20:28:10.568996
case_407,b,2025-02-24 20:33:10.568996
case_407,a,2025-02-24 20:38:10.568996
case_407,b,2025-02-24 20:43:10.568996
case_407,a,2025-02-24 20:48:10.568996
case_407,a,2025-02-24 20:53:10.568996
case_407,b,2025-02-24 20:58:10.568996
case_407,b,2025-02-24 21:03:10.568996
case_408,a,2025-02-24 19:28:10.569026
case_408,a,2025-02-24 19:33:10.569026
case_408,b,2025-02-24 19:38:10.569026
case_408,b,2025-02-24 19:43:10.569026
case_408,b,2025-02-24 19:48:10.569026
case_408,a,2025-02-24 19:53:10.569026
case_408,a,2025-02-24 19:58:10.569026
case_408,b,2025-02-24 20:03:10.569026
case_408,b,2025-02-24 20:08:10.569026
case_408,b,2025-02-24 20:13:10.569026
case_408,b,2025-02-24 20:18:10.569026
case_408,a,2025-02-24 20:23:10.569026
case_408,a,2025-02-24 20:28:10.569026
case_408,c,2025-02-24 20:33:10.569026
case_408,b,2025-02-24 20:38:10.569026
case_408,c,2025-02-24 20:43:10.569026
case_408,a,2025-02-24 20:48:10.569026
case_408,c,2025-02-24 20:53:10.569026
case_408,a,2025-02-24 20:58:10.569026
case_408,c,2025-02-24 21:03:10.569026
case_409,b,2025-02-24 19:28:10.569056
case_409,a,2025-02-24 19:33:10.569056
case_409,c,2025-02-24 19:38:10.569056
case_409,c,2025-02-24 19:43:10.569056
case_409,b,2025-02-24 19:48:10.569056
case_409,b,2025-02-24 19:53:10.569056
case_409,c,2025-02-24 19:58:10.569056
case_409,b,2025-02-24 20:03:10.569056
case_409,c,2025-02-24 20:08:10.569056
case_409,b,2025-02-24 20:13:10.569056
case_409,b,2025-02-24 20:18:10.569056
case_409,c,2025-02-24 20:23:10.569056
case_409,b,2025-02-24 20:28:10.569056
case_409,b,2025-02-24 20:33:10.569056
case_409,c,2025-02-24 20:38:10.569056
case_409,c,2025-02-24 20:43:10.569056
case_409,a,2025-02-24 20:48:10.569056
case_409,c,2025-02-24 20:53:10.569056
case_409,a,2025-02-24 20:58:10.569056
case_409,a,2025-02-24 21:03:10.569056
case_410,b,2025-02-24 19:28:10.569086
case_410,c,2025-02-24 19:33:10.569086
case_410,c,2025-02-24 19:38:10.569086
case_410,c,2025-02-24 19:43:10.569086
case_410,a,2025-02-24 19:48:10.569086
case_410,c,2025-02-24 19:53:10.569086
case_410,c,2025-02-24 19:58:10.569086
case_410,a,2025-02-24 20:03:10.569086
case_410,a,2025-02-24 20:08:10.569086
case_410,c,2025-02-24 20:13:10.569086
case_410,a,2025-02-24 20:18:10.569086
case_410,c,2025-02-24 20:23:10.569086
case_410,b,2025-02-24 20:28:10.569086
case_410,b,2025-02-24 20:33:10.569086
case_410,c,2025-02-24 20:38:10.569086
case_410,c,2025-02-24 20:43:10.569086
case_410,a,2025-02-24 20:48:10.569086
case_410,b,2025-02-24 20:53:10.569086
case_410,c,2025-02-24 20:58:10.569086
case_410,b,2025-02-24 21:03:10.569086
case_411,a,2025-02-24 19:28:10.569116
case_411,a,2025-02-24 19:33:10.569116
case_411,a,2025-02-24 19:38:10.569116
case_411,b,2025-02-24 19:43:10.569116
case_411,c,2025-02-24 19:48:10.569116
case_411,c,2025-02-24 19:53:10.569116
case_411,c,2025-02-24 19:58:10.569116
case_411,a,2025-02-24 20:03:10.569116
case_411,a,2025-02-24 20:08:10.569116
case_411,a,2025-02-24 20:13:10.569116
case_411,b,2025-02-24 20:18:10.569116
case_411,b,2025-02-24 20:23:10.569116
case_411,c,2025-02-24 20:28:10.569116
case_411,a,2025-02-24 20:33:10.569116
case_411,a,2025-02-24 20:38:10.569116
case_411,c,2025-02-24 20:43:10.569116
case_411,b,2025-02-24 20:48:10.569116
case_411,a,2025-02-24 20:53:10.569116
case_411,b,2025-02-24 20:58:10.569116
case_411,b,2025-02-24 21:03:10.569116
case_412,a,2025-02-24 19:28:10.569146
case_412,c,2025-02-24 19:33:10.569146
case_412,a,2025-02-24 19:38:10.569146
case_412,c,2025-02-24 19:43:10.569146
case_412,b,2025-02-24 19:48:10.569146
case_412,b,2025-02-24 19:53:10.569146
case_412,b,2025-02-24 19:58:10.569146
case_412,b,2025-02-24 20:03:10.569146
case_412,a,2025-02-24 20:08:10.569146
case_412,c,2025-02-24 20:13:10.569146
case_412,a,2025-02-24 20:18:10.569146
case_412,c,2025-02-24 20:23:10.569146
case_412,c,2025-02-24 20:28:10.569146
case_412,c,2025-02-24 20:33:10.569146
case_412,a,2025-02-24 20:38:10.569146
case_412,c,2025-02-24 20:43:10.569146
case_412,a,2025-02-24 20:48:10.569146
case_412,c,2025-02-24 20:53:10.569146
case_412,a,2025-02-24 20:58:10.569146
case_412,a,2025-02-24 21:03:10.569146
case_413,a,2025-02-24 19:28:10.569176
case_413,b,2025-02-24 19:33:10.569176
case_413,c,2025-02-24 19:38:10.569176
case_413,a,2025-02-24 19:43:10.569176
case_413,c,2025-02-24 19:48:10.569176
case_413,b,2025-02-24 19:53:10.569176
case_413,b,2025-02-24 19:58:10.569176
case_413,a,2025-02-24 20:03:10.569176
case_413,c,2025-02-24 20:08:10.569176
case_413,b,2025-02-24 20:13:10.569176
case_413,a,2025-02-24 20:18:10.569176
case_413,b,2025-02-24 20:23:10.569176
case_413,c,2025-02-24 20:28:10.569176
case_413,a,2025-02-24 20:33:10.569176
case_413,c,2025-02-24 20:38:10.569176
case_413,b,2025-02-24 20:43:10.569176
case_413,b,2025-02-24 20:48:10.569176
case_413,a,2025-02-24 20:53:10.569176
case_413,a,2025-02-24 20:58:10.569176
case_413,a,2025-02-24 21:03:10.569176
case_414,c,2025-02-24 19:28:10.569206
case_414,c,2025-02-24 19:33:10.569206
case_414,b,2025-02-24 19:38:10.569206
case_414,b,2025-02-24 19:43:10.569206
case_414,b,2025-02-24 19:48:10.569206
case_414,b,2025-02-24 19:53:10.569206
case_414,c,2025-02-24 19:58:10.569206
case_414,b,2025-02-24 20:03:10.569206
case_414,b,2025-02-24 20:08:10.569206
case_414,b,2025-02-24 20:13:10.569206
case_414,b,2025-02-24 20:18:10.569206
case_414,b,2025-02-24 20:23:10.569206
case_414,a,2025-02-24 20:28:10.569206
case_414,b,2025-02-24 20:33:10.569206
case_414,a,2025-02-24 20:38:10.569206
case_414,a,2025-02-24 20:43:10.569206
case_414,c,2025-02-24 20:48:10.569206
case_414,b,2025-02-24 20:53:10.569206
case_414,b,2025-02-24 20:58:10.569206
case_414,c,2025-02-24 21:03:10.569206
case_415,c,2025-02-24 19:28:10.569235
case_415,c,2025-02-24 19:33:10.569235
case_415,c,2025-02-24 19:38:10.569235
case_415,b,2025-02-24 19:43:10.569235
case_415,c,2025-02-24 19:48:10.569235
case_415,a,2025-02-24 19:53:10.569235
case_415,b,2025-02-24 19:58:10.569235
case_415,b,2025-02-24 20:03:10.569235
case_415,a,2025-02-24 20:08:10.569235
case_415,c,2025-02-24 20:13:10.569235
case_415,c,2025-02-24 20:18:10.569235
case_415,c,2025-02-24 20:23:10.569235
case_415,b,2025-02-24 20:28:10.569235
case_415,c,2025-02-24 20:33:10.569235
case_415,b,2025-02-24 20:38:10.569235
case_415,a,2025-02-24 20:43:10.569235
case_415,a,2025-02-24 20:48:10.569235
case_415,b,2025-02-24 20:53:10.569235
case_415,b,2025-02-24 20:58:10.569235
case_415,c,2025-02-24 21:03:10.569235
case_416,a,2025-02-24 19:28:10.569265
case_416,b,2025-02-24 19:33:10.569265
case_416,a,2025-02-24 19:38:10.569265
case_416,b,2025-02-24 19:43:10.569265
case_416,b,2025-02-24 19:48:10.569265
case_416,c,2025-02-24 19:53:10.569265
case_416,b,2025-02-24 19:58:10.569265
case_416,b,2025-02-24 20:03:10.569265
case_416,b,2025-02-24 20:08:10.569265
case_416,c,2025-02-24 20:13:10.569265
case_416,c,2025-02-24 20:18:10.569265
case_416,b,2025-02-24 20:23:10.569265
case_416,b,2025-02-24 20:28:10.569265
case_416,b,2025-02-24 20:33:10.569265
case_416,c,2025-02-24 20:38:10.569265
case_416,b,2025-02-24 20:43:10.569265
case_416,a,2025-02-24 20:48:10.569265
case_416,b,2025-02-24 20:53:10.569265
case_416,a,2025-02-24 20:58:10.569265
case_416,a,2025-02-24 21:03:10.569265
case_417,b,2025-02-24 19:28:10.569295
case_417,a,2025-02-24 19:33:10.569295
case_417,a,2025-02-24 19:38:10.569295
case_417,a,2025-02-24 19:43:10.569295
case_417,b,2025-02-24 19:48:10.569295
case_417,b,2025-02-24 19:53:10.569295
case_417,c,2025-02-24 19:58:10.569295
case_417,c,2025-02-24 20:03:10.569295
case_417,c,2025-02-24 20:08:10.569295
case_417,a,2025-02-24 20:13:10.569295
case_417,a,2025-02-24 20:18:10.569295
case_417,c,2025-02-24 20:23:10.569295
case_417,b,2025-02-24 20:28:10.569295
case_417,c,2025-02-24 20:33:10.569295
case_417,a,2025-02-24 20:38:10.569295
case_417,c,2025-02-24 20:43:10.569295
case_417,b,2025-02-24 20:48:10.569295
case_417,b,2025-02-24 20:53:10.569295
case_417,b,2025-02-24 20:58:10.569295
case_417,b,2025-02-24 21:03:10.569295
case_418,c,2025-02-24 19:28:10.569326
case_418,a,2025-02-24 19:33:10.569326
case_418,b,2025-02-24 19:38:10.569326
case_418,a,2025-02-24 19:43:10.569326
case_418,b,2025-02-24 19:48:10.569326
case_418,c,2025-02-24 19:53:10.569326
case_418,b,2025-02-24 19:58:10.569326
case_418,a,2025-02-24 20:03:10.569326
case_418,b,2025-02-24 20:08:10.569326
case_418,c,2025-02-24 20:13:10.569326
case_418,b,2025-02-24 20:18:10.569326
case_418,a,2025-02-24 20:23:10.569326
case_418,b,2025-02-24 20:28:10.569326
case_418,a,2025-02-24 20:33:10.569326
case_418,a,2025-02-24 20:38:10.569326
case_418,c,2025-02-24 20:43:10.569326
case_418,a,2025-02-24 20:48:10.569326
case_418,b,2025-02-24 20:53:10.569326
case_418,b,2025-02-24 20:58:10.569326
case_418,a,2025-02-24 21:03:10.569326
case_419,b,2025-02-24 19:28:10.569357
case_419,c,2025-02-24 19:33:10.569357
case_419,b,2025-02-24 19:38:10.569357
case_419,a,2025-02-24 19:43:10.569357
case_419,a,2025-02-24 19:48:10.569357
case_419,c,2025-02-24 19:53:10.569357
case_419,b,2025-02-24 19:58:10.569357
case_419,c,2025-02-24 20:03:10.569357
case_419,a,2025-02-24 20:08:10.569357
case_419,a,2025-02-24 20:13:10.569357
case_419,c,2025-02-24 20:18:10.569357
case_419,a,2025-02-24 20:23:10.569357
case_419,a,2025-02-24 20:28:10.569357
case_419,a,2025-02-24 20:33:10.569357
case_419,a,2025-02-24 20:38:10.569357
case_419,a,2025-02-24 20:43:10.569357
case_419,c,2025-02-24 20:48:10.569357
case_419,b,2025-02-24 20:53:10.569357
case_419,b,2025-02-24 20:58:10.569357
case_419,a,2025-02-24 21:03:10.569357
case_420,c,2025-02-24 19:28:10.569387
case_420,c,2025-02-24 19:33:10.569387
case_420,b,2025-02-24 19:38:10.569387
case_420,a,2025-02-24 19:43:10.569387
case_420,c,2025-02-24 19:48:10.569387
case_420,b,2025-02-24 19:53:10.569387
case_420,b,2025-02-24 19:58:10.569387
case_420,b,2025-02-24 20:03:10.569387
case_420,c,2025-02-24 20:08:10.569387
case_420,c,2025-02-24 20:13:10.569387
case_420,a,2025-02-24 20:18:10.569387
case_420,a,2025-02-24 20:23:10.569387
case_420,a,2025-02-24 20:28:10.569387
case_420,b,2025-02-24 20:33:10.569387
case_420,c,2025-02-24 20:38:10.569387
case_420,c,2025-02-24 20:43:10.569387
case_420,a,2025-02-24 20:48:10.569387
case_420,b,2025-02-24 20:53:10.569387
case_420,b,2025-02-24 20:58:10.569387
case_420,b,2025-02-24 21:03:10.569387
case_421,b,2025-02-24 19:28:10.569417
case_421,a,2025-02-24 19:33:10.569417
case_421,c,2025-02-24 19:38:10.569417
case_421,c,2025-02-24 19:43:10.569417
case_421,b,2025-02-24 19:48:10.569417
case_421,a,2025-02-24 19:53:10.569417
case_421,c,2025-02-24 19:58:10.569417
case_421,c,2025-02-24 20:03:10.569417
case_421,c,2025-02-24 20:08:10.569417
case_421,c,2025-02-24 20:13:10.569417
case_421,c,2025-02-24 20:18:10.569417
case_421,c,2025-02-24 20:23:10.569417
case_421,c,2025-02-24 20:28:10.569417
case_421,c,2025-02-24 20:33:10.569417
case_421,c,2025-02-24 20:38:10.569417
case_421,b,2025-02-24 20:43:10.569417
case_421,b,2025-02-24 20:48:10.569417
case_421,c,2025-02-24 20:53:10.569417
case_421,a,2025-02-24 20:58:10.569417
case_421,a,2025-02-24 21:03:10.569417
case_422,c,2025-02-24 19:28:10.569447
case_422,a,2025-02-24 19:33:10.569447
case_422,a,2025-02-24 19:38:10.569447
case_422,b,2025-02-24 19:43:10.569447
case_422,b,2025-02-24 19:48:10.569447
case_422,c,2025-02-24 19:53:10.569447
case_422,c,2025-02-24 19:58:10.569447
case_422,c,2025-02-24 20:03:10.569447
case_422,b,2025-02-24 20:08:10.569447
case_422,b,2025-02-24 20:13:10.569447
case_422,b,2025-02-24 20:18:10.569447
case_422,c,2025-02-24 20:23:10.569447
case_422,a,2025-02-24 20:28:10.569447
case_422,a,2025-02-24 20:33:10.569447
case_422,b,2025-02-24 20:38:10.569447
case_422,a,2025-02-24 20:43:10.569447
case_422,b,2025-02-24 20:48:10.569447
case_422,b,2025-02-24 20:53:10.569447
case_422,b,2025-02-24 20:58:10.569447
case_422,a,2025-02-24 21:03:10.569447
case_423,b,2025-02-24 19:28:10.569477
case_423,b,2025-02-24 19:33:10.569477
case_423,b,2025-02-24 19:38:10.569477
case_423,c,2025-02-24 19:43:10.569477
case_423,a,2025-02-24 19:48:10.569477
case_423,a,2025-02-24 19:53:10.569477
case_423,c,2025-02-24 19:58:10.569477
case_423,c,2025-02-24 20:03:10.569477
case_423,b,2025-02-24 20:08:10.569477
case_423,b,2025-02-24 20:13:10.569477
case_423,b,2025-02-24 20:18:10.569477
case_423,c,2025-02-24 20:23:10.569477
case_423,b,2025-02-24 20:28:10.569477
case_423,c,2025-02-24 20:33:10.569477
case_423,a,2025-02-24 20:38:10.569477
case_423,a,2025-02-24 20:43:10.569477
case_423,c,2025-02-24 20:48:10.569477
case_423,b,2025-02-24 20:53:10.569477
case_423,c,2025-02-24 20:58:10.569477
case_423,c,2025-02-24 21:03:10.569477
case_424,c,2025-02-24 19:28:10.569507
case_424,b,2025-02-24 19:33:10.569507
case_424,c,2025-02-24 19:38:10.569507
case_424,a,2025-02-24 19:43:10.569507
case_424,c,2025-02-24 19:48:10.569507
case_424,b,2025-02-24 19:53:10.569507
case_424,c,2025-02-24 19:58:10.569507
case_424,a,2025-02-24 20:03:10.569507
case_424,b,2025-02-24 20:08:10.569507
case_424,c,2025-02-24 20:13:10.569507
case_424,a,2025-02-24 20:18:10.569507
case_424,a,2025-02-24 20:23:10.569507
case_424,a,2025-02-24 20:28:10.569507
case_424,c,2025-02-24 20:33:10.569507
case_424,a,2025-02-24 20:38:10.569507
case_424,b,2025-02-24 20:43:10.569507
case_424,c,2025-02-24 20:48:10.569507
case_424,a,2025-02-24 20:53:10.569507
case_424,b,2025-02-24 20:58:10.569507
case_424,b,2025-02-24 21:03:10.569507
case_425,a,2025-02-24 19:28:10.569537
case_425,a,2025-02-24 19:33:10.569537
case_425,c,2025-02-24 19:38:10.569537
case_425,c,2025-02-24 19:43:10.569537
case_425,c,2025-02-24 19:48:10.569537
case_425,a,2025-02-24 19:53:10.569537
case_425,a,2025-02-24 19:58:10.569537
case_425,a,2025-02-24 20:03:10.569537
case_425,b,2025-02-24 20:08:10.569537
case_425,c,2025-02-24 20:13:10.569537
case_425,b,2025-02-24 20:18:10.569537
case_425,a,2025-02-24 20:23:10.569537
case_425,a,2025-02-24 20:28:10.569537
case_425,a,2025-02-24 20:33:10.569537
case_425,a,2025-02-24 20:38:10.569537
case_425,c,2025-02-24 20:43:10.569537
case_425,a,2025-02-24 20:48:10.569537
case_425,b,2025-02-24 20:53:10.569537
case_425,b,2025-02-24 20:58:10.569537
case_425,a,2025-02-24 21:03:10.569537
case_426,c,2025-02-24 19:28:10.569567
case_426,a,2025-02-24 19:33:10.569567
case_426,b,2025-02-24 19:38:10.569567
case_426,a,2025-02-24 19:43:10.569567
case_426,c,2025-02-24 19:48:10.569567
case_426,c,2025-02-24 19:53:10.569567
case_426,a,2025-02-24 19:58:10.569567
case_426,a,2025-02-24 20:03:10.569567
case_426,a,2025-02-24 20:08:10.569567
case_426,c,2025-02-24 20:13:10.569567
case_426,c,2025-02-24 20:18:10.569567
case_426,a,2025-02-24 20:23:10.569567
case_426,b,2025-02-24 20:28:10.569567
case_426,c,2025-02-24 20:33:10.569567
case_426,c,2025-02-24 20:38:10.569567
case_426,a,2025-02-24 20:43:10.569567
case_426,c,2025-02-24 20:48:10.569567
case_426,b,2025-02-24 20:53:10.569567
case_426,b,2025-02-24 20:58:10.569567
case_426,c,2025-02-24 21:03:10.569567
case_427,b,2025-02-24 19:28:10.569598
case_427,b,2025-02-24 19:33:10.569598
case_427,a,2025-02-24 19:38:10.569598
case_427,a,2025-02-24 19:43:10.569598
case_427,a,2025-02-24 19:48:10.569598
case_427,a,2025-02-24 19:53:10.569598
case_427,c,2025-02-24 19:58:10.569598
case_427,a,2025-02-24 20:03:10.569598
case_427,c,2025-02-24 20:08:10.569598
case_427,b,2025-02-24 20:13:10.569598
case_427,c,2025-02-24 20:18:10.569598
case_427,c,2025-02-24 20:23:10.569598
case_427,a,2025-02-24 20:28:10.569598
case_427,b,2025-02-24 20:33:10.569598
case_427,c,2025-02-24 20:38:10.569598
case_427,b,2025-02-24 20:43:10.569598
case_427,a,2025-02-24 20:48:10.569598
case_427,b,2025-02-24 20:53:10.569598
case_427,b,2025-02-24 20:58:10.569598
case_427,c,2025-02-24 21:03:10.569598
case_428,b,2025-02-24 19:28:10.569628
case_428,b,2025-02-24 19:33:10.569628
case_428,b,2025-02-24 19:38:10.569628
case_428,c,2025-02-24 19:43:10.569628
case_428,b,2025-02-24 19:48:10.569628
case_428,c,2025-02-24 19:53:10.569628
case_428,c,2025-02-24 19:58:10.569628
case_428,a,2025-02-24 20:03:10.569628
case_428,b,2025-02-24 20:08:10.569628
case_428,c,2025-02-24 20:13:10.569628
case_428,c,2025-02-24 20:18:10.569628
case_428,c,2025-02-24 20:23:10.569628
case_428,c,2025-02-24 20:28:10.569628
case_428,b,2025-02-24 20:33:10.569628
case_428,a,2025-02-24 20:38:10.569628
case_428,b,2025-02-24 20:43:10.569628
case_428,a,2025-02-24 20:48:10.569628
case_428,b,2025-02-24 20:53:10.569628
case_428,a,2025-02-24 20:58:10.569628
case_428,a,2025-02-24 21:03:10.569628
case_429,a,2025-02-24 19:28:10.569658
case_429,c,2025-02-24 19:33:10.569658
case_429,a,2025-02-24 19:38:10.569658
case_429,c,2025-02-24 19:43:10.569658
case_429,a,2025-02-24 19:48:10.569658
case_429,a,2025-02-24 19:53:10.569658
case_429,c,2025-02-24 19:58:10.569658
case_429,c,2025-02-24 20:03:10.569658
case_429,a,2025-02-24 20:08:10.569658
case_429,b,2025-02-24 20:13:10.569658
case_429,a,2025-02-24 20:18:10.569658
case_429,a,2025-02-24 20:23:10.569658
case_429,c,2025-02-24 20:28:10.569658
case_429,c,2025-02-24 20:33:10.569658
case_429,b,2025-02-24 20:38:10.569658
case_429,c,2025-02-24 20:43:10.569658
case_429,c,2025-02-24 20:48:10.569658
case_429,a,2025-02-24 20:53:10.569658
case_429,b,2025-02-24 20:58:10.569658
case_429,b,2025-02-24 21:03:10.569658
case_430,a,2025-02-24 19:28:10.569688
case_430,a,2025-02-24 19:33:10.569688
case_430,c,2025-02-24 19:38:10.569688
case_430,b,2025-02-24 19:43:10.569688
case_430,a,2025-02-24 19:48:10.569688
case_430,a,2025-02-24 19:53:10.569688
case_430,c,2025-02-24 19:58:10.569688
case_430,a,2025-02-24 20:03:10.569688
case_430,b,2025-02-24 20:08:10.569688
case_430,c,2025-02-24 20:13:10.569688
case_430,c,2025-02-24 20:18:10.569688
case_430,c,2025-02-24 20:23:10.569688
case_430,a,2025-02-24 20:28:10.569688
case_430,a,2025-02-24 20:33:10.569688
case_430,b,2025-02-24 20:38:10.569688
case_430,a,2025-02-24 20:43:10.569688
case_430,b,2025-02-24 20:48:10.569688
case_430,c,2025-02-24 20:53:10.569688
case_430,b,2025-02-24 20:58:10.569688
case_430,b,2025-02-24 21:03:10.569688
case_431,a,2025-02-24 19:28:10.569718
case_431,a,2025-02-24 19:33:10.569718
case_431,b,2025-02-24 19:38:10.569718
case_431,c,2025-02-24 19:43:10.569718
case_431,c,2025-02-24 19:48:10.569718
case_431,c,2025-02-24 19:53:10.569718
case_431,c,2025-02-24 19:58:10.569718
case_431,a,2025-02-24 20:03:10.569718
case_431,b,2025-02-24 20:08:10.569718
case_431,a,2025-02-24 20:13:10.569718
case_431,c,2025-02-24 20:18:10.569718
case_431,b,2025-02-24 20:23:10.569718
case_431,a,2025-02-24 20:28:10.569718
case_431,a,2025-02-24 20:33:10.569718
case_431,a,2025-02-24 20:38:10.569718
case_431,c,2025-02-24 20:43:10.569718
case_431,a,2025-02-24 20:48:10.569718
case_431,c,2025-02-24 20:53:10.569718
case_431,b,2025-02-24 20:58:10.569718
case_431,b,2025-02-24 21:03:10.569718
case_432,a,2025-02-24 19:28:10.569748
case_432,b,2025-02-24 19:33:10.569748
case_432,b,2025-02-24 19:38:10.569748
case_432,a,2025-02-24 19:43:10.569748
case_432,c,2025-02-24 19:48:10.569748
case_432,c,2025-02-24 19:53:10.569748
case_432,a,2025-02-24 19:58:10.569748
case_432,a,2025-02-24 20:03:10.569748
case_432,b,2025-02-24 20:08:10.569748
case_432,c,2025-02-24 20:13:10.569748
case_432,b,2025-02-24 20:18:10.569748
case_432,b,2025-02-24 20:23:10.569748
case_432,b,2025-02-24 20:28:10.569748
case_432,a,2025-02-24 20:33:10.569748
case_432,b,2025-02-24 20:38:10.569748
case_432,b,2025-02-24 20:43:10.569748
case_432,a,2025-02-24 20:48:10.569748
case_432,c,2025-02-24 20:53:10.569748
case_432,b,2025-02-24 20:58:10.569748
case_432,b,2025-02-24 21:03:10.569748
case_433,c,2025-02-24 19:28:10.569778
case_433,a,2025-02-24 19:33:10.569778
case_433,b,2025-02-24 19:38:10.569778
case_433,b,2025-02-24 19:43:10.569778
case_433,a,2025-02-24 19:48:10.569778
case_433,a,2025-02-24 19:53:10.569778
case_433,c,2025-02-24 19:58:10.569778
case_433,b,2025-02-24 20:03:10.569778
case_433,c,2025-02-24 20:08:10.569778
case_433,c,2025-02-24 20:13:10.569778
case_433,b,2025-02-24 20:18:10.569778
case_433,c,2025-02-24 20:23:10.569778
case_433,a,2025-02-24 20:28:10.569778
case_433,b,2025-02-24 20:33:10.569778
case_433,c,2025-02-24 20:38:10.569778
case_433,b,2025-02-24 20:43:10.569778
case_433,a,2025-02-24 20:48:10.569778
case_433,a,2025-02-24 20:53:10.569778
case_433,a,2025-02-24 20:58:10.569778
case_433,a,2025-02-24 21:03:10.569778
case_434,a,2025-02-24 19:28:10.569807
case_434,b,2025-02-24 19:33:10.569807
case_434,b,2025-02-24 19:38:10.569807
case_434,a,2025-02-24 19:43:10.569807
case_434,b,2025-02-24 19:48:10.569807
case_434,b,2025-02-24 19:53:10.569807
case_434,b,2025-02-24 19:58:10.569807
case_434,c,2025-02-24 20:03:10.569807
case_434,a,2025-02-24 20:08:10.569807
case_434,a,2025-02-24 20:13:10.569807
case_434,c,2025-02-24 20:18:10.569807
case_434,b,2025-02-24 20:23:10.569807
case_434,c,2025-02-24 20:28:10.569807
case_434,b,2025-02-24 20:33:10.569807
case_434,c,2025-02-24 20:38:10.569807
case_434,c,2025-02-24 20:43:10.569807
case_434,c,2025-02-24 20:48:10.569807
case_434,c,2025-02-24 20:53:10.569807
case_434,b,2025-02-24 20:58:10.569807
case_434,c,2025-02-24 21:03:10.569807
case_435,c,2025-02-24 19:28:10.569837
case_435,c,2025-02-24 19:33:10.569837
case_435,a,2025-02-24 19:38:10.569837
case_435,a,2025-02-24 19:43:10.569837
case_435,b,2025-02-24 19:48:10.569837
case_435,a,2025-02-24 19:53:10.569837
case_435,c,2025-02-24 19:58:10.569837
case_435,b,2025-02-24 20:03:10.569837
case_435,a,2025-02-24 20:08:10.569837
case_435,b,2025-02-24 20:13:10.569837
case_435,b,2025-02-24 20:18:10.569837
case_435,c,2025-02-24 20:23:10.569837
case_435,c,2025-02-24 20:28:10.569837
case_435,b,2025-02-24 20:33:10.569837
case_435,b,2025-02-24 20:38:10.569837
case_435,b,2025-02-24 20:43:10.569837
case_435,a,2025-02-24 20:48:10.569837
case_435,a,2025-02-24 20:53:10.569837
case_435,b,2025-02-24 20:58:10.569837
case_435,a,2025-02-24 21:03:10.569837
case_436,b,2025-02-24 19:28:10.569867
case_436,a,2025-02-24 19:33:10.569867
case_436,b,2025-02-24 19:38:10.569867
case_436,a,2025-02-24 19:43:10.569867
case_436,b,2025-02-24 19:48:10.569867
case_436,c,2025-02-24 19:53:10.569867
case_436,b,2025-02-24 19:58:10.569867
case_436,c,2025-02-24 20:03:10.569867
case_436,c,2025-02-24 20:08:10.569867
case_436,b,2025-02-24 20:13:10.569867
case_436,a,2025-02-24 20:18:10.569867
case_436,c,2025-02-24 20:23:10.569867
case_436,a,2025-02-24 20:28:10.569867
case_436,b,2025-02-24 20:33:10.569867
case_436,a,2025-02-24 20:38:10.569867
case_436,c,2025-02-24 20:43:10.569867
case_436,c,2025-02-24 20:48:10.569867
case_436,b,2025-02-24 20:53:10.569867
case_436,a,2025-02-24 20:58:10.569867
case_436,a,2025-02-24 21:03:10.569867
case_437,a,2025-02-24 19:28:10.569897
case_437,c,2025-02-24 19:33:10.569897
case_437,b,2025-02-24 19:38:10.569897
case_437,b,2025-02-24 19:43:10.569897
case_437,b,2025-02-24 19:48:10.569897
case_437,c,2025-02-24 19:53:10.569897
case_437,b,2025-02-24 19:58:10.569897
case_437,b,2025-02-24 20:03:10.569897
case_437,c,2025-02-24 20:08:10.569897
case_437,a,2025-02-24 20:13:10.569897
case_437,b,2025-02-24 20:18:10.569897
case_437,b,2025-02-24 20:23:10.569897
case_437,b,2025-02-24 20:28:10.569897
case_437,c,2025-02-24 20:33:10.569897
case_437,a,2025-02-24 20:38:10.569897
case_437,a,2025-02-24 20:43:10.569897
case_437,a,2025-02-24 20:48:10.569897
case_437,a,2025-02-24 20:53:10.569897
case_437,b,2025-02-24 20:58:10.569897
case_437,b,2025-02-24 21:03:10.569897
case_438,c,2025-02-24 19:28:10.569927
case_438,c,2025-02-24 19:33:10.569927
case_438,b,2025-02-24 19:38:10.569927
case_438,a,2025-02-24 19:43:10.569927
case_438,c,2025-02-24 19:48:10.569927
case_438,b,2025-02-24 19:53:10.569927
case_438,b,2025-02-24 19:58:10.569927
case_438,b,2025-02-24 20:03:10.569927
case_438,b,2025-02-24 20:08:10.569927
case_438,b,2025-02-24 20:13:10.569927
case_438,c,2025-02-24 20:18:10.569927
case_438,b,2025-02-24 20:23:10.569927
case_438,b,2025-02-24 20:28:10.569927
case_438,c,2025-02-24 20:33:10.569927
case_438,b,2025-02-24 20:38:10.569927
case_438,b,2025-02-24 20:43:10.569927
case_438,a,2025-02-24 20:48:10.569927
case_438,a,2025-02-24 20:53:10.569927
case_438,c,2025-02-24 20:58:10.569927
case_438,c,2025-02-24 21:03:10.569927
case_439,c,2025-02-24 19:28:10.569957
case_439,a,2025-02-24 19:33:10.569957
case_439,b,2025-02-24 19:38:10.569957
case_439,c,2025-02-24 19:43:10.569957
case_439,b,2025-02-24 19:48:10.569957
case_439,c,2025-02-24 19:53:10.569957
case_439,b,2025-02-24 19:58:10.569957
case_439,c,2025-02-24 20:03:10.569957
case_439,b,2025-02-24 20:08:10.569957
case_439,c,2025-02-24 20:13:10.569957
case_439,b,2025-02-24 20:18:10.569957
case_439,b,2025-02-24 20:23:10.569957
case_439,b,2025-02-24 20:28:10.569957
case_439,a,2025-02-24 20:33:10.569957
case_439,a,2025-02-24 20:38:10.569957
case_439,b,2025-02-24 20:43:10.569957
case_439,a,2025-02-24 20:48:10.569957
case_439,a,2025-02-24 20:53:10.569957
case_439,c,2025-02-24 20:58:10.569957
case_439,b,2025-02-24 21:03:10.569957
case_440,c,2025-02-24 19:28:10.569987
case_440,b,2025-02-24 19:33:10.569987
case_440,a,2025-02-24 19:38:10.569987
case_440,c,2025-02-24 19:43:10.569987
case_440,c,2025-02-24 19:48:10.569987
case_440,c,2025-02-24 19:53:10.569987
case_440,b,2025-02-24 19:58:10.569987
case_440,c,2025-02-24 20:03:10.569987
case_440,a,2025-02-24 20:08:10.569987
case_440,b,2025-02-24 20:13:10.569987
case_440,c,2025-02-24 20:18:10.569987
case_440,b,2025-02-24 20:23:10.569987
case_440,b,2025-02-24 20:28:10.569987
case_440,b,2025-02-24 20:33:10.569987
case_440,c,2025-02-24 20:38:10.569987
case_440,a,2025-02-24 20:43:10.569987
case_440,c,2025-02-24 20:48:10.569987
case_440,a,2025-02-24 20:53:10.569987
case_440,a,2025-02-24 20:58:10.569987
case_440,c,2025-02-24 21:03:10.569987
case_441,c,2025-02-24 19:28:10.570017
case_441,c,2025-02-24 19:33:10.570017
case_441,a,2025-02-24 19:38:10.570017
case_441,c,2025-02-24 19:43:10.570017
case_441,b,2025-02-24 19:48:10.570017
case_441,b,2025-02-24 19:53:10.570017
case_441,a,2025-02-24 19:58:10.570017
case_441,a,2025-02-24 20:03:10.570017
case_441,a,2025-02-24 20:08:10.570017
case_441,c,2025-02-24 20:13:10.570017
case_441,a,2025-02-24 20:18:10.570017
case_441,a,2025-02-24 20:23:10.570017
case_441,b,2025-02-24 20:28:10.570017
case_441,c,2025-02-24 20:33:10.570017
case_441,b,2025-02-24 20:38:10.570017
case_441,b,2025-02-24 20:43:10.570017
case_441,b,2025-02-24 20:48:10.570017
case_441,a,2025-02-24 20:53:10.570017
case_441,c,2025-02-24 20:58:10.570017
case_441,b,2025-02-24 21:03:10.570017
case_442,a,2025-02-24 19:28:10.570047
case_442,a,2025-02-24 19:33:10.570047
case_442,a,2025-02-24 19:38:10.570047
case_442,a,2025-02-24 19:43:10.570047
case_442,a,2025-02-24 19:48:10.570047
case_442,b,2025-02-24 19:53:10.570047
case_442,a,2025-02-24 19:58:10.570047
case_442,c,2025-02-24 20:03:10.570047
case_442,b,2025-02-24 20:08:10.570047
case_442,a,2025-02-24 20:13:10.570047
case_442,a,2025-02-24 20:18:10.570047
case_442,c,2025-02-24 20:23:10.570047
case_442,a,2025-02-24 20:28:10.570047
case_442,a,2025-02-24 20:33:10.570047
case_442,c,2025-02-24 20:38:10.570047
case_442,a,2025-02-24 20:43:10.570047
case_442,b,2025-02-24 20:48:10.570047
case_442,c,2025-02-24 20:53:10.570047
case_442,b,2025-02-24 20:58:10.570047
case_442,b,2025-02-24 21:03:10.570047
case_443,c,2025-02-24 19:28:10.570077
case_443,c,2025-02-24 19:33:10.570077
case_443,c,2025-02-24 19:38:10.570077
case_443,c,2025-02-24 19:43:10.570077
case_443,a,2025-02-24 19:48:10.570077
case_443,c,2025-02-24 19:53:10.570077
case_443,a,2025-02-24 19:58:10.570077
case_443,c,2025-02-24 20:03:10.570077
case_443,b,2025-02-24 20:08:10.570077
case_443,a,2025-02-24 20:13:10.570077
case_443,c,2025-02-24 20:18:10.570077
case_443,b,2025-02-24 20:23:10.570077
case_443,b,2025-02-24 20:28:10.570077
case_443,c,2025-02-24 20:33:10.570077
case_443,b,2025-02-24 20:38:10.570077
case_443,c,2025-02-24 20:43:10.570077
case_443,c,2025-02-24 20:48:10.570077
case_443,c,2025-02-24 20:53:10.570077
case_443,a,2025-02-24 20:58:10.570077
case_443,a,2025-02-24 21:03:10.570077
case_444,a,2025-02-24 19:28:10.570106
case_444,a,2025-02-24 19:33:10.570106
case_444,a,2025-02-24 19:38:10.570106
case_444,c,2025-02-24 19:43:10.570106
case_444,b,2025-02-24 19:48:10.570106
case_444,c,2025-02-24 19:53:10.570106
case_444,a,2025-02-24 19:58:10.570106
case_444,b,2025-02-24 20:03:10.570106
case_444,c,2025-02-24 20:08:10.570106
case_444,c,2025-02-24 20:13:10.570106
case_444,b,2025-02-24 20:18:10.570106
case_444,b,2025-02-24 20:23:10.570106
case_444,a,2025-02-24 20:28:10.570106
case_444,a,2025-02-24 20:33:10.570106
case_444,c,2025-02-24 20:38:10.570106
case_444,a,2025-02-24 20:43:10.570106
case_444,a,2025-02-24 20:48:10.570106
case_444,c,2025-02-24 20:53:10.570106
case_444,c,2025-02-24 20:58:10.570106
case_444,c,2025-02-24 21:03:10.570106
case_445,b,2025-02-24 19:28:10.570136
case_445,c,2025-02-24 19:33:10.570136
case_445,b,2025-02-24 19:38:10.570136
case_445,c,2025-02-24 19:43:10.570136
case_445,a,2025-02-24 19:48:10.570136
case_445,b,2025-02-24 19:53:10.570136
case_445,a,2025-02-24 19:58:10.570136
case_445,b,2025-02-24 20:03:10.570136
case_445,c,2025-02-24 20:08:10.570136
case_445,c,2025-02-24 20:13:10.570136
case_445,a,2025-02-24 20:18:10.570136
case_445,a,2025-02-24 20:23:10.570136
case_445,c,2025-02-24 20:28:10.570136
case_445,a,2025-02-24 20:33:10.570136
case_445,c,2025-02-24 20:38:10.570136
case_445,b,2025-02-24 20:43:10.570136
case_445,b,2025-02-24 20:48:10.570136
case_445,b,2025-02-24 20:53:10.570136
case_445,a,2025-02-24 20:58:10.570136
case_445,a,2025-02-24 21:03:10.570136
case_446,b,2025-02-24 19:28:10.570166
case_446,a,2025-02-24 19:33:10.570166
case_446,b,2025-02-24 19:38:10.570166
case_446,c,2025-02-24 19:43:10.570166
case_446,a,2025-02-24 19:48:10.570166
case_446,b,2025-02-24 19:53:10.570166
case_446,c,2025-02-24 19:58:10.570166
case_446,a,2025-02-24 20:03:10.570166
case_446,b,2025-02-24 20:08:10.570166
case_446,c,2025-02-24 20:13:10.570166
case_446,b,2025-02-24 20:18:10.570166
case_446,a,2025-02-24 20:23:10.570166
case_446,c,2025-02-24 20:28:10.570166
case_446,b,2025-02-24 20:33:10.570166
case_446,b,2025-02-24 20:38:10.570166
case_446,c,2025-02-24 20:43:10.570166
case_446,c,2025-02-24 20:48:10.570166
case_446,a,2025-02-24 20:53:10.570166
case_446,a,2025-02-24 20:58:10.570166
case_446,c,2025-02-24 21:03:10.570166
case_447,a,2025-02-24 19:28:10.570196
case_447,c,2025-02-24 19:33:10.570196
case_447,c,2025-02-24 19:38:10.570196
case_447,b,2025-02-24 19:43:10.570196
case_447,a,2025-02-24 19:48:10.570196
case_447,b,2025-02-24 19:53:10.570196
case_447,a,2025-02-24 19:58:10.570196
case_447,a,2025-02-24 20:03:10.570196
case_447,c,2025-02-24 20:08:10.570196
case_447,c,2025-02-24 20:13:10.570196
case_447,c,2025-02-24 20:18:10.570196
case_447,b,2025-02-24 20:23:10.570196
case_447,a,2025-02-24 20:28:10.570196
case_447,a,2025-02-24 20:33:10.570196
case_447,b,2025-02-24 20:38:10.570196
case_447,b,2025-02-24 20:43:10.570196
case_447,c,2025-02-24 20:48:10.570196
case_447,b,2025-02-24 20:53:10.570196
case_447,b,2025-02-24 20:58:10.570196
case_447,a,2025-02-24 21:03:10.570196
case_448,b,2025-02-24 19:28:10.570226
case_448,b,2025-02-24 19:33:10.570226
case_448,c,2025-02-24 19:38:10.570226
case_448,b,2025-02-24 19:43:10.570226
case_448,b,2025-02-24 19:48:10.570226
case_448,a,2025-02-24 19:53:10.570226
case_448,a,2025-02-24 19:58:10.570226
case_448,a,2025-02-24 20:03:10.570226
case_448,c,2025-02-24 20:08:10.570226
case_448,b,2025-02-24 20:13:10.570226
case_448,c,2025-02-24 20:18:10.570226
case_448,b,2025-02-24 20:23:10.570226
case_448,c,2025-02-24 20:28:10.570226
case_448,a,2025-02-24 20:33:10.570226
case_448,c,2025-02-24 20:38:10.570226
case_448,a,2025-02-24 20:43:10.570226
case_448,a,2025-02-24 20:48:10.570226
case_448,b,2025-02-24 20:53:10.570226
case_448,c,2025-02-24 20:58:10.570226
case_448,a,2025-02-24 21:03:10.570226
case_449,c,2025-02-24 19:28:10.570257
case_449,a,2025-02-24 19:33:10.570257
case_449,a,2025-02-24 19:38:10.570257
case_449,c,2025-02-24 19:43:10.570257
case_449,a,2025-02-24 19:48:10.570257
case_449,b,2025-02-24 19:53:10.570257
case_449,c,2025-02-24 19:58:10.570257
case_449,c,2025-02-24 20:03:10.570257
case_449,b,2025-02-24 20:08:10.570257
case_449,a,2025-02-24 20:13:10.570257
case_449,c,2025-02-24 20:18:10.570257
case_449,b,2025-02-24 20:23:10.570257
case_449,b,2025-02-24 20:28:10.570257
case_449,a,2025-02-24 20:33:10.570257
case_449,b,2025-02-24 20:38:10.570257
case_449,b,2025-02-24 20:43:10.570257
case_449,a,2025-02-24 20:48:10.570257
case_449,b,2025-02-24 20:53:10.570257
case_449,a,2025-02-24 20:58:10.570257
case_449,b,2025-02-24 21:03:10.570257
case_450,a,2025-02-24 19:28:10.570287
case_450,a,2025-02-24 19:33:10.570287
case_450,c,2025-02-24 19:38:10.570287
case_450,a,2025-02-24 19:43:10.570287
case_450,c,2025-02-24 19:48:10.570287
case_450,a,2025-02-24 19:53:10.570287
case_450,c,2025-02-24 19:58:10.570287
case_450,c,2025-02-24 20:03:10.570287
case_450,a,2025-02-24 20:08:10.570287
case_450,b,2025-02-24 20:13:10.570287
case_450,c,2025-02-24 20:18:10.570287
case_450,c,2025-02-24 20:23:10.570287
case_450,c,2025-02-24 20:28:10.570287
case_450,b,2025-02-24 20:33:10.570287
case_450,c,2025-02-24 20:38:10.570287
case_450,a,2025-02-24 20:43:10.570287
case_450,c,2025-02-24 20:48:10.570287
case_450,a,2025-02-24 20:53:10.570287
case_450,b,2025-02-24 20:58:10.570287
case_450,b,2025-02-24 21:03:10.570287
case_451,b,2025-02-24 19:28:10.570317
case_451,a,2025-02-24 19:33:10.570317
case_451,b,2025-02-24 19:38:10.570317
case_451,c,2025-02-24 19:43:10.570317
case_451,b,2025-02-24 19:48:10.570317
case_451,c,2025-02-24 19:53:10.570317
case_451,a,2025-02-24 19:58:10.570317
case_451,b,2025-02-24 20:03:10.570317
case_451,a,2025-02-24 20:08:10.570317
case_451,a,2025-02-24 20:13:10.570317
case_451,c,2025-02-24 20:18:10.570317
case_451,a,2025-02-24 20:23:10.570317
case_451,c,2025-02-24 20:28:10.570317
case_451,a,2025-02-24 20:33:10.570317
case_451,c,2025-02-24 20:38:10.570317
case_451,c,2025-02-24 20:43:10.570317
case_451,a,2025-02-24 20:48:10.570317
case_451,a,2025-02-24 20:53:10.570317
case_451,a,2025-02-24 20:58:10.570317
case_451,b,2025-02-24 21:03:10.570317
case_452,c,2025-02-24 19:28:10.570348
case_452,a,2025-02-24 19:33:10.570348
case_452,b,2025-02-24 19:38:10.570348
case_452,c,2025-02-24 19:43:10.570348
case_452,b,2025-02-24 19:48:10.570348
case_452,b,2025-02-24 19:53:10.570348
case_452,b,2025-02-24 19:58:10.570348
case_452,b,2025-02-24 20:03:10.570348
case_452,b,2025-02-24 20:08:10.570348
case_452,b,2025-02-24 20:13:10.570348
case_452,a,2025-02-24 20:18:10.570348
case_452,a,2025-02-24 20:23:10.570348
case_452,c,2025-02-24 20:28:10.570348
case_452,a,2025-02-24 20:33:10.570348
case_452,b,2025-02-24 20:38:10.570348
case_452,b,2025-02-24 20:43:10.570348
case_452,c,2025-02-24 20:48:10.570348
case_452,b,2025-02-24 20:53:10.570348
case_452,c,2025-02-24 20:58:10.570348
case_452,b,2025-02-24 21:03:10.570348
case_453,c,2025-02-24 19:28:10.570377
case_453,b,2025-02-24 19:33:10.570377
case_453,c,2025-02-24 19:38:10.570377
case_453,c,2025-02-24 19:43:10.570377
case_453,c,2025-02-24 19:48:10.570377
case_453,b,2025-02-24 19:53:10.570377
case_453,b,2025-02-24 19:58:10.570377
case_453,b,2025-02-24 20:03:10.570377
case_453,c,2025-02-24 20:08:10.570377
case_453,a,2025-02-24 20:13:10.570377
case_453,c,2025-02-24 20:18:10.570377
case_453,b,2025-02-24 20:23:10.570377
case_453,b,2025-02-24 20:28:10.570377
case_453,c,2025-02-24 20:33:10.570377
case_453,b,2025-02-24 20:38:10.570377
case_453,a,2025-02-24 20:43:10.570377
case_453,a,2025-02-24 20:48:10.570377
case_453,c,2025-02-24 20:53:10.570377
case_453,a,2025-02-24 20:58:10.570377
case_453,b,2025-02-24 21:03:10.570377
case_454,c,2025-02-24 19:28:10.570407
case_454,c,2025-02-24 19:33:10.570407
case_454,a,2025-02-24 19:38:10.570407
case_454,b,2025-02-24 19:43:10.570407
case_454,b,2025-02-24 19:48:10.570407
case_454,b,2025-02-24 19:53:10.570407
case_454,b,2025-02-24 19:58:10.570407
case_454,a,2025-02-24 20:03:10.570407
case_454,b,2025-02-24 20:08:10.570407
case_454,b,2025-02-24 20:13:10.570407
case_454,a,2025-02-24 20:18:10.570407
case_454,a,2025-02-24 20:23:10.570407
case_454,c,2025-02-24 20:28:10.570407
case_454,b,2025-02-24 20:33:10.570407
case_454,b,2025-02-24 20:38:10.570407
case_454,b,2025-02-24 20:43:10.570407
case_454,b,2025-02-24 20:48:10.570407
case_454,b,2025-02-24 20:53:10.570407
case_454,b,2025-02-24 20:58:10.570407
case_454,b,2025-02-24 21:03:10.570407
case_455,c,2025-02-24 19:28:10.570436
case_455,c,2025-02-24 19:33:10.570436
case_455,b,2025-02-24 19:38:10.570436
case_455,b,2025-02-24 19:43:10.570436
case_455,b,2025-02-24 19:48:10.570436
case_455,c,2025-02-24 19:53:10.570436
case_455,c,2025-02-24 19:58:10.570436
case_455,b,2025-02-24 20:03:10.570436
case_455,b,2025-02-24 20:08:10.570436
case_455,c,2025-02-24 20:13:10.570436
case_455,c,2025-02-24 20:18:10.570436
case_455,c,2025-02-24 20:23:10.570436
case_455,a,2025-02-24 20:28:10.570436
case_455,c,2025-02-24 20:33:10.570436
case_455,a,2025-02-24 20:38:10.570436
case_455,c,2025-02-24 20:43:10.570436
case_455,b,2025-02-24 20:48:10.570436
case_455,a,2025-02-24 20:53:10.570436
case_455,a,2025-02-24 20:58:10.570436
case_455,c,2025-02-24 21:03:10.570436
case_456,b,2025-02-24 19:28:10.570466
case_456,b,2025-02-24 19:33:10.570466
case_456,b,2025-02-24 19:38:10.570466
case_456,b,2025-02-24 19:43:10.570466
case_456,a,2025-02-24 19:48:10.570466
case_456,c,2025-02-24 19:53:10.570466
case_456,c,2025-02-24 19:58:10.570466
case_456,c,2025-02-24 20:03:10.570466
case_456,a,2025-02-24 20:08:10.570466
case_456,b,2025-02-24 20:13:10.570466
case_456,a,2025-02-24 20:18:10.570466
case_456,a,2025-02-24 20:23:10.570466
case_456,c,2025-02-24 20:28:10.570466
case_456,b,2025-02-24 20:33:10.570466
case_456,b,2025-02-24 20:38:10.570466
case_456,c,2025-02-24 20:43:10.570466
case_456,b,2025-02-24 20:48:10.570466
case_456,a,2025-02-24 20:53:10.570466
case_456,c,2025-02-24 20:58:10.570466
case_456,c,2025-02-24 21:03:10.570466
case_457,b,2025-02-24 19:28:10.570496
case_457,c,2025-02-24 19:33:10.570496
case_457,a,2025-02-24 19:38:10.570496
case_457,b,2025-02-24 19:43:10.570496
case_457,b,2025-02-24 19:48:10.570496
case_457,a,2025-02-24 19:53:10.570496
case_457,c,2025-02-24 19:58:10.570496
case_457,a,2025-02-24 20:03:10.570496
case_457,a,2025-02-24 20:08:10.570496
case_457,b,2025-02-24 20:13:10.570496
case_457,b,2025-02-24 20:18:10.570496
case_457,c,2025-02-24 20:23:10.570496
case_457,c,2025-02-24 20:28:10.570496
case_457,a,2025-02-24 20:33:10.570496
case_457,c,2025-02-24 20:38:10.570496
case_457,b,2025-02-24 20:43:10.570496
case_457,c,2025-02-24 20:48:10.570496
case_457,a,2025-02-24 20:53:10.570496
case_457,b,2025-02-24 20:58:10.570496
case_457,c,2025-02-24 21:03:10.570496
case_458,b,2025-02-24 19:28:10.570525
case_458,c,2025-02-24 19:33:10.570525
case_458,c,2025-02-24 19:38:10.570525
case_458,a,2025-02-24 19:43:10.570525
case_458,a,2025-02-24 19:48:10.570525
case_458,c,2025-02-24 19:53:10.570525
case_458,b,2025-02-24 19:58:10.570525
case_458,c,2025-02-24 20:03:10.570525
case_458,a,2025-02-24 20:08:10.570525
case_458,c,2025-02-24 20:13:10.570525
case_458,c,2025-02-24 20:18:10.570525
case_458,c,2025-02-24 20:23:10.570525
case_458,a,2025-02-24 20:28:10.570525
case_458,a,2025-02-24 20:33:10.570525
case_458,a,2025-02-24 20:38:10.570525
case_458,b,2025-02-24 20:43:10.570525
case_458,c,2025-02-24 20:48:10.570525
case_458,a,2025-02-24 20:53:10.570525
case_458,b,2025-02-24 20:58:10.570525
case_458,c,2025-02-24 21:03:10.570525
case_459,c,2025-02-24 19:28:10.570555
case_459,a,2025-02-24 19:33:10.570555
case_459,b,2025-02-24 19:38:10.570555
case_459,c,2025-02-24 19:43:10.570555
case_459,b,2025-02-24 19:48:10.570555
case_459,b,2025-02-24 19:53:10.570555
case_459,b,2025-02-24 19:58:10.570555
case_459,b,2025-02-24 20:03:10.570555
case_459,c,2025-02-24 20:08:10.570555
case_459,a,2025-02-24 20:13:10.570555
case_459,b,2025-02-24 20:18:10.570555
case_459,b,2025-02-24 20:23:10.570555
case_459,a,2025-02-24 20:28:10.570555
case_459,b,2025-02-24 20:33:10.570555
case_459,b,2025-02-24 20:38:10.570555
case_459,c,2025-02-24 20:43:10.570555
case_459,b,2025-02-24 20:48:10.570555
case_459,c,2025-02-24 20:53:10.570555
case_459,a,2025-02-24 20:58:10.570555
case_459,a,2025-02-24 21:03:10.570555
case_460,c,2025-02-24 19:28:10.570584
case_460,a,2025-02-24 19:33:10.570584
case_460,b,2025-02-24 19:38:10.570584
case_460,a,2025-02-24 19:43:10.570584
case_460,a,2025-02-24 19:48:10.570584
case_460,c,2025-02-24 19:53:10.570584
case_460,b,2025-02-24 19:58:10.570584
case_460,a,2025-02-24 20:03:10.570584
case_460,a,2025-02-24 20:08:10.570584
case_460,a,2025-02-24 20:13:10.570584
case_460,c,2025-02-24 20:18:10.570584
case_460,c,2025-02-24 20:23:10.570584
case_460,a,2025-02-24 20:28:10.570584
case_460,a,2025-02-24 20:33:10.570584
case_460,c,2025-02-24 20:38:10.570584
case_460,c,2025-02-24 20:43:10.570584
case_460,b,2025-02-24 20:48:10.570584
case_460,a,2025-02-24 20:53:10.570584
case_460,b,2025-02-24 20:58:10.570584
case_460,b,2025-02-24 21:03:10.570584
case_461,c,2025-02-24 19:28:10.570614
case_461,b,2025-02-24 19:33:10.570614
case_461,b,2025-02-24 19:38:10.570614
case_461,b,2025-02-24 19:43:10.570614
case_461,a,2025-02-24 19:48:10.570614
case_461,c,2025-02-24 19:53:10.570614
case_461,a,2025-02-24 19:58:10.570614
case_461,a,2025-02-24 20:03:10.570614
case_461,b,2025-02-24 20:08:10.570614
case_461,c,2025-02-24 20:13:10.570614
case_461,a,2025-02-24 20:18:10.570614
case_461,b,2025-02-24 20:23:10.570614
case_461,b,2025-02-24 20:28:10.570614
case_461,b,2025-02-24 20:33:10.570614
case_461,c,2025-02-24 20:38:10.570614
case_461,a,2025-02-24 20:43:10.570614
case_461,c,2025-02-24 20:48:10.570614
case_461,a,2025-02-24 20:53:10.570614
case_461,c,2025-02-24 20:58:10.570614
case_461,c,2025-02-24 21:03:10.570614
case_462,c,2025-02-24 19:28:10.570643
case_462,b,2025-02-24 19:33:10.570643
case_462,a,2025-02-24 19:38:10.570643
case_462,b,2025-02-24 19:43:10.570643
case_462,a,2025-02-24 19:48:10.570643
case_462,a,2025-02-24 19:53:10.570643
case_462,b,2025-02-24 19:58:10.570643
case_462,c,2025-02-24 20:03:10.570643
case_462,b,2025-02-24 20:08:10.570643
case_462,a,2025-02-24 20:13:10.570643
case_462,c,2025-02-24 20:18:10.570643
case_462,b,2025-02-24 20:23:10.570643
case_462,b,2025-02-24 20:28:10.570643
case_462,c,2025-02-24 20:33:10.570643
case_462,c,2025-02-24 20:38:10.570643
case_462,c,2025-02-24 20:43:10.570643
case_462,b,2025-02-24 20:48:10.570643
case_462,b,2025-02-24 20:53:10.570643
case_462,c,2025-02-24 20:58:10.570643
case_462,b,2025-02-24 21:03:10.570643
case_463,c,2025-02-24 19:28:10.570673
case_463,a,2025-02-24 19:33:10.570673
case_463,b,2025-02-24 19:38:10.570673
case_463,b,2025-02-24 19:43:10.570673
case_463,b,2025-02-24 19:48:10.570673
case_463,a,2025-02-24 19:53:10.570673
case_463,b,2025-02-24 19:58:10.570673
case_463,a,2025-02-24 20:03:10.570673
case_463,c,2025-02-24 20:08:10.570673
case_463,a,2025-02-24 20:13:10.570673
case_463,b,2025-02-24 20:18:10.570673
case_463,b,2025-02-24 20:23:10.570673
case_463,b,2025-02-24 20:28:10.570673
case_463,b,2025-02-24 20:33:10.570673
case_463,a,2025-02-24 20:38:10.570673
case_463,b,2025-02-24 20:43:10.570673
case_463,a,2025-02-24 20:48:10.570673
case_463,a,2025-02-24 20:53:10.570673
case_463,c,2025-02-24 20:58:10.570673
case_463,a,2025-02-24 21:03:10.570673
case_464,b,2025-02-24 19:28:10.570702
case_464,c,2025-02-24 19:33:10.570702
case_464,a,2025-02-24 19:38:10.570702
case_464,b,2025-02-24 19:43:10.570702
case_464,c,2025-02-24 19:48:10.570702
case_464,c,2025-02-24 19:53:10.570702
case_464,b,2025-02-24 19:58:10.570702
case_464,a,2025-02-24 20:03:10.570702
case_464,c,2025-02-24 20:08:10.570702
case_464,b,2025-02-24 20:13:10.570702
case_464,c,2025-02-24 20:18:10.570702
case_464,b,2025-02-24 20:23:10.570702
case_464,b,2025-02-24 20:28:10.570702
case_464,b,2025-02-24 20:33:10.570702
case_464,c,2025-02-24 20:38:10.570702
case_464,c,2025-02-24 20:43:10.570702
case_464,c,2025-02-24 20:48:10.570702
case_464,b,2025-02-24 20:53:10.570702
case_464,a,2025-02-24 20:58:10.570702
case_464,a,2025-02-24 21:03:10.570702
case_465,a,2025-02-24 19:28:10.570732
case_465,a,2025-02-24 19:33:10.570732
case_465,c,2025-02-24 19:38:10.570732
case_465,c,2025-02-24 19:43:10.570732
case_465,a,2025-02-24 19:48:10.570732
case_465,a,2025-02-24 19:53:10.570732
case_465,b,2025-02-24 19:58:10.570732
case_465,b,2025-02-24 20:03:10.570732
case_465,b,2025-02-24 20:08:10.570732
case_465,a,2025-02-24 20:13:10.570732
case_465,b,2025-02-24 20:18:10.570732
case_465,b,2025-02-24 20:23:10.570732
case_465,a,2025-02-24 20:28:10.570732
case_465,a,2025-02-24 20:33:10.570732
case_465,a,2025-02-24 20:38:10.570732
case_465,a,2025-02-24 20:43:10.570732
case_465,c,2025-02-24 20:48:10.570732
case_465,c,2025-02-24 20:53:10.570732
case_465,c,2025-02-24 20:58:10.570732
case_465,a,2025-02-24 21:03:10.570732
case_466,c,2025-02-24 19:28:10.570761
case_466,b,2025-02-24 19:33:10.570761
case_466,b,2025-02-24 19:38:10.570761
case_466,a,2025-02-24 19:43:10.570761
case_466,c,2025-02-24 19:48:10.570761
case_466,b,2025-02-24 19:53:10.570761
case_466,c,2025-02-24 19:58:10.570761
case_466,b,2025-02-24 20:03:10.570761
case_466,c,2025-02-24 20:08:10.570761
case_466,c,2025-02-24 20:13:10.570761
case_466,b,2025-02-24 20:18:10.570761
case_466,b,2025-02-24 20:23:10.570761
case_466,b,2025-02-24 20:28:10.570761
case_466,c,2025-02-24 20:33:10.570761
case_466,c,2025-02-24 20:38:10.570761
case_466,c,2025-02-24 20:43:10.570761
case_466,c,2025-02-24 20:48:10.570761
case_466,b,2025-02-24 20:53:10.570761
case_466,a,2025-02-24 20:58:10.570761
case_466,a,2025-02-24 21:03:10.570761
case_467,b,2025-02-24 19:28:10.570791
case_467,b,2025-02-24 19:33:10.570791
case_467,c,2025-02-24 19:38:10.570791
case_467,a,2025-02-24 19:43:10.570791
case_467,a,2025-02-24 19:48:10.570791
case_467,b,2025-02-24 19:53:10.570791
case_467,b,2025-02-24 19:58:10.570791
case_467,a,2025-02-24 20:03:10.570791
case_467,b,2025-02-24 20:08:10.570791
case_467,c,2025-02-24 20:13:10.570791
case_467,c,2025-02-24 20:18:10.570791
case_467,a,2025-02-24 20:23:10.570791
case_467,c,2025-02-24 20:28:10.570791
case_467,a,2025-02-24 20:33:10.570791
case_467,b,2025-02-24 20:38:10.570791
case_467,b,2025-02-24 20:43:10.570791
case_467,a,2025-02-24 20:48:10.570791
case_467,a,2025-02-24 20:53:10.570791
case_467,b,2025-02-24 20:58:10.570791
case_467,b,2025-02-24 21:03:10.570791
case_468,a,2025-02-24 19:28:10.570821
case_468,b,2025-02-24 19:33:10.570821
case_468,b,2025-02-24 19:38:10.570821
case_468,a,2025-02-24 19:43:10.570821
case_468,b,2025-02-24 19:48:10.570821
case_468,c,2025-02-24 19:53:10.570821
case_468,a,2025-02-24 19:58:10.570821
case_468,b,2025-02-24 20:03:10.570821
case_468,c,2025-02-24 20:08:10.570821
case_468,a,2025-02-24 20:13:10.570821
case_468,c,2025-02-24 20:18:10.570821
case_468,c,2025-02-24 20:23:10.570821
case_468,a,2025-02-24 20:28:10.570821
case_468,a,2025-02-24 20:33:10.570821
case_468,c,2025-02-24 20:38:10.570821
case_468,a,2025-02-24 20:43:10.570821
case_468,a,2025-02-24 20:48:10.570821
case_468,b,2025-02-24 20:53:10.570821
case_468,a,2025-02-24 20:58:10.570821
case_468,c,2025-02-24 21:03:10.570821
case_469,a,2025-02-24 19:28:10.570851
case_469,a,2025-02-24 19:33:10.570851
case_469,c,2025-02-24 19:38:10.570851
case_469,c,2025-02-24 19:43:10.570851
case_469,b,2025-02-24 19:48:10.570851
case_469,b,2025-02-24 19:53:10.570851
case_469,b,2025-02-24 19:58:10.570851
case_469,b,2025-02-24 20:03:10.570851
case_469,c,2025-02-24 20:08:10.570851
case_469,a,2025-02-24 20:13:10.570851
case_469,c,2025-02-24 20:18:10.570851
case_469,a,2025-02-24 20:23:10.570851
case_469,b,2025-02-24 20:28:10.570851
case_469,b,2025-02-24 20:33:10.570851
case_469,a,2025-02-24 20:38:10.570851
case_469,c,2025-02-24 20:43:10.570851
case_469,c,2025-02-24 20:48:10.570851
case_469,a,2025-02-24 20:53:10.570851
case_469,a,2025-02-24 20:58:10.570851
case_469,c,2025-02-24 21:03:10.570851
case_470,b,2025-02-24 19:28:10.570880
case_470,b,2025-02-24 19:33:10.570880
case_470,a,2025-02-24 19:38:10.570880
case_470,a,2025-02-24 19:43:10.570880
case_470,a,2025-02-24 19:48:10.570880
case_470,a,2025-02-24 19:53:10.570880
case_470,c,2025-02-24 19:58:10.570880
case_470,a,2025-02-24 20:03:10.570880
case_470,a,2025-02-24 20:08:10.570880
case_470,b,2025-02-24 20:13:10.570880
case_470,a,2025-02-24 20:18:10.570880
case_470,b,2025-02-24 20:23:10.570880
case_470,a,2025-02-24 20:28:10.570880
case_470,c,2025-02-24 20:33:10.570880
case_470,c,2025-02-24 20:38:10.570880
case_470,c,2025-02-24 20:43:10.570880
case_470,b,2025-02-24 20:48:10.570880
case_470,a,2025-02-24 20:53:10.570880
case_470,c,2025-02-24 20:58:10.570880
case_470,c,2025-02-24 21:03:10.570880
case_471,b,2025-02-24 19:28:10.570911
case_471,b,2025-02-24 19:33:10.570911
case_471,c,2025-02-24 19:38:10.570911
case_471,a,2025-02-24 19:43:10.570911
case_471,c,2025-02-24 19:48:10.570911
case_471,c,2025-02-24 19:53:10.570911
case_471,a,2025-02-24 19:58:10.570911
case_471,c,2025-02-24 20:03:10.570911
case_471,a,2025-02-24 20:08:10.570911
case_471,b,2025-02-24 20:13:10.570911
case_471,c,2025-02-24 20:18:10.570911
case_471,b,2025-02-24 20:23:10.570911
case_471,c,2025-02-24 20:28:10.570911
case_471,b,2025-02-24 20:33:10.570911
case_471,a,2025-02-24 20:38:10.570911
case_471,b,2025-02-24 20:43:10.570911
case_471,c,2025-02-24 20:48:10.570911
case_471,b,2025-02-24 20:53:10.570911
case_471,a,2025-02-24 20:58:10.570911
case_471,a,2025-02-24 21:03:10.570911
case_472,c,2025-02-24 19:28:10.570941
case_472,c,2025-02-24 19:33:10.570941
case_472,b,2025-02-24 19:38:10.570941
case_472,b,2025-02-24 19:43:10.570941
case_472,c,2025-02-24 19:48:10.570941
case_472,c,2025-02-24 19:53:10.570941
case_472,b,2025-02-24 19:58:10.570941
case_472,c,2025-02-24 20:03:10.570941
case_472,a,2025-02-24 20:08:10.570941
case_472,b,2025-02-24 20:13:10.570941
case_472,a,2025-02-24 20:18:10.570941
case_472,a,2025-02-24 20:23:10.570941
case_472,a,2025-02-24 20:28:10.570941
case_472,b,2025-02-24 20:33:10.570941
case_472,a,2025-02-24 20:38:10.570941
case_472,a,2025-02-24 20:43:10.570941
case_472,c,2025-02-24 20:48:10.570941
case_472,c,2025-02-24 20:53:10.570941
case_472,a,2025-02-24 20:58:10.570941
case_472,b,2025-02-24 21:03:10.570941
case_473,b,2025-02-24 19:28:10.570974
case_473,b,2025-02-24 19:33:10.570974
case_473,a,2025-02-24 19:38:10.570974
case_473,b,2025-02-24 19:43:10.570974
case_473,c,2025-02-24 19:48:10.570974
case_473,b,2025-02-24 19:53:10.570974
case_473,a,2025-02-24 19:58:10.570974
case_473,b,2025-02-24 20:03:10.570974
case_473,c,2025-02-24 20:08:10.570974
case_473,b,2025-02-24 20:13:10.570974
case_473,c,2025-02-24 20:18:10.570974
case_473,b,2025-02-24 20:23:10.570974
case_473,a,2025-02-24 20:28:10.570974
case_473,b,2025-02-24 20:33:10.570974
case_473,b,2025-02-24 20:38:10.570974
case_473,a,2025-02-24 20:43:10.570974
case_473,c,2025-02-24 20:48:10.570974
case_473,a,2025-02-24 20:53:10.570974
case_473,a,2025-02-24 20:58:10.570974
case_473,b,2025-02-24 21:03:10.570974
case_474,b,2025-02-24 19:28:10.571003
case_474,c,2025-02-24 19:33:10.571003
case_474,a,2025-02-24 19:38:10.571003
case_474,c,2025-02-24 19:43:10.571003
case_474,b,2025-02-24 19:48:10.571003
case_474,a,2025-02-24 19:53:10.571003
case_474,c,2025-02-24 19:58:10.571003
case_474,b,2025-02-24 20:03:10.571003
case_474,a,2025-02-24 20:08:10.571003
case_474,c,2025-02-24 20:13:10.571003
case_474,a,2025-02-24 20:18:10.571003
case_474,a,2025-02-24 20:23:10.571003
case_474,c,2025-02-24 20:28:10.571003
case_474,c,2025-02-24 20:33:10.571003
case_474,c,2025-02-24 20:38:10.571003
case_474,b,2025-02-24 20:43:10.571003
case_474,b,2025-02-24 20:48:10.571003
case_474,b,2025-02-24 20:53:10.571003
case_474,a,2025-02-24 20:58:10.571003
case_474,a,2025-02-24 21:03:10.571003
case_475,c,2025-02-24 19:28:10.571033
case_475,c,2025-02-24 19:33:10.571033
case_475,a,2025-02-24 19:38:10.571033
case_475,b,2025-02-24 19:43:10.571033
case_475,a,2025-02-24 19:48:10.571033
case_475,c,2025-02-24 19:53:10.571033
case_475,a,2025-02-24 19:58:10.571033
case_475,a,2025-02-24 20:03:10.571033
case_475,c,2025-02-24 20:08:10.571033
case_475,a,2025-02-24 20:13:10.571033
case_475,b,2025-02-24 20:18:10.571033
case_475,c,2025-02-24 20:23:10.571033
case_475,b,2025-02-24 20:28:10.571033
case_475,a,2025-02-24 20:33:10.571033
case_475,b,2025-02-24 20:38:10.571033
case_475,a,2025-02-24 20:43:10.571033
case_475,c,2025-02-24 20:48:10.571033
case_475,b,2025-02-24 20:53:10.571033
case_475,b,2025-02-24 20:58:10.571033
case_475,b,2025-02-24 21:03:10.571033
case_476,a,2025-02-24 19:28:10.571063
case_476,a,2025-02-24 19:33:10.571063
case_476,b,2025-02-24 19:38:10.571063
case_476,a,2025-02-24 19:43:10.571063
case_476,c,2025-02-24 19:48:10.571063
case_476,b,2025-02-24 19:53:10.571063
case_476,a,2025-02-24 19:58:10.571063
case_476,c,2025-02-24 20:03:10.571063
case_476,b,2025-02-24 20:08:10.571063
case_476,a,2025-02-24 20:13:10.571063
case_476,a,2025-02-24 20:18:10.571063
case_476,a,2025-02-24 20:23:10.571063
case_476,c,2025-02-24 20:28:10.571063
case_476,a,2025-02-24 20:33:10.571063
case_476,b,2025-02-24 20:38:10.571063
case_476,b,2025-02-24 20:43:10.571063
case_476,b,2025-02-24 20:48:10.571063
case_476,c,2025-02-24 20:53:10.571063
case_476,c,2025-02-24 20:58:10.571063
case_476,b,2025-02-24 21:03:10.571063
case_477,b,2025-02-24 19:28:10.571092
case_477,a,2025-02-24 19:33:10.571092
case_477,c,2025-02-24 19:38:10.571092
case_477,b,2025-02-24 19:43:10.571092
case_477,b,2025-02-24 19:48:10.571092
case_477,b,2025-02-24 19:53:10.571092
case_477,b,2025-02-24 19:58:10.571092
case_477,a,2025-02-24 20:03:10.571092
case_477,a,2025-02-24 20:08:10.571092
case_477,a,2025-02-24 20:13:10.571092
case_477,a,2025-02-24 20:18:10.571092
case_477,c,2025-02-24 20:23:10.571092
case_477,b,2025-02-24 20:28:10.571092
case_477,a,2025-02-24 20:33:10.571092
case_477,a,2025-02-24 20:38:10.571092
case_477,c,2025-02-24 20:43:10.571092
case_477,c,2025-02-24 20:48:10.571092
case_477,a,2025-02-24 20:53:10.571092
case_477,c,2025-02-24 20:58:10.571092
case_477,b,2025-02-24 21:03:10.571092
case_478,b,2025-02-24 19:28:10.571122
case_478,b,2025-02-24 19:33:10.571122
case_478,c,2025-02-24 19:38:10.571122
case_478,b,2025-02-24 19:43:10.571122
case_478,b,2025-02-24 19:48:10.571122
case_478,b,2025-02-24 19:53:10.571122
case_478,c,2025-02-24 19:58:10.571122
case_478,c,2025-02-24 20:03:10.571122
case_478,c,2025-02-24 20:08:10.571122
case_478,c,2025-02-24 20:13:10.571122
case_478,b,2025-02-24 20:18:10.571122
case_478,b,2025-02-24 20:23:10.571122
case_478,b,2025-02-24 20:28:10.571122
case_478,a,2025-02-24 20:33:10.571122
case_478,b,2025-02-24 20:38:10.571122
case_478,c,2025-02-24 20:43:10.571122
case_478,b,2025-02-24 20:48:10.571122
case_478,b,2025-02-24 20:53:10.571122
case_478,a,2025-02-24 20:58:10.571122
case_478,a,2025-02-24 21:03:10.571122
case_479,c,2025-02-24 19:28:10.571151
case_479,c,2025-02-24 19:33:10.571151
case_479,a,2025-02-24 19:38:10.571151
case_479,c,2025-02-24 19:43:10.571151
case_479,a,2025-02-24 19:48:10.571151
case_479,c,2025-02-24 19:53:10.571151
case_479,b,2025-02-24 19:58:10.571151
case_479,b,2025-02-24 20:03:10.571151
case_479,b,2025-02-24 20:08:10.571151
case_479,c,2025-02-24 20:13:10.571151
case_479,c,2025-02-24 20:18:10.571151
case_479,c,2025-02-24 20:23:10.571151
case_479,c,2025-02-24 20:28:10.571151
case_479,c,2025-02-24 20:33:10.571151
case_479,b,2025-02-24 20:38:10.571151
case_479,b,2025-02-24 20:43:10.571151
case_479,b,2025-02-24 20:48:10.571151
case_479,a,2025-02-24 20:53:10.571151
case_479,a,2025-02-24 20:58:10.571151
case_479,b,2025-02-24 21:03:10.571151
case_480,a,2025-02-24 19:28:10.571181
case_480,a,2025-02-24 19:33:10.571181
case_480,b,2025-02-24 19:38:10.571181
case_480,b,2025-02-24 19:43:10.571181
case_480,a,2025-02-24 19:48:10.571181
case_480,c,2025-02-24 19:53:10.571181
case_480,a,2025-02-24 19:58:10.571181
case_480,b,2025-02-24 20:03:10.571181
case_480,a,2025-02-24 20:08:10.571181
case_480,a,2025-02-24 20:13:10.571181
case_480,a,2025-02-24 20:18:10.571181
case_480,b,2025-02-24 20:23:10.571181
case_480,b,2025-02-24 20:28:10.571181
case_480,b,2025-02-24 20:33:10.571181
case_480,c,2025-02-24 20:38:10.571181
case_480,b,2025-02-24 20:43:10.571181
case_480,c,2025-02-24 20:48:10.571181
case_480,a,2025-02-24 20:53:10.571181
case_480,b,2025-02-24 20:58:10.571181
case_480,b,2025-02-24 21:03:10.571181
case_481,a,2025-02-24 19:28:10.571210
case_481,c,2025-02-24 19:33:10.571210
case_481,b,2025-02-24 19:38:10.571210
case_481,a,2025-02-24 19:43:10.571210
case_481,b,2025-02-24 19:48:10.571210
case_481,a,2025-02-24 19:53:10.571210
case_481,b,2025-02-24 19:58:10.571210
case_481,a,2025-02-24 20:03:10.571210
case_481,a,2025-02-24 20:08:10.571210
case_481,c,2025-02-24 20:13:10.571210
case_481,c,2025-02-24 20:18:10.571210
case_481,a,2025-02-24 20:23:10.571210
case_481,b,2025-02-24 20:28:10.571210
case_481,b,2025-02-24 20:33:10.571210
case_481,b,2025-02-24 20:38:10.571210
case_481,a,2025-02-24 20:43:10.571210
case_481,a,2025-02-24 20:48:10.571210
case_481,b,2025-02-24 20:53:10.571210
case_481,c,2025-02-24 20:58:10.571210
case_481,a,2025-02-24 21:03:10.571210
case_482,c,2025-02-24 19:28:10.571240
case_482,c,2025-02-24 19:33:10.571240
case_482,c,2025-02-24 19:38:10.571240
case_482,c,2025-02-24 19:43:10.571240
case_482,a,2025-02-24 19:48:10.571240
case_482,a,2025-02-24 19:53:10.571240
case_482,b,2025-02-24 19:58:10.571240
case_482,b,2025-02-24 20:03:10.571240
case_482,b,2025-02-24 20:08:10.571240
case_482,b,2025-02-24 20:13:10.571240
case_482,a,2025-02-24 20:18:10.571240
case_482,c,2025-02-24 20:23:10.571240
case_482,b,2025-02-24 20:28:10.571240
case_482,b,2025-02-24 20:33:10.571240
case_482,a,2025-02-24 20:38:10.571240
case_482,b,2025-02-24 20:43:10.571240
case_482,c,2025-02-24 20:48:10.571240
case_482,a,2025-02-24 20:53:10.571240
case_482,b,2025-02-24 20:58:10.571240
case_482,a,2025-02-24 21:03:10.571240
case_483,b,2025-02-24 19:28:10.571270
case_483,a,2025-02-24 19:33:10.571270
case_483,c,2025-02-24 19:38:10.571270
case_483,c,2025-02-24 19:43:10.571270
case_483,c,2025-02-24 19:48:10.571270
case_483,b,2025-02-24 19:53:10.571270
case_483,b,2025-02-24 19:58:10.571270
case_483,b,2025-02-24 20:03:10.571270
case_483,a,2025-02-24 20:08:10.571270
case_483,c,2025-02-24 20:13:10.571270
case_483,b,2025-02-24 20:18:10.571270
case_483,a,2025-02-24 20:23:10.571270
case_483,a,2025-02-24 20:28:10.571270
case_483,b,2025-02-24 20:33:10.571270
case_483,c,2025-02-24 20:38:10.571270
case_483,c,2025-02-24 20:43:10.571270
case_483,c,2025-02-24 20:48:10.571270
case_483,c,2025-02-24 20:53:10.571270
case_483,c,2025-02-24 20:58:10.571270
case_483,c,2025-02-24 21:03:10.571270
case_484,b,2025-02-24 19:28:10.571299
case_484,a,2025-02-24 19:33:10.571299
case_484,a,2025-02-24 19:38:10.571299
case_484,a,2025-02-24 19:43:10.571299
case_484,b,2025-02-24 19:48:10.571299
case_484,b,2025-02-24 19:53:10.571299
case_484,b,2025-02-24 19:58:10.571299
case_484,a,2025-02-24 20:03:10.571299
case_484,a,2025-02-24 20:08:10.571299
case_484,c,2025-02-24 20:13:10.571299
case_484,a,2025-02-24 20:18:10.571299
case_484,b,2025-02-24 20:23:10.571299
case_484,b,2025-02-24 20:28:10.571299
case_484,a,2025-02-24 20:33:10.571299
case_484,a,2025-02-24 20:38:10.571299
case_484,a,2025-02-24 20:43:10.571299
case_484,c,2025-02-24 20:48:10.571299
case_484,a,2025-02-24 20:53:10.571299
case_484,c,2025-02-24 20:58:10.571299
case_484,c,2025-02-24 21:03:10.571299
case_485,c,2025-02-24 19:28:10.571332
case_485,c,2025-02-24 19:33:10.571332
case_485,a,2025-02-24 19:38:10.571332
case_485,b,2025-02-24 19:43:10.571332
case_485,b,2025-02-24 19:48:10.571332
case_485,c,2025-02-24 19:53:10.571332
case_485,c,2025-02-24 19:58:10.571332
case_485,a,2025-02-24 20:03:10.571332
case_485,c,2025-02-24 20:08:10.571332
case_485,c,2025-02-24 20:13:10.571332
case_485,c,2025-02-24 20:18:10.571332
case_485,c,2025-02-24 20:23:10.571332
case_485,b,2025-02-24 20:28:10.571332
case_485,c,2025-02-24 20:33:10.571332
case_485,a,2025-02-24 20:38:10.571332
case_485,b,2025-02-24 20:43:10.571332
case_485,a,2025-02-24 20:48:10.571332
case_485,a,2025-02-24 20:53:10.571332
case_485,a,2025-02-24 20:58:10.571332
case_485,c,2025-02-24 21:03:10.571332
case_486,a,2025-02-24 19:28:10.571362
case_486,b,2025-02-24 19:33:10.571362
case_486,b,2025-02-24 19:38:10.571362
case_486,b,2025-02-24 19:43:10.571362
case_486,b,2025-02-24 19:48:10.571362
case_486,c,2025-02-24 19:53:10.571362
case_486,c,2025-02-24 19:58:10.571362
case_486,a,2025-02-24 20:03:10.571362
case_486,c,2025-02-24 20:08:10.571362
case_486,c,2025-02-24 20:13:10.571362
case_486,c,2025-02-24 20:18:10.571362
case_486,b,2025-02-24 20:23:10.571362
case_486,a,2025-02-24 20:28:10.571362
case_486,a,2025-02-24 20:33:10.571362
case_486,c,2025-02-24 20:38:10.571362
case_486,a,2025-02-24 20:43:10.571362
case_486,a,2025-02-24 20:48:10.571362
case_486,b,2025-02-24 20:53:10.571362
case_486,a,2025-02-24 20:58:10.571362
case_486,b,2025-02-24 21:03:10.571362
case_487,c,2025-02-24 19:28:10.571392
case_487,c,2025-02-24 19:33:10.571392
case_487,c,2025-02-24 19:38:10.571392
case_487,c,2025-02-24 19:43:10.571392
case_487,c,2025-02-24 19:48:10.571392
case_487,b,2025-02-24 19:53:10.571392
case_487,b,2025-02-24 19:58:10.571392
case_487,a,2025-02-24 20:03:10.571392
case_487,a,2025-02-24 20:08:10.571392
case_487,b,2025-02-24 20:13:10.571392
case_487,a,2025-02-24 20:18:10.571392
case_487,c,2025-02-24 20:23:10.571392
case_487,c,2025-02-24 20:28:10.571392
case_487,a,2025-02-24 20:33:10.571392
case_487,a,2025-02-24 20:38:10.571392
case_487,b,2025-02-24 20:43:10.571392
case_487,a,2025-02-24 20:48:10.571392
case_487,c,2025-02-24 20:53:10.571392
case_487,c,2025-02-24 20:58:10.571392
case_487,a,2025-02-24 21:03:10.571392
case_488,a,2025-02-24 19:28:10.571422
case_488,c,2025-02-24 19:33:10.571422
case_488,a,2025-02-24 19:38:10.571422
case_488,b,2025-02-24 19:43:10.571422
case_488,a,2025-02-24 19:48:10.571422
case_488,c,2025-02-24 19:53:10.571422
case_488,a,2025-02-24 19:58:10.571422
case_488,b,2025-02-24 20:03:10.571422
case_488,b,2025-02-24 20:08:10.571422
case_488,a,2025-02-24 20:13:10.571422
case_488,b,2025-02-24 20:18:10.571422
case_488,a,2025-02-24 20:23:10.571422
case_488,a,2025-02-24 20:28:10.571422
case_488,c,2025-02-24 20:33:10.571422
case_488,a,2025-02-24 20:38:10.571422
case_488,b,2025-02-24 20:43:10.571422
case_488,b,2025-02-24 20:48:10.571422
case_488,c,2025-02-24 20:53:10.571422
case_488,a,2025-02-24 20:58:10.571422
case_488,c,2025-02-24 21:03:10.571422
case_489,b,2025-02-24 19:28:10.571453
case_489,b,2025-02-24 19:33:10.571453
case_489,a,2025-02-24 19:38:10.571453
case_489,a,2025-02-24 19:43:10.571453
case_489,b,2025-02-24 19:48:10.571453
case_489,b,2025-02-24 19:53:10.571453
case_489,a,2025-02-24 19:58:10.571453
case_489,c,2025-02-24 20:03:10.571453
case_489,c,2025-02-24 20:08:10.571453
case_489,a,2025-02-24 20:13:10.571453
case_489,b,2025-02-24 20:18:10.571453
case_489,a,2025-02-24 20:23:10.571453
case_489,a,2025-02-24 20:28:10.571453
case_489,c,2025-02-24 20:33:10.571453
case_489,a,2025-02-24 20:38:10.571453
case_489,a,2025-02-24 20:43:10.571453
case_489,b,2025-02-24 20:48:10.571453
case_489,c,2025-02-24 20:53:10.571453
case_489,b,2025-02-24 20:58:10.571453
case_489,b,2025-02-24 21:03:10.571453
case_490,c,2025-02-24 19:28:10.571483
case_490,c,2025-02-24 19:33:10.571483
case_490,a,2025-02-24 19:38:10.571483
case_490,b,2025-02-24 19:43:10.571483
case_490,a,2025-02-24 19:48:10.571483
case_490,c,2025-02-24 19:53:10.571483
case_490,b,2025-02-24 19:58:10.571483
case_490,b,2025-02-24 20:03:10.571483
case_490,b,2025-02-24 20:08:10.571483
case_490,a,2025-02-24 20:13:10.571483
case_490,c,2025-02-24 20:18:10.571483
case_490,a,2025-02-24 20:23:10.571483
case_490,b,2025-02-24 20:28:10.571483
case_490,a,2025-02-24 20:33:10.571483
case_490,c,2025-02-24 20:38:10.571483
case_490,c,2025-02-24 20:43:10.571483
case_490,b,2025-02-24 20:48:10.571483
case_490,a,2025-02-24 20:53:10.571483
case_490,a,2025-02-24 20:58:10.571483
case_490,b,2025-02-24 21:03:10.571483
case_491,c,2025-02-24 19:28:10.571513
case_491,b,2025-02-24 19:33:10.571513
case_491,b,2025-02-24 19:38:10.571513
case_491,a,2025-02-24 19:43:10.571513
case_491,c,2025-02-24 19:48:10.571513
case_491,c,2025-02-24 19:53:10.571513
case_491,b,2025-02-24 19:58:10.571513
case_491,b,2025-02-24 20:03:10.571513
case_491,b,2025-02-24 20:08:10.571513
case_491,b,2025-02-24 20:13:10.571513
case_491,c,2025-02-24 20:18:10.571513
case_491,a,2025-02-24 20:23:10.571513
case_491,c,2025-02-24 20:28:10.571513
case_491,c,2025-02-24 20:33:10.571513
case_491,b,2025-02-24 20:38:10.571513
case_491,c,2025-02-24 20:43:10.571513
case_491,a,2025-02-24 20:48:10.571513
case_491,a,2025-02-24 20:53:10.571513
case_491,c,2025-02-24 20:58:10.571513
case_491,b,2025-02-24 21:03:10.571513
case_492,b,2025-02-24 19:28:10.571543
case_492,b,2025-02-24 19:33:10.571543
case_492,c,2025-02-24 19:38:10.571543
case_492,a,2025-02-24 19:43:10.571543
case_492,b,2025-02-24 19:48:10.571543
case_492,c,2025-02-24 19:53:10.571543
case_492,a,2025-02-24 19:58:10.571543
case_492,b,2025-02-24 20:03:10.571543
case_492,b,2025-02-24 20:08:10.571543
case_492,b,2025-02-24 20:13:10.571543
case_492,c,2025-02-24 20:18:10.571543
case_492,c,2025-02-24 20:23:10.571543
case_492,a,2025-02-24 20:28:10.571543
case_492,b,2025-02-24 20:33:10.571543
case_492,b,2025-02-24 20:38:10.571543
case_492,b,2025-02-24 20:43:10.571543
case_492,c,2025-02-24 20:48:10.571543
case_492,c,2025-02-24 20:53:10.571543
case_492,a,2025-02-24 20:58:10.571543
case_492,a,2025-02-24 21:03:10.571543
case_493,c,2025-02-24 19:28:10.571574
case_493,b,2025-02-24 19:33:10.571574
case_493,c,2025-02-24 19:38:10.571574
case_493,c,2025-02-24 19:43:10.571574
case_493,b,2025-02-24 19:48:10.571574
case_493,a,2025-02-24 19:53:10.571574
case_493,a,2025-02-24 19:58:10.571574
case_493,a,2025-02-24 20:03:10.571574
case_493,c,2025-02-24 20:08:10.571574
case_493,a,2025-02-24 20:13:10.571574
case_493,a,2025-02-24 20:18:10.571574
case_493,c,2025-02-24 20:23:10.571574
case_493,b,2025-02-24 20:28:10.571574
case_493,b,2025-02-24 20:33:10.571574
case_493,c,2025-02-24 20:38:10.571574
case_493,c,2025-02-24 20:43:10.571574
case_493,b,2025-02-24 20:48:10.571574
case_493,a,2025-02-24 20:53:10.571574
case_493,a,2025-02-24 20:58:10.571574
case_493,b,2025-02-24 21:03:10.571574
case_494,c,2025-02-24 19:28:10.571604
case_494,b,2025-02-24 19:33:10.571604
case_494,a,2025-02-24 19:38:10.571604
case_494,b,2025-02-24 19:43:10.571604
case_494,a,2025-02-24 19:48:10.571604
case_494,a,2025-02-24 19:53:10.571604
case_494,b,2025-02-24 19:58:10.571604
case_494,b,2025-02-24 20:03:10.571604
case_494,b,2025-02-24 20:08:10.571604
case_494,a,2025-02-24 20:13:10.571604
case_494,b,2025-02-24 20:18:10.571604
case_494,c,2025-02-24 20:23:10.571604
case_494,a,2025-02-24 20:28:10.571604
case_494,a,2025-02-24 20:33:10.571604
case_494,a,2025-02-24 20:38:10.571604
case_494,c,2025-02-24 20:43:10.571604
case_494,b,2025-02-24 20:48:10.571604
case_494,a,2025-02-24 20:53:10.571604
case_494,b,2025-02-24 20:58:10.571604
case_494,c,2025-02-24 21:03:10.571604
case_495,b,2025-02-24 19:28:10.571635
case_495,c,2025-02-24 19:33:10.571635
case_495,a,2025-02-24 19:38:10.571635
case_495,a,2025-02-24 19:43:10.571635
case_495,b,2025-02-24 19:48:10.571635
case_495,b,2025-02-24 19:53:10.571635
case_495,c,2025-02-24 19:58:10.571635
case_495,c,2025-02-24 20:03:10.571635
case_495,a,2025-02-24 20:08:10.571635
case_495,b,2025-02-24 20:13:10.571635
case_495,a,2025-02-24 20:18:10.571635
case_495,c,2025-02-24 20:23:10.571635
case_495,c,2025-02-24 20:28:10.571635
case_495,c,2025-02-24 20:33:10.571635
case_495,c,2025-02-24 20:38:10.571635
case_495,b,2025-02-24 20:43:10.571635
case_495,c,2025-02-24 20:48:10.571635
case_495,b,2025-02-24 20:53:10.571635
case_495,c,2025-02-24 20:58:10.571635
case_495,a,2025-02-24 21:03:10.571635
case_496,c,2025-02-24 19:28:10.571665
case_496,a,2025-02-24 19:33:10.571665
case_496,b,2025-02-24 19:38:10.571665
case_496,a,2025-02-24 19:43:10.571665
case_496,a,2025-02-24 19:48:10.571665
case_496,b,2025-02-24 19:53:10.571665
case_496,c,2025-02-24 19:58:10.571665
case_496,c,2025-02-24 20:03:10.571665
case_496,c,2025-02-24 20:08:10.571665
case_496,b,2025-02-24 20:13:10.571665
case_496,c,2025-02-24 20:18:10.571665
case_496,c,2025-02-24 20:23:10.571665
case_496,a,2025-02-24 20:28:10.571665
case_496,b,2025-02-24 20:33:10.571665
case_496,b,2025-02-24 20:38:10.571665
case_496,c,2025-02-24 20:43:10.571665
case_496,a,2025-02-24 20:48:10.571665
case_496,a,2025-02-24 20:53:10.571665
case_496,a,2025-02-24 20:58:10.571665
case_496,c,2025-02-24 21:03:10.571665
case_497,c,2025-02-24 19:28:10.571696
case_497,b,2025-02-24 19:33:10.571696
case_497,a,2025-02-24 19:38:10.571696
case_497,c,2025-02-24 19:43:10.571696
case_497,a,2025-02-24 19:48:10.571696
case_497,c,2025-02-24 19:53:10.571696
case_497,a,2025-02-24 19:58:10.571696
case_497,c,2025-02-24 20:03:10.571696
case_497,c,2025-02-24 20:08:10.571696
case_497,a,2025-02-24 20:13:10.571696
case_497,c,2025-02-24 20:18:10.571696
case_497,a,2025-02-24 20:23:10.571696
case_497,a,2025-02-24 20:28:10.571696
case_497,c,2025-02-24 20:33:10.571696
case_497,b,2025-02-24 20:38:10.571696
case_497,b,2025-02-24 20:43:10.571696
case_497,c,2025-02-24 20:48:10.571696
case_497,a,2025-02-24 20:53:10.571696
case_497,c,2025-02-24 20:58:10.571696
case_497,c,2025-02-24 21:03:10.571696
case_498,b,2025-02-24 19:28:10.571726
case_498,b,2025-02-24 19:33:10.571726
case_498,b,2025-02-24 19:38:10.571726
case_498,c,2025-02-24 19:43:10.571726
case_498,b,2025-02-24 19:48:10.571726
case_498,b,2025-02-24 19:53:10.571726
case_498,c,2025-02-24 19:58:10.571726
case_498,c,2025-02-24 20:03:10.571726
case_498,a,2025-02-24 20:08:10.571726
case_498,b,2025-02-24 20:13:10.571726
case_498,b,2025-02-24 20:18:10.571726
case_498,b,2025-02-24 20:23:10.571726
case_498,b,2025-02-24 20:28:10.571726
case_498,c,2025-02-24 20:33:10.571726
case_498,b,2025-02-24 20:38:10.571726
case_498,b,2025-02-24 20:43:10.571726
case_498,c,2025-02-24 20:48:10.571726
case_498,c,2025-02-24 20:53:10.571726
case_498,a,2025-02-24 20:58:10.571726
case_498,a,2025-02-24 21:03:10.571726
case_499,b,2025-02-24 19:28:10.571756
case_499,b,2025-02-24 19:33:10.571756
case_499,b,2025-02-24 19:38:10.571756
case_499,b,2025-02-24 19:43:10.571756
case_499,c,2025-02-24 19:48:10.571756
case_499,a,2025-02-24 19:53:10.571756
case_499,b,2025-02-24 19:58:10.571756
case_499,a,2025-02-24 20:03:10.571756
case_499,a,2025-02-24 20:08:10.571756
case_499,a,2025-02-24 20:13:10.571756
case_499,a,2025-02-24 20:18:10.571756
case_499,c,2025-02-24 20:23:10.571756
case_499,b,2025-02-24 20:28:10.571756
case_499,c,2025-02-24 20:33:10.571756
case_499,c,2025-02-24 20:38:10.571756
case_499,a,2025-02-24 20:43:10.571756
case_499,b,2025-02-24 20:48:10.571756
case_499,a,2025-02-24 20:53:10.571756
case_499,c,2025-02-24 20:58:10.571756
case_499,a,2025-02-24 21:03:10.571756
case_500,a,2025-02-24 19:28:10.571787
case_500,c,2025-02-24 19:33:10.571787
case_500,a,2025-02-24 19:38:10.571787
case_500,c,2025-02-24 19:43:10.571787
case_500,c,2025-02-24 19:48:10.571787
case_500,c,2025-02-24 19:53:10.571787
case_500,a,2025-02-24 19:58:10.571787
case_500,c,2025-02-24 20:03:10.571787
case_500,a,2025-02-24 20:08:10.571787
case_500,c,2025-02-24 20:13:10.571787
case_500,b,2025-02-24 20:18:10.571787
case_500,c,2025-02-24 20:23:10.571787
case_500,c,2025-02-24 20:28:10.571787
case_500,a,2025-02-24 20:33:10.571787
case_500,a,2025-02-24 20:38:10.571787
case_500,a,2025-02-24 20:43:10.571787
case_500,b,2025-02-24 20:48:10.571787
case_500,b,2025-02-24 20:53:10.571787
case_500,b,2025-02-24 20:58:10.571787
case_500,c,2025-02-24 21:03:10.571787
case_501,c,2025-02-24 19:28:10.571817
case_501,c,2025-02-24 19:33:10.571817
case_501,a,2025-02-24 19:38:10.571817
case_501,a,2025-02-24 19:43:10.571817
case_501,b,2025-02-24 19:48:10.571817
case_501,b,2025-02-24 19:53:10.571817
case_501,b,2025-02-24 19:58:10.571817
case_501,a,2025-02-24 20:03:10.571817
case_501,a,2025-02-24 20:08:10.571817
case_501,a,2025-02-24 20:13:10.571817
case_501,c,2025-02-24 20:18:10.571817
case_501,b,2025-02-24 20:23:10.571817
case_501,a,2025-02-24 20:28:10.571817
case_501,c,2025-02-24 20:33:10.571817
case_501,b,2025-02-24 20:38:10.571817
case_501,a,2025-02-24 20:43:10.571817
case_501,b,2025-02-24 20:48:10.571817
case_501,a,2025-02-24 20:53:10.571817
case_501,c,2025-02-24 20:58:10.571817
case_501,a,2025-02-24 21:03:10.571817
case_502,c,2025-02-24 19:28:10.571848
case_502,c,2025-02-24 19:33:10.571848
case_502,c,2025-02-24 19:38:10.571848
case_502,a,2025-02-24 19:43:10.571848
case_502,b,2025-02-24 19:48:10.571848
case_502,c,2025-02-24 19:53:10.571848
case_502,a,2025-02-24 19:58:10.571848
case_502,a,2025-02-24 20:03:10.571848
case_502,b,2025-02-24 20:08:10.571848
case_502,a,2025-02-24 20:13:10.571848
case_502,b,2025-02-24 20:18:10.571848
case_502,a,2025-02-24 20:23:10.571848
case_502,c,2025-02-24 20:28:10.571848
case_502,b,2025-02-24 20:33:10.571848
case_502,b,2025-02-24 20:38:10.571848
case_502,c,2025-02-24 20:43:10.571848
case_502,c,2025-02-24 20:48:10.571848
case_502,b,2025-02-24 20:53:10.571848
case_502,c,2025-02-24 20:58:10.571848
case_502,a,2025-02-24 21:03:10.571848
case_503,a,2025-02-24 19:28:10.571878
case_503,b,2025-02-24 19:33:10.571878
case_503,a,2025-02-24 19:38:10.571878
case_503,b,2025-02-24 19:43:10.571878
case_503,b,2025-02-24 19:48:10.571878
case_503,a,2025-02-24 19:53:10.571878
case_503,c,2025-02-24 19:58:10.571878
case_503,c,2025-02-24 20:03:10.571878
case_503,b,2025-02-24 20:08:10.571878
case_503,c,2025-02-24 20:13:10.571878
case_503,c,2025-02-24 20:18:10.571878
case_503,b,2025-02-24 20:23:10.571878
case_503,a,2025-02-24 20:28:10.571878
case_503,c,2025-02-24 20:33:10.571878
case_503,a,2025-02-24 20:38:10.571878
case_503,b,2025-02-24 20:43:10.571878
case_503,a,2025-02-24 20:48:10.571878
case_503,c,2025-02-24 20:53:10.571878
case_503,a,2025-02-24 20:58:10.571878
case_503,a,2025-02-24 21:03:10.571878
case_504,b,2025-02-24 19:28:10.571908
case_504,a,2025-02-24 19:33:10.571908
case_504,c,2025-02-24 19:38:10.571908
case_504,c,2025-02-24 19:43:10.571908
case_504,c,2025-02-24 19:48:10.571908
case_504,b,2025-02-24 19:53:10.571908
case_504,b,2025-02-24 19:58:10.571908
case_504,a,2025-02-24 20:03:10.571908
case_504,a,2025-02-24 20:08:10.571908
case_504,c,2025-02-24 20:13:10.571908
case_504,c,2025-02-24 20:18:10.571908
case_504,c,2025-02-24 20:23:10.571908
case_504,a,2025-02-24 20:28:10.571908
case_504,c,2025-02-24 20:33:10.571908
case_504,c,2025-02-24 20:38:10.571908
case_504,c,2025-02-24 20:43:10.571908
case_504,b,2025-02-24 20:48:10.571908
case_504,b,2025-02-24 20:53:10.571908
case_504,b,2025-02-24 20:58:10.571908
case_504,c,2025-02-24 21:03:10.571908
case_505,b,2025-02-24 19:28:10.571939
case_505,b,2025-02-24 19:33:10.571939
case_505,c,2025-02-24 19:38:10.571939
case_505,b,2025-02-24 19:43:10.571939
case_505,c,2025-02-24 19:48:10.571939
case_505,c,2025-02-24 19:53:10.571939
case_505,c,2025-02-24 19:58:10.571939
case_505,a,2025-02-24 20:03:10.571939
case_505,a,2025-02-24 20:08:10.571939
case_505,a,2025-02-24 20:13:10.571939
case_505,c,2025-02-24 20:18:10.571939
case_505,b,2025-02-24 20:23:10.571939
case_505,b,2025-02-24 20:28:10.571939
case_505,c,2025-02-24 20:33:10.571939
case_505,c,2025-02-24 20:38:10.571939
case_505,b,2025-02-24 20:43:10.571939
case_505,c,2025-02-24 20:48:10.571939
case_505,b,2025-02-24 20:53:10.571939
case_505,b,2025-02-24 20:58:10.571939
case_505,c,2025-02-24 21:03:10.571939
case_506,b,2025-02-24 19:28:10.571969
case_506,c,2025-02-24 19:33:10.571969
case_506,c,2025-02-24 19:38:10.571969
case_506,b,2025-02-24 19:43:10.571969
case_506,a,2025-02-24 19:48:10.571969
case_506,b,2025-02-24 19:53:10.571969
case_506,b,2025-02-24 19:58:10.571969
case_506,b,2025-02-24 20:03:10.571969
case_506,a,2025-02-24 20:08:10.571969
case_506,a,2025-02-24 20:13:10.571969
case_506,c,2025-02-24 20:18:10.571969
case_506,b,2025-02-24 20:23:10.571969
case_506,c,2025-02-24 20:28:10.571969
case_506,c,2025-02-24 20:33:10.571969
case_506,c,2025-02-24 20:38:10.571969
case_506,c,2025-02-24 20:43:10.571969
case_506,c,2025-02-24 20:48:10.571969
case_506,a,2025-02-24 20:53:10.571969
case_506,a,2025-02-24 20:58:10.571969
case_506,c,2025-02-24 21:03:10.571969
case_507,b,2025-02-24 19:28:10.571999
case_507,b,2025-02-24 19:33:10.571999
case_507,c,2025-02-24 19:38:10.571999
case_507,b,2025-02-24 19:43:10.571999
case_507,c,2025-02-24 19:48:10.571999
case_507,c,2025-02-24 19:53:10.571999
case_507,c,2025-02-24 19:58:10.571999
case_507,b,2025-02-24 20:03:10.571999
case_507,b,2025-02-24 20:08:10.571999
case_507,c,2025-02-24 20:13:10.571999
case_507,c,2025-02-24 20:18:10.571999
case_507,c,2025-02-24 20:23:10.571999
case_507,a,2025-02-24 20:28:10.571999
case_507,b,2025-02-24 20:33:10.571999
case_507,a,2025-02-24 20:38:10.571999
case_507,b,2025-02-24 20:43:10.571999
case_507,b,2025-02-24 20:48:10.571999
case_507,c,2025-02-24 20:53:10.571999
case_507,a,2025-02-24 20:58:10.571999
case_507,a,2025-02-24 21:03:10.571999
case_508,a,2025-02-24 19:28:10.572030
case_508,a,2025-02-24 19:33:10.572030
case_508,a,2025-02-24 19:38:10.572030
case_508,b,2025-02-24 19:43:10.572030
case_508,b,2025-02-24 19:48:10.572030
case_508,c,2025-02-24 19:53:10.572030
case_508,c,2025-02-24 19:58:10.572030
case_508,a,2025-02-24 20:03:10.572030
case_508,b,2025-02-24 20:08:10.572030
case_508,b,2025-02-24 20:13:10.572030
case_508,b,2025-02-24 20:18:10.572030
case_508,c,2025-02-24 20:23:10.572030
case_508,b,2025-02-24 20:28:10.572030
case_508,b,2025-02-24 20:33:10.572030
case_508,c,2025-02-24 20:38:10.572030
case_508,c,2025-02-24 20:43:10.572030
case_508,b,2025-02-24 20:48:10.572030
case_508,c,2025-02-24 20:53:10.572030
case_508,b,2025-02-24 20:58:10.572030
case_508,a,2025-02-24 21:03:10.572030
case_509,b,2025-02-24 19:28:10.572060
case_509,b,2025-02-24 19:33:10.572060
case_509,c,2025-02-24 19:38:10.572060
case_509,a,2025-02-24 19:43:10.572060
case_509,c,2025-02-24 19:48:10.572060
case_509,c,2025-02-24 19:53:10.572060
case_509,a,2025-02-24 19:58:10.572060
case_509,c,2025-02-24 20:03:10.572060
case_509,a,2025-02-24 20:08:10.572060
case_509,b,2025-02-24 20:13:10.572060
case_509,b,2025-02-24 20:18:10.572060
case_509,b,2025-02-24 20:23:10.572060
case_509,b,2025-02-24 20:28:10.572060
case_509,a,2025-02-24 20:33:10.572060
case_509,b,2025-02-24 20:38:10.572060
case_509,b,2025-02-24 20:43:10.572060
case_509,b,2025-02-24 20:48:10.572060
case_509,c,2025-02-24 20:53:10.572060
case_509,a,2025-02-24 20:58:10.572060
case_509,a,2025-02-24 21:03:10.572060
case_510,b,2025-02-24 19:28:10.572090
case_510,a,2025-02-24 19:33:10.572090
case_510,a,2025-02-24 19:38:10.572090
case_510,c,2025-02-24 19:43:10.572090
case_510,c,2025-02-24 19:48:10.572090
case_510,a,2025-02-24 19:53:10.572090
case_510,b,2025-02-24 19:58:10.572090
case_510,b,2025-02-24 20:03:10.572090
case_510,a,2025-02-24 20:08:10.572090
case_510,c,2025-02-24 20:13:10.572090
case_510,b,2025-02-24 20:18:10.572090
case_510,b,2025-02-24 20:23:10.572090
case_510,a,2025-02-24 20:28:10.572090
case_510,b,2025-02-24 20:33:10.572090
case_510,b,2025-02-24 20:38:10.572090
case_510,b,2025-02-24 20:43:10.572090
case_510,a,2025-02-24 20:48:10.572090
case_510,b,2025-02-24 20:53:10.572090
case_510,c,2025-02-24 20:58:10.572090
case_510,b,2025-02-24 21:03:10.572090
case_511,c,2025-02-24 19:28:10.572120
case_511,b,2025-02-24 19:33:10.572120
case_511,a,2025-02-24 19:38:10.572120
case_511,b,2025-02-24 19:43:10.572120
case_511,b,2025-02-24 19:48:10.572120
case_511,b,2025-02-24 19:53:10.572120
case_511,b,2025-02-24 19:58:10.572120
case_511,c,2025-02-24 20:03:10.572120
case_511,c,2025-02-24 20:08:10.572120
case_511,a,2025-02-24 20:13:10.572120
case_511,a,2025-02-24 20:18:10.572120
case_511,a,2025-02-24 20:23:10.572120
case_511,c,2025-02-24 20:28:10.572120
case_511,a,2025-02-24 20:33:10.572120
case_511,a,2025-02-24 20:38:10.572120
case_511,b,2025-02-24 20:43:10.572120
case_511,a,2025-02-24 20:48:10.572120
case_511,a,2025-02-24 20:53:10.572120
case_511,a,2025-02-24 20:58:10.572120
case_511,c,2025-02-24 21:03:10.572120
case_512,c,2025-02-24 19:28:10.572151
case_512,c,2025-02-24 19:33:10.572151
case_512,c,2025-02-24 19:38:10.572151
case_512,a,2025-02-24 19:43:10.572151
case_512,a,2025-02-24 19:48:10.572151
case_512,a,2025-02-24 19:53:10.572151
case_512,b,2025-02-24 19:58:10.572151
case_512,c,2025-02-24 20:03:10.572151
case_512,c,2025-02-24 20:08:10.572151
case_512,c,2025-02-24 20:13:10.572151
case_512,a,2025-02-24 20:18:10.572151
case_512,a,2025-02-24 20:23:10.572151
case_512,a,2025-02-24 20:28:10.572151
case_512,c,2025-02-24 20:33:10.572151
case_512,c,2025-02-24 20:38:10.572151
case_512,a,2025-02-24 20:43:10.572151
case_512,b,2025-02-24 20:48:10.572151
case_512,c,2025-02-24 20:53:10.572151
case_512,b,2025-02-24 20:58:10.572151
case_512,b,2025-02-24 21:03:10.572151
case_513,a,2025-02-24 19:28:10.572182
case_513,b,2025-02-24 19:33:10.572182
case_513,c,2025-02-24 19:38:10.572182
case_513,c,2025-02-24 19:43:10.572182
case_513,b,2025-02-24 19:48:10.572182
case_513,a,2025-02-24 19:53:10.572182
case_513,a,2025-02-24 19:58:10.572182
case_513,a,2025-02-24 20:03:10.572182
case_513,a,2025-02-24 20:08:10.572182
case_513,a,2025-02-24 20:13:10.572182
case_513,c,2025-02-24 20:18:10.572182
case_513,c,2025-02-24 20:23:10.572182
case_513,a,2025-02-24 20:28:10.572182
case_513,a,2025-02-24 20:33:10.572182
case_513,b,2025-02-24 20:38:10.572182
case_513,b,2025-02-24 20:43:10.572182
case_513,c,2025-02-24 20:48:10.572182
case_513,c,2025-02-24 20:53:10.572182
case_513,a,2025-02-24 20:58:10.572182
case_513,a,2025-02-24 21:03:10.572182
case_514,c,2025-02-24 19:28:10.572212
case_514,a,2025-02-24 19:33:10.572212
case_514,b,2025-02-24 19:38:10.572212
case_514,a,2025-02-24 19:43:10.572212
case_514,c,2025-02-24 19:48:10.572212
case_514,c,2025-02-24 19:53:10.572212
case_514,a,2025-02-24 19:58:10.572212
case_514,a,2025-02-24 20:03:10.572212
case_514,c,2025-02-24 20:08:10.572212
case_514,b,2025-02-24 20:13:10.572212
case_514,b,2025-02-24 20:18:10.572212
case_514,c,2025-02-24 20:23:10.572212
case_514,b,2025-02-24 20:28:10.572212
case_514,a,2025-02-24 20:33:10.572212
case_514,b,2025-02-24 20:38:10.572212
case_514,c,2025-02-24 20:43:10.572212
case_514,a,2025-02-24 20:48:10.572212
case_514,b,2025-02-24 20:53:10.572212
case_514,c,2025-02-24 20:58:10.572212
case_514,b,2025-02-24 21:03:10.572212
case_515,b,2025-02-24 19:28:10.572242
case_515,b,2025-02-24 19:33:10.572242
case_515,c,2025-02-24 19:38:10.572242
case_515,c,2025-02-24 19:43:10.572242
case_515,b,2025-02-24 19:48:10.572242
case_515,c,2025-02-24 19:53:10.572242
case_515,b,2025-02-24 19:58:10.572242
case_515,a,2025-02-24 20:03:10.572242
case_515,a,2025-02-24 20:08:10.572242
case_515,a,2025-02-24 20:13:10.572242
case_515,c,2025-02-24 20:18:10.572242
case_515,c,2025-02-24 20:23:10.572242
case_515,a,2025-02-24 20:28:10.572242
case_515,b,2025-02-24 20:33:10.572242
case_515,c,2025-02-24 20:38:10.572242
case_515,a,2025-02-24 20:43:10.572242
case_515,c,2025-02-24 20:48:10.572242
case_515,a,2025-02-24 20:53:10.572242
case_515,a,2025-02-24 20:58:10.572242
case_515,a,2025-02-24 21:03:10.572242
case_516,a,2025-02-24 19:28:10.572272
case_516,b,2025-02-24 19:33:10.572272
case_516,c,2025-02-24 19:38:10.572272
case_516,a,2025-02-24 19:43:10.572272
case_516,a,2025-02-24 19:48:10.572272
case_516,c,2025-02-24 19:53:10.572272
case_516,a,2025-02-24 19:58:10.572272
case_516,b,2025-02-24 20:03:10.572272
case_516,c,2025-02-24 20:08:10.572272
case_516,a,2025-02-24 20:13:10.572272
case_516,c,2025-02-24 20:18:10.572272
case_516,c,2025-02-24 20:23:10.572272
case_516,a,2025-02-24 20:28:10.572272
case_516,c,2025-02-24 20:33:10.572272
case_516,a,2025-02-24 20:38:10.572272
case_516,b,2025-02-24 20:43:10.572272
case_516,b,2025-02-24 20:48:10.572272
case_516,b,2025-02-24 20:53:10.572272
case_516,c,2025-02-24 20:58:10.572272
case_516,c,2025-02-24 21:03:10.572272
case_517,b,2025-02-24 19:28:10.572303
case_517,c,2025-02-24 19:33:10.572303
case_517,b,2025-02-24 19:38:10.572303
case_517,b,2025-02-24 19:43:10.572303
case_517,c,2025-02-24 19:48:10.572303
case_517,a,2025-02-24 19:53:10.572303
case_517,c,2025-02-24 19:58:10.572303
case_517,a,2025-02-24 20:03:10.572303
case_517,b,2025-02-24 20:08:10.572303
case_517,c,2025-02-24 20:13:10.572303
case_517,a,2025-02-24 20:18:10.572303
case_517,c,2025-02-24 20:23:10.572303
case_517,a,2025-02-24 20:28:10.572303
case_517,c,2025-02-24 20:33:10.572303
case_517,b,2025-02-24 20:38:10.572303
case_517,c,2025-02-24 20:43:10.572303
case_517,b,2025-02-24 20:48:10.572303
case_517,a,2025-02-24 20:53:10.572303
case_517,a,2025-02-24 20:58:10.572303
case_517,b,2025-02-24 21:03:10.572303
case_518,a,2025-02-24 19:28:10.572334
case_518,b,2025-02-24 19:33:10.572334
case_518,a,2025-02-24 19:38:10.572334
case_518,c,2025-02-24 19:43:10.572334
case_518,a,2025-02-24 19:48:10.572334
case_518,c,2025-02-24 19:53:10.572334
case_518,c,2025-02-24 19:58:10.572334
case_518,c,2025-02-24 20:03:10.572334
case_518,a,2025-02-24 20:08:10.572334
case_518,c,2025-02-24 20:13:10.572334
case_518,a,2025-02-24 20:18:10.572334
case_518,a,2025-02-24 20:23:10.572334
case_518,c,2025-02-24 20:28:10.572334
case_518,b,2025-02-24 20:33:10.572334
case_518,b,2025-02-24 20:38:10.572334
case_518,b,2025-02-24 20:43:10.572334
case_518,c,2025-02-24 20:48:10.572334
case_518,a,2025-02-24 20:53:10.572334
case_518,a,2025-02-24 20:58:10.572334
case_518,b,2025-02-24 21:03:10.572334
case_519,a,2025-02-24 19:28:10.572363
case_519,c,2025-02-24 19:33:10.572363
case_519,b,2025-02-24 19:38:10.572363
case_519,b,2025-02-24 19:43:10.572363
case_519,a,2025-02-24 19:48:10.572363
case_519,c,2025-02-24 19:53:10.572363
case_519,c,2025-02-24 19:58:10.572363
case_519,b,2025-02-24 20:03:10.572363
case_519,a,2025-02-24 20:08:10.572363
case_519,c,2025-02-24 20:13:10.572363
case_519,a,2025-02-24 20:18:10.572363
case_519,b,2025-02-24 20:23:10.572363
case_519,c,2025-02-24 20:28:10.572363
case_519,a,2025-02-24 20:33:10.572363
case_519,a,2025-02-24 20:38:10.572363
case_519,c,2025-02-24 20:43:10.572363
case_519,c,2025-02-24 20:48:10.572363
case_519,b,2025-02-24 20:53:10.572363
case_519,b,2025-02-24 20:58:10.572363
case_519,b,2025-02-24 21:03:10.572363
case_520,a,2025-02-24 19:28:10.572393
case_520,b,2025-02-24 19:33:10.572393
case_520,a,2025-02-24 19:38:10.572393
case_520,a,2025-02-24 19:43:10.572393
case_520,a,2025-02-24 19:48:10.572393
case_520,c,2025-02-24 19:53:10.572393
case_520,c,2025-02-24 19:58:10.572393
case_520,a,2025-02-24 20:03:10.572393
case_520,b,2025-02-24 20:08:10.572393
case_520,a,2025-02-24 20:13:10.572393
case_520,c,2025-02-24 20:18:10.572393
case_520,a,2025-02-24 20:23:10.572393
case_520,b,2025-02-24 20:28:10.572393
case_520,c,2025-02-24 20:33:10.572393
case_520,c,2025-02-24 20:38:10.572393
case_520,c,2025-02-24 20:43:10.572393
case_520,b,2025-02-24 20:48:10.572393
case_520,c,2025-02-24 20:53:10.572393
case_520,b,2025-02-24 20:58:10.572393
case_520,b,2025-02-24 21:03:10.572393
case_521,c,2025-02-24 19:28:10.572423
case_521,b,2025-02-24 19:33:10.572423
case_521,b,2025-02-24 19:38:10.572423
case_521,b,2025-02-24 19:43:10.572423
case_521,a,2025-02-24 19:48:10.572423
case_521,a,2025-02-24 19:53:10.572423
case_521,b,2025-02-24 19:58:10.572423
case_521,b,2025-02-24 20:03:10.572423
case_521,a,2025-02-24 20:08:10.572423
case_521,c,2025-02-24 20:13:10.572423
case_521,b,2025-02-24 20:18:10.572423
case_521,b,2025-02-24 20:23:10.572423
case_521,a,2025-02-24 20:28:10.572423
case_521,c,2025-02-24 20:33:10.572423
case_521,a,2025-02-24 20:38:10.572423
case_521,a,2025-02-24 20:43:10.572423
case_521,a,2025-02-24 20:48:10.572423
case_521,b,2025-02-24 20:53:10.572423
case_521,a,2025-02-24 20:58:10.572423
case_521,a,2025-02-24 21:03:10.572423
case_522,a,2025-02-24 19:28:10.572453
case_522,b,2025-02-24 19:33:10.572453
case_522,b,2025-02-24 19:38:10.572453
case_522,b,2025-02-24 19:43:10.572453
case_522,b,2025-02-24 19:48:10.572453
case_522,a,2025-02-24 19:53:10.572453
case_522,c,2025-02-24 19:58:10.572453
case_522,c,2025-02-24 20:03:10.572453
case_522,b,2025-02-24 20:08:10.572453
case_522,b,2025-02-24 20:13:10.572453
case_522,b,2025-02-24 20:18:10.572453
case_522,a,2025-02-24 20:23:10.572453
case_522,b,2025-02-24 20:28:10.572453
case_522,c,2025-02-24 20:33:10.572453
case_522,c,2025-02-24 20:38:10.572453
case_522,b,2025-02-24 20:43:10.572453
case_522,a,2025-02-24 20:48:10.572453
case_522,b,2025-02-24 20:53:10.572453
case_522,a,2025-02-24 20:58:10.572453
case_522,a,2025-02-24 21:03:10.572453
case_523,c,2025-02-24 19:28:10.572482
case_523,a,2025-02-24 19:33:10.572482
case_523,b,2025-02-24 19:38:10.572482
case_523,b,2025-02-24 19:43:10.572482
case_523,c,2025-02-24 19:48:10.572482
case_523,a,2025-02-24 19:53:10.572482
case_523,c,2025-02-24 19:58:10.572482
case_523,a,2025-02-24 20:03:10.572482
case_523,a,2025-02-24 20:08:10.572482
case_523,a,2025-02-24 20:13:10.572482
case_523,c,2025-02-24 20:18:10.572482
case_523,c,2025-02-24 20:23:10.572482
case_523,c,2025-02-24 20:28:10.572482
case_523,c,2025-02-24 20:33:10.572482
case_523,b,2025-02-24 20:38:10.572482
case_523,b,2025-02-24 20:43:10.572482
case_523,c,2025-02-24 20:48:10.572482
case_523,a,2025-02-24 20:53:10.572482
case_523,a,2025-02-24 20:58:10.572482
case_523,a,2025-02-24 21:03:10.572482
case_524,c,2025-02-24 19:28:10.572512
case_524,b,2025-02-24 19:33:10.572512
case_524,a,2025-02-24 19:38:10.572512
case_524,a,2025-02-24 19:43:10.572512
case_524,b,2025-02-24 19:48:10.572512
case_524,c,2025-02-24 19:53:10.572512
case_524,b,2025-02-24 19:58:10.572512
case_524,c,2025-02-24 20:03:10.572512
case_524,c,2025-02-24 20:08:10.572512
case_524,c,2025-02-24 20:13:10.572512
case_524,b,2025-02-24 20:18:10.572512
case_524,b,2025-02-24 20:23:10.572512
case_524,c,2025-02-24 20:28:10.572512
case_524,b,2025-02-24 20:33:10.572512
case_524,a,2025-02-24 20:38:10.572512
case_524,b,2025-02-24 20:43:10.572512
case_524,a,2025-02-24 20:48:10.572512
case_524,a,2025-02-24 20:53:10.572512
case_524,a,2025-02-24 20:58:10.572512
case_524,c,2025-02-24 21:03:10.572512
case_525,c,2025-02-24 19:28:10.572542
case_525,a,2025-02-24 19:33:10.572542
case_525,a,2025-02-24 19:38:10.572542
case_525,c,2025-02-24 19:43:10.572542
case_525,c,2025-02-24 19:48:10.572542
case_525,c,2025-02-24 19:53:10.572542
case_525,c,2025-02-24 19:58:10.572542
case_525,b,2025-02-24 20:03:10.572542
case_525,b,2025-02-24 20:08:10.572542
case_525,a,2025-02-24 20:13:10.572542
case_525,b,2025-02-24 20:18:10.572542
case_525,c,2025-02-24 20:23:10.572542
case_525,b,2025-02-24 20:28:10.572542
case_525,b,2025-02-24 20:33:10.572542
case_525,b,2025-02-24 20:38:10.572542
case_525,b,2025-02-24 20:43:10.572542
case_525,a,2025-02-24 20:48:10.572542
case_525,b,2025-02-24 20:53:10.572542
case_525,b,2025-02-24 20:58:10.572542
case_525,b,2025-02-24 21:03:10.572542
case_526,b,2025-02-24 19:28:10.572571
case_526,b,2025-02-24 19:33:10.572571
case_526,c,2025-02-24 19:38:10.572571
case_526,c,2025-02-24 19:43:10.572571
case_526,a,2025-02-24 19:48:10.572571
case_526,b,2025-02-24 19:53:10.572571
case_526,a,2025-02-24 19:58:10.572571
case_526,a,2025-02-24 20:03:10.572571
case_526,c,2025-02-24 20:08:10.572571
case_526,c,2025-02-24 20:13:10.572571
case_526,a,2025-02-24 20:18:10.572571
case_526,b,2025-02-24 20:23:10.572571
case_526,a,2025-02-24 20:28:10.572571
case_526,a,2025-02-24 20:33:10.572571
case_526,c,2025-02-24 20:38:10.572571
case_526,c,2025-02-24 20:43:10.572571
case_526,c,2025-02-24 20:48:10.572571
case_526,a,2025-02-24 20:53:10.572571
case_526,a,2025-02-24 20:58:10.572571
case_526,a,2025-02-24 21:03:10.572571
case_527,c,2025-02-24 19:28:10.572601
case_527,b,2025-02-24 19:33:10.572601
case_527,b,2025-02-24 19:38:10.572601
case_527,a,2025-02-24 19:43:10.572601
case_527,a,2025-02-24 19:48:10.572601
case_527,a,2025-02-24 19:53:10.572601
case_527,b,2025-02-24 19:58:10.572601
case_527,a,2025-02-24 20:03:10.572601
case_527,b,2025-02-24 20:08:10.572601
case_527,c,2025-02-24 20:13:10.572601
case_527,a,2025-02-24 20:18:10.572601
case_527,b,2025-02-24 20:23:10.572601
case_527,c,2025-02-24 20:28:10.572601
case_527,a,2025-02-24 20:33:10.572601
case_527,a,2025-02-24 20:38:10.572601
case_527,a,2025-02-24 20:43:10.572601
case_527,a,2025-02-24 20:48:10.572601
case_527,a,2025-02-24 20:53:10.572601
case_527,c,2025-02-24 20:58:10.572601
case_527,b,2025-02-24 21:03:10.572601
case_528,b,2025-02-24 19:28:10.572631
case_528,c,2025-02-24 19:33:10.572631
case_528,a,2025-02-24 19:38:10.572631
case_528,b,2025-02-24 19:43:10.572631
case_528,b,2025-02-24 19:48:10.572631
case_528,a,2025-02-24 19:53:10.572631
case_528,a,2025-02-24 19:58:10.572631
case_528,c,2025-02-24 20:03:10.572631
case_528,b,2025-02-24 20:08:10.572631
case_528,a,2025-02-24 20:13:10.572631
case_528,b,2025-02-24 20:18:10.572631
case_528,c,2025-02-24 20:23:10.572631
case_528,c,2025-02-24 20:28:10.572631
case_528,c,2025-02-24 20:33:10.572631
case_528,b,2025-02-24 20:38:10.572631
case_528,a,2025-02-24 20:43:10.572631
case_528,b,2025-02-24 20:48:10.572631
case_528,a,2025-02-24 20:53:10.572631
case_528,a,2025-02-24 20:58:10.572631
case_528,a,2025-02-24 21:03:10.572631
case_529,c,2025-02-24 19:28:10.572661
case_529,c,2025-02-24 19:33:10.572661
case_529,b,2025-02-24 19:38:10.572661
case_529,b,2025-02-24 19:43:10.572661
case_529,c,2025-02-24 19:48:10.572661
case_529,c,2025-02-24 19:53:10.572661
case_529,c,2025-02-24 19:58:10.572661
case_529,a,2025-02-24 20:03:10.572661
case_529,c,2025-02-24 20:08:10.572661
case_529,c,2025-02-24 20:13:10.572661
case_529,c,2025-02-24 20:18:10.572661
case_529,c,2025-02-24 20:23:10.572661
case_529,c,2025-02-24 20:28:10.572661
case_529,b,2025-02-24 20:33:10.572661
case_529,b,2025-02-24 20:38:10.572661
case_529,a,2025-02-24 20:43:10.572661
case_529,a,2025-02-24 20:48:10.572661
case_529,c,2025-02-24 20:53:10.572661
case_529,c,2025-02-24 20:58:10.572661
case_529,a,2025-02-24 21:03:10.572661
case_530,b,2025-02-24 19:28:10.572690
case_530,b,2025-02-24 19:33:10.572690
case_530,b,2025-02-24 19:38:10.572690
case_530,a,2025-02-24 19:43:10.572690
case_530,b,2025-02-24 19:48:10.572690
case_530,a,2025-02-24 19:53:10.572690
case_530,b,2025-02-24 19:58:10.572690
case_530,b,2025-02-24 20:03:10.572690
case_530,b,2025-02-24 20:08:10.572690
case_530,c,2025-02-24 20:13:10.572690
case_530,b,2025-02-24 20:18:10.572690
case_530,b,2025-02-24 20:23:10.572690
case_530,c,2025-02-24 20:28:10.572690
case_530,b,2025-02-24 20:33:10.572690
case_530,a,2025-02-24 20:38:10.572690
case_530,a,2025-02-24 20:43:10.572690
case_530,c,2025-02-24 20:48:10.572690
case_530,c,2025-02-24 20:53:10.572690
case_530,a,2025-02-24 20:58:10.572690
case_530,c,2025-02-24 21:03:10.572690
case_531,c,2025-02-24 19:28:10.572720
case_531,a,2025-02-24 19:33:10.572720
case_531,c,2025-02-24 19:38:10.572720
case_531,b,2025-02-24 19:43:10.572720
case_531,c,2025-02-24 19:48:10.572720
case_531,b,2025-02-24 19:53:10.572720
case_531,a,2025-02-24 19:58:10.572720
case_531,c,2025-02-24 20:03:10.572720
case_531,b,2025-02-24 20:08:10.572720
case_531,a,2025-02-24 20:13:10.572720
case_531,b,2025-02-24 20:18:10.572720
case_531,c,2025-02-24 20:23:10.572720
case_531,c,2025-02-24 20:28:10.572720
case_531,a,2025-02-24 20:33:10.572720
case_531,c,2025-02-24 20:38:10.572720
case_531,b,2025-02-24 20:43:10.572720
case_531,a,2025-02-24 20:48:10.572720
case_531,a,2025-02-24 20:53:10.572720
case_531,b,2025-02-24 20:58:10.572720
case_531,b,2025-02-24 21:03:10.572720
case_532,c,2025-02-24 19:28:10.572750
case_532,a,2025-02-24 19:33:10.572750
case_532,b,2025-02-24 19:38:10.572750
case_532,b,2025-02-24 19:43:10.572750
case_532,c,2025-02-24 19:48:10.572750
case_532,b,2025-02-24 19:53:10.572750
case_532,b,2025-02-24 19:58:10.572750
case_532,a,2025-02-24 20:03:10.572750
case_532,c,2025-02-24 20:08:10.572750
case_532,a,2025-02-24 20:13:10.572750
case_532,b,2025-02-24 20:18:10.572750
case_532,a,2025-02-24 20:23:10.572750
case_532,c,2025-02-24 20:28:10.572750
case_532,c,2025-02-24 20:33:10.572750
case_532,c,2025-02-24 20:38:10.572750
case_532,c,2025-02-24 20:43:10.572750
case_532,b,2025-02-24 20:48:10.572750
case_532,c,2025-02-24 20:53:10.572750
case_532,a,2025-02-24 20:58:10.572750
case_532,a,2025-02-24 21:03:10.572750
case_533,b,2025-02-24 19:28:10.572785
case_533,b,2025-02-24 19:33:10.572785
case_533,c,2025-02-24 19:38:10.572785
case_533,b,2025-02-24 19:43:10.572785
case_533,a,2025-02-24 19:48:10.572785
case_533,b,2025-02-24 19:53:10.572785
case_533,c,2025-02-24 19:58:10.572785
case_533,b,2025-02-24 20:03:10.572785
case_533,a,2025-02-24 20:08:10.572785
case_533,b,2025-02-24 20:13:10.572785
case_533,b,2025-02-24 20:18:10.572785
case_533,b,2025-02-24 20:23:10.572785
case_533,c,2025-02-24 20:28:10.572785
case_533,a,2025-02-24 20:33:10.572785
case_533,b,2025-02-24 20:38:10.572785
case_533,a,2025-02-24 20:43:10.572785
case_533,c,2025-02-24 20:48:10.572785
case_533,b,2025-02-24 20:53:10.572785
case_533,a,2025-02-24 20:58:10.572785
case_533,a,2025-02-24 21:03:10.572785
case_534,c,2025-02-24 19:28:10.572815
case_534,a,2025-02-24 19:33:10.572815
case_534,c,2025-02-24 19:38:10.572815
case_534,c,2025-02-24 19:43:10.572815
case_534,a,2025-02-24 19:48:10.572815
case_534,b,2025-02-24 19:53:10.572815
case_534,c,2025-02-24 19:58:10.572815
case_534,a,2025-02-24 20:03:10.572815
case_534,c,2025-02-24 20:08:10.572815
case_534,b,2025-02-24 20:13:10.572815
case_534,c,2025-02-24 20:18:10.572815
case_534,c,2025-02-24 20:23:10.572815
case_534,c,2025-02-24 20:28:10.572815
case_534,b,2025-02-24 20:33:10.572815
case_534,b,2025-02-24 20:38:10.572815
case_534,a,2025-02-24 20:43:10.572815
case_534,c,2025-02-24 20:48:10.572815
case_534,a,2025-02-24 20:53:10.572815
case_534,a,2025-02-24 20:58:10.572815
case_534,b,2025-02-24 21:03:10.572815
case_535,c,2025-02-24 19:28:10.572844
case_535,b,2025-02-24 19:33:10.572844
case_535,a,2025-02-24 19:38:10.572844
case_535,a,2025-02-24 19:43:10.572844
case_535,c,2025-02-24 19:48:10.572844
case_535,a,2025-02-24 19:53:10.572844
case_535,a,2025-02-24 19:58:10.572844
case_535,c,2025-02-24 20:03:10.572844
case_535,a,2025-02-24 20:08:10.572844
case_535,a,2025-02-24 20:13:10.572844
case_535,b,2025-02-24 20:18:10.572844
case_535,c,2025-02-24 20:23:10.572844
case_535,c,2025-02-24 20:28:10.572844
case_535,b,2025-02-24 20:33:10.572844
case_535,a,2025-02-24 20:38:10.572844
case_535,c,2025-02-24 20:43:10.572844
case_535,b,2025-02-24 20:48:10.572844
case_535,a,2025-02-24 20:53:10.572844
case_535,b,2025-02-24 20:58:10.572844
case_535,b,2025-02-24 21:03:10.572844
case_536,b,2025-02-24 19:28:10.572874
case_536,b,2025-02-24 19:33:10.572874
case_536,b,2025-02-24 19:38:10.572874
case_536,a,2025-02-24 19:43:10.572874
case_536,a,2025-02-24 19:48:10.572874
case_536,c,2025-02-24 19:53:10.572874
case_536,b,2025-02-24 19:58:10.572874
case_536,c,2025-02-24 20:03:10.572874
case_536,b,2025-02-24 20:08:10.572874
case_536,a,2025-02-24 20:13:10.572874
case_536,b,2025-02-24 20:18:10.572874
case_536,b,2025-02-24 20:23:10.572874
case_536,c,2025-02-24 20:28:10.572874
case_536,c,2025-02-24 20:33:10.572874
case_536,b,2025-02-24 20:38:10.572874
case_536,a,2025-02-24 20:43:10.572874
case_536,b,2025-02-24 20:48:10.572874
case_536,b,2025-02-24 20:53:10.572874
case_536,c,2025-02-24 20:58:10.572874
case_536,c,2025-02-24 21:03:10.572874
case_537,a,2025-02-24 19:28:10.572904
case_537,a,2025-02-24 19:33:10.572904
case_537,a,2025-02-24 19:38:10.572904
case_537,a,2025-02-24 19:43:10.572904
case_537,a,2025-02-24 19:48:10.572904
case_537,c,2025-02-24 19:53:10.572904
case_537,a,2025-02-24 19:58:10.572904
case_537,a,2025-02-24 20:03:10.572904
case_537,c,2025-02-24 20:08:10.572904
case_537,b,2025-02-24 20:13:10.572904
case_537,c,2025-02-24 20:18:10.572904
case_537,a,2025-02-24 20:23:10.572904
case_537,b,2025-02-24 20:28:10.572904
case_537,a,2025-02-24 20:33:10.572904
case_537,a,2025-02-24 20:38:10.572904
case_537,a,2025-02-24 20:43:10.572904
case_537,c,2025-02-24 20:48:10.572904
case_537,c,2025-02-24 20:53:10.572904
case_537,b,2025-02-24 20:58:10.572904
case_537,b,2025-02-24 21:03:10.572904
case_538,b,2025-02-24 19:28:10.572933
case_538,b,2025-02-24 19:33:10.572933
case_538,b,2025-02-24 19:38:10.572933
case_538,c,2025-02-24 19:43:10.572933
case_538,c,2025-02-24 19:48:10.572933
case_538,a,2025-02-24 19:53:10.572933
case_538,b,2025-02-24 19:58:10.572933
case_538,c,2025-02-24 20:03:10.572933
case_538,a,2025-02-24 20:08:10.572933
case_538,a,2025-02-24 20:13:10.572933
case_538,b,2025-02-24 20:18:10.572933
case_538,b,2025-02-24 20:23:10.572933
case_538,b,2025-02-24 20:28:10.572933
case_538,c,2025-02-24 20:33:10.572933
case_538,a,2025-02-24 20:38:10.572933
case_538,a,2025-02-24 20:43:10.572933
case_538,b,2025-02-24 20:48:10.572933
case_538,b,2025-02-24 20:53:10.572933
case_538,a,2025-02-24 20:58:10.572933
case_538,c,2025-02-24 21:03:10.572933
case_539,b,2025-02-24 19:28:10.572963
case_539,a,2025-02-24 19:33:10.572963
case_539,b,2025-02-24 19:38:10.572963
case_539,a,2025-02-24 19:43:10.572963
case_539,a,2025-02-24 19:48:10.572963
case_539,c,2025-02-24 19:53:10.572963
case_539,a,2025-02-24 19:58:10.572963
case_539,a,2025-02-24 20:03:10.572963
case_539,c,2025-02-24 20:08:10.572963
case_539,b,2025-02-24 20:13:10.572963
case_539,c,2025-02-24 20:18:10.572963
case_539,c,2025-02-24 20:23:10.572963
case_539,c,2025-02-24 20:28:10.572963
case_539,b,2025-02-24 20:33:10.572963
case_539,a,2025-02-24 20:38:10.572963
case_539,b,2025-02-24 20:43:10.572963
case_539,c,2025-02-24 20:48:10.572963
case_539,a,2025-02-24 20:53:10.572963
case_539,b,2025-02-24 20:58:10.572963
case_539,b,2025-02-24 21:03:10.572963
case_540,a,2025-02-24 19:28:10.572992
case_540,c,2025-02-24 19:33:10.572992
case_540,a,2025-02-24 19:38:10.572992
case_540,c,2025-02-24 19:43:10.572992
case_540,c,2025-02-24 19:48:10.572992
case_540,c,2025-02-24 19:53:10.572992
case_540,a,2025-02-24 19:58:10.572992
case_540,a,2025-02-24 20:03:10.572992
case_540,c,2025-02-24 20:08:10.572992
case_540,a,2025-02-24 20:13:10.572992
case_540,a,2025-02-24 20:18:10.572992
case_540,b,2025-02-24 20:23:10.572992
case_540,b,2025-02-24 20:28:10.572992
case_540,b,2025-02-24 20:33:10.572992
case_540,a,2025-02-24 20:38:10.572992
case_540,a,2025-02-24 20:43:10.572992
case_540,b,2025-02-24 20:48:10.572992
case_540,b,2025-02-24 20:53:10.572992
case_540,c,2025-02-24 20:58:10.572992
case_540,a,2025-02-24 21:03:10.572992
case_541,b,2025-02-24 19:28:10.573022
case_541,a,2025-02-24 19:33:10.573022
case_541,b,2025-02-24 19:38:10.573022
case_541,b,2025-02-24 19:43:10.573022
case_541,a,2025-02-24 19:48:10.573022
case_541,c,2025-02-24 19:53:10.573022
case_541,a,2025-02-24 19:58:10.573022
case_541,a,2025-02-24 20:03:10.573022
case_541,a,2025-02-24 20:08:10.573022
case_541,a,2025-02-24 20:13:10.573022
case_541,a,2025-02-24 20:18:10.573022
case_541,c,2025-02-24 20:23:10.573022
case_541,b,2025-02-24 20:28:10.573022
case_541,a,2025-02-24 20:33:10.573022
case_541,b,2025-02-24 20:38:10.573022
case_541,a,2025-02-24 20:43:10.573022
case_541,c,2025-02-24 20:48:10.573022
case_541,a,2025-02-24 20:53:10.573022
case_541,b,2025-02-24 20:58:10.573022
case_541,b,2025-02-24 21:03:10.573022
case_542,a,2025-02-24 19:28:10.573052
case_542,a,2025-02-24 19:33:10.573052
case_542,b,2025-02-24 19:38:10.573052
case_542,b,2025-02-24 19:43:10.573052
case_542,b,2025-02-24 19:48:10.573052
case_542,b,2025-02-24 19:53:10.573052
case_542,a,2025-02-24 19:58:10.573052
case_542,b,2025-02-24 20:03:10.573052
case_542,b,2025-02-24 20:08:10.573052
case_542,b,2025-02-24 20:13:10.573052
case_542,b,2025-02-24 20:18:10.573052
case_542,a,2025-02-24 20:23:10.573052
case_542,a,2025-02-24 20:28:10.573052
case_542,c,2025-02-24 20:33:10.573052
case_542,a,2025-02-24 20:38:10.573052
case_542,a,2025-02-24 20:43:10.573052
case_542,a,2025-02-24 20:48:10.573052
case_542,a,2025-02-24 20:53:10.573052
case_542,b,2025-02-24 20:58:10.573052
case_542,c,2025-02-24 21:03:10.573052
case_543,b,2025-02-24 19:28:10.573082
case_543,b,2025-02-24 19:33:10.573082
case_543,c,2025-02-24 19:38:10.573082
case_543,b,2025-02-24 19:43:10.573082
case_543,b,2025-02-24 19:48:10.573082
case_543,b,2025-02-24 19:53:10.573082
case_543,a,2025-02-24 19:58:10.573082
case_543,a,2025-02-24 20:03:10.573082
case_543,c,2025-02-24 20:08:10.573082
case_543,a,2025-02-24 20:13:10.573082
case_543,a,2025-02-24 20:18:10.573082
case_543,b,2025-02-24 20:23:10.573082
case_543,c,2025-02-24 20:28:10.573082
case_543,b,2025-02-24 20:33:10.573082
case_543,b,2025-02-24 20:38:10.573082
case_543,a,2025-02-24 20:43:10.573082
case_543,a,2025-02-24 20:48:10.573082
case_543,c,2025-02-24 20:53:10.573082
case_543,a,2025-02-24 20:58:10.573082
case_543,a,2025-02-24 21:03:10.573082
case_544,b,2025-02-24 19:28:10.573112
case_544,b,2025-02-24 19:33:10.573112
case_544,c,2025-02-24 19:38:10.573112
case_544,b,2025-02-24 19:43:10.573112
case_544,a,2025-02-24 19:48:10.573112
case_544,c,2025-02-24 19:53:10.573112
case_544,b,2025-02-24 19:58:10.573112
case_544,b,2025-02-24 20:03:10.573112
case_544,b,2025-02-24 20:08:10.573112
case_544,c,2025-02-24 20:13:10.573112
case_544,b,2025-02-24 20:18:10.573112
case_544,a,2025-02-24 20:23:10.573112
case_544,c,2025-02-24 20:28:10.573112
case_544,a,2025-02-24 20:33:10.573112
case_544,b,2025-02-24 20:38:10.573112
case_544,b,2025-02-24 20:43:10.573112
case_544,a,2025-02-24 20:48:10.573112
case_544,c,2025-02-24 20:53:10.573112
case_544,a,2025-02-24 20:58:10.573112
case_544,a,2025-02-24 21:03:10.573112
case_545,a,2025-02-24 19:28:10.573142
case_545,b,2025-02-24 19:33:10.573142
case_545,b,2025-02-24 19:38:10.573142
case_545,c,2025-02-24 19:43:10.573142
case_545,a,2025-02-24 19:48:10.573142
case_545,c,2025-02-24 19:53:10.573142
case_545,c,2025-02-24 19:58:10.573142
case_545,a,2025-02-24 20:03:10.573142
case_545,a,2025-02-24 20:08:10.573142
case_545,b,2025-02-24 20:13:10.573142
case_545,a,2025-02-24 20:18:10.573142
case_545,c,2025-02-24 20:23:10.573142
case_545,b,2025-02-24 20:28:10.573142
case_545,c,2025-02-24 20:33:10.573142
case_545,c,2025-02-24 20:38:10.573142
case_545,b,2025-02-24 20:43:10.573142
case_545,c,2025-02-24 20:48:10.573142
case_545,a,2025-02-24 20:53:10.573142
case_545,b,2025-02-24 20:58:10.573142
case_545,c,2025-02-24 21:03:10.573142
case_546,b,2025-02-24 19:28:10.573171
case_546,c,2025-02-24 19:33:10.573171
case_546,b,2025-02-24 19:38:10.573171
case_546,a,2025-02-24 19:43:10.573171
case_546,a,2025-02-24 19:48:10.573171
case_546,b,2025-02-24 19:53:10.573171
case_546,a,2025-02-24 19:58:10.573171
case_546,a,2025-02-24 20:03:10.573171
case_546,a,2025-02-24 20:08:10.573171
case_546,a,2025-02-24 20:13:10.573171
case_546,b,2025-02-24 20:18:10.573171
case_546,c,2025-02-24 20:23:10.573171
case_546,b,2025-02-24 20:28:10.573171
case_546,a,2025-02-24 20:33:10.573171
case_546,c,2025-02-24 20:38:10.573171
case_546,b,2025-02-24 20:43:10.573171
case_546,a,2025-02-24 20:48:10.573171
case_546,b,2025-02-24 20:53:10.573171
case_546,a,2025-02-24 20:58:10.573171
case_546,b,2025-02-24 21:03:10.573171
case_547,b,2025-02-24 19:28:10.573200
case_547,c,2025-02-24 19:33:10.573200
case_547,c,2025-02-24 19:38:10.573200
case_547,b,2025-02-24 19:43:10.573200
case_547,c,2025-02-24 19:48:10.573200
case_547,c,2025-02-24 19:53:10.573200
case_547,c,2025-02-24 19:58:10.573200
case_547,a,2025-02-24 20:03:10.573200
case_547,c,2025-02-24 20:08:10.573200
case_547,a,2025-02-24 20:13:10.573200
case_547,a,2025-02-24 20:18:10.573200
case_547,c,2025-02-24 20:23:10.573200
case_547,c,2025-02-24 20:28:10.573200
case_547,c,2025-02-24 20:33:10.573200
case_547,b,2025-02-24 20:38:10.573200
case_547,c,2025-02-24 20:43:10.573200
case_547,b,2025-02-24 20:48:10.573200
case_547,c,2025-02-24 20:53:10.573200
case_547,a,2025-02-24 20:58:10.573200
case_547,b,2025-02-24 21:03:10.573200
case_548,a,2025-02-24 19:28:10.573230
case_548,a,2025-02-24 19:33:10.573230
case_548,c,2025-02-24 19:38:10.573230
case_548,b,2025-02-24 19:43:10.573230
case_548,b,2025-02-24 19:48:10.573230
case_548,a,2025-02-24 19:53:10.573230
case_548,b,2025-02-24 19:58:10.573230
case_548,b,2025-02-24 20:03:10.573230
case_548,c,2025-02-24 20:08:10.573230
case_548,c,2025-02-24 20:13:10.573230
case_548,c,2025-02-24 20:18:10.573230
case_548,c,2025-02-24 20:23:10.573230
case_548,c,2025-02-24 20:28:10.573230
case_548,a,2025-02-24 20:33:10.573230
case_548,a,2025-02-24 20:38:10.573230
case_548,c,2025-02-24 20:43:10.573230
case_548,b,2025-02-24 20:48:10.573230
case_548,a,2025-02-24 20:53:10.573230
case_548,b,2025-02-24 20:58:10.573230
case_548,a,2025-02-24 21:03:10.573230
case_549,c,2025-02-24 19:28:10.573260
case_549,c,2025-02-24 19:33:10.573260
case_549,a,2025-02-24 19:38:10.573260
case_549,a,2025-02-24 19:43:10.573260
case_549,b,2025-02-24 19:48:10.573260
case_549,b,2025-02-24 19:53:10.573260
case_549,b,2025-02-24 19:58:10.573260
case_549,c,2025-02-24 20:03:10.573260
case_549,b,2025-02-24 20:08:10.573260
case_549,b,2025-02-24 20:13:10.573260
case_549,c,2025-02-24 20:18:10.573260
case_549,b,2025-02-24 20:23:10.573260
case_549,c,2025-02-24 20:28:10.573260
case_549,c,2025-02-24 20:33:10.573260
case_549,c,2025-02-24 20:38:10.573260
case_549,c,2025-02-24 20:43:10.573260
case_549,a,2025-02-24 20:48:10.573260
case_549,a,2025-02-24 20:53:10.573260
case_549,b,2025-02-24 20:58:10.573260
case_549,b,2025-02-24 21:03:10.573260
case_550,b,2025-02-24 19:28:10.573290
case_550,c,2025-02-24 19:33:10.573290
case_550,a,2025-02-24 19:38:10.573290
case_550,a,2025-02-24 19:43:10.573290
case_550,c,2025-02-24 19:48:10.573290
case_550,a,2025-02-24 19:53:10.573290
case_550,b,2025-02-24 19:58:10.573290
case_550,b,2025-02-24 20:03:10.573290
case_550,a,2025-02-24 20:08:10.573290
case_550,b,2025-02-24 20:13:10.573290
case_550,a,2025-02-24 20:18:10.573290
case_550,c,2025-02-24 20:23:10.573290
case_550,b,2025-02-24 20:28:10.573290
case_550,a,2025-02-24 20:33:10.573290
case_550,b,2025-02-24 20:38:10.573290
case_550,a,2025-02-24 20:43:10.573290
case_550,c,2025-02-24 20:48:10.573290
case_550,b,2025-02-24 20:53:10.573290
case_550,a,2025-02-24 20:58:10.573290
case_550,c,2025-02-24 21:03:10.573290
case_551,c,2025-02-24 19:28:10.573320
case_551,b,2025-02-24 19:33:10.573320
case_551,a,2025-02-24 19:38:10.573320
case_551,b,2025-02-24 19:43:10.573320
case_551,c,2025-02-24 19:48:10.573320
case_551,c,2025-02-24 19:53:10.573320
case_551,b,2025-02-24 19:58:10.573320
case_551,a,2025-02-24 20:03:10.573320
case_551,a,2025-02-24 20:08:10.573320
case_551,b,2025-02-24 20:13:10.573320
case_551,c,2025-02-24 20:18:10.573320
case_551,a,2025-02-24 20:23:10.573320
case_551,b,2025-02-24 20:28:10.573320
case_551,a,2025-02-24 20:33:10.573320
case_551,a,2025-02-24 20:38:10.573320
case_551,b,2025-02-24 20:43:10.573320
case_551,c,2025-02-24 20:48:10.573320
case_551,c,2025-02-24 20:53:10.573320
case_551,b,2025-02-24 20:58:10.573320
case_551,b,2025-02-24 21:03:10.573320
case_552,a,2025-02-24 19:28:10.573351
case_552,c,2025-02-24 19:33:10.573351
case_552,a,2025-02-24 19:38:10.573351
case_552,a,2025-02-24 19:43:10.573351
case_552,b,2025-02-24 19:48:10.573351
case_552,a,2025-02-24 19:53:10.573351
case_552,a,2025-02-24 19:58:10.573351
case_552,a,2025-02-24 20:03:10.573351
case_552,b,2025-02-24 20:08:10.573351
case_552,b,2025-02-24 20:13:10.573351
case_552,b,2025-02-24 20:18:10.573351
case_552,c,2025-02-24 20:23:10.573351
case_552,a,2025-02-24 20:28:10.573351
case_552,a,2025-02-24 20:33:10.573351
case_552,b,2025-02-24 20:38:10.573351
case_552,b,2025-02-24 20:43:10.573351
case_552,c,2025-02-24 20:48:10.573351
case_552,c,2025-02-24 20:53:10.573351
case_552,a,2025-02-24 20:58:10.573351
case_552,b,2025-02-24 21:03:10.573351
case_553,c,2025-02-24 19:28:10.573380
case_553,b,2025-02-24 19:33:10.573380
case_553,c,2025-02-24 19:38:10.573380
case_553,a,2025-02-24 19:43:10.573380
case_553,b,2025-02-24 19:48:10.573380
case_553,c,2025-02-24 19:53:10.573380
case_553,a,2025-02-24 19:58:10.573380
case_553,c,2025-02-24 20:03:10.573380
case_553,a,2025-02-24 20:08:10.573380
case_553,c,2025-02-24 20:13:10.573380
case_553,b,2025-02-24 20:18:10.573380
case_553,c,2025-02-24 20:23:10.573380
case_553,c,2025-02-24 20:28:10.573380
case_553,c,2025-02-24 20:33:10.573380
case_553,b,2025-02-24 20:38:10.573380
case_553,c,2025-02-24 20:43:10.573380
case_553,b,2025-02-24 20:48:10.573380
case_553,b,2025-02-24 20:53:10.573380
case_553,a,2025-02-24 20:58:10.573380
case_553,a,2025-02-24 21:03:10.573380
case_554,c,2025-02-24 19:28:10.573409
case_554,a,2025-02-24 19:33:10.573409
case_554,b,2025-02-24 19:38:10.573409
case_554,a,2025-02-24 19:43:10.573409
case_554,b,2025-02-24 19:48:10.573409
case_554,b,2025-02-24 19:53:10.573409
case_554,c,2025-02-24 19:58:10.573409
case_554,b,2025-02-24 20:03:10.573409
case_554,b,2025-02-24 20:08:10.573409
case_554,b,2025-02-24 20:13:10.573409
case_554,b,2025-02-24 20:18:10.573409
case_554,b,2025-02-24 20:23:10.573409
case_554,b,2025-02-24 20:28:10.573409
case_554,c,2025-02-24 20:33:10.573409
case_554,b,2025-02-24 20:38:10.573409
case_554,c,2025-02-24 20:43:10.573409
case_554,c,2025-02-24 20:48:10.573409
case_554,b,2025-02-24 20:53:10.573409
case_554,a,2025-02-24 20:58:10.573409
case_554,a,2025-02-24 21:03:10.573409
case_555,a,2025-02-24 19:28:10.573439
case_555,c,2025-02-24 19:33:10.573439
case_555,a,2025-02-24 19:38:10.573439
case_555,a,2025-02-24 19:43:10.573439
case_555,c,2025-02-24 19:48:10.573439
case_555,c,2025-02-24 19:53:10.573439
case_555,b,2025-02-24 19:58:10.573439
case_555,a,2025-02-24 20:03:10.573439
case_555,b,2025-02-24 20:08:10.573439
case_555,c,2025-02-24 20:13:10.573439
case_555,c,2025-02-24 20:18:10.573439
case_555,c,2025-02-24 20:23:10.573439
case_555,c,2025-02-24 20:28:10.573439
case_555,c,2025-02-24 20:33:10.573439
case_555,b,2025-02-24 20:38:10.573439
case_555,a,2025-02-24 20:43:10.573439
case_555,a,2025-02-24 20:48:10.573439
case_555,c,2025-02-24 20:53:10.573439
case_555,b,2025-02-24 20:58:10.573439
case_555,b,2025-02-24 21:03:10.573439
case_556,b,2025-02-24 19:28:10.573468
case_556,b,2025-02-24 19:33:10.573468
case_556,b,2025-02-24 19:38:10.573468
case_556,b,2025-02-24 19:43:10.573468
case_556,a,2025-02-24 19:48:10.573468
case_556,c,2025-02-24 19:53:10.573468
case_556,a,2025-02-24 19:58:10.573468
case_556,a,2025-02-24 20:03:10.573468
case_556,a,2025-02-24 20:08:10.573468
case_556,c,2025-02-24 20:13:10.573468
case_556,b,2025-02-24 20:18:10.573468
case_556,b,2025-02-24 20:23:10.573468
case_556,b,2025-02-24 20:28:10.573468
case_556,a,2025-02-24 20:33:10.573468
case_556,b,2025-02-24 20:38:10.573468
case_556,c,2025-02-24 20:43:10.573468
case_556,a,2025-02-24 20:48:10.573468
case_556,a,2025-02-24 20:53:10.573468
case_556,b,2025-02-24 20:58:10.573468
case_556,b,2025-02-24 21:03:10.573468
case_557,b,2025-02-24 19:28:10.573498
case_557,a,2025-02-24 19:33:10.573498
case_557,a,2025-02-24 19:38:10.573498
case_557,c,2025-02-24 19:43:10.573498
case_557,b,2025-02-24 19:48:10.573498
case_557,b,2025-02-24 19:53:10.573498
case_557,a,2025-02-24 19:58:10.573498
case_557,a,2025-02-24 20:03:10.573498
case_557,a,2025-02-24 20:08:10.573498
case_557,a,2025-02-24 20:13:10.573498
case_557,c,2025-02-24 20:18:10.573498
case_557,c,2025-02-24 20:23:10.573498
case_557,b,2025-02-24 20:28:10.573498
case_557,a,2025-02-24 20:33:10.573498
case_557,b,2025-02-24 20:38:10.573498
case_557,a,2025-02-24 20:43:10.573498
case_557,c,2025-02-24 20:48:10.573498
case_557,b,2025-02-24 20:53:10.573498
case_557,c,2025-02-24 20:58:10.573498
case_557,b,2025-02-24 21:03:10.573498
case_558,a,2025-02-24 19:28:10.573527
case_558,b,2025-02-24 19:33:10.573527
case_558,c,2025-02-24 19:38:10.573527
case_558,b,2025-02-24 19:43:10.573527
case_558,b,2025-02-24 19:48:10.573527
case_558,a,2025-02-24 19:53:10.573527
case_558,b,2025-02-24 19:58:10.573527
case_558,a,2025-02-24 20:03:10.573527
case_558,c,2025-02-24 20:08:10.573527
case_558,c,2025-02-24 20:13:10.573527
case_558,c,2025-02-24 20:18:10.573527
case_558,a,2025-02-24 20:23:10.573527
case_558,c,2025-02-24 20:28:10.573527
case_558,b,2025-02-24 20:33:10.573527
case_558,b,2025-02-24 20:38:10.573527
case_558,c,2025-02-24 20:43:10.573527
case_558,b,2025-02-24 20:48:10.573527
case_558,b,2025-02-24 20:53:10.573527
case_558,a,2025-02-24 20:58:10.573527
case_558,a,2025-02-24 21:03:10.573527
case_559,c,2025-02-24 19:28:10.573556
case_559,a,2025-02-24 19:33:10.573556
case_559,c,2025-02-24 19:38:10.573556
case_559,c,2025-02-24 19:43:10.573556
case_559,a,2025-02-24 19:48:10.573556
case_559,c,2025-02-24 19:53:10.573556
case_559,a,2025-02-24 19:58:10.573556
case_559,a,2025-02-24 20:03:10.573556
case_559,a,2025-02-24 20:08:10.573556
case_559,c,2025-02-24 20:13:10.573556
case_559,a,2025-02-24 20:18:10.573556
case_559,c,2025-02-24 20:23:10.573556
case_559,a,2025-02-24 20:28:10.573556
case_559,b,2025-02-24 20:33:10.573556
case_559,a,2025-02-24 20:38:10.573556
case_559,a,2025-02-24 20:43:10.573556
case_559,c,2025-02-24 20:48:10.573556
case_559,c,2025-02-24 20:53:10.573556
case_559,b,2025-02-24 20:58:10.573556
case_559,b,2025-02-24 21:03:10.573556
case_560,c,2025-02-24 19:28:10.573586
case_560,a,2025-02-24 19:33:10.573586
case_560,a,2025-02-24 19:38:10.573586
case_560,c,2025-02-24 19:43:10.573586
case_560,b,2025-02-24 19:48:10.573586
case_560,b,2025-02-24 19:53:10.573586
case_560,c,2025-02-24 19:58:10.573586
case_560,b,2025-02-24 20:03:10.573586
case_560,c,2025-02-24 20:08:10.573586
case_560,c,2025-02-24 20:13:10.573586
case_560,b,2025-02-24 20:18:10.573586
case_560,b,2025-02-24 20:23:10.573586
case_560,c,2025-02-24 20:28:10.573586
case_560,b,2025-02-24 20:33:10.573586
case_560,c,2025-02-24 20:38:10.573586
case_560,c,2025-02-24 20:43:10.573586
case_560,a,2025-02-24 20:48:10.573586
case_560,a,2025-02-24 20:53:10.573586
case_560,a,2025-02-24 20:58:10.573586
case_560,a,2025-02-24 21:03:10.573586
case_561,b,2025-02-24 19:28:10.573616
case_561,a,2025-02-24 19:33:10.573616
case_561,c,2025-02-24 19:38:10.573616
case_561,b,2025-02-24 19:43:10.573616
case_561,a,2025-02-24 19:48:10.573616
case_561,b,2025-02-24 19:53:10.573616
case_561,b,2025-02-24 19:58:10.573616
case_561,c,2025-02-24 20:03:10.573616
case_561,b,2025-02-24 20:08:10.573616
case_561,b,2025-02-24 20:13:10.573616
case_561,c,2025-02-24 20:18:10.573616
case_561,c,2025-02-24 20:23:10.573616
case_561,b,2025-02-24 20:28:10.573616
case_561,a,2025-02-24 20:33:10.573616
case_561,b,2025-02-24 20:38:10.573616
case_561,b,2025-02-24 20:43:10.573616
case_561,b,2025-02-24 20:48:10.573616
case_561,a,2025-02-24 20:53:10.573616
case_561,a,2025-02-24 20:58:10.573616
case_561,c,2025-02-24 21:03:10.573616
case_562,c,2025-02-24 19:28:10.573645
case_562,a,2025-02-24 19:33:10.573645
case_562,a,2025-02-24 19:38:10.573645
case_562,a,2025-02-24 19:43:10.573645
case_562,a,2025-02-24 19:48:10.573645
case_562,c,2025-02-24 19:53:10.573645
case_562,c,2025-02-24 19:58:10.573645
case_562,c,2025-02-24 20:03:10.573645
case_562,a,2025-02-24 20:08:10.573645
case_562,c,2025-02-24 20:13:10.573645
case_562,a,2025-02-24 20:18:10.573645
case_562,b,2025-02-24 20:23:10.573645
case_562,b,2025-02-24 20:28:10.573645
case_562,c,2025-02-24 20:33:10.573645
case_562,c,2025-02-24 20:38:10.573645
case_562,b,2025-02-24 20:43:10.573645
case_562,c,2025-02-24 20:48:10.573645
case_562,b,2025-02-24 20:53:10.573645
case_562,b,2025-02-24 20:58:10.573645
case_562,a,2025-02-24 21:03:10.573645
case_563,b,2025-02-24 19:28:10.573674
case_563,b,2025-02-24 19:33:10.573674
case_563,a,2025-02-24 19:38:10.573674
case_563,a,2025-02-24 19:43:10.573674
case_563,a,2025-02-24 19:48:10.573674
case_563,a,2025-02-24 19:53:10.573674
case_563,c,2025-02-24 19:58:10.573674
case_563,c,2025-02-24 20:03:10.573674
case_563,a,2025-02-24 20:08:10.573674
case_563,a,2025-02-24 20:13:10.573674
case_563,b,2025-02-24 20:18:10.573674
case_563,b,2025-02-24 20:23:10.573674
case_563,b,2025-02-24 20:28:10.573674
case_563,b,2025-02-24 20:33:10.573674
case_563,c,2025-02-24 20:38:10.573674
case_563,c,2025-02-24 20:43:10.573674
case_563,b,2025-02-24 20:48:10.573674
case_563,c,2025-02-24 20:53:10.573674
case_563,a,2025-02-24 20:58:10.573674
case_563,b,2025-02-24 21:03:10.573674
case_564,b,2025-02-24 19:28:10.573704
case_564,b,2025-02-24 19:33:10.573704
case_564,b,2025-02-24 19:38:10.573704
case_564,b,2025-02-24 19:43:10.573704
case_564,b,2025-02-24 19:48:10.573704
case_564,c,2025-02-24 19:53:10.573704
case_564,c,2025-02-24 19:58:10.573704
case_564,b,2025-02-24 20:03:10.573704
case_564,b,2025-02-24 20:08:10.573704
case_564,b,2025-02-24 20:13:10.573704
case_564,a,2025-02-24 20:18:10.573704
case_564,c,2025-02-24 20:23:10.573704
case_564,b,2025-02-24 20:28:10.573704
case_564,c,2025-02-24 20:33:10.573704
case_564,c,2025-02-24 20:38:10.573704
case_564,a,2025-02-24 20:43:10.573704
case_564,a,2025-02-24 20:48:10.573704
case_564,c,2025-02-24 20:53:10.573704
case_564,b,2025-02-24 20:58:10.573704
case_564,b,2025-02-24 21:03:10.573704
case_565,a,2025-02-24 19:28:10.573734
case_565,a,2025-02-24 19:33:10.573734
case_565,c,2025-02-24 19:38:10.573734
case_565,b,2025-02-24 19:43:10.573734
case_565,a,2025-02-24 19:48:10.573734
case_565,c,2025-02-24 19:53:10.573734
case_565,b,2025-02-24 19:58:10.573734
case_565,c,2025-02-24 20:03:10.573734
case_565,c,2025-02-24 20:08:10.573734
case_565,c,2025-02-24 20:13:10.573734
case_565,c,2025-02-24 20:18:10.573734
case_565,c,2025-02-24 20:23:10.573734
case_565,c,2025-02-24 20:28:10.573734
case_565,b,2025-02-24 20:33:10.573734
case_565,a,2025-02-24 20:38:10.573734
case_565,a,2025-02-24 20:43:10.573734
case_565,c,2025-02-24 20:48:10.573734
case_565,b,2025-02-24 20:53:10.573734
case_565,b,2025-02-24 20:58:10.573734
case_565,b,2025-02-24 21:03:10.573734
case_566,b,2025-02-24 19:28:10.573763
case_566,b,2025-02-24 19:33:10.573763
case_566,c,2025-02-24 19:38:10.573763
case_566,a,2025-02-24 19:43:10.573763
case_566,a,2025-02-24 19:48:10.573763
case_566,b,2025-02-24 19:53:10.573763
case_566,a,2025-02-24 19:58:10.573763
case_566,a,2025-02-24 20:03:10.573763
case_566,c,2025-02-24 20:08:10.573763
case_566,a,2025-02-24 20:13:10.573763
case_566,a,2025-02-24 20:18:10.573763
case_566,a,2025-02-24 20:23:10.573763
case_566,b,2025-02-24 20:28:10.573763
case_566,c,2025-02-24 20:33:10.573763
case_566,b,2025-02-24 20:38:10.573763
case_566,a,2025-02-24 20:43:10.573763
case_566,a,2025-02-24 20:48:10.573763
case_566,c,2025-02-24 20:53:10.573763
case_566,c,2025-02-24 20:58:10.573763
case_566,b,2025-02-24 21:03:10.573763
case_567,c,2025-02-24 19:28:10.573793
case_567,c,2025-02-24 19:33:10.573793
case_567,b,2025-02-24 19:38:10.573793
case_567,c,2025-02-24 19:43:10.573793
case_567,c,2025-02-24 19:48:10.573793
case_567,c,2025-02-24 19:53:10.573793
case_567,b,2025-02-24 19:58:10.573793
case_567,b,2025-02-24 20:03:10.573793
case_567,c,2025-02-24 20:08:10.573793
case_567,a,2025-02-24 20:13:10.573793
case_567,c,2025-02-24 20:18:10.573793
case_567,c,2025-02-24 20:23:10.573793
case_567,a,2025-02-24 20:28:10.573793
case_567,c,2025-02-24 20:33:10.573793
case_567,b,2025-02-24 20:38:10.573793
case_567,a,2025-02-24 20:43:10.573793
case_567,b,2025-02-24 20:48:10.573793
case_567,c,2025-02-24 20:53:10.573793
case_567,a,2025-02-24 20:58:10.573793
case_567,a,2025-02-24 21:03:10.573793
case_568,c,2025-02-24 19:28:10.573822
case_568,b,2025-02-24 19:33:10.573822
case_568,a,2025-02-24 19:38:10.573822
case_568,c,2025-02-24 19:43:10.573822
case_568,b,2025-02-24 19:48:10.573822
case_568,c,2025-02-24 19:53:10.573822
case_568,b,2025-02-24 19:58:10.573822
case_568,c,2025-02-24 20:03:10.573822
case_568,a,2025-02-24 20:08:10.573822
case_568,b,2025-02-24 20:13:10.573822
case_568,b,2025-02-24 20:18:10.573822
case_568,c,2025-02-24 20:23:10.573822
case_568,b,2025-02-24 20:28:10.573822
case_568,a,2025-02-24 20:33:10.573822
case_568,a,2025-02-24 20:38:10.573822
case_568,b,2025-02-24 20:43:10.573822
case_568,c,2025-02-24 20:48:10.573822
case_568,b,2025-02-24 20:53:10.573822
case_568,b,2025-02-24 20:58:10.573822
case_568,c,2025-02-24 21:03:10.573822
case_569,a,2025-02-24 19:28:10.573851
case_569,a,2025-02-24 19:33:10.573851
case_569,b,2025-02-24 19:38:10.573851
case_569,a,2025-02-24 19:43:10.573851
case_569,a,2025-02-24 19:48:10.573851
case_569,b,2025-02-24 19:53:10.573851
case_569,a,2025-02-24 19:58:10.573851
case_569,a,2025-02-24 20:03:10.573851
case_569,a,2025-02-24 20:08:10.573851
case_569,b,2025-02-24 20:13:10.573851
case_569,c,2025-02-24 20:18:10.573851
case_569,c,2025-02-24 20:23:10.573851
case_569,a,2025-02-24 20:28:10.573851
case_569,c,2025-02-24 20:33:10.573851
case_569,a,2025-02-24 20:38:10.573851
case_569,a,2025-02-24 20:43:10.573851
case_569,b,2025-02-24 20:48:10.573851
case_569,c,2025-02-24 20:53:10.573851
case_569,b,2025-02-24 20:58:10.573851
case_569,b,2025-02-24 21:03:10.573851
case_570,b,2025-02-24 19:28:10.573881
case_570,c,2025-02-24 19:33:10.573881
case_570,b,2025-02-24 19:38:10.573881
case_570,a,2025-02-24 19:43:10.573881
case_570,a,2025-02-24 19:48:10.573881
case_570,c,2025-02-24 19:53:10.573881
case_570,a,2025-02-24 19:58:10.573881
case_570,a,2025-02-24 20:03:10.573881
case_570,b,2025-02-24 20:08:10.573881
case_570,a,2025-02-24 20:13:10.573881
case_570,b,2025-02-24 20:18:10.573881
case_570,a,2025-02-24 20:23:10.573881
case_570,b,2025-02-24 20:28:10.573881
case_570,b,2025-02-24 20:33:10.573881
case_570,c,2025-02-24 20:38:10.573881
case_570,c,2025-02-24 20:43:10.573881
case_570,c,2025-02-24 20:48:10.573881
case_570,b,2025-02-24 20:53:10.573881
case_570,a,2025-02-24 20:58:10.573881
case_570,c,2025-02-24 21:03:10.573881
case_571,b,2025-02-24 19:28:10.573910
case_571,c,2025-02-24 19:33:10.573910
case_571,a,2025-02-24 19:38:10.573910
case_571,b,2025-02-24 19:43:10.573910
case_571,b,2025-02-24 19:48:10.573910
case_571,b,2025-02-24 19:53:10.573910
case_571,a,2025-02-24 19:58:10.573910
case_571,a,2025-02-24 20:03:10.573910
case_571,c,2025-02-24 20:08:10.573910
case_571,a,2025-02-24 20:13:10.573910
case_571,b,2025-02-24 20:18:10.573910
case_571,c,2025-02-24 20:23:10.573910
case_571,b,2025-02-24 20:28:10.573910
case_571,a,2025-02-24 20:33:10.573910
case_571,c,2025-02-24 20:38:10.573910
case_571,b,2025-02-24 20:43:10.573910
case_571,c,2025-02-24 20:48:10.573910
case_571,a,2025-02-24 20:53:10.573910
case_571,b,2025-02-24 20:58:10.573910
case_571,a,2025-02-24 21:03:10.573910
case_572,a,2025-02-24 19:28:10.573939
case_572,a,2025-02-24 19:33:10.573939
case_572,b,2025-02-24 19:38:10.573939
case_572,a,2025-02-24 19:43:10.573939
case_572,b,2025-02-24 19:48:10.573939
case_572,c,2025-02-24 19:53:10.573939
case_572,c,2025-02-24 19:58:10.573939
case_572,a,2025-02-24 20:03:10.573939
case_572,a,2025-02-24 20:08:10.573939
case_572,a,2025-02-24 20:13:10.573939
case_572,a,2025-02-24 20:18:10.573939
case_572,b,2025-02-24 20:23:10.573939
case_572,c,2025-02-24 20:28:10.573939
case_572,a,2025-02-24 20:33:10.573939
case_572,c,2025-02-24 20:38:10.573939
case_572,b,2025-02-24 20:43:10.573939
case_572,a,2025-02-24 20:48:10.573939
case_572,a,2025-02-24 20:53:10.573939
case_572,b,2025-02-24 20:58:10.573939
case_572,b,2025-02-24 21:03:10.573939
case_573,c,2025-02-24 19:28:10.573969
case_573,a,2025-02-24 19:33:10.573969
case_573,a,2025-02-24 19:38:10.573969
case_573,a,2025-02-24 19:43:10.573969
case_573,a,2025-02-24 19:48:10.573969
case_573,c,2025-02-24 19:53:10.573969
case_573,c,2025-02-24 19:58:10.573969
case_573,b,2025-02-24 20:03:10.573969
case_573,c,2025-02-24 20:08:10.573969
case_573,b,2025-02-24 20:13:10.573969
case_573,b,2025-02-24 20:18:10.573969
case_573,b,2025-02-24 20:23:10.573969
case_573,b,2025-02-24 20:28:10.573969
case_573,a,2025-02-24 20:33:10.573969
case_573,c,2025-02-24 20:38:10.573969
case_573,c,2025-02-24 20:43:10.573969
case_573,c,2025-02-24 20:48:10.573969
case_573,a,2025-02-24 20:53:10.573969
case_573,c,2025-02-24 20:58:10.573969
case_573,a,2025-02-24 21:03:10.573969
case_574,b,2025-02-24 19:28:10.573998
case_574,a,2025-02-24 19:33:10.573998
case_574,c,2025-02-24 19:38:10.573998
case_574,c,2025-02-24 19:43:10.573998
case_574,a,2025-02-24 19:48:10.573998
case_574,b,2025-02-24 19:53:10.573998
case_574,b,2025-02-24 19:58:10.573998
case_574,a,2025-02-24 20:03:10.573998
case_574,c,2025-02-24 20:08:10.573998
case_574,b,2025-02-24 20:13:10.573998
case_574,c,2025-02-24 20:18:10.573998
case_574,a,2025-02-24 20:23:10.573998
case_574,a,2025-02-24 20:28:10.573998
case_574,c,2025-02-24 20:33:10.573998
case_574,a,2025-02-24 20:38:10.573998
case_574,b,2025-02-24 20:43:10.573998
case_574,b,2025-02-24 20:48:10.573998
case_574,a,2025-02-24 20:53:10.573998
case_574,c,2025-02-24 20:58:10.573998
case_574,c,2025-02-24 21:03:10.573998
case_575,c,2025-02-24 19:28:10.574028
case_575,b,2025-02-24 19:33:10.574028
case_575,a,2025-02-24 19:38:10.574028
case_575,a,2025-02-24 19:43:10.574028
case_575,b,2025-02-24 19:48:10.574028
case_575,a,2025-02-24 19:53:10.574028
case_575,c,2025-02-24 19:58:10.574028
case_575,c,2025-02-24 20:03:10.574028
case_575,a,2025-02-24 20:08:10.574028
case_575,b,2025-02-24 20:13:10.574028
case_575,b,2025-02-24 20:18:10.574028
case_575,a,2025-02-24 20:23:10.574028
case_575,b,2025-02-24 20:28:10.574028
case_575,c,2025-02-24 20:33:10.574028
case_575,c,2025-02-24 20:38:10.574028
case_575,c,2025-02-24 20:43:10.574028
case_575,b,2025-02-24 20:48:10.574028
case_575,b,2025-02-24 20:53:10.574028
case_575,b,2025-02-24 20:58:10.574028
case_575,c,2025-02-24 21:03:10.574028
case_576,a,2025-02-24 19:28:10.574057
case_576,b,2025-02-24 19:33:10.574057
case_576,c,2025-02-24 19:38:10.574057
case_576,b,2025-02-24 19:43:10.574057
case_576,c,2025-02-24 19:48:10.574057
case_576,c,2025-02-24 19:53:10.574057
case_576,c,2025-02-24 19:58:10.574057
case_576,c,2025-02-24 20:03:10.574057
case_576,b,2025-02-24 20:08:10.574057
case_576,b,2025-02-24 20:13:10.574057
case_576,c,2025-02-24 20:18:10.574057
case_576,b,2025-02-24 20:23:10.574057
case_576,a,2025-02-24 20:28:10.574057
case_576,c,2025-02-24 20:33:10.574057
case_576,a,2025-02-24 20:38:10.574057
case_576,b,2025-02-24 20:43:10.574057
case_576,a,2025-02-24 20:48:10.574057
case_576,b,2025-02-24 20:53:10.574057
case_576,a,2025-02-24 20:58:10.574057
case_576,a,2025-02-24 21:03:10.574057
case_577,c,2025-02-24 19:28:10.574087
case_577,a,2025-02-24 19:33:10.574087
case_577,c,2025-02-24 19:38:10.574087
case_577,a,2025-02-24 19:43:10.574087
case_577,b,2025-02-24 19:48:10.574087
case_577,b,2025-02-24 19:53:10.574087
case_577,a,2025-02-24 19:58:10.574087
case_577,b,2025-02-24 20:03:10.574087
case_577,b,2025-02-24 20:08:10.574087
case_577,b,2025-02-24 20:13:10.574087
case_577,b,2025-02-24 20:18:10.574087
case_577,a,2025-02-24 20:23:10.574087
case_577,c,2025-02-24 20:28:10.574087
case_577,c,2025-02-24 20:33:10.574087
case_577,a,2025-02-24 20:38:10.574087
case_577,c,2025-02-24 20:43:10.574087
case_577,a,2025-02-24 20:48:10.574087
case_577,b,2025-02-24 20:53:10.574087
case_577,a,2025-02-24 20:58:10.574087
case_577,a,2025-02-24 21:03:10.574087
case_578,c,2025-02-24 19:28:10.574116
case_578,c,2025-02-24 19:33:10.574116
case_578,b,2025-02-24 19:38:10.574116
case_578,a,2025-02-24 19:43:10.574116
case_578,c,2025-02-24 19:48:10.574116
case_578,c,2025-02-24 19:53:10.574116
case_578,b,2025-02-24 19:58:10.574116
case_578,a,2025-02-24 20:03:10.574116
case_578,c,2025-02-24 20:08:10.574116
case_578,c,2025-02-24 20:13:10.574116
case_578,a,2025-02-24 20:18:10.574116
case_578,b,2025-02-24 20:23:10.574116
case_578,b,2025-02-24 20:28:10.574116
case_578,a,2025-02-24 20:33:10.574116
case_578,c,2025-02-24 20:38:10.574116
case_578,c,2025-02-24 20:43:10.574116
case_578,b,2025-02-24 20:48:10.574116
case_578,b,2025-02-24 20:53:10.574116
case_578,a,2025-02-24 20:58:10.574116
case_578,a,2025-02-24 21:03:10.574116
case_579,c,2025-02-24 19:28:10.574146
case_579,a,2025-02-24 19:33:10.574146
case_579,c,2025-02-24 19:38:10.574146
case_579,b,2025-02-24 19:43:10.574146
case_579,a,2025-02-24 19:48:10.574146
case_579,a,2025-02-24 19:53:10.574146
case_579,a,2025-02-24 19:58:10.574146
case_579,c,2025-02-24 20:03:10.574146
case_579,c,2025-02-24 20:08:10.574146
case_579,c,2025-02-24 20:13:10.574146
case_579,a,2025-02-24 20:18:10.574146
case_579,b,2025-02-24 20:23:10.574146
case_579,b,2025-02-24 20:28:10.574146
case_579,b,2025-02-24 20:33:10.574146
case_579,b,2025-02-24 20:38:10.574146
case_579,c,2025-02-24 20:43:10.574146
case_579,c,2025-02-24 20:48:10.574146
case_579,a,2025-02-24 20:53:10.574146
case_579,b,2025-02-24 20:58:10.574146
case_579,c,2025-02-24 21:03:10.574146
case_580,a,2025-02-24 19:28:10.574175
case_580,a,2025-02-24 19:33:10.574175
case_580,c,2025-02-24 19:38:10.574175
case_580,b,2025-02-24 19:43:10.574175
case_580,b,2025-02-24 19:48:10.574175
case_580,c,2025-02-24 19:53:10.574175
case_580,c,2025-02-24 19:58:10.574175
case_580,b,2025-02-24 20:03:10.574175
case_580,b,2025-02-24 20:08:10.574175
case_580,a,2025-02-24 20:13:10.574175
case_580,c,2025-02-24 20:18:10.574175
case_580,c,2025-02-24 20:23:10.574175
case_580,a,2025-02-24 20:28:10.574175
case_580,b,2025-02-24 20:33:10.574175
case_580,c,2025-02-24 20:38:10.574175
case_580,c,2025-02-24 20:43:10.574175
case_580,b,2025-02-24 20:48:10.574175
case_580,b,2025-02-24 20:53:10.574175
case_580,b,2025-02-24 20:58:10.574175
case_580,b,2025-02-24 21:03:10.574175
case_581,c,2025-02-24 19:28:10.574205
case_581,b,2025-02-24 19:33:10.574205
case_581,b,2025-02-24 19:38:10.574205
case_581,a,2025-02-24 19:43:10.574205
case_581,b,2025-02-24 19:48:10.574205
case_581,a,2025-02-24 19:53:10.574205
case_581,c,2025-02-24 19:58:10.574205
case_581,c,2025-02-24 20:03:10.574205
case_581,b,2025-02-24 20:08:10.574205
case_581,b,2025-02-24 20:13:10.574205
case_581,c,2025-02-24 20:18:10.574205
case_581,a,2025-02-24 20:23:10.574205
case_581,a,2025-02-24 20:28:10.574205
case_581,b,2025-02-24 20:33:10.574205
case_581,b,2025-02-24 20:38:10.574205
case_581,c,2025-02-24 20:43:10.574205
case_581,a,2025-02-24 20:48:10.574205
case_581,c,2025-02-24 20:53:10.574205
case_581,a,2025-02-24 20:58:10.574205
case_581,b,2025-02-24 21:03:10.574205
case_582,b,2025-02-24 19:28:10.574234
case_582,b,2025-02-24 19:33:10.574234
case_582,b,2025-02-24 19:38:10.574234
case_582,a,2025-02-24 19:43:10.574234
case_582,c,2025-02-24 19:48:10.574234
case_582,c,2025-02-24 19:53:10.574234
case_582,b,2025-02-24 19:58:10.574234
case_582,b,2025-02-24 20:03:10.574234
case_582,b,2025-02-24 20:08:10.574234
case_582,a,2025-02-24 20:13:10.574234
case_582,b,2025-02-24 20:18:10.574234
case_582,b,2025-02-24 20:23:10.574234
case_582,c,2025-02-24 20:28:10.574234
case_582,b,2025-02-24 20:33:10.574234
case_582,b,2025-02-24 20:38:10.574234
case_582,c,2025-02-24 20:43:10.574234
case_582,a,2025-02-24 20:48:10.574234
case_582,b,2025-02-24 20:53:10.574234
case_582,a,2025-02-24 20:58:10.574234
case_582,a,2025-02-24 21:03:10.574234
case_583,a,2025-02-24 19:28:10.574264
case_583,c,2025-02-24 19:33:10.574264
case_583,a,2025-02-24 19:38:10.574264
case_583,c,2025-02-24 19:43:10.574264
case_583,c,2025-02-24 19:48:10.574264
case_583,a,2025-02-24 19:53:10.574264
case_583,b,2025-02-24 19:58:10.574264
case_583,b,2025-02-24 20:03:10.574264
case_583,c,2025-02-24 20:08:10.574264
case_583,c,2025-02-24 20:13:10.574264
case_583,c,2025-02-24 20:18:10.574264
case_583,b,2025-02-24 20:23:10.574264
case_583,c,2025-02-24 20:28:10.574264
case_583,b,2025-02-24 20:33:10.574264
case_583,c,2025-02-24 20:38:10.574264
case_583,b,2025-02-24 20:43:10.574264
case_583,c,2025-02-24 20:48:10.574264
case_583,c,2025-02-24 20:53:10.574264
case_583,a,2025-02-24 20:58:10.574264
case_583,a,2025-02-24 21:03:10.574264
case_584,a,2025-02-24 19:28:10.574293
case_584,a,2025-02-24 19:33:10.574293
case_584,b,2025-02-24 19:38:10.574293
case_584,a,2025-02-24 19:43:10.574293
case_584,a,2025-02-24 19:48:10.574293
case_584,b,2025-02-24 19:53:10.574293
case_584,b,2025-02-24 19:58:10.574293
case_584,a,2025-02-24 20:03:10.574293
case_584,a,2025-02-24 20:08:10.574293
case_584,a,2025-02-24 20:13:10.574293
case_584,b,2025-02-24 20:18:10.574293
case_584,c,2025-02-24 20:23:10.574293
case_584,b,2025-02-24 20:28:10.574293
case_584,b,2025-02-24 20:33:10.574293
case_584,b,2025-02-24 20:38:10.574293
case_584,b,2025-02-24 20:43:10.574293
case_584,c,2025-02-24 20:48:10.574293
case_584,c,2025-02-24 20:53:10.574293
case_584,a,2025-02-24 20:58:10.574293
case_584,b,2025-02-24 21:03:10.574293
case_585,c,2025-02-24 19:28:10.574324
case_585,a,2025-02-24 19:33:10.574324
case_585,c,2025-02-24 19:38:10.574324
case_585,b,2025-02-24 19:43:10.574324
case_585,a,2025-02-24 19:48:10.574324
case_585,a,2025-02-24 19:53:10.574324
case_585,b,2025-02-24 19:58:10.574324
case_585,b,2025-02-24 20:03:10.574324
case_585,b,2025-02-24 20:08:10.574324
case_585,b,2025-02-24 20:13:10.574324
case_585,b,2025-02-24 20:18:10.574324
case_585,c,2025-02-24 20:23:10.574324
case_585,b,2025-02-24 20:28:10.574324
case_585,a,2025-02-24 20:33:10.574324
case_585,b,2025-02-24 20:38:10.574324
case_585,b,2025-02-24 20:43:10.574324
case_585,c,2025-02-24 20:48:10.574324
case_585,b,2025-02-24 20:53:10.574324
case_585,b,2025-02-24 20:58:10.574324
case_585,a,2025-02-24 21:03:10.574324
case_586,b,2025-02-24 19:28:10.574353
case_586,c,2025-02-24 19:33:10.574353
case_586,c,2025-02-24 19:38:10.574353
case_586,b,2025-02-24 19:43:10.574353
case_586,c,2025-02-24 19:48:10.574353
case_586,c,2025-02-24 19:53:10.574353
case_586,b,2025-02-24 19:58:10.574353
case_586,b,2025-02-24 20:03:10.574353
case_586,c,2025-02-24 20:08:10.574353
case_586,c,2025-02-24 20:13:10.574353
case_586,c,2025-02-24 20:18:10.574353
case_586,b,2025-02-24 20:23:10.574353
case_586,a,2025-02-24 20:28:10.574353
case_586,c,2025-02-24 20:33:10.574353
case_586,c,2025-02-24 20:38:10.574353
case_586,c,2025-02-24 20:43:10.574353
case_586,a,2025-02-24 20:48:10.574353
case_586,a,2025-02-24 20:53:10.574353
case_586,c,2025-02-24 20:58:10.574353
case_586,b,2025-02-24 21:03:10.574353
case_587,b,2025-02-24 19:28:10.574383
case_587,a,2025-02-24 19:33:10.574383
case_587,b,2025-02-24 19:38:10.574383
case_587,a,2025-02-24 19:43:10.574383
case_587,b,2025-02-24 19:48:10.574383
case_587,b,2025-02-24 19:53:10.574383
case_587,b,2025-02-24 19:58:10.574383
case_587,c,2025-02-24 20:03:10.574383
case_587,b,2025-02-24 20:08:10.574383
case_587,c,2025-02-24 20:13:10.574383
case_587,a,2025-02-24 20:18:10.574383
case_587,c,2025-02-24 20:23:10.574383
case_587,b,2025-02-24 20:28:10.574383
case_587,a,2025-02-24 20:33:10.574383
case_587,b,2025-02-24 20:38:10.574383
case_587,a,2025-02-24 20:43:10.574383
case_587,c,2025-02-24 20:48:10.574383
case_587,b,2025-02-24 20:53:10.574383
case_587,a,2025-02-24 20:58:10.574383
case_587,a,2025-02-24 21:03:10.574383
case_588,c,2025-02-24 19:28:10.574412
case_588,b,2025-02-24 19:33:10.574412
case_588,a,2025-02-24 19:38:10.574412
case_588,c,2025-02-24 19:43:10.574412
case_588,b,2025-02-24 19:48:10.574412
case_588,a,2025-02-24 19:53:10.574412
case_588,b,2025-02-24 19:58:10.574412
case_588,c,2025-02-24 20:03:10.574412
case_588,b,2025-02-24 20:08:10.574412
case_588,c,2025-02-24 20:13:10.574412
case_588,b,2025-02-24 20:18:10.574412
case_588,a,2025-02-24 20:23:10.574412
case_588,b,2025-02-24 20:28:10.574412
case_588,a,2025-02-24 20:33:10.574412
case_588,c,2025-02-24 20:38:10.574412
case_588,c,2025-02-24 20:43:10.574412
case_588,a,2025-02-24 20:48:10.574412
case_588,a,2025-02-24 20:53:10.574412
case_588,b,2025-02-24 20:58:10.574412
case_588,b,2025-02-24 21:03:10.574412
case_589,c,2025-02-24 19:28:10.574442
case_589,b,2025-02-24 19:33:10.574442
case_589,a,2025-02-24 19:38:10.574442
case_589,c,2025-02-24 19:43:10.574442
case_589,c,2025-02-24 19:48:10.574442
case_589,b,2025-02-24 19:53:10.574442
case_589,c,2025-02-24 19:58:10.574442
case_589,c,2025-02-24 20:03:10.574442
case_589,b,2025-02-24 20:08:10.574442
case_589,a,2025-02-24 20:13:10.574442
case_589,a,2025-02-24 20:18:10.574442
case_589,c,2025-02-24 20:23:10.574442
case_589,c,2025-02-24 20:28:10.574442
case_589,b,2025-02-24 20:33:10.574442
case_589,a,2025-02-24 20:38:10.574442
case_589,b,2025-02-24 20:43:10.574442
case_589,a,2025-02-24 20:48:10.574442
case_589,c,2025-02-24 20:53:10.574442
case_589,b,2025-02-24 20:58:10.574442
case_589,b,2025-02-24 21:03:10.574442
case_590,c,2025-02-24 19:28:10.574471
case_590,a,2025-02-24 19:33:10.574471
case_590,b,2025-02-24 19:38:10.574471
case_590,c,2025-02-24 19:43:10.574471
case_590,a,2025-02-24 19:48:10.574471
case_590,b,2025-02-24 19:53:10.574471
case_590,c,2025-02-24 19:58:10.574471
case_590,c,2025-02-24 20:03:10.574471
case_590,c,2025-02-24 20:08:10.574471
case_590,c,2025-02-24 20:13:10.574471
case_590,a,2025-02-24 20:18:10.574471
case_590,c,2025-02-24 20:23:10.574471
case_590,c,2025-02-24 20:28:10.574471
case_590,b,2025-02-24 20:33:10.574471
case_590,c,2025-02-24 20:38:10.574471
case_590,b,2025-02-24 20:43:10.574471
case_590,b,2025-02-24 20:48:10.574471
case_590,c,2025-02-24 20:53:10.574471
case_590,a,2025-02-24 20:58:10.574471
case_590,a,2025-02-24 21:03:10.574471
case_591,a,2025-02-24 19:28:10.574501
case_591,c,2025-02-24 19:33:10.574501
case_591,a,2025-02-24 19:38:10.574501
case_591,a,2025-02-24 19:43:10.574501
case_591,a,2025-02-24 19:48:10.574501
case_591,a,2025-02-24 19:53:10.574501
case_591,a,2025-02-24 19:58:10.574501
case_591,b,2025-02-24 20:03:10.574501
case_591,a,2025-02-24 20:08:10.574501
case_591,c,2025-02-24 20:13:10.574501
case_591,c,2025-02-24 20:18:10.574501
case_591,b,2025-02-24 20:23:10.574501
case_591,a,2025-02-24 20:28:10.574501
case_591,a,2025-02-24 20:33:10.574501
case_591,b,2025-02-24 20:38:10.574501
case_591,c,2025-02-24 20:43:10.574501
case_591,c,2025-02-24 20:48:10.574501
case_591,c,2025-02-24 20:53:10.574501
case_591,b,2025-02-24 20:58:10.574501
case_591,b,2025-02-24 21:03:10.574501
case_592,a,2025-02-24 19:28:10.574530
case_592,c,2025-02-24 19:33:10.574530
case_592,b,2025-02-24 19:38:10.574530
case_592,b,2025-02-24 19:43:10.574530
case_592,b,2025-02-24 19:48:10.574530
case_592,b,2025-02-24 19:53:10.574530
case_592,b,2025-02-24 19:58:10.574530
case_592,b,2025-02-24 20:03:10.574530
case_592,b,2025-02-24 20:08:10.574530
case_592,c,2025-02-24 20:13:10.574530
case_592,c,2025-02-24 20:18:10.574530
case_592,b,2025-02-24 20:23:10.574530
case_592,b,2025-02-24 20:28:10.574530
case_592,c,2025-02-24 20:33:10.574530
case_592,b,2025-02-24 20:38:10.574530
case_592,b,2025-02-24 20:43:10.574530
case_592,a,2025-02-24 20:48:10.574530
case_592,b,2025-02-24 20:53:10.574530
case_592,a,2025-02-24 20:58:10.574530
case_592,a,2025-02-24 21:03:10.574530
case_593,c,2025-02-24 19:28:10.574560
case_593,c,2025-02-24 19:33:10.574560
case_593,a,2025-02-24 19:38:10.574560
case_593,b,2025-02-24 19:43:10.574560
case_593,c,2025-02-24 19:48:10.574560
case_593,a,2025-02-24 19:53:10.574560
case_593,b,2025-02-24 19:58:10.574560
case_593,c,2025-02-24 20:03:10.574560
case_593,c,2025-02-24 20:08:10.574560
case_593,a,2025-02-24 20:13:10.574560
case_593,a,2025-02-24 20:18:10.574560
case_593,a,2025-02-24 20:23:10.574560
case_593,a,2025-02-24 20:28:10.574560
case_593,b,2025-02-24 20:33:10.574560
case_593,a,2025-02-24 20:38:10.574560
case_593,c,2025-02-24 20:43:10.574560
case_593,c,2025-02-24 20:48:10.574560
case_593,b,2025-02-24 20:53:10.574560
case_593,b,2025-02-24 20:58:10.574560
case_593,c,2025-02-24 21:03:10.574560
case_594,c,2025-02-24 19:28:10.574590
case_594,b,2025-02-24 19:33:10.574590
case_594,b,2025-02-24 19:38:10.574590
case_594,b,2025-02-24 19:43:10.574590
case_594,a,2025-02-24 19:48:10.574590
case_594,c,2025-02-24 19:53:10.574590
case_594,a,2025-02-24 19:58:10.574590
case_594,a,2025-02-24 20:03:10.574590
case_594,b,2025-02-24 20:08:10.574590
case_594,a,2025-02-24 20:13:10.574590
case_594,b,2025-02-24 20:18:10.574590
case_594,b,2025-02-24 20:23:10.574590
case_594,b,2025-02-24 20:28:10.574590
case_594,a,2025-02-24 20:33:10.574590
case_594,a,2025-02-24 20:38:10.574590
case_594,c,2025-02-24 20:43:10.574590
case_594,c,2025-02-24 20:48:10.574590
case_594,a,2025-02-24 20:53:10.574590
case_594,b,2025-02-24 20:58:10.574590
case_594,b,2025-02-24 21:03:10.574590
case_595,c,2025-02-24 19:28:10.574619
case_595,a,2025-02-24 19:33:10.574619
case_595,c,2025-02-24 19:38:10.574619
case_595,c,2025-02-24 19:43:10.574619
case_595,a,2025-02-24 19:48:10.574619
case_595,b,2025-02-24 19:53:10.574619
case_595,a,2025-02-24 19:58:10.574619
case_595,c,2025-02-24 20:03:10.574619
case_595,c,2025-02-24 20:08:10.574619
case_595,b,2025-02-24 20:13:10.574619
case_595,a,2025-02-24 20:18:10.574619
case_595,c,2025-02-24 20:23:10.574619
case_595,c,2025-02-24 20:28:10.574619
case_595,a,2025-02-24 20:33:10.574619
case_595,a,2025-02-24 20:38:10.574619
case_595,c,2025-02-24 20:43:10.574619
case_595,c,2025-02-24 20:48:10.574619
case_595,c,2025-02-24 20:53:10.574619
case_595,b,2025-02-24 20:58:10.574619
case_595,b,2025-02-24 21:03:10.574619
case_596,b,2025-02-24 19:28:10.574649
case_596,c,2025-02-24 19:33:10.574649
case_596,c,2025-02-24 19:38:10.574649
case_596,a,2025-02-24 19:43:10.574649
case_596,a,2025-02-24 19:48:10.574649
case_596,c,2025-02-24 19:53:10.574649
case_596,a,2025-02-24 19:58:10.574649
case_596,b,2025-02-24 20:03:10.574649
case_596,c,2025-02-24 20:08:10.574649
case_596,c,2025-02-24 20:13:10.574649
case_596,c,2025-02-24 20:18:10.574649
case_596,c,2025-02-24 20:23:10.574649
case_596,c,2025-02-24 20:28:10.574649
case_596,c,2025-02-24 20:33:10.574649
case_596,b,2025-02-24 20:38:10.574649
case_596,b,2025-02-24 20:43:10.574649
case_596,a,2025-02-24 20:48:10.574649
case_596,b,2025-02-24 20:53:10.574649
case_596,c,2025-02-24 20:58:10.574649
case_596,b,2025-02-24 21:03:10.574649
case_597,a,2025-02-24 19:28:10.574679
case_597,a,2025-02-24 19:33:10.574679
case_597,a,2025-02-24 19:38:10.574679
case_597,a,2025-02-24 19:43:10.574679
case_597,a,2025-02-24 19:48:10.574679
case_597,b,2025-02-24 19:53:10.574679
case_597,a,2025-02-24 19:58:10.574679
case_597,b,2025-02-24 20:03:10.574679
case_597,a,2025-02-24 20:08:10.574679
case_597,c,2025-02-24 20:13:10.574679
case_597,a,2025-02-24 20:18:10.574679
case_597,c,2025-02-24 20:23:10.574679
case_597,a,2025-02-24 20:28:10.574679
case_597,a,2025-02-24 20:33:10.574679
case_597,c,2025-02-24 20:38:10.574679
case_597,c,2025-02-24 20:43:10.574679
case_597,a,2025-02-24 20:48:10.574679
case_597,c,2025-02-24 20:53:10.574679
case_597,b,2025-02-24 20:58:10.574679
case_597,b,2025-02-24 21:03:10.574679
case_598,c,2025-02-24 19:28:10.574708
case_598,c,2025-02-24 19:33:10.574708
case_598,c,2025-02-24 19:38:10.574708
case_598,b,2025-02-24 19:43:10.574708
case_598,b,2025-02-24 19:48:10.574708
case_598,a,2025-02-24 19:53:10.574708
case_598,b,2025-02-24 19:58:10.574708
case_598,b,2025-02-24 20:03:10.574708
case_598,c,2025-02-24 20:08:10.574708
case_598,c,2025-02-24 20:13:10.574708
case_598,a,2025-02-24 20:18:10.574708
case_598,a,2025-02-24 20:23:10.574708
case_598,b,2025-02-24 20:28:10.574708
case_598,c,2025-02-24 20:33:10.574708
case_598,a,2025-02-24 20:38:10.574708
case_598,b,2025-02-24 20:43:10.574708
case_598,b,2025-02-24 20:48:10.574708
case_598,a,2025-02-24 20:53:10.574708
case_598,b,2025-02-24 20:58:10.574708
case_598,a,2025-02-24 21:03:10.574708
case_599,b,2025-02-24 19:28:10.574739
case_599,b,2025-02-24 19:33:10.574739
case_599,c,2025-02-24 19:38:10.574739
case_599,a,2025-02-24 19:43:10.574739
case_599,a,2025-02-24 19:48:10.574739
case_599,b,2025-02-24 19:53:10.574739
case_599,c,2025-02-24 19:58:10.574739
case_599,c,2025-02-24 20:03:10.574739
case_599,a,2025-02-24 20:08:10.574739
case_599,a,2025-02-24 20:13:10.574739
case_599,a,2025-02-24 20:18:10.574739
case_599,a,2025-02-24 20:23:10.574739
case_599,a,2025-02-24 20:28:10.574739
case_599,a,2025-02-24 20:33:10.574739
case_599,c,2025-02-24 20:38:10.574739
case_599,a,2025-02-24 20:43:10.574739
case_599,b,2025-02-24 20:48:10.574739
case_599,c,2025-02-24 20:53:10.574739
case_599,a,2025-02-24 20:58:10.574739
case_599,b,2025-02-24 21:03:10.574739
case_600,c,2025-02-24 19:28:10.574769
case_600,a,2025-02-24 19:33:10.574769
case_600,c,2025-02-24 19:38:10.574769
case_600,b,2025-02-24 19:43:10.574769
case_600,a,2025-02-24 19:48:10.574769
case_600,a,2025-02-24 19:53:10.574769
case_600,a,2025-02-24 19:58:10.574769
case_600,c,2025-02-24 20:03:10.574769
case_600,c,2025-02-24 20:08:10.574769
case_600,c,2025-02-24 20:13:10.574769
case_600,a,2025-02-24 20:18:10.574769
case_600,b,2025-02-24 20:23:10.574769
case_600,b,2025-02-24 20:28:10.574769
case_600,a,2025-02-24 20:33:10.574769
case_600,a,2025-02-24 20:38:10.574769
case_600,a,2025-02-24 20:43:10.574769
case_600,c,2025-02-24 20:48:10.574769
case_600,a,2025-02-24 20:53:10.574769
case_600,a,2025-02-24 20:58:10.574769
case_600,b,2025-02-24 21:03:10.574769
case_601,a,2025-02-24 19:28:10.574799
case_601,b,2025-02-24 19:33:10.574799
case_601,a,2025-02-24 19:38:10.574799
case_601,c,2025-02-24 19:43:10.574799
case_601,b,2025-02-24 19:48:10.574799
case_601,c,2025-02-24 19:53:10.574799
case_601,b,2025-02-24 19:58:10.574799
case_601,c,2025-02-24 20:03:10.574799
case_601,a,2025-02-24 20:08:10.574799
case_601,a,2025-02-24 20:13:10.574799
case_601,c,2025-02-24 20:18:10.574799
case_601,c,2025-02-24 20:23:10.574799
case_601,b,2025-02-24 20:28:10.574799
case_601,a,2025-02-24 20:33:10.574799
case_601,b,2025-02-24 20:38:10.574799
case_601,c,2025-02-24 20:43:10.574799
case_601,c,2025-02-24 20:48:10.574799
case_601,c,2025-02-24 20:53:10.574799
case_601,b,2025-02-24 20:58:10.574799
case_601,b,2025-02-24 21:03:10.574799
case_602,b,2025-02-24 19:28:10.574829
case_602,c,2025-02-24 19:33:10.574829
case_602,c,2025-02-24 19:38:10.574829
case_602,c,2025-02-24 19:43:10.574829
case_602,a,2025-02-24 19:48:10.574829
case_602,c,2025-02-24 19:53:10.574829
case_602,a,2025-02-24 19:58:10.574829
case_602,a,2025-02-24 20:03:10.574829
case_602,b,2025-02-24 20:08:10.574829
case_602,c,2025-02-24 20:13:10.574829
case_602,a,2025-02-24 20:18:10.574829
case_602,c,2025-02-24 20:23:10.574829
case_602,a,2025-02-24 20:28:10.574829
case_602,c,2025-02-24 20:33:10.574829
case_602,c,2025-02-24 20:38:10.574829
case_602,c,2025-02-24 20:43:10.574829
case_602,b,2025-02-24 20:48:10.574829
case_602,b,2025-02-24 20:53:10.574829
case_602,a,2025-02-24 20:58:10.574829
case_602,c,2025-02-24 21:03:10.574829
case_603,a,2025-02-24 19:28:10.574858
case_603,c,2025-02-24 19:33:10.574858
case_603,b,2025-02-24 19:38:10.574858
case_603,c,2025-02-24 19:43:10.574858
case_603,c,2025-02-24 19:48:10.574858
case_603,a,2025-02-24 19:53:10.574858
case_603,b,2025-02-24 19:58:10.574858
case_603,b,2025-02-24 20:03:10.574858
case_603,a,2025-02-24 20:08:10.574858
case_603,c,2025-02-24 20:13:10.574858
case_603,b,2025-02-24 20:18:10.574858
case_603,b,2025-02-24 20:23:10.574858
case_603,c,2025-02-24 20:28:10.574858
case_603,c,2025-02-24 20:33:10.574858
case_603,a,2025-02-24 20:38:10.574858
case_603,b,2025-02-24 20:43:10.574858
case_603,b,2025-02-24 20:48:10.574858
case_603,c,2025-02-24 20:53:10.574858
case_603,a,2025-02-24 20:58:10.574858
case_603,a,2025-02-24 21:03:10.574858
case_604,b,2025-02-24 19:28:10.574888
case_604,b,2025-02-24 19:33:10.574888
case_604,a,2025-02-24 19:38:10.574888
case_604,b,2025-02-24 19:43:10.574888
case_604,b,2025-02-24 19:48:10.574888
case_604,c,2025-02-24 19:53:10.574888
case_604,b,2025-02-24 19:58:10.574888
case_604,c,2025-02-24 20:03:10.574888
case_604,c,2025-02-24 20:08:10.574888
case_604,c,2025-02-24 20:13:10.574888
case_604,a,2025-02-24 20:18:10.574888
case_604,a,2025-02-24 20:23:10.574888
case_604,c,2025-02-24 20:28:10.574888
case_604,a,2025-02-24 20:33:10.574888
case_604,a,2025-02-24 20:38:10.574888
case_604,a,2025-02-24 20:43:10.574888
case_604,a,2025-02-24 20:48:10.574888
case_604,a,2025-02-24 20:53:10.574888
case_604,b,2025-02-24 20:58:10.574888
case_604,a,2025-02-24 21:03:10.574888
case_605,b,2025-02-24 19:28:10.574918
case_605,c,2025-02-24 19:33:10.574918
case_605,b,2025-02-24 19:38:10.574918
case_605,b,2025-02-24 19:43:10.574918
case_605,c,2025-02-24 19:48:10.574918
case_605,b,2025-02-24 19:53:10.574918
case_605,a,2025-02-24 19:58:10.574918
case_605,c,2025-02-24 20:03:10.574918
case_605,c,2025-02-24 20:08:10.574918
case_605,b,2025-02-24 20:13:10.574918
case_605,b,2025-02-24 20:18:10.574918
case_605,a,2025-02-24 20:23:10.574918
case_605,a,2025-02-24 20:28:10.574918
case_605,a,2025-02-24 20:33:10.574918
case_605,b,2025-02-24 20:38:10.574918
case_605,a,2025-02-24 20:43:10.574918
case_605,c,2025-02-24 20:48:10.574918
case_605,b,2025-02-24 20:53:10.574918
case_605,c,2025-02-24 20:58:10.574918
case_605,c,2025-02-24 21:03:10.574918
case_606,b,2025-02-24 19:28:10.574947
case_606,b,2025-02-24 19:33:10.574947
case_606,c,2025-02-24 19:38:10.574947
case_606,b,2025-02-24 19:43:10.574947
case_606,c,2025-02-24 19:48:10.574947
case_606,c,2025-02-24 19:53:10.574947
case_606,b,2025-02-24 19:58:10.574947
case_606,a,2025-02-24 20:03:10.574947
case_606,a,2025-02-24 20:08:10.574947
case_606,a,2025-02-24 20:13:10.574947
case_606,a,2025-02-24 20:18:10.574947
case_606,a,2025-02-24 20:23:10.574947
case_606,b,2025-02-24 20:28:10.574947
case_606,c,2025-02-24 20:33:10.574947
case_606,a,2025-02-24 20:38:10.574947
case_606,b,2025-02-24 20:43:10.574947
case_606,a,2025-02-24 20:48:10.574947
case_606,c,2025-02-24 20:53:10.574947
case_606,b,2025-02-24 20:58:10.574947
case_606,b,2025-02-24 21:03:10.574947
case_607,a,2025-02-24 19:28:10.574976
case_607,a,2025-02-24 19:33:10.574976
case_607,a,2025-02-24 19:38:10.574976
case_607,b,2025-02-24 19:43:10.574976
case_607,a,2025-02-24 19:48:10.574976
case_607,a,2025-02-24 19:53:10.574976
case_607,a,2025-02-24 19:58:10.574976
case_607,b,2025-02-24 20:03:10.574976
case_607,a,2025-02-24 20:08:10.574976
case_607,c,2025-02-24 20:13:10.574976
case_607,c,2025-02-24 20:18:10.574976
case_607,b,2025-02-24 20:23:10.574976
case_607,c,2025-02-24 20:28:10.574976
case_607,b,2025-02-24 20:33:10.574976
case_607,c,2025-02-24 20:38:10.574976
case_607,c,2025-02-24 20:43:10.574976
case_607,b,2025-02-24 20:48:10.574976
case_607,a,2025-02-24 20:53:10.574976
case_607,b,2025-02-24 20:58:10.574976
case_607,b,2025-02-24 21:03:10.574976
case_608,a,2025-02-24 19:28:10.575006
case_608,c,2025-02-24 19:33:10.575006
case_608,a,2025-02-24 19:38:10.575006
case_608,a,2025-02-24 19:43:10.575006
case_608,b,2025-02-24 19:48:10.575006
case_608,a,2025-02-24 19:53:10.575006
case_608,b,2025-02-24 19:58:10.575006
case_608,b,2025-02-24 20:03:10.575006
case_608,b,2025-02-24 20:08:10.575006
case_608,b,2025-02-24 20:13:10.575006
case_608,a,2025-02-24 20:18:10.575006
case_608,b,2025-02-24 20:23:10.575006
case_608,b,2025-02-24 20:28:10.575006
case_608,b,2025-02-24 20:33:10.575006
case_608,b,2025-02-24 20:38:10.575006
case_608,b,2025-02-24 20:43:10.575006
case_608,a,2025-02-24 20:48:10.575006
case_608,b,2025-02-24 20:53:10.575006
case_608,a,2025-02-24 20:58:10.575006
case_608,c,2025-02-24 21:03:10.575006
case_609,b,2025-02-24 19:28:10.575036
case_609,a,2025-02-24 19:33:10.575036
case_609,a,2025-02-24 19:38:10.575036
case_609,a,2025-02-24 19:43:10.575036
case_609,c,2025-02-24 19:48:10.575036
case_609,b,2025-02-24 19:53:10.575036
case_609,a,2025-02-24 19:58:10.575036
case_609,a,2025-02-24 20:03:10.575036
case_609,a,2025-02-24 20:08:10.575036
case_609,a,2025-02-24 20:13:10.575036
case_609,b,2025-02-24 20:18:10.575036
case_609,b,2025-02-24 20:23:10.575036
case_609,b,2025-02-24 20:28:10.575036
case_609,c,2025-02-24 20:33:10.575036
case_609,a,2025-02-24 20:38:10.575036
case_609,a,2025-02-24 20:43:10.575036
case_609,c,2025-02-24 20:48:10.575036
case_609,b,2025-02-24 20:53:10.575036
case_609,b,2025-02-24 20:58:10.575036
case_609,b,2025-02-24 21:03:10.575036
case_610,a,2025-02-24 19:28:10.575065
case_610,a,2025-02-24 19:33:10.575065
case_610,a,2025-02-24 19:38:10.575065
case_610,c,2025-02-24 19:43:10.575065
case_610,c,2025-02-24 19:48:10.575065
case_610,b,2025-02-24 19:53:10.575065
case_610,c,2025-02-24 19:58:10.575065
case_610,b,2025-02-24 20:03:10.575065
case_610,b,2025-02-24 20:08:10.575065
case_610,b,2025-02-24 20:13:10.575065
case_610,b,2025-02-24 20:18:10.575065
case_610,a,2025-02-24 20:23:10.575065
case_610,a,2025-02-24 20:28:10.575065
case_610,c,2025-02-24 20:33:10.575065
case_610,a,2025-02-24 20:38:10.575065
case_610,b,2025-02-24 20:43:10.575065
case_610,a,2025-02-24 20:48:10.575065
case_610,b,2025-02-24 20:53:10.575065
case_610,b,2025-02-24 20:58:10.575065
case_610,c,2025-02-24 21:03:10.575065
case_611,c,2025-02-24 19:28:10.575095
case_611,c,2025-02-24 19:33:10.575095
case_611,a,2025-02-24 19:38:10.575095
case_611,a,2025-02-24 19:43:10.575095
case_611,c,2025-02-24 19:48:10.575095
case_611,a,2025-02-24 19:53:10.575095
case_611,a,2025-02-24 19:58:10.575095
case_611,c,2025-02-24 20:03:10.575095
case_611,b,2025-02-24 20:08:10.575095
case_611,c,2025-02-24 20:13:10.575095
case_611,a,2025-02-24 20:18:10.575095
case_611,a,2025-02-24 20:23:10.575095
case_611,b,2025-02-24 20:28:10.575095
case_611,c,2025-02-24 20:33:10.575095
case_611,b,2025-02-24 20:38:10.575095
case_611,c,2025-02-24 20:43:10.575095
case_611,a,2025-02-24 20:48:10.575095
case_611,c,2025-02-24 20:53:10.575095
case_611,b,2025-02-24 20:58:10.575095
case_611,b,2025-02-24 21:03:10.575095
case_612,c,2025-02-24 19:28:10.575124
case_612,c,2025-02-24 19:33:10.575124
case_612,b,2025-02-24 19:38:10.575124
case_612,b,2025-02-24 19:43:10.575124
case_612,b,2025-02-24 19:48:10.575124
case_612,c,2025-02-24 19:53:10.575124
case_612,a,2025-02-24 19:58:10.575124
case_612,c,2025-02-24 20:03:10.575124
case_612,c,2025-02-24 20:08:10.575124
case_612,b,2025-02-24 20:13:10.575124
case_612,a,2025-02-24 20:18:10.575124
case_612,b,2025-02-24 20:23:10.575124
case_612,b,2025-02-24 20:28:10.575124
case_612,a,2025-02-24 20:33:10.575124
case_612,c,2025-02-24 20:38:10.575124
case_612,a,2025-02-24 20:43:10.575124
case_612,a,2025-02-24 20:48:10.575124
case_612,c,2025-02-24 20:53:10.575124
case_612,c,2025-02-24 20:58:10.575124
case_612,b,2025-02-24 21:03:10.575124
case_613,c,2025-02-24 19:28:10.575154
case_613,b,2025-02-24 19:33:10.575154
case_613,a,2025-02-24 19:38:10.575154
case_613,c,2025-02-24 19:43:10.575154
case_613,a,2025-02-24 19:48:10.575154
case_613,a,2025-02-24 19:53:10.575154
case_613,b,2025-02-24 19:58:10.575154
case_613,a,2025-02-24 20:03:10.575154
case_613,b,2025-02-24 20:08:10.575154
case_613,a,2025-02-24 20:13:10.575154
case_613,b,2025-02-24 20:18:10.575154
case_613,b,2025-02-24 20:23:10.575154
case_613,a,2025-02-24 20:28:10.575154
case_613,c,2025-02-24 20:33:10.575154
case_613,b,2025-02-24 20:38:10.575154
case_613,c,2025-02-24 20:43:10.575154
case_613,b,2025-02-24 20:48:10.575154
case_613,a,2025-02-24 20:53:10.575154
case_613,a,2025-02-24 20:58:10.575154
case_613,c,2025-02-24 21:03:10.575154
case_614,c,2025-02-24 19:28:10.575184
case_614,c,2025-02-24 19:33:10.575184
case_614,b,2025-02-24 19:38:10.575184
case_614,b,2025-02-24 19:43:10.575184
case_614,b,2025-02-24 19:48:10.575184
case_614,c,2025-02-24 19:53:10.575184
case_614,b,2025-02-24 19:58:10.575184
case_614,c,2025-02-24 20:03:10.575184
case_614,c,2025-02-24 20:08:10.575184
case_614,a,2025-02-24 20:13:10.575184
case_614,a,2025-02-24 20:18:10.575184
case_614,b,2025-02-24 20:23:10.575184
case_614,b,2025-02-24 20:28:10.575184
case_614,a,2025-02-24 20:33:10.575184
case_614,c,2025-02-24 20:38:10.575184
case_614,a,2025-02-24 20:43:10.575184
case_614,a,2025-02-24 20:48:10.575184
case_614,c,2025-02-24 20:53:10.575184
case_614,c,2025-02-24 20:58:10.575184
case_614,c,2025-02-24 21:03:10.575184
case_615,b,2025-02-24 19:28:10.575214
case_615,b,2025-02-24 19:33:10.575214
case_615,a,2025-02-24 19:38:10.575214
case_615,a,2025-02-24 19:43:10.575214
case_615,b,2025-02-24 19:48:10.575214
case_615,b,2025-02-24 19:53:10.575214
case_615,b,2025-02-24 19:58:10.575214
case_615,c,2025-02-24 20:03:10.575214
case_615,c,2025-02-24 20:08:10.575214
case_615,b,2025-02-24 20:13:10.575214
case_615,a,2025-02-24 20:18:10.575214
case_615,b,2025-02-24 20:23:10.575214
case_615,c,2025-02-24 20:28:10.575214
case_615,b,2025-02-24 20:33:10.575214
case_615,a,2025-02-24 20:38:10.575214
case_615,b,2025-02-24 20:43:10.575214
case_615,b,2025-02-24 20:48:10.575214
case_615,c,2025-02-24 20:53:10.575214
case_615,b,2025-02-24 20:58:10.575214
case_615,c,2025-02-24 21:03:10.575214
case_616,a,2025-02-24 19:28:10.575243
case_616,b,2025-02-24 19:33:10.575243
case_616,b,2025-02-24 19:38:10.575243
case_616,c,2025-02-24 19:43:10.575243
case_616,a,2025-02-24 19:48:10.575243
case_616,c,2025-02-24 19:53:10.575243
case_616,b,2025-02-24 19:58:10.575243
case_616,b,2025-02-24 20:03:10.575243
case_616,c,2025-02-24 20:08:10.575243
case_616,a,2025-02-24 20:13:10.575243
case_616,c,2025-02-24 20:18:10.575243
case_616,b,2025-02-24 20:23:10.575243
case_616,c,2025-02-24 20:28:10.575243
case_616,c,2025-02-24 20:33:10.575243
case_616,c,2025-02-24 20:38:10.575243
case_616,b,2025-02-24 20:43:10.575243
case_616,b,2025-02-24 20:48:10.575243
case_616,b,2025-02-24 20:53:10.575243
case_616,a,2025-02-24 20:58:10.575243
case_616,a,2025-02-24 21:03:10.575243
case_617,a,2025-02-24 19:28:10.575273
case_617,a,2025-02-24 19:33:10.575273
case_617,c,2025-02-24 19:38:10.575273
case_617,b,2025-02-24 19:43:10.575273
case_617,b,2025-02-24 19:48:10.575273
case_617,c,2025-02-24 19:53:10.575273
case_617,c,2025-02-24 19:58:10.575273
case_617,a,2025-02-24 20:03:10.575273
case_617,a,2025-02-24 20:08:10.575273
case_617,b,2025-02-24 20:13:10.575273
case_617,c,2025-02-24 20:18:10.575273
case_617,c,2025-02-24 20:23:10.575273
case_617,b,2025-02-24 20:28:10.575273
case_617,a,2025-02-24 20:33:10.575273
case_617,b,2025-02-24 20:38:10.575273
case_617,a,2025-02-24 20:43:10.575273
case_617,b,2025-02-24 20:48:10.575273
case_617,b,2025-02-24 20:53:10.575273
case_617,b,2025-02-24 20:58:10.575273
case_617,c,2025-02-24 21:03:10.575273
case_618,a,2025-02-24 19:28:10.575302
case_618,b,2025-02-24 19:33:10.575302
case_618,b,2025-02-24 19:38:10.575302
case_618,c,2025-02-24 19:43:10.575302
case_618,a,2025-02-24 19:48:10.575302
case_618,c,2025-02-24 19:53:10.575302
case_618,c,2025-02-24 19:58:10.575302
case_618,c,2025-02-24 20:03:10.575302
case_618,c,2025-02-24 20:08:10.575302
case_618,a,2025-02-24 20:13:10.575302
case_618,b,2025-02-24 20:18:10.575302
case_618,a,2025-02-24 20:23:10.575302
case_618,b,2025-02-24 20:28:10.575302
case_618,a,2025-02-24 20:33:10.575302
case_618,b,2025-02-24 20:38:10.575302
case_618,a,2025-02-24 20:43:10.575302
case_618,a,2025-02-24 20:48:10.575302
case_618,b,2025-02-24 20:53:10.575302
case_618,a,2025-02-24 20:58:10.575302
case_618,c,2025-02-24 21:03:10.575302
case_619,b,2025-02-24 19:28:10.575333
case_619,a,2025-02-24 19:33:10.575333
case_619,c,2025-02-24 19:38:10.575333
case_619,c,2025-02-24 19:43:10.575333
case_619,b,2025-02-24 19:48:10.575333
case_619,a,2025-02-24 19:53:10.575333
case_619,c,2025-02-24 19:58:10.575333
case_619,b,2025-02-24 20:03:10.575333
case_619,c,2025-02-24 20:08:10.575333
case_619,c,2025-02-24 20:13:10.575333
case_619,b,2025-02-24 20:18:10.575333
case_619,c,2025-02-24 20:23:10.575333
case_619,a,2025-02-24 20:28:10.575333
case_619,c,2025-02-24 20:33:10.575333
case_619,c,2025-02-24 20:38:10.575333
case_619,a,2025-02-24 20:43:10.575333
case_619,c,2025-02-24 20:48:10.575333
case_619,c,2025-02-24 20:53:10.575333
case_619,a,2025-02-24 20:58:10.575333
case_619,a,2025-02-24 21:03:10.575333
case_620,b,2025-02-24 19:28:10.575363
case_620,c,2025-02-24 19:33:10.575363
case_620,c,2025-02-24 19:38:10.575363
case_620,c,2025-02-24 19:43:10.575363
case_620,a,2025-02-24 19:48:10.575363
case_620,c,2025-02-24 19:53:10.575363
case_620,a,2025-02-24 19:58:10.575363
case_620,b,2025-02-24 20:03:10.575363
case_620,c,2025-02-24 20:08:10.575363
case_620,c,2025-02-24 20:13:10.575363
case_620,c,2025-02-24 20:18:10.575363
case_620,b,2025-02-24 20:23:10.575363
case_620,b,2025-02-24 20:28:10.575363
case_620,b,2025-02-24 20:33:10.575363
case_620,a,2025-02-24 20:38:10.575363
case_620,b,2025-02-24 20:43:10.575363
case_620,c,2025-02-24 20:48:10.575363
case_620,a,2025-02-24 20:53:10.575363
case_620,a,2025-02-24 20:58:10.575363
case_620,b,2025-02-24 21:03:10.575363
case_621,a,2025-02-24 19:28:10.575393
case_621,c,2025-02-24 19:33:10.575393
case_621,a,2025-02-24 19:38:10.575393
case_621,a,2025-02-24 19:43:10.575393
case_621,b,2025-02-24 19:48:10.575393
case_621,a,2025-02-24 19:53:10.575393
case_621,a,2025-02-24 19:58:10.575393
case_621,a,2025-02-24 20:03:10.575393
case_621,a,2025-02-24 20:08:10.575393
case_621,a,2025-02-24 20:13:10.575393
case_621,c,2025-02-24 20:18:10.575393
case_621,a,2025-02-24 20:23:10.575393
case_621,c,2025-02-24 20:28:10.575393
case_621,b,2025-02-24 20:33:10.575393
case_621,b,2025-02-24 20:38:10.575393
case_621,a,2025-02-24 20:43:10.575393
case_621,a,2025-02-24 20:48:10.575393
case_621,b,2025-02-24 20:53:10.575393
case_621,c,2025-02-24 20:58:10.575393
case_621,c,2025-02-24 21:03:10.575393
case_622,c,2025-02-24 19:28:10.575422
case_622,a,2025-02-24 19:33:10.575422
case_622,c,2025-02-24 19:38:10.575422
case_622,b,2025-02-24 19:43:10.575422
case_622,c,2025-02-24 19:48:10.575422
case_622,b,2025-02-24 19:53:10.575422
case_622,a,2025-02-24 19:58:10.575422
case_622,b,2025-02-24 20:03:10.575422
case_622,c,2025-02-24 20:08:10.575422
case_622,b,2025-02-24 20:13:10.575422
case_622,a,2025-02-24 20:18:10.575422
case_622,c,2025-02-24 20:23:10.575422
case_622,a,2025-02-24 20:28:10.575422
case_622,c,2025-02-24 20:33:10.575422
case_622,a,2025-02-24 20:38:10.575422
case_622,a,2025-02-24 20:43:10.575422
case_622,a,2025-02-24 20:48:10.575422
case_622,c,2025-02-24 20:53:10.575422
case_622,b,2025-02-24 20:58:10.575422
case_622,b,2025-02-24 21:03:10.575422
case_623,c,2025-02-24 19:28:10.575452
case_623,b,2025-02-24 19:33:10.575452
case_623,a,2025-02-24 19:38:10.575452
case_623,b,2025-02-24 19:43:10.575452
case_623,a,2025-02-24 19:48:10.575452
case_623,a,2025-02-24 19:53:10.575452
case_623,b,2025-02-24 19:58:10.575452
case_623,c,2025-02-24 20:03:10.575452
case_623,b,2025-02-24 20:08:10.575452
case_623,c,2025-02-24 20:13:10.575452
case_623,c,2025-02-24 20:18:10.575452
case_623,c,2025-02-24 20:23:10.575452
case_623,c,2025-02-24 20:28:10.575452
case_623,b,2025-02-24 20:33:10.575452
case_623,a,2025-02-24 20:38:10.575452
case_623,a,2025-02-24 20:43:10.575452
case_623,c,2025-02-24 20:48:10.575452
case_623,a,2025-02-24 20:53:10.575452
case_623,b,2025-02-24 20:58:10.575452
case_623,b,2025-02-24 21:03:10.575452
case_624,a,2025-02-24 19:28:10.575481
case_624,c,2025-02-24 19:33:10.575481
case_624,b,2025-02-24 19:38:10.575481
case_624,b,2025-02-24 19:43:10.575481
case_624,b,2025-02-24 19:48:10.575481
case_624,c,2025-02-24 19:53:10.575481
case_624,a,2025-02-24 19:58:10.575481
case_624,a,2025-02-24 20:03:10.575481
case_624,c,2025-02-24 20:08:10.575481
case_624,a,2025-02-24 20:13:10.575481
case_624,a,2025-02-24 20:18:10.575481
case_624,a,2025-02-24 20:23:10.575481
case_624,b,2025-02-24 20:28:10.575481
case_624,b,2025-02-24 20:33:10.575481
case_624,b,2025-02-24 20:38:10.575481
case_624,a,2025-02-24 20:43:10.575481
case_624,b,2025-02-24 20:48:10.575481
case_624,a,2025-02-24 20:53:10.575481
case_624,c,2025-02-24 20:58:10.575481
case_624,c,2025-02-24 21:03:10.575481
case_625,a,2025-02-24 19:28:10.575511
case_625,c,2025-02-24 19:33:10.575511
case_625,b,2025-02-24 19:38:10.575511
case_625,c,2025-02-24 19:43:10.575511
case_625,c,2025-02-24 19:48:10.575511
case_625,a,2025-02-24 19:53:10.575511
case_625,a,2025-02-24 19:58:10.575511
case_625,c,2025-02-24 20:03:10.575511
case_625,c,2025-02-24 20:08:10.575511
case_625,b,2025-02-24 20:13:10.575511
case_625,a,2025-02-24 20:18:10.575511
case_625,b,2025-02-24 20:23:10.575511
case_625,a,2025-02-24 20:28:10.575511
case_625,c,2025-02-24 20:33:10.575511
case_625,a,2025-02-24 20:38:10.575511
case_625,a,2025-02-24 20:43:10.575511
case_625,a,2025-02-24 20:48:10.575511
case_625,a,2025-02-24 20:53:10.575511
case_625,b,2025-02-24 20:58:10.575511
case_625,b,2025-02-24 21:03:10.575511
case_626,a,2025-02-24 19:28:10.575541
case_626,c,2025-02-24 19:33:10.575541
case_626,a,2025-02-24 19:38:10.575541
case_626,a,2025-02-24 19:43:10.575541
case_626,b,2025-02-24 19:48:10.575541
case_626,a,2025-02-24 19:53:10.575541
case_626,b,2025-02-24 19:58:10.575541
case_626,c,2025-02-24 20:03:10.575541
case_626,b,2025-02-24 20:08:10.575541
case_626,a,2025-02-24 20:13:10.575541
case_626,c,2025-02-24 20:18:10.575541
case_626,c,2025-02-24 20:23:10.575541
case_626,a,2025-02-24 20:28:10.575541
case_626,b,2025-02-24 20:33:10.575541
case_626,c,2025-02-24 20:38:10.575541
case_626,a,2025-02-24 20:43:10.575541
case_626,c,2025-02-24 20:48:10.575541
case_626,c,2025-02-24 20:53:10.575541
case_626,b,2025-02-24 20:58:10.575541
case_626,b,2025-02-24 21:03:10.575541
case_627,b,2025-02-24 19:28:10.575570
case_627,a,2025-02-24 19:33:10.575570
case_627,c,2025-02-24 19:38:10.575570
case_627,b,2025-02-24 19:43:10.575570
case_627,c,2025-02-24 19:48:10.575570
case_627,b,2025-02-24 19:53:10.575570
case_627,b,2025-02-24 19:58:10.575570
case_627,a,2025-02-24 20:03:10.575570
case_627,c,2025-02-24 20:08:10.575570
case_627,b,2025-02-24 20:13:10.575570
case_627,c,2025-02-24 20:18:10.575570
case_627,c,2025-02-24 20:23:10.575570
case_627,c,2025-02-24 20:28:10.575570
case_627,a,2025-02-24 20:33:10.575570
case_627,a,2025-02-24 20:38:10.575570
case_627,c,2025-02-24 20:43:10.575570
case_627,b,2025-02-24 20:48:10.575570
case_627,a,2025-02-24 20:53:10.575570
case_627,c,2025-02-24 20:58:10.575570
case_627,b,2025-02-24 21:03:10.575570
case_628,c,2025-02-24 19:28:10.575600
case_628,b,2025-02-24 19:33:10.575600
case_628,c,2025-02-24 19:38:10.575600
case_628,b,2025-02-24 19:43:10.575600
case_628,a,2025-02-24 19:48:10.575600
case_628,b,2025-02-24 19:53:10.575600
case_628,a,2025-02-24 19:58:10.575600
case_628,b,2025-02-24 20:03:10.575600
case_628,b,2025-02-24 20:08:10.575600
case_628,a,2025-02-24 20:13:10.575600
case_628,b,2025-02-24 20:18:10.575600
case_628,b,2025-02-24 20:23:10.575600
case_628,a,2025-02-24 20:28:10.575600
case_628,c,2025-02-24 20:33:10.575600
case_628,a,2025-02-24 20:38:10.575600
case_628,b,2025-02-24 20:43:10.575600
case_628,b,2025-02-24 20:48:10.575600
case_628,b,2025-02-24 20:53:10.575600
case_628,a,2025-02-24 20:58:10.575600
case_628,a,2025-02-24 21:03:10.575600
case_629,a,2025-02-24 19:28:10.575629
case_629,b,2025-02-24 19:33:10.575629
case_629,c,2025-02-24 19:38:10.575629
case_629,c,2025-02-24 19:43:10.575629
case_629,a,2025-02-24 19:48:10.575629
case_629,a,2025-02-24 19:53:10.575629
case_629,a,2025-02-24 19:58:10.575629
case_629,a,2025-02-24 20:03:10.575629
case_629,b,2025-02-24 20:08:10.575629
case_629,b,2025-02-24 20:13:10.575629
case_629,b,2025-02-24 20:18:10.575629
case_629,b,2025-02-24 20:23:10.575629
case_629,c,2025-02-24 20:28:10.575629
case_629,c,2025-02-24 20:33:10.575629
case_629,a,2025-02-24 20:38:10.575629
case_629,c,2025-02-24 20:43:10.575629
case_629,b,2025-02-24 20:48:10.575629
case_629,c,2025-02-24 20:53:10.575629
case_629,a,2025-02-24 20:58:10.575629
case_629,c,2025-02-24 21:03:10.575629
case_630,c,2025-02-24 19:28:10.575658
case_630,b,2025-02-24 19:33:10.575658
case_630,b,2025-02-24 19:38:10.575658
case_630,c,2025-02-24 19:43:10.575658
case_630,c,2025-02-24 19:48:10.575658
case_630,b,2025-02-24 19:53:10.575658
case_630,c,2025-02-24 19:58:10.575658
case_630,b,2025-02-24 20:03:10.575658
case_630,b,2025-02-24 20:08:10.575658
case_630,b,2025-02-24 20:13:10.575658
case_630,b,2025-02-24 20:18:10.575658
case_630,b,2025-02-24 20:23:10.575658
case_630,c,2025-02-24 20:28:10.575658
case_630,c,2025-02-24 20:33:10.575658
case_630,a,2025-02-24 20:38:10.575658
case_630,a,2025-02-24 20:43:10.575658
case_630,c,2025-02-24 20:48:10.575658
case_630,c,2025-02-24 20:53:10.575658
case_630,c,2025-02-24 20:58:10.575658
case_630,b,2025-02-24 21:03:10.575658
case_631,a,2025-02-24 19:28:10.575688
case_631,a,2025-02-24 19:33:10.575688
case_631,a,2025-02-24 19:38:10.575688
case_631,b,2025-02-24 19:43:10.575688
case_631,a,2025-02-24 19:48:10.575688
case_631,a,2025-02-24 19:53:10.575688
case_631,c,2025-02-24 19:58:10.575688
case_631,c,2025-02-24 20:03:10.575688
case_631,a,2025-02-24 20:08:10.575688
case_631,a,2025-02-24 20:13:10.575688
case_631,b,2025-02-24 20:18:10.575688
case_631,c,2025-02-24 20:23:10.575688
case_631,a,2025-02-24 20:28:10.575688
case_631,b,2025-02-24 20:33:10.575688
case_631,a,2025-02-24 20:38:10.575688
case_631,c,2025-02-24 20:43:10.575688
case_631,a,2025-02-24 20:48:10.575688
case_631,c,2025-02-24 20:53:10.575688
case_631,b,2025-02-24 20:58:10.575688
case_631,b,2025-02-24 21:03:10.575688
case_632,a,2025-02-24 19:28:10.575717
case_632,b,2025-02-24 19:33:10.575717
case_632,b,2025-02-24 19:38:10.575717
case_632,b,2025-02-24 19:43:10.575717
case_632,c,2025-02-24 19:48:10.575717
case_632,a,2025-02-24 19:53:10.575717
case_632,a,2025-02-24 19:58:10.575717
case_632,b,2025-02-24 20:03:10.575717
case_632,a,2025-02-24 20:08:10.575717
case_632,a,2025-02-24 20:13:10.575717
case_632,b,2025-02-24 20:18:10.575717
case_632,a,2025-02-24 20:23:10.575717
case_632,c,2025-02-24 20:28:10.575717
case_632,a,2025-02-24 20:33:10.575717
case_632,b,2025-02-24 20:38:10.575717
case_632,c,2025-02-24 20:43:10.575717
case_632,a,2025-02-24 20:48:10.575717
case_632,a,2025-02-24 20:53:10.575717
case_632,c,2025-02-24 20:58:10.575717
case_632,a,2025-02-24 21:03:10.575717
case_633,c,2025-02-24 19:28:10.575747
case_633,c,2025-02-24 19:33:10.575747
case_633,c,2025-02-24 19:38:10.575747
case_633,c,2025-02-24 19:43:10.575747
case_633,b,2025-02-24 19:48:10.575747
case_633,c,2025-02-24 19:53:10.575747
case_633,c,2025-02-24 19:58:10.575747
case_633,a,2025-02-24 20:03:10.575747
case_633,a,2025-02-24 20:08:10.575747
case_633,c,2025-02-24 20:13:10.575747
case_633,c,2025-02-24 20:18:10.575747
case_633,c,2025-02-24 20:23:10.575747
case_633,a,2025-02-24 20:28:10.575747
case_633,a,2025-02-24 20:33:10.575747
case_633,a,2025-02-24 20:38:10.575747
case_633,b,2025-02-24 20:43:10.575747
case_633,a,2025-02-24 20:48:10.575747
case_633,c,2025-02-24 20:53:10.575747
case_633,b,2025-02-24 20:58:10.575747
case_633,b,2025-02-24 21:03:10.575747
case_634,c,2025-02-24 19:28:10.575776
case_634,a,2025-02-24 19:33:10.575776
case_634,c,2025-02-24 19:38:10.575776
case_634,b,2025-02-24 19:43:10.575776
case_634,b,2025-02-24 19:48:10.575776
case_634,b,2025-02-24 19:53:10.575776
case_634,a,2025-02-24 19:58:10.575776
case_634,b,2025-02-24 20:03:10.575776
case_634,a,2025-02-24 20:08:10.575776
case_634,b,2025-02-24 20:13:10.575776
case_634,b,2025-02-24 20:18:10.575776
case_634,a,2025-02-24 20:23:10.575776
case_634,c,2025-02-24 20:28:10.575776
case_634,a,2025-02-24 20:33:10.575776
case_634,c,2025-02-24 20:38:10.575776
case_634,a,2025-02-24 20:43:10.575776
case_634,c,2025-02-24 20:48:10.575776
case_634,b,2025-02-24 20:53:10.575776
case_634,a,2025-02-24 20:58:10.575776
case_634,a,2025-02-24 21:03:10.575776
case_635,b,2025-02-24 19:28:10.575806
case_635,c,2025-02-24 19:33:10.575806
case_635,c,2025-02-24 19:38:10.575806
case_635,b,2025-02-24 19:43:10.575806
case_635,a,2025-02-24 19:48:10.575806
case_635,b,2025-02-24 19:53:10.575806
case_635,a,2025-02-24 19:58:10.575806
case_635,c,2025-02-24 20:03:10.575806
case_635,a,2025-02-24 20:08:10.575806
case_635,c,2025-02-24 20:13:10.575806
case_635,b,2025-02-24 20:18:10.575806
case_635,a,2025-02-24 20:23:10.575806
case_635,a,2025-02-24 20:28:10.575806
case_635,a,2025-02-24 20:33:10.575806
case_635,c,2025-02-24 20:38:10.575806
case_635,c,2025-02-24 20:43:10.575806
case_635,c,2025-02-24 20:48:10.575806
case_635,c,2025-02-24 20:53:10.575806
case_635,a,2025-02-24 20:58:10.575806
case_635,c,2025-02-24 21:03:10.575806
case_636,a,2025-02-24 19:28:10.575835
case_636,a,2025-02-24 19:33:10.575835
case_636,b,2025-02-24 19:38:10.575835
case_636,b,2025-02-24 19:43:10.575835
case_636,c,2025-02-24 19:48:10.575835
case_636,c,2025-02-24 19:53:10.575835
case_636,a,2025-02-24 19:58:10.575835
case_636,a,2025-02-24 20:03:10.575835
case_636,b,2025-02-24 20:08:10.575835
case_636,c,2025-02-24 20:13:10.575835
case_636,a,2025-02-24 20:18:10.575835
case_636,a,2025-02-24 20:23:10.575835
case_636,b,2025-02-24 20:28:10.575835
case_636,b,2025-02-24 20:33:10.575835
case_636,b,2025-02-24 20:38:10.575835
case_636,a,2025-02-24 20:43:10.575835
case_636,b,2025-02-24 20:48:10.575835
case_636,c,2025-02-24 20:53:10.575835
case_636,b,2025-02-24 20:58:10.575835
case_636,b,2025-02-24 21:03:10.575835
case_637,a,2025-02-24 19:28:10.575865
case_637,c,2025-02-24 19:33:10.575865
case_637,c,2025-02-24 19:38:10.575865
case_637,a,2025-02-24 19:43:10.575865
case_637,a,2025-02-24 19:48:10.575865
case_637,a,2025-02-24 19:53:10.575865
case_637,b,2025-02-24 19:58:10.575865
case_637,c,2025-02-24 20:03:10.575865
case_637,c,2025-02-24 20:08:10.575865
case_637,b,2025-02-24 20:13:10.575865
case_637,c,2025-02-24 20:18:10.575865
case_637,b,2025-02-24 20:23:10.575865
case_637,c,2025-02-24 20:28:10.575865
case_637,b,2025-02-24 20:33:10.575865
case_637,b,2025-02-24 20:38:10.575865
case_637,c,2025-02-24 20:43:10.575865
case_637,b,2025-02-24 20:48:10.575865
case_637,b,2025-02-24 20:53:10.575865
case_637,a,2025-02-24 20:58:10.575865
case_637,b,2025-02-24 21:03:10.575865
case_638,a,2025-02-24 19:28:10.575894
case_638,a,2025-02-24 19:33:10.575894
case_638,c,2025-02-24 19:38:10.575894
case_638,c,2025-02-24 19:43:10.575894
case_638,c,2025-02-24 19:48:10.575894
case_638,a,2025-02-24 19:53:10.575894
case_638,b,2025-02-24 19:58:10.575894
case_638,c,2025-02-24 20:03:10.575894
case_638,b,2025-02-24 20:08:10.575894
case_638,c,2025-02-24 20:13:10.575894
case_638,a,2025-02-24 20:18:10.575894
case_638,b,2025-02-24 20:23:10.575894
case_638,c,2025-02-24 20:28:10.575894
case_638,b,2025-02-24 20:33:10.575894
case_638,b,2025-02-24 20:38:10.575894
case_638,c,2025-02-24 20:43:10.575894
case_638,c,2025-02-24 20:48:10.575894
case_638,a,2025-02-24 20:53:10.575894
case_638,a,2025-02-24 20:58:10.575894
case_638,c,2025-02-24 21:03:10.575894
case_639,b,2025-02-24 19:28:10.575924
case_639,b,2025-02-24 19:33:10.575924
case_639,c,2025-02-24 19:38:10.575924
case_639,c,2025-02-24 19:43:10.575924
case_639,a,2025-02-24 19:48:10.575924
case_639,c,2025-02-24 19:53:10.575924
case_639,a,2025-02-24 19:58:10.575924
case_639,a,2025-02-24 20:03:10.575924
case_639,c,2025-02-24 20:08:10.575924
case_639,b,2025-02-24 20:13:10.575924
case_639,b,2025-02-24 20:18:10.575924
case_639,c,2025-02-24 20:23:10.575924
case_639,c,2025-02-24 20:28:10.575924
case_639,b,2025-02-24 20:33:10.575924
case_639,c,2025-02-24 20:38:10.575924
case_639,a,2025-02-24 20:43:10.575924
case_639,c,2025-02-24 20:48:10.575924
case_639,c,2025-02-24 20:53:10.575924
case_639,c,2025-02-24 20:58:10.575924
case_639,a,2025-02-24 21:03:10.575924
case_640,a,2025-02-24 19:28:10.575954
case_640,a,2025-02-24 19:33:10.575954
case_640,c,2025-02-24 19:38:10.575954
case_640,b,2025-02-24 19:43:10.575954
case_640,c,2025-02-24 19:48:10.575954
case_640,c,2025-02-24 19:53:10.575954
case_640,a,2025-02-24 19:58:10.575954
case_640,a,2025-02-24 20:03:10.575954
case_640,c,2025-02-24 20:08:10.575954
case_640,c,2025-02-24 20:13:10.575954
case_640,c,2025-02-24 20:18:10.575954
case_640,a,2025-02-24 20:23:10.575954
case_640,a,2025-02-24 20:28:10.575954
case_640,c,2025-02-24 20:33:10.575954
case_640,b,2025-02-24 20:38:10.575954
case_640,c,2025-02-24 20:43:10.575954
case_640,b,2025-02-24 20:48:10.575954
case_640,c,2025-02-24 20:53:10.575954
case_640,b,2025-02-24 20:58:10.575954
case_640,b,2025-02-24 21:03:10.575954
case_641,b,2025-02-24 19:28:10.575983
case_641,a,2025-02-24 19:33:10.575983
case_641,b,2025-02-24 19:38:10.575983
case_641,a,2025-02-24 19:43:10.575983
case_641,c,2025-02-24 19:48:10.575983
case_641,a,2025-02-24 19:53:10.575983
case_641,a,2025-02-24 19:58:10.575983
case_641,b,2025-02-24 20:03:10.575983
case_641,c,2025-02-24 20:08:10.575983
case_641,c,2025-02-24 20:13:10.575983
case_641,c,2025-02-24 20:18:10.575983
case_641,c,2025-02-24 20:23:10.575983
case_641,a,2025-02-24 20:28:10.575983
case_641,a,2025-02-24 20:33:10.575983
case_641,c,2025-02-24 20:38:10.575983
case_641,a,2025-02-24 20:43:10.575983
case_641,a,2025-02-24 20:48:10.575983
case_641,c,2025-02-24 20:53:10.575983
case_641,a,2025-02-24 20:58:10.575983
case_641,b,2025-02-24 21:03:10.575983
case_642,b,2025-02-24 19:28:10.576013
case_642,c,2025-02-24 19:33:10.576013
case_642,b,2025-02-24 19:38:10.576013
case_642,c,2025-02-24 19:43:10.576013
case_642,b,2025-02-24 19:48:10.576013
case_642,b,2025-02-24 19:53:10.576013
case_642,c,2025-02-24 19:58:10.576013
case_642,c,2025-02-24 20:03:10.576013
case_642,b,2025-02-24 20:08:10.576013
case_642,a,2025-02-24 20:13:10.576013
case_642,c,2025-02-24 20:18:10.576013
case_642,b,2025-02-24 20:23:10.576013
case_642,a,2025-02-24 20:28:10.576013
case_642,c,2025-02-24 20:33:10.576013
case_642,c,2025-02-24 20:38:10.576013
case_642,b,2025-02-24 20:43:10.576013
case_642,c,2025-02-24 20:48:10.576013
case_642,a,2025-02-24 20:53:10.576013
case_642,a,2025-02-24 20:58:10.576013
case_642,b,2025-02-24 21:03:10.576013
case_643,a,2025-02-24 19:28:10.576043
case_643,a,2025-02-24 19:33:10.576043
case_643,c,2025-02-24 19:38:10.576043
case_643,c,2025-02-24 19:43:10.576043
case_643,a,2025-02-24 19:48:10.576043
case_643,b,2025-02-24 19:53:10.576043
case_643,b,2025-02-24 19:58:10.576043
case_643,b,2025-02-24 20:03:10.576043
case_643,b,2025-02-24 20:08:10.576043
case_643,b,2025-02-24 20:13:10.576043
case_643,c,2025-02-24 20:18:10.576043
case_643,b,2025-02-24 20:23:10.576043
case_643,a,2025-02-24 20:28:10.576043
case_643,a,2025-02-24 20:33:10.576043
case_643,b,2025-02-24 20:38:10.576043
case_643,c,2025-02-24 20:43:10.576043
case_643,c,2025-02-24 20:48:10.576043
case_643,a,2025-02-24 20:53:10.576043
case_643,c,2025-02-24 20:58:10.576043
case_643,c,2025-02-24 21:03:10.576043
case_644,b,2025-02-24 19:28:10.576074
case_644,a,2025-02-24 19:33:10.576074
case_644,a,2025-02-24 19:38:10.576074
case_644,c,2025-02-24 19:43:10.576074
case_644,c,2025-02-24 19:48:10.576074
case_644,a,2025-02-24 19:53:10.576074
case_644,a,2025-02-24 19:58:10.576074
case_644,c,2025-02-24 20:03:10.576074
case_644,a,2025-02-24 20:08:10.576074
case_644,a,2025-02-24 20:13:10.576074
case_644,a,2025-02-24 20:18:10.576074
case_644,c,2025-02-24 20:23:10.576074
case_644,b,2025-02-24 20:28:10.576074
case_644,a,2025-02-24 20:33:10.576074
case_644,c,2025-02-24 20:38:10.576074
case_644,c,2025-02-24 20:43:10.576074
case_644,a,2025-02-24 20:48:10.576074
case_644,b,2025-02-24 20:53:10.576074
case_644,a,2025-02-24 20:58:10.576074
case_644,b,2025-02-24 21:03:10.576074
case_645,a,2025-02-24 19:28:10.576103
case_645,c,2025-02-24 19:33:10.576103
case_645,b,2025-02-24 19:38:10.576103
case_645,a,2025-02-24 19:43:10.576103
case_645,b,2025-02-24 19:48:10.576103
case_645,b,2025-02-24 19:53:10.576103
case_645,c,2025-02-24 19:58:10.576103
case_645,c,2025-02-24 20:03:10.576103
case_645,a,2025-02-24 20:08:10.576103
case_645,c,2025-02-24 20:13:10.576103
case_645,b,2025-02-24 20:18:10.576103
case_645,a,2025-02-24 20:23:10.576103
case_645,c,2025-02-24 20:28:10.576103
case_645,c,2025-02-24 20:33:10.576103
case_645,a,2025-02-24 20:38:10.576103
case_645,a,2025-02-24 20:43:10.576103
case_645,b,2025-02-24 20:48:10.576103
case_645,c,2025-02-24 20:53:10.576103
case_645,c,2025-02-24 20:58:10.576103
case_645,b,2025-02-24 21:03:10.576103
case_646,c,2025-02-24 19:28:10.576132
case_646,c,2025-02-24 19:33:10.576132
case_646,a,2025-02-24 19:38:10.576132
case_646,a,2025-02-24 19:43:10.576132
case_646,c,2025-02-24 19:48:10.576132
case_646,a,2025-02-24 19:53:10.576132
case_646,c,2025-02-24 19:58:10.576132
case_646,a,2025-02-24 20:03:10.576132
case_646,b,2025-02-24 20:08:10.576132
case_646,b,2025-02-24 20:13:10.576132
case_646,b,2025-02-24 20:18:10.576132
case_646,a,2025-02-24 20:23:10.576132
case_646,a,2025-02-24 20:28:10.576132
case_646,c,2025-02-24 20:33:10.576132
case_646,a,2025-02-24 20:38:10.576132
case_646,b,2025-02-24 20:43:10.576132
case_646,a,2025-02-24 20:48:10.576132
case_646,c,2025-02-24 20:53:10.576132
case_646,c,2025-02-24 20:58:10.576132
case_646,a,2025-02-24 21:03:10.576132
case_647,b,2025-02-24 19:28:10.576162
case_647,c,2025-02-24 19:33:10.576162
case_647,a,2025-02-24 19:38:10.576162
case_647,c,2025-02-24 19:43:10.576162
case_647,b,2025-02-24 19:48:10.576162
case_647,a,2025-02-24 19:53:10.576162
case_647,b,2025-02-24 19:58:10.576162
case_647,c,2025-02-24 20:03:10.576162
case_647,b,2025-02-24 20:08:10.576162
case_647,a,2025-02-24 20:13:10.576162
case_647,b,2025-02-24 20:18:10.576162
case_647,a,2025-02-24 20:23:10.576162
case_647,a,2025-02-24 20:28:10.576162
case_647,a,2025-02-24 20:33:10.576162
case_647,a,2025-02-24 20:38:10.576162
case_647,b,2025-02-24 20:43:10.576162
case_647,a,2025-02-24 20:48:10.576162
case_647,c,2025-02-24 20:53:10.576162
case_647,c,2025-02-24 20:58:10.576162
case_647,a,2025-02-24 21:03:10.576162
case_648,c,2025-02-24 19:28:10.576191
case_648,c,2025-02-24 19:33:10.576191
case_648,b,2025-02-24 19:38:10.576191
case_648,c,2025-02-24 19:43:10.576191
case_648,b,2025-02-24 19:48:10.576191
case_648,a,2025-02-24 19:53:10.576191
case_648,c,2025-02-24 19:58:10.576191
case_648,a,2025-02-24 20:03:10.576191
case_648,c,2025-02-24 20:08:10.576191
case_648,c,2025-02-24 20:13:10.576191
case_648,c,2025-02-24 20:18:10.576191
case_648,c,2025-02-24 20:23:10.576191
case_648,c,2025-02-24 20:28:10.576191
case_648,a,2025-02-24 20:33:10.576191
case_648,c,2025-02-24 20:38:10.576191
case_648,a,2025-02-24 20:43:10.576191
case_648,b,2025-02-24 20:48:10.576191
case_648,b,2025-02-24 20:53:10.576191
case_648,a,2025-02-24 20:58:10.576191
case_648,a,2025-02-24 21:03:10.576191
case_649,a,2025-02-24 19:28:10.576220
case_649,a,2025-02-24 19:33:10.576220
case_649,b,2025-02-24 19:38:10.576220
case_649,b,2025-02-24 19:43:10.576220
case_649,c,2025-02-24 19:48:10.576220
case_649,b,2025-02-24 19:53:10.576220
case_649,b,2025-02-24 19:58:10.576220
case_649,c,2025-02-24 20:03:10.576220
case_649,a,2025-02-24 20:08:10.576220
case_649,b,2025-02-24 20:13:10.576220
case_649,b,2025-02-24 20:18:10.576220
case_649,b,2025-02-24 20:23:10.576220
case_649,a,2025-02-24 20:28:10.576220
case_649,b,2025-02-24 20:33:10.576220
case_649,b,2025-02-24 20:38:10.576220
case_649,c,2025-02-24 20:43:10.576220
case_649,b,2025-02-24 20:48:10.576220
case_649,a,2025-02-24 20:53:10.576220
case_649,a,2025-02-24 20:58:10.576220
case_649,b,2025-02-24 21:03:10.576220
case_650,a,2025-02-24 19:28:10.576249
case_650,b,2025-02-24 19:33:10.576249
case_650,c,2025-02-24 19:38:10.576249
case_650,c,2025-02-24 19:43:10.576249
case_650,c,2025-02-24 19:48:10.576249
case_650,a,2025-02-24 19:53:10.576249
case_650,a,2025-02-24 19:58:10.576249
case_650,c,2025-02-24 20:03:10.576249
case_650,b,2025-02-24 20:08:10.576249
case_650,c,2025-02-24 20:13:10.576249
case_650,b,2025-02-24 20:18:10.576249
case_650,a,2025-02-24 20:23:10.576249
case_650,c,2025-02-24 20:28:10.576249
case_650,c,2025-02-24 20:33:10.576249
case_650,c,2025-02-24 20:38:10.576249
case_650,a,2025-02-24 20:43:10.576249
case_650,a,2025-02-24 20:48:10.576249
case_650,c,2025-02-24 20:53:10.576249
case_650,b,2025-02-24 20:58:10.576249
case_650,b,2025-02-24 21:03:10.576249
case_651,a,2025-02-24 19:28:10.576279
case_651,a,2025-02-24 19:33:10.576279
case_651,a,2025-02-24 19:38:10.576279
case_651,a,2025-02-24 19:43:10.576279
case_651,c,2025-02-24 19:48:10.576279
case_651,c,2025-02-24 19:53:10.576279
case_651,a,2025-02-24 19:58:10.576279
case_651,a,2025-02-24 20:03:10.576279
case_651,b,2025-02-24 20:08:10.576279
case_651,b,2025-02-24 20:13:10.576279
case_651,a,2025-02-24 20:18:10.576279
case_651,c,2025-02-24 20:23:10.576279
case_651,c,2025-02-24 20:28:10.576279
case_651,b,2025-02-24 20:33:10.576279
case_651,a,2025-02-24 20:38:10.576279
case_651,a,2025-02-24 20:43:10.576279
case_651,a,2025-02-24 20:48:10.576279
case_651,b,2025-02-24 20:53:10.576279
case_651,c,2025-02-24 20:58:10.576279
case_651,c,2025-02-24 21:03:10.576279
case_652,c,2025-02-24 19:28:10.576308
case_652,c,2025-02-24 19:33:10.576308
case_652,c,2025-02-24 19:38:10.576308
case_652,c,2025-02-24 19:43:10.576308
case_652,a,2025-02-24 19:48:10.576308
case_652,c,2025-02-24 19:53:10.576308
case_652,a,2025-02-24 19:58:10.576308
case_652,c,2025-02-24 20:03:10.576308
case_652,a,2025-02-24 20:08:10.576308
case_652,a,2025-02-24 20:13:10.576308
case_652,c,2025-02-24 20:18:10.576308
case_652,a,2025-02-24 20:23:10.576308
case_652,b,2025-02-24 20:28:10.576308
case_652,a,2025-02-24 20:33:10.576308
case_652,b,2025-02-24 20:38:10.576308
case_652,a,2025-02-24 20:43:10.576308
case_652,b,2025-02-24 20:48:10.576308
case_652,c,2025-02-24 20:53:10.576308
case_652,b,2025-02-24 20:58:10.576308
case_652,b,2025-02-24 21:03:10.576308
case_653,c,2025-02-24 19:28:10.576340
case_653,b,2025-02-24 19:33:10.576340
case_653,a,2025-02-24 19:38:10.576340
case_653,a,2025-02-24 19:43:10.576340
case_653,a,2025-02-24 19:48:10.576340
case_653,a,2025-02-24 19:53:10.576340
case_653,a,2025-02-24 19:58:10.576340
case_653,a,2025-02-24 20:03:10.576340
case_653,b,2025-02-24 20:08:10.576340
case_653,a,2025-02-24 20:13:10.576340
case_653,a,2025-02-24 20:18:10.576340
case_653,b,2025-02-24 20:23:10.576340
case_653,c,2025-02-24 20:28:10.576340
case_653,c,2025-02-24 20:33:10.576340
case_653,c,2025-02-24 20:38:10.576340
case_653,b,2025-02-24 20:43:10.576340
case_653,c,2025-02-24 20:48:10.576340
case_653,a,2025-02-24 20:53:10.576340
case_653,b,2025-02-24 20:58:10.576340
case_653,b,2025-02-24 21:03:10.576340
case_654,a,2025-02-24 19:28:10.576369
case_654,b,2025-02-24 19:33:10.576369
case_654,b,2025-02-24 19:38:10.576369
case_654,c,2025-02-24 19:43:10.576369
case_654,c,2025-02-24 19:48:10.576369
case_654,b,2025-02-24 19:53:10.576369
case_654,b,2025-02-24 19:58:10.576369
case_654,b,2025-02-24 20:03:10.576369
case_654,a,2025-02-24 20:08:10.576369
case_654,c,2025-02-24 20:13:10.576369
case_654,c,2025-02-24 20:18:10.576369
case_654,a,2025-02-24 20:23:10.576369
case_654,a,2025-02-24 20:28:10.576369
case_654,c,2025-02-24 20:33:10.576369
case_654,c,2025-02-24 20:38:10.576369
case_654,c,2025-02-24 20:43:10.576369
case_654,a,2025-02-24 20:48:10.576369
case_654,c,2025-02-24 20:53:10.576369
case_654,a,2025-02-24 20:58:10.576369
case_654,c,2025-02-24 21:03:10.576369
case_655,c,2025-02-24 19:28:10.576399
case_655,b,2025-02-24 19:33:10.576399
case_655,b,2025-02-24 19:38:10.576399
case_655,b,2025-02-24 19:43:10.576399
case_655,b,2025-02-24 19:48:10.576399
case_655,a,2025-02-24 19:53:10.576399
case_655,b,2025-02-24 19:58:10.576399
case_655,b,2025-02-24 20:03:10.576399
case_655,c,2025-02-24 20:08:10.576399
case_655,b,2025-02-24 20:13:10.576399
case_655,c,2025-02-24 20:18:10.576399
case_655,c,2025-02-24 20:23:10.576399
case_655,a,2025-02-24 20:28:10.576399
case_655,b,2025-02-24 20:33:10.576399
case_655,c,2025-02-24 20:38:10.576399
case_655,c,2025-02-24 20:43:10.576399
case_655,a,2025-02-24 20:48:10.576399
case_655,a,2025-02-24 20:53:10.576399
case_655,b,2025-02-24 20:58:10.576399
case_655,a,2025-02-24 21:03:10.576399
case_656,a,2025-02-24 19:28:10.576428
case_656,b,2025-02-24 19:33:10.576428
case_656,a,2025-02-24 19:38:10.576428
case_656,a,2025-02-24 19:43:10.576428
case_656,b,2025-02-24 19:48:10.576428
case_656,c,2025-02-24 19:53:10.576428
case_656,a,2025-02-24 19:58:10.576428
case_656,b,2025-02-24 20:03:10.576428
case_656,c,2025-02-24 20:08:10.576428
case_656,b,2025-02-24 20:13:10.576428
case_656,a,2025-02-24 20:18:10.576428
case_656,c,2025-02-24 20:23:10.576428
case_656,b,2025-02-24 20:28:10.576428
case_656,a,2025-02-24 20:33:10.576428
case_656,c,2025-02-24 20:38:10.576428
case_656,a,2025-02-24 20:43:10.576428
case_656,c,2025-02-24 20:48:10.576428
case_656,a,2025-02-24 20:53:10.576428
case_656,b,2025-02-24 20:58:10.576428
case_656,b,2025-02-24 21:03:10.576428
case_657,a,2025-02-24 19:28:10.576458
case_657,c,2025-02-24 19:33:10.576458
case_657,c,2025-02-24 19:38:10.576458
case_657,b,2025-02-24 19:43:10.576458
case_657,b,2025-02-24 19:48:10.576458
case_657,b,2025-02-24 19:53:10.576458
case_657,b,2025-02-24 19:58:10.576458
case_657,a,2025-02-24 20:03:10.576458
case_657,c,2025-02-24 20:08:10.576458
case_657,c,2025-02-24 20:13:10.576458
case_657,c,2025-02-24 20:18:10.576458
case_657,c,2025-02-24 20:23:10.576458
case_657,a,2025-02-24 20:28:10.576458
case_657,a,2025-02-24 20:33:10.576458
case_657,a,2025-02-24 20:38:10.576458
case_657,a,2025-02-24 20:43:10.576458
case_657,c,2025-02-24 20:48:10.576458
case_657,c,2025-02-24 20:53:10.576458
case_657,c,2025-02-24 20:58:10.576458
case_657,b,2025-02-24 21:03:10.576458
case_658,c,2025-02-24 19:28:10.576487
case_658,a,2025-02-24 19:33:10.576487
case_658,c,2025-02-24 19:38:10.576487
case_658,c,2025-02-24 19:43:10.576487
case_658,b,2025-02-24 19:48:10.576487
case_658,c,2025-02-24 19:53:10.576487
case_658,a,2025-02-24 19:58:10.576487
case_658,b,2025-02-24 20:03:10.576487
case_658,b,2025-02-24 20:08:10.576487
case_658,c,2025-02-24 20:13:10.576487
case_658,b,2025-02-24 20:18:10.576487
case_658,b,2025-02-24 20:23:10.576487
case_658,b,2025-02-24 20:28:10.576487
case_658,b,2025-02-24 20:33:10.576487
case_658,a,2025-02-24 20:38:10.576487
case_658,c,2025-02-24 20:43:10.576487
case_658,b,2025-02-24 20:48:10.576487
case_658,b,2025-02-24 20:53:10.576487
case_658,a,2025-02-24 20:58:10.576487
case_658,a,2025-02-24 21:03:10.576487
case_659,c,2025-02-24 19:28:10.576517
case_659,b,2025-02-24 19:33:10.576517
case_659,c,2025-02-24 19:38:10.576517
case_659,b,2025-02-24 19:43:10.576517
case_659,c,2025-02-24 19:48:10.576517
case_659,b,2025-02-24 19:53:10.576517
case_659,c,2025-02-24 19:58:10.576517
case_659,a,2025-02-24 20:03:10.576517
case_659,a,2025-02-24 20:08:10.576517
case_659,c,2025-02-24 20:13:10.576517
case_659,a,2025-02-24 20:18:10.576517
case_659,c,2025-02-24 20:23:10.576517
case_659,c,2025-02-24 20:28:10.576517
case_659,a,2025-02-24 20:33:10.576517
case_659,c,2025-02-24 20:38:10.576517
case_659,a,2025-02-24 20:43:10.576517
case_659,c,2025-02-24 20:48:10.576517
case_659,c,2025-02-24 20:53:10.576517
case_659,b,2025-02-24 20:58:10.576517
case_659,b,2025-02-24 21:03:10.576517
case_660,b,2025-02-24 19:28:10.576546
case_660,a,2025-02-24 19:33:10.576546
case_660,b,2025-02-24 19:38:10.576546
case_660,a,2025-02-24 19:43:10.576546
case_660,c,2025-02-24 19:48:10.576546
case_660,a,2025-02-24 19:53:10.576546
case_660,c,2025-02-24 19:58:10.576546
case_660,c,2025-02-24 20:03:10.576546
case_660,c,2025-02-24 20:08:10.576546
case_660,b,2025-02-24 20:13:10.576546
case_660,b,2025-02-24 20:18:10.576546
case_660,b,2025-02-24 20:23:10.576546
case_660,c,2025-02-24 20:28:10.576546
case_660,a,2025-02-24 20:33:10.576546
case_660,b,2025-02-24 20:38:10.576546
case_660,b,2025-02-24 20:43:10.576546
case_660,b,2025-02-24 20:48:10.576546
case_660,c,2025-02-24 20:53:10.576546
case_660,a,2025-02-24 20:58:10.576546
case_660,a,2025-02-24 21:03:10.576546
case_661,c,2025-02-24 19:28:10.576576
case_661,a,2025-02-24 19:33:10.576576
case_661,b,2025-02-24 19:38:10.576576
case_661,c,2025-02-24 19:43:10.576576
case_661,b,2025-02-24 19:48:10.576576
case_661,c,2025-02-24 19:53:10.576576
case_661,c,2025-02-24 19:58:10.576576
case_661,a,2025-02-24 20:03:10.576576
case_661,b,2025-02-24 20:08:10.576576
case_661,b,2025-02-24 20:13:10.576576
case_661,b,2025-02-24 20:18:10.576576
case_661,c,2025-02-24 20:23:10.576576
case_661,c,2025-02-24 20:28:10.576576
case_661,a,2025-02-24 20:33:10.576576
case_661,b,2025-02-24 20:38:10.576576
case_661,a,2025-02-24 20:43:10.576576
case_661,c,2025-02-24 20:48:10.576576
case_661,b,2025-02-24 20:53:10.576576
case_661,a,2025-02-24 20:58:10.576576
case_661,a,2025-02-24 21:03:10.576576
case_662,a,2025-02-24 19:28:10.576606
case_662,b,2025-02-24 19:33:10.576606
case_662,c,2025-02-24 19:38:10.576606
case_662,c,2025-02-24 19:43:10.576606
case_662,c,2025-02-24 19:48:10.576606
case_662,a,2025-02-24 19:53:10.576606
case_662,c,2025-02-24 19:58:10.576606
case_662,a,2025-02-24 20:03:10.576606
case_662,a,2025-02-24 20:08:10.576606
case_662,c,2025-02-24 20:13:10.576606
case_662,a,2025-02-24 20:18:10.576606
case_662,c,2025-02-24 20:23:10.576606
case_662,b,2025-02-24 20:28:10.576606
case_662,a,2025-02-24 20:33:10.576606
case_662,a,2025-02-24 20:38:10.576606
case_662,c,2025-02-24 20:43:10.576606
case_662,c,2025-02-24 20:48:10.576606
case_662,c,2025-02-24 20:53:10.576606
case_662,b,2025-02-24 20:58:10.576606
case_662,b,2025-02-24 21:03:10.576606
case_663,a,2025-02-24 19:28:10.576636
case_663,a,2025-02-24 19:33:10.576636
case_663,b,2025-02-24 19:38:10.576636
case_663,b,2025-02-24 19:43:10.576636
case_663,c,2025-02-24 19:48:10.576636
case_663,a,2025-02-24 19:53:10.576636
case_663,b,2025-02-24 19:58:10.576636
case_663,c,2025-02-24 20:03:10.576636
case_663,b,2025-02-24 20:08:10.576636
case_663,a,2025-02-24 20:13:10.576636
case_663,b,2025-02-24 20:18:10.576636
case_663,a,2025-02-24 20:23:10.576636
case_663,a,2025-02-24 20:28:10.576636
case_663,b,2025-02-24 20:33:10.576636
case_663,a,2025-02-24 20:38:10.576636
case_663,b,2025-02-24 20:43:10.576636
case_663,c,2025-02-24 20:48:10.576636
case_663,b,2025-02-24 20:53:10.576636
case_663,a,2025-02-24 20:58:10.576636
case_663,b,2025-02-24 21:03:10.576636
case_664,a,2025-02-24 19:28:10.576665
case_664,c,2025-02-24 19:33:10.576665
case_664,a,2025-02-24 19:38:10.576665
case_664,a,2025-02-24 19:43:10.576665
case_664,c,2025-02-24 19:48:10.576665
case_664,b,2025-02-24 19:53:10.576665
case_664,b,2025-02-24 19:58:10.576665
case_664,a,2025-02-24 20:03:10.576665
case_664,a,2025-02-24 20:08:10.576665
case_664,b,2025-02-24 20:13:10.576665
case_664,a,2025-02-24 20:18:10.576665
case_664,b,2025-02-24 20:23:10.576665
case_664,c,2025-02-24 20:28:10.576665
case_664,b,2025-02-24 20:33:10.576665
case_664,c,2025-02-24 20:38:10.576665
case_664,c,2025-02-24 20:43:10.576665
case_664,c,2025-02-24 20:48:10.576665
case_664,a,2025-02-24 20:53:10.576665
case_664,b,2025-02-24 20:58:10.576665
case_664,b,2025-02-24 21:03:10.576665
case_665,c,2025-02-24 19:28:10.576695
case_665,a,2025-02-24 19:33:10.576695
case_665,a,2025-02-24 19:38:10.576695
case_665,c,2025-02-24 19:43:10.576695
case_665,c,2025-02-24 19:48:10.576695
case_665,c,2025-02-24 19:53:10.576695
case_665,a,2025-02-24 19:58:10.576695
case_665,b,2025-02-24 20:03:10.576695
case_665,a,2025-02-24 20:08:10.576695
case_665,a,2025-02-24 20:13:10.576695
case_665,a,2025-02-24 20:18:10.576695
case_665,b,2025-02-24 20:23:10.576695
case_665,b,2025-02-24 20:28:10.576695
case_665,c,2025-02-24 20:33:10.576695
case_665,b,2025-02-24 20:38:10.576695
case_665,a,2025-02-24 20:43:10.576695
case_665,a,2025-02-24 20:48:10.576695
case_665,c,2025-02-24 20:53:10.576695
case_665,b,2025-02-24 20:58:10.576695
case_665,c,2025-02-24 21:03:10.576695
case_666,a,2025-02-24 19:28:10.576725
case_666,a,2025-02-24 19:33:10.576725
case_666,a,2025-02-24 19:38:10.576725
case_666,a,2025-02-24 19:43:10.576725
case_666,a,2025-02-24 19:48:10.576725
case_666,b,2025-02-24 19:53:10.576725
case_666,b,2025-02-24 19:58:10.576725
case_666,a,2025-02-24 20:03:10.576725
case_666,c,2025-02-24 20:08:10.576725
case_666,c,2025-02-24 20:13:10.576725
case_666,a,2025-02-24 20:18:10.576725
case_666,c,2025-02-24 20:23:10.576725
case_666,a,2025-02-24 20:28:10.576725
case_666,c,2025-02-24 20:33:10.576725
case_666,b,2025-02-24 20:38:10.576725
case_666,a,2025-02-24 20:43:10.576725
case_666,b,2025-02-24 20:48:10.576725
case_666,b,2025-02-24 20:53:10.576725
case_666,b,2025-02-24 20:58:10.576725
case_666,b,2025-02-24 21:03:10.576725
case_667,c,2025-02-24 19:28:10.576754
case_667,b,2025-02-24 19:33:10.576754
case_667,c,2025-02-24 19:38:10.576754
case_667,b,2025-02-24 19:43:10.576754
case_667,a,2025-02-24 19:48:10.576754
case_667,b,2025-02-24 19:53:10.576754
case_667,c,2025-02-24 19:58:10.576754
case_667,c,2025-02-24 20:03:10.576754
case_667,b,2025-02-24 20:08:10.576754
case_667,c,2025-02-24 20:13:10.576754
case_667,c,2025-02-24 20:18:10.576754
case_667,a,2025-02-24 20:23:10.576754
case_667,b,2025-02-24 20:28:10.576754
case_667,c,2025-02-24 20:33:10.576754
case_667,c,2025-02-24 20:38:10.576754
case_667,c,2025-02-24 20:43:10.576754
case_667,a,2025-02-24 20:48:10.576754
case_667,a,2025-02-24 20:53:10.576754
case_667,b,2025-02-24 20:58:10.576754
case_667,b,2025-02-24 21:03:10.576754
case_668,b,2025-02-24 19:28:10.576784
case_668,b,2025-02-24 19:33:10.576784
case_668,b,2025-02-24 19:38:10.576784
case_668,c,2025-02-24 19:43:10.576784
case_668,b,2025-02-24 19:48:10.576784
case_668,b,2025-02-24 19:53:10.576784
case_668,c,2025-02-24 19:58:10.576784
case_668,b,2025-02-24 20:03:10.576784
case_668,c,2025-02-24 20:08:10.576784
case_668,a,2025-02-24 20:13:10.576784
case_668,c,2025-02-24 20:18:10.576784
case_668,b,2025-02-24 20:23:10.576784
case_668,c,2025-02-24 20:28:10.576784
case_668,a,2025-02-24 20:33:10.576784
case_668,b,2025-02-24 20:38:10.576784
case_668,a,2025-02-24 20:43:10.576784
case_668,a,2025-02-24 20:48:10.576784
case_668,b,2025-02-24 20:53:10.576784
case_668,a,2025-02-24 20:58:10.576784
case_668,a,2025-02-24 21:03:10.576784
case_669,c,2025-02-24 19:28:10.576813
case_669,b,2025-02-24 19:33:10.576813
case_669,c,2025-02-24 19:38:10.576813
case_669,b,2025-02-24 19:43:10.576813
case_669,c,2025-02-24 19:48:10.576813
case_669,c,2025-02-24 19:53:10.576813
case_669,b,2025-02-24 19:58:10.576813
case_669,a,2025-02-24 20:03:10.576813
case_669,c,2025-02-24 20:08:10.576813
case_669,c,2025-02-24 20:13:10.576813
case_669,b,2025-02-24 20:18:10.576813
case_669,b,2025-02-24 20:23:10.576813
case_669,a,2025-02-24 20:28:10.576813
case_669,a,2025-02-24 20:33:10.576813
case_669,b,2025-02-24 20:38:10.576813
case_669,a,2025-02-24 20:43:10.576813
case_669,a,2025-02-24 20:48:10.576813
case_669,b,2025-02-24 20:53:10.576813
case_669,b,2025-02-24 20:58:10.576813
case_669,b,2025-02-24 21:03:10.576813
case_670,b,2025-02-24 19:28:10.576843
case_670,b,2025-02-24 19:33:10.576843
case_670,c,2025-02-24 19:38:10.576843
case_670,c,2025-02-24 19:43:10.576843
case_670,c,2025-02-24 19:48:10.576843
case_670,c,2025-02-24 19:53:10.576843
case_670,a,2025-02-24 19:58:10.576843
case_670,b,2025-02-24 20:03:10.576843
case_670,c,2025-02-24 20:08:10.576843
case_670,a,2025-02-24 20:13:10.576843
case_670,a,2025-02-24 20:18:10.576843
case_670,b,2025-02-24 20:23:10.576843
case_670,b,2025-02-24 20:28:10.576843
case_670,c,2025-02-24 20:33:10.576843
case_670,b,2025-02-24 20:38:10.576843
case_670,c,2025-02-24 20:43:10.576843
case_670,a,2025-02-24 20:48:10.576843
case_670,b,2025-02-24 20:53:10.576843
case_670,b,2025-02-24 20:58:10.576843
case_670,c,2025-02-24 21:03:10.576843
case_671,a,2025-02-24 19:28:10.576873
case_671,a,2025-02-24 19:33:10.576873
case_671,a,2025-02-24 19:38:10.576873
case_671,b,2025-02-24 19:43:10.576873
case_671,b,2025-02-24 19:48:10.576873
case_671,b,2025-02-24 19:53:10.576873
case_671,b,2025-02-24 19:58:10.576873
case_671,c,2025-02-24 20:03:10.576873
case_671,a,2025-02-24 20:08:10.576873
case_671,b,2025-02-24 20:13:10.576873
case_671,a,2025-02-24 20:18:10.576873
case_671,a,2025-02-24 20:23:10.576873
case_671,a,2025-02-24 20:28:10.576873
case_671,a,2025-02-24 20:33:10.576873
case_671,a,2025-02-24 20:38:10.576873
case_671,b,2025-02-24 20:43:10.576873
case_671,a,2025-02-24 20:48:10.576873
case_671,b,2025-02-24 20:53:10.576873
case_671,b,2025-02-24 20:58:10.576873
case_671,c,2025-02-24 21:03:10.576873
case_672,a,2025-02-24 19:28:10.576902
case_672,a,2025-02-24 19:33:10.576902
case_672,b,2025-02-24 19:38:10.576902
case_672,b,2025-02-24 19:43:10.576902
case_672,b,2025-02-24 19:48:10.576902
case_672,c,2025-02-24 19:53:10.576902
case_672,c,2025-02-24 19:58:10.576902
case_672,c,2025-02-24 20:03:10.576902
case_672,a,2025-02-24 20:08:10.576902
case_672,c,2025-02-24 20:13:10.576902
case_672,b,2025-02-24 20:18:10.576902
case_672,a,2025-02-24 20:23:10.576902
case_672,c,2025-02-24 20:28:10.576902
case_672,b,2025-02-24 20:33:10.576902
case_672,b,2025-02-24 20:38:10.576902
case_672,c,2025-02-24 20:43:10.576902
case_672,c,2025-02-24 20:48:10.576902
case_672,b,2025-02-24 20:53:10.576902
case_672,a,2025-02-24 20:58:10.576902
case_672,b,2025-02-24 21:03:10.576902
case_673,b,2025-02-24 19:28:10.576932
case_673,b,2025-02-24 19:33:10.576932
case_673,a,2025-02-24 19:38:10.576932
case_673,b,2025-02-24 19:43:10.576932
case_673,c,2025-02-24 19:48:10.576932
case_673,c,2025-02-24 19:53:10.576932
case_673,c,2025-02-24 19:58:10.576932
case_673,c,2025-02-24 20:03:10.576932
case_673,b,2025-02-24 20:08:10.576932
case_673,b,2025-02-24 20:13:10.576932
case_673,b,2025-02-24 20:18:10.576932
case_673,b,2025-02-24 20:23:10.576932
case_673,a,2025-02-24 20:28:10.576932
case_673,a,2025-02-24 20:33:10.576932
case_673,a,2025-02-24 20:38:10.576932
case_673,a,2025-02-24 20:43:10.576932
case_673,c,2025-02-24 20:48:10.576932
case_673,a,2025-02-24 20:53:10.576932
case_673,a,2025-02-24 20:58:10.576932
case_673,b,2025-02-24 21:03:10.576932
case_674,c,2025-02-24 19:28:10.576962
case_674,a,2025-02-24 19:33:10.576962
case_674,b,2025-02-24 19:38:10.576962
case_674,a,2025-02-24 19:43:10.576962
case_674,c,2025-02-24 19:48:10.576962
case_674,a,2025-02-24 19:53:10.576962
case_674,c,2025-02-24 19:58:10.576962
case_674,c,2025-02-24 20:03:10.576962
case_674,c,2025-02-24 20:08:10.576962
case_674,b,2025-02-24 20:13:10.576962
case_674,c,2025-02-24 20:18:10.576962
case_674,b,2025-02-24 20:23:10.576962
case_674,c,2025-02-24 20:28:10.576962
case_674,a,2025-02-24 20:33:10.576962
case_674,c,2025-02-24 20:38:10.576962
case_674,b,2025-02-24 20:43:10.576962
case_674,a,2025-02-24 20:48:10.576962
case_674,a,2025-02-24 20:53:10.576962
case_674,b,2025-02-24 20:58:10.576962
case_674,b,2025-02-24 21:03:10.576962
case_675,c,2025-02-24 19:28:10.576991
case_675,b,2025-02-24 19:33:10.576991
case_675,c,2025-02-24 19:38:10.576991
case_675,c,2025-02-24 19:43:10.576991
case_675,a,2025-02-24 19:48:10.576991
case_675,b,2025-02-24 19:53:10.576991
case_675,a,2025-02-24 19:58:10.576991
case_675,c,2025-02-24 20:03:10.576991
case_675,a,2025-02-24 20:08:10.576991
case_675,c,2025-02-24 20:13:10.576991
case_675,c,2025-02-24 20:18:10.576991
case_675,a,2025-02-24 20:23:10.576991
case_675,c,2025-02-24 20:28:10.576991
case_675,b,2025-02-24 20:33:10.576991
case_675,c,2025-02-24 20:38:10.576991
case_675,c,2025-02-24 20:43:10.576991
case_675,a,2025-02-24 20:48:10.576991
case_675,a,2025-02-24 20:53:10.576991
case_675,b,2025-02-24 20:58:10.576991
case_675,b,2025-02-24 21:03:10.576991
case_676,a,2025-02-24 19:28:10.577021
case_676,c,2025-02-24 19:33:10.577021
case_676,b,2025-02-24 19:38:10.577021
case_676,a,2025-02-24 19:43:10.577021
case_676,a,2025-02-24 19:48:10.577021
case_676,c,2025-02-24 19:53:10.577021
case_676,c,2025-02-24 19:58:10.577021
case_676,c,2025-02-24 20:03:10.577021
case_676,b,2025-02-24 20:08:10.577021
case_676,a,2025-02-24 20:13:10.577021
case_676,c,2025-02-24 20:18:10.577021
case_676,b,2025-02-24 20:23:10.577021
case_676,c,2025-02-24 20:28:10.577021
case_676,a,2025-02-24 20:33:10.577021
case_676,c,2025-02-24 20:38:10.577021
case_676,b,2025-02-24 20:43:10.577021
case_676,c,2025-02-24 20:48:10.577021
case_676,a,2025-02-24 20:53:10.577021
case_676,b,2025-02-24 20:58:10.577021
case_676,b,2025-02-24 21:03:10.577021
case_677,a,2025-02-24 19:28:10.577051
case_677,b,2025-02-24 19:33:10.577051
case_677,b,2025-02-24 19:38:10.577051
case_677,b,2025-02-24 19:43:10.577051
case_677,c,2025-02-24 19:48:10.577051
case_677,a,2025-02-24 19:53:10.577051
case_677,c,2025-02-24 19:58:10.577051
case_677,c,2025-02-24 20:03:10.577051
case_677,a,2025-02-24 20:08:10.577051
case_677,a,2025-02-24 20:13:10.577051
case_677,a,2025-02-24 20:18:10.577051
case_677,b,2025-02-24 20:23:10.577051
case_677,a,2025-02-24 20:28:10.577051
case_677,b,2025-02-24 20:33:10.577051
case_677,c,2025-02-24 20:38:10.577051
case_677,a,2025-02-24 20:43:10.577051
case_677,a,2025-02-24 20:48:10.577051
case_677,c,2025-02-24 20:53:10.577051
case_677,a,2025-02-24 20:58:10.577051
case_677,c,2025-02-24 21:03:10.577051
case_678,c,2025-02-24 19:28:10.577080
case_678,a,2025-02-24 19:33:10.577080
case_678,a,2025-02-24 19:38:10.577080
case_678,b,2025-02-24 19:43:10.577080
case_678,c,2025-02-24 19:48:10.577080
case_678,b,2025-02-24 19:53:10.577080
case_678,b,2025-02-24 19:58:10.577080
case_678,c,2025-02-24 20:03:10.577080
case_678,a,2025-02-24 20:08:10.577080
case_678,b,2025-02-24 20:13:10.577080
case_678,a,2025-02-24 20:18:10.577080
case_678,a,2025-02-24 20:23:10.577080
case_678,b,2025-02-24 20:28:10.577080
case_678,b,2025-02-24 20:33:10.577080
case_678,a,2025-02-24 20:38:10.577080
case_678,c,2025-02-24 20:43:10.577080
case_678,b,2025-02-24 20:48:10.577080
case_678,b,2025-02-24 20:53:10.577080
case_678,c,2025-02-24 20:58:10.577080
case_678,c,2025-02-24 21:03:10.577080
case_679,c,2025-02-24 19:28:10.577110
case_679,b,2025-02-24 19:33:10.577110
case_679,a,2025-02-24 19:38:10.577110
case_679,a,2025-02-24 19:43:10.577110
case_679,b,2025-02-24 19:48:10.577110
case_679,c,2025-02-24 19:53:10.577110
case_679,a,2025-02-24 19:58:10.577110
case_679,b,2025-02-24 20:03:10.577110
case_679,c,2025-02-24 20:08:10.577110
case_679,a,2025-02-24 20:13:10.577110
case_679,c,2025-02-24 20:18:10.577110
case_679,a,2025-02-24 20:23:10.577110
case_679,a,2025-02-24 20:28:10.577110
case_679,a,2025-02-24 20:33:10.577110
case_679,b,2025-02-24 20:38:10.577110
case_679,c,2025-02-24 20:43:10.577110
case_679,c,2025-02-24 20:48:10.577110
case_679,b,2025-02-24 20:53:10.577110
case_679,b,2025-02-24 20:58:10.577110
case_679,c,2025-02-24 21:03:10.577110
case_680,a,2025-02-24 19:28:10.577140
case_680,a,2025-02-24 19:33:10.577140
case_680,c,2025-02-24 19:38:10.577140
case_680,c,2025-02-24 19:43:10.577140
case_680,b,2025-02-24 19:48:10.577140
case_680,c,2025-02-24 19:53:10.577140
case_680,b,2025-02-24 19:58:10.577140
case_680,b,2025-02-24 20:03:10.577140
case_680,a,2025-02-24 20:08:10.577140
case_680,b,2025-02-24 20:13:10.577140
case_680,a,2025-02-24 20:18:10.577140
case_680,a,2025-02-24 20:23:10.577140
case_680,c,2025-02-24 20:28:10.577140
case_680,c,2025-02-24 20:33:10.577140
case_680,c,2025-02-24 20:38:10.577140
case_680,c,2025-02-24 20:43:10.577140
case_680,c,2025-02-24 20:48:10.577140
case_680,c,2025-02-24 20:53:10.577140
case_680,c,2025-02-24 20:58:10.577140
case_680,c,2025-02-24 21:03:10.577140
case_681,c,2025-02-24 19:28:10.577170
case_681,b,2025-02-24 19:33:10.577170
case_681,c,2025-02-24 19:38:10.577170
case_681,a,2025-02-24 19:43:10.577170
case_681,b,2025-02-24 19:48:10.577170
case_681,c,2025-02-24 19:53:10.577170
case_681,a,2025-02-24 19:58:10.577170
case_681,b,2025-02-24 20:03:10.577170
case_681,a,2025-02-24 20:08:10.577170
case_681,c,2025-02-24 20:13:10.577170
case_681,a,2025-02-24 20:18:10.577170
case_681,c,2025-02-24 20:23:10.577170
case_681,c,2025-02-24 20:28:10.577170
case_681,b,2025-02-24 20:33:10.577170
case_681,b,2025-02-24 20:38:10.577170
case_681,c,2025-02-24 20:43:10.577170
case_681,c,2025-02-24 20:48:10.577170
case_681,b,2025-02-24 20:53:10.577170
case_681,a,2025-02-24 20:58:10.577170
case_681,a,2025-02-24 21:03:10.577170
case_682,b,2025-02-24 19:28:10.577199
case_682,c,2025-02-24 19:33:10.577199
case_682,a,2025-02-24 19:38:10.577199
case_682,c,2025-02-24 19:43:10.577199
case_682,b,2025-02-24 19:48:10.577199
case_682,c,2025-02-24 19:53:10.577199
case_682,a,2025-02-24 19:58:10.577199
case_682,b,2025-02-24 20:03:10.577199
case_682,a,2025-02-24 20:08:10.577199
case_682,c,2025-02-24 20:13:10.577199
case_682,c,2025-02-24 20:18:10.577199
case_682,c,2025-02-24 20:23:10.577199
case_682,b,2025-02-24 20:28:10.577199
case_682,c,2025-02-24 20:33:10.577199
case_682,c,2025-02-24 20:38:10.577199
case_682,a,2025-02-24 20:43:10.577199
case_682,b,2025-02-24 20:48:10.577199
case_682,b,2025-02-24 20:53:10.577199
case_682,a,2025-02-24 20:58:10.577199
case_682,a,2025-02-24 21:03:10.577199
case_683,a,2025-02-24 19:28:10.577229
case_683,c,2025-02-24 19:33:10.577229
case_683,b,2025-02-24 19:38:10.577229
case_683,b,2025-02-24 19:43:10.577229
case_683,a,2025-02-24 19:48:10.577229
case_683,a,2025-02-24 19:53:10.577229
case_683,a,2025-02-24 19:58:10.577229
case_683,a,2025-02-24 20:03:10.577229
case_683,c,2025-02-24 20:08:10.577229
case_683,b,2025-02-24 20:13:10.577229
case_683,c,2025-02-24 20:18:10.577229
case_683,c,2025-02-24 20:23:10.577229
case_683,c,2025-02-24 20:28:10.577229
case_683,c,2025-02-24 20:33:10.577229
case_683,a,2025-02-24 20:38:10.577229
case_683,a,2025-02-24 20:43:10.577229
case_683,c,2025-02-24 20:48:10.577229
case_683,a,2025-02-24 20:53:10.577229
case_683,c,2025-02-24 20:58:10.577229
case_683,b,2025-02-24 21:03:10.577229
case_684,b,2025-02-24 19:28:10.577259
case_684,c,2025-02-24 19:33:10.577259
case_684,b,2025-02-24 19:38:10.577259
case_684,c,2025-02-24 19:43:10.577259
case_684,b,2025-02-24 19:48:10.577259
case_684,a,2025-02-24 19:53:10.577259
case_684,c,2025-02-24 19:58:10.577259
case_684,a,2025-02-24 20:03:10.577259
case_684,b,2025-02-24 20:08:10.577259
case_684,a,2025-02-24 20:13:10.577259
case_684,c,2025-02-24 20:18:10.577259
case_684,c,2025-02-24 20:23:10.577259
case_684,a,2025-02-24 20:28:10.577259
case_684,c,2025-02-24 20:33:10.577259
case_684,a,2025-02-24 20:38:10.577259
case_684,c,2025-02-24 20:43:10.577259
case_684,a,2025-02-24 20:48:10.577259
case_684,a,2025-02-24 20:53:10.577259
case_684,c,2025-02-24 20:58:10.577259
case_684,b,2025-02-24 21:03:10.577259
case_685,b,2025-02-24 19:28:10.577289
case_685,b,2025-02-24 19:33:10.577289
case_685,b,2025-02-24 19:38:10.577289
case_685,a,2025-02-24 19:43:10.577289
case_685,a,2025-02-24 19:48:10.577289
case_685,b,2025-02-24 19:53:10.577289
case_685,b,2025-02-24 19:58:10.577289
case_685,c,2025-02-24 20:03:10.577289
case_685,c,2025-02-24 20:08:10.577289
case_685,a,2025-02-24 20:13:10.577289
case_685,a,2025-02-24 20:18:10.577289
case_685,b,2025-02-24 20:23:10.577289
case_685,c,2025-02-24 20:28:10.577289
case_685,a,2025-02-24 20:33:10.577289
case_685,c,2025-02-24 20:38:10.577289
case_685,a,2025-02-24 20:43:10.577289
case_685,a,2025-02-24 20:48:10.577289
case_685,c,2025-02-24 20:53:10.577289
case_685,a,2025-02-24 20:58:10.577289
case_685,c,2025-02-24 21:03:10.577289
case_686,a,2025-02-24 19:28:10.577318
case_686,a,2025-02-24 19:33:10.577318
case_686,c,2025-02-24 19:38:10.577318
case_686,c,2025-02-24 19:43:10.577318
case_686,a,2025-02-24 19:48:10.577318
case_686,c,2025-02-24 19:53:10.577318
case_686,a,2025-02-24 19:58:10.577318
case_686,b,2025-02-24 20:03:10.577318
case_686,a,2025-02-24 20:08:10.577318
case_686,b,2025-02-24 20:13:10.577318
case_686,c,2025-02-24 20:18:10.577318
case_686,c,2025-02-24 20:23:10.577318
case_686,a,2025-02-24 20:28:10.577318
case_686,c,2025-02-24 20:33:10.577318
case_686,c,2025-02-24 20:38:10.577318
case_686,b,2025-02-24 20:43:10.577318
case_686,a,2025-02-24 20:48:10.577318
case_686,a,2025-02-24 20:53:10.577318
case_686,b,2025-02-24 20:58:10.577318
case_686,b,2025-02-24 21:03:10.577318
case_687,a,2025-02-24 19:28:10.577349
case_687,c,2025-02-24 19:33:10.577349
case_687,a,2025-02-24 19:38:10.577349
case_687,c,2025-02-24 19:43:10.577349
case_687,b,2025-02-24 19:48:10.577349
case_687,b,2025-02-24 19:53:10.577349
case_687,b,2025-02-24 19:58:10.577349
case_687,b,2025-02-24 20:03:10.577349
case_687,b,2025-02-24 20:08:10.577349
case_687,a,2025-02-24 20:13:10.577349
case_687,c,2025-02-24 20:18:10.577349
case_687,a,2025-02-24 20:23:10.577349
case_687,a,2025-02-24 20:28:10.577349
case_687,c,2025-02-24 20:33:10.577349
case_687,b,2025-02-24 20:38:10.577349
case_687,b,2025-02-24 20:43:10.577349
case_687,c,2025-02-24 20:48:10.577349
case_687,c,2025-02-24 20:53:10.577349
case_687,c,2025-02-24 20:58:10.577349
case_687,b,2025-02-24 21:03:10.577349
case_688,c,2025-02-24 19:28:10.577379
case_688,c,2025-02-24 19:33:10.577379
case_688,b,2025-02-24 19:38:10.577379
case_688,b,2025-02-24 19:43:10.577379
case_688,b,2025-02-24 19:48:10.577379
case_688,a,2025-02-24 19:53:10.577379
case_688,c,2025-02-24 19:58:10.577379
case_688,b,2025-02-24 20:03:10.577379
case_688,a,2025-02-24 20:08:10.577379
case_688,a,2025-02-24 20:13:10.577379
case_688,b,2025-02-24 20:18:10.577379
case_688,a,2025-02-24 20:23:10.577379
case_688,a,2025-02-24 20:28:10.577379
case_688,a,2025-02-24 20:33:10.577379
case_688,c,2025-02-24 20:38:10.577379
case_688,c,2025-02-24 20:43:10.577379
case_688,b,2025-02-24 20:48:10.577379
case_688,c,2025-02-24 20:53:10.577379
case_688,b,2025-02-24 20:58:10.577379
case_688,a,2025-02-24 21:03:10.577379
case_689,a,2025-02-24 19:28:10.577409
case_689,a,2025-02-24 19:33:10.577409
case_689,b,2025-02-24 19:38:10.577409
case_689,c,2025-02-24 19:43:10.577409
case_689,b,2025-02-24 19:48:10.577409
case_689,a,2025-02-24 19:53:10.577409
case_689,c,2025-02-24 19:58:10.577409
case_689,c,2025-02-24 20:03:10.577409
case_689,a,2025-02-24 20:08:10.577409
case_689,a,2025-02-24 20:13:10.577409
case_689,c,2025-02-24 20:18:10.577409
case_689,c,2025-02-24 20:23:10.577409
case_689,c,2025-02-24 20:28:10.577409
case_689,c,2025-02-24 20:33:10.577409
case_689,a,2025-02-24 20:38:10.577409
case_689,a,2025-02-24 20:43:10.577409
case_689,c,2025-02-24 20:48:10.577409
case_689,c,2025-02-24 20:53:10.577409
case_689,b,2025-02-24 20:58:10.577409
case_689,b,2025-02-24 21:03:10.577409
case_690,b,2025-02-24 19:28:10.577438
case_690,a,2025-02-24 19:33:10.577438
case_690,c,2025-02-24 19:38:10.577438
case_690,b,2025-02-24 19:43:10.577438
case_690,c,2025-02-24 19:48:10.577438
case_690,b,2025-02-24 19:53:10.577438
case_690,a,2025-02-24 19:58:10.577438
case_690,a,2025-02-24 20:03:10.577438
case_690,b,2025-02-24 20:08:10.577438
case_690,b,2025-02-24 20:13:10.577438
case_690,b,2025-02-24 20:18:10.577438
case_690,c,2025-02-24 20:23:10.577438
case_690,c,2025-02-24 20:28:10.577438
case_690,a,2025-02-24 20:33:10.577438
case_690,a,2025-02-24 20:38:10.577438
case_690,b,2025-02-24 20:43:10.577438
case_690,b,2025-02-24 20:48:10.577438
case_690,a,2025-02-24 20:53:10.577438
case_690,a,2025-02-24 20:58:10.577438
case_690,b,2025-02-24 21:03:10.577438
case_691,c,2025-02-24 19:28:10.577468
case_691,b,2025-02-24 19:33:10.577468
case_691,b,2025-02-24 19:38:10.577468
case_691,c,2025-02-24 19:43:10.577468
case_691,b,2025-02-24 19:48:10.577468
case_691,a,2025-02-24 19:53:10.577468
case_691,b,2025-02-24 19:58:10.577468
case_691,b,2025-02-24 20:03:10.577468
case_691,c,2025-02-24 20:08:10.577468
case_691,a,2025-02-24 20:13:10.577468
case_691,c,2025-02-24 20:18:10.577468
case_691,b,2025-02-24 20:23:10.577468
case_691,b,2025-02-24 20:28:10.577468
case_691,c,2025-02-24 20:33:10.577468
case_691,b,2025-02-24 20:38:10.577468
case_691,a,2025-02-24 20:43:10.577468
case_691,a,2025-02-24 20:48:10.577468
case_691,a,2025-02-24 20:53:10.577468
case_691,b,2025-02-24 20:58:10.577468
case_691,c,2025-02-24 21:03:10.577468
case_692,a,2025-02-24 19:28:10.577497
case_692,b,2025-02-24 19:33:10.577497
case_692,c,2025-02-24 19:38:10.577497
case_692,a,2025-02-24 19:43:10.577497
case_692,b,2025-02-24 19:48:10.577497
case_692,a,2025-02-24 19:53:10.577497
case_692,c,2025-02-24 19:58:10.577497
case_692,c,2025-02-24 20:03:10.577497
case_692,b,2025-02-24 20:08:10.577497
case_692,a,2025-02-24 20:13:10.577497
case_692,c,2025-02-24 20:18:10.577497
case_692,a,2025-02-24 20:23:10.577497
case_692,c,2025-02-24 20:28:10.577497
case_692,c,2025-02-24 20:33:10.577497
case_692,c,2025-02-24 20:38:10.577497
case_692,b,2025-02-24 20:43:10.577497
case_692,b,2025-02-24 20:48:10.577497
case_692,a,2025-02-24 20:53:10.577497
case_692,a,2025-02-24 20:58:10.577497
case_692,b,2025-02-24 21:03:10.577497
case_693,a,2025-02-24 19:28:10.577526
case_693,a,2025-02-24 19:33:10.577526
case_693,c,2025-02-24 19:38:10.577526
case_693,c,2025-02-24 19:43:10.577526
case_693,a,2025-02-24 19:48:10.577526
case_693,b,2025-02-24 19:53:10.577526
case_693,a,2025-02-24 19:58:10.577526
case_693,c,2025-02-24 20:03:10.577526
case_693,b,2025-02-24 20:08:10.577526
case_693,c,2025-02-24 20:13:10.577526
case_693,a,2025-02-24 20:18:10.577526
case_693,a,2025-02-24 20:23:10.577526
case_693,a,2025-02-24 20:28:10.577526
case_693,a,2025-02-24 20:33:10.577526
case_693,b,2025-02-24 20:38:10.577526
case_693,a,2025-02-24 20:43:10.577526
case_693,b,2025-02-24 20:48:10.577526
case_693,a,2025-02-24 20:53:10.577526
case_693,b,2025-02-24 20:58:10.577526
case_693,b,2025-02-24 21:03:10.577526
case_694,b,2025-02-24 19:28:10.577556
case_694,b,2025-02-24 19:33:10.577556
case_694,c,2025-02-24 19:38:10.577556
case_694,b,2025-02-24 19:43:10.577556
case_694,b,2025-02-24 19:48:10.577556
case_694,b,2025-02-24 19:53:10.577556
case_694,b,2025-02-24 19:58:10.577556
case_694,c,2025-02-24 20:03:10.577556
case_694,c,2025-02-24 20:08:10.577556
case_694,c,2025-02-24 20:13:10.577556
case_694,b,2025-02-24 20:18:10.577556
case_694,a,2025-02-24 20:23:10.577556
case_694,a,2025-02-24 20:28:10.577556
case_694,a,2025-02-24 20:33:10.577556
case_694,c,2025-02-24 20:38:10.577556
case_694,c,2025-02-24 20:43:10.577556
case_694,c,2025-02-24 20:48:10.577556
case_694,b,2025-02-24 20:53:10.577556
case_694,c,2025-02-24 20:58:10.577556
case_694,c,2025-02-24 21:03:10.577556
case_695,b,2025-02-24 19:28:10.577586
case_695,b,2025-02-24 19:33:10.577586
case_695,c,2025-02-24 19:38:10.577586
case_695,b,2025-02-24 19:43:10.577586
case_695,b,2025-02-24 19:48:10.577586
case_695,c,2025-02-24 19:53:10.577586
case_695,b,2025-02-24 19:58:10.577586
case_695,b,2025-02-24 20:03:10.577586
case_695,b,2025-02-24 20:08:10.577586
case_695,a,2025-02-24 20:13:10.577586
case_695,b,2025-02-24 20:18:10.577586
case_695,a,2025-02-24 20:23:10.577586
case_695,b,2025-02-24 20:28:10.577586
case_695,b,2025-02-24 20:33:10.577586
case_695,b,2025-02-24 20:38:10.577586
case_695,c,2025-02-24 20:43:10.577586
case_695,b,2025-02-24 20:48:10.577586
case_695,c,2025-02-24 20:53:10.577586
case_695,a,2025-02-24 20:58:10.577586
case_695,a,2025-02-24 21:03:10.577586
case_696,b,2025-02-24 19:28:10.577616
case_696,b,2025-02-24 19:33:10.577616
case_696,c,2025-02-24 19:38:10.577616
case_696,a,2025-02-24 19:43:10.577616
case_696,b,2025-02-24 19:48:10.577616
case_696,b,2025-02-24 19:53:10.577616
case_696,c,2025-02-24 19:58:10.577616
case_696,c,2025-02-24 20:03:10.577616
case_696,b,2025-02-24 20:08:10.577616
case_696,a,2025-02-24 20:13:10.577616
case_696,a,2025-02-24 20:18:10.577616
case_696,b,2025-02-24 20:23:10.577616
case_696,a,2025-02-24 20:28:10.577616
case_696,c,2025-02-24 20:33:10.577616
case_696,b,2025-02-24 20:38:10.577616
case_696,b,2025-02-24 20:43:10.577616
case_696,b,2025-02-24 20:48:10.577616
case_696,c,2025-02-24 20:53:10.577616
case_696,a,2025-02-24 20:58:10.577616
case_696,c,2025-02-24 21:03:10.577616
case_697,a,2025-02-24 19:28:10.577646
case_697,c,2025-02-24 19:33:10.577646
case_697,b,2025-02-24 19:38:10.577646
case_697,c,2025-02-24 19:43:10.577646
case_697,a,2025-02-24 19:48:10.577646
case_697,c,2025-02-24 19:53:10.577646
case_697,b,2025-02-24 19:58:10.577646
case_697,a,2025-02-24 20:03:10.577646
case_697,b,2025-02-24 20:08:10.577646
case_697,c,2025-02-24 20:13:10.577646
case_697,c,2025-02-24 20:18:10.577646
case_697,b,2025-02-24 20:23:10.577646
case_697,a,2025-02-24 20:28:10.577646
case_697,b,2025-02-24 20:33:10.577646
case_697,b,2025-02-24 20:38:10.577646
case_697,a,2025-02-24 20:43:10.577646
case_697,a,2025-02-24 20:48:10.577646
case_697,b,2025-02-24 20:53:10.577646
case_697,c,2025-02-24 20:58:10.577646
case_697,c,2025-02-24 21:03:10.577646
case_698,c,2025-02-24 19:28:10.577675
case_698,b,2025-02-24 19:33:10.577675
case_698,b,2025-02-24 19:38:10.577675
case_698,b,2025-02-24 19:43:10.577675
case_698,a,2025-02-24 19:48:10.577675
case_698,a,2025-02-24 19:53:10.577675
case_698,b,2025-02-24 19:58:10.577675
case_698,b,2025-02-24 20:03:10.577675
case_698,a,2025-02-24 20:08:10.577675
case_698,a,2025-02-24 20:13:10.577675
case_698,b,2025-02-24 20:18:10.577675
case_698,b,2025-02-24 20:23:10.577675
case_698,b,2025-02-24 20:28:10.577675
case_698,b,2025-02-24 20:33:10.577675
case_698,c,2025-02-24 20:38:10.577675
case_698,b,2025-02-24 20:43:10.577675
case_698,a,2025-02-24 20:48:10.577675
case_698,b,2025-02-24 20:53:10.577675
case_698,b,2025-02-24 20:58:10.577675
case_698,a,2025-02-24 21:03:10.577675
case_699,c,2025-02-24 19:28:10.577706
case_699,b,2025-02-24 19:33:10.577706
case_699,b,2025-02-24 19:38:10.577706
case_699,c,2025-02-24 19:43:10.577706
case_699,a,2025-02-24 19:48:10.577706
case_699,c,2025-02-24 19:53:10.577706
case_699,b,2025-02-24 19:58:10.577706
case_699,c,2025-02-24 20:03:10.577706
case_699,c,2025-02-24 20:08:10.577706
case_699,b,2025-02-24 20:13:10.577706
case_699,c,2025-02-24 20:18:10.577706
case_699,b,2025-02-24 20:23:10.577706
case_699,a,2025-02-24 20:28:10.577706
case_699,b,2025-02-24 20:33:10.577706
case_699,b,2025-02-24 20:38:10.577706
case_699,a,2025-02-24 20:43:10.577706
case_699,c,2025-02-24 20:48:10.577706
case_699,c,2025-02-24 20:53:10.577706
case_699,a,2025-02-24 20:58:10.577706
case_699,a,2025-02-24 21:03:10.577706
case_700,b,2025-02-24 19:28:10.577735
case_700,b,2025-02-24 19:33:10.577735
case_700,a,2025-02-24 19:38:10.577735
case_700,b,2025-02-24 19:43:10.577735
case_700,c,2025-02-24 19:48:10.577735
case_700,b,2025-02-24 19:53:10.577735
case_700,a,2025-02-24 19:58:10.577735
case_700,a,2025-02-24 20:03:10.577735
case_700,c,2025-02-24 20:08:10.577735
case_700,b,2025-02-24 20:13:10.577735
case_700,b,2025-02-24 20:18:10.577735
case_700,b,2025-02-24 20:23:10.577735
case_700,c,2025-02-24 20:28:10.577735
case_700,a,2025-02-24 20:33:10.577735
case_700,c,2025-02-24 20:38:10.577735
case_700,b,2025-02-24 20:43:10.577735
case_700,a,2025-02-24 20:48:10.577735
case_700,a,2025-02-24 20:53:10.577735
case_700,b,2025-02-24 20:58:10.577735
case_700,a,2025-02-24 21:03:10.577735
case_701,b,2025-02-24 19:28:10.577765
case_701,c,2025-02-24 19:33:10.577765
case_701,b,2025-02-24 19:38:10.577765
case_701,c,2025-02-24 19:43:10.577765
case_701,a,2025-02-24 19:48:10.577765
case_701,c,2025-02-24 19:53:10.577765
case_701,c,2025-02-24 19:58:10.577765
case_701,b,2025-02-24 20:03:10.577765
case_701,b,2025-02-24 20:08:10.577765
case_701,c,2025-02-24 20:13:10.577765
case_701,a,2025-02-24 20:18:10.577765
case_701,c,2025-02-24 20:23:10.577765
case_701,c,2025-02-24 20:28:10.577765
case_701,b,2025-02-24 20:33:10.577765
case_701,b,2025-02-24 20:38:10.577765
case_701,a,2025-02-24 20:43:10.577765
case_701,c,2025-02-24 20:48:10.577765
case_701,a,2025-02-24 20:53:10.577765
case_701,a,2025-02-24 20:58:10.577765
case_701,b,2025-02-24 21:03:10.577765
case_702,b,2025-02-24 19:28:10.577795
case_702,b,2025-02-24 19:33:10.577795
case_702,b,2025-02-24 19:38:10.577795
case_702,c,2025-02-24 19:43:10.577795
case_702,a,2025-02-24 19:48:10.577795
case_702,c,2025-02-24 19:53:10.577795
case_702,b,2025-02-24 19:58:10.577795
case_702,c,2025-02-24 20:03:10.577795
case_702,c,2025-02-24 20:08:10.577795
case_702,b,2025-02-24 20:13:10.577795
case_702,c,2025-02-24 20:18:10.577795
case_702,a,2025-02-24 20:23:10.577795
case_702,b,2025-02-24 20:28:10.577795
case_702,b,2025-02-24 20:33:10.577795
case_702,b,2025-02-24 20:38:10.577795
case_702,c,2025-02-24 20:43:10.577795
case_702,c,2025-02-24 20:48:10.577795
case_702,a,2025-02-24 20:53:10.577795
case_702,a,2025-02-24 20:58:10.577795
case_702,a,2025-02-24 21:03:10.577795
case_703,a,2025-02-24 19:28:10.577824
case_703,c,2025-02-24 19:33:10.577824
case_703,c,2025-02-24 19:38:10.577824
case_703,c,2025-02-24 19:43:10.577824
case_703,c,2025-02-24 19:48:10.577824
case_703,a,2025-02-24 19:53:10.577824
case_703,b,2025-02-24 19:58:10.577824
case_703,b,2025-02-24 20:03:10.577824
case_703,c,2025-02-24 20:08:10.577824
case_703,a,2025-02-24 20:13:10.577824
case_703,c,2025-02-24 20:18:10.577824
case_703,c,2025-02-24 20:23:10.577824
case_703,c,2025-02-24 20:28:10.577824
case_703,b,2025-02-24 20:33:10.577824
case_703,b,2025-02-24 20:38:10.577824
case_703,c,2025-02-24 20:43:10.577824
case_703,b,2025-02-24 20:48:10.577824
case_703,a,2025-02-24 20:53:10.577824
case_703,a,2025-02-24 20:58:10.577824
case_703,b,2025-02-24 21:03:10.577824
case_704,c,2025-02-24 19:28:10.577853
case_704,a,2025-02-24 19:33:10.577853
case_704,c,2025-02-24 19:38:10.577853
case_704,a,2025-02-24 19:43:10.577853
case_704,b,2025-02-24 19:48:10.577853
case_704,c,2025-02-24 19:53:10.577853
case_704,c,2025-02-24 19:58:10.577853
case_704,b,2025-02-24 20:03:10.577853
case_704,b,2025-02-24 20:08:10.577853
case_704,a,2025-02-24 20:13:10.577853
case_704,b,2025-02-24 20:18:10.577853
case_704,a,2025-02-24 20:23:10.577853
case_704,a,2025-02-24 20:28:10.577853
case_704,b,2025-02-24 20:33:10.577853
case_704,b,2025-02-24 20:38:10.577853
case_704,b,2025-02-24 20:43:10.577853
case_704,c,2025-02-24 20:48:10.577853
case_704,b,2025-02-24 20:53:10.577853
case_704,a,2025-02-24 20:58:10.577853
case_704,a,2025-02-24 21:03:10.577853
case_705,a,2025-02-24 19:28:10.577883
case_705,a,2025-02-24 19:33:10.577883
case_705,a,2025-02-24 19:38:10.577883
case_705,b,2025-02-24 19:43:10.577883
case_705,c,2025-02-24 19:48:10.577883
case_705,a,2025-02-24 19:53:10.577883
case_705,c,2025-02-24 19:58:10.577883
case_705,a,2025-02-24 20:03:10.577883
case_705,b,2025-02-24 20:08:10.577883
case_705,b,2025-02-24 20:13:10.577883
case_705,b,2025-02-24 20:18:10.577883
case_705,c,2025-02-24 20:23:10.577883
case_705,b,2025-02-24 20:28:10.577883
case_705,b,2025-02-24 20:33:10.577883
case_705,b,2025-02-24 20:38:10.577883
case_705,c,2025-02-24 20:43:10.577883
case_705,c,2025-02-24 20:48:10.577883
case_705,b,2025-02-24 20:53:10.577883
case_705,b,2025-02-24 20:58:10.577883
case_705,b,2025-02-24 21:03:10.577883
case_706,a,2025-02-24 19:28:10.577912
case_706,c,2025-02-24 19:33:10.577912
case_706,a,2025-02-24 19:38:10.577912
case_706,a,2025-02-24 19:43:10.577912
case_706,b,2025-02-24 19:48:10.577912
case_706,c,2025-02-24 19:53:10.577912
case_706,a,2025-02-24 19:58:10.577912
case_706,b,2025-02-24 20:03:10.577912
case_706,b,2025-02-24 20:08:10.577912
case_706,c,2025-02-24 20:13:10.577912
case_706,c,2025-02-24 20:18:10.577912
case_706,a,2025-02-24 20:23:10.577912
case_706,a,2025-02-24 20:28:10.577912
case_706,a,2025-02-24 20:33:10.577912
case_706,c,2025-02-24 20:38:10.577912
case_706,a,2025-02-24 20:43:10.577912
case_706,a,2025-02-24 20:48:10.577912
case_706,b,2025-02-24 20:53:10.577912
case_706,a,2025-02-24 20:58:10.577912
case_706,b,2025-02-24 21:03:10.577912
case_707,a,2025-02-24 19:28:10.577942
case_707,b,2025-02-24 19:33:10.577942
case_707,a,2025-02-24 19:38:10.577942
case_707,a,2025-02-24 19:43:10.577942
case_707,c,2025-02-24 19:48:10.577942
case_707,c,2025-02-24 19:53:10.577942
case_707,b,2025-02-24 19:58:10.577942
case_707,c,2025-02-24 20:03:10.577942
case_707,a,2025-02-24 20:08:10.577942
case_707,a,2025-02-24 20:13:10.577942
case_707,c,2025-02-24 20:18:10.577942
case_707,a,2025-02-24 20:23:10.577942
case_707,a,2025-02-24 20:28:10.577942
case_707,a,2025-02-24 20:33:10.577942
case_707,c,2025-02-24 20:38:10.577942
case_707,b,2025-02-24 20:43:10.577942
case_707,a,2025-02-24 20:48:10.577942
case_707,a,2025-02-24 20:53:10.577942
case_707,b,2025-02-24 20:58:10.577942
case_707,b,2025-02-24 21:03:10.577942
case_708,a,2025-02-24 19:28:10.577971
case_708,c,2025-02-24 19:33:10.577971
case_708,b,2025-02-24 19:38:10.577971
case_708,a,2025-02-24 19:43:10.577971
case_708,c,2025-02-24 19:48:10.577971
case_708,c,2025-02-24 19:53:10.577971
case_708,a,2025-02-24 19:58:10.577971
case_708,c,2025-02-24 20:03:10.577971
case_708,c,2025-02-24 20:08:10.577971
case_708,b,2025-02-24 20:13:10.577971
case_708,c,2025-02-24 20:18:10.577971
case_708,a,2025-02-24 20:23:10.577971
case_708,b,2025-02-24 20:28:10.577971
case_708,c,2025-02-24 20:33:10.577971
case_708,b,2025-02-24 20:38:10.577971
case_708,a,2025-02-24 20:43:10.577971
case_708,a,2025-02-24 20:48:10.577971
case_708,c,2025-02-24 20:53:10.577971
case_708,b,2025-02-24 20:58:10.577971
case_708,b,2025-02-24 21:03:10.577971
case_709,b,2025-02-24 19:28:10.578001
case_709,a,2025-02-24 19:33:10.578001
case_709,a,2025-02-24 19:38:10.578001
case_709,b,2025-02-24 19:43:10.578001
case_709,b,2025-02-24 19:48:10.578001
case_709,b,2025-02-24 19:53:10.578001
case_709,a,2025-02-24 19:58:10.578001
case_709,c,2025-02-24 20:03:10.578001
case_709,a,2025-02-24 20:08:10.578001
case_709,a,2025-02-24 20:13:10.578001
case_709,c,2025-02-24 20:18:10.578001
case_709,a,2025-02-24 20:23:10.578001
case_709,a,2025-02-24 20:28:10.578001
case_709,b,2025-02-24 20:33:10.578001
case_709,c,2025-02-24 20:38:10.578001
case_709,a,2025-02-24 20:43:10.578001
case_709,c,2025-02-24 20:48:10.578001
case_709,a,2025-02-24 20:53:10.578001
case_709,b,2025-02-24 20:58:10.578001
case_709,b,2025-02-24 21:03:10.578001
case_710,c,2025-02-24 19:28:10.578030
case_710,c,2025-02-24 19:33:10.578030
case_710,b,2025-02-24 19:38:10.578030
case_710,c,2025-02-24 19:43:10.578030
case_710,b,2025-02-24 19:48:10.578030
case_710,a,2025-02-24 19:53:10.578030
case_710,a,2025-02-24 19:58:10.578030
case_710,b,2025-02-24 20:03:10.578030
case_710,c,2025-02-24 20:08:10.578030
case_710,c,2025-02-24 20:13:10.578030
case_710,c,2025-02-24 20:18:10.578030
case_710,b,2025-02-24 20:23:10.578030
case_710,a,2025-02-24 20:28:10.578030
case_710,a,2025-02-24 20:33:10.578030
case_710,b,2025-02-24 20:38:10.578030
case_710,a,2025-02-24 20:43:10.578030
case_710,a,2025-02-24 20:48:10.578030
case_710,c,2025-02-24 20:53:10.578030
case_710,b,2025-02-24 20:58:10.578030
case_710,b,2025-02-24 21:03:10.578030
case_711,a,2025-02-24 19:28:10.578060
case_711,b,2025-02-24 19:33:10.578060
case_711,b,2025-02-24 19:38:10.578060
case_711,b,2025-02-24 19:43:10.578060
case_711,b,2025-02-24 19:48:10.578060
case_711,c,2025-02-24 19:53:10.578060
case_711,c,2025-02-24 19:58:10.578060
case_711,c,2025-02-24 20:03:10.578060
case_711,a,2025-02-24 20:08:10.578060
case_711,b,2025-02-24 20:13:10.578060
case_711,c,2025-02-24 20:18:10.578060
case_711,c,2025-02-24 20:23:10.578060
case_711,b,2025-02-24 20:28:10.578060
case_711,a,2025-02-24 20:33:10.578060
case_711,c,2025-02-24 20:38:10.578060
case_711,a,2025-02-24 20:43:10.578060
case_711,c,2025-02-24 20:48:10.578060
case_711,a,2025-02-24 20:53:10.578060
case_711,a,2025-02-24 20:58:10.578060
case_711,a,2025-02-24 21:03:10.578060
case_712,b,2025-02-24 19:28:10.578089
case_712,c,2025-02-24 19:33:10.578089
case_712,b,2025-02-24 19:38:10.578089
case_712,a,2025-02-24 19:43:10.578089
case_712,b,2025-02-24 19:48:10.578089
case_712,a,2025-02-24 19:53:10.578089
case_712,b,2025-02-24 19:58:10.578089
case_712,c,2025-02-24 20:03:10.578089
case_712,c,2025-02-24 20:08:10.578089
case_712,c,2025-02-24 20:13:10.578089
case_712,a,2025-02-24 20:18:10.578089
case_712,b,2025-02-24 20:23:10.578089
case_712,a,2025-02-24 20:28:10.578089
case_712,b,2025-02-24 20:33:10.578089
case_712,b,2025-02-24 20:38:10.578089
case_712,a,2025-02-24 20:43:10.578089
case_712,b,2025-02-24 20:48:10.578089
case_712,c,2025-02-24 20:53:10.578089
case_712,a,2025-02-24 20:58:10.578089
case_712,a,2025-02-24 21:03:10.578089
case_713,b,2025-02-24 19:28:10.578119
case_713,a,2025-02-24 19:33:10.578119
case_713,b,2025-02-24 19:38:10.578119
case_713,a,2025-02-24 19:43:10.578119
case_713,a,2025-02-24 19:48:10.578119
case_713,b,2025-02-24 19:53:10.578119
case_713,c,2025-02-24 19:58:10.578119
case_713,b,2025-02-24 20:03:10.578119
case_713,c,2025-02-24 20:08:10.578119
case_713,a,2025-02-24 20:13:10.578119
case_713,c,2025-02-24 20:18:10.578119
case_713,b,2025-02-24 20:23:10.578119
case_713,a,2025-02-24 20:28:10.578119
case_713,b,2025-02-24 20:33:10.578119
case_713,c,2025-02-24 20:38:10.578119
case_713,b,2025-02-24 20:43:10.578119
case_713,c,2025-02-24 20:48:10.578119
case_713,a,2025-02-24 20:53:10.578119
case_713,a,2025-02-24 20:58:10.578119
case_713,b,2025-02-24 21:03:10.578119
case_714,a,2025-02-24 19:28:10.578149
case_714,c,2025-02-24 19:33:10.578149
case_714,b,2025-02-24 19:38:10.578149
case_714,b,2025-02-24 19:43:10.578149
case_714,b,2025-02-24 19:48:10.578149
case_714,a,2025-02-24 19:53:10.578149
case_714,b,2025-02-24 19:58:10.578149
case_714,b,2025-02-24 20:03:10.578149
case_714,a,2025-02-24 20:08:10.578149
case_714,a,2025-02-24 20:13:10.578149
case_714,a,2025-02-24 20:18:10.578149
case_714,c,2025-02-24 20:23:10.578149
case_714,a,2025-02-24 20:28:10.578149
case_714,a,2025-02-24 20:33:10.578149
case_714,b,2025-02-24 20:38:10.578149
case_714,a,2025-02-24 20:43:10.578149
case_714,a,2025-02-24 20:48:10.578149
case_714,c,2025-02-24 20:53:10.578149
case_714,b,2025-02-24 20:58:10.578149
case_714,b,2025-02-24 21:03:10.578149
case_715,b,2025-02-24 19:28:10.578179
case_715,a,2025-02-24 19:33:10.578179
case_715,a,2025-02-24 19:38:10.578179
case_715,c,2025-02-24 19:43:10.578179
case_715,b,2025-02-24 19:48:10.578179
case_715,b,2025-02-24 19:53:10.578179
case_715,a,2025-02-24 19:58:10.578179
case_715,c,2025-02-24 20:03:10.578179
case_715,b,2025-02-24 20:08:10.578179
case_715,c,2025-02-24 20:13:10.578179
case_715,b,2025-02-24 20:18:10.578179
case_715,b,2025-02-24 20:23:10.578179
case_715,c,2025-02-24 20:28:10.578179
case_715,a,2025-02-24 20:33:10.578179
case_715,b,2025-02-24 20:38:10.578179
case_715,a,2025-02-24 20:43:10.578179
case_715,a,2025-02-24 20:48:10.578179
case_715,b,2025-02-24 20:53:10.578179
case_715,a,2025-02-24 20:58:10.578179
case_715,b,2025-02-24 21:03:10.578179
case_716,b,2025-02-24 19:28:10.578208
case_716,a,2025-02-24 19:33:10.578208
case_716,a,2025-02-24 19:38:10.578208
case_716,c,2025-02-24 19:43:10.578208
case_716,c,2025-02-24 19:48:10.578208
case_716,a,2025-02-24 19:53:10.578208
case_716,c,2025-02-24 19:58:10.578208
case_716,c,2025-02-24 20:03:10.578208
case_716,a,2025-02-24 20:08:10.578208
case_716,b,2025-02-24 20:13:10.578208
case_716,a,2025-02-24 20:18:10.578208
case_716,b,2025-02-24 20:23:10.578208
case_716,c,2025-02-24 20:28:10.578208
case_716,a,2025-02-24 20:33:10.578208
case_716,b,2025-02-24 20:38:10.578208
case_716,a,2025-02-24 20:43:10.578208
case_716,c,2025-02-24 20:48:10.578208
case_716,b,2025-02-24 20:53:10.578208
case_716,c,2025-02-24 20:58:10.578208
case_716,a,2025-02-24 21:03:10.578208
case_717,b,2025-02-24 19:28:10.578238
case_717,a,2025-02-24 19:33:10.578238
case_717,c,2025-02-24 19:38:10.578238
case_717,c,2025-02-24 19:43:10.578238
case_717,a,2025-02-24 19:48:10.578238
case_717,c,2025-02-24 19:53:10.578238
case_717,a,2025-02-24 19:58:10.578238
case_717,b,2025-02-24 20:03:10.578238
case_717,b,2025-02-24 20:08:10.578238
case_717,b,2025-02-24 20:13:10.578238
case_717,a,2025-02-24 20:18:10.578238
case_717,c,2025-02-24 20:23:10.578238
case_717,a,2025-02-24 20:28:10.578238
case_717,b,2025-02-24 20:33:10.578238
case_717,c,2025-02-24 20:38:10.578238
case_717,b,2025-02-24 20:43:10.578238
case_717,a,2025-02-24 20:48:10.578238
case_717,a,2025-02-24 20:53:10.578238
case_717,c,2025-02-24 20:58:10.578238
case_717,b,2025-02-24 21:03:10.578238
case_718,c,2025-02-24 19:28:10.578268
case_718,a,2025-02-24 19:33:10.578268
case_718,c,2025-02-24 19:38:10.578268
case_718,b,2025-02-24 19:43:10.578268
case_718,c,2025-02-24 19:48:10.578268
case_718,c,2025-02-24 19:53:10.578268
case_718,a,2025-02-24 19:58:10.578268
case_718,a,2025-02-24 20:03:10.578268
case_718,c,2025-02-24 20:08:10.578268
case_718,c,2025-02-24 20:13:10.578268
case_718,b,2025-02-24 20:18:10.578268
case_718,c,2025-02-24 20:23:10.578268
case_718,b,2025-02-24 20:28:10.578268
case_718,c,2025-02-24 20:33:10.578268
case_718,b,2025-02-24 20:38:10.578268
case_718,c,2025-02-24 20:43:10.578268
case_718,a,2025-02-24 20:48:10.578268
case_718,a,2025-02-24 20:53:10.578268
case_718,b,2025-02-24 20:58:10.578268
case_718,b,2025-02-24 21:03:10.578268
case_719,b,2025-02-24 19:28:10.578297
case_719,a,2025-02-24 19:33:10.578297
case_719,a,2025-02-24 19:38:10.578297
case_719,c,2025-02-24 19:43:10.578297
case_719,b,2025-02-24 19:48:10.578297
case_719,a,2025-02-24 19:53:10.578297
case_719,a,2025-02-24 19:58:10.578297
case_719,a,2025-02-24 20:03:10.578297
case_719,a,2025-02-24 20:08:10.578297
case_719,c,2025-02-24 20:13:10.578297
case_719,a,2025-02-24 20:18:10.578297
case_719,a,2025-02-24 20:23:10.578297
case_719,b,2025-02-24 20:28:10.578297
case_719,c,2025-02-24 20:33:10.578297
case_719,a,2025-02-24 20:38:10.578297
case_719,a,2025-02-24 20:43:10.578297
case_719,a,2025-02-24 20:48:10.578297
case_719,c,2025-02-24 20:53:10.578297
case_719,a,2025-02-24 20:58:10.578297
case_719,c,2025-02-24 21:03:10.578297
case_720,a,2025-02-24 19:28:10.578328
case_720,b,2025-02-24 19:33:10.578328
case_720,a,2025-02-24 19:38:10.578328
case_720,c,2025-02-24 19:43:10.578328
case_720,a,2025-02-24 19:48:10.578328
case_720,b,2025-02-24 19:53:10.578328
case_720,a,2025-02-24 19:58:10.578328
case_720,c,2025-02-24 20:03:10.578328
case_720,b,2025-02-24 20:08:10.578328
case_720,b,2025-02-24 20:13:10.578328
case_720,b,2025-02-24 20:18:10.578328
case_720,c,2025-02-24 20:23:10.578328
case_720,a,2025-02-24 20:28:10.578328
case_720,c,2025-02-24 20:33:10.578328
case_720,b,2025-02-24 20:38:10.578328
case_720,a,2025-02-24 20:43:10.578328
case_720,c,2025-02-24 20:48:10.578328
case_720,c,2025-02-24 20:53:10.578328
case_720,a,2025-02-24 20:58:10.578328
case_720,a,2025-02-24 21:03:10.578328
case_721,c,2025-02-24 19:28:10.578358
case_721,c,2025-02-24 19:33:10.578358
case_721,a,2025-02-24 19:38:10.578358
case_721,a,2025-02-24 19:43:10.578358
case_721,a,2025-02-24 19:48:10.578358
case_721,c,2025-02-24 19:53:10.578358
case_721,a,2025-02-24 19:58:10.578358
case_721,c,2025-02-24 20:03:10.578358
case_721,c,2025-02-24 20:08:10.578358
case_721,c,2025-02-24 20:13:10.578358
case_721,a,2025-02-24 20:18:10.578358
case_721,b,2025-02-24 20:23:10.578358
case_721,b,2025-02-24 20:28:10.578358
case_721,b,2025-02-24 20:33:10.578358
case_721,a,2025-02-24 20:38:10.578358
case_721,c,2025-02-24 20:43:10.578358
case_721,a,2025-02-24 20:48:10.578358
case_721,c,2025-02-24 20:53:10.578358
case_721,b,2025-02-24 20:58:10.578358
case_721,b,2025-02-24 21:03:10.578358
case_722,b,2025-02-24 19:28:10.578387
case_722,b,2025-02-24 19:33:10.578387
case_722,a,2025-02-24 19:38:10.578387
case_722,b,2025-02-24 19:43:10.578387
case_722,b,2025-02-24 19:48:10.578387
case_722,c,2025-02-24 19:53:10.578387
case_722,a,2025-02-24 19:58:10.578387
case_722,b,2025-02-24 20:03:10.578387
case_722,b,2025-02-24 20:08:10.578387
case_722,b,2025-02-24 20:13:10.578387
case_722,a,2025-02-24 20:18:10.578387
case_722,c,2025-02-24 20:23:10.578387
case_722,c,2025-02-24 20:28:10.578387
case_722,c,2025-02-24 20:33:10.578387
case_722,c,2025-02-24 20:38:10.578387
case_722,a,2025-02-24 20:43:10.578387
case_722,b,2025-02-24 20:48:10.578387
case_722,b,2025-02-24 20:53:10.578387
case_722,a,2025-02-24 20:58:10.578387
case_722,a,2025-02-24 21:03:10.578387
case_723,b,2025-02-24 19:28:10.578416
case_723,c,2025-02-24 19:33:10.578416
case_723,c,2025-02-24 19:38:10.578416
case_723,c,2025-02-24 19:43:10.578416
case_723,b,2025-02-24 19:48:10.578416
case_723,a,2025-02-24 19:53:10.578416
case_723,c,2025-02-24 19:58:10.578416
case_723,a,2025-02-24 20:03:10.578416
case_723,b,2025-02-24 20:08:10.578416
case_723,c,2025-02-24 20:13:10.578416
case_723,a,2025-02-24 20:18:10.578416
case_723,a,2025-02-24 20:23:10.578416
case_723,a,2025-02-24 20:28:10.578416
case_723,b,2025-02-24 20:33:10.578416
case_723,c,2025-02-24 20:38:10.578416
case_723,c,2025-02-24 20:43:10.578416
case_723,b,2025-02-24 20:48:10.578416
case_723,c,2025-02-24 20:53:10.578416
case_723,a,2025-02-24 20:58:10.578416
case_723,c,2025-02-24 21:03:10.578416
case_724,c,2025-02-24 19:28:10.578446
case_724,b,2025-02-24 19:33:10.578446
case_724,c,2025-02-24 19:38:10.578446
case_724,c,2025-02-24 19:43:10.578446
case_724,c,2025-02-24 19:48:10.578446
case_724,a,2025-02-24 19:53:10.578446
case_724,c,2025-02-24 19:58:10.578446
case_724,b,2025-02-24 20:03:10.578446
case_724,a,2025-02-24 20:08:10.578446
case_724,c,2025-02-24 20:13:10.578446
case_724,b,2025-02-24 20:18:10.578446
case_724,c,2025-02-24 20:23:10.578446
case_724,a,2025-02-24 20:28:10.578446
case_724,c,2025-02-24 20:33:10.578446
case_724,c,2025-02-24 20:38:10.578446
case_724,a,2025-02-24 20:43:10.578446
case_724,a,2025-02-24 20:48:10.578446
case_724,a,2025-02-24 20:53:10.578446
case_724,b,2025-02-24 20:58:10.578446
case_724,b,2025-02-24 21:03:10.578446
case_725,c,2025-02-24 19:28:10.578475
case_725,a,2025-02-24 19:33:10.578475
case_725,a,2025-02-24 19:38:10.578475
case_725,b,2025-02-24 19:43:10.578475
case_725,a,2025-02-24 19:48:10.578475
case_725,b,2025-02-24 19:53:10.578475
case_725,a,2025-02-24 19:58:10.578475
case_725,b,2025-02-24 20:03:10.578475
case_725,c,2025-02-24 20:08:10.578475
case_725,a,2025-02-24 20:13:10.578475
case_725,b,2025-02-24 20:18:10.578475
case_725,b,2025-02-24 20:23:10.578475
case_725,a,2025-02-24 20:28:10.578475
case_725,a,2025-02-24 20:33:10.578475
case_725,b,2025-02-24 20:38:10.578475
case_725,a,2025-02-24 20:43:10.578475
case_725,c,2025-02-24 20:48:10.578475
case_725,c,2025-02-24 20:53:10.578475
case_725,b,2025-02-24 20:58:10.578475
case_725,b,2025-02-24 21:03:10.578475
case_726,c,2025-02-24 19:28:10.578504
case_726,b,2025-02-24 19:33:10.578504
case_726,c,2025-02-24 19:38:10.578504
case_726,c,2025-02-24 19:43:10.578504
case_726,c,2025-02-24 19:48:10.578504
case_726,b,2025-02-24 19:53:10.578504
case_726,b,2025-02-24 19:58:10.578504
case_726,a,2025-02-24 20:03:10.578504
case_726,a,2025-02-24 20:08:10.578504
case_726,a,2025-02-24 20:13:10.578504
case_726,c,2025-02-24 20:18:10.578504
case_726,c,2025-02-24 20:23:10.578504
case_726,b,2025-02-24 20:28:10.578504
case_726,a,2025-02-24 20:33:10.578504
case_726,c,2025-02-24 20:38:10.578504
case_726,c,2025-02-24 20:43:10.578504
case_726,b,2025-02-24 20:48:10.578504
case_726,b,2025-02-24 20:53:10.578504
case_726,a,2025-02-24 20:58:10.578504
case_726,c,2025-02-24 21:03:10.578504
case_727,b,2025-02-24 19:28:10.578534
case_727,b,2025-02-24 19:33:10.578534
case_727,a,2025-02-24 19:38:10.578534
case_727,a,2025-02-24 19:43:10.578534
case_727,c,2025-02-24 19:48:10.578534
case_727,b,2025-02-24 19:53:10.578534
case_727,c,2025-02-24 19:58:10.578534
case_727,a,2025-02-24 20:03:10.578534
case_727,b,2025-02-24 20:08:10.578534
case_727,a,2025-02-24 20:13:10.578534
case_727,a,2025-02-24 20:18:10.578534
case_727,a,2025-02-24 20:23:10.578534
case_727,a,2025-02-24 20:28:10.578534
case_727,b,2025-02-24 20:33:10.578534
case_727,b,2025-02-24 20:38:10.578534
case_727,c,2025-02-24 20:43:10.578534
case_727,c,2025-02-24 20:48:10.578534
case_727,b,2025-02-24 20:53:10.578534
case_727,b,2025-02-24 20:58:10.578534
case_727,b,2025-02-24 21:03:10.578534
case_728,c,2025-02-24 19:28:10.578563
case_728,b,2025-02-24 19:33:10.578563
case_728,a,2025-02-24 19:38:10.578563
case_728,a,2025-02-24 19:43:10.578563
case_728,b,2025-02-24 19:48:10.578563
case_728,b,2025-02-24 19:53:10.578563
case_728,c,2025-02-24 19:58:10.578563
case_728,b,2025-02-24 20:03:10.578563
case_728,a,2025-02-24 20:08:10.578563
case_728,c,2025-02-24 20:13:10.578563
case_728,c,2025-02-24 20:18:10.578563
case_728,c,2025-02-24 20:23:10.578563
case_728,b,2025-02-24 20:28:10.578563
case_728,c,2025-02-24 20:33:10.578563
case_728,a,2025-02-24 20:38:10.578563
case_728,c,2025-02-24 20:43:10.578563
case_728,b,2025-02-24 20:48:10.578563
case_728,c,2025-02-24 20:53:10.578563
case_728,c,2025-02-24 20:58:10.578563
case_728,b,2025-02-24 21:03:10.578563
case_729,a,2025-02-24 19:28:10.578593
case_729,b,2025-02-24 19:33:10.578593
case_729,a,2025-02-24 19:38:10.578593
case_729,a,2025-02-24 19:43:10.578593
case_729,a,2025-02-24 19:48:10.578593
case_729,b,2025-02-24 19:53:10.578593
case_729,a,2025-02-24 19:58:10.578593
case_729,a,2025-02-24 20:03:10.578593
case_729,b,2025-02-24 20:08:10.578593
case_729,c,2025-02-24 20:13:10.578593
case_729,a,2025-02-24 20:18:10.578593
case_729,c,2025-02-24 20:23:10.578593
case_729,b,2025-02-24 20:28:10.578593
case_729,c,2025-02-24 20:33:10.578593
case_729,c,2025-02-24 20:38:10.578593
case_729,a,2025-02-24 20:43:10.578593
case_729,b,2025-02-24 20:48:10.578593
case_729,a,2025-02-24 20:53:10.578593
case_729,b,2025-02-24 20:58:10.578593
case_729,b,2025-02-24 21:03:10.578593
case_730,b,2025-02-24 19:28:10.578623
case_730,b,2025-02-24 19:33:10.578623
case_730,a,2025-02-24 19:38:10.578623
case_730,a,2025-02-24 19:43:10.578623
case_730,a,2025-02-24 19:48:10.578623
case_730,b,2025-02-24 19:53:10.578623
case_730,a,2025-02-24 19:58:10.578623
case_730,c,2025-02-24 20:03:10.578623
case_730,a,2025-02-24 20:08:10.578623
case_730,c,2025-02-24 20:13:10.578623
case_730,a,2025-02-24 20:18:10.578623
case_730,c,2025-02-24 20:23:10.578623
case_730,c,2025-02-24 20:28:10.578623
case_730,b,2025-02-24 20:33:10.578623
case_730,b,2025-02-24 20:38:10.578623
case_730,a,2025-02-24 20:43:10.578623
case_730,b,2025-02-24 20:48:10.578623
case_730,b,2025-02-24 20:53:10.578623
case_730,c,2025-02-24 20:58:10.578623
case_730,a,2025-02-24 21:03:10.578623
case_731,c,2025-02-24 19:28:10.578654
case_731,a,2025-02-24 19:33:10.578654
case_731,b,2025-02-24 19:38:10.578654
case_731,b,2025-02-24 19:43:10.578654
case_731,b,2025-02-24 19:48:10.578654
case_731,c,2025-02-24 19:53:10.578654
case_731,b,2025-02-24 19:58:10.578654
case_731,c,2025-02-24 20:03:10.578654
case_731,a,2025-02-24 20:08:10.578654
case_731,c,2025-02-24 20:13:10.578654
case_731,b,2025-02-24 20:18:10.578654
case_731,c,2025-02-24 20:23:10.578654
case_731,c,2025-02-24 20:28:10.578654
case_731,c,2025-02-24 20:33:10.578654
case_731,a,2025-02-24 20:38:10.578654
case_731,a,2025-02-24 20:43:10.578654
case_731,c,2025-02-24 20:48:10.578654
case_731,c,2025-02-24 20:53:10.578654
case_731,a,2025-02-24 20:58:10.578654
case_731,c,2025-02-24 21:03:10.578654
case_732,c,2025-02-24 19:28:10.578684
case_732,c,2025-02-24 19:33:10.578684
case_732,c,2025-02-24 19:38:10.578684
case_732,a,2025-02-24 19:43:10.578684
case_732,a,2025-02-24 19:48:10.578684
case_732,a,2025-02-24 19:53:10.578684
case_732,a,2025-02-24 19:58:10.578684
case_732,a,2025-02-24 20:03:10.578684
case_732,a,2025-02-24 20:08:10.578684
case_732,c,2025-02-24 20:13:10.578684
case_732,b,2025-02-24 20:18:10.578684
case_732,b,2025-02-24 20:23:10.578684
case_732,b,2025-02-24 20:28:10.578684
case_732,c,2025-02-24 20:33:10.578684
case_732,a,2025-02-24 20:38:10.578684
case_732,b,2025-02-24 20:43:10.578684
case_732,a,2025-02-24 20:48:10.578684
case_732,b,2025-02-24 20:53:10.578684
case_732,a,2025-02-24 20:58:10.578684
case_732,c,2025-02-24 21:03:10.578684
case_733,c,2025-02-24 19:28:10.578714
case_733,a,2025-02-24 19:33:10.578714
case_733,c,2025-02-24 19:38:10.578714
case_733,a,2025-02-24 19:43:10.578714
case_733,b,2025-02-24 19:48:10.578714
case_733,a,2025-02-24 19:53:10.578714
case_733,b,2025-02-24 19:58:10.578714
case_733,a,2025-02-24 20:03:10.578714
case_733,b,2025-02-24 20:08:10.578714
case_733,a,2025-02-24 20:13:10.578714
case_733,a,2025-02-24 20:18:10.578714
case_733,b,2025-02-24 20:23:10.578714
case_733,c,2025-02-24 20:28:10.578714
case_733,b,2025-02-24 20:33:10.578714
case_733,c,2025-02-24 20:38:10.578714
case_733,a,2025-02-24 20:43:10.578714
case_733,a,2025-02-24 20:48:10.578714
case_733,a,2025-02-24 20:53:10.578714
case_733,b,2025-02-24 20:58:10.578714
case_733,b,2025-02-24 21:03:10.578714
case_734,b,2025-02-24 19:28:10.578744
case_734,a,2025-02-24 19:33:10.578744
case_734,c,2025-02-24 19:38:10.578744
case_734,c,2025-02-24 19:43:10.578744
case_734,b,2025-02-24 19:48:10.578744
case_734,c,2025-02-24 19:53:10.578744
case_734,b,2025-02-24 19:58:10.578744
case_734,b,2025-02-24 20:03:10.578744
case_734,b,2025-02-24 20:08:10.578744
case_734,a,2025-02-24 20:13:10.578744
case_734,b,2025-02-24 20:18:10.578744
case_734,a,2025-02-24 20:23:10.578744
case_734,b,2025-02-24 20:28:10.578744
case_734,c,2025-02-24 20:33:10.578744
case_734,b,2025-02-24 20:38:10.578744
case_734,a,2025-02-24 20:43:10.578744
case_734,b,2025-02-24 20:48:10.578744
case_734,a,2025-02-24 20:53:10.578744
case_734,a,2025-02-24 20:58:10.578744
case_734,a,2025-02-24 21:03:10.578744
case_735,c,2025-02-24 19:28:10.578773
case_735,c,2025-02-24 19:33:10.578773
case_735,c,2025-02-24 19:38:10.578773
case_735,a,2025-02-24 19:43:10.578773
case_735,c,2025-02-24 19:48:10.578773
case_735,b,2025-02-24 19:53:10.578773
case_735,c,2025-02-24 19:58:10.578773
case_735,b,2025-02-24 20:03:10.578773
case_735,c,2025-02-24 20:08:10.578773
case_735,b,2025-02-24 20:13:10.578773
case_735,c,2025-02-24 20:18:10.578773
case_735,b,2025-02-24 20:23:10.578773
case_735,b,2025-02-24 20:28:10.578773
case_735,b,2025-02-24 20:33:10.578773
case_735,b,2025-02-24 20:38:10.578773
case_735,c,2025-02-24 20:43:10.578773
case_735,b,2025-02-24 20:48:10.578773
case_735,b,2025-02-24 20:53:10.578773
case_735,a,2025-02-24 20:58:10.578773
case_735,a,2025-02-24 21:03:10.578773
case_736,b,2025-02-24 19:28:10.578802
case_736,c,2025-02-24 19:33:10.578802
case_736,b,2025-02-24 19:38:10.578802
case_736,b,2025-02-24 19:43:10.578802
case_736,b,2025-02-24 19:48:10.578802
case_736,b,2025-02-24 19:53:10.578802
case_736,a,2025-02-24 19:58:10.578802
case_736,c,2025-02-24 20:03:10.578802
case_736,a,2025-02-24 20:08:10.578802
case_736,c,2025-02-24 20:13:10.578802
case_736,b,2025-02-24 20:18:10.578802
case_736,c,2025-02-24 20:23:10.578802
case_736,c,2025-02-24 20:28:10.578802
case_736,a,2025-02-24 20:33:10.578802
case_736,c,2025-02-24 20:38:10.578802
case_736,b,2025-02-24 20:43:10.578802
case_736,c,2025-02-24 20:48:10.578802
case_736,c,2025-02-24 20:53:10.578802
case_736,a,2025-02-24 20:58:10.578802
case_736,a,2025-02-24 21:03:10.578802
case_737,a,2025-02-24 19:28:10.578832
case_737,a,2025-02-24 19:33:10.578832
case_737,b,2025-02-24 19:38:10.578832
case_737,c,2025-02-24 19:43:10.578832
case_737,a,2025-02-24 19:48:10.578832
case_737,c,2025-02-24 19:53:10.578832
case_737,a,2025-02-24 19:58:10.578832
case_737,a,2025-02-24 20:03:10.578832
case_737,a,2025-02-24 20:08:10.578832
case_737,b,2025-02-24 20:13:10.578832
case_737,a,2025-02-24 20:18:10.578832
case_737,b,2025-02-24 20:23:10.578832
case_737,b,2025-02-24 20:28:10.578832
case_737,b,2025-02-24 20:33:10.578832
case_737,c,2025-02-24 20:38:10.578832
case_737,a,2025-02-24 20:43:10.578832
case_737,a,2025-02-24 20:48:10.578832
case_737,a,2025-02-24 20:53:10.578832
case_737,c,2025-02-24 20:58:10.578832
case_737,c,2025-02-24 21:03:10.578832
case_738,b,2025-02-24 19:28:10.578862
case_738,c,2025-02-24 19:33:10.578862
case_738,a,2025-02-24 19:38:10.578862
case_738,a,2025-02-24 19:43:10.578862
case_738,c,2025-02-24 19:48:10.578862
case_738,c,2025-02-24 19:53:10.578862
case_738,a,2025-02-24 19:58:10.578862
case_738,a,2025-02-24 20:03:10.578862
case_738,a,2025-02-24 20:08:10.578862
case_738,c,2025-02-24 20:13:10.578862
case_738,b,2025-02-24 20:18:10.578862
case_738,c,2025-02-24 20:23:10.578862
case_738,a,2025-02-24 20:28:10.578862
case_738,c,2025-02-24 20:33:10.578862
case_738,c,2025-02-24 20:38:10.578862
case_738,a,2025-02-24 20:43:10.578862
case_738,b,2025-02-24 20:48:10.578862
case_738,a,2025-02-24 20:53:10.578862
case_738,b,2025-02-24 20:58:10.578862
case_738,c,2025-02-24 21:03:10.578862
case_739,a,2025-02-24 19:28:10.578891
case_739,a,2025-02-24 19:33:10.578891
case_739,b,2025-02-24 19:38:10.578891
case_739,b,2025-02-24 19:43:10.578891
case_739,a,2025-02-24 19:48:10.578891
case_739,a,2025-02-24 19:53:10.578891
case_739,b,2025-02-24 19:58:10.578891
case_739,a,2025-02-24 20:03:10.578891
case_739,c,2025-02-24 20:08:10.578891
case_739,c,2025-02-24 20:13:10.578891
case_739,c,2025-02-24 20:18:10.578891
case_739,a,2025-02-24 20:23:10.578891
case_739,c,2025-02-24 20:28:10.578891
case_739,b,2025-02-24 20:33:10.578891
case_739,a,2025-02-24 20:38:10.578891
case_739,c,2025-02-24 20:43:10.578891
case_739,a,2025-02-24 20:48:10.578891
case_739,a,2025-02-24 20:53:10.578891
case_739,b,2025-02-24 20:58:10.578891
case_739,b,2025-02-24 21:03:10.578891
case_740,c,2025-02-24 19:28:10.578921
case_740,a,2025-02-24 19:33:10.578921
case_740,b,2025-02-24 19:38:10.578921
case_740,b,2025-02-24 19:43:10.578921
case_740,b,2025-02-24 19:48:10.578921
case_740,c,2025-02-24 19:53:10.578921
case_740,b,2025-02-24 19:58:10.578921
case_740,a,2025-02-24 20:03:10.578921
case_740,a,2025-02-24 20:08:10.578921
case_740,b,2025-02-24 20:13:10.578921
case_740,b,2025-02-24 20:18:10.578921
case_740,c,2025-02-24 20:23:10.578921
case_740,a,2025-02-24 20:28:10.578921
case_740,b,2025-02-24 20:33:10.578921
case_740,a,2025-02-24 20:38:10.578921
case_740,a,2025-02-24 20:43:10.578921
case_740,a,2025-02-24 20:48:10.578921
case_740,b,2025-02-24 20:53:10.578921
case_740,a,2025-02-24 20:58:10.578921
case_740,b,2025-02-24 21:03:10.578921
case_741,a,2025-02-24 19:28:10.578950
case_741,c,2025-02-24 19:33:10.578950
case_741,c,2025-02-24 19:38:10.578950
case_741,c,2025-02-24 19:43:10.578950
case_741,a,2025-02-24 19:48:10.578950
case_741,a,2025-02-24 19:53:10.578950
case_741,b,2025-02-24 19:58:10.578950
case_741,a,2025-02-24 20:03:10.578950
case_741,b,2025-02-24 20:08:10.578950
case_741,c,2025-02-24 20:13:10.578950
case_741,c,2025-02-24 20:18:10.578950
case_741,a,2025-02-24 20:23:10.578950
case_741,c,2025-02-24 20:28:10.578950
case_741,a,2025-02-24 20:33:10.578950
case_741,c,2025-02-24 20:38:10.578950
case_741,a,2025-02-24 20:43:10.578950
case_741,a,2025-02-24 20:48:10.578950
case_741,a,2025-02-24 20:53:10.578950
case_741,b,2025-02-24 20:58:10.578950
case_741,b,2025-02-24 21:03:10.578950
case_742,c,2025-02-24 19:28:10.578980
case_742,a,2025-02-24 19:33:10.578980
case_742,b,2025-02-24 19:38:10.578980
case_742,b,2025-02-24 19:43:10.578980
case_742,b,2025-02-24 19:48:10.578980
case_742,c,2025-02-24 19:53:10.578980
case_742,c,2025-02-24 19:58:10.578980
case_742,a,2025-02-24 20:03:10.578980
case_742,a,2025-02-24 20:08:10.578980
case_742,c,2025-02-24 20:13:10.578980
case_742,c,2025-02-24 20:18:10.578980
case_742,b,2025-02-24 20:23:10.578980
case_742,a,2025-02-24 20:28:10.578980
case_742,b,2025-02-24 20:33:10.578980
case_742,a,2025-02-24 20:38:10.578980
case_742,a,2025-02-24 20:43:10.578980
case_742,b,2025-02-24 20:48:10.578980
case_742,c,2025-02-24 20:53:10.578980
case_742,c,2025-02-24 20:58:10.578980
case_742,a,2025-02-24 21:03:10.578980
case_743,a,2025-02-24 19:28:10.579009
case_743,b,2025-02-24 19:33:10.579009
case_743,c,2025-02-24 19:38:10.579009
case_743,a,2025-02-24 19:43:10.579009
case_743,b,2025-02-24 19:48:10.579009
case_743,a,2025-02-24 19:53:10.579009
case_743,b,2025-02-24 19:58:10.579009
case_743,b,2025-02-24 20:03:10.579009
case_743,c,2025-02-24 20:08:10.579009
case_743,b,2025-02-24 20:13:10.579009
case_743,b,2025-02-24 20:18:10.579009
case_743,c,2025-02-24 20:23:10.579009
case_743,c,2025-02-24 20:28:10.579009
case_743,a,2025-02-24 20:33:10.579009
case_743,b,2025-02-24 20:38:10.579009
case_743,a,2025-02-24 20:43:10.579009
case_743,c,2025-02-24 20:48:10.579009
case_743,c,2025-02-24 20:53:10.579009
case_743,a,2025-02-24 20:58:10.579009
case_743,a,2025-02-24 21:03:10.579009
case_744,c,2025-02-24 19:28:10.579039
case_744,c,2025-02-24 19:33:10.579039
case_744,b,2025-02-24 19:38:10.579039
case_744,a,2025-02-24 19:43:10.579039
case_744,a,2025-02-24 19:48:10.579039
case_744,b,2025-02-24 19:53:10.579039
case_744,a,2025-02-24 19:58:10.579039
case_744,a,2025-02-24 20:03:10.579039
case_744,b,2025-02-24 20:08:10.579039
case_744,b,2025-02-24 20:13:10.579039
case_744,b,2025-02-24 20:18:10.579039
case_744,c,2025-02-24 20:23:10.579039
case_744,c,2025-02-24 20:28:10.579039
case_744,a,2025-02-24 20:33:10.579039
case_744,c,2025-02-24 20:38:10.579039
case_744,a,2025-02-24 20:43:10.579039
case_744,a,2025-02-24 20:48:10.579039
case_744,c,2025-02-24 20:53:10.579039
case_744,c,2025-02-24 20:58:10.579039
case_744,a,2025-02-24 21:03:10.579039
case_745,a,2025-02-24 19:28:10.579068
case_745,b,2025-02-24 19:33:10.579068
case_745,b,2025-02-24 19:38:10.579068
case_745,c,2025-02-24 19:43:10.579068
case_745,a,2025-02-24 19:48:10.579068
case_745,a,2025-02-24 19:53:10.579068
case_745,a,2025-02-24 19:58:10.579068
case_745,b,2025-02-24 20:03:10.579068
case_745,a,2025-02-24 20:08:10.579068
case_745,c,2025-02-24 20:13:10.579068
case_745,c,2025-02-24 20:18:10.579068
case_745,b,2025-02-24 20:23:10.579068
case_745,a,2025-02-24 20:28:10.579068
case_745,b,2025-02-24 20:33:10.579068
case_745,a,2025-02-24 20:38:10.579068
case_745,a,2025-02-24 20:43:10.579068
case_745,b,2025-02-24 20:48:10.579068
case_745,b,2025-02-24 20:53:10.579068
case_745,b,2025-02-24 20:58:10.579068
case_745,c,2025-02-24 21:03:10.579068
case_746,a,2025-02-24 19:28:10.579098
case_746,a,2025-02-24 19:33:10.579098
case_746,c,2025-02-24 19:38:10.579098
case_746,c,2025-02-24 19:43:10.579098
case_746,c,2025-02-24 19:48:10.579098
case_746,a,2025-02-24 19:53:10.579098
case_746,a,2025-02-24 19:58:10.579098
case_746,a,2025-02-24 20:03:10.579098
case_746,b,2025-02-24 20:08:10.579098
case_746,a,2025-02-24 20:13:10.579098
case_746,a,2025-02-24 20:18:10.579098
case_746,c,2025-02-24 20:23:10.579098
case_746,b,2025-02-24 20:28:10.579098
case_746,a,2025-02-24 20:33:10.579098
case_746,c,2025-02-24 20:38:10.579098
case_746,c,2025-02-24 20:43:10.579098
case_746,a,2025-02-24 20:48:10.579098
case_746,a,2025-02-24 20:53:10.579098
case_746,b,2025-02-24 20:58:10.579098
case_746,b,2025-02-24 21:03:10.579098
case_747,a,2025-02-24 19:28:10.579127
case_747,a,2025-02-24 19:33:10.579127
case_747,b,2025-02-24 19:38:10.579127
case_747,c,2025-02-24 19:43:10.579127
case_747,a,2025-02-24 19:48:10.579127
case_747,a,2025-02-24 19:53:10.579127
case_747,c,2025-02-24 19:58:10.579127
case_747,c,2025-02-24 20:03:10.579127
case_747,b,2025-02-24 20:08:10.579127
case_747,a,2025-02-24 20:13:10.579127
case_747,a,2025-02-24 20:18:10.579127
case_747,c,2025-02-24 20:23:10.579127
case_747,a,2025-02-24 20:28:10.579127
case_747,c,2025-02-24 20:33:10.579127
case_747,a,2025-02-24 20:38:10.579127
case_747,b,2025-02-24 20:43:10.579127
case_747,b,2025-02-24 20:48:10.579127
case_747,b,2025-02-24 20:53:10.579127
case_747,b,2025-02-24 20:58:10.579127
case_747,a,2025-02-24 21:03:10.579127
case_748,a,2025-02-24 19:28:10.579156
case_748,b,2025-02-24 19:33:10.579156
case_748,b,2025-02-24 19:38:10.579156
case_748,c,2025-02-24 19:43:10.579156
case_748,c,2025-02-24 19:48:10.579156
case_748,c,2025-02-24 19:53:10.579156
case_748,a,2025-02-24 19:58:10.579156
case_748,a,2025-02-24 20:03:10.579156
case_748,a,2025-02-24 20:08:10.579156
case_748,b,2025-02-24 20:13:10.579156
case_748,a,2025-02-24 20:18:10.579156
case_748,c,2025-02-24 20:23:10.579156
case_748,b,2025-02-24 20:28:10.579156
case_748,a,2025-02-24 20:33:10.579156
case_748,b,2025-02-24 20:38:10.579156
case_748,c,2025-02-24 20:43:10.579156
case_748,c,2025-02-24 20:48:10.579156
case_748,a,2025-02-24 20:53:10.579156
case_748,c,2025-02-24 20:58:10.579156
case_748,a,2025-02-24 21:03:10.579156
case_749,c,2025-02-24 19:28:10.579186
case_749,b,2025-02-24 19:33:10.579186
case_749,b,2025-02-24 19:38:10.579186
case_749,b,2025-02-24 19:43:10.579186
case_749,a,2025-02-24 19:48:10.579186
case_749,b,2025-02-24 19:53:10.579186
case_749,c,2025-02-24 19:58:10.579186
case_749,c,2025-02-24 20:03:10.579186
case_749,a,2025-02-24 20:08:10.579186
case_749,b,2025-02-24 20:13:10.579186
case_749,b,2025-02-24 20:18:10.579186
case_749,a,2025-02-24 20:23:10.579186
case_749,a,2025-02-24 20:28:10.579186
case_749,a,2025-02-24 20:33:10.579186
case_749,c,2025-02-24 20:38:10.579186
case_749,a,2025-02-24 20:43:10.579186
case_749,b,2025-02-24 20:48:10.579186
case_749,a,2025-02-24 20:53:10.579186
case_749,b,2025-02-24 20:58:10.579186
case_749,c,2025-02-24 21:03:10.579186
case_750,a,2025-02-24 19:28:10.579215
case_750,a,2025-02-24 19:33:10.579215
case_750,c,2025-02-24 19:38:10.579215
case_750,c,2025-02-24 19:43:10.579215
case_750,b,2025-02-24 19:48:10.579215
case_750,a,2025-02-24 19:53:10.579215
case_750,a,2025-02-24 19:58:10.579215
case_750,c,2025-02-24 20:03:10.579215
case_750,a,2025-02-24 20:08:10.579215
case_750,a,2025-02-24 20:13:10.579215
case_750,b,2025-02-24 20:18:10.579215
case_750,a,2025-02-24 20:23:10.579215
case_750,c,2025-02-24 20:28:10.579215
case_750,c,2025-02-24 20:33:10.579215
case_750,b,2025-02-24 20:38:10.579215
case_750,c,2025-02-24 20:43:10.579215
case_750,a,2025-02-24 20:48:10.579215
case_750,b,2025-02-24 20:53:10.579215
case_750,b,2025-02-24 20:58:10.579215
case_750,b,2025-02-24 21:03:10.579215
case_751,c,2025-02-24 19:28:10.579245
case_751,c,2025-02-24 19:33:10.579245
case_751,c,2025-02-24 19:38:10.579245
case_751,c,2025-02-24 19:43:10.579245
case_751,a,2025-02-24 19:48:10.579245
case_751,b,2025-02-24 19:53:10.579245
case_751,a,2025-02-24 19:58:10.579245
case_751,b,2025-02-24 20:03:10.579245
case_751,c,2025-02-24 20:08:10.579245
case_751,a,2025-02-24 20:13:10.579245
case_751,b,2025-02-24 20:18:10.579245
case_751,a,2025-02-24 20:23:10.579245
case_751,b,2025-02-24 20:28:10.579245
case_751,b,2025-02-24 20:33:10.579245
case_751,a,2025-02-24 20:38:10.579245
case_751,c,2025-02-24 20:43:10.579245
case_751,a,2025-02-24 20:48:10.579245
case_751,b,2025-02-24 20:53:10.579245
case_751,a,2025-02-24 20:58:10.579245
case_751,a,2025-02-24 21:03:10.579245
case_752,b,2025-02-24 19:28:10.579274
case_752,b,2025-02-24 19:33:10.579274
case_752,c,2025-02-24 19:38:10.579274
case_752,c,2025-02-24 19:43:10.579274
case_752,c,2025-02-24 19:48:10.579274
case_752,a,2025-02-24 19:53:10.579274
case_752,b,2025-02-24 19:58:10.579274
case_752,b,2025-02-24 20:03:10.579274
case_752,c,2025-02-24 20:08:10.579274
case_752,c,2025-02-24 20:13:10.579274
case_752,c,2025-02-24 20:18:10.579274
case_752,b,2025-02-24 20:23:10.579274
case_752,c,2025-02-24 20:28:10.579274
case_752,b,2025-02-24 20:33:10.579274
case_752,b,2025-02-24 20:38:10.579274
case_752,c,2025-02-24 20:43:10.579274
case_752,c,2025-02-24 20:48:10.579274
case_752,a,2025-02-24 20:53:10.579274
case_752,a,2025-02-24 20:58:10.579274
case_752,c,2025-02-24 21:03:10.579274
case_753,b,2025-02-24 19:28:10.579304
case_753,c,2025-02-24 19:33:10.579304
case_753,a,2025-02-24 19:38:10.579304
case_753,b,2025-02-24 19:43:10.579304
case_753,a,2025-02-24 19:48:10.579304
case_753,b,2025-02-24 19:53:10.579304
case_753,b,2025-02-24 19:58:10.579304
case_753,b,2025-02-24 20:03:10.579304
case_753,a,2025-02-24 20:08:10.579304
case_753,c,2025-02-24 20:13:10.579304
case_753,c,2025-02-24 20:18:10.579304
case_753,c,2025-02-24 20:23:10.579304
case_753,c,2025-02-24 20:28:10.579304
case_753,a,2025-02-24 20:33:10.579304
case_753,b,2025-02-24 20:38:10.579304
case_753,c,2025-02-24 20:43:10.579304
case_753,a,2025-02-24 20:48:10.579304
case_753,a,2025-02-24 20:53:10.579304
case_753,c,2025-02-24 20:58:10.579304
case_753,b,2025-02-24 21:03:10.579304
case_754,c,2025-02-24 19:28:10.579334
case_754,a,2025-02-24 19:33:10.579334
case_754,a,2025-02-24 19:38:10.579334
case_754,c,2025-02-24 19:43:10.579334
case_754,a,2025-02-24 19:48:10.579334
case_754,b,2025-02-24 19:53:10.579334
case_754,b,2025-02-24 19:58:10.579334
case_754,b,2025-02-24 20:03:10.579334
case_754,a,2025-02-24 20:08:10.579334
case_754,b,2025-02-24 20:13:10.579334
case_754,a,2025-02-24 20:18:10.579334
case_754,c,2025-02-24 20:23:10.579334
case_754,a,2025-02-24 20:28:10.579334
case_754,b,2025-02-24 20:33:10.579334
case_754,b,2025-02-24 20:38:10.579334
case_754,b,2025-02-24 20:43:10.579334
case_754,c,2025-02-24 20:48:10.579334
case_754,b,2025-02-24 20:53:10.579334
case_754,a,2025-02-24 20:58:10.579334
case_754,c,2025-02-24 21:03:10.579334
case_755,c,2025-02-24 19:28:10.579364
case_755,c,2025-02-24 19:33:10.579364
case_755,b,2025-02-24 19:38:10.579364
case_755,c,2025-02-24 19:43:10.579364
case_755,b,2025-02-24 19:48:10.579364
case_755,c,2025-02-24 19:53:10.579364
case_755,a,2025-02-24 19:58:10.579364
case_755,c,2025-02-24 20:03:10.579364
case_755,a,2025-02-24 20:08:10.579364
case_755,b,2025-02-24 20:13:10.579364
case_755,b,2025-02-24 20:18:10.579364
case_755,b,2025-02-24 20:23:10.579364
case_755,a,2025-02-24 20:28:10.579364
case_755,c,2025-02-24 20:33:10.579364
case_755,b,2025-02-24 20:38:10.579364
case_755,c,2025-02-24 20:43:10.579364
case_755,a,2025-02-24 20:48:10.579364
case_755,b,2025-02-24 20:53:10.579364
case_755,a,2025-02-24 20:58:10.579364
case_755,a,2025-02-24 21:03:10.579364
case_756,b,2025-02-24 19:28:10.579394
case_756,b,2025-02-24 19:33:10.579394
case_756,a,2025-02-24 19:38:10.579394
case_756,a,2025-02-24 19:43:10.579394
case_756,b,2025-02-24 19:48:10.579394
case_756,a,2025-02-24 19:53:10.579394
case_756,b,2025-02-24 19:58:10.579394
case_756,b,2025-02-24 20:03:10.579394
case_756,a,2025-02-24 20:08:10.579394
case_756,c,2025-02-24 20:13:10.579394
case_756,b,2025-02-24 20:18:10.579394
case_756,a,2025-02-24 20:23:10.579394
case_756,c,2025-02-24 20:28:10.579394
case_756,c,2025-02-24 20:33:10.579394
case_756,c,2025-02-24 20:38:10.579394
case_756,c,2025-02-24 20:43:10.579394
case_756,a,2025-02-24 20:48:10.579394
case_756,c,2025-02-24 20:53:10.579394
case_756,b,2025-02-24 20:58:10.579394
case_756,c,2025-02-24 21:03:10.579394
case_757,a,2025-02-24 19:28:10.579424
case_757,a,2025-02-24 19:33:10.579424
case_757,c,2025-02-24 19:38:10.579424
case_757,a,2025-02-24 19:43:10.579424
case_757,b,2025-02-24 19:48:10.579424
case_757,b,2025-02-24 19:53:10.579424
case_757,c,2025-02-24 19:58:10.579424
case_757,c,2025-02-24 20:03:10.579424
case_757,c,2025-02-24 20:08:10.579424
case_757,c,2025-02-24 20:13:10.579424
case_757,b,2025-02-24 20:18:10.579424
case_757,b,2025-02-24 20:23:10.579424
case_757,a,2025-02-24 20:28:10.579424
case_757,a,2025-02-24 20:33:10.579424
case_757,b,2025-02-24 20:38:10.579424
case_757,b,2025-02-24 20:43:10.579424
case_757,b,2025-02-24 20:48:10.579424
case_757,a,2025-02-24 20:53:10.579424
case_757,a,2025-02-24 20:58:10.579424
case_757,b,2025-02-24 21:03:10.579424
case_758,b,2025-02-24 19:28:10.579453
case_758,b,2025-02-24 19:33:10.579453
case_758,b,2025-02-24 19:38:10.579453
case_758,c,2025-02-24 19:43:10.579453
case_758,c,2025-02-24 19:48:10.579453
case_758,a,2025-02-24 19:53:10.579453
case_758,b,2025-02-24 19:58:10.579453
case_758,c,2025-02-24 20:03:10.579453
case_758,c,2025-02-24 20:08:10.579453
case_758,b,2025-02-24 20:13:10.579453
case_758,a,2025-02-24 20:18:10.579453
case_758,a,2025-02-24 20:23:10.579453
case_758,c,2025-02-24 20:28:10.579453
case_758,b,2025-02-24 20:33:10.579453
case_758,c,2025-02-24 20:38:10.579453
case_758,b,2025-02-24 20:43:10.579453
case_758,a,2025-02-24 20:48:10.579453
case_758,c,2025-02-24 20:53:10.579453
case_758,c,2025-02-24 20:58:10.579453
case_758,a,2025-02-24 21:03:10.579453
case_759,c,2025-02-24 19:28:10.579490
case_759,a,2025-02-24 19:33:10.579490
case_759,b,2025-02-24 19:38:10.579490
case_759,c,2025-02-24 19:43:10.579490
case_759,c,2025-02-24 19:48:10.579490
case_759,b,2025-02-24 19:53:10.579490
case_759,b,2025-02-24 19:58:10.579490
case_759,b,2025-02-24 20:03:10.579490
case_759,b,2025-02-24 20:08:10.579490
case_759,c,2025-02-24 20:13:10.579490
case_759,a,2025-02-24 20:18:10.579490
case_759,c,2025-02-24 20:23:10.579490
case_759,a,2025-02-24 20:28:10.579490
case_759,b,2025-02-24 20:33:10.579490
case_759,b,2025-02-24 20:38:10.579490
case_759,b,2025-02-24 20:43:10.579490
case_759,c,2025-02-24 20:48:10.579490
case_759,b,2025-02-24 20:53:10.579490
case_759,a,2025-02-24 20:58:10.579490
case_759,a,2025-02-24 21:03:10.579490
case_760,b,2025-02-24 19:28:10.579519
case_760,c,2025-02-24 19:33:10.579519
case_760,c,2025-02-24 19:38:10.579519
case_760,b,2025-02-24 19:43:10.579519
case_760,b,2025-02-24 19:48:10.579519
case_760,c,2025-02-24 19:53:10.579519
case_760,a,2025-02-24 19:58:10.579519
case_760,a,2025-02-24 20:03:10.579519
case_760,b,2025-02-24 20:08:10.579519
case_760,b,2025-02-24 20:13:10.579519
case_760,b,2025-02-24 20:18:10.579519
case_760,b,2025-02-24 20:23:10.579519
case_760,b,2025-02-24 20:28:10.579519
case_760,c,2025-02-24 20:33:10.579519
case_760,c,2025-02-24 20:38:10.579519
case_760,b,2025-02-24 20:43:10.579519
case_760,b,2025-02-24 20:48:10.579519
case_760,c,2025-02-24 20:53:10.579519
case_760,b,2025-02-24 20:58:10.579519
case_760,c,2025-02-24 21:03:10.579519
case_761,c,2025-02-24 19:28:10.579549
case_761,c,2025-02-24 19:33:10.579549
case_761,b,2025-02-24 19:38:10.579549
case_761,c,2025-02-24 19:43:10.579549
case_761,b,2025-02-24 19:48:10.579549
case_761,a,2025-02-24 19:53:10.579549
case_761,a,2025-02-24 19:58:10.579549
case_761,c,2025-02-24 20:03:10.579549
case_761,a,2025-02-24 20:08:10.579549
case_761,c,2025-02-24 20:13:10.579549
case_761,c,2025-02-24 20:18:10.579549
case_761,c,2025-02-24 20:23:10.579549
case_761,c,2025-02-24 20:28:10.579549
case_761,c,2025-02-24 20:33:10.579549
case_761,c,2025-02-24 20:38:10.579549
case_761,c,2025-02-24 20:43:10.579549
case_761,c,2025-02-24 20:48:10.579549
case_761,a,2025-02-24 20:53:10.579549
case_761,b,2025-02-24 20:58:10.579549
case_761,b,2025-02-24 21:03:10.579549
case_762,a,2025-02-24 19:28:10.579579
case_762,c,2025-02-24 19:33:10.579579
case_762,c,2025-02-24 19:38:10.579579
case_762,c,2025-02-24 19:43:10.579579
case_762,c,2025-02-24 19:48:10.579579
case_762,b,2025-02-24 19:53:10.579579
case_762,a,2025-02-24 19:58:10.579579
case_762,c,2025-02-24 20:03:10.579579
case_762,b,2025-02-24 20:08:10.579579
case_762,a,2025-02-24 20:13:10.579579
case_762,c,2025-02-24 20:18:10.579579
case_762,c,2025-02-24 20:23:10.579579
case_762,b,2025-02-24 20:28:10.579579
case_762,b,2025-02-24 20:33:10.579579
case_762,c,2025-02-24 20:38:10.579579
case_762,a,2025-02-24 20:43:10.579579
case_762,b,2025-02-24 20:48:10.579579
case_762,b,2025-02-24 20:53:10.579579
case_762,a,2025-02-24 20:58:10.579579
case_762,a,2025-02-24 21:03:10.579579
case_763,a,2025-02-24 19:28:10.579609
case_763,b,2025-02-24 19:33:10.579609
case_763,a,2025-02-24 19:38:10.579609
case_763,c,2025-02-24 19:43:10.579609
case_763,b,2025-02-24 19:48:10.579609
case_763,a,2025-02-24 19:53:10.579609
case_763,c,2025-02-24 19:58:10.579609
case_763,a,2025-02-24 20:03:10.579609
case_763,a,2025-02-24 20:08:10.579609
case_763,b,2025-02-24 20:13:10.579609
case_763,c,2025-02-24 20:18:10.579609
case_763,c,2025-02-24 20:23:10.579609
case_763,b,2025-02-24 20:28:10.579609
case_763,a,2025-02-24 20:33:10.579609
case_763,b,2025-02-24 20:38:10.579609
case_763,a,2025-02-24 20:43:10.579609
case_763,a,2025-02-24 20:48:10.579609
case_763,c,2025-02-24 20:53:10.579609
case_763,b,2025-02-24 20:58:10.579609
case_763,b,2025-02-24 21:03:10.579609
case_764,a,2025-02-24 19:28:10.579639
case_764,b,2025-02-24 19:33:10.579639
case_764,a,2025-02-24 19:38:10.579639
case_764,a,2025-02-24 19:43:10.579639
case_764,a,2025-02-24 19:48:10.579639
case_764,a,2025-02-24 19:53:10.579639
case_764,c,2025-02-24 19:58:10.579639
case_764,a,2025-02-24 20:03:10.579639
case_764,b,2025-02-24 20:08:10.579639
case_764,b,2025-02-24 20:13:10.579639
case_764,c,2025-02-24 20:18:10.579639
case_764,c,2025-02-24 20:23:10.579639
case_764,c,2025-02-24 20:28:10.579639
case_764,c,2025-02-24 20:33:10.579639
case_764,b,2025-02-24 20:38:10.579639
case_764,b,2025-02-24 20:43:10.579639
case_764,c,2025-02-24 20:48:10.579639
case_764,b,2025-02-24 20:53:10.579639
case_764,a,2025-02-24 20:58:10.579639
case_764,a,2025-02-24 21:03:10.579639
case_765,b,2025-02-24 19:28:10.579669
case_765,c,2025-02-24 19:33:10.579669
case_765,a,2025-02-24 19:38:10.579669
case_765,a,2025-02-24 19:43:10.579669
case_765,c,2025-02-24 19:48:10.579669
case_765,c,2025-02-24 19:53:10.579669
case_765,b,2025-02-24 19:58:10.579669
case_765,b,2025-02-24 20:03:10.579669
case_765,c,2025-02-24 20:08:10.579669
case_765,c,2025-02-24 20:13:10.579669
case_765,a,2025-02-24 20:18:10.579669
case_765,a,2025-02-24 20:23:10.579669
case_765,a,2025-02-24 20:28:10.579669
case_765,b,2025-02-24 20:33:10.579669
case_765,c,2025-02-24 20:38:10.579669
case_765,b,2025-02-24 20:43:10.579669
case_765,a,2025-02-24 20:48:10.579669
case_765,b,2025-02-24 20:53:10.579669
case_765,b,2025-02-24 20:58:10.579669
case_765,b,2025-02-24 21:03:10.579669
case_766,a,2025-02-24 19:28:10.579699
case_766,c,2025-02-24 19:33:10.579699
case_766,c,2025-02-24 19:38:10.579699
case_766,b,2025-02-24 19:43:10.579699
case_766,c,2025-02-24 19:48:10.579699
case_766,b,2025-02-24 19:53:10.579699
case_766,a,2025-02-24 19:58:10.579699
case_766,a,2025-02-24 20:03:10.579699
case_766,c,2025-02-24 20:08:10.579699
case_766,a,2025-02-24 20:13:10.579699
case_766,b,2025-02-24 20:18:10.579699
case_766,c,2025-02-24 20:23:10.579699
case_766,a,2025-02-24 20:28:10.579699
case_766,c,2025-02-24 20:33:10.579699
case_766,a,2025-02-24 20:38:10.579699
case_766,c,2025-02-24 20:43:10.579699
case_766,a,2025-02-24 20:48:10.579699
case_766,b,2025-02-24 20:53:10.579699
case_766,b,2025-02-24 20:58:10.579699
case_766,b,2025-02-24 21:03:10.579699
case_767,c,2025-02-24 19:28:10.579729
case_767,b,2025-02-24 19:33:10.579729
case_767,b,2025-02-24 19:38:10.579729
case_767,b,2025-02-24 19:43:10.579729
case_767,c,2025-02-24 19:48:10.579729
case_767,b,2025-02-24 19:53:10.579729
case_767,a,2025-02-24 19:58:10.579729
case_767,b,2025-02-24 20:03:10.579729
case_767,b,2025-02-24 20:08:10.579729
case_767,a,2025-02-24 20:13:10.579729
case_767,c,2025-02-24 20:18:10.579729
case_767,b,2025-02-24 20:23:10.579729
case_767,a,2025-02-24 20:28:10.579729
case_767,a,2025-02-24 20:33:10.579729
case_767,a,2025-02-24 20:38:10.579729
case_767,b,2025-02-24 20:43:10.579729
case_767,b,2025-02-24 20:48:10.579729
case_767,c,2025-02-24 20:53:10.579729
case_767,b,2025-02-24 20:58:10.579729
case_767,a,2025-02-24 21:03:10.579729
case_768,a,2025-02-24 19:28:10.579758
case_768,a,2025-02-24 19:33:10.579758
case_768,c,2025-02-24 19:38:10.579758
case_768,b,2025-02-24 19:43:10.579758
case_768,b,2025-02-24 19:48:10.579758
case_768,a,2025-02-24 19:53:10.579758
case_768,c,2025-02-24 19:58:10.579758
case_768,c,2025-02-24 20:03:10.579758
case_768,b,2025-02-24 20:08:10.579758
case_768,a,2025-02-24 20:13:10.579758
case_768,c,2025-02-24 20:18:10.579758
case_768,a,2025-02-24 20:23:10.579758
case_768,a,2025-02-24 20:28:10.579758
case_768,b,2025-02-24 20:33:10.579758
case_768,b,2025-02-24 20:38:10.579758
case_768,c,2025-02-24 20:43:10.579758
case_768,c,2025-02-24 20:48:10.579758
case_768,c,2025-02-24 20:53:10.579758
case_768,a,2025-02-24 20:58:10.579758
case_768,b,2025-02-24 21:03:10.579758
case_769,c,2025-02-24 19:28:10.579789
case_769,a,2025-02-24 19:33:10.579789
case_769,c,2025-02-24 19:38:10.579789
case_769,b,2025-02-24 19:43:10.579789
case_769,c,2025-02-24 19:48:10.579789
case_769,b,2025-02-24 19:53:10.579789
case_769,a,2025-02-24 19:58:10.579789
case_769,c,2025-02-24 20:03:10.579789
case_769,b,2025-02-24 20:08:10.579789
case_769,a,2025-02-24 20:13:10.579789
case_769,c,2025-02-24 20:18:10.579789
case_769,c,2025-02-24 20:23:10.579789
case_769,b,2025-02-24 20:28:10.579789
case_769,c,2025-02-24 20:33:10.579789
case_769,c,2025-02-24 20:38:10.579789
case_769,b,2025-02-24 20:43:10.579789
case_769,b,2025-02-24 20:48:10.579789
case_769,b,2025-02-24 20:53:10.579789
case_769,a,2025-02-24 20:58:10.579789
case_769,a,2025-02-24 21:03:10.579789
case_770,c,2025-02-24 19:28:10.579819
case_770,a,2025-02-24 19:33:10.579819
case_770,c,2025-02-24 19:38:10.579819
case_770,b,2025-02-24 19:43:10.579819
case_770,a,2025-02-24 19:48:10.579819
case_770,b,2025-02-24 19:53:10.579819
case_770,c,2025-02-24 19:58:10.579819
case_770,c,2025-02-24 20:03:10.579819
case_770,c,2025-02-24 20:08:10.579819
case_770,c,2025-02-24 20:13:10.579819
case_770,a,2025-02-24 20:18:10.579819
case_770,a,2025-02-24 20:23:10.579819
case_770,a,2025-02-24 20:28:10.579819
case_770,b,2025-02-24 20:33:10.579819
case_770,a,2025-02-24 20:38:10.579819
case_770,a,2025-02-24 20:43:10.579819
case_770,b,2025-02-24 20:48:10.579819
case_770,c,2025-02-24 20:53:10.579819
case_770,b,2025-02-24 20:58:10.579819
case_770,b,2025-02-24 21:03:10.579819
case_771,a,2025-02-24 19:28:10.579851
case_771,a,2025-02-24 19:33:10.579851
case_771,a,2025-02-24 19:38:10.579851
case_771,c,2025-02-24 19:43:10.579851
case_771,c,2025-02-24 19:48:10.579851
case_771,b,2025-02-24 19:53:10.579851
case_771,a,2025-02-24 19:58:10.579851
case_771,b,2025-02-24 20:03:10.579851
case_771,c,2025-02-24 20:08:10.579851
case_771,b,2025-02-24 20:13:10.579851
case_771,c,2025-02-24 20:18:10.579851
case_771,c,2025-02-24 20:23:10.579851
case_771,c,2025-02-24 20:28:10.579851
case_771,a,2025-02-24 20:33:10.579851
case_771,b,2025-02-24 20:38:10.579851
case_771,a,2025-02-24 20:43:10.579851
case_771,c,2025-02-24 20:48:10.579851
case_771,b,2025-02-24 20:53:10.579851
case_771,b,2025-02-24 20:58:10.579851
case_771,c,2025-02-24 21:03:10.579851
case_772,c,2025-02-24 19:28:10.579881
case_772,c,2025-02-24 19:33:10.579881
case_772,c,2025-02-24 19:38:10.579881
case_772,a,2025-02-24 19:43:10.579881
case_772,a,2025-02-24 19:48:10.579881
case_772,a,2025-02-24 19:53:10.579881
case_772,b,2025-02-24 19:58:10.579881
case_772,b,2025-02-24 20:03:10.579881
case_772,c,2025-02-24 20:08:10.579881
case_772,c,2025-02-24 20:13:10.579881
case_772,b,2025-02-24 20:18:10.579881
case_772,a,2025-02-24 20:23:10.579881
case_772,a,2025-02-24 20:28:10.579881
case_772,b,2025-02-24 20:33:10.579881
case_772,a,2025-02-24 20:38:10.579881
case_772,a,2025-02-24 20:43:10.579881
case_772,a,2025-02-24 20:48:10.579881
case_772,b,2025-02-24 20:53:10.579881
case_772,b,2025-02-24 20:58:10.579881
case_772,a,2025-02-24 21:03:10.579881
case_773,c,2025-02-24 19:28:10.579911
case_773,c,2025-02-24 19:33:10.579911
case_773,a,2025-02-24 19:38:10.579911
case_773,c,2025-02-24 19:43:10.579911
case_773,b,2025-02-24 19:48:10.579911
case_773,b,2025-02-24 19:53:10.579911
case_773,c,2025-02-24 19:58:10.579911
case_773,c,2025-02-24 20:03:10.579911
case_773,c,2025-02-24 20:08:10.579911
case_773,c,2025-02-24 20:13:10.579911
case_773,a,2025-02-24 20:18:10.579911
case_773,a,2025-02-24 20:23:10.579911
case_773,b,2025-02-24 20:28:10.579911
case_773,b,2025-02-24 20:33:10.579911
case_773,c,2025-02-24 20:38:10.579911
case_773,b,2025-02-24 20:43:10.579911
case_773,c,2025-02-24 20:48:10.579911
case_773,b,2025-02-24 20:53:10.579911
case_773,c,2025-02-24 20:58:10.579911
case_773,c,2025-02-24 21:03:10.579911
case_774,b,2025-02-24 19:28:10.579943
case_774,a,2025-02-24 19:33:10.579943
case_774,b,2025-02-24 19:38:10.579943
case_774,b,2025-02-24 19:43:10.579943
case_774,b,2025-02-24 19:48:10.579943
case_774,a,2025-02-24 19:53:10.579943
case_774,a,2025-02-24 19:58:10.579943
case_774,a,2025-02-24 20:03:10.579943
case_774,a,2025-02-24 20:08:10.579943
case_774,a,2025-02-24 20:13:10.579943
case_774,a,2025-02-24 20:18:10.579943
case_774,b,2025-02-24 20:23:10.579943
case_774,b,2025-02-24 20:28:10.579943
case_774,c,2025-02-24 20:33:10.579943
case_774,b,2025-02-24 20:38:10.579943
case_774,c,2025-02-24 20:43:10.579943
case_774,a,2025-02-24 20:48:10.579943
case_774,b,2025-02-24 20:53:10.579943
case_774,b,2025-02-24 20:58:10.579943
case_774,b,2025-02-24 21:03:10.579943
case_775,b,2025-02-24 19:28:10.580106
case_775,c,2025-02-24 19:33:10.580106
case_775,c,2025-02-24 19:38:10.580106
case_775,b,2025-02-24 19:43:10.580106
case_775,a,2025-02-24 19:48:10.580106
case_775,b,2025-02-24 19:53:10.580106
case_775,c,2025-02-24 19:58:10.580106
case_775,a,2025-02-24 20:03:10.580106
case_775,b,2025-02-24 20:08:10.580106
case_775,c,2025-02-24 20:13:10.580106
case_775,c,2025-02-24 20:18:10.580106
case_775,c,2025-02-24 20:23:10.580106
case_775,b,2025-02-24 20:28:10.580106
case_775,b,2025-02-24 20:33:10.580106
case_775,c,2025-02-24 20:38:10.580106
case_775,a,2025-02-24 20:43:10.580106
case_775,b,2025-02-24 20:48:10.580106
case_775,b,2025-02-24 20:53:10.580106
case_775,a,2025-02-24 20:58:10.580106
case_775,a,2025-02-24 21:03:10.580106
case_776,b,2025-02-24 19:28:10.580137
case_776,a,2025-02-24 19:33:10.580137
case_776,c,2025-02-24 19:38:10.580137
case_776,a,2025-02-24 19:43:10.580137
case_776,c,2025-02-24 19:48:10.580137
case_776,a,2025-02-24 19:53:10.580137
case_776,b,2025-02-24 19:58:10.580137
case_776,b,2025-02-24 20:03:10.580137
case_776,a,2025-02-24 20:08:10.580137
case_776,a,2025-02-24 20:13:10.580137
case_776,a,2025-02-24 20:18:10.580137
case_776,c,2025-02-24 20:23:10.580137
case_776,a,2025-02-24 20:28:10.580137
case_776,a,2025-02-24 20:33:10.580137
case_776,c,2025-02-24 20:38:10.580137
case_776,a,2025-02-24 20:43:10.580137
case_776,c,2025-02-24 20:48:10.580137
case_776,c,2025-02-24 20:53:10.580137
case_776,a,2025-02-24 20:58:10.580137
case_776,a,2025-02-24 21:03:10.580137
case_777,c,2025-02-24 19:28:10.580167
case_777,c,2025-02-24 19:33:10.580167
case_777,c,2025-02-24 19:38:10.580167
case_777,a,2025-02-24 19:43:10.580167
case_777,c,2025-02-24 19:48:10.580167
case_777,b,2025-02-24 19:53:10.580167
case_777,a,2025-02-24 19:58:10.580167
case_777,c,2025-02-24 20:03:10.580167
case_777,c,2025-02-24 20:08:10.580167
case_777,c,2025-02-24 20:13:10.580167
case_777,c,2025-02-24 20:18:10.580167
case_777,a,2025-02-24 20:23:10.580167
case_777,b,2025-02-24 20:28:10.580167
case_777,c,2025-02-24 20:33:10.580167
case_777,a,2025-02-24 20:38:10.580167
case_777,a,2025-02-24 20:43:10.580167
case_777,c,2025-02-24 20:48:10.580167
case_777,b,2025-02-24 20:53:10.580167
case_777,b,2025-02-24 20:58:10.580167
case_777,a,2025-02-24 21:03:10.580167
case_778,a,2025-02-24 19:28:10.580197
case_778,b,2025-02-24 19:33:10.580197
case_778,c,2025-02-24 19:38:10.580197
case_778,b,2025-02-24 19:43:10.580197
case_778,b,2025-02-24 19:48:10.580197
case_778,a,2025-02-24 19:53:10.580197
case_778,c,2025-02-24 19:58:10.580197
case_778,c,2025-02-24 20:03:10.580197
case_778,c,2025-02-24 20:08:10.580197
case_778,a,2025-02-24 20:13:10.580197
case_778,a,2025-02-24 20:18:10.580197
case_778,c,2025-02-24 20:23:10.580197
case_778,a,2025-02-24 20:28:10.580197
case_778,c,2025-02-24 20:33:10.580197
case_778,b,2025-02-24 20:38:10.580197
case_778,c,2025-02-24 20:43:10.580197
case_778,a,2025-02-24 20:48:10.580197
case_778,c,2025-02-24 20:53:10.580197
case_778,c,2025-02-24 20:58:10.580197
case_778,c,2025-02-24 21:03:10.580197
case_779,a,2025-02-24 19:28:10.580228
case_779,a,2025-02-24 19:33:10.580228
case_779,c,2025-02-24 19:38:10.580228
case_779,a,2025-02-24 19:43:10.580228
case_779,a,2025-02-24 19:48:10.580228
case_779,c,2025-02-24 19:53:10.580228
case_779,a,2025-02-24 19:58:10.580228
case_779,c,2025-02-24 20:03:10.580228
case_779,c,2025-02-24 20:08:10.580228
case_779,b,2025-02-24 20:13:10.580228
case_779,b,2025-02-24 20:18:10.580228
case_779,b,2025-02-24 20:23:10.580228
case_779,b,2025-02-24 20:28:10.580228
case_779,b,2025-02-24 20:33:10.580228
case_779,c,2025-02-24 20:38:10.580228
case_779,c,2025-02-24 20:43:10.580228
case_779,b,2025-02-24 20:48:10.580228
case_779,c,2025-02-24 20:53:10.580228
case_779,c,2025-02-24 20:58:10.580228
case_779,a,2025-02-24 21:03:10.580228
case_780,b,2025-02-24 19:28:10.580258
case_780,c,2025-02-24 19:33:10.580258
case_780,b,2025-02-24 19:38:10.580258
case_780,b,2025-02-24 19:43:10.580258
case_780,a,2025-02-24 19:48:10.580258
case_780,c,2025-02-24 19:53:10.580258
case_780,a,2025-02-24 19:58:10.580258
case_780,a,2025-02-24 20:03:10.580258
case_780,a,2025-02-24 20:08:10.580258
case_780,b,2025-02-24 20:13:10.580258
case_780,a,2025-02-24 20:18:10.580258
case_780,c,2025-02-24 20:23:10.580258
case_780,a,2025-02-24 20:28:10.580258
case_780,a,2025-02-24 20:33:10.580258
case_780,c,2025-02-24 20:38:10.580258
case_780,a,2025-02-24 20:43:10.580258
case_780,a,2025-02-24 20:48:10.580258
case_780,a,2025-02-24 20:53:10.580258
case_780,c,2025-02-24 20:58:10.580258
case_780,c,2025-02-24 21:03:10.580258
case_781,b,2025-02-24 19:28:10.580289
case_781,c,2025-02-24 19:33:10.580289
case_781,a,2025-02-24 19:38:10.580289
case_781,b,2025-02-24 19:43:10.580289
case_781,a,2025-02-24 19:48:10.580289
case_781,c,2025-02-24 19:53:10.580289
case_781,c,2025-02-24 19:58:10.580289
case_781,a,2025-02-24 20:03:10.580289
case_781,a,2025-02-24 20:08:10.580289
case_781,b,2025-02-24 20:13:10.580289
case_781,b,2025-02-24 20:18:10.580289
case_781,b,2025-02-24 20:23:10.580289
case_781,a,2025-02-24 20:28:10.580289
case_781,a,2025-02-24 20:33:10.580289
case_781,a,2025-02-24 20:38:10.580289
case_781,a,2025-02-24 20:43:10.580289
case_781,a,2025-02-24 20:48:10.580289
case_781,a,2025-02-24 20:53:10.580289
case_781,a,2025-02-24 20:58:10.580289
case_781,b,2025-02-24 21:03:10.580289
case_782,c,2025-02-24 19:28:10.580318
case_782,b,2025-02-24 19:33:10.580318
case_782,c,2025-02-24 19:38:10.580318
case_782,c,2025-02-24 19:43:10.580318
case_782,b,2025-02-24 19:48:10.580318
case_782,c,2025-02-24 19:53:10.580318
case_782,b,2025-02-24 19:58:10.580318
case_782,a,2025-02-24 20:03:10.580318
case_782,b,2025-02-24 20:08:10.580318
case_782,b,2025-02-24 20:13:10.580318
case_782,c,2025-02-24 20:18:10.580318
case_782,b,2025-02-24 20:23:10.580318
case_782,c,2025-02-24 20:28:10.580318
case_782,a,2025-02-24 20:33:10.580318
case_782,b,2025-02-24 20:38:10.580318
case_782,b,2025-02-24 20:43:10.580318
case_782,a,2025-02-24 20:48:10.580318
case_782,c,2025-02-24 20:53:10.580318
case_782,a,2025-02-24 20:58:10.580318
case_782,a,2025-02-24 21:03:10.580318
case_783,c,2025-02-24 19:28:10.580350
case_783,b,2025-02-24 19:33:10.580350
case_783,a,2025-02-24 19:38:10.580350
case_783,b,2025-02-24 19:43:10.580350
case_783,c,2025-02-24 19:48:10.580350
case_783,c,2025-02-24 19:53:10.580350
case_783,a,2025-02-24 19:58:10.580350
case_783,b,2025-02-24 20:03:10.580350
case_783,a,2025-02-24 20:08:10.580350
case_783,a,2025-02-24 20:13:10.580350
case_783,b,2025-02-24 20:18:10.580350
case_783,a,2025-02-24 20:23:10.580350
case_783,b,2025-02-24 20:28:10.580350
case_783,c,2025-02-24 20:33:10.580350
case_783,a,2025-02-24 20:38:10.580350
case_783,c,2025-02-24 20:43:10.580350
case_783,a,2025-02-24 20:48:10.580350
case_783,b,2025-02-24 20:53:10.580350
case_783,b,2025-02-24 20:58:10.580350
case_783,b,2025-02-24 21:03:10.580350
case_784,b,2025-02-24 19:28:10.580381
case_784,c,2025-02-24 19:33:10.580381
case_784,a,2025-02-24 19:38:10.580381
case_784,b,2025-02-24 19:43:10.580381
case_784,b,2025-02-24 19:48:10.580381
case_784,c,2025-02-24 19:53:10.580381
case_784,c,2025-02-24 19:58:10.580381
case_784,a,2025-02-24 20:03:10.580381
case_784,b,2025-02-24 20:08:10.580381
case_784,c,2025-02-24 20:13:10.580381
case_784,a,2025-02-24 20:18:10.580381
case_784,b,2025-02-24 20:23:10.580381
case_784,c,2025-02-24 20:28:10.580381
case_784,a,2025-02-24 20:33:10.580381
case_784,b,2025-02-24 20:38:10.580381
case_784,b,2025-02-24 20:43:10.580381
case_784,a,2025-02-24 20:48:10.580381
case_784,b,2025-02-24 20:53:10.580381
case_784,a,2025-02-24 20:58:10.580381
case_784,a,2025-02-24 21:03:10.580381
case_785,b,2025-02-24 19:28:10.580412
case_785,c,2025-02-24 19:33:10.580412
case_785,a,2025-02-24 19:38:10.580412
case_785,a,2025-02-24 19:43:10.580412
case_785,b,2025-02-24 19:48:10.580412
case_785,c,2025-02-24 19:53:10.580412
case_785,a,2025-02-24 19:58:10.580412
case_785,b,2025-02-24 20:03:10.580412
case_785,b,2025-02-24 20:08:10.580412
case_785,b,2025-02-24 20:13:10.580412
case_785,a,2025-02-24 20:18:10.580412
case_785,b,2025-02-24 20:23:10.580412
case_785,a,2025-02-24 20:28:10.580412
case_785,c,2025-02-24 20:33:10.580412
case_785,b,2025-02-24 20:38:10.580412
case_785,b,2025-02-24 20:43:10.580412
case_785,c,2025-02-24 20:48:10.580412
case_785,a,2025-02-24 20:53:10.580412
case_785,a,2025-02-24 20:58:10.580412
case_785,a,2025-02-24 21:03:10.580412
case_786,c,2025-02-24 19:28:10.580443
case_786,c,2025-02-24 19:33:10.580443
case_786,a,2025-02-24 19:38:10.580443
case_786,a,2025-02-24 19:43:10.580443
case_786,c,2025-02-24 19:48:10.580443
case_786,c,2025-02-24 19:53:10.580443
case_786,a,2025-02-24 19:58:10.580443
case_786,a,2025-02-24 20:03:10.580443
case_786,b,2025-02-24 20:08:10.580443
case_786,a,2025-02-24 20:13:10.580443
case_786,a,2025-02-24 20:18:10.580443
case_786,c,2025-02-24 20:23:10.580443
case_786,c,2025-02-24 20:28:10.580443
case_786,b,2025-02-24 20:33:10.580443
case_786,a,2025-02-24 20:38:10.580443
case_786,c,2025-02-24 20:43:10.580443
case_786,b,2025-02-24 20:48:10.580443
case_786,c,2025-02-24 20:53:10.580443
case_786,b,2025-02-24 20:58:10.580443
case_786,b,2025-02-24 21:03:10.580443
case_787,c,2025-02-24 19:28:10.580473
case_787,a,2025-02-24 19:33:10.580473
case_787,a,2025-02-24 19:38:10.580473
case_787,c,2025-02-24 19:43:10.580473
case_787,a,2025-02-24 19:48:10.580473
case_787,c,2025-02-24 19:53:10.580473
case_787,c,2025-02-24 19:58:10.580473
case_787,c,2025-02-24 20:03:10.580473
case_787,b,2025-02-24 20:08:10.580473
case_787,c,2025-02-24 20:13:10.580473
case_787,a,2025-02-24 20:18:10.580473
case_787,b,2025-02-24 20:23:10.580473
case_787,b,2025-02-24 20:28:10.580473
case_787,c,2025-02-24 20:33:10.580473
case_787,c,2025-02-24 20:38:10.580473
case_787,c,2025-02-24 20:43:10.580473
case_787,b,2025-02-24 20:48:10.580473
case_787,a,2025-02-24 20:53:10.580473
case_787,c,2025-02-24 20:58:10.580473
case_787,c,2025-02-24 21:03:10.580473
case_788,c,2025-02-24 19:28:10.580502
case_788,c,2025-02-24 19:33:10.580502
case_788,c,2025-02-24 19:38:10.580502
case_788,c,2025-02-24 19:43:10.580502
case_788,b,2025-02-24 19:48:10.580502
case_788,b,2025-02-24 19:53:10.580502
case_788,c,2025-02-24 19:58:10.580502
case_788,b,2025-02-24 20:03:10.580502
case_788,c,2025-02-24 20:08:10.580502
case_788,c,2025-02-24 20:13:10.580502
case_788,b,2025-02-24 20:18:10.580502
case_788,c,2025-02-24 20:23:10.580502
case_788,b,2025-02-24 20:28:10.580502
case_788,b,2025-02-24 20:33:10.580502
case_788,c,2025-02-24 20:38:10.580502
case_788,c,2025-02-24 20:43:10.580502
case_788,a,2025-02-24 20:48:10.580502
case_788,c,2025-02-24 20:53:10.580502
case_788,a,2025-02-24 20:58:10.580502
case_788,a,2025-02-24 21:03:10.580502
case_789,c,2025-02-24 19:28:10.580534
case_789,b,2025-02-24 19:33:10.580534
case_789,c,2025-02-24 19:38:10.580534
case_789,c,2025-02-24 19:43:10.580534
case_789,b,2025-02-24 19:48:10.580534
case_789,c,2025-02-24 19:53:10.580534
case_789,b,2025-02-24 19:58:10.580534
case_789,c,2025-02-24 20:03:10.580534
case_789,a,2025-02-24 20:08:10.580534
case_789,c,2025-02-24 20:13:10.580534
case_789,a,2025-02-24 20:18:10.580534
case_789,a,2025-02-24 20:23:10.580534
case_789,c,2025-02-24 20:28:10.580534
case_789,b,2025-02-24 20:33:10.580534
case_789,c,2025-02-24 20:38:10.580534
case_789,c,2025-02-24 20:43:10.580534
case_789,a,2025-02-24 20:48:10.580534
case_789,a,2025-02-24 20:53:10.580534
case_789,b,2025-02-24 20:58:10.580534
case_789,b,2025-02-24 21:03:10.580534
case_790,b,2025-02-24 19:28:10.580564
case_790,c,2025-02-24 19:33:10.580564
case_790,c,2025-02-24 19:38:10.580564
case_790,b,2025-02-24 19:43:10.580564
case_790,c,2025-02-24 19:48:10.580564
case_790,b,2025-02-24 19:53:10.580564
case_790,b,2025-02-24 19:58:10.580564
case_790,b,2025-02-24 20:03:10.580564
case_790,c,2025-02-24 20:08:10.580564
case_790,c,2025-02-24 20:13:10.580564
case_790,a,2025-02-24 20:18:10.580564
case_790,c,2025-02-24 20:23:10.580564
case_790,b,2025-02-24 20:28:10.580564
case_790,b,2025-02-24 20:33:10.580564
case_790,a,2025-02-24 20:38:10.580564
case_790,b,2025-02-24 20:43:10.580564
case_790,b,2025-02-24 20:48:10.580564
case_790,c,2025-02-24 20:53:10.580564
case_790,a,2025-02-24 20:58:10.580564
case_790,a,2025-02-24 21:03:10.580564
case_791,c,2025-02-24 19:28:10.580595
case_791,c,2025-02-24 19:33:10.580595
case_791,c,2025-02-24 19:38:10.580595
case_791,c,2025-02-24 19:43:10.580595
case_791,c,2025-02-24 19:48:10.580595
case_791,b,2025-02-24 19:53:10.580595
case_791,a,2025-02-24 19:58:10.580595
case_791,c,2025-02-24 20:03:10.580595
case_791,a,2025-02-24 20:08:10.580595
case_791,c,2025-02-24 20:13:10.580595
case_791,c,2025-02-24 20:18:10.580595
case_791,c,2025-02-24 20:23:10.580595
case_791,a,2025-02-24 20:28:10.580595
case_791,b,2025-02-24 20:33:10.580595
case_791,a,2025-02-24 20:38:10.580595
case_791,b,2025-02-24 20:43:10.580595
case_791,b,2025-02-24 20:48:10.580595
case_791,c,2025-02-24 20:53:10.580595
case_791,a,2025-02-24 20:58:10.580595
case_791,a,2025-02-24 21:03:10.580595
case_792,c,2025-02-24 19:28:10.580626
case_792,c,2025-02-24 19:33:10.580626
case_792,c,2025-02-24 19:38:10.580626
case_792,a,2025-02-24 19:43:10.580626
case_792,c,2025-02-24 19:48:10.580626
case_792,b,2025-02-24 19:53:10.580626
case_792,c,2025-02-24 19:58:10.580626
case_792,a,2025-02-24 20:03:10.580626
case_792,c,2025-02-24 20:08:10.580626
case_792,a,2025-02-24 20:13:10.580626
case_792,a,2025-02-24 20:18:10.580626
case_792,b,2025-02-24 20:23:10.580626
case_792,a,2025-02-24 20:28:10.580626
case_792,c,2025-02-24 20:33:10.580626
case_792,a,2025-02-24 20:38:10.580626
case_792,b,2025-02-24 20:43:10.580626
case_792,a,2025-02-24 20:48:10.580626
case_792,c,2025-02-24 20:53:10.580626
case_792,b,2025-02-24 20:58:10.580626
case_792,b,2025-02-24 21:03:10.580626
case_793,c,2025-02-24 19:28:10.580656
case_793,a,2025-02-24 19:33:10.580656
case_793,c,2025-02-24 19:38:10.580656
case_793,c,2025-02-24 19:43:10.580656
case_793,a,2025-02-24 19:48:10.580656
case_793,b,2025-02-24 19:53:10.580656
case_793,b,2025-02-24 19:58:10.580656
case_793,c,2025-02-24 20:03:10.580656
case_793,b,2025-02-24 20:08:10.580656
case_793,b,2025-02-24 20:13:10.580656
case_793,c,2025-02-24 20:18:10.580656
case_793,c,2025-02-24 20:23:10.580656
case_793,c,2025-02-24 20:28:10.580656
case_793,b,2025-02-24 20:33:10.580656
case_793,a,2025-02-24 20:38:10.580656
case_793,b,2025-02-24 20:43:10.580656
case_793,c,2025-02-24 20:48:10.580656
case_793,b,2025-02-24 20:53:10.580656
case_793,a,2025-02-24 20:58:10.580656
case_793,a,2025-02-24 21:03:10.580656
case_794,a,2025-02-24 19:28:10.580687
case_794,b,2025-02-24 19:33:10.580687
case_794,c,2025-02-24 19:38:10.580687
case_794,c,2025-02-24 19:43:10.580687
case_794,c,2025-02-24 19:48:10.580687
case_794,c,2025-02-24 19:53:10.580687
case_794,b,2025-02-24 19:58:10.580687
case_794,a,2025-02-24 20:03:10.580687
case_794,a,2025-02-24 20:08:10.580687
case_794,c,2025-02-24 20:13:10.580687
case_794,c,2025-02-24 20:18:10.580687
case_794,c,2025-02-24 20:23:10.580687
case_794,c,2025-02-24 20:28:10.580687
case_794,a,2025-02-24 20:33:10.580687
case_794,b,2025-02-24 20:38:10.580687
case_794,a,2025-02-24 20:43:10.580687
case_794,b,2025-02-24 20:48:10.580687
case_794,a,2025-02-24 20:53:10.580687
case_794,b,2025-02-24 20:58:10.580687
case_794,b,2025-02-24 21:03:10.580687
case_795,a,2025-02-24 19:28:10.580717
case_795,b,2025-02-24 19:33:10.580717
case_795,c,2025-02-24 19:38:10.580717
case_795,c,2025-02-24 19:43:10.580717
case_795,b,2025-02-24 19:48:10.580717
case_795,b,2025-02-24 19:53:10.580717
case_795,a,2025-02-24 19:58:10.580717
case_795,a,2025-02-24 20:03:10.580717
case_795,a,2025-02-24 20:08:10.580717
case_795,c,2025-02-24 20:13:10.580717
case_795,c,2025-02-24 20:18:10.580717
case_795,b,2025-02-24 20:23:10.580717
case_795,b,2025-02-24 20:28:10.580717
case_795,a,2025-02-24 20:33:10.580717
case_795,b,2025-02-24 20:38:10.580717
case_795,b,2025-02-24 20:43:10.580717
case_795,b,2025-02-24 20:48:10.580717
case_795,b,2025-02-24 20:53:10.580717
case_795,b,2025-02-24 20:58:10.580717
case_795,c,2025-02-24 21:03:10.580717
case_796,a,2025-02-24 19:28:10.580746
case_796,c,2025-02-24 19:33:10.580746
case_796,c,2025-02-24 19:38:10.580746
case_796,a,2025-02-24 19:43:10.580746
case_796,c,2025-02-24 19:48:10.580746
case_796,b,2025-02-24 19:53:10.580746
case_796,a,2025-02-24 19:58:10.580746
case_796,b,2025-02-24 20:03:10.580746
case_796,a,2025-02-24 20:08:10.580746
case_796,c,2025-02-24 20:13:10.580746
case_796,a,2025-02-24 20:18:10.580746
case_796,a,2025-02-24 20:23:10.580746
case_796,b,2025-02-24 20:28:10.580746
case_796,a,2025-02-24 20:33:10.580746
case_796,a,2025-02-24 20:38:10.580746
case_796,c,2025-02-24 20:43:10.580746
case_796,c,2025-02-24 20:48:10.580746
case_796,b,2025-02-24 20:53:10.580746
case_796,b,2025-02-24 20:58:10.580746
case_796,a,2025-02-24 21:03:10.580746
case_797,a,2025-02-24 19:28:10.580779
case_797,b,2025-02-24 19:33:10.580779
case_797,a,2025-02-24 19:38:10.580779
case_797,c,2025-02-24 19:43:10.580779
case_797,c,2025-02-24 19:48:10.580779
case_797,a,2025-02-24 19:53:10.580779
case_797,c,2025-02-24 19:58:10.580779
case_797,a,2025-02-24 20:03:10.580779
case_797,b,2025-02-24 20:08:10.580779
case_797,b,2025-02-24 20:13:10.580779
case_797,a,2025-02-24 20:18:10.580779
case_797,c,2025-02-24 20:23:10.580779
case_797,c,2025-02-24 20:28:10.580779
case_797,a,2025-02-24 20:33:10.580779
case_797,b,2025-02-24 20:38:10.580779
case_797,b,2025-02-24 20:43:10.580779
case_797,b,2025-02-24 20:48:10.580779
case_797,c,2025-02-24 20:53:10.580779
case_797,a,2025-02-24 20:58:10.580779
case_797,a,2025-02-24 21:03:10.580779
case_798,c,2025-02-24 19:28:10.580809
case_798,c,2025-02-24 19:33:10.580809
case_798,a,2025-02-24 19:38:10.580809
case_798,c,2025-02-24 19:43:10.580809
case_798,b,2025-02-24 19:48:10.580809
case_798,b,2025-02-24 19:53:10.580809
case_798,b,2025-02-24 19:58:10.580809
case_798,c,2025-02-24 20:03:10.580809
case_798,c,2025-02-24 20:08:10.580809
case_798,b,2025-02-24 20:13:10.580809
case_798,a,2025-02-24 20:18:10.580809
case_798,b,2025-02-24 20:23:10.580809
case_798,b,2025-02-24 20:28:10.580809
case_798,c,2025-02-24 20:33:10.580809
case_798,c,2025-02-24 20:38:10.580809
case_798,a,2025-02-24 20:43:10.580809
case_798,b,2025-02-24 20:48:10.580809
case_798,a,2025-02-24 20:53:10.580809
case_798,a,2025-02-24 20:58:10.580809
case_798,b,2025-02-24 21:03:10.580809
case_799,a,2025-02-24 19:28:10.580839
case_799,c,2025-02-24 19:33:10.580839
case_799,c,2025-02-24 19:38:10.580839
case_799,c,2025-02-24 19:43:10.580839
case_799,a,2025-02-24 19:48:10.580839
case_799,b,2025-02-24 19:53:10.580839
case_799,c,2025-02-24 19:58:10.580839
case_799,a,2025-02-24 20:03:10.580839
case_799,a,2025-02-24 20:08:10.580839
case_799,a,2025-02-24 20:13:10.580839
case_799,c,2025-02-24 20:18:10.580839
case_799,b,2025-02-24 20:23:10.580839
case_799,b,2025-02-24 20:28:10.580839
case_799,a,2025-02-24 20:33:10.580839
case_799,a,2025-02-24 20:38:10.580839
case_799,c,2025-02-24 20:43:10.580839
case_799,c,2025-02-24 20:48:10.580839
case_799,b,2025-02-24 20:53:10.580839
case_799,b,2025-02-24 20:58:10.580839
case_799,c,2025-02-24 21:03:10.580839
case_800,c,2025-02-24 19:28:10.580870
case_800,c,2025-02-24 19:33:10.580870
case_800,c,2025-02-24 19:38:10.580870
case_800,a,2025-02-24 19:43:10.580870
case_800,c,2025-02-24 19:48:10.580870
case_800,a,2025-02-24 19:53:10.580870
case_800,c,2025-02-24 19:58:10.580870
case_800,b,2025-02-24 20:03:10.580870
case_800,c,2025-02-24 20:08:10.580870
case_800,c,2025-02-24 20:13:10.580870
case_800,c,2025-02-24 20:18:10.580870
case_800,c,2025-02-24 20:23:10.580870
case_800,c,2025-02-24 20:28:10.580870
case_800,c,2025-02-24 20:33:10.580870
case_800,b,2025-02-24 20:38:10.580870
case_800,b,2025-02-24 20:43:10.580870
case_800,c,2025-02-24 20:48:10.580870
case_800,b,2025-02-24 20:53:10.580870
case_800,a,2025-02-24 20:58:10.580870
case_800,a,2025-02-24 21:03:10.580870
case_801,b,2025-02-24 19:28:10.580900
case_801,a,2025-02-24 19:33:10.580900
case_801,c,2025-02-24 19:38:10.580900
case_801,c,2025-02-24 19:43:10.580900
case_801,a,2025-02-24 19:48:10.580900
case_801,b,2025-02-24 19:53:10.580900
case_801,c,2025-02-24 19:58:10.580900
case_801,a,2025-02-24 20:03:10.580900
case_801,b,2025-02-24 20:08:10.580900
case_801,b,2025-02-24 20:13:10.580900
case_801,c,2025-02-24 20:18:10.580900
case_801,a,2025-02-24 20:23:10.580900
case_801,a,2025-02-24 20:28:10.580900
case_801,c,2025-02-24 20:33:10.580900
case_801,c,2025-02-24 20:38:10.580900
case_801,b,2025-02-24 20:43:10.580900
case_801,b,2025-02-24 20:48:10.580900
case_801,a,2025-02-24 20:53:10.580900
case_801,b,2025-02-24 20:58:10.580900
case_801,a,2025-02-24 21:03:10.580900
case_802,a,2025-02-24 19:28:10.580931
case_802,c,2025-02-24 19:33:10.580931
case_802,b,2025-02-24 19:38:10.580931
case_802,a,2025-02-24 19:43:10.580931
case_802,b,2025-02-24 19:48:10.580931
case_802,c,2025-02-24 19:53:10.580931
case_802,b,2025-02-24 19:58:10.580931
case_802,a,2025-02-24 20:03:10.580931
case_802,a,2025-02-24 20:08:10.580931
case_802,b,2025-02-24 20:13:10.580931
case_802,c,2025-02-24 20:18:10.580931
case_802,b,2025-02-24 20:23:10.580931
case_802,b,2025-02-24 20:28:10.580931
case_802,a,2025-02-24 20:33:10.580931
case_802,c,2025-02-24 20:38:10.580931
case_802,c,2025-02-24 20:43:10.580931
case_802,b,2025-02-24 20:48:10.580931
case_802,b,2025-02-24 20:53:10.580931
case_802,c,2025-02-24 20:58:10.580931
case_802,c,2025-02-24 21:03:10.580931
case_803,b,2025-02-24 19:28:10.580961
case_803,b,2025-02-24 19:33:10.580961
case_803,c,2025-02-24 19:38:10.580961
case_803,a,2025-02-24 19:43:10.580961
case_803,a,2025-02-24 19:48:10.580961
case_803,b,2025-02-24 19:53:10.580961
case_803,a,2025-02-24 19:58:10.580961
case_803,c,2025-02-24 20:03:10.580961
case_803,a,2025-02-24 20:08:10.580961
case_803,a,2025-02-24 20:13:10.580961
case_803,c,2025-02-24 20:18:10.580961
case_803,b,2025-02-24 20:23:10.580961
case_803,a,2025-02-24 20:28:10.580961
case_803,b,2025-02-24 20:33:10.580961
case_803,c,2025-02-24 20:38:10.580961
case_803,c,2025-02-24 20:43:10.580961
case_803,a,2025-02-24 20:48:10.580961
case_803,c,2025-02-24 20:53:10.580961
case_803,a,2025-02-24 20:58:10.580961
case_803,c,2025-02-24 21:03:10.580961
case_804,c,2025-02-24 19:28:10.580991
case_804,c,2025-02-24 19:33:10.580991
case_804,c,2025-02-24 19:38:10.580991
case_804,b,2025-02-24 19:43:10.580991
case_804,a,2025-02-24 19:48:10.580991
case_804,c,2025-02-24 19:53:10.580991
case_804,a,2025-02-24 19:58:10.580991
case_804,a,2025-02-24 20:03:10.580991
case_804,b,2025-02-24 20:08:10.580991
case_804,a,2025-02-24 20:13:10.580991
case_804,c,2025-02-24 20:18:10.580991
case_804,a,2025-02-24 20:23:10.580991
case_804,a,2025-02-24 20:28:10.580991
case_804,b,2025-02-24 20:33:10.580991
case_804,b,2025-02-24 20:38:10.580991
case_804,a,2025-02-24 20:43:10.580991
case_804,a,2025-02-24 20:48:10.580991
case_804,c,2025-02-24 20:53:10.580991
case_804,b,2025-02-24 20:58:10.580991
case_804,b,2025-02-24 21:03:10.580991
case_805,b,2025-02-24 19:28:10.581022
case_805,b,2025-02-24 19:33:10.581022
case_805,b,2025-02-24 19:38:10.581022
case_805,c,2025-02-24 19:43:10.581022
case_805,a,2025-02-24 19:48:10.581022
case_805,b,2025-02-24 19:53:10.581022
case_805,a,2025-02-24 19:58:10.581022
case_805,a,2025-02-24 20:03:10.581022
case_805,c,2025-02-24 20:08:10.581022
case_805,c,2025-02-24 20:13:10.581022
case_805,a,2025-02-24 20:18:10.581022
case_805,a,2025-02-24 20:23:10.581022
case_805,b,2025-02-24 20:28:10.581022
case_805,b,2025-02-24 20:33:10.581022
case_805,b,2025-02-24 20:38:10.581022
case_805,a,2025-02-24 20:43:10.581022
case_805,a,2025-02-24 20:48:10.581022
case_805,c,2025-02-24 20:53:10.581022
case_805,a,2025-02-24 20:58:10.581022
case_805,a,2025-02-24 21:03:10.581022
case_806,a,2025-02-24 19:28:10.581052
case_806,c,2025-02-24 19:33:10.581052
case_806,b,2025-02-24 19:38:10.581052
case_806,c,2025-02-24 19:43:10.581052
case_806,a,2025-02-24 19:48:10.581052
case_806,b,2025-02-24 19:53:10.581052
case_806,c,2025-02-24 19:58:10.581052
case_806,a,2025-02-24 20:03:10.581052
case_806,b,2025-02-24 20:08:10.581052
case_806,a,2025-02-24 20:13:10.581052
case_806,c,2025-02-24 20:18:10.581052
case_806,b,2025-02-24 20:23:10.581052
case_806,b,2025-02-24 20:28:10.581052
case_806,b,2025-02-24 20:33:10.581052
case_806,c,2025-02-24 20:38:10.581052
case_806,b,2025-02-24 20:43:10.581052
case_806,c,2025-02-24 20:48:10.581052
case_806,b,2025-02-24 20:53:10.581052
case_806,a,2025-02-24 20:58:10.581052
case_806,a,2025-02-24 21:03:10.581052
case_807,b,2025-02-24 19:28:10.581083
case_807,a,2025-02-24 19:33:10.581083
case_807,b,2025-02-24 19:38:10.581083
case_807,b,2025-02-24 19:43:10.581083
case_807,b,2025-02-24 19:48:10.581083
case_807,c,2025-02-24 19:53:10.581083
case_807,b,2025-02-24 19:58:10.581083
case_807,c,2025-02-24 20:03:10.581083
case_807,a,2025-02-24 20:08:10.581083
case_807,b,2025-02-24 20:13:10.581083
case_807,b,2025-02-24 20:18:10.581083
case_807,b,2025-02-24 20:23:10.581083
case_807,c,2025-02-24 20:28:10.581083
case_807,b,2025-02-24 20:33:10.581083
case_807,c,2025-02-24 20:38:10.581083
case_807,b,2025-02-24 20:43:10.581083
case_807,b,2025-02-24 20:48:10.581083
case_807,b,2025-02-24 20:53:10.581083
case_807,a,2025-02-24 20:58:10.581083
case_807,a,2025-02-24 21:03:10.581083
case_808,a,2025-02-24 19:28:10.581113
case_808,a,2025-02-24 19:33:10.581113
case_808,b,2025-02-24 19:38:10.581113
case_808,a,2025-02-24 19:43:10.581113
case_808,c,2025-02-24 19:48:10.581113
case_808,a,2025-02-24 19:53:10.581113
case_808,c,2025-02-24 19:58:10.581113
case_808,a,2025-02-24 20:03:10.581113
case_808,c,2025-02-24 20:08:10.581113
case_808,c,2025-02-24 20:13:10.581113
case_808,c,2025-02-24 20:18:10.581113
case_808,a,2025-02-24 20:23:10.581113
case_808,a,2025-02-24 20:28:10.581113
case_808,c,2025-02-24 20:33:10.581113
case_808,b,2025-02-24 20:38:10.581113
case_808,a,2025-02-24 20:43:10.581113
case_808,b,2025-02-24 20:48:10.581113
case_808,c,2025-02-24 20:53:10.581113
case_808,b,2025-02-24 20:58:10.581113
case_808,b,2025-02-24 21:03:10.581113
case_809,b,2025-02-24 19:28:10.581145
case_809,b,2025-02-24 19:33:10.581145
case_809,a,2025-02-24 19:38:10.581145
case_809,b,2025-02-24 19:43:10.581145
case_809,c,2025-02-24 19:48:10.581145
case_809,b,2025-02-24 19:53:10.581145
case_809,c,2025-02-24 19:58:10.581145
case_809,a,2025-02-24 20:03:10.581145
case_809,c,2025-02-24 20:08:10.581145
case_809,b,2025-02-24 20:13:10.581145
case_809,b,2025-02-24 20:18:10.581145
case_809,b,2025-02-24 20:23:10.581145
case_809,b,2025-02-24 20:28:10.581145
case_809,b,2025-02-24 20:33:10.581145
case_809,b,2025-02-24 20:38:10.581145
case_809,c,2025-02-24 20:43:10.581145
case_809,c,2025-02-24 20:48:10.581145
case_809,a,2025-02-24 20:53:10.581145
case_809,a,2025-02-24 20:58:10.581145
case_809,b,2025-02-24 21:03:10.581145
case_810,b,2025-02-24 19:28:10.581174
case_810,a,2025-02-24 19:33:10.581174
case_810,b,2025-02-24 19:38:10.581174
case_810,a,2025-02-24 19:43:10.581174
case_810,c,2025-02-24 19:48:10.581174
case_810,b,2025-02-24 19:53:10.581174
case_810,b,2025-02-24 19:58:10.581174
case_810,c,2025-02-24 20:03:10.581174
case_810,c,2025-02-24 20:08:10.581174
case_810,c,2025-02-24 20:13:10.581174
case_810,a,2025-02-24 20:18:10.581174
case_810,a,2025-02-24 20:23:10.581174
case_810,c,2025-02-24 20:28:10.581174
case_810,b,2025-02-24 20:33:10.581174
case_810,c,2025-02-24 20:38:10.581174
case_810,b,2025-02-24 20:43:10.581174
case_810,b,2025-02-24 20:48:10.581174
case_810,c,2025-02-24 20:53:10.581174
case_810,c,2025-02-24 20:58:10.581174
case_810,a,2025-02-24 21:03:10.581174
case_811,b,2025-02-24 19:28:10.581204
case_811,a,2025-02-24 19:33:10.581204
case_811,c,2025-02-24 19:38:10.581204
case_811,b,2025-02-24 19:43:10.581204
case_811,c,2025-02-24 19:48:10.581204
case_811,b,2025-02-24 19:53:10.581204
case_811,a,2025-02-24 19:58:10.581204
case_811,c,2025-02-24 20:03:10.581204
case_811,a,2025-02-24 20:08:10.581204
case_811,a,2025-02-24 20:13:10.581204
case_811,c,2025-02-24 20:18:10.581204
case_811,b,2025-02-24 20:23:10.581204
case_811,b,2025-02-24 20:28:10.581204
case_811,c,2025-02-24 20:33:10.581204
case_811,c,2025-02-24 20:38:10.581204
case_811,a,2025-02-24 20:43:10.581204
case_811,b,2025-02-24 20:48:10.581204
case_811,c,2025-02-24 20:53:10.581204
case_811,b,2025-02-24 20:58:10.581204
case_811,c,2025-02-24 21:03:10.581204
case_812,c,2025-02-24 19:28:10.581235
case_812,a,2025-02-24 19:33:10.581235
case_812,b,2025-02-24 19:38:10.581235
case_812,c,2025-02-24 19:43:10.581235
case_812,c,2025-02-24 19:48:10.581235
case_812,b,2025-02-24 19:53:10.581235
case_812,c,2025-02-24 19:58:10.581235
case_812,a,2025-02-24 20:03:10.581235
case_812,b,2025-02-24 20:08:10.581235
case_812,a,2025-02-24 20:13:10.581235
case_812,a,2025-02-24 20:18:10.581235
case_812,b,2025-02-24 20:23:10.581235
case_812,c,2025-02-24 20:28:10.581235
case_812,c,2025-02-24 20:33:10.581235
case_812,a,2025-02-24 20:38:10.581235
case_812,a,2025-02-24 20:43:10.581235
case_812,a,2025-02-24 20:48:10.581235
case_812,c,2025-02-24 20:53:10.581235
case_812,b,2025-02-24 20:58:10.581235
case_812,b,2025-02-24 21:03:10.581235
case_813,b,2025-02-24 19:28:10.581265
case_813,a,2025-02-24 19:33:10.581265
case_813,c,2025-02-24 19:38:10.581265
case_813,b,2025-02-24 19:43:10.581265
case_813,c,2025-02-24 19:48:10.581265
case_813,c,2025-02-24 19:53:10.581265
case_813,c,2025-02-24 19:58:10.581265
case_813,a,2025-02-24 20:03:10.581265
case_813,a,2025-02-24 20:08:10.581265
case_813,c,2025-02-24 20:13:10.581265
case_813,c,2025-02-24 20:18:10.581265
case_813,c,2025-02-24 20:23:10.581265
case_813,a,2025-02-24 20:28:10.581265
case_813,a,2025-02-24 20:33:10.581265
case_813,a,2025-02-24 20:38:10.581265
case_813,c,2025-02-24 20:43:10.581265
case_813,b,2025-02-24 20:48:10.581265
case_813,a,2025-02-24 20:53:10.581265
case_813,b,2025-02-24 20:58:10.581265
case_813,a,2025-02-24 21:03:10.581265
case_814,b,2025-02-24 19:28:10.581296
case_814,c,2025-02-24 19:33:10.581296
case_814,b,2025-02-24 19:38:10.581296
case_814,a,2025-02-24 19:43:10.581296
case_814,a,2025-02-24 19:48:10.581296
case_814,a,2025-02-24 19:53:10.581296
case_814,a,2025-02-24 19:58:10.581296
case_814,b,2025-02-24 20:03:10.581296
case_814,c,2025-02-24 20:08:10.581296
case_814,b,2025-02-24 20:13:10.581296
case_814,b,2025-02-24 20:18:10.581296
case_814,a,2025-02-24 20:23:10.581296
case_814,b,2025-02-24 20:28:10.581296
case_814,c,2025-02-24 20:33:10.581296
case_814,a,2025-02-24 20:38:10.581296
case_814,a,2025-02-24 20:43:10.581296
case_814,a,2025-02-24 20:48:10.581296
case_814,b,2025-02-24 20:53:10.581296
case_814,c,2025-02-24 20:58:10.581296
case_814,c,2025-02-24 21:03:10.581296
case_815,c,2025-02-24 19:28:10.581327
case_815,b,2025-02-24 19:33:10.581327
case_815,c,2025-02-24 19:38:10.581327
case_815,b,2025-02-24 19:43:10.581327
case_815,b,2025-02-24 19:48:10.581327
case_815,b,2025-02-24 19:53:10.581327
case_815,a,2025-02-24 19:58:10.581327
case_815,b,2025-02-24 20:03:10.581327
case_815,b,2025-02-24 20:08:10.581327
case_815,c,2025-02-24 20:13:10.581327
case_815,c,2025-02-24 20:18:10.581327
case_815,c,2025-02-24 20:23:10.581327
case_815,b,2025-02-24 20:28:10.581327
case_815,a,2025-02-24 20:33:10.581327
case_815,a,2025-02-24 20:38:10.581327
case_815,b,2025-02-24 20:43:10.581327
case_815,a,2025-02-24 20:48:10.581327
case_815,c,2025-02-24 20:53:10.581327
case_815,c,2025-02-24 20:58:10.581327
case_815,a,2025-02-24 21:03:10.581327
case_816,c,2025-02-24 19:28:10.581357
case_816,b,2025-02-24 19:33:10.581357
case_816,c,2025-02-24 19:38:10.581357
case_816,a,2025-02-24 19:43:10.581357
case_816,c,2025-02-24 19:48:10.581357
case_816,a,2025-02-24 19:53:10.581357
case_816,b,2025-02-24 19:58:10.581357
case_816,b,2025-02-24 20:03:10.581357
case_816,a,2025-02-24 20:08:10.581357
case_816,b,2025-02-24 20:13:10.581357
case_816,c,2025-02-24 20:18:10.581357
case_816,c,2025-02-24 20:23:10.581357
case_816,c,2025-02-24 20:28:10.581357
case_816,c,2025-02-24 20:33:10.581357
case_816,c,2025-02-24 20:38:10.581357
case_816,b,2025-02-24 20:43:10.581357
case_816,b,2025-02-24 20:48:10.581357
case_816,b,2025-02-24 20:53:10.581357
case_816,a,2025-02-24 20:58:10.581357
case_816,a,2025-02-24 21:03:10.581357
case_817,a,2025-02-24 19:28:10.581389
case_817,a,2025-02-24 19:33:10.581389
case_817,c,2025-02-24 19:38:10.581389
case_817,b,2025-02-24 19:43:10.581389
case_817,a,2025-02-24 19:48:10.581389
case_817,b,2025-02-24 19:53:10.581389
case_817,c,2025-02-24 19:58:10.581389
case_817,b,2025-02-24 20:03:10.581389
case_817,a,2025-02-24 20:08:10.581389
case_817,c,2025-02-24 20:13:10.581389
case_817,a,2025-02-24 20:18:10.581389
case_817,b,2025-02-24 20:23:10.581389
case_817,b,2025-02-24 20:28:10.581389
case_817,c,2025-02-24 20:33:10.581389
case_817,a,2025-02-24 20:38:10.581389
case_817,a,2025-02-24 20:43:10.581389
case_817,c,2025-02-24 20:48:10.581389
case_817,c,2025-02-24 20:53:10.581389
case_817,b,2025-02-24 20:58:10.581389
case_817,a,2025-02-24 21:03:10.581389
case_818,a,2025-02-24 19:28:10.581419
case_818,a,2025-02-24 19:33:10.581419
case_818,c,2025-02-24 19:38:10.581419
case_818,c,2025-02-24 19:43:10.581419
case_818,b,2025-02-24 19:48:10.581419
case_818,b,2025-02-24 19:53:10.581419
case_818,c,2025-02-24 19:58:10.581419
case_818,c,2025-02-24 20:03:10.581419
case_818,c,2025-02-24 20:08:10.581419
case_818,c,2025-02-24 20:13:10.581419
case_818,c,2025-02-24 20:18:10.581419
case_818,a,2025-02-24 20:23:10.581419
case_818,c,2025-02-24 20:28:10.581419
case_818,c,2025-02-24 20:33:10.581419
case_818,c,2025-02-24 20:38:10.581419
case_818,c,2025-02-24 20:43:10.581419
case_818,b,2025-02-24 20:48:10.581419
case_818,a,2025-02-24 20:53:10.581419
case_818,b,2025-02-24 20:58:10.581419
case_818,a,2025-02-24 21:03:10.581419
case_819,c,2025-02-24 19:28:10.581448
case_819,c,2025-02-24 19:33:10.581448
case_819,a,2025-02-24 19:38:10.581448
case_819,b,2025-02-24 19:43:10.581448
case_819,c,2025-02-24 19:48:10.581448
case_819,c,2025-02-24 19:53:10.581448
case_819,c,2025-02-24 19:58:10.581448
case_819,b,2025-02-24 20:03:10.581448
case_819,a,2025-02-24 20:08:10.581448
case_819,c,2025-02-24 20:13:10.581448
case_819,c,2025-02-24 20:18:10.581448
case_819,c,2025-02-24 20:23:10.581448
case_819,b,2025-02-24 20:28:10.581448
case_819,b,2025-02-24 20:33:10.581448
case_819,c,2025-02-24 20:38:10.581448
case_819,c,2025-02-24 20:43:10.581448
case_819,b,2025-02-24 20:48:10.581448
case_819,c,2025-02-24 20:53:10.581448
case_819,a,2025-02-24 20:58:10.581448
case_819,a,2025-02-24 21:03:10.581448
case_820,b,2025-02-24 19:28:10.581479
case_820,b,2025-02-24 19:33:10.581479
case_820,b,2025-02-24 19:38:10.581479
case_820,b,2025-02-24 19:43:10.581479
case_820,c,2025-02-24 19:48:10.581479
case_820,b,2025-02-24 19:53:10.581479
case_820,a,2025-02-24 19:58:10.581479
case_820,c,2025-02-24 20:03:10.581479
case_820,b,2025-02-24 20:08:10.581479
case_820,c,2025-02-24 20:13:10.581479
case_820,c,2025-02-24 20:18:10.581479
case_820,a,2025-02-24 20:23:10.581479
case_820,c,2025-02-24 20:28:10.581479
case_820,a,2025-02-24 20:33:10.581479
case_820,c,2025-02-24 20:38:10.581479
case_820,b,2025-02-24 20:43:10.581479
case_820,b,2025-02-24 20:48:10.581479
case_820,b,2025-02-24 20:53:10.581479
case_820,a,2025-02-24 20:58:10.581479
case_820,a,2025-02-24 21:03:10.581479
case_821,c,2025-02-24 19:28:10.581509
case_821,b,2025-02-24 19:33:10.581509
case_821,b,2025-02-24 19:38:10.581509
case_821,b,2025-02-24 19:43:10.581509
case_821,a,2025-02-24 19:48:10.581509
case_821,b,2025-02-24 19:53:10.581509
case_821,a,2025-02-24 19:58:10.581509
case_821,b,2025-02-24 20:03:10.581509
case_821,c,2025-02-24 20:08:10.581509
case_821,b,2025-02-24 20:13:10.581509
case_821,a,2025-02-24 20:18:10.581509
case_821,c,2025-02-24 20:23:10.581509
case_821,b,2025-02-24 20:28:10.581509
case_821,a,2025-02-24 20:33:10.581509
case_821,a,2025-02-24 20:38:10.581509
case_821,b,2025-02-24 20:43:10.581509
case_821,a,2025-02-24 20:48:10.581509
case_821,a,2025-02-24 20:53:10.581509
case_821,c,2025-02-24 20:58:10.581509
case_821,c,2025-02-24 21:03:10.581509
case_822,b,2025-02-24 19:28:10.581540
case_822,a,2025-02-24 19:33:10.581540
case_822,a,2025-02-24 19:38:10.581540
case_822,c,2025-02-24 19:43:10.581540
case_822,a,2025-02-24 19:48:10.581540
case_822,b,2025-02-24 19:53:10.581540
case_822,c,2025-02-24 19:58:10.581540
case_822,c,2025-02-24 20:03:10.581540
case_822,c,2025-02-24 20:08:10.581540
case_822,b,2025-02-24 20:13:10.581540
case_822,c,2025-02-24 20:18:10.581540
case_822,b,2025-02-24 20:23:10.581540
case_822,b,2025-02-24 20:28:10.581540
case_822,a,2025-02-24 20:33:10.581540
case_822,c,2025-02-24 20:38:10.581540
case_822,a,2025-02-24 20:43:10.581540
case_822,b,2025-02-24 20:48:10.581540
case_822,c,2025-02-24 20:53:10.581540
case_822,a,2025-02-24 20:58:10.581540
case_822,c,2025-02-24 21:03:10.581540
case_823,c,2025-02-24 19:28:10.581570
case_823,b,2025-02-24 19:33:10.581570
case_823,c,2025-02-24 19:38:10.581570
case_823,a,2025-02-24 19:43:10.581570
case_823,a,2025-02-24 19:48:10.581570
case_823,a,2025-02-24 19:53:10.581570
case_823,c,2025-02-24 19:58:10.581570
case_823,a,2025-02-24 20:03:10.581570
case_823,a,2025-02-24 20:08:10.581570
case_823,b,2025-02-24 20:13:10.581570
case_823,c,2025-02-24 20:18:10.581570
case_823,b,2025-02-24 20:23:10.581570
case_823,c,2025-02-24 20:28:10.581570
case_823,c,2025-02-24 20:33:10.581570
case_823,b,2025-02-24 20:38:10.581570
case_823,c,2025-02-24 20:43:10.581570
case_823,c,2025-02-24 20:48:10.581570
case_823,c,2025-02-24 20:53:10.581570
case_823,b,2025-02-24 20:58:10.581570
case_823,b,2025-02-24 21:03:10.581570
case_824,b,2025-02-24 19:28:10.581600
case_824,b,2025-02-24 19:33:10.581600
case_824,b,2025-02-24 19:38:10.581600
case_824,c,2025-02-24 19:43:10.581600
case_824,b,2025-02-24 19:48:10.581600
case_824,a,2025-02-24 19:53:10.581600
case_824,a,2025-02-24 19:58:10.581600
case_824,b,2025-02-24 20:03:10.581600
case_824,b,2025-02-24 20:08:10.581600
case_824,a,2025-02-24 20:13:10.581600
case_824,c,2025-02-24 20:18:10.581600
case_824,b,2025-02-24 20:23:10.581600
case_824,b,2025-02-24 20:28:10.581600
case_824,b,2025-02-24 20:33:10.581600
case_824,c,2025-02-24 20:38:10.581600
case_824,c,2025-02-24 20:43:10.581600
case_824,c,2025-02-24 20:48:10.581600
case_824,c,2025-02-24 20:53:10.581600
case_824,c,2025-02-24 20:58:10.581600
case_824,c,2025-02-24 21:03:10.581600
case_825,a,2025-02-24 19:28:10.581631
case_825,a,2025-02-24 19:33:10.581631
case_825,a,2025-02-24 19:38:10.581631
case_825,a,2025-02-24 19:43:10.581631
case_825,c,2025-02-24 19:48:10.581631
case_825,b,2025-02-24 19:53:10.581631
case_825,a,2025-02-24 19:58:10.581631
case_825,b,2025-02-24 20:03:10.581631
case_825,b,2025-02-24 20:08:10.581631
case_825,a,2025-02-24 20:13:10.581631
case_825,a,2025-02-24 20:18:10.581631
case_825,a,2025-02-24 20:23:10.581631
case_825,b,2025-02-24 20:28:10.581631
case_825,a,2025-02-24 20:33:10.581631
case_825,c,2025-02-24 20:38:10.581631
case_825,a,2025-02-24 20:43:10.581631
case_825,a,2025-02-24 20:48:10.581631
case_825,c,2025-02-24 20:53:10.581631
case_825,c,2025-02-24 20:58:10.581631
case_825,c,2025-02-24 21:03:10.581631
case_826,c,2025-02-24 19:28:10.581661
case_826,b,2025-02-24 19:33:10.581661
case_826,c,2025-02-24 19:38:10.581661
case_826,b,2025-02-24 19:43:10.581661
case_826,b,2025-02-24 19:48:10.581661
case_826,c,2025-02-24 19:53:10.581661
case_826,a,2025-02-24 19:58:10.581661
case_826,c,2025-02-24 20:03:10.581661
case_826,a,2025-02-24 20:08:10.581661
case_826,c,2025-02-24 20:13:10.581661
case_826,c,2025-02-24 20:18:10.581661
case_826,b,2025-02-24 20:23:10.581661
case_826,c,2025-02-24 20:28:10.581661
case_826,b,2025-02-24 20:33:10.581661
case_826,a,2025-02-24 20:38:10.581661
case_826,b,2025-02-24 20:43:10.581661
case_826,a,2025-02-24 20:48:10.581661
case_826,a,2025-02-24 20:53:10.581661
case_826,b,2025-02-24 20:58:10.581661
case_826,b,2025-02-24 21:03:10.581661
case_827,c,2025-02-24 19:28:10.581692
case_827,a,2025-02-24 19:33:10.581692
case_827,c,2025-02-24 19:38:10.581692
case_827,b,2025-02-24 19:43:10.581692
case_827,c,2025-02-24 19:48:10.581692
case_827,c,2025-02-24 19:53:10.581692
case_827,b,2025-02-24 19:58:10.581692
case_827,b,2025-02-24 20:03:10.581692
case_827,a,2025-02-24 20:08:10.581692
case_827,a,2025-02-24 20:13:10.581692
case_827,b,2025-02-24 20:18:10.581692
case_827,a,2025-02-24 20:23:10.581692
case_827,c,2025-02-24 20:28:10.581692
case_827,b,2025-02-24 20:33:10.581692
case_827,a,2025-02-24 20:38:10.581692
case_827,b,2025-02-24 20:43:10.581692
case_827,c,2025-02-24 20:48:10.581692
case_827,c,2025-02-24 20:53:10.581692
case_827,a,2025-02-24 20:58:10.581692
case_827,b,2025-02-24 21:03:10.581692
case_828,b,2025-02-24 19:28:10.581723
case_828,b,2025-02-24 19:33:10.581723
case_828,b,2025-02-24 19:38:10.581723
case_828,a,2025-02-24 19:43:10.581723
case_828,c,2025-02-24 19:48:10.581723
case_828,a,2025-02-24 19:53:10.581723
case_828,b,2025-02-24 19:58:10.581723
case_828,b,2025-02-24 20:03:10.581723
case_828,c,2025-02-24 20:08:10.581723
case_828,a,2025-02-24 20:13:10.581723
case_828,b,2025-02-24 20:18:10.581723
case_828,c,2025-02-24 20:23:10.581723
case_828,b,2025-02-24 20:28:10.581723
case_828,b,2025-02-24 20:33:10.581723
case_828,c,2025-02-24 20:38:10.581723
case_828,c,2025-02-24 20:43:10.581723
case_828,b,2025-02-24 20:48:10.581723
case_828,b,2025-02-24 20:53:10.581723
case_828,a,2025-02-24 20:58:10.581723
case_828,a,2025-02-24 21:03:10.581723
case_829,b,2025-02-24 19:28:10.581753
case_829,b,2025-02-24 19:33:10.581753
case_829,b,2025-02-24 19:38:10.581753
case_829,c,2025-02-24 19:43:10.581753
case_829,a,2025-02-24 19:48:10.581753
case_829,a,2025-02-24 19:53:10.581753
case_829,b,2025-02-24 19:58:10.581753
case_829,c,2025-02-24 20:03:10.581753
case_829,c,2025-02-24 20:08:10.581753
case_829,b,2025-02-24 20:13:10.581753
case_829,a,2025-02-24 20:18:10.581753
case_829,b,2025-02-24 20:23:10.581753
case_829,a,2025-02-24 20:28:10.581753
case_829,a,2025-02-24 20:33:10.581753
case_829,a,2025-02-24 20:38:10.581753
case_829,b,2025-02-24 20:43:10.581753
case_829,a,2025-02-24 20:48:10.581753
case_829,a,2025-02-24 20:53:10.581753
case_829,a,2025-02-24 20:58:10.581753
case_829,a,2025-02-24 21:03:10.581753
case_830,c,2025-02-24 19:28:10.581784
case_830,a,2025-02-24 19:33:10.581784
case_830,c,2025-02-24 19:38:10.581784
case_830,a,2025-02-24 19:43:10.581784
case_830,b,2025-02-24 19:48:10.581784
case_830,c,2025-02-24 19:53:10.581784
case_830,a,2025-02-24 19:58:10.581784
case_830,b,2025-02-24 20:03:10.581784
case_830,a,2025-02-24 20:08:10.581784
case_830,b,2025-02-24 20:13:10.581784
case_830,c,2025-02-24 20:18:10.581784
case_830,c,2025-02-24 20:23:10.581784
case_830,c,2025-02-24 20:28:10.581784
case_830,c,2025-02-24 20:33:10.581784
case_830,c,2025-02-24 20:38:10.581784
case_830,c,2025-02-24 20:43:10.581784
case_830,a,2025-02-24 20:48:10.581784
case_830,a,2025-02-24 20:53:10.581784
case_830,b,2025-02-24 20:58:10.581784
case_830,b,2025-02-24 21:03:10.581784
case_831,a,2025-02-24 19:28:10.581814
case_831,a,2025-02-24 19:33:10.581814
case_831,c,2025-02-24 19:38:10.581814
case_831,a,2025-02-24 19:43:10.581814
case_831,c,2025-02-24 19:48:10.581814
case_831,a,2025-02-24 19:53:10.581814
case_831,a,2025-02-24 19:58:10.581814
case_831,b,2025-02-24 20:03:10.581814
case_831,a,2025-02-24 20:08:10.581814
case_831,a,2025-02-24 20:13:10.581814
case_831,a,2025-02-24 20:18:10.581814
case_831,b,2025-02-24 20:23:10.581814
case_831,b,2025-02-24 20:28:10.581814
case_831,a,2025-02-24 20:33:10.581814
case_831,b,2025-02-24 20:38:10.581814
case_831,c,2025-02-24 20:43:10.581814
case_831,b,2025-02-24 20:48:10.581814
case_831,a,2025-02-24 20:53:10.581814
case_831,c,2025-02-24 20:58:10.581814
case_831,c,2025-02-24 21:03:10.581814
case_832,b,2025-02-24 19:28:10.581845
case_832,c,2025-02-24 19:33:10.581845
case_832,c,2025-02-24 19:38:10.581845
case_832,b,2025-02-24 19:43:10.581845
case_832,c,2025-02-24 19:48:10.581845
case_832,c,2025-02-24 19:53:10.581845
case_832,a,2025-02-24 19:58:10.581845
case_832,a,2025-02-24 20:03:10.581845
case_832,a,2025-02-24 20:08:10.581845
case_832,a,2025-02-24 20:13:10.581845
case_832,c,2025-02-24 20:18:10.581845
case_832,a,2025-02-24 20:23:10.581845
case_832,b,2025-02-24 20:28:10.581845
case_832,c,2025-02-24 20:33:10.581845
case_832,c,2025-02-24 20:38:10.581845
case_832,b,2025-02-24 20:43:10.581845
case_832,b,2025-02-24 20:48:10.581845
case_832,a,2025-02-24 20:53:10.581845
case_832,a,2025-02-24 20:58:10.581845
case_832,b,2025-02-24 21:03:10.581845
case_833,b,2025-02-24 19:28:10.581875
case_833,b,2025-02-24 19:33:10.581875
case_833,a,2025-02-24 19:38:10.581875
case_833,a,2025-02-24 19:43:10.581875
case_833,a,2025-02-24 19:48:10.581875
case_833,b,2025-02-24 19:53:10.581875
case_833,b,2025-02-24 19:58:10.581875
case_833,b,2025-02-24 20:03:10.581875
case_833,b,2025-02-24 20:08:10.581875
case_833,b,2025-02-24 20:13:10.581875
case_833,c,2025-02-24 20:18:10.581875
case_833,b,2025-02-24 20:23:10.581875
case_833,b,2025-02-24 20:28:10.581875
case_833,c,2025-02-24 20:33:10.581875
case_833,c,2025-02-24 20:38:10.581875
case_833,b,2025-02-24 20:43:10.581875
case_833,b,2025-02-24 20:48:10.581875
case_833,b,2025-02-24 20:53:10.581875
case_833,b,2025-02-24 20:58:10.581875
case_833,b,2025-02-24 21:03:10.581875
case_834,c,2025-02-24 19:28:10.581906
case_834,c,2025-02-24 19:33:10.581906
case_834,c,2025-02-24 19:38:10.581906
case_834,b,2025-02-24 19:43:10.581906
case_834,c,2025-02-24 19:48:10.581906
case_834,b,2025-02-24 19:53:10.581906
case_834,a,2025-02-24 19:58:10.581906
case_834,c,2025-02-24 20:03:10.581906
case_834,c,2025-02-24 20:08:10.581906
case_834,b,2025-02-24 20:13:10.581906
case_834,a,2025-02-24 20:18:10.581906
case_834,b,2025-02-24 20:23:10.581906
case_834,b,2025-02-24 20:28:10.581906
case_834,b,2025-02-24 20:33:10.581906
case_834,b,2025-02-24 20:38:10.581906
case_834,c,2025-02-24 20:43:10.581906
case_834,b,2025-02-24 20:48:10.581906
case_834,b,2025-02-24 20:53:10.581906
case_834,a,2025-02-24 20:58:10.581906
case_834,a,2025-02-24 21:03:10.581906
case_835,a,2025-02-24 19:28:10.581937
case_835,c,2025-02-24 19:33:10.581937
case_835,a,2025-02-24 19:38:10.581937
case_835,a,2025-02-24 19:43:10.581937
case_835,b,2025-02-24 19:48:10.581937
case_835,c,2025-02-24 19:53:10.581937
case_835,b,2025-02-24 19:58:10.581937
case_835,c,2025-02-24 20:03:10.581937
case_835,a,2025-02-24 20:08:10.581937
case_835,c,2025-02-24 20:13:10.581937
case_835,c,2025-02-24 20:18:10.581937
case_835,a,2025-02-24 20:23:10.581937
case_835,b,2025-02-24 20:28:10.581937
case_835,b,2025-02-24 20:33:10.581937
case_835,b,2025-02-24 20:38:10.581937
case_835,b,2025-02-24 20:43:10.581937
case_835,b,2025-02-24 20:48:10.581937
case_835,b,2025-02-24 20:53:10.581937
case_835,a,2025-02-24 20:58:10.581937
case_835,a,2025-02-24 21:03:10.581937
case_836,a,2025-02-24 19:28:10.581967
case_836,a,2025-02-24 19:33:10.581967
case_836,a,2025-02-24 19:38:10.581967
case_836,a,2025-02-24 19:43:10.581967
case_836,a,2025-02-24 19:48:10.581967
case_836,b,2025-02-24 19:53:10.581967
case_836,c,2025-02-24 19:58:10.581967
case_836,a,2025-02-24 20:03:10.581967
case_836,c,2025-02-24 20:08:10.581967
case_836,b,2025-02-24 20:13:10.581967
case_836,c,2025-02-24 20:18:10.581967
case_836,c,2025-02-24 20:23:10.581967
case_836,b,2025-02-24 20:28:10.581967
case_836,b,2025-02-24 20:33:10.581967
case_836,a,2025-02-24 20:38:10.581967
case_836,a,2025-02-24 20:43:10.581967
case_836,c,2025-02-24 20:48:10.581967
case_836,a,2025-02-24 20:53:10.581967
case_836,b,2025-02-24 20:58:10.581967
case_836,a,2025-02-24 21:03:10.581967
case_837,b,2025-02-24 19:28:10.581998
case_837,a,2025-02-24 19:33:10.581998
case_837,b,2025-02-24 19:38:10.581998
case_837,c,2025-02-24 19:43:10.581998
case_837,c,2025-02-24 19:48:10.581998
case_837,b,2025-02-24 19:53:10.581998
case_837,b,2025-02-24 19:58:10.581998
case_837,a,2025-02-24 20:03:10.581998
case_837,a,2025-02-24 20:08:10.581998
case_837,a,2025-02-24 20:13:10.581998
case_837,c,2025-02-24 20:18:10.581998
case_837,a,2025-02-24 20:23:10.581998
case_837,b,2025-02-24 20:28:10.581998
case_837,c,2025-02-24 20:33:10.581998
case_837,c,2025-02-24 20:38:10.581998
case_837,a,2025-02-24 20:43:10.581998
case_837,a,2025-02-24 20:48:10.581998
case_837,c,2025-02-24 20:53:10.581998
case_837,b,2025-02-24 20:58:10.581998
case_837,b,2025-02-24 21:03:10.581998
case_838,b,2025-02-24 19:28:10.582028
case_838,c,2025-02-24 19:33:10.582028
case_838,b,2025-02-24 19:38:10.582028
case_838,a,2025-02-24 19:43:10.582028
case_838,c,2025-02-24 19:48:10.582028
case_838,b,2025-02-24 19:53:10.582028
case_838,b,2025-02-24 19:58:10.582028
case_838,a,2025-02-24 20:03:10.582028
case_838,b,2025-02-24 20:08:10.582028
case_838,a,2025-02-24 20:13:10.582028
case_838,a,2025-02-24 20:18:10.582028
case_838,c,2025-02-24 20:23:10.582028
case_838,b,2025-02-24 20:28:10.582028
case_838,c,2025-02-24 20:33:10.582028
case_838,c,2025-02-24 20:38:10.582028
case_838,a,2025-02-24 20:43:10.582028
case_838,a,2025-02-24 20:48:10.582028
case_838,c,2025-02-24 20:53:10.582028
case_838,c,2025-02-24 20:58:10.582028
case_838,a,2025-02-24 21:03:10.582028
case_839,a,2025-02-24 19:28:10.582057
case_839,b,2025-02-24 19:33:10.582057
case_839,b,2025-02-24 19:38:10.582057
case_839,c,2025-02-24 19:43:10.582057
case_839,b,2025-02-24 19:48:10.582057
case_839,a,2025-02-24 19:53:10.582057
case_839,c,2025-02-24 19:58:10.582057
case_839,b,2025-02-24 20:03:10.582057
case_839,a,2025-02-24 20:08:10.582057
case_839,a,2025-02-24 20:13:10.582057
case_839,b,2025-02-24 20:18:10.582057
case_839,b,2025-02-24 20:23:10.582057
case_839,a,2025-02-24 20:28:10.582057
case_839,a,2025-02-24 20:33:10.582057
case_839,b,2025-02-24 20:38:10.582057
case_839,a,2025-02-24 20:43:10.582057
case_839,c,2025-02-24 20:48:10.582057
case_839,c,2025-02-24 20:53:10.582057
case_839,c,2025-02-24 20:58:10.582057
case_839,c,2025-02-24 21:03:10.582057
case_840,a,2025-02-24 19:28:10.582089
case_840,c,2025-02-24 19:33:10.582089
case_840,b,2025-02-24 19:38:10.582089
case_840,a,2025-02-24 19:43:10.582089
case_840,a,2025-02-24 19:48:10.582089
case_840,c,2025-02-24 19:53:10.582089
case_840,a,2025-02-24 19:58:10.582089
case_840,b,2025-02-24 20:03:10.582089
case_840,c,2025-02-24 20:08:10.582089
case_840,b,2025-02-24 20:13:10.582089
case_840,b,2025-02-24 20:18:10.582089
case_840,a,2025-02-24 20:23:10.582089
case_840,b,2025-02-24 20:28:10.582089
case_840,c,2025-02-24 20:33:10.582089
case_840,c,2025-02-24 20:38:10.582089
case_840,b,2025-02-24 20:43:10.582089
case_840,a,2025-02-24 20:48:10.582089
case_840,c,2025-02-24 20:53:10.582089
case_840,a,2025-02-24 20:58:10.582089
case_840,b,2025-02-24 21:03:10.582089
case_841,b,2025-02-24 19:28:10.582119
case_841,b,2025-02-24 19:33:10.582119
case_841,c,2025-02-24 19:38:10.582119
case_841,a,2025-02-24 19:43:10.582119
case_841,a,2025-02-24 19:48:10.582119
case_841,b,2025-02-24 19:53:10.582119
case_841,a,2025-02-24 19:58:10.582119
case_841,a,2025-02-24 20:03:10.582119
case_841,b,2025-02-24 20:08:10.582119
case_841,b,2025-02-24 20:13:10.582119
case_841,a,2025-02-24 20:18:10.582119
case_841,b,2025-02-24 20:23:10.582119
case_841,c,2025-02-24 20:28:10.582119
case_841,b,2025-02-24 20:33:10.582119
case_841,a,2025-02-24 20:38:10.582119
case_841,c,2025-02-24 20:43:10.582119
case_841,c,2025-02-24 20:48:10.582119
case_841,a,2025-02-24 20:53:10.582119
case_841,a,2025-02-24 20:58:10.582119
case_841,c,2025-02-24 21:03:10.582119
case_842,a,2025-02-24 19:28:10.582148
case_842,b,2025-02-24 19:33:10.582148
case_842,b,2025-02-24 19:38:10.582148
case_842,c,2025-02-24 19:43:10.582148
case_842,c,2025-02-24 19:48:10.582148
case_842,b,2025-02-24 19:53:10.582148
case_842,a,2025-02-24 19:58:10.582148
case_842,c,2025-02-24 20:03:10.582148
case_842,c,2025-02-24 20:08:10.582148
case_842,c,2025-02-24 20:13:10.582148
case_842,b,2025-02-24 20:18:10.582148
case_842,a,2025-02-24 20:23:10.582148
case_842,a,2025-02-24 20:28:10.582148
case_842,c,2025-02-24 20:33:10.582148
case_842,b,2025-02-24 20:38:10.582148
case_842,c,2025-02-24 20:43:10.582148
case_842,c,2025-02-24 20:48:10.582148
case_842,c,2025-02-24 20:53:10.582148
case_842,a,2025-02-24 20:58:10.582148
case_842,b,2025-02-24 21:03:10.582148
case_843,c,2025-02-24 19:28:10.582180
case_843,a,2025-02-24 19:33:10.582180
case_843,b,2025-02-24 19:38:10.582180
case_843,a,2025-02-24 19:43:10.582180
case_843,c,2025-02-24 19:48:10.582180
case_843,b,2025-02-24 19:53:10.582180
case_843,c,2025-02-24 19:58:10.582180
case_843,c,2025-02-24 20:03:10.582180
case_843,a,2025-02-24 20:08:10.582180
case_843,a,2025-02-24 20:13:10.582180
case_843,b,2025-02-24 20:18:10.582180
case_843,a,2025-02-24 20:23:10.582180
case_843,b,2025-02-24 20:28:10.582180
case_843,c,2025-02-24 20:33:10.582180
case_843,b,2025-02-24 20:38:10.582180
case_843,c,2025-02-24 20:43:10.582180
case_843,a,2025-02-24 20:48:10.582180
case_843,b,2025-02-24 20:53:10.582180
case_843,b,2025-02-24 20:58:10.582180
case_843,a,2025-02-24 21:03:10.582180
case_844,b,2025-02-24 19:28:10.582210
case_844,b,2025-02-24 19:33:10.582210
case_844,b,2025-02-24 19:38:10.582210
case_844,c,2025-02-24 19:43:10.582210
case_844,a,2025-02-24 19:48:10.582210
case_844,a,2025-02-24 19:53:10.582210
case_844,c,2025-02-24 19:58:10.582210
case_844,b,2025-02-24 20:03:10.582210
case_844,b,2025-02-24 20:08:10.582210
case_844,a,2025-02-24 20:13:10.582210
case_844,a,2025-02-24 20:18:10.582210
case_844,a,2025-02-24 20:23:10.582210
case_844,b,2025-02-24 20:28:10.582210
case_844,a,2025-02-24 20:33:10.582210
case_844,a,2025-02-24 20:38:10.582210
case_844,a,2025-02-24 20:43:10.582210
case_844,c,2025-02-24 20:48:10.582210
case_844,a,2025-02-24 20:53:10.582210
case_844,a,2025-02-24 20:58:10.582210
case_844,b,2025-02-24 21:03:10.582210
case_845,c,2025-02-24 19:28:10.582241
case_845,c,2025-02-24 19:33:10.582241
case_845,a,2025-02-24 19:38:10.582241
case_845,a,2025-02-24 19:43:10.582241
case_845,b,2025-02-24 19:48:10.582241
case_845,a,2025-02-24 19:53:10.582241
case_845,c,2025-02-24 19:58:10.582241
case_845,b,2025-02-24 20:03:10.582241
case_845,b,2025-02-24 20:08:10.582241
case_845,a,2025-02-24 20:13:10.582241
case_845,c,2025-02-24 20:18:10.582241
case_845,c,2025-02-24 20:23:10.582241
case_845,b,2025-02-24 20:28:10.582241
case_845,c,2025-02-24 20:33:10.582241
case_845,a,2025-02-24 20:38:10.582241
case_845,c,2025-02-24 20:43:10.582241
case_845,b,2025-02-24 20:48:10.582241
case_845,c,2025-02-24 20:53:10.582241
case_845,c,2025-02-24 20:58:10.582241
case_845,c,2025-02-24 21:03:10.582241
case_846,c,2025-02-24 19:28:10.582271
case_846,b,2025-02-24 19:33:10.582271
case_846,c,2025-02-24 19:38:10.582271
case_846,a,2025-02-24 19:43:10.582271
case_846,c,2025-02-24 19:48:10.582271
case_846,a,2025-02-24 19:53:10.582271
case_846,b,2025-02-24 19:58:10.582271
case_846,c,2025-02-24 20:03:10.582271
case_846,a,2025-02-24 20:08:10.582271
case_846,c,2025-02-24 20:13:10.582271
case_846,a,2025-02-24 20:18:10.582271
case_846,c,2025-02-24 20:23:10.582271
case_846,a,2025-02-24 20:28:10.582271
case_846,b,2025-02-24 20:33:10.582271
case_846,c,2025-02-24 20:38:10.582271
case_846,b,2025-02-24 20:43:10.582271
case_846,b,2025-02-24 20:48:10.582271
case_846,a,2025-02-24 20:53:10.582271
case_846,a,2025-02-24 20:58:10.582271
case_846,c,2025-02-24 21:03:10.582271
case_847,a,2025-02-24 19:28:10.582301
case_847,c,2025-02-24 19:33:10.582301
case_847,a,2025-02-24 19:38:10.582301
case_847,b,2025-02-24 19:43:10.582301
case_847,b,2025-02-24 19:48:10.582301
case_847,c,2025-02-24 19:53:10.582301
case_847,a,2025-02-24 19:58:10.582301
case_847,a,2025-02-24 20:03:10.582301
case_847,b,2025-02-24 20:08:10.582301
case_847,a,2025-02-24 20:13:10.582301
case_847,a,2025-02-24 20:18:10.582301
case_847,b,2025-02-24 20:23:10.582301
case_847,a,2025-02-24 20:28:10.582301
case_847,b,2025-02-24 20:33:10.582301
case_847,c,2025-02-24 20:38:10.582301
case_847,b,2025-02-24 20:43:10.582301
case_847,c,2025-02-24 20:48:10.582301
case_847,a,2025-02-24 20:53:10.582301
case_847,c,2025-02-24 20:58:10.582301
case_847,a,2025-02-24 21:03:10.582301
case_848,b,2025-02-24 19:28:10.582334
case_848,a,2025-02-24 19:33:10.582334
case_848,c,2025-02-24 19:38:10.582334
case_848,c,2025-02-24 19:43:10.582334
case_848,b,2025-02-24 19:48:10.582334
case_848,c,2025-02-24 19:53:10.582334
case_848,a,2025-02-24 19:58:10.582334
case_848,b,2025-02-24 20:03:10.582334
case_848,a,2025-02-24 20:08:10.582334
case_848,b,2025-02-24 20:13:10.582334
case_848,b,2025-02-24 20:18:10.582334
case_848,b,2025-02-24 20:23:10.582334
case_848,c,2025-02-24 20:28:10.582334
case_848,c,2025-02-24 20:33:10.582334
case_848,c,2025-02-24 20:38:10.582334
case_848,b,2025-02-24 20:43:10.582334
case_848,c,2025-02-24 20:48:10.582334
case_848,c,2025-02-24 20:53:10.582334
case_848,a,2025-02-24 20:58:10.582334
case_848,a,2025-02-24 21:03:10.582334
case_849,b,2025-02-24 19:28:10.582364
case_849,a,2025-02-24 19:33:10.582364
case_849,c,2025-02-24 19:38:10.582364
case_849,b,2025-02-24 19:43:10.582364
case_849,c,2025-02-24 19:48:10.582364
case_849,a,2025-02-24 19:53:10.582364
case_849,a,2025-02-24 19:58:10.582364
case_849,b,2025-02-24 20:03:10.582364
case_849,a,2025-02-24 20:08:10.582364
case_849,a,2025-02-24 20:13:10.582364
case_849,c,2025-02-24 20:18:10.582364
case_849,a,2025-02-24 20:23:10.582364
case_849,c,2025-02-24 20:28:10.582364
case_849,a,2025-02-24 20:33:10.582364
case_849,b,2025-02-24 20:38:10.582364
case_849,b,2025-02-24 20:43:10.582364
case_849,b,2025-02-24 20:48:10.582364
case_849,b,2025-02-24 20:53:10.582364
case_849,b,2025-02-24 20:58:10.582364
case_849,b,2025-02-24 21:03:10.582364
case_850,b,2025-02-24 19:28:10.582395
case_850,a,2025-02-24 19:33:10.582395
case_850,a,2025-02-24 19:38:10.582395
case_850,a,2025-02-24 19:43:10.582395
case_850,a,2025-02-24 19:48:10.582395
case_850,a,2025-02-24 19:53:10.582395
case_850,a,2025-02-24 19:58:10.582395
case_850,b,2025-02-24 20:03:10.582395
case_850,a,2025-02-24 20:08:10.582395
case_850,c,2025-02-24 20:13:10.582395
case_850,a,2025-02-24 20:18:10.582395
case_850,a,2025-02-24 20:23:10.582395
case_850,c,2025-02-24 20:28:10.582395
case_850,b,2025-02-24 20:33:10.582395
case_850,c,2025-02-24 20:38:10.582395
case_850,a,2025-02-24 20:43:10.582395
case_850,a,2025-02-24 20:48:10.582395
case_850,b,2025-02-24 20:53:10.582395
case_850,c,2025-02-24 20:58:10.582395
case_850,b,2025-02-24 21:03:10.582395
case_851,b,2025-02-24 19:28:10.582425
case_851,a,2025-02-24 19:33:10.582425
case_851,b,2025-02-24 19:38:10.582425
case_851,a,2025-02-24 19:43:10.582425
case_851,a,2025-02-24 19:48:10.582425
case_851,b,2025-02-24 19:53:10.582425
case_851,a,2025-02-24 19:58:10.582425
case_851,c,2025-02-24 20:03:10.582425
case_851,c,2025-02-24 20:08:10.582425
case_851,b,2025-02-24 20:13:10.582425
case_851,a,2025-02-24 20:18:10.582425
case_851,c,2025-02-24 20:23:10.582425
case_851,b,2025-02-24 20:28:10.582425
case_851,a,2025-02-24 20:33:10.582425
case_851,c,2025-02-24 20:38:10.582425
case_851,a,2025-02-24 20:43:10.582425
case_851,a,2025-02-24 20:48:10.582425
case_851,a,2025-02-24 20:53:10.582425
case_851,b,2025-02-24 20:58:10.582425
case_851,b,2025-02-24 21:03:10.582425
case_852,c,2025-02-24 19:28:10.582455
case_852,a,2025-02-24 19:33:10.582455
case_852,c,2025-02-24 19:38:10.582455
case_852,a,2025-02-24 19:43:10.582455
case_852,a,2025-02-24 19:48:10.582455
case_852,a,2025-02-24 19:53:10.582455
case_852,b,2025-02-24 19:58:10.582455
case_852,b,2025-02-24 20:03:10.582455
case_852,b,2025-02-24 20:08:10.582455
case_852,a,2025-02-24 20:13:10.582455
case_852,b,2025-02-24 20:18:10.582455
case_852,b,2025-02-24 20:23:10.582455
case_852,a,2025-02-24 20:28:10.582455
case_852,c,2025-02-24 20:33:10.582455
case_852,a,2025-02-24 20:38:10.582455
case_852,a,2025-02-24 20:43:10.582455
case_852,b,2025-02-24 20:48:10.582455
case_852,a,2025-02-24 20:53:10.582455
case_852,a,2025-02-24 20:58:10.582455
case_852,a,2025-02-24 21:03:10.582455
case_853,b,2025-02-24 19:28:10.582487
case_853,c,2025-02-24 19:33:10.582487
case_853,a,2025-02-24 19:38:10.582487
case_853,b,2025-02-24 19:43:10.582487
case_853,c,2025-02-24 19:48:10.582487
case_853,a,2025-02-24 19:53:10.582487
case_853,b,2025-02-24 19:58:10.582487
case_853,a,2025-02-24 20:03:10.582487
case_853,c,2025-02-24 20:08:10.582487
case_853,b,2025-02-24 20:13:10.582487
case_853,b,2025-02-24 20:18:10.582487
case_853,b,2025-02-24 20:23:10.582487
case_853,b,2025-02-24 20:28:10.582487
case_853,c,2025-02-24 20:33:10.582487
case_853,b,2025-02-24 20:38:10.582487
case_853,b,2025-02-24 20:43:10.582487
case_853,a,2025-02-24 20:48:10.582487
case_853,a,2025-02-24 20:53:10.582487
case_853,a,2025-02-24 20:58:10.582487
case_853,c,2025-02-24 21:03:10.582487
case_854,c,2025-02-24 19:28:10.582521
case_854,a,2025-02-24 19:33:10.582521
case_854,b,2025-02-24 19:38:10.582521
case_854,b,2025-02-24 19:43:10.582521
case_854,b,2025-02-24 19:48:10.582521
case_854,c,2025-02-24 19:53:10.582521
case_854,a,2025-02-24 19:58:10.582521
case_854,b,2025-02-24 20:03:10.582521
case_854,c,2025-02-24 20:08:10.582521
case_854,c,2025-02-24 20:13:10.582521
case_854,b,2025-02-24 20:18:10.582521
case_854,c,2025-02-24 20:23:10.582521
case_854,a,2025-02-24 20:28:10.582521
case_854,b,2025-02-24 20:33:10.582521
case_854,b,2025-02-24 20:38:10.582521
case_854,a,2025-02-24 20:43:10.582521
case_854,b,2025-02-24 20:48:10.582521
case_854,b,2025-02-24 20:53:10.582521
case_854,a,2025-02-24 20:58:10.582521
case_854,a,2025-02-24 21:03:10.582521
case_855,a,2025-02-24 19:28:10.582551
case_855,c,2025-02-24 19:33:10.582551
case_855,a,2025-02-24 19:38:10.582551
case_855,b,2025-02-24 19:43:10.582551
case_855,a,2025-02-24 19:48:10.582551
case_855,b,2025-02-24 19:53:10.582551
case_855,c,2025-02-24 19:58:10.582551
case_855,c,2025-02-24 20:03:10.582551
case_855,b,2025-02-24 20:08:10.582551
case_855,c,2025-02-24 20:13:10.582551
case_855,c,2025-02-24 20:18:10.582551
case_855,b,2025-02-24 20:23:10.582551
case_855,b,2025-02-24 20:28:10.582551
case_855,b,2025-02-24 20:33:10.582551
case_855,c,2025-02-24 20:38:10.582551
case_855,a,2025-02-24 20:43:10.582551
case_855,c,2025-02-24 20:48:10.582551
case_855,a,2025-02-24 20:53:10.582551
case_855,a,2025-02-24 20:58:10.582551
case_855,c,2025-02-24 21:03:10.582551
case_856,a,2025-02-24 19:28:10.582581
case_856,c,2025-02-24 19:33:10.582581
case_856,c,2025-02-24 19:38:10.582581
case_856,c,2025-02-24 19:43:10.582581
case_856,c,2025-02-24 19:48:10.582581
case_856,a,2025-02-24 19:53:10.582581
case_856,c,2025-02-24 19:58:10.582581
case_856,c,2025-02-24 20:03:10.582581
case_856,c,2025-02-24 20:08:10.582581
case_856,a,2025-02-24 20:13:10.582581
case_856,b,2025-02-24 20:18:10.582581
case_856,c,2025-02-24 20:23:10.582581
case_856,c,2025-02-24 20:28:10.582581
case_856,c,2025-02-24 20:33:10.582581
case_856,b,2025-02-24 20:38:10.582581
case_856,b,2025-02-24 20:43:10.582581
case_856,b,2025-02-24 20:48:10.582581
case_856,c,2025-02-24 20:53:10.582581
case_856,a,2025-02-24 20:58:10.582581
case_856,a,2025-02-24 21:03:10.582581
case_857,c,2025-02-24 19:28:10.582611
case_857,c,2025-02-24 19:33:10.582611
case_857,b,2025-02-24 19:38:10.582611
case_857,c,2025-02-24 19:43:10.582611
case_857,a,2025-02-24 19:48:10.582611
case_857,a,2025-02-24 19:53:10.582611
case_857,b,2025-02-24 19:58:10.582611
case_857,c,2025-02-24 20:03:10.582611
case_857,c,2025-02-24 20:08:10.582611
case_857,a,2025-02-24 20:13:10.582611
case_857,c,2025-02-24 20:18:10.582611
case_857,a,2025-02-24 20:23:10.582611
case_857,b,2025-02-24 20:28:10.582611
case_857,a,2025-02-24 20:33:10.582611
case_857,c,2025-02-24 20:38:10.582611
case_857,b,2025-02-24 20:43:10.582611
case_857,a,2025-02-24 20:48:10.582611
case_857,a,2025-02-24 20:53:10.582611
case_857,b,2025-02-24 20:58:10.582611
case_857,b,2025-02-24 21:03:10.582611
case_858,c,2025-02-24 19:28:10.582641
case_858,c,2025-02-24 19:33:10.582641
case_858,b,2025-02-24 19:38:10.582641
case_858,b,2025-02-24 19:43:10.582641
case_858,c,2025-02-24 19:48:10.582641
case_858,b,2025-02-24 19:53:10.582641
case_858,c,2025-02-24 19:58:10.582641
case_858,c,2025-02-24 20:03:10.582641
case_858,b,2025-02-24 20:08:10.582641
case_858,c,2025-02-24 20:13:10.582641
case_858,c,2025-02-24 20:18:10.582641
case_858,b,2025-02-24 20:23:10.582641
case_858,a,2025-02-24 20:28:10.582641
case_858,a,2025-02-24 20:33:10.582641
case_858,a,2025-02-24 20:38:10.582641
case_858,c,2025-02-24 20:43:10.582641
case_858,a,2025-02-24 20:48:10.582641
case_858,a,2025-02-24 20:53:10.582641
case_858,b,2025-02-24 20:58:10.582641
case_858,c,2025-02-24 21:03:10.582641
case_859,b,2025-02-24 19:28:10.582671
case_859,b,2025-02-24 19:33:10.582671
case_859,a,2025-02-24 19:38:10.582671
case_859,a,2025-02-24 19:43:10.582671
case_859,a,2025-02-24 19:48:10.582671
case_859,b,2025-02-24 19:53:10.582671
case_859,b,2025-02-24 19:58:10.582671
case_859,a,2025-02-24 20:03:10.582671
case_859,c,2025-02-24 20:08:10.582671
case_859,c,2025-02-24 20:13:10.582671
case_859,a,2025-02-24 20:18:10.582671
case_859,c,2025-02-24 20:23:10.582671
case_859,c,2025-02-24 20:28:10.582671
case_859,a,2025-02-24 20:33:10.582671
case_859,c,2025-02-24 20:38:10.582671
case_859,a,2025-02-24 20:43:10.582671
case_859,a,2025-02-24 20:48:10.582671
case_859,b,2025-02-24 20:53:10.582671
case_859,a,2025-02-24 20:58:10.582671
case_859,a,2025-02-24 21:03:10.582671
case_860,a,2025-02-24 19:28:10.582701
case_860,a,2025-02-24 19:33:10.582701
case_860,c,2025-02-24 19:38:10.582701
case_860,a,2025-02-24 19:43:10.582701
case_860,b,2025-02-24 19:48:10.582701
case_860,b,2025-02-24 19:53:10.582701
case_860,b,2025-02-24 19:58:10.582701
case_860,b,2025-02-24 20:03:10.582701
case_860,b,2025-02-24 20:08:10.582701
case_860,b,2025-02-24 20:13:10.582701
case_860,a,2025-02-24 20:18:10.582701
case_860,c,2025-02-24 20:23:10.582701
case_860,a,2025-02-24 20:28:10.582701
case_860,a,2025-02-24 20:33:10.582701
case_860,b,2025-02-24 20:38:10.582701
case_860,b,2025-02-24 20:43:10.582701
case_860,c,2025-02-24 20:48:10.582701
case_860,b,2025-02-24 20:53:10.582701
case_860,c,2025-02-24 20:58:10.582701
case_860,a,2025-02-24 21:03:10.582701
case_861,b,2025-02-24 19:28:10.582733
case_861,b,2025-02-24 19:33:10.582733
case_861,a,2025-02-24 19:38:10.582733
case_861,c,2025-02-24 19:43:10.582733
case_861,b,2025-02-24 19:48:10.582733
case_861,c,2025-02-24 19:53:10.582733
case_861,b,2025-02-24 19:58:10.582733
case_861,b,2025-02-24 20:03:10.582733
case_861,b,2025-02-24 20:08:10.582733
case_861,a,2025-02-24 20:13:10.582733
case_861,a,2025-02-24 20:18:10.582733
case_861,a,2025-02-24 20:23:10.582733
case_861,b,2025-02-24 20:28:10.582733
case_861,b,2025-02-24 20:33:10.582733
case_861,b,2025-02-24 20:38:10.582733
case_861,c,2025-02-24 20:43:10.582733
case_861,c,2025-02-24 20:48:10.582733
case_861,b,2025-02-24 20:53:10.582733
case_861,c,2025-02-24 20:58:10.582733
case_861,b,2025-02-24 21:03:10.582733
case_862,c,2025-02-24 19:28:10.582763
case_862,c,2025-02-24 19:33:10.582763
case_862,b,2025-02-24 19:38:10.582763
case_862,b,2025-02-24 19:43:10.582763
case_862,b,2025-02-24 19:48:10.582763
case_862,a,2025-02-24 19:53:10.582763
case_862,c,2025-02-24 19:58:10.582763
case_862,a,2025-02-24 20:03:10.582763
case_862,b,2025-02-24 20:08:10.582763
case_862,b,2025-02-24 20:13:10.582763
case_862,c,2025-02-24 20:18:10.582763
case_862,b,2025-02-24 20:23:10.582763
case_862,c,2025-02-24 20:28:10.582763
case_862,c,2025-02-24 20:33:10.582763
case_862,b,2025-02-24 20:38:10.582763
case_862,b,2025-02-24 20:43:10.582763
case_862,c,2025-02-24 20:48:10.582763
case_862,b,2025-02-24 20:53:10.582763
case_862,a,2025-02-24 20:58:10.582763
case_862,a,2025-02-24 21:03:10.582763
case_863,b,2025-02-24 19:28:10.582793
case_863,b,2025-02-24 19:33:10.582793
case_863,c,2025-02-24 19:38:10.582793
case_863,a,2025-02-24 19:43:10.582793
case_863,b,2025-02-24 19:48:10.582793
case_863,c,2025-02-24 19:53:10.582793
case_863,c,2025-02-24 19:58:10.582793
case_863,b,2025-02-24 20:03:10.582793
case_863,a,2025-02-24 20:08:10.582793
case_863,c,2025-02-24 20:13:10.582793
case_863,b,2025-02-24 20:18:10.582793
case_863,a,2025-02-24 20:23:10.582793
case_863,a,2025-02-24 20:28:10.582793
case_863,b,2025-02-24 20:33:10.582793
case_863,b,2025-02-24 20:38:10.582793
case_863,b,2025-02-24 20:43:10.582793
case_863,b,2025-02-24 20:48:10.582793
case_863,a,2025-02-24 20:53:10.582793
case_863,c,2025-02-24 20:58:10.582793
case_863,a,2025-02-24 21:03:10.582793
case_864,a,2025-02-24 19:28:10.582823
case_864,b,2025-02-24 19:33:10.582823
case_864,c,2025-02-24 19:38:10.582823
case_864,b,2025-02-24 19:43:10.582823
case_864,c,2025-02-24 19:48:10.582823
case_864,c,2025-02-24 19:53:10.582823
case_864,b,2025-02-24 19:58:10.582823
case_864,b,2025-02-24 20:03:10.582823
case_864,c,2025-02-24 20:08:10.582823
case_864,c,2025-02-24 20:13:10.582823
case_864,a,2025-02-24 20:18:10.582823
case_864,b,2025-02-24 20:23:10.582823
case_864,a,2025-02-24 20:28:10.582823
case_864,a,2025-02-24 20:33:10.582823
case_864,c,2025-02-24 20:38:10.582823
case_864,a,2025-02-24 20:43:10.582823
case_864,c,2025-02-24 20:48:10.582823
case_864,b,2025-02-24 20:53:10.582823
case_864,a,2025-02-24 20:58:10.582823
case_864,a,2025-02-24 21:03:10.582823
case_865,a,2025-02-24 19:28:10.582854
case_865,a,2025-02-24 19:33:10.582854
case_865,b,2025-02-24 19:38:10.582854
case_865,b,2025-02-24 19:43:10.582854
case_865,c,2025-02-24 19:48:10.582854
case_865,c,2025-02-24 19:53:10.582854
case_865,b,2025-02-24 19:58:10.582854
case_865,a,2025-02-24 20:03:10.582854
case_865,b,2025-02-24 20:08:10.582854
case_865,c,2025-02-24 20:13:10.582854
case_865,a,2025-02-24 20:18:10.582854
case_865,a,2025-02-24 20:23:10.582854
case_865,a,2025-02-24 20:28:10.582854
case_865,b,2025-02-24 20:33:10.582854
case_865,a,2025-02-24 20:38:10.582854
case_865,b,2025-02-24 20:43:10.582854
case_865,b,2025-02-24 20:48:10.582854
case_865,b,2025-02-24 20:53:10.582854
case_865,c,2025-02-24 20:58:10.582854
case_865,a,2025-02-24 21:03:10.582854
case_866,c,2025-02-24 19:28:10.582884
case_866,b,2025-02-24 19:33:10.582884
case_866,c,2025-02-24 19:38:10.582884
case_866,c,2025-02-24 19:43:10.582884
case_866,b,2025-02-24 19:48:10.582884
case_866,c,2025-02-24 19:53:10.582884
case_866,c,2025-02-24 19:58:10.582884
case_866,c,2025-02-24 20:03:10.582884
case_866,a,2025-02-24 20:08:10.582884
case_866,a,2025-02-24 20:13:10.582884
case_866,a,2025-02-24 20:18:10.582884
case_866,c,2025-02-24 20:23:10.582884
case_866,a,2025-02-24 20:28:10.582884
case_866,c,2025-02-24 20:33:10.582884
case_866,b,2025-02-24 20:38:10.582884
case_866,a,2025-02-24 20:43:10.582884
case_866,b,2025-02-24 20:48:10.582884
case_866,c,2025-02-24 20:53:10.582884
case_866,b,2025-02-24 20:58:10.582884
case_866,b,2025-02-24 21:03:10.582884
case_867,c,2025-02-24 19:28:10.582913
case_867,a,2025-02-24 19:33:10.582913
case_867,b,2025-02-24 19:38:10.582913
case_867,a,2025-02-24 19:43:10.582913
case_867,b,2025-02-24 19:48:10.582913
case_867,c,2025-02-24 19:53:10.582913
case_867,c,2025-02-24 19:58:10.582913
case_867,c,2025-02-24 20:03:10.582913
case_867,c,2025-02-24 20:08:10.582913
case_867,b,2025-02-24 20:13:10.582913
case_867,a,2025-02-24 20:18:10.582913
case_867,b,2025-02-24 20:23:10.582913
case_867,a,2025-02-24 20:28:10.582913
case_867,a,2025-02-24 20:33:10.582913
case_867,b,2025-02-24 20:38:10.582913
case_867,a,2025-02-24 20:43:10.582913
case_867,a,2025-02-24 20:48:10.582913
case_867,a,2025-02-24 20:53:10.582913
case_867,b,2025-02-24 20:58:10.582913
case_867,b,2025-02-24 21:03:10.582913
case_868,a,2025-02-24 19:28:10.582944
case_868,c,2025-02-24 19:33:10.582944
case_868,c,2025-02-24 19:38:10.582944
case_868,c,2025-02-24 19:43:10.582944
case_868,c,2025-02-24 19:48:10.582944
case_868,b,2025-02-24 19:53:10.582944
case_868,b,2025-02-24 19:58:10.582944
case_868,c,2025-02-24 20:03:10.582944
case_868,b,2025-02-24 20:08:10.582944
case_868,c,2025-02-24 20:13:10.582944
case_868,c,2025-02-24 20:18:10.582944
case_868,b,2025-02-24 20:23:10.582944
case_868,a,2025-02-24 20:28:10.582944
case_868,a,2025-02-24 20:33:10.582944
case_868,a,2025-02-24 20:38:10.582944
case_868,b,2025-02-24 20:43:10.582944
case_868,b,2025-02-24 20:48:10.582944
case_868,c,2025-02-24 20:53:10.582944
case_868,b,2025-02-24 20:58:10.582944
case_868,c,2025-02-24 21:03:10.582944
case_869,c,2025-02-24 19:28:10.582974
case_869,a,2025-02-24 19:33:10.582974
case_869,b,2025-02-24 19:38:10.582974
case_869,a,2025-02-24 19:43:10.582974
case_869,b,2025-02-24 19:48:10.582974
case_869,a,2025-02-24 19:53:10.582974
case_869,c,2025-02-24 19:58:10.582974
case_869,a,2025-02-24 20:03:10.582974
case_869,a,2025-02-24 20:08:10.582974
case_869,b,2025-02-24 20:13:10.582974
case_869,a,2025-02-24 20:18:10.582974
case_869,b,2025-02-24 20:23:10.582974
case_869,b,2025-02-24 20:28:10.582974
case_869,a,2025-02-24 20:33:10.582974
case_869,c,2025-02-24 20:38:10.582974
case_869,c,2025-02-24 20:43:10.582974
case_869,a,2025-02-24 20:48:10.582974
case_869,c,2025-02-24 20:53:10.582974
case_869,c,2025-02-24 20:58:10.582974
case_869,b,2025-02-24 21:03:10.582974
case_870,b,2025-02-24 19:28:10.583003
case_870,b,2025-02-24 19:33:10.583003
case_870,b,2025-02-24 19:38:10.583003
case_870,b,2025-02-24 19:43:10.583003
case_870,c,2025-02-24 19:48:10.583003
case_870,a,2025-02-24 19:53:10.583003
case_870,b,2025-02-24 19:58:10.583003
case_870,a,2025-02-24 20:03:10.583003
case_870,c,2025-02-24 20:08:10.583003
case_870,b,2025-02-24 20:13:10.583003
case_870,c,2025-02-24 20:18:10.583003
case_870,b,2025-02-24 20:23:10.583003
case_870,c,2025-02-24 20:28:10.583003
case_870,c,2025-02-24 20:33:10.583003
case_870,b,2025-02-24 20:38:10.583003
case_870,c,2025-02-24 20:43:10.583003
case_870,a,2025-02-24 20:48:10.583003
case_870,a,2025-02-24 20:53:10.583003
case_870,b,2025-02-24 20:58:10.583003
case_870,c,2025-02-24 21:03:10.583003
case_871,b,2025-02-24 19:28:10.583036
case_871,c,2025-02-24 19:33:10.583036
case_871,b,2025-02-24 19:38:10.583036
case_871,c,2025-02-24 19:43:10.583036
case_871,b,2025-02-24 19:48:10.583036
case_871,b,2025-02-24 19:53:10.583036
case_871,c,2025-02-24 19:58:10.583036
case_871,c,2025-02-24 20:03:10.583036
case_871,c,2025-02-24 20:08:10.583036
case_871,c,2025-02-24 20:13:10.583036
case_871,b,2025-02-24 20:18:10.583036
case_871,c,2025-02-24 20:23:10.583036
case_871,a,2025-02-24 20:28:10.583036
case_871,a,2025-02-24 20:33:10.583036
case_871,b,2025-02-24 20:38:10.583036
case_871,a,2025-02-24 20:43:10.583036
case_871,b,2025-02-24 20:48:10.583036
case_871,b,2025-02-24 20:53:10.583036
case_871,c,2025-02-24 20:58:10.583036
case_871,b,2025-02-24 21:03:10.583036
case_872,b,2025-02-24 19:28:10.583066
case_872,a,2025-02-24 19:33:10.583066
case_872,b,2025-02-24 19:38:10.583066
case_872,b,2025-02-24 19:43:10.583066
case_872,b,2025-02-24 19:48:10.583066
case_872,c,2025-02-24 19:53:10.583066
case_872,b,2025-02-24 19:58:10.583066
case_872,a,2025-02-24 20:03:10.583066
case_872,c,2025-02-24 20:08:10.583066
case_872,c,2025-02-24 20:13:10.583066
case_872,c,2025-02-24 20:18:10.583066
case_872,c,2025-02-24 20:23:10.583066
case_872,c,2025-02-24 20:28:10.583066
case_872,c,2025-02-24 20:33:10.583066
case_872,b,2025-02-24 20:38:10.583066
case_872,a,2025-02-24 20:43:10.583066
case_872,b,2025-02-24 20:48:10.583066
case_872,c,2025-02-24 20:53:10.583066
case_872,a,2025-02-24 20:58:10.583066
case_872,a,2025-02-24 21:03:10.583066
case_873,a,2025-02-24 19:28:10.583097
case_873,c,2025-02-24 19:33:10.583097
case_873,c,2025-02-24 19:38:10.583097
case_873,c,2025-02-24 19:43:10.583097
case_873,a,2025-02-24 19:48:10.583097
case_873,b,2025-02-24 19:53:10.583097
case_873,b,2025-02-24 19:58:10.583097
case_873,c,2025-02-24 20:03:10.583097
case_873,a,2025-02-24 20:08:10.583097
case_873,b,2025-02-24 20:13:10.583097
case_873,c,2025-02-24 20:18:10.583097
case_873,a,2025-02-24 20:23:10.583097
case_873,a,2025-02-24 20:28:10.583097
case_873,b,2025-02-24 20:33:10.583097
case_873,c,2025-02-24 20:38:10.583097
case_873,c,2025-02-24 20:43:10.583097
case_873,b,2025-02-24 20:48:10.583097
case_873,b,2025-02-24 20:53:10.583097
case_873,c,2025-02-24 20:58:10.583097
case_873,a,2025-02-24 21:03:10.583097
case_874,a,2025-02-24 19:28:10.583127
case_874,b,2025-02-24 19:33:10.583127
case_874,c,2025-02-24 19:38:10.583127
case_874,a,2025-02-24 19:43:10.583127
case_874,a,2025-02-24 19:48:10.583127
case_874,c,2025-02-24 19:53:10.583127
case_874,c,2025-02-24 19:58:10.583127
case_874,c,2025-02-24 20:03:10.583127
case_874,c,2025-02-24 20:08:10.583127
case_874,a,2025-02-24 20:13:10.583127
case_874,b,2025-02-24 20:18:10.583127
case_874,c,2025-02-24 20:23:10.583127
case_874,b,2025-02-24 20:28:10.583127
case_874,c,2025-02-24 20:33:10.583127
case_874,c,2025-02-24 20:38:10.583127
case_874,a,2025-02-24 20:43:10.583127
case_874,c,2025-02-24 20:48:10.583127
case_874,b,2025-02-24 20:53:10.583127
case_874,b,2025-02-24 20:58:10.583127
case_874,b,2025-02-24 21:03:10.583127
case_875,b,2025-02-24 19:28:10.583157
case_875,c,2025-02-24 19:33:10.583157
case_875,c,2025-02-24 19:38:10.583157
case_875,c,2025-02-24 19:43:10.583157
case_875,a,2025-02-24 19:48:10.583157
case_875,c,2025-02-24 19:53:10.583157
case_875,b,2025-02-24 19:58:10.583157
case_875,a,2025-02-24 20:03:10.583157
case_875,b,2025-02-24 20:08:10.583157
case_875,c,2025-02-24 20:13:10.583157
case_875,c,2025-02-24 20:18:10.583157
case_875,c,2025-02-24 20:23:10.583157
case_875,a,2025-02-24 20:28:10.583157
case_875,a,2025-02-24 20:33:10.583157
case_875,c,2025-02-24 20:38:10.583157
case_875,a,2025-02-24 20:43:10.583157
case_875,a,2025-02-24 20:48:10.583157
case_875,a,2025-02-24 20:53:10.583157
case_875,a,2025-02-24 20:58:10.583157
case_875,b,2025-02-24 21:03:10.583157
case_876,c,2025-02-24 19:28:10.583188
case_876,b,2025-02-24 19:33:10.583188
case_876,c,2025-02-24 19:38:10.583188
case_876,a,2025-02-24 19:43:10.583188
case_876,c,2025-02-24 19:48:10.583188
case_876,a,2025-02-24 19:53:10.583188
case_876,b,2025-02-24 19:58:10.583188
case_876,b,2025-02-24 20:03:10.583188
case_876,c,2025-02-24 20:08:10.583188
case_876,c,2025-02-24 20:13:10.583188
case_876,b,2025-02-24 20:18:10.583188
case_876,c,2025-02-24 20:23:10.583188
case_876,b,2025-02-24 20:28:10.583188
case_876,b,2025-02-24 20:33:10.583188
case_876,b,2025-02-24 20:38:10.583188
case_876,a,2025-02-24 20:43:10.583188
case_876,c,2025-02-24 20:48:10.583188
case_876,b,2025-02-24 20:53:10.583188
case_876,a,2025-02-24 20:58:10.583188
case_876,a,2025-02-24 21:03:10.583188
case_877,a,2025-02-24 19:28:10.583218
case_877,a,2025-02-24 19:33:10.583218
case_877,b,2025-02-24 19:38:10.583218
case_877,c,2025-02-24 19:43:10.583218
case_877,c,2025-02-24 19:48:10.583218
case_877,a,2025-02-24 19:53:10.583218
case_877,a,2025-02-24 19:58:10.583218
case_877,b,2025-02-24 20:03:10.583218
case_877,b,2025-02-24 20:08:10.583218
case_877,a,2025-02-24 20:13:10.583218
case_877,a,2025-02-24 20:18:10.583218
case_877,c,2025-02-24 20:23:10.583218
case_877,a,2025-02-24 20:28:10.583218
case_877,b,2025-02-24 20:33:10.583218
case_877,b,2025-02-24 20:38:10.583218
case_877,a,2025-02-24 20:43:10.583218
case_877,a,2025-02-24 20:48:10.583218
case_877,c,2025-02-24 20:53:10.583218
case_877,a,2025-02-24 20:58:10.583218
case_877,b,2025-02-24 21:03:10.583218
case_878,a,2025-02-24 19:28:10.583249
case_878,b,2025-02-24 19:33:10.583249
case_878,b,2025-02-24 19:38:10.583249
case_878,b,2025-02-24 19:43:10.583249
case_878,b,2025-02-24 19:48:10.583249
case_878,b,2025-02-24 19:53:10.583249
case_878,c,2025-02-24 19:58:10.583249
case_878,c,2025-02-24 20:03:10.583249
case_878,b,2025-02-24 20:08:10.583249
case_878,b,2025-02-24 20:13:10.583249
case_878,c,2025-02-24 20:18:10.583249
case_878,b,2025-02-24 20:23:10.583249
case_878,b,2025-02-24 20:28:10.583249
case_878,c,2025-02-24 20:33:10.583249
case_878,c,2025-02-24 20:38:10.583249
case_878,c,2025-02-24 20:43:10.583249
case_878,c,2025-02-24 20:48:10.583249
case_878,a,2025-02-24 20:53:10.583249
case_878,a,2025-02-24 20:58:10.583249
case_878,b,2025-02-24 21:03:10.583249
case_879,b,2025-02-24 19:28:10.583279
case_879,a,2025-02-24 19:33:10.583279
case_879,a,2025-02-24 19:38:10.583279
case_879,c,2025-02-24 19:43:10.583279
case_879,a,2025-02-24 19:48:10.583279
case_879,b,2025-02-24 19:53:10.583279
case_879,b,2025-02-24 19:58:10.583279
case_879,c,2025-02-24 20:03:10.583279
case_879,a,2025-02-24 20:08:10.583279
case_879,b,2025-02-24 20:13:10.583279
case_879,a,2025-02-24 20:18:10.583279
case_879,b,2025-02-24 20:23:10.583279
case_879,c,2025-02-24 20:28:10.583279
case_879,b,2025-02-24 20:33:10.583279
case_879,c,2025-02-24 20:38:10.583279
case_879,c,2025-02-24 20:43:10.583279
case_879,c,2025-02-24 20:48:10.583279
case_879,b,2025-02-24 20:53:10.583279
case_879,c,2025-02-24 20:58:10.583279
case_879,b,2025-02-24 21:03:10.583279
case_880,b,2025-02-24 19:28:10.583309
case_880,b,2025-02-24 19:33:10.583309
case_880,c,2025-02-24 19:38:10.583309
case_880,b,2025-02-24 19:43:10.583309
case_880,a,2025-02-24 19:48:10.583309
case_880,b,2025-02-24 19:53:10.583309
case_880,b,2025-02-24 19:58:10.583309
case_880,a,2025-02-24 20:03:10.583309
case_880,c,2025-02-24 20:08:10.583309
case_880,a,2025-02-24 20:13:10.583309
case_880,b,2025-02-24 20:18:10.583309
case_880,b,2025-02-24 20:23:10.583309
case_880,a,2025-02-24 20:28:10.583309
case_880,a,2025-02-24 20:33:10.583309
case_880,b,2025-02-24 20:38:10.583309
case_880,a,2025-02-24 20:43:10.583309
case_880,a,2025-02-24 20:48:10.583309
case_880,a,2025-02-24 20:53:10.583309
case_880,a,2025-02-24 20:58:10.583309
case_880,a,2025-02-24 21:03:10.583309
case_881,c,2025-02-24 19:28:10.583342
case_881,a,2025-02-24 19:33:10.583342
case_881,a,2025-02-24 19:38:10.583342
case_881,c,2025-02-24 19:43:10.583342
case_881,a,2025-02-24 19:48:10.583342
case_881,b,2025-02-24 19:53:10.583342
case_881,a,2025-02-24 19:58:10.583342
case_881,c,2025-02-24 20:03:10.583342
case_881,a,2025-02-24 20:08:10.583342
case_881,b,2025-02-24 20:13:10.583342
case_881,b,2025-02-24 20:18:10.583342
case_881,c,2025-02-24 20:23:10.583342
case_881,a,2025-02-24 20:28:10.583342
case_881,b,2025-02-24 20:33:10.583342
case_881,b,2025-02-24 20:38:10.583342
case_881,b,2025-02-24 20:43:10.583342
case_881,a,2025-02-24 20:48:10.583342
case_881,a,2025-02-24 20:53:10.583342
case_881,c,2025-02-24 20:58:10.583342
case_881,a,2025-02-24 21:03:10.583342
case_882,a,2025-02-24 19:28:10.583373
case_882,b,2025-02-24 19:33:10.583373
case_882,b,2025-02-24 19:38:10.583373
case_882,a,2025-02-24 19:43:10.583373
case_882,a,2025-02-24 19:48:10.583373
case_882,b,2025-02-24 19:53:10.583373
case_882,b,2025-02-24 19:58:10.583373
case_882,c,2025-02-24 20:03:10.583373
case_882,b,2025-02-24 20:08:10.583373
case_882,c,2025-02-24 20:13:10.583373
case_882,a,2025-02-24 20:18:10.583373
case_882,c,2025-02-24 20:23:10.583373
case_882,c,2025-02-24 20:28:10.583373
case_882,b,2025-02-24 20:33:10.583373
case_882,c,2025-02-24 20:38:10.583373
case_882,a,2025-02-24 20:43:10.583373
case_882,a,2025-02-24 20:48:10.583373
case_882,c,2025-02-24 20:53:10.583373
case_882,a,2025-02-24 20:58:10.583373
case_882,b,2025-02-24 21:03:10.583373
case_883,c,2025-02-24 19:28:10.583404
case_883,a,2025-02-24 19:33:10.583404
case_883,b,2025-02-24 19:38:10.583404
case_883,a,2025-02-24 19:43:10.583404
case_883,c,2025-02-24 19:48:10.583404
case_883,a,2025-02-24 19:53:10.583404
case_883,b,2025-02-24 19:58:10.583404
case_883,b,2025-02-24 20:03:10.583404
case_883,a,2025-02-24 20:08:10.583404
case_883,a,2025-02-24 20:13:10.583404
case_883,a,2025-02-24 20:18:10.583404
case_883,c,2025-02-24 20:23:10.583404
case_883,b,2025-02-24 20:28:10.583404
case_883,c,2025-02-24 20:33:10.583404
case_883,b,2025-02-24 20:38:10.583404
case_883,a,2025-02-24 20:43:10.583404
case_883,b,2025-02-24 20:48:10.583404
case_883,a,2025-02-24 20:53:10.583404
case_883,b,2025-02-24 20:58:10.583404
case_883,c,2025-02-24 21:03:10.583404
case_884,c,2025-02-24 19:28:10.583434
case_884,a,2025-02-24 19:33:10.583434
case_884,c,2025-02-24 19:38:10.583434
case_884,b,2025-02-24 19:43:10.583434
case_884,a,2025-02-24 19:48:10.583434
case_884,b,2025-02-24 19:53:10.583434
case_884,b,2025-02-24 19:58:10.583434
case_884,a,2025-02-24 20:03:10.583434
case_884,c,2025-02-24 20:08:10.583434
case_884,a,2025-02-24 20:13:10.583434
case_884,c,2025-02-24 20:18:10.583434
case_884,a,2025-02-24 20:23:10.583434
case_884,c,2025-02-24 20:28:10.583434
case_884,c,2025-02-24 20:33:10.583434
case_884,a,2025-02-24 20:38:10.583434
case_884,c,2025-02-24 20:43:10.583434
case_884,a,2025-02-24 20:48:10.583434
case_884,c,2025-02-24 20:53:10.583434
case_884,a,2025-02-24 20:58:10.583434
case_884,a,2025-02-24 21:03:10.583434
case_885,c,2025-02-24 19:28:10.583464
case_885,a,2025-02-24 19:33:10.583464
case_885,c,2025-02-24 19:38:10.583464
case_885,b,2025-02-24 19:43:10.583464
case_885,b,2025-02-24 19:48:10.583464
case_885,c,2025-02-24 19:53:10.583464
case_885,c,2025-02-24 19:58:10.583464
case_885,c,2025-02-24 20:03:10.583464
case_885,c,2025-02-24 20:08:10.583464
case_885,c,2025-02-24 20:13:10.583464
case_885,c,2025-02-24 20:18:10.583464
case_885,b,2025-02-24 20:23:10.583464
case_885,b,2025-02-24 20:28:10.583464
case_885,a,2025-02-24 20:33:10.583464
case_885,b,2025-02-24 20:38:10.583464
case_885,c,2025-02-24 20:43:10.583464
case_885,a,2025-02-24 20:48:10.583464
case_885,c,2025-02-24 20:53:10.583464
case_885,a,2025-02-24 20:58:10.583464
case_885,a,2025-02-24 21:03:10.583464
case_886,b,2025-02-24 19:28:10.583494
case_886,b,2025-02-24 19:33:10.583494
case_886,c,2025-02-24 19:38:10.583494
case_886,b,2025-02-24 19:43:10.583494
case_886,a,2025-02-24 19:48:10.583494
case_886,a,2025-02-24 19:53:10.583494
case_886,a,2025-02-24 19:58:10.583494
case_886,a,2025-02-24 20:03:10.583494
case_886,a,2025-02-24 20:08:10.583494
case_886,a,2025-02-24 20:13:10.583494
case_886,a,2025-02-24 20:18:10.583494
case_886,c,2025-02-24 20:23:10.583494
case_886,b,2025-02-24 20:28:10.583494
case_886,c,2025-02-24 20:33:10.583494
case_886,b,2025-02-24 20:38:10.583494
case_886,c,2025-02-24 20:43:10.583494
case_886,b,2025-02-24 20:48:10.583494
case_886,c,2025-02-24 20:53:10.583494
case_886,a,2025-02-24 20:58:10.583494
case_886,b,2025-02-24 21:03:10.583494
case_887,b,2025-02-24 19:28:10.583524
case_887,a,2025-02-24 19:33:10.583524
case_887,a,2025-02-24 19:38:10.583524
case_887,c,2025-02-24 19:43:10.583524
case_887,a,2025-02-24 19:48:10.583524
case_887,b,2025-02-24 19:53:10.583524
case_887,b,2025-02-24 19:58:10.583524
case_887,c,2025-02-24 20:03:10.583524
case_887,c,2025-02-24 20:08:10.583524
case_887,a,2025-02-24 20:13:10.583524
case_887,c,2025-02-24 20:18:10.583524
case_887,b,2025-02-24 20:23:10.583524
case_887,c,2025-02-24 20:28:10.583524
case_887,a,2025-02-24 20:33:10.583524
case_887,c,2025-02-24 20:38:10.583524
case_887,b,2025-02-24 20:43:10.583524
case_887,a,2025-02-24 20:48:10.583524
case_887,a,2025-02-24 20:53:10.583524
case_887,c,2025-02-24 20:58:10.583524
case_887,a,2025-02-24 21:03:10.583524
case_888,a,2025-02-24 19:28:10.583555
case_888,b,2025-02-24 19:33:10.583555
case_888,a,2025-02-24 19:38:10.583555
case_888,b,2025-02-24 19:43:10.583555
case_888,b,2025-02-24 19:48:10.583555
case_888,c,2025-02-24 19:53:10.583555
case_888,a,2025-02-24 19:58:10.583555
case_888,c,2025-02-24 20:03:10.583555
case_888,c,2025-02-24 20:08:10.583555
case_888,a,2025-02-24 20:13:10.583555
case_888,b,2025-02-24 20:18:10.583555
case_888,c,2025-02-24 20:23:10.583555
case_888,a,2025-02-24 20:28:10.583555
case_888,a,2025-02-24 20:33:10.583555
case_888,b,2025-02-24 20:38:10.583555
case_888,c,2025-02-24 20:43:10.583555
case_888,a,2025-02-24 20:48:10.583555
case_888,b,2025-02-24 20:53:10.583555
case_888,b,2025-02-24 20:58:10.583555
case_888,b,2025-02-24 21:03:10.583555
case_889,b,2025-02-24 19:28:10.583586
case_889,c,2025-02-24 19:33:10.583586
case_889,b,2025-02-24 19:38:10.583586
case_889,b,2025-02-24 19:43:10.583586
case_889,c,2025-02-24 19:48:10.583586
case_889,c,2025-02-24 19:53:10.583586
case_889,c,2025-02-24 19:58:10.583586
case_889,b,2025-02-24 20:03:10.583586
case_889,c,2025-02-24 20:08:10.583586
case_889,c,2025-02-24 20:13:10.583586
case_889,b,2025-02-24 20:18:10.583586
case_889,b,2025-02-24 20:23:10.583586
case_889,c,2025-02-24 20:28:10.583586
case_889,b,2025-02-24 20:33:10.583586
case_889,b,2025-02-24 20:38:10.583586
case_889,c,2025-02-24 20:43:10.583586
case_889,a,2025-02-24 20:48:10.583586
case_889,c,2025-02-24 20:53:10.583586
case_889,a,2025-02-24 20:58:10.583586
case_889,a,2025-02-24 21:03:10.583586
case_890,a,2025-02-24 19:28:10.583616
case_890,b,2025-02-24 19:33:10.583616
case_890,a,2025-02-24 19:38:10.583616
case_890,a,2025-02-24 19:43:10.583616
case_890,a,2025-02-24 19:48:10.583616
case_890,a,2025-02-24 19:53:10.583616
case_890,c,2025-02-24 19:58:10.583616
case_890,a,2025-02-24 20:03:10.583616
case_890,c,2025-02-24 20:08:10.583616
case_890,a,2025-02-24 20:13:10.583616
case_890,b,2025-02-24 20:18:10.583616
case_890,b,2025-02-24 20:23:10.583616
case_890,c,2025-02-24 20:28:10.583616
case_890,b,2025-02-24 20:33:10.583616
case_890,a,2025-02-24 20:38:10.583616
case_890,b,2025-02-24 20:43:10.583616
case_890,c,2025-02-24 20:48:10.583616
case_890,b,2025-02-24 20:53:10.583616
case_890,c,2025-02-24 20:58:10.583616
case_890,c,2025-02-24 21:03:10.583616
case_891,c,2025-02-24 19:28:10.583647
case_891,b,2025-02-24 19:33:10.583647
case_891,b,2025-02-24 19:38:10.583647
case_891,b,2025-02-24 19:43:10.583647
case_891,c,2025-02-24 19:48:10.583647
case_891,b,2025-02-24 19:53:10.583647
case_891,b,2025-02-24 19:58:10.583647
case_891,c,2025-02-24 20:03:10.583647
case_891,a,2025-02-24 20:08:10.583647
case_891,a,2025-02-24 20:13:10.583647
case_891,c,2025-02-24 20:18:10.583647
case_891,c,2025-02-24 20:23:10.583647
case_891,b,2025-02-24 20:28:10.583647
case_891,b,2025-02-24 20:33:10.583647
case_891,b,2025-02-24 20:38:10.583647
case_891,c,2025-02-24 20:43:10.583647
case_891,c,2025-02-24 20:48:10.583647
case_891,a,2025-02-24 20:53:10.583647
case_891,a,2025-02-24 20:58:10.583647
case_891,b,2025-02-24 21:03:10.583647
case_892,b,2025-02-24 19:28:10.583677
case_892,c,2025-02-24 19:33:10.583677
case_892,c,2025-02-24 19:38:10.583677
case_892,b,2025-02-24 19:43:10.583677
case_892,b,2025-02-24 19:48:10.583677
case_892,a,2025-02-24 19:53:10.583677
case_892,b,2025-02-24 19:58:10.583677
case_892,c,2025-02-24 20:03:10.583677
case_892,a,2025-02-24 20:08:10.583677
case_892,c,2025-02-24 20:13:10.583677
case_892,c,2025-02-24 20:18:10.583677
case_892,c,2025-02-24 20:23:10.583677
case_892,c,2025-02-24 20:28:10.583677
case_892,a,2025-02-24 20:33:10.583677
case_892,a,2025-02-24 20:38:10.583677
case_892,c,2025-02-24 20:43:10.583677
case_892,c,2025-02-24 20:48:10.583677
case_892,c,2025-02-24 20:53:10.583677
case_892,c,2025-02-24 20:58:10.583677
case_892,c,2025-02-24 21:03:10.583677
case_893,a,2025-02-24 19:28:10.583708
case_893,a,2025-02-24 19:33:10.583708
case_893,a,2025-02-24 19:38:10.583708
case_893,c,2025-02-24 19:43:10.583708
case_893,a,2025-02-24 19:48:10.583708
case_893,b,2025-02-24 19:53:10.583708
case_893,b,2025-02-24 19:58:10.583708
case_893,a,2025-02-24 20:03:10.583708
case_893,c,2025-02-24 20:08:10.583708
case_893,c,2025-02-24 20:13:10.583708
case_893,c,2025-02-24 20:18:10.583708
case_893,c,2025-02-24 20:23:10.583708
case_893,b,2025-02-24 20:28:10.583708
case_893,b,2025-02-24 20:33:10.583708
case_893,b,2025-02-24 20:38:10.583708
case_893,a,2025-02-24 20:43:10.583708
case_893,c,2025-02-24 20:48:10.583708
case_893,a,2025-02-24 20:53:10.583708
case_893,c,2025-02-24 20:58:10.583708
case_893,b,2025-02-24 21:03:10.583708
case_894,a,2025-02-24 19:28:10.583739
case_894,a,2025-02-24 19:33:10.583739
case_894,b,2025-02-24 19:38:10.583739
case_894,a,2025-02-24 19:43:10.583739
case_894,c,2025-02-24 19:48:10.583739
case_894,c,2025-02-24 19:53:10.583739
case_894,a,2025-02-24 19:58:10.583739
case_894,b,2025-02-24 20:03:10.583739
case_894,a,2025-02-24 20:08:10.583739
case_894,a,2025-02-24 20:13:10.583739
case_894,c,2025-02-24 20:18:10.583739
case_894,b,2025-02-24 20:23:10.583739
case_894,c,2025-02-24 20:28:10.583739
case_894,c,2025-02-24 20:33:10.583739
case_894,b,2025-02-24 20:38:10.583739
case_894,c,2025-02-24 20:43:10.583739
case_894,b,2025-02-24 20:48:10.583739
case_894,c,2025-02-24 20:53:10.583739
case_894,b,2025-02-24 20:58:10.583739
case_894,b,2025-02-24 21:03:10.583739
case_895,a,2025-02-24 19:28:10.583769
case_895,c,2025-02-24 19:33:10.583769
case_895,a,2025-02-24 19:38:10.583769
case_895,a,2025-02-24 19:43:10.583769
case_895,b,2025-02-24 19:48:10.583769
case_895,a,2025-02-24 19:53:10.583769
case_895,b,2025-02-24 19:58:10.583769
case_895,a,2025-02-24 20:03:10.583769
case_895,c,2025-02-24 20:08:10.583769
case_895,c,2025-02-24 20:13:10.583769
case_895,c,2025-02-24 20:18:10.583769
case_895,b,2025-02-24 20:23:10.583769
case_895,a,2025-02-24 20:28:10.583769
case_895,c,2025-02-24 20:33:10.583769
case_895,c,2025-02-24 20:38:10.583769
case_895,b,2025-02-24 20:43:10.583769
case_895,b,2025-02-24 20:48:10.583769
case_895,c,2025-02-24 20:53:10.583769
case_895,a,2025-02-24 20:58:10.583769
case_895,c,2025-02-24 21:03:10.583769
case_896,b,2025-02-24 19:28:10.583800
case_896,a,2025-02-24 19:33:10.583800
case_896,b,2025-02-24 19:38:10.583800
case_896,b,2025-02-24 19:43:10.583800
case_896,a,2025-02-24 19:48:10.583800
case_896,c,2025-02-24 19:53:10.583800
case_896,b,2025-02-24 19:58:10.583800
case_896,b,2025-02-24 20:03:10.583800
case_896,b,2025-02-24 20:08:10.583800
case_896,c,2025-02-24 20:13:10.583800
case_896,a,2025-02-24 20:18:10.583800
case_896,c,2025-02-24 20:23:10.583800
case_896,a,2025-02-24 20:28:10.583800
case_896,a,2025-02-24 20:33:10.583800
case_896,a,2025-02-24 20:38:10.583800
case_896,c,2025-02-24 20:43:10.583800
case_896,c,2025-02-24 20:48:10.583800
case_896,c,2025-02-24 20:53:10.583800
case_896,b,2025-02-24 20:58:10.583800
case_896,a,2025-02-24 21:03:10.583800
case_897,c,2025-02-24 19:28:10.583831
case_897,c,2025-02-24 19:33:10.583831
case_897,c,2025-02-24 19:38:10.583831
case_897,a,2025-02-24 19:43:10.583831
case_897,b,2025-02-24 19:48:10.583831
case_897,b,2025-02-24 19:53:10.583831
case_897,a,2025-02-24 19:58:10.583831
case_897,c,2025-02-24 20:03:10.583831
case_897,c,2025-02-24 20:08:10.583831
case_897,c,2025-02-24 20:13:10.583831
case_897,b,2025-02-24 20:18:10.583831
case_897,c,2025-02-24 20:23:10.583831
case_897,c,2025-02-24 20:28:10.583831
case_897,b,2025-02-24 20:33:10.583831
case_897,c,2025-02-24 20:38:10.583831
case_897,b,2025-02-24 20:43:10.583831
case_897,c,2025-02-24 20:48:10.583831
case_897,b,2025-02-24 20:53:10.583831
case_897,a,2025-02-24 20:58:10.583831
case_897,a,2025-02-24 21:03:10.583831
case_898,a,2025-02-24 19:28:10.583860
case_898,c,2025-02-24 19:33:10.583860
case_898,c,2025-02-24 19:38:10.583860
case_898,b,2025-02-24 19:43:10.583860
case_898,c,2025-02-24 19:48:10.583860
case_898,c,2025-02-24 19:53:10.583860
case_898,b,2025-02-24 19:58:10.583860
case_898,b,2025-02-24 20:03:10.583860
case_898,c,2025-02-24 20:08:10.583860
case_898,a,2025-02-24 20:13:10.583860
case_898,c,2025-02-24 20:18:10.583860
case_898,c,2025-02-24 20:23:10.583860
case_898,b,2025-02-24 20:28:10.583860
case_898,b,2025-02-24 20:33:10.583860
case_898,b,2025-02-24 20:38:10.583860
case_898,b,2025-02-24 20:43:10.583860
case_898,a,2025-02-24 20:48:10.583860
case_898,c,2025-02-24 20:53:10.583860
case_898,a,2025-02-24 20:58:10.583860
case_898,a,2025-02-24 21:03:10.583860
case_899,a,2025-02-24 19:28:10.583891
case_899,b,2025-02-24 19:33:10.583891
case_899,b,2025-02-24 19:38:10.583891
case_899,a,2025-02-24 19:43:10.583891
case_899,a,2025-02-24 19:48:10.583891
case_899,b,2025-02-24 19:53:10.583891
case_899,a,2025-02-24 19:58:10.583891
case_899,b,2025-02-24 20:03:10.583891
case_899,a,2025-02-24 20:08:10.583891
case_899,b,2025-02-24 20:13:10.583891
case_899,b,2025-02-24 20:18:10.583891
case_899,c,2025-02-24 20:23:10.583891
case_899,a,2025-02-24 20:28:10.583891
case_899,a,2025-02-24 20:33:10.583891
case_899,a,2025-02-24 20:38:10.583891
case_899,b,2025-02-24 20:43:10.583891
case_899,c,2025-02-24 20:48:10.583891
case_899,b,2025-02-24 20:53:10.583891
case_899,a,2025-02-24 20:58:10.583891
case_899,b,2025-02-24 21:03:10.583891
case_900,c,2025-02-24 19:28:10.583922
case_900,c,2025-02-24 19:33:10.583922
case_900,a,2025-02-24 19:38:10.583922
case_900,c,2025-02-24 19:43:10.583922
case_900,c,2025-02-24 19:48:10.583922
case_900,c,2025-02-24 19:53:10.583922
case_900,b,2025-02-24 19:58:10.583922
case_900,c,2025-02-24 20:03:10.583922
case_900,b,2025-02-24 20:08:10.583922
case_900,a,2025-02-24 20:13:10.583922
case_900,a,2025-02-24 20:18:10.583922
case_900,a,2025-02-24 20:23:10.583922
case_900,b,2025-02-24 20:28:10.583922
case_900,c,2025-02-24 20:33:10.583922
case_900,a,2025-02-24 20:38:10.583922
case_900,a,2025-02-24 20:43:10.583922
case_900,c,2025-02-24 20:48:10.583922
case_900,c,2025-02-24 20:53:10.583922
case_900,b,2025-02-24 20:58:10.583922
case_900,b,2025-02-24 21:03:10.583922
case_901,a,2025-02-24 19:28:10.583953
case_901,a,2025-02-24 19:33:10.583953
case_901,b,2025-02-24 19:38:10.583953
case_901,b,2025-02-24 19:43:10.583953
case_901,a,2025-02-24 19:48:10.583953
case_901,a,2025-02-24 19:53:10.583953
case_901,a,2025-02-24 19:58:10.583953
case_901,b,2025-02-24 20:03:10.583953
case_901,c,2025-02-24 20:08:10.583953
case_901,a,2025-02-24 20:13:10.583953
case_901,a,2025-02-24 20:18:10.583953
case_901,a,2025-02-24 20:23:10.583953
case_901,c,2025-02-24 20:28:10.583953
case_901,c,2025-02-24 20:33:10.583953
case_901,b,2025-02-24 20:38:10.583953
case_901,b,2025-02-24 20:43:10.583953
case_901,a,2025-02-24 20:48:10.583953
case_901,b,2025-02-24 20:53:10.583953
case_901,a,2025-02-24 20:58:10.583953
case_901,a,2025-02-24 21:03:10.583953
case_902,c,2025-02-24 19:28:10.583983
case_902,a,2025-02-24 19:33:10.583983
case_902,c,2025-02-24 19:38:10.583983
case_902,a,2025-02-24 19:43:10.583983
case_902,a,2025-02-24 19:48:10.583983
case_902,b,2025-02-24 19:53:10.583983
case_902,c,2025-02-24 19:58:10.583983
case_902,a,2025-02-24 20:03:10.583983
case_902,a,2025-02-24 20:08:10.583983
case_902,b,2025-02-24 20:13:10.583983
case_902,c,2025-02-24 20:18:10.583983
case_902,a,2025-02-24 20:23:10.583983
case_902,a,2025-02-24 20:28:10.583983
case_902,b,2025-02-24 20:33:10.583983
case_902,a,2025-02-24 20:38:10.583983
case_902,a,2025-02-24 20:43:10.583983
case_902,a,2025-02-24 20:48:10.583983
case_902,a,2025-02-24 20:53:10.583983
case_902,b,2025-02-24 20:58:10.583983
case_902,b,2025-02-24 21:03:10.583983
case_903,c,2025-02-24 19:28:10.584013
case_903,a,2025-02-24 19:33:10.584013
case_903,b,2025-02-24 19:38:10.584013
case_903,b,2025-02-24 19:43:10.584013
case_903,b,2025-02-24 19:48:10.584013
case_903,b,2025-02-24 19:53:10.584013
case_903,c,2025-02-24 19:58:10.584013
case_903,b,2025-02-24 20:03:10.584013
case_903,b,2025-02-24 20:08:10.584013
case_903,a,2025-02-24 20:13:10.584013
case_903,a,2025-02-24 20:18:10.584013
case_903,b,2025-02-24 20:23:10.584013
case_903,c,2025-02-24 20:28:10.584013
case_903,b,2025-02-24 20:33:10.584013
case_903,a,2025-02-24 20:38:10.584013
case_903,b,2025-02-24 20:43:10.584013
case_903,c,2025-02-24 20:48:10.584013
case_903,b,2025-02-24 20:53:10.584013
case_903,c,2025-02-24 20:58:10.584013
case_903,c,2025-02-24 21:03:10.584013
case_904,a,2025-02-24 19:28:10.584045
case_904,c,2025-02-24 19:33:10.584045
case_904,b,2025-02-24 19:38:10.584045
case_904,a,2025-02-24 19:43:10.584045
case_904,b,2025-02-24 19:48:10.584045
case_904,a,2025-02-24 19:53:10.584045
case_904,a,2025-02-24 19:58:10.584045
case_904,a,2025-02-24 20:03:10.584045
case_904,b,2025-02-24 20:08:10.584045
case_904,c,2025-02-24 20:13:10.584045
case_904,a,2025-02-24 20:18:10.584045
case_904,b,2025-02-24 20:23:10.584045
case_904,c,2025-02-24 20:28:10.584045
case_904,b,2025-02-24 20:33:10.584045
case_904,c,2025-02-24 20:38:10.584045
case_904,c,2025-02-24 20:43:10.584045
case_904,a,2025-02-24 20:48:10.584045
case_904,b,2025-02-24 20:53:10.584045
case_904,b,2025-02-24 20:58:10.584045
case_904,b,2025-02-24 21:03:10.584045
case_905,a,2025-02-24 19:28:10.584075
case_905,a,2025-02-24 19:33:10.584075
case_905,b,2025-02-24 19:38:10.584075
case_905,c,2025-02-24 19:43:10.584075
case_905,a,2025-02-24 19:48:10.584075
case_905,a,2025-02-24 19:53:10.584075
case_905,b,2025-02-24 19:58:10.584075
case_905,b,2025-02-24 20:03:10.584075
case_905,c,2025-02-24 20:08:10.584075
case_905,a,2025-02-24 20:13:10.584075
case_905,c,2025-02-24 20:18:10.584075
case_905,a,2025-02-24 20:23:10.584075
case_905,c,2025-02-24 20:28:10.584075
case_905,c,2025-02-24 20:33:10.584075
case_905,a,2025-02-24 20:38:10.584075
case_905,c,2025-02-24 20:43:10.584075
case_905,c,2025-02-24 20:48:10.584075
case_905,a,2025-02-24 20:53:10.584075
case_905,b,2025-02-24 20:58:10.584075
case_905,c,2025-02-24 21:03:10.584075
case_906,a,2025-02-24 19:28:10.584106
case_906,c,2025-02-24 19:33:10.584106
case_906,b,2025-02-24 19:38:10.584106
case_906,b,2025-02-24 19:43:10.584106
case_906,b,2025-02-24 19:48:10.584106
case_906,a,2025-02-24 19:53:10.584106
case_906,b,2025-02-24 19:58:10.584106
case_906,b,2025-02-24 20:03:10.584106
case_906,b,2025-02-24 20:08:10.584106
case_906,b,2025-02-24 20:13:10.584106
case_906,b,2025-02-24 20:18:10.584106
case_906,c,2025-02-24 20:23:10.584106
case_906,b,2025-02-24 20:28:10.584106
case_906,b,2025-02-24 20:33:10.584106
case_906,b,2025-02-24 20:38:10.584106
case_906,c,2025-02-24 20:43:10.584106
case_906,c,2025-02-24 20:48:10.584106
case_906,c,2025-02-24 20:53:10.584106
case_906,a,2025-02-24 20:58:10.584106
case_906,a,2025-02-24 21:03:10.584106
case_907,a,2025-02-24 19:28:10.584136
case_907,b,2025-02-24 19:33:10.584136
case_907,a,2025-02-24 19:38:10.584136
case_907,c,2025-02-24 19:43:10.584136
case_907,a,2025-02-24 19:48:10.584136
case_907,c,2025-02-24 19:53:10.584136
case_907,c,2025-02-24 19:58:10.584136
case_907,a,2025-02-24 20:03:10.584136
case_907,c,2025-02-24 20:08:10.584136
case_907,b,2025-02-24 20:13:10.584136
case_907,c,2025-02-24 20:18:10.584136
case_907,c,2025-02-24 20:23:10.584136
case_907,c,2025-02-24 20:28:10.584136
case_907,a,2025-02-24 20:33:10.584136
case_907,a,2025-02-24 20:38:10.584136
case_907,b,2025-02-24 20:43:10.584136
case_907,b,2025-02-24 20:48:10.584136
case_907,a,2025-02-24 20:53:10.584136
case_907,c,2025-02-24 20:58:10.584136
case_907,b,2025-02-24 21:03:10.584136
case_908,c,2025-02-24 19:28:10.584166
case_908,b,2025-02-24 19:33:10.584166
case_908,a,2025-02-24 19:38:10.584166
case_908,c,2025-02-24 19:43:10.584166
case_908,c,2025-02-24 19:48:10.584166
case_908,b,2025-02-24 19:53:10.584166
case_908,a,2025-02-24 19:58:10.584166
case_908,c,2025-02-24 20:03:10.584166
case_908,c,2025-02-24 20:08:10.584166
case_908,a,2025-02-24 20:13:10.584166
case_908,a,2025-02-24 20:18:10.584166
case_908,a,2025-02-24 20:23:10.584166
case_908,c,2025-02-24 20:28:10.584166
case_908,c,2025-02-24 20:33:10.584166
case_908,a,2025-02-24 20:38:10.584166
case_908,c,2025-02-24 20:43:10.584166
case_908,b,2025-02-24 20:48:10.584166
case_908,c,2025-02-24 20:53:10.584166
case_908,b,2025-02-24 20:58:10.584166
case_908,b,2025-02-24 21:03:10.584166
case_909,c,2025-02-24 19:28:10.584197
case_909,c,2025-02-24 19:33:10.584197
case_909,a,2025-02-24 19:38:10.584197
case_909,a,2025-02-24 19:43:10.584197
case_909,b,2025-02-24 19:48:10.584197
case_909,b,2025-02-24 19:53:10.584197
case_909,a,2025-02-24 19:58:10.584197
case_909,c,2025-02-24 20:03:10.584197
case_909,b,2025-02-24 20:08:10.584197
case_909,c,2025-02-24 20:13:10.584197
case_909,c,2025-02-24 20:18:10.584197
case_909,a,2025-02-24 20:23:10.584197
case_909,a,2025-02-24 20:28:10.584197
case_909,b,2025-02-24 20:33:10.584197
case_909,a,2025-02-24 20:38:10.584197
case_909,a,2025-02-24 20:43:10.584197
case_909,c,2025-02-24 20:48:10.584197
case_909,b,2025-02-24 20:53:10.584197
case_909,b,2025-02-24 20:58:10.584197
case_909,a,2025-02-24 21:03:10.584197
case_910,b,2025-02-24 19:28:10.584227
case_910,b,2025-02-24 19:33:10.584227
case_910,c,2025-02-24 19:38:10.584227
case_910,a,2025-02-24 19:43:10.584227
case_910,c,2025-02-24 19:48:10.584227
case_910,a,2025-02-24 19:53:10.584227
case_910,b,2025-02-24 19:58:10.584227
case_910,b,2025-02-24 20:03:10.584227
case_910,a,2025-02-24 20:08:10.584227
case_910,a,2025-02-24 20:13:10.584227
case_910,b,2025-02-24 20:18:10.584227
case_910,b,2025-02-24 20:23:10.584227
case_910,b,2025-02-24 20:28:10.584227
case_910,c,2025-02-24 20:33:10.584227
case_910,b,2025-02-24 20:38:10.584227
case_910,c,2025-02-24 20:43:10.584227
case_910,a,2025-02-24 20:48:10.584227
case_910,a,2025-02-24 20:53:10.584227
case_910,c,2025-02-24 20:58:10.584227
case_910,b,2025-02-24 21:03:10.584227
case_911,a,2025-02-24 19:28:10.584259
case_911,c,2025-02-24 19:33:10.584259
case_911,a,2025-02-24 19:38:10.584259
case_911,a,2025-02-24 19:43:10.584259
case_911,b,2025-02-24 19:48:10.584259
case_911,a,2025-02-24 19:53:10.584259
case_911,b,2025-02-24 19:58:10.584259
case_911,a,2025-02-24 20:03:10.584259
case_911,c,2025-02-24 20:08:10.584259
case_911,c,2025-02-24 20:13:10.584259
case_911,c,2025-02-24 20:18:10.584259
case_911,a,2025-02-24 20:23:10.584259
case_911,a,2025-02-24 20:28:10.584259
case_911,c,2025-02-24 20:33:10.584259
case_911,c,2025-02-24 20:38:10.584259
case_911,c,2025-02-24 20:43:10.584259
case_911,a,2025-02-24 20:48:10.584259
case_911,c,2025-02-24 20:53:10.584259
case_911,b,2025-02-24 20:58:10.584259
case_911,b,2025-02-24 21:03:10.584259
case_912,a,2025-02-24 19:28:10.584289
case_912,b,2025-02-24 19:33:10.584289
case_912,a,2025-02-24 19:38:10.584289
case_912,b,2025-02-24 19:43:10.584289
case_912,b,2025-02-24 19:48:10.584289
case_912,c,2025-02-24 19:53:10.584289
case_912,b,2025-02-24 19:58:10.584289
case_912,a,2025-02-24 20:03:10.584289
case_912,a,2025-02-24 20:08:10.584289
case_912,a,2025-02-24 20:13:10.584289
case_912,c,2025-02-24 20:18:10.584289
case_912,b,2025-02-24 20:23:10.584289
case_912,b,2025-02-24 20:28:10.584289
case_912,a,2025-02-24 20:33:10.584289
case_912,a,2025-02-24 20:38:10.584289
case_912,a,2025-02-24 20:43:10.584289
case_912,c,2025-02-24 20:48:10.584289
case_912,b,2025-02-24 20:53:10.584289
case_912,a,2025-02-24 20:58:10.584289
case_912,c,2025-02-24 21:03:10.584289
case_913,b,2025-02-24 19:28:10.584319
case_913,a,2025-02-24 19:33:10.584319
case_913,a,2025-02-24 19:38:10.584319
case_913,a,2025-02-24 19:43:10.584319
case_913,b,2025-02-24 19:48:10.584319
case_913,a,2025-02-24 19:53:10.584319
case_913,c,2025-02-24 19:58:10.584319
case_913,c,2025-02-24 20:03:10.584319
case_913,c,2025-02-24 20:08:10.584319
case_913,c,2025-02-24 20:13:10.584319
case_913,b,2025-02-24 20:18:10.584319
case_913,b,2025-02-24 20:23:10.584319
case_913,c,2025-02-24 20:28:10.584319
case_913,a,2025-02-24 20:33:10.584319
case_913,c,2025-02-24 20:38:10.584319
case_913,b,2025-02-24 20:43:10.584319
case_913,a,2025-02-24 20:48:10.584319
case_913,b,2025-02-24 20:53:10.584319
case_913,b,2025-02-24 20:58:10.584319
case_913,c,2025-02-24 21:03:10.584319
case_914,a,2025-02-24 19:28:10.584351
case_914,b,2025-02-24 19:33:10.584351
case_914,c,2025-02-24 19:38:10.584351
case_914,b,2025-02-24 19:43:10.584351
case_914,c,2025-02-24 19:48:10.584351
case_914,a,2025-02-24 19:53:10.584351
case_914,c,2025-02-24 19:58:10.584351
case_914,a,2025-02-24 20:03:10.584351
case_914,a,2025-02-24 20:08:10.584351
case_914,a,2025-02-24 20:13:10.584351
case_914,c,2025-02-24 20:18:10.584351
case_914,c,2025-02-24 20:23:10.584351
case_914,c,2025-02-24 20:28:10.584351
case_914,b,2025-02-24 20:33:10.584351
case_914,b,2025-02-24 20:38:10.584351
case_914,a,2025-02-24 20:43:10.584351
case_914,c,2025-02-24 20:48:10.584351
case_914,a,2025-02-24 20:53:10.584351
case_914,a,2025-02-24 20:58:10.584351
case_914,c,2025-02-24 21:03:10.584351
case_915,a,2025-02-24 19:28:10.584381
case_915,b,2025-02-24 19:33:10.584381
case_915,a,2025-02-24 19:38:10.584381
case_915,b,2025-02-24 19:43:10.584381
case_915,b,2025-02-24 19:48:10.584381
case_915,a,2025-02-24 19:53:10.584381
case_915,c,2025-02-24 19:58:10.584381
case_915,c,2025-02-24 20:03:10.584381
case_915,a,2025-02-24 20:08:10.584381
case_915,b,2025-02-24 20:13:10.584381
case_915,b,2025-02-24 20:18:10.584381
case_915,a,2025-02-24 20:23:10.584381
case_915,c,2025-02-24 20:28:10.584381
case_915,a,2025-02-24 20:33:10.584381
case_915,b,2025-02-24 20:38:10.584381
case_915,b,2025-02-24 20:43:10.584381
case_915,a,2025-02-24 20:48:10.584381
case_915,a,2025-02-24 20:53:10.584381
case_915,c,2025-02-24 20:58:10.584381
case_915,b,2025-02-24 21:03:10.584381
case_916,c,2025-02-24 19:28:10.584412
case_916,b,2025-02-24 19:33:10.584412
case_916,a,2025-02-24 19:38:10.584412
case_916,c,2025-02-24 19:43:10.584412
case_916,b,2025-02-24 19:48:10.584412
case_916,a,2025-02-24 19:53:10.584412
case_916,a,2025-02-24 19:58:10.584412
case_916,c,2025-02-24 20:03:10.584412
case_916,b,2025-02-24 20:08:10.584412
case_916,c,2025-02-24 20:13:10.584412
case_916,b,2025-02-24 20:18:10.584412
case_916,a,2025-02-24 20:23:10.584412
case_916,b,2025-02-24 20:28:10.584412
case_916,b,2025-02-24 20:33:10.584412
case_916,c,2025-02-24 20:38:10.584412
case_916,c,2025-02-24 20:43:10.584412
case_916,b,2025-02-24 20:48:10.584412
case_916,c,2025-02-24 20:53:10.584412
case_916,c,2025-02-24 20:58:10.584412
case_916,a,2025-02-24 21:03:10.584412
case_917,a,2025-02-24 19:28:10.584442
case_917,a,2025-02-24 19:33:10.584442
case_917,a,2025-02-24 19:38:10.584442
case_917,b,2025-02-24 19:43:10.584442
case_917,a,2025-02-24 19:48:10.584442
case_917,b,2025-02-24 19:53:10.584442
case_917,a,2025-02-24 19:58:10.584442
case_917,b,2025-02-24 20:03:10.584442
case_917,b,2025-02-24 20:08:10.584442
case_917,a,2025-02-24 20:13:10.584442
case_917,b,2025-02-24 20:18:10.584442
case_917,c,2025-02-24 20:23:10.584442
case_917,c,2025-02-24 20:28:10.584442
case_917,a,2025-02-24 20:33:10.584442
case_917,a,2025-02-24 20:38:10.584442
case_917,a,2025-02-24 20:43:10.584442
case_917,b,2025-02-24 20:48:10.584442
case_917,a,2025-02-24 20:53:10.584442
case_917,b,2025-02-24 20:58:10.584442
case_917,a,2025-02-24 21:03:10.584442
case_918,b,2025-02-24 19:28:10.584471
case_918,c,2025-02-24 19:33:10.584471
case_918,c,2025-02-24 19:38:10.584471
case_918,b,2025-02-24 19:43:10.584471
case_918,b,2025-02-24 19:48:10.584471
case_918,c,2025-02-24 19:53:10.584471
case_918,b,2025-02-24 19:58:10.584471
case_918,b,2025-02-24 20:03:10.584471
case_918,b,2025-02-24 20:08:10.584471
case_918,b,2025-02-24 20:13:10.584471
case_918,a,2025-02-24 20:18:10.584471
case_918,b,2025-02-24 20:23:10.584471
case_918,a,2025-02-24 20:28:10.584471
case_918,c,2025-02-24 20:33:10.584471
case_918,a,2025-02-24 20:38:10.584471
case_918,a,2025-02-24 20:43:10.584471
case_918,b,2025-02-24 20:48:10.584471
case_918,c,2025-02-24 20:53:10.584471
case_918,b,2025-02-24 20:58:10.584471
case_918,a,2025-02-24 21:03:10.584471
case_919,a,2025-02-24 19:28:10.584502
case_919,c,2025-02-24 19:33:10.584502
case_919,c,2025-02-24 19:38:10.584502
case_919,b,2025-02-24 19:43:10.584502
case_919,b,2025-02-24 19:48:10.584502
case_919,b,2025-02-24 19:53:10.584502
case_919,c,2025-02-24 19:58:10.584502
case_919,a,2025-02-24 20:03:10.584502
case_919,b,2025-02-24 20:08:10.584502
case_919,c,2025-02-24 20:13:10.584502
case_919,c,2025-02-24 20:18:10.584502
case_919,b,2025-02-24 20:23:10.584502
case_919,b,2025-02-24 20:28:10.584502
case_919,c,2025-02-24 20:33:10.584502
case_919,a,2025-02-24 20:38:10.584502
case_919,a,2025-02-24 20:43:10.584502
case_919,c,2025-02-24 20:48:10.584502
case_919,c,2025-02-24 20:53:10.584502
case_919,b,2025-02-24 20:58:10.584502
case_919,c,2025-02-24 21:03:10.584502
case_920,a,2025-02-24 19:28:10.584532
case_920,b,2025-02-24 19:33:10.584532
case_920,a,2025-02-24 19:38:10.584532
case_920,a,2025-02-24 19:43:10.584532
case_920,c,2025-02-24 19:48:10.584532
case_920,c,2025-02-24 19:53:10.584532
case_920,b,2025-02-24 19:58:10.584532
case_920,c,2025-02-24 20:03:10.584532
case_920,a,2025-02-24 20:08:10.584532
case_920,b,2025-02-24 20:13:10.584532
case_920,b,2025-02-24 20:18:10.584532
case_920,b,2025-02-24 20:23:10.584532
case_920,b,2025-02-24 20:28:10.584532
case_920,c,2025-02-24 20:33:10.584532
case_920,c,2025-02-24 20:38:10.584532
case_920,a,2025-02-24 20:43:10.584532
case_920,b,2025-02-24 20:48:10.584532
case_920,a,2025-02-24 20:53:10.584532
case_920,a,2025-02-24 20:58:10.584532
case_920,a,2025-02-24 21:03:10.584532
case_921,c,2025-02-24 19:28:10.584562
case_921,a,2025-02-24 19:33:10.584562
case_921,a,2025-02-24 19:38:10.584562
case_921,b,2025-02-24 19:43:10.584562
case_921,c,2025-02-24 19:48:10.584562
case_921,c,2025-02-24 19:53:10.584562
case_921,c,2025-02-24 19:58:10.584562
case_921,a,2025-02-24 20:03:10.584562
case_921,c,2025-02-24 20:08:10.584562
case_921,a,2025-02-24 20:13:10.584562
case_921,c,2025-02-24 20:18:10.584562
case_921,a,2025-02-24 20:23:10.584562
case_921,a,2025-02-24 20:28:10.584562
case_921,c,2025-02-24 20:33:10.584562
case_921,b,2025-02-24 20:38:10.584562
case_921,a,2025-02-24 20:43:10.584562
case_921,c,2025-02-24 20:48:10.584562
case_921,a,2025-02-24 20:53:10.584562
case_921,b,2025-02-24 20:58:10.584562
case_921,b,2025-02-24 21:03:10.584562
case_922,c,2025-02-24 19:28:10.584593
case_922,c,2025-02-24 19:33:10.584593
case_922,b,2025-02-24 19:38:10.584593
case_922,b,2025-02-24 19:43:10.584593
case_922,b,2025-02-24 19:48:10.584593
case_922,c,2025-02-24 19:53:10.584593
case_922,a,2025-02-24 19:58:10.584593
case_922,c,2025-02-24 20:03:10.584593
case_922,a,2025-02-24 20:08:10.584593
case_922,b,2025-02-24 20:13:10.584593
case_922,b,2025-02-24 20:18:10.584593
case_922,b,2025-02-24 20:23:10.584593
case_922,c,2025-02-24 20:28:10.584593
case_922,b,2025-02-24 20:33:10.584593
case_922,b,2025-02-24 20:38:10.584593
case_922,b,2025-02-24 20:43:10.584593
case_922,a,2025-02-24 20:48:10.584593
case_922,c,2025-02-24 20:53:10.584593
case_922,a,2025-02-24 20:58:10.584593
case_922,a,2025-02-24 21:03:10.584593
case_923,a,2025-02-24 19:28:10.584622
case_923,a,2025-02-24 19:33:10.584622
case_923,a,2025-02-24 19:38:10.584622
case_923,b,2025-02-24 19:43:10.584622
case_923,b,2025-02-24 19:48:10.584622
case_923,a,2025-02-24 19:53:10.584622
case_923,a,2025-02-24 19:58:10.584622
case_923,a,2025-02-24 20:03:10.584622
case_923,b,2025-02-24 20:08:10.584622
case_923,c,2025-02-24 20:13:10.584622
case_923,a,2025-02-24 20:18:10.584622
case_923,b,2025-02-24 20:23:10.584622
case_923,b,2025-02-24 20:28:10.584622
case_923,b,2025-02-24 20:33:10.584622
case_923,b,2025-02-24 20:38:10.584622
case_923,a,2025-02-24 20:43:10.584622
case_923,a,2025-02-24 20:48:10.584622
case_923,c,2025-02-24 20:53:10.584622
case_923,a,2025-02-24 20:58:10.584622
case_923,a,2025-02-24 21:03:10.584622
case_924,a,2025-02-24 19:28:10.584653
case_924,a,2025-02-24 19:33:10.584653
case_924,c,2025-02-24 19:38:10.584653
case_924,b,2025-02-24 19:43:10.584653
case_924,b,2025-02-24 19:48:10.584653
case_924,a,2025-02-24 19:53:10.584653
case_924,c,2025-02-24 19:58:10.584653
case_924,a,2025-02-24 20:03:10.584653
case_924,c,2025-02-24 20:08:10.584653
case_924,b,2025-02-24 20:13:10.584653
case_924,b,2025-02-24 20:18:10.584653
case_924,c,2025-02-24 20:23:10.584653
case_924,c,2025-02-24 20:28:10.584653
case_924,c,2025-02-24 20:33:10.584653
case_924,a,2025-02-24 20:38:10.584653
case_924,c,2025-02-24 20:43:10.584653
case_924,c,2025-02-24 20:48:10.584653
case_924,c,2025-02-24 20:53:10.584653
case_924,b,2025-02-24 20:58:10.584653
case_924,c,2025-02-24 21:03:10.584653
case_925,a,2025-02-24 19:28:10.584684
case_925,c,2025-02-24 19:33:10.584684
case_925,b,2025-02-24 19:38:10.584684
case_925,c,2025-02-24 19:43:10.584684
case_925,c,2025-02-24 19:48:10.584684
case_925,a,2025-02-24 19:53:10.584684
case_925,b,2025-02-24 19:58:10.584684
case_925,a,2025-02-24 20:03:10.584684
case_925,b,2025-02-24 20:08:10.584684
case_925,a,2025-02-24 20:13:10.584684
case_925,b,2025-02-24 20:18:10.584684
case_925,a,2025-02-24 20:23:10.584684
case_925,a,2025-02-24 20:28:10.584684
case_925,c,2025-02-24 20:33:10.584684
case_925,c,2025-02-24 20:38:10.584684
case_925,a,2025-02-24 20:43:10.584684
case_925,b,2025-02-24 20:48:10.584684
case_925,a,2025-02-24 20:53:10.584684
case_925,b,2025-02-24 20:58:10.584684
case_925,b,2025-02-24 21:03:10.584684
case_926,c,2025-02-24 19:28:10.584714
case_926,b,2025-02-24 19:33:10.584714
case_926,b,2025-02-24 19:38:10.584714
case_926,a,2025-02-24 19:43:10.584714
case_926,b,2025-02-24 19:48:10.584714
case_926,c,2025-02-24 19:53:10.584714
case_926,c,2025-02-24 19:58:10.584714
case_926,c,2025-02-24 20:03:10.584714
case_926,c,2025-02-24 20:08:10.584714
case_926,c,2025-02-24 20:13:10.584714
case_926,c,2025-02-24 20:18:10.584714
case_926,b,2025-02-24 20:23:10.584714
case_926,c,2025-02-24 20:28:10.584714
case_926,c,2025-02-24 20:33:10.584714
case_926,c,2025-02-24 20:38:10.584714
case_926,b,2025-02-24 20:43:10.584714
case_926,b,2025-02-24 20:48:10.584714
case_926,c,2025-02-24 20:53:10.584714
case_926,a,2025-02-24 20:58:10.584714
case_926,a,2025-02-24 21:03:10.584714
case_927,c,2025-02-24 19:28:10.584744
case_927,b,2025-02-24 19:33:10.584744
case_927,b,2025-02-24 19:38:10.584744
case_927,a,2025-02-24 19:43:10.584744
case_927,a,2025-02-24 19:48:10.584744
case_927,c,2025-02-24 19:53:10.584744
case_927,a,2025-02-24 19:58:10.584744
case_927,c,2025-02-24 20:03:10.584744
case_927,b,2025-02-24 20:08:10.584744
case_927,a,2025-02-24 20:13:10.584744
case_927,b,2025-02-24 20:18:10.584744
case_927,b,2025-02-24 20:23:10.584744
case_927,c,2025-02-24 20:28:10.584744
case_927,c,2025-02-24 20:33:10.584744
case_927,a,2025-02-24 20:38:10.584744
case_927,c,2025-02-24 20:43:10.584744
case_927,b,2025-02-24 20:48:10.584744
case_927,c,2025-02-24 20:53:10.584744
case_927,c,2025-02-24 20:58:10.584744
case_927,a,2025-02-24 21:03:10.584744
case_928,b,2025-02-24 19:28:10.584774
case_928,a,2025-02-24 19:33:10.584774
case_928,c,2025-02-24 19:38:10.584774
case_928,b,2025-02-24 19:43:10.584774
case_928,a,2025-02-24 19:48:10.584774
case_928,c,2025-02-24 19:53:10.584774
case_928,b,2025-02-24 19:58:10.584774
case_928,b,2025-02-24 20:03:10.584774
case_928,b,2025-02-24 20:08:10.584774
case_928,b,2025-02-24 20:13:10.584774
case_928,a,2025-02-24 20:18:10.584774
case_928,b,2025-02-24 20:23:10.584774
case_928,c,2025-02-24 20:28:10.584774
case_928,b,2025-02-24 20:33:10.584774
case_928,b,2025-02-24 20:38:10.584774
case_928,c,2025-02-24 20:43:10.584774
case_928,c,2025-02-24 20:48:10.584774
case_928,b,2025-02-24 20:53:10.584774
case_928,a,2025-02-24 20:58:10.584774
case_928,a,2025-02-24 21:03:10.584774
case_929,a,2025-02-24 19:28:10.584805
case_929,c,2025-02-24 19:33:10.584805
case_929,b,2025-02-24 19:38:10.584805
case_929,a,2025-02-24 19:43:10.584805
case_929,b,2025-02-24 19:48:10.584805
case_929,c,2025-02-24 19:53:10.584805
case_929,b,2025-02-24 19:58:10.584805
case_929,c,2025-02-24 20:03:10.584805
case_929,a,2025-02-24 20:08:10.584805
case_929,c,2025-02-24 20:13:10.584805
case_929,b,2025-02-24 20:18:10.584805
case_929,a,2025-02-24 20:23:10.584805
case_929,b,2025-02-24 20:28:10.584805
case_929,c,2025-02-24 20:33:10.584805
case_929,a,2025-02-24 20:38:10.584805
case_929,c,2025-02-24 20:43:10.584805
case_929,a,2025-02-24 20:48:10.584805
case_929,a,2025-02-24 20:53:10.584805
case_929,b,2025-02-24 20:58:10.584805
case_929,b,2025-02-24 21:03:10.584805
case_930,b,2025-02-24 19:28:10.584835
case_930,a,2025-02-24 19:33:10.584835
case_930,c,2025-02-24 19:38:10.584835
case_930,b,2025-02-24 19:43:10.584835
case_930,c,2025-02-24 19:48:10.584835
case_930,b,2025-02-24 19:53:10.584835
case_930,a,2025-02-24 19:58:10.584835
case_930,c,2025-02-24 20:03:10.584835
case_930,a,2025-02-24 20:08:10.584835
case_930,c,2025-02-24 20:13:10.584835
case_930,a,2025-02-24 20:18:10.584835
case_930,a,2025-02-24 20:23:10.584835
case_930,a,2025-02-24 20:28:10.584835
case_930,c,2025-02-24 20:33:10.584835
case_930,b,2025-02-24 20:38:10.584835
case_930,b,2025-02-24 20:43:10.584835
case_930,a,2025-02-24 20:48:10.584835
case_930,c,2025-02-24 20:53:10.584835
case_930,a,2025-02-24 20:58:10.584835
case_930,a,2025-02-24 21:03:10.584835
case_931,a,2025-02-24 19:28:10.584864
case_931,a,2025-02-24 19:33:10.584864
case_931,b,2025-02-24 19:38:10.584864
case_931,a,2025-02-24 19:43:10.584864
case_931,b,2025-02-24 19:48:10.584864
case_931,a,2025-02-24 19:53:10.584864
case_931,a,2025-02-24 19:58:10.584864
case_931,a,2025-02-24 20:03:10.584864
case_931,c,2025-02-24 20:08:10.584864
case_931,b,2025-02-24 20:13:10.584864
case_931,c,2025-02-24 20:18:10.584864
case_931,b,2025-02-24 20:23:10.584864
case_931,c,2025-02-24 20:28:10.584864
case_931,c,2025-02-24 20:33:10.584864
case_931,c,2025-02-24 20:38:10.584864
case_931,c,2025-02-24 20:43:10.584864
case_931,a,2025-02-24 20:48:10.584864
case_931,c,2025-02-24 20:53:10.584864
case_931,b,2025-02-24 20:58:10.584864
case_931,b,2025-02-24 21:03:10.584864
case_932,c,2025-02-24 19:28:10.584895
case_932,c,2025-02-24 19:33:10.584895
case_932,a,2025-02-24 19:38:10.584895
case_932,a,2025-02-24 19:43:10.584895
case_932,a,2025-02-24 19:48:10.584895
case_932,c,2025-02-24 19:53:10.584895
case_932,c,2025-02-24 19:58:10.584895
case_932,c,2025-02-24 20:03:10.584895
case_932,c,2025-02-24 20:08:10.584895
case_932,c,2025-02-24 20:13:10.584895
case_932,a,2025-02-24 20:18:10.584895
case_932,a,2025-02-24 20:23:10.584895
case_932,a,2025-02-24 20:28:10.584895
case_932,b,2025-02-24 20:33:10.584895
case_932,c,2025-02-24 20:38:10.584895
case_932,b,2025-02-24 20:43:10.584895
case_932,a,2025-02-24 20:48:10.584895
case_932,c,2025-02-24 20:53:10.584895
case_932,b,2025-02-24 20:58:10.584895
case_932,b,2025-02-24 21:03:10.584895
case_933,b,2025-02-24 19:28:10.584924
case_933,c,2025-02-24 19:33:10.584924
case_933,b,2025-02-24 19:38:10.584924
case_933,c,2025-02-24 19:43:10.584924
case_933,a,2025-02-24 19:48:10.584924
case_933,c,2025-02-24 19:53:10.584924
case_933,c,2025-02-24 19:58:10.584924
case_933,b,2025-02-24 20:03:10.584924
case_933,c,2025-02-24 20:08:10.584924
case_933,c,2025-02-24 20:13:10.584924
case_933,a,2025-02-24 20:18:10.584924
case_933,c,2025-02-24 20:23:10.584924
case_933,a,2025-02-24 20:28:10.584924
case_933,c,2025-02-24 20:33:10.584924
case_933,a,2025-02-24 20:38:10.584924
case_933,b,2025-02-24 20:43:10.584924
case_933,a,2025-02-24 20:48:10.584924
case_933,c,2025-02-24 20:53:10.584924
case_933,a,2025-02-24 20:58:10.584924
case_933,a,2025-02-24 21:03:10.584924
case_934,a,2025-02-24 19:28:10.584955
case_934,b,2025-02-24 19:33:10.584955
case_934,b,2025-02-24 19:38:10.584955
case_934,b,2025-02-24 19:43:10.584955
case_934,b,2025-02-24 19:48:10.584955
case_934,a,2025-02-24 19:53:10.584955
case_934,b,2025-02-24 19:58:10.584955
case_934,b,2025-02-24 20:03:10.584955
case_934,c,2025-02-24 20:08:10.584955
case_934,b,2025-02-24 20:13:10.584955
case_934,b,2025-02-24 20:18:10.584955
case_934,c,2025-02-24 20:23:10.584955
case_934,c,2025-02-24 20:28:10.584955
case_934,c,2025-02-24 20:33:10.584955
case_934,a,2025-02-24 20:38:10.584955
case_934,a,2025-02-24 20:43:10.584955
case_934,a,2025-02-24 20:48:10.584955
case_934,b,2025-02-24 20:53:10.584955
case_934,b,2025-02-24 20:58:10.584955
case_934,a,2025-02-24 21:03:10.584955
case_935,a,2025-02-24 19:28:10.584985
case_935,a,2025-02-24 19:33:10.584985
case_935,b,2025-02-24 19:38:10.584985
case_935,b,2025-02-24 19:43:10.584985
case_935,a,2025-02-24 19:48:10.584985
case_935,a,2025-02-24 19:53:10.584985
case_935,a,2025-02-24 19:58:10.584985
case_935,b,2025-02-24 20:03:10.584985
case_935,c,2025-02-24 20:08:10.584985
case_935,c,2025-02-24 20:13:10.584985
case_935,c,2025-02-24 20:18:10.584985
case_935,c,2025-02-24 20:23:10.584985
case_935,c,2025-02-24 20:28:10.584985
case_935,b,2025-02-24 20:33:10.584985
case_935,c,2025-02-24 20:38:10.584985
case_935,a,2025-02-24 20:43:10.584985
case_935,b,2025-02-24 20:48:10.584985
case_935,b,2025-02-24 20:53:10.584985
case_935,a,2025-02-24 20:58:10.584985
case_935,c,2025-02-24 21:03:10.584985
case_936,a,2025-02-24 19:28:10.585015
case_936,b,2025-02-24 19:33:10.585015
case_936,b,2025-02-24 19:38:10.585015
case_936,c,2025-02-24 19:43:10.585015
case_936,c,2025-02-24 19:48:10.585015
case_936,c,2025-02-24 19:53:10.585015
case_936,a,2025-02-24 19:58:10.585015
case_936,c,2025-02-24 20:03:10.585015
case_936,c,2025-02-24 20:08:10.585015
case_936,c,2025-02-24 20:13:10.585015
case_936,a,2025-02-24 20:18:10.585015
case_936,c,2025-02-24 20:23:10.585015
case_936,c,2025-02-24 20:28:10.585015
case_936,b,2025-02-24 20:33:10.585015
case_936,b,2025-02-24 20:38:10.585015
case_936,b,2025-02-24 20:43:10.585015
case_936,c,2025-02-24 20:48:10.585015
case_936,b,2025-02-24 20:53:10.585015
case_936,a,2025-02-24 20:58:10.585015
case_936,a,2025-02-24 21:03:10.585015
case_937,a,2025-02-24 19:28:10.585047
case_937,b,2025-02-24 19:33:10.585047
case_937,c,2025-02-24 19:38:10.585047
case_937,b,2025-02-24 19:43:10.585047
case_937,b,2025-02-24 19:48:10.585047
case_937,b,2025-02-24 19:53:10.585047
case_937,b,2025-02-24 19:58:10.585047
case_937,b,2025-02-24 20:03:10.585047
case_937,a,2025-02-24 20:08:10.585047
case_937,a,2025-02-24 20:13:10.585047
case_937,a,2025-02-24 20:18:10.585047
case_937,a,2025-02-24 20:23:10.585047
case_937,b,2025-02-24 20:28:10.585047
case_937,c,2025-02-24 20:33:10.585047
case_937,c,2025-02-24 20:38:10.585047
case_937,a,2025-02-24 20:43:10.585047
case_937,c,2025-02-24 20:48:10.585047
case_937,c,2025-02-24 20:53:10.585047
case_937,a,2025-02-24 20:58:10.585047
case_937,a,2025-02-24 21:03:10.585047
case_938,a,2025-02-24 19:28:10.585077
case_938,a,2025-02-24 19:33:10.585077
case_938,a,2025-02-24 19:38:10.585077
case_938,a,2025-02-24 19:43:10.585077
case_938,c,2025-02-24 19:48:10.585077
case_938,a,2025-02-24 19:53:10.585077
case_938,b,2025-02-24 19:58:10.585077
case_938,c,2025-02-24 20:03:10.585077
case_938,a,2025-02-24 20:08:10.585077
case_938,b,2025-02-24 20:13:10.585077
case_938,b,2025-02-24 20:18:10.585077
case_938,a,2025-02-24 20:23:10.585077
case_938,c,2025-02-24 20:28:10.585077
case_938,c,2025-02-24 20:33:10.585077
case_938,c,2025-02-24 20:38:10.585077
case_938,a,2025-02-24 20:43:10.585077
case_938,a,2025-02-24 20:48:10.585077
case_938,a,2025-02-24 20:53:10.585077
case_938,c,2025-02-24 20:58:10.585077
case_938,c,2025-02-24 21:03:10.585077
case_939,b,2025-02-24 19:28:10.585109
case_939,c,2025-02-24 19:33:10.585109
case_939,a,2025-02-24 19:38:10.585109
case_939,b,2025-02-24 19:43:10.585109
case_939,c,2025-02-24 19:48:10.585109
case_939,a,2025-02-24 19:53:10.585109
case_939,b,2025-02-24 19:58:10.585109
case_939,a,2025-02-24 20:03:10.585109
case_939,c,2025-02-24 20:08:10.585109
case_939,b,2025-02-24 20:13:10.585109
case_939,b,2025-02-24 20:18:10.585109
case_939,c,2025-02-24 20:23:10.585109
case_939,a,2025-02-24 20:28:10.585109
case_939,a,2025-02-24 20:33:10.585109
case_939,c,2025-02-24 20:38:10.585109
case_939,b,2025-02-24 20:43:10.585109
case_939,a,2025-02-24 20:48:10.585109
case_939,a,2025-02-24 20:53:10.585109
case_939,b,2025-02-24 20:58:10.585109
case_939,c,2025-02-24 21:03:10.585109
case_940,a,2025-02-24 19:28:10.585140
case_940,b,2025-02-24 19:33:10.585140
case_940,b,2025-02-24 19:38:10.585140
case_940,b,2025-02-24 19:43:10.585140
case_940,c,2025-02-24 19:48:10.585140
case_940,b,2025-02-24 19:53:10.585140
case_940,c,2025-02-24 19:58:10.585140
case_940,a,2025-02-24 20:03:10.585140
case_940,c,2025-02-24 20:08:10.585140
case_940,c,2025-02-24 20:13:10.585140
case_940,c,2025-02-24 20:18:10.585140
case_940,b,2025-02-24 20:23:10.585140
case_940,a,2025-02-24 20:28:10.585140
case_940,c,2025-02-24 20:33:10.585140
case_940,a,2025-02-24 20:38:10.585140
case_940,c,2025-02-24 20:43:10.585140
case_940,b,2025-02-24 20:48:10.585140
case_940,c,2025-02-24 20:53:10.585140
case_940,a,2025-02-24 20:58:10.585140
case_940,a,2025-02-24 21:03:10.585140
case_941,a,2025-02-24 19:28:10.585170
case_941,b,2025-02-24 19:33:10.585170
case_941,a,2025-02-24 19:38:10.585170
case_941,b,2025-02-24 19:43:10.585170
case_941,a,2025-02-24 19:48:10.585170
case_941,c,2025-02-24 19:53:10.585170
case_941,a,2025-02-24 19:58:10.585170
case_941,c,2025-02-24 20:03:10.585170
case_941,b,2025-02-24 20:08:10.585170
case_941,b,2025-02-24 20:13:10.585170
case_941,c,2025-02-24 20:18:10.585170
case_941,c,2025-02-24 20:23:10.585170
case_941,c,2025-02-24 20:28:10.585170
case_941,a,2025-02-24 20:33:10.585170
case_941,b,2025-02-24 20:38:10.585170
case_941,c,2025-02-24 20:43:10.585170
case_941,b,2025-02-24 20:48:10.585170
case_941,c,2025-02-24 20:53:10.585170
case_941,a,2025-02-24 20:58:10.585170
case_941,a,2025-02-24 21:03:10.585170
case_942,c,2025-02-24 19:28:10.585201
case_942,a,2025-02-24 19:33:10.585201
case_942,a,2025-02-24 19:38:10.585201
case_942,b,2025-02-24 19:43:10.585201
case_942,a,2025-02-24 19:48:10.585201
case_942,c,2025-02-24 19:53:10.585201
case_942,b,2025-02-24 19:58:10.585201
case_942,c,2025-02-24 20:03:10.585201
case_942,c,2025-02-24 20:08:10.585201
case_942,b,2025-02-24 20:13:10.585201
case_942,c,2025-02-24 20:18:10.585201
case_942,a,2025-02-24 20:23:10.585201
case_942,a,2025-02-24 20:28:10.585201
case_942,a,2025-02-24 20:33:10.585201
case_942,a,2025-02-24 20:38:10.585201
case_942,c,2025-02-24 20:43:10.585201
case_942,a,2025-02-24 20:48:10.585201
case_942,c,2025-02-24 20:53:10.585201
case_942,b,2025-02-24 20:58:10.585201
case_942,b,2025-02-24 21:03:10.585201
case_943,b,2025-02-24 19:28:10.585232
case_943,b,2025-02-24 19:33:10.585232
case_943,b,2025-02-24 19:38:10.585232
case_943,a,2025-02-24 19:43:10.585232
case_943,c,2025-02-24 19:48:10.585232
case_943,a,2025-02-24 19:53:10.585232
case_943,b,2025-02-24 19:58:10.585232
case_943,b,2025-02-24 20:03:10.585232
case_943,a,2025-02-24 20:08:10.585232
case_943,b,2025-02-24 20:13:10.585232
case_943,a,2025-02-24 20:18:10.585232
case_943,c,2025-02-24 20:23:10.585232
case_943,a,2025-02-24 20:28:10.585232
case_943,c,2025-02-24 20:33:10.585232
case_943,a,2025-02-24 20:38:10.585232
case_943,c,2025-02-24 20:43:10.585232
case_943,a,2025-02-24 20:48:10.585232
case_943,b,2025-02-24 20:53:10.585232
case_943,a,2025-02-24 20:58:10.585232
case_943,a,2025-02-24 21:03:10.585232
case_944,a,2025-02-24 19:28:10.585262
case_944,c,2025-02-24 19:33:10.585262
case_944,c,2025-02-24 19:38:10.585262
case_944,b,2025-02-24 19:43:10.585262
case_944,c,2025-02-24 19:48:10.585262
case_944,a,2025-02-24 19:53:10.585262
case_944,b,2025-02-24 19:58:10.585262
case_944,a,2025-02-24 20:03:10.585262
case_944,c,2025-02-24 20:08:10.585262
case_944,b,2025-02-24 20:13:10.585262
case_944,c,2025-02-24 20:18:10.585262
case_944,c,2025-02-24 20:23:10.585262
case_944,a,2025-02-24 20:28:10.585262
case_944,b,2025-02-24 20:33:10.585262
case_944,c,2025-02-24 20:38:10.585262
case_944,c,2025-02-24 20:43:10.585262
case_944,a,2025-02-24 20:48:10.585262
case_944,a,2025-02-24 20:53:10.585262
case_944,b,2025-02-24 20:58:10.585262
case_944,b,2025-02-24 21:03:10.585262
case_945,c,2025-02-24 19:28:10.585294
case_945,a,2025-02-24 19:33:10.585294
case_945,b,2025-02-24 19:38:10.585294
case_945,b,2025-02-24 19:43:10.585294
case_945,c,2025-02-24 19:48:10.585294
case_945,c,2025-02-24 19:53:10.585294
case_945,a,2025-02-24 19:58:10.585294
case_945,c,2025-02-24 20:03:10.585294
case_945,b,2025-02-24 20:08:10.585294
case_945,a,2025-02-24 20:13:10.585294
case_945,b,2025-02-24 20:18:10.585294
case_945,c,2025-02-24 20:23:10.585294
case_945,b,2025-02-24 20:28:10.585294
case_945,c,2025-02-24 20:33:10.585294
case_945,b,2025-02-24 20:38:10.585294
case_945,c,2025-02-24 20:43:10.585294
case_945,a,2025-02-24 20:48:10.585294
case_945,a,2025-02-24 20:53:10.585294
case_945,a,2025-02-24 20:58:10.585294
case_945,a,2025-02-24 21:03:10.585294
case_946,c,2025-02-24 19:28:10.585326
case_946,a,2025-02-24 19:33:10.585326
case_946,c,2025-02-24 19:38:10.585326
case_946,c,2025-02-24 19:43:10.585326
case_946,c,2025-02-24 19:48:10.585326
case_946,c,2025-02-24 19:53:10.585326
case_946,b,2025-02-24 19:58:10.585326
case_946,a,2025-02-24 20:03:10.585326
case_946,c,2025-02-24 20:08:10.585326
case_946,b,2025-02-24 20:13:10.585326
case_946,c,2025-02-24 20:18:10.585326
case_946,a,2025-02-24 20:23:10.585326
case_946,a,2025-02-24 20:28:10.585326
case_946,a,2025-02-24 20:33:10.585326
case_946,b,2025-02-24 20:38:10.585326
case_946,b,2025-02-24 20:43:10.585326
case_946,b,2025-02-24 20:48:10.585326
case_946,c,2025-02-24 20:53:10.585326
case_946,c,2025-02-24 20:58:10.585326
case_946,a,2025-02-24 21:03:10.585326
case_947,a,2025-02-24 19:28:10.585357
case_947,a,2025-02-24 19:33:10.585357
case_947,a,2025-02-24 19:38:10.585357
case_947,a,2025-02-24 19:43:10.585357
case_947,a,2025-02-24 19:48:10.585357
case_947,b,2025-02-24 19:53:10.585357
case_947,c,2025-02-24 19:58:10.585357
case_947,c,2025-02-24 20:03:10.585357
case_947,c,2025-02-24 20:08:10.585357
case_947,b,2025-02-24 20:13:10.585357
case_947,b,2025-02-24 20:18:10.585357
case_947,a,2025-02-24 20:23:10.585357
case_947,b,2025-02-24 20:28:10.585357
case_947,a,2025-02-24 20:33:10.585357
case_947,c,2025-02-24 20:38:10.585357
case_947,c,2025-02-24 20:43:10.585357
case_947,c,2025-02-24 20:48:10.585357
case_947,c,2025-02-24 20:53:10.585357
case_947,c,2025-02-24 20:58:10.585357
case_947,a,2025-02-24 21:03:10.585357
case_948,b,2025-02-24 19:28:10.585387
case_948,c,2025-02-24 19:33:10.585387
case_948,b,2025-02-24 19:38:10.585387
case_948,c,2025-02-24 19:43:10.585387
case_948,c,2025-02-24 19:48:10.585387
case_948,a,2025-02-24 19:53:10.585387
case_948,b,2025-02-24 19:58:10.585387
case_948,c,2025-02-24 20:03:10.585387
case_948,a,2025-02-24 20:08:10.585387
case_948,a,2025-02-24 20:13:10.585387
case_948,a,2025-02-24 20:18:10.585387
case_948,c,2025-02-24 20:23:10.585387
case_948,c,2025-02-24 20:28:10.585387
case_948,a,2025-02-24 20:33:10.585387
case_948,b,2025-02-24 20:38:10.585387
case_948,a,2025-02-24 20:43:10.585387
case_948,a,2025-02-24 20:48:10.585387
case_948,c,2025-02-24 20:53:10.585387
case_948,c,2025-02-24 20:58:10.585387
case_948,c,2025-02-24 21:03:10.585387
case_949,c,2025-02-24 19:28:10.585417
case_949,c,2025-02-24 19:33:10.585417
case_949,b,2025-02-24 19:38:10.585417
case_949,c,2025-02-24 19:43:10.585417
case_949,c,2025-02-24 19:48:10.585417
case_949,b,2025-02-24 19:53:10.585417
case_949,c,2025-02-24 19:58:10.585417
case_949,c,2025-02-24 20:03:10.585417
case_949,b,2025-02-24 20:08:10.585417
case_949,a,2025-02-24 20:13:10.585417
case_949,c,2025-02-24 20:18:10.585417
case_949,a,2025-02-24 20:23:10.585417
case_949,c,2025-02-24 20:28:10.585417
case_949,b,2025-02-24 20:33:10.585417
case_949,a,2025-02-24 20:38:10.585417
case_949,a,2025-02-24 20:43:10.585417
case_949,a,2025-02-24 20:48:10.585417
case_949,c,2025-02-24 20:53:10.585417
case_949,b,2025-02-24 20:58:10.585417
case_949,b,2025-02-24 21:03:10.585417
case_950,b,2025-02-24 19:28:10.585448
case_950,a,2025-02-24 19:33:10.585448
case_950,b,2025-02-24 19:38:10.585448
case_950,b,2025-02-24 19:43:10.585448
case_950,b,2025-02-24 19:48:10.585448
case_950,b,2025-02-24 19:53:10.585448
case_950,c,2025-02-24 19:58:10.585448
case_950,b,2025-02-24 20:03:10.585448
case_950,c,2025-02-24 20:08:10.585448
case_950,a,2025-02-24 20:13:10.585448
case_950,c,2025-02-24 20:18:10.585448
case_950,a,2025-02-24 20:23:10.585448
case_950,a,2025-02-24 20:28:10.585448
case_950,a,2025-02-24 20:33:10.585448
case_950,b,2025-02-24 20:38:10.585448
case_950,c,2025-02-24 20:43:10.585448
case_950,a,2025-02-24 20:48:10.585448
case_950,b,2025-02-24 20:53:10.585448
case_950,b,2025-02-24 20:58:10.585448
case_950,c,2025-02-24 21:03:10.585448
case_951,c,2025-02-24 19:28:10.585478
case_951,b,2025-02-24 19:33:10.585478
case_951,b,2025-02-24 19:38:10.585478
case_951,a,2025-02-24 19:43:10.585478
case_951,b,2025-02-24 19:48:10.585478
case_951,a,2025-02-24 19:53:10.585478
case_951,b,2025-02-24 19:58:10.585478
case_951,a,2025-02-24 20:03:10.585478
case_951,a,2025-02-24 20:08:10.585478
case_951,b,2025-02-24 20:13:10.585478
case_951,b,2025-02-24 20:18:10.585478
case_951,a,2025-02-24 20:23:10.585478
case_951,b,2025-02-24 20:28:10.585478
case_951,b,2025-02-24 20:33:10.585478
case_951,c,2025-02-24 20:38:10.585478
case_951,c,2025-02-24 20:43:10.585478
case_951,b,2025-02-24 20:48:10.585478
case_951,c,2025-02-24 20:53:10.585478
case_951,c,2025-02-24 20:58:10.585478
case_951,a,2025-02-24 21:03:10.585478
case_952,c,2025-02-24 19:28:10.585509
case_952,b,2025-02-24 19:33:10.585509
case_952,b,2025-02-24 19:38:10.585509
case_952,b,2025-02-24 19:43:10.585509
case_952,a,2025-02-24 19:48:10.585509
case_952,c,2025-02-24 19:53:10.585509
case_952,b,2025-02-24 19:58:10.585509
case_952,b,2025-02-24 20:03:10.585509
case_952,b,2025-02-24 20:08:10.585509
case_952,a,2025-02-24 20:13:10.585509
case_952,c,2025-02-24 20:18:10.585509
case_952,b,2025-02-24 20:23:10.585509
case_952,c,2025-02-24 20:28:10.585509
case_952,a,2025-02-24 20:33:10.585509
case_952,c,2025-02-24 20:38:10.585509
case_952,c,2025-02-24 20:43:10.585509
case_952,b,2025-02-24 20:48:10.585509
case_952,c,2025-02-24 20:53:10.585509
case_952,a,2025-02-24 20:58:10.585509
case_952,a,2025-02-24 21:03:10.585509
case_953,a,2025-02-24 19:28:10.585539
case_953,a,2025-02-24 19:33:10.585539
case_953,c,2025-02-24 19:38:10.585539
case_953,c,2025-02-24 19:43:10.585539
case_953,a,2025-02-24 19:48:10.585539
case_953,b,2025-02-24 19:53:10.585539
case_953,c,2025-02-24 19:58:10.585539
case_953,b,2025-02-24 20:03:10.585539
case_953,c,2025-02-24 20:08:10.585539
case_953,c,2025-02-24 20:13:10.585539
case_953,c,2025-02-24 20:18:10.585539
case_953,c,2025-02-24 20:23:10.585539
case_953,a,2025-02-24 20:28:10.585539
case_953,a,2025-02-24 20:33:10.585539
case_953,a,2025-02-24 20:38:10.585539
case_953,c,2025-02-24 20:43:10.585539
case_953,b,2025-02-24 20:48:10.585539
case_953,b,2025-02-24 20:53:10.585539
case_953,b,2025-02-24 20:58:10.585539
case_953,c,2025-02-24 21:03:10.585539
case_954,a,2025-02-24 19:28:10.585568
case_954,b,2025-02-24 19:33:10.585568
case_954,b,2025-02-24 19:38:10.585568
case_954,b,2025-02-24 19:43:10.585568
case_954,c,2025-02-24 19:48:10.585568
case_954,a,2025-02-24 19:53:10.585568
case_954,b,2025-02-24 19:58:10.585568
case_954,c,2025-02-24 20:03:10.585568
case_954,c,2025-02-24 20:08:10.585568
case_954,c,2025-02-24 20:13:10.585568
case_954,b,2025-02-24 20:18:10.585568
case_954,a,2025-02-24 20:23:10.585568
case_954,a,2025-02-24 20:28:10.585568
case_954,b,2025-02-24 20:33:10.585568
case_954,a,2025-02-24 20:38:10.585568
case_954,b,2025-02-24 20:43:10.585568
case_954,c,2025-02-24 20:48:10.585568
case_954,c,2025-02-24 20:53:10.585568
case_954,a,2025-02-24 20:58:10.585568
case_954,c,2025-02-24 21:03:10.585568
case_955,a,2025-02-24 19:28:10.585599
case_955,b,2025-02-24 19:33:10.585599
case_955,a,2025-02-24 19:38:10.585599
case_955,c,2025-02-24 19:43:10.585599
case_955,a,2025-02-24 19:48:10.585599
case_955,a,2025-02-24 19:53:10.585599
case_955,c,2025-02-24 19:58:10.585599
case_955,c,2025-02-24 20:03:10.585599
case_955,c,2025-02-24 20:08:10.585599
case_955,b,2025-02-24 20:13:10.585599
case_955,c,2025-02-24 20:18:10.585599
case_955,b,2025-02-24 20:23:10.585599
case_955,b,2025-02-24 20:28:10.585599
case_955,b,2025-02-24 20:33:10.585599
case_955,c,2025-02-24 20:38:10.585599
case_955,b,2025-02-24 20:43:10.585599
case_955,b,2025-02-24 20:48:10.585599
case_955,a,2025-02-24 20:53:10.585599
case_955,a,2025-02-24 20:58:10.585599
case_955,c,2025-02-24 21:03:10.585599
case_956,a,2025-02-24 19:28:10.585629
case_956,b,2025-02-24 19:33:10.585629
case_956,a,2025-02-24 19:38:10.585629
case_956,b,2025-02-24 19:43:10.585629
case_956,a,2025-02-24 19:48:10.585629
case_956,a,2025-02-24 19:53:10.585629
case_956,a,2025-02-24 19:58:10.585629
case_956,a,2025-02-24 20:03:10.585629
case_956,a,2025-02-24 20:08:10.585629
case_956,c,2025-02-24 20:13:10.585629
case_956,a,2025-02-24 20:18:10.585629
case_956,a,2025-02-24 20:23:10.585629
case_956,c,2025-02-24 20:28:10.585629
case_956,a,2025-02-24 20:33:10.585629
case_956,a,2025-02-24 20:38:10.585629
case_956,a,2025-02-24 20:43:10.585629
case_956,a,2025-02-24 20:48:10.585629
case_956,a,2025-02-24 20:53:10.585629
case_956,b,2025-02-24 20:58:10.585629
case_956,b,2025-02-24 21:03:10.585629
case_957,c,2025-02-24 19:28:10.585659
case_957,b,2025-02-24 19:33:10.585659
case_957,a,2025-02-24 19:38:10.585659
case_957,c,2025-02-24 19:43:10.585659
case_957,a,2025-02-24 19:48:10.585659
case_957,b,2025-02-24 19:53:10.585659
case_957,c,2025-02-24 19:58:10.585659
case_957,b,2025-02-24 20:03:10.585659
case_957,a,2025-02-24 20:08:10.585659
case_957,a,2025-02-24 20:13:10.585659
case_957,a,2025-02-24 20:18:10.585659
case_957,a,2025-02-24 20:23:10.585659
case_957,a,2025-02-24 20:28:10.585659
case_957,c,2025-02-24 20:33:10.585659
case_957,b,2025-02-24 20:38:10.585659
case_957,c,2025-02-24 20:43:10.585659
case_957,a,2025-02-24 20:48:10.585659
case_957,a,2025-02-24 20:53:10.585659
case_957,b,2025-02-24 20:58:10.585659
case_957,b,2025-02-24 21:03:10.585659
case_958,b,2025-02-24 19:28:10.585689
case_958,a,2025-02-24 19:33:10.585689
case_958,a,2025-02-24 19:38:10.585689
case_958,b,2025-02-24 19:43:10.585689
case_958,c,2025-02-24 19:48:10.585689
case_958,a,2025-02-24 19:53:10.585689
case_958,a,2025-02-24 19:58:10.585689
case_958,a,2025-02-24 20:03:10.585689
case_958,a,2025-02-24 20:08:10.585689
case_958,b,2025-02-24 20:13:10.585689
case_958,b,2025-02-24 20:18:10.585689
case_958,c,2025-02-24 20:23:10.585689
case_958,a,2025-02-24 20:28:10.585689
case_958,b,2025-02-24 20:33:10.585689
case_958,b,2025-02-24 20:38:10.585689
case_958,c,2025-02-24 20:43:10.585689
case_958,b,2025-02-24 20:48:10.585689
case_958,b,2025-02-24 20:53:10.585689
case_958,a,2025-02-24 20:58:10.585689
case_958,c,2025-02-24 21:03:10.585689
case_959,b,2025-02-24 19:28:10.585719
case_959,b,2025-02-24 19:33:10.585719
case_959,a,2025-02-24 19:38:10.585719
case_959,b,2025-02-24 19:43:10.585719
case_959,c,2025-02-24 19:48:10.585719
case_959,b,2025-02-24 19:53:10.585719
case_959,c,2025-02-24 19:58:10.585719
case_959,b,2025-02-24 20:03:10.585719
case_959,b,2025-02-24 20:08:10.585719
case_959,c,2025-02-24 20:13:10.585719
case_959,b,2025-02-24 20:18:10.585719
case_959,a,2025-02-24 20:23:10.585719
case_959,a,2025-02-24 20:28:10.585719
case_959,a,2025-02-24 20:33:10.585719
case_959,b,2025-02-24 20:38:10.585719
case_959,b,2025-02-24 20:43:10.585719
case_959,b,2025-02-24 20:48:10.585719
case_959,c,2025-02-24 20:53:10.585719
case_959,c,2025-02-24 20:58:10.585719
case_959,a,2025-02-24 21:03:10.585719
case_960,b,2025-02-24 19:28:10.585754
case_960,c,2025-02-24 19:33:10.585754
case_960,a,2025-02-24 19:38:10.585754
case_960,c,2025-02-24 19:43:10.585754
case_960,c,2025-02-24 19:48:10.585754
case_960,b,2025-02-24 19:53:10.585754
case_960,c,2025-02-24 19:58:10.585754
case_960,b,2025-02-24 20:03:10.585754
case_960,a,2025-02-24 20:08:10.585754
case_960,b,2025-02-24 20:13:10.585754
case_960,a,2025-02-24 20:18:10.585754
case_960,b,2025-02-24 20:23:10.585754
case_960,a,2025-02-24 20:28:10.585754
case_960,c,2025-02-24 20:33:10.585754
case_960,b,2025-02-24 20:38:10.585754
case_960,a,2025-02-24 20:43:10.585754
case_960,a,2025-02-24 20:48:10.585754
case_960,b,2025-02-24 20:53:10.585754
case_960,b,2025-02-24 20:58:10.585754
case_960,c,2025-02-24 21:03:10.585754
case_961,a,2025-02-24 19:28:10.585784
case_961,b,2025-02-24 19:33:10.585784
case_961,b,2025-02-24 19:38:10.585784
case_961,a,2025-02-24 19:43:10.585784
case_961,b,2025-02-24 19:48:10.585784
case_961,b,2025-02-24 19:53:10.585784
case_961,c,2025-02-24 19:58:10.585784
case_961,c,2025-02-24 20:03:10.585784
case_961,c,2025-02-24 20:08:10.585784
case_961,b,2025-02-24 20:13:10.585784
case_961,a,2025-02-24 20:18:10.585784
case_961,a,2025-02-24 20:23:10.585784
case_961,c,2025-02-24 20:28:10.585784
case_961,b,2025-02-24 20:33:10.585784
case_961,b,2025-02-24 20:38:10.585784
case_961,c,2025-02-24 20:43:10.585784
case_961,a,2025-02-24 20:48:10.585784
case_961,b,2025-02-24 20:53:10.585784
case_961,b,2025-02-24 20:58:10.585784
case_961,c,2025-02-24 21:03:10.585784
case_962,c,2025-02-24 19:28:10.585815
case_962,c,2025-02-24 19:33:10.585815
case_962,c,2025-02-24 19:38:10.585815
case_962,c,2025-02-24 19:43:10.585815
case_962,b,2025-02-24 19:48:10.585815
case_962,c,2025-02-24 19:53:10.585815
case_962,b,2025-02-24 19:58:10.585815
case_962,b,2025-02-24 20:03:10.585815
case_962,a,2025-02-24 20:08:10.585815
case_962,b,2025-02-24 20:13:10.585815
case_962,b,2025-02-24 20:18:10.585815
case_962,b,2025-02-24 20:23:10.585815
case_962,b,2025-02-24 20:28:10.585815
case_962,c,2025-02-24 20:33:10.585815
case_962,b,2025-02-24 20:38:10.585815
case_962,a,2025-02-24 20:43:10.585815
case_962,a,2025-02-24 20:48:10.585815
case_962,c,2025-02-24 20:53:10.585815
case_962,b,2025-02-24 20:58:10.585815
case_962,b,2025-02-24 21:03:10.585815
case_963,a,2025-02-24 19:28:10.585845
case_963,b,2025-02-24 19:33:10.585845
case_963,a,2025-02-24 19:38:10.585845
case_963,a,2025-02-24 19:43:10.585845
case_963,c,2025-02-24 19:48:10.585845
case_963,a,2025-02-24 19:53:10.585845
case_963,a,2025-02-24 19:58:10.585845
case_963,a,2025-02-24 20:03:10.585845
case_963,a,2025-02-24 20:08:10.585845
case_963,b,2025-02-24 20:13:10.585845
case_963,b,2025-02-24 20:18:10.585845
case_963,a,2025-02-24 20:23:10.585845
case_963,c,2025-02-24 20:28:10.585845
case_963,c,2025-02-24 20:33:10.585845
case_963,c,2025-02-24 20:38:10.585845
case_963,c,2025-02-24 20:43:10.585845
case_963,c,2025-02-24 20:48:10.585845
case_963,b,2025-02-24 20:53:10.585845
case_963,a,2025-02-24 20:58:10.585845
case_963,a,2025-02-24 21:03:10.585845
case_964,c,2025-02-24 19:28:10.585875
case_964,b,2025-02-24 19:33:10.585875
case_964,b,2025-02-24 19:38:10.585875
case_964,a,2025-02-24 19:43:10.585875
case_964,c,2025-02-24 19:48:10.585875
case_964,b,2025-02-24 19:53:10.585875
case_964,b,2025-02-24 19:58:10.585875
case_964,b,2025-02-24 20:03:10.585875
case_964,b,2025-02-24 20:08:10.585875
case_964,c,2025-02-24 20:13:10.585875
case_964,c,2025-02-24 20:18:10.585875
case_964,c,2025-02-24 20:23:10.585875
case_964,c,2025-02-24 20:28:10.585875
case_964,c,2025-02-24 20:33:10.585875
case_964,a,2025-02-24 20:38:10.585875
case_964,c,2025-02-24 20:43:10.585875
case_964,c,2025-02-24 20:48:10.585875
case_964,a,2025-02-24 20:53:10.585875
case_964,a,2025-02-24 20:58:10.585875
case_964,b,2025-02-24 21:03:10.585875
case_965,b,2025-02-24 19:28:10.585932
case_965,a,2025-02-24 19:33:10.585932
case_965,c,2025-02-24 19:38:10.585932
case_965,c,2025-02-24 19:43:10.585932
case_965,c,2025-02-24 19:48:10.585932
case_965,c,2025-02-24 19:53:10.585932
case_965,a,2025-02-24 19:58:10.585932
case_965,a,2025-02-24 20:03:10.585932
case_965,b,2025-02-24 20:08:10.585932
case_965,a,2025-02-24 20:13:10.585932
case_965,b,2025-02-24 20:18:10.585932
case_965,a,2025-02-24 20:23:10.585932
case_965,c,2025-02-24 20:28:10.585932
case_965,a,2025-02-24 20:33:10.585932
case_965,c,2025-02-24 20:38:10.585932
case_965,a,2025-02-24 20:43:10.585932
case_965,a,2025-02-24 20:48:10.585932
case_965,a,2025-02-24 20:53:10.585932
case_965,a,2025-02-24 20:58:10.585932
case_965,b,2025-02-24 21:03:10.585932
case_966,c,2025-02-24 19:28:10.585963
case_966,b,2025-02-24 19:33:10.585963
case_966,a,2025-02-24 19:38:10.585963
case_966,b,2025-02-24 19:43:10.585963
case_966,c,2025-02-24 19:48:10.585963
case_966,c,2025-02-24 19:53:10.585963
case_966,a,2025-02-24 19:58:10.585963
case_966,b,2025-02-24 20:03:10.585963
case_966,b,2025-02-24 20:08:10.585963
case_966,c,2025-02-24 20:13:10.585963
case_966,c,2025-02-24 20:18:10.585963
case_966,a,2025-02-24 20:23:10.585963
case_966,a,2025-02-24 20:28:10.585963
case_966,b,2025-02-24 20:33:10.585963
case_966,a,2025-02-24 20:38:10.585963
case_966,b,2025-02-24 20:43:10.585963
case_966,b,2025-02-24 20:48:10.585963
case_966,b,2025-02-24 20:53:10.585963
case_966,a,2025-02-24 20:58:10.585963
case_966,a,2025-02-24 21:03:10.585963
case_967,a,2025-02-24 19:28:10.585995
case_967,c,2025-02-24 19:33:10.585995
case_967,a,2025-02-24 19:38:10.585995
case_967,b,2025-02-24 19:43:10.585995
case_967,c,2025-02-24 19:48:10.585995
case_967,a,2025-02-24 19:53:10.585995
case_967,b,2025-02-24 19:58:10.585995
case_967,a,2025-02-24 20:03:10.585995
case_967,a,2025-02-24 20:08:10.585995
case_967,c,2025-02-24 20:13:10.585995
case_967,a,2025-02-24 20:18:10.585995
case_967,b,2025-02-24 20:23:10.585995
case_967,b,2025-02-24 20:28:10.585995
case_967,c,2025-02-24 20:33:10.585995
case_967,b,2025-02-24 20:38:10.585995
case_967,b,2025-02-24 20:43:10.585995
case_967,a,2025-02-24 20:48:10.585995
case_967,b,2025-02-24 20:53:10.585995
case_967,c,2025-02-24 20:58:10.585995
case_967,a,2025-02-24 21:03:10.585995
case_968,c,2025-02-24 19:28:10.586024
case_968,c,2025-02-24 19:33:10.586024
case_968,b,2025-02-24 19:38:10.586024
case_968,b,2025-02-24 19:43:10.586024
case_968,c,2025-02-24 19:48:10.586024
case_968,c,2025-02-24 19:53:10.586024
case_968,c,2025-02-24 19:58:10.586024
case_968,c,2025-02-24 20:03:10.586024
case_968,b,2025-02-24 20:08:10.586024
case_968,c,2025-02-24 20:13:10.586024
case_968,b,2025-02-24 20:18:10.586024
case_968,b,2025-02-24 20:23:10.586024
case_968,a,2025-02-24 20:28:10.586024
case_968,c,2025-02-24 20:33:10.586024
case_968,b,2025-02-24 20:38:10.586024
case_968,b,2025-02-24 20:43:10.586024
case_968,c,2025-02-24 20:48:10.586024
case_968,b,2025-02-24 20:53:10.586024
case_968,a,2025-02-24 20:58:10.586024
case_968,a,2025-02-24 21:03:10.586024
case_969,a,2025-02-24 19:28:10.586055
case_969,b,2025-02-24 19:33:10.586055
case_969,c,2025-02-24 19:38:10.586055
case_969,a,2025-02-24 19:43:10.586055
case_969,b,2025-02-24 19:48:10.586055
case_969,a,2025-02-24 19:53:10.586055
case_969,a,2025-02-24 19:58:10.586055
case_969,c,2025-02-24 20:03:10.586055
case_969,a,2025-02-24 20:08:10.586055
case_969,c,2025-02-24 20:13:10.586055
case_969,a,2025-02-24 20:18:10.586055
case_969,a,2025-02-24 20:23:10.586055
case_969,a,2025-02-24 20:28:10.586055
case_969,c,2025-02-24 20:33:10.586055
case_969,b,2025-02-24 20:38:10.586055
case_969,b,2025-02-24 20:43:10.586055
case_969,b,2025-02-24 20:48:10.586055
case_969,a,2025-02-24 20:53:10.586055
case_969,c,2025-02-24 20:58:10.586055
case_969,a,2025-02-24 21:03:10.586055
case_970,c,2025-02-24 19:28:10.586085
case_970,a,2025-02-24 19:33:10.586085
case_970,b,2025-02-24 19:38:10.586085
case_970,b,2025-02-24 19:43:10.586085
case_970,a,2025-02-24 19:48:10.586085
case_970,a,2025-02-24 19:53:10.586085
case_970,a,2025-02-24 19:58:10.586085
case_970,b,2025-02-24 20:03:10.586085
case_970,a,2025-02-24 20:08:10.586085
case_970,c,2025-02-24 20:13:10.586085
case_970,b,2025-02-24 20:18:10.586085
case_970,a,2025-02-24 20:23:10.586085
case_970,a,2025-02-24 20:28:10.586085
case_970,a,2025-02-24 20:33:10.586085
case_970,c,2025-02-24 20:38:10.586085
case_970,a,2025-02-24 20:43:10.586085
case_970,a,2025-02-24 20:48:10.586085
case_970,a,2025-02-24 20:53:10.586085
case_970,c,2025-02-24 20:58:10.586085
case_970,c,2025-02-24 21:03:10.586085
case_971,c,2025-02-24 19:28:10.586115
case_971,b,2025-02-24 19:33:10.586115
case_971,a,2025-02-24 19:38:10.586115
case_971,c,2025-02-24 19:43:10.586115
case_971,a,2025-02-24 19:48:10.586115
case_971,b,2025-02-24 19:53:10.586115
case_971,c,2025-02-24 19:58:10.586115
case_971,c,2025-02-24 20:03:10.586115
case_971,c,2025-02-24 20:08:10.586115
case_971,a,2025-02-24 20:13:10.586115
case_971,a,2025-02-24 20:18:10.586115
case_971,a,2025-02-24 20:23:10.586115
case_971,c,2025-02-24 20:28:10.586115
case_971,c,2025-02-24 20:33:10.586115
case_971,b,2025-02-24 20:38:10.586115
case_971,a,2025-02-24 20:43:10.586115
case_971,a,2025-02-24 20:48:10.586115
case_971,c,2025-02-24 20:53:10.586115
case_971,b,2025-02-24 20:58:10.586115
case_971,b,2025-02-24 21:03:10.586115
case_972,b,2025-02-24 19:28:10.586145
case_972,a,2025-02-24 19:33:10.586145
case_972,a,2025-02-24 19:38:10.586145
case_972,c,2025-02-24 19:43:10.586145
case_972,c,2025-02-24 19:48:10.586145
case_972,b,2025-02-24 19:53:10.586145
case_972,c,2025-02-24 19:58:10.586145
case_972,b,2025-02-24 20:03:10.586145
case_972,c,2025-02-24 20:08:10.586145
case_972,a,2025-02-24 20:13:10.586145
case_972,b,2025-02-24 20:18:10.586145
case_972,a,2025-02-24 20:23:10.586145
case_972,c,2025-02-24 20:28:10.586145
case_972,b,2025-02-24 20:33:10.586145
case_972,c,2025-02-24 20:38:10.586145
case_972,a,2025-02-24 20:43:10.586145
case_972,c,2025-02-24 20:48:10.586145
case_972,b,2025-02-24 20:53:10.586145
case_972,b,2025-02-24 20:58:10.586145
case_972,a,2025-02-24 21:03:10.586145
case_973,b,2025-02-24 19:28:10.586177
case_973,c,2025-02-24 19:33:10.586177
case_973,a,2025-02-24 19:38:10.586177
case_973,b,2025-02-24 19:43:10.586177
case_973,c,2025-02-24 19:48:10.586177
case_973,a,2025-02-24 19:53:10.586177
case_973,b,2025-02-24 19:58:10.586177
case_973,a,2025-02-24 20:03:10.586177
case_973,b,2025-02-24 20:08:10.586177
case_973,a,2025-02-24 20:13:10.586177
case_973,c,2025-02-24 20:18:10.586177
case_973,a,2025-02-24 20:23:10.586177
case_973,c,2025-02-24 20:28:10.586177
case_973,b,2025-02-24 20:33:10.586177
case_973,c,2025-02-24 20:38:10.586177
case_973,b,2025-02-24 20:43:10.586177
case_973,b,2025-02-24 20:48:10.586177
case_973,c,2025-02-24 20:53:10.586177
case_973,a,2025-02-24 20:58:10.586177
case_973,a,2025-02-24 21:03:10.586177
case_974,c,2025-02-24 19:28:10.586207
case_974,a,2025-02-24 19:33:10.586207
case_974,b,2025-02-24 19:38:10.586207
case_974,c,2025-02-24 19:43:10.586207
case_974,a,2025-02-24 19:48:10.586207
case_974,a,2025-02-24 19:53:10.586207
case_974,b,2025-02-24 19:58:10.586207
case_974,c,2025-02-24 20:03:10.586207
case_974,b,2025-02-24 20:08:10.586207
case_974,b,2025-02-24 20:13:10.586207
case_974,c,2025-02-24 20:18:10.586207
case_974,b,2025-02-24 20:23:10.586207
case_974,a,2025-02-24 20:28:10.586207
case_974,b,2025-02-24 20:33:10.586207
case_974,b,2025-02-24 20:38:10.586207
case_974,a,2025-02-24 20:43:10.586207
case_974,c,2025-02-24 20:48:10.586207
case_974,c,2025-02-24 20:53:10.586207
case_974,c,2025-02-24 20:58:10.586207
case_974,b,2025-02-24 21:03:10.586207
case_975,b,2025-02-24 19:28:10.586238
case_975,c,2025-02-24 19:33:10.586238
case_975,a,2025-02-24 19:38:10.586238
case_975,a,2025-02-24 19:43:10.586238
case_975,a,2025-02-24 19:48:10.586238
case_975,a,2025-02-24 19:53:10.586238
case_975,b,2025-02-24 19:58:10.586238
case_975,a,2025-02-24 20:03:10.586238
case_975,c,2025-02-24 20:08:10.586238
case_975,c,2025-02-24 20:13:10.586238
case_975,b,2025-02-24 20:18:10.586238
case_975,c,2025-02-24 20:23:10.586238
case_975,b,2025-02-24 20:28:10.586238
case_975,c,2025-02-24 20:33:10.586238
case_975,c,2025-02-24 20:38:10.586238
case_975,c,2025-02-24 20:43:10.586238
case_975,c,2025-02-24 20:48:10.586238
case_975,c,2025-02-24 20:53:10.586238
case_975,b,2025-02-24 20:58:10.586238
case_975,b,2025-02-24 21:03:10.586238
case_976,a,2025-02-24 19:28:10.586268
case_976,a,2025-02-24 19:33:10.586268
case_976,b,2025-02-24 19:38:10.586268
case_976,c,2025-02-24 19:43:10.586268
case_976,a,2025-02-24 19:48:10.586268
case_976,b,2025-02-24 19:53:10.586268
case_976,c,2025-02-24 19:58:10.586268
case_976,c,2025-02-24 20:03:10.586268
case_976,a,2025-02-24 20:08:10.586268
case_976,a,2025-02-24 20:13:10.586268
case_976,b,2025-02-24 20:18:10.586268
case_976,a,2025-02-24 20:23:10.586268
case_976,c,2025-02-24 20:28:10.586268
case_976,c,2025-02-24 20:33:10.586268
case_976,a,2025-02-24 20:38:10.586268
case_976,c,2025-02-24 20:43:10.586268
case_976,b,2025-02-24 20:48:10.586268
case_976,a,2025-02-24 20:53:10.586268
case_976,b,2025-02-24 20:58:10.586268
case_976,b,2025-02-24 21:03:10.586268
case_977,b,2025-02-24 19:28:10.586298
case_977,c,2025-02-24 19:33:10.586298
case_977,c,2025-02-24 19:38:10.586298
case_977,a,2025-02-24 19:43:10.586298
case_977,b,2025-02-24 19:48:10.586298
case_977,b,2025-02-24 19:53:10.586298
case_977,b,2025-02-24 19:58:10.586298
case_977,c,2025-02-24 20:03:10.586298
case_977,a,2025-02-24 20:08:10.586298
case_977,c,2025-02-24 20:13:10.586298
case_977,b,2025-02-24 20:18:10.586298
case_977,a,2025-02-24 20:23:10.586298
case_977,b,2025-02-24 20:28:10.586298
case_977,b,2025-02-24 20:33:10.586298
case_977,c,2025-02-24 20:38:10.586298
case_977,a,2025-02-24 20:43:10.586298
case_977,b,2025-02-24 20:48:10.586298
case_977,b,2025-02-24 20:53:10.586298
case_977,a,2025-02-24 20:58:10.586298
case_977,a,2025-02-24 21:03:10.586298
case_978,a,2025-02-24 19:28:10.586330
case_978,a,2025-02-24 19:33:10.586330
case_978,b,2025-02-24 19:38:10.586330
case_978,b,2025-02-24 19:43:10.586330
case_978,a,2025-02-24 19:48:10.586330
case_978,b,2025-02-24 19:53:10.586330
case_978,b,2025-02-24 19:58:10.586330
case_978,a,2025-02-24 20:03:10.586330
case_978,b,2025-02-24 20:08:10.586330
case_978,b,2025-02-24 20:13:10.586330
case_978,c,2025-02-24 20:18:10.586330
case_978,c,2025-02-24 20:23:10.586330
case_978,b,2025-02-24 20:28:10.586330
case_978,c,2025-02-24 20:33:10.586330
case_978,a,2025-02-24 20:38:10.586330
case_978,a,2025-02-24 20:43:10.586330
case_978,a,2025-02-24 20:48:10.586330
case_978,c,2025-02-24 20:53:10.586330
case_978,a,2025-02-24 20:58:10.586330
case_978,b,2025-02-24 21:03:10.586330
case_979,c,2025-02-24 19:28:10.586360
case_979,a,2025-02-24 19:33:10.586360
case_979,a,2025-02-24 19:38:10.586360
case_979,c,2025-02-24 19:43:10.586360
case_979,a,2025-02-24 19:48:10.586360
case_979,c,2025-02-24 19:53:10.586360
case_979,b,2025-02-24 19:58:10.586360
case_979,c,2025-02-24 20:03:10.586360
case_979,b,2025-02-24 20:08:10.586360
case_979,b,2025-02-24 20:13:10.586360
case_979,b,2025-02-24 20:18:10.586360
case_979,b,2025-02-24 20:23:10.586360
case_979,b,2025-02-24 20:28:10.586360
case_979,c,2025-02-24 20:33:10.586360
case_979,a,2025-02-24 20:38:10.586360
case_979,b,2025-02-24 20:43:10.586360
case_979,b,2025-02-24 20:48:10.586360
case_979,a,2025-02-24 20:53:10.586360
case_979,a,2025-02-24 20:58:10.586360
case_979,a,2025-02-24 21:03:10.586360
case_980,a,2025-02-24 19:28:10.586391
case_980,a,2025-02-24 19:33:10.586391
case_980,c,2025-02-24 19:38:10.586391
case_980,c,2025-02-24 19:43:10.586391
case_980,a,2025-02-24 19:48:10.586391
case_980,b,2025-02-24 19:53:10.586391
case_980,a,2025-02-24 19:58:10.586391
case_980,c,2025-02-24 20:03:10.586391
case_980,a,2025-02-24 20:08:10.586391
case_980,b,2025-02-24 20:13:10.586391
case_980,c,2025-02-24 20:18:10.586391
case_980,b,2025-02-24 20:23:10.586391
case_980,b,2025-02-24 20:28:10.586391
case_980,c,2025-02-24 20:33:10.586391
case_980,a,2025-02-24 20:38:10.586391
case_980,c,2025-02-24 20:43:10.586391
case_980,a,2025-02-24 20:48:10.586391
case_980,a,2025-02-24 20:53:10.586391
case_980,c,2025-02-24 20:58:10.586391
case_980,b,2025-02-24 21:03:10.586391
case_981,b,2025-02-24 19:28:10.586422
case_981,c,2025-02-24 19:33:10.586422
case_981,b,2025-02-24 19:38:10.586422
case_981,c,2025-02-24 19:43:10.586422
case_981,b,2025-02-24 19:48:10.586422
case_981,a,2025-02-24 19:53:10.586422
case_981,a,2025-02-24 19:58:10.586422
case_981,a,2025-02-24 20:03:10.586422
case_981,c,2025-02-24 20:08:10.586422
case_981,b,2025-02-24 20:13:10.586422
case_981,b,2025-02-24 20:18:10.586422
case_981,a,2025-02-24 20:23:10.586422
case_981,b,2025-02-24 20:28:10.586422
case_981,a,2025-02-24 20:33:10.586422
case_981,b,2025-02-24 20:38:10.586422
case_981,a,2025-02-24 20:43:10.586422
case_981,c,2025-02-24 20:48:10.586422
case_981,a,2025-02-24 20:53:10.586422
case_981,b,2025-02-24 20:58:10.586422
case_981,c,2025-02-24 21:03:10.586422
case_982,b,2025-02-24 19:28:10.586452
case_982,a,2025-02-24 19:33:10.586452
case_982,a,2025-02-24 19:38:10.586452
case_982,c,2025-02-24 19:43:10.586452
case_982,b,2025-02-24 19:48:10.586452
case_982,b,2025-02-24 19:53:10.586452
case_982,c,2025-02-24 19:58:10.586452
case_982,a,2025-02-24 20:03:10.586452
case_982,c,2025-02-24 20:08:10.586452
case_982,c,2025-02-24 20:13:10.586452
case_982,c,2025-02-24 20:18:10.586452
case_982,a,2025-02-24 20:23:10.586452
case_982,c,2025-02-24 20:28:10.586452
case_982,b,2025-02-24 20:33:10.586452
case_982,b,2025-02-24 20:38:10.586452
case_982,b,2025-02-24 20:43:10.586452
case_982,b,2025-02-24 20:48:10.586452
case_982,a,2025-02-24 20:53:10.586452
case_982,c,2025-02-24 20:58:10.586452
case_982,c,2025-02-24 21:03:10.586452
case_983,c,2025-02-24 19:28:10.586483
case_983,b,2025-02-24 19:33:10.586483
case_983,b,2025-02-24 19:38:10.586483
case_983,c,2025-02-24 19:43:10.586483
case_983,b,2025-02-24 19:48:10.586483
case_983,c,2025-02-24 19:53:10.586483
case_983,b,2025-02-24 19:58:10.586483
case_983,a,2025-02-24 20:03:10.586483
case_983,b,2025-02-24 20:08:10.586483
case_983,b,2025-02-24 20:13:10.586483
case_983,c,2025-02-24 20:18:10.586483
case_983,b,2025-02-24 20:23:10.586483
case_983,c,2025-02-24 20:28:10.586483
case_983,c,2025-02-24 20:33:10.586483
case_983,c,2025-02-24 20:38:10.586483
case_983,a,2025-02-24 20:43:10.586483
case_983,a,2025-02-24 20:48:10.586483
case_983,b,2025-02-24 20:53:10.586483
case_983,b,2025-02-24 20:58:10.586483
case_983,b,2025-02-24 21:03:10.586483
case_984,c,2025-02-24 19:28:10.586513
case_984,c,2025-02-24 19:33:10.586513
case_984,a,2025-02-24 19:38:10.586513
case_984,a,2025-02-24 19:43:10.586513
case_984,c,2025-02-24 19:48:10.586513
case_984,c,2025-02-24 19:53:10.586513
case_984,c,2025-02-24 19:58:10.586513
case_984,c,2025-02-24 20:03:10.586513
case_984,a,2025-02-24 20:08:10.586513
case_984,a,2025-02-24 20:13:10.586513
case_984,a,2025-02-24 20:18:10.586513
case_984,b,2025-02-24 20:23:10.586513
case_984,b,2025-02-24 20:28:10.586513
case_984,b,2025-02-24 20:33:10.586513
case_984,a,2025-02-24 20:38:10.586513
case_984,c,2025-02-24 20:43:10.586513
case_984,b,2025-02-24 20:48:10.586513
case_984,a,2025-02-24 20:53:10.586513
case_984,c,2025-02-24 20:58:10.586513
case_984,a,2025-02-24 21:03:10.586513
case_985,b,2025-02-24 19:28:10.586544
case_985,c,2025-02-24 19:33:10.586544
case_985,a,2025-02-24 19:38:10.586544
case_985,c,2025-02-24 19:43:10.586544
case_985,a,2025-02-24 19:48:10.586544
case_985,c,2025-02-24 19:53:10.586544
case_985,b,2025-02-24 19:58:10.586544
case_985,b,2025-02-24 20:03:10.586544
case_985,b,2025-02-24 20:08:10.586544
case_985,b,2025-02-24 20:13:10.586544
case_985,c,2025-02-24 20:18:10.586544
case_985,a,2025-02-24 20:23:10.586544
case_985,c,2025-02-24 20:28:10.586544
case_985,b,2025-02-24 20:33:10.586544
case_985,b,2025-02-24 20:38:10.586544
case_985,a,2025-02-24 20:43:10.586544
case_985,b,2025-02-24 20:48:10.586544
case_985,c,2025-02-24 20:53:10.586544
case_985,a,2025-02-24 20:58:10.586544
case_985,a,2025-02-24 21:03:10.586544
case_986,c,2025-02-24 19:28:10.586574
case_986,c,2025-02-24 19:33:10.586574
case_986,c,2025-02-24 19:38:10.586574
case_986,c,2025-02-24 19:43:10.586574
case_986,c,2025-02-24 19:48:10.586574
case_986,c,2025-02-24 19:53:10.586574
case_986,b,2025-02-24 19:58:10.586574
case_986,c,2025-02-24 20:03:10.586574
case_986,a,2025-02-24 20:08:10.586574
case_986,b,2025-02-24 20:13:10.586574
case_986,b,2025-02-24 20:18:10.586574
case_986,c,2025-02-24 20:23:10.586574
case_986,b,2025-02-24 20:28:10.586574
case_986,b,2025-02-24 20:33:10.586574
case_986,b,2025-02-24 20:38:10.586574
case_986,c,2025-02-24 20:43:10.586574
case_986,a,2025-02-24 20:48:10.586574
case_986,b,2025-02-24 20:53:10.586574
case_986,a,2025-02-24 20:58:10.586574
case_986,a,2025-02-24 21:03:10.586574
case_987,b,2025-02-24 19:28:10.586604
case_987,a,2025-02-24 19:33:10.586604
case_987,a,2025-02-24 19:38:10.586604
case_987,b,2025-02-24 19:43:10.586604
case_987,a,2025-02-24 19:48:10.586604
case_987,a,2025-02-24 19:53:10.586604
case_987,b,2025-02-24 19:58:10.586604
case_987,b,2025-02-24 20:03:10.586604
case_987,b,2025-02-24 20:08:10.586604
case_987,c,2025-02-24 20:13:10.586604
case_987,c,2025-02-24 20:18:10.586604
case_987,b,2025-02-24 20:23:10.586604
case_987,c,2025-02-24 20:28:10.586604
case_987,b,2025-02-24 20:33:10.586604
case_987,a,2025-02-24 20:38:10.586604
case_987,a,2025-02-24 20:43:10.586604
case_987,c,2025-02-24 20:48:10.586604
case_987,c,2025-02-24 20:53:10.586604
case_987,c,2025-02-24 20:58:10.586604
case_987,c,2025-02-24 21:03:10.586604
case_988,a,2025-02-24 19:28:10.586635
case_988,c,2025-02-24 19:33:10.586635
case_988,c,2025-02-24 19:38:10.586635
case_988,b,2025-02-24 19:43:10.586635
case_988,a,2025-02-24 19:48:10.586635
case_988,a,2025-02-24 19:53:10.586635
case_988,a,2025-02-24 19:58:10.586635
case_988,b,2025-02-24 20:03:10.586635
case_988,c,2025-02-24 20:08:10.586635
case_988,b,2025-02-24 20:13:10.586635
case_988,c,2025-02-24 20:18:10.586635
case_988,c,2025-02-24 20:23:10.586635
case_988,a,2025-02-24 20:28:10.586635
case_988,c,2025-02-24 20:33:10.586635
case_988,c,2025-02-24 20:38:10.586635
case_988,a,2025-02-24 20:43:10.586635
case_988,b,2025-02-24 20:48:10.586635
case_988,a,2025-02-24 20:53:10.586635
case_988,b,2025-02-24 20:58:10.586635
case_988,b,2025-02-24 21:03:10.586635
case_989,b,2025-02-24 19:28:10.586665
case_989,c,2025-02-24 19:33:10.586665
case_989,a,2025-02-24 19:38:10.586665
case_989,b,2025-02-24 19:43:10.586665
case_989,c,2025-02-24 19:48:10.586665
case_989,a,2025-02-24 19:53:10.586665
case_989,b,2025-02-24 19:58:10.586665
case_989,a,2025-02-24 20:03:10.586665
case_989,a,2025-02-24 20:08:10.586665
case_989,b,2025-02-24 20:13:10.586665
case_989,b,2025-02-24 20:18:10.586665
case_989,c,2025-02-24 20:23:10.586665
case_989,c,2025-02-24 20:28:10.586665
case_989,b,2025-02-24 20:33:10.586665
case_989,a,2025-02-24 20:38:10.586665
case_989,a,2025-02-24 20:43:10.586665
case_989,b,2025-02-24 20:48:10.586665
case_989,a,2025-02-24 20:53:10.586665
case_989,b,2025-02-24 20:58:10.586665
case_989,a,2025-02-24 21:03:10.586665
case_990,a,2025-02-24 19:28:10.586695
case_990,a,2025-02-24 19:33:10.586695
case_990,c,2025-02-24 19:38:10.586695
case_990,b,2025-02-24 19:43:10.586695
case_990,a,2025-02-24 19:48:10.586695
case_990,a,2025-02-24 19:53:10.586695
case_990,b,2025-02-24 19:58:10.586695
case_990,b,2025-02-24 20:03:10.586695
case_990,b,2025-02-24 20:08:10.586695
case_990,b,2025-02-24 20:13:10.586695
case_990,c,2025-02-24 20:18:10.586695
case_990,a,2025-02-24 20:23:10.586695
case_990,b,2025-02-24 20:28:10.586695
case_990,c,2025-02-24 20:33:10.586695
case_990,a,2025-02-24 20:38:10.586695
case_990,a,2025-02-24 20:43:10.586695
case_990,a,2025-02-24 20:48:10.586695
case_990,c,2025-02-24 20:53:10.586695
case_990,a,2025-02-24 20:58:10.586695
case_990,a,2025-02-24 21:03:10.586695
case_991,a,2025-02-24 19:28:10.586725
case_991,c,2025-02-24 19:33:10.586725
case_991,b,2025-02-24 19:38:10.586725
case_991,a,2025-02-24 19:43:10.586725
case_991,a,2025-02-24 19:48:10.586725
case_991,c,2025-02-24 19:53:10.586725
case_991,b,2025-02-24 19:58:10.586725
case_991,b,2025-02-24 20:03:10.586725
case_991,b,2025-02-24 20:08:10.586725
case_991,b,2025-02-24 20:13:10.586725
case_991,c,2025-02-24 20:18:10.586725
case_991,c,2025-02-24 20:23:10.586725
case_991,b,2025-02-24 20:28:10.586725
case_991,b,2025-02-24 20:33:10.586725
case_991,b,2025-02-24 20:38:10.586725
case_991,c,2025-02-24 20:43:10.586725
case_991,c,2025-02-24 20:48:10.586725
case_991,a,2025-02-24 20:53:10.586725
case_991,a,2025-02-24 20:58:10.586725
case_991,a,2025-02-24 21:03:10.586725
case_992,b,2025-02-24 19:28:10.586756
case_992,a,2025-02-24 19:33:10.586756
case_992,a,2025-02-24 19:38:10.586756
case_992,c,2025-02-24 19:43:10.586756
case_992,a,2025-02-24 19:48:10.586756
case_992,a,2025-02-24 19:53:10.586756
case_992,b,2025-02-24 19:58:10.586756
case_992,b,2025-02-24 20:03:10.586756
case_992,c,2025-02-24 20:08:10.586756
case_992,c,2025-02-24 20:13:10.586756
case_992,b,2025-02-24 20:18:10.586756
case_992,a,2025-02-24 20:23:10.586756
case_992,c,2025-02-24 20:28:10.586756
case_992,b,2025-02-24 20:33:10.586756
case_992,a,2025-02-24 20:38:10.586756
case_992,a,2025-02-24 20:43:10.586756
case_992,a,2025-02-24 20:48:10.586756
case_992,c,2025-02-24 20:53:10.586756
case_992,b,2025-02-24 20:58:10.586756
case_992,b,2025-02-24 21:03:10.586756
case_993,b,2025-02-24 19:28:10.586787
case_993,a,2025-02-24 19:33:10.586787
case_993,b,2025-02-24 19:38:10.586787
case_993,b,2025-02-24 19:43:10.586787
case_993,c,2025-02-24 19:48:10.586787
case_993,c,2025-02-24 19:53:10.586787
case_993,c,2025-02-24 19:58:10.586787
case_993,b,2025-02-24 20:03:10.586787
case_993,b,2025-02-24 20:08:10.586787
case_993,c,2025-02-24 20:13:10.586787
case_993,c,2025-02-24 20:18:10.586787
case_993,a,2025-02-24 20:23:10.586787
case_993,a,2025-02-24 20:28:10.586787
case_993,c,2025-02-24 20:33:10.586787
case_993,a,2025-02-24 20:38:10.586787
case_993,a,2025-02-24 20:43:10.586787
case_993,b,2025-02-24 20:48:10.586787
case_993,c,2025-02-24 20:53:10.586787
case_993,a,2025-02-24 20:58:10.586787
case_993,a,2025-02-24 21:03:10.586787
case_994,a,2025-02-24 19:28:10.586816
case_994,b,2025-02-24 19:33:10.586816
case_994,b,2025-02-24 19:38:10.586816
case_994,c,2025-02-24 19:43:10.586816
case_994,a,2025-02-24 19:48:10.586816
case_994,a,2025-02-24 19:53:10.586816
case_994,b,2025-02-24 19:58:10.586816
case_994,c,2025-02-24 20:03:10.586816
case_994,a,2025-02-24 20:08:10.586816
case_994,c,2025-02-24 20:13:10.586816
case_994,c,2025-02-24 20:18:10.586816
case_994,b,2025-02-24 20:23:10.586816
case_994,b,2025-02-24 20:28:10.586816
case_994,b,2025-02-24 20:33:10.586816
case_994,b,2025-02-24 20:38:10.586816
case_994,a,2025-02-24 20:43:10.586816
case_994,a,2025-02-24 20:48:10.586816
case_994,b,2025-02-24 20:53:10.586816
case_994,b,2025-02-24 20:58:10.586816
case_994,c,2025-02-24 21:03:10.586816
case_995,b,2025-02-24 19:28:10.586846
case_995,a,2025-02-24 19:33:10.586846
case_995,b,2025-02-24 19:38:10.586846
case_995,b,2025-02-24 19:43:10.586846
case_995,b,2025-02-24 19:48:10.586846
case_995,b,2025-02-24 19:53:10.586846
case_995,a,2025-02-24 19:58:10.586846
case_995,c,2025-02-24 20:03:10.586846
case_995,a,2025-02-24 20:08:10.586846
case_995,b,2025-02-24 20:13:10.586846
case_995,a,2025-02-24 20:18:10.586846
case_995,c,2025-02-24 20:23:10.586846
case_995,c,2025-02-24 20:28:10.586846
case_995,b,2025-02-24 20:33:10.586846
case_995,a,2025-02-24 20:38:10.586846
case_995,b,2025-02-24 20:43:10.586846
case_995,b,2025-02-24 20:48:10.586846
case_995,a,2025-02-24 20:53:10.586846
case_995,a,2025-02-24 20:58:10.586846
case_995,c,2025-02-24 21:03:10.586846
case_996,a,2025-02-24 19:28:10.586877
case_996,b,2025-02-24 19:33:10.586877
case_996,b,2025-02-24 19:38:10.586877
case_996,c,2025-02-24 19:43:10.586877
case_996,b,2025-02-24 19:48:10.586877
case_996,c,2025-02-24 19:53:10.586877
case_996,b,2025-02-24 19:58:10.586877
case_996,b,2025-02-24 20:03:10.586877
case_996,b,2025-02-24 20:08:10.586877
case_996,c,2025-02-24 20:13:10.586877
case_996,a,2025-02-24 20:18:10.586877
case_996,c,2025-02-24 20:23:10.586877
case_996,a,2025-02-24 20:28:10.586877
case_996,c,2025-02-24 20:33:10.586877
case_996,b,2025-02-24 20:38:10.586877
case_996,b,2025-02-24 20:43:10.586877
case_996,b,2025-02-24 20:48:10.586877
case_996,a,2025-02-24 20:53:10.586877
case_996,a,2025-02-24 20:58:10.586877
case_996,c,2025-02-24 21:03:10.586877
case_997,b,2025-02-24 19:28:10.586907
case_997,b,2025-02-24 19:33:10.586907
case_997,a,2025-02-24 19:38:10.586907
case_997,a,2025-02-24 19:43:10.586907
case_997,a,2025-02-24 19:48:10.586907
case_997,a,2025-02-24 19:53:10.586907
case_997,b,2025-02-24 19:58:10.586907
case_997,c,2025-02-24 20:03:10.586907
case_997,b,2025-02-24 20:08:10.586907
case_997,a,2025-02-24 20:13:10.586907
case_997,b,2025-02-24 20:18:10.586907
case_997,c,2025-02-24 20:23:10.586907
case_997,a,2025-02-24 20:28:10.586907
case_997,c,2025-02-24 20:33:10.586907
case_997,b,2025-02-24 20:38:10.586907
case_997,a,2025-02-24 20:43:10.586907
case_997,b,2025-02-24 20:48:10.586907
case_997,a,2025-02-24 20:53:10.586907
case_997,a,2025-02-24 20:58:10.586907
case_997,a,2025-02-24 21:03:10.586907
case_998,a,2025-02-24 19:28:10.586938
case_998,b,2025-02-24 19:33:10.586938
case_998,b,2025-02-24 19:38:10.586938
case_998,b,2025-02-24 19:43:10.586938
case_998,a,2025-02-24 19:48:10.586938
case_998,c,2025-02-24 19:53:10.586938
case_998,b,2025-02-24 19:58:10.586938
case_998,c,2025-02-24 20:03:10.586938
case_998,a,2025-02-24 20:08:10.586938
case_998,b,2025-02-24 20:13:10.586938
case_998,b,2025-02-24 20:18:10.586938
case_998,c,2025-02-24 20:23:10.586938
case_998,b,2025-02-24 20:28:10.586938
case_998,b,2025-02-24 20:33:10.586938
case_998,a,2025-02-24 20:38:10.586938
case_998,c,2025-02-24 20:43:10.586938
case_998,a,2025-02-24 20:48:10.586938
case_998,b,2025-02-24 20:53:10.586938
case_998,a,2025-02-24 20:58:10.586938
case_998,a,2025-02-24 21:03:10.586938
case_999,c,2025-02-24 19:28:10.586968
case_999,c,2025-02-24 19:33:10.586968
case_999,b,2025-02-24 19:38:10.586968
case_999,b,2025-02-24 19:43:10.586968
case_999,c,2025-02-24 19:48:10.586968
case_999,c,2025-02-24 19:53:10.586968
case_999,b,2025-02-24 19:58:10.586968
case_999,a,2025-02-24 20:03:10.586968
case_999,b,2025-02-24 20:08:10.586968
case_999,b,2025-02-24 20:13:10.586968
case_999,c,2025-02-24 20:18:10.586968
case_999,c,2025-02-24 20:23:10.586968
case_999,c,2025-02-24 20:28:10.586968
case_999,a,2025-02-24 20:33:10.586968
case_999,a,2025-02-24 20:38:10.586968
case_999,c,2025-02-24 20:43:10.586968
case_999,a,2025-02-24 20:48:10.586968
case_999,a,2025-02-24 20:53:10.586968
case_999,a,2025-02-24 20:58:10.586968
case_999,b,2025-02-24 21:03:10.586968
