{
    "loss": 0.606958826487682,
    "acc": 0.42181068658828735,
    "dld": 10.807692527770996,
    "norm_dld": 0.49787437915802
}
