case:concept:name,concept:name,time:timestamp
case_0,b,2025-02-24 19:28:11.649447
case_0,b,2025-02-24 19:33:11.649447
case_0,b,2025-02-24 19:38:11.649447
case_0,b,2025-02-24 19:43:11.649447
case_0,b,2025-02-24 19:48:11.649447
case_0,b,2025-02-24 19:53:11.649447
case_0,b,2025-02-24 19:58:11.649447
case_0,b,2025-02-24 20:03:11.649447
case_0,b,2025-02-24 20:08:11.649447
case_0,b,2025-02-24 20:13:11.649447
case_0,b,2025-02-24 20:18:11.649447
case_0,b,2025-02-24 20:23:11.649447
case_0,b,2025-02-24 20:28:11.649447
case_0,b,2025-02-24 20:33:11.649447
case_0,b,2025-02-24 20:38:11.649447
case_0,b,2025-02-24 20:43:11.649447
case_0,b,2025-02-24 20:48:11.649447
case_0,b,2025-02-24 20:53:11.649447
case_0,b,2025-02-24 20:58:11.649447
case_0,b,2025-02-24 21:03:11.649447
case_1,c,2025-02-24 19:28:11.649486
case_1,b,2025-02-24 19:33:11.649486
case_1,c,2025-02-24 19:38:11.649486
case_1,b,2025-02-24 19:43:11.649486
case_1,c,2025-02-24 19:48:11.649486
case_1,c,2025-02-24 19:53:11.649486
case_1,c,2025-02-24 19:58:11.649486
case_1,b,2025-02-24 20:03:11.649486
case_1,c,2025-02-24 20:08:11.649486
case_1,c,2025-02-24 20:13:11.649486
case_1,b,2025-02-24 20:18:11.649486
case_1,c,2025-02-24 20:23:11.649486
case_1,b,2025-02-24 20:28:11.649486
case_1,c,2025-02-24 20:33:11.649486
case_1,c,2025-02-24 20:38:11.649486
case_1,b,2025-02-24 20:43:11.649486
case_1,c,2025-02-24 20:48:11.649486
case_1,c,2025-02-24 20:53:11.649486
case_1,c,2025-02-24 20:58:11.649486
case_1,c,2025-02-24 21:03:11.649486
case_2,a,2025-02-24 19:28:11.649516
case_2,b,2025-02-24 19:33:11.649516
case_2,a,2025-02-24 19:38:11.649516
case_2,c,2025-02-24 19:43:11.649516
case_2,a,2025-02-24 19:48:11.649516
case_2,b,2025-02-24 19:53:11.649516
case_2,c,2025-02-24 19:58:11.649516
case_2,b,2025-02-24 20:03:11.649516
case_2,a,2025-02-24 20:08:11.649516
case_2,a,2025-02-24 20:13:11.649516
case_2,a,2025-02-24 20:18:11.649516
case_2,c,2025-02-24 20:23:11.649516
case_2,b,2025-02-24 20:28:11.649516
case_2,a,2025-02-24 20:33:11.649516
case_2,a,2025-02-24 20:38:11.649516
case_2,c,2025-02-24 20:43:11.649516
case_2,a,2025-02-24 20:48:11.649516
case_2,b,2025-02-24 20:53:11.649516
case_2,c,2025-02-24 20:58:11.649516
case_2,c,2025-02-24 21:03:11.649516
case_3,c,2025-02-24 19:28:11.649546
case_3,b,2025-02-24 19:33:11.649546
case_3,a,2025-02-24 19:38:11.649546
case_3,c,2025-02-24 19:43:11.649546
case_3,b,2025-02-24 19:48:11.649546
case_3,a,2025-02-24 19:53:11.649546
case_3,b,2025-02-24 19:58:11.649546
case_3,a,2025-02-24 20:03:11.649546
case_3,a,2025-02-24 20:08:11.649546
case_3,a,2025-02-24 20:13:11.649546
case_3,a,2025-02-24 20:18:11.649546
case_3,a,2025-02-24 20:23:11.649546
case_3,a,2025-02-24 20:28:11.649546
case_3,b,2025-02-24 20:33:11.649546
case_3,c,2025-02-24 20:38:11.649546
case_3,a,2025-02-24 20:43:11.649546
case_3,b,2025-02-24 20:48:11.649546
case_3,a,2025-02-24 20:53:11.649546
case_3,a,2025-02-24 20:58:11.649546
case_3,c,2025-02-24 21:03:11.649546
case_4,c,2025-02-24 19:28:11.649577
case_4,c,2025-02-24 19:33:11.649577
case_4,b,2025-02-24 19:38:11.649577
case_4,a,2025-02-24 19:43:11.649577
case_4,b,2025-02-24 19:48:11.649577
case_4,c,2025-02-24 19:53:11.649577
case_4,b,2025-02-24 19:58:11.649577
case_4,a,2025-02-24 20:03:11.649577
case_4,a,2025-02-24 20:08:11.649577
case_4,c,2025-02-24 20:13:11.649577
case_4,a,2025-02-24 20:18:11.649577
case_4,b,2025-02-24 20:23:11.649577
case_4,c,2025-02-24 20:28:11.649577
case_4,c,2025-02-24 20:33:11.649577
case_4,a,2025-02-24 20:38:11.649577
case_4,b,2025-02-24 20:43:11.649577
case_4,a,2025-02-24 20:48:11.649577
case_4,b,2025-02-24 20:53:11.649577
case_4,c,2025-02-24 20:58:11.649577
case_4,a,2025-02-24 21:03:11.649577
case_5,a,2025-02-24 19:28:11.649607
case_5,b,2025-02-24 19:33:11.649607
case_5,c,2025-02-24 19:38:11.649607
case_5,c,2025-02-24 19:43:11.649607
case_5,b,2025-02-24 19:48:11.649607
case_5,c,2025-02-24 19:53:11.649607
case_5,b,2025-02-24 19:58:11.649607
case_5,c,2025-02-24 20:03:11.649607
case_5,c,2025-02-24 20:08:11.649607
case_5,c,2025-02-24 20:13:11.649607
case_5,c,2025-02-24 20:18:11.649607
case_5,b,2025-02-24 20:23:11.649607
case_5,a,2025-02-24 20:28:11.649607
case_5,c,2025-02-24 20:33:11.649607
case_5,c,2025-02-24 20:38:11.649607
case_5,a,2025-02-24 20:43:11.649607
case_5,c,2025-02-24 20:48:11.649607
case_5,a,2025-02-24 20:53:11.649607
case_5,a,2025-02-24 20:58:11.649607
case_5,a,2025-02-24 21:03:11.649607
case_6,c,2025-02-24 19:28:11.649637
case_6,b,2025-02-24 19:33:11.649637
case_6,c,2025-02-24 19:38:11.649637
case_6,b,2025-02-24 19:43:11.649637
case_6,a,2025-02-24 19:48:11.649637
case_6,b,2025-02-24 19:53:11.649637
case_6,c,2025-02-24 19:58:11.649637
case_6,b,2025-02-24 20:03:11.649637
case_6,c,2025-02-24 20:08:11.649637
case_6,b,2025-02-24 20:13:11.649637
case_6,a,2025-02-24 20:18:11.649637
case_6,b,2025-02-24 20:23:11.649637
case_6,a,2025-02-24 20:28:11.649637
case_6,c,2025-02-24 20:33:11.649637
case_6,c,2025-02-24 20:38:11.649637
case_6,b,2025-02-24 20:43:11.649637
case_6,a,2025-02-24 20:48:11.649637
case_6,b,2025-02-24 20:53:11.649637
case_6,c,2025-02-24 20:58:11.649637
case_6,c,2025-02-24 21:03:11.649637
case_7,c,2025-02-24 19:28:11.649667
case_7,a,2025-02-24 19:33:11.649667
case_7,c,2025-02-24 19:38:11.649667
case_7,b,2025-02-24 19:43:11.649667
case_7,a,2025-02-24 19:48:11.649667
case_7,b,2025-02-24 19:53:11.649667
case_7,c,2025-02-24 19:58:11.649667
case_7,a,2025-02-24 20:03:11.649667
case_7,b,2025-02-24 20:08:11.649667
case_7,a,2025-02-24 20:13:11.649667
case_7,c,2025-02-24 20:18:11.649667
case_7,a,2025-02-24 20:23:11.649667
case_7,c,2025-02-24 20:28:11.649667
case_7,a,2025-02-24 20:33:11.649667
case_7,c,2025-02-24 20:38:11.649667
case_7,c,2025-02-24 20:43:11.649667
case_7,c,2025-02-24 20:48:11.649667
case_7,c,2025-02-24 20:53:11.649667
case_7,a,2025-02-24 20:58:11.649667
case_7,a,2025-02-24 21:03:11.649667
case_8,a,2025-02-24 19:28:11.649697
case_8,a,2025-02-24 19:33:11.649697
case_8,c,2025-02-24 19:38:11.649697
case_8,a,2025-02-24 19:43:11.649697
case_8,c,2025-02-24 19:48:11.649697
case_8,a,2025-02-24 19:53:11.649697
case_8,b,2025-02-24 19:58:11.649697
case_8,a,2025-02-24 20:03:11.649697
case_8,c,2025-02-24 20:08:11.649697
case_8,c,2025-02-24 20:13:11.649697
case_8,a,2025-02-24 20:18:11.649697
case_8,a,2025-02-24 20:23:11.649697
case_8,b,2025-02-24 20:28:11.649697
case_8,a,2025-02-24 20:33:11.649697
case_8,c,2025-02-24 20:38:11.649697
case_8,b,2025-02-24 20:43:11.649697
case_8,c,2025-02-24 20:48:11.649697
case_8,c,2025-02-24 20:53:11.649697
case_8,b,2025-02-24 20:58:11.649697
case_8,a,2025-02-24 21:03:11.649697
case_9,a,2025-02-24 19:28:11.649727
case_9,b,2025-02-24 19:33:11.649727
case_9,a,2025-02-24 19:38:11.649727
case_9,c,2025-02-24 19:43:11.649727
case_9,c,2025-02-24 19:48:11.649727
case_9,b,2025-02-24 19:53:11.649727
case_9,a,2025-02-24 19:58:11.649727
case_9,b,2025-02-24 20:03:11.649727
case_9,a,2025-02-24 20:08:11.649727
case_9,b,2025-02-24 20:13:11.649727
case_9,c,2025-02-24 20:18:11.649727
case_9,c,2025-02-24 20:23:11.649727
case_9,c,2025-02-24 20:28:11.649727
case_9,b,2025-02-24 20:33:11.649727
case_9,a,2025-02-24 20:38:11.649727
case_9,c,2025-02-24 20:43:11.649727
case_9,a,2025-02-24 20:48:11.649727
case_9,c,2025-02-24 20:53:11.649727
case_9,a,2025-02-24 20:58:11.649727
case_9,c,2025-02-24 21:03:11.649727
case_10,c,2025-02-24 19:28:11.649757
case_10,a,2025-02-24 19:33:11.649757
case_10,c,2025-02-24 19:38:11.649757
case_10,b,2025-02-24 19:43:11.649757
case_10,c,2025-02-24 19:48:11.649757
case_10,c,2025-02-24 19:53:11.649757
case_10,b,2025-02-24 19:58:11.649757
case_10,c,2025-02-24 20:03:11.649757
case_10,b,2025-02-24 20:08:11.649757
case_10,c,2025-02-24 20:13:11.649757
case_10,a,2025-02-24 20:18:11.649757
case_10,b,2025-02-24 20:23:11.649757
case_10,c,2025-02-24 20:28:11.649757
case_10,a,2025-02-24 20:33:11.649757
case_10,a,2025-02-24 20:38:11.649757
case_10,b,2025-02-24 20:43:11.649757
case_10,c,2025-02-24 20:48:11.649757
case_10,a,2025-02-24 20:53:11.649757
case_10,a,2025-02-24 20:58:11.649757
case_10,c,2025-02-24 21:03:11.649757
case_11,c,2025-02-24 19:28:11.649787
case_11,c,2025-02-24 19:33:11.649787
case_11,c,2025-02-24 19:38:11.649787
case_11,a,2025-02-24 19:43:11.649787
case_11,b,2025-02-24 19:48:11.649787
case_11,a,2025-02-24 19:53:11.649787
case_11,a,2025-02-24 19:58:11.649787
case_11,c,2025-02-24 20:03:11.649787
case_11,c,2025-02-24 20:08:11.649787
case_11,b,2025-02-24 20:13:11.649787
case_11,a,2025-02-24 20:18:11.649787
case_11,b,2025-02-24 20:23:11.649787
case_11,a,2025-02-24 20:28:11.649787
case_11,a,2025-02-24 20:33:11.649787
case_11,c,2025-02-24 20:38:11.649787
case_11,c,2025-02-24 20:43:11.649787
case_11,b,2025-02-24 20:48:11.649787
case_11,c,2025-02-24 20:53:11.649787
case_11,a,2025-02-24 20:58:11.649787
case_11,c,2025-02-24 21:03:11.649787
case_12,a,2025-02-24 19:28:11.649817
case_12,a,2025-02-24 19:33:11.649817
case_12,b,2025-02-24 19:38:11.649817
case_12,c,2025-02-24 19:43:11.649817
case_12,b,2025-02-24 19:48:11.649817
case_12,c,2025-02-24 19:53:11.649817
case_12,c,2025-02-24 19:58:11.649817
case_12,c,2025-02-24 20:03:11.649817
case_12,a,2025-02-24 20:08:11.649817
case_12,a,2025-02-24 20:13:11.649817
case_12,b,2025-02-24 20:18:11.649817
case_12,c,2025-02-24 20:23:11.649817
case_12,c,2025-02-24 20:28:11.649817
case_12,a,2025-02-24 20:33:11.649817
case_12,a,2025-02-24 20:38:11.649817
case_12,b,2025-02-24 20:43:11.649817
case_12,c,2025-02-24 20:48:11.649817
case_12,c,2025-02-24 20:53:11.649817
case_12,b,2025-02-24 20:58:11.649817
case_12,c,2025-02-24 21:03:11.649817
case_13,a,2025-02-24 19:28:11.649847
case_13,c,2025-02-24 19:33:11.649847
case_13,c,2025-02-24 19:38:11.649847
case_13,c,2025-02-24 19:43:11.649847
case_13,c,2025-02-24 19:48:11.649847
case_13,c,2025-02-24 19:53:11.649847
case_13,b,2025-02-24 19:58:11.649847
case_13,c,2025-02-24 20:03:11.649847
case_13,b,2025-02-24 20:08:11.649847
case_13,a,2025-02-24 20:13:11.649847
case_13,a,2025-02-24 20:18:11.649847
case_13,c,2025-02-24 20:23:11.649847
case_13,c,2025-02-24 20:28:11.649847
case_13,c,2025-02-24 20:33:11.649847
case_13,b,2025-02-24 20:38:11.649847
case_13,a,2025-02-24 20:43:11.649847
case_13,a,2025-02-24 20:48:11.649847
case_13,a,2025-02-24 20:53:11.649847
case_13,a,2025-02-24 20:58:11.649847
case_13,c,2025-02-24 21:03:11.649847
case_14,c,2025-02-24 19:28:11.649877
case_14,a,2025-02-24 19:33:11.649877
case_14,b,2025-02-24 19:38:11.649877
case_14,a,2025-02-24 19:43:11.649877
case_14,c,2025-02-24 19:48:11.649877
case_14,c,2025-02-24 19:53:11.649877
case_14,c,2025-02-24 19:58:11.649877
case_14,a,2025-02-24 20:03:11.649877
case_14,c,2025-02-24 20:08:11.649877
case_14,c,2025-02-24 20:13:11.649877
case_14,c,2025-02-24 20:18:11.649877
case_14,b,2025-02-24 20:23:11.649877
case_14,a,2025-02-24 20:28:11.649877
case_14,c,2025-02-24 20:33:11.649877
case_14,a,2025-02-24 20:38:11.649877
case_14,c,2025-02-24 20:43:11.649877
case_14,a,2025-02-24 20:48:11.649877
case_14,b,2025-02-24 20:53:11.649877
case_14,c,2025-02-24 20:58:11.649877
case_14,c,2025-02-24 21:03:11.649877
case_15,a,2025-02-24 19:28:11.649906
case_15,c,2025-02-24 19:33:11.649906
case_15,b,2025-02-24 19:38:11.649906
case_15,c,2025-02-24 19:43:11.649906
case_15,c,2025-02-24 19:48:11.649906
case_15,c,2025-02-24 19:53:11.649906
case_15,a,2025-02-24 19:58:11.649906
case_15,c,2025-02-24 20:03:11.649906
case_15,c,2025-02-24 20:08:11.649906
case_15,a,2025-02-24 20:13:11.649906
case_15,b,2025-02-24 20:18:11.649906
case_15,a,2025-02-24 20:23:11.649906
case_15,c,2025-02-24 20:28:11.649906
case_15,c,2025-02-24 20:33:11.649906
case_15,c,2025-02-24 20:38:11.649906
case_15,a,2025-02-24 20:43:11.649906
case_15,a,2025-02-24 20:48:11.649906
case_15,b,2025-02-24 20:53:11.649906
case_15,c,2025-02-24 20:58:11.649906
case_15,c,2025-02-24 21:03:11.649906
case_16,c,2025-02-24 19:28:11.649936
case_16,c,2025-02-24 19:33:11.649936
case_16,c,2025-02-24 19:38:11.649936
case_16,a,2025-02-24 19:43:11.649936
case_16,a,2025-02-24 19:48:11.649936
case_16,b,2025-02-24 19:53:11.649936
case_16,c,2025-02-24 19:58:11.649936
case_16,a,2025-02-24 20:03:11.649936
case_16,a,2025-02-24 20:08:11.649936
case_16,b,2025-02-24 20:13:11.649936
case_16,a,2025-02-24 20:18:11.649936
case_16,a,2025-02-24 20:23:11.649936
case_16,b,2025-02-24 20:28:11.649936
case_16,c,2025-02-24 20:33:11.649936
case_16,b,2025-02-24 20:38:11.649936
case_16,c,2025-02-24 20:43:11.649936
case_16,b,2025-02-24 20:48:11.649936
case_16,c,2025-02-24 20:53:11.649936
case_16,b,2025-02-24 20:58:11.649936
case_16,a,2025-02-24 21:03:11.649936
case_17,a,2025-02-24 19:28:11.649966
case_17,c,2025-02-24 19:33:11.649966
case_17,c,2025-02-24 19:38:11.649966
case_17,c,2025-02-24 19:43:11.649966
case_17,b,2025-02-24 19:48:11.649966
case_17,c,2025-02-24 19:53:11.649966
case_17,c,2025-02-24 19:58:11.649966
case_17,a,2025-02-24 20:03:11.649966
case_17,a,2025-02-24 20:08:11.649966
case_17,a,2025-02-24 20:13:11.649966
case_17,c,2025-02-24 20:18:11.649966
case_17,c,2025-02-24 20:23:11.649966
case_17,c,2025-02-24 20:28:11.649966
case_17,a,2025-02-24 20:33:11.649966
case_17,c,2025-02-24 20:38:11.649966
case_17,b,2025-02-24 20:43:11.649966
case_17,c,2025-02-24 20:48:11.649966
case_17,b,2025-02-24 20:53:11.649966
case_17,a,2025-02-24 20:58:11.649966
case_17,a,2025-02-24 21:03:11.649966
case_18,a,2025-02-24 19:28:11.649996
case_18,a,2025-02-24 19:33:11.649996
case_18,b,2025-02-24 19:38:11.649996
case_18,a,2025-02-24 19:43:11.649996
case_18,a,2025-02-24 19:48:11.649996
case_18,b,2025-02-24 19:53:11.649996
case_18,a,2025-02-24 19:58:11.649996
case_18,b,2025-02-24 20:03:11.649996
case_18,c,2025-02-24 20:08:11.649996
case_18,b,2025-02-24 20:13:11.649996
case_18,c,2025-02-24 20:18:11.649996
case_18,c,2025-02-24 20:23:11.649996
case_18,a,2025-02-24 20:28:11.649996
case_18,b,2025-02-24 20:33:11.649996
case_18,a,2025-02-24 20:38:11.649996
case_18,b,2025-02-24 20:43:11.649996
case_18,c,2025-02-24 20:48:11.649996
case_18,b,2025-02-24 20:53:11.649996
case_18,a,2025-02-24 20:58:11.649996
case_18,c,2025-02-24 21:03:11.649996
case_19,a,2025-02-24 19:28:11.650025
case_19,a,2025-02-24 19:33:11.650025
case_19,a,2025-02-24 19:38:11.650025
case_19,a,2025-02-24 19:43:11.650025
case_19,b,2025-02-24 19:48:11.650025
case_19,c,2025-02-24 19:53:11.650025
case_19,a,2025-02-24 19:58:11.650025
case_19,c,2025-02-24 20:03:11.650025
case_19,a,2025-02-24 20:08:11.650025
case_19,c,2025-02-24 20:13:11.650025
case_19,b,2025-02-24 20:18:11.650025
case_19,c,2025-02-24 20:23:11.650025
case_19,c,2025-02-24 20:28:11.650025
case_19,c,2025-02-24 20:33:11.650025
case_19,b,2025-02-24 20:38:11.650025
case_19,c,2025-02-24 20:43:11.650025
case_19,a,2025-02-24 20:48:11.650025
case_19,c,2025-02-24 20:53:11.650025
case_19,c,2025-02-24 20:58:11.650025
case_19,a,2025-02-24 21:03:11.650025
case_20,a,2025-02-24 19:28:11.650055
case_20,c,2025-02-24 19:33:11.650055
case_20,a,2025-02-24 19:38:11.650055
case_20,a,2025-02-24 19:43:11.650055
case_20,b,2025-02-24 19:48:11.650055
case_20,a,2025-02-24 19:53:11.650055
case_20,a,2025-02-24 19:58:11.650055
case_20,c,2025-02-24 20:03:11.650055
case_20,a,2025-02-24 20:08:11.650055
case_20,a,2025-02-24 20:13:11.650055
case_20,c,2025-02-24 20:18:11.650055
case_20,c,2025-02-24 20:23:11.650055
case_20,b,2025-02-24 20:28:11.650055
case_20,c,2025-02-24 20:33:11.650055
case_20,a,2025-02-24 20:38:11.650055
case_20,a,2025-02-24 20:43:11.650055
case_20,b,2025-02-24 20:48:11.650055
case_20,a,2025-02-24 20:53:11.650055
case_20,a,2025-02-24 20:58:11.650055
case_20,a,2025-02-24 21:03:11.650055
case_21,a,2025-02-24 19:28:11.650086
case_21,c,2025-02-24 19:33:11.650086
case_21,b,2025-02-24 19:38:11.650086
case_21,c,2025-02-24 19:43:11.650086
case_21,c,2025-02-24 19:48:11.650086
case_21,b,2025-02-24 19:53:11.650086
case_21,c,2025-02-24 19:58:11.650086
case_21,a,2025-02-24 20:03:11.650086
case_21,a,2025-02-24 20:08:11.650086
case_21,c,2025-02-24 20:13:11.650086
case_21,c,2025-02-24 20:18:11.650086
case_21,c,2025-02-24 20:23:11.650086
case_21,b,2025-02-24 20:28:11.650086
case_21,c,2025-02-24 20:33:11.650086
case_21,c,2025-02-24 20:38:11.650086
case_21,b,2025-02-24 20:43:11.650086
case_21,c,2025-02-24 20:48:11.650086
case_21,c,2025-02-24 20:53:11.650086
case_21,a,2025-02-24 20:58:11.650086
case_21,c,2025-02-24 21:03:11.650086
case_22,c,2025-02-24 19:28:11.650116
case_22,b,2025-02-24 19:33:11.650116
case_22,c,2025-02-24 19:38:11.650116
case_22,a,2025-02-24 19:43:11.650116
case_22,b,2025-02-24 19:48:11.650116
case_22,a,2025-02-24 19:53:11.650116
case_22,b,2025-02-24 19:58:11.650116
case_22,a,2025-02-24 20:03:11.650116
case_22,c,2025-02-24 20:08:11.650116
case_22,c,2025-02-24 20:13:11.650116
case_22,c,2025-02-24 20:18:11.650116
case_22,b,2025-02-24 20:23:11.650116
case_22,a,2025-02-24 20:28:11.650116
case_22,a,2025-02-24 20:33:11.650116
case_22,a,2025-02-24 20:38:11.650116
case_22,b,2025-02-24 20:43:11.650116
case_22,c,2025-02-24 20:48:11.650116
case_22,c,2025-02-24 20:53:11.650116
case_22,b,2025-02-24 20:58:11.650116
case_22,a,2025-02-24 21:03:11.650116
case_23,c,2025-02-24 19:28:11.650146
case_23,c,2025-02-24 19:33:11.650146
case_23,a,2025-02-24 19:38:11.650146
case_23,a,2025-02-24 19:43:11.650146
case_23,c,2025-02-24 19:48:11.650146
case_23,c,2025-02-24 19:53:11.650146
case_23,b,2025-02-24 19:58:11.650146
case_23,c,2025-02-24 20:03:11.650146
case_23,b,2025-02-24 20:08:11.650146
case_23,a,2025-02-24 20:13:11.650146
case_23,a,2025-02-24 20:18:11.650146
case_23,b,2025-02-24 20:23:11.650146
case_23,c,2025-02-24 20:28:11.650146
case_23,c,2025-02-24 20:33:11.650146
case_23,c,2025-02-24 20:38:11.650146
case_23,a,2025-02-24 20:43:11.650146
case_23,b,2025-02-24 20:48:11.650146
case_23,a,2025-02-24 20:53:11.650146
case_23,c,2025-02-24 20:58:11.650146
case_23,a,2025-02-24 21:03:11.650146
case_24,c,2025-02-24 19:28:11.650177
case_24,a,2025-02-24 19:33:11.650177
case_24,a,2025-02-24 19:38:11.650177
case_24,b,2025-02-24 19:43:11.650177
case_24,a,2025-02-24 19:48:11.650177
case_24,b,2025-02-24 19:53:11.650177
case_24,c,2025-02-24 19:58:11.650177
case_24,b,2025-02-24 20:03:11.650177
case_24,c,2025-02-24 20:08:11.650177
case_24,b,2025-02-24 20:13:11.650177
case_24,c,2025-02-24 20:18:11.650177
case_24,a,2025-02-24 20:23:11.650177
case_24,b,2025-02-24 20:28:11.650177
case_24,a,2025-02-24 20:33:11.650177
case_24,b,2025-02-24 20:38:11.650177
case_24,c,2025-02-24 20:43:11.650177
case_24,c,2025-02-24 20:48:11.650177
case_24,b,2025-02-24 20:53:11.650177
case_24,c,2025-02-24 20:58:11.650177
case_24,a,2025-02-24 21:03:11.650177
case_25,c,2025-02-24 19:28:11.650207
case_25,a,2025-02-24 19:33:11.650207
case_25,c,2025-02-24 19:38:11.650207
case_25,c,2025-02-24 19:43:11.650207
case_25,b,2025-02-24 19:48:11.650207
case_25,c,2025-02-24 19:53:11.650207
case_25,b,2025-02-24 19:58:11.650207
case_25,c,2025-02-24 20:03:11.650207
case_25,b,2025-02-24 20:08:11.650207
case_25,a,2025-02-24 20:13:11.650207
case_25,a,2025-02-24 20:18:11.650207
case_25,a,2025-02-24 20:23:11.650207
case_25,a,2025-02-24 20:28:11.650207
case_25,a,2025-02-24 20:33:11.650207
case_25,c,2025-02-24 20:38:11.650207
case_25,a,2025-02-24 20:43:11.650207
case_25,b,2025-02-24 20:48:11.650207
case_25,a,2025-02-24 20:53:11.650207
case_25,b,2025-02-24 20:58:11.650207
case_25,a,2025-02-24 21:03:11.650207
case_26,c,2025-02-24 19:28:11.650237
case_26,a,2025-02-24 19:33:11.650237
case_26,a,2025-02-24 19:38:11.650237
case_26,b,2025-02-24 19:43:11.650237
case_26,a,2025-02-24 19:48:11.650237
case_26,b,2025-02-24 19:53:11.650237
case_26,a,2025-02-24 19:58:11.650237
case_26,c,2025-02-24 20:03:11.650237
case_26,c,2025-02-24 20:08:11.650237
case_26,a,2025-02-24 20:13:11.650237
case_26,c,2025-02-24 20:18:11.650237
case_26,c,2025-02-24 20:23:11.650237
case_26,a,2025-02-24 20:28:11.650237
case_26,c,2025-02-24 20:33:11.650237
case_26,a,2025-02-24 20:38:11.650237
case_26,b,2025-02-24 20:43:11.650237
case_26,a,2025-02-24 20:48:11.650237
case_26,a,2025-02-24 20:53:11.650237
case_26,a,2025-02-24 20:58:11.650237
case_26,c,2025-02-24 21:03:11.650237
case_27,c,2025-02-24 19:28:11.650267
case_27,c,2025-02-24 19:33:11.650267
case_27,b,2025-02-24 19:38:11.650267
case_27,c,2025-02-24 19:43:11.650267
case_27,b,2025-02-24 19:48:11.650267
case_27,a,2025-02-24 19:53:11.650267
case_27,c,2025-02-24 19:58:11.650267
case_27,a,2025-02-24 20:03:11.650267
case_27,a,2025-02-24 20:08:11.650267
case_27,b,2025-02-24 20:13:11.650267
case_27,a,2025-02-24 20:18:11.650267
case_27,a,2025-02-24 20:23:11.650267
case_27,c,2025-02-24 20:28:11.650267
case_27,c,2025-02-24 20:33:11.650267
case_27,b,2025-02-24 20:38:11.650267
case_27,c,2025-02-24 20:43:11.650267
case_27,a,2025-02-24 20:48:11.650267
case_27,a,2025-02-24 20:53:11.650267
case_27,c,2025-02-24 20:58:11.650267
case_27,c,2025-02-24 21:03:11.650267
case_28,c,2025-02-24 19:28:11.650297
case_28,c,2025-02-24 19:33:11.650297
case_28,c,2025-02-24 19:38:11.650297
case_28,c,2025-02-24 19:43:11.650297
case_28,a,2025-02-24 19:48:11.650297
case_28,a,2025-02-24 19:53:11.650297
case_28,c,2025-02-24 19:58:11.650297
case_28,c,2025-02-24 20:03:11.650297
case_28,c,2025-02-24 20:08:11.650297
case_28,c,2025-02-24 20:13:11.650297
case_28,c,2025-02-24 20:18:11.650297
case_28,c,2025-02-24 20:23:11.650297
case_28,c,2025-02-24 20:28:11.650297
case_28,b,2025-02-24 20:33:11.650297
case_28,c,2025-02-24 20:38:11.650297
case_28,a,2025-02-24 20:43:11.650297
case_28,c,2025-02-24 20:48:11.650297
case_28,a,2025-02-24 20:53:11.650297
case_28,c,2025-02-24 20:58:11.650297
case_28,c,2025-02-24 21:03:11.650297
case_29,c,2025-02-24 19:28:11.650330
case_29,a,2025-02-24 19:33:11.650330
case_29,a,2025-02-24 19:38:11.650330
case_29,a,2025-02-24 19:43:11.650330
case_29,b,2025-02-24 19:48:11.650330
case_29,a,2025-02-24 19:53:11.650330
case_29,b,2025-02-24 19:58:11.650330
case_29,c,2025-02-24 20:03:11.650330
case_29,c,2025-02-24 20:08:11.650330
case_29,a,2025-02-24 20:13:11.650330
case_29,a,2025-02-24 20:18:11.650330
case_29,c,2025-02-24 20:23:11.650330
case_29,a,2025-02-24 20:28:11.650330
case_29,b,2025-02-24 20:33:11.650330
case_29,a,2025-02-24 20:38:11.650330
case_29,a,2025-02-24 20:43:11.650330
case_29,b,2025-02-24 20:48:11.650330
case_29,a,2025-02-24 20:53:11.650330
case_29,a,2025-02-24 20:58:11.650330
case_29,a,2025-02-24 21:03:11.650330
case_30,c,2025-02-24 19:28:11.650360
case_30,c,2025-02-24 19:33:11.650360
case_30,a,2025-02-24 19:38:11.650360
case_30,a,2025-02-24 19:43:11.650360
case_30,a,2025-02-24 19:48:11.650360
case_30,a,2025-02-24 19:53:11.650360
case_30,c,2025-02-24 19:58:11.650360
case_30,a,2025-02-24 20:03:11.650360
case_30,a,2025-02-24 20:08:11.650360
case_30,a,2025-02-24 20:13:11.650360
case_30,a,2025-02-24 20:18:11.650360
case_30,a,2025-02-24 20:23:11.650360
case_30,c,2025-02-24 20:28:11.650360
case_30,b,2025-02-24 20:33:11.650360
case_30,a,2025-02-24 20:38:11.650360
case_30,a,2025-02-24 20:43:11.650360
case_30,b,2025-02-24 20:48:11.650360
case_30,c,2025-02-24 20:53:11.650360
case_30,a,2025-02-24 20:58:11.650360
case_30,a,2025-02-24 21:03:11.650360
case_31,a,2025-02-24 19:28:11.650390
case_31,a,2025-02-24 19:33:11.650390
case_31,c,2025-02-24 19:38:11.650390
case_31,b,2025-02-24 19:43:11.650390
case_31,a,2025-02-24 19:48:11.650390
case_31,b,2025-02-24 19:53:11.650390
case_31,c,2025-02-24 19:58:11.650390
case_31,c,2025-02-24 20:03:11.650390
case_31,b,2025-02-24 20:08:11.650390
case_31,c,2025-02-24 20:13:11.650390
case_31,a,2025-02-24 20:18:11.650390
case_31,a,2025-02-24 20:23:11.650390
case_31,c,2025-02-24 20:28:11.650390
case_31,b,2025-02-24 20:33:11.650390
case_31,a,2025-02-24 20:38:11.650390
case_31,b,2025-02-24 20:43:11.650390
case_31,c,2025-02-24 20:48:11.650390
case_31,b,2025-02-24 20:53:11.650390
case_31,a,2025-02-24 20:58:11.650390
case_31,c,2025-02-24 21:03:11.650390
case_32,c,2025-02-24 19:28:11.650421
case_32,a,2025-02-24 19:33:11.650421
case_32,a,2025-02-24 19:38:11.650421
case_32,b,2025-02-24 19:43:11.650421
case_32,a,2025-02-24 19:48:11.650421
case_32,b,2025-02-24 19:53:11.650421
case_32,a,2025-02-24 19:58:11.650421
case_32,c,2025-02-24 20:03:11.650421
case_32,c,2025-02-24 20:08:11.650421
case_32,b,2025-02-24 20:13:11.650421
case_32,a,2025-02-24 20:18:11.650421
case_32,a,2025-02-24 20:23:11.650421
case_32,b,2025-02-24 20:28:11.650421
case_32,c,2025-02-24 20:33:11.650421
case_32,a,2025-02-24 20:38:11.650421
case_32,a,2025-02-24 20:43:11.650421
case_32,c,2025-02-24 20:48:11.650421
case_32,b,2025-02-24 20:53:11.650421
case_32,a,2025-02-24 20:58:11.650421
case_32,c,2025-02-24 21:03:11.650421
case_33,a,2025-02-24 19:28:11.650451
case_33,a,2025-02-24 19:33:11.650451
case_33,c,2025-02-24 19:38:11.650451
case_33,b,2025-02-24 19:43:11.650451
case_33,a,2025-02-24 19:48:11.650451
case_33,a,2025-02-24 19:53:11.650451
case_33,b,2025-02-24 19:58:11.650451
case_33,a,2025-02-24 20:03:11.650451
case_33,a,2025-02-24 20:08:11.650451
case_33,c,2025-02-24 20:13:11.650451
case_33,a,2025-02-24 20:18:11.650451
case_33,b,2025-02-24 20:23:11.650451
case_33,a,2025-02-24 20:28:11.650451
case_33,a,2025-02-24 20:33:11.650451
case_33,b,2025-02-24 20:38:11.650451
case_33,c,2025-02-24 20:43:11.650451
case_33,c,2025-02-24 20:48:11.650451
case_33,b,2025-02-24 20:53:11.650451
case_33,c,2025-02-24 20:58:11.650451
case_33,a,2025-02-24 21:03:11.650451
case_34,a,2025-02-24 19:28:11.650481
case_34,b,2025-02-24 19:33:11.650481
case_34,a,2025-02-24 19:38:11.650481
case_34,b,2025-02-24 19:43:11.650481
case_34,c,2025-02-24 19:48:11.650481
case_34,b,2025-02-24 19:53:11.650481
case_34,c,2025-02-24 19:58:11.650481
case_34,c,2025-02-24 20:03:11.650481
case_34,b,2025-02-24 20:08:11.650481
case_34,c,2025-02-24 20:13:11.650481
case_34,a,2025-02-24 20:18:11.650481
case_34,c,2025-02-24 20:23:11.650481
case_34,a,2025-02-24 20:28:11.650481
case_34,c,2025-02-24 20:33:11.650481
case_34,b,2025-02-24 20:38:11.650481
case_34,c,2025-02-24 20:43:11.650481
case_34,b,2025-02-24 20:48:11.650481
case_34,a,2025-02-24 20:53:11.650481
case_34,c,2025-02-24 20:58:11.650481
case_34,a,2025-02-24 21:03:11.650481
case_35,a,2025-02-24 19:28:11.650511
case_35,b,2025-02-24 19:33:11.650511
case_35,a,2025-02-24 19:38:11.650511
case_35,c,2025-02-24 19:43:11.650511
case_35,a,2025-02-24 19:48:11.650511
case_35,c,2025-02-24 19:53:11.650511
case_35,b,2025-02-24 19:58:11.650511
case_35,c,2025-02-24 20:03:11.650511
case_35,c,2025-02-24 20:08:11.650511
case_35,b,2025-02-24 20:13:11.650511
case_35,c,2025-02-24 20:18:11.650511
case_35,c,2025-02-24 20:23:11.650511
case_35,a,2025-02-24 20:28:11.650511
case_35,b,2025-02-24 20:33:11.650511
case_35,a,2025-02-24 20:38:11.650511
case_35,c,2025-02-24 20:43:11.650511
case_35,b,2025-02-24 20:48:11.650511
case_35,c,2025-02-24 20:53:11.650511
case_35,b,2025-02-24 20:58:11.650511
case_35,a,2025-02-24 21:03:11.650511
case_36,a,2025-02-24 19:28:11.650541
case_36,b,2025-02-24 19:33:11.650541
case_36,c,2025-02-24 19:38:11.650541
case_36,c,2025-02-24 19:43:11.650541
case_36,a,2025-02-24 19:48:11.650541
case_36,c,2025-02-24 19:53:11.650541
case_36,a,2025-02-24 19:58:11.650541
case_36,b,2025-02-24 20:03:11.650541
case_36,a,2025-02-24 20:08:11.650541
case_36,c,2025-02-24 20:13:11.650541
case_36,b,2025-02-24 20:18:11.650541
case_36,a,2025-02-24 20:23:11.650541
case_36,a,2025-02-24 20:28:11.650541
case_36,c,2025-02-24 20:33:11.650541
case_36,b,2025-02-24 20:38:11.650541
case_36,a,2025-02-24 20:43:11.650541
case_36,b,2025-02-24 20:48:11.650541
case_36,a,2025-02-24 20:53:11.650541
case_36,a,2025-02-24 20:58:11.650541
case_36,c,2025-02-24 21:03:11.650541
case_37,a,2025-02-24 19:28:11.650571
case_37,c,2025-02-24 19:33:11.650571
case_37,a,2025-02-24 19:38:11.650571
case_37,c,2025-02-24 19:43:11.650571
case_37,a,2025-02-24 19:48:11.650571
case_37,c,2025-02-24 19:53:11.650571
case_37,a,2025-02-24 19:58:11.650571
case_37,b,2025-02-24 20:03:11.650571
case_37,c,2025-02-24 20:08:11.650571
case_37,a,2025-02-24 20:13:11.650571
case_37,c,2025-02-24 20:18:11.650571
case_37,b,2025-02-24 20:23:11.650571
case_37,c,2025-02-24 20:28:11.650571
case_37,c,2025-02-24 20:33:11.650571
case_37,b,2025-02-24 20:38:11.650571
case_37,a,2025-02-24 20:43:11.650571
case_37,c,2025-02-24 20:48:11.650571
case_37,a,2025-02-24 20:53:11.650571
case_37,b,2025-02-24 20:58:11.650571
case_37,c,2025-02-24 21:03:11.650571
case_38,a,2025-02-24 19:28:11.650602
case_38,a,2025-02-24 19:33:11.650602
case_38,a,2025-02-24 19:38:11.650602
case_38,a,2025-02-24 19:43:11.650602
case_38,a,2025-02-24 19:48:11.650602
case_38,c,2025-02-24 19:53:11.650602
case_38,a,2025-02-24 19:58:11.650602
case_38,c,2025-02-24 20:03:11.650602
case_38,a,2025-02-24 20:08:11.650602
case_38,b,2025-02-24 20:13:11.650602
case_38,a,2025-02-24 20:18:11.650602
case_38,a,2025-02-24 20:23:11.650602
case_38,c,2025-02-24 20:28:11.650602
case_38,a,2025-02-24 20:33:11.650602
case_38,b,2025-02-24 20:38:11.650602
case_38,c,2025-02-24 20:43:11.650602
case_38,c,2025-02-24 20:48:11.650602
case_38,c,2025-02-24 20:53:11.650602
case_38,b,2025-02-24 20:58:11.650602
case_38,a,2025-02-24 21:03:11.650602
case_39,a,2025-02-24 19:28:11.650632
case_39,c,2025-02-24 19:33:11.650632
case_39,a,2025-02-24 19:38:11.650632
case_39,c,2025-02-24 19:43:11.650632
case_39,a,2025-02-24 19:48:11.650632
case_39,b,2025-02-24 19:53:11.650632
case_39,a,2025-02-24 19:58:11.650632
case_39,a,2025-02-24 20:03:11.650632
case_39,b,2025-02-24 20:08:11.650632
case_39,c,2025-02-24 20:13:11.650632
case_39,b,2025-02-24 20:18:11.650632
case_39,a,2025-02-24 20:23:11.650632
case_39,a,2025-02-24 20:28:11.650632
case_39,b,2025-02-24 20:33:11.650632
case_39,a,2025-02-24 20:38:11.650632
case_39,b,2025-02-24 20:43:11.650632
case_39,c,2025-02-24 20:48:11.650632
case_39,b,2025-02-24 20:53:11.650632
case_39,c,2025-02-24 20:58:11.650632
case_39,c,2025-02-24 21:03:11.650632
case_40,a,2025-02-24 19:28:11.650662
case_40,a,2025-02-24 19:33:11.650662
case_40,c,2025-02-24 19:38:11.650662
case_40,a,2025-02-24 19:43:11.650662
case_40,b,2025-02-24 19:48:11.650662
case_40,a,2025-02-24 19:53:11.650662
case_40,a,2025-02-24 19:58:11.650662
case_40,c,2025-02-24 20:03:11.650662
case_40,a,2025-02-24 20:08:11.650662
case_40,c,2025-02-24 20:13:11.650662
case_40,a,2025-02-24 20:18:11.650662
case_40,a,2025-02-24 20:23:11.650662
case_40,b,2025-02-24 20:28:11.650662
case_40,c,2025-02-24 20:33:11.650662
case_40,a,2025-02-24 20:38:11.650662
case_40,c,2025-02-24 20:43:11.650662
case_40,b,2025-02-24 20:48:11.650662
case_40,a,2025-02-24 20:53:11.650662
case_40,b,2025-02-24 20:58:11.650662
case_40,a,2025-02-24 21:03:11.650662
case_41,c,2025-02-24 19:28:11.650692
case_41,a,2025-02-24 19:33:11.650692
case_41,a,2025-02-24 19:38:11.650692
case_41,c,2025-02-24 19:43:11.650692
case_41,b,2025-02-24 19:48:11.650692
case_41,c,2025-02-24 19:53:11.650692
case_41,c,2025-02-24 19:58:11.650692
case_41,b,2025-02-24 20:03:11.650692
case_41,c,2025-02-24 20:08:11.650692
case_41,c,2025-02-24 20:13:11.650692
case_41,a,2025-02-24 20:18:11.650692
case_41,c,2025-02-24 20:23:11.650692
case_41,b,2025-02-24 20:28:11.650692
case_41,c,2025-02-24 20:33:11.650692
case_41,c,2025-02-24 20:38:11.650692
case_41,a,2025-02-24 20:43:11.650692
case_41,c,2025-02-24 20:48:11.650692
case_41,c,2025-02-24 20:53:11.650692
case_41,c,2025-02-24 20:58:11.650692
case_41,a,2025-02-24 21:03:11.650692
case_42,a,2025-02-24 19:28:11.650724
case_42,c,2025-02-24 19:33:11.650724
case_42,c,2025-02-24 19:38:11.650724
case_42,b,2025-02-24 19:43:11.650724
case_42,a,2025-02-24 19:48:11.650724
case_42,a,2025-02-24 19:53:11.650724
case_42,a,2025-02-24 19:58:11.650724
case_42,b,2025-02-24 20:03:11.650724
case_42,a,2025-02-24 20:08:11.650724
case_42,b,2025-02-24 20:13:11.650724
case_42,a,2025-02-24 20:18:11.650724
case_42,b,2025-02-24 20:23:11.650724
case_42,a,2025-02-24 20:28:11.650724
case_42,a,2025-02-24 20:33:11.650724
case_42,b,2025-02-24 20:38:11.650724
case_42,a,2025-02-24 20:43:11.650724
case_42,c,2025-02-24 20:48:11.650724
case_42,b,2025-02-24 20:53:11.650724
case_42,a,2025-02-24 20:58:11.650724
case_42,a,2025-02-24 21:03:11.650724
case_43,c,2025-02-24 19:28:11.650753
case_43,b,2025-02-24 19:33:11.650753
case_43,a,2025-02-24 19:38:11.650753
case_43,c,2025-02-24 19:43:11.650753
case_43,a,2025-02-24 19:48:11.650753
case_43,b,2025-02-24 19:53:11.650753
case_43,a,2025-02-24 19:58:11.650753
case_43,c,2025-02-24 20:03:11.650753
case_43,b,2025-02-24 20:08:11.650753
case_43,c,2025-02-24 20:13:11.650753
case_43,b,2025-02-24 20:18:11.650753
case_43,a,2025-02-24 20:23:11.650753
case_43,b,2025-02-24 20:28:11.650753
case_43,c,2025-02-24 20:33:11.650753
case_43,b,2025-02-24 20:38:11.650753
case_43,c,2025-02-24 20:43:11.650753
case_43,b,2025-02-24 20:48:11.650753
case_43,c,2025-02-24 20:53:11.650753
case_43,c,2025-02-24 20:58:11.650753
case_43,a,2025-02-24 21:03:11.650753
case_44,c,2025-02-24 19:28:11.650783
case_44,a,2025-02-24 19:33:11.650783
case_44,a,2025-02-24 19:38:11.650783
case_44,c,2025-02-24 19:43:11.650783
case_44,a,2025-02-24 19:48:11.650783
case_44,a,2025-02-24 19:53:11.650783
case_44,b,2025-02-24 19:58:11.650783
case_44,a,2025-02-24 20:03:11.650783
case_44,a,2025-02-24 20:08:11.650783
case_44,b,2025-02-24 20:13:11.650783
case_44,a,2025-02-24 20:18:11.650783
case_44,a,2025-02-24 20:23:11.650783
case_44,b,2025-02-24 20:28:11.650783
case_44,a,2025-02-24 20:33:11.650783
case_44,b,2025-02-24 20:38:11.650783
case_44,a,2025-02-24 20:43:11.650783
case_44,a,2025-02-24 20:48:11.650783
case_44,c,2025-02-24 20:53:11.650783
case_44,a,2025-02-24 20:58:11.650783
case_44,a,2025-02-24 21:03:11.650783
case_45,c,2025-02-24 19:28:11.650813
case_45,b,2025-02-24 19:33:11.650813
case_45,c,2025-02-24 19:38:11.650813
case_45,c,2025-02-24 19:43:11.650813
case_45,c,2025-02-24 19:48:11.650813
case_45,a,2025-02-24 19:53:11.650813
case_45,a,2025-02-24 19:58:11.650813
case_45,a,2025-02-24 20:03:11.650813
case_45,a,2025-02-24 20:08:11.650813
case_45,b,2025-02-24 20:13:11.650813
case_45,c,2025-02-24 20:18:11.650813
case_45,c,2025-02-24 20:23:11.650813
case_45,b,2025-02-24 20:28:11.650813
case_45,a,2025-02-24 20:33:11.650813
case_45,a,2025-02-24 20:38:11.650813
case_45,c,2025-02-24 20:43:11.650813
case_45,c,2025-02-24 20:48:11.650813
case_45,a,2025-02-24 20:53:11.650813
case_45,c,2025-02-24 20:58:11.650813
case_45,c,2025-02-24 21:03:11.650813
case_46,a,2025-02-24 19:28:11.650843
case_46,c,2025-02-24 19:33:11.650843
case_46,a,2025-02-24 19:38:11.650843
case_46,a,2025-02-24 19:43:11.650843
case_46,c,2025-02-24 19:48:11.650843
case_46,b,2025-02-24 19:53:11.650843
case_46,a,2025-02-24 19:58:11.650843
case_46,b,2025-02-24 20:03:11.650843
case_46,c,2025-02-24 20:08:11.650843
case_46,b,2025-02-24 20:13:11.650843
case_46,a,2025-02-24 20:18:11.650843
case_46,a,2025-02-24 20:23:11.650843
case_46,a,2025-02-24 20:28:11.650843
case_46,c,2025-02-24 20:33:11.650843
case_46,b,2025-02-24 20:38:11.650843
case_46,c,2025-02-24 20:43:11.650843
case_46,c,2025-02-24 20:48:11.650843
case_46,c,2025-02-24 20:53:11.650843
case_46,b,2025-02-24 20:58:11.650843
case_46,c,2025-02-24 21:03:11.650843
case_47,c,2025-02-24 19:28:11.650872
case_47,c,2025-02-24 19:33:11.650872
case_47,c,2025-02-24 19:38:11.650872
case_47,c,2025-02-24 19:43:11.650872
case_47,c,2025-02-24 19:48:11.650872
case_47,b,2025-02-24 19:53:11.650872
case_47,c,2025-02-24 19:58:11.650872
case_47,c,2025-02-24 20:03:11.650872
case_47,c,2025-02-24 20:08:11.650872
case_47,a,2025-02-24 20:13:11.650872
case_47,b,2025-02-24 20:18:11.650872
case_47,c,2025-02-24 20:23:11.650872
case_47,b,2025-02-24 20:28:11.650872
case_47,a,2025-02-24 20:33:11.650872
case_47,c,2025-02-24 20:38:11.650872
case_47,a,2025-02-24 20:43:11.650872
case_47,a,2025-02-24 20:48:11.650872
case_47,b,2025-02-24 20:53:11.650872
case_47,a,2025-02-24 20:58:11.650872
case_47,c,2025-02-24 21:03:11.650872
case_48,a,2025-02-24 19:28:11.650902
case_48,c,2025-02-24 19:33:11.650902
case_48,b,2025-02-24 19:38:11.650902
case_48,a,2025-02-24 19:43:11.650902
case_48,a,2025-02-24 19:48:11.650902
case_48,c,2025-02-24 19:53:11.650902
case_48,c,2025-02-24 19:58:11.650902
case_48,b,2025-02-24 20:03:11.650902
case_48,a,2025-02-24 20:08:11.650902
case_48,b,2025-02-24 20:13:11.650902
case_48,a,2025-02-24 20:18:11.650902
case_48,a,2025-02-24 20:23:11.650902
case_48,b,2025-02-24 20:28:11.650902
case_48,a,2025-02-24 20:33:11.650902
case_48,c,2025-02-24 20:38:11.650902
case_48,b,2025-02-24 20:43:11.650902
case_48,a,2025-02-24 20:48:11.650902
case_48,b,2025-02-24 20:53:11.650902
case_48,a,2025-02-24 20:58:11.650902
case_48,a,2025-02-24 21:03:11.650902
case_49,a,2025-02-24 19:28:11.650931
case_49,a,2025-02-24 19:33:11.650931
case_49,b,2025-02-24 19:38:11.650931
case_49,c,2025-02-24 19:43:11.650931
case_49,a,2025-02-24 19:48:11.650931
case_49,b,2025-02-24 19:53:11.650931
case_49,c,2025-02-24 19:58:11.650931
case_49,b,2025-02-24 20:03:11.650931
case_49,c,2025-02-24 20:08:11.650931
case_49,a,2025-02-24 20:13:11.650931
case_49,c,2025-02-24 20:18:11.650931
case_49,c,2025-02-24 20:23:11.650931
case_49,c,2025-02-24 20:28:11.650931
case_49,b,2025-02-24 20:33:11.650931
case_49,a,2025-02-24 20:38:11.650931
case_49,c,2025-02-24 20:43:11.650931
case_49,a,2025-02-24 20:48:11.650931
case_49,b,2025-02-24 20:53:11.650931
case_49,a,2025-02-24 20:58:11.650931
case_49,a,2025-02-24 21:03:11.650931
case_50,a,2025-02-24 19:28:11.650961
case_50,b,2025-02-24 19:33:11.650961
case_50,c,2025-02-24 19:38:11.650961
case_50,c,2025-02-24 19:43:11.650961
case_50,a,2025-02-24 19:48:11.650961
case_50,c,2025-02-24 19:53:11.650961
case_50,b,2025-02-24 19:58:11.650961
case_50,c,2025-02-24 20:03:11.650961
case_50,c,2025-02-24 20:08:11.650961
case_50,c,2025-02-24 20:13:11.650961
case_50,c,2025-02-24 20:18:11.650961
case_50,b,2025-02-24 20:23:11.650961
case_50,c,2025-02-24 20:28:11.650961
case_50,c,2025-02-24 20:33:11.650961
case_50,a,2025-02-24 20:38:11.650961
case_50,b,2025-02-24 20:43:11.650961
case_50,a,2025-02-24 20:48:11.650961
case_50,b,2025-02-24 20:53:11.650961
case_50,a,2025-02-24 20:58:11.650961
case_50,c,2025-02-24 21:03:11.650961
case_51,a,2025-02-24 19:28:11.650990
case_51,a,2025-02-24 19:33:11.650990
case_51,b,2025-02-24 19:38:11.650990
case_51,a,2025-02-24 19:43:11.650990
case_51,a,2025-02-24 19:48:11.650990
case_51,b,2025-02-24 19:53:11.650990
case_51,c,2025-02-24 19:58:11.650990
case_51,a,2025-02-24 20:03:11.650990
case_51,b,2025-02-24 20:08:11.650990
case_51,a,2025-02-24 20:13:11.650990
case_51,c,2025-02-24 20:18:11.650990
case_51,b,2025-02-24 20:23:11.650990
case_51,c,2025-02-24 20:28:11.650990
case_51,a,2025-02-24 20:33:11.650990
case_51,b,2025-02-24 20:38:11.650990
case_51,c,2025-02-24 20:43:11.650990
case_51,a,2025-02-24 20:48:11.650990
case_51,a,2025-02-24 20:53:11.650990
case_51,b,2025-02-24 20:58:11.650990
case_51,a,2025-02-24 21:03:11.650990
case_52,a,2025-02-24 19:28:11.651020
case_52,c,2025-02-24 19:33:11.651020
case_52,c,2025-02-24 19:38:11.651020
case_52,c,2025-02-24 19:43:11.651020
case_52,b,2025-02-24 19:48:11.651020
case_52,c,2025-02-24 19:53:11.651020
case_52,c,2025-02-24 19:58:11.651020
case_52,c,2025-02-24 20:03:11.651020
case_52,c,2025-02-24 20:08:11.651020
case_52,c,2025-02-24 20:13:11.651020
case_52,b,2025-02-24 20:18:11.651020
case_52,c,2025-02-24 20:23:11.651020
case_52,a,2025-02-24 20:28:11.651020
case_52,c,2025-02-24 20:33:11.651020
case_52,b,2025-02-24 20:38:11.651020
case_52,c,2025-02-24 20:43:11.651020
case_52,a,2025-02-24 20:48:11.651020
case_52,c,2025-02-24 20:53:11.651020
case_52,c,2025-02-24 20:58:11.651020
case_52,c,2025-02-24 21:03:11.651020
case_53,a,2025-02-24 19:28:11.651050
case_53,a,2025-02-24 19:33:11.651050
case_53,b,2025-02-24 19:38:11.651050
case_53,c,2025-02-24 19:43:11.651050
case_53,a,2025-02-24 19:48:11.651050
case_53,a,2025-02-24 19:53:11.651050
case_53,c,2025-02-24 19:58:11.651050
case_53,a,2025-02-24 20:03:11.651050
case_53,b,2025-02-24 20:08:11.651050
case_53,a,2025-02-24 20:13:11.651050
case_53,a,2025-02-24 20:18:11.651050
case_53,c,2025-02-24 20:23:11.651050
case_53,b,2025-02-24 20:28:11.651050
case_53,c,2025-02-24 20:33:11.651050
case_53,a,2025-02-24 20:38:11.651050
case_53,c,2025-02-24 20:43:11.651050
case_53,a,2025-02-24 20:48:11.651050
case_53,a,2025-02-24 20:53:11.651050
case_53,b,2025-02-24 20:58:11.651050
case_53,c,2025-02-24 21:03:11.651050
case_54,c,2025-02-24 19:28:11.651079
case_54,a,2025-02-24 19:33:11.651079
case_54,b,2025-02-24 19:38:11.651079
case_54,c,2025-02-24 19:43:11.651079
case_54,a,2025-02-24 19:48:11.651079
case_54,c,2025-02-24 19:53:11.651079
case_54,a,2025-02-24 19:58:11.651079
case_54,a,2025-02-24 20:03:11.651079
case_54,c,2025-02-24 20:08:11.651079
case_54,a,2025-02-24 20:13:11.651079
case_54,b,2025-02-24 20:18:11.651079
case_54,a,2025-02-24 20:23:11.651079
case_54,c,2025-02-24 20:28:11.651079
case_54,c,2025-02-24 20:33:11.651079
case_54,a,2025-02-24 20:38:11.651079
case_54,c,2025-02-24 20:43:11.651079
case_54,b,2025-02-24 20:48:11.651079
case_54,c,2025-02-24 20:53:11.651079
case_54,b,2025-02-24 20:58:11.651079
case_54,c,2025-02-24 21:03:11.651079
case_55,a,2025-02-24 19:28:11.651109
case_55,a,2025-02-24 19:33:11.651109
case_55,a,2025-02-24 19:38:11.651109
case_55,a,2025-02-24 19:43:11.651109
case_55,c,2025-02-24 19:48:11.651109
case_55,c,2025-02-24 19:53:11.651109
case_55,b,2025-02-24 19:58:11.651109
case_55,a,2025-02-24 20:03:11.651109
case_55,a,2025-02-24 20:08:11.651109
case_55,a,2025-02-24 20:13:11.651109
case_55,b,2025-02-24 20:18:11.651109
case_55,a,2025-02-24 20:23:11.651109
case_55,a,2025-02-24 20:28:11.651109
case_55,a,2025-02-24 20:33:11.651109
case_55,b,2025-02-24 20:38:11.651109
case_55,a,2025-02-24 20:43:11.651109
case_55,a,2025-02-24 20:48:11.651109
case_55,c,2025-02-24 20:53:11.651109
case_55,a,2025-02-24 20:58:11.651109
case_55,a,2025-02-24 21:03:11.651109
case_56,c,2025-02-24 19:28:11.651161
case_56,b,2025-02-24 19:33:11.651161
case_56,a,2025-02-24 19:38:11.651161
case_56,a,2025-02-24 19:43:11.651161
case_56,a,2025-02-24 19:48:11.651161
case_56,c,2025-02-24 19:53:11.651161
case_56,a,2025-02-24 19:58:11.651161
case_56,a,2025-02-24 20:03:11.651161
case_56,b,2025-02-24 20:08:11.651161
case_56,c,2025-02-24 20:13:11.651161
case_56,b,2025-02-24 20:18:11.651161
case_56,c,2025-02-24 20:23:11.651161
case_56,c,2025-02-24 20:28:11.651161
case_56,c,2025-02-24 20:33:11.651161
case_56,b,2025-02-24 20:38:11.651161
case_56,c,2025-02-24 20:43:11.651161
case_56,c,2025-02-24 20:48:11.651161
case_56,c,2025-02-24 20:53:11.651161
case_56,a,2025-02-24 20:58:11.651161
case_56,a,2025-02-24 21:03:11.651161
case_57,c,2025-02-24 19:28:11.651191
case_57,c,2025-02-24 19:33:11.651191
case_57,a,2025-02-24 19:38:11.651191
case_57,a,2025-02-24 19:43:11.651191
case_57,b,2025-02-24 19:48:11.651191
case_57,c,2025-02-24 19:53:11.651191
case_57,c,2025-02-24 19:58:11.651191
case_57,b,2025-02-24 20:03:11.651191
case_57,c,2025-02-24 20:08:11.651191
case_57,c,2025-02-24 20:13:11.651191
case_57,a,2025-02-24 20:18:11.651191
case_57,c,2025-02-24 20:23:11.651191
case_57,a,2025-02-24 20:28:11.651191
case_57,c,2025-02-24 20:33:11.651191
case_57,b,2025-02-24 20:38:11.651191
case_57,c,2025-02-24 20:43:11.651191
case_57,b,2025-02-24 20:48:11.651191
case_57,a,2025-02-24 20:53:11.651191
case_57,a,2025-02-24 20:58:11.651191
case_57,c,2025-02-24 21:03:11.651191
case_58,a,2025-02-24 19:28:11.651221
case_58,b,2025-02-24 19:33:11.651221
case_58,a,2025-02-24 19:38:11.651221
case_58,b,2025-02-24 19:43:11.651221
case_58,c,2025-02-24 19:48:11.651221
case_58,b,2025-02-24 19:53:11.651221
case_58,a,2025-02-24 19:58:11.651221
case_58,b,2025-02-24 20:03:11.651221
case_58,c,2025-02-24 20:08:11.651221
case_58,c,2025-02-24 20:13:11.651221
case_58,c,2025-02-24 20:18:11.651221
case_58,c,2025-02-24 20:23:11.651221
case_58,b,2025-02-24 20:28:11.651221
case_58,c,2025-02-24 20:33:11.651221
case_58,a,2025-02-24 20:38:11.651221
case_58,a,2025-02-24 20:43:11.651221
case_58,c,2025-02-24 20:48:11.651221
case_58,b,2025-02-24 20:53:11.651221
case_58,c,2025-02-24 20:58:11.651221
case_58,c,2025-02-24 21:03:11.651221
case_59,c,2025-02-24 19:28:11.651250
case_59,b,2025-02-24 19:33:11.651250
case_59,c,2025-02-24 19:38:11.651250
case_59,a,2025-02-24 19:43:11.651250
case_59,c,2025-02-24 19:48:11.651250
case_59,a,2025-02-24 19:53:11.651250
case_59,c,2025-02-24 19:58:11.651250
case_59,a,2025-02-24 20:03:11.651250
case_59,a,2025-02-24 20:08:11.651250
case_59,c,2025-02-24 20:13:11.651250
case_59,c,2025-02-24 20:18:11.651250
case_59,b,2025-02-24 20:23:11.651250
case_59,c,2025-02-24 20:28:11.651250
case_59,b,2025-02-24 20:33:11.651250
case_59,a,2025-02-24 20:38:11.651250
case_59,c,2025-02-24 20:43:11.651250
case_59,a,2025-02-24 20:48:11.651250
case_59,b,2025-02-24 20:53:11.651250
case_59,a,2025-02-24 20:58:11.651250
case_59,c,2025-02-24 21:03:11.651250
case_60,c,2025-02-24 19:28:11.651280
case_60,c,2025-02-24 19:33:11.651280
case_60,a,2025-02-24 19:38:11.651280
case_60,a,2025-02-24 19:43:11.651280
case_60,b,2025-02-24 19:48:11.651280
case_60,a,2025-02-24 19:53:11.651280
case_60,c,2025-02-24 19:58:11.651280
case_60,c,2025-02-24 20:03:11.651280
case_60,c,2025-02-24 20:08:11.651280
case_60,a,2025-02-24 20:13:11.651280
case_60,c,2025-02-24 20:18:11.651280
case_60,a,2025-02-24 20:23:11.651280
case_60,c,2025-02-24 20:28:11.651280
case_60,c,2025-02-24 20:33:11.651280
case_60,c,2025-02-24 20:38:11.651280
case_60,a,2025-02-24 20:43:11.651280
case_60,b,2025-02-24 20:48:11.651280
case_60,c,2025-02-24 20:53:11.651280
case_60,c,2025-02-24 20:58:11.651280
case_60,c,2025-02-24 21:03:11.651280
case_61,c,2025-02-24 19:28:11.651309
case_61,b,2025-02-24 19:33:11.651309
case_61,a,2025-02-24 19:38:11.651309
case_61,c,2025-02-24 19:43:11.651309
case_61,a,2025-02-24 19:48:11.651309
case_61,c,2025-02-24 19:53:11.651309
case_61,c,2025-02-24 19:58:11.651309
case_61,b,2025-02-24 20:03:11.651309
case_61,a,2025-02-24 20:08:11.651309
case_61,b,2025-02-24 20:13:11.651309
case_61,a,2025-02-24 20:18:11.651309
case_61,c,2025-02-24 20:23:11.651309
case_61,a,2025-02-24 20:28:11.651309
case_61,b,2025-02-24 20:33:11.651309
case_61,c,2025-02-24 20:38:11.651309
case_61,b,2025-02-24 20:43:11.651309
case_61,c,2025-02-24 20:48:11.651309
case_61,b,2025-02-24 20:53:11.651309
case_61,a,2025-02-24 20:58:11.651309
case_61,a,2025-02-24 21:03:11.651309
case_62,c,2025-02-24 19:28:11.651341
case_62,c,2025-02-24 19:33:11.651341
case_62,b,2025-02-24 19:38:11.651341
case_62,a,2025-02-24 19:43:11.651341
case_62,b,2025-02-24 19:48:11.651341
case_62,c,2025-02-24 19:53:11.651341
case_62,c,2025-02-24 19:58:11.651341
case_62,c,2025-02-24 20:03:11.651341
case_62,a,2025-02-24 20:08:11.651341
case_62,b,2025-02-24 20:13:11.651341
case_62,a,2025-02-24 20:18:11.651341
case_62,b,2025-02-24 20:23:11.651341
case_62,a,2025-02-24 20:28:11.651341
case_62,b,2025-02-24 20:33:11.651341
case_62,a,2025-02-24 20:38:11.651341
case_62,a,2025-02-24 20:43:11.651341
case_62,b,2025-02-24 20:48:11.651341
case_62,c,2025-02-24 20:53:11.651341
case_62,b,2025-02-24 20:58:11.651341
case_62,a,2025-02-24 21:03:11.651341
case_63,c,2025-02-24 19:28:11.651371
case_63,b,2025-02-24 19:33:11.651371
case_63,a,2025-02-24 19:38:11.651371
case_63,a,2025-02-24 19:43:11.651371
case_63,c,2025-02-24 19:48:11.651371
case_63,b,2025-02-24 19:53:11.651371
case_63,a,2025-02-24 19:58:11.651371
case_63,b,2025-02-24 20:03:11.651371
case_63,a,2025-02-24 20:08:11.651371
case_63,c,2025-02-24 20:13:11.651371
case_63,c,2025-02-24 20:18:11.651371
case_63,b,2025-02-24 20:23:11.651371
case_63,a,2025-02-24 20:28:11.651371
case_63,b,2025-02-24 20:33:11.651371
case_63,a,2025-02-24 20:38:11.651371
case_63,b,2025-02-24 20:43:11.651371
case_63,a,2025-02-24 20:48:11.651371
case_63,c,2025-02-24 20:53:11.651371
case_63,b,2025-02-24 20:58:11.651371
case_63,a,2025-02-24 21:03:11.651371
case_64,c,2025-02-24 19:28:11.651401
case_64,c,2025-02-24 19:33:11.651401
case_64,c,2025-02-24 19:38:11.651401
case_64,a,2025-02-24 19:43:11.651401
case_64,c,2025-02-24 19:48:11.651401
case_64,a,2025-02-24 19:53:11.651401
case_64,b,2025-02-24 19:58:11.651401
case_64,c,2025-02-24 20:03:11.651401
case_64,b,2025-02-24 20:08:11.651401
case_64,c,2025-02-24 20:13:11.651401
case_64,a,2025-02-24 20:18:11.651401
case_64,a,2025-02-24 20:23:11.651401
case_64,c,2025-02-24 20:28:11.651401
case_64,c,2025-02-24 20:33:11.651401
case_64,b,2025-02-24 20:38:11.651401
case_64,a,2025-02-24 20:43:11.651401
case_64,a,2025-02-24 20:48:11.651401
case_64,a,2025-02-24 20:53:11.651401
case_64,a,2025-02-24 20:58:11.651401
case_64,a,2025-02-24 21:03:11.651401
case_65,c,2025-02-24 19:28:11.651431
case_65,b,2025-02-24 19:33:11.651431
case_65,c,2025-02-24 19:38:11.651431
case_65,b,2025-02-24 19:43:11.651431
case_65,c,2025-02-24 19:48:11.651431
case_65,c,2025-02-24 19:53:11.651431
case_65,c,2025-02-24 19:58:11.651431
case_65,c,2025-02-24 20:03:11.651431
case_65,b,2025-02-24 20:08:11.651431
case_65,c,2025-02-24 20:13:11.651431
case_65,a,2025-02-24 20:18:11.651431
case_65,a,2025-02-24 20:23:11.651431
case_65,b,2025-02-24 20:28:11.651431
case_65,a,2025-02-24 20:33:11.651431
case_65,a,2025-02-24 20:38:11.651431
case_65,c,2025-02-24 20:43:11.651431
case_65,c,2025-02-24 20:48:11.651431
case_65,c,2025-02-24 20:53:11.651431
case_65,c,2025-02-24 20:58:11.651431
case_65,a,2025-02-24 21:03:11.651431
case_66,c,2025-02-24 19:28:11.651461
case_66,a,2025-02-24 19:33:11.651461
case_66,b,2025-02-24 19:38:11.651461
case_66,a,2025-02-24 19:43:11.651461
case_66,b,2025-02-24 19:48:11.651461
case_66,c,2025-02-24 19:53:11.651461
case_66,b,2025-02-24 19:58:11.651461
case_66,c,2025-02-24 20:03:11.651461
case_66,b,2025-02-24 20:08:11.651461
case_66,a,2025-02-24 20:13:11.651461
case_66,c,2025-02-24 20:18:11.651461
case_66,a,2025-02-24 20:23:11.651461
case_66,a,2025-02-24 20:28:11.651461
case_66,b,2025-02-24 20:33:11.651461
case_66,c,2025-02-24 20:38:11.651461
case_66,b,2025-02-24 20:43:11.651461
case_66,c,2025-02-24 20:48:11.651461
case_66,c,2025-02-24 20:53:11.651461
case_66,b,2025-02-24 20:58:11.651461
case_66,c,2025-02-24 21:03:11.651461
case_67,c,2025-02-24 19:28:11.651492
case_67,c,2025-02-24 19:33:11.651492
case_67,a,2025-02-24 19:38:11.651492
case_67,a,2025-02-24 19:43:11.651492
case_67,a,2025-02-24 19:48:11.651492
case_67,a,2025-02-24 19:53:11.651492
case_67,b,2025-02-24 19:58:11.651492
case_67,a,2025-02-24 20:03:11.651492
case_67,c,2025-02-24 20:08:11.651492
case_67,b,2025-02-24 20:13:11.651492
case_67,c,2025-02-24 20:18:11.651492
case_67,b,2025-02-24 20:23:11.651492
case_67,c,2025-02-24 20:28:11.651492
case_67,b,2025-02-24 20:33:11.651492
case_67,c,2025-02-24 20:38:11.651492
case_67,a,2025-02-24 20:43:11.651492
case_67,c,2025-02-24 20:48:11.651492
case_67,b,2025-02-24 20:53:11.651492
case_67,a,2025-02-24 20:58:11.651492
case_67,a,2025-02-24 21:03:11.651492
case_68,a,2025-02-24 19:28:11.651522
case_68,a,2025-02-24 19:33:11.651522
case_68,b,2025-02-24 19:38:11.651522
case_68,a,2025-02-24 19:43:11.651522
case_68,b,2025-02-24 19:48:11.651522
case_68,a,2025-02-24 19:53:11.651522
case_68,b,2025-02-24 19:58:11.651522
case_68,a,2025-02-24 20:03:11.651522
case_68,b,2025-02-24 20:08:11.651522
case_68,c,2025-02-24 20:13:11.651522
case_68,a,2025-02-24 20:18:11.651522
case_68,a,2025-02-24 20:23:11.651522
case_68,b,2025-02-24 20:28:11.651522
case_68,c,2025-02-24 20:33:11.651522
case_68,a,2025-02-24 20:38:11.651522
case_68,c,2025-02-24 20:43:11.651522
case_68,b,2025-02-24 20:48:11.651522
case_68,a,2025-02-24 20:53:11.651522
case_68,b,2025-02-24 20:58:11.651522
case_68,c,2025-02-24 21:03:11.651522
case_69,a,2025-02-24 19:28:11.651551
case_69,c,2025-02-24 19:33:11.651551
case_69,b,2025-02-24 19:38:11.651551
case_69,a,2025-02-24 19:43:11.651551
case_69,c,2025-02-24 19:48:11.651551
case_69,a,2025-02-24 19:53:11.651551
case_69,c,2025-02-24 19:58:11.651551
case_69,b,2025-02-24 20:03:11.651551
case_69,c,2025-02-24 20:08:11.651551
case_69,a,2025-02-24 20:13:11.651551
case_69,c,2025-02-24 20:18:11.651551
case_69,c,2025-02-24 20:23:11.651551
case_69,b,2025-02-24 20:28:11.651551
case_69,c,2025-02-24 20:33:11.651551
case_69,c,2025-02-24 20:38:11.651551
case_69,c,2025-02-24 20:43:11.651551
case_69,c,2025-02-24 20:48:11.651551
case_69,a,2025-02-24 20:53:11.651551
case_69,a,2025-02-24 20:58:11.651551
case_69,c,2025-02-24 21:03:11.651551
case_70,c,2025-02-24 19:28:11.651580
case_70,b,2025-02-24 19:33:11.651580
case_70,a,2025-02-24 19:38:11.651580
case_70,a,2025-02-24 19:43:11.651580
case_70,a,2025-02-24 19:48:11.651580
case_70,c,2025-02-24 19:53:11.651580
case_70,b,2025-02-24 19:58:11.651580
case_70,a,2025-02-24 20:03:11.651580
case_70,a,2025-02-24 20:08:11.651580
case_70,a,2025-02-24 20:13:11.651580
case_70,c,2025-02-24 20:18:11.651580
case_70,c,2025-02-24 20:23:11.651580
case_70,b,2025-02-24 20:28:11.651580
case_70,c,2025-02-24 20:33:11.651580
case_70,a,2025-02-24 20:38:11.651580
case_70,b,2025-02-24 20:43:11.651580
case_70,a,2025-02-24 20:48:11.651580
case_70,a,2025-02-24 20:53:11.651580
case_70,b,2025-02-24 20:58:11.651580
case_70,a,2025-02-24 21:03:11.651580
case_71,a,2025-02-24 19:28:11.651611
case_71,b,2025-02-24 19:33:11.651611
case_71,a,2025-02-24 19:38:11.651611
case_71,c,2025-02-24 19:43:11.651611
case_71,c,2025-02-24 19:48:11.651611
case_71,b,2025-02-24 19:53:11.651611
case_71,c,2025-02-24 19:58:11.651611
case_71,c,2025-02-24 20:03:11.651611
case_71,a,2025-02-24 20:08:11.651611
case_71,a,2025-02-24 20:13:11.651611
case_71,b,2025-02-24 20:18:11.651611
case_71,c,2025-02-24 20:23:11.651611
case_71,b,2025-02-24 20:28:11.651611
case_71,a,2025-02-24 20:33:11.651611
case_71,c,2025-02-24 20:38:11.651611
case_71,c,2025-02-24 20:43:11.651611
case_71,c,2025-02-24 20:48:11.651611
case_71,b,2025-02-24 20:53:11.651611
case_71,a,2025-02-24 20:58:11.651611
case_71,a,2025-02-24 21:03:11.651611
case_72,c,2025-02-24 19:28:11.651640
case_72,c,2025-02-24 19:33:11.651640
case_72,b,2025-02-24 19:38:11.651640
case_72,c,2025-02-24 19:43:11.651640
case_72,a,2025-02-24 19:48:11.651640
case_72,c,2025-02-24 19:53:11.651640
case_72,c,2025-02-24 19:58:11.651640
case_72,c,2025-02-24 20:03:11.651640
case_72,a,2025-02-24 20:08:11.651640
case_72,c,2025-02-24 20:13:11.651640
case_72,b,2025-02-24 20:18:11.651640
case_72,c,2025-02-24 20:23:11.651640
case_72,c,2025-02-24 20:28:11.651640
case_72,a,2025-02-24 20:33:11.651640
case_72,a,2025-02-24 20:38:11.651640
case_72,a,2025-02-24 20:43:11.651640
case_72,a,2025-02-24 20:48:11.651640
case_72,a,2025-02-24 20:53:11.651640
case_72,a,2025-02-24 20:58:11.651640
case_72,c,2025-02-24 21:03:11.651640
case_73,a,2025-02-24 19:28:11.651669
case_73,b,2025-02-24 19:33:11.651669
case_73,c,2025-02-24 19:38:11.651669
case_73,a,2025-02-24 19:43:11.651669
case_73,a,2025-02-24 19:48:11.651669
case_73,b,2025-02-24 19:53:11.651669
case_73,a,2025-02-24 19:58:11.651669
case_73,b,2025-02-24 20:03:11.651669
case_73,a,2025-02-24 20:08:11.651669
case_73,b,2025-02-24 20:13:11.651669
case_73,a,2025-02-24 20:18:11.651669
case_73,c,2025-02-24 20:23:11.651669
case_73,c,2025-02-24 20:28:11.651669
case_73,c,2025-02-24 20:33:11.651669
case_73,c,2025-02-24 20:38:11.651669
case_73,a,2025-02-24 20:43:11.651669
case_73,a,2025-02-24 20:48:11.651669
case_73,c,2025-02-24 20:53:11.651669
case_73,a,2025-02-24 20:58:11.651669
case_73,a,2025-02-24 21:03:11.651669
case_74,a,2025-02-24 19:28:11.651699
case_74,c,2025-02-24 19:33:11.651699
case_74,c,2025-02-24 19:38:11.651699
case_74,b,2025-02-24 19:43:11.651699
case_74,a,2025-02-24 19:48:11.651699
case_74,b,2025-02-24 19:53:11.651699
case_74,c,2025-02-24 19:58:11.651699
case_74,c,2025-02-24 20:03:11.651699
case_74,b,2025-02-24 20:08:11.651699
case_74,c,2025-02-24 20:13:11.651699
case_74,c,2025-02-24 20:18:11.651699
case_74,a,2025-02-24 20:23:11.651699
case_74,a,2025-02-24 20:28:11.651699
case_74,c,2025-02-24 20:33:11.651699
case_74,b,2025-02-24 20:38:11.651699
case_74,c,2025-02-24 20:43:11.651699
case_74,a,2025-02-24 20:48:11.651699
case_74,a,2025-02-24 20:53:11.651699
case_74,c,2025-02-24 20:58:11.651699
case_74,a,2025-02-24 21:03:11.651699
case_75,c,2025-02-24 19:28:11.651728
case_75,b,2025-02-24 19:33:11.651728
case_75,a,2025-02-24 19:38:11.651728
case_75,c,2025-02-24 19:43:11.651728
case_75,b,2025-02-24 19:48:11.651728
case_75,c,2025-02-24 19:53:11.651728
case_75,c,2025-02-24 19:58:11.651728
case_75,a,2025-02-24 20:03:11.651728
case_75,a,2025-02-24 20:08:11.651728
case_75,c,2025-02-24 20:13:11.651728
case_75,a,2025-02-24 20:18:11.651728
case_75,b,2025-02-24 20:23:11.651728
case_75,c,2025-02-24 20:28:11.651728
case_75,a,2025-02-24 20:33:11.651728
case_75,c,2025-02-24 20:38:11.651728
case_75,b,2025-02-24 20:43:11.651728
case_75,a,2025-02-24 20:48:11.651728
case_75,a,2025-02-24 20:53:11.651728
case_75,b,2025-02-24 20:58:11.651728
case_75,c,2025-02-24 21:03:11.651728
case_76,a,2025-02-24 19:28:11.651757
case_76,b,2025-02-24 19:33:11.651757
case_76,c,2025-02-24 19:38:11.651757
case_76,a,2025-02-24 19:43:11.651757
case_76,a,2025-02-24 19:48:11.651757
case_76,b,2025-02-24 19:53:11.651757
case_76,a,2025-02-24 19:58:11.651757
case_76,b,2025-02-24 20:03:11.651757
case_76,a,2025-02-24 20:08:11.651757
case_76,b,2025-02-24 20:13:11.651757
case_76,c,2025-02-24 20:18:11.651757
case_76,a,2025-02-24 20:23:11.651757
case_76,a,2025-02-24 20:28:11.651757
case_76,c,2025-02-24 20:33:11.651757
case_76,c,2025-02-24 20:38:11.651757
case_76,b,2025-02-24 20:43:11.651757
case_76,a,2025-02-24 20:48:11.651757
case_76,a,2025-02-24 20:53:11.651757
case_76,a,2025-02-24 20:58:11.651757
case_76,c,2025-02-24 21:03:11.651757
case_77,a,2025-02-24 19:28:11.651787
case_77,a,2025-02-24 19:33:11.651787
case_77,b,2025-02-24 19:38:11.651787
case_77,c,2025-02-24 19:43:11.651787
case_77,b,2025-02-24 19:48:11.651787
case_77,a,2025-02-24 19:53:11.651787
case_77,c,2025-02-24 19:58:11.651787
case_77,a,2025-02-24 20:03:11.651787
case_77,c,2025-02-24 20:08:11.651787
case_77,a,2025-02-24 20:13:11.651787
case_77,b,2025-02-24 20:18:11.651787
case_77,c,2025-02-24 20:23:11.651787
case_77,a,2025-02-24 20:28:11.651787
case_77,b,2025-02-24 20:33:11.651787
case_77,a,2025-02-24 20:38:11.651787
case_77,b,2025-02-24 20:43:11.651787
case_77,a,2025-02-24 20:48:11.651787
case_77,c,2025-02-24 20:53:11.651787
case_77,b,2025-02-24 20:58:11.651787
case_77,a,2025-02-24 21:03:11.651787
case_78,a,2025-02-24 19:28:11.651817
case_78,a,2025-02-24 19:33:11.651817
case_78,c,2025-02-24 19:38:11.651817
case_78,a,2025-02-24 19:43:11.651817
case_78,b,2025-02-24 19:48:11.651817
case_78,c,2025-02-24 19:53:11.651817
case_78,b,2025-02-24 19:58:11.651817
case_78,a,2025-02-24 20:03:11.651817
case_78,c,2025-02-24 20:08:11.651817
case_78,b,2025-02-24 20:13:11.651817
case_78,a,2025-02-24 20:18:11.651817
case_78,b,2025-02-24 20:23:11.651817
case_78,a,2025-02-24 20:28:11.651817
case_78,c,2025-02-24 20:33:11.651817
case_78,b,2025-02-24 20:38:11.651817
case_78,a,2025-02-24 20:43:11.651817
case_78,b,2025-02-24 20:48:11.651817
case_78,c,2025-02-24 20:53:11.651817
case_78,c,2025-02-24 20:58:11.651817
case_78,c,2025-02-24 21:03:11.651817
case_79,a,2025-02-24 19:28:11.651847
case_79,b,2025-02-24 19:33:11.651847
case_79,c,2025-02-24 19:38:11.651847
case_79,c,2025-02-24 19:43:11.651847
case_79,a,2025-02-24 19:48:11.651847
case_79,b,2025-02-24 19:53:11.651847
case_79,c,2025-02-24 19:58:11.651847
case_79,b,2025-02-24 20:03:11.651847
case_79,a,2025-02-24 20:08:11.651847
case_79,a,2025-02-24 20:13:11.651847
case_79,c,2025-02-24 20:18:11.651847
case_79,b,2025-02-24 20:23:11.651847
case_79,a,2025-02-24 20:28:11.651847
case_79,b,2025-02-24 20:33:11.651847
case_79,c,2025-02-24 20:38:11.651847
case_79,b,2025-02-24 20:43:11.651847
case_79,a,2025-02-24 20:48:11.651847
case_79,c,2025-02-24 20:53:11.651847
case_79,a,2025-02-24 20:58:11.651847
case_79,c,2025-02-24 21:03:11.651847
case_80,a,2025-02-24 19:28:11.651876
case_80,a,2025-02-24 19:33:11.651876
case_80,c,2025-02-24 19:38:11.651876
case_80,c,2025-02-24 19:43:11.651876
case_80,a,2025-02-24 19:48:11.651876
case_80,b,2025-02-24 19:53:11.651876
case_80,a,2025-02-24 19:58:11.651876
case_80,a,2025-02-24 20:03:11.651876
case_80,c,2025-02-24 20:08:11.651876
case_80,a,2025-02-24 20:13:11.651876
case_80,b,2025-02-24 20:18:11.651876
case_80,a,2025-02-24 20:23:11.651876
case_80,a,2025-02-24 20:28:11.651876
case_80,a,2025-02-24 20:33:11.651876
case_80,a,2025-02-24 20:38:11.651876
case_80,c,2025-02-24 20:43:11.651876
case_80,b,2025-02-24 20:48:11.651876
case_80,c,2025-02-24 20:53:11.651876
case_80,a,2025-02-24 20:58:11.651876
case_80,c,2025-02-24 21:03:11.651876
case_81,c,2025-02-24 19:28:11.651906
case_81,b,2025-02-24 19:33:11.651906
case_81,a,2025-02-24 19:38:11.651906
case_81,c,2025-02-24 19:43:11.651906
case_81,b,2025-02-24 19:48:11.651906
case_81,a,2025-02-24 19:53:11.651906
case_81,c,2025-02-24 19:58:11.651906
case_81,b,2025-02-24 20:03:11.651906
case_81,c,2025-02-24 20:08:11.651906
case_81,b,2025-02-24 20:13:11.651906
case_81,a,2025-02-24 20:18:11.651906
case_81,b,2025-02-24 20:23:11.651906
case_81,c,2025-02-24 20:28:11.651906
case_81,c,2025-02-24 20:33:11.651906
case_81,a,2025-02-24 20:38:11.651906
case_81,b,2025-02-24 20:43:11.651906
case_81,c,2025-02-24 20:48:11.651906
case_81,c,2025-02-24 20:53:11.651906
case_81,b,2025-02-24 20:58:11.651906
case_81,a,2025-02-24 21:03:11.651906
case_82,c,2025-02-24 19:28:11.651936
case_82,b,2025-02-24 19:33:11.651936
case_82,a,2025-02-24 19:38:11.651936
case_82,c,2025-02-24 19:43:11.651936
case_82,c,2025-02-24 19:48:11.651936
case_82,b,2025-02-24 19:53:11.651936
case_82,a,2025-02-24 19:58:11.651936
case_82,b,2025-02-24 20:03:11.651936
case_82,a,2025-02-24 20:08:11.651936
case_82,c,2025-02-24 20:13:11.651936
case_82,a,2025-02-24 20:18:11.651936
case_82,b,2025-02-24 20:23:11.651936
case_82,c,2025-02-24 20:28:11.651936
case_82,a,2025-02-24 20:33:11.651936
case_82,a,2025-02-24 20:38:11.651936
case_82,c,2025-02-24 20:43:11.651936
case_82,c,2025-02-24 20:48:11.651936
case_82,b,2025-02-24 20:53:11.651936
case_82,a,2025-02-24 20:58:11.651936
case_82,c,2025-02-24 21:03:11.651936
case_83,c,2025-02-24 19:28:11.651965
case_83,b,2025-02-24 19:33:11.651965
case_83,c,2025-02-24 19:38:11.651965
case_83,b,2025-02-24 19:43:11.651965
case_83,c,2025-02-24 19:48:11.651965
case_83,a,2025-02-24 19:53:11.651965
case_83,c,2025-02-24 19:58:11.651965
case_83,b,2025-02-24 20:03:11.651965
case_83,a,2025-02-24 20:08:11.651965
case_83,a,2025-02-24 20:13:11.651965
case_83,a,2025-02-24 20:18:11.651965
case_83,b,2025-02-24 20:23:11.651965
case_83,a,2025-02-24 20:28:11.651965
case_83,b,2025-02-24 20:33:11.651965
case_83,c,2025-02-24 20:38:11.651965
case_83,a,2025-02-24 20:43:11.651965
case_83,a,2025-02-24 20:48:11.651965
case_83,b,2025-02-24 20:53:11.651965
case_83,c,2025-02-24 20:58:11.651965
case_83,c,2025-02-24 21:03:11.651965
case_84,c,2025-02-24 19:28:11.651994
case_84,a,2025-02-24 19:33:11.651994
case_84,b,2025-02-24 19:38:11.651994
case_84,c,2025-02-24 19:43:11.651994
case_84,b,2025-02-24 19:48:11.651994
case_84,c,2025-02-24 19:53:11.651994
case_84,c,2025-02-24 19:58:11.651994
case_84,a,2025-02-24 20:03:11.651994
case_84,a,2025-02-24 20:08:11.651994
case_84,a,2025-02-24 20:13:11.651994
case_84,b,2025-02-24 20:18:11.651994
case_84,a,2025-02-24 20:23:11.651994
case_84,b,2025-02-24 20:28:11.651994
case_84,a,2025-02-24 20:33:11.651994
case_84,a,2025-02-24 20:38:11.651994
case_84,a,2025-02-24 20:43:11.651994
case_84,b,2025-02-24 20:48:11.651994
case_84,a,2025-02-24 20:53:11.651994
case_84,a,2025-02-24 20:58:11.651994
case_84,c,2025-02-24 21:03:11.651994
case_85,c,2025-02-24 19:28:11.652024
case_85,b,2025-02-24 19:33:11.652024
case_85,c,2025-02-24 19:38:11.652024
case_85,a,2025-02-24 19:43:11.652024
case_85,a,2025-02-24 19:48:11.652024
case_85,b,2025-02-24 19:53:11.652024
case_85,a,2025-02-24 19:58:11.652024
case_85,c,2025-02-24 20:03:11.652024
case_85,b,2025-02-24 20:08:11.652024
case_85,a,2025-02-24 20:13:11.652024
case_85,b,2025-02-24 20:18:11.652024
case_85,a,2025-02-24 20:23:11.652024
case_85,c,2025-02-24 20:28:11.652024
case_85,c,2025-02-24 20:33:11.652024
case_85,b,2025-02-24 20:38:11.652024
case_85,c,2025-02-24 20:43:11.652024
case_85,b,2025-02-24 20:48:11.652024
case_85,c,2025-02-24 20:53:11.652024
case_85,a,2025-02-24 20:58:11.652024
case_85,c,2025-02-24 21:03:11.652024
case_86,c,2025-02-24 19:28:11.652053
case_86,a,2025-02-24 19:33:11.652053
case_86,b,2025-02-24 19:38:11.652053
case_86,c,2025-02-24 19:43:11.652053
case_86,b,2025-02-24 19:48:11.652053
case_86,c,2025-02-24 19:53:11.652053
case_86,c,2025-02-24 19:58:11.652053
case_86,b,2025-02-24 20:03:11.652053
case_86,c,2025-02-24 20:08:11.652053
case_86,b,2025-02-24 20:13:11.652053
case_86,c,2025-02-24 20:18:11.652053
case_86,a,2025-02-24 20:23:11.652053
case_86,b,2025-02-24 20:28:11.652053
case_86,c,2025-02-24 20:33:11.652053
case_86,a,2025-02-24 20:38:11.652053
case_86,b,2025-02-24 20:43:11.652053
case_86,c,2025-02-24 20:48:11.652053
case_86,a,2025-02-24 20:53:11.652053
case_86,b,2025-02-24 20:58:11.652053
case_86,c,2025-02-24 21:03:11.652053
case_87,a,2025-02-24 19:28:11.652082
case_87,c,2025-02-24 19:33:11.652082
case_87,c,2025-02-24 19:38:11.652082
case_87,c,2025-02-24 19:43:11.652082
case_87,a,2025-02-24 19:48:11.652082
case_87,c,2025-02-24 19:53:11.652082
case_87,c,2025-02-24 19:58:11.652082
case_87,a,2025-02-24 20:03:11.652082
case_87,c,2025-02-24 20:08:11.652082
case_87,a,2025-02-24 20:13:11.652082
case_87,b,2025-02-24 20:18:11.652082
case_87,c,2025-02-24 20:23:11.652082
case_87,c,2025-02-24 20:28:11.652082
case_87,b,2025-02-24 20:33:11.652082
case_87,c,2025-02-24 20:38:11.652082
case_87,a,2025-02-24 20:43:11.652082
case_87,c,2025-02-24 20:48:11.652082
case_87,c,2025-02-24 20:53:11.652082
case_87,a,2025-02-24 20:58:11.652082
case_87,a,2025-02-24 21:03:11.652082
case_88,a,2025-02-24 19:28:11.652112
case_88,a,2025-02-24 19:33:11.652112
case_88,a,2025-02-24 19:38:11.652112
case_88,b,2025-02-24 19:43:11.652112
case_88,a,2025-02-24 19:48:11.652112
case_88,a,2025-02-24 19:53:11.652112
case_88,c,2025-02-24 19:58:11.652112
case_88,c,2025-02-24 20:03:11.652112
case_88,b,2025-02-24 20:08:11.652112
case_88,c,2025-02-24 20:13:11.652112
case_88,a,2025-02-24 20:18:11.652112
case_88,a,2025-02-24 20:23:11.652112
case_88,a,2025-02-24 20:28:11.652112
case_88,b,2025-02-24 20:33:11.652112
case_88,c,2025-02-24 20:38:11.652112
case_88,c,2025-02-24 20:43:11.652112
case_88,c,2025-02-24 20:48:11.652112
case_88,c,2025-02-24 20:53:11.652112
case_88,b,2025-02-24 20:58:11.652112
case_88,c,2025-02-24 21:03:11.652112
case_89,c,2025-02-24 19:28:11.652142
case_89,a,2025-02-24 19:33:11.652142
case_89,c,2025-02-24 19:38:11.652142
case_89,c,2025-02-24 19:43:11.652142
case_89,b,2025-02-24 19:48:11.652142
case_89,a,2025-02-24 19:53:11.652142
case_89,c,2025-02-24 19:58:11.652142
case_89,b,2025-02-24 20:03:11.652142
case_89,c,2025-02-24 20:08:11.652142
case_89,c,2025-02-24 20:13:11.652142
case_89,c,2025-02-24 20:18:11.652142
case_89,a,2025-02-24 20:23:11.652142
case_89,c,2025-02-24 20:28:11.652142
case_89,a,2025-02-24 20:33:11.652142
case_89,c,2025-02-24 20:38:11.652142
case_89,b,2025-02-24 20:43:11.652142
case_89,c,2025-02-24 20:48:11.652142
case_89,c,2025-02-24 20:53:11.652142
case_89,a,2025-02-24 20:58:11.652142
case_89,a,2025-02-24 21:03:11.652142
case_90,a,2025-02-24 19:28:11.652172
case_90,b,2025-02-24 19:33:11.652172
case_90,a,2025-02-24 19:38:11.652172
case_90,b,2025-02-24 19:43:11.652172
case_90,c,2025-02-24 19:48:11.652172
case_90,b,2025-02-24 19:53:11.652172
case_90,c,2025-02-24 19:58:11.652172
case_90,a,2025-02-24 20:03:11.652172
case_90,c,2025-02-24 20:08:11.652172
case_90,c,2025-02-24 20:13:11.652172
case_90,a,2025-02-24 20:18:11.652172
case_90,b,2025-02-24 20:23:11.652172
case_90,c,2025-02-24 20:28:11.652172
case_90,c,2025-02-24 20:33:11.652172
case_90,b,2025-02-24 20:38:11.652172
case_90,c,2025-02-24 20:43:11.652172
case_90,a,2025-02-24 20:48:11.652172
case_90,a,2025-02-24 20:53:11.652172
case_90,c,2025-02-24 20:58:11.652172
case_90,c,2025-02-24 21:03:11.652172
case_91,c,2025-02-24 19:28:11.652202
case_91,b,2025-02-24 19:33:11.652202
case_91,a,2025-02-24 19:38:11.652202
case_91,c,2025-02-24 19:43:11.652202
case_91,a,2025-02-24 19:48:11.652202
case_91,b,2025-02-24 19:53:11.652202
case_91,a,2025-02-24 19:58:11.652202
case_91,c,2025-02-24 20:03:11.652202
case_91,c,2025-02-24 20:08:11.652202
case_91,b,2025-02-24 20:13:11.652202
case_91,a,2025-02-24 20:18:11.652202
case_91,a,2025-02-24 20:23:11.652202
case_91,b,2025-02-24 20:28:11.652202
case_91,a,2025-02-24 20:33:11.652202
case_91,a,2025-02-24 20:38:11.652202
case_91,b,2025-02-24 20:43:11.652202
case_91,c,2025-02-24 20:48:11.652202
case_91,b,2025-02-24 20:53:11.652202
case_91,c,2025-02-24 20:58:11.652202
case_91,a,2025-02-24 21:03:11.652202
case_92,a,2025-02-24 19:28:11.652231
case_92,b,2025-02-24 19:33:11.652231
case_92,a,2025-02-24 19:38:11.652231
case_92,a,2025-02-24 19:43:11.652231
case_92,c,2025-02-24 19:48:11.652231
case_92,b,2025-02-24 19:53:11.652231
case_92,c,2025-02-24 19:58:11.652231
case_92,c,2025-02-24 20:03:11.652231
case_92,b,2025-02-24 20:08:11.652231
case_92,c,2025-02-24 20:13:11.652231
case_92,c,2025-02-24 20:18:11.652231
case_92,a,2025-02-24 20:23:11.652231
case_92,c,2025-02-24 20:28:11.652231
case_92,c,2025-02-24 20:33:11.652231
case_92,b,2025-02-24 20:38:11.652231
case_92,a,2025-02-24 20:43:11.652231
case_92,c,2025-02-24 20:48:11.652231
case_92,c,2025-02-24 20:53:11.652231
case_92,c,2025-02-24 20:58:11.652231
case_92,c,2025-02-24 21:03:11.652231
case_93,c,2025-02-24 19:28:11.652261
case_93,a,2025-02-24 19:33:11.652261
case_93,c,2025-02-24 19:38:11.652261
case_93,b,2025-02-24 19:43:11.652261
case_93,a,2025-02-24 19:48:11.652261
case_93,a,2025-02-24 19:53:11.652261
case_93,a,2025-02-24 19:58:11.652261
case_93,a,2025-02-24 20:03:11.652261
case_93,b,2025-02-24 20:08:11.652261
case_93,c,2025-02-24 20:13:11.652261
case_93,c,2025-02-24 20:18:11.652261
case_93,b,2025-02-24 20:23:11.652261
case_93,c,2025-02-24 20:28:11.652261
case_93,c,2025-02-24 20:33:11.652261
case_93,c,2025-02-24 20:38:11.652261
case_93,a,2025-02-24 20:43:11.652261
case_93,b,2025-02-24 20:48:11.652261
case_93,a,2025-02-24 20:53:11.652261
case_93,a,2025-02-24 20:58:11.652261
case_93,c,2025-02-24 21:03:11.652261
case_94,a,2025-02-24 19:28:11.652290
case_94,a,2025-02-24 19:33:11.652290
case_94,b,2025-02-24 19:38:11.652290
case_94,c,2025-02-24 19:43:11.652290
case_94,a,2025-02-24 19:48:11.652290
case_94,b,2025-02-24 19:53:11.652290
case_94,c,2025-02-24 19:58:11.652290
case_94,a,2025-02-24 20:03:11.652290
case_94,b,2025-02-24 20:08:11.652290
case_94,a,2025-02-24 20:13:11.652290
case_94,b,2025-02-24 20:18:11.652290
case_94,c,2025-02-24 20:23:11.652290
case_94,c,2025-02-24 20:28:11.652290
case_94,c,2025-02-24 20:33:11.652290
case_94,b,2025-02-24 20:38:11.652290
case_94,a,2025-02-24 20:43:11.652290
case_94,c,2025-02-24 20:48:11.652290
case_94,b,2025-02-24 20:53:11.652290
case_94,c,2025-02-24 20:58:11.652290
case_94,c,2025-02-24 21:03:11.652290
case_95,c,2025-02-24 19:28:11.652320
case_95,a,2025-02-24 19:33:11.652320
case_95,b,2025-02-24 19:38:11.652320
case_95,c,2025-02-24 19:43:11.652320
case_95,a,2025-02-24 19:48:11.652320
case_95,c,2025-02-24 19:53:11.652320
case_95,c,2025-02-24 19:58:11.652320
case_95,a,2025-02-24 20:03:11.652320
case_95,a,2025-02-24 20:08:11.652320
case_95,a,2025-02-24 20:13:11.652320
case_95,b,2025-02-24 20:18:11.652320
case_95,a,2025-02-24 20:23:11.652320
case_95,a,2025-02-24 20:28:11.652320
case_95,a,2025-02-24 20:33:11.652320
case_95,b,2025-02-24 20:38:11.652320
case_95,c,2025-02-24 20:43:11.652320
case_95,c,2025-02-24 20:48:11.652320
case_95,b,2025-02-24 20:53:11.652320
case_95,a,2025-02-24 20:58:11.652320
case_95,a,2025-02-24 21:03:11.652320
case_96,a,2025-02-24 19:28:11.652352
case_96,c,2025-02-24 19:33:11.652352
case_96,c,2025-02-24 19:38:11.652352
case_96,a,2025-02-24 19:43:11.652352
case_96,c,2025-02-24 19:48:11.652352
case_96,c,2025-02-24 19:53:11.652352
case_96,c,2025-02-24 19:58:11.652352
case_96,a,2025-02-24 20:03:11.652352
case_96,a,2025-02-24 20:08:11.652352
case_96,b,2025-02-24 20:13:11.652352
case_96,c,2025-02-24 20:18:11.652352
case_96,b,2025-02-24 20:23:11.652352
case_96,a,2025-02-24 20:28:11.652352
case_96,b,2025-02-24 20:33:11.652352
case_96,a,2025-02-24 20:38:11.652352
case_96,b,2025-02-24 20:43:11.652352
case_96,a,2025-02-24 20:48:11.652352
case_96,a,2025-02-24 20:53:11.652352
case_96,a,2025-02-24 20:58:11.652352
case_96,a,2025-02-24 21:03:11.652352
case_97,c,2025-02-24 19:28:11.652381
case_97,c,2025-02-24 19:33:11.652381
case_97,c,2025-02-24 19:38:11.652381
case_97,b,2025-02-24 19:43:11.652381
case_97,a,2025-02-24 19:48:11.652381
case_97,b,2025-02-24 19:53:11.652381
case_97,a,2025-02-24 19:58:11.652381
case_97,a,2025-02-24 20:03:11.652381
case_97,b,2025-02-24 20:08:11.652381
case_97,a,2025-02-24 20:13:11.652381
case_97,c,2025-02-24 20:18:11.652381
case_97,a,2025-02-24 20:23:11.652381
case_97,a,2025-02-24 20:28:11.652381
case_97,c,2025-02-24 20:33:11.652381
case_97,b,2025-02-24 20:38:11.652381
case_97,c,2025-02-24 20:43:11.652381
case_97,c,2025-02-24 20:48:11.652381
case_97,c,2025-02-24 20:53:11.652381
case_97,c,2025-02-24 20:58:11.652381
case_97,c,2025-02-24 21:03:11.652381
case_98,c,2025-02-24 19:28:11.652414
case_98,a,2025-02-24 19:33:11.652414
case_98,c,2025-02-24 19:38:11.652414
case_98,b,2025-02-24 19:43:11.652414
case_98,a,2025-02-24 19:48:11.652414
case_98,b,2025-02-24 19:53:11.652414
case_98,c,2025-02-24 19:58:11.652414
case_98,c,2025-02-24 20:03:11.652414
case_98,b,2025-02-24 20:08:11.652414
case_98,c,2025-02-24 20:13:11.652414
case_98,b,2025-02-24 20:18:11.652414
case_98,a,2025-02-24 20:23:11.652414
case_98,c,2025-02-24 20:28:11.652414
case_98,c,2025-02-24 20:33:11.652414
case_98,b,2025-02-24 20:38:11.652414
case_98,a,2025-02-24 20:43:11.652414
case_98,c,2025-02-24 20:48:11.652414
case_98,c,2025-02-24 20:53:11.652414
case_98,a,2025-02-24 20:58:11.652414
case_98,a,2025-02-24 21:03:11.652414
case_99,c,2025-02-24 19:28:11.652443
case_99,a,2025-02-24 19:33:11.652443
case_99,b,2025-02-24 19:38:11.652443
case_99,a,2025-02-24 19:43:11.652443
case_99,b,2025-02-24 19:48:11.652443
case_99,c,2025-02-24 19:53:11.652443
case_99,c,2025-02-24 19:58:11.652443
case_99,a,2025-02-24 20:03:11.652443
case_99,b,2025-02-24 20:08:11.652443
case_99,a,2025-02-24 20:13:11.652443
case_99,a,2025-02-24 20:18:11.652443
case_99,b,2025-02-24 20:23:11.652443
case_99,a,2025-02-24 20:28:11.652443
case_99,a,2025-02-24 20:33:11.652443
case_99,b,2025-02-24 20:38:11.652443
case_99,a,2025-02-24 20:43:11.652443
case_99,a,2025-02-24 20:48:11.652443
case_99,a,2025-02-24 20:53:11.652443
case_99,a,2025-02-24 20:58:11.652443
case_99,c,2025-02-24 21:03:11.652443
case_100,c,2025-02-24 19:28:11.652472
case_100,a,2025-02-24 19:33:11.652472
case_100,b,2025-02-24 19:38:11.652472
case_100,a,2025-02-24 19:43:11.652472
case_100,c,2025-02-24 19:48:11.652472
case_100,c,2025-02-24 19:53:11.652472
case_100,c,2025-02-24 19:58:11.652472
case_100,a,2025-02-24 20:03:11.652472
case_100,a,2025-02-24 20:08:11.652472
case_100,c,2025-02-24 20:13:11.652472
case_100,c,2025-02-24 20:18:11.652472
case_100,a,2025-02-24 20:23:11.652472
case_100,a,2025-02-24 20:28:11.652472
case_100,b,2025-02-24 20:33:11.652472
case_100,c,2025-02-24 20:38:11.652472
case_100,a,2025-02-24 20:43:11.652472
case_100,b,2025-02-24 20:48:11.652472
case_100,c,2025-02-24 20:53:11.652472
case_100,a,2025-02-24 20:58:11.652472
case_100,c,2025-02-24 21:03:11.652472
case_101,c,2025-02-24 19:28:11.652502
case_101,a,2025-02-24 19:33:11.652502
case_101,a,2025-02-24 19:38:11.652502
case_101,b,2025-02-24 19:43:11.652502
case_101,a,2025-02-24 19:48:11.652502
case_101,b,2025-02-24 19:53:11.652502
case_101,a,2025-02-24 19:58:11.652502
case_101,c,2025-02-24 20:03:11.652502
case_101,a,2025-02-24 20:08:11.652502
case_101,c,2025-02-24 20:13:11.652502
case_101,a,2025-02-24 20:18:11.652502
case_101,b,2025-02-24 20:23:11.652502
case_101,a,2025-02-24 20:28:11.652502
case_101,a,2025-02-24 20:33:11.652502
case_101,b,2025-02-24 20:38:11.652502
case_101,c,2025-02-24 20:43:11.652502
case_101,b,2025-02-24 20:48:11.652502
case_101,c,2025-02-24 20:53:11.652502
case_101,b,2025-02-24 20:58:11.652502
case_101,a,2025-02-24 21:03:11.652502
case_102,a,2025-02-24 19:28:11.652532
case_102,c,2025-02-24 19:33:11.652532
case_102,b,2025-02-24 19:38:11.652532
case_102,a,2025-02-24 19:43:11.652532
case_102,a,2025-02-24 19:48:11.652532
case_102,a,2025-02-24 19:53:11.652532
case_102,b,2025-02-24 19:58:11.652532
case_102,c,2025-02-24 20:03:11.652532
case_102,a,2025-02-24 20:08:11.652532
case_102,c,2025-02-24 20:13:11.652532
case_102,c,2025-02-24 20:18:11.652532
case_102,b,2025-02-24 20:23:11.652532
case_102,a,2025-02-24 20:28:11.652532
case_102,b,2025-02-24 20:33:11.652532
case_102,c,2025-02-24 20:38:11.652532
case_102,c,2025-02-24 20:43:11.652532
case_102,c,2025-02-24 20:48:11.652532
case_102,a,2025-02-24 20:53:11.652532
case_102,b,2025-02-24 20:58:11.652532
case_102,c,2025-02-24 21:03:11.652532
case_103,c,2025-02-24 19:28:11.652561
case_103,b,2025-02-24 19:33:11.652561
case_103,a,2025-02-24 19:38:11.652561
case_103,b,2025-02-24 19:43:11.652561
case_103,a,2025-02-24 19:48:11.652561
case_103,c,2025-02-24 19:53:11.652561
case_103,a,2025-02-24 19:58:11.652561
case_103,b,2025-02-24 20:03:11.652561
case_103,a,2025-02-24 20:08:11.652561
case_103,a,2025-02-24 20:13:11.652561
case_103,c,2025-02-24 20:18:11.652561
case_103,a,2025-02-24 20:23:11.652561
case_103,c,2025-02-24 20:28:11.652561
case_103,b,2025-02-24 20:33:11.652561
case_103,c,2025-02-24 20:38:11.652561
case_103,b,2025-02-24 20:43:11.652561
case_103,c,2025-02-24 20:48:11.652561
case_103,c,2025-02-24 20:53:11.652561
case_103,b,2025-02-24 20:58:11.652561
case_103,a,2025-02-24 21:03:11.652561
case_104,a,2025-02-24 19:28:11.652590
case_104,b,2025-02-24 19:33:11.652590
case_104,c,2025-02-24 19:38:11.652590
case_104,b,2025-02-24 19:43:11.652590
case_104,a,2025-02-24 19:48:11.652590
case_104,c,2025-02-24 19:53:11.652590
case_104,b,2025-02-24 19:58:11.652590
case_104,a,2025-02-24 20:03:11.652590
case_104,b,2025-02-24 20:08:11.652590
case_104,a,2025-02-24 20:13:11.652590
case_104,b,2025-02-24 20:18:11.652590
case_104,a,2025-02-24 20:23:11.652590
case_104,a,2025-02-24 20:28:11.652590
case_104,b,2025-02-24 20:33:11.652590
case_104,a,2025-02-24 20:38:11.652590
case_104,a,2025-02-24 20:43:11.652590
case_104,b,2025-02-24 20:48:11.652590
case_104,a,2025-02-24 20:53:11.652590
case_104,b,2025-02-24 20:58:11.652590
case_104,a,2025-02-24 21:03:11.652590
case_105,a,2025-02-24 19:28:11.652620
case_105,c,2025-02-24 19:33:11.652620
case_105,c,2025-02-24 19:38:11.652620
case_105,c,2025-02-24 19:43:11.652620
case_105,b,2025-02-24 19:48:11.652620
case_105,c,2025-02-24 19:53:11.652620
case_105,c,2025-02-24 19:58:11.652620
case_105,a,2025-02-24 20:03:11.652620
case_105,a,2025-02-24 20:08:11.652620
case_105,c,2025-02-24 20:13:11.652620
case_105,b,2025-02-24 20:18:11.652620
case_105,a,2025-02-24 20:23:11.652620
case_105,b,2025-02-24 20:28:11.652620
case_105,a,2025-02-24 20:33:11.652620
case_105,a,2025-02-24 20:38:11.652620
case_105,a,2025-02-24 20:43:11.652620
case_105,a,2025-02-24 20:48:11.652620
case_105,a,2025-02-24 20:53:11.652620
case_105,b,2025-02-24 20:58:11.652620
case_105,a,2025-02-24 21:03:11.652620
case_106,a,2025-02-24 19:28:11.652649
case_106,c,2025-02-24 19:33:11.652649
case_106,a,2025-02-24 19:38:11.652649
case_106,c,2025-02-24 19:43:11.652649
case_106,c,2025-02-24 19:48:11.652649
case_106,a,2025-02-24 19:53:11.652649
case_106,c,2025-02-24 19:58:11.652649
case_106,b,2025-02-24 20:03:11.652649
case_106,a,2025-02-24 20:08:11.652649
case_106,a,2025-02-24 20:13:11.652649
case_106,b,2025-02-24 20:18:11.652649
case_106,c,2025-02-24 20:23:11.652649
case_106,a,2025-02-24 20:28:11.652649
case_106,a,2025-02-24 20:33:11.652649
case_106,c,2025-02-24 20:38:11.652649
case_106,c,2025-02-24 20:43:11.652649
case_106,c,2025-02-24 20:48:11.652649
case_106,b,2025-02-24 20:53:11.652649
case_106,a,2025-02-24 20:58:11.652649
case_106,c,2025-02-24 21:03:11.652649
case_107,c,2025-02-24 19:28:11.652678
case_107,c,2025-02-24 19:33:11.652678
case_107,c,2025-02-24 19:38:11.652678
case_107,a,2025-02-24 19:43:11.652678
case_107,c,2025-02-24 19:48:11.652678
case_107,b,2025-02-24 19:53:11.652678
case_107,a,2025-02-24 19:58:11.652678
case_107,a,2025-02-24 20:03:11.652678
case_107,a,2025-02-24 20:08:11.652678
case_107,b,2025-02-24 20:13:11.652678
case_107,c,2025-02-24 20:18:11.652678
case_107,b,2025-02-24 20:23:11.652678
case_107,c,2025-02-24 20:28:11.652678
case_107,a,2025-02-24 20:33:11.652678
case_107,a,2025-02-24 20:38:11.652678
case_107,a,2025-02-24 20:43:11.652678
case_107,a,2025-02-24 20:48:11.652678
case_107,a,2025-02-24 20:53:11.652678
case_107,b,2025-02-24 20:58:11.652678
case_107,c,2025-02-24 21:03:11.652678
case_108,c,2025-02-24 19:28:11.652708
case_108,a,2025-02-24 19:33:11.652708
case_108,c,2025-02-24 19:38:11.652708
case_108,c,2025-02-24 19:43:11.652708
case_108,a,2025-02-24 19:48:11.652708
case_108,b,2025-02-24 19:53:11.652708
case_108,c,2025-02-24 19:58:11.652708
case_108,c,2025-02-24 20:03:11.652708
case_108,a,2025-02-24 20:08:11.652708
case_108,c,2025-02-24 20:13:11.652708
case_108,b,2025-02-24 20:18:11.652708
case_108,c,2025-02-24 20:23:11.652708
case_108,c,2025-02-24 20:28:11.652708
case_108,a,2025-02-24 20:33:11.652708
case_108,c,2025-02-24 20:38:11.652708
case_108,c,2025-02-24 20:43:11.652708
case_108,b,2025-02-24 20:48:11.652708
case_108,a,2025-02-24 20:53:11.652708
case_108,a,2025-02-24 20:58:11.652708
case_108,c,2025-02-24 21:03:11.652708
case_109,a,2025-02-24 19:28:11.652737
case_109,a,2025-02-24 19:33:11.652737
case_109,b,2025-02-24 19:38:11.652737
case_109,a,2025-02-24 19:43:11.652737
case_109,b,2025-02-24 19:48:11.652737
case_109,c,2025-02-24 19:53:11.652737
case_109,b,2025-02-24 19:58:11.652737
case_109,a,2025-02-24 20:03:11.652737
case_109,c,2025-02-24 20:08:11.652737
case_109,a,2025-02-24 20:13:11.652737
case_109,c,2025-02-24 20:18:11.652737
case_109,b,2025-02-24 20:23:11.652737
case_109,a,2025-02-24 20:28:11.652737
case_109,b,2025-02-24 20:33:11.652737
case_109,c,2025-02-24 20:38:11.652737
case_109,c,2025-02-24 20:43:11.652737
case_109,c,2025-02-24 20:48:11.652737
case_109,b,2025-02-24 20:53:11.652737
case_109,c,2025-02-24 20:58:11.652737
case_109,c,2025-02-24 21:03:11.652737
case_110,a,2025-02-24 19:28:11.652767
case_110,c,2025-02-24 19:33:11.652767
case_110,a,2025-02-24 19:38:11.652767
case_110,c,2025-02-24 19:43:11.652767
case_110,b,2025-02-24 19:48:11.652767
case_110,a,2025-02-24 19:53:11.652767
case_110,b,2025-02-24 19:58:11.652767
case_110,c,2025-02-24 20:03:11.652767
case_110,a,2025-02-24 20:08:11.652767
case_110,c,2025-02-24 20:13:11.652767
case_110,b,2025-02-24 20:18:11.652767
case_110,c,2025-02-24 20:23:11.652767
case_110,c,2025-02-24 20:28:11.652767
case_110,c,2025-02-24 20:33:11.652767
case_110,a,2025-02-24 20:38:11.652767
case_110,b,2025-02-24 20:43:11.652767
case_110,a,2025-02-24 20:48:11.652767
case_110,c,2025-02-24 20:53:11.652767
case_110,b,2025-02-24 20:58:11.652767
case_110,c,2025-02-24 21:03:11.652767
case_111,a,2025-02-24 19:28:11.652796
case_111,b,2025-02-24 19:33:11.652796
case_111,c,2025-02-24 19:38:11.652796
case_111,c,2025-02-24 19:43:11.652796
case_111,c,2025-02-24 19:48:11.652796
case_111,a,2025-02-24 19:53:11.652796
case_111,a,2025-02-24 19:58:11.652796
case_111,c,2025-02-24 20:03:11.652796
case_111,a,2025-02-24 20:08:11.652796
case_111,b,2025-02-24 20:13:11.652796
case_111,a,2025-02-24 20:18:11.652796
case_111,a,2025-02-24 20:23:11.652796
case_111,b,2025-02-24 20:28:11.652796
case_111,a,2025-02-24 20:33:11.652796
case_111,a,2025-02-24 20:38:11.652796
case_111,b,2025-02-24 20:43:11.652796
case_111,a,2025-02-24 20:48:11.652796
case_111,b,2025-02-24 20:53:11.652796
case_111,a,2025-02-24 20:58:11.652796
case_111,a,2025-02-24 21:03:11.652796
case_112,c,2025-02-24 19:28:11.652826
case_112,a,2025-02-24 19:33:11.652826
case_112,c,2025-02-24 19:38:11.652826
case_112,c,2025-02-24 19:43:11.652826
case_112,a,2025-02-24 19:48:11.652826
case_112,b,2025-02-24 19:53:11.652826
case_112,a,2025-02-24 19:58:11.652826
case_112,b,2025-02-24 20:03:11.652826
case_112,c,2025-02-24 20:08:11.652826
case_112,c,2025-02-24 20:13:11.652826
case_112,b,2025-02-24 20:18:11.652826
case_112,c,2025-02-24 20:23:11.652826
case_112,b,2025-02-24 20:28:11.652826
case_112,c,2025-02-24 20:33:11.652826
case_112,a,2025-02-24 20:38:11.652826
case_112,b,2025-02-24 20:43:11.652826
case_112,a,2025-02-24 20:48:11.652826
case_112,a,2025-02-24 20:53:11.652826
case_112,a,2025-02-24 20:58:11.652826
case_112,a,2025-02-24 21:03:11.652826
case_113,c,2025-02-24 19:28:11.652855
case_113,b,2025-02-24 19:33:11.652855
case_113,c,2025-02-24 19:38:11.652855
case_113,b,2025-02-24 19:43:11.652855
case_113,a,2025-02-24 19:48:11.652855
case_113,a,2025-02-24 19:53:11.652855
case_113,b,2025-02-24 19:58:11.652855
case_113,c,2025-02-24 20:03:11.652855
case_113,b,2025-02-24 20:08:11.652855
case_113,c,2025-02-24 20:13:11.652855
case_113,b,2025-02-24 20:18:11.652855
case_113,a,2025-02-24 20:23:11.652855
case_113,a,2025-02-24 20:28:11.652855
case_113,b,2025-02-24 20:33:11.652855
case_113,c,2025-02-24 20:38:11.652855
case_113,b,2025-02-24 20:43:11.652855
case_113,a,2025-02-24 20:48:11.652855
case_113,c,2025-02-24 20:53:11.652855
case_113,b,2025-02-24 20:58:11.652855
case_113,a,2025-02-24 21:03:11.652855
case_114,c,2025-02-24 19:28:11.652885
case_114,c,2025-02-24 19:33:11.652885
case_114,a,2025-02-24 19:38:11.652885
case_114,c,2025-02-24 19:43:11.652885
case_114,b,2025-02-24 19:48:11.652885
case_114,c,2025-02-24 19:53:11.652885
case_114,c,2025-02-24 19:58:11.652885
case_114,a,2025-02-24 20:03:11.652885
case_114,a,2025-02-24 20:08:11.652885
case_114,b,2025-02-24 20:13:11.652885
case_114,c,2025-02-24 20:18:11.652885
case_114,b,2025-02-24 20:23:11.652885
case_114,a,2025-02-24 20:28:11.652885
case_114,a,2025-02-24 20:33:11.652885
case_114,b,2025-02-24 20:38:11.652885
case_114,a,2025-02-24 20:43:11.652885
case_114,a,2025-02-24 20:48:11.652885
case_114,c,2025-02-24 20:53:11.652885
case_114,b,2025-02-24 20:58:11.652885
case_114,c,2025-02-24 21:03:11.652885
case_115,c,2025-02-24 19:28:11.652914
case_115,c,2025-02-24 19:33:11.652914
case_115,b,2025-02-24 19:38:11.652914
case_115,a,2025-02-24 19:43:11.652914
case_115,a,2025-02-24 19:48:11.652914
case_115,b,2025-02-24 19:53:11.652914
case_115,a,2025-02-24 19:58:11.652914
case_115,c,2025-02-24 20:03:11.652914
case_115,a,2025-02-24 20:08:11.652914
case_115,b,2025-02-24 20:13:11.652914
case_115,a,2025-02-24 20:18:11.652914
case_115,a,2025-02-24 20:23:11.652914
case_115,a,2025-02-24 20:28:11.652914
case_115,c,2025-02-24 20:33:11.652914
case_115,b,2025-02-24 20:38:11.652914
case_115,a,2025-02-24 20:43:11.652914
case_115,b,2025-02-24 20:48:11.652914
case_115,a,2025-02-24 20:53:11.652914
case_115,c,2025-02-24 20:58:11.652914
case_115,a,2025-02-24 21:03:11.652914
case_116,c,2025-02-24 19:28:11.652943
case_116,c,2025-02-24 19:33:11.652943
case_116,c,2025-02-24 19:38:11.652943
case_116,b,2025-02-24 19:43:11.652943
case_116,c,2025-02-24 19:48:11.652943
case_116,c,2025-02-24 19:53:11.652943
case_116,b,2025-02-24 19:58:11.652943
case_116,c,2025-02-24 20:03:11.652943
case_116,c,2025-02-24 20:08:11.652943
case_116,c,2025-02-24 20:13:11.652943
case_116,c,2025-02-24 20:18:11.652943
case_116,a,2025-02-24 20:23:11.652943
case_116,c,2025-02-24 20:28:11.652943
case_116,a,2025-02-24 20:33:11.652943
case_116,c,2025-02-24 20:38:11.652943
case_116,c,2025-02-24 20:43:11.652943
case_116,a,2025-02-24 20:48:11.652943
case_116,c,2025-02-24 20:53:11.652943
case_116,c,2025-02-24 20:58:11.652943
case_116,c,2025-02-24 21:03:11.652943
case_117,c,2025-02-24 19:28:11.652973
case_117,c,2025-02-24 19:33:11.652973
case_117,a,2025-02-24 19:38:11.652973
case_117,a,2025-02-24 19:43:11.652973
case_117,c,2025-02-24 19:48:11.652973
case_117,a,2025-02-24 19:53:11.652973
case_117,b,2025-02-24 19:58:11.652973
case_117,c,2025-02-24 20:03:11.652973
case_117,a,2025-02-24 20:08:11.652973
case_117,b,2025-02-24 20:13:11.652973
case_117,a,2025-02-24 20:18:11.652973
case_117,b,2025-02-24 20:23:11.652973
case_117,c,2025-02-24 20:28:11.652973
case_117,c,2025-02-24 20:33:11.652973
case_117,b,2025-02-24 20:38:11.652973
case_117,c,2025-02-24 20:43:11.652973
case_117,a,2025-02-24 20:48:11.652973
case_117,a,2025-02-24 20:53:11.652973
case_117,a,2025-02-24 20:58:11.652973
case_117,c,2025-02-24 21:03:11.652973
case_118,a,2025-02-24 19:28:11.653002
case_118,a,2025-02-24 19:33:11.653002
case_118,c,2025-02-24 19:38:11.653002
case_118,b,2025-02-24 19:43:11.653002
case_118,c,2025-02-24 19:48:11.653002
case_118,a,2025-02-24 19:53:11.653002
case_118,c,2025-02-24 19:58:11.653002
case_118,c,2025-02-24 20:03:11.653002
case_118,b,2025-02-24 20:08:11.653002
case_118,c,2025-02-24 20:13:11.653002
case_118,b,2025-02-24 20:18:11.653002
case_118,a,2025-02-24 20:23:11.653002
case_118,c,2025-02-24 20:28:11.653002
case_118,a,2025-02-24 20:33:11.653002
case_118,c,2025-02-24 20:38:11.653002
case_118,c,2025-02-24 20:43:11.653002
case_118,a,2025-02-24 20:48:11.653002
case_118,a,2025-02-24 20:53:11.653002
case_118,c,2025-02-24 20:58:11.653002
case_118,c,2025-02-24 21:03:11.653002
case_119,c,2025-02-24 19:28:11.653032
case_119,c,2025-02-24 19:33:11.653032
case_119,b,2025-02-24 19:38:11.653032
case_119,c,2025-02-24 19:43:11.653032
case_119,b,2025-02-24 19:48:11.653032
case_119,a,2025-02-24 19:53:11.653032
case_119,a,2025-02-24 19:58:11.653032
case_119,a,2025-02-24 20:03:11.653032
case_119,a,2025-02-24 20:08:11.653032
case_119,c,2025-02-24 20:13:11.653032
case_119,c,2025-02-24 20:18:11.653032
case_119,b,2025-02-24 20:23:11.653032
case_119,a,2025-02-24 20:28:11.653032
case_119,a,2025-02-24 20:33:11.653032
case_119,a,2025-02-24 20:38:11.653032
case_119,c,2025-02-24 20:43:11.653032
case_119,b,2025-02-24 20:48:11.653032
case_119,c,2025-02-24 20:53:11.653032
case_119,a,2025-02-24 20:58:11.653032
case_119,c,2025-02-24 21:03:11.653032
case_120,a,2025-02-24 19:28:11.653061
case_120,a,2025-02-24 19:33:11.653061
case_120,c,2025-02-24 19:38:11.653061
case_120,c,2025-02-24 19:43:11.653061
case_120,c,2025-02-24 19:48:11.653061
case_120,a,2025-02-24 19:53:11.653061
case_120,a,2025-02-24 19:58:11.653061
case_120,a,2025-02-24 20:03:11.653061
case_120,a,2025-02-24 20:08:11.653061
case_120,c,2025-02-24 20:13:11.653061
case_120,c,2025-02-24 20:18:11.653061
case_120,b,2025-02-24 20:23:11.653061
case_120,c,2025-02-24 20:28:11.653061
case_120,c,2025-02-24 20:33:11.653061
case_120,c,2025-02-24 20:38:11.653061
case_120,a,2025-02-24 20:43:11.653061
case_120,b,2025-02-24 20:48:11.653061
case_120,a,2025-02-24 20:53:11.653061
case_120,b,2025-02-24 20:58:11.653061
case_120,a,2025-02-24 21:03:11.653061
case_121,c,2025-02-24 19:28:11.653091
case_121,a,2025-02-24 19:33:11.653091
case_121,c,2025-02-24 19:38:11.653091
case_121,c,2025-02-24 19:43:11.653091
case_121,c,2025-02-24 19:48:11.653091
case_121,b,2025-02-24 19:53:11.653091
case_121,c,2025-02-24 19:58:11.653091
case_121,a,2025-02-24 20:03:11.653091
case_121,b,2025-02-24 20:08:11.653091
case_121,a,2025-02-24 20:13:11.653091
case_121,a,2025-02-24 20:18:11.653091
case_121,c,2025-02-24 20:23:11.653091
case_121,c,2025-02-24 20:28:11.653091
case_121,b,2025-02-24 20:33:11.653091
case_121,a,2025-02-24 20:38:11.653091
case_121,a,2025-02-24 20:43:11.653091
case_121,c,2025-02-24 20:48:11.653091
case_121,a,2025-02-24 20:53:11.653091
case_121,b,2025-02-24 20:58:11.653091
case_121,c,2025-02-24 21:03:11.653091
case_122,c,2025-02-24 19:28:11.653120
case_122,c,2025-02-24 19:33:11.653120
case_122,c,2025-02-24 19:38:11.653120
case_122,a,2025-02-24 19:43:11.653120
case_122,b,2025-02-24 19:48:11.653120
case_122,a,2025-02-24 19:53:11.653120
case_122,c,2025-02-24 19:58:11.653120
case_122,c,2025-02-24 20:03:11.653120
case_122,c,2025-02-24 20:08:11.653120
case_122,a,2025-02-24 20:13:11.653120
case_122,b,2025-02-24 20:18:11.653120
case_122,a,2025-02-24 20:23:11.653120
case_122,b,2025-02-24 20:28:11.653120
case_122,c,2025-02-24 20:33:11.653120
case_122,c,2025-02-24 20:38:11.653120
case_122,a,2025-02-24 20:43:11.653120
case_122,c,2025-02-24 20:48:11.653120
case_122,a,2025-02-24 20:53:11.653120
case_122,b,2025-02-24 20:58:11.653120
case_122,c,2025-02-24 21:03:11.653120
case_123,c,2025-02-24 19:28:11.653150
case_123,b,2025-02-24 19:33:11.653150
case_123,c,2025-02-24 19:38:11.653150
case_123,c,2025-02-24 19:43:11.653150
case_123,c,2025-02-24 19:48:11.653150
case_123,c,2025-02-24 19:53:11.653150
case_123,c,2025-02-24 19:58:11.653150
case_123,b,2025-02-24 20:03:11.653150
case_123,c,2025-02-24 20:08:11.653150
case_123,a,2025-02-24 20:13:11.653150
case_123,c,2025-02-24 20:18:11.653150
case_123,a,2025-02-24 20:23:11.653150
case_123,c,2025-02-24 20:28:11.653150
case_123,a,2025-02-24 20:33:11.653150
case_123,c,2025-02-24 20:38:11.653150
case_123,a,2025-02-24 20:43:11.653150
case_123,a,2025-02-24 20:48:11.653150
case_123,a,2025-02-24 20:53:11.653150
case_123,b,2025-02-24 20:58:11.653150
case_123,c,2025-02-24 21:03:11.653150
case_124,a,2025-02-24 19:28:11.653179
case_124,c,2025-02-24 19:33:11.653179
case_124,c,2025-02-24 19:38:11.653179
case_124,c,2025-02-24 19:43:11.653179
case_124,a,2025-02-24 19:48:11.653179
case_124,a,2025-02-24 19:53:11.653179
case_124,b,2025-02-24 19:58:11.653179
case_124,a,2025-02-24 20:03:11.653179
case_124,a,2025-02-24 20:08:11.653179
case_124,c,2025-02-24 20:13:11.653179
case_124,b,2025-02-24 20:18:11.653179
case_124,a,2025-02-24 20:23:11.653179
case_124,b,2025-02-24 20:28:11.653179
case_124,c,2025-02-24 20:33:11.653179
case_124,b,2025-02-24 20:38:11.653179
case_124,c,2025-02-24 20:43:11.653179
case_124,a,2025-02-24 20:48:11.653179
case_124,b,2025-02-24 20:53:11.653179
case_124,c,2025-02-24 20:58:11.653179
case_124,c,2025-02-24 21:03:11.653179
case_125,a,2025-02-24 19:28:11.653208
case_125,a,2025-02-24 19:33:11.653208
case_125,a,2025-02-24 19:38:11.653208
case_125,a,2025-02-24 19:43:11.653208
case_125,c,2025-02-24 19:48:11.653208
case_125,c,2025-02-24 19:53:11.653208
case_125,a,2025-02-24 19:58:11.653208
case_125,c,2025-02-24 20:03:11.653208
case_125,a,2025-02-24 20:08:11.653208
case_125,b,2025-02-24 20:13:11.653208
case_125,a,2025-02-24 20:18:11.653208
case_125,c,2025-02-24 20:23:11.653208
case_125,b,2025-02-24 20:28:11.653208
case_125,c,2025-02-24 20:33:11.653208
case_125,a,2025-02-24 20:38:11.653208
case_125,c,2025-02-24 20:43:11.653208
case_125,c,2025-02-24 20:48:11.653208
case_125,c,2025-02-24 20:53:11.653208
case_125,a,2025-02-24 20:58:11.653208
case_125,a,2025-02-24 21:03:11.653208
case_126,c,2025-02-24 19:28:11.653237
case_126,a,2025-02-24 19:33:11.653237
case_126,a,2025-02-24 19:38:11.653237
case_126,b,2025-02-24 19:43:11.653237
case_126,c,2025-02-24 19:48:11.653237
case_126,c,2025-02-24 19:53:11.653237
case_126,b,2025-02-24 19:58:11.653237
case_126,a,2025-02-24 20:03:11.653237
case_126,a,2025-02-24 20:08:11.653237
case_126,c,2025-02-24 20:13:11.653237
case_126,b,2025-02-24 20:18:11.653237
case_126,c,2025-02-24 20:23:11.653237
case_126,b,2025-02-24 20:28:11.653237
case_126,a,2025-02-24 20:33:11.653237
case_126,a,2025-02-24 20:38:11.653237
case_126,b,2025-02-24 20:43:11.653237
case_126,c,2025-02-24 20:48:11.653237
case_126,a,2025-02-24 20:53:11.653237
case_126,c,2025-02-24 20:58:11.653237
case_126,a,2025-02-24 21:03:11.653237
case_127,a,2025-02-24 19:28:11.653267
case_127,b,2025-02-24 19:33:11.653267
case_127,a,2025-02-24 19:38:11.653267
case_127,c,2025-02-24 19:43:11.653267
case_127,a,2025-02-24 19:48:11.653267
case_127,c,2025-02-24 19:53:11.653267
case_127,c,2025-02-24 19:58:11.653267
case_127,c,2025-02-24 20:03:11.653267
case_127,b,2025-02-24 20:08:11.653267
case_127,c,2025-02-24 20:13:11.653267
case_127,b,2025-02-24 20:18:11.653267
case_127,a,2025-02-24 20:23:11.653267
case_127,c,2025-02-24 20:28:11.653267
case_127,a,2025-02-24 20:33:11.653267
case_127,a,2025-02-24 20:38:11.653267
case_127,b,2025-02-24 20:43:11.653267
case_127,a,2025-02-24 20:48:11.653267
case_127,a,2025-02-24 20:53:11.653267
case_127,b,2025-02-24 20:58:11.653267
case_127,c,2025-02-24 21:03:11.653267
case_128,c,2025-02-24 19:28:11.653296
case_128,a,2025-02-24 19:33:11.653296
case_128,b,2025-02-24 19:38:11.653296
case_128,a,2025-02-24 19:43:11.653296
case_128,a,2025-02-24 19:48:11.653296
case_128,c,2025-02-24 19:53:11.653296
case_128,a,2025-02-24 19:58:11.653296
case_128,c,2025-02-24 20:03:11.653296
case_128,a,2025-02-24 20:08:11.653296
case_128,a,2025-02-24 20:13:11.653296
case_128,a,2025-02-24 20:18:11.653296
case_128,b,2025-02-24 20:23:11.653296
case_128,a,2025-02-24 20:28:11.653296
case_128,b,2025-02-24 20:33:11.653296
case_128,a,2025-02-24 20:38:11.653296
case_128,c,2025-02-24 20:43:11.653296
case_128,c,2025-02-24 20:48:11.653296
case_128,a,2025-02-24 20:53:11.653296
case_128,b,2025-02-24 20:58:11.653296
case_128,a,2025-02-24 21:03:11.653296
case_129,a,2025-02-24 19:28:11.653329
case_129,c,2025-02-24 19:33:11.653329
case_129,a,2025-02-24 19:38:11.653329
case_129,b,2025-02-24 19:43:11.653329
case_129,a,2025-02-24 19:48:11.653329
case_129,a,2025-02-24 19:53:11.653329
case_129,c,2025-02-24 19:58:11.653329
case_129,b,2025-02-24 20:03:11.653329
case_129,c,2025-02-24 20:08:11.653329
case_129,b,2025-02-24 20:13:11.653329
case_129,a,2025-02-24 20:18:11.653329
case_129,b,2025-02-24 20:23:11.653329
case_129,c,2025-02-24 20:28:11.653329
case_129,c,2025-02-24 20:33:11.653329
case_129,a,2025-02-24 20:38:11.653329
case_129,b,2025-02-24 20:43:11.653329
case_129,a,2025-02-24 20:48:11.653329
case_129,b,2025-02-24 20:53:11.653329
case_129,a,2025-02-24 20:58:11.653329
case_129,a,2025-02-24 21:03:11.653329
case_130,a,2025-02-24 19:28:11.653359
case_130,b,2025-02-24 19:33:11.653359
case_130,a,2025-02-24 19:38:11.653359
case_130,a,2025-02-24 19:43:11.653359
case_130,c,2025-02-24 19:48:11.653359
case_130,b,2025-02-24 19:53:11.653359
case_130,c,2025-02-24 19:58:11.653359
case_130,c,2025-02-24 20:03:11.653359
case_130,c,2025-02-24 20:08:11.653359
case_130,c,2025-02-24 20:13:11.653359
case_130,b,2025-02-24 20:18:11.653359
case_130,a,2025-02-24 20:23:11.653359
case_130,c,2025-02-24 20:28:11.653359
case_130,b,2025-02-24 20:33:11.653359
case_130,c,2025-02-24 20:38:11.653359
case_130,a,2025-02-24 20:43:11.653359
case_130,c,2025-02-24 20:48:11.653359
case_130,c,2025-02-24 20:53:11.653359
case_130,a,2025-02-24 20:58:11.653359
case_130,c,2025-02-24 21:03:11.653359
case_131,c,2025-02-24 19:28:11.653390
case_131,c,2025-02-24 19:33:11.653390
case_131,a,2025-02-24 19:38:11.653390
case_131,a,2025-02-24 19:43:11.653390
case_131,b,2025-02-24 19:48:11.653390
case_131,c,2025-02-24 19:53:11.653390
case_131,c,2025-02-24 19:58:11.653390
case_131,c,2025-02-24 20:03:11.653390
case_131,b,2025-02-24 20:08:11.653390
case_131,c,2025-02-24 20:13:11.653390
case_131,c,2025-02-24 20:18:11.653390
case_131,b,2025-02-24 20:23:11.653390
case_131,c,2025-02-24 20:28:11.653390
case_131,a,2025-02-24 20:33:11.653390
case_131,a,2025-02-24 20:38:11.653390
case_131,a,2025-02-24 20:43:11.653390
case_131,b,2025-02-24 20:48:11.653390
case_131,c,2025-02-24 20:53:11.653390
case_131,c,2025-02-24 20:58:11.653390
case_131,a,2025-02-24 21:03:11.653390
case_132,a,2025-02-24 19:28:11.653422
case_132,b,2025-02-24 19:33:11.653422
case_132,c,2025-02-24 19:38:11.653422
case_132,a,2025-02-24 19:43:11.653422
case_132,b,2025-02-24 19:48:11.653422
case_132,c,2025-02-24 19:53:11.653422
case_132,c,2025-02-24 19:58:11.653422
case_132,a,2025-02-24 20:03:11.653422
case_132,a,2025-02-24 20:08:11.653422
case_132,b,2025-02-24 20:13:11.653422
case_132,a,2025-02-24 20:18:11.653422
case_132,b,2025-02-24 20:23:11.653422
case_132,c,2025-02-24 20:28:11.653422
case_132,a,2025-02-24 20:33:11.653422
case_132,c,2025-02-24 20:38:11.653422
case_132,a,2025-02-24 20:43:11.653422
case_132,c,2025-02-24 20:48:11.653422
case_132,b,2025-02-24 20:53:11.653422
case_132,a,2025-02-24 20:58:11.653422
case_132,c,2025-02-24 21:03:11.653422
case_133,a,2025-02-24 19:28:11.653452
case_133,b,2025-02-24 19:33:11.653452
case_133,c,2025-02-24 19:38:11.653452
case_133,a,2025-02-24 19:43:11.653452
case_133,a,2025-02-24 19:48:11.653452
case_133,a,2025-02-24 19:53:11.653452
case_133,c,2025-02-24 19:58:11.653452
case_133,a,2025-02-24 20:03:11.653452
case_133,a,2025-02-24 20:08:11.653452
case_133,b,2025-02-24 20:13:11.653452
case_133,a,2025-02-24 20:18:11.653452
case_133,b,2025-02-24 20:23:11.653452
case_133,c,2025-02-24 20:28:11.653452
case_133,b,2025-02-24 20:33:11.653452
case_133,a,2025-02-24 20:38:11.653452
case_133,a,2025-02-24 20:43:11.653452
case_133,b,2025-02-24 20:48:11.653452
case_133,c,2025-02-24 20:53:11.653452
case_133,b,2025-02-24 20:58:11.653452
case_133,a,2025-02-24 21:03:11.653452
case_134,a,2025-02-24 19:28:11.653483
case_134,a,2025-02-24 19:33:11.653483
case_134,b,2025-02-24 19:38:11.653483
case_134,a,2025-02-24 19:43:11.653483
case_134,a,2025-02-24 19:48:11.653483
case_134,c,2025-02-24 19:53:11.653483
case_134,a,2025-02-24 19:58:11.653483
case_134,a,2025-02-24 20:03:11.653483
case_134,b,2025-02-24 20:08:11.653483
case_134,a,2025-02-24 20:13:11.653483
case_134,c,2025-02-24 20:18:11.653483
case_134,a,2025-02-24 20:23:11.653483
case_134,a,2025-02-24 20:28:11.653483
case_134,c,2025-02-24 20:33:11.653483
case_134,b,2025-02-24 20:38:11.653483
case_134,a,2025-02-24 20:43:11.653483
case_134,c,2025-02-24 20:48:11.653483
case_134,b,2025-02-24 20:53:11.653483
case_134,c,2025-02-24 20:58:11.653483
case_134,a,2025-02-24 21:03:11.653483
case_135,c,2025-02-24 19:28:11.653512
case_135,b,2025-02-24 19:33:11.653512
case_135,c,2025-02-24 19:38:11.653512
case_135,c,2025-02-24 19:43:11.653512
case_135,a,2025-02-24 19:48:11.653512
case_135,b,2025-02-24 19:53:11.653512
case_135,a,2025-02-24 19:58:11.653512
case_135,c,2025-02-24 20:03:11.653512
case_135,a,2025-02-24 20:08:11.653512
case_135,c,2025-02-24 20:13:11.653512
case_135,b,2025-02-24 20:18:11.653512
case_135,a,2025-02-24 20:23:11.653512
case_135,c,2025-02-24 20:28:11.653512
case_135,c,2025-02-24 20:33:11.653512
case_135,b,2025-02-24 20:38:11.653512
case_135,a,2025-02-24 20:43:11.653512
case_135,b,2025-02-24 20:48:11.653512
case_135,a,2025-02-24 20:53:11.653512
case_135,c,2025-02-24 20:58:11.653512
case_135,c,2025-02-24 21:03:11.653512
case_136,a,2025-02-24 19:28:11.653543
case_136,b,2025-02-24 19:33:11.653543
case_136,c,2025-02-24 19:38:11.653543
case_136,a,2025-02-24 19:43:11.653543
case_136,c,2025-02-24 19:48:11.653543
case_136,a,2025-02-24 19:53:11.653543
case_136,b,2025-02-24 19:58:11.653543
case_136,a,2025-02-24 20:03:11.653543
case_136,c,2025-02-24 20:08:11.653543
case_136,b,2025-02-24 20:13:11.653543
case_136,a,2025-02-24 20:18:11.653543
case_136,c,2025-02-24 20:23:11.653543
case_136,c,2025-02-24 20:28:11.653543
case_136,c,2025-02-24 20:33:11.653543
case_136,b,2025-02-24 20:38:11.653543
case_136,c,2025-02-24 20:43:11.653543
case_136,a,2025-02-24 20:48:11.653543
case_136,c,2025-02-24 20:53:11.653543
case_136,c,2025-02-24 20:58:11.653543
case_136,a,2025-02-24 21:03:11.653543
case_137,a,2025-02-24 19:28:11.653573
case_137,b,2025-02-24 19:33:11.653573
case_137,c,2025-02-24 19:38:11.653573
case_137,c,2025-02-24 19:43:11.653573
case_137,b,2025-02-24 19:48:11.653573
case_137,a,2025-02-24 19:53:11.653573
case_137,a,2025-02-24 19:58:11.653573
case_137,a,2025-02-24 20:03:11.653573
case_137,c,2025-02-24 20:08:11.653573
case_137,b,2025-02-24 20:13:11.653573
case_137,a,2025-02-24 20:18:11.653573
case_137,c,2025-02-24 20:23:11.653573
case_137,b,2025-02-24 20:28:11.653573
case_137,c,2025-02-24 20:33:11.653573
case_137,c,2025-02-24 20:38:11.653573
case_137,a,2025-02-24 20:43:11.653573
case_137,a,2025-02-24 20:48:11.653573
case_137,a,2025-02-24 20:53:11.653573
case_137,a,2025-02-24 20:58:11.653573
case_137,c,2025-02-24 21:03:11.653573
case_138,c,2025-02-24 19:28:11.653603
case_138,b,2025-02-24 19:33:11.653603
case_138,a,2025-02-24 19:38:11.653603
case_138,a,2025-02-24 19:43:11.653603
case_138,b,2025-02-24 19:48:11.653603
case_138,a,2025-02-24 19:53:11.653603
case_138,b,2025-02-24 19:58:11.653603
case_138,a,2025-02-24 20:03:11.653603
case_138,b,2025-02-24 20:08:11.653603
case_138,c,2025-02-24 20:13:11.653603
case_138,c,2025-02-24 20:18:11.653603
case_138,b,2025-02-24 20:23:11.653603
case_138,c,2025-02-24 20:28:11.653603
case_138,a,2025-02-24 20:33:11.653603
case_138,c,2025-02-24 20:38:11.653603
case_138,a,2025-02-24 20:43:11.653603
case_138,c,2025-02-24 20:48:11.653603
case_138,a,2025-02-24 20:53:11.653603
case_138,b,2025-02-24 20:58:11.653603
case_138,a,2025-02-24 21:03:11.653603
case_139,a,2025-02-24 19:28:11.653633
case_139,c,2025-02-24 19:33:11.653633
case_139,c,2025-02-24 19:38:11.653633
case_139,a,2025-02-24 19:43:11.653633
case_139,b,2025-02-24 19:48:11.653633
case_139,a,2025-02-24 19:53:11.653633
case_139,b,2025-02-24 19:58:11.653633
case_139,a,2025-02-24 20:03:11.653633
case_139,c,2025-02-24 20:08:11.653633
case_139,a,2025-02-24 20:13:11.653633
case_139,b,2025-02-24 20:18:11.653633
case_139,a,2025-02-24 20:23:11.653633
case_139,a,2025-02-24 20:28:11.653633
case_139,c,2025-02-24 20:33:11.653633
case_139,c,2025-02-24 20:38:11.653633
case_139,a,2025-02-24 20:43:11.653633
case_139,c,2025-02-24 20:48:11.653633
case_139,b,2025-02-24 20:53:11.653633
case_139,c,2025-02-24 20:58:11.653633
case_139,a,2025-02-24 21:03:11.653633
case_140,c,2025-02-24 19:28:11.653663
case_140,a,2025-02-24 19:33:11.653663
case_140,c,2025-02-24 19:38:11.653663
case_140,b,2025-02-24 19:43:11.653663
case_140,c,2025-02-24 19:48:11.653663
case_140,b,2025-02-24 19:53:11.653663
case_140,c,2025-02-24 19:58:11.653663
case_140,c,2025-02-24 20:03:11.653663
case_140,c,2025-02-24 20:08:11.653663
case_140,b,2025-02-24 20:13:11.653663
case_140,a,2025-02-24 20:18:11.653663
case_140,a,2025-02-24 20:23:11.653663
case_140,c,2025-02-24 20:28:11.653663
case_140,c,2025-02-24 20:33:11.653663
case_140,c,2025-02-24 20:38:11.653663
case_140,a,2025-02-24 20:43:11.653663
case_140,a,2025-02-24 20:48:11.653663
case_140,c,2025-02-24 20:53:11.653663
case_140,c,2025-02-24 20:58:11.653663
case_140,a,2025-02-24 21:03:11.653663
case_141,c,2025-02-24 19:28:11.653693
case_141,a,2025-02-24 19:33:11.653693
case_141,b,2025-02-24 19:38:11.653693
case_141,a,2025-02-24 19:43:11.653693
case_141,b,2025-02-24 19:48:11.653693
case_141,a,2025-02-24 19:53:11.653693
case_141,b,2025-02-24 19:58:11.653693
case_141,a,2025-02-24 20:03:11.653693
case_141,b,2025-02-24 20:08:11.653693
case_141,c,2025-02-24 20:13:11.653693
case_141,a,2025-02-24 20:18:11.653693
case_141,b,2025-02-24 20:23:11.653693
case_141,a,2025-02-24 20:28:11.653693
case_141,a,2025-02-24 20:33:11.653693
case_141,c,2025-02-24 20:38:11.653693
case_141,b,2025-02-24 20:43:11.653693
case_141,c,2025-02-24 20:48:11.653693
case_141,b,2025-02-24 20:53:11.653693
case_141,c,2025-02-24 20:58:11.653693
case_141,a,2025-02-24 21:03:11.653693
case_142,c,2025-02-24 19:28:11.653724
case_142,c,2025-02-24 19:33:11.653724
case_142,b,2025-02-24 19:38:11.653724
case_142,c,2025-02-24 19:43:11.653724
case_142,c,2025-02-24 19:48:11.653724
case_142,c,2025-02-24 19:53:11.653724
case_142,b,2025-02-24 19:58:11.653724
case_142,c,2025-02-24 20:03:11.653724
case_142,b,2025-02-24 20:08:11.653724
case_142,a,2025-02-24 20:13:11.653724
case_142,c,2025-02-24 20:18:11.653724
case_142,b,2025-02-24 20:23:11.653724
case_142,c,2025-02-24 20:28:11.653724
case_142,c,2025-02-24 20:33:11.653724
case_142,b,2025-02-24 20:38:11.653724
case_142,c,2025-02-24 20:43:11.653724
case_142,a,2025-02-24 20:48:11.653724
case_142,c,2025-02-24 20:53:11.653724
case_142,b,2025-02-24 20:58:11.653724
case_142,c,2025-02-24 21:03:11.653724
case_143,a,2025-02-24 19:28:11.653754
case_143,a,2025-02-24 19:33:11.653754
case_143,b,2025-02-24 19:38:11.653754
case_143,a,2025-02-24 19:43:11.653754
case_143,c,2025-02-24 19:48:11.653754
case_143,a,2025-02-24 19:53:11.653754
case_143,c,2025-02-24 19:58:11.653754
case_143,b,2025-02-24 20:03:11.653754
case_143,a,2025-02-24 20:08:11.653754
case_143,a,2025-02-24 20:13:11.653754
case_143,a,2025-02-24 20:18:11.653754
case_143,a,2025-02-24 20:23:11.653754
case_143,a,2025-02-24 20:28:11.653754
case_143,b,2025-02-24 20:33:11.653754
case_143,c,2025-02-24 20:38:11.653754
case_143,b,2025-02-24 20:43:11.653754
case_143,c,2025-02-24 20:48:11.653754
case_143,a,2025-02-24 20:53:11.653754
case_143,a,2025-02-24 20:58:11.653754
case_143,c,2025-02-24 21:03:11.653754
case_144,c,2025-02-24 19:28:11.653784
case_144,c,2025-02-24 19:33:11.653784
case_144,a,2025-02-24 19:38:11.653784
case_144,a,2025-02-24 19:43:11.653784
case_144,c,2025-02-24 19:48:11.653784
case_144,c,2025-02-24 19:53:11.653784
case_144,c,2025-02-24 19:58:11.653784
case_144,c,2025-02-24 20:03:11.653784
case_144,a,2025-02-24 20:08:11.653784
case_144,b,2025-02-24 20:13:11.653784
case_144,a,2025-02-24 20:18:11.653784
case_144,a,2025-02-24 20:23:11.653784
case_144,b,2025-02-24 20:28:11.653784
case_144,c,2025-02-24 20:33:11.653784
case_144,b,2025-02-24 20:38:11.653784
case_144,c,2025-02-24 20:43:11.653784
case_144,a,2025-02-24 20:48:11.653784
case_144,c,2025-02-24 20:53:11.653784
case_144,a,2025-02-24 20:58:11.653784
case_144,a,2025-02-24 21:03:11.653784
case_145,c,2025-02-24 19:28:11.653815
case_145,b,2025-02-24 19:33:11.653815
case_145,c,2025-02-24 19:38:11.653815
case_145,c,2025-02-24 19:43:11.653815
case_145,b,2025-02-24 19:48:11.653815
case_145,a,2025-02-24 19:53:11.653815
case_145,c,2025-02-24 19:58:11.653815
case_145,c,2025-02-24 20:03:11.653815
case_145,c,2025-02-24 20:08:11.653815
case_145,a,2025-02-24 20:13:11.653815
case_145,c,2025-02-24 20:18:11.653815
case_145,a,2025-02-24 20:23:11.653815
case_145,a,2025-02-24 20:28:11.653815
case_145,c,2025-02-24 20:33:11.653815
case_145,b,2025-02-24 20:38:11.653815
case_145,a,2025-02-24 20:43:11.653815
case_145,b,2025-02-24 20:48:11.653815
case_145,a,2025-02-24 20:53:11.653815
case_145,a,2025-02-24 20:58:11.653815
case_145,a,2025-02-24 21:03:11.653815
case_146,c,2025-02-24 19:28:11.653846
case_146,c,2025-02-24 19:33:11.653846
case_146,a,2025-02-24 19:38:11.653846
case_146,a,2025-02-24 19:43:11.653846
case_146,b,2025-02-24 19:48:11.653846
case_146,a,2025-02-24 19:53:11.653846
case_146,b,2025-02-24 19:58:11.653846
case_146,a,2025-02-24 20:03:11.653846
case_146,c,2025-02-24 20:08:11.653846
case_146,c,2025-02-24 20:13:11.653846
case_146,b,2025-02-24 20:18:11.653846
case_146,a,2025-02-24 20:23:11.653846
case_146,c,2025-02-24 20:28:11.653846
case_146,b,2025-02-24 20:33:11.653846
case_146,c,2025-02-24 20:38:11.653846
case_146,a,2025-02-24 20:43:11.653846
case_146,b,2025-02-24 20:48:11.653846
case_146,a,2025-02-24 20:53:11.653846
case_146,a,2025-02-24 20:58:11.653846
case_146,c,2025-02-24 21:03:11.653846
case_147,c,2025-02-24 19:28:11.653875
case_147,b,2025-02-24 19:33:11.653875
case_147,a,2025-02-24 19:38:11.653875
case_147,a,2025-02-24 19:43:11.653875
case_147,a,2025-02-24 19:48:11.653875
case_147,a,2025-02-24 19:53:11.653875
case_147,a,2025-02-24 19:58:11.653875
case_147,a,2025-02-24 20:03:11.653875
case_147,b,2025-02-24 20:08:11.653875
case_147,c,2025-02-24 20:13:11.653875
case_147,b,2025-02-24 20:18:11.653875
case_147,a,2025-02-24 20:23:11.653875
case_147,c,2025-02-24 20:28:11.653875
case_147,b,2025-02-24 20:33:11.653875
case_147,c,2025-02-24 20:38:11.653875
case_147,c,2025-02-24 20:43:11.653875
case_147,c,2025-02-24 20:48:11.653875
case_147,a,2025-02-24 20:53:11.653875
case_147,b,2025-02-24 20:58:11.653875
case_147,a,2025-02-24 21:03:11.653875
case_148,c,2025-02-24 19:28:11.653905
case_148,a,2025-02-24 19:33:11.653905
case_148,c,2025-02-24 19:38:11.653905
case_148,b,2025-02-24 19:43:11.653905
case_148,c,2025-02-24 19:48:11.653905
case_148,a,2025-02-24 19:53:11.653905
case_148,a,2025-02-24 19:58:11.653905
case_148,c,2025-02-24 20:03:11.653905
case_148,c,2025-02-24 20:08:11.653905
case_148,b,2025-02-24 20:13:11.653905
case_148,a,2025-02-24 20:18:11.653905
case_148,a,2025-02-24 20:23:11.653905
case_148,b,2025-02-24 20:28:11.653905
case_148,c,2025-02-24 20:33:11.653905
case_148,b,2025-02-24 20:38:11.653905
case_148,c,2025-02-24 20:43:11.653905
case_148,c,2025-02-24 20:48:11.653905
case_148,a,2025-02-24 20:53:11.653905
case_148,a,2025-02-24 20:58:11.653905
case_148,a,2025-02-24 21:03:11.653905
case_149,a,2025-02-24 19:28:11.653936
case_149,c,2025-02-24 19:33:11.653936
case_149,b,2025-02-24 19:38:11.653936
case_149,c,2025-02-24 19:43:11.653936
case_149,b,2025-02-24 19:48:11.653936
case_149,c,2025-02-24 19:53:11.653936
case_149,c,2025-02-24 19:58:11.653936
case_149,b,2025-02-24 20:03:11.653936
case_149,c,2025-02-24 20:08:11.653936
case_149,a,2025-02-24 20:13:11.653936
case_149,c,2025-02-24 20:18:11.653936
case_149,b,2025-02-24 20:23:11.653936
case_149,a,2025-02-24 20:28:11.653936
case_149,a,2025-02-24 20:33:11.653936
case_149,a,2025-02-24 20:38:11.653936
case_149,a,2025-02-24 20:43:11.653936
case_149,c,2025-02-24 20:48:11.653936
case_149,b,2025-02-24 20:53:11.653936
case_149,c,2025-02-24 20:58:11.653936
case_149,c,2025-02-24 21:03:11.653936
case_150,c,2025-02-24 19:28:11.653966
case_150,c,2025-02-24 19:33:11.653966
case_150,c,2025-02-24 19:38:11.653966
case_150,a,2025-02-24 19:43:11.653966
case_150,c,2025-02-24 19:48:11.653966
case_150,c,2025-02-24 19:53:11.653966
case_150,a,2025-02-24 19:58:11.653966
case_150,c,2025-02-24 20:03:11.653966
case_150,b,2025-02-24 20:08:11.653966
case_150,c,2025-02-24 20:13:11.653966
case_150,a,2025-02-24 20:18:11.653966
case_150,c,2025-02-24 20:23:11.653966
case_150,c,2025-02-24 20:28:11.653966
case_150,b,2025-02-24 20:33:11.653966
case_150,a,2025-02-24 20:38:11.653966
case_150,a,2025-02-24 20:43:11.653966
case_150,b,2025-02-24 20:48:11.653966
case_150,c,2025-02-24 20:53:11.653966
case_150,a,2025-02-24 20:58:11.653966
case_150,c,2025-02-24 21:03:11.653966
case_151,a,2025-02-24 19:28:11.653996
case_151,b,2025-02-24 19:33:11.653996
case_151,a,2025-02-24 19:38:11.653996
case_151,b,2025-02-24 19:43:11.653996
case_151,a,2025-02-24 19:48:11.653996
case_151,a,2025-02-24 19:53:11.653996
case_151,c,2025-02-24 19:58:11.653996
case_151,a,2025-02-24 20:03:11.653996
case_151,c,2025-02-24 20:08:11.653996
case_151,a,2025-02-24 20:13:11.653996
case_151,c,2025-02-24 20:18:11.653996
case_151,b,2025-02-24 20:23:11.653996
case_151,a,2025-02-24 20:28:11.653996
case_151,a,2025-02-24 20:33:11.653996
case_151,a,2025-02-24 20:38:11.653996
case_151,b,2025-02-24 20:43:11.653996
case_151,a,2025-02-24 20:48:11.653996
case_151,c,2025-02-24 20:53:11.653996
case_151,c,2025-02-24 20:58:11.653996
case_151,c,2025-02-24 21:03:11.653996
case_152,c,2025-02-24 19:28:11.654026
case_152,b,2025-02-24 19:33:11.654026
case_152,c,2025-02-24 19:38:11.654026
case_152,c,2025-02-24 19:43:11.654026
case_152,a,2025-02-24 19:48:11.654026
case_152,b,2025-02-24 19:53:11.654026
case_152,c,2025-02-24 19:58:11.654026
case_152,c,2025-02-24 20:03:11.654026
case_152,b,2025-02-24 20:08:11.654026
case_152,c,2025-02-24 20:13:11.654026
case_152,a,2025-02-24 20:18:11.654026
case_152,b,2025-02-24 20:23:11.654026
case_152,a,2025-02-24 20:28:11.654026
case_152,a,2025-02-24 20:33:11.654026
case_152,c,2025-02-24 20:38:11.654026
case_152,b,2025-02-24 20:43:11.654026
case_152,a,2025-02-24 20:48:11.654026
case_152,c,2025-02-24 20:53:11.654026
case_152,b,2025-02-24 20:58:11.654026
case_152,a,2025-02-24 21:03:11.654026
case_153,c,2025-02-24 19:28:11.654057
case_153,a,2025-02-24 19:33:11.654057
case_153,b,2025-02-24 19:38:11.654057
case_153,a,2025-02-24 19:43:11.654057
case_153,b,2025-02-24 19:48:11.654057
case_153,a,2025-02-24 19:53:11.654057
case_153,b,2025-02-24 19:58:11.654057
case_153,a,2025-02-24 20:03:11.654057
case_153,a,2025-02-24 20:08:11.654057
case_153,c,2025-02-24 20:13:11.654057
case_153,a,2025-02-24 20:18:11.654057
case_153,a,2025-02-24 20:23:11.654057
case_153,b,2025-02-24 20:28:11.654057
case_153,a,2025-02-24 20:33:11.654057
case_153,c,2025-02-24 20:38:11.654057
case_153,b,2025-02-24 20:43:11.654057
case_153,a,2025-02-24 20:48:11.654057
case_153,b,2025-02-24 20:53:11.654057
case_153,c,2025-02-24 20:58:11.654057
case_153,c,2025-02-24 21:03:11.654057
case_154,c,2025-02-24 19:28:11.654087
case_154,c,2025-02-24 19:33:11.654087
case_154,c,2025-02-24 19:38:11.654087
case_154,c,2025-02-24 19:43:11.654087
case_154,b,2025-02-24 19:48:11.654087
case_154,a,2025-02-24 19:53:11.654087
case_154,c,2025-02-24 19:58:11.654087
case_154,c,2025-02-24 20:03:11.654087
case_154,b,2025-02-24 20:08:11.654087
case_154,c,2025-02-24 20:13:11.654087
case_154,a,2025-02-24 20:18:11.654087
case_154,a,2025-02-24 20:23:11.654087
case_154,c,2025-02-24 20:28:11.654087
case_154,b,2025-02-24 20:33:11.654087
case_154,c,2025-02-24 20:38:11.654087
case_154,a,2025-02-24 20:43:11.654087
case_154,a,2025-02-24 20:48:11.654087
case_154,a,2025-02-24 20:53:11.654087
case_154,c,2025-02-24 20:58:11.654087
case_154,a,2025-02-24 21:03:11.654087
case_155,a,2025-02-24 19:28:11.654117
case_155,c,2025-02-24 19:33:11.654117
case_155,a,2025-02-24 19:38:11.654117
case_155,b,2025-02-24 19:43:11.654117
case_155,a,2025-02-24 19:48:11.654117
case_155,a,2025-02-24 19:53:11.654117
case_155,b,2025-02-24 19:58:11.654117
case_155,a,2025-02-24 20:03:11.654117
case_155,a,2025-02-24 20:08:11.654117
case_155,b,2025-02-24 20:13:11.654117
case_155,c,2025-02-24 20:18:11.654117
case_155,c,2025-02-24 20:23:11.654117
case_155,a,2025-02-24 20:28:11.654117
case_155,c,2025-02-24 20:33:11.654117
case_155,c,2025-02-24 20:38:11.654117
case_155,c,2025-02-24 20:43:11.654117
case_155,c,2025-02-24 20:48:11.654117
case_155,c,2025-02-24 20:53:11.654117
case_155,a,2025-02-24 20:58:11.654117
case_155,a,2025-02-24 21:03:11.654117
case_156,a,2025-02-24 19:28:11.654148
case_156,c,2025-02-24 19:33:11.654148
case_156,a,2025-02-24 19:38:11.654148
case_156,b,2025-02-24 19:43:11.654148
case_156,a,2025-02-24 19:48:11.654148
case_156,a,2025-02-24 19:53:11.654148
case_156,b,2025-02-24 19:58:11.654148
case_156,a,2025-02-24 20:03:11.654148
case_156,b,2025-02-24 20:08:11.654148
case_156,a,2025-02-24 20:13:11.654148
case_156,c,2025-02-24 20:18:11.654148
case_156,c,2025-02-24 20:23:11.654148
case_156,a,2025-02-24 20:28:11.654148
case_156,a,2025-02-24 20:33:11.654148
case_156,b,2025-02-24 20:38:11.654148
case_156,a,2025-02-24 20:43:11.654148
case_156,a,2025-02-24 20:48:11.654148
case_156,c,2025-02-24 20:53:11.654148
case_156,c,2025-02-24 20:58:11.654148
case_156,a,2025-02-24 21:03:11.654148
case_157,a,2025-02-24 19:28:11.654179
case_157,a,2025-02-24 19:33:11.654179
case_157,a,2025-02-24 19:38:11.654179
case_157,a,2025-02-24 19:43:11.654179
case_157,a,2025-02-24 19:48:11.654179
case_157,a,2025-02-24 19:53:11.654179
case_157,c,2025-02-24 19:58:11.654179
case_157,b,2025-02-24 20:03:11.654179
case_157,a,2025-02-24 20:08:11.654179
case_157,b,2025-02-24 20:13:11.654179
case_157,a,2025-02-24 20:18:11.654179
case_157,b,2025-02-24 20:23:11.654179
case_157,a,2025-02-24 20:28:11.654179
case_157,c,2025-02-24 20:33:11.654179
case_157,a,2025-02-24 20:38:11.654179
case_157,a,2025-02-24 20:43:11.654179
case_157,b,2025-02-24 20:48:11.654179
case_157,a,2025-02-24 20:53:11.654179
case_157,c,2025-02-24 20:58:11.654179
case_157,a,2025-02-24 21:03:11.654179
case_158,c,2025-02-24 19:28:11.654209
case_158,b,2025-02-24 19:33:11.654209
case_158,c,2025-02-24 19:38:11.654209
case_158,a,2025-02-24 19:43:11.654209
case_158,a,2025-02-24 19:48:11.654209
case_158,c,2025-02-24 19:53:11.654209
case_158,c,2025-02-24 19:58:11.654209
case_158,c,2025-02-24 20:03:11.654209
case_158,c,2025-02-24 20:08:11.654209
case_158,c,2025-02-24 20:13:11.654209
case_158,c,2025-02-24 20:18:11.654209
case_158,b,2025-02-24 20:23:11.654209
case_158,c,2025-02-24 20:28:11.654209
case_158,b,2025-02-24 20:33:11.654209
case_158,a,2025-02-24 20:38:11.654209
case_158,b,2025-02-24 20:43:11.654209
case_158,c,2025-02-24 20:48:11.654209
case_158,a,2025-02-24 20:53:11.654209
case_158,b,2025-02-24 20:58:11.654209
case_158,a,2025-02-24 21:03:11.654209
case_159,a,2025-02-24 19:28:11.654241
case_159,c,2025-02-24 19:33:11.654241
case_159,b,2025-02-24 19:38:11.654241
case_159,a,2025-02-24 19:43:11.654241
case_159,a,2025-02-24 19:48:11.654241
case_159,a,2025-02-24 19:53:11.654241
case_159,c,2025-02-24 19:58:11.654241
case_159,b,2025-02-24 20:03:11.654241
case_159,c,2025-02-24 20:08:11.654241
case_159,a,2025-02-24 20:13:11.654241
case_159,c,2025-02-24 20:18:11.654241
case_159,c,2025-02-24 20:23:11.654241
case_159,b,2025-02-24 20:28:11.654241
case_159,a,2025-02-24 20:33:11.654241
case_159,c,2025-02-24 20:38:11.654241
case_159,b,2025-02-24 20:43:11.654241
case_159,c,2025-02-24 20:48:11.654241
case_159,c,2025-02-24 20:53:11.654241
case_159,b,2025-02-24 20:58:11.654241
case_159,c,2025-02-24 21:03:11.654241
case_160,c,2025-02-24 19:28:11.654271
case_160,a,2025-02-24 19:33:11.654271
case_160,b,2025-02-24 19:38:11.654271
case_160,a,2025-02-24 19:43:11.654271
case_160,b,2025-02-24 19:48:11.654271
case_160,a,2025-02-24 19:53:11.654271
case_160,a,2025-02-24 19:58:11.654271
case_160,a,2025-02-24 20:03:11.654271
case_160,a,2025-02-24 20:08:11.654271
case_160,b,2025-02-24 20:13:11.654271
case_160,a,2025-02-24 20:18:11.654271
case_160,b,2025-02-24 20:23:11.654271
case_160,a,2025-02-24 20:28:11.654271
case_160,a,2025-02-24 20:33:11.654271
case_160,a,2025-02-24 20:38:11.654271
case_160,c,2025-02-24 20:43:11.654271
case_160,c,2025-02-24 20:48:11.654271
case_160,c,2025-02-24 20:53:11.654271
case_160,a,2025-02-24 20:58:11.654271
case_160,c,2025-02-24 21:03:11.654271
case_161,c,2025-02-24 19:28:11.654303
case_161,a,2025-02-24 19:33:11.654303
case_161,c,2025-02-24 19:38:11.654303
case_161,a,2025-02-24 19:43:11.654303
case_161,b,2025-02-24 19:48:11.654303
case_161,a,2025-02-24 19:53:11.654303
case_161,b,2025-02-24 19:58:11.654303
case_161,a,2025-02-24 20:03:11.654303
case_161,c,2025-02-24 20:08:11.654303
case_161,b,2025-02-24 20:13:11.654303
case_161,a,2025-02-24 20:18:11.654303
case_161,a,2025-02-24 20:23:11.654303
case_161,a,2025-02-24 20:28:11.654303
case_161,c,2025-02-24 20:33:11.654303
case_161,a,2025-02-24 20:38:11.654303
case_161,b,2025-02-24 20:43:11.654303
case_161,c,2025-02-24 20:48:11.654303
case_161,c,2025-02-24 20:53:11.654303
case_161,a,2025-02-24 20:58:11.654303
case_161,c,2025-02-24 21:03:11.654303
case_162,c,2025-02-24 19:28:11.654335
case_162,c,2025-02-24 19:33:11.654335
case_162,b,2025-02-24 19:38:11.654335
case_162,a,2025-02-24 19:43:11.654335
case_162,b,2025-02-24 19:48:11.654335
case_162,a,2025-02-24 19:53:11.654335
case_162,a,2025-02-24 19:58:11.654335
case_162,b,2025-02-24 20:03:11.654335
case_162,c,2025-02-24 20:08:11.654335
case_162,a,2025-02-24 20:13:11.654335
case_162,b,2025-02-24 20:18:11.654335
case_162,c,2025-02-24 20:23:11.654335
case_162,c,2025-02-24 20:28:11.654335
case_162,b,2025-02-24 20:33:11.654335
case_162,c,2025-02-24 20:38:11.654335
case_162,c,2025-02-24 20:43:11.654335
case_162,b,2025-02-24 20:48:11.654335
case_162,c,2025-02-24 20:53:11.654335
case_162,c,2025-02-24 20:58:11.654335
case_162,a,2025-02-24 21:03:11.654335
case_163,a,2025-02-24 19:28:11.654365
case_163,c,2025-02-24 19:33:11.654365
case_163,b,2025-02-24 19:38:11.654365
case_163,a,2025-02-24 19:43:11.654365
case_163,a,2025-02-24 19:48:11.654365
case_163,b,2025-02-24 19:53:11.654365
case_163,a,2025-02-24 19:58:11.654365
case_163,c,2025-02-24 20:03:11.654365
case_163,b,2025-02-24 20:08:11.654365
case_163,c,2025-02-24 20:13:11.654365
case_163,c,2025-02-24 20:18:11.654365
case_163,a,2025-02-24 20:23:11.654365
case_163,b,2025-02-24 20:28:11.654365
case_163,a,2025-02-24 20:33:11.654365
case_163,b,2025-02-24 20:38:11.654365
case_163,a,2025-02-24 20:43:11.654365
case_163,c,2025-02-24 20:48:11.654365
case_163,b,2025-02-24 20:53:11.654365
case_163,a,2025-02-24 20:58:11.654365
case_163,a,2025-02-24 21:03:11.654365
case_164,a,2025-02-24 19:28:11.654394
case_164,b,2025-02-24 19:33:11.654394
case_164,a,2025-02-24 19:38:11.654394
case_164,a,2025-02-24 19:43:11.654394
case_164,c,2025-02-24 19:48:11.654394
case_164,c,2025-02-24 19:53:11.654394
case_164,b,2025-02-24 19:58:11.654394
case_164,a,2025-02-24 20:03:11.654394
case_164,a,2025-02-24 20:08:11.654394
case_164,c,2025-02-24 20:13:11.654394
case_164,b,2025-02-24 20:18:11.654394
case_164,a,2025-02-24 20:23:11.654394
case_164,b,2025-02-24 20:28:11.654394
case_164,c,2025-02-24 20:33:11.654394
case_164,a,2025-02-24 20:38:11.654394
case_164,a,2025-02-24 20:43:11.654394
case_164,c,2025-02-24 20:48:11.654394
case_164,c,2025-02-24 20:53:11.654394
case_164,b,2025-02-24 20:58:11.654394
case_164,c,2025-02-24 21:03:11.654394
case_165,a,2025-02-24 19:28:11.654424
case_165,c,2025-02-24 19:33:11.654424
case_165,b,2025-02-24 19:38:11.654424
case_165,c,2025-02-24 19:43:11.654424
case_165,c,2025-02-24 19:48:11.654424
case_165,c,2025-02-24 19:53:11.654424
case_165,a,2025-02-24 19:58:11.654424
case_165,a,2025-02-24 20:03:11.654424
case_165,b,2025-02-24 20:08:11.654424
case_165,a,2025-02-24 20:13:11.654424
case_165,a,2025-02-24 20:18:11.654424
case_165,a,2025-02-24 20:23:11.654424
case_165,a,2025-02-24 20:28:11.654424
case_165,c,2025-02-24 20:33:11.654424
case_165,c,2025-02-24 20:38:11.654424
case_165,b,2025-02-24 20:43:11.654424
case_165,c,2025-02-24 20:48:11.654424
case_165,b,2025-02-24 20:53:11.654424
case_165,a,2025-02-24 20:58:11.654424
case_165,a,2025-02-24 21:03:11.654424
case_166,a,2025-02-24 19:28:11.654453
case_166,b,2025-02-24 19:33:11.654453
case_166,a,2025-02-24 19:38:11.654453
case_166,c,2025-02-24 19:43:11.654453
case_166,a,2025-02-24 19:48:11.654453
case_166,b,2025-02-24 19:53:11.654453
case_166,c,2025-02-24 19:58:11.654453
case_166,c,2025-02-24 20:03:11.654453
case_166,b,2025-02-24 20:08:11.654453
case_166,c,2025-02-24 20:13:11.654453
case_166,c,2025-02-24 20:18:11.654453
case_166,c,2025-02-24 20:23:11.654453
case_166,c,2025-02-24 20:28:11.654453
case_166,a,2025-02-24 20:33:11.654453
case_166,a,2025-02-24 20:38:11.654453
case_166,b,2025-02-24 20:43:11.654453
case_166,a,2025-02-24 20:48:11.654453
case_166,a,2025-02-24 20:53:11.654453
case_166,a,2025-02-24 20:58:11.654453
case_166,c,2025-02-24 21:03:11.654453
case_167,a,2025-02-24 19:28:11.654482
case_167,c,2025-02-24 19:33:11.654482
case_167,b,2025-02-24 19:38:11.654482
case_167,c,2025-02-24 19:43:11.654482
case_167,c,2025-02-24 19:48:11.654482
case_167,a,2025-02-24 19:53:11.654482
case_167,c,2025-02-24 19:58:11.654482
case_167,b,2025-02-24 20:03:11.654482
case_167,a,2025-02-24 20:08:11.654482
case_167,b,2025-02-24 20:13:11.654482
case_167,c,2025-02-24 20:18:11.654482
case_167,a,2025-02-24 20:23:11.654482
case_167,c,2025-02-24 20:28:11.654482
case_167,b,2025-02-24 20:33:11.654482
case_167,c,2025-02-24 20:38:11.654482
case_167,c,2025-02-24 20:43:11.654482
case_167,a,2025-02-24 20:48:11.654482
case_167,a,2025-02-24 20:53:11.654482
case_167,a,2025-02-24 20:58:11.654482
case_167,a,2025-02-24 21:03:11.654482
case_168,a,2025-02-24 19:28:11.654512
case_168,a,2025-02-24 19:33:11.654512
case_168,a,2025-02-24 19:38:11.654512
case_168,c,2025-02-24 19:43:11.654512
case_168,b,2025-02-24 19:48:11.654512
case_168,a,2025-02-24 19:53:11.654512
case_168,b,2025-02-24 19:58:11.654512
case_168,a,2025-02-24 20:03:11.654512
case_168,c,2025-02-24 20:08:11.654512
case_168,c,2025-02-24 20:13:11.654512
case_168,a,2025-02-24 20:18:11.654512
case_168,a,2025-02-24 20:23:11.654512
case_168,a,2025-02-24 20:28:11.654512
case_168,c,2025-02-24 20:33:11.654512
case_168,a,2025-02-24 20:38:11.654512
case_168,c,2025-02-24 20:43:11.654512
case_168,c,2025-02-24 20:48:11.654512
case_168,c,2025-02-24 20:53:11.654512
case_168,c,2025-02-24 20:58:11.654512
case_168,a,2025-02-24 21:03:11.654512
case_169,c,2025-02-24 19:28:11.654541
case_169,a,2025-02-24 19:33:11.654541
case_169,a,2025-02-24 19:38:11.654541
case_169,a,2025-02-24 19:43:11.654541
case_169,c,2025-02-24 19:48:11.654541
case_169,c,2025-02-24 19:53:11.654541
case_169,c,2025-02-24 19:58:11.654541
case_169,c,2025-02-24 20:03:11.654541
case_169,c,2025-02-24 20:08:11.654541
case_169,c,2025-02-24 20:13:11.654541
case_169,a,2025-02-24 20:18:11.654541
case_169,a,2025-02-24 20:23:11.654541
case_169,b,2025-02-24 20:28:11.654541
case_169,c,2025-02-24 20:33:11.654541
case_169,a,2025-02-24 20:38:11.654541
case_169,b,2025-02-24 20:43:11.654541
case_169,c,2025-02-24 20:48:11.654541
case_169,b,2025-02-24 20:53:11.654541
case_169,a,2025-02-24 20:58:11.654541
case_169,c,2025-02-24 21:03:11.654541
case_170,c,2025-02-24 19:28:11.654571
case_170,a,2025-02-24 19:33:11.654571
case_170,b,2025-02-24 19:38:11.654571
case_170,c,2025-02-24 19:43:11.654571
case_170,c,2025-02-24 19:48:11.654571
case_170,c,2025-02-24 19:53:11.654571
case_170,c,2025-02-24 19:58:11.654571
case_170,a,2025-02-24 20:03:11.654571
case_170,a,2025-02-24 20:08:11.654571
case_170,a,2025-02-24 20:13:11.654571
case_170,a,2025-02-24 20:18:11.654571
case_170,b,2025-02-24 20:23:11.654571
case_170,c,2025-02-24 20:28:11.654571
case_170,a,2025-02-24 20:33:11.654571
case_170,b,2025-02-24 20:38:11.654571
case_170,c,2025-02-24 20:43:11.654571
case_170,a,2025-02-24 20:48:11.654571
case_170,c,2025-02-24 20:53:11.654571
case_170,c,2025-02-24 20:58:11.654571
case_170,a,2025-02-24 21:03:11.654571
case_171,c,2025-02-24 19:28:11.654600
case_171,a,2025-02-24 19:33:11.654600
case_171,a,2025-02-24 19:38:11.654600
case_171,b,2025-02-24 19:43:11.654600
case_171,a,2025-02-24 19:48:11.654600
case_171,a,2025-02-24 19:53:11.654600
case_171,a,2025-02-24 19:58:11.654600
case_171,a,2025-02-24 20:03:11.654600
case_171,c,2025-02-24 20:08:11.654600
case_171,a,2025-02-24 20:13:11.654600
case_171,c,2025-02-24 20:18:11.654600
case_171,c,2025-02-24 20:23:11.654600
case_171,b,2025-02-24 20:28:11.654600
case_171,a,2025-02-24 20:33:11.654600
case_171,c,2025-02-24 20:38:11.654600
case_171,c,2025-02-24 20:43:11.654600
case_171,c,2025-02-24 20:48:11.654600
case_171,b,2025-02-24 20:53:11.654600
case_171,a,2025-02-24 20:58:11.654600
case_171,a,2025-02-24 21:03:11.654600
case_172,c,2025-02-24 19:28:11.654630
case_172,b,2025-02-24 19:33:11.654630
case_172,c,2025-02-24 19:38:11.654630
case_172,a,2025-02-24 19:43:11.654630
case_172,b,2025-02-24 19:48:11.654630
case_172,a,2025-02-24 19:53:11.654630
case_172,c,2025-02-24 19:58:11.654630
case_172,c,2025-02-24 20:03:11.654630
case_172,a,2025-02-24 20:08:11.654630
case_172,a,2025-02-24 20:13:11.654630
case_172,a,2025-02-24 20:18:11.654630
case_172,c,2025-02-24 20:23:11.654630
case_172,a,2025-02-24 20:28:11.654630
case_172,a,2025-02-24 20:33:11.654630
case_172,c,2025-02-24 20:38:11.654630
case_172,c,2025-02-24 20:43:11.654630
case_172,b,2025-02-24 20:48:11.654630
case_172,a,2025-02-24 20:53:11.654630
case_172,c,2025-02-24 20:58:11.654630
case_172,a,2025-02-24 21:03:11.654630
case_173,c,2025-02-24 19:28:11.654660
case_173,a,2025-02-24 19:33:11.654660
case_173,c,2025-02-24 19:38:11.654660
case_173,a,2025-02-24 19:43:11.654660
case_173,b,2025-02-24 19:48:11.654660
case_173,a,2025-02-24 19:53:11.654660
case_173,c,2025-02-24 19:58:11.654660
case_173,c,2025-02-24 20:03:11.654660
case_173,c,2025-02-24 20:08:11.654660
case_173,b,2025-02-24 20:13:11.654660
case_173,a,2025-02-24 20:18:11.654660
case_173,c,2025-02-24 20:23:11.654660
case_173,a,2025-02-24 20:28:11.654660
case_173,a,2025-02-24 20:33:11.654660
case_173,a,2025-02-24 20:38:11.654660
case_173,c,2025-02-24 20:43:11.654660
case_173,b,2025-02-24 20:48:11.654660
case_173,c,2025-02-24 20:53:11.654660
case_173,a,2025-02-24 20:58:11.654660
case_173,a,2025-02-24 21:03:11.654660
case_174,a,2025-02-24 19:28:11.654690
case_174,a,2025-02-24 19:33:11.654690
case_174,b,2025-02-24 19:38:11.654690
case_174,c,2025-02-24 19:43:11.654690
case_174,c,2025-02-24 19:48:11.654690
case_174,c,2025-02-24 19:53:11.654690
case_174,b,2025-02-24 19:58:11.654690
case_174,c,2025-02-24 20:03:11.654690
case_174,c,2025-02-24 20:08:11.654690
case_174,b,2025-02-24 20:13:11.654690
case_174,a,2025-02-24 20:18:11.654690
case_174,b,2025-02-24 20:23:11.654690
case_174,a,2025-02-24 20:28:11.654690
case_174,b,2025-02-24 20:33:11.654690
case_174,c,2025-02-24 20:38:11.654690
case_174,a,2025-02-24 20:43:11.654690
case_174,b,2025-02-24 20:48:11.654690
case_174,c,2025-02-24 20:53:11.654690
case_174,b,2025-02-24 20:58:11.654690
case_174,c,2025-02-24 21:03:11.654690
case_175,c,2025-02-24 19:28:11.654719
case_175,a,2025-02-24 19:33:11.654719
case_175,a,2025-02-24 19:38:11.654719
case_175,c,2025-02-24 19:43:11.654719
case_175,b,2025-02-24 19:48:11.654719
case_175,c,2025-02-24 19:53:11.654719
case_175,c,2025-02-24 19:58:11.654719
case_175,b,2025-02-24 20:03:11.654719
case_175,a,2025-02-24 20:08:11.654719
case_175,b,2025-02-24 20:13:11.654719
case_175,c,2025-02-24 20:18:11.654719
case_175,b,2025-02-24 20:23:11.654719
case_175,c,2025-02-24 20:28:11.654719
case_175,b,2025-02-24 20:33:11.654719
case_175,c,2025-02-24 20:38:11.654719
case_175,a,2025-02-24 20:43:11.654719
case_175,c,2025-02-24 20:48:11.654719
case_175,a,2025-02-24 20:53:11.654719
case_175,b,2025-02-24 20:58:11.654719
case_175,c,2025-02-24 21:03:11.654719
case_176,a,2025-02-24 19:28:11.654749
case_176,b,2025-02-24 19:33:11.654749
case_176,a,2025-02-24 19:38:11.654749
case_176,a,2025-02-24 19:43:11.654749
case_176,c,2025-02-24 19:48:11.654749
case_176,c,2025-02-24 19:53:11.654749
case_176,b,2025-02-24 19:58:11.654749
case_176,c,2025-02-24 20:03:11.654749
case_176,c,2025-02-24 20:08:11.654749
case_176,b,2025-02-24 20:13:11.654749
case_176,c,2025-02-24 20:18:11.654749
case_176,c,2025-02-24 20:23:11.654749
case_176,c,2025-02-24 20:28:11.654749
case_176,c,2025-02-24 20:33:11.654749
case_176,c,2025-02-24 20:38:11.654749
case_176,b,2025-02-24 20:43:11.654749
case_176,a,2025-02-24 20:48:11.654749
case_176,c,2025-02-24 20:53:11.654749
case_176,c,2025-02-24 20:58:11.654749
case_176,c,2025-02-24 21:03:11.654749
case_177,a,2025-02-24 19:28:11.654778
case_177,a,2025-02-24 19:33:11.654778
case_177,c,2025-02-24 19:38:11.654778
case_177,c,2025-02-24 19:43:11.654778
case_177,a,2025-02-24 19:48:11.654778
case_177,a,2025-02-24 19:53:11.654778
case_177,b,2025-02-24 19:58:11.654778
case_177,c,2025-02-24 20:03:11.654778
case_177,c,2025-02-24 20:08:11.654778
case_177,c,2025-02-24 20:13:11.654778
case_177,b,2025-02-24 20:18:11.654778
case_177,c,2025-02-24 20:23:11.654778
case_177,b,2025-02-24 20:28:11.654778
case_177,a,2025-02-24 20:33:11.654778
case_177,c,2025-02-24 20:38:11.654778
case_177,c,2025-02-24 20:43:11.654778
case_177,a,2025-02-24 20:48:11.654778
case_177,b,2025-02-24 20:53:11.654778
case_177,c,2025-02-24 20:58:11.654778
case_177,a,2025-02-24 21:03:11.654778
case_178,c,2025-02-24 19:28:11.654808
case_178,c,2025-02-24 19:33:11.654808
case_178,c,2025-02-24 19:38:11.654808
case_178,c,2025-02-24 19:43:11.654808
case_178,c,2025-02-24 19:48:11.654808
case_178,b,2025-02-24 19:53:11.654808
case_178,c,2025-02-24 19:58:11.654808
case_178,c,2025-02-24 20:03:11.654808
case_178,b,2025-02-24 20:08:11.654808
case_178,a,2025-02-24 20:13:11.654808
case_178,b,2025-02-24 20:18:11.654808
case_178,a,2025-02-24 20:23:11.654808
case_178,a,2025-02-24 20:28:11.654808
case_178,b,2025-02-24 20:33:11.654808
case_178,a,2025-02-24 20:38:11.654808
case_178,c,2025-02-24 20:43:11.654808
case_178,b,2025-02-24 20:48:11.654808
case_178,a,2025-02-24 20:53:11.654808
case_178,b,2025-02-24 20:58:11.654808
case_178,c,2025-02-24 21:03:11.654808
case_179,a,2025-02-24 19:28:11.654837
case_179,a,2025-02-24 19:33:11.654837
case_179,a,2025-02-24 19:38:11.654837
case_179,a,2025-02-24 19:43:11.654837
case_179,c,2025-02-24 19:48:11.654837
case_179,b,2025-02-24 19:53:11.654837
case_179,a,2025-02-24 19:58:11.654837
case_179,b,2025-02-24 20:03:11.654837
case_179,a,2025-02-24 20:08:11.654837
case_179,a,2025-02-24 20:13:11.654837
case_179,a,2025-02-24 20:18:11.654837
case_179,a,2025-02-24 20:23:11.654837
case_179,b,2025-02-24 20:28:11.654837
case_179,a,2025-02-24 20:33:11.654837
case_179,b,2025-02-24 20:38:11.654837
case_179,a,2025-02-24 20:43:11.654837
case_179,c,2025-02-24 20:48:11.654837
case_179,b,2025-02-24 20:53:11.654837
case_179,c,2025-02-24 20:58:11.654837
case_179,a,2025-02-24 21:03:11.654837
case_180,a,2025-02-24 19:28:11.654867
case_180,b,2025-02-24 19:33:11.654867
case_180,c,2025-02-24 19:38:11.654867
case_180,a,2025-02-24 19:43:11.654867
case_180,c,2025-02-24 19:48:11.654867
case_180,c,2025-02-24 19:53:11.654867
case_180,c,2025-02-24 19:58:11.654867
case_180,c,2025-02-24 20:03:11.654867
case_180,c,2025-02-24 20:08:11.654867
case_180,b,2025-02-24 20:13:11.654867
case_180,a,2025-02-24 20:18:11.654867
case_180,b,2025-02-24 20:23:11.654867
case_180,a,2025-02-24 20:28:11.654867
case_180,c,2025-02-24 20:33:11.654867
case_180,b,2025-02-24 20:38:11.654867
case_180,a,2025-02-24 20:43:11.654867
case_180,c,2025-02-24 20:48:11.654867
case_180,b,2025-02-24 20:53:11.654867
case_180,a,2025-02-24 20:58:11.654867
case_180,a,2025-02-24 21:03:11.654867
case_181,a,2025-02-24 19:28:11.654897
case_181,c,2025-02-24 19:33:11.654897
case_181,c,2025-02-24 19:38:11.654897
case_181,a,2025-02-24 19:43:11.654897
case_181,a,2025-02-24 19:48:11.654897
case_181,c,2025-02-24 19:53:11.654897
case_181,a,2025-02-24 19:58:11.654897
case_181,c,2025-02-24 20:03:11.654897
case_181,c,2025-02-24 20:08:11.654897
case_181,b,2025-02-24 20:13:11.654897
case_181,a,2025-02-24 20:18:11.654897
case_181,a,2025-02-24 20:23:11.654897
case_181,c,2025-02-24 20:28:11.654897
case_181,b,2025-02-24 20:33:11.654897
case_181,c,2025-02-24 20:38:11.654897
case_181,a,2025-02-24 20:43:11.654897
case_181,b,2025-02-24 20:48:11.654897
case_181,c,2025-02-24 20:53:11.654897
case_181,a,2025-02-24 20:58:11.654897
case_181,a,2025-02-24 21:03:11.654897
case_182,c,2025-02-24 19:28:11.654926
case_182,c,2025-02-24 19:33:11.654926
case_182,b,2025-02-24 19:38:11.654926
case_182,a,2025-02-24 19:43:11.654926
case_182,a,2025-02-24 19:48:11.654926
case_182,b,2025-02-24 19:53:11.654926
case_182,a,2025-02-24 19:58:11.654926
case_182,a,2025-02-24 20:03:11.654926
case_182,a,2025-02-24 20:08:11.654926
case_182,a,2025-02-24 20:13:11.654926
case_182,b,2025-02-24 20:18:11.654926
case_182,c,2025-02-24 20:23:11.654926
case_182,c,2025-02-24 20:28:11.654926
case_182,b,2025-02-24 20:33:11.654926
case_182,c,2025-02-24 20:38:11.654926
case_182,b,2025-02-24 20:43:11.654926
case_182,a,2025-02-24 20:48:11.654926
case_182,a,2025-02-24 20:53:11.654926
case_182,b,2025-02-24 20:58:11.654926
case_182,c,2025-02-24 21:03:11.654926
case_183,a,2025-02-24 19:28:11.654956
case_183,a,2025-02-24 19:33:11.654956
case_183,a,2025-02-24 19:38:11.654956
case_183,b,2025-02-24 19:43:11.654956
case_183,a,2025-02-24 19:48:11.654956
case_183,a,2025-02-24 19:53:11.654956
case_183,b,2025-02-24 19:58:11.654956
case_183,c,2025-02-24 20:03:11.654956
case_183,c,2025-02-24 20:08:11.654956
case_183,a,2025-02-24 20:13:11.654956
case_183,c,2025-02-24 20:18:11.654956
case_183,a,2025-02-24 20:23:11.654956
case_183,b,2025-02-24 20:28:11.654956
case_183,c,2025-02-24 20:33:11.654956
case_183,a,2025-02-24 20:38:11.654956
case_183,c,2025-02-24 20:43:11.654956
case_183,b,2025-02-24 20:48:11.654956
case_183,a,2025-02-24 20:53:11.654956
case_183,c,2025-02-24 20:58:11.654956
case_183,a,2025-02-24 21:03:11.654956
case_184,c,2025-02-24 19:28:11.654986
case_184,c,2025-02-24 19:33:11.654986
case_184,b,2025-02-24 19:38:11.654986
case_184,c,2025-02-24 19:43:11.654986
case_184,b,2025-02-24 19:48:11.654986
case_184,c,2025-02-24 19:53:11.654986
case_184,c,2025-02-24 19:58:11.654986
case_184,b,2025-02-24 20:03:11.654986
case_184,c,2025-02-24 20:08:11.654986
case_184,a,2025-02-24 20:13:11.654986
case_184,a,2025-02-24 20:18:11.654986
case_184,c,2025-02-24 20:23:11.654986
case_184,c,2025-02-24 20:28:11.654986
case_184,a,2025-02-24 20:33:11.654986
case_184,c,2025-02-24 20:38:11.654986
case_184,a,2025-02-24 20:43:11.654986
case_184,c,2025-02-24 20:48:11.654986
case_184,a,2025-02-24 20:53:11.654986
case_184,c,2025-02-24 20:58:11.654986
case_184,a,2025-02-24 21:03:11.654986
case_185,c,2025-02-24 19:28:11.655016
case_185,b,2025-02-24 19:33:11.655016
case_185,c,2025-02-24 19:38:11.655016
case_185,a,2025-02-24 19:43:11.655016
case_185,a,2025-02-24 19:48:11.655016
case_185,b,2025-02-24 19:53:11.655016
case_185,a,2025-02-24 19:58:11.655016
case_185,c,2025-02-24 20:03:11.655016
case_185,c,2025-02-24 20:08:11.655016
case_185,c,2025-02-24 20:13:11.655016
case_185,a,2025-02-24 20:18:11.655016
case_185,c,2025-02-24 20:23:11.655016
case_185,c,2025-02-24 20:28:11.655016
case_185,c,2025-02-24 20:33:11.655016
case_185,c,2025-02-24 20:38:11.655016
case_185,b,2025-02-24 20:43:11.655016
case_185,a,2025-02-24 20:48:11.655016
case_185,c,2025-02-24 20:53:11.655016
case_185,b,2025-02-24 20:58:11.655016
case_185,a,2025-02-24 21:03:11.655016
case_186,c,2025-02-24 19:28:11.655045
case_186,c,2025-02-24 19:33:11.655045
case_186,a,2025-02-24 19:38:11.655045
case_186,a,2025-02-24 19:43:11.655045
case_186,a,2025-02-24 19:48:11.655045
case_186,b,2025-02-24 19:53:11.655045
case_186,c,2025-02-24 19:58:11.655045
case_186,a,2025-02-24 20:03:11.655045
case_186,c,2025-02-24 20:08:11.655045
case_186,c,2025-02-24 20:13:11.655045
case_186,c,2025-02-24 20:18:11.655045
case_186,b,2025-02-24 20:23:11.655045
case_186,c,2025-02-24 20:28:11.655045
case_186,b,2025-02-24 20:33:11.655045
case_186,c,2025-02-24 20:38:11.655045
case_186,b,2025-02-24 20:43:11.655045
case_186,c,2025-02-24 20:48:11.655045
case_186,a,2025-02-24 20:53:11.655045
case_186,b,2025-02-24 20:58:11.655045
case_186,a,2025-02-24 21:03:11.655045
case_187,c,2025-02-24 19:28:11.655075
case_187,c,2025-02-24 19:33:11.655075
case_187,c,2025-02-24 19:38:11.655075
case_187,b,2025-02-24 19:43:11.655075
case_187,a,2025-02-24 19:48:11.655075
case_187,a,2025-02-24 19:53:11.655075
case_187,a,2025-02-24 19:58:11.655075
case_187,a,2025-02-24 20:03:11.655075
case_187,c,2025-02-24 20:08:11.655075
case_187,c,2025-02-24 20:13:11.655075
case_187,b,2025-02-24 20:18:11.655075
case_187,a,2025-02-24 20:23:11.655075
case_187,c,2025-02-24 20:28:11.655075
case_187,b,2025-02-24 20:33:11.655075
case_187,c,2025-02-24 20:38:11.655075
case_187,b,2025-02-24 20:43:11.655075
case_187,a,2025-02-24 20:48:11.655075
case_187,a,2025-02-24 20:53:11.655075
case_187,c,2025-02-24 20:58:11.655075
case_187,c,2025-02-24 21:03:11.655075
case_188,c,2025-02-24 19:28:11.655105
case_188,b,2025-02-24 19:33:11.655105
case_188,a,2025-02-24 19:38:11.655105
case_188,a,2025-02-24 19:43:11.655105
case_188,b,2025-02-24 19:48:11.655105
case_188,c,2025-02-24 19:53:11.655105
case_188,a,2025-02-24 19:58:11.655105
case_188,a,2025-02-24 20:03:11.655105
case_188,a,2025-02-24 20:08:11.655105
case_188,b,2025-02-24 20:13:11.655105
case_188,c,2025-02-24 20:18:11.655105
case_188,a,2025-02-24 20:23:11.655105
case_188,a,2025-02-24 20:28:11.655105
case_188,a,2025-02-24 20:33:11.655105
case_188,c,2025-02-24 20:38:11.655105
case_188,a,2025-02-24 20:43:11.655105
case_188,a,2025-02-24 20:48:11.655105
case_188,b,2025-02-24 20:53:11.655105
case_188,c,2025-02-24 20:58:11.655105
case_188,c,2025-02-24 21:03:11.655105
case_189,a,2025-02-24 19:28:11.655134
case_189,c,2025-02-24 19:33:11.655134
case_189,a,2025-02-24 19:38:11.655134
case_189,c,2025-02-24 19:43:11.655134
case_189,c,2025-02-24 19:48:11.655134
case_189,b,2025-02-24 19:53:11.655134
case_189,c,2025-02-24 19:58:11.655134
case_189,a,2025-02-24 20:03:11.655134
case_189,b,2025-02-24 20:08:11.655134
case_189,c,2025-02-24 20:13:11.655134
case_189,c,2025-02-24 20:18:11.655134
case_189,b,2025-02-24 20:23:11.655134
case_189,a,2025-02-24 20:28:11.655134
case_189,c,2025-02-24 20:33:11.655134
case_189,b,2025-02-24 20:38:11.655134
case_189,c,2025-02-24 20:43:11.655134
case_189,c,2025-02-24 20:48:11.655134
case_189,c,2025-02-24 20:53:11.655134
case_189,a,2025-02-24 20:58:11.655134
case_189,c,2025-02-24 21:03:11.655134
case_190,c,2025-02-24 19:28:11.655164
case_190,a,2025-02-24 19:33:11.655164
case_190,a,2025-02-24 19:38:11.655164
case_190,c,2025-02-24 19:43:11.655164
case_190,b,2025-02-24 19:48:11.655164
case_190,a,2025-02-24 19:53:11.655164
case_190,c,2025-02-24 19:58:11.655164
case_190,b,2025-02-24 20:03:11.655164
case_190,c,2025-02-24 20:08:11.655164
case_190,c,2025-02-24 20:13:11.655164
case_190,a,2025-02-24 20:18:11.655164
case_190,a,2025-02-24 20:23:11.655164
case_190,c,2025-02-24 20:28:11.655164
case_190,b,2025-02-24 20:33:11.655164
case_190,a,2025-02-24 20:38:11.655164
case_190,c,2025-02-24 20:43:11.655164
case_190,b,2025-02-24 20:48:11.655164
case_190,a,2025-02-24 20:53:11.655164
case_190,a,2025-02-24 20:58:11.655164
case_190,c,2025-02-24 21:03:11.655164
case_191,a,2025-02-24 19:28:11.655194
case_191,b,2025-02-24 19:33:11.655194
case_191,c,2025-02-24 19:38:11.655194
case_191,a,2025-02-24 19:43:11.655194
case_191,c,2025-02-24 19:48:11.655194
case_191,b,2025-02-24 19:53:11.655194
case_191,a,2025-02-24 19:58:11.655194
case_191,b,2025-02-24 20:03:11.655194
case_191,c,2025-02-24 20:08:11.655194
case_191,c,2025-02-24 20:13:11.655194
case_191,b,2025-02-24 20:18:11.655194
case_191,a,2025-02-24 20:23:11.655194
case_191,a,2025-02-24 20:28:11.655194
case_191,b,2025-02-24 20:33:11.655194
case_191,c,2025-02-24 20:38:11.655194
case_191,b,2025-02-24 20:43:11.655194
case_191,c,2025-02-24 20:48:11.655194
case_191,b,2025-02-24 20:53:11.655194
case_191,a,2025-02-24 20:58:11.655194
case_191,a,2025-02-24 21:03:11.655194
case_192,a,2025-02-24 19:28:11.655224
case_192,c,2025-02-24 19:33:11.655224
case_192,c,2025-02-24 19:38:11.655224
case_192,c,2025-02-24 19:43:11.655224
case_192,b,2025-02-24 19:48:11.655224
case_192,c,2025-02-24 19:53:11.655224
case_192,b,2025-02-24 19:58:11.655224
case_192,c,2025-02-24 20:03:11.655224
case_192,c,2025-02-24 20:08:11.655224
case_192,c,2025-02-24 20:13:11.655224
case_192,b,2025-02-24 20:18:11.655224
case_192,a,2025-02-24 20:23:11.655224
case_192,c,2025-02-24 20:28:11.655224
case_192,a,2025-02-24 20:33:11.655224
case_192,b,2025-02-24 20:38:11.655224
case_192,a,2025-02-24 20:43:11.655224
case_192,c,2025-02-24 20:48:11.655224
case_192,b,2025-02-24 20:53:11.655224
case_192,a,2025-02-24 20:58:11.655224
case_192,a,2025-02-24 21:03:11.655224
case_193,c,2025-02-24 19:28:11.655253
case_193,c,2025-02-24 19:33:11.655253
case_193,b,2025-02-24 19:38:11.655253
case_193,c,2025-02-24 19:43:11.655253
case_193,a,2025-02-24 19:48:11.655253
case_193,b,2025-02-24 19:53:11.655253
case_193,c,2025-02-24 19:58:11.655253
case_193,b,2025-02-24 20:03:11.655253
case_193,a,2025-02-24 20:08:11.655253
case_193,b,2025-02-24 20:13:11.655253
case_193,c,2025-02-24 20:18:11.655253
case_193,b,2025-02-24 20:23:11.655253
case_193,c,2025-02-24 20:28:11.655253
case_193,c,2025-02-24 20:33:11.655253
case_193,b,2025-02-24 20:38:11.655253
case_193,a,2025-02-24 20:43:11.655253
case_193,b,2025-02-24 20:48:11.655253
case_193,c,2025-02-24 20:53:11.655253
case_193,c,2025-02-24 20:58:11.655253
case_193,a,2025-02-24 21:03:11.655253
case_194,a,2025-02-24 19:28:11.655283
case_194,a,2025-02-24 19:33:11.655283
case_194,a,2025-02-24 19:38:11.655283
case_194,b,2025-02-24 19:43:11.655283
case_194,c,2025-02-24 19:48:11.655283
case_194,b,2025-02-24 19:53:11.655283
case_194,c,2025-02-24 19:58:11.655283
case_194,c,2025-02-24 20:03:11.655283
case_194,c,2025-02-24 20:08:11.655283
case_194,a,2025-02-24 20:13:11.655283
case_194,a,2025-02-24 20:18:11.655283
case_194,a,2025-02-24 20:23:11.655283
case_194,a,2025-02-24 20:28:11.655283
case_194,c,2025-02-24 20:33:11.655283
case_194,a,2025-02-24 20:38:11.655283
case_194,c,2025-02-24 20:43:11.655283
case_194,a,2025-02-24 20:48:11.655283
case_194,c,2025-02-24 20:53:11.655283
case_194,c,2025-02-24 20:58:11.655283
case_194,a,2025-02-24 21:03:11.655283
case_195,c,2025-02-24 19:28:11.655312
case_195,a,2025-02-24 19:33:11.655312
case_195,b,2025-02-24 19:38:11.655312
case_195,a,2025-02-24 19:43:11.655312
case_195,c,2025-02-24 19:48:11.655312
case_195,a,2025-02-24 19:53:11.655312
case_195,b,2025-02-24 19:58:11.655312
case_195,c,2025-02-24 20:03:11.655312
case_195,b,2025-02-24 20:08:11.655312
case_195,c,2025-02-24 20:13:11.655312
case_195,c,2025-02-24 20:18:11.655312
case_195,b,2025-02-24 20:23:11.655312
case_195,a,2025-02-24 20:28:11.655312
case_195,a,2025-02-24 20:33:11.655312
case_195,a,2025-02-24 20:38:11.655312
case_195,a,2025-02-24 20:43:11.655312
case_195,a,2025-02-24 20:48:11.655312
case_195,a,2025-02-24 20:53:11.655312
case_195,c,2025-02-24 20:58:11.655312
case_195,a,2025-02-24 21:03:11.655312
case_196,c,2025-02-24 19:28:11.655344
case_196,b,2025-02-24 19:33:11.655344
case_196,c,2025-02-24 19:38:11.655344
case_196,c,2025-02-24 19:43:11.655344
case_196,a,2025-02-24 19:48:11.655344
case_196,a,2025-02-24 19:53:11.655344
case_196,c,2025-02-24 19:58:11.655344
case_196,c,2025-02-24 20:03:11.655344
case_196,a,2025-02-24 20:08:11.655344
case_196,c,2025-02-24 20:13:11.655344
case_196,c,2025-02-24 20:18:11.655344
case_196,c,2025-02-24 20:23:11.655344
case_196,a,2025-02-24 20:28:11.655344
case_196,c,2025-02-24 20:33:11.655344
case_196,c,2025-02-24 20:38:11.655344
case_196,b,2025-02-24 20:43:11.655344
case_196,c,2025-02-24 20:48:11.655344
case_196,a,2025-02-24 20:53:11.655344
case_196,a,2025-02-24 20:58:11.655344
case_196,a,2025-02-24 21:03:11.655344
case_197,c,2025-02-24 19:28:11.655373
case_197,b,2025-02-24 19:33:11.655373
case_197,a,2025-02-24 19:38:11.655373
case_197,a,2025-02-24 19:43:11.655373
case_197,b,2025-02-24 19:48:11.655373
case_197,c,2025-02-24 19:53:11.655373
case_197,c,2025-02-24 19:58:11.655373
case_197,a,2025-02-24 20:03:11.655373
case_197,c,2025-02-24 20:08:11.655373
case_197,c,2025-02-24 20:13:11.655373
case_197,b,2025-02-24 20:18:11.655373
case_197,a,2025-02-24 20:23:11.655373
case_197,c,2025-02-24 20:28:11.655373
case_197,c,2025-02-24 20:33:11.655373
case_197,a,2025-02-24 20:38:11.655373
case_197,b,2025-02-24 20:43:11.655373
case_197,c,2025-02-24 20:48:11.655373
case_197,b,2025-02-24 20:53:11.655373
case_197,c,2025-02-24 20:58:11.655373
case_197,a,2025-02-24 21:03:11.655373
case_198,a,2025-02-24 19:28:11.655403
case_198,a,2025-02-24 19:33:11.655403
case_198,a,2025-02-24 19:38:11.655403
case_198,b,2025-02-24 19:43:11.655403
case_198,c,2025-02-24 19:48:11.655403
case_198,b,2025-02-24 19:53:11.655403
case_198,c,2025-02-24 19:58:11.655403
case_198,c,2025-02-24 20:03:11.655403
case_198,b,2025-02-24 20:08:11.655403
case_198,c,2025-02-24 20:13:11.655403
case_198,a,2025-02-24 20:18:11.655403
case_198,b,2025-02-24 20:23:11.655403
case_198,c,2025-02-24 20:28:11.655403
case_198,a,2025-02-24 20:33:11.655403
case_198,c,2025-02-24 20:38:11.655403
case_198,b,2025-02-24 20:43:11.655403
case_198,a,2025-02-24 20:48:11.655403
case_198,c,2025-02-24 20:53:11.655403
case_198,c,2025-02-24 20:58:11.655403
case_198,c,2025-02-24 21:03:11.655403
case_199,a,2025-02-24 19:28:11.655432
case_199,a,2025-02-24 19:33:11.655432
case_199,c,2025-02-24 19:38:11.655432
case_199,a,2025-02-24 19:43:11.655432
case_199,a,2025-02-24 19:48:11.655432
case_199,b,2025-02-24 19:53:11.655432
case_199,c,2025-02-24 19:58:11.655432
case_199,b,2025-02-24 20:03:11.655432
case_199,a,2025-02-24 20:08:11.655432
case_199,a,2025-02-24 20:13:11.655432
case_199,a,2025-02-24 20:18:11.655432
case_199,a,2025-02-24 20:23:11.655432
case_199,b,2025-02-24 20:28:11.655432
case_199,a,2025-02-24 20:33:11.655432
case_199,b,2025-02-24 20:38:11.655432
case_199,a,2025-02-24 20:43:11.655432
case_199,c,2025-02-24 20:48:11.655432
case_199,b,2025-02-24 20:53:11.655432
case_199,a,2025-02-24 20:58:11.655432
case_199,a,2025-02-24 21:03:11.655432
case_200,c,2025-02-24 19:28:11.655462
case_200,c,2025-02-24 19:33:11.655462
case_200,b,2025-02-24 19:38:11.655462
case_200,c,2025-02-24 19:43:11.655462
case_200,b,2025-02-24 19:48:11.655462
case_200,c,2025-02-24 19:53:11.655462
case_200,a,2025-02-24 19:58:11.655462
case_200,a,2025-02-24 20:03:11.655462
case_200,a,2025-02-24 20:08:11.655462
case_200,a,2025-02-24 20:13:11.655462
case_200,b,2025-02-24 20:18:11.655462
case_200,a,2025-02-24 20:23:11.655462
case_200,c,2025-02-24 20:28:11.655462
case_200,a,2025-02-24 20:33:11.655462
case_200,b,2025-02-24 20:38:11.655462
case_200,a,2025-02-24 20:43:11.655462
case_200,c,2025-02-24 20:48:11.655462
case_200,b,2025-02-24 20:53:11.655462
case_200,c,2025-02-24 20:58:11.655462
case_200,c,2025-02-24 21:03:11.655462
case_201,c,2025-02-24 19:28:11.655491
case_201,a,2025-02-24 19:33:11.655491
case_201,a,2025-02-24 19:38:11.655491
case_201,b,2025-02-24 19:43:11.655491
case_201,a,2025-02-24 19:48:11.655491
case_201,b,2025-02-24 19:53:11.655491
case_201,c,2025-02-24 19:58:11.655491
case_201,b,2025-02-24 20:03:11.655491
case_201,c,2025-02-24 20:08:11.655491
case_201,a,2025-02-24 20:13:11.655491
case_201,a,2025-02-24 20:18:11.655491
case_201,b,2025-02-24 20:23:11.655491
case_201,c,2025-02-24 20:28:11.655491
case_201,c,2025-02-24 20:33:11.655491
case_201,b,2025-02-24 20:38:11.655491
case_201,a,2025-02-24 20:43:11.655491
case_201,b,2025-02-24 20:48:11.655491
case_201,c,2025-02-24 20:53:11.655491
case_201,b,2025-02-24 20:58:11.655491
case_201,a,2025-02-24 21:03:11.655491
case_202,a,2025-02-24 19:28:11.655521
case_202,b,2025-02-24 19:33:11.655521
case_202,a,2025-02-24 19:38:11.655521
case_202,b,2025-02-24 19:43:11.655521
case_202,c,2025-02-24 19:48:11.655521
case_202,b,2025-02-24 19:53:11.655521
case_202,a,2025-02-24 19:58:11.655521
case_202,b,2025-02-24 20:03:11.655521
case_202,a,2025-02-24 20:08:11.655521
case_202,b,2025-02-24 20:13:11.655521
case_202,a,2025-02-24 20:18:11.655521
case_202,a,2025-02-24 20:23:11.655521
case_202,a,2025-02-24 20:28:11.655521
case_202,a,2025-02-24 20:33:11.655521
case_202,a,2025-02-24 20:38:11.655521
case_202,b,2025-02-24 20:43:11.655521
case_202,c,2025-02-24 20:48:11.655521
case_202,b,2025-02-24 20:53:11.655521
case_202,a,2025-02-24 20:58:11.655521
case_202,c,2025-02-24 21:03:11.655521
case_203,c,2025-02-24 19:28:11.655551
case_203,c,2025-02-24 19:33:11.655551
case_203,a,2025-02-24 19:38:11.655551
case_203,c,2025-02-24 19:43:11.655551
case_203,a,2025-02-24 19:48:11.655551
case_203,c,2025-02-24 19:53:11.655551
case_203,c,2025-02-24 19:58:11.655551
case_203,b,2025-02-24 20:03:11.655551
case_203,c,2025-02-24 20:08:11.655551
case_203,c,2025-02-24 20:13:11.655551
case_203,c,2025-02-24 20:18:11.655551
case_203,a,2025-02-24 20:23:11.655551
case_203,a,2025-02-24 20:28:11.655551
case_203,b,2025-02-24 20:33:11.655551
case_203,c,2025-02-24 20:38:11.655551
case_203,b,2025-02-24 20:43:11.655551
case_203,c,2025-02-24 20:48:11.655551
case_203,c,2025-02-24 20:53:11.655551
case_203,b,2025-02-24 20:58:11.655551
case_203,a,2025-02-24 21:03:11.655551
case_204,c,2025-02-24 19:28:11.655580
case_204,b,2025-02-24 19:33:11.655580
case_204,a,2025-02-24 19:38:11.655580
case_204,b,2025-02-24 19:43:11.655580
case_204,a,2025-02-24 19:48:11.655580
case_204,b,2025-02-24 19:53:11.655580
case_204,a,2025-02-24 19:58:11.655580
case_204,c,2025-02-24 20:03:11.655580
case_204,a,2025-02-24 20:08:11.655580
case_204,a,2025-02-24 20:13:11.655580
case_204,c,2025-02-24 20:18:11.655580
case_204,c,2025-02-24 20:23:11.655580
case_204,c,2025-02-24 20:28:11.655580
case_204,b,2025-02-24 20:33:11.655580
case_204,a,2025-02-24 20:38:11.655580
case_204,b,2025-02-24 20:43:11.655580
case_204,a,2025-02-24 20:48:11.655580
case_204,a,2025-02-24 20:53:11.655580
case_204,a,2025-02-24 20:58:11.655580
case_204,c,2025-02-24 21:03:11.655580
case_205,c,2025-02-24 19:28:11.655610
case_205,b,2025-02-24 19:33:11.655610
case_205,c,2025-02-24 19:38:11.655610
case_205,c,2025-02-24 19:43:11.655610
case_205,c,2025-02-24 19:48:11.655610
case_205,c,2025-02-24 19:53:11.655610
case_205,c,2025-02-24 19:58:11.655610
case_205,c,2025-02-24 20:03:11.655610
case_205,c,2025-02-24 20:08:11.655610
case_205,b,2025-02-24 20:13:11.655610
case_205,c,2025-02-24 20:18:11.655610
case_205,b,2025-02-24 20:23:11.655610
case_205,a,2025-02-24 20:28:11.655610
case_205,a,2025-02-24 20:33:11.655610
case_205,a,2025-02-24 20:38:11.655610
case_205,b,2025-02-24 20:43:11.655610
case_205,c,2025-02-24 20:48:11.655610
case_205,a,2025-02-24 20:53:11.655610
case_205,a,2025-02-24 20:58:11.655610
case_205,a,2025-02-24 21:03:11.655610
case_206,c,2025-02-24 19:28:11.655639
case_206,b,2025-02-24 19:33:11.655639
case_206,a,2025-02-24 19:38:11.655639
case_206,b,2025-02-24 19:43:11.655639
case_206,a,2025-02-24 19:48:11.655639
case_206,a,2025-02-24 19:53:11.655639
case_206,c,2025-02-24 19:58:11.655639
case_206,a,2025-02-24 20:03:11.655639
case_206,b,2025-02-24 20:08:11.655639
case_206,c,2025-02-24 20:13:11.655639
case_206,b,2025-02-24 20:18:11.655639
case_206,c,2025-02-24 20:23:11.655639
case_206,b,2025-02-24 20:28:11.655639
case_206,a,2025-02-24 20:33:11.655639
case_206,b,2025-02-24 20:38:11.655639
case_206,c,2025-02-24 20:43:11.655639
case_206,b,2025-02-24 20:48:11.655639
case_206,a,2025-02-24 20:53:11.655639
case_206,a,2025-02-24 20:58:11.655639
case_206,a,2025-02-24 21:03:11.655639
case_207,c,2025-02-24 19:28:11.655670
case_207,b,2025-02-24 19:33:11.655670
case_207,c,2025-02-24 19:38:11.655670
case_207,c,2025-02-24 19:43:11.655670
case_207,b,2025-02-24 19:48:11.655670
case_207,c,2025-02-24 19:53:11.655670
case_207,a,2025-02-24 19:58:11.655670
case_207,b,2025-02-24 20:03:11.655670
case_207,c,2025-02-24 20:08:11.655670
case_207,b,2025-02-24 20:13:11.655670
case_207,c,2025-02-24 20:18:11.655670
case_207,b,2025-02-24 20:23:11.655670
case_207,c,2025-02-24 20:28:11.655670
case_207,c,2025-02-24 20:33:11.655670
case_207,c,2025-02-24 20:38:11.655670
case_207,c,2025-02-24 20:43:11.655670
case_207,b,2025-02-24 20:48:11.655670
case_207,c,2025-02-24 20:53:11.655670
case_207,b,2025-02-24 20:58:11.655670
case_207,a,2025-02-24 21:03:11.655670
case_208,a,2025-02-24 19:28:11.655700
case_208,c,2025-02-24 19:33:11.655700
case_208,c,2025-02-24 19:38:11.655700
case_208,a,2025-02-24 19:43:11.655700
case_208,b,2025-02-24 19:48:11.655700
case_208,a,2025-02-24 19:53:11.655700
case_208,a,2025-02-24 19:58:11.655700
case_208,c,2025-02-24 20:03:11.655700
case_208,b,2025-02-24 20:08:11.655700
case_208,c,2025-02-24 20:13:11.655700
case_208,c,2025-02-24 20:18:11.655700
case_208,b,2025-02-24 20:23:11.655700
case_208,c,2025-02-24 20:28:11.655700
case_208,b,2025-02-24 20:33:11.655700
case_208,a,2025-02-24 20:38:11.655700
case_208,b,2025-02-24 20:43:11.655700
case_208,c,2025-02-24 20:48:11.655700
case_208,a,2025-02-24 20:53:11.655700
case_208,b,2025-02-24 20:58:11.655700
case_208,c,2025-02-24 21:03:11.655700
case_209,a,2025-02-24 19:28:11.655729
case_209,b,2025-02-24 19:33:11.655729
case_209,a,2025-02-24 19:38:11.655729
case_209,c,2025-02-24 19:43:11.655729
case_209,a,2025-02-24 19:48:11.655729
case_209,b,2025-02-24 19:53:11.655729
case_209,c,2025-02-24 19:58:11.655729
case_209,b,2025-02-24 20:03:11.655729
case_209,a,2025-02-24 20:08:11.655729
case_209,a,2025-02-24 20:13:11.655729
case_209,a,2025-02-24 20:18:11.655729
case_209,b,2025-02-24 20:23:11.655729
case_209,c,2025-02-24 20:28:11.655729
case_209,a,2025-02-24 20:33:11.655729
case_209,b,2025-02-24 20:38:11.655729
case_209,c,2025-02-24 20:43:11.655729
case_209,c,2025-02-24 20:48:11.655729
case_209,c,2025-02-24 20:53:11.655729
case_209,a,2025-02-24 20:58:11.655729
case_209,a,2025-02-24 21:03:11.655729
case_210,c,2025-02-24 19:28:11.655759
case_210,b,2025-02-24 19:33:11.655759
case_210,c,2025-02-24 19:38:11.655759
case_210,a,2025-02-24 19:43:11.655759
case_210,a,2025-02-24 19:48:11.655759
case_210,b,2025-02-24 19:53:11.655759
case_210,c,2025-02-24 19:58:11.655759
case_210,c,2025-02-24 20:03:11.655759
case_210,c,2025-02-24 20:08:11.655759
case_210,a,2025-02-24 20:13:11.655759
case_210,a,2025-02-24 20:18:11.655759
case_210,b,2025-02-24 20:23:11.655759
case_210,a,2025-02-24 20:28:11.655759
case_210,b,2025-02-24 20:33:11.655759
case_210,c,2025-02-24 20:38:11.655759
case_210,a,2025-02-24 20:43:11.655759
case_210,b,2025-02-24 20:48:11.655759
case_210,c,2025-02-24 20:53:11.655759
case_210,c,2025-02-24 20:58:11.655759
case_210,c,2025-02-24 21:03:11.655759
case_211,a,2025-02-24 19:28:11.655788
case_211,c,2025-02-24 19:33:11.655788
case_211,c,2025-02-24 19:38:11.655788
case_211,b,2025-02-24 19:43:11.655788
case_211,c,2025-02-24 19:48:11.655788
case_211,a,2025-02-24 19:53:11.655788
case_211,c,2025-02-24 19:58:11.655788
case_211,a,2025-02-24 20:03:11.655788
case_211,b,2025-02-24 20:08:11.655788
case_211,c,2025-02-24 20:13:11.655788
case_211,b,2025-02-24 20:18:11.655788
case_211,c,2025-02-24 20:23:11.655788
case_211,a,2025-02-24 20:28:11.655788
case_211,c,2025-02-24 20:33:11.655788
case_211,b,2025-02-24 20:38:11.655788
case_211,c,2025-02-24 20:43:11.655788
case_211,c,2025-02-24 20:48:11.655788
case_211,b,2025-02-24 20:53:11.655788
case_211,a,2025-02-24 20:58:11.655788
case_211,c,2025-02-24 21:03:11.655788
case_212,a,2025-02-24 19:28:11.655817
case_212,c,2025-02-24 19:33:11.655817
case_212,b,2025-02-24 19:38:11.655817
case_212,c,2025-02-24 19:43:11.655817
case_212,a,2025-02-24 19:48:11.655817
case_212,b,2025-02-24 19:53:11.655817
case_212,a,2025-02-24 19:58:11.655817
case_212,b,2025-02-24 20:03:11.655817
case_212,c,2025-02-24 20:08:11.655817
case_212,c,2025-02-24 20:13:11.655817
case_212,b,2025-02-24 20:18:11.655817
case_212,a,2025-02-24 20:23:11.655817
case_212,c,2025-02-24 20:28:11.655817
case_212,a,2025-02-24 20:33:11.655817
case_212,c,2025-02-24 20:38:11.655817
case_212,a,2025-02-24 20:43:11.655817
case_212,a,2025-02-24 20:48:11.655817
case_212,c,2025-02-24 20:53:11.655817
case_212,a,2025-02-24 20:58:11.655817
case_212,c,2025-02-24 21:03:11.655817
case_213,a,2025-02-24 19:28:11.655847
case_213,a,2025-02-24 19:33:11.655847
case_213,a,2025-02-24 19:38:11.655847
case_213,b,2025-02-24 19:43:11.655847
case_213,a,2025-02-24 19:48:11.655847
case_213,a,2025-02-24 19:53:11.655847
case_213,c,2025-02-24 19:58:11.655847
case_213,a,2025-02-24 20:03:11.655847
case_213,c,2025-02-24 20:08:11.655847
case_213,c,2025-02-24 20:13:11.655847
case_213,a,2025-02-24 20:18:11.655847
case_213,b,2025-02-24 20:23:11.655847
case_213,a,2025-02-24 20:28:11.655847
case_213,a,2025-02-24 20:33:11.655847
case_213,b,2025-02-24 20:38:11.655847
case_213,c,2025-02-24 20:43:11.655847
case_213,a,2025-02-24 20:48:11.655847
case_213,b,2025-02-24 20:53:11.655847
case_213,c,2025-02-24 20:58:11.655847
case_213,a,2025-02-24 21:03:11.655847
case_214,a,2025-02-24 19:28:11.655876
case_214,c,2025-02-24 19:33:11.655876
case_214,a,2025-02-24 19:38:11.655876
case_214,c,2025-02-24 19:43:11.655876
case_214,a,2025-02-24 19:48:11.655876
case_214,c,2025-02-24 19:53:11.655876
case_214,b,2025-02-24 19:58:11.655876
case_214,a,2025-02-24 20:03:11.655876
case_214,b,2025-02-24 20:08:11.655876
case_214,c,2025-02-24 20:13:11.655876
case_214,a,2025-02-24 20:18:11.655876
case_214,a,2025-02-24 20:23:11.655876
case_214,c,2025-02-24 20:28:11.655876
case_214,b,2025-02-24 20:33:11.655876
case_214,a,2025-02-24 20:38:11.655876
case_214,b,2025-02-24 20:43:11.655876
case_214,c,2025-02-24 20:48:11.655876
case_214,b,2025-02-24 20:53:11.655876
case_214,c,2025-02-24 20:58:11.655876
case_214,a,2025-02-24 21:03:11.655876
case_215,a,2025-02-24 19:28:11.655906
case_215,c,2025-02-24 19:33:11.655906
case_215,a,2025-02-24 19:38:11.655906
case_215,a,2025-02-24 19:43:11.655906
case_215,b,2025-02-24 19:48:11.655906
case_215,c,2025-02-24 19:53:11.655906
case_215,b,2025-02-24 19:58:11.655906
case_215,a,2025-02-24 20:03:11.655906
case_215,b,2025-02-24 20:08:11.655906
case_215,c,2025-02-24 20:13:11.655906
case_215,b,2025-02-24 20:18:11.655906
case_215,c,2025-02-24 20:23:11.655906
case_215,a,2025-02-24 20:28:11.655906
case_215,a,2025-02-24 20:33:11.655906
case_215,c,2025-02-24 20:38:11.655906
case_215,c,2025-02-24 20:43:11.655906
case_215,a,2025-02-24 20:48:11.655906
case_215,b,2025-02-24 20:53:11.655906
case_215,a,2025-02-24 20:58:11.655906
case_215,c,2025-02-24 21:03:11.655906
case_216,a,2025-02-24 19:28:11.655936
case_216,a,2025-02-24 19:33:11.655936
case_216,c,2025-02-24 19:38:11.655936
case_216,a,2025-02-24 19:43:11.655936
case_216,b,2025-02-24 19:48:11.655936
case_216,c,2025-02-24 19:53:11.655936
case_216,b,2025-02-24 19:58:11.655936
case_216,c,2025-02-24 20:03:11.655936
case_216,b,2025-02-24 20:08:11.655936
case_216,a,2025-02-24 20:13:11.655936
case_216,c,2025-02-24 20:18:11.655936
case_216,a,2025-02-24 20:23:11.655936
case_216,a,2025-02-24 20:28:11.655936
case_216,c,2025-02-24 20:33:11.655936
case_216,a,2025-02-24 20:38:11.655936
case_216,c,2025-02-24 20:43:11.655936
case_216,a,2025-02-24 20:48:11.655936
case_216,c,2025-02-24 20:53:11.655936
case_216,c,2025-02-24 20:58:11.655936
case_216,c,2025-02-24 21:03:11.655936
case_217,a,2025-02-24 19:28:11.655965
case_217,c,2025-02-24 19:33:11.655965
case_217,b,2025-02-24 19:38:11.655965
case_217,c,2025-02-24 19:43:11.655965
case_217,c,2025-02-24 19:48:11.655965
case_217,c,2025-02-24 19:53:11.655965
case_217,b,2025-02-24 19:58:11.655965
case_217,a,2025-02-24 20:03:11.655965
case_217,a,2025-02-24 20:08:11.655965
case_217,c,2025-02-24 20:13:11.655965
case_217,a,2025-02-24 20:18:11.655965
case_217,b,2025-02-24 20:23:11.655965
case_217,c,2025-02-24 20:28:11.655965
case_217,a,2025-02-24 20:33:11.655965
case_217,c,2025-02-24 20:38:11.655965
case_217,b,2025-02-24 20:43:11.655965
case_217,c,2025-02-24 20:48:11.655965
case_217,b,2025-02-24 20:53:11.655965
case_217,a,2025-02-24 20:58:11.655965
case_217,a,2025-02-24 21:03:11.655965
case_218,a,2025-02-24 19:28:11.655994
case_218,b,2025-02-24 19:33:11.655994
case_218,c,2025-02-24 19:38:11.655994
case_218,c,2025-02-24 19:43:11.655994
case_218,b,2025-02-24 19:48:11.655994
case_218,a,2025-02-24 19:53:11.655994
case_218,c,2025-02-24 19:58:11.655994
case_218,a,2025-02-24 20:03:11.655994
case_218,b,2025-02-24 20:08:11.655994
case_218,c,2025-02-24 20:13:11.655994
case_218,c,2025-02-24 20:18:11.655994
case_218,a,2025-02-24 20:23:11.655994
case_218,a,2025-02-24 20:28:11.655994
case_218,b,2025-02-24 20:33:11.655994
case_218,c,2025-02-24 20:38:11.655994
case_218,a,2025-02-24 20:43:11.655994
case_218,a,2025-02-24 20:48:11.655994
case_218,c,2025-02-24 20:53:11.655994
case_218,c,2025-02-24 20:58:11.655994
case_218,a,2025-02-24 21:03:11.655994
case_219,c,2025-02-24 19:28:11.656023
case_219,c,2025-02-24 19:33:11.656023
case_219,c,2025-02-24 19:38:11.656023
case_219,a,2025-02-24 19:43:11.656023
case_219,c,2025-02-24 19:48:11.656023
case_219,a,2025-02-24 19:53:11.656023
case_219,a,2025-02-24 19:58:11.656023
case_219,c,2025-02-24 20:03:11.656023
case_219,c,2025-02-24 20:08:11.656023
case_219,b,2025-02-24 20:13:11.656023
case_219,a,2025-02-24 20:18:11.656023
case_219,c,2025-02-24 20:23:11.656023
case_219,c,2025-02-24 20:28:11.656023
case_219,a,2025-02-24 20:33:11.656023
case_219,b,2025-02-24 20:38:11.656023
case_219,a,2025-02-24 20:43:11.656023
case_219,b,2025-02-24 20:48:11.656023
case_219,c,2025-02-24 20:53:11.656023
case_219,a,2025-02-24 20:58:11.656023
case_219,c,2025-02-24 21:03:11.656023
case_220,c,2025-02-24 19:28:11.656053
case_220,b,2025-02-24 19:33:11.656053
case_220,a,2025-02-24 19:38:11.656053
case_220,a,2025-02-24 19:43:11.656053
case_220,c,2025-02-24 19:48:11.656053
case_220,a,2025-02-24 19:53:11.656053
case_220,a,2025-02-24 19:58:11.656053
case_220,c,2025-02-24 20:03:11.656053
case_220,a,2025-02-24 20:08:11.656053
case_220,c,2025-02-24 20:13:11.656053
case_220,a,2025-02-24 20:18:11.656053
case_220,b,2025-02-24 20:23:11.656053
case_220,a,2025-02-24 20:28:11.656053
case_220,c,2025-02-24 20:33:11.656053
case_220,b,2025-02-24 20:38:11.656053
case_220,a,2025-02-24 20:43:11.656053
case_220,a,2025-02-24 20:48:11.656053
case_220,a,2025-02-24 20:53:11.656053
case_220,b,2025-02-24 20:58:11.656053
case_220,c,2025-02-24 21:03:11.656053
case_221,c,2025-02-24 19:28:11.656083
case_221,a,2025-02-24 19:33:11.656083
case_221,b,2025-02-24 19:38:11.656083
case_221,c,2025-02-24 19:43:11.656083
case_221,b,2025-02-24 19:48:11.656083
case_221,c,2025-02-24 19:53:11.656083
case_221,c,2025-02-24 19:58:11.656083
case_221,b,2025-02-24 20:03:11.656083
case_221,c,2025-02-24 20:08:11.656083
case_221,a,2025-02-24 20:13:11.656083
case_221,a,2025-02-24 20:18:11.656083
case_221,c,2025-02-24 20:23:11.656083
case_221,b,2025-02-24 20:28:11.656083
case_221,c,2025-02-24 20:33:11.656083
case_221,c,2025-02-24 20:38:11.656083
case_221,b,2025-02-24 20:43:11.656083
case_221,c,2025-02-24 20:48:11.656083
case_221,b,2025-02-24 20:53:11.656083
case_221,c,2025-02-24 20:58:11.656083
case_221,a,2025-02-24 21:03:11.656083
case_222,c,2025-02-24 19:28:11.656112
case_222,a,2025-02-24 19:33:11.656112
case_222,b,2025-02-24 19:38:11.656112
case_222,a,2025-02-24 19:43:11.656112
case_222,c,2025-02-24 19:48:11.656112
case_222,a,2025-02-24 19:53:11.656112
case_222,b,2025-02-24 19:58:11.656112
case_222,a,2025-02-24 20:03:11.656112
case_222,b,2025-02-24 20:08:11.656112
case_222,a,2025-02-24 20:13:11.656112
case_222,a,2025-02-24 20:18:11.656112
case_222,b,2025-02-24 20:23:11.656112
case_222,a,2025-02-24 20:28:11.656112
case_222,a,2025-02-24 20:33:11.656112
case_222,a,2025-02-24 20:38:11.656112
case_222,a,2025-02-24 20:43:11.656112
case_222,a,2025-02-24 20:48:11.656112
case_222,c,2025-02-24 20:53:11.656112
case_222,b,2025-02-24 20:58:11.656112
case_222,c,2025-02-24 21:03:11.656112
case_223,a,2025-02-24 19:28:11.656142
case_223,b,2025-02-24 19:33:11.656142
case_223,a,2025-02-24 19:38:11.656142
case_223,a,2025-02-24 19:43:11.656142
case_223,b,2025-02-24 19:48:11.656142
case_223,c,2025-02-24 19:53:11.656142
case_223,c,2025-02-24 19:58:11.656142
case_223,c,2025-02-24 20:03:11.656142
case_223,b,2025-02-24 20:08:11.656142
case_223,a,2025-02-24 20:13:11.656142
case_223,b,2025-02-24 20:18:11.656142
case_223,c,2025-02-24 20:23:11.656142
case_223,a,2025-02-24 20:28:11.656142
case_223,a,2025-02-24 20:33:11.656142
case_223,a,2025-02-24 20:38:11.656142
case_223,a,2025-02-24 20:43:11.656142
case_223,c,2025-02-24 20:48:11.656142
case_223,a,2025-02-24 20:53:11.656142
case_223,a,2025-02-24 20:58:11.656142
case_223,a,2025-02-24 21:03:11.656142
case_224,c,2025-02-24 19:28:11.656171
case_224,c,2025-02-24 19:33:11.656171
case_224,b,2025-02-24 19:38:11.656171
case_224,a,2025-02-24 19:43:11.656171
case_224,b,2025-02-24 19:48:11.656171
case_224,c,2025-02-24 19:53:11.656171
case_224,a,2025-02-24 19:58:11.656171
case_224,b,2025-02-24 20:03:11.656171
case_224,c,2025-02-24 20:08:11.656171
case_224,a,2025-02-24 20:13:11.656171
case_224,c,2025-02-24 20:18:11.656171
case_224,b,2025-02-24 20:23:11.656171
case_224,c,2025-02-24 20:28:11.656171
case_224,c,2025-02-24 20:33:11.656171
case_224,b,2025-02-24 20:38:11.656171
case_224,a,2025-02-24 20:43:11.656171
case_224,c,2025-02-24 20:48:11.656171
case_224,c,2025-02-24 20:53:11.656171
case_224,a,2025-02-24 20:58:11.656171
case_224,c,2025-02-24 21:03:11.656171
case_225,a,2025-02-24 19:28:11.656200
case_225,a,2025-02-24 19:33:11.656200
case_225,a,2025-02-24 19:38:11.656200
case_225,b,2025-02-24 19:43:11.656200
case_225,c,2025-02-24 19:48:11.656200
case_225,a,2025-02-24 19:53:11.656200
case_225,c,2025-02-24 19:58:11.656200
case_225,b,2025-02-24 20:03:11.656200
case_225,a,2025-02-24 20:08:11.656200
case_225,c,2025-02-24 20:13:11.656200
case_225,c,2025-02-24 20:18:11.656200
case_225,c,2025-02-24 20:23:11.656200
case_225,a,2025-02-24 20:28:11.656200
case_225,a,2025-02-24 20:33:11.656200
case_225,c,2025-02-24 20:38:11.656200
case_225,b,2025-02-24 20:43:11.656200
case_225,c,2025-02-24 20:48:11.656200
case_225,a,2025-02-24 20:53:11.656200
case_225,a,2025-02-24 20:58:11.656200
case_225,c,2025-02-24 21:03:11.656200
case_226,a,2025-02-24 19:28:11.656230
case_226,a,2025-02-24 19:33:11.656230
case_226,c,2025-02-24 19:38:11.656230
case_226,a,2025-02-24 19:43:11.656230
case_226,b,2025-02-24 19:48:11.656230
case_226,c,2025-02-24 19:53:11.656230
case_226,a,2025-02-24 19:58:11.656230
case_226,a,2025-02-24 20:03:11.656230
case_226,c,2025-02-24 20:08:11.656230
case_226,a,2025-02-24 20:13:11.656230
case_226,b,2025-02-24 20:18:11.656230
case_226,c,2025-02-24 20:23:11.656230
case_226,b,2025-02-24 20:28:11.656230
case_226,c,2025-02-24 20:33:11.656230
case_226,b,2025-02-24 20:38:11.656230
case_226,a,2025-02-24 20:43:11.656230
case_226,b,2025-02-24 20:48:11.656230
case_226,a,2025-02-24 20:53:11.656230
case_226,c,2025-02-24 20:58:11.656230
case_226,a,2025-02-24 21:03:11.656230
case_227,a,2025-02-24 19:28:11.656259
case_227,c,2025-02-24 19:33:11.656259
case_227,c,2025-02-24 19:38:11.656259
case_227,a,2025-02-24 19:43:11.656259
case_227,c,2025-02-24 19:48:11.656259
case_227,b,2025-02-24 19:53:11.656259
case_227,c,2025-02-24 19:58:11.656259
case_227,c,2025-02-24 20:03:11.656259
case_227,b,2025-02-24 20:08:11.656259
case_227,c,2025-02-24 20:13:11.656259
case_227,a,2025-02-24 20:18:11.656259
case_227,c,2025-02-24 20:23:11.656259
case_227,c,2025-02-24 20:28:11.656259
case_227,c,2025-02-24 20:33:11.656259
case_227,a,2025-02-24 20:38:11.656259
case_227,c,2025-02-24 20:43:11.656259
case_227,c,2025-02-24 20:48:11.656259
case_227,b,2025-02-24 20:53:11.656259
case_227,a,2025-02-24 20:58:11.656259
case_227,c,2025-02-24 21:03:11.656259
case_228,a,2025-02-24 19:28:11.656288
case_228,b,2025-02-24 19:33:11.656288
case_228,c,2025-02-24 19:38:11.656288
case_228,a,2025-02-24 19:43:11.656288
case_228,a,2025-02-24 19:48:11.656288
case_228,b,2025-02-24 19:53:11.656288
case_228,a,2025-02-24 19:58:11.656288
case_228,a,2025-02-24 20:03:11.656288
case_228,b,2025-02-24 20:08:11.656288
case_228,a,2025-02-24 20:13:11.656288
case_228,b,2025-02-24 20:18:11.656288
case_228,a,2025-02-24 20:23:11.656288
case_228,c,2025-02-24 20:28:11.656288
case_228,b,2025-02-24 20:33:11.656288
case_228,a,2025-02-24 20:38:11.656288
case_228,a,2025-02-24 20:43:11.656288
case_228,a,2025-02-24 20:48:11.656288
case_228,c,2025-02-24 20:53:11.656288
case_228,c,2025-02-24 20:58:11.656288
case_228,a,2025-02-24 21:03:11.656288
case_229,c,2025-02-24 19:28:11.656318
case_229,b,2025-02-24 19:33:11.656318
case_229,a,2025-02-24 19:38:11.656318
case_229,a,2025-02-24 19:43:11.656318
case_229,c,2025-02-24 19:48:11.656318
case_229,c,2025-02-24 19:53:11.656318
case_229,a,2025-02-24 19:58:11.656318
case_229,b,2025-02-24 20:03:11.656318
case_229,c,2025-02-24 20:08:11.656318
case_229,b,2025-02-24 20:13:11.656318
case_229,c,2025-02-24 20:18:11.656318
case_229,c,2025-02-24 20:23:11.656318
case_229,b,2025-02-24 20:28:11.656318
case_229,a,2025-02-24 20:33:11.656318
case_229,b,2025-02-24 20:38:11.656318
case_229,c,2025-02-24 20:43:11.656318
case_229,c,2025-02-24 20:48:11.656318
case_229,a,2025-02-24 20:53:11.656318
case_229,b,2025-02-24 20:58:11.656318
case_229,a,2025-02-24 21:03:11.656318
case_230,a,2025-02-24 19:28:11.656349
case_230,c,2025-02-24 19:33:11.656349
case_230,c,2025-02-24 19:38:11.656349
case_230,c,2025-02-24 19:43:11.656349
case_230,a,2025-02-24 19:48:11.656349
case_230,a,2025-02-24 19:53:11.656349
case_230,c,2025-02-24 19:58:11.656349
case_230,c,2025-02-24 20:03:11.656349
case_230,c,2025-02-24 20:08:11.656349
case_230,b,2025-02-24 20:13:11.656349
case_230,c,2025-02-24 20:18:11.656349
case_230,b,2025-02-24 20:23:11.656349
case_230,a,2025-02-24 20:28:11.656349
case_230,b,2025-02-24 20:33:11.656349
case_230,c,2025-02-24 20:38:11.656349
case_230,b,2025-02-24 20:43:11.656349
case_230,a,2025-02-24 20:48:11.656349
case_230,c,2025-02-24 20:53:11.656349
case_230,a,2025-02-24 20:58:11.656349
case_230,a,2025-02-24 21:03:11.656349
case_231,a,2025-02-24 19:28:11.656379
case_231,a,2025-02-24 19:33:11.656379
case_231,c,2025-02-24 19:38:11.656379
case_231,c,2025-02-24 19:43:11.656379
case_231,b,2025-02-24 19:48:11.656379
case_231,c,2025-02-24 19:53:11.656379
case_231,b,2025-02-24 19:58:11.656379
case_231,a,2025-02-24 20:03:11.656379
case_231,b,2025-02-24 20:08:11.656379
case_231,a,2025-02-24 20:13:11.656379
case_231,c,2025-02-24 20:18:11.656379
case_231,a,2025-02-24 20:23:11.656379
case_231,a,2025-02-24 20:28:11.656379
case_231,a,2025-02-24 20:33:11.656379
case_231,a,2025-02-24 20:38:11.656379
case_231,c,2025-02-24 20:43:11.656379
case_231,a,2025-02-24 20:48:11.656379
case_231,a,2025-02-24 20:53:11.656379
case_231,c,2025-02-24 20:58:11.656379
case_231,c,2025-02-24 21:03:11.656379
case_232,a,2025-02-24 19:28:11.656409
case_232,c,2025-02-24 19:33:11.656409
case_232,c,2025-02-24 19:38:11.656409
case_232,b,2025-02-24 19:43:11.656409
case_232,a,2025-02-24 19:48:11.656409
case_232,a,2025-02-24 19:53:11.656409
case_232,c,2025-02-24 19:58:11.656409
case_232,a,2025-02-24 20:03:11.656409
case_232,b,2025-02-24 20:08:11.656409
case_232,a,2025-02-24 20:13:11.656409
case_232,b,2025-02-24 20:18:11.656409
case_232,a,2025-02-24 20:23:11.656409
case_232,a,2025-02-24 20:28:11.656409
case_232,c,2025-02-24 20:33:11.656409
case_232,b,2025-02-24 20:38:11.656409
case_232,a,2025-02-24 20:43:11.656409
case_232,b,2025-02-24 20:48:11.656409
case_232,a,2025-02-24 20:53:11.656409
case_232,c,2025-02-24 20:58:11.656409
case_232,a,2025-02-24 21:03:11.656409
case_233,a,2025-02-24 19:28:11.656440
case_233,b,2025-02-24 19:33:11.656440
case_233,c,2025-02-24 19:38:11.656440
case_233,a,2025-02-24 19:43:11.656440
case_233,b,2025-02-24 19:48:11.656440
case_233,a,2025-02-24 19:53:11.656440
case_233,b,2025-02-24 19:58:11.656440
case_233,a,2025-02-24 20:03:11.656440
case_233,c,2025-02-24 20:08:11.656440
case_233,c,2025-02-24 20:13:11.656440
case_233,a,2025-02-24 20:18:11.656440
case_233,b,2025-02-24 20:23:11.656440
case_233,c,2025-02-24 20:28:11.656440
case_233,a,2025-02-24 20:33:11.656440
case_233,c,2025-02-24 20:38:11.656440
case_233,a,2025-02-24 20:43:11.656440
case_233,b,2025-02-24 20:48:11.656440
case_233,c,2025-02-24 20:53:11.656440
case_233,b,2025-02-24 20:58:11.656440
case_233,a,2025-02-24 21:03:11.656440
case_234,a,2025-02-24 19:28:11.656470
case_234,c,2025-02-24 19:33:11.656470
case_234,a,2025-02-24 19:38:11.656470
case_234,b,2025-02-24 19:43:11.656470
case_234,c,2025-02-24 19:48:11.656470
case_234,b,2025-02-24 19:53:11.656470
case_234,c,2025-02-24 19:58:11.656470
case_234,a,2025-02-24 20:03:11.656470
case_234,a,2025-02-24 20:08:11.656470
case_234,a,2025-02-24 20:13:11.656470
case_234,b,2025-02-24 20:18:11.656470
case_234,a,2025-02-24 20:23:11.656470
case_234,c,2025-02-24 20:28:11.656470
case_234,b,2025-02-24 20:33:11.656470
case_234,c,2025-02-24 20:38:11.656470
case_234,b,2025-02-24 20:43:11.656470
case_234,a,2025-02-24 20:48:11.656470
case_234,c,2025-02-24 20:53:11.656470
case_234,c,2025-02-24 20:58:11.656470
case_234,c,2025-02-24 21:03:11.656470
case_235,a,2025-02-24 19:28:11.656500
case_235,b,2025-02-24 19:33:11.656500
case_235,c,2025-02-24 19:38:11.656500
case_235,a,2025-02-24 19:43:11.656500
case_235,c,2025-02-24 19:48:11.656500
case_235,c,2025-02-24 19:53:11.656500
case_235,a,2025-02-24 19:58:11.656500
case_235,a,2025-02-24 20:03:11.656500
case_235,a,2025-02-24 20:08:11.656500
case_235,a,2025-02-24 20:13:11.656500
case_235,b,2025-02-24 20:18:11.656500
case_235,a,2025-02-24 20:23:11.656500
case_235,c,2025-02-24 20:28:11.656500
case_235,c,2025-02-24 20:33:11.656500
case_235,c,2025-02-24 20:38:11.656500
case_235,c,2025-02-24 20:43:11.656500
case_235,c,2025-02-24 20:48:11.656500
case_235,c,2025-02-24 20:53:11.656500
case_235,c,2025-02-24 20:58:11.656500
case_235,c,2025-02-24 21:03:11.656500
case_236,a,2025-02-24 19:28:11.656529
case_236,b,2025-02-24 19:33:11.656529
case_236,c,2025-02-24 19:38:11.656529
case_236,a,2025-02-24 19:43:11.656529
case_236,c,2025-02-24 19:48:11.656529
case_236,b,2025-02-24 19:53:11.656529
case_236,c,2025-02-24 19:58:11.656529
case_236,b,2025-02-24 20:03:11.656529
case_236,a,2025-02-24 20:08:11.656529
case_236,b,2025-02-24 20:13:11.656529
case_236,c,2025-02-24 20:18:11.656529
case_236,a,2025-02-24 20:23:11.656529
case_236,a,2025-02-24 20:28:11.656529
case_236,c,2025-02-24 20:33:11.656529
case_236,b,2025-02-24 20:38:11.656529
case_236,a,2025-02-24 20:43:11.656529
case_236,a,2025-02-24 20:48:11.656529
case_236,c,2025-02-24 20:53:11.656529
case_236,a,2025-02-24 20:58:11.656529
case_236,c,2025-02-24 21:03:11.656529
case_237,a,2025-02-24 19:28:11.656559
case_237,a,2025-02-24 19:33:11.656559
case_237,b,2025-02-24 19:38:11.656559
case_237,a,2025-02-24 19:43:11.656559
case_237,b,2025-02-24 19:48:11.656559
case_237,c,2025-02-24 19:53:11.656559
case_237,b,2025-02-24 19:58:11.656559
case_237,a,2025-02-24 20:03:11.656559
case_237,b,2025-02-24 20:08:11.656559
case_237,c,2025-02-24 20:13:11.656559
case_237,a,2025-02-24 20:18:11.656559
case_237,a,2025-02-24 20:23:11.656559
case_237,b,2025-02-24 20:28:11.656559
case_237,c,2025-02-24 20:33:11.656559
case_237,c,2025-02-24 20:38:11.656559
case_237,b,2025-02-24 20:43:11.656559
case_237,c,2025-02-24 20:48:11.656559
case_237,c,2025-02-24 20:53:11.656559
case_237,b,2025-02-24 20:58:11.656559
case_237,a,2025-02-24 21:03:11.656559
case_238,a,2025-02-24 19:28:11.656589
case_238,c,2025-02-24 19:33:11.656589
case_238,b,2025-02-24 19:38:11.656589
case_238,a,2025-02-24 19:43:11.656589
case_238,a,2025-02-24 19:48:11.656589
case_238,c,2025-02-24 19:53:11.656589
case_238,c,2025-02-24 19:58:11.656589
case_238,a,2025-02-24 20:03:11.656589
case_238,b,2025-02-24 20:08:11.656589
case_238,a,2025-02-24 20:13:11.656589
case_238,c,2025-02-24 20:18:11.656589
case_238,b,2025-02-24 20:23:11.656589
case_238,a,2025-02-24 20:28:11.656589
case_238,a,2025-02-24 20:33:11.656589
case_238,b,2025-02-24 20:38:11.656589
case_238,c,2025-02-24 20:43:11.656589
case_238,b,2025-02-24 20:48:11.656589
case_238,a,2025-02-24 20:53:11.656589
case_238,a,2025-02-24 20:58:11.656589
case_238,a,2025-02-24 21:03:11.656589
case_239,c,2025-02-24 19:28:11.656618
case_239,c,2025-02-24 19:33:11.656618
case_239,c,2025-02-24 19:38:11.656618
case_239,a,2025-02-24 19:43:11.656618
case_239,a,2025-02-24 19:48:11.656618
case_239,a,2025-02-24 19:53:11.656618
case_239,b,2025-02-24 19:58:11.656618
case_239,c,2025-02-24 20:03:11.656618
case_239,c,2025-02-24 20:08:11.656618
case_239,a,2025-02-24 20:13:11.656618
case_239,a,2025-02-24 20:18:11.656618
case_239,b,2025-02-24 20:23:11.656618
case_239,a,2025-02-24 20:28:11.656618
case_239,a,2025-02-24 20:33:11.656618
case_239,b,2025-02-24 20:38:11.656618
case_239,a,2025-02-24 20:43:11.656618
case_239,a,2025-02-24 20:48:11.656618
case_239,c,2025-02-24 20:53:11.656618
case_239,c,2025-02-24 20:58:11.656618
case_239,c,2025-02-24 21:03:11.656618
case_240,c,2025-02-24 19:28:11.656648
case_240,c,2025-02-24 19:33:11.656648
case_240,b,2025-02-24 19:38:11.656648
case_240,a,2025-02-24 19:43:11.656648
case_240,c,2025-02-24 19:48:11.656648
case_240,a,2025-02-24 19:53:11.656648
case_240,c,2025-02-24 19:58:11.656648
case_240,a,2025-02-24 20:03:11.656648
case_240,a,2025-02-24 20:08:11.656648
case_240,b,2025-02-24 20:13:11.656648
case_240,c,2025-02-24 20:18:11.656648
case_240,b,2025-02-24 20:23:11.656648
case_240,a,2025-02-24 20:28:11.656648
case_240,b,2025-02-24 20:33:11.656648
case_240,a,2025-02-24 20:38:11.656648
case_240,b,2025-02-24 20:43:11.656648
case_240,c,2025-02-24 20:48:11.656648
case_240,b,2025-02-24 20:53:11.656648
case_240,a,2025-02-24 20:58:11.656648
case_240,a,2025-02-24 21:03:11.656648
case_241,a,2025-02-24 19:28:11.656678
case_241,b,2025-02-24 19:33:11.656678
case_241,a,2025-02-24 19:38:11.656678
case_241,b,2025-02-24 19:43:11.656678
case_241,a,2025-02-24 19:48:11.656678
case_241,a,2025-02-24 19:53:11.656678
case_241,a,2025-02-24 19:58:11.656678
case_241,c,2025-02-24 20:03:11.656678
case_241,c,2025-02-24 20:08:11.656678
case_241,c,2025-02-24 20:13:11.656678
case_241,a,2025-02-24 20:18:11.656678
case_241,a,2025-02-24 20:23:11.656678
case_241,c,2025-02-24 20:28:11.656678
case_241,c,2025-02-24 20:33:11.656678
case_241,c,2025-02-24 20:38:11.656678
case_241,c,2025-02-24 20:43:11.656678
case_241,c,2025-02-24 20:48:11.656678
case_241,a,2025-02-24 20:53:11.656678
case_241,b,2025-02-24 20:58:11.656678
case_241,c,2025-02-24 21:03:11.656678
case_242,c,2025-02-24 19:28:11.656708
case_242,c,2025-02-24 19:33:11.656708
case_242,a,2025-02-24 19:38:11.656708
case_242,a,2025-02-24 19:43:11.656708
case_242,c,2025-02-24 19:48:11.656708
case_242,a,2025-02-24 19:53:11.656708
case_242,b,2025-02-24 19:58:11.656708
case_242,c,2025-02-24 20:03:11.656708
case_242,a,2025-02-24 20:08:11.656708
case_242,b,2025-02-24 20:13:11.656708
case_242,a,2025-02-24 20:18:11.656708
case_242,a,2025-02-24 20:23:11.656708
case_242,c,2025-02-24 20:28:11.656708
case_242,c,2025-02-24 20:33:11.656708
case_242,c,2025-02-24 20:38:11.656708
case_242,a,2025-02-24 20:43:11.656708
case_242,b,2025-02-24 20:48:11.656708
case_242,a,2025-02-24 20:53:11.656708
case_242,c,2025-02-24 20:58:11.656708
case_242,c,2025-02-24 21:03:11.656708
case_243,a,2025-02-24 19:28:11.656738
case_243,c,2025-02-24 19:33:11.656738
case_243,b,2025-02-24 19:38:11.656738
case_243,a,2025-02-24 19:43:11.656738
case_243,a,2025-02-24 19:48:11.656738
case_243,c,2025-02-24 19:53:11.656738
case_243,c,2025-02-24 19:58:11.656738
case_243,a,2025-02-24 20:03:11.656738
case_243,c,2025-02-24 20:08:11.656738
case_243,a,2025-02-24 20:13:11.656738
case_243,b,2025-02-24 20:18:11.656738
case_243,a,2025-02-24 20:23:11.656738
case_243,a,2025-02-24 20:28:11.656738
case_243,c,2025-02-24 20:33:11.656738
case_243,b,2025-02-24 20:38:11.656738
case_243,c,2025-02-24 20:43:11.656738
case_243,a,2025-02-24 20:48:11.656738
case_243,a,2025-02-24 20:53:11.656738
case_243,c,2025-02-24 20:58:11.656738
case_243,a,2025-02-24 21:03:11.656738
case_244,c,2025-02-24 19:28:11.656767
case_244,a,2025-02-24 19:33:11.656767
case_244,b,2025-02-24 19:38:11.656767
case_244,a,2025-02-24 19:43:11.656767
case_244,c,2025-02-24 19:48:11.656767
case_244,a,2025-02-24 19:53:11.656767
case_244,a,2025-02-24 19:58:11.656767
case_244,b,2025-02-24 20:03:11.656767
case_244,c,2025-02-24 20:08:11.656767
case_244,b,2025-02-24 20:13:11.656767
case_244,c,2025-02-24 20:18:11.656767
case_244,b,2025-02-24 20:23:11.656767
case_244,c,2025-02-24 20:28:11.656767
case_244,b,2025-02-24 20:33:11.656767
case_244,c,2025-02-24 20:38:11.656767
case_244,a,2025-02-24 20:43:11.656767
case_244,b,2025-02-24 20:48:11.656767
case_244,a,2025-02-24 20:53:11.656767
case_244,b,2025-02-24 20:58:11.656767
case_244,c,2025-02-24 21:03:11.656767
case_245,c,2025-02-24 19:28:11.656797
case_245,b,2025-02-24 19:33:11.656797
case_245,c,2025-02-24 19:38:11.656797
case_245,c,2025-02-24 19:43:11.656797
case_245,b,2025-02-24 19:48:11.656797
case_245,a,2025-02-24 19:53:11.656797
case_245,b,2025-02-24 19:58:11.656797
case_245,a,2025-02-24 20:03:11.656797
case_245,c,2025-02-24 20:08:11.656797
case_245,c,2025-02-24 20:13:11.656797
case_245,c,2025-02-24 20:18:11.656797
case_245,b,2025-02-24 20:23:11.656797
case_245,c,2025-02-24 20:28:11.656797
case_245,c,2025-02-24 20:33:11.656797
case_245,b,2025-02-24 20:38:11.656797
case_245,c,2025-02-24 20:43:11.656797
case_245,c,2025-02-24 20:48:11.656797
case_245,b,2025-02-24 20:53:11.656797
case_245,a,2025-02-24 20:58:11.656797
case_245,c,2025-02-24 21:03:11.656797
case_246,c,2025-02-24 19:28:11.656827
case_246,c,2025-02-24 19:33:11.656827
case_246,b,2025-02-24 19:38:11.656827
case_246,a,2025-02-24 19:43:11.656827
case_246,b,2025-02-24 19:48:11.656827
case_246,a,2025-02-24 19:53:11.656827
case_246,a,2025-02-24 19:58:11.656827
case_246,b,2025-02-24 20:03:11.656827
case_246,a,2025-02-24 20:08:11.656827
case_246,c,2025-02-24 20:13:11.656827
case_246,a,2025-02-24 20:18:11.656827
case_246,b,2025-02-24 20:23:11.656827
case_246,a,2025-02-24 20:28:11.656827
case_246,c,2025-02-24 20:33:11.656827
case_246,b,2025-02-24 20:38:11.656827
case_246,a,2025-02-24 20:43:11.656827
case_246,a,2025-02-24 20:48:11.656827
case_246,b,2025-02-24 20:53:11.656827
case_246,a,2025-02-24 20:58:11.656827
case_246,c,2025-02-24 21:03:11.656827
case_247,a,2025-02-24 19:28:11.656857
case_247,a,2025-02-24 19:33:11.656857
case_247,b,2025-02-24 19:38:11.656857
case_247,a,2025-02-24 19:43:11.656857
case_247,a,2025-02-24 19:48:11.656857
case_247,b,2025-02-24 19:53:11.656857
case_247,a,2025-02-24 19:58:11.656857
case_247,c,2025-02-24 20:03:11.656857
case_247,a,2025-02-24 20:08:11.656857
case_247,b,2025-02-24 20:13:11.656857
case_247,c,2025-02-24 20:18:11.656857
case_247,a,2025-02-24 20:23:11.656857
case_247,a,2025-02-24 20:28:11.656857
case_247,c,2025-02-24 20:33:11.656857
case_247,c,2025-02-24 20:38:11.656857
case_247,a,2025-02-24 20:43:11.656857
case_247,c,2025-02-24 20:48:11.656857
case_247,b,2025-02-24 20:53:11.656857
case_247,a,2025-02-24 20:58:11.656857
case_247,a,2025-02-24 21:03:11.656857
case_248,c,2025-02-24 19:28:11.656887
case_248,a,2025-02-24 19:33:11.656887
case_248,b,2025-02-24 19:38:11.656887
case_248,a,2025-02-24 19:43:11.656887
case_248,b,2025-02-24 19:48:11.656887
case_248,c,2025-02-24 19:53:11.656887
case_248,a,2025-02-24 19:58:11.656887
case_248,c,2025-02-24 20:03:11.656887
case_248,c,2025-02-24 20:08:11.656887
case_248,a,2025-02-24 20:13:11.656887
case_248,c,2025-02-24 20:18:11.656887
case_248,c,2025-02-24 20:23:11.656887
case_248,c,2025-02-24 20:28:11.656887
case_248,c,2025-02-24 20:33:11.656887
case_248,a,2025-02-24 20:38:11.656887
case_248,c,2025-02-24 20:43:11.656887
case_248,b,2025-02-24 20:48:11.656887
case_248,a,2025-02-24 20:53:11.656887
case_248,b,2025-02-24 20:58:11.656887
case_248,c,2025-02-24 21:03:11.656887
case_249,c,2025-02-24 19:28:11.656916
case_249,a,2025-02-24 19:33:11.656916
case_249,c,2025-02-24 19:38:11.656916
case_249,a,2025-02-24 19:43:11.656916
case_249,a,2025-02-24 19:48:11.656916
case_249,b,2025-02-24 19:53:11.656916
case_249,a,2025-02-24 19:58:11.656916
case_249,b,2025-02-24 20:03:11.656916
case_249,a,2025-02-24 20:08:11.656916
case_249,b,2025-02-24 20:13:11.656916
case_249,a,2025-02-24 20:18:11.656916
case_249,b,2025-02-24 20:23:11.656916
case_249,c,2025-02-24 20:28:11.656916
case_249,a,2025-02-24 20:33:11.656916
case_249,b,2025-02-24 20:38:11.656916
case_249,c,2025-02-24 20:43:11.656916
case_249,c,2025-02-24 20:48:11.656916
case_249,a,2025-02-24 20:53:11.656916
case_249,a,2025-02-24 20:58:11.656916
case_249,a,2025-02-24 21:03:11.656916
case_250,a,2025-02-24 19:28:11.656947
case_250,b,2025-02-24 19:33:11.656947
case_250,c,2025-02-24 19:38:11.656947
case_250,a,2025-02-24 19:43:11.656947
case_250,a,2025-02-24 19:48:11.656947
case_250,a,2025-02-24 19:53:11.656947
case_250,a,2025-02-24 19:58:11.656947
case_250,b,2025-02-24 20:03:11.656947
case_250,c,2025-02-24 20:08:11.656947
case_250,b,2025-02-24 20:13:11.656947
case_250,c,2025-02-24 20:18:11.656947
case_250,c,2025-02-24 20:23:11.656947
case_250,b,2025-02-24 20:28:11.656947
case_250,a,2025-02-24 20:33:11.656947
case_250,b,2025-02-24 20:38:11.656947
case_250,a,2025-02-24 20:43:11.656947
case_250,a,2025-02-24 20:48:11.656947
case_250,c,2025-02-24 20:53:11.656947
case_250,c,2025-02-24 20:58:11.656947
case_250,c,2025-02-24 21:03:11.656947
case_251,a,2025-02-24 19:28:11.656976
case_251,b,2025-02-24 19:33:11.656976
case_251,a,2025-02-24 19:38:11.656976
case_251,a,2025-02-24 19:43:11.656976
case_251,c,2025-02-24 19:48:11.656976
case_251,c,2025-02-24 19:53:11.656976
case_251,c,2025-02-24 19:58:11.656976
case_251,b,2025-02-24 20:03:11.656976
case_251,a,2025-02-24 20:08:11.656976
case_251,c,2025-02-24 20:13:11.656976
case_251,a,2025-02-24 20:18:11.656976
case_251,b,2025-02-24 20:23:11.656976
case_251,c,2025-02-24 20:28:11.656976
case_251,a,2025-02-24 20:33:11.656976
case_251,a,2025-02-24 20:38:11.656976
case_251,a,2025-02-24 20:43:11.656976
case_251,b,2025-02-24 20:48:11.656976
case_251,c,2025-02-24 20:53:11.656976
case_251,c,2025-02-24 20:58:11.656976
case_251,a,2025-02-24 21:03:11.656976
case_252,a,2025-02-24 19:28:11.657006
case_252,c,2025-02-24 19:33:11.657006
case_252,a,2025-02-24 19:38:11.657006
case_252,a,2025-02-24 19:43:11.657006
case_252,b,2025-02-24 19:48:11.657006
case_252,a,2025-02-24 19:53:11.657006
case_252,a,2025-02-24 19:58:11.657006
case_252,a,2025-02-24 20:03:11.657006
case_252,b,2025-02-24 20:08:11.657006
case_252,a,2025-02-24 20:13:11.657006
case_252,c,2025-02-24 20:18:11.657006
case_252,a,2025-02-24 20:23:11.657006
case_252,b,2025-02-24 20:28:11.657006
case_252,a,2025-02-24 20:33:11.657006
case_252,c,2025-02-24 20:38:11.657006
case_252,b,2025-02-24 20:43:11.657006
case_252,c,2025-02-24 20:48:11.657006
case_252,c,2025-02-24 20:53:11.657006
case_252,a,2025-02-24 20:58:11.657006
case_252,a,2025-02-24 21:03:11.657006
case_253,c,2025-02-24 19:28:11.657036
case_253,a,2025-02-24 19:33:11.657036
case_253,a,2025-02-24 19:38:11.657036
case_253,c,2025-02-24 19:43:11.657036
case_253,b,2025-02-24 19:48:11.657036
case_253,c,2025-02-24 19:53:11.657036
case_253,c,2025-02-24 19:58:11.657036
case_253,a,2025-02-24 20:03:11.657036
case_253,b,2025-02-24 20:08:11.657036
case_253,c,2025-02-24 20:13:11.657036
case_253,c,2025-02-24 20:18:11.657036
case_253,a,2025-02-24 20:23:11.657036
case_253,b,2025-02-24 20:28:11.657036
case_253,c,2025-02-24 20:33:11.657036
case_253,c,2025-02-24 20:38:11.657036
case_253,a,2025-02-24 20:43:11.657036
case_253,a,2025-02-24 20:48:11.657036
case_253,a,2025-02-24 20:53:11.657036
case_253,b,2025-02-24 20:58:11.657036
case_253,a,2025-02-24 21:03:11.657036
case_254,c,2025-02-24 19:28:11.657065
case_254,c,2025-02-24 19:33:11.657065
case_254,c,2025-02-24 19:38:11.657065
case_254,c,2025-02-24 19:43:11.657065
case_254,a,2025-02-24 19:48:11.657065
case_254,c,2025-02-24 19:53:11.657065
case_254,b,2025-02-24 19:58:11.657065
case_254,c,2025-02-24 20:03:11.657065
case_254,b,2025-02-24 20:08:11.657065
case_254,a,2025-02-24 20:13:11.657065
case_254,c,2025-02-24 20:18:11.657065
case_254,a,2025-02-24 20:23:11.657065
case_254,a,2025-02-24 20:28:11.657065
case_254,c,2025-02-24 20:33:11.657065
case_254,b,2025-02-24 20:38:11.657065
case_254,c,2025-02-24 20:43:11.657065
case_254,b,2025-02-24 20:48:11.657065
case_254,a,2025-02-24 20:53:11.657065
case_254,b,2025-02-24 20:58:11.657065
case_254,c,2025-02-24 21:03:11.657065
case_255,a,2025-02-24 19:28:11.657095
case_255,b,2025-02-24 19:33:11.657095
case_255,a,2025-02-24 19:38:11.657095
case_255,c,2025-02-24 19:43:11.657095
case_255,a,2025-02-24 19:48:11.657095
case_255,b,2025-02-24 19:53:11.657095
case_255,a,2025-02-24 19:58:11.657095
case_255,b,2025-02-24 20:03:11.657095
case_255,a,2025-02-24 20:08:11.657095
case_255,a,2025-02-24 20:13:11.657095
case_255,c,2025-02-24 20:18:11.657095
case_255,a,2025-02-24 20:23:11.657095
case_255,a,2025-02-24 20:28:11.657095
case_255,a,2025-02-24 20:33:11.657095
case_255,c,2025-02-24 20:38:11.657095
case_255,a,2025-02-24 20:43:11.657095
case_255,c,2025-02-24 20:48:11.657095
case_255,c,2025-02-24 20:53:11.657095
case_255,b,2025-02-24 20:58:11.657095
case_255,a,2025-02-24 21:03:11.657095
case_256,a,2025-02-24 19:28:11.657125
case_256,b,2025-02-24 19:33:11.657125
case_256,c,2025-02-24 19:38:11.657125
case_256,b,2025-02-24 19:43:11.657125
case_256,c,2025-02-24 19:48:11.657125
case_256,b,2025-02-24 19:53:11.657125
case_256,c,2025-02-24 19:58:11.657125
case_256,c,2025-02-24 20:03:11.657125
case_256,a,2025-02-24 20:08:11.657125
case_256,a,2025-02-24 20:13:11.657125
case_256,b,2025-02-24 20:18:11.657125
case_256,a,2025-02-24 20:23:11.657125
case_256,b,2025-02-24 20:28:11.657125
case_256,c,2025-02-24 20:33:11.657125
case_256,a,2025-02-24 20:38:11.657125
case_256,b,2025-02-24 20:43:11.657125
case_256,a,2025-02-24 20:48:11.657125
case_256,b,2025-02-24 20:53:11.657125
case_256,a,2025-02-24 20:58:11.657125
case_256,c,2025-02-24 21:03:11.657125
case_257,a,2025-02-24 19:28:11.657155
case_257,b,2025-02-24 19:33:11.657155
case_257,a,2025-02-24 19:38:11.657155
case_257,b,2025-02-24 19:43:11.657155
case_257,a,2025-02-24 19:48:11.657155
case_257,c,2025-02-24 19:53:11.657155
case_257,a,2025-02-24 19:58:11.657155
case_257,c,2025-02-24 20:03:11.657155
case_257,b,2025-02-24 20:08:11.657155
case_257,a,2025-02-24 20:13:11.657155
case_257,c,2025-02-24 20:18:11.657155
case_257,a,2025-02-24 20:23:11.657155
case_257,a,2025-02-24 20:28:11.657155
case_257,c,2025-02-24 20:33:11.657155
case_257,a,2025-02-24 20:38:11.657155
case_257,b,2025-02-24 20:43:11.657155
case_257,c,2025-02-24 20:48:11.657155
case_257,c,2025-02-24 20:53:11.657155
case_257,c,2025-02-24 20:58:11.657155
case_257,c,2025-02-24 21:03:11.657155
case_258,c,2025-02-24 19:28:11.657185
case_258,c,2025-02-24 19:33:11.657185
case_258,a,2025-02-24 19:38:11.657185
case_258,c,2025-02-24 19:43:11.657185
case_258,b,2025-02-24 19:48:11.657185
case_258,a,2025-02-24 19:53:11.657185
case_258,c,2025-02-24 19:58:11.657185
case_258,b,2025-02-24 20:03:11.657185
case_258,a,2025-02-24 20:08:11.657185
case_258,b,2025-02-24 20:13:11.657185
case_258,c,2025-02-24 20:18:11.657185
case_258,a,2025-02-24 20:23:11.657185
case_258,a,2025-02-24 20:28:11.657185
case_258,a,2025-02-24 20:33:11.657185
case_258,b,2025-02-24 20:38:11.657185
case_258,c,2025-02-24 20:43:11.657185
case_258,a,2025-02-24 20:48:11.657185
case_258,c,2025-02-24 20:53:11.657185
case_258,c,2025-02-24 20:58:11.657185
case_258,c,2025-02-24 21:03:11.657185
case_259,a,2025-02-24 19:28:11.657216
case_259,b,2025-02-24 19:33:11.657216
case_259,a,2025-02-24 19:38:11.657216
case_259,c,2025-02-24 19:43:11.657216
case_259,a,2025-02-24 19:48:11.657216
case_259,c,2025-02-24 19:53:11.657216
case_259,c,2025-02-24 19:58:11.657216
case_259,b,2025-02-24 20:03:11.657216
case_259,a,2025-02-24 20:08:11.657216
case_259,a,2025-02-24 20:13:11.657216
case_259,c,2025-02-24 20:18:11.657216
case_259,c,2025-02-24 20:23:11.657216
case_259,c,2025-02-24 20:28:11.657216
case_259,a,2025-02-24 20:33:11.657216
case_259,a,2025-02-24 20:38:11.657216
case_259,b,2025-02-24 20:43:11.657216
case_259,a,2025-02-24 20:48:11.657216
case_259,a,2025-02-24 20:53:11.657216
case_259,c,2025-02-24 20:58:11.657216
case_259,a,2025-02-24 21:03:11.657216
case_260,c,2025-02-24 19:28:11.657246
case_260,c,2025-02-24 19:33:11.657246
case_260,c,2025-02-24 19:38:11.657246
case_260,b,2025-02-24 19:43:11.657246
case_260,c,2025-02-24 19:48:11.657246
case_260,b,2025-02-24 19:53:11.657246
case_260,c,2025-02-24 19:58:11.657246
case_260,c,2025-02-24 20:03:11.657246
case_260,c,2025-02-24 20:08:11.657246
case_260,b,2025-02-24 20:13:11.657246
case_260,c,2025-02-24 20:18:11.657246
case_260,a,2025-02-24 20:23:11.657246
case_260,b,2025-02-24 20:28:11.657246
case_260,a,2025-02-24 20:33:11.657246
case_260,c,2025-02-24 20:38:11.657246
case_260,c,2025-02-24 20:43:11.657246
case_260,c,2025-02-24 20:48:11.657246
case_260,b,2025-02-24 20:53:11.657246
case_260,a,2025-02-24 20:58:11.657246
case_260,a,2025-02-24 21:03:11.657246
case_261,c,2025-02-24 19:28:11.657276
case_261,c,2025-02-24 19:33:11.657276
case_261,b,2025-02-24 19:38:11.657276
case_261,c,2025-02-24 19:43:11.657276
case_261,c,2025-02-24 19:48:11.657276
case_261,c,2025-02-24 19:53:11.657276
case_261,a,2025-02-24 19:58:11.657276
case_261,a,2025-02-24 20:03:11.657276
case_261,a,2025-02-24 20:08:11.657276
case_261,c,2025-02-24 20:13:11.657276
case_261,b,2025-02-24 20:18:11.657276
case_261,a,2025-02-24 20:23:11.657276
case_261,a,2025-02-24 20:28:11.657276
case_261,b,2025-02-24 20:33:11.657276
case_261,c,2025-02-24 20:38:11.657276
case_261,c,2025-02-24 20:43:11.657276
case_261,c,2025-02-24 20:48:11.657276
case_261,b,2025-02-24 20:53:11.657276
case_261,a,2025-02-24 20:58:11.657276
case_261,a,2025-02-24 21:03:11.657276
case_262,c,2025-02-24 19:28:11.657307
case_262,b,2025-02-24 19:33:11.657307
case_262,a,2025-02-24 19:38:11.657307
case_262,c,2025-02-24 19:43:11.657307
case_262,b,2025-02-24 19:48:11.657307
case_262,a,2025-02-24 19:53:11.657307
case_262,a,2025-02-24 19:58:11.657307
case_262,b,2025-02-24 20:03:11.657307
case_262,a,2025-02-24 20:08:11.657307
case_262,c,2025-02-24 20:13:11.657307
case_262,b,2025-02-24 20:18:11.657307
case_262,c,2025-02-24 20:23:11.657307
case_262,b,2025-02-24 20:28:11.657307
case_262,a,2025-02-24 20:33:11.657307
case_262,c,2025-02-24 20:38:11.657307
case_262,a,2025-02-24 20:43:11.657307
case_262,b,2025-02-24 20:48:11.657307
case_262,c,2025-02-24 20:53:11.657307
case_262,a,2025-02-24 20:58:11.657307
case_262,c,2025-02-24 21:03:11.657307
case_263,c,2025-02-24 19:28:11.657339
case_263,c,2025-02-24 19:33:11.657339
case_263,a,2025-02-24 19:38:11.657339
case_263,b,2025-02-24 19:43:11.657339
case_263,c,2025-02-24 19:48:11.657339
case_263,b,2025-02-24 19:53:11.657339
case_263,c,2025-02-24 19:58:11.657339
case_263,c,2025-02-24 20:03:11.657339
case_263,b,2025-02-24 20:08:11.657339
case_263,c,2025-02-24 20:13:11.657339
case_263,c,2025-02-24 20:18:11.657339
case_263,b,2025-02-24 20:23:11.657339
case_263,c,2025-02-24 20:28:11.657339
case_263,a,2025-02-24 20:33:11.657339
case_263,c,2025-02-24 20:38:11.657339
case_263,a,2025-02-24 20:43:11.657339
case_263,b,2025-02-24 20:48:11.657339
case_263,a,2025-02-24 20:53:11.657339
case_263,a,2025-02-24 20:58:11.657339
case_263,c,2025-02-24 21:03:11.657339
case_264,a,2025-02-24 19:28:11.657369
case_264,b,2025-02-24 19:33:11.657369
case_264,a,2025-02-24 19:38:11.657369
case_264,c,2025-02-24 19:43:11.657369
case_264,a,2025-02-24 19:48:11.657369
case_264,a,2025-02-24 19:53:11.657369
case_264,c,2025-02-24 19:58:11.657369
case_264,b,2025-02-24 20:03:11.657369
case_264,c,2025-02-24 20:08:11.657369
case_264,a,2025-02-24 20:13:11.657369
case_264,c,2025-02-24 20:18:11.657369
case_264,b,2025-02-24 20:23:11.657369
case_264,c,2025-02-24 20:28:11.657369
case_264,c,2025-02-24 20:33:11.657369
case_264,b,2025-02-24 20:38:11.657369
case_264,a,2025-02-24 20:43:11.657369
case_264,a,2025-02-24 20:48:11.657369
case_264,c,2025-02-24 20:53:11.657369
case_264,b,2025-02-24 20:58:11.657369
case_264,c,2025-02-24 21:03:11.657369
case_265,c,2025-02-24 19:28:11.657399
case_265,a,2025-02-24 19:33:11.657399
case_265,b,2025-02-24 19:38:11.657399
case_265,a,2025-02-24 19:43:11.657399
case_265,c,2025-02-24 19:48:11.657399
case_265,a,2025-02-24 19:53:11.657399
case_265,c,2025-02-24 19:58:11.657399
case_265,a,2025-02-24 20:03:11.657399
case_265,a,2025-02-24 20:08:11.657399
case_265,b,2025-02-24 20:13:11.657399
case_265,a,2025-02-24 20:18:11.657399
case_265,b,2025-02-24 20:23:11.657399
case_265,c,2025-02-24 20:28:11.657399
case_265,b,2025-02-24 20:33:11.657399
case_265,c,2025-02-24 20:38:11.657399
case_265,c,2025-02-24 20:43:11.657399
case_265,a,2025-02-24 20:48:11.657399
case_265,c,2025-02-24 20:53:11.657399
case_265,a,2025-02-24 20:58:11.657399
case_265,c,2025-02-24 21:03:11.657399
case_266,c,2025-02-24 19:28:11.657429
case_266,a,2025-02-24 19:33:11.657429
case_266,a,2025-02-24 19:38:11.657429
case_266,b,2025-02-24 19:43:11.657429
case_266,c,2025-02-24 19:48:11.657429
case_266,a,2025-02-24 19:53:11.657429
case_266,c,2025-02-24 19:58:11.657429
case_266,b,2025-02-24 20:03:11.657429
case_266,c,2025-02-24 20:08:11.657429
case_266,a,2025-02-24 20:13:11.657429
case_266,b,2025-02-24 20:18:11.657429
case_266,a,2025-02-24 20:23:11.657429
case_266,b,2025-02-24 20:28:11.657429
case_266,a,2025-02-24 20:33:11.657429
case_266,b,2025-02-24 20:38:11.657429
case_266,c,2025-02-24 20:43:11.657429
case_266,a,2025-02-24 20:48:11.657429
case_266,a,2025-02-24 20:53:11.657429
case_266,b,2025-02-24 20:58:11.657429
case_266,c,2025-02-24 21:03:11.657429
case_267,c,2025-02-24 19:28:11.657460
case_267,b,2025-02-24 19:33:11.657460
case_267,c,2025-02-24 19:38:11.657460
case_267,c,2025-02-24 19:43:11.657460
case_267,c,2025-02-24 19:48:11.657460
case_267,b,2025-02-24 19:53:11.657460
case_267,a,2025-02-24 19:58:11.657460
case_267,b,2025-02-24 20:03:11.657460
case_267,a,2025-02-24 20:08:11.657460
case_267,b,2025-02-24 20:13:11.657460
case_267,a,2025-02-24 20:18:11.657460
case_267,b,2025-02-24 20:23:11.657460
case_267,c,2025-02-24 20:28:11.657460
case_267,a,2025-02-24 20:33:11.657460
case_267,c,2025-02-24 20:38:11.657460
case_267,c,2025-02-24 20:43:11.657460
case_267,c,2025-02-24 20:48:11.657460
case_267,c,2025-02-24 20:53:11.657460
case_267,a,2025-02-24 20:58:11.657460
case_267,a,2025-02-24 21:03:11.657460
case_268,c,2025-02-24 19:28:11.657489
case_268,c,2025-02-24 19:33:11.657489
case_268,c,2025-02-24 19:38:11.657489
case_268,a,2025-02-24 19:43:11.657489
case_268,a,2025-02-24 19:48:11.657489
case_268,c,2025-02-24 19:53:11.657489
case_268,c,2025-02-24 19:58:11.657489
case_268,c,2025-02-24 20:03:11.657489
case_268,a,2025-02-24 20:08:11.657489
case_268,b,2025-02-24 20:13:11.657489
case_268,c,2025-02-24 20:18:11.657489
case_268,b,2025-02-24 20:23:11.657489
case_268,c,2025-02-24 20:28:11.657489
case_268,a,2025-02-24 20:33:11.657489
case_268,c,2025-02-24 20:38:11.657489
case_268,b,2025-02-24 20:43:11.657489
case_268,c,2025-02-24 20:48:11.657489
case_268,a,2025-02-24 20:53:11.657489
case_268,a,2025-02-24 20:58:11.657489
case_268,c,2025-02-24 21:03:11.657489
case_269,a,2025-02-24 19:28:11.657519
case_269,b,2025-02-24 19:33:11.657519
case_269,c,2025-02-24 19:38:11.657519
case_269,b,2025-02-24 19:43:11.657519
case_269,a,2025-02-24 19:48:11.657519
case_269,a,2025-02-24 19:53:11.657519
case_269,b,2025-02-24 19:58:11.657519
case_269,c,2025-02-24 20:03:11.657519
case_269,b,2025-02-24 20:08:11.657519
case_269,c,2025-02-24 20:13:11.657519
case_269,a,2025-02-24 20:18:11.657519
case_269,c,2025-02-24 20:23:11.657519
case_269,a,2025-02-24 20:28:11.657519
case_269,a,2025-02-24 20:33:11.657519
case_269,c,2025-02-24 20:38:11.657519
case_269,b,2025-02-24 20:43:11.657519
case_269,a,2025-02-24 20:48:11.657519
case_269,c,2025-02-24 20:53:11.657519
case_269,c,2025-02-24 20:58:11.657519
case_269,c,2025-02-24 21:03:11.657519
case_270,c,2025-02-24 19:28:11.657550
case_270,b,2025-02-24 19:33:11.657550
case_270,c,2025-02-24 19:38:11.657550
case_270,b,2025-02-24 19:43:11.657550
case_270,a,2025-02-24 19:48:11.657550
case_270,a,2025-02-24 19:53:11.657550
case_270,b,2025-02-24 19:58:11.657550
case_270,c,2025-02-24 20:03:11.657550
case_270,c,2025-02-24 20:08:11.657550
case_270,c,2025-02-24 20:13:11.657550
case_270,a,2025-02-24 20:18:11.657550
case_270,b,2025-02-24 20:23:11.657550
case_270,c,2025-02-24 20:28:11.657550
case_270,b,2025-02-24 20:33:11.657550
case_270,c,2025-02-24 20:38:11.657550
case_270,c,2025-02-24 20:43:11.657550
case_270,b,2025-02-24 20:48:11.657550
case_270,a,2025-02-24 20:53:11.657550
case_270,a,2025-02-24 20:58:11.657550
case_270,c,2025-02-24 21:03:11.657550
case_271,a,2025-02-24 19:28:11.657580
case_271,a,2025-02-24 19:33:11.657580
case_271,a,2025-02-24 19:38:11.657580
case_271,b,2025-02-24 19:43:11.657580
case_271,c,2025-02-24 19:48:11.657580
case_271,a,2025-02-24 19:53:11.657580
case_271,b,2025-02-24 19:58:11.657580
case_271,a,2025-02-24 20:03:11.657580
case_271,c,2025-02-24 20:08:11.657580
case_271,a,2025-02-24 20:13:11.657580
case_271,c,2025-02-24 20:18:11.657580
case_271,b,2025-02-24 20:23:11.657580
case_271,a,2025-02-24 20:28:11.657580
case_271,b,2025-02-24 20:33:11.657580
case_271,c,2025-02-24 20:38:11.657580
case_271,c,2025-02-24 20:43:11.657580
case_271,a,2025-02-24 20:48:11.657580
case_271,b,2025-02-24 20:53:11.657580
case_271,c,2025-02-24 20:58:11.657580
case_271,c,2025-02-24 21:03:11.657580
case_272,a,2025-02-24 19:28:11.657610
case_272,c,2025-02-24 19:33:11.657610
case_272,c,2025-02-24 19:38:11.657610
case_272,a,2025-02-24 19:43:11.657610
case_272,a,2025-02-24 19:48:11.657610
case_272,a,2025-02-24 19:53:11.657610
case_272,c,2025-02-24 19:58:11.657610
case_272,c,2025-02-24 20:03:11.657610
case_272,c,2025-02-24 20:08:11.657610
case_272,c,2025-02-24 20:13:11.657610
case_272,c,2025-02-24 20:18:11.657610
case_272,b,2025-02-24 20:23:11.657610
case_272,a,2025-02-24 20:28:11.657610
case_272,b,2025-02-24 20:33:11.657610
case_272,a,2025-02-24 20:38:11.657610
case_272,a,2025-02-24 20:43:11.657610
case_272,a,2025-02-24 20:48:11.657610
case_272,c,2025-02-24 20:53:11.657610
case_272,b,2025-02-24 20:58:11.657610
case_272,a,2025-02-24 21:03:11.657610
case_273,a,2025-02-24 19:28:11.657640
case_273,a,2025-02-24 19:33:11.657640
case_273,b,2025-02-24 19:38:11.657640
case_273,a,2025-02-24 19:43:11.657640
case_273,a,2025-02-24 19:48:11.657640
case_273,b,2025-02-24 19:53:11.657640
case_273,c,2025-02-24 19:58:11.657640
case_273,c,2025-02-24 20:03:11.657640
case_273,c,2025-02-24 20:08:11.657640
case_273,a,2025-02-24 20:13:11.657640
case_273,c,2025-02-24 20:18:11.657640
case_273,c,2025-02-24 20:23:11.657640
case_273,b,2025-02-24 20:28:11.657640
case_273,c,2025-02-24 20:33:11.657640
case_273,a,2025-02-24 20:38:11.657640
case_273,c,2025-02-24 20:43:11.657640
case_273,c,2025-02-24 20:48:11.657640
case_273,b,2025-02-24 20:53:11.657640
case_273,a,2025-02-24 20:58:11.657640
case_273,a,2025-02-24 21:03:11.657640
case_274,c,2025-02-24 19:28:11.657670
case_274,a,2025-02-24 19:33:11.657670
case_274,a,2025-02-24 19:38:11.657670
case_274,a,2025-02-24 19:43:11.657670
case_274,b,2025-02-24 19:48:11.657670
case_274,a,2025-02-24 19:53:11.657670
case_274,c,2025-02-24 19:58:11.657670
case_274,c,2025-02-24 20:03:11.657670
case_274,b,2025-02-24 20:08:11.657670
case_274,a,2025-02-24 20:13:11.657670
case_274,c,2025-02-24 20:18:11.657670
case_274,b,2025-02-24 20:23:11.657670
case_274,c,2025-02-24 20:28:11.657670
case_274,b,2025-02-24 20:33:11.657670
case_274,c,2025-02-24 20:38:11.657670
case_274,a,2025-02-24 20:43:11.657670
case_274,b,2025-02-24 20:48:11.657670
case_274,a,2025-02-24 20:53:11.657670
case_274,a,2025-02-24 20:58:11.657670
case_274,a,2025-02-24 21:03:11.657670
case_275,a,2025-02-24 19:28:11.657700
case_275,b,2025-02-24 19:33:11.657700
case_275,c,2025-02-24 19:38:11.657700
case_275,b,2025-02-24 19:43:11.657700
case_275,c,2025-02-24 19:48:11.657700
case_275,a,2025-02-24 19:53:11.657700
case_275,c,2025-02-24 19:58:11.657700
case_275,a,2025-02-24 20:03:11.657700
case_275,b,2025-02-24 20:08:11.657700
case_275,a,2025-02-24 20:13:11.657700
case_275,c,2025-02-24 20:18:11.657700
case_275,a,2025-02-24 20:23:11.657700
case_275,b,2025-02-24 20:28:11.657700
case_275,c,2025-02-24 20:33:11.657700
case_275,a,2025-02-24 20:38:11.657700
case_275,b,2025-02-24 20:43:11.657700
case_275,c,2025-02-24 20:48:11.657700
case_275,b,2025-02-24 20:53:11.657700
case_275,c,2025-02-24 20:58:11.657700
case_275,c,2025-02-24 21:03:11.657700
case_276,a,2025-02-24 19:28:11.657731
case_276,b,2025-02-24 19:33:11.657731
case_276,c,2025-02-24 19:38:11.657731
case_276,c,2025-02-24 19:43:11.657731
case_276,c,2025-02-24 19:48:11.657731
case_276,a,2025-02-24 19:53:11.657731
case_276,a,2025-02-24 19:58:11.657731
case_276,a,2025-02-24 20:03:11.657731
case_276,a,2025-02-24 20:08:11.657731
case_276,c,2025-02-24 20:13:11.657731
case_276,a,2025-02-24 20:18:11.657731
case_276,a,2025-02-24 20:23:11.657731
case_276,c,2025-02-24 20:28:11.657731
case_276,a,2025-02-24 20:33:11.657731
case_276,b,2025-02-24 20:38:11.657731
case_276,a,2025-02-24 20:43:11.657731
case_276,a,2025-02-24 20:48:11.657731
case_276,c,2025-02-24 20:53:11.657731
case_276,c,2025-02-24 20:58:11.657731
case_276,a,2025-02-24 21:03:11.657731
case_277,a,2025-02-24 19:28:11.657761
case_277,a,2025-02-24 19:33:11.657761
case_277,a,2025-02-24 19:38:11.657761
case_277,a,2025-02-24 19:43:11.657761
case_277,c,2025-02-24 19:48:11.657761
case_277,a,2025-02-24 19:53:11.657761
case_277,a,2025-02-24 19:58:11.657761
case_277,b,2025-02-24 20:03:11.657761
case_277,c,2025-02-24 20:08:11.657761
case_277,a,2025-02-24 20:13:11.657761
case_277,c,2025-02-24 20:18:11.657761
case_277,b,2025-02-24 20:23:11.657761
case_277,a,2025-02-24 20:28:11.657761
case_277,c,2025-02-24 20:33:11.657761
case_277,c,2025-02-24 20:38:11.657761
case_277,a,2025-02-24 20:43:11.657761
case_277,c,2025-02-24 20:48:11.657761
case_277,c,2025-02-24 20:53:11.657761
case_277,a,2025-02-24 20:58:11.657761
case_277,a,2025-02-24 21:03:11.657761
case_278,c,2025-02-24 19:28:11.657791
case_278,c,2025-02-24 19:33:11.657791
case_278,a,2025-02-24 19:38:11.657791
case_278,a,2025-02-24 19:43:11.657791
case_278,b,2025-02-24 19:48:11.657791
case_278,a,2025-02-24 19:53:11.657791
case_278,b,2025-02-24 19:58:11.657791
case_278,c,2025-02-24 20:03:11.657791
case_278,a,2025-02-24 20:08:11.657791
case_278,a,2025-02-24 20:13:11.657791
case_278,a,2025-02-24 20:18:11.657791
case_278,c,2025-02-24 20:23:11.657791
case_278,a,2025-02-24 20:28:11.657791
case_278,c,2025-02-24 20:33:11.657791
case_278,b,2025-02-24 20:38:11.657791
case_278,c,2025-02-24 20:43:11.657791
case_278,c,2025-02-24 20:48:11.657791
case_278,c,2025-02-24 20:53:11.657791
case_278,c,2025-02-24 20:58:11.657791
case_278,c,2025-02-24 21:03:11.657791
case_279,c,2025-02-24 19:28:11.657821
case_279,a,2025-02-24 19:33:11.657821
case_279,b,2025-02-24 19:38:11.657821
case_279,c,2025-02-24 19:43:11.657821
case_279,a,2025-02-24 19:48:11.657821
case_279,c,2025-02-24 19:53:11.657821
case_279,a,2025-02-24 19:58:11.657821
case_279,a,2025-02-24 20:03:11.657821
case_279,b,2025-02-24 20:08:11.657821
case_279,a,2025-02-24 20:13:11.657821
case_279,b,2025-02-24 20:18:11.657821
case_279,c,2025-02-24 20:23:11.657821
case_279,c,2025-02-24 20:28:11.657821
case_279,a,2025-02-24 20:33:11.657821
case_279,b,2025-02-24 20:38:11.657821
case_279,c,2025-02-24 20:43:11.657821
case_279,a,2025-02-24 20:48:11.657821
case_279,c,2025-02-24 20:53:11.657821
case_279,a,2025-02-24 20:58:11.657821
case_279,c,2025-02-24 21:03:11.657821
case_280,c,2025-02-24 19:28:11.657851
case_280,b,2025-02-24 19:33:11.657851
case_280,a,2025-02-24 19:38:11.657851
case_280,b,2025-02-24 19:43:11.657851
case_280,a,2025-02-24 19:48:11.657851
case_280,b,2025-02-24 19:53:11.657851
case_280,a,2025-02-24 19:58:11.657851
case_280,b,2025-02-24 20:03:11.657851
case_280,a,2025-02-24 20:08:11.657851
case_280,c,2025-02-24 20:13:11.657851
case_280,c,2025-02-24 20:18:11.657851
case_280,a,2025-02-24 20:23:11.657851
case_280,c,2025-02-24 20:28:11.657851
case_280,b,2025-02-24 20:33:11.657851
case_280,c,2025-02-24 20:38:11.657851
case_280,c,2025-02-24 20:43:11.657851
case_280,c,2025-02-24 20:48:11.657851
case_280,b,2025-02-24 20:53:11.657851
case_280,c,2025-02-24 20:58:11.657851
case_280,c,2025-02-24 21:03:11.657851
case_281,a,2025-02-24 19:28:11.657881
case_281,b,2025-02-24 19:33:11.657881
case_281,a,2025-02-24 19:38:11.657881
case_281,c,2025-02-24 19:43:11.657881
case_281,c,2025-02-24 19:48:11.657881
case_281,a,2025-02-24 19:53:11.657881
case_281,c,2025-02-24 19:58:11.657881
case_281,b,2025-02-24 20:03:11.657881
case_281,c,2025-02-24 20:08:11.657881
case_281,b,2025-02-24 20:13:11.657881
case_281,c,2025-02-24 20:18:11.657881
case_281,a,2025-02-24 20:23:11.657881
case_281,b,2025-02-24 20:28:11.657881
case_281,c,2025-02-24 20:33:11.657881
case_281,a,2025-02-24 20:38:11.657881
case_281,b,2025-02-24 20:43:11.657881
case_281,a,2025-02-24 20:48:11.657881
case_281,c,2025-02-24 20:53:11.657881
case_281,b,2025-02-24 20:58:11.657881
case_281,a,2025-02-24 21:03:11.657881
case_282,c,2025-02-24 19:28:11.657911
case_282,a,2025-02-24 19:33:11.657911
case_282,b,2025-02-24 19:38:11.657911
case_282,c,2025-02-24 19:43:11.657911
case_282,c,2025-02-24 19:48:11.657911
case_282,c,2025-02-24 19:53:11.657911
case_282,c,2025-02-24 19:58:11.657911
case_282,b,2025-02-24 20:03:11.657911
case_282,c,2025-02-24 20:08:11.657911
case_282,c,2025-02-24 20:13:11.657911
case_282,a,2025-02-24 20:18:11.657911
case_282,c,2025-02-24 20:23:11.657911
case_282,a,2025-02-24 20:28:11.657911
case_282,a,2025-02-24 20:33:11.657911
case_282,b,2025-02-24 20:38:11.657911
case_282,a,2025-02-24 20:43:11.657911
case_282,b,2025-02-24 20:48:11.657911
case_282,a,2025-02-24 20:53:11.657911
case_282,b,2025-02-24 20:58:11.657911
case_282,a,2025-02-24 21:03:11.657911
case_283,c,2025-02-24 19:28:11.657941
case_283,c,2025-02-24 19:33:11.657941
case_283,b,2025-02-24 19:38:11.657941
case_283,c,2025-02-24 19:43:11.657941
case_283,b,2025-02-24 19:48:11.657941
case_283,c,2025-02-24 19:53:11.657941
case_283,a,2025-02-24 19:58:11.657941
case_283,b,2025-02-24 20:03:11.657941
case_283,c,2025-02-24 20:08:11.657941
case_283,a,2025-02-24 20:13:11.657941
case_283,c,2025-02-24 20:18:11.657941
case_283,b,2025-02-24 20:23:11.657941
case_283,a,2025-02-24 20:28:11.657941
case_283,b,2025-02-24 20:33:11.657941
case_283,c,2025-02-24 20:38:11.657941
case_283,a,2025-02-24 20:43:11.657941
case_283,a,2025-02-24 20:48:11.657941
case_283,c,2025-02-24 20:53:11.657941
case_283,a,2025-02-24 20:58:11.657941
case_283,a,2025-02-24 21:03:11.657941
case_284,c,2025-02-24 19:28:11.657970
case_284,a,2025-02-24 19:33:11.657970
case_284,b,2025-02-24 19:38:11.657970
case_284,c,2025-02-24 19:43:11.657970
case_284,a,2025-02-24 19:48:11.657970
case_284,b,2025-02-24 19:53:11.657970
case_284,c,2025-02-24 19:58:11.657970
case_284,c,2025-02-24 20:03:11.657970
case_284,c,2025-02-24 20:08:11.657970
case_284,a,2025-02-24 20:13:11.657970
case_284,a,2025-02-24 20:18:11.657970
case_284,c,2025-02-24 20:23:11.657970
case_284,c,2025-02-24 20:28:11.657970
case_284,b,2025-02-24 20:33:11.657970
case_284,c,2025-02-24 20:38:11.657970
case_284,b,2025-02-24 20:43:11.657970
case_284,c,2025-02-24 20:48:11.657970
case_284,c,2025-02-24 20:53:11.657970
case_284,c,2025-02-24 20:58:11.657970
case_284,c,2025-02-24 21:03:11.657970
case_285,c,2025-02-24 19:28:11.658000
case_285,a,2025-02-24 19:33:11.658000
case_285,b,2025-02-24 19:38:11.658000
case_285,a,2025-02-24 19:43:11.658000
case_285,a,2025-02-24 19:48:11.658000
case_285,c,2025-02-24 19:53:11.658000
case_285,b,2025-02-24 19:58:11.658000
case_285,a,2025-02-24 20:03:11.658000
case_285,c,2025-02-24 20:08:11.658000
case_285,b,2025-02-24 20:13:11.658000
case_285,a,2025-02-24 20:18:11.658000
case_285,b,2025-02-24 20:23:11.658000
case_285,a,2025-02-24 20:28:11.658000
case_285,a,2025-02-24 20:33:11.658000
case_285,b,2025-02-24 20:38:11.658000
case_285,a,2025-02-24 20:43:11.658000
case_285,a,2025-02-24 20:48:11.658000
case_285,b,2025-02-24 20:53:11.658000
case_285,a,2025-02-24 20:58:11.658000
case_285,a,2025-02-24 21:03:11.658000
case_286,c,2025-02-24 19:28:11.658030
case_286,a,2025-02-24 19:33:11.658030
case_286,a,2025-02-24 19:38:11.658030
case_286,b,2025-02-24 19:43:11.658030
case_286,c,2025-02-24 19:48:11.658030
case_286,c,2025-02-24 19:53:11.658030
case_286,c,2025-02-24 19:58:11.658030
case_286,c,2025-02-24 20:03:11.658030
case_286,a,2025-02-24 20:08:11.658030
case_286,a,2025-02-24 20:13:11.658030
case_286,a,2025-02-24 20:18:11.658030
case_286,a,2025-02-24 20:23:11.658030
case_286,b,2025-02-24 20:28:11.658030
case_286,c,2025-02-24 20:33:11.658030
case_286,c,2025-02-24 20:38:11.658030
case_286,c,2025-02-24 20:43:11.658030
case_286,b,2025-02-24 20:48:11.658030
case_286,a,2025-02-24 20:53:11.658030
case_286,a,2025-02-24 20:58:11.658030
case_286,a,2025-02-24 21:03:11.658030
case_287,c,2025-02-24 19:28:11.658060
case_287,b,2025-02-24 19:33:11.658060
case_287,a,2025-02-24 19:38:11.658060
case_287,c,2025-02-24 19:43:11.658060
case_287,c,2025-02-24 19:48:11.658060
case_287,b,2025-02-24 19:53:11.658060
case_287,a,2025-02-24 19:58:11.658060
case_287,b,2025-02-24 20:03:11.658060
case_287,a,2025-02-24 20:08:11.658060
case_287,b,2025-02-24 20:13:11.658060
case_287,c,2025-02-24 20:18:11.658060
case_287,c,2025-02-24 20:23:11.658060
case_287,b,2025-02-24 20:28:11.658060
case_287,c,2025-02-24 20:33:11.658060
case_287,c,2025-02-24 20:38:11.658060
case_287,a,2025-02-24 20:43:11.658060
case_287,b,2025-02-24 20:48:11.658060
case_287,a,2025-02-24 20:53:11.658060
case_287,c,2025-02-24 20:58:11.658060
case_287,c,2025-02-24 21:03:11.658060
case_288,c,2025-02-24 19:28:11.658090
case_288,a,2025-02-24 19:33:11.658090
case_288,a,2025-02-24 19:38:11.658090
case_288,c,2025-02-24 19:43:11.658090
case_288,c,2025-02-24 19:48:11.658090
case_288,b,2025-02-24 19:53:11.658090
case_288,c,2025-02-24 19:58:11.658090
case_288,c,2025-02-24 20:03:11.658090
case_288,b,2025-02-24 20:08:11.658090
case_288,c,2025-02-24 20:13:11.658090
case_288,a,2025-02-24 20:18:11.658090
case_288,c,2025-02-24 20:23:11.658090
case_288,b,2025-02-24 20:28:11.658090
case_288,c,2025-02-24 20:33:11.658090
case_288,a,2025-02-24 20:38:11.658090
case_288,c,2025-02-24 20:43:11.658090
case_288,b,2025-02-24 20:48:11.658090
case_288,c,2025-02-24 20:53:11.658090
case_288,b,2025-02-24 20:58:11.658090
case_288,c,2025-02-24 21:03:11.658090
case_289,c,2025-02-24 19:28:11.658120
case_289,b,2025-02-24 19:33:11.658120
case_289,a,2025-02-24 19:38:11.658120
case_289,c,2025-02-24 19:43:11.658120
case_289,a,2025-02-24 19:48:11.658120
case_289,c,2025-02-24 19:53:11.658120
case_289,b,2025-02-24 19:58:11.658120
case_289,c,2025-02-24 20:03:11.658120
case_289,c,2025-02-24 20:08:11.658120
case_289,c,2025-02-24 20:13:11.658120
case_289,a,2025-02-24 20:18:11.658120
case_289,a,2025-02-24 20:23:11.658120
case_289,a,2025-02-24 20:28:11.658120
case_289,a,2025-02-24 20:33:11.658120
case_289,a,2025-02-24 20:38:11.658120
case_289,c,2025-02-24 20:43:11.658120
case_289,c,2025-02-24 20:48:11.658120
case_289,b,2025-02-24 20:53:11.658120
case_289,c,2025-02-24 20:58:11.658120
case_289,c,2025-02-24 21:03:11.658120
case_290,a,2025-02-24 19:28:11.658150
case_290,a,2025-02-24 19:33:11.658150
case_290,b,2025-02-24 19:38:11.658150
case_290,c,2025-02-24 19:43:11.658150
case_290,a,2025-02-24 19:48:11.658150
case_290,c,2025-02-24 19:53:11.658150
case_290,c,2025-02-24 19:58:11.658150
case_290,c,2025-02-24 20:03:11.658150
case_290,b,2025-02-24 20:08:11.658150
case_290,c,2025-02-24 20:13:11.658150
case_290,a,2025-02-24 20:18:11.658150
case_290,a,2025-02-24 20:23:11.658150
case_290,a,2025-02-24 20:28:11.658150
case_290,b,2025-02-24 20:33:11.658150
case_290,c,2025-02-24 20:38:11.658150
case_290,c,2025-02-24 20:43:11.658150
case_290,c,2025-02-24 20:48:11.658150
case_290,b,2025-02-24 20:53:11.658150
case_290,c,2025-02-24 20:58:11.658150
case_290,a,2025-02-24 21:03:11.658150
case_291,a,2025-02-24 19:28:11.658180
case_291,b,2025-02-24 19:33:11.658180
case_291,c,2025-02-24 19:38:11.658180
case_291,a,2025-02-24 19:43:11.658180
case_291,b,2025-02-24 19:48:11.658180
case_291,a,2025-02-24 19:53:11.658180
case_291,a,2025-02-24 19:58:11.658180
case_291,b,2025-02-24 20:03:11.658180
case_291,a,2025-02-24 20:08:11.658180
case_291,a,2025-02-24 20:13:11.658180
case_291,b,2025-02-24 20:18:11.658180
case_291,a,2025-02-24 20:23:11.658180
case_291,b,2025-02-24 20:28:11.658180
case_291,a,2025-02-24 20:33:11.658180
case_291,b,2025-02-24 20:38:11.658180
case_291,c,2025-02-24 20:43:11.658180
case_291,b,2025-02-24 20:48:11.658180
case_291,a,2025-02-24 20:53:11.658180
case_291,b,2025-02-24 20:58:11.658180
case_291,c,2025-02-24 21:03:11.658180
case_292,a,2025-02-24 19:28:11.658210
case_292,a,2025-02-24 19:33:11.658210
case_292,c,2025-02-24 19:38:11.658210
case_292,b,2025-02-24 19:43:11.658210
case_292,c,2025-02-24 19:48:11.658210
case_292,c,2025-02-24 19:53:11.658210
case_292,c,2025-02-24 19:58:11.658210
case_292,b,2025-02-24 20:03:11.658210
case_292,c,2025-02-24 20:08:11.658210
case_292,a,2025-02-24 20:13:11.658210
case_292,b,2025-02-24 20:18:11.658210
case_292,c,2025-02-24 20:23:11.658210
case_292,c,2025-02-24 20:28:11.658210
case_292,a,2025-02-24 20:33:11.658210
case_292,b,2025-02-24 20:38:11.658210
case_292,c,2025-02-24 20:43:11.658210
case_292,b,2025-02-24 20:48:11.658210
case_292,c,2025-02-24 20:53:11.658210
case_292,b,2025-02-24 20:58:11.658210
case_292,c,2025-02-24 21:03:11.658210
case_293,a,2025-02-24 19:28:11.658240
case_293,b,2025-02-24 19:33:11.658240
case_293,c,2025-02-24 19:38:11.658240
case_293,c,2025-02-24 19:43:11.658240
case_293,c,2025-02-24 19:48:11.658240
case_293,c,2025-02-24 19:53:11.658240
case_293,c,2025-02-24 19:58:11.658240
case_293,a,2025-02-24 20:03:11.658240
case_293,c,2025-02-24 20:08:11.658240
case_293,c,2025-02-24 20:13:11.658240
case_293,b,2025-02-24 20:18:11.658240
case_293,c,2025-02-24 20:23:11.658240
case_293,b,2025-02-24 20:28:11.658240
case_293,a,2025-02-24 20:33:11.658240
case_293,c,2025-02-24 20:38:11.658240
case_293,c,2025-02-24 20:43:11.658240
case_293,c,2025-02-24 20:48:11.658240
case_293,c,2025-02-24 20:53:11.658240
case_293,a,2025-02-24 20:58:11.658240
case_293,a,2025-02-24 21:03:11.658240
case_294,c,2025-02-24 19:28:11.658270
case_294,c,2025-02-24 19:33:11.658270
case_294,a,2025-02-24 19:38:11.658270
case_294,b,2025-02-24 19:43:11.658270
case_294,c,2025-02-24 19:48:11.658270
case_294,b,2025-02-24 19:53:11.658270
case_294,a,2025-02-24 19:58:11.658270
case_294,c,2025-02-24 20:03:11.658270
case_294,b,2025-02-24 20:08:11.658270
case_294,a,2025-02-24 20:13:11.658270
case_294,a,2025-02-24 20:18:11.658270
case_294,b,2025-02-24 20:23:11.658270
case_294,c,2025-02-24 20:28:11.658270
case_294,b,2025-02-24 20:33:11.658270
case_294,a,2025-02-24 20:38:11.658270
case_294,c,2025-02-24 20:43:11.658270
case_294,c,2025-02-24 20:48:11.658270
case_294,a,2025-02-24 20:53:11.658270
case_294,c,2025-02-24 20:58:11.658270
case_294,c,2025-02-24 21:03:11.658270
case_295,a,2025-02-24 19:28:11.658300
case_295,a,2025-02-24 19:33:11.658300
case_295,c,2025-02-24 19:38:11.658300
case_295,b,2025-02-24 19:43:11.658300
case_295,a,2025-02-24 19:48:11.658300
case_295,c,2025-02-24 19:53:11.658300
case_295,a,2025-02-24 19:58:11.658300
case_295,b,2025-02-24 20:03:11.658300
case_295,a,2025-02-24 20:08:11.658300
case_295,a,2025-02-24 20:13:11.658300
case_295,a,2025-02-24 20:18:11.658300
case_295,a,2025-02-24 20:23:11.658300
case_295,c,2025-02-24 20:28:11.658300
case_295,c,2025-02-24 20:33:11.658300
case_295,a,2025-02-24 20:38:11.658300
case_295,c,2025-02-24 20:43:11.658300
case_295,b,2025-02-24 20:48:11.658300
case_295,a,2025-02-24 20:53:11.658300
case_295,b,2025-02-24 20:58:11.658300
case_295,c,2025-02-24 21:03:11.658300
case_296,c,2025-02-24 19:28:11.658332
case_296,a,2025-02-24 19:33:11.658332
case_296,c,2025-02-24 19:38:11.658332
case_296,b,2025-02-24 19:43:11.658332
case_296,a,2025-02-24 19:48:11.658332
case_296,b,2025-02-24 19:53:11.658332
case_296,a,2025-02-24 19:58:11.658332
case_296,c,2025-02-24 20:03:11.658332
case_296,c,2025-02-24 20:08:11.658332
case_296,c,2025-02-24 20:13:11.658332
case_296,b,2025-02-24 20:18:11.658332
case_296,a,2025-02-24 20:23:11.658332
case_296,a,2025-02-24 20:28:11.658332
case_296,b,2025-02-24 20:33:11.658332
case_296,c,2025-02-24 20:38:11.658332
case_296,c,2025-02-24 20:43:11.658332
case_296,c,2025-02-24 20:48:11.658332
case_296,a,2025-02-24 20:53:11.658332
case_296,a,2025-02-24 20:58:11.658332
case_296,c,2025-02-24 21:03:11.658332
case_297,c,2025-02-24 19:28:11.658362
case_297,a,2025-02-24 19:33:11.658362
case_297,b,2025-02-24 19:38:11.658362
case_297,c,2025-02-24 19:43:11.658362
case_297,c,2025-02-24 19:48:11.658362
case_297,a,2025-02-24 19:53:11.658362
case_297,a,2025-02-24 19:58:11.658362
case_297,a,2025-02-24 20:03:11.658362
case_297,a,2025-02-24 20:08:11.658362
case_297,c,2025-02-24 20:13:11.658362
case_297,b,2025-02-24 20:18:11.658362
case_297,a,2025-02-24 20:23:11.658362
case_297,a,2025-02-24 20:28:11.658362
case_297,c,2025-02-24 20:33:11.658362
case_297,b,2025-02-24 20:38:11.658362
case_297,c,2025-02-24 20:43:11.658362
case_297,a,2025-02-24 20:48:11.658362
case_297,c,2025-02-24 20:53:11.658362
case_297,b,2025-02-24 20:58:11.658362
case_297,c,2025-02-24 21:03:11.658362
case_298,c,2025-02-24 19:28:11.658392
case_298,b,2025-02-24 19:33:11.658392
case_298,a,2025-02-24 19:38:11.658392
case_298,a,2025-02-24 19:43:11.658392
case_298,c,2025-02-24 19:48:11.658392
case_298,c,2025-02-24 19:53:11.658392
case_298,a,2025-02-24 19:58:11.658392
case_298,a,2025-02-24 20:03:11.658392
case_298,c,2025-02-24 20:08:11.658392
case_298,b,2025-02-24 20:13:11.658392
case_298,a,2025-02-24 20:18:11.658392
case_298,a,2025-02-24 20:23:11.658392
case_298,a,2025-02-24 20:28:11.658392
case_298,a,2025-02-24 20:33:11.658392
case_298,c,2025-02-24 20:38:11.658392
case_298,b,2025-02-24 20:43:11.658392
case_298,c,2025-02-24 20:48:11.658392
case_298,b,2025-02-24 20:53:11.658392
case_298,c,2025-02-24 20:58:11.658392
case_298,c,2025-02-24 21:03:11.658392
case_299,a,2025-02-24 19:28:11.658422
case_299,a,2025-02-24 19:33:11.658422
case_299,a,2025-02-24 19:38:11.658422
case_299,c,2025-02-24 19:43:11.658422
case_299,c,2025-02-24 19:48:11.658422
case_299,c,2025-02-24 19:53:11.658422
case_299,c,2025-02-24 19:58:11.658422
case_299,c,2025-02-24 20:03:11.658422
case_299,a,2025-02-24 20:08:11.658422
case_299,b,2025-02-24 20:13:11.658422
case_299,c,2025-02-24 20:18:11.658422
case_299,a,2025-02-24 20:23:11.658422
case_299,b,2025-02-24 20:28:11.658422
case_299,c,2025-02-24 20:33:11.658422
case_299,b,2025-02-24 20:38:11.658422
case_299,a,2025-02-24 20:43:11.658422
case_299,b,2025-02-24 20:48:11.658422
case_299,a,2025-02-24 20:53:11.658422
case_299,c,2025-02-24 20:58:11.658422
case_299,c,2025-02-24 21:03:11.658422
case_300,c,2025-02-24 19:28:11.658451
case_300,c,2025-02-24 19:33:11.658451
case_300,a,2025-02-24 19:38:11.658451
case_300,a,2025-02-24 19:43:11.658451
case_300,a,2025-02-24 19:48:11.658451
case_300,c,2025-02-24 19:53:11.658451
case_300,c,2025-02-24 19:58:11.658451
case_300,c,2025-02-24 20:03:11.658451
case_300,b,2025-02-24 20:08:11.658451
case_300,c,2025-02-24 20:13:11.658451
case_300,c,2025-02-24 20:18:11.658451
case_300,a,2025-02-24 20:23:11.658451
case_300,c,2025-02-24 20:28:11.658451
case_300,a,2025-02-24 20:33:11.658451
case_300,b,2025-02-24 20:38:11.658451
case_300,c,2025-02-24 20:43:11.658451
case_300,c,2025-02-24 20:48:11.658451
case_300,a,2025-02-24 20:53:11.658451
case_300,a,2025-02-24 20:58:11.658451
case_300,a,2025-02-24 21:03:11.658451
case_301,c,2025-02-24 19:28:11.658481
case_301,b,2025-02-24 19:33:11.658481
case_301,a,2025-02-24 19:38:11.658481
case_301,b,2025-02-24 19:43:11.658481
case_301,c,2025-02-24 19:48:11.658481
case_301,c,2025-02-24 19:53:11.658481
case_301,c,2025-02-24 19:58:11.658481
case_301,c,2025-02-24 20:03:11.658481
case_301,c,2025-02-24 20:08:11.658481
case_301,c,2025-02-24 20:13:11.658481
case_301,b,2025-02-24 20:18:11.658481
case_301,a,2025-02-24 20:23:11.658481
case_301,c,2025-02-24 20:28:11.658481
case_301,a,2025-02-24 20:33:11.658481
case_301,a,2025-02-24 20:38:11.658481
case_301,b,2025-02-24 20:43:11.658481
case_301,a,2025-02-24 20:48:11.658481
case_301,c,2025-02-24 20:53:11.658481
case_301,a,2025-02-24 20:58:11.658481
case_301,c,2025-02-24 21:03:11.658481
case_302,a,2025-02-24 19:28:11.658511
case_302,b,2025-02-24 19:33:11.658511
case_302,a,2025-02-24 19:38:11.658511
case_302,c,2025-02-24 19:43:11.658511
case_302,a,2025-02-24 19:48:11.658511
case_302,b,2025-02-24 19:53:11.658511
case_302,a,2025-02-24 19:58:11.658511
case_302,a,2025-02-24 20:03:11.658511
case_302,a,2025-02-24 20:08:11.658511
case_302,c,2025-02-24 20:13:11.658511
case_302,c,2025-02-24 20:18:11.658511
case_302,b,2025-02-24 20:23:11.658511
case_302,a,2025-02-24 20:28:11.658511
case_302,c,2025-02-24 20:33:11.658511
case_302,c,2025-02-24 20:38:11.658511
case_302,b,2025-02-24 20:43:11.658511
case_302,c,2025-02-24 20:48:11.658511
case_302,a,2025-02-24 20:53:11.658511
case_302,c,2025-02-24 20:58:11.658511
case_302,a,2025-02-24 21:03:11.658511
case_303,a,2025-02-24 19:28:11.658540
case_303,b,2025-02-24 19:33:11.658540
case_303,c,2025-02-24 19:38:11.658540
case_303,c,2025-02-24 19:43:11.658540
case_303,b,2025-02-24 19:48:11.658540
case_303,a,2025-02-24 19:53:11.658540
case_303,b,2025-02-24 19:58:11.658540
case_303,c,2025-02-24 20:03:11.658540
case_303,a,2025-02-24 20:08:11.658540
case_303,b,2025-02-24 20:13:11.658540
case_303,c,2025-02-24 20:18:11.658540
case_303,a,2025-02-24 20:23:11.658540
case_303,c,2025-02-24 20:28:11.658540
case_303,c,2025-02-24 20:33:11.658540
case_303,c,2025-02-24 20:38:11.658540
case_303,b,2025-02-24 20:43:11.658540
case_303,c,2025-02-24 20:48:11.658540
case_303,b,2025-02-24 20:53:11.658540
case_303,c,2025-02-24 20:58:11.658540
case_303,a,2025-02-24 21:03:11.658540
case_304,c,2025-02-24 19:28:11.658570
case_304,b,2025-02-24 19:33:11.658570
case_304,a,2025-02-24 19:38:11.658570
case_304,c,2025-02-24 19:43:11.658570
case_304,c,2025-02-24 19:48:11.658570
case_304,a,2025-02-24 19:53:11.658570
case_304,a,2025-02-24 19:58:11.658570
case_304,c,2025-02-24 20:03:11.658570
case_304,a,2025-02-24 20:08:11.658570
case_304,a,2025-02-24 20:13:11.658570
case_304,b,2025-02-24 20:18:11.658570
case_304,c,2025-02-24 20:23:11.658570
case_304,b,2025-02-24 20:28:11.658570
case_304,a,2025-02-24 20:33:11.658570
case_304,b,2025-02-24 20:38:11.658570
case_304,a,2025-02-24 20:43:11.658570
case_304,c,2025-02-24 20:48:11.658570
case_304,c,2025-02-24 20:53:11.658570
case_304,b,2025-02-24 20:58:11.658570
case_304,c,2025-02-24 21:03:11.658570
case_305,a,2025-02-24 19:28:11.658600
case_305,a,2025-02-24 19:33:11.658600
case_305,a,2025-02-24 19:38:11.658600
case_305,a,2025-02-24 19:43:11.658600
case_305,c,2025-02-24 19:48:11.658600
case_305,a,2025-02-24 19:53:11.658600
case_305,c,2025-02-24 19:58:11.658600
case_305,c,2025-02-24 20:03:11.658600
case_305,a,2025-02-24 20:08:11.658600
case_305,a,2025-02-24 20:13:11.658600
case_305,a,2025-02-24 20:18:11.658600
case_305,b,2025-02-24 20:23:11.658600
case_305,c,2025-02-24 20:28:11.658600
case_305,a,2025-02-24 20:33:11.658600
case_305,b,2025-02-24 20:38:11.658600
case_305,a,2025-02-24 20:43:11.658600
case_305,a,2025-02-24 20:48:11.658600
case_305,c,2025-02-24 20:53:11.658600
case_305,b,2025-02-24 20:58:11.658600
case_305,a,2025-02-24 21:03:11.658600
case_306,a,2025-02-24 19:28:11.658629
case_306,b,2025-02-24 19:33:11.658629
case_306,c,2025-02-24 19:38:11.658629
case_306,c,2025-02-24 19:43:11.658629
case_306,b,2025-02-24 19:48:11.658629
case_306,a,2025-02-24 19:53:11.658629
case_306,a,2025-02-24 19:58:11.658629
case_306,b,2025-02-24 20:03:11.658629
case_306,c,2025-02-24 20:08:11.658629
case_306,a,2025-02-24 20:13:11.658629
case_306,c,2025-02-24 20:18:11.658629
case_306,a,2025-02-24 20:23:11.658629
case_306,b,2025-02-24 20:28:11.658629
case_306,c,2025-02-24 20:33:11.658629
case_306,b,2025-02-24 20:38:11.658629
case_306,a,2025-02-24 20:43:11.658629
case_306,b,2025-02-24 20:48:11.658629
case_306,a,2025-02-24 20:53:11.658629
case_306,b,2025-02-24 20:58:11.658629
case_306,c,2025-02-24 21:03:11.658629
case_307,a,2025-02-24 19:28:11.658659
case_307,b,2025-02-24 19:33:11.658659
case_307,a,2025-02-24 19:38:11.658659
case_307,a,2025-02-24 19:43:11.658659
case_307,a,2025-02-24 19:48:11.658659
case_307,a,2025-02-24 19:53:11.658659
case_307,c,2025-02-24 19:58:11.658659
case_307,b,2025-02-24 20:03:11.658659
case_307,a,2025-02-24 20:08:11.658659
case_307,a,2025-02-24 20:13:11.658659
case_307,c,2025-02-24 20:18:11.658659
case_307,a,2025-02-24 20:23:11.658659
case_307,a,2025-02-24 20:28:11.658659
case_307,a,2025-02-24 20:33:11.658659
case_307,b,2025-02-24 20:38:11.658659
case_307,c,2025-02-24 20:43:11.658659
case_307,c,2025-02-24 20:48:11.658659
case_307,b,2025-02-24 20:53:11.658659
case_307,a,2025-02-24 20:58:11.658659
case_307,c,2025-02-24 21:03:11.658659
case_308,c,2025-02-24 19:28:11.658689
case_308,b,2025-02-24 19:33:11.658689
case_308,a,2025-02-24 19:38:11.658689
case_308,c,2025-02-24 19:43:11.658689
case_308,c,2025-02-24 19:48:11.658689
case_308,b,2025-02-24 19:53:11.658689
case_308,c,2025-02-24 19:58:11.658689
case_308,b,2025-02-24 20:03:11.658689
case_308,a,2025-02-24 20:08:11.658689
case_308,c,2025-02-24 20:13:11.658689
case_308,a,2025-02-24 20:18:11.658689
case_308,c,2025-02-24 20:23:11.658689
case_308,b,2025-02-24 20:28:11.658689
case_308,c,2025-02-24 20:33:11.658689
case_308,c,2025-02-24 20:38:11.658689
case_308,b,2025-02-24 20:43:11.658689
case_308,c,2025-02-24 20:48:11.658689
case_308,c,2025-02-24 20:53:11.658689
case_308,a,2025-02-24 20:58:11.658689
case_308,c,2025-02-24 21:03:11.658689
case_309,a,2025-02-24 19:28:11.658719
case_309,a,2025-02-24 19:33:11.658719
case_309,a,2025-02-24 19:38:11.658719
case_309,c,2025-02-24 19:43:11.658719
case_309,a,2025-02-24 19:48:11.658719
case_309,b,2025-02-24 19:53:11.658719
case_309,a,2025-02-24 19:58:11.658719
case_309,a,2025-02-24 20:03:11.658719
case_309,c,2025-02-24 20:08:11.658719
case_309,a,2025-02-24 20:13:11.658719
case_309,a,2025-02-24 20:18:11.658719
case_309,a,2025-02-24 20:23:11.658719
case_309,c,2025-02-24 20:28:11.658719
case_309,b,2025-02-24 20:33:11.658719
case_309,c,2025-02-24 20:38:11.658719
case_309,a,2025-02-24 20:43:11.658719
case_309,a,2025-02-24 20:48:11.658719
case_309,a,2025-02-24 20:53:11.658719
case_309,c,2025-02-24 20:58:11.658719
case_309,c,2025-02-24 21:03:11.658719
case_310,a,2025-02-24 19:28:11.658748
case_310,c,2025-02-24 19:33:11.658748
case_310,a,2025-02-24 19:38:11.658748
case_310,b,2025-02-24 19:43:11.658748
case_310,c,2025-02-24 19:48:11.658748
case_310,a,2025-02-24 19:53:11.658748
case_310,a,2025-02-24 19:58:11.658748
case_310,a,2025-02-24 20:03:11.658748
case_310,c,2025-02-24 20:08:11.658748
case_310,b,2025-02-24 20:13:11.658748
case_310,c,2025-02-24 20:18:11.658748
case_310,c,2025-02-24 20:23:11.658748
case_310,c,2025-02-24 20:28:11.658748
case_310,c,2025-02-24 20:33:11.658748
case_310,a,2025-02-24 20:38:11.658748
case_310,b,2025-02-24 20:43:11.658748
case_310,a,2025-02-24 20:48:11.658748
case_310,a,2025-02-24 20:53:11.658748
case_310,b,2025-02-24 20:58:11.658748
case_310,a,2025-02-24 21:03:11.658748
case_311,c,2025-02-24 19:28:11.658778
case_311,a,2025-02-24 19:33:11.658778
case_311,c,2025-02-24 19:38:11.658778
case_311,a,2025-02-24 19:43:11.658778
case_311,a,2025-02-24 19:48:11.658778
case_311,c,2025-02-24 19:53:11.658778
case_311,a,2025-02-24 19:58:11.658778
case_311,b,2025-02-24 20:03:11.658778
case_311,a,2025-02-24 20:08:11.658778
case_311,c,2025-02-24 20:13:11.658778
case_311,c,2025-02-24 20:18:11.658778
case_311,a,2025-02-24 20:23:11.658778
case_311,b,2025-02-24 20:28:11.658778
case_311,c,2025-02-24 20:33:11.658778
case_311,c,2025-02-24 20:38:11.658778
case_311,c,2025-02-24 20:43:11.658778
case_311,b,2025-02-24 20:48:11.658778
case_311,a,2025-02-24 20:53:11.658778
case_311,b,2025-02-24 20:58:11.658778
case_311,a,2025-02-24 21:03:11.658778
case_312,a,2025-02-24 19:28:11.658808
case_312,c,2025-02-24 19:33:11.658808
case_312,b,2025-02-24 19:38:11.658808
case_312,c,2025-02-24 19:43:11.658808
case_312,a,2025-02-24 19:48:11.658808
case_312,c,2025-02-24 19:53:11.658808
case_312,b,2025-02-24 19:58:11.658808
case_312,a,2025-02-24 20:03:11.658808
case_312,a,2025-02-24 20:08:11.658808
case_312,a,2025-02-24 20:13:11.658808
case_312,c,2025-02-24 20:18:11.658808
case_312,c,2025-02-24 20:23:11.658808
case_312,a,2025-02-24 20:28:11.658808
case_312,a,2025-02-24 20:33:11.658808
case_312,c,2025-02-24 20:38:11.658808
case_312,c,2025-02-24 20:43:11.658808
case_312,c,2025-02-24 20:48:11.658808
case_312,b,2025-02-24 20:53:11.658808
case_312,c,2025-02-24 20:58:11.658808
case_312,c,2025-02-24 21:03:11.658808
case_313,a,2025-02-24 19:28:11.658838
case_313,c,2025-02-24 19:33:11.658838
case_313,b,2025-02-24 19:38:11.658838
case_313,a,2025-02-24 19:43:11.658838
case_313,a,2025-02-24 19:48:11.658838
case_313,c,2025-02-24 19:53:11.658838
case_313,c,2025-02-24 19:58:11.658838
case_313,b,2025-02-24 20:03:11.658838
case_313,a,2025-02-24 20:08:11.658838
case_313,c,2025-02-24 20:13:11.658838
case_313,a,2025-02-24 20:18:11.658838
case_313,c,2025-02-24 20:23:11.658838
case_313,a,2025-02-24 20:28:11.658838
case_313,c,2025-02-24 20:33:11.658838
case_313,c,2025-02-24 20:38:11.658838
case_313,a,2025-02-24 20:43:11.658838
case_313,c,2025-02-24 20:48:11.658838
case_313,a,2025-02-24 20:53:11.658838
case_313,b,2025-02-24 20:58:11.658838
case_313,a,2025-02-24 21:03:11.658838
case_314,c,2025-02-24 19:28:11.658867
case_314,b,2025-02-24 19:33:11.658867
case_314,a,2025-02-24 19:38:11.658867
case_314,a,2025-02-24 19:43:11.658867
case_314,c,2025-02-24 19:48:11.658867
case_314,b,2025-02-24 19:53:11.658867
case_314,c,2025-02-24 19:58:11.658867
case_314,c,2025-02-24 20:03:11.658867
case_314,c,2025-02-24 20:08:11.658867
case_314,b,2025-02-24 20:13:11.658867
case_314,a,2025-02-24 20:18:11.658867
case_314,b,2025-02-24 20:23:11.658867
case_314,a,2025-02-24 20:28:11.658867
case_314,c,2025-02-24 20:33:11.658867
case_314,c,2025-02-24 20:38:11.658867
case_314,a,2025-02-24 20:43:11.658867
case_314,c,2025-02-24 20:48:11.658867
case_314,b,2025-02-24 20:53:11.658867
case_314,a,2025-02-24 20:58:11.658867
case_314,c,2025-02-24 21:03:11.658867
case_315,c,2025-02-24 19:28:11.658897
case_315,b,2025-02-24 19:33:11.658897
case_315,c,2025-02-24 19:38:11.658897
case_315,b,2025-02-24 19:43:11.658897
case_315,c,2025-02-24 19:48:11.658897
case_315,a,2025-02-24 19:53:11.658897
case_315,b,2025-02-24 19:58:11.658897
case_315,a,2025-02-24 20:03:11.658897
case_315,a,2025-02-24 20:08:11.658897
case_315,c,2025-02-24 20:13:11.658897
case_315,a,2025-02-24 20:18:11.658897
case_315,b,2025-02-24 20:23:11.658897
case_315,c,2025-02-24 20:28:11.658897
case_315,a,2025-02-24 20:33:11.658897
case_315,b,2025-02-24 20:38:11.658897
case_315,a,2025-02-24 20:43:11.658897
case_315,c,2025-02-24 20:48:11.658897
case_315,c,2025-02-24 20:53:11.658897
case_315,a,2025-02-24 20:58:11.658897
case_315,c,2025-02-24 21:03:11.658897
case_316,c,2025-02-24 19:28:11.658927
case_316,c,2025-02-24 19:33:11.658927
case_316,a,2025-02-24 19:38:11.658927
case_316,a,2025-02-24 19:43:11.658927
case_316,a,2025-02-24 19:48:11.658927
case_316,b,2025-02-24 19:53:11.658927
case_316,a,2025-02-24 19:58:11.658927
case_316,c,2025-02-24 20:03:11.658927
case_316,c,2025-02-24 20:08:11.658927
case_316,b,2025-02-24 20:13:11.658927
case_316,c,2025-02-24 20:18:11.658927
case_316,c,2025-02-24 20:23:11.658927
case_316,c,2025-02-24 20:28:11.658927
case_316,a,2025-02-24 20:33:11.658927
case_316,b,2025-02-24 20:38:11.658927
case_316,a,2025-02-24 20:43:11.658927
case_316,c,2025-02-24 20:48:11.658927
case_316,c,2025-02-24 20:53:11.658927
case_316,a,2025-02-24 20:58:11.658927
case_316,a,2025-02-24 21:03:11.658927
case_317,c,2025-02-24 19:28:11.658957
case_317,a,2025-02-24 19:33:11.658957
case_317,c,2025-02-24 19:38:11.658957
case_317,c,2025-02-24 19:43:11.658957
case_317,a,2025-02-24 19:48:11.658957
case_317,b,2025-02-24 19:53:11.658957
case_317,c,2025-02-24 19:58:11.658957
case_317,a,2025-02-24 20:03:11.658957
case_317,b,2025-02-24 20:08:11.658957
case_317,c,2025-02-24 20:13:11.658957
case_317,b,2025-02-24 20:18:11.658957
case_317,c,2025-02-24 20:23:11.658957
case_317,a,2025-02-24 20:28:11.658957
case_317,b,2025-02-24 20:33:11.658957
case_317,c,2025-02-24 20:38:11.658957
case_317,c,2025-02-24 20:43:11.658957
case_317,b,2025-02-24 20:48:11.658957
case_317,c,2025-02-24 20:53:11.658957
case_317,c,2025-02-24 20:58:11.658957
case_317,a,2025-02-24 21:03:11.658957
case_318,a,2025-02-24 19:28:11.658986
case_318,b,2025-02-24 19:33:11.658986
case_318,c,2025-02-24 19:38:11.658986
case_318,b,2025-02-24 19:43:11.658986
case_318,c,2025-02-24 19:48:11.658986
case_318,a,2025-02-24 19:53:11.658986
case_318,c,2025-02-24 19:58:11.658986
case_318,a,2025-02-24 20:03:11.658986
case_318,a,2025-02-24 20:08:11.658986
case_318,c,2025-02-24 20:13:11.658986
case_318,a,2025-02-24 20:18:11.658986
case_318,c,2025-02-24 20:23:11.658986
case_318,a,2025-02-24 20:28:11.658986
case_318,c,2025-02-24 20:33:11.658986
case_318,b,2025-02-24 20:38:11.658986
case_318,c,2025-02-24 20:43:11.658986
case_318,c,2025-02-24 20:48:11.658986
case_318,b,2025-02-24 20:53:11.658986
case_318,a,2025-02-24 20:58:11.658986
case_318,c,2025-02-24 21:03:11.658986
case_319,c,2025-02-24 19:28:11.659016
case_319,b,2025-02-24 19:33:11.659016
case_319,c,2025-02-24 19:38:11.659016
case_319,b,2025-02-24 19:43:11.659016
case_319,c,2025-02-24 19:48:11.659016
case_319,c,2025-02-24 19:53:11.659016
case_319,c,2025-02-24 19:58:11.659016
case_319,a,2025-02-24 20:03:11.659016
case_319,b,2025-02-24 20:08:11.659016
case_319,c,2025-02-24 20:13:11.659016
case_319,c,2025-02-24 20:18:11.659016
case_319,c,2025-02-24 20:23:11.659016
case_319,a,2025-02-24 20:28:11.659016
case_319,a,2025-02-24 20:33:11.659016
case_319,b,2025-02-24 20:38:11.659016
case_319,a,2025-02-24 20:43:11.659016
case_319,c,2025-02-24 20:48:11.659016
case_319,b,2025-02-24 20:53:11.659016
case_319,c,2025-02-24 20:58:11.659016
case_319,a,2025-02-24 21:03:11.659016
case_320,a,2025-02-24 19:28:11.659046
case_320,b,2025-02-24 19:33:11.659046
case_320,a,2025-02-24 19:38:11.659046
case_320,b,2025-02-24 19:43:11.659046
case_320,a,2025-02-24 19:48:11.659046
case_320,b,2025-02-24 19:53:11.659046
case_320,c,2025-02-24 19:58:11.659046
case_320,a,2025-02-24 20:03:11.659046
case_320,c,2025-02-24 20:08:11.659046
case_320,b,2025-02-24 20:13:11.659046
case_320,a,2025-02-24 20:18:11.659046
case_320,a,2025-02-24 20:23:11.659046
case_320,c,2025-02-24 20:28:11.659046
case_320,b,2025-02-24 20:33:11.659046
case_320,c,2025-02-24 20:38:11.659046
case_320,c,2025-02-24 20:43:11.659046
case_320,a,2025-02-24 20:48:11.659046
case_320,a,2025-02-24 20:53:11.659046
case_320,b,2025-02-24 20:58:11.659046
case_320,c,2025-02-24 21:03:11.659046
case_321,c,2025-02-24 19:28:11.659076
case_321,b,2025-02-24 19:33:11.659076
case_321,c,2025-02-24 19:38:11.659076
case_321,a,2025-02-24 19:43:11.659076
case_321,a,2025-02-24 19:48:11.659076
case_321,c,2025-02-24 19:53:11.659076
case_321,b,2025-02-24 19:58:11.659076
case_321,a,2025-02-24 20:03:11.659076
case_321,b,2025-02-24 20:08:11.659076
case_321,a,2025-02-24 20:13:11.659076
case_321,c,2025-02-24 20:18:11.659076
case_321,b,2025-02-24 20:23:11.659076
case_321,c,2025-02-24 20:28:11.659076
case_321,a,2025-02-24 20:33:11.659076
case_321,b,2025-02-24 20:38:11.659076
case_321,a,2025-02-24 20:43:11.659076
case_321,c,2025-02-24 20:48:11.659076
case_321,a,2025-02-24 20:53:11.659076
case_321,a,2025-02-24 20:58:11.659076
case_321,a,2025-02-24 21:03:11.659076
case_322,c,2025-02-24 19:28:11.659105
case_322,b,2025-02-24 19:33:11.659105
case_322,c,2025-02-24 19:38:11.659105
case_322,c,2025-02-24 19:43:11.659105
case_322,b,2025-02-24 19:48:11.659105
case_322,c,2025-02-24 19:53:11.659105
case_322,c,2025-02-24 19:58:11.659105
case_322,c,2025-02-24 20:03:11.659105
case_322,a,2025-02-24 20:08:11.659105
case_322,a,2025-02-24 20:13:11.659105
case_322,a,2025-02-24 20:18:11.659105
case_322,c,2025-02-24 20:23:11.659105
case_322,c,2025-02-24 20:28:11.659105
case_322,a,2025-02-24 20:33:11.659105
case_322,b,2025-02-24 20:38:11.659105
case_322,c,2025-02-24 20:43:11.659105
case_322,a,2025-02-24 20:48:11.659105
case_322,b,2025-02-24 20:53:11.659105
case_322,c,2025-02-24 20:58:11.659105
case_322,c,2025-02-24 21:03:11.659105
case_323,c,2025-02-24 19:28:11.659135
case_323,b,2025-02-24 19:33:11.659135
case_323,a,2025-02-24 19:38:11.659135
case_323,a,2025-02-24 19:43:11.659135
case_323,a,2025-02-24 19:48:11.659135
case_323,b,2025-02-24 19:53:11.659135
case_323,a,2025-02-24 19:58:11.659135
case_323,b,2025-02-24 20:03:11.659135
case_323,a,2025-02-24 20:08:11.659135
case_323,a,2025-02-24 20:13:11.659135
case_323,a,2025-02-24 20:18:11.659135
case_323,b,2025-02-24 20:23:11.659135
case_323,c,2025-02-24 20:28:11.659135
case_323,c,2025-02-24 20:33:11.659135
case_323,a,2025-02-24 20:38:11.659135
case_323,b,2025-02-24 20:43:11.659135
case_323,a,2025-02-24 20:48:11.659135
case_323,a,2025-02-24 20:53:11.659135
case_323,a,2025-02-24 20:58:11.659135
case_323,a,2025-02-24 21:03:11.659135
case_324,a,2025-02-24 19:28:11.659165
case_324,b,2025-02-24 19:33:11.659165
case_324,a,2025-02-24 19:38:11.659165
case_324,b,2025-02-24 19:43:11.659165
case_324,c,2025-02-24 19:48:11.659165
case_324,a,2025-02-24 19:53:11.659165
case_324,a,2025-02-24 19:58:11.659165
case_324,b,2025-02-24 20:03:11.659165
case_324,a,2025-02-24 20:08:11.659165
case_324,b,2025-02-24 20:13:11.659165
case_324,c,2025-02-24 20:18:11.659165
case_324,b,2025-02-24 20:23:11.659165
case_324,c,2025-02-24 20:28:11.659165
case_324,a,2025-02-24 20:33:11.659165
case_324,a,2025-02-24 20:38:11.659165
case_324,b,2025-02-24 20:43:11.659165
case_324,a,2025-02-24 20:48:11.659165
case_324,c,2025-02-24 20:53:11.659165
case_324,a,2025-02-24 20:58:11.659165
case_324,c,2025-02-24 21:03:11.659165
case_325,a,2025-02-24 19:28:11.659195
case_325,a,2025-02-24 19:33:11.659195
case_325,a,2025-02-24 19:38:11.659195
case_325,b,2025-02-24 19:43:11.659195
case_325,c,2025-02-24 19:48:11.659195
case_325,a,2025-02-24 19:53:11.659195
case_325,b,2025-02-24 19:58:11.659195
case_325,c,2025-02-24 20:03:11.659195
case_325,c,2025-02-24 20:08:11.659195
case_325,c,2025-02-24 20:13:11.659195
case_325,a,2025-02-24 20:18:11.659195
case_325,b,2025-02-24 20:23:11.659195
case_325,a,2025-02-24 20:28:11.659195
case_325,b,2025-02-24 20:33:11.659195
case_325,a,2025-02-24 20:38:11.659195
case_325,b,2025-02-24 20:43:11.659195
case_325,c,2025-02-24 20:48:11.659195
case_325,a,2025-02-24 20:53:11.659195
case_325,c,2025-02-24 20:58:11.659195
case_325,a,2025-02-24 21:03:11.659195
case_326,c,2025-02-24 19:28:11.659225
case_326,b,2025-02-24 19:33:11.659225
case_326,a,2025-02-24 19:38:11.659225
case_326,c,2025-02-24 19:43:11.659225
case_326,a,2025-02-24 19:48:11.659225
case_326,a,2025-02-24 19:53:11.659225
case_326,b,2025-02-24 19:58:11.659225
case_326,c,2025-02-24 20:03:11.659225
case_326,b,2025-02-24 20:08:11.659225
case_326,c,2025-02-24 20:13:11.659225
case_326,c,2025-02-24 20:18:11.659225
case_326,b,2025-02-24 20:23:11.659225
case_326,a,2025-02-24 20:28:11.659225
case_326,a,2025-02-24 20:33:11.659225
case_326,b,2025-02-24 20:38:11.659225
case_326,c,2025-02-24 20:43:11.659225
case_326,a,2025-02-24 20:48:11.659225
case_326,b,2025-02-24 20:53:11.659225
case_326,a,2025-02-24 20:58:11.659225
case_326,a,2025-02-24 21:03:11.659225
case_327,a,2025-02-24 19:28:11.659255
case_327,c,2025-02-24 19:33:11.659255
case_327,b,2025-02-24 19:38:11.659255
case_327,c,2025-02-24 19:43:11.659255
case_327,c,2025-02-24 19:48:11.659255
case_327,b,2025-02-24 19:53:11.659255
case_327,a,2025-02-24 19:58:11.659255
case_327,b,2025-02-24 20:03:11.659255
case_327,a,2025-02-24 20:08:11.659255
case_327,b,2025-02-24 20:13:11.659255
case_327,c,2025-02-24 20:18:11.659255
case_327,b,2025-02-24 20:23:11.659255
case_327,c,2025-02-24 20:28:11.659255
case_327,c,2025-02-24 20:33:11.659255
case_327,b,2025-02-24 20:38:11.659255
case_327,a,2025-02-24 20:43:11.659255
case_327,a,2025-02-24 20:48:11.659255
case_327,b,2025-02-24 20:53:11.659255
case_327,a,2025-02-24 20:58:11.659255
case_327,a,2025-02-24 21:03:11.659255
case_328,c,2025-02-24 19:28:11.659285
case_328,c,2025-02-24 19:33:11.659285
case_328,c,2025-02-24 19:38:11.659285
case_328,a,2025-02-24 19:43:11.659285
case_328,c,2025-02-24 19:48:11.659285
case_328,c,2025-02-24 19:53:11.659285
case_328,b,2025-02-24 19:58:11.659285
case_328,c,2025-02-24 20:03:11.659285
case_328,a,2025-02-24 20:08:11.659285
case_328,c,2025-02-24 20:13:11.659285
case_328,c,2025-02-24 20:18:11.659285
case_328,c,2025-02-24 20:23:11.659285
case_328,b,2025-02-24 20:28:11.659285
case_328,a,2025-02-24 20:33:11.659285
case_328,a,2025-02-24 20:38:11.659285
case_328,c,2025-02-24 20:43:11.659285
case_328,b,2025-02-24 20:48:11.659285
case_328,a,2025-02-24 20:53:11.659285
case_328,a,2025-02-24 20:58:11.659285
case_328,a,2025-02-24 21:03:11.659285
case_329,c,2025-02-24 19:28:11.659316
case_329,b,2025-02-24 19:33:11.659316
case_329,a,2025-02-24 19:38:11.659316
case_329,a,2025-02-24 19:43:11.659316
case_329,a,2025-02-24 19:48:11.659316
case_329,b,2025-02-24 19:53:11.659316
case_329,a,2025-02-24 19:58:11.659316
case_329,c,2025-02-24 20:03:11.659316
case_329,b,2025-02-24 20:08:11.659316
case_329,a,2025-02-24 20:13:11.659316
case_329,b,2025-02-24 20:18:11.659316
case_329,a,2025-02-24 20:23:11.659316
case_329,b,2025-02-24 20:28:11.659316
case_329,a,2025-02-24 20:33:11.659316
case_329,c,2025-02-24 20:38:11.659316
case_329,a,2025-02-24 20:43:11.659316
case_329,a,2025-02-24 20:48:11.659316
case_329,b,2025-02-24 20:53:11.659316
case_329,a,2025-02-24 20:58:11.659316
case_329,a,2025-02-24 21:03:11.659316
case_330,c,2025-02-24 19:28:11.659348
case_330,a,2025-02-24 19:33:11.659348
case_330,b,2025-02-24 19:38:11.659348
case_330,a,2025-02-24 19:43:11.659348
case_330,a,2025-02-24 19:48:11.659348
case_330,a,2025-02-24 19:53:11.659348
case_330,c,2025-02-24 19:58:11.659348
case_330,a,2025-02-24 20:03:11.659348
case_330,a,2025-02-24 20:08:11.659348
case_330,c,2025-02-24 20:13:11.659348
case_330,b,2025-02-24 20:18:11.659348
case_330,c,2025-02-24 20:23:11.659348
case_330,b,2025-02-24 20:28:11.659348
case_330,c,2025-02-24 20:33:11.659348
case_330,b,2025-02-24 20:38:11.659348
case_330,c,2025-02-24 20:43:11.659348
case_330,b,2025-02-24 20:48:11.659348
case_330,a,2025-02-24 20:53:11.659348
case_330,b,2025-02-24 20:58:11.659348
case_330,a,2025-02-24 21:03:11.659348
case_331,c,2025-02-24 19:28:11.659377
case_331,c,2025-02-24 19:33:11.659377
case_331,b,2025-02-24 19:38:11.659377
case_331,c,2025-02-24 19:43:11.659377
case_331,b,2025-02-24 19:48:11.659377
case_331,c,2025-02-24 19:53:11.659377
case_331,c,2025-02-24 19:58:11.659377
case_331,b,2025-02-24 20:03:11.659377
case_331,a,2025-02-24 20:08:11.659377
case_331,b,2025-02-24 20:13:11.659377
case_331,c,2025-02-24 20:18:11.659377
case_331,a,2025-02-24 20:23:11.659377
case_331,a,2025-02-24 20:28:11.659377
case_331,a,2025-02-24 20:33:11.659377
case_331,c,2025-02-24 20:38:11.659377
case_331,a,2025-02-24 20:43:11.659377
case_331,a,2025-02-24 20:48:11.659377
case_331,a,2025-02-24 20:53:11.659377
case_331,a,2025-02-24 20:58:11.659377
case_331,c,2025-02-24 21:03:11.659377
case_332,a,2025-02-24 19:28:11.659409
case_332,a,2025-02-24 19:33:11.659409
case_332,a,2025-02-24 19:38:11.659409
case_332,b,2025-02-24 19:43:11.659409
case_332,c,2025-02-24 19:48:11.659409
case_332,b,2025-02-24 19:53:11.659409
case_332,c,2025-02-24 19:58:11.659409
case_332,a,2025-02-24 20:03:11.659409
case_332,b,2025-02-24 20:08:11.659409
case_332,c,2025-02-24 20:13:11.659409
case_332,b,2025-02-24 20:18:11.659409
case_332,c,2025-02-24 20:23:11.659409
case_332,b,2025-02-24 20:28:11.659409
case_332,a,2025-02-24 20:33:11.659409
case_332,a,2025-02-24 20:38:11.659409
case_332,a,2025-02-24 20:43:11.659409
case_332,b,2025-02-24 20:48:11.659409
case_332,c,2025-02-24 20:53:11.659409
case_332,c,2025-02-24 20:58:11.659409
case_332,a,2025-02-24 21:03:11.659409
case_333,c,2025-02-24 19:28:11.659438
case_333,a,2025-02-24 19:33:11.659438
case_333,b,2025-02-24 19:38:11.659438
case_333,a,2025-02-24 19:43:11.659438
case_333,b,2025-02-24 19:48:11.659438
case_333,c,2025-02-24 19:53:11.659438
case_333,b,2025-02-24 19:58:11.659438
case_333,c,2025-02-24 20:03:11.659438
case_333,a,2025-02-24 20:08:11.659438
case_333,b,2025-02-24 20:13:11.659438
case_333,a,2025-02-24 20:18:11.659438
case_333,c,2025-02-24 20:23:11.659438
case_333,a,2025-02-24 20:28:11.659438
case_333,c,2025-02-24 20:33:11.659438
case_333,c,2025-02-24 20:38:11.659438
case_333,a,2025-02-24 20:43:11.659438
case_333,a,2025-02-24 20:48:11.659438
case_333,b,2025-02-24 20:53:11.659438
case_333,c,2025-02-24 20:58:11.659438
case_333,a,2025-02-24 21:03:11.659438
case_334,c,2025-02-24 19:28:11.659468
case_334,c,2025-02-24 19:33:11.659468
case_334,a,2025-02-24 19:38:11.659468
case_334,c,2025-02-24 19:43:11.659468
case_334,c,2025-02-24 19:48:11.659468
case_334,a,2025-02-24 19:53:11.659468
case_334,a,2025-02-24 19:58:11.659468
case_334,a,2025-02-24 20:03:11.659468
case_334,a,2025-02-24 20:08:11.659468
case_334,b,2025-02-24 20:13:11.659468
case_334,a,2025-02-24 20:18:11.659468
case_334,a,2025-02-24 20:23:11.659468
case_334,a,2025-02-24 20:28:11.659468
case_334,a,2025-02-24 20:33:11.659468
case_334,c,2025-02-24 20:38:11.659468
case_334,b,2025-02-24 20:43:11.659468
case_334,c,2025-02-24 20:48:11.659468
case_334,a,2025-02-24 20:53:11.659468
case_334,b,2025-02-24 20:58:11.659468
case_334,c,2025-02-24 21:03:11.659468
case_335,c,2025-02-24 19:28:11.659497
case_335,c,2025-02-24 19:33:11.659497
case_335,b,2025-02-24 19:38:11.659497
case_335,c,2025-02-24 19:43:11.659497
case_335,a,2025-02-24 19:48:11.659497
case_335,a,2025-02-24 19:53:11.659497
case_335,a,2025-02-24 19:58:11.659497
case_335,a,2025-02-24 20:03:11.659497
case_335,a,2025-02-24 20:08:11.659497
case_335,b,2025-02-24 20:13:11.659497
case_335,c,2025-02-24 20:18:11.659497
case_335,a,2025-02-24 20:23:11.659497
case_335,c,2025-02-24 20:28:11.659497
case_335,a,2025-02-24 20:33:11.659497
case_335,a,2025-02-24 20:38:11.659497
case_335,b,2025-02-24 20:43:11.659497
case_335,c,2025-02-24 20:48:11.659497
case_335,b,2025-02-24 20:53:11.659497
case_335,c,2025-02-24 20:58:11.659497
case_335,c,2025-02-24 21:03:11.659497
case_336,c,2025-02-24 19:28:11.659527
case_336,a,2025-02-24 19:33:11.659527
case_336,a,2025-02-24 19:38:11.659527
case_336,b,2025-02-24 19:43:11.659527
case_336,c,2025-02-24 19:48:11.659527
case_336,a,2025-02-24 19:53:11.659527
case_336,a,2025-02-24 19:58:11.659527
case_336,b,2025-02-24 20:03:11.659527
case_336,c,2025-02-24 20:08:11.659527
case_336,b,2025-02-24 20:13:11.659527
case_336,a,2025-02-24 20:18:11.659527
case_336,c,2025-02-24 20:23:11.659527
case_336,c,2025-02-24 20:28:11.659527
case_336,c,2025-02-24 20:33:11.659527
case_336,c,2025-02-24 20:38:11.659527
case_336,b,2025-02-24 20:43:11.659527
case_336,a,2025-02-24 20:48:11.659527
case_336,a,2025-02-24 20:53:11.659527
case_336,b,2025-02-24 20:58:11.659527
case_336,c,2025-02-24 21:03:11.659527
case_337,c,2025-02-24 19:28:11.659557
case_337,c,2025-02-24 19:33:11.659557
case_337,c,2025-02-24 19:38:11.659557
case_337,b,2025-02-24 19:43:11.659557
case_337,a,2025-02-24 19:48:11.659557
case_337,a,2025-02-24 19:53:11.659557
case_337,c,2025-02-24 19:58:11.659557
case_337,c,2025-02-24 20:03:11.659557
case_337,a,2025-02-24 20:08:11.659557
case_337,b,2025-02-24 20:13:11.659557
case_337,c,2025-02-24 20:18:11.659557
case_337,b,2025-02-24 20:23:11.659557
case_337,c,2025-02-24 20:28:11.659557
case_337,b,2025-02-24 20:33:11.659557
case_337,c,2025-02-24 20:38:11.659557
case_337,c,2025-02-24 20:43:11.659557
case_337,c,2025-02-24 20:48:11.659557
case_337,b,2025-02-24 20:53:11.659557
case_337,c,2025-02-24 20:58:11.659557
case_337,a,2025-02-24 21:03:11.659557
case_338,c,2025-02-24 19:28:11.659586
case_338,c,2025-02-24 19:33:11.659586
case_338,b,2025-02-24 19:38:11.659586
case_338,a,2025-02-24 19:43:11.659586
case_338,c,2025-02-24 19:48:11.659586
case_338,c,2025-02-24 19:53:11.659586
case_338,b,2025-02-24 19:58:11.659586
case_338,c,2025-02-24 20:03:11.659586
case_338,a,2025-02-24 20:08:11.659586
case_338,c,2025-02-24 20:13:11.659586
case_338,a,2025-02-24 20:18:11.659586
case_338,c,2025-02-24 20:23:11.659586
case_338,c,2025-02-24 20:28:11.659586
case_338,b,2025-02-24 20:33:11.659586
case_338,a,2025-02-24 20:38:11.659586
case_338,b,2025-02-24 20:43:11.659586
case_338,c,2025-02-24 20:48:11.659586
case_338,b,2025-02-24 20:53:11.659586
case_338,a,2025-02-24 20:58:11.659586
case_338,a,2025-02-24 21:03:11.659586
case_339,a,2025-02-24 19:28:11.659615
case_339,c,2025-02-24 19:33:11.659615
case_339,b,2025-02-24 19:38:11.659615
case_339,a,2025-02-24 19:43:11.659615
case_339,c,2025-02-24 19:48:11.659615
case_339,c,2025-02-24 19:53:11.659615
case_339,c,2025-02-24 19:58:11.659615
case_339,c,2025-02-24 20:03:11.659615
case_339,c,2025-02-24 20:08:11.659615
case_339,a,2025-02-24 20:13:11.659615
case_339,a,2025-02-24 20:18:11.659615
case_339,b,2025-02-24 20:23:11.659615
case_339,c,2025-02-24 20:28:11.659615
case_339,c,2025-02-24 20:33:11.659615
case_339,a,2025-02-24 20:38:11.659615
case_339,a,2025-02-24 20:43:11.659615
case_339,b,2025-02-24 20:48:11.659615
case_339,c,2025-02-24 20:53:11.659615
case_339,c,2025-02-24 20:58:11.659615
case_339,a,2025-02-24 21:03:11.659615
case_340,a,2025-02-24 19:28:11.659645
case_340,b,2025-02-24 19:33:11.659645
case_340,a,2025-02-24 19:38:11.659645
case_340,c,2025-02-24 19:43:11.659645
case_340,a,2025-02-24 19:48:11.659645
case_340,c,2025-02-24 19:53:11.659645
case_340,a,2025-02-24 19:58:11.659645
case_340,c,2025-02-24 20:03:11.659645
case_340,b,2025-02-24 20:08:11.659645
case_340,a,2025-02-24 20:13:11.659645
case_340,c,2025-02-24 20:18:11.659645
case_340,a,2025-02-24 20:23:11.659645
case_340,c,2025-02-24 20:28:11.659645
case_340,a,2025-02-24 20:33:11.659645
case_340,a,2025-02-24 20:38:11.659645
case_340,c,2025-02-24 20:43:11.659645
case_340,a,2025-02-24 20:48:11.659645
case_340,c,2025-02-24 20:53:11.659645
case_340,a,2025-02-24 20:58:11.659645
case_340,c,2025-02-24 21:03:11.659645
case_341,c,2025-02-24 19:28:11.659674
case_341,c,2025-02-24 19:33:11.659674
case_341,b,2025-02-24 19:38:11.659674
case_341,c,2025-02-24 19:43:11.659674
case_341,c,2025-02-24 19:48:11.659674
case_341,b,2025-02-24 19:53:11.659674
case_341,a,2025-02-24 19:58:11.659674
case_341,c,2025-02-24 20:03:11.659674
case_341,c,2025-02-24 20:08:11.659674
case_341,c,2025-02-24 20:13:11.659674
case_341,a,2025-02-24 20:18:11.659674
case_341,c,2025-02-24 20:23:11.659674
case_341,c,2025-02-24 20:28:11.659674
case_341,b,2025-02-24 20:33:11.659674
case_341,c,2025-02-24 20:38:11.659674
case_341,c,2025-02-24 20:43:11.659674
case_341,a,2025-02-24 20:48:11.659674
case_341,b,2025-02-24 20:53:11.659674
case_341,c,2025-02-24 20:58:11.659674
case_341,a,2025-02-24 21:03:11.659674
case_342,a,2025-02-24 19:28:11.659703
case_342,a,2025-02-24 19:33:11.659703
case_342,b,2025-02-24 19:38:11.659703
case_342,c,2025-02-24 19:43:11.659703
case_342,a,2025-02-24 19:48:11.659703
case_342,c,2025-02-24 19:53:11.659703
case_342,a,2025-02-24 19:58:11.659703
case_342,a,2025-02-24 20:03:11.659703
case_342,c,2025-02-24 20:08:11.659703
case_342,b,2025-02-24 20:13:11.659703
case_342,c,2025-02-24 20:18:11.659703
case_342,b,2025-02-24 20:23:11.659703
case_342,a,2025-02-24 20:28:11.659703
case_342,c,2025-02-24 20:33:11.659703
case_342,a,2025-02-24 20:38:11.659703
case_342,c,2025-02-24 20:43:11.659703
case_342,b,2025-02-24 20:48:11.659703
case_342,a,2025-02-24 20:53:11.659703
case_342,b,2025-02-24 20:58:11.659703
case_342,c,2025-02-24 21:03:11.659703
case_343,a,2025-02-24 19:28:11.659733
case_343,b,2025-02-24 19:33:11.659733
case_343,a,2025-02-24 19:38:11.659733
case_343,b,2025-02-24 19:43:11.659733
case_343,c,2025-02-24 19:48:11.659733
case_343,c,2025-02-24 19:53:11.659733
case_343,a,2025-02-24 19:58:11.659733
case_343,c,2025-02-24 20:03:11.659733
case_343,c,2025-02-24 20:08:11.659733
case_343,c,2025-02-24 20:13:11.659733
case_343,b,2025-02-24 20:18:11.659733
case_343,c,2025-02-24 20:23:11.659733
case_343,a,2025-02-24 20:28:11.659733
case_343,b,2025-02-24 20:33:11.659733
case_343,c,2025-02-24 20:38:11.659733
case_343,a,2025-02-24 20:43:11.659733
case_343,a,2025-02-24 20:48:11.659733
case_343,a,2025-02-24 20:53:11.659733
case_343,b,2025-02-24 20:58:11.659733
case_343,a,2025-02-24 21:03:11.659733
case_344,c,2025-02-24 19:28:11.659762
case_344,a,2025-02-24 19:33:11.659762
case_344,c,2025-02-24 19:38:11.659762
case_344,c,2025-02-24 19:43:11.659762
case_344,c,2025-02-24 19:48:11.659762
case_344,b,2025-02-24 19:53:11.659762
case_344,c,2025-02-24 19:58:11.659762
case_344,c,2025-02-24 20:03:11.659762
case_344,c,2025-02-24 20:08:11.659762
case_344,b,2025-02-24 20:13:11.659762
case_344,a,2025-02-24 20:18:11.659762
case_344,b,2025-02-24 20:23:11.659762
case_344,a,2025-02-24 20:28:11.659762
case_344,b,2025-02-24 20:33:11.659762
case_344,a,2025-02-24 20:38:11.659762
case_344,b,2025-02-24 20:43:11.659762
case_344,a,2025-02-24 20:48:11.659762
case_344,a,2025-02-24 20:53:11.659762
case_344,c,2025-02-24 20:58:11.659762
case_344,c,2025-02-24 21:03:11.659762
case_345,a,2025-02-24 19:28:11.659792
case_345,b,2025-02-24 19:33:11.659792
case_345,c,2025-02-24 19:38:11.659792
case_345,c,2025-02-24 19:43:11.659792
case_345,a,2025-02-24 19:48:11.659792
case_345,a,2025-02-24 19:53:11.659792
case_345,c,2025-02-24 19:58:11.659792
case_345,a,2025-02-24 20:03:11.659792
case_345,b,2025-02-24 20:08:11.659792
case_345,a,2025-02-24 20:13:11.659792
case_345,c,2025-02-24 20:18:11.659792
case_345,c,2025-02-24 20:23:11.659792
case_345,b,2025-02-24 20:28:11.659792
case_345,c,2025-02-24 20:33:11.659792
case_345,a,2025-02-24 20:38:11.659792
case_345,a,2025-02-24 20:43:11.659792
case_345,a,2025-02-24 20:48:11.659792
case_345,b,2025-02-24 20:53:11.659792
case_345,a,2025-02-24 20:58:11.659792
case_345,c,2025-02-24 21:03:11.659792
case_346,c,2025-02-24 19:28:11.659821
case_346,b,2025-02-24 19:33:11.659821
case_346,a,2025-02-24 19:38:11.659821
case_346,c,2025-02-24 19:43:11.659821
case_346,a,2025-02-24 19:48:11.659821
case_346,a,2025-02-24 19:53:11.659821
case_346,c,2025-02-24 19:58:11.659821
case_346,c,2025-02-24 20:03:11.659821
case_346,c,2025-02-24 20:08:11.659821
case_346,b,2025-02-24 20:13:11.659821
case_346,c,2025-02-24 20:18:11.659821
case_346,a,2025-02-24 20:23:11.659821
case_346,b,2025-02-24 20:28:11.659821
case_346,a,2025-02-24 20:33:11.659821
case_346,a,2025-02-24 20:38:11.659821
case_346,b,2025-02-24 20:43:11.659821
case_346,c,2025-02-24 20:48:11.659821
case_346,a,2025-02-24 20:53:11.659821
case_346,b,2025-02-24 20:58:11.659821
case_346,c,2025-02-24 21:03:11.659821
case_347,a,2025-02-24 19:28:11.659851
case_347,c,2025-02-24 19:33:11.659851
case_347,c,2025-02-24 19:38:11.659851
case_347,c,2025-02-24 19:43:11.659851
case_347,a,2025-02-24 19:48:11.659851
case_347,b,2025-02-24 19:53:11.659851
case_347,a,2025-02-24 19:58:11.659851
case_347,a,2025-02-24 20:03:11.659851
case_347,c,2025-02-24 20:08:11.659851
case_347,c,2025-02-24 20:13:11.659851
case_347,b,2025-02-24 20:18:11.659851
case_347,a,2025-02-24 20:23:11.659851
case_347,a,2025-02-24 20:28:11.659851
case_347,a,2025-02-24 20:33:11.659851
case_347,b,2025-02-24 20:38:11.659851
case_347,a,2025-02-24 20:43:11.659851
case_347,b,2025-02-24 20:48:11.659851
case_347,c,2025-02-24 20:53:11.659851
case_347,a,2025-02-24 20:58:11.659851
case_347,c,2025-02-24 21:03:11.659851
case_348,a,2025-02-24 19:28:11.659880
case_348,a,2025-02-24 19:33:11.659880
case_348,c,2025-02-24 19:38:11.659880
case_348,b,2025-02-24 19:43:11.659880
case_348,a,2025-02-24 19:48:11.659880
case_348,c,2025-02-24 19:53:11.659880
case_348,a,2025-02-24 19:58:11.659880
case_348,a,2025-02-24 20:03:11.659880
case_348,c,2025-02-24 20:08:11.659880
case_348,b,2025-02-24 20:13:11.659880
case_348,a,2025-02-24 20:18:11.659880
case_348,b,2025-02-24 20:23:11.659880
case_348,c,2025-02-24 20:28:11.659880
case_348,b,2025-02-24 20:33:11.659880
case_348,c,2025-02-24 20:38:11.659880
case_348,c,2025-02-24 20:43:11.659880
case_348,b,2025-02-24 20:48:11.659880
case_348,c,2025-02-24 20:53:11.659880
case_348,b,2025-02-24 20:58:11.659880
case_348,c,2025-02-24 21:03:11.659880
case_349,c,2025-02-24 19:28:11.659909
case_349,a,2025-02-24 19:33:11.659909
case_349,c,2025-02-24 19:38:11.659909
case_349,c,2025-02-24 19:43:11.659909
case_349,b,2025-02-24 19:48:11.659909
case_349,a,2025-02-24 19:53:11.659909
case_349,c,2025-02-24 19:58:11.659909
case_349,b,2025-02-24 20:03:11.659909
case_349,a,2025-02-24 20:08:11.659909
case_349,b,2025-02-24 20:13:11.659909
case_349,a,2025-02-24 20:18:11.659909
case_349,a,2025-02-24 20:23:11.659909
case_349,a,2025-02-24 20:28:11.659909
case_349,a,2025-02-24 20:33:11.659909
case_349,b,2025-02-24 20:38:11.659909
case_349,a,2025-02-24 20:43:11.659909
case_349,c,2025-02-24 20:48:11.659909
case_349,a,2025-02-24 20:53:11.659909
case_349,a,2025-02-24 20:58:11.659909
case_349,c,2025-02-24 21:03:11.659909
case_350,c,2025-02-24 19:28:11.659939
case_350,c,2025-02-24 19:33:11.659939
case_350,c,2025-02-24 19:38:11.659939
case_350,c,2025-02-24 19:43:11.659939
case_350,a,2025-02-24 19:48:11.659939
case_350,b,2025-02-24 19:53:11.659939
case_350,c,2025-02-24 19:58:11.659939
case_350,a,2025-02-24 20:03:11.659939
case_350,b,2025-02-24 20:08:11.659939
case_350,a,2025-02-24 20:13:11.659939
case_350,b,2025-02-24 20:18:11.659939
case_350,a,2025-02-24 20:23:11.659939
case_350,a,2025-02-24 20:28:11.659939
case_350,c,2025-02-24 20:33:11.659939
case_350,a,2025-02-24 20:38:11.659939
case_350,a,2025-02-24 20:43:11.659939
case_350,b,2025-02-24 20:48:11.659939
case_350,a,2025-02-24 20:53:11.659939
case_350,a,2025-02-24 20:58:11.659939
case_350,a,2025-02-24 21:03:11.659939
case_351,c,2025-02-24 19:28:11.659968
case_351,c,2025-02-24 19:33:11.659968
case_351,b,2025-02-24 19:38:11.659968
case_351,a,2025-02-24 19:43:11.659968
case_351,c,2025-02-24 19:48:11.659968
case_351,a,2025-02-24 19:53:11.659968
case_351,a,2025-02-24 19:58:11.659968
case_351,b,2025-02-24 20:03:11.659968
case_351,c,2025-02-24 20:08:11.659968
case_351,a,2025-02-24 20:13:11.659968
case_351,a,2025-02-24 20:18:11.659968
case_351,b,2025-02-24 20:23:11.659968
case_351,a,2025-02-24 20:28:11.659968
case_351,a,2025-02-24 20:33:11.659968
case_351,c,2025-02-24 20:38:11.659968
case_351,b,2025-02-24 20:43:11.659968
case_351,a,2025-02-24 20:48:11.659968
case_351,a,2025-02-24 20:53:11.659968
case_351,a,2025-02-24 20:58:11.659968
case_351,c,2025-02-24 21:03:11.659968
case_352,c,2025-02-24 19:28:11.659998
case_352,b,2025-02-24 19:33:11.659998
case_352,a,2025-02-24 19:38:11.659998
case_352,c,2025-02-24 19:43:11.659998
case_352,b,2025-02-24 19:48:11.659998
case_352,a,2025-02-24 19:53:11.659998
case_352,a,2025-02-24 19:58:11.659998
case_352,c,2025-02-24 20:03:11.659998
case_352,b,2025-02-24 20:08:11.659998
case_352,a,2025-02-24 20:13:11.659998
case_352,c,2025-02-24 20:18:11.659998
case_352,c,2025-02-24 20:23:11.659998
case_352,a,2025-02-24 20:28:11.659998
case_352,c,2025-02-24 20:33:11.659998
case_352,c,2025-02-24 20:38:11.659998
case_352,c,2025-02-24 20:43:11.659998
case_352,b,2025-02-24 20:48:11.659998
case_352,c,2025-02-24 20:53:11.659998
case_352,c,2025-02-24 20:58:11.659998
case_352,a,2025-02-24 21:03:11.659998
case_353,a,2025-02-24 19:28:11.660027
case_353,a,2025-02-24 19:33:11.660027
case_353,c,2025-02-24 19:38:11.660027
case_353,b,2025-02-24 19:43:11.660027
case_353,a,2025-02-24 19:48:11.660027
case_353,a,2025-02-24 19:53:11.660027
case_353,a,2025-02-24 19:58:11.660027
case_353,b,2025-02-24 20:03:11.660027
case_353,c,2025-02-24 20:08:11.660027
case_353,a,2025-02-24 20:13:11.660027
case_353,c,2025-02-24 20:18:11.660027
case_353,a,2025-02-24 20:23:11.660027
case_353,a,2025-02-24 20:28:11.660027
case_353,a,2025-02-24 20:33:11.660027
case_353,a,2025-02-24 20:38:11.660027
case_353,c,2025-02-24 20:43:11.660027
case_353,c,2025-02-24 20:48:11.660027
case_353,b,2025-02-24 20:53:11.660027
case_353,a,2025-02-24 20:58:11.660027
case_353,c,2025-02-24 21:03:11.660027
case_354,a,2025-02-24 19:28:11.660056
case_354,a,2025-02-24 19:33:11.660056
case_354,a,2025-02-24 19:38:11.660056
case_354,c,2025-02-24 19:43:11.660056
case_354,a,2025-02-24 19:48:11.660056
case_354,a,2025-02-24 19:53:11.660056
case_354,a,2025-02-24 19:58:11.660056
case_354,b,2025-02-24 20:03:11.660056
case_354,a,2025-02-24 20:08:11.660056
case_354,c,2025-02-24 20:13:11.660056
case_354,c,2025-02-24 20:18:11.660056
case_354,c,2025-02-24 20:23:11.660056
case_354,c,2025-02-24 20:28:11.660056
case_354,b,2025-02-24 20:33:11.660056
case_354,c,2025-02-24 20:38:11.660056
case_354,c,2025-02-24 20:43:11.660056
case_354,c,2025-02-24 20:48:11.660056
case_354,c,2025-02-24 20:53:11.660056
case_354,a,2025-02-24 20:58:11.660056
case_354,c,2025-02-24 21:03:11.660056
case_355,c,2025-02-24 19:28:11.660085
case_355,b,2025-02-24 19:33:11.660085
case_355,c,2025-02-24 19:38:11.660085
case_355,c,2025-02-24 19:43:11.660085
case_355,b,2025-02-24 19:48:11.660085
case_355,a,2025-02-24 19:53:11.660085
case_355,a,2025-02-24 19:58:11.660085
case_355,c,2025-02-24 20:03:11.660085
case_355,b,2025-02-24 20:08:11.660085
case_355,c,2025-02-24 20:13:11.660085
case_355,c,2025-02-24 20:18:11.660085
case_355,b,2025-02-24 20:23:11.660085
case_355,a,2025-02-24 20:28:11.660085
case_355,b,2025-02-24 20:33:11.660085
case_355,a,2025-02-24 20:38:11.660085
case_355,a,2025-02-24 20:43:11.660085
case_355,b,2025-02-24 20:48:11.660085
case_355,c,2025-02-24 20:53:11.660085
case_355,a,2025-02-24 20:58:11.660085
case_355,a,2025-02-24 21:03:11.660085
case_356,a,2025-02-24 19:28:11.660115
case_356,a,2025-02-24 19:33:11.660115
case_356,c,2025-02-24 19:38:11.660115
case_356,b,2025-02-24 19:43:11.660115
case_356,c,2025-02-24 19:48:11.660115
case_356,b,2025-02-24 19:53:11.660115
case_356,c,2025-02-24 19:58:11.660115
case_356,a,2025-02-24 20:03:11.660115
case_356,c,2025-02-24 20:08:11.660115
case_356,c,2025-02-24 20:13:11.660115
case_356,c,2025-02-24 20:18:11.660115
case_356,c,2025-02-24 20:23:11.660115
case_356,a,2025-02-24 20:28:11.660115
case_356,c,2025-02-24 20:33:11.660115
case_356,c,2025-02-24 20:38:11.660115
case_356,a,2025-02-24 20:43:11.660115
case_356,b,2025-02-24 20:48:11.660115
case_356,c,2025-02-24 20:53:11.660115
case_356,b,2025-02-24 20:58:11.660115
case_356,a,2025-02-24 21:03:11.660115
case_357,c,2025-02-24 19:28:11.660145
case_357,a,2025-02-24 19:33:11.660145
case_357,c,2025-02-24 19:38:11.660145
case_357,a,2025-02-24 19:43:11.660145
case_357,c,2025-02-24 19:48:11.660145
case_357,b,2025-02-24 19:53:11.660145
case_357,c,2025-02-24 19:58:11.660145
case_357,b,2025-02-24 20:03:11.660145
case_357,a,2025-02-24 20:08:11.660145
case_357,c,2025-02-24 20:13:11.660145
case_357,b,2025-02-24 20:18:11.660145
case_357,c,2025-02-24 20:23:11.660145
case_357,b,2025-02-24 20:28:11.660145
case_357,c,2025-02-24 20:33:11.660145
case_357,a,2025-02-24 20:38:11.660145
case_357,c,2025-02-24 20:43:11.660145
case_357,b,2025-02-24 20:48:11.660145
case_357,a,2025-02-24 20:53:11.660145
case_357,c,2025-02-24 20:58:11.660145
case_357,a,2025-02-24 21:03:11.660145
case_358,a,2025-02-24 19:28:11.660174
case_358,b,2025-02-24 19:33:11.660174
case_358,a,2025-02-24 19:38:11.660174
case_358,a,2025-02-24 19:43:11.660174
case_358,c,2025-02-24 19:48:11.660174
case_358,a,2025-02-24 19:53:11.660174
case_358,b,2025-02-24 19:58:11.660174
case_358,c,2025-02-24 20:03:11.660174
case_358,b,2025-02-24 20:08:11.660174
case_358,a,2025-02-24 20:13:11.660174
case_358,b,2025-02-24 20:18:11.660174
case_358,a,2025-02-24 20:23:11.660174
case_358,b,2025-02-24 20:28:11.660174
case_358,a,2025-02-24 20:33:11.660174
case_358,a,2025-02-24 20:38:11.660174
case_358,a,2025-02-24 20:43:11.660174
case_358,b,2025-02-24 20:48:11.660174
case_358,a,2025-02-24 20:53:11.660174
case_358,c,2025-02-24 20:58:11.660174
case_358,c,2025-02-24 21:03:11.660174
case_359,c,2025-02-24 19:28:11.660204
case_359,c,2025-02-24 19:33:11.660204
case_359,c,2025-02-24 19:38:11.660204
case_359,a,2025-02-24 19:43:11.660204
case_359,b,2025-02-24 19:48:11.660204
case_359,c,2025-02-24 19:53:11.660204
case_359,b,2025-02-24 19:58:11.660204
case_359,c,2025-02-24 20:03:11.660204
case_359,c,2025-02-24 20:08:11.660204
case_359,b,2025-02-24 20:13:11.660204
case_359,c,2025-02-24 20:18:11.660204
case_359,b,2025-02-24 20:23:11.660204
case_359,a,2025-02-24 20:28:11.660204
case_359,a,2025-02-24 20:33:11.660204
case_359,c,2025-02-24 20:38:11.660204
case_359,b,2025-02-24 20:43:11.660204
case_359,a,2025-02-24 20:48:11.660204
case_359,b,2025-02-24 20:53:11.660204
case_359,a,2025-02-24 20:58:11.660204
case_359,c,2025-02-24 21:03:11.660204
case_360,a,2025-02-24 19:28:11.660233
case_360,c,2025-02-24 19:33:11.660233
case_360,a,2025-02-24 19:38:11.660233
case_360,b,2025-02-24 19:43:11.660233
case_360,c,2025-02-24 19:48:11.660233
case_360,a,2025-02-24 19:53:11.660233
case_360,c,2025-02-24 19:58:11.660233
case_360,a,2025-02-24 20:03:11.660233
case_360,c,2025-02-24 20:08:11.660233
case_360,b,2025-02-24 20:13:11.660233
case_360,a,2025-02-24 20:18:11.660233
case_360,c,2025-02-24 20:23:11.660233
case_360,c,2025-02-24 20:28:11.660233
case_360,b,2025-02-24 20:33:11.660233
case_360,a,2025-02-24 20:38:11.660233
case_360,a,2025-02-24 20:43:11.660233
case_360,a,2025-02-24 20:48:11.660233
case_360,b,2025-02-24 20:53:11.660233
case_360,a,2025-02-24 20:58:11.660233
case_360,c,2025-02-24 21:03:11.660233
case_361,c,2025-02-24 19:28:11.660263
case_361,b,2025-02-24 19:33:11.660263
case_361,a,2025-02-24 19:38:11.660263
case_361,a,2025-02-24 19:43:11.660263
case_361,b,2025-02-24 19:48:11.660263
case_361,a,2025-02-24 19:53:11.660263
case_361,c,2025-02-24 19:58:11.660263
case_361,b,2025-02-24 20:03:11.660263
case_361,c,2025-02-24 20:08:11.660263
case_361,c,2025-02-24 20:13:11.660263
case_361,a,2025-02-24 20:18:11.660263
case_361,a,2025-02-24 20:23:11.660263
case_361,c,2025-02-24 20:28:11.660263
case_361,c,2025-02-24 20:33:11.660263
case_361,a,2025-02-24 20:38:11.660263
case_361,a,2025-02-24 20:43:11.660263
case_361,c,2025-02-24 20:48:11.660263
case_361,b,2025-02-24 20:53:11.660263
case_361,c,2025-02-24 20:58:11.660263
case_361,a,2025-02-24 21:03:11.660263
case_362,a,2025-02-24 19:28:11.660292
case_362,c,2025-02-24 19:33:11.660292
case_362,b,2025-02-24 19:38:11.660292
case_362,c,2025-02-24 19:43:11.660292
case_362,a,2025-02-24 19:48:11.660292
case_362,a,2025-02-24 19:53:11.660292
case_362,c,2025-02-24 19:58:11.660292
case_362,b,2025-02-24 20:03:11.660292
case_362,a,2025-02-24 20:08:11.660292
case_362,b,2025-02-24 20:13:11.660292
case_362,c,2025-02-24 20:18:11.660292
case_362,a,2025-02-24 20:23:11.660292
case_362,a,2025-02-24 20:28:11.660292
case_362,a,2025-02-24 20:33:11.660292
case_362,c,2025-02-24 20:38:11.660292
case_362,c,2025-02-24 20:43:11.660292
case_362,c,2025-02-24 20:48:11.660292
case_362,b,2025-02-24 20:53:11.660292
case_362,a,2025-02-24 20:58:11.660292
case_362,c,2025-02-24 21:03:11.660292
case_363,c,2025-02-24 19:28:11.660323
case_363,a,2025-02-24 19:33:11.660323
case_363,c,2025-02-24 19:38:11.660323
case_363,b,2025-02-24 19:43:11.660323
case_363,c,2025-02-24 19:48:11.660323
case_363,c,2025-02-24 19:53:11.660323
case_363,a,2025-02-24 19:58:11.660323
case_363,b,2025-02-24 20:03:11.660323
case_363,a,2025-02-24 20:08:11.660323
case_363,b,2025-02-24 20:13:11.660323
case_363,a,2025-02-24 20:18:11.660323
case_363,b,2025-02-24 20:23:11.660323
case_363,c,2025-02-24 20:28:11.660323
case_363,b,2025-02-24 20:33:11.660323
case_363,c,2025-02-24 20:38:11.660323
case_363,c,2025-02-24 20:43:11.660323
case_363,c,2025-02-24 20:48:11.660323
case_363,a,2025-02-24 20:53:11.660323
case_363,c,2025-02-24 20:58:11.660323
case_363,a,2025-02-24 21:03:11.660323
case_364,c,2025-02-24 19:28:11.660352
case_364,b,2025-02-24 19:33:11.660352
case_364,c,2025-02-24 19:38:11.660352
case_364,b,2025-02-24 19:43:11.660352
case_364,c,2025-02-24 19:48:11.660352
case_364,b,2025-02-24 19:53:11.660352
case_364,a,2025-02-24 19:58:11.660352
case_364,a,2025-02-24 20:03:11.660352
case_364,c,2025-02-24 20:08:11.660352
case_364,c,2025-02-24 20:13:11.660352
case_364,c,2025-02-24 20:18:11.660352
case_364,a,2025-02-24 20:23:11.660352
case_364,a,2025-02-24 20:28:11.660352
case_364,c,2025-02-24 20:33:11.660352
case_364,c,2025-02-24 20:38:11.660352
case_364,b,2025-02-24 20:43:11.660352
case_364,a,2025-02-24 20:48:11.660352
case_364,a,2025-02-24 20:53:11.660352
case_364,b,2025-02-24 20:58:11.660352
case_364,a,2025-02-24 21:03:11.660352
case_365,a,2025-02-24 19:28:11.660382
case_365,c,2025-02-24 19:33:11.660382
case_365,c,2025-02-24 19:38:11.660382
case_365,a,2025-02-24 19:43:11.660382
case_365,b,2025-02-24 19:48:11.660382
case_365,c,2025-02-24 19:53:11.660382
case_365,a,2025-02-24 19:58:11.660382
case_365,c,2025-02-24 20:03:11.660382
case_365,b,2025-02-24 20:08:11.660382
case_365,c,2025-02-24 20:13:11.660382
case_365,c,2025-02-24 20:18:11.660382
case_365,a,2025-02-24 20:23:11.660382
case_365,a,2025-02-24 20:28:11.660382
case_365,b,2025-02-24 20:33:11.660382
case_365,c,2025-02-24 20:38:11.660382
case_365,b,2025-02-24 20:43:11.660382
case_365,c,2025-02-24 20:48:11.660382
case_365,b,2025-02-24 20:53:11.660382
case_365,c,2025-02-24 20:58:11.660382
case_365,a,2025-02-24 21:03:11.660382
case_366,a,2025-02-24 19:28:11.660411
case_366,b,2025-02-24 19:33:11.660411
case_366,a,2025-02-24 19:38:11.660411
case_366,b,2025-02-24 19:43:11.660411
case_366,c,2025-02-24 19:48:11.660411
case_366,a,2025-02-24 19:53:11.660411
case_366,a,2025-02-24 19:58:11.660411
case_366,c,2025-02-24 20:03:11.660411
case_366,c,2025-02-24 20:08:11.660411
case_366,a,2025-02-24 20:13:11.660411
case_366,a,2025-02-24 20:18:11.660411
case_366,c,2025-02-24 20:23:11.660411
case_366,c,2025-02-24 20:28:11.660411
case_366,c,2025-02-24 20:33:11.660411
case_366,a,2025-02-24 20:38:11.660411
case_366,c,2025-02-24 20:43:11.660411
case_366,c,2025-02-24 20:48:11.660411
case_366,c,2025-02-24 20:53:11.660411
case_366,b,2025-02-24 20:58:11.660411
case_366,c,2025-02-24 21:03:11.660411
case_367,c,2025-02-24 19:28:11.660441
case_367,a,2025-02-24 19:33:11.660441
case_367,c,2025-02-24 19:38:11.660441
case_367,b,2025-02-24 19:43:11.660441
case_367,c,2025-02-24 19:48:11.660441
case_367,c,2025-02-24 19:53:11.660441
case_367,c,2025-02-24 19:58:11.660441
case_367,c,2025-02-24 20:03:11.660441
case_367,c,2025-02-24 20:08:11.660441
case_367,a,2025-02-24 20:13:11.660441
case_367,b,2025-02-24 20:18:11.660441
case_367,c,2025-02-24 20:23:11.660441
case_367,a,2025-02-24 20:28:11.660441
case_367,c,2025-02-24 20:33:11.660441
case_367,b,2025-02-24 20:38:11.660441
case_367,a,2025-02-24 20:43:11.660441
case_367,a,2025-02-24 20:48:11.660441
case_367,b,2025-02-24 20:53:11.660441
case_367,c,2025-02-24 20:58:11.660441
case_367,c,2025-02-24 21:03:11.660441
case_368,a,2025-02-24 19:28:11.660470
case_368,b,2025-02-24 19:33:11.660470
case_368,a,2025-02-24 19:38:11.660470
case_368,b,2025-02-24 19:43:11.660470
case_368,a,2025-02-24 19:48:11.660470
case_368,b,2025-02-24 19:53:11.660470
case_368,c,2025-02-24 19:58:11.660470
case_368,a,2025-02-24 20:03:11.660470
case_368,c,2025-02-24 20:08:11.660470
case_368,b,2025-02-24 20:13:11.660470
case_368,c,2025-02-24 20:18:11.660470
case_368,c,2025-02-24 20:23:11.660470
case_368,b,2025-02-24 20:28:11.660470
case_368,c,2025-02-24 20:33:11.660470
case_368,a,2025-02-24 20:38:11.660470
case_368,b,2025-02-24 20:43:11.660470
case_368,a,2025-02-24 20:48:11.660470
case_368,c,2025-02-24 20:53:11.660470
case_368,c,2025-02-24 20:58:11.660470
case_368,a,2025-02-24 21:03:11.660470
case_369,c,2025-02-24 19:28:11.660500
case_369,a,2025-02-24 19:33:11.660500
case_369,a,2025-02-24 19:38:11.660500
case_369,c,2025-02-24 19:43:11.660500
case_369,c,2025-02-24 19:48:11.660500
case_369,b,2025-02-24 19:53:11.660500
case_369,a,2025-02-24 19:58:11.660500
case_369,b,2025-02-24 20:03:11.660500
case_369,a,2025-02-24 20:08:11.660500
case_369,c,2025-02-24 20:13:11.660500
case_369,b,2025-02-24 20:18:11.660500
case_369,c,2025-02-24 20:23:11.660500
case_369,c,2025-02-24 20:28:11.660500
case_369,c,2025-02-24 20:33:11.660500
case_369,a,2025-02-24 20:38:11.660500
case_369,b,2025-02-24 20:43:11.660500
case_369,c,2025-02-24 20:48:11.660500
case_369,c,2025-02-24 20:53:11.660500
case_369,c,2025-02-24 20:58:11.660500
case_369,a,2025-02-24 21:03:11.660500
case_370,a,2025-02-24 19:28:11.660529
case_370,a,2025-02-24 19:33:11.660529
case_370,a,2025-02-24 19:38:11.660529
case_370,a,2025-02-24 19:43:11.660529
case_370,a,2025-02-24 19:48:11.660529
case_370,b,2025-02-24 19:53:11.660529
case_370,a,2025-02-24 19:58:11.660529
case_370,b,2025-02-24 20:03:11.660529
case_370,c,2025-02-24 20:08:11.660529
case_370,b,2025-02-24 20:13:11.660529
case_370,a,2025-02-24 20:18:11.660529
case_370,b,2025-02-24 20:23:11.660529
case_370,a,2025-02-24 20:28:11.660529
case_370,c,2025-02-24 20:33:11.660529
case_370,c,2025-02-24 20:38:11.660529
case_370,c,2025-02-24 20:43:11.660529
case_370,a,2025-02-24 20:48:11.660529
case_370,c,2025-02-24 20:53:11.660529
case_370,a,2025-02-24 20:58:11.660529
case_370,a,2025-02-24 21:03:11.660529
case_371,c,2025-02-24 19:28:11.660559
case_371,c,2025-02-24 19:33:11.660559
case_371,c,2025-02-24 19:38:11.660559
case_371,a,2025-02-24 19:43:11.660559
case_371,b,2025-02-24 19:48:11.660559
case_371,a,2025-02-24 19:53:11.660559
case_371,b,2025-02-24 19:58:11.660559
case_371,c,2025-02-24 20:03:11.660559
case_371,c,2025-02-24 20:08:11.660559
case_371,c,2025-02-24 20:13:11.660559
case_371,a,2025-02-24 20:18:11.660559
case_371,c,2025-02-24 20:23:11.660559
case_371,c,2025-02-24 20:28:11.660559
case_371,c,2025-02-24 20:33:11.660559
case_371,c,2025-02-24 20:38:11.660559
case_371,c,2025-02-24 20:43:11.660559
case_371,c,2025-02-24 20:48:11.660559
case_371,b,2025-02-24 20:53:11.660559
case_371,c,2025-02-24 20:58:11.660559
case_371,c,2025-02-24 21:03:11.660559
case_372,c,2025-02-24 19:28:11.660588
case_372,b,2025-02-24 19:33:11.660588
case_372,c,2025-02-24 19:38:11.660588
case_372,a,2025-02-24 19:43:11.660588
case_372,c,2025-02-24 19:48:11.660588
case_372,b,2025-02-24 19:53:11.660588
case_372,a,2025-02-24 19:58:11.660588
case_372,b,2025-02-24 20:03:11.660588
case_372,a,2025-02-24 20:08:11.660588
case_372,a,2025-02-24 20:13:11.660588
case_372,b,2025-02-24 20:18:11.660588
case_372,a,2025-02-24 20:23:11.660588
case_372,b,2025-02-24 20:28:11.660588
case_372,c,2025-02-24 20:33:11.660588
case_372,a,2025-02-24 20:38:11.660588
case_372,c,2025-02-24 20:43:11.660588
case_372,a,2025-02-24 20:48:11.660588
case_372,a,2025-02-24 20:53:11.660588
case_372,a,2025-02-24 20:58:11.660588
case_372,a,2025-02-24 21:03:11.660588
case_373,c,2025-02-24 19:28:11.660618
case_373,b,2025-02-24 19:33:11.660618
case_373,c,2025-02-24 19:38:11.660618
case_373,b,2025-02-24 19:43:11.660618
case_373,a,2025-02-24 19:48:11.660618
case_373,b,2025-02-24 19:53:11.660618
case_373,a,2025-02-24 19:58:11.660618
case_373,c,2025-02-24 20:03:11.660618
case_373,b,2025-02-24 20:08:11.660618
case_373,c,2025-02-24 20:13:11.660618
case_373,a,2025-02-24 20:18:11.660618
case_373,c,2025-02-24 20:23:11.660618
case_373,a,2025-02-24 20:28:11.660618
case_373,a,2025-02-24 20:33:11.660618
case_373,b,2025-02-24 20:38:11.660618
case_373,a,2025-02-24 20:43:11.660618
case_373,b,2025-02-24 20:48:11.660618
case_373,c,2025-02-24 20:53:11.660618
case_373,c,2025-02-24 20:58:11.660618
case_373,c,2025-02-24 21:03:11.660618
case_374,c,2025-02-24 19:28:11.660649
case_374,c,2025-02-24 19:33:11.660649
case_374,c,2025-02-24 19:38:11.660649
case_374,b,2025-02-24 19:43:11.660649
case_374,a,2025-02-24 19:48:11.660649
case_374,b,2025-02-24 19:53:11.660649
case_374,c,2025-02-24 19:58:11.660649
case_374,a,2025-02-24 20:03:11.660649
case_374,c,2025-02-24 20:08:11.660649
case_374,b,2025-02-24 20:13:11.660649
case_374,a,2025-02-24 20:18:11.660649
case_374,a,2025-02-24 20:23:11.660649
case_374,a,2025-02-24 20:28:11.660649
case_374,b,2025-02-24 20:33:11.660649
case_374,a,2025-02-24 20:38:11.660649
case_374,c,2025-02-24 20:43:11.660649
case_374,b,2025-02-24 20:48:11.660649
case_374,c,2025-02-24 20:53:11.660649
case_374,c,2025-02-24 20:58:11.660649
case_374,c,2025-02-24 21:03:11.660649
case_375,c,2025-02-24 19:28:11.660679
case_375,c,2025-02-24 19:33:11.660679
case_375,b,2025-02-24 19:38:11.660679
case_375,c,2025-02-24 19:43:11.660679
case_375,a,2025-02-24 19:48:11.660679
case_375,c,2025-02-24 19:53:11.660679
case_375,c,2025-02-24 19:58:11.660679
case_375,a,2025-02-24 20:03:11.660679
case_375,a,2025-02-24 20:08:11.660679
case_375,c,2025-02-24 20:13:11.660679
case_375,b,2025-02-24 20:18:11.660679
case_375,c,2025-02-24 20:23:11.660679
case_375,a,2025-02-24 20:28:11.660679
case_375,a,2025-02-24 20:33:11.660679
case_375,a,2025-02-24 20:38:11.660679
case_375,c,2025-02-24 20:43:11.660679
case_375,b,2025-02-24 20:48:11.660679
case_375,a,2025-02-24 20:53:11.660679
case_375,b,2025-02-24 20:58:11.660679
case_375,a,2025-02-24 21:03:11.660679
case_376,a,2025-02-24 19:28:11.660708
case_376,a,2025-02-24 19:33:11.660708
case_376,a,2025-02-24 19:38:11.660708
case_376,c,2025-02-24 19:43:11.660708
case_376,a,2025-02-24 19:48:11.660708
case_376,a,2025-02-24 19:53:11.660708
case_376,b,2025-02-24 19:58:11.660708
case_376,c,2025-02-24 20:03:11.660708
case_376,b,2025-02-24 20:08:11.660708
case_376,c,2025-02-24 20:13:11.660708
case_376,b,2025-02-24 20:18:11.660708
case_376,a,2025-02-24 20:23:11.660708
case_376,a,2025-02-24 20:28:11.660708
case_376,b,2025-02-24 20:33:11.660708
case_376,c,2025-02-24 20:38:11.660708
case_376,b,2025-02-24 20:43:11.660708
case_376,a,2025-02-24 20:48:11.660708
case_376,b,2025-02-24 20:53:11.660708
case_376,a,2025-02-24 20:58:11.660708
case_376,a,2025-02-24 21:03:11.660708
case_377,c,2025-02-24 19:28:11.660738
case_377,c,2025-02-24 19:33:11.660738
case_377,a,2025-02-24 19:38:11.660738
case_377,b,2025-02-24 19:43:11.660738
case_377,c,2025-02-24 19:48:11.660738
case_377,c,2025-02-24 19:53:11.660738
case_377,a,2025-02-24 19:58:11.660738
case_377,c,2025-02-24 20:03:11.660738
case_377,b,2025-02-24 20:08:11.660738
case_377,c,2025-02-24 20:13:11.660738
case_377,c,2025-02-24 20:18:11.660738
case_377,b,2025-02-24 20:23:11.660738
case_377,c,2025-02-24 20:28:11.660738
case_377,b,2025-02-24 20:33:11.660738
case_377,c,2025-02-24 20:38:11.660738
case_377,a,2025-02-24 20:43:11.660738
case_377,b,2025-02-24 20:48:11.660738
case_377,a,2025-02-24 20:53:11.660738
case_377,a,2025-02-24 20:58:11.660738
case_377,c,2025-02-24 21:03:11.660738
case_378,c,2025-02-24 19:28:11.660767
case_378,c,2025-02-24 19:33:11.660767
case_378,c,2025-02-24 19:38:11.660767
case_378,c,2025-02-24 19:43:11.660767
case_378,c,2025-02-24 19:48:11.660767
case_378,a,2025-02-24 19:53:11.660767
case_378,a,2025-02-24 19:58:11.660767
case_378,b,2025-02-24 20:03:11.660767
case_378,c,2025-02-24 20:08:11.660767
case_378,c,2025-02-24 20:13:11.660767
case_378,a,2025-02-24 20:18:11.660767
case_378,b,2025-02-24 20:23:11.660767
case_378,a,2025-02-24 20:28:11.660767
case_378,a,2025-02-24 20:33:11.660767
case_378,b,2025-02-24 20:38:11.660767
case_378,c,2025-02-24 20:43:11.660767
case_378,b,2025-02-24 20:48:11.660767
case_378,c,2025-02-24 20:53:11.660767
case_378,b,2025-02-24 20:58:11.660767
case_378,c,2025-02-24 21:03:11.660767
case_379,a,2025-02-24 19:28:11.660797
case_379,c,2025-02-24 19:33:11.660797
case_379,a,2025-02-24 19:38:11.660797
case_379,b,2025-02-24 19:43:11.660797
case_379,a,2025-02-24 19:48:11.660797
case_379,c,2025-02-24 19:53:11.660797
case_379,b,2025-02-24 19:58:11.660797
case_379,c,2025-02-24 20:03:11.660797
case_379,c,2025-02-24 20:08:11.660797
case_379,b,2025-02-24 20:13:11.660797
case_379,c,2025-02-24 20:18:11.660797
case_379,b,2025-02-24 20:23:11.660797
case_379,a,2025-02-24 20:28:11.660797
case_379,c,2025-02-24 20:33:11.660797
case_379,a,2025-02-24 20:38:11.660797
case_379,b,2025-02-24 20:43:11.660797
case_379,a,2025-02-24 20:48:11.660797
case_379,a,2025-02-24 20:53:11.660797
case_379,c,2025-02-24 20:58:11.660797
case_379,a,2025-02-24 21:03:11.660797
case_380,c,2025-02-24 19:28:11.660826
case_380,a,2025-02-24 19:33:11.660826
case_380,a,2025-02-24 19:38:11.660826
case_380,c,2025-02-24 19:43:11.660826
case_380,c,2025-02-24 19:48:11.660826
case_380,a,2025-02-24 19:53:11.660826
case_380,c,2025-02-24 19:58:11.660826
case_380,b,2025-02-24 20:03:11.660826
case_380,c,2025-02-24 20:08:11.660826
case_380,c,2025-02-24 20:13:11.660826
case_380,c,2025-02-24 20:18:11.660826
case_380,c,2025-02-24 20:23:11.660826
case_380,c,2025-02-24 20:28:11.660826
case_380,c,2025-02-24 20:33:11.660826
case_380,b,2025-02-24 20:38:11.660826
case_380,c,2025-02-24 20:43:11.660826
case_380,c,2025-02-24 20:48:11.660826
case_380,c,2025-02-24 20:53:11.660826
case_380,b,2025-02-24 20:58:11.660826
case_380,a,2025-02-24 21:03:11.660826
case_381,c,2025-02-24 19:28:11.660856
case_381,b,2025-02-24 19:33:11.660856
case_381,a,2025-02-24 19:38:11.660856
case_381,c,2025-02-24 19:43:11.660856
case_381,a,2025-02-24 19:48:11.660856
case_381,c,2025-02-24 19:53:11.660856
case_381,b,2025-02-24 19:58:11.660856
case_381,c,2025-02-24 20:03:11.660856
case_381,b,2025-02-24 20:08:11.660856
case_381,a,2025-02-24 20:13:11.660856
case_381,a,2025-02-24 20:18:11.660856
case_381,a,2025-02-24 20:23:11.660856
case_381,c,2025-02-24 20:28:11.660856
case_381,a,2025-02-24 20:33:11.660856
case_381,c,2025-02-24 20:38:11.660856
case_381,b,2025-02-24 20:43:11.660856
case_381,a,2025-02-24 20:48:11.660856
case_381,c,2025-02-24 20:53:11.660856
case_381,b,2025-02-24 20:58:11.660856
case_381,c,2025-02-24 21:03:11.660856
case_382,c,2025-02-24 19:28:11.660885
case_382,c,2025-02-24 19:33:11.660885
case_382,b,2025-02-24 19:38:11.660885
case_382,c,2025-02-24 19:43:11.660885
case_382,b,2025-02-24 19:48:11.660885
case_382,c,2025-02-24 19:53:11.660885
case_382,c,2025-02-24 19:58:11.660885
case_382,c,2025-02-24 20:03:11.660885
case_382,a,2025-02-24 20:08:11.660885
case_382,c,2025-02-24 20:13:11.660885
case_382,c,2025-02-24 20:18:11.660885
case_382,b,2025-02-24 20:23:11.660885
case_382,c,2025-02-24 20:28:11.660885
case_382,b,2025-02-24 20:33:11.660885
case_382,c,2025-02-24 20:38:11.660885
case_382,b,2025-02-24 20:43:11.660885
case_382,a,2025-02-24 20:48:11.660885
case_382,b,2025-02-24 20:53:11.660885
case_382,c,2025-02-24 20:58:11.660885
case_382,c,2025-02-24 21:03:11.660885
case_383,c,2025-02-24 19:28:11.660914
case_383,a,2025-02-24 19:33:11.660914
case_383,b,2025-02-24 19:38:11.660914
case_383,c,2025-02-24 19:43:11.660914
case_383,b,2025-02-24 19:48:11.660914
case_383,a,2025-02-24 19:53:11.660914
case_383,c,2025-02-24 19:58:11.660914
case_383,c,2025-02-24 20:03:11.660914
case_383,c,2025-02-24 20:08:11.660914
case_383,a,2025-02-24 20:13:11.660914
case_383,a,2025-02-24 20:18:11.660914
case_383,a,2025-02-24 20:23:11.660914
case_383,b,2025-02-24 20:28:11.660914
case_383,a,2025-02-24 20:33:11.660914
case_383,c,2025-02-24 20:38:11.660914
case_383,c,2025-02-24 20:43:11.660914
case_383,c,2025-02-24 20:48:11.660914
case_383,a,2025-02-24 20:53:11.660914
case_383,c,2025-02-24 20:58:11.660914
case_383,a,2025-02-24 21:03:11.660914
case_384,a,2025-02-24 19:28:11.660944
case_384,a,2025-02-24 19:33:11.660944
case_384,c,2025-02-24 19:38:11.660944
case_384,c,2025-02-24 19:43:11.660944
case_384,b,2025-02-24 19:48:11.660944
case_384,a,2025-02-24 19:53:11.660944
case_384,c,2025-02-24 19:58:11.660944
case_384,c,2025-02-24 20:03:11.660944
case_384,b,2025-02-24 20:08:11.660944
case_384,c,2025-02-24 20:13:11.660944
case_384,c,2025-02-24 20:18:11.660944
case_384,a,2025-02-24 20:23:11.660944
case_384,b,2025-02-24 20:28:11.660944
case_384,a,2025-02-24 20:33:11.660944
case_384,a,2025-02-24 20:38:11.660944
case_384,a,2025-02-24 20:43:11.660944
case_384,a,2025-02-24 20:48:11.660944
case_384,a,2025-02-24 20:53:11.660944
case_384,c,2025-02-24 20:58:11.660944
case_384,c,2025-02-24 21:03:11.660944
case_385,a,2025-02-24 19:28:11.660973
case_385,b,2025-02-24 19:33:11.660973
case_385,a,2025-02-24 19:38:11.660973
case_385,b,2025-02-24 19:43:11.660973
case_385,a,2025-02-24 19:48:11.660973
case_385,a,2025-02-24 19:53:11.660973
case_385,b,2025-02-24 19:58:11.660973
case_385,c,2025-02-24 20:03:11.660973
case_385,a,2025-02-24 20:08:11.660973
case_385,a,2025-02-24 20:13:11.660973
case_385,c,2025-02-24 20:18:11.660973
case_385,a,2025-02-24 20:23:11.660973
case_385,b,2025-02-24 20:28:11.660973
case_385,a,2025-02-24 20:33:11.660973
case_385,a,2025-02-24 20:38:11.660973
case_385,c,2025-02-24 20:43:11.660973
case_385,a,2025-02-24 20:48:11.660973
case_385,b,2025-02-24 20:53:11.660973
case_385,c,2025-02-24 20:58:11.660973
case_385,a,2025-02-24 21:03:11.660973
case_386,a,2025-02-24 19:28:11.661002
case_386,b,2025-02-24 19:33:11.661002
case_386,a,2025-02-24 19:38:11.661002
case_386,c,2025-02-24 19:43:11.661002
case_386,c,2025-02-24 19:48:11.661002
case_386,b,2025-02-24 19:53:11.661002
case_386,c,2025-02-24 19:58:11.661002
case_386,b,2025-02-24 20:03:11.661002
case_386,a,2025-02-24 20:08:11.661002
case_386,a,2025-02-24 20:13:11.661002
case_386,a,2025-02-24 20:18:11.661002
case_386,c,2025-02-24 20:23:11.661002
case_386,c,2025-02-24 20:28:11.661002
case_386,c,2025-02-24 20:33:11.661002
case_386,a,2025-02-24 20:38:11.661002
case_386,a,2025-02-24 20:43:11.661002
case_386,b,2025-02-24 20:48:11.661002
case_386,c,2025-02-24 20:53:11.661002
case_386,b,2025-02-24 20:58:11.661002
case_386,c,2025-02-24 21:03:11.661002
case_387,a,2025-02-24 19:28:11.661032
case_387,c,2025-02-24 19:33:11.661032
case_387,b,2025-02-24 19:38:11.661032
case_387,c,2025-02-24 19:43:11.661032
case_387,a,2025-02-24 19:48:11.661032
case_387,b,2025-02-24 19:53:11.661032
case_387,c,2025-02-24 19:58:11.661032
case_387,c,2025-02-24 20:03:11.661032
case_387,a,2025-02-24 20:08:11.661032
case_387,b,2025-02-24 20:13:11.661032
case_387,c,2025-02-24 20:18:11.661032
case_387,c,2025-02-24 20:23:11.661032
case_387,a,2025-02-24 20:28:11.661032
case_387,c,2025-02-24 20:33:11.661032
case_387,a,2025-02-24 20:38:11.661032
case_387,a,2025-02-24 20:43:11.661032
case_387,c,2025-02-24 20:48:11.661032
case_387,a,2025-02-24 20:53:11.661032
case_387,a,2025-02-24 20:58:11.661032
case_387,a,2025-02-24 21:03:11.661032
case_388,a,2025-02-24 19:28:11.661061
case_388,c,2025-02-24 19:33:11.661061
case_388,c,2025-02-24 19:38:11.661061
case_388,b,2025-02-24 19:43:11.661061
case_388,c,2025-02-24 19:48:11.661061
case_388,a,2025-02-24 19:53:11.661061
case_388,a,2025-02-24 19:58:11.661061
case_388,c,2025-02-24 20:03:11.661061
case_388,a,2025-02-24 20:08:11.661061
case_388,b,2025-02-24 20:13:11.661061
case_388,a,2025-02-24 20:18:11.661061
case_388,b,2025-02-24 20:23:11.661061
case_388,c,2025-02-24 20:28:11.661061
case_388,b,2025-02-24 20:33:11.661061
case_388,a,2025-02-24 20:38:11.661061
case_388,c,2025-02-24 20:43:11.661061
case_388,a,2025-02-24 20:48:11.661061
case_388,c,2025-02-24 20:53:11.661061
case_388,c,2025-02-24 20:58:11.661061
case_388,a,2025-02-24 21:03:11.661061
case_389,a,2025-02-24 19:28:11.661090
case_389,c,2025-02-24 19:33:11.661090
case_389,a,2025-02-24 19:38:11.661090
case_389,b,2025-02-24 19:43:11.661090
case_389,a,2025-02-24 19:48:11.661090
case_389,b,2025-02-24 19:53:11.661090
case_389,c,2025-02-24 19:58:11.661090
case_389,a,2025-02-24 20:03:11.661090
case_389,c,2025-02-24 20:08:11.661090
case_389,c,2025-02-24 20:13:11.661090
case_389,a,2025-02-24 20:18:11.661090
case_389,c,2025-02-24 20:23:11.661090
case_389,c,2025-02-24 20:28:11.661090
case_389,b,2025-02-24 20:33:11.661090
case_389,a,2025-02-24 20:38:11.661090
case_389,b,2025-02-24 20:43:11.661090
case_389,c,2025-02-24 20:48:11.661090
case_389,a,2025-02-24 20:53:11.661090
case_389,c,2025-02-24 20:58:11.661090
case_389,c,2025-02-24 21:03:11.661090
case_390,c,2025-02-24 19:28:11.661120
case_390,a,2025-02-24 19:33:11.661120
case_390,b,2025-02-24 19:38:11.661120
case_390,a,2025-02-24 19:43:11.661120
case_390,b,2025-02-24 19:48:11.661120
case_390,c,2025-02-24 19:53:11.661120
case_390,c,2025-02-24 19:58:11.661120
case_390,b,2025-02-24 20:03:11.661120
case_390,a,2025-02-24 20:08:11.661120
case_390,b,2025-02-24 20:13:11.661120
case_390,a,2025-02-24 20:18:11.661120
case_390,b,2025-02-24 20:23:11.661120
case_390,a,2025-02-24 20:28:11.661120
case_390,c,2025-02-24 20:33:11.661120
case_390,a,2025-02-24 20:38:11.661120
case_390,a,2025-02-24 20:43:11.661120
case_390,c,2025-02-24 20:48:11.661120
case_390,b,2025-02-24 20:53:11.661120
case_390,a,2025-02-24 20:58:11.661120
case_390,c,2025-02-24 21:03:11.661120
case_391,a,2025-02-24 19:28:11.661150
case_391,a,2025-02-24 19:33:11.661150
case_391,b,2025-02-24 19:38:11.661150
case_391,c,2025-02-24 19:43:11.661150
case_391,a,2025-02-24 19:48:11.661150
case_391,a,2025-02-24 19:53:11.661150
case_391,a,2025-02-24 19:58:11.661150
case_391,c,2025-02-24 20:03:11.661150
case_391,c,2025-02-24 20:08:11.661150
case_391,c,2025-02-24 20:13:11.661150
case_391,c,2025-02-24 20:18:11.661150
case_391,c,2025-02-24 20:23:11.661150
case_391,a,2025-02-24 20:28:11.661150
case_391,c,2025-02-24 20:33:11.661150
case_391,b,2025-02-24 20:38:11.661150
case_391,a,2025-02-24 20:43:11.661150
case_391,b,2025-02-24 20:48:11.661150
case_391,c,2025-02-24 20:53:11.661150
case_391,b,2025-02-24 20:58:11.661150
case_391,c,2025-02-24 21:03:11.661150
case_392,a,2025-02-24 19:28:11.661179
case_392,a,2025-02-24 19:33:11.661179
case_392,c,2025-02-24 19:38:11.661179
case_392,b,2025-02-24 19:43:11.661179
case_392,a,2025-02-24 19:48:11.661179
case_392,a,2025-02-24 19:53:11.661179
case_392,a,2025-02-24 19:58:11.661179
case_392,c,2025-02-24 20:03:11.661179
case_392,b,2025-02-24 20:08:11.661179
case_392,c,2025-02-24 20:13:11.661179
case_392,b,2025-02-24 20:18:11.661179
case_392,c,2025-02-24 20:23:11.661179
case_392,c,2025-02-24 20:28:11.661179
case_392,c,2025-02-24 20:33:11.661179
case_392,b,2025-02-24 20:38:11.661179
case_392,c,2025-02-24 20:43:11.661179
case_392,a,2025-02-24 20:48:11.661179
case_392,b,2025-02-24 20:53:11.661179
case_392,c,2025-02-24 20:58:11.661179
case_392,a,2025-02-24 21:03:11.661179
case_393,c,2025-02-24 19:28:11.661209
case_393,a,2025-02-24 19:33:11.661209
case_393,c,2025-02-24 19:38:11.661209
case_393,a,2025-02-24 19:43:11.661209
case_393,b,2025-02-24 19:48:11.661209
case_393,a,2025-02-24 19:53:11.661209
case_393,a,2025-02-24 19:58:11.661209
case_393,b,2025-02-24 20:03:11.661209
case_393,c,2025-02-24 20:08:11.661209
case_393,c,2025-02-24 20:13:11.661209
case_393,a,2025-02-24 20:18:11.661209
case_393,a,2025-02-24 20:23:11.661209
case_393,c,2025-02-24 20:28:11.661209
case_393,a,2025-02-24 20:33:11.661209
case_393,b,2025-02-24 20:38:11.661209
case_393,a,2025-02-24 20:43:11.661209
case_393,c,2025-02-24 20:48:11.661209
case_393,c,2025-02-24 20:53:11.661209
case_393,a,2025-02-24 20:58:11.661209
case_393,c,2025-02-24 21:03:11.661209
case_394,c,2025-02-24 19:28:11.661238
case_394,b,2025-02-24 19:33:11.661238
case_394,a,2025-02-24 19:38:11.661238
case_394,c,2025-02-24 19:43:11.661238
case_394,c,2025-02-24 19:48:11.661238
case_394,c,2025-02-24 19:53:11.661238
case_394,b,2025-02-24 19:58:11.661238
case_394,c,2025-02-24 20:03:11.661238
case_394,b,2025-02-24 20:08:11.661238
case_394,a,2025-02-24 20:13:11.661238
case_394,c,2025-02-24 20:18:11.661238
case_394,b,2025-02-24 20:23:11.661238
case_394,c,2025-02-24 20:28:11.661238
case_394,c,2025-02-24 20:33:11.661238
case_394,c,2025-02-24 20:38:11.661238
case_394,c,2025-02-24 20:43:11.661238
case_394,c,2025-02-24 20:48:11.661238
case_394,b,2025-02-24 20:53:11.661238
case_394,a,2025-02-24 20:58:11.661238
case_394,c,2025-02-24 21:03:11.661238
case_395,a,2025-02-24 19:28:11.661268
case_395,a,2025-02-24 19:33:11.661268
case_395,c,2025-02-24 19:38:11.661268
case_395,c,2025-02-24 19:43:11.661268
case_395,c,2025-02-24 19:48:11.661268
case_395,a,2025-02-24 19:53:11.661268
case_395,a,2025-02-24 19:58:11.661268
case_395,b,2025-02-24 20:03:11.661268
case_395,c,2025-02-24 20:08:11.661268
case_395,b,2025-02-24 20:13:11.661268
case_395,c,2025-02-24 20:18:11.661268
case_395,a,2025-02-24 20:23:11.661268
case_395,b,2025-02-24 20:28:11.661268
case_395,c,2025-02-24 20:33:11.661268
case_395,c,2025-02-24 20:38:11.661268
case_395,b,2025-02-24 20:43:11.661268
case_395,a,2025-02-24 20:48:11.661268
case_395,a,2025-02-24 20:53:11.661268
case_395,c,2025-02-24 20:58:11.661268
case_395,c,2025-02-24 21:03:11.661268
case_396,a,2025-02-24 19:28:11.661298
case_396,c,2025-02-24 19:33:11.661298
case_396,b,2025-02-24 19:38:11.661298
case_396,a,2025-02-24 19:43:11.661298
case_396,c,2025-02-24 19:48:11.661298
case_396,b,2025-02-24 19:53:11.661298
case_396,a,2025-02-24 19:58:11.661298
case_396,c,2025-02-24 20:03:11.661298
case_396,b,2025-02-24 20:08:11.661298
case_396,c,2025-02-24 20:13:11.661298
case_396,c,2025-02-24 20:18:11.661298
case_396,c,2025-02-24 20:23:11.661298
case_396,a,2025-02-24 20:28:11.661298
case_396,a,2025-02-24 20:33:11.661298
case_396,a,2025-02-24 20:38:11.661298
case_396,a,2025-02-24 20:43:11.661298
case_396,a,2025-02-24 20:48:11.661298
case_396,b,2025-02-24 20:53:11.661298
case_396,c,2025-02-24 20:58:11.661298
case_396,a,2025-02-24 21:03:11.661298
case_397,a,2025-02-24 19:28:11.661329
case_397,c,2025-02-24 19:33:11.661329
case_397,b,2025-02-24 19:38:11.661329
case_397,a,2025-02-24 19:43:11.661329
case_397,c,2025-02-24 19:48:11.661329
case_397,a,2025-02-24 19:53:11.661329
case_397,c,2025-02-24 19:58:11.661329
case_397,c,2025-02-24 20:03:11.661329
case_397,c,2025-02-24 20:08:11.661329
case_397,b,2025-02-24 20:13:11.661329
case_397,a,2025-02-24 20:18:11.661329
case_397,b,2025-02-24 20:23:11.661329
case_397,c,2025-02-24 20:28:11.661329
case_397,c,2025-02-24 20:33:11.661329
case_397,c,2025-02-24 20:38:11.661329
case_397,a,2025-02-24 20:43:11.661329
case_397,c,2025-02-24 20:48:11.661329
case_397,a,2025-02-24 20:53:11.661329
case_397,c,2025-02-24 20:58:11.661329
case_397,c,2025-02-24 21:03:11.661329
case_398,c,2025-02-24 19:28:11.661359
case_398,b,2025-02-24 19:33:11.661359
case_398,a,2025-02-24 19:38:11.661359
case_398,a,2025-02-24 19:43:11.661359
case_398,c,2025-02-24 19:48:11.661359
case_398,b,2025-02-24 19:53:11.661359
case_398,c,2025-02-24 19:58:11.661359
case_398,b,2025-02-24 20:03:11.661359
case_398,c,2025-02-24 20:08:11.661359
case_398,b,2025-02-24 20:13:11.661359
case_398,c,2025-02-24 20:18:11.661359
case_398,a,2025-02-24 20:23:11.661359
case_398,c,2025-02-24 20:28:11.661359
case_398,b,2025-02-24 20:33:11.661359
case_398,a,2025-02-24 20:38:11.661359
case_398,a,2025-02-24 20:43:11.661359
case_398,a,2025-02-24 20:48:11.661359
case_398,a,2025-02-24 20:53:11.661359
case_398,a,2025-02-24 20:58:11.661359
case_398,a,2025-02-24 21:03:11.661359
case_399,a,2025-02-24 19:28:11.661389
case_399,a,2025-02-24 19:33:11.661389
case_399,c,2025-02-24 19:38:11.661389
case_399,b,2025-02-24 19:43:11.661389
case_399,a,2025-02-24 19:48:11.661389
case_399,c,2025-02-24 19:53:11.661389
case_399,a,2025-02-24 19:58:11.661389
case_399,b,2025-02-24 20:03:11.661389
case_399,c,2025-02-24 20:08:11.661389
case_399,c,2025-02-24 20:13:11.661389
case_399,a,2025-02-24 20:18:11.661389
case_399,b,2025-02-24 20:23:11.661389
case_399,a,2025-02-24 20:28:11.661389
case_399,c,2025-02-24 20:33:11.661389
case_399,b,2025-02-24 20:38:11.661389
case_399,a,2025-02-24 20:43:11.661389
case_399,c,2025-02-24 20:48:11.661389
case_399,b,2025-02-24 20:53:11.661389
case_399,c,2025-02-24 20:58:11.661389
case_399,c,2025-02-24 21:03:11.661389
case_400,a,2025-02-24 19:28:11.661419
case_400,b,2025-02-24 19:33:11.661419
case_400,a,2025-02-24 19:38:11.661419
case_400,c,2025-02-24 19:43:11.661419
case_400,c,2025-02-24 19:48:11.661419
case_400,a,2025-02-24 19:53:11.661419
case_400,c,2025-02-24 19:58:11.661419
case_400,c,2025-02-24 20:03:11.661419
case_400,b,2025-02-24 20:08:11.661419
case_400,a,2025-02-24 20:13:11.661419
case_400,b,2025-02-24 20:18:11.661419
case_400,a,2025-02-24 20:23:11.661419
case_400,c,2025-02-24 20:28:11.661419
case_400,a,2025-02-24 20:33:11.661419
case_400,a,2025-02-24 20:38:11.661419
case_400,a,2025-02-24 20:43:11.661419
case_400,a,2025-02-24 20:48:11.661419
case_400,c,2025-02-24 20:53:11.661419
case_400,c,2025-02-24 20:58:11.661419
case_400,c,2025-02-24 21:03:11.661419
case_401,a,2025-02-24 19:28:11.661449
case_401,b,2025-02-24 19:33:11.661449
case_401,c,2025-02-24 19:38:11.661449
case_401,a,2025-02-24 19:43:11.661449
case_401,b,2025-02-24 19:48:11.661449
case_401,c,2025-02-24 19:53:11.661449
case_401,a,2025-02-24 19:58:11.661449
case_401,b,2025-02-24 20:03:11.661449
case_401,c,2025-02-24 20:08:11.661449
case_401,c,2025-02-24 20:13:11.661449
case_401,c,2025-02-24 20:18:11.661449
case_401,b,2025-02-24 20:23:11.661449
case_401,c,2025-02-24 20:28:11.661449
case_401,c,2025-02-24 20:33:11.661449
case_401,c,2025-02-24 20:38:11.661449
case_401,a,2025-02-24 20:43:11.661449
case_401,a,2025-02-24 20:48:11.661449
case_401,a,2025-02-24 20:53:11.661449
case_401,c,2025-02-24 20:58:11.661449
case_401,c,2025-02-24 21:03:11.661449
case_402,c,2025-02-24 19:28:11.661479
case_402,c,2025-02-24 19:33:11.661479
case_402,a,2025-02-24 19:38:11.661479
case_402,c,2025-02-24 19:43:11.661479
case_402,b,2025-02-24 19:48:11.661479
case_402,c,2025-02-24 19:53:11.661479
case_402,b,2025-02-24 19:58:11.661479
case_402,a,2025-02-24 20:03:11.661479
case_402,b,2025-02-24 20:08:11.661479
case_402,c,2025-02-24 20:13:11.661479
case_402,c,2025-02-24 20:18:11.661479
case_402,a,2025-02-24 20:23:11.661479
case_402,b,2025-02-24 20:28:11.661479
case_402,a,2025-02-24 20:33:11.661479
case_402,c,2025-02-24 20:38:11.661479
case_402,c,2025-02-24 20:43:11.661479
case_402,b,2025-02-24 20:48:11.661479
case_402,c,2025-02-24 20:53:11.661479
case_402,c,2025-02-24 20:58:11.661479
case_402,a,2025-02-24 21:03:11.661479
case_403,c,2025-02-24 19:28:11.661509
case_403,a,2025-02-24 19:33:11.661509
case_403,a,2025-02-24 19:38:11.661509
case_403,a,2025-02-24 19:43:11.661509
case_403,b,2025-02-24 19:48:11.661509
case_403,c,2025-02-24 19:53:11.661509
case_403,c,2025-02-24 19:58:11.661509
case_403,b,2025-02-24 20:03:11.661509
case_403,a,2025-02-24 20:08:11.661509
case_403,b,2025-02-24 20:13:11.661509
case_403,c,2025-02-24 20:18:11.661509
case_403,c,2025-02-24 20:23:11.661509
case_403,c,2025-02-24 20:28:11.661509
case_403,a,2025-02-24 20:33:11.661509
case_403,b,2025-02-24 20:38:11.661509
case_403,c,2025-02-24 20:43:11.661509
case_403,c,2025-02-24 20:48:11.661509
case_403,c,2025-02-24 20:53:11.661509
case_403,a,2025-02-24 20:58:11.661509
case_403,a,2025-02-24 21:03:11.661509
case_404,c,2025-02-24 19:28:11.661540
case_404,c,2025-02-24 19:33:11.661540
case_404,a,2025-02-24 19:38:11.661540
case_404,b,2025-02-24 19:43:11.661540
case_404,a,2025-02-24 19:48:11.661540
case_404,c,2025-02-24 19:53:11.661540
case_404,c,2025-02-24 19:58:11.661540
case_404,c,2025-02-24 20:03:11.661540
case_404,c,2025-02-24 20:08:11.661540
case_404,b,2025-02-24 20:13:11.661540
case_404,c,2025-02-24 20:18:11.661540
case_404,c,2025-02-24 20:23:11.661540
case_404,b,2025-02-24 20:28:11.661540
case_404,c,2025-02-24 20:33:11.661540
case_404,c,2025-02-24 20:38:11.661540
case_404,c,2025-02-24 20:43:11.661540
case_404,b,2025-02-24 20:48:11.661540
case_404,c,2025-02-24 20:53:11.661540
case_404,a,2025-02-24 20:58:11.661540
case_404,c,2025-02-24 21:03:11.661540
case_405,c,2025-02-24 19:28:11.661570
case_405,a,2025-02-24 19:33:11.661570
case_405,b,2025-02-24 19:38:11.661570
case_405,c,2025-02-24 19:43:11.661570
case_405,a,2025-02-24 19:48:11.661570
case_405,a,2025-02-24 19:53:11.661570
case_405,a,2025-02-24 19:58:11.661570
case_405,b,2025-02-24 20:03:11.661570
case_405,c,2025-02-24 20:08:11.661570
case_405,c,2025-02-24 20:13:11.661570
case_405,b,2025-02-24 20:18:11.661570
case_405,a,2025-02-24 20:23:11.661570
case_405,b,2025-02-24 20:28:11.661570
case_405,c,2025-02-24 20:33:11.661570
case_405,b,2025-02-24 20:38:11.661570
case_405,c,2025-02-24 20:43:11.661570
case_405,a,2025-02-24 20:48:11.661570
case_405,b,2025-02-24 20:53:11.661570
case_405,c,2025-02-24 20:58:11.661570
case_405,a,2025-02-24 21:03:11.661570
case_406,c,2025-02-24 19:28:11.661600
case_406,a,2025-02-24 19:33:11.661600
case_406,a,2025-02-24 19:38:11.661600
case_406,c,2025-02-24 19:43:11.661600
case_406,b,2025-02-24 19:48:11.661600
case_406,c,2025-02-24 19:53:11.661600
case_406,c,2025-02-24 19:58:11.661600
case_406,b,2025-02-24 20:03:11.661600
case_406,a,2025-02-24 20:08:11.661600
case_406,a,2025-02-24 20:13:11.661600
case_406,c,2025-02-24 20:18:11.661600
case_406,a,2025-02-24 20:23:11.661600
case_406,b,2025-02-24 20:28:11.661600
case_406,c,2025-02-24 20:33:11.661600
case_406,a,2025-02-24 20:38:11.661600
case_406,c,2025-02-24 20:43:11.661600
case_406,a,2025-02-24 20:48:11.661600
case_406,b,2025-02-24 20:53:11.661600
case_406,a,2025-02-24 20:58:11.661600
case_406,a,2025-02-24 21:03:11.661600
case_407,c,2025-02-24 19:28:11.661630
case_407,c,2025-02-24 19:33:11.661630
case_407,a,2025-02-24 19:38:11.661630
case_407,b,2025-02-24 19:43:11.661630
case_407,a,2025-02-24 19:48:11.661630
case_407,b,2025-02-24 19:53:11.661630
case_407,a,2025-02-24 19:58:11.661630
case_407,b,2025-02-24 20:03:11.661630
case_407,a,2025-02-24 20:08:11.661630
case_407,b,2025-02-24 20:13:11.661630
case_407,a,2025-02-24 20:18:11.661630
case_407,b,2025-02-24 20:23:11.661630
case_407,a,2025-02-24 20:28:11.661630
case_407,a,2025-02-24 20:33:11.661630
case_407,b,2025-02-24 20:38:11.661630
case_407,c,2025-02-24 20:43:11.661630
case_407,c,2025-02-24 20:48:11.661630
case_407,c,2025-02-24 20:53:11.661630
case_407,a,2025-02-24 20:58:11.661630
case_407,a,2025-02-24 21:03:11.661630
case_408,a,2025-02-24 19:28:11.661660
case_408,b,2025-02-24 19:33:11.661660
case_408,a,2025-02-24 19:38:11.661660
case_408,b,2025-02-24 19:43:11.661660
case_408,a,2025-02-24 19:48:11.661660
case_408,b,2025-02-24 19:53:11.661660
case_408,c,2025-02-24 19:58:11.661660
case_408,a,2025-02-24 20:03:11.661660
case_408,a,2025-02-24 20:08:11.661660
case_408,a,2025-02-24 20:13:11.661660
case_408,c,2025-02-24 20:18:11.661660
case_408,b,2025-02-24 20:23:11.661660
case_408,a,2025-02-24 20:28:11.661660
case_408,b,2025-02-24 20:33:11.661660
case_408,c,2025-02-24 20:38:11.661660
case_408,b,2025-02-24 20:43:11.661660
case_408,a,2025-02-24 20:48:11.661660
case_408,a,2025-02-24 20:53:11.661660
case_408,b,2025-02-24 20:58:11.661660
case_408,c,2025-02-24 21:03:11.661660
case_409,a,2025-02-24 19:28:11.661690
case_409,b,2025-02-24 19:33:11.661690
case_409,c,2025-02-24 19:38:11.661690
case_409,c,2025-02-24 19:43:11.661690
case_409,c,2025-02-24 19:48:11.661690
case_409,a,2025-02-24 19:53:11.661690
case_409,c,2025-02-24 19:58:11.661690
case_409,c,2025-02-24 20:03:11.661690
case_409,c,2025-02-24 20:08:11.661690
case_409,a,2025-02-24 20:13:11.661690
case_409,c,2025-02-24 20:18:11.661690
case_409,b,2025-02-24 20:23:11.661690
case_409,c,2025-02-24 20:28:11.661690
case_409,a,2025-02-24 20:33:11.661690
case_409,b,2025-02-24 20:38:11.661690
case_409,c,2025-02-24 20:43:11.661690
case_409,a,2025-02-24 20:48:11.661690
case_409,c,2025-02-24 20:53:11.661690
case_409,b,2025-02-24 20:58:11.661690
case_409,a,2025-02-24 21:03:11.661690
case_410,c,2025-02-24 19:28:11.661720
case_410,b,2025-02-24 19:33:11.661720
case_410,a,2025-02-24 19:38:11.661720
case_410,a,2025-02-24 19:43:11.661720
case_410,a,2025-02-24 19:48:11.661720
case_410,c,2025-02-24 19:53:11.661720
case_410,b,2025-02-24 19:58:11.661720
case_410,c,2025-02-24 20:03:11.661720
case_410,b,2025-02-24 20:08:11.661720
case_410,a,2025-02-24 20:13:11.661720
case_410,c,2025-02-24 20:18:11.661720
case_410,b,2025-02-24 20:23:11.661720
case_410,a,2025-02-24 20:28:11.661720
case_410,a,2025-02-24 20:33:11.661720
case_410,b,2025-02-24 20:38:11.661720
case_410,c,2025-02-24 20:43:11.661720
case_410,a,2025-02-24 20:48:11.661720
case_410,a,2025-02-24 20:53:11.661720
case_410,b,2025-02-24 20:58:11.661720
case_410,c,2025-02-24 21:03:11.661720
case_411,c,2025-02-24 19:28:11.661750
case_411,b,2025-02-24 19:33:11.661750
case_411,c,2025-02-24 19:38:11.661750
case_411,b,2025-02-24 19:43:11.661750
case_411,a,2025-02-24 19:48:11.661750
case_411,a,2025-02-24 19:53:11.661750
case_411,c,2025-02-24 19:58:11.661750
case_411,a,2025-02-24 20:03:11.661750
case_411,c,2025-02-24 20:08:11.661750
case_411,b,2025-02-24 20:13:11.661750
case_411,c,2025-02-24 20:18:11.661750
case_411,c,2025-02-24 20:23:11.661750
case_411,a,2025-02-24 20:28:11.661750
case_411,b,2025-02-24 20:33:11.661750
case_411,a,2025-02-24 20:38:11.661750
case_411,a,2025-02-24 20:43:11.661750
case_411,b,2025-02-24 20:48:11.661750
case_411,c,2025-02-24 20:53:11.661750
case_411,c,2025-02-24 20:58:11.661750
case_411,a,2025-02-24 21:03:11.661750
case_412,a,2025-02-24 19:28:11.661780
case_412,a,2025-02-24 19:33:11.661780
case_412,a,2025-02-24 19:38:11.661780
case_412,c,2025-02-24 19:43:11.661780
case_412,b,2025-02-24 19:48:11.661780
case_412,a,2025-02-24 19:53:11.661780
case_412,c,2025-02-24 19:58:11.661780
case_412,c,2025-02-24 20:03:11.661780
case_412,a,2025-02-24 20:08:11.661780
case_412,b,2025-02-24 20:13:11.661780
case_412,c,2025-02-24 20:18:11.661780
case_412,b,2025-02-24 20:23:11.661780
case_412,a,2025-02-24 20:28:11.661780
case_412,b,2025-02-24 20:33:11.661780
case_412,a,2025-02-24 20:38:11.661780
case_412,c,2025-02-24 20:43:11.661780
case_412,b,2025-02-24 20:48:11.661780
case_412,a,2025-02-24 20:53:11.661780
case_412,c,2025-02-24 20:58:11.661780
case_412,c,2025-02-24 21:03:11.661780
case_413,c,2025-02-24 19:28:11.661810
case_413,b,2025-02-24 19:33:11.661810
case_413,a,2025-02-24 19:38:11.661810
case_413,a,2025-02-24 19:43:11.661810
case_413,b,2025-02-24 19:48:11.661810
case_413,c,2025-02-24 19:53:11.661810
case_413,c,2025-02-24 19:58:11.661810
case_413,a,2025-02-24 20:03:11.661810
case_413,c,2025-02-24 20:08:11.661810
case_413,a,2025-02-24 20:13:11.661810
case_413,a,2025-02-24 20:18:11.661810
case_413,c,2025-02-24 20:23:11.661810
case_413,c,2025-02-24 20:28:11.661810
case_413,a,2025-02-24 20:33:11.661810
case_413,c,2025-02-24 20:38:11.661810
case_413,c,2025-02-24 20:43:11.661810
case_413,a,2025-02-24 20:48:11.661810
case_413,a,2025-02-24 20:53:11.661810
case_413,b,2025-02-24 20:58:11.661810
case_413,a,2025-02-24 21:03:11.661810
case_414,c,2025-02-24 19:28:11.661840
case_414,c,2025-02-24 19:33:11.661840
case_414,b,2025-02-24 19:38:11.661840
case_414,c,2025-02-24 19:43:11.661840
case_414,b,2025-02-24 19:48:11.661840
case_414,c,2025-02-24 19:53:11.661840
case_414,b,2025-02-24 19:58:11.661840
case_414,a,2025-02-24 20:03:11.661840
case_414,c,2025-02-24 20:08:11.661840
case_414,b,2025-02-24 20:13:11.661840
case_414,c,2025-02-24 20:18:11.661840
case_414,a,2025-02-24 20:23:11.661840
case_414,c,2025-02-24 20:28:11.661840
case_414,c,2025-02-24 20:33:11.661840
case_414,a,2025-02-24 20:38:11.661840
case_414,b,2025-02-24 20:43:11.661840
case_414,a,2025-02-24 20:48:11.661840
case_414,a,2025-02-24 20:53:11.661840
case_414,a,2025-02-24 20:58:11.661840
case_414,c,2025-02-24 21:03:11.661840
case_415,a,2025-02-24 19:28:11.661870
case_415,a,2025-02-24 19:33:11.661870
case_415,c,2025-02-24 19:38:11.661870
case_415,c,2025-02-24 19:43:11.661870
case_415,c,2025-02-24 19:48:11.661870
case_415,c,2025-02-24 19:53:11.661870
case_415,c,2025-02-24 19:58:11.661870
case_415,c,2025-02-24 20:03:11.661870
case_415,c,2025-02-24 20:08:11.661870
case_415,b,2025-02-24 20:13:11.661870
case_415,a,2025-02-24 20:18:11.661870
case_415,c,2025-02-24 20:23:11.661870
case_415,b,2025-02-24 20:28:11.661870
case_415,a,2025-02-24 20:33:11.661870
case_415,b,2025-02-24 20:38:11.661870
case_415,c,2025-02-24 20:43:11.661870
case_415,b,2025-02-24 20:48:11.661870
case_415,c,2025-02-24 20:53:11.661870
case_415,b,2025-02-24 20:58:11.661870
case_415,c,2025-02-24 21:03:11.661870
case_416,c,2025-02-24 19:28:11.661900
case_416,c,2025-02-24 19:33:11.661900
case_416,a,2025-02-24 19:38:11.661900
case_416,b,2025-02-24 19:43:11.661900
case_416,c,2025-02-24 19:48:11.661900
case_416,a,2025-02-24 19:53:11.661900
case_416,b,2025-02-24 19:58:11.661900
case_416,a,2025-02-24 20:03:11.661900
case_416,b,2025-02-24 20:08:11.661900
case_416,a,2025-02-24 20:13:11.661900
case_416,c,2025-02-24 20:18:11.661900
case_416,c,2025-02-24 20:23:11.661900
case_416,a,2025-02-24 20:28:11.661900
case_416,b,2025-02-24 20:33:11.661900
case_416,c,2025-02-24 20:38:11.661900
case_416,a,2025-02-24 20:43:11.661900
case_416,c,2025-02-24 20:48:11.661900
case_416,c,2025-02-24 20:53:11.661900
case_416,c,2025-02-24 20:58:11.661900
case_416,a,2025-02-24 21:03:11.661900
case_417,c,2025-02-24 19:28:11.661931
case_417,b,2025-02-24 19:33:11.661931
case_417,a,2025-02-24 19:38:11.661931
case_417,a,2025-02-24 19:43:11.661931
case_417,c,2025-02-24 19:48:11.661931
case_417,b,2025-02-24 19:53:11.661931
case_417,c,2025-02-24 19:58:11.661931
case_417,a,2025-02-24 20:03:11.661931
case_417,b,2025-02-24 20:08:11.661931
case_417,a,2025-02-24 20:13:11.661931
case_417,c,2025-02-24 20:18:11.661931
case_417,c,2025-02-24 20:23:11.661931
case_417,b,2025-02-24 20:28:11.661931
case_417,a,2025-02-24 20:33:11.661931
case_417,c,2025-02-24 20:38:11.661931
case_417,a,2025-02-24 20:43:11.661931
case_417,b,2025-02-24 20:48:11.661931
case_417,c,2025-02-24 20:53:11.661931
case_417,a,2025-02-24 20:58:11.661931
case_417,a,2025-02-24 21:03:11.661931
case_418,c,2025-02-24 19:28:11.661961
case_418,a,2025-02-24 19:33:11.661961
case_418,a,2025-02-24 19:38:11.661961
case_418,a,2025-02-24 19:43:11.661961
case_418,b,2025-02-24 19:48:11.661961
case_418,c,2025-02-24 19:53:11.661961
case_418,c,2025-02-24 19:58:11.661961
case_418,a,2025-02-24 20:03:11.661961
case_418,c,2025-02-24 20:08:11.661961
case_418,a,2025-02-24 20:13:11.661961
case_418,c,2025-02-24 20:18:11.661961
case_418,b,2025-02-24 20:23:11.661961
case_418,c,2025-02-24 20:28:11.661961
case_418,b,2025-02-24 20:33:11.661961
case_418,a,2025-02-24 20:38:11.661961
case_418,c,2025-02-24 20:43:11.661961
case_418,a,2025-02-24 20:48:11.661961
case_418,b,2025-02-24 20:53:11.661961
case_418,a,2025-02-24 20:58:11.661961
case_418,c,2025-02-24 21:03:11.661961
case_419,a,2025-02-24 19:28:11.661991
case_419,c,2025-02-24 19:33:11.661991
case_419,c,2025-02-24 19:38:11.661991
case_419,c,2025-02-24 19:43:11.661991
case_419,c,2025-02-24 19:48:11.661991
case_419,b,2025-02-24 19:53:11.661991
case_419,c,2025-02-24 19:58:11.661991
case_419,a,2025-02-24 20:03:11.661991
case_419,b,2025-02-24 20:08:11.661991
case_419,c,2025-02-24 20:13:11.661991
case_419,a,2025-02-24 20:18:11.661991
case_419,c,2025-02-24 20:23:11.661991
case_419,c,2025-02-24 20:28:11.661991
case_419,b,2025-02-24 20:33:11.661991
case_419,c,2025-02-24 20:38:11.661991
case_419,c,2025-02-24 20:43:11.661991
case_419,b,2025-02-24 20:48:11.661991
case_419,a,2025-02-24 20:53:11.661991
case_419,b,2025-02-24 20:58:11.661991
case_419,a,2025-02-24 21:03:11.661991
case_420,a,2025-02-24 19:28:11.662022
case_420,a,2025-02-24 19:33:11.662022
case_420,a,2025-02-24 19:38:11.662022
case_420,b,2025-02-24 19:43:11.662022
case_420,c,2025-02-24 19:48:11.662022
case_420,a,2025-02-24 19:53:11.662022
case_420,b,2025-02-24 19:58:11.662022
case_420,c,2025-02-24 20:03:11.662022
case_420,a,2025-02-24 20:08:11.662022
case_420,c,2025-02-24 20:13:11.662022
case_420,b,2025-02-24 20:18:11.662022
case_420,c,2025-02-24 20:23:11.662022
case_420,c,2025-02-24 20:28:11.662022
case_420,a,2025-02-24 20:33:11.662022
case_420,b,2025-02-24 20:38:11.662022
case_420,a,2025-02-24 20:43:11.662022
case_420,c,2025-02-24 20:48:11.662022
case_420,c,2025-02-24 20:53:11.662022
case_420,b,2025-02-24 20:58:11.662022
case_420,a,2025-02-24 21:03:11.662022
case_421,a,2025-02-24 19:28:11.662052
case_421,c,2025-02-24 19:33:11.662052
case_421,a,2025-02-24 19:38:11.662052
case_421,b,2025-02-24 19:43:11.662052
case_421,c,2025-02-24 19:48:11.662052
case_421,a,2025-02-24 19:53:11.662052
case_421,c,2025-02-24 19:58:11.662052
case_421,a,2025-02-24 20:03:11.662052
case_421,a,2025-02-24 20:08:11.662052
case_421,a,2025-02-24 20:13:11.662052
case_421,c,2025-02-24 20:18:11.662052
case_421,c,2025-02-24 20:23:11.662052
case_421,a,2025-02-24 20:28:11.662052
case_421,c,2025-02-24 20:33:11.662052
case_421,c,2025-02-24 20:38:11.662052
case_421,a,2025-02-24 20:43:11.662052
case_421,a,2025-02-24 20:48:11.662052
case_421,c,2025-02-24 20:53:11.662052
case_421,b,2025-02-24 20:58:11.662052
case_421,c,2025-02-24 21:03:11.662052
case_422,a,2025-02-24 19:28:11.662082
case_422,a,2025-02-24 19:33:11.662082
case_422,a,2025-02-24 19:38:11.662082
case_422,a,2025-02-24 19:43:11.662082
case_422,a,2025-02-24 19:48:11.662082
case_422,b,2025-02-24 19:53:11.662082
case_422,c,2025-02-24 19:58:11.662082
case_422,c,2025-02-24 20:03:11.662082
case_422,c,2025-02-24 20:08:11.662082
case_422,c,2025-02-24 20:13:11.662082
case_422,c,2025-02-24 20:18:11.662082
case_422,b,2025-02-24 20:23:11.662082
case_422,c,2025-02-24 20:28:11.662082
case_422,b,2025-02-24 20:33:11.662082
case_422,a,2025-02-24 20:38:11.662082
case_422,b,2025-02-24 20:43:11.662082
case_422,a,2025-02-24 20:48:11.662082
case_422,c,2025-02-24 20:53:11.662082
case_422,a,2025-02-24 20:58:11.662082
case_422,c,2025-02-24 21:03:11.662082
case_423,c,2025-02-24 19:28:11.662112
case_423,b,2025-02-24 19:33:11.662112
case_423,a,2025-02-24 19:38:11.662112
case_423,a,2025-02-24 19:43:11.662112
case_423,a,2025-02-24 19:48:11.662112
case_423,c,2025-02-24 19:53:11.662112
case_423,a,2025-02-24 19:58:11.662112
case_423,c,2025-02-24 20:03:11.662112
case_423,c,2025-02-24 20:08:11.662112
case_423,c,2025-02-24 20:13:11.662112
case_423,b,2025-02-24 20:18:11.662112
case_423,a,2025-02-24 20:23:11.662112
case_423,a,2025-02-24 20:28:11.662112
case_423,c,2025-02-24 20:33:11.662112
case_423,c,2025-02-24 20:38:11.662112
case_423,c,2025-02-24 20:43:11.662112
case_423,c,2025-02-24 20:48:11.662112
case_423,c,2025-02-24 20:53:11.662112
case_423,c,2025-02-24 20:58:11.662112
case_423,c,2025-02-24 21:03:11.662112
case_424,c,2025-02-24 19:28:11.662142
case_424,c,2025-02-24 19:33:11.662142
case_424,b,2025-02-24 19:38:11.662142
case_424,a,2025-02-24 19:43:11.662142
case_424,b,2025-02-24 19:48:11.662142
case_424,c,2025-02-24 19:53:11.662142
case_424,a,2025-02-24 19:58:11.662142
case_424,a,2025-02-24 20:03:11.662142
case_424,c,2025-02-24 20:08:11.662142
case_424,a,2025-02-24 20:13:11.662142
case_424,a,2025-02-24 20:18:11.662142
case_424,b,2025-02-24 20:23:11.662142
case_424,c,2025-02-24 20:28:11.662142
case_424,c,2025-02-24 20:33:11.662142
case_424,b,2025-02-24 20:38:11.662142
case_424,a,2025-02-24 20:43:11.662142
case_424,b,2025-02-24 20:48:11.662142
case_424,c,2025-02-24 20:53:11.662142
case_424,a,2025-02-24 20:58:11.662142
case_424,c,2025-02-24 21:03:11.662142
case_425,a,2025-02-24 19:28:11.662172
case_425,b,2025-02-24 19:33:11.662172
case_425,a,2025-02-24 19:38:11.662172
case_425,c,2025-02-24 19:43:11.662172
case_425,a,2025-02-24 19:48:11.662172
case_425,b,2025-02-24 19:53:11.662172
case_425,a,2025-02-24 19:58:11.662172
case_425,a,2025-02-24 20:03:11.662172
case_425,b,2025-02-24 20:08:11.662172
case_425,c,2025-02-24 20:13:11.662172
case_425,a,2025-02-24 20:18:11.662172
case_425,a,2025-02-24 20:23:11.662172
case_425,c,2025-02-24 20:28:11.662172
case_425,a,2025-02-24 20:33:11.662172
case_425,a,2025-02-24 20:38:11.662172
case_425,c,2025-02-24 20:43:11.662172
case_425,a,2025-02-24 20:48:11.662172
case_425,c,2025-02-24 20:53:11.662172
case_425,a,2025-02-24 20:58:11.662172
case_425,a,2025-02-24 21:03:11.662172
case_426,a,2025-02-24 19:28:11.662202
case_426,c,2025-02-24 19:33:11.662202
case_426,a,2025-02-24 19:38:11.662202
case_426,a,2025-02-24 19:43:11.662202
case_426,a,2025-02-24 19:48:11.662202
case_426,b,2025-02-24 19:53:11.662202
case_426,c,2025-02-24 19:58:11.662202
case_426,c,2025-02-24 20:03:11.662202
case_426,b,2025-02-24 20:08:11.662202
case_426,a,2025-02-24 20:13:11.662202
case_426,c,2025-02-24 20:18:11.662202
case_426,b,2025-02-24 20:23:11.662202
case_426,a,2025-02-24 20:28:11.662202
case_426,a,2025-02-24 20:33:11.662202
case_426,c,2025-02-24 20:38:11.662202
case_426,b,2025-02-24 20:43:11.662202
case_426,a,2025-02-24 20:48:11.662202
case_426,b,2025-02-24 20:53:11.662202
case_426,c,2025-02-24 20:58:11.662202
case_426,c,2025-02-24 21:03:11.662202
case_427,a,2025-02-24 19:28:11.662232
case_427,c,2025-02-24 19:33:11.662232
case_427,b,2025-02-24 19:38:11.662232
case_427,a,2025-02-24 19:43:11.662232
case_427,b,2025-02-24 19:48:11.662232
case_427,c,2025-02-24 19:53:11.662232
case_427,c,2025-02-24 19:58:11.662232
case_427,b,2025-02-24 20:03:11.662232
case_427,c,2025-02-24 20:08:11.662232
case_427,c,2025-02-24 20:13:11.662232
case_427,c,2025-02-24 20:18:11.662232
case_427,b,2025-02-24 20:23:11.662232
case_427,c,2025-02-24 20:28:11.662232
case_427,a,2025-02-24 20:33:11.662232
case_427,a,2025-02-24 20:38:11.662232
case_427,b,2025-02-24 20:43:11.662232
case_427,a,2025-02-24 20:48:11.662232
case_427,b,2025-02-24 20:53:11.662232
case_427,a,2025-02-24 20:58:11.662232
case_427,c,2025-02-24 21:03:11.662232
case_428,a,2025-02-24 19:28:11.662262
case_428,b,2025-02-24 19:33:11.662262
case_428,c,2025-02-24 19:38:11.662262
case_428,a,2025-02-24 19:43:11.662262
case_428,b,2025-02-24 19:48:11.662262
case_428,a,2025-02-24 19:53:11.662262
case_428,a,2025-02-24 19:58:11.662262
case_428,c,2025-02-24 20:03:11.662262
case_428,a,2025-02-24 20:08:11.662262
case_428,b,2025-02-24 20:13:11.662262
case_428,c,2025-02-24 20:18:11.662262
case_428,a,2025-02-24 20:23:11.662262
case_428,b,2025-02-24 20:28:11.662262
case_428,a,2025-02-24 20:33:11.662262
case_428,a,2025-02-24 20:38:11.662262
case_428,b,2025-02-24 20:43:11.662262
case_428,c,2025-02-24 20:48:11.662262
case_428,a,2025-02-24 20:53:11.662262
case_428,c,2025-02-24 20:58:11.662262
case_428,c,2025-02-24 21:03:11.662262
case_429,c,2025-02-24 19:28:11.662292
case_429,c,2025-02-24 19:33:11.662292
case_429,c,2025-02-24 19:38:11.662292
case_429,c,2025-02-24 19:43:11.662292
case_429,c,2025-02-24 19:48:11.662292
case_429,c,2025-02-24 19:53:11.662292
case_429,a,2025-02-24 19:58:11.662292
case_429,c,2025-02-24 20:03:11.662292
case_429,c,2025-02-24 20:08:11.662292
case_429,c,2025-02-24 20:13:11.662292
case_429,a,2025-02-24 20:18:11.662292
case_429,a,2025-02-24 20:23:11.662292
case_429,b,2025-02-24 20:28:11.662292
case_429,c,2025-02-24 20:33:11.662292
case_429,a,2025-02-24 20:38:11.662292
case_429,a,2025-02-24 20:43:11.662292
case_429,a,2025-02-24 20:48:11.662292
case_429,a,2025-02-24 20:53:11.662292
case_429,a,2025-02-24 20:58:11.662292
case_429,a,2025-02-24 21:03:11.662292
case_430,c,2025-02-24 19:28:11.662324
case_430,a,2025-02-24 19:33:11.662324
case_430,a,2025-02-24 19:38:11.662324
case_430,b,2025-02-24 19:43:11.662324
case_430,c,2025-02-24 19:48:11.662324
case_430,b,2025-02-24 19:53:11.662324
case_430,c,2025-02-24 19:58:11.662324
case_430,c,2025-02-24 20:03:11.662324
case_430,b,2025-02-24 20:08:11.662324
case_430,a,2025-02-24 20:13:11.662324
case_430,a,2025-02-24 20:18:11.662324
case_430,b,2025-02-24 20:23:11.662324
case_430,c,2025-02-24 20:28:11.662324
case_430,b,2025-02-24 20:33:11.662324
case_430,c,2025-02-24 20:38:11.662324
case_430,c,2025-02-24 20:43:11.662324
case_430,c,2025-02-24 20:48:11.662324
case_430,a,2025-02-24 20:53:11.662324
case_430,a,2025-02-24 20:58:11.662324
case_430,c,2025-02-24 21:03:11.662324
case_431,c,2025-02-24 19:28:11.662354
case_431,c,2025-02-24 19:33:11.662354
case_431,b,2025-02-24 19:38:11.662354
case_431,c,2025-02-24 19:43:11.662354
case_431,b,2025-02-24 19:48:11.662354
case_431,c,2025-02-24 19:53:11.662354
case_431,c,2025-02-24 19:58:11.662354
case_431,c,2025-02-24 20:03:11.662354
case_431,c,2025-02-24 20:08:11.662354
case_431,a,2025-02-24 20:13:11.662354
case_431,c,2025-02-24 20:18:11.662354
case_431,c,2025-02-24 20:23:11.662354
case_431,c,2025-02-24 20:28:11.662354
case_431,a,2025-02-24 20:33:11.662354
case_431,b,2025-02-24 20:38:11.662354
case_431,a,2025-02-24 20:43:11.662354
case_431,c,2025-02-24 20:48:11.662354
case_431,a,2025-02-24 20:53:11.662354
case_431,a,2025-02-24 20:58:11.662354
case_431,c,2025-02-24 21:03:11.662354
case_432,a,2025-02-24 19:28:11.662384
case_432,a,2025-02-24 19:33:11.662384
case_432,b,2025-02-24 19:38:11.662384
case_432,c,2025-02-24 19:43:11.662384
case_432,c,2025-02-24 19:48:11.662384
case_432,a,2025-02-24 19:53:11.662384
case_432,c,2025-02-24 19:58:11.662384
case_432,a,2025-02-24 20:03:11.662384
case_432,a,2025-02-24 20:08:11.662384
case_432,b,2025-02-24 20:13:11.662384
case_432,a,2025-02-24 20:18:11.662384
case_432,c,2025-02-24 20:23:11.662384
case_432,c,2025-02-24 20:28:11.662384
case_432,b,2025-02-24 20:33:11.662384
case_432,c,2025-02-24 20:38:11.662384
case_432,a,2025-02-24 20:43:11.662384
case_432,c,2025-02-24 20:48:11.662384
case_432,b,2025-02-24 20:53:11.662384
case_432,c,2025-02-24 20:58:11.662384
case_432,a,2025-02-24 21:03:11.662384
case_433,c,2025-02-24 19:28:11.662413
case_433,a,2025-02-24 19:33:11.662413
case_433,b,2025-02-24 19:38:11.662413
case_433,c,2025-02-24 19:43:11.662413
case_433,c,2025-02-24 19:48:11.662413
case_433,c,2025-02-24 19:53:11.662413
case_433,c,2025-02-24 19:58:11.662413
case_433,c,2025-02-24 20:03:11.662413
case_433,b,2025-02-24 20:08:11.662413
case_433,a,2025-02-24 20:13:11.662413
case_433,c,2025-02-24 20:18:11.662413
case_433,a,2025-02-24 20:23:11.662413
case_433,a,2025-02-24 20:28:11.662413
case_433,c,2025-02-24 20:33:11.662413
case_433,a,2025-02-24 20:38:11.662413
case_433,a,2025-02-24 20:43:11.662413
case_433,b,2025-02-24 20:48:11.662413
case_433,a,2025-02-24 20:53:11.662413
case_433,b,2025-02-24 20:58:11.662413
case_433,c,2025-02-24 21:03:11.662413
case_434,a,2025-02-24 19:28:11.662443
case_434,a,2025-02-24 19:33:11.662443
case_434,c,2025-02-24 19:38:11.662443
case_434,b,2025-02-24 19:43:11.662443
case_434,a,2025-02-24 19:48:11.662443
case_434,c,2025-02-24 19:53:11.662443
case_434,c,2025-02-24 19:58:11.662443
case_434,b,2025-02-24 20:03:11.662443
case_434,a,2025-02-24 20:08:11.662443
case_434,a,2025-02-24 20:13:11.662443
case_434,c,2025-02-24 20:18:11.662443
case_434,b,2025-02-24 20:23:11.662443
case_434,a,2025-02-24 20:28:11.662443
case_434,b,2025-02-24 20:33:11.662443
case_434,c,2025-02-24 20:38:11.662443
case_434,c,2025-02-24 20:43:11.662443
case_434,b,2025-02-24 20:48:11.662443
case_434,c,2025-02-24 20:53:11.662443
case_434,c,2025-02-24 20:58:11.662443
case_434,a,2025-02-24 21:03:11.662443
case_435,a,2025-02-24 19:28:11.662472
case_435,b,2025-02-24 19:33:11.662472
case_435,a,2025-02-24 19:38:11.662472
case_435,b,2025-02-24 19:43:11.662472
case_435,c,2025-02-24 19:48:11.662472
case_435,a,2025-02-24 19:53:11.662472
case_435,a,2025-02-24 19:58:11.662472
case_435,a,2025-02-24 20:03:11.662472
case_435,a,2025-02-24 20:08:11.662472
case_435,a,2025-02-24 20:13:11.662472
case_435,c,2025-02-24 20:18:11.662472
case_435,a,2025-02-24 20:23:11.662472
case_435,a,2025-02-24 20:28:11.662472
case_435,b,2025-02-24 20:33:11.662472
case_435,c,2025-02-24 20:38:11.662472
case_435,a,2025-02-24 20:43:11.662472
case_435,c,2025-02-24 20:48:11.662472
case_435,c,2025-02-24 20:53:11.662472
case_435,b,2025-02-24 20:58:11.662472
case_435,c,2025-02-24 21:03:11.662472
case_436,c,2025-02-24 19:28:11.662502
case_436,b,2025-02-24 19:33:11.662502
case_436,c,2025-02-24 19:38:11.662502
case_436,c,2025-02-24 19:43:11.662502
case_436,c,2025-02-24 19:48:11.662502
case_436,c,2025-02-24 19:53:11.662502
case_436,b,2025-02-24 19:58:11.662502
case_436,a,2025-02-24 20:03:11.662502
case_436,c,2025-02-24 20:08:11.662502
case_436,a,2025-02-24 20:13:11.662502
case_436,b,2025-02-24 20:18:11.662502
case_436,c,2025-02-24 20:23:11.662502
case_436,a,2025-02-24 20:28:11.662502
case_436,b,2025-02-24 20:33:11.662502
case_436,a,2025-02-24 20:38:11.662502
case_436,c,2025-02-24 20:43:11.662502
case_436,c,2025-02-24 20:48:11.662502
case_436,c,2025-02-24 20:53:11.662502
case_436,c,2025-02-24 20:58:11.662502
case_436,c,2025-02-24 21:03:11.662502
case_437,c,2025-02-24 19:28:11.662532
case_437,a,2025-02-24 19:33:11.662532
case_437,b,2025-02-24 19:38:11.662532
case_437,c,2025-02-24 19:43:11.662532
case_437,c,2025-02-24 19:48:11.662532
case_437,c,2025-02-24 19:53:11.662532
case_437,b,2025-02-24 19:58:11.662532
case_437,c,2025-02-24 20:03:11.662532
case_437,a,2025-02-24 20:08:11.662532
case_437,b,2025-02-24 20:13:11.662532
case_437,a,2025-02-24 20:18:11.662532
case_437,c,2025-02-24 20:23:11.662532
case_437,a,2025-02-24 20:28:11.662532
case_437,a,2025-02-24 20:33:11.662532
case_437,a,2025-02-24 20:38:11.662532
case_437,b,2025-02-24 20:43:11.662532
case_437,a,2025-02-24 20:48:11.662532
case_437,b,2025-02-24 20:53:11.662532
case_437,c,2025-02-24 20:58:11.662532
case_437,a,2025-02-24 21:03:11.662532
case_438,a,2025-02-24 19:28:11.662562
case_438,c,2025-02-24 19:33:11.662562
case_438,a,2025-02-24 19:38:11.662562
case_438,a,2025-02-24 19:43:11.662562
case_438,b,2025-02-24 19:48:11.662562
case_438,a,2025-02-24 19:53:11.662562
case_438,c,2025-02-24 19:58:11.662562
case_438,c,2025-02-24 20:03:11.662562
case_438,a,2025-02-24 20:08:11.662562
case_438,b,2025-02-24 20:13:11.662562
case_438,a,2025-02-24 20:18:11.662562
case_438,a,2025-02-24 20:23:11.662562
case_438,c,2025-02-24 20:28:11.662562
case_438,c,2025-02-24 20:33:11.662562
case_438,b,2025-02-24 20:38:11.662562
case_438,c,2025-02-24 20:43:11.662562
case_438,b,2025-02-24 20:48:11.662562
case_438,a,2025-02-24 20:53:11.662562
case_438,b,2025-02-24 20:58:11.662562
case_438,a,2025-02-24 21:03:11.662562
case_439,a,2025-02-24 19:28:11.662591
case_439,a,2025-02-24 19:33:11.662591
case_439,c,2025-02-24 19:38:11.662591
case_439,c,2025-02-24 19:43:11.662591
case_439,a,2025-02-24 19:48:11.662591
case_439,a,2025-02-24 19:53:11.662591
case_439,a,2025-02-24 19:58:11.662591
case_439,a,2025-02-24 20:03:11.662591
case_439,c,2025-02-24 20:08:11.662591
case_439,c,2025-02-24 20:13:11.662591
case_439,a,2025-02-24 20:18:11.662591
case_439,a,2025-02-24 20:23:11.662591
case_439,b,2025-02-24 20:28:11.662591
case_439,a,2025-02-24 20:33:11.662591
case_439,c,2025-02-24 20:38:11.662591
case_439,c,2025-02-24 20:43:11.662591
case_439,b,2025-02-24 20:48:11.662591
case_439,a,2025-02-24 20:53:11.662591
case_439,a,2025-02-24 20:58:11.662591
case_439,c,2025-02-24 21:03:11.662591
case_440,c,2025-02-24 19:28:11.662621
case_440,c,2025-02-24 19:33:11.662621
case_440,c,2025-02-24 19:38:11.662621
case_440,a,2025-02-24 19:43:11.662621
case_440,c,2025-02-24 19:48:11.662621
case_440,b,2025-02-24 19:53:11.662621
case_440,a,2025-02-24 19:58:11.662621
case_440,b,2025-02-24 20:03:11.662621
case_440,a,2025-02-24 20:08:11.662621
case_440,b,2025-02-24 20:13:11.662621
case_440,a,2025-02-24 20:18:11.662621
case_440,c,2025-02-24 20:23:11.662621
case_440,a,2025-02-24 20:28:11.662621
case_440,c,2025-02-24 20:33:11.662621
case_440,c,2025-02-24 20:38:11.662621
case_440,c,2025-02-24 20:43:11.662621
case_440,c,2025-02-24 20:48:11.662621
case_440,b,2025-02-24 20:53:11.662621
case_440,c,2025-02-24 20:58:11.662621
case_440,c,2025-02-24 21:03:11.662621
case_441,c,2025-02-24 19:28:11.662651
case_441,a,2025-02-24 19:33:11.662651
case_441,b,2025-02-24 19:38:11.662651
case_441,c,2025-02-24 19:43:11.662651
case_441,a,2025-02-24 19:48:11.662651
case_441,b,2025-02-24 19:53:11.662651
case_441,c,2025-02-24 19:58:11.662651
case_441,a,2025-02-24 20:03:11.662651
case_441,c,2025-02-24 20:08:11.662651
case_441,b,2025-02-24 20:13:11.662651
case_441,c,2025-02-24 20:18:11.662651
case_441,b,2025-02-24 20:23:11.662651
case_441,c,2025-02-24 20:28:11.662651
case_441,b,2025-02-24 20:33:11.662651
case_441,c,2025-02-24 20:38:11.662651
case_441,a,2025-02-24 20:43:11.662651
case_441,c,2025-02-24 20:48:11.662651
case_441,a,2025-02-24 20:53:11.662651
case_441,b,2025-02-24 20:58:11.662651
case_441,c,2025-02-24 21:03:11.662651
case_442,a,2025-02-24 19:28:11.662680
case_442,a,2025-02-24 19:33:11.662680
case_442,c,2025-02-24 19:38:11.662680
case_442,c,2025-02-24 19:43:11.662680
case_442,c,2025-02-24 19:48:11.662680
case_442,c,2025-02-24 19:53:11.662680
case_442,b,2025-02-24 19:58:11.662680
case_442,a,2025-02-24 20:03:11.662680
case_442,a,2025-02-24 20:08:11.662680
case_442,b,2025-02-24 20:13:11.662680
case_442,c,2025-02-24 20:18:11.662680
case_442,a,2025-02-24 20:23:11.662680
case_442,c,2025-02-24 20:28:11.662680
case_442,a,2025-02-24 20:33:11.662680
case_442,b,2025-02-24 20:38:11.662680
case_442,c,2025-02-24 20:43:11.662680
case_442,a,2025-02-24 20:48:11.662680
case_442,c,2025-02-24 20:53:11.662680
case_442,b,2025-02-24 20:58:11.662680
case_442,a,2025-02-24 21:03:11.662680
case_443,a,2025-02-24 19:28:11.662710
case_443,b,2025-02-24 19:33:11.662710
case_443,a,2025-02-24 19:38:11.662710
case_443,c,2025-02-24 19:43:11.662710
case_443,b,2025-02-24 19:48:11.662710
case_443,c,2025-02-24 19:53:11.662710
case_443,b,2025-02-24 19:58:11.662710
case_443,c,2025-02-24 20:03:11.662710
case_443,b,2025-02-24 20:08:11.662710
case_443,a,2025-02-24 20:13:11.662710
case_443,b,2025-02-24 20:18:11.662710
case_443,c,2025-02-24 20:23:11.662710
case_443,c,2025-02-24 20:28:11.662710
case_443,c,2025-02-24 20:33:11.662710
case_443,b,2025-02-24 20:38:11.662710
case_443,c,2025-02-24 20:43:11.662710
case_443,c,2025-02-24 20:48:11.662710
case_443,b,2025-02-24 20:53:11.662710
case_443,c,2025-02-24 20:58:11.662710
case_443,a,2025-02-24 21:03:11.662710
case_444,c,2025-02-24 19:28:11.662739
case_444,c,2025-02-24 19:33:11.662739
case_444,b,2025-02-24 19:38:11.662739
case_444,a,2025-02-24 19:43:11.662739
case_444,a,2025-02-24 19:48:11.662739
case_444,b,2025-02-24 19:53:11.662739
case_444,a,2025-02-24 19:58:11.662739
case_444,a,2025-02-24 20:03:11.662739
case_444,b,2025-02-24 20:08:11.662739
case_444,a,2025-02-24 20:13:11.662739
case_444,a,2025-02-24 20:18:11.662739
case_444,c,2025-02-24 20:23:11.662739
case_444,c,2025-02-24 20:28:11.662739
case_444,b,2025-02-24 20:33:11.662739
case_444,a,2025-02-24 20:38:11.662739
case_444,b,2025-02-24 20:43:11.662739
case_444,c,2025-02-24 20:48:11.662739
case_444,a,2025-02-24 20:53:11.662739
case_444,a,2025-02-24 20:58:11.662739
case_444,a,2025-02-24 21:03:11.662739
case_445,a,2025-02-24 19:28:11.662769
case_445,b,2025-02-24 19:33:11.662769
case_445,a,2025-02-24 19:38:11.662769
case_445,a,2025-02-24 19:43:11.662769
case_445,a,2025-02-24 19:48:11.662769
case_445,a,2025-02-24 19:53:11.662769
case_445,c,2025-02-24 19:58:11.662769
case_445,c,2025-02-24 20:03:11.662769
case_445,c,2025-02-24 20:08:11.662769
case_445,c,2025-02-24 20:13:11.662769
case_445,a,2025-02-24 20:18:11.662769
case_445,a,2025-02-24 20:23:11.662769
case_445,b,2025-02-24 20:28:11.662769
case_445,c,2025-02-24 20:33:11.662769
case_445,b,2025-02-24 20:38:11.662769
case_445,c,2025-02-24 20:43:11.662769
case_445,b,2025-02-24 20:48:11.662769
case_445,a,2025-02-24 20:53:11.662769
case_445,b,2025-02-24 20:58:11.662769
case_445,c,2025-02-24 21:03:11.662769
case_446,c,2025-02-24 19:28:11.662799
case_446,a,2025-02-24 19:33:11.662799
case_446,b,2025-02-24 19:38:11.662799
case_446,c,2025-02-24 19:43:11.662799
case_446,a,2025-02-24 19:48:11.662799
case_446,b,2025-02-24 19:53:11.662799
case_446,c,2025-02-24 19:58:11.662799
case_446,b,2025-02-24 20:03:11.662799
case_446,c,2025-02-24 20:08:11.662799
case_446,a,2025-02-24 20:13:11.662799
case_446,b,2025-02-24 20:18:11.662799
case_446,a,2025-02-24 20:23:11.662799
case_446,a,2025-02-24 20:28:11.662799
case_446,a,2025-02-24 20:33:11.662799
case_446,a,2025-02-24 20:38:11.662799
case_446,c,2025-02-24 20:43:11.662799
case_446,b,2025-02-24 20:48:11.662799
case_446,a,2025-02-24 20:53:11.662799
case_446,c,2025-02-24 20:58:11.662799
case_446,a,2025-02-24 21:03:11.662799
case_447,c,2025-02-24 19:28:11.662829
case_447,a,2025-02-24 19:33:11.662829
case_447,c,2025-02-24 19:38:11.662829
case_447,b,2025-02-24 19:43:11.662829
case_447,a,2025-02-24 19:48:11.662829
case_447,b,2025-02-24 19:53:11.662829
case_447,a,2025-02-24 19:58:11.662829
case_447,a,2025-02-24 20:03:11.662829
case_447,a,2025-02-24 20:08:11.662829
case_447,a,2025-02-24 20:13:11.662829
case_447,a,2025-02-24 20:18:11.662829
case_447,a,2025-02-24 20:23:11.662829
case_447,a,2025-02-24 20:28:11.662829
case_447,a,2025-02-24 20:33:11.662829
case_447,a,2025-02-24 20:38:11.662829
case_447,a,2025-02-24 20:43:11.662829
case_447,b,2025-02-24 20:48:11.662829
case_447,a,2025-02-24 20:53:11.662829
case_447,a,2025-02-24 20:58:11.662829
case_447,a,2025-02-24 21:03:11.662829
case_448,c,2025-02-24 19:28:11.662859
case_448,b,2025-02-24 19:33:11.662859
case_448,c,2025-02-24 19:38:11.662859
case_448,b,2025-02-24 19:43:11.662859
case_448,c,2025-02-24 19:48:11.662859
case_448,b,2025-02-24 19:53:11.662859
case_448,a,2025-02-24 19:58:11.662859
case_448,b,2025-02-24 20:03:11.662859
case_448,c,2025-02-24 20:08:11.662859
case_448,a,2025-02-24 20:13:11.662859
case_448,a,2025-02-24 20:18:11.662859
case_448,a,2025-02-24 20:23:11.662859
case_448,c,2025-02-24 20:28:11.662859
case_448,c,2025-02-24 20:33:11.662859
case_448,c,2025-02-24 20:38:11.662859
case_448,c,2025-02-24 20:43:11.662859
case_448,a,2025-02-24 20:48:11.662859
case_448,b,2025-02-24 20:53:11.662859
case_448,c,2025-02-24 20:58:11.662859
case_448,a,2025-02-24 21:03:11.662859
case_449,c,2025-02-24 19:28:11.662889
case_449,c,2025-02-24 19:33:11.662889
case_449,c,2025-02-24 19:38:11.662889
case_449,c,2025-02-24 19:43:11.662889
case_449,a,2025-02-24 19:48:11.662889
case_449,b,2025-02-24 19:53:11.662889
case_449,a,2025-02-24 19:58:11.662889
case_449,c,2025-02-24 20:03:11.662889
case_449,a,2025-02-24 20:08:11.662889
case_449,a,2025-02-24 20:13:11.662889
case_449,c,2025-02-24 20:18:11.662889
case_449,b,2025-02-24 20:23:11.662889
case_449,a,2025-02-24 20:28:11.662889
case_449,b,2025-02-24 20:33:11.662889
case_449,c,2025-02-24 20:38:11.662889
case_449,b,2025-02-24 20:43:11.662889
case_449,a,2025-02-24 20:48:11.662889
case_449,a,2025-02-24 20:53:11.662889
case_449,b,2025-02-24 20:58:11.662889
case_449,c,2025-02-24 21:03:11.662889
case_450,c,2025-02-24 19:28:11.662919
case_450,c,2025-02-24 19:33:11.662919
case_450,a,2025-02-24 19:38:11.662919
case_450,a,2025-02-24 19:43:11.662919
case_450,c,2025-02-24 19:48:11.662919
case_450,a,2025-02-24 19:53:11.662919
case_450,c,2025-02-24 19:58:11.662919
case_450,b,2025-02-24 20:03:11.662919
case_450,a,2025-02-24 20:08:11.662919
case_450,c,2025-02-24 20:13:11.662919
case_450,a,2025-02-24 20:18:11.662919
case_450,c,2025-02-24 20:23:11.662919
case_450,b,2025-02-24 20:28:11.662919
case_450,c,2025-02-24 20:33:11.662919
case_450,c,2025-02-24 20:38:11.662919
case_450,b,2025-02-24 20:43:11.662919
case_450,a,2025-02-24 20:48:11.662919
case_450,a,2025-02-24 20:53:11.662919
case_450,c,2025-02-24 20:58:11.662919
case_450,a,2025-02-24 21:03:11.662919
case_451,c,2025-02-24 19:28:11.662949
case_451,b,2025-02-24 19:33:11.662949
case_451,c,2025-02-24 19:38:11.662949
case_451,a,2025-02-24 19:43:11.662949
case_451,b,2025-02-24 19:48:11.662949
case_451,a,2025-02-24 19:53:11.662949
case_451,c,2025-02-24 19:58:11.662949
case_451,c,2025-02-24 20:03:11.662949
case_451,c,2025-02-24 20:08:11.662949
case_451,b,2025-02-24 20:13:11.662949
case_451,c,2025-02-24 20:18:11.662949
case_451,a,2025-02-24 20:23:11.662949
case_451,a,2025-02-24 20:28:11.662949
case_451,b,2025-02-24 20:33:11.662949
case_451,a,2025-02-24 20:38:11.662949
case_451,b,2025-02-24 20:43:11.662949
case_451,c,2025-02-24 20:48:11.662949
case_451,b,2025-02-24 20:53:11.662949
case_451,c,2025-02-24 20:58:11.662949
case_451,c,2025-02-24 21:03:11.662949
case_452,a,2025-02-24 19:28:11.662979
case_452,a,2025-02-24 19:33:11.662979
case_452,b,2025-02-24 19:38:11.662979
case_452,a,2025-02-24 19:43:11.662979
case_452,c,2025-02-24 19:48:11.662979
case_452,b,2025-02-24 19:53:11.662979
case_452,a,2025-02-24 19:58:11.662979
case_452,b,2025-02-24 20:03:11.662979
case_452,a,2025-02-24 20:08:11.662979
case_452,a,2025-02-24 20:13:11.662979
case_452,c,2025-02-24 20:18:11.662979
case_452,c,2025-02-24 20:23:11.662979
case_452,c,2025-02-24 20:28:11.662979
case_452,b,2025-02-24 20:33:11.662979
case_452,a,2025-02-24 20:38:11.662979
case_452,a,2025-02-24 20:43:11.662979
case_452,a,2025-02-24 20:48:11.662979
case_452,b,2025-02-24 20:53:11.662979
case_452,c,2025-02-24 20:58:11.662979
case_452,a,2025-02-24 21:03:11.662979
case_453,c,2025-02-24 19:28:11.663010
case_453,a,2025-02-24 19:33:11.663010
case_453,b,2025-02-24 19:38:11.663010
case_453,a,2025-02-24 19:43:11.663010
case_453,a,2025-02-24 19:48:11.663010
case_453,c,2025-02-24 19:53:11.663010
case_453,c,2025-02-24 19:58:11.663010
case_453,b,2025-02-24 20:03:11.663010
case_453,a,2025-02-24 20:08:11.663010
case_453,c,2025-02-24 20:13:11.663010
case_453,a,2025-02-24 20:18:11.663010
case_453,b,2025-02-24 20:23:11.663010
case_453,a,2025-02-24 20:28:11.663010
case_453,a,2025-02-24 20:33:11.663010
case_453,b,2025-02-24 20:38:11.663010
case_453,a,2025-02-24 20:43:11.663010
case_453,c,2025-02-24 20:48:11.663010
case_453,c,2025-02-24 20:53:11.663010
case_453,b,2025-02-24 20:58:11.663010
case_453,c,2025-02-24 21:03:11.663010
case_454,a,2025-02-24 19:28:11.663040
case_454,c,2025-02-24 19:33:11.663040
case_454,b,2025-02-24 19:38:11.663040
case_454,a,2025-02-24 19:43:11.663040
case_454,b,2025-02-24 19:48:11.663040
case_454,c,2025-02-24 19:53:11.663040
case_454,a,2025-02-24 19:58:11.663040
case_454,c,2025-02-24 20:03:11.663040
case_454,c,2025-02-24 20:08:11.663040
case_454,b,2025-02-24 20:13:11.663040
case_454,c,2025-02-24 20:18:11.663040
case_454,b,2025-02-24 20:23:11.663040
case_454,a,2025-02-24 20:28:11.663040
case_454,a,2025-02-24 20:33:11.663040
case_454,a,2025-02-24 20:38:11.663040
case_454,a,2025-02-24 20:43:11.663040
case_454,c,2025-02-24 20:48:11.663040
case_454,b,2025-02-24 20:53:11.663040
case_454,c,2025-02-24 20:58:11.663040
case_454,a,2025-02-24 21:03:11.663040
case_455,c,2025-02-24 19:28:11.663071
case_455,b,2025-02-24 19:33:11.663071
case_455,c,2025-02-24 19:38:11.663071
case_455,a,2025-02-24 19:43:11.663071
case_455,a,2025-02-24 19:48:11.663071
case_455,c,2025-02-24 19:53:11.663071
case_455,a,2025-02-24 19:58:11.663071
case_455,a,2025-02-24 20:03:11.663071
case_455,b,2025-02-24 20:08:11.663071
case_455,a,2025-02-24 20:13:11.663071
case_455,a,2025-02-24 20:18:11.663071
case_455,b,2025-02-24 20:23:11.663071
case_455,c,2025-02-24 20:28:11.663071
case_455,c,2025-02-24 20:33:11.663071
case_455,a,2025-02-24 20:38:11.663071
case_455,a,2025-02-24 20:43:11.663071
case_455,c,2025-02-24 20:48:11.663071
case_455,b,2025-02-24 20:53:11.663071
case_455,a,2025-02-24 20:58:11.663071
case_455,a,2025-02-24 21:03:11.663071
case_456,c,2025-02-24 19:28:11.663101
case_456,c,2025-02-24 19:33:11.663101
case_456,a,2025-02-24 19:38:11.663101
case_456,b,2025-02-24 19:43:11.663101
case_456,a,2025-02-24 19:48:11.663101
case_456,b,2025-02-24 19:53:11.663101
case_456,c,2025-02-24 19:58:11.663101
case_456,c,2025-02-24 20:03:11.663101
case_456,c,2025-02-24 20:08:11.663101
case_456,a,2025-02-24 20:13:11.663101
case_456,a,2025-02-24 20:18:11.663101
case_456,b,2025-02-24 20:23:11.663101
case_456,c,2025-02-24 20:28:11.663101
case_456,a,2025-02-24 20:33:11.663101
case_456,a,2025-02-24 20:38:11.663101
case_456,b,2025-02-24 20:43:11.663101
case_456,c,2025-02-24 20:48:11.663101
case_456,a,2025-02-24 20:53:11.663101
case_456,a,2025-02-24 20:58:11.663101
case_456,a,2025-02-24 21:03:11.663101
case_457,c,2025-02-24 19:28:11.663131
case_457,a,2025-02-24 19:33:11.663131
case_457,c,2025-02-24 19:38:11.663131
case_457,b,2025-02-24 19:43:11.663131
case_457,c,2025-02-24 19:48:11.663131
case_457,b,2025-02-24 19:53:11.663131
case_457,a,2025-02-24 19:58:11.663131
case_457,b,2025-02-24 20:03:11.663131
case_457,c,2025-02-24 20:08:11.663131
case_457,a,2025-02-24 20:13:11.663131
case_457,a,2025-02-24 20:18:11.663131
case_457,b,2025-02-24 20:23:11.663131
case_457,a,2025-02-24 20:28:11.663131
case_457,c,2025-02-24 20:33:11.663131
case_457,c,2025-02-24 20:38:11.663131
case_457,c,2025-02-24 20:43:11.663131
case_457,a,2025-02-24 20:48:11.663131
case_457,a,2025-02-24 20:53:11.663131
case_457,c,2025-02-24 20:58:11.663131
case_457,c,2025-02-24 21:03:11.663131
case_458,c,2025-02-24 19:28:11.663160
case_458,a,2025-02-24 19:33:11.663160
case_458,c,2025-02-24 19:38:11.663160
case_458,a,2025-02-24 19:43:11.663160
case_458,a,2025-02-24 19:48:11.663160
case_458,a,2025-02-24 19:53:11.663160
case_458,b,2025-02-24 19:58:11.663160
case_458,c,2025-02-24 20:03:11.663160
case_458,c,2025-02-24 20:08:11.663160
case_458,c,2025-02-24 20:13:11.663160
case_458,c,2025-02-24 20:18:11.663160
case_458,b,2025-02-24 20:23:11.663160
case_458,a,2025-02-24 20:28:11.663160
case_458,b,2025-02-24 20:33:11.663160
case_458,a,2025-02-24 20:38:11.663160
case_458,c,2025-02-24 20:43:11.663160
case_458,c,2025-02-24 20:48:11.663160
case_458,b,2025-02-24 20:53:11.663160
case_458,a,2025-02-24 20:58:11.663160
case_458,a,2025-02-24 21:03:11.663160
case_459,c,2025-02-24 19:28:11.663190
case_459,c,2025-02-24 19:33:11.663190
case_459,c,2025-02-24 19:38:11.663190
case_459,c,2025-02-24 19:43:11.663190
case_459,c,2025-02-24 19:48:11.663190
case_459,a,2025-02-24 19:53:11.663190
case_459,c,2025-02-24 19:58:11.663190
case_459,b,2025-02-24 20:03:11.663190
case_459,a,2025-02-24 20:08:11.663190
case_459,c,2025-02-24 20:13:11.663190
case_459,a,2025-02-24 20:18:11.663190
case_459,a,2025-02-24 20:23:11.663190
case_459,c,2025-02-24 20:28:11.663190
case_459,c,2025-02-24 20:33:11.663190
case_459,a,2025-02-24 20:38:11.663190
case_459,c,2025-02-24 20:43:11.663190
case_459,a,2025-02-24 20:48:11.663190
case_459,b,2025-02-24 20:53:11.663190
case_459,c,2025-02-24 20:58:11.663190
case_459,c,2025-02-24 21:03:11.663190
case_460,a,2025-02-24 19:28:11.663220
case_460,a,2025-02-24 19:33:11.663220
case_460,c,2025-02-24 19:38:11.663220
case_460,b,2025-02-24 19:43:11.663220
case_460,a,2025-02-24 19:48:11.663220
case_460,c,2025-02-24 19:53:11.663220
case_460,b,2025-02-24 19:58:11.663220
case_460,c,2025-02-24 20:03:11.663220
case_460,c,2025-02-24 20:08:11.663220
case_460,b,2025-02-24 20:13:11.663220
case_460,a,2025-02-24 20:18:11.663220
case_460,a,2025-02-24 20:23:11.663220
case_460,a,2025-02-24 20:28:11.663220
case_460,c,2025-02-24 20:33:11.663220
case_460,b,2025-02-24 20:38:11.663220
case_460,c,2025-02-24 20:43:11.663220
case_460,b,2025-02-24 20:48:11.663220
case_460,c,2025-02-24 20:53:11.663220
case_460,c,2025-02-24 20:58:11.663220
case_460,a,2025-02-24 21:03:11.663220
case_461,c,2025-02-24 19:28:11.663249
case_461,c,2025-02-24 19:33:11.663249
case_461,b,2025-02-24 19:38:11.663249
case_461,a,2025-02-24 19:43:11.663249
case_461,b,2025-02-24 19:48:11.663249
case_461,a,2025-02-24 19:53:11.663249
case_461,a,2025-02-24 19:58:11.663249
case_461,c,2025-02-24 20:03:11.663249
case_461,b,2025-02-24 20:08:11.663249
case_461,a,2025-02-24 20:13:11.663249
case_461,a,2025-02-24 20:18:11.663249
case_461,c,2025-02-24 20:23:11.663249
case_461,b,2025-02-24 20:28:11.663249
case_461,a,2025-02-24 20:33:11.663249
case_461,b,2025-02-24 20:38:11.663249
case_461,a,2025-02-24 20:43:11.663249
case_461,c,2025-02-24 20:48:11.663249
case_461,a,2025-02-24 20:53:11.663249
case_461,b,2025-02-24 20:58:11.663249
case_461,c,2025-02-24 21:03:11.663249
case_462,a,2025-02-24 19:28:11.663279
case_462,a,2025-02-24 19:33:11.663279
case_462,b,2025-02-24 19:38:11.663279
case_462,a,2025-02-24 19:43:11.663279
case_462,a,2025-02-24 19:48:11.663279
case_462,b,2025-02-24 19:53:11.663279
case_462,c,2025-02-24 19:58:11.663279
case_462,a,2025-02-24 20:03:11.663279
case_462,b,2025-02-24 20:08:11.663279
case_462,a,2025-02-24 20:13:11.663279
case_462,c,2025-02-24 20:18:11.663279
case_462,b,2025-02-24 20:23:11.663279
case_462,c,2025-02-24 20:28:11.663279
case_462,b,2025-02-24 20:33:11.663279
case_462,c,2025-02-24 20:38:11.663279
case_462,a,2025-02-24 20:43:11.663279
case_462,b,2025-02-24 20:48:11.663279
case_462,a,2025-02-24 20:53:11.663279
case_462,a,2025-02-24 20:58:11.663279
case_462,c,2025-02-24 21:03:11.663279
case_463,c,2025-02-24 19:28:11.663309
case_463,c,2025-02-24 19:33:11.663309
case_463,c,2025-02-24 19:38:11.663309
case_463,c,2025-02-24 19:43:11.663309
case_463,c,2025-02-24 19:48:11.663309
case_463,c,2025-02-24 19:53:11.663309
case_463,c,2025-02-24 19:58:11.663309
case_463,b,2025-02-24 20:03:11.663309
case_463,c,2025-02-24 20:08:11.663309
case_463,b,2025-02-24 20:13:11.663309
case_463,a,2025-02-24 20:18:11.663309
case_463,a,2025-02-24 20:23:11.663309
case_463,b,2025-02-24 20:28:11.663309
case_463,a,2025-02-24 20:33:11.663309
case_463,b,2025-02-24 20:38:11.663309
case_463,a,2025-02-24 20:43:11.663309
case_463,a,2025-02-24 20:48:11.663309
case_463,a,2025-02-24 20:53:11.663309
case_463,a,2025-02-24 20:58:11.663309
case_463,c,2025-02-24 21:03:11.663309
case_464,c,2025-02-24 19:28:11.663340
case_464,b,2025-02-24 19:33:11.663340
case_464,c,2025-02-24 19:38:11.663340
case_464,b,2025-02-24 19:43:11.663340
case_464,c,2025-02-24 19:48:11.663340
case_464,c,2025-02-24 19:53:11.663340
case_464,a,2025-02-24 19:58:11.663340
case_464,a,2025-02-24 20:03:11.663340
case_464,a,2025-02-24 20:08:11.663340
case_464,c,2025-02-24 20:13:11.663340
case_464,c,2025-02-24 20:18:11.663340
case_464,b,2025-02-24 20:23:11.663340
case_464,c,2025-02-24 20:28:11.663340
case_464,b,2025-02-24 20:33:11.663340
case_464,c,2025-02-24 20:38:11.663340
case_464,a,2025-02-24 20:43:11.663340
case_464,b,2025-02-24 20:48:11.663340
case_464,a,2025-02-24 20:53:11.663340
case_464,c,2025-02-24 20:58:11.663340
case_464,c,2025-02-24 21:03:11.663340
case_465,c,2025-02-24 19:28:11.663370
case_465,c,2025-02-24 19:33:11.663370
case_465,a,2025-02-24 19:38:11.663370
case_465,a,2025-02-24 19:43:11.663370
case_465,b,2025-02-24 19:48:11.663370
case_465,a,2025-02-24 19:53:11.663370
case_465,a,2025-02-24 19:58:11.663370
case_465,a,2025-02-24 20:03:11.663370
case_465,c,2025-02-24 20:08:11.663370
case_465,c,2025-02-24 20:13:11.663370
case_465,b,2025-02-24 20:18:11.663370
case_465,a,2025-02-24 20:23:11.663370
case_465,a,2025-02-24 20:28:11.663370
case_465,a,2025-02-24 20:33:11.663370
case_465,c,2025-02-24 20:38:11.663370
case_465,b,2025-02-24 20:43:11.663370
case_465,c,2025-02-24 20:48:11.663370
case_465,a,2025-02-24 20:53:11.663370
case_465,a,2025-02-24 20:58:11.663370
case_465,c,2025-02-24 21:03:11.663370
case_466,a,2025-02-24 19:28:11.663399
case_466,b,2025-02-24 19:33:11.663399
case_466,c,2025-02-24 19:38:11.663399
case_466,a,2025-02-24 19:43:11.663399
case_466,c,2025-02-24 19:48:11.663399
case_466,c,2025-02-24 19:53:11.663399
case_466,b,2025-02-24 19:58:11.663399
case_466,a,2025-02-24 20:03:11.663399
case_466,b,2025-02-24 20:08:11.663399
case_466,a,2025-02-24 20:13:11.663399
case_466,b,2025-02-24 20:18:11.663399
case_466,a,2025-02-24 20:23:11.663399
case_466,c,2025-02-24 20:28:11.663399
case_466,b,2025-02-24 20:33:11.663399
case_466,a,2025-02-24 20:38:11.663399
case_466,a,2025-02-24 20:43:11.663399
case_466,a,2025-02-24 20:48:11.663399
case_466,a,2025-02-24 20:53:11.663399
case_466,c,2025-02-24 20:58:11.663399
case_466,c,2025-02-24 21:03:11.663399
case_467,c,2025-02-24 19:28:11.663429
case_467,c,2025-02-24 19:33:11.663429
case_467,a,2025-02-24 19:38:11.663429
case_467,a,2025-02-24 19:43:11.663429
case_467,b,2025-02-24 19:48:11.663429
case_467,c,2025-02-24 19:53:11.663429
case_467,b,2025-02-24 19:58:11.663429
case_467,c,2025-02-24 20:03:11.663429
case_467,c,2025-02-24 20:08:11.663429
case_467,b,2025-02-24 20:13:11.663429
case_467,c,2025-02-24 20:18:11.663429
case_467,a,2025-02-24 20:23:11.663429
case_467,b,2025-02-24 20:28:11.663429
case_467,a,2025-02-24 20:33:11.663429
case_467,c,2025-02-24 20:38:11.663429
case_467,c,2025-02-24 20:43:11.663429
case_467,b,2025-02-24 20:48:11.663429
case_467,c,2025-02-24 20:53:11.663429
case_467,c,2025-02-24 20:58:11.663429
case_467,c,2025-02-24 21:03:11.663429
case_468,a,2025-02-24 19:28:11.663459
case_468,b,2025-02-24 19:33:11.663459
case_468,c,2025-02-24 19:38:11.663459
case_468,b,2025-02-24 19:43:11.663459
case_468,a,2025-02-24 19:48:11.663459
case_468,b,2025-02-24 19:53:11.663459
case_468,a,2025-02-24 19:58:11.663459
case_468,c,2025-02-24 20:03:11.663459
case_468,b,2025-02-24 20:08:11.663459
case_468,c,2025-02-24 20:13:11.663459
case_468,c,2025-02-24 20:18:11.663459
case_468,c,2025-02-24 20:23:11.663459
case_468,c,2025-02-24 20:28:11.663459
case_468,c,2025-02-24 20:33:11.663459
case_468,c,2025-02-24 20:38:11.663459
case_468,a,2025-02-24 20:43:11.663459
case_468,b,2025-02-24 20:48:11.663459
case_468,c,2025-02-24 20:53:11.663459
case_468,c,2025-02-24 20:58:11.663459
case_468,c,2025-02-24 21:03:11.663459
case_469,a,2025-02-24 19:28:11.663489
case_469,a,2025-02-24 19:33:11.663489
case_469,b,2025-02-24 19:38:11.663489
case_469,a,2025-02-24 19:43:11.663489
case_469,b,2025-02-24 19:48:11.663489
case_469,a,2025-02-24 19:53:11.663489
case_469,a,2025-02-24 19:58:11.663489
case_469,c,2025-02-24 20:03:11.663489
case_469,c,2025-02-24 20:08:11.663489
case_469,c,2025-02-24 20:13:11.663489
case_469,b,2025-02-24 20:18:11.663489
case_469,a,2025-02-24 20:23:11.663489
case_469,a,2025-02-24 20:28:11.663489
case_469,b,2025-02-24 20:33:11.663489
case_469,a,2025-02-24 20:38:11.663489
case_469,b,2025-02-24 20:43:11.663489
case_469,c,2025-02-24 20:48:11.663489
case_469,b,2025-02-24 20:53:11.663489
case_469,c,2025-02-24 20:58:11.663489
case_469,a,2025-02-24 21:03:11.663489
case_470,c,2025-02-24 19:28:11.663518
case_470,b,2025-02-24 19:33:11.663518
case_470,c,2025-02-24 19:38:11.663518
case_470,b,2025-02-24 19:43:11.663518
case_470,a,2025-02-24 19:48:11.663518
case_470,a,2025-02-24 19:53:11.663518
case_470,b,2025-02-24 19:58:11.663518
case_470,a,2025-02-24 20:03:11.663518
case_470,b,2025-02-24 20:08:11.663518
case_470,a,2025-02-24 20:13:11.663518
case_470,c,2025-02-24 20:18:11.663518
case_470,c,2025-02-24 20:23:11.663518
case_470,c,2025-02-24 20:28:11.663518
case_470,a,2025-02-24 20:33:11.663518
case_470,b,2025-02-24 20:38:11.663518
case_470,c,2025-02-24 20:43:11.663518
case_470,c,2025-02-24 20:48:11.663518
case_470,b,2025-02-24 20:53:11.663518
case_470,c,2025-02-24 20:58:11.663518
case_470,a,2025-02-24 21:03:11.663518
case_471,a,2025-02-24 19:28:11.663548
case_471,a,2025-02-24 19:33:11.663548
case_471,b,2025-02-24 19:38:11.663548
case_471,c,2025-02-24 19:43:11.663548
case_471,c,2025-02-24 19:48:11.663548
case_471,a,2025-02-24 19:53:11.663548
case_471,a,2025-02-24 19:58:11.663548
case_471,b,2025-02-24 20:03:11.663548
case_471,c,2025-02-24 20:08:11.663548
case_471,a,2025-02-24 20:13:11.663548
case_471,b,2025-02-24 20:18:11.663548
case_471,a,2025-02-24 20:23:11.663548
case_471,b,2025-02-24 20:28:11.663548
case_471,c,2025-02-24 20:33:11.663548
case_471,b,2025-02-24 20:38:11.663548
case_471,c,2025-02-24 20:43:11.663548
case_471,a,2025-02-24 20:48:11.663548
case_471,a,2025-02-24 20:53:11.663548
case_471,a,2025-02-24 20:58:11.663548
case_471,a,2025-02-24 21:03:11.663548
case_472,c,2025-02-24 19:28:11.663578
case_472,c,2025-02-24 19:33:11.663578
case_472,b,2025-02-24 19:38:11.663578
case_472,c,2025-02-24 19:43:11.663578
case_472,b,2025-02-24 19:48:11.663578
case_472,a,2025-02-24 19:53:11.663578
case_472,b,2025-02-24 19:58:11.663578
case_472,c,2025-02-24 20:03:11.663578
case_472,b,2025-02-24 20:08:11.663578
case_472,c,2025-02-24 20:13:11.663578
case_472,b,2025-02-24 20:18:11.663578
case_472,c,2025-02-24 20:23:11.663578
case_472,a,2025-02-24 20:28:11.663578
case_472,b,2025-02-24 20:33:11.663578
case_472,c,2025-02-24 20:38:11.663578
case_472,a,2025-02-24 20:43:11.663578
case_472,b,2025-02-24 20:48:11.663578
case_472,c,2025-02-24 20:53:11.663578
case_472,b,2025-02-24 20:58:11.663578
case_472,a,2025-02-24 21:03:11.663578
case_473,c,2025-02-24 19:28:11.663614
case_473,b,2025-02-24 19:33:11.663614
case_473,a,2025-02-24 19:38:11.663614
case_473,c,2025-02-24 19:43:11.663614
case_473,c,2025-02-24 19:48:11.663614
case_473,a,2025-02-24 19:53:11.663614
case_473,b,2025-02-24 19:58:11.663614
case_473,a,2025-02-24 20:03:11.663614
case_473,b,2025-02-24 20:08:11.663614
case_473,a,2025-02-24 20:13:11.663614
case_473,c,2025-02-24 20:18:11.663614
case_473,a,2025-02-24 20:23:11.663614
case_473,a,2025-02-24 20:28:11.663614
case_473,b,2025-02-24 20:33:11.663614
case_473,c,2025-02-24 20:38:11.663614
case_473,c,2025-02-24 20:43:11.663614
case_473,b,2025-02-24 20:48:11.663614
case_473,c,2025-02-24 20:53:11.663614
case_473,c,2025-02-24 20:58:11.663614
case_473,a,2025-02-24 21:03:11.663614
case_474,c,2025-02-24 19:28:11.663643
case_474,c,2025-02-24 19:33:11.663643
case_474,a,2025-02-24 19:38:11.663643
case_474,b,2025-02-24 19:43:11.663643
case_474,c,2025-02-24 19:48:11.663643
case_474,c,2025-02-24 19:53:11.663643
case_474,b,2025-02-24 19:58:11.663643
case_474,c,2025-02-24 20:03:11.663643
case_474,c,2025-02-24 20:08:11.663643
case_474,a,2025-02-24 20:13:11.663643
case_474,b,2025-02-24 20:18:11.663643
case_474,a,2025-02-24 20:23:11.663643
case_474,c,2025-02-24 20:28:11.663643
case_474,c,2025-02-24 20:33:11.663643
case_474,c,2025-02-24 20:38:11.663643
case_474,b,2025-02-24 20:43:11.663643
case_474,c,2025-02-24 20:48:11.663643
case_474,c,2025-02-24 20:53:11.663643
case_474,b,2025-02-24 20:58:11.663643
case_474,a,2025-02-24 21:03:11.663643
case_475,a,2025-02-24 19:28:11.663673
case_475,b,2025-02-24 19:33:11.663673
case_475,c,2025-02-24 19:38:11.663673
case_475,b,2025-02-24 19:43:11.663673
case_475,c,2025-02-24 19:48:11.663673
case_475,a,2025-02-24 19:53:11.663673
case_475,c,2025-02-24 19:58:11.663673
case_475,c,2025-02-24 20:03:11.663673
case_475,c,2025-02-24 20:08:11.663673
case_475,c,2025-02-24 20:13:11.663673
case_475,a,2025-02-24 20:18:11.663673
case_475,c,2025-02-24 20:23:11.663673
case_475,c,2025-02-24 20:28:11.663673
case_475,c,2025-02-24 20:33:11.663673
case_475,c,2025-02-24 20:38:11.663673
case_475,a,2025-02-24 20:43:11.663673
case_475,c,2025-02-24 20:48:11.663673
case_475,c,2025-02-24 20:53:11.663673
case_475,a,2025-02-24 20:58:11.663673
case_475,a,2025-02-24 21:03:11.663673
case_476,a,2025-02-24 19:28:11.663703
case_476,c,2025-02-24 19:33:11.663703
case_476,b,2025-02-24 19:38:11.663703
case_476,a,2025-02-24 19:43:11.663703
case_476,b,2025-02-24 19:48:11.663703
case_476,a,2025-02-24 19:53:11.663703
case_476,a,2025-02-24 19:58:11.663703
case_476,c,2025-02-24 20:03:11.663703
case_476,b,2025-02-24 20:08:11.663703
case_476,c,2025-02-24 20:13:11.663703
case_476,b,2025-02-24 20:18:11.663703
case_476,c,2025-02-24 20:23:11.663703
case_476,b,2025-02-24 20:28:11.663703
case_476,c,2025-02-24 20:33:11.663703
case_476,b,2025-02-24 20:38:11.663703
case_476,a,2025-02-24 20:43:11.663703
case_476,b,2025-02-24 20:48:11.663703
case_476,a,2025-02-24 20:53:11.663703
case_476,c,2025-02-24 20:58:11.663703
case_476,c,2025-02-24 21:03:11.663703
case_477,c,2025-02-24 19:28:11.663733
case_477,a,2025-02-24 19:33:11.663733
case_477,c,2025-02-24 19:38:11.663733
case_477,c,2025-02-24 19:43:11.663733
case_477,b,2025-02-24 19:48:11.663733
case_477,a,2025-02-24 19:53:11.663733
case_477,c,2025-02-24 19:58:11.663733
case_477,b,2025-02-24 20:03:11.663733
case_477,c,2025-02-24 20:08:11.663733
case_477,c,2025-02-24 20:13:11.663733
case_477,c,2025-02-24 20:18:11.663733
case_477,a,2025-02-24 20:23:11.663733
case_477,b,2025-02-24 20:28:11.663733
case_477,c,2025-02-24 20:33:11.663733
case_477,a,2025-02-24 20:38:11.663733
case_477,b,2025-02-24 20:43:11.663733
case_477,a,2025-02-24 20:48:11.663733
case_477,b,2025-02-24 20:53:11.663733
case_477,a,2025-02-24 20:58:11.663733
case_477,a,2025-02-24 21:03:11.663733
case_478,c,2025-02-24 19:28:11.663763
case_478,a,2025-02-24 19:33:11.663763
case_478,c,2025-02-24 19:38:11.663763
case_478,b,2025-02-24 19:43:11.663763
case_478,a,2025-02-24 19:48:11.663763
case_478,c,2025-02-24 19:53:11.663763
case_478,a,2025-02-24 19:58:11.663763
case_478,b,2025-02-24 20:03:11.663763
case_478,a,2025-02-24 20:08:11.663763
case_478,b,2025-02-24 20:13:11.663763
case_478,a,2025-02-24 20:18:11.663763
case_478,b,2025-02-24 20:23:11.663763
case_478,a,2025-02-24 20:28:11.663763
case_478,c,2025-02-24 20:33:11.663763
case_478,b,2025-02-24 20:38:11.663763
case_478,c,2025-02-24 20:43:11.663763
case_478,b,2025-02-24 20:48:11.663763
case_478,c,2025-02-24 20:53:11.663763
case_478,c,2025-02-24 20:58:11.663763
case_478,c,2025-02-24 21:03:11.663763
case_479,a,2025-02-24 19:28:11.663793
case_479,a,2025-02-24 19:33:11.663793
case_479,c,2025-02-24 19:38:11.663793
case_479,c,2025-02-24 19:43:11.663793
case_479,c,2025-02-24 19:48:11.663793
case_479,a,2025-02-24 19:53:11.663793
case_479,c,2025-02-24 19:58:11.663793
case_479,c,2025-02-24 20:03:11.663793
case_479,b,2025-02-24 20:08:11.663793
case_479,a,2025-02-24 20:13:11.663793
case_479,a,2025-02-24 20:18:11.663793
case_479,a,2025-02-24 20:23:11.663793
case_479,c,2025-02-24 20:28:11.663793
case_479,a,2025-02-24 20:33:11.663793
case_479,c,2025-02-24 20:38:11.663793
case_479,c,2025-02-24 20:43:11.663793
case_479,a,2025-02-24 20:48:11.663793
case_479,b,2025-02-24 20:53:11.663793
case_479,c,2025-02-24 20:58:11.663793
case_479,a,2025-02-24 21:03:11.663793
case_480,a,2025-02-24 19:28:11.663822
case_480,a,2025-02-24 19:33:11.663822
case_480,b,2025-02-24 19:38:11.663822
case_480,c,2025-02-24 19:43:11.663822
case_480,b,2025-02-24 19:48:11.663822
case_480,c,2025-02-24 19:53:11.663822
case_480,b,2025-02-24 19:58:11.663822
case_480,a,2025-02-24 20:03:11.663822
case_480,c,2025-02-24 20:08:11.663822
case_480,b,2025-02-24 20:13:11.663822
case_480,c,2025-02-24 20:18:11.663822
case_480,a,2025-02-24 20:23:11.663822
case_480,c,2025-02-24 20:28:11.663822
case_480,c,2025-02-24 20:33:11.663822
case_480,b,2025-02-24 20:38:11.663822
case_480,a,2025-02-24 20:43:11.663822
case_480,a,2025-02-24 20:48:11.663822
case_480,b,2025-02-24 20:53:11.663822
case_480,c,2025-02-24 20:58:11.663822
case_480,a,2025-02-24 21:03:11.663822
case_481,c,2025-02-24 19:28:11.663852
case_481,a,2025-02-24 19:33:11.663852
case_481,b,2025-02-24 19:38:11.663852
case_481,a,2025-02-24 19:43:11.663852
case_481,b,2025-02-24 19:48:11.663852
case_481,c,2025-02-24 19:53:11.663852
case_481,b,2025-02-24 19:58:11.663852
case_481,a,2025-02-24 20:03:11.663852
case_481,b,2025-02-24 20:08:11.663852
case_481,c,2025-02-24 20:13:11.663852
case_481,a,2025-02-24 20:18:11.663852
case_481,b,2025-02-24 20:23:11.663852
case_481,c,2025-02-24 20:28:11.663852
case_481,b,2025-02-24 20:33:11.663852
case_481,a,2025-02-24 20:38:11.663852
case_481,a,2025-02-24 20:43:11.663852
case_481,c,2025-02-24 20:48:11.663852
case_481,c,2025-02-24 20:53:11.663852
case_481,c,2025-02-24 20:58:11.663852
case_481,a,2025-02-24 21:03:11.663852
case_482,a,2025-02-24 19:28:11.663882
case_482,b,2025-02-24 19:33:11.663882
case_482,c,2025-02-24 19:38:11.663882
case_482,c,2025-02-24 19:43:11.663882
case_482,b,2025-02-24 19:48:11.663882
case_482,c,2025-02-24 19:53:11.663882
case_482,c,2025-02-24 19:58:11.663882
case_482,b,2025-02-24 20:03:11.663882
case_482,a,2025-02-24 20:08:11.663882
case_482,c,2025-02-24 20:13:11.663882
case_482,a,2025-02-24 20:18:11.663882
case_482,a,2025-02-24 20:23:11.663882
case_482,c,2025-02-24 20:28:11.663882
case_482,c,2025-02-24 20:33:11.663882
case_482,b,2025-02-24 20:38:11.663882
case_482,c,2025-02-24 20:43:11.663882
case_482,c,2025-02-24 20:48:11.663882
case_482,b,2025-02-24 20:53:11.663882
case_482,c,2025-02-24 20:58:11.663882
case_482,a,2025-02-24 21:03:11.663882
case_483,a,2025-02-24 19:28:11.663912
case_483,a,2025-02-24 19:33:11.663912
case_483,a,2025-02-24 19:38:11.663912
case_483,c,2025-02-24 19:43:11.663912
case_483,b,2025-02-24 19:48:11.663912
case_483,c,2025-02-24 19:53:11.663912
case_483,a,2025-02-24 19:58:11.663912
case_483,c,2025-02-24 20:03:11.663912
case_483,c,2025-02-24 20:08:11.663912
case_483,b,2025-02-24 20:13:11.663912
case_483,c,2025-02-24 20:18:11.663912
case_483,a,2025-02-24 20:23:11.663912
case_483,c,2025-02-24 20:28:11.663912
case_483,a,2025-02-24 20:33:11.663912
case_483,c,2025-02-24 20:38:11.663912
case_483,b,2025-02-24 20:43:11.663912
case_483,c,2025-02-24 20:48:11.663912
case_483,c,2025-02-24 20:53:11.663912
case_483,b,2025-02-24 20:58:11.663912
case_483,a,2025-02-24 21:03:11.663912
case_484,a,2025-02-24 19:28:11.663942
case_484,a,2025-02-24 19:33:11.663942
case_484,b,2025-02-24 19:38:11.663942
case_484,c,2025-02-24 19:43:11.663942
case_484,b,2025-02-24 19:48:11.663942
case_484,c,2025-02-24 19:53:11.663942
case_484,b,2025-02-24 19:58:11.663942
case_484,c,2025-02-24 20:03:11.663942
case_484,c,2025-02-24 20:08:11.663942
case_484,a,2025-02-24 20:13:11.663942
case_484,b,2025-02-24 20:18:11.663942
case_484,a,2025-02-24 20:23:11.663942
case_484,b,2025-02-24 20:28:11.663942
case_484,c,2025-02-24 20:33:11.663942
case_484,b,2025-02-24 20:38:11.663942
case_484,c,2025-02-24 20:43:11.663942
case_484,b,2025-02-24 20:48:11.663942
case_484,a,2025-02-24 20:53:11.663942
case_484,a,2025-02-24 20:58:11.663942
case_484,c,2025-02-24 21:03:11.663942
case_485,c,2025-02-24 19:28:11.663972
case_485,b,2025-02-24 19:33:11.663972
case_485,a,2025-02-24 19:38:11.663972
case_485,a,2025-02-24 19:43:11.663972
case_485,a,2025-02-24 19:48:11.663972
case_485,c,2025-02-24 19:53:11.663972
case_485,b,2025-02-24 19:58:11.663972
case_485,a,2025-02-24 20:03:11.663972
case_485,a,2025-02-24 20:08:11.663972
case_485,a,2025-02-24 20:13:11.663972
case_485,c,2025-02-24 20:18:11.663972
case_485,b,2025-02-24 20:23:11.663972
case_485,c,2025-02-24 20:28:11.663972
case_485,b,2025-02-24 20:33:11.663972
case_485,a,2025-02-24 20:38:11.663972
case_485,a,2025-02-24 20:43:11.663972
case_485,a,2025-02-24 20:48:11.663972
case_485,b,2025-02-24 20:53:11.663972
case_485,a,2025-02-24 20:58:11.663972
case_485,c,2025-02-24 21:03:11.663972
case_486,a,2025-02-24 19:28:11.664001
case_486,c,2025-02-24 19:33:11.664001
case_486,b,2025-02-24 19:38:11.664001
case_486,c,2025-02-24 19:43:11.664001
case_486,c,2025-02-24 19:48:11.664001
case_486,b,2025-02-24 19:53:11.664001
case_486,c,2025-02-24 19:58:11.664001
case_486,c,2025-02-24 20:03:11.664001
case_486,a,2025-02-24 20:08:11.664001
case_486,b,2025-02-24 20:13:11.664001
case_486,a,2025-02-24 20:18:11.664001
case_486,a,2025-02-24 20:23:11.664001
case_486,b,2025-02-24 20:28:11.664001
case_486,a,2025-02-24 20:33:11.664001
case_486,a,2025-02-24 20:38:11.664001
case_486,c,2025-02-24 20:43:11.664001
case_486,a,2025-02-24 20:48:11.664001
case_486,c,2025-02-24 20:53:11.664001
case_486,b,2025-02-24 20:58:11.664001
case_486,c,2025-02-24 21:03:11.664001
case_487,c,2025-02-24 19:28:11.664031
case_487,c,2025-02-24 19:33:11.664031
case_487,a,2025-02-24 19:38:11.664031
case_487,c,2025-02-24 19:43:11.664031
case_487,a,2025-02-24 19:48:11.664031
case_487,c,2025-02-24 19:53:11.664031
case_487,a,2025-02-24 19:58:11.664031
case_487,c,2025-02-24 20:03:11.664031
case_487,b,2025-02-24 20:08:11.664031
case_487,a,2025-02-24 20:13:11.664031
case_487,b,2025-02-24 20:18:11.664031
case_487,c,2025-02-24 20:23:11.664031
case_487,b,2025-02-24 20:28:11.664031
case_487,c,2025-02-24 20:33:11.664031
case_487,b,2025-02-24 20:38:11.664031
case_487,c,2025-02-24 20:43:11.664031
case_487,c,2025-02-24 20:48:11.664031
case_487,c,2025-02-24 20:53:11.664031
case_487,c,2025-02-24 20:58:11.664031
case_487,a,2025-02-24 21:03:11.664031
case_488,a,2025-02-24 19:28:11.664061
case_488,c,2025-02-24 19:33:11.664061
case_488,c,2025-02-24 19:38:11.664061
case_488,a,2025-02-24 19:43:11.664061
case_488,b,2025-02-24 19:48:11.664061
case_488,a,2025-02-24 19:53:11.664061
case_488,b,2025-02-24 19:58:11.664061
case_488,c,2025-02-24 20:03:11.664061
case_488,a,2025-02-24 20:08:11.664061
case_488,a,2025-02-24 20:13:11.664061
case_488,b,2025-02-24 20:18:11.664061
case_488,c,2025-02-24 20:23:11.664061
case_488,b,2025-02-24 20:28:11.664061
case_488,c,2025-02-24 20:33:11.664061
case_488,c,2025-02-24 20:38:11.664061
case_488,a,2025-02-24 20:43:11.664061
case_488,b,2025-02-24 20:48:11.664061
case_488,c,2025-02-24 20:53:11.664061
case_488,b,2025-02-24 20:58:11.664061
case_488,c,2025-02-24 21:03:11.664061
case_489,c,2025-02-24 19:28:11.664090
case_489,a,2025-02-24 19:33:11.664090
case_489,c,2025-02-24 19:38:11.664090
case_489,c,2025-02-24 19:43:11.664090
case_489,b,2025-02-24 19:48:11.664090
case_489,c,2025-02-24 19:53:11.664090
case_489,a,2025-02-24 19:58:11.664090
case_489,a,2025-02-24 20:03:11.664090
case_489,a,2025-02-24 20:08:11.664090
case_489,b,2025-02-24 20:13:11.664090
case_489,c,2025-02-24 20:18:11.664090
case_489,b,2025-02-24 20:23:11.664090
case_489,c,2025-02-24 20:28:11.664090
case_489,a,2025-02-24 20:33:11.664090
case_489,c,2025-02-24 20:38:11.664090
case_489,b,2025-02-24 20:43:11.664090
case_489,c,2025-02-24 20:48:11.664090
case_489,a,2025-02-24 20:53:11.664090
case_489,a,2025-02-24 20:58:11.664090
case_489,c,2025-02-24 21:03:11.664090
case_490,a,2025-02-24 19:28:11.664120
case_490,b,2025-02-24 19:33:11.664120
case_490,a,2025-02-24 19:38:11.664120
case_490,a,2025-02-24 19:43:11.664120
case_490,a,2025-02-24 19:48:11.664120
case_490,c,2025-02-24 19:53:11.664120
case_490,a,2025-02-24 19:58:11.664120
case_490,c,2025-02-24 20:03:11.664120
case_490,a,2025-02-24 20:08:11.664120
case_490,c,2025-02-24 20:13:11.664120
case_490,a,2025-02-24 20:18:11.664120
case_490,c,2025-02-24 20:23:11.664120
case_490,b,2025-02-24 20:28:11.664120
case_490,c,2025-02-24 20:33:11.664120
case_490,a,2025-02-24 20:38:11.664120
case_490,c,2025-02-24 20:43:11.664120
case_490,c,2025-02-24 20:48:11.664120
case_490,a,2025-02-24 20:53:11.664120
case_490,b,2025-02-24 20:58:11.664120
case_490,a,2025-02-24 21:03:11.664120
case_491,a,2025-02-24 19:28:11.664150
case_491,b,2025-02-24 19:33:11.664150
case_491,a,2025-02-24 19:38:11.664150
case_491,b,2025-02-24 19:43:11.664150
case_491,c,2025-02-24 19:48:11.664150
case_491,a,2025-02-24 19:53:11.664150
case_491,b,2025-02-24 19:58:11.664150
case_491,c,2025-02-24 20:03:11.664150
case_491,b,2025-02-24 20:08:11.664150
case_491,c,2025-02-24 20:13:11.664150
case_491,b,2025-02-24 20:18:11.664150
case_491,a,2025-02-24 20:23:11.664150
case_491,a,2025-02-24 20:28:11.664150
case_491,b,2025-02-24 20:33:11.664150
case_491,c,2025-02-24 20:38:11.664150
case_491,b,2025-02-24 20:43:11.664150
case_491,a,2025-02-24 20:48:11.664150
case_491,c,2025-02-24 20:53:11.664150
case_491,b,2025-02-24 20:58:11.664150
case_491,c,2025-02-24 21:03:11.664150
case_492,a,2025-02-24 19:28:11.664180
case_492,a,2025-02-24 19:33:11.664180
case_492,a,2025-02-24 19:38:11.664180
case_492,a,2025-02-24 19:43:11.664180
case_492,c,2025-02-24 19:48:11.664180
case_492,a,2025-02-24 19:53:11.664180
case_492,a,2025-02-24 19:58:11.664180
case_492,b,2025-02-24 20:03:11.664180
case_492,c,2025-02-24 20:08:11.664180
case_492,b,2025-02-24 20:13:11.664180
case_492,a,2025-02-24 20:18:11.664180
case_492,c,2025-02-24 20:23:11.664180
case_492,b,2025-02-24 20:28:11.664180
case_492,c,2025-02-24 20:33:11.664180
case_492,b,2025-02-24 20:38:11.664180
case_492,c,2025-02-24 20:43:11.664180
case_492,b,2025-02-24 20:48:11.664180
case_492,c,2025-02-24 20:53:11.664180
case_492,a,2025-02-24 20:58:11.664180
case_492,a,2025-02-24 21:03:11.664180
case_493,c,2025-02-24 19:28:11.664210
case_493,c,2025-02-24 19:33:11.664210
case_493,c,2025-02-24 19:38:11.664210
case_493,a,2025-02-24 19:43:11.664210
case_493,b,2025-02-24 19:48:11.664210
case_493,c,2025-02-24 19:53:11.664210
case_493,c,2025-02-24 19:58:11.664210
case_493,a,2025-02-24 20:03:11.664210
case_493,a,2025-02-24 20:08:11.664210
case_493,b,2025-02-24 20:13:11.664210
case_493,c,2025-02-24 20:18:11.664210
case_493,a,2025-02-24 20:23:11.664210
case_493,b,2025-02-24 20:28:11.664210
case_493,c,2025-02-24 20:33:11.664210
case_493,a,2025-02-24 20:38:11.664210
case_493,b,2025-02-24 20:43:11.664210
case_493,a,2025-02-24 20:48:11.664210
case_493,a,2025-02-24 20:53:11.664210
case_493,b,2025-02-24 20:58:11.664210
case_493,c,2025-02-24 21:03:11.664210
case_494,a,2025-02-24 19:28:11.664239
case_494,a,2025-02-24 19:33:11.664239
case_494,c,2025-02-24 19:38:11.664239
case_494,c,2025-02-24 19:43:11.664239
case_494,a,2025-02-24 19:48:11.664239
case_494,c,2025-02-24 19:53:11.664239
case_494,b,2025-02-24 19:58:11.664239
case_494,c,2025-02-24 20:03:11.664239
case_494,a,2025-02-24 20:08:11.664239
case_494,b,2025-02-24 20:13:11.664239
case_494,c,2025-02-24 20:18:11.664239
case_494,c,2025-02-24 20:23:11.664239
case_494,b,2025-02-24 20:28:11.664239
case_494,a,2025-02-24 20:33:11.664239
case_494,c,2025-02-24 20:38:11.664239
case_494,b,2025-02-24 20:43:11.664239
case_494,c,2025-02-24 20:48:11.664239
case_494,c,2025-02-24 20:53:11.664239
case_494,b,2025-02-24 20:58:11.664239
case_494,c,2025-02-24 21:03:11.664239
case_495,a,2025-02-24 19:28:11.664269
case_495,c,2025-02-24 19:33:11.664269
case_495,a,2025-02-24 19:38:11.664269
case_495,b,2025-02-24 19:43:11.664269
case_495,a,2025-02-24 19:48:11.664269
case_495,c,2025-02-24 19:53:11.664269
case_495,c,2025-02-24 19:58:11.664269
case_495,a,2025-02-24 20:03:11.664269
case_495,c,2025-02-24 20:08:11.664269
case_495,c,2025-02-24 20:13:11.664269
case_495,a,2025-02-24 20:18:11.664269
case_495,a,2025-02-24 20:23:11.664269
case_495,b,2025-02-24 20:28:11.664269
case_495,a,2025-02-24 20:33:11.664269
case_495,a,2025-02-24 20:38:11.664269
case_495,b,2025-02-24 20:43:11.664269
case_495,a,2025-02-24 20:48:11.664269
case_495,b,2025-02-24 20:53:11.664269
case_495,a,2025-02-24 20:58:11.664269
case_495,a,2025-02-24 21:03:11.664269
case_496,a,2025-02-24 19:28:11.664299
case_496,b,2025-02-24 19:33:11.664299
case_496,a,2025-02-24 19:38:11.664299
case_496,a,2025-02-24 19:43:11.664299
case_496,a,2025-02-24 19:48:11.664299
case_496,b,2025-02-24 19:53:11.664299
case_496,c,2025-02-24 19:58:11.664299
case_496,a,2025-02-24 20:03:11.664299
case_496,a,2025-02-24 20:08:11.664299
case_496,a,2025-02-24 20:13:11.664299
case_496,c,2025-02-24 20:18:11.664299
case_496,b,2025-02-24 20:23:11.664299
case_496,a,2025-02-24 20:28:11.664299
case_496,a,2025-02-24 20:33:11.664299
case_496,c,2025-02-24 20:38:11.664299
case_496,a,2025-02-24 20:43:11.664299
case_496,a,2025-02-24 20:48:11.664299
case_496,c,2025-02-24 20:53:11.664299
case_496,a,2025-02-24 20:58:11.664299
case_496,a,2025-02-24 21:03:11.664299
case_497,a,2025-02-24 19:28:11.664331
case_497,c,2025-02-24 19:33:11.664331
case_497,b,2025-02-24 19:38:11.664331
case_497,c,2025-02-24 19:43:11.664331
case_497,a,2025-02-24 19:48:11.664331
case_497,a,2025-02-24 19:53:11.664331
case_497,c,2025-02-24 19:58:11.664331
case_497,a,2025-02-24 20:03:11.664331
case_497,b,2025-02-24 20:08:11.664331
case_497,c,2025-02-24 20:13:11.664331
case_497,a,2025-02-24 20:18:11.664331
case_497,b,2025-02-24 20:23:11.664331
case_497,a,2025-02-24 20:28:11.664331
case_497,c,2025-02-24 20:33:11.664331
case_497,c,2025-02-24 20:38:11.664331
case_497,b,2025-02-24 20:43:11.664331
case_497,a,2025-02-24 20:48:11.664331
case_497,a,2025-02-24 20:53:11.664331
case_497,b,2025-02-24 20:58:11.664331
case_497,a,2025-02-24 21:03:11.664331
case_498,c,2025-02-24 19:28:11.664361
case_498,a,2025-02-24 19:33:11.664361
case_498,b,2025-02-24 19:38:11.664361
case_498,c,2025-02-24 19:43:11.664361
case_498,a,2025-02-24 19:48:11.664361
case_498,c,2025-02-24 19:53:11.664361
case_498,b,2025-02-24 19:58:11.664361
case_498,a,2025-02-24 20:03:11.664361
case_498,c,2025-02-24 20:08:11.664361
case_498,c,2025-02-24 20:13:11.664361
case_498,c,2025-02-24 20:18:11.664361
case_498,b,2025-02-24 20:23:11.664361
case_498,a,2025-02-24 20:28:11.664361
case_498,b,2025-02-24 20:33:11.664361
case_498,a,2025-02-24 20:38:11.664361
case_498,c,2025-02-24 20:43:11.664361
case_498,c,2025-02-24 20:48:11.664361
case_498,c,2025-02-24 20:53:11.664361
case_498,c,2025-02-24 20:58:11.664361
case_498,c,2025-02-24 21:03:11.664361
case_499,a,2025-02-24 19:28:11.664391
case_499,a,2025-02-24 19:33:11.664391
case_499,a,2025-02-24 19:38:11.664391
case_499,b,2025-02-24 19:43:11.664391
case_499,c,2025-02-24 19:48:11.664391
case_499,c,2025-02-24 19:53:11.664391
case_499,c,2025-02-24 19:58:11.664391
case_499,b,2025-02-24 20:03:11.664391
case_499,a,2025-02-24 20:08:11.664391
case_499,a,2025-02-24 20:13:11.664391
case_499,c,2025-02-24 20:18:11.664391
case_499,b,2025-02-24 20:23:11.664391
case_499,a,2025-02-24 20:28:11.664391
case_499,a,2025-02-24 20:33:11.664391
case_499,b,2025-02-24 20:38:11.664391
case_499,a,2025-02-24 20:43:11.664391
case_499,c,2025-02-24 20:48:11.664391
case_499,c,2025-02-24 20:53:11.664391
case_499,c,2025-02-24 20:58:11.664391
case_499,a,2025-02-24 21:03:11.664391
case_500,a,2025-02-24 19:28:11.664423
case_500,a,2025-02-24 19:33:11.664423
case_500,a,2025-02-24 19:38:11.664423
case_500,a,2025-02-24 19:43:11.664423
case_500,a,2025-02-24 19:48:11.664423
case_500,a,2025-02-24 19:53:11.664423
case_500,a,2025-02-24 19:58:11.664423
case_500,a,2025-02-24 20:03:11.664423
case_500,b,2025-02-24 20:08:11.664423
case_500,c,2025-02-24 20:13:11.664423
case_500,a,2025-02-24 20:18:11.664423
case_500,a,2025-02-24 20:23:11.664423
case_500,c,2025-02-24 20:28:11.664423
case_500,b,2025-02-24 20:33:11.664423
case_500,a,2025-02-24 20:38:11.664423
case_500,b,2025-02-24 20:43:11.664423
case_500,c,2025-02-24 20:48:11.664423
case_500,c,2025-02-24 20:53:11.664423
case_500,b,2025-02-24 20:58:11.664423
case_500,a,2025-02-24 21:03:11.664423
case_501,c,2025-02-24 19:28:11.664452
case_501,b,2025-02-24 19:33:11.664452
case_501,c,2025-02-24 19:38:11.664452
case_501,b,2025-02-24 19:43:11.664452
case_501,c,2025-02-24 19:48:11.664452
case_501,a,2025-02-24 19:53:11.664452
case_501,b,2025-02-24 19:58:11.664452
case_501,a,2025-02-24 20:03:11.664452
case_501,b,2025-02-24 20:08:11.664452
case_501,a,2025-02-24 20:13:11.664452
case_501,a,2025-02-24 20:18:11.664452
case_501,a,2025-02-24 20:23:11.664452
case_501,b,2025-02-24 20:28:11.664452
case_501,c,2025-02-24 20:33:11.664452
case_501,c,2025-02-24 20:38:11.664452
case_501,a,2025-02-24 20:43:11.664452
case_501,b,2025-02-24 20:48:11.664452
case_501,a,2025-02-24 20:53:11.664452
case_501,b,2025-02-24 20:58:11.664452
case_501,c,2025-02-24 21:03:11.664452
case_502,c,2025-02-24 19:28:11.664482
case_502,c,2025-02-24 19:33:11.664482
case_502,c,2025-02-24 19:38:11.664482
case_502,a,2025-02-24 19:43:11.664482
case_502,a,2025-02-24 19:48:11.664482
case_502,c,2025-02-24 19:53:11.664482
case_502,b,2025-02-24 19:58:11.664482
case_502,c,2025-02-24 20:03:11.664482
case_502,b,2025-02-24 20:08:11.664482
case_502,a,2025-02-24 20:13:11.664482
case_502,b,2025-02-24 20:18:11.664482
case_502,a,2025-02-24 20:23:11.664482
case_502,b,2025-02-24 20:28:11.664482
case_502,c,2025-02-24 20:33:11.664482
case_502,b,2025-02-24 20:38:11.664482
case_502,c,2025-02-24 20:43:11.664482
case_502,a,2025-02-24 20:48:11.664482
case_502,b,2025-02-24 20:53:11.664482
case_502,a,2025-02-24 20:58:11.664482
case_502,a,2025-02-24 21:03:11.664482
case_503,c,2025-02-24 19:28:11.664512
case_503,c,2025-02-24 19:33:11.664512
case_503,a,2025-02-24 19:38:11.664512
case_503,b,2025-02-24 19:43:11.664512
case_503,a,2025-02-24 19:48:11.664512
case_503,b,2025-02-24 19:53:11.664512
case_503,a,2025-02-24 19:58:11.664512
case_503,c,2025-02-24 20:03:11.664512
case_503,c,2025-02-24 20:08:11.664512
case_503,b,2025-02-24 20:13:11.664512
case_503,c,2025-02-24 20:18:11.664512
case_503,b,2025-02-24 20:23:11.664512
case_503,a,2025-02-24 20:28:11.664512
case_503,b,2025-02-24 20:33:11.664512
case_503,a,2025-02-24 20:38:11.664512
case_503,c,2025-02-24 20:43:11.664512
case_503,c,2025-02-24 20:48:11.664512
case_503,b,2025-02-24 20:53:11.664512
case_503,a,2025-02-24 20:58:11.664512
case_503,a,2025-02-24 21:03:11.664512
case_504,c,2025-02-24 19:28:11.664542
case_504,a,2025-02-24 19:33:11.664542
case_504,c,2025-02-24 19:38:11.664542
case_504,c,2025-02-24 19:43:11.664542
case_504,c,2025-02-24 19:48:11.664542
case_504,c,2025-02-24 19:53:11.664542
case_504,a,2025-02-24 19:58:11.664542
case_504,a,2025-02-24 20:03:11.664542
case_504,b,2025-02-24 20:08:11.664542
case_504,a,2025-02-24 20:13:11.664542
case_504,b,2025-02-24 20:18:11.664542
case_504,c,2025-02-24 20:23:11.664542
case_504,c,2025-02-24 20:28:11.664542
case_504,c,2025-02-24 20:33:11.664542
case_504,b,2025-02-24 20:38:11.664542
case_504,a,2025-02-24 20:43:11.664542
case_504,b,2025-02-24 20:48:11.664542
case_504,c,2025-02-24 20:53:11.664542
case_504,a,2025-02-24 20:58:11.664542
case_504,a,2025-02-24 21:03:11.664542
case_505,c,2025-02-24 19:28:11.664571
case_505,b,2025-02-24 19:33:11.664571
case_505,a,2025-02-24 19:38:11.664571
case_505,c,2025-02-24 19:43:11.664571
case_505,c,2025-02-24 19:48:11.664571
case_505,a,2025-02-24 19:53:11.664571
case_505,c,2025-02-24 19:58:11.664571
case_505,b,2025-02-24 20:03:11.664571
case_505,c,2025-02-24 20:08:11.664571
case_505,b,2025-02-24 20:13:11.664571
case_505,a,2025-02-24 20:18:11.664571
case_505,a,2025-02-24 20:23:11.664571
case_505,b,2025-02-24 20:28:11.664571
case_505,a,2025-02-24 20:33:11.664571
case_505,c,2025-02-24 20:38:11.664571
case_505,a,2025-02-24 20:43:11.664571
case_505,c,2025-02-24 20:48:11.664571
case_505,b,2025-02-24 20:53:11.664571
case_505,c,2025-02-24 20:58:11.664571
case_505,c,2025-02-24 21:03:11.664571
case_506,c,2025-02-24 19:28:11.664601
case_506,b,2025-02-24 19:33:11.664601
case_506,a,2025-02-24 19:38:11.664601
case_506,c,2025-02-24 19:43:11.664601
case_506,b,2025-02-24 19:48:11.664601
case_506,a,2025-02-24 19:53:11.664601
case_506,a,2025-02-24 19:58:11.664601
case_506,a,2025-02-24 20:03:11.664601
case_506,c,2025-02-24 20:08:11.664601
case_506,c,2025-02-24 20:13:11.664601
case_506,b,2025-02-24 20:18:11.664601
case_506,c,2025-02-24 20:23:11.664601
case_506,b,2025-02-24 20:28:11.664601
case_506,a,2025-02-24 20:33:11.664601
case_506,a,2025-02-24 20:38:11.664601
case_506,b,2025-02-24 20:43:11.664601
case_506,a,2025-02-24 20:48:11.664601
case_506,c,2025-02-24 20:53:11.664601
case_506,b,2025-02-24 20:58:11.664601
case_506,c,2025-02-24 21:03:11.664601
case_507,a,2025-02-24 19:28:11.664631
case_507,a,2025-02-24 19:33:11.664631
case_507,a,2025-02-24 19:38:11.664631
case_507,b,2025-02-24 19:43:11.664631
case_507,a,2025-02-24 19:48:11.664631
case_507,c,2025-02-24 19:53:11.664631
case_507,b,2025-02-24 19:58:11.664631
case_507,c,2025-02-24 20:03:11.664631
case_507,c,2025-02-24 20:08:11.664631
case_507,c,2025-02-24 20:13:11.664631
case_507,a,2025-02-24 20:18:11.664631
case_507,b,2025-02-24 20:23:11.664631
case_507,c,2025-02-24 20:28:11.664631
case_507,a,2025-02-24 20:33:11.664631
case_507,c,2025-02-24 20:38:11.664631
case_507,a,2025-02-24 20:43:11.664631
case_507,b,2025-02-24 20:48:11.664631
case_507,c,2025-02-24 20:53:11.664631
case_507,b,2025-02-24 20:58:11.664631
case_507,c,2025-02-24 21:03:11.664631
case_508,c,2025-02-24 19:28:11.664660
case_508,c,2025-02-24 19:33:11.664660
case_508,b,2025-02-24 19:38:11.664660
case_508,c,2025-02-24 19:43:11.664660
case_508,c,2025-02-24 19:48:11.664660
case_508,b,2025-02-24 19:53:11.664660
case_508,a,2025-02-24 19:58:11.664660
case_508,a,2025-02-24 20:03:11.664660
case_508,a,2025-02-24 20:08:11.664660
case_508,a,2025-02-24 20:13:11.664660
case_508,c,2025-02-24 20:18:11.664660
case_508,a,2025-02-24 20:23:11.664660
case_508,b,2025-02-24 20:28:11.664660
case_508,a,2025-02-24 20:33:11.664660
case_508,a,2025-02-24 20:38:11.664660
case_508,a,2025-02-24 20:43:11.664660
case_508,c,2025-02-24 20:48:11.664660
case_508,a,2025-02-24 20:53:11.664660
case_508,c,2025-02-24 20:58:11.664660
case_508,a,2025-02-24 21:03:11.664660
case_509,c,2025-02-24 19:28:11.664690
case_509,c,2025-02-24 19:33:11.664690
case_509,b,2025-02-24 19:38:11.664690
case_509,a,2025-02-24 19:43:11.664690
case_509,a,2025-02-24 19:48:11.664690
case_509,c,2025-02-24 19:53:11.664690
case_509,a,2025-02-24 19:58:11.664690
case_509,a,2025-02-24 20:03:11.664690
case_509,c,2025-02-24 20:08:11.664690
case_509,a,2025-02-24 20:13:11.664690
case_509,b,2025-02-24 20:18:11.664690
case_509,c,2025-02-24 20:23:11.664690
case_509,b,2025-02-24 20:28:11.664690
case_509,a,2025-02-24 20:33:11.664690
case_509,b,2025-02-24 20:38:11.664690
case_509,a,2025-02-24 20:43:11.664690
case_509,a,2025-02-24 20:48:11.664690
case_509,b,2025-02-24 20:53:11.664690
case_509,c,2025-02-24 20:58:11.664690
case_509,c,2025-02-24 21:03:11.664690
case_510,c,2025-02-24 19:28:11.664720
case_510,a,2025-02-24 19:33:11.664720
case_510,b,2025-02-24 19:38:11.664720
case_510,a,2025-02-24 19:43:11.664720
case_510,b,2025-02-24 19:48:11.664720
case_510,c,2025-02-24 19:53:11.664720
case_510,b,2025-02-24 19:58:11.664720
case_510,a,2025-02-24 20:03:11.664720
case_510,c,2025-02-24 20:08:11.664720
case_510,b,2025-02-24 20:13:11.664720
case_510,a,2025-02-24 20:18:11.664720
case_510,c,2025-02-24 20:23:11.664720
case_510,b,2025-02-24 20:28:11.664720
case_510,a,2025-02-24 20:33:11.664720
case_510,a,2025-02-24 20:38:11.664720
case_510,c,2025-02-24 20:43:11.664720
case_510,c,2025-02-24 20:48:11.664720
case_510,a,2025-02-24 20:53:11.664720
case_510,a,2025-02-24 20:58:11.664720
case_510,c,2025-02-24 21:03:11.664720
case_511,a,2025-02-24 19:28:11.664750
case_511,c,2025-02-24 19:33:11.664750
case_511,b,2025-02-24 19:38:11.664750
case_511,a,2025-02-24 19:43:11.664750
case_511,a,2025-02-24 19:48:11.664750
case_511,c,2025-02-24 19:53:11.664750
case_511,a,2025-02-24 19:58:11.664750
case_511,c,2025-02-24 20:03:11.664750
case_511,c,2025-02-24 20:08:11.664750
case_511,a,2025-02-24 20:13:11.664750
case_511,c,2025-02-24 20:18:11.664750
case_511,b,2025-02-24 20:23:11.664750
case_511,c,2025-02-24 20:28:11.664750
case_511,a,2025-02-24 20:33:11.664750
case_511,c,2025-02-24 20:38:11.664750
case_511,b,2025-02-24 20:43:11.664750
case_511,c,2025-02-24 20:48:11.664750
case_511,b,2025-02-24 20:53:11.664750
case_511,a,2025-02-24 20:58:11.664750
case_511,a,2025-02-24 21:03:11.664750
case_512,c,2025-02-24 19:28:11.664780
case_512,b,2025-02-24 19:33:11.664780
case_512,c,2025-02-24 19:38:11.664780
case_512,a,2025-02-24 19:43:11.664780
case_512,c,2025-02-24 19:48:11.664780
case_512,a,2025-02-24 19:53:11.664780
case_512,b,2025-02-24 19:58:11.664780
case_512,c,2025-02-24 20:03:11.664780
case_512,c,2025-02-24 20:08:11.664780
case_512,c,2025-02-24 20:13:11.664780
case_512,b,2025-02-24 20:18:11.664780
case_512,a,2025-02-24 20:23:11.664780
case_512,b,2025-02-24 20:28:11.664780
case_512,c,2025-02-24 20:33:11.664780
case_512,b,2025-02-24 20:38:11.664780
case_512,c,2025-02-24 20:43:11.664780
case_512,b,2025-02-24 20:48:11.664780
case_512,a,2025-02-24 20:53:11.664780
case_512,a,2025-02-24 20:58:11.664780
case_512,a,2025-02-24 21:03:11.664780
case_513,a,2025-02-24 19:28:11.664810
case_513,c,2025-02-24 19:33:11.664810
case_513,a,2025-02-24 19:38:11.664810
case_513,a,2025-02-24 19:43:11.664810
case_513,a,2025-02-24 19:48:11.664810
case_513,a,2025-02-24 19:53:11.664810
case_513,c,2025-02-24 19:58:11.664810
case_513,a,2025-02-24 20:03:11.664810
case_513,b,2025-02-24 20:08:11.664810
case_513,c,2025-02-24 20:13:11.664810
case_513,b,2025-02-24 20:18:11.664810
case_513,a,2025-02-24 20:23:11.664810
case_513,b,2025-02-24 20:28:11.664810
case_513,a,2025-02-24 20:33:11.664810
case_513,a,2025-02-24 20:38:11.664810
case_513,b,2025-02-24 20:43:11.664810
case_513,a,2025-02-24 20:48:11.664810
case_513,b,2025-02-24 20:53:11.664810
case_513,a,2025-02-24 20:58:11.664810
case_513,a,2025-02-24 21:03:11.664810
case_514,a,2025-02-24 19:28:11.664840
case_514,b,2025-02-24 19:33:11.664840
case_514,a,2025-02-24 19:38:11.664840
case_514,c,2025-02-24 19:43:11.664840
case_514,c,2025-02-24 19:48:11.664840
case_514,c,2025-02-24 19:53:11.664840
case_514,b,2025-02-24 19:58:11.664840
case_514,c,2025-02-24 20:03:11.664840
case_514,a,2025-02-24 20:08:11.664840
case_514,c,2025-02-24 20:13:11.664840
case_514,a,2025-02-24 20:18:11.664840
case_514,a,2025-02-24 20:23:11.664840
case_514,b,2025-02-24 20:28:11.664840
case_514,a,2025-02-24 20:33:11.664840
case_514,b,2025-02-24 20:38:11.664840
case_514,a,2025-02-24 20:43:11.664840
case_514,c,2025-02-24 20:48:11.664840
case_514,a,2025-02-24 20:53:11.664840
case_514,b,2025-02-24 20:58:11.664840
case_514,a,2025-02-24 21:03:11.664840
case_515,a,2025-02-24 19:28:11.664869
case_515,a,2025-02-24 19:33:11.664869
case_515,a,2025-02-24 19:38:11.664869
case_515,a,2025-02-24 19:43:11.664869
case_515,c,2025-02-24 19:48:11.664869
case_515,c,2025-02-24 19:53:11.664869
case_515,a,2025-02-24 19:58:11.664869
case_515,a,2025-02-24 20:03:11.664869
case_515,b,2025-02-24 20:08:11.664869
case_515,a,2025-02-24 20:13:11.664869
case_515,b,2025-02-24 20:18:11.664869
case_515,a,2025-02-24 20:23:11.664869
case_515,b,2025-02-24 20:28:11.664869
case_515,a,2025-02-24 20:33:11.664869
case_515,c,2025-02-24 20:38:11.664869
case_515,b,2025-02-24 20:43:11.664869
case_515,a,2025-02-24 20:48:11.664869
case_515,b,2025-02-24 20:53:11.664869
case_515,a,2025-02-24 20:58:11.664869
case_515,c,2025-02-24 21:03:11.664869
case_516,a,2025-02-24 19:28:11.664899
case_516,c,2025-02-24 19:33:11.664899
case_516,a,2025-02-24 19:38:11.664899
case_516,a,2025-02-24 19:43:11.664899
case_516,a,2025-02-24 19:48:11.664899
case_516,c,2025-02-24 19:53:11.664899
case_516,a,2025-02-24 19:58:11.664899
case_516,a,2025-02-24 20:03:11.664899
case_516,b,2025-02-24 20:08:11.664899
case_516,a,2025-02-24 20:13:11.664899
case_516,b,2025-02-24 20:18:11.664899
case_516,a,2025-02-24 20:23:11.664899
case_516,a,2025-02-24 20:28:11.664899
case_516,b,2025-02-24 20:33:11.664899
case_516,a,2025-02-24 20:38:11.664899
case_516,b,2025-02-24 20:43:11.664899
case_516,c,2025-02-24 20:48:11.664899
case_516,a,2025-02-24 20:53:11.664899
case_516,c,2025-02-24 20:58:11.664899
case_516,c,2025-02-24 21:03:11.664899
case_517,c,2025-02-24 19:28:11.664929
case_517,a,2025-02-24 19:33:11.664929
case_517,c,2025-02-24 19:38:11.664929
case_517,a,2025-02-24 19:43:11.664929
case_517,a,2025-02-24 19:48:11.664929
case_517,a,2025-02-24 19:53:11.664929
case_517,b,2025-02-24 19:58:11.664929
case_517,a,2025-02-24 20:03:11.664929
case_517,b,2025-02-24 20:08:11.664929
case_517,a,2025-02-24 20:13:11.664929
case_517,c,2025-02-24 20:18:11.664929
case_517,b,2025-02-24 20:23:11.664929
case_517,a,2025-02-24 20:28:11.664929
case_517,b,2025-02-24 20:33:11.664929
case_517,c,2025-02-24 20:38:11.664929
case_517,a,2025-02-24 20:43:11.664929
case_517,a,2025-02-24 20:48:11.664929
case_517,c,2025-02-24 20:53:11.664929
case_517,c,2025-02-24 20:58:11.664929
case_517,c,2025-02-24 21:03:11.664929
case_518,c,2025-02-24 19:28:11.664959
case_518,c,2025-02-24 19:33:11.664959
case_518,c,2025-02-24 19:38:11.664959
case_518,a,2025-02-24 19:43:11.664959
case_518,b,2025-02-24 19:48:11.664959
case_518,a,2025-02-24 19:53:11.664959
case_518,a,2025-02-24 19:58:11.664959
case_518,b,2025-02-24 20:03:11.664959
case_518,a,2025-02-24 20:08:11.664959
case_518,b,2025-02-24 20:13:11.664959
case_518,c,2025-02-24 20:18:11.664959
case_518,a,2025-02-24 20:23:11.664959
case_518,b,2025-02-24 20:28:11.664959
case_518,c,2025-02-24 20:33:11.664959
case_518,b,2025-02-24 20:38:11.664959
case_518,a,2025-02-24 20:43:11.664959
case_518,c,2025-02-24 20:48:11.664959
case_518,a,2025-02-24 20:53:11.664959
case_518,b,2025-02-24 20:58:11.664959
case_518,c,2025-02-24 21:03:11.664959
case_519,c,2025-02-24 19:28:11.664988
case_519,b,2025-02-24 19:33:11.664988
case_519,a,2025-02-24 19:38:11.664988
case_519,a,2025-02-24 19:43:11.664988
case_519,b,2025-02-24 19:48:11.664988
case_519,a,2025-02-24 19:53:11.664988
case_519,c,2025-02-24 19:58:11.664988
case_519,b,2025-02-24 20:03:11.664988
case_519,a,2025-02-24 20:08:11.664988
case_519,c,2025-02-24 20:13:11.664988
case_519,a,2025-02-24 20:18:11.664988
case_519,c,2025-02-24 20:23:11.664988
case_519,b,2025-02-24 20:28:11.664988
case_519,c,2025-02-24 20:33:11.664988
case_519,b,2025-02-24 20:38:11.664988
case_519,c,2025-02-24 20:43:11.664988
case_519,c,2025-02-24 20:48:11.664988
case_519,c,2025-02-24 20:53:11.664988
case_519,c,2025-02-24 20:58:11.664988
case_519,a,2025-02-24 21:03:11.664988
case_520,c,2025-02-24 19:28:11.665018
case_520,b,2025-02-24 19:33:11.665018
case_520,c,2025-02-24 19:38:11.665018
case_520,a,2025-02-24 19:43:11.665018
case_520,c,2025-02-24 19:48:11.665018
case_520,b,2025-02-24 19:53:11.665018
case_520,a,2025-02-24 19:58:11.665018
case_520,c,2025-02-24 20:03:11.665018
case_520,c,2025-02-24 20:08:11.665018
case_520,b,2025-02-24 20:13:11.665018
case_520,c,2025-02-24 20:18:11.665018
case_520,a,2025-02-24 20:23:11.665018
case_520,c,2025-02-24 20:28:11.665018
case_520,b,2025-02-24 20:33:11.665018
case_520,c,2025-02-24 20:38:11.665018
case_520,a,2025-02-24 20:43:11.665018
case_520,c,2025-02-24 20:48:11.665018
case_520,b,2025-02-24 20:53:11.665018
case_520,c,2025-02-24 20:58:11.665018
case_520,a,2025-02-24 21:03:11.665018
case_521,c,2025-02-24 19:28:11.665048
case_521,b,2025-02-24 19:33:11.665048
case_521,a,2025-02-24 19:38:11.665048
case_521,c,2025-02-24 19:43:11.665048
case_521,b,2025-02-24 19:48:11.665048
case_521,a,2025-02-24 19:53:11.665048
case_521,a,2025-02-24 19:58:11.665048
case_521,b,2025-02-24 20:03:11.665048
case_521,a,2025-02-24 20:08:11.665048
case_521,b,2025-02-24 20:13:11.665048
case_521,c,2025-02-24 20:18:11.665048
case_521,a,2025-02-24 20:23:11.665048
case_521,b,2025-02-24 20:28:11.665048
case_521,c,2025-02-24 20:33:11.665048
case_521,b,2025-02-24 20:38:11.665048
case_521,c,2025-02-24 20:43:11.665048
case_521,c,2025-02-24 20:48:11.665048
case_521,c,2025-02-24 20:53:11.665048
case_521,c,2025-02-24 20:58:11.665048
case_521,a,2025-02-24 21:03:11.665048
case_522,c,2025-02-24 19:28:11.665077
case_522,b,2025-02-24 19:33:11.665077
case_522,a,2025-02-24 19:38:11.665077
case_522,c,2025-02-24 19:43:11.665077
case_522,a,2025-02-24 19:48:11.665077
case_522,b,2025-02-24 19:53:11.665077
case_522,c,2025-02-24 19:58:11.665077
case_522,b,2025-02-24 20:03:11.665077
case_522,c,2025-02-24 20:08:11.665077
case_522,c,2025-02-24 20:13:11.665077
case_522,b,2025-02-24 20:18:11.665077
case_522,a,2025-02-24 20:23:11.665077
case_522,a,2025-02-24 20:28:11.665077
case_522,b,2025-02-24 20:33:11.665077
case_522,a,2025-02-24 20:38:11.665077
case_522,c,2025-02-24 20:43:11.665077
case_522,b,2025-02-24 20:48:11.665077
case_522,a,2025-02-24 20:53:11.665077
case_522,a,2025-02-24 20:58:11.665077
case_522,c,2025-02-24 21:03:11.665077
case_523,c,2025-02-24 19:28:11.665107
case_523,c,2025-02-24 19:33:11.665107
case_523,a,2025-02-24 19:38:11.665107
case_523,b,2025-02-24 19:43:11.665107
case_523,a,2025-02-24 19:48:11.665107
case_523,c,2025-02-24 19:53:11.665107
case_523,c,2025-02-24 19:58:11.665107
case_523,a,2025-02-24 20:03:11.665107
case_523,c,2025-02-24 20:08:11.665107
case_523,a,2025-02-24 20:13:11.665107
case_523,a,2025-02-24 20:18:11.665107
case_523,a,2025-02-24 20:23:11.665107
case_523,b,2025-02-24 20:28:11.665107
case_523,c,2025-02-24 20:33:11.665107
case_523,c,2025-02-24 20:38:11.665107
case_523,a,2025-02-24 20:43:11.665107
case_523,b,2025-02-24 20:48:11.665107
case_523,c,2025-02-24 20:53:11.665107
case_523,a,2025-02-24 20:58:11.665107
case_523,a,2025-02-24 21:03:11.665107
case_524,c,2025-02-24 19:28:11.665136
case_524,b,2025-02-24 19:33:11.665136
case_524,c,2025-02-24 19:38:11.665136
case_524,b,2025-02-24 19:43:11.665136
case_524,a,2025-02-24 19:48:11.665136
case_524,b,2025-02-24 19:53:11.665136
case_524,c,2025-02-24 19:58:11.665136
case_524,c,2025-02-24 20:03:11.665136
case_524,a,2025-02-24 20:08:11.665136
case_524,b,2025-02-24 20:13:11.665136
case_524,c,2025-02-24 20:18:11.665136
case_524,c,2025-02-24 20:23:11.665136
case_524,a,2025-02-24 20:28:11.665136
case_524,a,2025-02-24 20:33:11.665136
case_524,a,2025-02-24 20:38:11.665136
case_524,a,2025-02-24 20:43:11.665136
case_524,b,2025-02-24 20:48:11.665136
case_524,c,2025-02-24 20:53:11.665136
case_524,b,2025-02-24 20:58:11.665136
case_524,c,2025-02-24 21:03:11.665136
case_525,a,2025-02-24 19:28:11.665166
case_525,c,2025-02-24 19:33:11.665166
case_525,a,2025-02-24 19:38:11.665166
case_525,c,2025-02-24 19:43:11.665166
case_525,b,2025-02-24 19:48:11.665166
case_525,c,2025-02-24 19:53:11.665166
case_525,a,2025-02-24 19:58:11.665166
case_525,a,2025-02-24 20:03:11.665166
case_525,b,2025-02-24 20:08:11.665166
case_525,a,2025-02-24 20:13:11.665166
case_525,a,2025-02-24 20:18:11.665166
case_525,c,2025-02-24 20:23:11.665166
case_525,a,2025-02-24 20:28:11.665166
case_525,a,2025-02-24 20:33:11.665166
case_525,b,2025-02-24 20:38:11.665166
case_525,c,2025-02-24 20:43:11.665166
case_525,b,2025-02-24 20:48:11.665166
case_525,a,2025-02-24 20:53:11.665166
case_525,b,2025-02-24 20:58:11.665166
case_525,c,2025-02-24 21:03:11.665166
case_526,c,2025-02-24 19:28:11.665195
case_526,c,2025-02-24 19:33:11.665195
case_526,b,2025-02-24 19:38:11.665195
case_526,a,2025-02-24 19:43:11.665195
case_526,b,2025-02-24 19:48:11.665195
case_526,a,2025-02-24 19:53:11.665195
case_526,a,2025-02-24 19:58:11.665195
case_526,a,2025-02-24 20:03:11.665195
case_526,b,2025-02-24 20:08:11.665195
case_526,c,2025-02-24 20:13:11.665195
case_526,c,2025-02-24 20:18:11.665195
case_526,a,2025-02-24 20:23:11.665195
case_526,c,2025-02-24 20:28:11.665195
case_526,b,2025-02-24 20:33:11.665195
case_526,a,2025-02-24 20:38:11.665195
case_526,a,2025-02-24 20:43:11.665195
case_526,b,2025-02-24 20:48:11.665195
case_526,a,2025-02-24 20:53:11.665195
case_526,b,2025-02-24 20:58:11.665195
case_526,c,2025-02-24 21:03:11.665195
case_527,a,2025-02-24 19:28:11.665225
case_527,b,2025-02-24 19:33:11.665225
case_527,a,2025-02-24 19:38:11.665225
case_527,c,2025-02-24 19:43:11.665225
case_527,b,2025-02-24 19:48:11.665225
case_527,c,2025-02-24 19:53:11.665225
case_527,b,2025-02-24 19:58:11.665225
case_527,a,2025-02-24 20:03:11.665225
case_527,b,2025-02-24 20:08:11.665225
case_527,c,2025-02-24 20:13:11.665225
case_527,a,2025-02-24 20:18:11.665225
case_527,a,2025-02-24 20:23:11.665225
case_527,b,2025-02-24 20:28:11.665225
case_527,a,2025-02-24 20:33:11.665225
case_527,c,2025-02-24 20:38:11.665225
case_527,a,2025-02-24 20:43:11.665225
case_527,b,2025-02-24 20:48:11.665225
case_527,c,2025-02-24 20:53:11.665225
case_527,c,2025-02-24 20:58:11.665225
case_527,a,2025-02-24 21:03:11.665225
case_528,c,2025-02-24 19:28:11.665254
case_528,a,2025-02-24 19:33:11.665254
case_528,b,2025-02-24 19:38:11.665254
case_528,a,2025-02-24 19:43:11.665254
case_528,c,2025-02-24 19:48:11.665254
case_528,b,2025-02-24 19:53:11.665254
case_528,a,2025-02-24 19:58:11.665254
case_528,a,2025-02-24 20:03:11.665254
case_528,b,2025-02-24 20:08:11.665254
case_528,a,2025-02-24 20:13:11.665254
case_528,a,2025-02-24 20:18:11.665254
case_528,b,2025-02-24 20:23:11.665254
case_528,c,2025-02-24 20:28:11.665254
case_528,b,2025-02-24 20:33:11.665254
case_528,c,2025-02-24 20:38:11.665254
case_528,c,2025-02-24 20:43:11.665254
case_528,a,2025-02-24 20:48:11.665254
case_528,c,2025-02-24 20:53:11.665254
case_528,c,2025-02-24 20:58:11.665254
case_528,a,2025-02-24 21:03:11.665254
case_529,c,2025-02-24 19:28:11.665284
case_529,b,2025-02-24 19:33:11.665284
case_529,a,2025-02-24 19:38:11.665284
case_529,a,2025-02-24 19:43:11.665284
case_529,c,2025-02-24 19:48:11.665284
case_529,c,2025-02-24 19:53:11.665284
case_529,b,2025-02-24 19:58:11.665284
case_529,c,2025-02-24 20:03:11.665284
case_529,c,2025-02-24 20:08:11.665284
case_529,c,2025-02-24 20:13:11.665284
case_529,a,2025-02-24 20:18:11.665284
case_529,a,2025-02-24 20:23:11.665284
case_529,c,2025-02-24 20:28:11.665284
case_529,b,2025-02-24 20:33:11.665284
case_529,a,2025-02-24 20:38:11.665284
case_529,a,2025-02-24 20:43:11.665284
case_529,a,2025-02-24 20:48:11.665284
case_529,b,2025-02-24 20:53:11.665284
case_529,a,2025-02-24 20:58:11.665284
case_529,c,2025-02-24 21:03:11.665284
case_530,a,2025-02-24 19:28:11.665314
case_530,a,2025-02-24 19:33:11.665314
case_530,c,2025-02-24 19:38:11.665314
case_530,b,2025-02-24 19:43:11.665314
case_530,c,2025-02-24 19:48:11.665314
case_530,a,2025-02-24 19:53:11.665314
case_530,c,2025-02-24 19:58:11.665314
case_530,c,2025-02-24 20:03:11.665314
case_530,b,2025-02-24 20:08:11.665314
case_530,c,2025-02-24 20:13:11.665314
case_530,b,2025-02-24 20:18:11.665314
case_530,c,2025-02-24 20:23:11.665314
case_530,a,2025-02-24 20:28:11.665314
case_530,c,2025-02-24 20:33:11.665314
case_530,a,2025-02-24 20:38:11.665314
case_530,b,2025-02-24 20:43:11.665314
case_530,a,2025-02-24 20:48:11.665314
case_530,b,2025-02-24 20:53:11.665314
case_530,a,2025-02-24 20:58:11.665314
case_530,c,2025-02-24 21:03:11.665314
case_531,c,2025-02-24 19:28:11.665346
case_531,c,2025-02-24 19:33:11.665346
case_531,c,2025-02-24 19:38:11.665346
case_531,b,2025-02-24 19:43:11.665346
case_531,a,2025-02-24 19:48:11.665346
case_531,a,2025-02-24 19:53:11.665346
case_531,a,2025-02-24 19:58:11.665346
case_531,b,2025-02-24 20:03:11.665346
case_531,c,2025-02-24 20:08:11.665346
case_531,a,2025-02-24 20:13:11.665346
case_531,b,2025-02-24 20:18:11.665346
case_531,a,2025-02-24 20:23:11.665346
case_531,c,2025-02-24 20:28:11.665346
case_531,c,2025-02-24 20:33:11.665346
case_531,b,2025-02-24 20:38:11.665346
case_531,c,2025-02-24 20:43:11.665346
case_531,c,2025-02-24 20:48:11.665346
case_531,a,2025-02-24 20:53:11.665346
case_531,c,2025-02-24 20:58:11.665346
case_531,a,2025-02-24 21:03:11.665346
case_532,a,2025-02-24 19:28:11.665376
case_532,b,2025-02-24 19:33:11.665376
case_532,c,2025-02-24 19:38:11.665376
case_532,a,2025-02-24 19:43:11.665376
case_532,c,2025-02-24 19:48:11.665376
case_532,b,2025-02-24 19:53:11.665376
case_532,c,2025-02-24 19:58:11.665376
case_532,c,2025-02-24 20:03:11.665376
case_532,c,2025-02-24 20:08:11.665376
case_532,b,2025-02-24 20:13:11.665376
case_532,c,2025-02-24 20:18:11.665376
case_532,b,2025-02-24 20:23:11.665376
case_532,a,2025-02-24 20:28:11.665376
case_532,a,2025-02-24 20:33:11.665376
case_532,b,2025-02-24 20:38:11.665376
case_532,a,2025-02-24 20:43:11.665376
case_532,a,2025-02-24 20:48:11.665376
case_532,a,2025-02-24 20:53:11.665376
case_532,b,2025-02-24 20:58:11.665376
case_532,a,2025-02-24 21:03:11.665376
case_533,a,2025-02-24 19:28:11.665406
case_533,c,2025-02-24 19:33:11.665406
case_533,c,2025-02-24 19:38:11.665406
case_533,b,2025-02-24 19:43:11.665406
case_533,c,2025-02-24 19:48:11.665406
case_533,a,2025-02-24 19:53:11.665406
case_533,a,2025-02-24 19:58:11.665406
case_533,b,2025-02-24 20:03:11.665406
case_533,c,2025-02-24 20:08:11.665406
case_533,a,2025-02-24 20:13:11.665406
case_533,a,2025-02-24 20:18:11.665406
case_533,c,2025-02-24 20:23:11.665406
case_533,a,2025-02-24 20:28:11.665406
case_533,a,2025-02-24 20:33:11.665406
case_533,c,2025-02-24 20:38:11.665406
case_533,c,2025-02-24 20:43:11.665406
case_533,b,2025-02-24 20:48:11.665406
case_533,a,2025-02-24 20:53:11.665406
case_533,b,2025-02-24 20:58:11.665406
case_533,c,2025-02-24 21:03:11.665406
case_534,c,2025-02-24 19:28:11.665436
case_534,b,2025-02-24 19:33:11.665436
case_534,a,2025-02-24 19:38:11.665436
case_534,c,2025-02-24 19:43:11.665436
case_534,c,2025-02-24 19:48:11.665436
case_534,c,2025-02-24 19:53:11.665436
case_534,b,2025-02-24 19:58:11.665436
case_534,c,2025-02-24 20:03:11.665436
case_534,c,2025-02-24 20:08:11.665436
case_534,c,2025-02-24 20:13:11.665436
case_534,a,2025-02-24 20:18:11.665436
case_534,c,2025-02-24 20:23:11.665436
case_534,c,2025-02-24 20:28:11.665436
case_534,a,2025-02-24 20:33:11.665436
case_534,b,2025-02-24 20:38:11.665436
case_534,c,2025-02-24 20:43:11.665436
case_534,b,2025-02-24 20:48:11.665436
case_534,a,2025-02-24 20:53:11.665436
case_534,a,2025-02-24 20:58:11.665436
case_534,c,2025-02-24 21:03:11.665436
case_535,c,2025-02-24 19:28:11.665466
case_535,a,2025-02-24 19:33:11.665466
case_535,c,2025-02-24 19:38:11.665466
case_535,a,2025-02-24 19:43:11.665466
case_535,c,2025-02-24 19:48:11.665466
case_535,a,2025-02-24 19:53:11.665466
case_535,a,2025-02-24 19:58:11.665466
case_535,c,2025-02-24 20:03:11.665466
case_535,c,2025-02-24 20:08:11.665466
case_535,c,2025-02-24 20:13:11.665466
case_535,c,2025-02-24 20:18:11.665466
case_535,a,2025-02-24 20:23:11.665466
case_535,a,2025-02-24 20:28:11.665466
case_535,b,2025-02-24 20:33:11.665466
case_535,a,2025-02-24 20:38:11.665466
case_535,a,2025-02-24 20:43:11.665466
case_535,b,2025-02-24 20:48:11.665466
case_535,a,2025-02-24 20:53:11.665466
case_535,a,2025-02-24 20:58:11.665466
case_535,c,2025-02-24 21:03:11.665466
case_536,c,2025-02-24 19:28:11.665496
case_536,b,2025-02-24 19:33:11.665496
case_536,c,2025-02-24 19:38:11.665496
case_536,a,2025-02-24 19:43:11.665496
case_536,a,2025-02-24 19:48:11.665496
case_536,c,2025-02-24 19:53:11.665496
case_536,b,2025-02-24 19:58:11.665496
case_536,a,2025-02-24 20:03:11.665496
case_536,b,2025-02-24 20:08:11.665496
case_536,a,2025-02-24 20:13:11.665496
case_536,b,2025-02-24 20:18:11.665496
case_536,c,2025-02-24 20:23:11.665496
case_536,b,2025-02-24 20:28:11.665496
case_536,c,2025-02-24 20:33:11.665496
case_536,a,2025-02-24 20:38:11.665496
case_536,c,2025-02-24 20:43:11.665496
case_536,c,2025-02-24 20:48:11.665496
case_536,c,2025-02-24 20:53:11.665496
case_536,c,2025-02-24 20:58:11.665496
case_536,c,2025-02-24 21:03:11.665496
case_537,a,2025-02-24 19:28:11.665526
case_537,b,2025-02-24 19:33:11.665526
case_537,c,2025-02-24 19:38:11.665526
case_537,c,2025-02-24 19:43:11.665526
case_537,a,2025-02-24 19:48:11.665526
case_537,a,2025-02-24 19:53:11.665526
case_537,c,2025-02-24 19:58:11.665526
case_537,c,2025-02-24 20:03:11.665526
case_537,b,2025-02-24 20:08:11.665526
case_537,c,2025-02-24 20:13:11.665526
case_537,b,2025-02-24 20:18:11.665526
case_537,a,2025-02-24 20:23:11.665526
case_537,a,2025-02-24 20:28:11.665526
case_537,b,2025-02-24 20:33:11.665526
case_537,a,2025-02-24 20:38:11.665526
case_537,b,2025-02-24 20:43:11.665526
case_537,c,2025-02-24 20:48:11.665526
case_537,c,2025-02-24 20:53:11.665526
case_537,c,2025-02-24 20:58:11.665526
case_537,c,2025-02-24 21:03:11.665526
case_538,c,2025-02-24 19:28:11.665555
case_538,b,2025-02-24 19:33:11.665555
case_538,c,2025-02-24 19:38:11.665555
case_538,b,2025-02-24 19:43:11.665555
case_538,c,2025-02-24 19:48:11.665555
case_538,b,2025-02-24 19:53:11.665555
case_538,c,2025-02-24 19:58:11.665555
case_538,c,2025-02-24 20:03:11.665555
case_538,b,2025-02-24 20:08:11.665555
case_538,a,2025-02-24 20:13:11.665555
case_538,a,2025-02-24 20:18:11.665555
case_538,b,2025-02-24 20:23:11.665555
case_538,c,2025-02-24 20:28:11.665555
case_538,b,2025-02-24 20:33:11.665555
case_538,c,2025-02-24 20:38:11.665555
case_538,a,2025-02-24 20:43:11.665555
case_538,c,2025-02-24 20:48:11.665555
case_538,c,2025-02-24 20:53:11.665555
case_538,a,2025-02-24 20:58:11.665555
case_538,a,2025-02-24 21:03:11.665555
case_539,c,2025-02-24 19:28:11.665585
case_539,a,2025-02-24 19:33:11.665585
case_539,a,2025-02-24 19:38:11.665585
case_539,b,2025-02-24 19:43:11.665585
case_539,a,2025-02-24 19:48:11.665585
case_539,c,2025-02-24 19:53:11.665585
case_539,c,2025-02-24 19:58:11.665585
case_539,a,2025-02-24 20:03:11.665585
case_539,b,2025-02-24 20:08:11.665585
case_539,c,2025-02-24 20:13:11.665585
case_539,b,2025-02-24 20:18:11.665585
case_539,a,2025-02-24 20:23:11.665585
case_539,a,2025-02-24 20:28:11.665585
case_539,b,2025-02-24 20:33:11.665585
case_539,a,2025-02-24 20:38:11.665585
case_539,a,2025-02-24 20:43:11.665585
case_539,c,2025-02-24 20:48:11.665585
case_539,c,2025-02-24 20:53:11.665585
case_539,c,2025-02-24 20:58:11.665585
case_539,c,2025-02-24 21:03:11.665585
case_540,c,2025-02-24 19:28:11.665615
case_540,b,2025-02-24 19:33:11.665615
case_540,c,2025-02-24 19:38:11.665615
case_540,b,2025-02-24 19:43:11.665615
case_540,a,2025-02-24 19:48:11.665615
case_540,a,2025-02-24 19:53:11.665615
case_540,a,2025-02-24 19:58:11.665615
case_540,c,2025-02-24 20:03:11.665615
case_540,c,2025-02-24 20:08:11.665615
case_540,b,2025-02-24 20:13:11.665615
case_540,c,2025-02-24 20:18:11.665615
case_540,c,2025-02-24 20:23:11.665615
case_540,b,2025-02-24 20:28:11.665615
case_540,a,2025-02-24 20:33:11.665615
case_540,a,2025-02-24 20:38:11.665615
case_540,b,2025-02-24 20:43:11.665615
case_540,c,2025-02-24 20:48:11.665615
case_540,a,2025-02-24 20:53:11.665615
case_540,c,2025-02-24 20:58:11.665615
case_540,c,2025-02-24 21:03:11.665615
case_541,a,2025-02-24 19:28:11.665645
case_541,a,2025-02-24 19:33:11.665645
case_541,c,2025-02-24 19:38:11.665645
case_541,a,2025-02-24 19:43:11.665645
case_541,a,2025-02-24 19:48:11.665645
case_541,b,2025-02-24 19:53:11.665645
case_541,c,2025-02-24 19:58:11.665645
case_541,b,2025-02-24 20:03:11.665645
case_541,c,2025-02-24 20:08:11.665645
case_541,b,2025-02-24 20:13:11.665645
case_541,a,2025-02-24 20:18:11.665645
case_541,a,2025-02-24 20:23:11.665645
case_541,a,2025-02-24 20:28:11.665645
case_541,a,2025-02-24 20:33:11.665645
case_541,a,2025-02-24 20:38:11.665645
case_541,b,2025-02-24 20:43:11.665645
case_541,c,2025-02-24 20:48:11.665645
case_541,b,2025-02-24 20:53:11.665645
case_541,a,2025-02-24 20:58:11.665645
case_541,a,2025-02-24 21:03:11.665645
case_542,a,2025-02-24 19:28:11.665675
case_542,c,2025-02-24 19:33:11.665675
case_542,a,2025-02-24 19:38:11.665675
case_542,b,2025-02-24 19:43:11.665675
case_542,c,2025-02-24 19:48:11.665675
case_542,b,2025-02-24 19:53:11.665675
case_542,c,2025-02-24 19:58:11.665675
case_542,c,2025-02-24 20:03:11.665675
case_542,c,2025-02-24 20:08:11.665675
case_542,a,2025-02-24 20:13:11.665675
case_542,a,2025-02-24 20:18:11.665675
case_542,c,2025-02-24 20:23:11.665675
case_542,c,2025-02-24 20:28:11.665675
case_542,c,2025-02-24 20:33:11.665675
case_542,a,2025-02-24 20:38:11.665675
case_542,b,2025-02-24 20:43:11.665675
case_542,c,2025-02-24 20:48:11.665675
case_542,b,2025-02-24 20:53:11.665675
case_542,c,2025-02-24 20:58:11.665675
case_542,c,2025-02-24 21:03:11.665675
case_543,a,2025-02-24 19:28:11.665705
case_543,a,2025-02-24 19:33:11.665705
case_543,c,2025-02-24 19:38:11.665705
case_543,a,2025-02-24 19:43:11.665705
case_543,b,2025-02-24 19:48:11.665705
case_543,a,2025-02-24 19:53:11.665705
case_543,c,2025-02-24 19:58:11.665705
case_543,a,2025-02-24 20:03:11.665705
case_543,a,2025-02-24 20:08:11.665705
case_543,b,2025-02-24 20:13:11.665705
case_543,a,2025-02-24 20:18:11.665705
case_543,b,2025-02-24 20:23:11.665705
case_543,a,2025-02-24 20:28:11.665705
case_543,b,2025-02-24 20:33:11.665705
case_543,a,2025-02-24 20:38:11.665705
case_543,a,2025-02-24 20:43:11.665705
case_543,a,2025-02-24 20:48:11.665705
case_543,a,2025-02-24 20:53:11.665705
case_543,b,2025-02-24 20:58:11.665705
case_543,c,2025-02-24 21:03:11.665705
case_544,a,2025-02-24 19:28:11.665735
case_544,c,2025-02-24 19:33:11.665735
case_544,b,2025-02-24 19:38:11.665735
case_544,a,2025-02-24 19:43:11.665735
case_544,b,2025-02-24 19:48:11.665735
case_544,c,2025-02-24 19:53:11.665735
case_544,b,2025-02-24 19:58:11.665735
case_544,c,2025-02-24 20:03:11.665735
case_544,a,2025-02-24 20:08:11.665735
case_544,a,2025-02-24 20:13:11.665735
case_544,a,2025-02-24 20:18:11.665735
case_544,a,2025-02-24 20:23:11.665735
case_544,a,2025-02-24 20:28:11.665735
case_544,a,2025-02-24 20:33:11.665735
case_544,b,2025-02-24 20:38:11.665735
case_544,a,2025-02-24 20:43:11.665735
case_544,a,2025-02-24 20:48:11.665735
case_544,a,2025-02-24 20:53:11.665735
case_544,a,2025-02-24 20:58:11.665735
case_544,a,2025-02-24 21:03:11.665735
case_545,c,2025-02-24 19:28:11.665765
case_545,b,2025-02-24 19:33:11.665765
case_545,a,2025-02-24 19:38:11.665765
case_545,c,2025-02-24 19:43:11.665765
case_545,a,2025-02-24 19:48:11.665765
case_545,b,2025-02-24 19:53:11.665765
case_545,a,2025-02-24 19:58:11.665765
case_545,c,2025-02-24 20:03:11.665765
case_545,c,2025-02-24 20:08:11.665765
case_545,a,2025-02-24 20:13:11.665765
case_545,c,2025-02-24 20:18:11.665765
case_545,b,2025-02-24 20:23:11.665765
case_545,a,2025-02-24 20:28:11.665765
case_545,a,2025-02-24 20:33:11.665765
case_545,c,2025-02-24 20:38:11.665765
case_545,a,2025-02-24 20:43:11.665765
case_545,a,2025-02-24 20:48:11.665765
case_545,b,2025-02-24 20:53:11.665765
case_545,a,2025-02-24 20:58:11.665765
case_545,c,2025-02-24 21:03:11.665765
case_546,a,2025-02-24 19:28:11.665795
case_546,b,2025-02-24 19:33:11.665795
case_546,c,2025-02-24 19:38:11.665795
case_546,a,2025-02-24 19:43:11.665795
case_546,b,2025-02-24 19:48:11.665795
case_546,a,2025-02-24 19:53:11.665795
case_546,c,2025-02-24 19:58:11.665795
case_546,a,2025-02-24 20:03:11.665795
case_546,a,2025-02-24 20:08:11.665795
case_546,b,2025-02-24 20:13:11.665795
case_546,c,2025-02-24 20:18:11.665795
case_546,a,2025-02-24 20:23:11.665795
case_546,a,2025-02-24 20:28:11.665795
case_546,a,2025-02-24 20:33:11.665795
case_546,a,2025-02-24 20:38:11.665795
case_546,b,2025-02-24 20:43:11.665795
case_546,a,2025-02-24 20:48:11.665795
case_546,a,2025-02-24 20:53:11.665795
case_546,c,2025-02-24 20:58:11.665795
case_546,c,2025-02-24 21:03:11.665795
case_547,c,2025-02-24 19:28:11.665825
case_547,a,2025-02-24 19:33:11.665825
case_547,c,2025-02-24 19:38:11.665825
case_547,b,2025-02-24 19:43:11.665825
case_547,c,2025-02-24 19:48:11.665825
case_547,a,2025-02-24 19:53:11.665825
case_547,b,2025-02-24 19:58:11.665825
case_547,a,2025-02-24 20:03:11.665825
case_547,b,2025-02-24 20:08:11.665825
case_547,a,2025-02-24 20:13:11.665825
case_547,c,2025-02-24 20:18:11.665825
case_547,b,2025-02-24 20:23:11.665825
case_547,a,2025-02-24 20:28:11.665825
case_547,b,2025-02-24 20:33:11.665825
case_547,a,2025-02-24 20:38:11.665825
case_547,c,2025-02-24 20:43:11.665825
case_547,b,2025-02-24 20:48:11.665825
case_547,a,2025-02-24 20:53:11.665825
case_547,a,2025-02-24 20:58:11.665825
case_547,c,2025-02-24 21:03:11.665825
case_548,a,2025-02-24 19:28:11.665855
case_548,b,2025-02-24 19:33:11.665855
case_548,c,2025-02-24 19:38:11.665855
case_548,a,2025-02-24 19:43:11.665855
case_548,a,2025-02-24 19:48:11.665855
case_548,a,2025-02-24 19:53:11.665855
case_548,a,2025-02-24 19:58:11.665855
case_548,c,2025-02-24 20:03:11.665855
case_548,a,2025-02-24 20:08:11.665855
case_548,c,2025-02-24 20:13:11.665855
case_548,c,2025-02-24 20:18:11.665855
case_548,c,2025-02-24 20:23:11.665855
case_548,b,2025-02-24 20:28:11.665855
case_548,a,2025-02-24 20:33:11.665855
case_548,a,2025-02-24 20:38:11.665855
case_548,c,2025-02-24 20:43:11.665855
case_548,a,2025-02-24 20:48:11.665855
case_548,b,2025-02-24 20:53:11.665855
case_548,a,2025-02-24 20:58:11.665855
case_548,c,2025-02-24 21:03:11.665855
case_549,c,2025-02-24 19:28:11.665885
case_549,b,2025-02-24 19:33:11.665885
case_549,a,2025-02-24 19:38:11.665885
case_549,b,2025-02-24 19:43:11.665885
case_549,a,2025-02-24 19:48:11.665885
case_549,c,2025-02-24 19:53:11.665885
case_549,a,2025-02-24 19:58:11.665885
case_549,a,2025-02-24 20:03:11.665885
case_549,b,2025-02-24 20:08:11.665885
case_549,c,2025-02-24 20:13:11.665885
case_549,a,2025-02-24 20:18:11.665885
case_549,c,2025-02-24 20:23:11.665885
case_549,a,2025-02-24 20:28:11.665885
case_549,a,2025-02-24 20:33:11.665885
case_549,a,2025-02-24 20:38:11.665885
case_549,c,2025-02-24 20:43:11.665885
case_549,a,2025-02-24 20:48:11.665885
case_549,a,2025-02-24 20:53:11.665885
case_549,c,2025-02-24 20:58:11.665885
case_549,a,2025-02-24 21:03:11.665885
case_550,a,2025-02-24 19:28:11.665914
case_550,a,2025-02-24 19:33:11.665914
case_550,a,2025-02-24 19:38:11.665914
case_550,b,2025-02-24 19:43:11.665914
case_550,a,2025-02-24 19:48:11.665914
case_550,a,2025-02-24 19:53:11.665914
case_550,a,2025-02-24 19:58:11.665914
case_550,a,2025-02-24 20:03:11.665914
case_550,b,2025-02-24 20:08:11.665914
case_550,c,2025-02-24 20:13:11.665914
case_550,b,2025-02-24 20:18:11.665914
case_550,c,2025-02-24 20:23:11.665914
case_550,a,2025-02-24 20:28:11.665914
case_550,b,2025-02-24 20:33:11.665914
case_550,c,2025-02-24 20:38:11.665914
case_550,c,2025-02-24 20:43:11.665914
case_550,a,2025-02-24 20:48:11.665914
case_550,b,2025-02-24 20:53:11.665914
case_550,a,2025-02-24 20:58:11.665914
case_550,c,2025-02-24 21:03:11.665914
case_551,a,2025-02-24 19:28:11.665944
case_551,c,2025-02-24 19:33:11.665944
case_551,c,2025-02-24 19:38:11.665944
case_551,b,2025-02-24 19:43:11.665944
case_551,c,2025-02-24 19:48:11.665944
case_551,a,2025-02-24 19:53:11.665944
case_551,b,2025-02-24 19:58:11.665944
case_551,c,2025-02-24 20:03:11.665944
case_551,c,2025-02-24 20:08:11.665944
case_551,a,2025-02-24 20:13:11.665944
case_551,a,2025-02-24 20:18:11.665944
case_551,a,2025-02-24 20:23:11.665944
case_551,c,2025-02-24 20:28:11.665944
case_551,b,2025-02-24 20:33:11.665944
case_551,c,2025-02-24 20:38:11.665944
case_551,a,2025-02-24 20:43:11.665944
case_551,b,2025-02-24 20:48:11.665944
case_551,a,2025-02-24 20:53:11.665944
case_551,a,2025-02-24 20:58:11.665944
case_551,a,2025-02-24 21:03:11.665944
case_552,a,2025-02-24 19:28:11.665974
case_552,b,2025-02-24 19:33:11.665974
case_552,a,2025-02-24 19:38:11.665974
case_552,b,2025-02-24 19:43:11.665974
case_552,c,2025-02-24 19:48:11.665974
case_552,c,2025-02-24 19:53:11.665974
case_552,c,2025-02-24 19:58:11.665974
case_552,b,2025-02-24 20:03:11.665974
case_552,c,2025-02-24 20:08:11.665974
case_552,c,2025-02-24 20:13:11.665974
case_552,b,2025-02-24 20:18:11.665974
case_552,c,2025-02-24 20:23:11.665974
case_552,b,2025-02-24 20:28:11.665974
case_552,c,2025-02-24 20:33:11.665974
case_552,c,2025-02-24 20:38:11.665974
case_552,a,2025-02-24 20:43:11.665974
case_552,c,2025-02-24 20:48:11.665974
case_552,b,2025-02-24 20:53:11.665974
case_552,a,2025-02-24 20:58:11.665974
case_552,a,2025-02-24 21:03:11.665974
case_553,a,2025-02-24 19:28:11.666004
case_553,a,2025-02-24 19:33:11.666004
case_553,b,2025-02-24 19:38:11.666004
case_553,a,2025-02-24 19:43:11.666004
case_553,b,2025-02-24 19:48:11.666004
case_553,a,2025-02-24 19:53:11.666004
case_553,a,2025-02-24 19:58:11.666004
case_553,c,2025-02-24 20:03:11.666004
case_553,b,2025-02-24 20:08:11.666004
case_553,a,2025-02-24 20:13:11.666004
case_553,a,2025-02-24 20:18:11.666004
case_553,b,2025-02-24 20:23:11.666004
case_553,a,2025-02-24 20:28:11.666004
case_553,c,2025-02-24 20:33:11.666004
case_553,b,2025-02-24 20:38:11.666004
case_553,c,2025-02-24 20:43:11.666004
case_553,c,2025-02-24 20:48:11.666004
case_553,c,2025-02-24 20:53:11.666004
case_553,c,2025-02-24 20:58:11.666004
case_553,a,2025-02-24 21:03:11.666004
case_554,c,2025-02-24 19:28:11.666034
case_554,b,2025-02-24 19:33:11.666034
case_554,a,2025-02-24 19:38:11.666034
case_554,c,2025-02-24 19:43:11.666034
case_554,a,2025-02-24 19:48:11.666034
case_554,a,2025-02-24 19:53:11.666034
case_554,c,2025-02-24 19:58:11.666034
case_554,c,2025-02-24 20:03:11.666034
case_554,b,2025-02-24 20:08:11.666034
case_554,a,2025-02-24 20:13:11.666034
case_554,c,2025-02-24 20:18:11.666034
case_554,c,2025-02-24 20:23:11.666034
case_554,b,2025-02-24 20:28:11.666034
case_554,a,2025-02-24 20:33:11.666034
case_554,a,2025-02-24 20:38:11.666034
case_554,b,2025-02-24 20:43:11.666034
case_554,a,2025-02-24 20:48:11.666034
case_554,b,2025-02-24 20:53:11.666034
case_554,a,2025-02-24 20:58:11.666034
case_554,c,2025-02-24 21:03:11.666034
case_555,c,2025-02-24 19:28:11.666064
case_555,c,2025-02-24 19:33:11.666064
case_555,c,2025-02-24 19:38:11.666064
case_555,c,2025-02-24 19:43:11.666064
case_555,c,2025-02-24 19:48:11.666064
case_555,a,2025-02-24 19:53:11.666064
case_555,b,2025-02-24 19:58:11.666064
case_555,c,2025-02-24 20:03:11.666064
case_555,b,2025-02-24 20:08:11.666064
case_555,c,2025-02-24 20:13:11.666064
case_555,c,2025-02-24 20:18:11.666064
case_555,a,2025-02-24 20:23:11.666064
case_555,a,2025-02-24 20:28:11.666064
case_555,b,2025-02-24 20:33:11.666064
case_555,c,2025-02-24 20:38:11.666064
case_555,b,2025-02-24 20:43:11.666064
case_555,a,2025-02-24 20:48:11.666064
case_555,c,2025-02-24 20:53:11.666064
case_555,a,2025-02-24 20:58:11.666064
case_555,c,2025-02-24 21:03:11.666064
case_556,a,2025-02-24 19:28:11.666094
case_556,c,2025-02-24 19:33:11.666094
case_556,b,2025-02-24 19:38:11.666094
case_556,a,2025-02-24 19:43:11.666094
case_556,a,2025-02-24 19:48:11.666094
case_556,b,2025-02-24 19:53:11.666094
case_556,c,2025-02-24 19:58:11.666094
case_556,a,2025-02-24 20:03:11.666094
case_556,b,2025-02-24 20:08:11.666094
case_556,c,2025-02-24 20:13:11.666094
case_556,b,2025-02-24 20:18:11.666094
case_556,c,2025-02-24 20:23:11.666094
case_556,c,2025-02-24 20:28:11.666094
case_556,c,2025-02-24 20:33:11.666094
case_556,b,2025-02-24 20:38:11.666094
case_556,a,2025-02-24 20:43:11.666094
case_556,a,2025-02-24 20:48:11.666094
case_556,b,2025-02-24 20:53:11.666094
case_556,c,2025-02-24 20:58:11.666094
case_556,a,2025-02-24 21:03:11.666094
case_557,c,2025-02-24 19:28:11.666124
case_557,c,2025-02-24 19:33:11.666124
case_557,c,2025-02-24 19:38:11.666124
case_557,b,2025-02-24 19:43:11.666124
case_557,a,2025-02-24 19:48:11.666124
case_557,a,2025-02-24 19:53:11.666124
case_557,c,2025-02-24 19:58:11.666124
case_557,b,2025-02-24 20:03:11.666124
case_557,a,2025-02-24 20:08:11.666124
case_557,a,2025-02-24 20:13:11.666124
case_557,a,2025-02-24 20:18:11.666124
case_557,a,2025-02-24 20:23:11.666124
case_557,c,2025-02-24 20:28:11.666124
case_557,a,2025-02-24 20:33:11.666124
case_557,a,2025-02-24 20:38:11.666124
case_557,c,2025-02-24 20:43:11.666124
case_557,a,2025-02-24 20:48:11.666124
case_557,a,2025-02-24 20:53:11.666124
case_557,c,2025-02-24 20:58:11.666124
case_557,c,2025-02-24 21:03:11.666124
case_558,c,2025-02-24 19:28:11.666154
case_558,a,2025-02-24 19:33:11.666154
case_558,b,2025-02-24 19:38:11.666154
case_558,c,2025-02-24 19:43:11.666154
case_558,b,2025-02-24 19:48:11.666154
case_558,a,2025-02-24 19:53:11.666154
case_558,a,2025-02-24 19:58:11.666154
case_558,c,2025-02-24 20:03:11.666154
case_558,a,2025-02-24 20:08:11.666154
case_558,a,2025-02-24 20:13:11.666154
case_558,a,2025-02-24 20:18:11.666154
case_558,b,2025-02-24 20:23:11.666154
case_558,a,2025-02-24 20:28:11.666154
case_558,c,2025-02-24 20:33:11.666154
case_558,a,2025-02-24 20:38:11.666154
case_558,c,2025-02-24 20:43:11.666154
case_558,a,2025-02-24 20:48:11.666154
case_558,b,2025-02-24 20:53:11.666154
case_558,a,2025-02-24 20:58:11.666154
case_558,c,2025-02-24 21:03:11.666154
case_559,c,2025-02-24 19:28:11.666184
case_559,b,2025-02-24 19:33:11.666184
case_559,c,2025-02-24 19:38:11.666184
case_559,c,2025-02-24 19:43:11.666184
case_559,c,2025-02-24 19:48:11.666184
case_559,a,2025-02-24 19:53:11.666184
case_559,c,2025-02-24 19:58:11.666184
case_559,a,2025-02-24 20:03:11.666184
case_559,b,2025-02-24 20:08:11.666184
case_559,c,2025-02-24 20:13:11.666184
case_559,b,2025-02-24 20:18:11.666184
case_559,a,2025-02-24 20:23:11.666184
case_559,c,2025-02-24 20:28:11.666184
case_559,a,2025-02-24 20:33:11.666184
case_559,c,2025-02-24 20:38:11.666184
case_559,b,2025-02-24 20:43:11.666184
case_559,c,2025-02-24 20:48:11.666184
case_559,b,2025-02-24 20:53:11.666184
case_559,c,2025-02-24 20:58:11.666184
case_559,a,2025-02-24 21:03:11.666184
case_560,c,2025-02-24 19:28:11.666214
case_560,b,2025-02-24 19:33:11.666214
case_560,a,2025-02-24 19:38:11.666214
case_560,c,2025-02-24 19:43:11.666214
case_560,b,2025-02-24 19:48:11.666214
case_560,c,2025-02-24 19:53:11.666214
case_560,b,2025-02-24 19:58:11.666214
case_560,a,2025-02-24 20:03:11.666214
case_560,c,2025-02-24 20:08:11.666214
case_560,a,2025-02-24 20:13:11.666214
case_560,c,2025-02-24 20:18:11.666214
case_560,b,2025-02-24 20:23:11.666214
case_560,a,2025-02-24 20:28:11.666214
case_560,b,2025-02-24 20:33:11.666214
case_560,a,2025-02-24 20:38:11.666214
case_560,b,2025-02-24 20:43:11.666214
case_560,a,2025-02-24 20:48:11.666214
case_560,a,2025-02-24 20:53:11.666214
case_560,c,2025-02-24 20:58:11.666214
case_560,c,2025-02-24 21:03:11.666214
case_561,a,2025-02-24 19:28:11.666244
case_561,b,2025-02-24 19:33:11.666244
case_561,a,2025-02-24 19:38:11.666244
case_561,b,2025-02-24 19:43:11.666244
case_561,c,2025-02-24 19:48:11.666244
case_561,b,2025-02-24 19:53:11.666244
case_561,a,2025-02-24 19:58:11.666244
case_561,b,2025-02-24 20:03:11.666244
case_561,a,2025-02-24 20:08:11.666244
case_561,a,2025-02-24 20:13:11.666244
case_561,a,2025-02-24 20:18:11.666244
case_561,c,2025-02-24 20:23:11.666244
case_561,c,2025-02-24 20:28:11.666244
case_561,c,2025-02-24 20:33:11.666244
case_561,b,2025-02-24 20:38:11.666244
case_561,c,2025-02-24 20:43:11.666244
case_561,a,2025-02-24 20:48:11.666244
case_561,a,2025-02-24 20:53:11.666244
case_561,b,2025-02-24 20:58:11.666244
case_561,c,2025-02-24 21:03:11.666244
case_562,a,2025-02-24 19:28:11.666274
case_562,a,2025-02-24 19:33:11.666274
case_562,b,2025-02-24 19:38:11.666274
case_562,c,2025-02-24 19:43:11.666274
case_562,a,2025-02-24 19:48:11.666274
case_562,a,2025-02-24 19:53:11.666274
case_562,c,2025-02-24 19:58:11.666274
case_562,b,2025-02-24 20:03:11.666274
case_562,a,2025-02-24 20:08:11.666274
case_562,c,2025-02-24 20:13:11.666274
case_562,c,2025-02-24 20:18:11.666274
case_562,b,2025-02-24 20:23:11.666274
case_562,a,2025-02-24 20:28:11.666274
case_562,b,2025-02-24 20:33:11.666274
case_562,c,2025-02-24 20:38:11.666274
case_562,c,2025-02-24 20:43:11.666274
case_562,a,2025-02-24 20:48:11.666274
case_562,c,2025-02-24 20:53:11.666274
case_562,b,2025-02-24 20:58:11.666274
case_562,a,2025-02-24 21:03:11.666274
case_563,a,2025-02-24 19:28:11.666304
case_563,a,2025-02-24 19:33:11.666304
case_563,b,2025-02-24 19:38:11.666304
case_563,c,2025-02-24 19:43:11.666304
case_563,c,2025-02-24 19:48:11.666304
case_563,c,2025-02-24 19:53:11.666304
case_563,b,2025-02-24 19:58:11.666304
case_563,a,2025-02-24 20:03:11.666304
case_563,c,2025-02-24 20:08:11.666304
case_563,a,2025-02-24 20:13:11.666304
case_563,c,2025-02-24 20:18:11.666304
case_563,c,2025-02-24 20:23:11.666304
case_563,a,2025-02-24 20:28:11.666304
case_563,b,2025-02-24 20:33:11.666304
case_563,c,2025-02-24 20:38:11.666304
case_563,b,2025-02-24 20:43:11.666304
case_563,c,2025-02-24 20:48:11.666304
case_563,c,2025-02-24 20:53:11.666304
case_563,c,2025-02-24 20:58:11.666304
case_563,a,2025-02-24 21:03:11.666304
case_564,c,2025-02-24 19:28:11.666335
case_564,a,2025-02-24 19:33:11.666335
case_564,a,2025-02-24 19:38:11.666335
case_564,a,2025-02-24 19:43:11.666335
case_564,a,2025-02-24 19:48:11.666335
case_564,b,2025-02-24 19:53:11.666335
case_564,c,2025-02-24 19:58:11.666335
case_564,b,2025-02-24 20:03:11.666335
case_564,c,2025-02-24 20:08:11.666335
case_564,a,2025-02-24 20:13:11.666335
case_564,a,2025-02-24 20:18:11.666335
case_564,a,2025-02-24 20:23:11.666335
case_564,a,2025-02-24 20:28:11.666335
case_564,a,2025-02-24 20:33:11.666335
case_564,b,2025-02-24 20:38:11.666335
case_564,c,2025-02-24 20:43:11.666335
case_564,c,2025-02-24 20:48:11.666335
case_564,b,2025-02-24 20:53:11.666335
case_564,a,2025-02-24 20:58:11.666335
case_564,c,2025-02-24 21:03:11.666335
case_565,c,2025-02-24 19:28:11.666365
case_565,b,2025-02-24 19:33:11.666365
case_565,a,2025-02-24 19:38:11.666365
case_565,a,2025-02-24 19:43:11.666365
case_565,b,2025-02-24 19:48:11.666365
case_565,c,2025-02-24 19:53:11.666365
case_565,a,2025-02-24 19:58:11.666365
case_565,b,2025-02-24 20:03:11.666365
case_565,a,2025-02-24 20:08:11.666365
case_565,a,2025-02-24 20:13:11.666365
case_565,a,2025-02-24 20:18:11.666365
case_565,a,2025-02-24 20:23:11.666365
case_565,b,2025-02-24 20:28:11.666365
case_565,c,2025-02-24 20:33:11.666365
case_565,b,2025-02-24 20:38:11.666365
case_565,a,2025-02-24 20:43:11.666365
case_565,c,2025-02-24 20:48:11.666365
case_565,b,2025-02-24 20:53:11.666365
case_565,a,2025-02-24 20:58:11.666365
case_565,c,2025-02-24 21:03:11.666365
case_566,a,2025-02-24 19:28:11.666394
case_566,b,2025-02-24 19:33:11.666394
case_566,c,2025-02-24 19:38:11.666394
case_566,b,2025-02-24 19:43:11.666394
case_566,c,2025-02-24 19:48:11.666394
case_566,a,2025-02-24 19:53:11.666394
case_566,b,2025-02-24 19:58:11.666394
case_566,c,2025-02-24 20:03:11.666394
case_566,c,2025-02-24 20:08:11.666394
case_566,a,2025-02-24 20:13:11.666394
case_566,b,2025-02-24 20:18:11.666394
case_566,a,2025-02-24 20:23:11.666394
case_566,a,2025-02-24 20:28:11.666394
case_566,c,2025-02-24 20:33:11.666394
case_566,a,2025-02-24 20:38:11.666394
case_566,b,2025-02-24 20:43:11.666394
case_566,a,2025-02-24 20:48:11.666394
case_566,b,2025-02-24 20:53:11.666394
case_566,a,2025-02-24 20:58:11.666394
case_566,c,2025-02-24 21:03:11.666394
case_567,c,2025-02-24 19:28:11.666424
case_567,b,2025-02-24 19:33:11.666424
case_567,c,2025-02-24 19:38:11.666424
case_567,c,2025-02-24 19:43:11.666424
case_567,c,2025-02-24 19:48:11.666424
case_567,b,2025-02-24 19:53:11.666424
case_567,c,2025-02-24 19:58:11.666424
case_567,c,2025-02-24 20:03:11.666424
case_567,b,2025-02-24 20:08:11.666424
case_567,a,2025-02-24 20:13:11.666424
case_567,c,2025-02-24 20:18:11.666424
case_567,c,2025-02-24 20:23:11.666424
case_567,a,2025-02-24 20:28:11.666424
case_567,b,2025-02-24 20:33:11.666424
case_567,a,2025-02-24 20:38:11.666424
case_567,a,2025-02-24 20:43:11.666424
case_567,c,2025-02-24 20:48:11.666424
case_567,a,2025-02-24 20:53:11.666424
case_567,c,2025-02-24 20:58:11.666424
case_567,c,2025-02-24 21:03:11.666424
case_568,a,2025-02-24 19:28:11.666454
case_568,a,2025-02-24 19:33:11.666454
case_568,c,2025-02-24 19:38:11.666454
case_568,c,2025-02-24 19:43:11.666454
case_568,b,2025-02-24 19:48:11.666454
case_568,c,2025-02-24 19:53:11.666454
case_568,a,2025-02-24 19:58:11.666454
case_568,a,2025-02-24 20:03:11.666454
case_568,b,2025-02-24 20:08:11.666454
case_568,c,2025-02-24 20:13:11.666454
case_568,b,2025-02-24 20:18:11.666454
case_568,a,2025-02-24 20:23:11.666454
case_568,b,2025-02-24 20:28:11.666454
case_568,c,2025-02-24 20:33:11.666454
case_568,b,2025-02-24 20:38:11.666454
case_568,a,2025-02-24 20:43:11.666454
case_568,c,2025-02-24 20:48:11.666454
case_568,b,2025-02-24 20:53:11.666454
case_568,c,2025-02-24 20:58:11.666454
case_568,c,2025-02-24 21:03:11.666454
case_569,c,2025-02-24 19:28:11.666483
case_569,a,2025-02-24 19:33:11.666483
case_569,b,2025-02-24 19:38:11.666483
case_569,a,2025-02-24 19:43:11.666483
case_569,a,2025-02-24 19:48:11.666483
case_569,c,2025-02-24 19:53:11.666483
case_569,b,2025-02-24 19:58:11.666483
case_569,c,2025-02-24 20:03:11.666483
case_569,a,2025-02-24 20:08:11.666483
case_569,a,2025-02-24 20:13:11.666483
case_569,b,2025-02-24 20:18:11.666483
case_569,c,2025-02-24 20:23:11.666483
case_569,b,2025-02-24 20:28:11.666483
case_569,a,2025-02-24 20:33:11.666483
case_569,a,2025-02-24 20:38:11.666483
case_569,c,2025-02-24 20:43:11.666483
case_569,a,2025-02-24 20:48:11.666483
case_569,a,2025-02-24 20:53:11.666483
case_569,a,2025-02-24 20:58:11.666483
case_569,c,2025-02-24 21:03:11.666483
case_570,c,2025-02-24 19:28:11.666513
case_570,a,2025-02-24 19:33:11.666513
case_570,a,2025-02-24 19:38:11.666513
case_570,b,2025-02-24 19:43:11.666513
case_570,a,2025-02-24 19:48:11.666513
case_570,b,2025-02-24 19:53:11.666513
case_570,c,2025-02-24 19:58:11.666513
case_570,a,2025-02-24 20:03:11.666513
case_570,b,2025-02-24 20:08:11.666513
case_570,c,2025-02-24 20:13:11.666513
case_570,b,2025-02-24 20:18:11.666513
case_570,c,2025-02-24 20:23:11.666513
case_570,b,2025-02-24 20:28:11.666513
case_570,c,2025-02-24 20:33:11.666513
case_570,c,2025-02-24 20:38:11.666513
case_570,a,2025-02-24 20:43:11.666513
case_570,b,2025-02-24 20:48:11.666513
case_570,c,2025-02-24 20:53:11.666513
case_570,a,2025-02-24 20:58:11.666513
case_570,a,2025-02-24 21:03:11.666513
case_571,c,2025-02-24 19:28:11.666543
case_571,a,2025-02-24 19:33:11.666543
case_571,c,2025-02-24 19:38:11.666543
case_571,c,2025-02-24 19:43:11.666543
case_571,a,2025-02-24 19:48:11.666543
case_571,c,2025-02-24 19:53:11.666543
case_571,b,2025-02-24 19:58:11.666543
case_571,c,2025-02-24 20:03:11.666543
case_571,a,2025-02-24 20:08:11.666543
case_571,b,2025-02-24 20:13:11.666543
case_571,c,2025-02-24 20:18:11.666543
case_571,a,2025-02-24 20:23:11.666543
case_571,a,2025-02-24 20:28:11.666543
case_571,b,2025-02-24 20:33:11.666543
case_571,a,2025-02-24 20:38:11.666543
case_571,a,2025-02-24 20:43:11.666543
case_571,b,2025-02-24 20:48:11.666543
case_571,a,2025-02-24 20:53:11.666543
case_571,c,2025-02-24 20:58:11.666543
case_571,c,2025-02-24 21:03:11.666543
case_572,a,2025-02-24 19:28:11.666572
case_572,c,2025-02-24 19:33:11.666572
case_572,c,2025-02-24 19:38:11.666572
case_572,a,2025-02-24 19:43:11.666572
case_572,a,2025-02-24 19:48:11.666572
case_572,a,2025-02-24 19:53:11.666572
case_572,b,2025-02-24 19:58:11.666572
case_572,a,2025-02-24 20:03:11.666572
case_572,a,2025-02-24 20:08:11.666572
case_572,b,2025-02-24 20:13:11.666572
case_572,c,2025-02-24 20:18:11.666572
case_572,c,2025-02-24 20:23:11.666572
case_572,b,2025-02-24 20:28:11.666572
case_572,a,2025-02-24 20:33:11.666572
case_572,a,2025-02-24 20:38:11.666572
case_572,b,2025-02-24 20:43:11.666572
case_572,a,2025-02-24 20:48:11.666572
case_572,b,2025-02-24 20:53:11.666572
case_572,c,2025-02-24 20:58:11.666572
case_572,a,2025-02-24 21:03:11.666572
case_573,a,2025-02-24 19:28:11.666602
case_573,b,2025-02-24 19:33:11.666602
case_573,c,2025-02-24 19:38:11.666602
case_573,c,2025-02-24 19:43:11.666602
case_573,b,2025-02-24 19:48:11.666602
case_573,a,2025-02-24 19:53:11.666602
case_573,c,2025-02-24 19:58:11.666602
case_573,c,2025-02-24 20:03:11.666602
case_573,c,2025-02-24 20:08:11.666602
case_573,b,2025-02-24 20:13:11.666602
case_573,c,2025-02-24 20:18:11.666602
case_573,b,2025-02-24 20:23:11.666602
case_573,c,2025-02-24 20:28:11.666602
case_573,a,2025-02-24 20:33:11.666602
case_573,a,2025-02-24 20:38:11.666602
case_573,b,2025-02-24 20:43:11.666602
case_573,c,2025-02-24 20:48:11.666602
case_573,b,2025-02-24 20:53:11.666602
case_573,a,2025-02-24 20:58:11.666602
case_573,c,2025-02-24 21:03:11.666602
case_574,a,2025-02-24 19:28:11.666632
case_574,a,2025-02-24 19:33:11.666632
case_574,c,2025-02-24 19:38:11.666632
case_574,a,2025-02-24 19:43:11.666632
case_574,a,2025-02-24 19:48:11.666632
case_574,c,2025-02-24 19:53:11.666632
case_574,a,2025-02-24 19:58:11.666632
case_574,b,2025-02-24 20:03:11.666632
case_574,a,2025-02-24 20:08:11.666632
case_574,b,2025-02-24 20:13:11.666632
case_574,c,2025-02-24 20:18:11.666632
case_574,a,2025-02-24 20:23:11.666632
case_574,b,2025-02-24 20:28:11.666632
case_574,a,2025-02-24 20:33:11.666632
case_574,a,2025-02-24 20:38:11.666632
case_574,a,2025-02-24 20:43:11.666632
case_574,a,2025-02-24 20:48:11.666632
case_574,a,2025-02-24 20:53:11.666632
case_574,c,2025-02-24 20:58:11.666632
case_574,a,2025-02-24 21:03:11.666632
case_575,a,2025-02-24 19:28:11.666662
case_575,c,2025-02-24 19:33:11.666662
case_575,a,2025-02-24 19:38:11.666662
case_575,b,2025-02-24 19:43:11.666662
case_575,c,2025-02-24 19:48:11.666662
case_575,c,2025-02-24 19:53:11.666662
case_575,a,2025-02-24 19:58:11.666662
case_575,a,2025-02-24 20:03:11.666662
case_575,c,2025-02-24 20:08:11.666662
case_575,a,2025-02-24 20:13:11.666662
case_575,c,2025-02-24 20:18:11.666662
case_575,a,2025-02-24 20:23:11.666662
case_575,a,2025-02-24 20:28:11.666662
case_575,c,2025-02-24 20:33:11.666662
case_575,c,2025-02-24 20:38:11.666662
case_575,a,2025-02-24 20:43:11.666662
case_575,a,2025-02-24 20:48:11.666662
case_575,a,2025-02-24 20:53:11.666662
case_575,b,2025-02-24 20:58:11.666662
case_575,c,2025-02-24 21:03:11.666662
case_576,a,2025-02-24 19:28:11.666691
case_576,c,2025-02-24 19:33:11.666691
case_576,c,2025-02-24 19:38:11.666691
case_576,b,2025-02-24 19:43:11.666691
case_576,c,2025-02-24 19:48:11.666691
case_576,b,2025-02-24 19:53:11.666691
case_576,a,2025-02-24 19:58:11.666691
case_576,c,2025-02-24 20:03:11.666691
case_576,b,2025-02-24 20:08:11.666691
case_576,a,2025-02-24 20:13:11.666691
case_576,b,2025-02-24 20:18:11.666691
case_576,a,2025-02-24 20:23:11.666691
case_576,c,2025-02-24 20:28:11.666691
case_576,b,2025-02-24 20:33:11.666691
case_576,c,2025-02-24 20:38:11.666691
case_576,a,2025-02-24 20:43:11.666691
case_576,b,2025-02-24 20:48:11.666691
case_576,a,2025-02-24 20:53:11.666691
case_576,c,2025-02-24 20:58:11.666691
case_576,a,2025-02-24 21:03:11.666691
case_577,c,2025-02-24 19:28:11.666721
case_577,b,2025-02-24 19:33:11.666721
case_577,a,2025-02-24 19:38:11.666721
case_577,a,2025-02-24 19:43:11.666721
case_577,a,2025-02-24 19:48:11.666721
case_577,b,2025-02-24 19:53:11.666721
case_577,a,2025-02-24 19:58:11.666721
case_577,b,2025-02-24 20:03:11.666721
case_577,c,2025-02-24 20:08:11.666721
case_577,b,2025-02-24 20:13:11.666721
case_577,c,2025-02-24 20:18:11.666721
case_577,a,2025-02-24 20:23:11.666721
case_577,b,2025-02-24 20:28:11.666721
case_577,c,2025-02-24 20:33:11.666721
case_577,b,2025-02-24 20:38:11.666721
case_577,c,2025-02-24 20:43:11.666721
case_577,c,2025-02-24 20:48:11.666721
case_577,c,2025-02-24 20:53:11.666721
case_577,c,2025-02-24 20:58:11.666721
case_577,c,2025-02-24 21:03:11.666721
case_578,a,2025-02-24 19:28:11.666751
case_578,a,2025-02-24 19:33:11.666751
case_578,a,2025-02-24 19:38:11.666751
case_578,b,2025-02-24 19:43:11.666751
case_578,c,2025-02-24 19:48:11.666751
case_578,b,2025-02-24 19:53:11.666751
case_578,a,2025-02-24 19:58:11.666751
case_578,c,2025-02-24 20:03:11.666751
case_578,a,2025-02-24 20:08:11.666751
case_578,b,2025-02-24 20:13:11.666751
case_578,c,2025-02-24 20:18:11.666751
case_578,a,2025-02-24 20:23:11.666751
case_578,a,2025-02-24 20:28:11.666751
case_578,c,2025-02-24 20:33:11.666751
case_578,a,2025-02-24 20:38:11.666751
case_578,b,2025-02-24 20:43:11.666751
case_578,c,2025-02-24 20:48:11.666751
case_578,a,2025-02-24 20:53:11.666751
case_578,b,2025-02-24 20:58:11.666751
case_578,a,2025-02-24 21:03:11.666751
case_579,c,2025-02-24 19:28:11.666780
case_579,a,2025-02-24 19:33:11.666780
case_579,a,2025-02-24 19:38:11.666780
case_579,b,2025-02-24 19:43:11.666780
case_579,a,2025-02-24 19:48:11.666780
case_579,c,2025-02-24 19:53:11.666780
case_579,a,2025-02-24 19:58:11.666780
case_579,b,2025-02-24 20:03:11.666780
case_579,a,2025-02-24 20:08:11.666780
case_579,b,2025-02-24 20:13:11.666780
case_579,a,2025-02-24 20:18:11.666780
case_579,a,2025-02-24 20:23:11.666780
case_579,a,2025-02-24 20:28:11.666780
case_579,c,2025-02-24 20:33:11.666780
case_579,c,2025-02-24 20:38:11.666780
case_579,b,2025-02-24 20:43:11.666780
case_579,a,2025-02-24 20:48:11.666780
case_579,b,2025-02-24 20:53:11.666780
case_579,a,2025-02-24 20:58:11.666780
case_579,c,2025-02-24 21:03:11.666780
case_580,a,2025-02-24 19:28:11.666810
case_580,b,2025-02-24 19:33:11.666810
case_580,a,2025-02-24 19:38:11.666810
case_580,a,2025-02-24 19:43:11.666810
case_580,a,2025-02-24 19:48:11.666810
case_580,b,2025-02-24 19:53:11.666810
case_580,a,2025-02-24 19:58:11.666810
case_580,b,2025-02-24 20:03:11.666810
case_580,c,2025-02-24 20:08:11.666810
case_580,b,2025-02-24 20:13:11.666810
case_580,a,2025-02-24 20:18:11.666810
case_580,a,2025-02-24 20:23:11.666810
case_580,a,2025-02-24 20:28:11.666810
case_580,a,2025-02-24 20:33:11.666810
case_580,c,2025-02-24 20:38:11.666810
case_580,b,2025-02-24 20:43:11.666810
case_580,c,2025-02-24 20:48:11.666810
case_580,b,2025-02-24 20:53:11.666810
case_580,a,2025-02-24 20:58:11.666810
case_580,c,2025-02-24 21:03:11.666810
case_581,c,2025-02-24 19:28:11.666840
case_581,b,2025-02-24 19:33:11.666840
case_581,c,2025-02-24 19:38:11.666840
case_581,a,2025-02-24 19:43:11.666840
case_581,a,2025-02-24 19:48:11.666840
case_581,c,2025-02-24 19:53:11.666840
case_581,b,2025-02-24 19:58:11.666840
case_581,a,2025-02-24 20:03:11.666840
case_581,b,2025-02-24 20:08:11.666840
case_581,a,2025-02-24 20:13:11.666840
case_581,a,2025-02-24 20:18:11.666840
case_581,b,2025-02-24 20:23:11.666840
case_581,c,2025-02-24 20:28:11.666840
case_581,a,2025-02-24 20:33:11.666840
case_581,a,2025-02-24 20:38:11.666840
case_581,a,2025-02-24 20:43:11.666840
case_581,c,2025-02-24 20:48:11.666840
case_581,c,2025-02-24 20:53:11.666840
case_581,a,2025-02-24 20:58:11.666840
case_581,c,2025-02-24 21:03:11.666840
case_582,c,2025-02-24 19:28:11.666869
case_582,b,2025-02-24 19:33:11.666869
case_582,c,2025-02-24 19:38:11.666869
case_582,c,2025-02-24 19:43:11.666869
case_582,a,2025-02-24 19:48:11.666869
case_582,a,2025-02-24 19:53:11.666869
case_582,a,2025-02-24 19:58:11.666869
case_582,b,2025-02-24 20:03:11.666869
case_582,a,2025-02-24 20:08:11.666869
case_582,b,2025-02-24 20:13:11.666869
case_582,c,2025-02-24 20:18:11.666869
case_582,c,2025-02-24 20:23:11.666869
case_582,c,2025-02-24 20:28:11.666869
case_582,b,2025-02-24 20:33:11.666869
case_582,a,2025-02-24 20:38:11.666869
case_582,a,2025-02-24 20:43:11.666869
case_582,c,2025-02-24 20:48:11.666869
case_582,c,2025-02-24 20:53:11.666869
case_582,b,2025-02-24 20:58:11.666869
case_582,c,2025-02-24 21:03:11.666869
case_583,c,2025-02-24 19:28:11.666899
case_583,b,2025-02-24 19:33:11.666899
case_583,c,2025-02-24 19:38:11.666899
case_583,a,2025-02-24 19:43:11.666899
case_583,b,2025-02-24 19:48:11.666899
case_583,a,2025-02-24 19:53:11.666899
case_583,c,2025-02-24 19:58:11.666899
case_583,a,2025-02-24 20:03:11.666899
case_583,b,2025-02-24 20:08:11.666899
case_583,c,2025-02-24 20:13:11.666899
case_583,b,2025-02-24 20:18:11.666899
case_583,a,2025-02-24 20:23:11.666899
case_583,b,2025-02-24 20:28:11.666899
case_583,c,2025-02-24 20:33:11.666899
case_583,b,2025-02-24 20:38:11.666899
case_583,a,2025-02-24 20:43:11.666899
case_583,c,2025-02-24 20:48:11.666899
case_583,a,2025-02-24 20:53:11.666899
case_583,a,2025-02-24 20:58:11.666899
case_583,a,2025-02-24 21:03:11.666899
case_584,a,2025-02-24 19:28:11.666928
case_584,c,2025-02-24 19:33:11.666928
case_584,c,2025-02-24 19:38:11.666928
case_584,a,2025-02-24 19:43:11.666928
case_584,c,2025-02-24 19:48:11.666928
case_584,a,2025-02-24 19:53:11.666928
case_584,a,2025-02-24 19:58:11.666928
case_584,b,2025-02-24 20:03:11.666928
case_584,c,2025-02-24 20:08:11.666928
case_584,a,2025-02-24 20:13:11.666928
case_584,c,2025-02-24 20:18:11.666928
case_584,c,2025-02-24 20:23:11.666928
case_584,c,2025-02-24 20:28:11.666928
case_584,c,2025-02-24 20:33:11.666928
case_584,a,2025-02-24 20:38:11.666928
case_584,c,2025-02-24 20:43:11.666928
case_584,c,2025-02-24 20:48:11.666928
case_584,b,2025-02-24 20:53:11.666928
case_584,c,2025-02-24 20:58:11.666928
case_584,c,2025-02-24 21:03:11.666928
case_585,a,2025-02-24 19:28:11.666958
case_585,c,2025-02-24 19:33:11.666958
case_585,b,2025-02-24 19:38:11.666958
case_585,a,2025-02-24 19:43:11.666958
case_585,c,2025-02-24 19:48:11.666958
case_585,b,2025-02-24 19:53:11.666958
case_585,a,2025-02-24 19:58:11.666958
case_585,a,2025-02-24 20:03:11.666958
case_585,b,2025-02-24 20:08:11.666958
case_585,a,2025-02-24 20:13:11.666958
case_585,a,2025-02-24 20:18:11.666958
case_585,c,2025-02-24 20:23:11.666958
case_585,c,2025-02-24 20:28:11.666958
case_585,a,2025-02-24 20:33:11.666958
case_585,a,2025-02-24 20:38:11.666958
case_585,b,2025-02-24 20:43:11.666958
case_585,a,2025-02-24 20:48:11.666958
case_585,b,2025-02-24 20:53:11.666958
case_585,a,2025-02-24 20:58:11.666958
case_585,c,2025-02-24 21:03:11.666958
case_586,c,2025-02-24 19:28:11.666988
case_586,c,2025-02-24 19:33:11.666988
case_586,a,2025-02-24 19:38:11.666988
case_586,b,2025-02-24 19:43:11.666988
case_586,a,2025-02-24 19:48:11.666988
case_586,c,2025-02-24 19:53:11.666988
case_586,b,2025-02-24 19:58:11.666988
case_586,a,2025-02-24 20:03:11.666988
case_586,a,2025-02-24 20:08:11.666988
case_586,a,2025-02-24 20:13:11.666988
case_586,b,2025-02-24 20:18:11.666988
case_586,c,2025-02-24 20:23:11.666988
case_586,c,2025-02-24 20:28:11.666988
case_586,c,2025-02-24 20:33:11.666988
case_586,c,2025-02-24 20:38:11.666988
case_586,c,2025-02-24 20:43:11.666988
case_586,b,2025-02-24 20:48:11.666988
case_586,a,2025-02-24 20:53:11.666988
case_586,c,2025-02-24 20:58:11.666988
case_586,a,2025-02-24 21:03:11.666988
case_587,a,2025-02-24 19:28:11.667017
case_587,b,2025-02-24 19:33:11.667017
case_587,a,2025-02-24 19:38:11.667017
case_587,b,2025-02-24 19:43:11.667017
case_587,c,2025-02-24 19:48:11.667017
case_587,b,2025-02-24 19:53:11.667017
case_587,c,2025-02-24 19:58:11.667017
case_587,b,2025-02-24 20:03:11.667017
case_587,a,2025-02-24 20:08:11.667017
case_587,c,2025-02-24 20:13:11.667017
case_587,c,2025-02-24 20:18:11.667017
case_587,a,2025-02-24 20:23:11.667017
case_587,c,2025-02-24 20:28:11.667017
case_587,c,2025-02-24 20:33:11.667017
case_587,a,2025-02-24 20:38:11.667017
case_587,a,2025-02-24 20:43:11.667017
case_587,a,2025-02-24 20:48:11.667017
case_587,a,2025-02-24 20:53:11.667017
case_587,b,2025-02-24 20:58:11.667017
case_587,c,2025-02-24 21:03:11.667017
case_588,c,2025-02-24 19:28:11.667047
case_588,a,2025-02-24 19:33:11.667047
case_588,b,2025-02-24 19:38:11.667047
case_588,a,2025-02-24 19:43:11.667047
case_588,c,2025-02-24 19:48:11.667047
case_588,a,2025-02-24 19:53:11.667047
case_588,b,2025-02-24 19:58:11.667047
case_588,c,2025-02-24 20:03:11.667047
case_588,c,2025-02-24 20:08:11.667047
case_588,c,2025-02-24 20:13:11.667047
case_588,c,2025-02-24 20:18:11.667047
case_588,b,2025-02-24 20:23:11.667047
case_588,a,2025-02-24 20:28:11.667047
case_588,a,2025-02-24 20:33:11.667047
case_588,c,2025-02-24 20:38:11.667047
case_588,b,2025-02-24 20:43:11.667047
case_588,a,2025-02-24 20:48:11.667047
case_588,b,2025-02-24 20:53:11.667047
case_588,c,2025-02-24 20:58:11.667047
case_588,a,2025-02-24 21:03:11.667047
case_589,a,2025-02-24 19:28:11.667077
case_589,a,2025-02-24 19:33:11.667077
case_589,a,2025-02-24 19:38:11.667077
case_589,a,2025-02-24 19:43:11.667077
case_589,b,2025-02-24 19:48:11.667077
case_589,a,2025-02-24 19:53:11.667077
case_589,b,2025-02-24 19:58:11.667077
case_589,c,2025-02-24 20:03:11.667077
case_589,c,2025-02-24 20:08:11.667077
case_589,c,2025-02-24 20:13:11.667077
case_589,b,2025-02-24 20:18:11.667077
case_589,a,2025-02-24 20:23:11.667077
case_589,a,2025-02-24 20:28:11.667077
case_589,c,2025-02-24 20:33:11.667077
case_589,c,2025-02-24 20:38:11.667077
case_589,a,2025-02-24 20:43:11.667077
case_589,a,2025-02-24 20:48:11.667077
case_589,a,2025-02-24 20:53:11.667077
case_589,b,2025-02-24 20:58:11.667077
case_589,c,2025-02-24 21:03:11.667077
case_590,a,2025-02-24 19:28:11.667106
case_590,a,2025-02-24 19:33:11.667106
case_590,c,2025-02-24 19:38:11.667106
case_590,a,2025-02-24 19:43:11.667106
case_590,b,2025-02-24 19:48:11.667106
case_590,c,2025-02-24 19:53:11.667106
case_590,b,2025-02-24 19:58:11.667106
case_590,c,2025-02-24 20:03:11.667106
case_590,b,2025-02-24 20:08:11.667106
case_590,a,2025-02-24 20:13:11.667106
case_590,c,2025-02-24 20:18:11.667106
case_590,c,2025-02-24 20:23:11.667106
case_590,b,2025-02-24 20:28:11.667106
case_590,c,2025-02-24 20:33:11.667106
case_590,a,2025-02-24 20:38:11.667106
case_590,b,2025-02-24 20:43:11.667106
case_590,a,2025-02-24 20:48:11.667106
case_590,a,2025-02-24 20:53:11.667106
case_590,c,2025-02-24 20:58:11.667106
case_590,c,2025-02-24 21:03:11.667106
case_591,a,2025-02-24 19:28:11.667136
case_591,b,2025-02-24 19:33:11.667136
case_591,c,2025-02-24 19:38:11.667136
case_591,a,2025-02-24 19:43:11.667136
case_591,a,2025-02-24 19:48:11.667136
case_591,c,2025-02-24 19:53:11.667136
case_591,b,2025-02-24 19:58:11.667136
case_591,a,2025-02-24 20:03:11.667136
case_591,b,2025-02-24 20:08:11.667136
case_591,a,2025-02-24 20:13:11.667136
case_591,a,2025-02-24 20:18:11.667136
case_591,a,2025-02-24 20:23:11.667136
case_591,b,2025-02-24 20:28:11.667136
case_591,c,2025-02-24 20:33:11.667136
case_591,a,2025-02-24 20:38:11.667136
case_591,c,2025-02-24 20:43:11.667136
case_591,c,2025-02-24 20:48:11.667136
case_591,c,2025-02-24 20:53:11.667136
case_591,b,2025-02-24 20:58:11.667136
case_591,a,2025-02-24 21:03:11.667136
case_592,c,2025-02-24 19:28:11.667166
case_592,c,2025-02-24 19:33:11.667166
case_592,c,2025-02-24 19:38:11.667166
case_592,c,2025-02-24 19:43:11.667166
case_592,b,2025-02-24 19:48:11.667166
case_592,a,2025-02-24 19:53:11.667166
case_592,b,2025-02-24 19:58:11.667166
case_592,a,2025-02-24 20:03:11.667166
case_592,c,2025-02-24 20:08:11.667166
case_592,c,2025-02-24 20:13:11.667166
case_592,c,2025-02-24 20:18:11.667166
case_592,c,2025-02-24 20:23:11.667166
case_592,c,2025-02-24 20:28:11.667166
case_592,c,2025-02-24 20:33:11.667166
case_592,b,2025-02-24 20:38:11.667166
case_592,a,2025-02-24 20:43:11.667166
case_592,b,2025-02-24 20:48:11.667166
case_592,a,2025-02-24 20:53:11.667166
case_592,c,2025-02-24 20:58:11.667166
case_592,c,2025-02-24 21:03:11.667166
case_593,a,2025-02-24 19:28:11.667195
case_593,a,2025-02-24 19:33:11.667195
case_593,a,2025-02-24 19:38:11.667195
case_593,c,2025-02-24 19:43:11.667195
case_593,a,2025-02-24 19:48:11.667195
case_593,b,2025-02-24 19:53:11.667195
case_593,c,2025-02-24 19:58:11.667195
case_593,c,2025-02-24 20:03:11.667195
case_593,b,2025-02-24 20:08:11.667195
case_593,c,2025-02-24 20:13:11.667195
case_593,a,2025-02-24 20:18:11.667195
case_593,b,2025-02-24 20:23:11.667195
case_593,c,2025-02-24 20:28:11.667195
case_593,a,2025-02-24 20:33:11.667195
case_593,a,2025-02-24 20:38:11.667195
case_593,c,2025-02-24 20:43:11.667195
case_593,b,2025-02-24 20:48:11.667195
case_593,a,2025-02-24 20:53:11.667195
case_593,c,2025-02-24 20:58:11.667195
case_593,a,2025-02-24 21:03:11.667195
case_594,c,2025-02-24 19:28:11.667225
case_594,c,2025-02-24 19:33:11.667225
case_594,a,2025-02-24 19:38:11.667225
case_594,b,2025-02-24 19:43:11.667225
case_594,a,2025-02-24 19:48:11.667225
case_594,c,2025-02-24 19:53:11.667225
case_594,a,2025-02-24 19:58:11.667225
case_594,b,2025-02-24 20:03:11.667225
case_594,c,2025-02-24 20:08:11.667225
case_594,b,2025-02-24 20:13:11.667225
case_594,c,2025-02-24 20:18:11.667225
case_594,a,2025-02-24 20:23:11.667225
case_594,b,2025-02-24 20:28:11.667225
case_594,c,2025-02-24 20:33:11.667225
case_594,a,2025-02-24 20:38:11.667225
case_594,c,2025-02-24 20:43:11.667225
case_594,a,2025-02-24 20:48:11.667225
case_594,a,2025-02-24 20:53:11.667225
case_594,b,2025-02-24 20:58:11.667225
case_594,c,2025-02-24 21:03:11.667225
case_595,a,2025-02-24 19:28:11.667255
case_595,c,2025-02-24 19:33:11.667255
case_595,a,2025-02-24 19:38:11.667255
case_595,c,2025-02-24 19:43:11.667255
case_595,c,2025-02-24 19:48:11.667255
case_595,c,2025-02-24 19:53:11.667255
case_595,b,2025-02-24 19:58:11.667255
case_595,a,2025-02-24 20:03:11.667255
case_595,a,2025-02-24 20:08:11.667255
case_595,a,2025-02-24 20:13:11.667255
case_595,b,2025-02-24 20:18:11.667255
case_595,c,2025-02-24 20:23:11.667255
case_595,b,2025-02-24 20:28:11.667255
case_595,a,2025-02-24 20:33:11.667255
case_595,c,2025-02-24 20:38:11.667255
case_595,c,2025-02-24 20:43:11.667255
case_595,c,2025-02-24 20:48:11.667255
case_595,c,2025-02-24 20:53:11.667255
case_595,c,2025-02-24 20:58:11.667255
case_595,c,2025-02-24 21:03:11.667255
case_596,a,2025-02-24 19:28:11.667284
case_596,b,2025-02-24 19:33:11.667284
case_596,a,2025-02-24 19:38:11.667284
case_596,a,2025-02-24 19:43:11.667284
case_596,c,2025-02-24 19:48:11.667284
case_596,a,2025-02-24 19:53:11.667284
case_596,b,2025-02-24 19:58:11.667284
case_596,a,2025-02-24 20:03:11.667284
case_596,a,2025-02-24 20:08:11.667284
case_596,b,2025-02-24 20:13:11.667284
case_596,a,2025-02-24 20:18:11.667284
case_596,c,2025-02-24 20:23:11.667284
case_596,c,2025-02-24 20:28:11.667284
case_596,b,2025-02-24 20:33:11.667284
case_596,a,2025-02-24 20:38:11.667284
case_596,c,2025-02-24 20:43:11.667284
case_596,b,2025-02-24 20:48:11.667284
case_596,a,2025-02-24 20:53:11.667284
case_596,b,2025-02-24 20:58:11.667284
case_596,c,2025-02-24 21:03:11.667284
case_597,c,2025-02-24 19:28:11.667314
case_597,a,2025-02-24 19:33:11.667314
case_597,a,2025-02-24 19:38:11.667314
case_597,a,2025-02-24 19:43:11.667314
case_597,b,2025-02-24 19:48:11.667314
case_597,a,2025-02-24 19:53:11.667314
case_597,c,2025-02-24 19:58:11.667314
case_597,b,2025-02-24 20:03:11.667314
case_597,a,2025-02-24 20:08:11.667314
case_597,a,2025-02-24 20:13:11.667314
case_597,b,2025-02-24 20:18:11.667314
case_597,c,2025-02-24 20:23:11.667314
case_597,a,2025-02-24 20:28:11.667314
case_597,b,2025-02-24 20:33:11.667314
case_597,c,2025-02-24 20:38:11.667314
case_597,b,2025-02-24 20:43:11.667314
case_597,c,2025-02-24 20:48:11.667314
case_597,a,2025-02-24 20:53:11.667314
case_597,c,2025-02-24 20:58:11.667314
case_597,c,2025-02-24 21:03:11.667314
case_598,c,2025-02-24 19:28:11.667345
case_598,c,2025-02-24 19:33:11.667345
case_598,c,2025-02-24 19:38:11.667345
case_598,b,2025-02-24 19:43:11.667345
case_598,a,2025-02-24 19:48:11.667345
case_598,c,2025-02-24 19:53:11.667345
case_598,a,2025-02-24 19:58:11.667345
case_598,b,2025-02-24 20:03:11.667345
case_598,a,2025-02-24 20:08:11.667345
case_598,a,2025-02-24 20:13:11.667345
case_598,b,2025-02-24 20:18:11.667345
case_598,a,2025-02-24 20:23:11.667345
case_598,a,2025-02-24 20:28:11.667345
case_598,a,2025-02-24 20:33:11.667345
case_598,a,2025-02-24 20:38:11.667345
case_598,b,2025-02-24 20:43:11.667345
case_598,a,2025-02-24 20:48:11.667345
case_598,a,2025-02-24 20:53:11.667345
case_598,b,2025-02-24 20:58:11.667345
case_598,c,2025-02-24 21:03:11.667345
case_599,a,2025-02-24 19:28:11.667379
case_599,a,2025-02-24 19:33:11.667379
case_599,c,2025-02-24 19:38:11.667379
case_599,b,2025-02-24 19:43:11.667379
case_599,c,2025-02-24 19:48:11.667379
case_599,a,2025-02-24 19:53:11.667379
case_599,c,2025-02-24 19:58:11.667379
case_599,a,2025-02-24 20:03:11.667379
case_599,a,2025-02-24 20:08:11.667379
case_599,b,2025-02-24 20:13:11.667379
case_599,a,2025-02-24 20:18:11.667379
case_599,a,2025-02-24 20:23:11.667379
case_599,a,2025-02-24 20:28:11.667379
case_599,b,2025-02-24 20:33:11.667379
case_599,c,2025-02-24 20:38:11.667379
case_599,b,2025-02-24 20:43:11.667379
case_599,a,2025-02-24 20:48:11.667379
case_599,a,2025-02-24 20:53:11.667379
case_599,a,2025-02-24 20:58:11.667379
case_599,c,2025-02-24 21:03:11.667379
case_600,a,2025-02-24 19:28:11.667409
case_600,a,2025-02-24 19:33:11.667409
case_600,b,2025-02-24 19:38:11.667409
case_600,a,2025-02-24 19:43:11.667409
case_600,b,2025-02-24 19:48:11.667409
case_600,c,2025-02-24 19:53:11.667409
case_600,b,2025-02-24 19:58:11.667409
case_600,a,2025-02-24 20:03:11.667409
case_600,b,2025-02-24 20:08:11.667409
case_600,c,2025-02-24 20:13:11.667409
case_600,a,2025-02-24 20:18:11.667409
case_600,b,2025-02-24 20:23:11.667409
case_600,c,2025-02-24 20:28:11.667409
case_600,c,2025-02-24 20:33:11.667409
case_600,c,2025-02-24 20:38:11.667409
case_600,a,2025-02-24 20:43:11.667409
case_600,b,2025-02-24 20:48:11.667409
case_600,a,2025-02-24 20:53:11.667409
case_600,b,2025-02-24 20:58:11.667409
case_600,c,2025-02-24 21:03:11.667409
case_601,a,2025-02-24 19:28:11.667440
case_601,b,2025-02-24 19:33:11.667440
case_601,a,2025-02-24 19:38:11.667440
case_601,a,2025-02-24 19:43:11.667440
case_601,c,2025-02-24 19:48:11.667440
case_601,b,2025-02-24 19:53:11.667440
case_601,a,2025-02-24 19:58:11.667440
case_601,b,2025-02-24 20:03:11.667440
case_601,c,2025-02-24 20:08:11.667440
case_601,a,2025-02-24 20:13:11.667440
case_601,a,2025-02-24 20:18:11.667440
case_601,a,2025-02-24 20:23:11.667440
case_601,c,2025-02-24 20:28:11.667440
case_601,c,2025-02-24 20:33:11.667440
case_601,c,2025-02-24 20:38:11.667440
case_601,c,2025-02-24 20:43:11.667440
case_601,a,2025-02-24 20:48:11.667440
case_601,c,2025-02-24 20:53:11.667440
case_601,a,2025-02-24 20:58:11.667440
case_601,c,2025-02-24 21:03:11.667440
case_602,a,2025-02-24 19:28:11.667470
case_602,c,2025-02-24 19:33:11.667470
case_602,c,2025-02-24 19:38:11.667470
case_602,a,2025-02-24 19:43:11.667470
case_602,c,2025-02-24 19:48:11.667470
case_602,a,2025-02-24 19:53:11.667470
case_602,a,2025-02-24 19:58:11.667470
case_602,b,2025-02-24 20:03:11.667470
case_602,c,2025-02-24 20:08:11.667470
case_602,a,2025-02-24 20:13:11.667470
case_602,b,2025-02-24 20:18:11.667470
case_602,c,2025-02-24 20:23:11.667470
case_602,b,2025-02-24 20:28:11.667470
case_602,c,2025-02-24 20:33:11.667470
case_602,c,2025-02-24 20:38:11.667470
case_602,a,2025-02-24 20:43:11.667470
case_602,b,2025-02-24 20:48:11.667470
case_602,a,2025-02-24 20:53:11.667470
case_602,c,2025-02-24 20:58:11.667470
case_602,c,2025-02-24 21:03:11.667470
case_603,c,2025-02-24 19:28:11.667500
case_603,c,2025-02-24 19:33:11.667500
case_603,a,2025-02-24 19:38:11.667500
case_603,a,2025-02-24 19:43:11.667500
case_603,b,2025-02-24 19:48:11.667500
case_603,a,2025-02-24 19:53:11.667500
case_603,a,2025-02-24 19:58:11.667500
case_603,a,2025-02-24 20:03:11.667500
case_603,b,2025-02-24 20:08:11.667500
case_603,a,2025-02-24 20:13:11.667500
case_603,c,2025-02-24 20:18:11.667500
case_603,a,2025-02-24 20:23:11.667500
case_603,a,2025-02-24 20:28:11.667500
case_603,a,2025-02-24 20:33:11.667500
case_603,b,2025-02-24 20:38:11.667500
case_603,c,2025-02-24 20:43:11.667500
case_603,c,2025-02-24 20:48:11.667500
case_603,a,2025-02-24 20:53:11.667500
case_603,a,2025-02-24 20:58:11.667500
case_603,c,2025-02-24 21:03:11.667500
case_604,a,2025-02-24 19:28:11.667530
case_604,c,2025-02-24 19:33:11.667530
case_604,c,2025-02-24 19:38:11.667530
case_604,a,2025-02-24 19:43:11.667530
case_604,a,2025-02-24 19:48:11.667530
case_604,b,2025-02-24 19:53:11.667530
case_604,a,2025-02-24 19:58:11.667530
case_604,a,2025-02-24 20:03:11.667530
case_604,a,2025-02-24 20:08:11.667530
case_604,c,2025-02-24 20:13:11.667530
case_604,a,2025-02-24 20:18:11.667530
case_604,c,2025-02-24 20:23:11.667530
case_604,a,2025-02-24 20:28:11.667530
case_604,b,2025-02-24 20:33:11.667530
case_604,a,2025-02-24 20:38:11.667530
case_604,b,2025-02-24 20:43:11.667530
case_604,a,2025-02-24 20:48:11.667530
case_604,a,2025-02-24 20:53:11.667530
case_604,a,2025-02-24 20:58:11.667530
case_604,a,2025-02-24 21:03:11.667530
case_605,a,2025-02-24 19:28:11.667560
case_605,a,2025-02-24 19:33:11.667560
case_605,a,2025-02-24 19:38:11.667560
case_605,b,2025-02-24 19:43:11.667560
case_605,c,2025-02-24 19:48:11.667560
case_605,b,2025-02-24 19:53:11.667560
case_605,a,2025-02-24 19:58:11.667560
case_605,b,2025-02-24 20:03:11.667560
case_605,c,2025-02-24 20:08:11.667560
case_605,a,2025-02-24 20:13:11.667560
case_605,b,2025-02-24 20:18:11.667560
case_605,a,2025-02-24 20:23:11.667560
case_605,b,2025-02-24 20:28:11.667560
case_605,c,2025-02-24 20:33:11.667560
case_605,b,2025-02-24 20:38:11.667560
case_605,c,2025-02-24 20:43:11.667560
case_605,c,2025-02-24 20:48:11.667560
case_605,a,2025-02-24 20:53:11.667560
case_605,a,2025-02-24 20:58:11.667560
case_605,c,2025-02-24 21:03:11.667560
case_606,c,2025-02-24 19:28:11.667590
case_606,c,2025-02-24 19:33:11.667590
case_606,c,2025-02-24 19:38:11.667590
case_606,b,2025-02-24 19:43:11.667590
case_606,a,2025-02-24 19:48:11.667590
case_606,a,2025-02-24 19:53:11.667590
case_606,c,2025-02-24 19:58:11.667590
case_606,c,2025-02-24 20:03:11.667590
case_606,b,2025-02-24 20:08:11.667590
case_606,a,2025-02-24 20:13:11.667590
case_606,c,2025-02-24 20:18:11.667590
case_606,b,2025-02-24 20:23:11.667590
case_606,a,2025-02-24 20:28:11.667590
case_606,a,2025-02-24 20:33:11.667590
case_606,a,2025-02-24 20:38:11.667590
case_606,a,2025-02-24 20:43:11.667590
case_606,a,2025-02-24 20:48:11.667590
case_606,c,2025-02-24 20:53:11.667590
case_606,c,2025-02-24 20:58:11.667590
case_606,c,2025-02-24 21:03:11.667590
case_607,c,2025-02-24 19:28:11.667620
case_607,c,2025-02-24 19:33:11.667620
case_607,c,2025-02-24 19:38:11.667620
case_607,a,2025-02-24 19:43:11.667620
case_607,a,2025-02-24 19:48:11.667620
case_607,b,2025-02-24 19:53:11.667620
case_607,c,2025-02-24 19:58:11.667620
case_607,c,2025-02-24 20:03:11.667620
case_607,c,2025-02-24 20:08:11.667620
case_607,b,2025-02-24 20:13:11.667620
case_607,c,2025-02-24 20:18:11.667620
case_607,b,2025-02-24 20:23:11.667620
case_607,a,2025-02-24 20:28:11.667620
case_607,a,2025-02-24 20:33:11.667620
case_607,c,2025-02-24 20:38:11.667620
case_607,a,2025-02-24 20:43:11.667620
case_607,c,2025-02-24 20:48:11.667620
case_607,b,2025-02-24 20:53:11.667620
case_607,c,2025-02-24 20:58:11.667620
case_607,c,2025-02-24 21:03:11.667620
case_608,a,2025-02-24 19:28:11.667651
case_608,b,2025-02-24 19:33:11.667651
case_608,c,2025-02-24 19:38:11.667651
case_608,b,2025-02-24 19:43:11.667651
case_608,a,2025-02-24 19:48:11.667651
case_608,a,2025-02-24 19:53:11.667651
case_608,c,2025-02-24 19:58:11.667651
case_608,c,2025-02-24 20:03:11.667651
case_608,b,2025-02-24 20:08:11.667651
case_608,a,2025-02-24 20:13:11.667651
case_608,c,2025-02-24 20:18:11.667651
case_608,a,2025-02-24 20:23:11.667651
case_608,b,2025-02-24 20:28:11.667651
case_608,c,2025-02-24 20:33:11.667651
case_608,c,2025-02-24 20:38:11.667651
case_608,a,2025-02-24 20:43:11.667651
case_608,a,2025-02-24 20:48:11.667651
case_608,b,2025-02-24 20:53:11.667651
case_608,c,2025-02-24 20:58:11.667651
case_608,c,2025-02-24 21:03:11.667651
case_609,a,2025-02-24 19:28:11.667681
case_609,c,2025-02-24 19:33:11.667681
case_609,b,2025-02-24 19:38:11.667681
case_609,c,2025-02-24 19:43:11.667681
case_609,b,2025-02-24 19:48:11.667681
case_609,c,2025-02-24 19:53:11.667681
case_609,a,2025-02-24 19:58:11.667681
case_609,b,2025-02-24 20:03:11.667681
case_609,c,2025-02-24 20:08:11.667681
case_609,b,2025-02-24 20:13:11.667681
case_609,a,2025-02-24 20:18:11.667681
case_609,c,2025-02-24 20:23:11.667681
case_609,b,2025-02-24 20:28:11.667681
case_609,a,2025-02-24 20:33:11.667681
case_609,b,2025-02-24 20:38:11.667681
case_609,c,2025-02-24 20:43:11.667681
case_609,b,2025-02-24 20:48:11.667681
case_609,c,2025-02-24 20:53:11.667681
case_609,a,2025-02-24 20:58:11.667681
case_609,a,2025-02-24 21:03:11.667681
case_610,c,2025-02-24 19:28:11.667711
case_610,b,2025-02-24 19:33:11.667711
case_610,c,2025-02-24 19:38:11.667711
case_610,b,2025-02-24 19:43:11.667711
case_610,a,2025-02-24 19:48:11.667711
case_610,b,2025-02-24 19:53:11.667711
case_610,c,2025-02-24 19:58:11.667711
case_610,a,2025-02-24 20:03:11.667711
case_610,a,2025-02-24 20:08:11.667711
case_610,c,2025-02-24 20:13:11.667711
case_610,b,2025-02-24 20:18:11.667711
case_610,c,2025-02-24 20:23:11.667711
case_610,c,2025-02-24 20:28:11.667711
case_610,c,2025-02-24 20:33:11.667711
case_610,b,2025-02-24 20:38:11.667711
case_610,a,2025-02-24 20:43:11.667711
case_610,b,2025-02-24 20:48:11.667711
case_610,a,2025-02-24 20:53:11.667711
case_610,c,2025-02-24 20:58:11.667711
case_610,a,2025-02-24 21:03:11.667711
case_611,c,2025-02-24 19:28:11.667740
case_611,a,2025-02-24 19:33:11.667740
case_611,c,2025-02-24 19:38:11.667740
case_611,a,2025-02-24 19:43:11.667740
case_611,b,2025-02-24 19:48:11.667740
case_611,a,2025-02-24 19:53:11.667740
case_611,b,2025-02-24 19:58:11.667740
case_611,a,2025-02-24 20:03:11.667740
case_611,b,2025-02-24 20:08:11.667740
case_611,c,2025-02-24 20:13:11.667740
case_611,c,2025-02-24 20:18:11.667740
case_611,b,2025-02-24 20:23:11.667740
case_611,a,2025-02-24 20:28:11.667740
case_611,b,2025-02-24 20:33:11.667740
case_611,c,2025-02-24 20:38:11.667740
case_611,b,2025-02-24 20:43:11.667740
case_611,c,2025-02-24 20:48:11.667740
case_611,b,2025-02-24 20:53:11.667740
case_611,c,2025-02-24 20:58:11.667740
case_611,c,2025-02-24 21:03:11.667740
case_612,a,2025-02-24 19:28:11.667770
case_612,b,2025-02-24 19:33:11.667770
case_612,c,2025-02-24 19:38:11.667770
case_612,c,2025-02-24 19:43:11.667770
case_612,a,2025-02-24 19:48:11.667770
case_612,c,2025-02-24 19:53:11.667770
case_612,c,2025-02-24 19:58:11.667770
case_612,b,2025-02-24 20:03:11.667770
case_612,a,2025-02-24 20:08:11.667770
case_612,a,2025-02-24 20:13:11.667770
case_612,c,2025-02-24 20:18:11.667770
case_612,c,2025-02-24 20:23:11.667770
case_612,b,2025-02-24 20:28:11.667770
case_612,a,2025-02-24 20:33:11.667770
case_612,a,2025-02-24 20:38:11.667770
case_612,c,2025-02-24 20:43:11.667770
case_612,a,2025-02-24 20:48:11.667770
case_612,c,2025-02-24 20:53:11.667770
case_612,c,2025-02-24 20:58:11.667770
case_612,a,2025-02-24 21:03:11.667770
case_613,c,2025-02-24 19:28:11.667801
case_613,a,2025-02-24 19:33:11.667801
case_613,a,2025-02-24 19:38:11.667801
case_613,c,2025-02-24 19:43:11.667801
case_613,a,2025-02-24 19:48:11.667801
case_613,b,2025-02-24 19:53:11.667801
case_613,c,2025-02-24 19:58:11.667801
case_613,a,2025-02-24 20:03:11.667801
case_613,b,2025-02-24 20:08:11.667801
case_613,a,2025-02-24 20:13:11.667801
case_613,b,2025-02-24 20:18:11.667801
case_613,c,2025-02-24 20:23:11.667801
case_613,b,2025-02-24 20:28:11.667801
case_613,c,2025-02-24 20:33:11.667801
case_613,b,2025-02-24 20:38:11.667801
case_613,a,2025-02-24 20:43:11.667801
case_613,b,2025-02-24 20:48:11.667801
case_613,a,2025-02-24 20:53:11.667801
case_613,b,2025-02-24 20:58:11.667801
case_613,c,2025-02-24 21:03:11.667801
case_614,c,2025-02-24 19:28:11.667830
case_614,c,2025-02-24 19:33:11.667830
case_614,c,2025-02-24 19:38:11.667830
case_614,c,2025-02-24 19:43:11.667830
case_614,c,2025-02-24 19:48:11.667830
case_614,a,2025-02-24 19:53:11.667830
case_614,c,2025-02-24 19:58:11.667830
case_614,b,2025-02-24 20:03:11.667830
case_614,c,2025-02-24 20:08:11.667830
case_614,b,2025-02-24 20:13:11.667830
case_614,a,2025-02-24 20:18:11.667830
case_614,a,2025-02-24 20:23:11.667830
case_614,b,2025-02-24 20:28:11.667830
case_614,c,2025-02-24 20:33:11.667830
case_614,a,2025-02-24 20:38:11.667830
case_614,b,2025-02-24 20:43:11.667830
case_614,a,2025-02-24 20:48:11.667830
case_614,b,2025-02-24 20:53:11.667830
case_614,a,2025-02-24 20:58:11.667830
case_614,c,2025-02-24 21:03:11.667830
case_615,c,2025-02-24 19:28:11.667860
case_615,b,2025-02-24 19:33:11.667860
case_615,c,2025-02-24 19:38:11.667860
case_615,a,2025-02-24 19:43:11.667860
case_615,c,2025-02-24 19:48:11.667860
case_615,b,2025-02-24 19:53:11.667860
case_615,a,2025-02-24 19:58:11.667860
case_615,c,2025-02-24 20:03:11.667860
case_615,b,2025-02-24 20:08:11.667860
case_615,c,2025-02-24 20:13:11.667860
case_615,a,2025-02-24 20:18:11.667860
case_615,a,2025-02-24 20:23:11.667860
case_615,b,2025-02-24 20:28:11.667860
case_615,c,2025-02-24 20:33:11.667860
case_615,a,2025-02-24 20:38:11.667860
case_615,a,2025-02-24 20:43:11.667860
case_615,c,2025-02-24 20:48:11.667860
case_615,c,2025-02-24 20:53:11.667860
case_615,c,2025-02-24 20:58:11.667860
case_615,c,2025-02-24 21:03:11.667860
case_616,c,2025-02-24 19:28:11.667890
case_616,b,2025-02-24 19:33:11.667890
case_616,a,2025-02-24 19:38:11.667890
case_616,b,2025-02-24 19:43:11.667890
case_616,c,2025-02-24 19:48:11.667890
case_616,a,2025-02-24 19:53:11.667890
case_616,c,2025-02-24 19:58:11.667890
case_616,a,2025-02-24 20:03:11.667890
case_616,c,2025-02-24 20:08:11.667890
case_616,c,2025-02-24 20:13:11.667890
case_616,b,2025-02-24 20:18:11.667890
case_616,c,2025-02-24 20:23:11.667890
case_616,c,2025-02-24 20:28:11.667890
case_616,c,2025-02-24 20:33:11.667890
case_616,a,2025-02-24 20:38:11.667890
case_616,b,2025-02-24 20:43:11.667890
case_616,a,2025-02-24 20:48:11.667890
case_616,b,2025-02-24 20:53:11.667890
case_616,a,2025-02-24 20:58:11.667890
case_616,c,2025-02-24 21:03:11.667890
case_617,c,2025-02-24 19:28:11.667920
case_617,c,2025-02-24 19:33:11.667920
case_617,b,2025-02-24 19:38:11.667920
case_617,c,2025-02-24 19:43:11.667920
case_617,b,2025-02-24 19:48:11.667920
case_617,a,2025-02-24 19:53:11.667920
case_617,a,2025-02-24 19:58:11.667920
case_617,c,2025-02-24 20:03:11.667920
case_617,b,2025-02-24 20:08:11.667920
case_617,c,2025-02-24 20:13:11.667920
case_617,a,2025-02-24 20:18:11.667920
case_617,c,2025-02-24 20:23:11.667920
case_617,c,2025-02-24 20:28:11.667920
case_617,c,2025-02-24 20:33:11.667920
case_617,a,2025-02-24 20:38:11.667920
case_617,b,2025-02-24 20:43:11.667920
case_617,c,2025-02-24 20:48:11.667920
case_617,a,2025-02-24 20:53:11.667920
case_617,a,2025-02-24 20:58:11.667920
case_617,a,2025-02-24 21:03:11.667920
case_618,a,2025-02-24 19:28:11.667950
case_618,b,2025-02-24 19:33:11.667950
case_618,a,2025-02-24 19:38:11.667950
case_618,c,2025-02-24 19:43:11.667950
case_618,b,2025-02-24 19:48:11.667950
case_618,a,2025-02-24 19:53:11.667950
case_618,a,2025-02-24 19:58:11.667950
case_618,c,2025-02-24 20:03:11.667950
case_618,a,2025-02-24 20:08:11.667950
case_618,b,2025-02-24 20:13:11.667950
case_618,c,2025-02-24 20:18:11.667950
case_618,a,2025-02-24 20:23:11.667950
case_618,c,2025-02-24 20:28:11.667950
case_618,b,2025-02-24 20:33:11.667950
case_618,c,2025-02-24 20:38:11.667950
case_618,b,2025-02-24 20:43:11.667950
case_618,c,2025-02-24 20:48:11.667950
case_618,c,2025-02-24 20:53:11.667950
case_618,c,2025-02-24 20:58:11.667950
case_618,a,2025-02-24 21:03:11.667950
case_619,a,2025-02-24 19:28:11.667980
case_619,c,2025-02-24 19:33:11.667980
case_619,a,2025-02-24 19:38:11.667980
case_619,b,2025-02-24 19:43:11.667980
case_619,c,2025-02-24 19:48:11.667980
case_619,c,2025-02-24 19:53:11.667980
case_619,b,2025-02-24 19:58:11.667980
case_619,a,2025-02-24 20:03:11.667980
case_619,c,2025-02-24 20:08:11.667980
case_619,b,2025-02-24 20:13:11.667980
case_619,a,2025-02-24 20:18:11.667980
case_619,a,2025-02-24 20:23:11.667980
case_619,c,2025-02-24 20:28:11.667980
case_619,a,2025-02-24 20:33:11.667980
case_619,a,2025-02-24 20:38:11.667980
case_619,c,2025-02-24 20:43:11.667980
case_619,c,2025-02-24 20:48:11.667980
case_619,c,2025-02-24 20:53:11.667980
case_619,c,2025-02-24 20:58:11.667980
case_619,a,2025-02-24 21:03:11.667980
case_620,c,2025-02-24 19:28:11.668010
case_620,c,2025-02-24 19:33:11.668010
case_620,b,2025-02-24 19:38:11.668010
case_620,a,2025-02-24 19:43:11.668010
case_620,b,2025-02-24 19:48:11.668010
case_620,c,2025-02-24 19:53:11.668010
case_620,b,2025-02-24 19:58:11.668010
case_620,a,2025-02-24 20:03:11.668010
case_620,b,2025-02-24 20:08:11.668010
case_620,c,2025-02-24 20:13:11.668010
case_620,c,2025-02-24 20:18:11.668010
case_620,b,2025-02-24 20:23:11.668010
case_620,c,2025-02-24 20:28:11.668010
case_620,c,2025-02-24 20:33:11.668010
case_620,c,2025-02-24 20:38:11.668010
case_620,b,2025-02-24 20:43:11.668010
case_620,c,2025-02-24 20:48:11.668010
case_620,c,2025-02-24 20:53:11.668010
case_620,b,2025-02-24 20:58:11.668010
case_620,a,2025-02-24 21:03:11.668010
case_621,c,2025-02-24 19:28:11.668040
case_621,b,2025-02-24 19:33:11.668040
case_621,a,2025-02-24 19:38:11.668040
case_621,b,2025-02-24 19:43:11.668040
case_621,c,2025-02-24 19:48:11.668040
case_621,a,2025-02-24 19:53:11.668040
case_621,a,2025-02-24 19:58:11.668040
case_621,c,2025-02-24 20:03:11.668040
case_621,b,2025-02-24 20:08:11.668040
case_621,a,2025-02-24 20:13:11.668040
case_621,b,2025-02-24 20:18:11.668040
case_621,a,2025-02-24 20:23:11.668040
case_621,a,2025-02-24 20:28:11.668040
case_621,a,2025-02-24 20:33:11.668040
case_621,b,2025-02-24 20:38:11.668040
case_621,a,2025-02-24 20:43:11.668040
case_621,b,2025-02-24 20:48:11.668040
case_621,c,2025-02-24 20:53:11.668040
case_621,b,2025-02-24 20:58:11.668040
case_621,c,2025-02-24 21:03:11.668040
case_622,c,2025-02-24 19:28:11.668070
case_622,c,2025-02-24 19:33:11.668070
case_622,c,2025-02-24 19:38:11.668070
case_622,a,2025-02-24 19:43:11.668070
case_622,b,2025-02-24 19:48:11.668070
case_622,a,2025-02-24 19:53:11.668070
case_622,b,2025-02-24 19:58:11.668070
case_622,a,2025-02-24 20:03:11.668070
case_622,c,2025-02-24 20:08:11.668070
case_622,a,2025-02-24 20:13:11.668070
case_622,b,2025-02-24 20:18:11.668070
case_622,c,2025-02-24 20:23:11.668070
case_622,b,2025-02-24 20:28:11.668070
case_622,a,2025-02-24 20:33:11.668070
case_622,b,2025-02-24 20:38:11.668070
case_622,c,2025-02-24 20:43:11.668070
case_622,c,2025-02-24 20:48:11.668070
case_622,a,2025-02-24 20:53:11.668070
case_622,a,2025-02-24 20:58:11.668070
case_622,a,2025-02-24 21:03:11.668070
case_623,c,2025-02-24 19:28:11.668101
case_623,b,2025-02-24 19:33:11.668101
case_623,c,2025-02-24 19:38:11.668101
case_623,c,2025-02-24 19:43:11.668101
case_623,a,2025-02-24 19:48:11.668101
case_623,a,2025-02-24 19:53:11.668101
case_623,a,2025-02-24 19:58:11.668101
case_623,a,2025-02-24 20:03:11.668101
case_623,b,2025-02-24 20:08:11.668101
case_623,a,2025-02-24 20:13:11.668101
case_623,c,2025-02-24 20:18:11.668101
case_623,a,2025-02-24 20:23:11.668101
case_623,c,2025-02-24 20:28:11.668101
case_623,b,2025-02-24 20:33:11.668101
case_623,a,2025-02-24 20:38:11.668101
case_623,c,2025-02-24 20:43:11.668101
case_623,a,2025-02-24 20:48:11.668101
case_623,c,2025-02-24 20:53:11.668101
case_623,c,2025-02-24 20:58:11.668101
case_623,a,2025-02-24 21:03:11.668101
case_624,a,2025-02-24 19:28:11.668131
case_624,c,2025-02-24 19:33:11.668131
case_624,b,2025-02-24 19:38:11.668131
case_624,a,2025-02-24 19:43:11.668131
case_624,a,2025-02-24 19:48:11.668131
case_624,b,2025-02-24 19:53:11.668131
case_624,a,2025-02-24 19:58:11.668131
case_624,a,2025-02-24 20:03:11.668131
case_624,b,2025-02-24 20:08:11.668131
case_624,c,2025-02-24 20:13:11.668131
case_624,a,2025-02-24 20:18:11.668131
case_624,b,2025-02-24 20:23:11.668131
case_624,c,2025-02-24 20:28:11.668131
case_624,c,2025-02-24 20:33:11.668131
case_624,b,2025-02-24 20:38:11.668131
case_624,a,2025-02-24 20:43:11.668131
case_624,b,2025-02-24 20:48:11.668131
case_624,a,2025-02-24 20:53:11.668131
case_624,a,2025-02-24 20:58:11.668131
case_624,a,2025-02-24 21:03:11.668131
case_625,a,2025-02-24 19:28:11.668161
case_625,a,2025-02-24 19:33:11.668161
case_625,c,2025-02-24 19:38:11.668161
case_625,c,2025-02-24 19:43:11.668161
case_625,b,2025-02-24 19:48:11.668161
case_625,c,2025-02-24 19:53:11.668161
case_625,b,2025-02-24 19:58:11.668161
case_625,c,2025-02-24 20:03:11.668161
case_625,b,2025-02-24 20:08:11.668161
case_625,c,2025-02-24 20:13:11.668161
case_625,a,2025-02-24 20:18:11.668161
case_625,c,2025-02-24 20:23:11.668161
case_625,c,2025-02-24 20:28:11.668161
case_625,b,2025-02-24 20:33:11.668161
case_625,a,2025-02-24 20:38:11.668161
case_625,a,2025-02-24 20:43:11.668161
case_625,a,2025-02-24 20:48:11.668161
case_625,b,2025-02-24 20:53:11.668161
case_625,c,2025-02-24 20:58:11.668161
case_625,a,2025-02-24 21:03:11.668161
case_626,c,2025-02-24 19:28:11.668191
case_626,a,2025-02-24 19:33:11.668191
case_626,c,2025-02-24 19:38:11.668191
case_626,c,2025-02-24 19:43:11.668191
case_626,a,2025-02-24 19:48:11.668191
case_626,c,2025-02-24 19:53:11.668191
case_626,c,2025-02-24 19:58:11.668191
case_626,c,2025-02-24 20:03:11.668191
case_626,c,2025-02-24 20:08:11.668191
case_626,c,2025-02-24 20:13:11.668191
case_626,a,2025-02-24 20:18:11.668191
case_626,c,2025-02-24 20:23:11.668191
case_626,b,2025-02-24 20:28:11.668191
case_626,c,2025-02-24 20:33:11.668191
case_626,a,2025-02-24 20:38:11.668191
case_626,a,2025-02-24 20:43:11.668191
case_626,a,2025-02-24 20:48:11.668191
case_626,c,2025-02-24 20:53:11.668191
case_626,c,2025-02-24 20:58:11.668191
case_626,c,2025-02-24 21:03:11.668191
case_627,a,2025-02-24 19:28:11.668221
case_627,a,2025-02-24 19:33:11.668221
case_627,a,2025-02-24 19:38:11.668221
case_627,b,2025-02-24 19:43:11.668221
case_627,a,2025-02-24 19:48:11.668221
case_627,c,2025-02-24 19:53:11.668221
case_627,c,2025-02-24 19:58:11.668221
case_627,c,2025-02-24 20:03:11.668221
case_627,a,2025-02-24 20:08:11.668221
case_627,b,2025-02-24 20:13:11.668221
case_627,a,2025-02-24 20:18:11.668221
case_627,a,2025-02-24 20:23:11.668221
case_627,b,2025-02-24 20:28:11.668221
case_627,a,2025-02-24 20:33:11.668221
case_627,c,2025-02-24 20:38:11.668221
case_627,c,2025-02-24 20:43:11.668221
case_627,a,2025-02-24 20:48:11.668221
case_627,b,2025-02-24 20:53:11.668221
case_627,a,2025-02-24 20:58:11.668221
case_627,a,2025-02-24 21:03:11.668221
case_628,a,2025-02-24 19:28:11.668251
case_628,a,2025-02-24 19:33:11.668251
case_628,b,2025-02-24 19:38:11.668251
case_628,c,2025-02-24 19:43:11.668251
case_628,c,2025-02-24 19:48:11.668251
case_628,a,2025-02-24 19:53:11.668251
case_628,c,2025-02-24 19:58:11.668251
case_628,a,2025-02-24 20:03:11.668251
case_628,c,2025-02-24 20:08:11.668251
case_628,c,2025-02-24 20:13:11.668251
case_628,b,2025-02-24 20:18:11.668251
case_628,c,2025-02-24 20:23:11.668251
case_628,a,2025-02-24 20:28:11.668251
case_628,b,2025-02-24 20:33:11.668251
case_628,c,2025-02-24 20:38:11.668251
case_628,c,2025-02-24 20:43:11.668251
case_628,a,2025-02-24 20:48:11.668251
case_628,c,2025-02-24 20:53:11.668251
case_628,c,2025-02-24 20:58:11.668251
case_628,a,2025-02-24 21:03:11.668251
case_629,a,2025-02-24 19:28:11.668282
case_629,b,2025-02-24 19:33:11.668282
case_629,c,2025-02-24 19:38:11.668282
case_629,b,2025-02-24 19:43:11.668282
case_629,a,2025-02-24 19:48:11.668282
case_629,a,2025-02-24 19:53:11.668282
case_629,a,2025-02-24 19:58:11.668282
case_629,c,2025-02-24 20:03:11.668282
case_629,a,2025-02-24 20:08:11.668282
case_629,b,2025-02-24 20:13:11.668282
case_629,c,2025-02-24 20:18:11.668282
case_629,c,2025-02-24 20:23:11.668282
case_629,a,2025-02-24 20:28:11.668282
case_629,b,2025-02-24 20:33:11.668282
case_629,a,2025-02-24 20:38:11.668282
case_629,b,2025-02-24 20:43:11.668282
case_629,c,2025-02-24 20:48:11.668282
case_629,c,2025-02-24 20:53:11.668282
case_629,b,2025-02-24 20:58:11.668282
case_629,a,2025-02-24 21:03:11.668282
case_630,c,2025-02-24 19:28:11.668311
case_630,b,2025-02-24 19:33:11.668311
case_630,c,2025-02-24 19:38:11.668311
case_630,b,2025-02-24 19:43:11.668311
case_630,c,2025-02-24 19:48:11.668311
case_630,a,2025-02-24 19:53:11.668311
case_630,b,2025-02-24 19:58:11.668311
case_630,a,2025-02-24 20:03:11.668311
case_630,c,2025-02-24 20:08:11.668311
case_630,a,2025-02-24 20:13:11.668311
case_630,c,2025-02-24 20:18:11.668311
case_630,a,2025-02-24 20:23:11.668311
case_630,c,2025-02-24 20:28:11.668311
case_630,a,2025-02-24 20:33:11.668311
case_630,b,2025-02-24 20:38:11.668311
case_630,c,2025-02-24 20:43:11.668311
case_630,c,2025-02-24 20:48:11.668311
case_630,b,2025-02-24 20:53:11.668311
case_630,a,2025-02-24 20:58:11.668311
case_630,c,2025-02-24 21:03:11.668311
case_631,a,2025-02-24 19:28:11.668343
case_631,a,2025-02-24 19:33:11.668343
case_631,c,2025-02-24 19:38:11.668343
case_631,b,2025-02-24 19:43:11.668343
case_631,a,2025-02-24 19:48:11.668343
case_631,c,2025-02-24 19:53:11.668343
case_631,c,2025-02-24 19:58:11.668343
case_631,c,2025-02-24 20:03:11.668343
case_631,c,2025-02-24 20:08:11.668343
case_631,c,2025-02-24 20:13:11.668343
case_631,a,2025-02-24 20:18:11.668343
case_631,c,2025-02-24 20:23:11.668343
case_631,a,2025-02-24 20:28:11.668343
case_631,c,2025-02-24 20:33:11.668343
case_631,a,2025-02-24 20:38:11.668343
case_631,b,2025-02-24 20:43:11.668343
case_631,a,2025-02-24 20:48:11.668343
case_631,a,2025-02-24 20:53:11.668343
case_631,b,2025-02-24 20:58:11.668343
case_631,a,2025-02-24 21:03:11.668343
case_632,a,2025-02-24 19:28:11.668372
case_632,c,2025-02-24 19:33:11.668372
case_632,b,2025-02-24 19:38:11.668372
case_632,c,2025-02-24 19:43:11.668372
case_632,b,2025-02-24 19:48:11.668372
case_632,c,2025-02-24 19:53:11.668372
case_632,c,2025-02-24 19:58:11.668372
case_632,a,2025-02-24 20:03:11.668372
case_632,a,2025-02-24 20:08:11.668372
case_632,b,2025-02-24 20:13:11.668372
case_632,c,2025-02-24 20:18:11.668372
case_632,b,2025-02-24 20:23:11.668372
case_632,a,2025-02-24 20:28:11.668372
case_632,c,2025-02-24 20:33:11.668372
case_632,a,2025-02-24 20:38:11.668372
case_632,b,2025-02-24 20:43:11.668372
case_632,a,2025-02-24 20:48:11.668372
case_632,c,2025-02-24 20:53:11.668372
case_632,b,2025-02-24 20:58:11.668372
case_632,a,2025-02-24 21:03:11.668372
case_633,a,2025-02-24 19:28:11.668402
case_633,b,2025-02-24 19:33:11.668402
case_633,a,2025-02-24 19:38:11.668402
case_633,a,2025-02-24 19:43:11.668402
case_633,b,2025-02-24 19:48:11.668402
case_633,c,2025-02-24 19:53:11.668402
case_633,c,2025-02-24 19:58:11.668402
case_633,a,2025-02-24 20:03:11.668402
case_633,c,2025-02-24 20:08:11.668402
case_633,a,2025-02-24 20:13:11.668402
case_633,b,2025-02-24 20:18:11.668402
case_633,c,2025-02-24 20:23:11.668402
case_633,a,2025-02-24 20:28:11.668402
case_633,a,2025-02-24 20:33:11.668402
case_633,c,2025-02-24 20:38:11.668402
case_633,c,2025-02-24 20:43:11.668402
case_633,c,2025-02-24 20:48:11.668402
case_633,c,2025-02-24 20:53:11.668402
case_633,b,2025-02-24 20:58:11.668402
case_633,a,2025-02-24 21:03:11.668402
case_634,c,2025-02-24 19:28:11.668432
case_634,a,2025-02-24 19:33:11.668432
case_634,c,2025-02-24 19:38:11.668432
case_634,c,2025-02-24 19:43:11.668432
case_634,c,2025-02-24 19:48:11.668432
case_634,a,2025-02-24 19:53:11.668432
case_634,b,2025-02-24 19:58:11.668432
case_634,c,2025-02-24 20:03:11.668432
case_634,c,2025-02-24 20:08:11.668432
case_634,c,2025-02-24 20:13:11.668432
case_634,b,2025-02-24 20:18:11.668432
case_634,c,2025-02-24 20:23:11.668432
case_634,c,2025-02-24 20:28:11.668432
case_634,c,2025-02-24 20:33:11.668432
case_634,b,2025-02-24 20:38:11.668432
case_634,a,2025-02-24 20:43:11.668432
case_634,a,2025-02-24 20:48:11.668432
case_634,b,2025-02-24 20:53:11.668432
case_634,a,2025-02-24 20:58:11.668432
case_634,c,2025-02-24 21:03:11.668432
case_635,a,2025-02-24 19:28:11.668461
case_635,b,2025-02-24 19:33:11.668461
case_635,c,2025-02-24 19:38:11.668461
case_635,a,2025-02-24 19:43:11.668461
case_635,c,2025-02-24 19:48:11.668461
case_635,c,2025-02-24 19:53:11.668461
case_635,c,2025-02-24 19:58:11.668461
case_635,b,2025-02-24 20:03:11.668461
case_635,a,2025-02-24 20:08:11.668461
case_635,b,2025-02-24 20:13:11.668461
case_635,a,2025-02-24 20:18:11.668461
case_635,b,2025-02-24 20:23:11.668461
case_635,a,2025-02-24 20:28:11.668461
case_635,c,2025-02-24 20:33:11.668461
case_635,b,2025-02-24 20:38:11.668461
case_635,c,2025-02-24 20:43:11.668461
case_635,a,2025-02-24 20:48:11.668461
case_635,c,2025-02-24 20:53:11.668461
case_635,c,2025-02-24 20:58:11.668461
case_635,a,2025-02-24 21:03:11.668461
case_636,c,2025-02-24 19:28:11.668491
case_636,c,2025-02-24 19:33:11.668491
case_636,c,2025-02-24 19:38:11.668491
case_636,b,2025-02-24 19:43:11.668491
case_636,a,2025-02-24 19:48:11.668491
case_636,b,2025-02-24 19:53:11.668491
case_636,a,2025-02-24 19:58:11.668491
case_636,c,2025-02-24 20:03:11.668491
case_636,c,2025-02-24 20:08:11.668491
case_636,b,2025-02-24 20:13:11.668491
case_636,c,2025-02-24 20:18:11.668491
case_636,a,2025-02-24 20:23:11.668491
case_636,a,2025-02-24 20:28:11.668491
case_636,c,2025-02-24 20:33:11.668491
case_636,b,2025-02-24 20:38:11.668491
case_636,c,2025-02-24 20:43:11.668491
case_636,c,2025-02-24 20:48:11.668491
case_636,c,2025-02-24 20:53:11.668491
case_636,c,2025-02-24 20:58:11.668491
case_636,a,2025-02-24 21:03:11.668491
case_637,a,2025-02-24 19:28:11.668521
case_637,b,2025-02-24 19:33:11.668521
case_637,a,2025-02-24 19:38:11.668521
case_637,a,2025-02-24 19:43:11.668521
case_637,b,2025-02-24 19:48:11.668521
case_637,c,2025-02-24 19:53:11.668521
case_637,b,2025-02-24 19:58:11.668521
case_637,c,2025-02-24 20:03:11.668521
case_637,c,2025-02-24 20:08:11.668521
case_637,b,2025-02-24 20:13:11.668521
case_637,c,2025-02-24 20:18:11.668521
case_637,a,2025-02-24 20:23:11.668521
case_637,b,2025-02-24 20:28:11.668521
case_637,c,2025-02-24 20:33:11.668521
case_637,a,2025-02-24 20:38:11.668521
case_637,b,2025-02-24 20:43:11.668521
case_637,c,2025-02-24 20:48:11.668521
case_637,c,2025-02-24 20:53:11.668521
case_637,c,2025-02-24 20:58:11.668521
case_637,c,2025-02-24 21:03:11.668521
case_638,a,2025-02-24 19:28:11.668551
case_638,c,2025-02-24 19:33:11.668551
case_638,a,2025-02-24 19:38:11.668551
case_638,c,2025-02-24 19:43:11.668551
case_638,a,2025-02-24 19:48:11.668551
case_638,c,2025-02-24 19:53:11.668551
case_638,b,2025-02-24 19:58:11.668551
case_638,c,2025-02-24 20:03:11.668551
case_638,b,2025-02-24 20:08:11.668551
case_638,c,2025-02-24 20:13:11.668551
case_638,a,2025-02-24 20:18:11.668551
case_638,a,2025-02-24 20:23:11.668551
case_638,c,2025-02-24 20:28:11.668551
case_638,a,2025-02-24 20:33:11.668551
case_638,b,2025-02-24 20:38:11.668551
case_638,a,2025-02-24 20:43:11.668551
case_638,b,2025-02-24 20:48:11.668551
case_638,c,2025-02-24 20:53:11.668551
case_638,c,2025-02-24 20:58:11.668551
case_638,a,2025-02-24 21:03:11.668551
case_639,a,2025-02-24 19:28:11.668580
case_639,c,2025-02-24 19:33:11.668580
case_639,c,2025-02-24 19:38:11.668580
case_639,a,2025-02-24 19:43:11.668580
case_639,a,2025-02-24 19:48:11.668580
case_639,a,2025-02-24 19:53:11.668580
case_639,a,2025-02-24 19:58:11.668580
case_639,c,2025-02-24 20:03:11.668580
case_639,b,2025-02-24 20:08:11.668580
case_639,c,2025-02-24 20:13:11.668580
case_639,a,2025-02-24 20:18:11.668580
case_639,b,2025-02-24 20:23:11.668580
case_639,a,2025-02-24 20:28:11.668580
case_639,c,2025-02-24 20:33:11.668580
case_639,c,2025-02-24 20:38:11.668580
case_639,c,2025-02-24 20:43:11.668580
case_639,c,2025-02-24 20:48:11.668580
case_639,c,2025-02-24 20:53:11.668580
case_639,a,2025-02-24 20:58:11.668580
case_639,c,2025-02-24 21:03:11.668580
case_640,c,2025-02-24 19:28:11.668609
case_640,c,2025-02-24 19:33:11.668609
case_640,c,2025-02-24 19:38:11.668609
case_640,c,2025-02-24 19:43:11.668609
case_640,a,2025-02-24 19:48:11.668609
case_640,a,2025-02-24 19:53:11.668609
case_640,a,2025-02-24 19:58:11.668609
case_640,b,2025-02-24 20:03:11.668609
case_640,c,2025-02-24 20:08:11.668609
case_640,b,2025-02-24 20:13:11.668609
case_640,a,2025-02-24 20:18:11.668609
case_640,c,2025-02-24 20:23:11.668609
case_640,a,2025-02-24 20:28:11.668609
case_640,a,2025-02-24 20:33:11.668609
case_640,c,2025-02-24 20:38:11.668609
case_640,b,2025-02-24 20:43:11.668609
case_640,c,2025-02-24 20:48:11.668609
case_640,b,2025-02-24 20:53:11.668609
case_640,c,2025-02-24 20:58:11.668609
case_640,a,2025-02-24 21:03:11.668609
case_641,a,2025-02-24 19:28:11.668638
case_641,c,2025-02-24 19:33:11.668638
case_641,b,2025-02-24 19:38:11.668638
case_641,a,2025-02-24 19:43:11.668638
case_641,a,2025-02-24 19:48:11.668638
case_641,c,2025-02-24 19:53:11.668638
case_641,a,2025-02-24 19:58:11.668638
case_641,a,2025-02-24 20:03:11.668638
case_641,c,2025-02-24 20:08:11.668638
case_641,b,2025-02-24 20:13:11.668638
case_641,c,2025-02-24 20:18:11.668638
case_641,a,2025-02-24 20:23:11.668638
case_641,b,2025-02-24 20:28:11.668638
case_641,a,2025-02-24 20:33:11.668638
case_641,a,2025-02-24 20:38:11.668638
case_641,b,2025-02-24 20:43:11.668638
case_641,a,2025-02-24 20:48:11.668638
case_641,b,2025-02-24 20:53:11.668638
case_641,a,2025-02-24 20:58:11.668638
case_641,a,2025-02-24 21:03:11.668638
case_642,a,2025-02-24 19:28:11.668668
case_642,c,2025-02-24 19:33:11.668668
case_642,c,2025-02-24 19:38:11.668668
case_642,a,2025-02-24 19:43:11.668668
case_642,c,2025-02-24 19:48:11.668668
case_642,a,2025-02-24 19:53:11.668668
case_642,b,2025-02-24 19:58:11.668668
case_642,c,2025-02-24 20:03:11.668668
case_642,c,2025-02-24 20:08:11.668668
case_642,a,2025-02-24 20:13:11.668668
case_642,b,2025-02-24 20:18:11.668668
case_642,c,2025-02-24 20:23:11.668668
case_642,b,2025-02-24 20:28:11.668668
case_642,a,2025-02-24 20:33:11.668668
case_642,b,2025-02-24 20:38:11.668668
case_642,a,2025-02-24 20:43:11.668668
case_642,c,2025-02-24 20:48:11.668668
case_642,a,2025-02-24 20:53:11.668668
case_642,a,2025-02-24 20:58:11.668668
case_642,a,2025-02-24 21:03:11.668668
case_643,c,2025-02-24 19:28:11.668698
case_643,c,2025-02-24 19:33:11.668698
case_643,c,2025-02-24 19:38:11.668698
case_643,b,2025-02-24 19:43:11.668698
case_643,a,2025-02-24 19:48:11.668698
case_643,a,2025-02-24 19:53:11.668698
case_643,a,2025-02-24 19:58:11.668698
case_643,b,2025-02-24 20:03:11.668698
case_643,c,2025-02-24 20:08:11.668698
case_643,c,2025-02-24 20:13:11.668698
case_643,b,2025-02-24 20:18:11.668698
case_643,a,2025-02-24 20:23:11.668698
case_643,a,2025-02-24 20:28:11.668698
case_643,b,2025-02-24 20:33:11.668698
case_643,c,2025-02-24 20:38:11.668698
case_643,a,2025-02-24 20:43:11.668698
case_643,a,2025-02-24 20:48:11.668698
case_643,c,2025-02-24 20:53:11.668698
case_643,b,2025-02-24 20:58:11.668698
case_643,a,2025-02-24 21:03:11.668698
case_644,c,2025-02-24 19:28:11.668727
case_644,a,2025-02-24 19:33:11.668727
case_644,a,2025-02-24 19:38:11.668727
case_644,a,2025-02-24 19:43:11.668727
case_644,b,2025-02-24 19:48:11.668727
case_644,a,2025-02-24 19:53:11.668727
case_644,b,2025-02-24 19:58:11.668727
case_644,a,2025-02-24 20:03:11.668727
case_644,b,2025-02-24 20:08:11.668727
case_644,a,2025-02-24 20:13:11.668727
case_644,a,2025-02-24 20:18:11.668727
case_644,b,2025-02-24 20:23:11.668727
case_644,c,2025-02-24 20:28:11.668727
case_644,b,2025-02-24 20:33:11.668727
case_644,a,2025-02-24 20:38:11.668727
case_644,c,2025-02-24 20:43:11.668727
case_644,b,2025-02-24 20:48:11.668727
case_644,a,2025-02-24 20:53:11.668727
case_644,b,2025-02-24 20:58:11.668727
case_644,a,2025-02-24 21:03:11.668727
case_645,a,2025-02-24 19:28:11.668757
case_645,b,2025-02-24 19:33:11.668757
case_645,a,2025-02-24 19:38:11.668757
case_645,b,2025-02-24 19:43:11.668757
case_645,a,2025-02-24 19:48:11.668757
case_645,c,2025-02-24 19:53:11.668757
case_645,a,2025-02-24 19:58:11.668757
case_645,c,2025-02-24 20:03:11.668757
case_645,b,2025-02-24 20:08:11.668757
case_645,c,2025-02-24 20:13:11.668757
case_645,c,2025-02-24 20:18:11.668757
case_645,a,2025-02-24 20:23:11.668757
case_645,b,2025-02-24 20:28:11.668757
case_645,a,2025-02-24 20:33:11.668757
case_645,c,2025-02-24 20:38:11.668757
case_645,c,2025-02-24 20:43:11.668757
case_645,b,2025-02-24 20:48:11.668757
case_645,a,2025-02-24 20:53:11.668757
case_645,c,2025-02-24 20:58:11.668757
case_645,a,2025-02-24 21:03:11.668757
case_646,a,2025-02-24 19:28:11.668786
case_646,c,2025-02-24 19:33:11.668786
case_646,a,2025-02-24 19:38:11.668786
case_646,a,2025-02-24 19:43:11.668786
case_646,b,2025-02-24 19:48:11.668786
case_646,a,2025-02-24 19:53:11.668786
case_646,c,2025-02-24 19:58:11.668786
case_646,a,2025-02-24 20:03:11.668786
case_646,a,2025-02-24 20:08:11.668786
case_646,a,2025-02-24 20:13:11.668786
case_646,c,2025-02-24 20:18:11.668786
case_646,c,2025-02-24 20:23:11.668786
case_646,a,2025-02-24 20:28:11.668786
case_646,b,2025-02-24 20:33:11.668786
case_646,a,2025-02-24 20:38:11.668786
case_646,b,2025-02-24 20:43:11.668786
case_646,a,2025-02-24 20:48:11.668786
case_646,c,2025-02-24 20:53:11.668786
case_646,a,2025-02-24 20:58:11.668786
case_646,a,2025-02-24 21:03:11.668786
case_647,c,2025-02-24 19:28:11.668816
case_647,b,2025-02-24 19:33:11.668816
case_647,a,2025-02-24 19:38:11.668816
case_647,a,2025-02-24 19:43:11.668816
case_647,c,2025-02-24 19:48:11.668816
case_647,c,2025-02-24 19:53:11.668816
case_647,c,2025-02-24 19:58:11.668816
case_647,b,2025-02-24 20:03:11.668816
case_647,c,2025-02-24 20:08:11.668816
case_647,a,2025-02-24 20:13:11.668816
case_647,c,2025-02-24 20:18:11.668816
case_647,c,2025-02-24 20:23:11.668816
case_647,b,2025-02-24 20:28:11.668816
case_647,a,2025-02-24 20:33:11.668816
case_647,c,2025-02-24 20:38:11.668816
case_647,c,2025-02-24 20:43:11.668816
case_647,a,2025-02-24 20:48:11.668816
case_647,a,2025-02-24 20:53:11.668816
case_647,b,2025-02-24 20:58:11.668816
case_647,c,2025-02-24 21:03:11.668816
case_648,c,2025-02-24 19:28:11.668845
case_648,b,2025-02-24 19:33:11.668845
case_648,c,2025-02-24 19:38:11.668845
case_648,c,2025-02-24 19:43:11.668845
case_648,b,2025-02-24 19:48:11.668845
case_648,a,2025-02-24 19:53:11.668845
case_648,a,2025-02-24 19:58:11.668845
case_648,b,2025-02-24 20:03:11.668845
case_648,c,2025-02-24 20:08:11.668845
case_648,b,2025-02-24 20:13:11.668845
case_648,a,2025-02-24 20:18:11.668845
case_648,c,2025-02-24 20:23:11.668845
case_648,a,2025-02-24 20:28:11.668845
case_648,a,2025-02-24 20:33:11.668845
case_648,a,2025-02-24 20:38:11.668845
case_648,c,2025-02-24 20:43:11.668845
case_648,a,2025-02-24 20:48:11.668845
case_648,a,2025-02-24 20:53:11.668845
case_648,c,2025-02-24 20:58:11.668845
case_648,c,2025-02-24 21:03:11.668845
case_649,c,2025-02-24 19:28:11.668875
case_649,a,2025-02-24 19:33:11.668875
case_649,a,2025-02-24 19:38:11.668875
case_649,a,2025-02-24 19:43:11.668875
case_649,a,2025-02-24 19:48:11.668875
case_649,b,2025-02-24 19:53:11.668875
case_649,a,2025-02-24 19:58:11.668875
case_649,c,2025-02-24 20:03:11.668875
case_649,c,2025-02-24 20:08:11.668875
case_649,a,2025-02-24 20:13:11.668875
case_649,b,2025-02-24 20:18:11.668875
case_649,a,2025-02-24 20:23:11.668875
case_649,c,2025-02-24 20:28:11.668875
case_649,c,2025-02-24 20:33:11.668875
case_649,a,2025-02-24 20:38:11.668875
case_649,b,2025-02-24 20:43:11.668875
case_649,c,2025-02-24 20:48:11.668875
case_649,a,2025-02-24 20:53:11.668875
case_649,a,2025-02-24 20:58:11.668875
case_649,c,2025-02-24 21:03:11.668875
case_650,c,2025-02-24 19:28:11.668904
case_650,a,2025-02-24 19:33:11.668904
case_650,b,2025-02-24 19:38:11.668904
case_650,c,2025-02-24 19:43:11.668904
case_650,a,2025-02-24 19:48:11.668904
case_650,a,2025-02-24 19:53:11.668904
case_650,b,2025-02-24 19:58:11.668904
case_650,a,2025-02-24 20:03:11.668904
case_650,b,2025-02-24 20:08:11.668904
case_650,c,2025-02-24 20:13:11.668904
case_650,b,2025-02-24 20:18:11.668904
case_650,c,2025-02-24 20:23:11.668904
case_650,a,2025-02-24 20:28:11.668904
case_650,b,2025-02-24 20:33:11.668904
case_650,a,2025-02-24 20:38:11.668904
case_650,c,2025-02-24 20:43:11.668904
case_650,c,2025-02-24 20:48:11.668904
case_650,b,2025-02-24 20:53:11.668904
case_650,a,2025-02-24 20:58:11.668904
case_650,c,2025-02-24 21:03:11.668904
case_651,a,2025-02-24 19:28:11.668934
case_651,a,2025-02-24 19:33:11.668934
case_651,c,2025-02-24 19:38:11.668934
case_651,a,2025-02-24 19:43:11.668934
case_651,c,2025-02-24 19:48:11.668934
case_651,b,2025-02-24 19:53:11.668934
case_651,c,2025-02-24 19:58:11.668934
case_651,a,2025-02-24 20:03:11.668934
case_651,b,2025-02-24 20:08:11.668934
case_651,a,2025-02-24 20:13:11.668934
case_651,c,2025-02-24 20:18:11.668934
case_651,b,2025-02-24 20:23:11.668934
case_651,c,2025-02-24 20:28:11.668934
case_651,b,2025-02-24 20:33:11.668934
case_651,a,2025-02-24 20:38:11.668934
case_651,c,2025-02-24 20:43:11.668934
case_651,b,2025-02-24 20:48:11.668934
case_651,c,2025-02-24 20:53:11.668934
case_651,b,2025-02-24 20:58:11.668934
case_651,a,2025-02-24 21:03:11.668934
case_652,a,2025-02-24 19:28:11.668964
case_652,c,2025-02-24 19:33:11.668964
case_652,a,2025-02-24 19:38:11.668964
case_652,b,2025-02-24 19:43:11.668964
case_652,c,2025-02-24 19:48:11.668964
case_652,c,2025-02-24 19:53:11.668964
case_652,a,2025-02-24 19:58:11.668964
case_652,b,2025-02-24 20:03:11.668964
case_652,a,2025-02-24 20:08:11.668964
case_652,b,2025-02-24 20:13:11.668964
case_652,c,2025-02-24 20:18:11.668964
case_652,c,2025-02-24 20:23:11.668964
case_652,c,2025-02-24 20:28:11.668964
case_652,c,2025-02-24 20:33:11.668964
case_652,c,2025-02-24 20:38:11.668964
case_652,c,2025-02-24 20:43:11.668964
case_652,a,2025-02-24 20:48:11.668964
case_652,b,2025-02-24 20:53:11.668964
case_652,c,2025-02-24 20:58:11.668964
case_652,c,2025-02-24 21:03:11.668964
case_653,c,2025-02-24 19:28:11.668993
case_653,a,2025-02-24 19:33:11.668993
case_653,c,2025-02-24 19:38:11.668993
case_653,a,2025-02-24 19:43:11.668993
case_653,a,2025-02-24 19:48:11.668993
case_653,a,2025-02-24 19:53:11.668993
case_653,a,2025-02-24 19:58:11.668993
case_653,a,2025-02-24 20:03:11.668993
case_653,a,2025-02-24 20:08:11.668993
case_653,b,2025-02-24 20:13:11.668993
case_653,c,2025-02-24 20:18:11.668993
case_653,b,2025-02-24 20:23:11.668993
case_653,a,2025-02-24 20:28:11.668993
case_653,b,2025-02-24 20:33:11.668993
case_653,c,2025-02-24 20:38:11.668993
case_653,a,2025-02-24 20:43:11.668993
case_653,b,2025-02-24 20:48:11.668993
case_653,a,2025-02-24 20:53:11.668993
case_653,c,2025-02-24 20:58:11.668993
case_653,c,2025-02-24 21:03:11.668993
case_654,a,2025-02-24 19:28:11.669023
case_654,b,2025-02-24 19:33:11.669023
case_654,a,2025-02-24 19:38:11.669023
case_654,c,2025-02-24 19:43:11.669023
case_654,c,2025-02-24 19:48:11.669023
case_654,b,2025-02-24 19:53:11.669023
case_654,c,2025-02-24 19:58:11.669023
case_654,b,2025-02-24 20:03:11.669023
case_654,a,2025-02-24 20:08:11.669023
case_654,b,2025-02-24 20:13:11.669023
case_654,c,2025-02-24 20:18:11.669023
case_654,c,2025-02-24 20:23:11.669023
case_654,a,2025-02-24 20:28:11.669023
case_654,c,2025-02-24 20:33:11.669023
case_654,c,2025-02-24 20:38:11.669023
case_654,c,2025-02-24 20:43:11.669023
case_654,c,2025-02-24 20:48:11.669023
case_654,c,2025-02-24 20:53:11.669023
case_654,a,2025-02-24 20:58:11.669023
case_654,c,2025-02-24 21:03:11.669023
case_655,c,2025-02-24 19:28:11.669052
case_655,a,2025-02-24 19:33:11.669052
case_655,c,2025-02-24 19:38:11.669052
case_655,c,2025-02-24 19:43:11.669052
case_655,c,2025-02-24 19:48:11.669052
case_655,b,2025-02-24 19:53:11.669052
case_655,a,2025-02-24 19:58:11.669052
case_655,b,2025-02-24 20:03:11.669052
case_655,a,2025-02-24 20:08:11.669052
case_655,a,2025-02-24 20:13:11.669052
case_655,c,2025-02-24 20:18:11.669052
case_655,c,2025-02-24 20:23:11.669052
case_655,b,2025-02-24 20:28:11.669052
case_655,a,2025-02-24 20:33:11.669052
case_655,c,2025-02-24 20:38:11.669052
case_655,c,2025-02-24 20:43:11.669052
case_655,b,2025-02-24 20:48:11.669052
case_655,c,2025-02-24 20:53:11.669052
case_655,c,2025-02-24 20:58:11.669052
case_655,c,2025-02-24 21:03:11.669052
case_656,c,2025-02-24 19:28:11.669082
case_656,b,2025-02-24 19:33:11.669082
case_656,c,2025-02-24 19:38:11.669082
case_656,c,2025-02-24 19:43:11.669082
case_656,c,2025-02-24 19:48:11.669082
case_656,b,2025-02-24 19:53:11.669082
case_656,c,2025-02-24 19:58:11.669082
case_656,c,2025-02-24 20:03:11.669082
case_656,b,2025-02-24 20:08:11.669082
case_656,a,2025-02-24 20:13:11.669082
case_656,c,2025-02-24 20:18:11.669082
case_656,b,2025-02-24 20:23:11.669082
case_656,c,2025-02-24 20:28:11.669082
case_656,a,2025-02-24 20:33:11.669082
case_656,c,2025-02-24 20:38:11.669082
case_656,c,2025-02-24 20:43:11.669082
case_656,c,2025-02-24 20:48:11.669082
case_656,b,2025-02-24 20:53:11.669082
case_656,a,2025-02-24 20:58:11.669082
case_656,a,2025-02-24 21:03:11.669082
case_657,a,2025-02-24 19:28:11.669111
case_657,c,2025-02-24 19:33:11.669111
case_657,c,2025-02-24 19:38:11.669111
case_657,a,2025-02-24 19:43:11.669111
case_657,c,2025-02-24 19:48:11.669111
case_657,b,2025-02-24 19:53:11.669111
case_657,a,2025-02-24 19:58:11.669111
case_657,a,2025-02-24 20:03:11.669111
case_657,b,2025-02-24 20:08:11.669111
case_657,a,2025-02-24 20:13:11.669111
case_657,a,2025-02-24 20:18:11.669111
case_657,a,2025-02-24 20:23:11.669111
case_657,c,2025-02-24 20:28:11.669111
case_657,c,2025-02-24 20:33:11.669111
case_657,b,2025-02-24 20:38:11.669111
case_657,a,2025-02-24 20:43:11.669111
case_657,b,2025-02-24 20:48:11.669111
case_657,c,2025-02-24 20:53:11.669111
case_657,a,2025-02-24 20:58:11.669111
case_657,a,2025-02-24 21:03:11.669111
case_658,c,2025-02-24 19:28:11.669141
case_658,b,2025-02-24 19:33:11.669141
case_658,a,2025-02-24 19:38:11.669141
case_658,b,2025-02-24 19:43:11.669141
case_658,c,2025-02-24 19:48:11.669141
case_658,b,2025-02-24 19:53:11.669141
case_658,c,2025-02-24 19:58:11.669141
case_658,b,2025-02-24 20:03:11.669141
case_658,a,2025-02-24 20:08:11.669141
case_658,a,2025-02-24 20:13:11.669141
case_658,a,2025-02-24 20:18:11.669141
case_658,c,2025-02-24 20:23:11.669141
case_658,a,2025-02-24 20:28:11.669141
case_658,b,2025-02-24 20:33:11.669141
case_658,a,2025-02-24 20:38:11.669141
case_658,c,2025-02-24 20:43:11.669141
case_658,a,2025-02-24 20:48:11.669141
case_658,c,2025-02-24 20:53:11.669141
case_658,c,2025-02-24 20:58:11.669141
case_658,c,2025-02-24 21:03:11.669141
case_659,c,2025-02-24 19:28:11.669170
case_659,a,2025-02-24 19:33:11.669170
case_659,a,2025-02-24 19:38:11.669170
case_659,b,2025-02-24 19:43:11.669170
case_659,a,2025-02-24 19:48:11.669170
case_659,b,2025-02-24 19:53:11.669170
case_659,a,2025-02-24 19:58:11.669170
case_659,b,2025-02-24 20:03:11.669170
case_659,c,2025-02-24 20:08:11.669170
case_659,a,2025-02-24 20:13:11.669170
case_659,b,2025-02-24 20:18:11.669170
case_659,a,2025-02-24 20:23:11.669170
case_659,c,2025-02-24 20:28:11.669170
case_659,c,2025-02-24 20:33:11.669170
case_659,b,2025-02-24 20:38:11.669170
case_659,a,2025-02-24 20:43:11.669170
case_659,a,2025-02-24 20:48:11.669170
case_659,a,2025-02-24 20:53:11.669170
case_659,b,2025-02-24 20:58:11.669170
case_659,c,2025-02-24 21:03:11.669170
case_660,c,2025-02-24 19:28:11.669200
case_660,b,2025-02-24 19:33:11.669200
case_660,c,2025-02-24 19:38:11.669200
case_660,a,2025-02-24 19:43:11.669200
case_660,c,2025-02-24 19:48:11.669200
case_660,c,2025-02-24 19:53:11.669200
case_660,a,2025-02-24 19:58:11.669200
case_660,a,2025-02-24 20:03:11.669200
case_660,b,2025-02-24 20:08:11.669200
case_660,c,2025-02-24 20:13:11.669200
case_660,b,2025-02-24 20:18:11.669200
case_660,a,2025-02-24 20:23:11.669200
case_660,c,2025-02-24 20:28:11.669200
case_660,c,2025-02-24 20:33:11.669200
case_660,a,2025-02-24 20:38:11.669200
case_660,c,2025-02-24 20:43:11.669200
case_660,c,2025-02-24 20:48:11.669200
case_660,a,2025-02-24 20:53:11.669200
case_660,b,2025-02-24 20:58:11.669200
case_660,c,2025-02-24 21:03:11.669200
case_661,c,2025-02-24 19:28:11.669229
case_661,c,2025-02-24 19:33:11.669229
case_661,c,2025-02-24 19:38:11.669229
case_661,a,2025-02-24 19:43:11.669229
case_661,a,2025-02-24 19:48:11.669229
case_661,a,2025-02-24 19:53:11.669229
case_661,a,2025-02-24 19:58:11.669229
case_661,b,2025-02-24 20:03:11.669229
case_661,c,2025-02-24 20:08:11.669229
case_661,b,2025-02-24 20:13:11.669229
case_661,c,2025-02-24 20:18:11.669229
case_661,c,2025-02-24 20:23:11.669229
case_661,c,2025-02-24 20:28:11.669229
case_661,c,2025-02-24 20:33:11.669229
case_661,b,2025-02-24 20:38:11.669229
case_661,c,2025-02-24 20:43:11.669229
case_661,c,2025-02-24 20:48:11.669229
case_661,b,2025-02-24 20:53:11.669229
case_661,a,2025-02-24 20:58:11.669229
case_661,c,2025-02-24 21:03:11.669229
case_662,a,2025-02-24 19:28:11.669259
case_662,a,2025-02-24 19:33:11.669259
case_662,a,2025-02-24 19:38:11.669259
case_662,c,2025-02-24 19:43:11.669259
case_662,b,2025-02-24 19:48:11.669259
case_662,a,2025-02-24 19:53:11.669259
case_662,c,2025-02-24 19:58:11.669259
case_662,b,2025-02-24 20:03:11.669259
case_662,a,2025-02-24 20:08:11.669259
case_662,b,2025-02-24 20:13:11.669259
case_662,c,2025-02-24 20:18:11.669259
case_662,b,2025-02-24 20:23:11.669259
case_662,c,2025-02-24 20:28:11.669259
case_662,c,2025-02-24 20:33:11.669259
case_662,b,2025-02-24 20:38:11.669259
case_662,c,2025-02-24 20:43:11.669259
case_662,c,2025-02-24 20:48:11.669259
case_662,a,2025-02-24 20:53:11.669259
case_662,c,2025-02-24 20:58:11.669259
case_662,c,2025-02-24 21:03:11.669259
case_663,c,2025-02-24 19:28:11.669288
case_663,c,2025-02-24 19:33:11.669288
case_663,b,2025-02-24 19:38:11.669288
case_663,a,2025-02-24 19:43:11.669288
case_663,b,2025-02-24 19:48:11.669288
case_663,c,2025-02-24 19:53:11.669288
case_663,b,2025-02-24 19:58:11.669288
case_663,c,2025-02-24 20:03:11.669288
case_663,c,2025-02-24 20:08:11.669288
case_663,b,2025-02-24 20:13:11.669288
case_663,a,2025-02-24 20:18:11.669288
case_663,b,2025-02-24 20:23:11.669288
case_663,c,2025-02-24 20:28:11.669288
case_663,a,2025-02-24 20:33:11.669288
case_663,a,2025-02-24 20:38:11.669288
case_663,b,2025-02-24 20:43:11.669288
case_663,a,2025-02-24 20:48:11.669288
case_663,b,2025-02-24 20:53:11.669288
case_663,c,2025-02-24 20:58:11.669288
case_663,c,2025-02-24 21:03:11.669288
case_664,a,2025-02-24 19:28:11.669317
case_664,a,2025-02-24 19:33:11.669317
case_664,a,2025-02-24 19:38:11.669317
case_664,c,2025-02-24 19:43:11.669317
case_664,b,2025-02-24 19:48:11.669317
case_664,c,2025-02-24 19:53:11.669317
case_664,b,2025-02-24 19:58:11.669317
case_664,c,2025-02-24 20:03:11.669317
case_664,c,2025-02-24 20:08:11.669317
case_664,a,2025-02-24 20:13:11.669317
case_664,b,2025-02-24 20:18:11.669317
case_664,c,2025-02-24 20:23:11.669317
case_664,a,2025-02-24 20:28:11.669317
case_664,b,2025-02-24 20:33:11.669317
case_664,a,2025-02-24 20:38:11.669317
case_664,b,2025-02-24 20:43:11.669317
case_664,c,2025-02-24 20:48:11.669317
case_664,c,2025-02-24 20:53:11.669317
case_664,a,2025-02-24 20:58:11.669317
case_664,a,2025-02-24 21:03:11.669317
case_665,a,2025-02-24 19:28:11.669349
case_665,a,2025-02-24 19:33:11.669349
case_665,b,2025-02-24 19:38:11.669349
case_665,a,2025-02-24 19:43:11.669349
case_665,c,2025-02-24 19:48:11.669349
case_665,a,2025-02-24 19:53:11.669349
case_665,a,2025-02-24 19:58:11.669349
case_665,b,2025-02-24 20:03:11.669349
case_665,c,2025-02-24 20:08:11.669349
case_665,b,2025-02-24 20:13:11.669349
case_665,c,2025-02-24 20:18:11.669349
case_665,c,2025-02-24 20:23:11.669349
case_665,c,2025-02-24 20:28:11.669349
case_665,c,2025-02-24 20:33:11.669349
case_665,a,2025-02-24 20:38:11.669349
case_665,c,2025-02-24 20:43:11.669349
case_665,b,2025-02-24 20:48:11.669349
case_665,c,2025-02-24 20:53:11.669349
case_665,a,2025-02-24 20:58:11.669349
case_665,c,2025-02-24 21:03:11.669349
case_666,c,2025-02-24 19:28:11.669379
case_666,a,2025-02-24 19:33:11.669379
case_666,b,2025-02-24 19:38:11.669379
case_666,c,2025-02-24 19:43:11.669379
case_666,b,2025-02-24 19:48:11.669379
case_666,a,2025-02-24 19:53:11.669379
case_666,c,2025-02-24 19:58:11.669379
case_666,b,2025-02-24 20:03:11.669379
case_666,a,2025-02-24 20:08:11.669379
case_666,a,2025-02-24 20:13:11.669379
case_666,b,2025-02-24 20:18:11.669379
case_666,a,2025-02-24 20:23:11.669379
case_666,a,2025-02-24 20:28:11.669379
case_666,b,2025-02-24 20:33:11.669379
case_666,c,2025-02-24 20:38:11.669379
case_666,a,2025-02-24 20:43:11.669379
case_666,a,2025-02-24 20:48:11.669379
case_666,a,2025-02-24 20:53:11.669379
case_666,c,2025-02-24 20:58:11.669379
case_666,a,2025-02-24 21:03:11.669379
case_667,a,2025-02-24 19:28:11.669410
case_667,c,2025-02-24 19:33:11.669410
case_667,c,2025-02-24 19:38:11.669410
case_667,c,2025-02-24 19:43:11.669410
case_667,c,2025-02-24 19:48:11.669410
case_667,a,2025-02-24 19:53:11.669410
case_667,c,2025-02-24 19:58:11.669410
case_667,c,2025-02-24 20:03:11.669410
case_667,c,2025-02-24 20:08:11.669410
case_667,a,2025-02-24 20:13:11.669410
case_667,a,2025-02-24 20:18:11.669410
case_667,b,2025-02-24 20:23:11.669410
case_667,c,2025-02-24 20:28:11.669410
case_667,a,2025-02-24 20:33:11.669410
case_667,b,2025-02-24 20:38:11.669410
case_667,a,2025-02-24 20:43:11.669410
case_667,a,2025-02-24 20:48:11.669410
case_667,a,2025-02-24 20:53:11.669410
case_667,c,2025-02-24 20:58:11.669410
case_667,c,2025-02-24 21:03:11.669410
case_668,a,2025-02-24 19:28:11.669440
case_668,a,2025-02-24 19:33:11.669440
case_668,b,2025-02-24 19:38:11.669440
case_668,a,2025-02-24 19:43:11.669440
case_668,a,2025-02-24 19:48:11.669440
case_668,a,2025-02-24 19:53:11.669440
case_668,c,2025-02-24 19:58:11.669440
case_668,a,2025-02-24 20:03:11.669440
case_668,a,2025-02-24 20:08:11.669440
case_668,b,2025-02-24 20:13:11.669440
case_668,c,2025-02-24 20:18:11.669440
case_668,c,2025-02-24 20:23:11.669440
case_668,a,2025-02-24 20:28:11.669440
case_668,c,2025-02-24 20:33:11.669440
case_668,a,2025-02-24 20:38:11.669440
case_668,c,2025-02-24 20:43:11.669440
case_668,c,2025-02-24 20:48:11.669440
case_668,b,2025-02-24 20:53:11.669440
case_668,c,2025-02-24 20:58:11.669440
case_668,a,2025-02-24 21:03:11.669440
case_669,c,2025-02-24 19:28:11.669470
case_669,a,2025-02-24 19:33:11.669470
case_669,a,2025-02-24 19:38:11.669470
case_669,b,2025-02-24 19:43:11.669470
case_669,a,2025-02-24 19:48:11.669470
case_669,b,2025-02-24 19:53:11.669470
case_669,c,2025-02-24 19:58:11.669470
case_669,c,2025-02-24 20:03:11.669470
case_669,c,2025-02-24 20:08:11.669470
case_669,b,2025-02-24 20:13:11.669470
case_669,a,2025-02-24 20:18:11.669470
case_669,c,2025-02-24 20:23:11.669470
case_669,a,2025-02-24 20:28:11.669470
case_669,c,2025-02-24 20:33:11.669470
case_669,b,2025-02-24 20:38:11.669470
case_669,c,2025-02-24 20:43:11.669470
case_669,a,2025-02-24 20:48:11.669470
case_669,a,2025-02-24 20:53:11.669470
case_669,b,2025-02-24 20:58:11.669470
case_669,a,2025-02-24 21:03:11.669470
case_670,c,2025-02-24 19:28:11.669501
case_670,c,2025-02-24 19:33:11.669501
case_670,b,2025-02-24 19:38:11.669501
case_670,a,2025-02-24 19:43:11.669501
case_670,c,2025-02-24 19:48:11.669501
case_670,a,2025-02-24 19:53:11.669501
case_670,a,2025-02-24 19:58:11.669501
case_670,a,2025-02-24 20:03:11.669501
case_670,a,2025-02-24 20:08:11.669501
case_670,b,2025-02-24 20:13:11.669501
case_670,c,2025-02-24 20:18:11.669501
case_670,b,2025-02-24 20:23:11.669501
case_670,c,2025-02-24 20:28:11.669501
case_670,c,2025-02-24 20:33:11.669501
case_670,a,2025-02-24 20:38:11.669501
case_670,b,2025-02-24 20:43:11.669501
case_670,c,2025-02-24 20:48:11.669501
case_670,a,2025-02-24 20:53:11.669501
case_670,b,2025-02-24 20:58:11.669501
case_670,a,2025-02-24 21:03:11.669501
case_671,a,2025-02-24 19:28:11.669532
case_671,a,2025-02-24 19:33:11.669532
case_671,b,2025-02-24 19:38:11.669532
case_671,a,2025-02-24 19:43:11.669532
case_671,b,2025-02-24 19:48:11.669532
case_671,c,2025-02-24 19:53:11.669532
case_671,a,2025-02-24 19:58:11.669532
case_671,b,2025-02-24 20:03:11.669532
case_671,c,2025-02-24 20:08:11.669532
case_671,b,2025-02-24 20:13:11.669532
case_671,a,2025-02-24 20:18:11.669532
case_671,a,2025-02-24 20:23:11.669532
case_671,a,2025-02-24 20:28:11.669532
case_671,c,2025-02-24 20:33:11.669532
case_671,c,2025-02-24 20:38:11.669532
case_671,a,2025-02-24 20:43:11.669532
case_671,c,2025-02-24 20:48:11.669532
case_671,c,2025-02-24 20:53:11.669532
case_671,a,2025-02-24 20:58:11.669532
case_671,a,2025-02-24 21:03:11.669532
case_672,c,2025-02-24 19:28:11.669562
case_672,a,2025-02-24 19:33:11.669562
case_672,a,2025-02-24 19:38:11.669562
case_672,c,2025-02-24 19:43:11.669562
case_672,a,2025-02-24 19:48:11.669562
case_672,a,2025-02-24 19:53:11.669562
case_672,c,2025-02-24 19:58:11.669562
case_672,a,2025-02-24 20:03:11.669562
case_672,c,2025-02-24 20:08:11.669562
case_672,b,2025-02-24 20:13:11.669562
case_672,a,2025-02-24 20:18:11.669562
case_672,c,2025-02-24 20:23:11.669562
case_672,c,2025-02-24 20:28:11.669562
case_672,b,2025-02-24 20:33:11.669562
case_672,a,2025-02-24 20:38:11.669562
case_672,c,2025-02-24 20:43:11.669562
case_672,a,2025-02-24 20:48:11.669562
case_672,c,2025-02-24 20:53:11.669562
case_672,b,2025-02-24 20:58:11.669562
case_672,a,2025-02-24 21:03:11.669562
case_673,a,2025-02-24 19:28:11.669593
case_673,c,2025-02-24 19:33:11.669593
case_673,c,2025-02-24 19:38:11.669593
case_673,c,2025-02-24 19:43:11.669593
case_673,c,2025-02-24 19:48:11.669593
case_673,a,2025-02-24 19:53:11.669593
case_673,b,2025-02-24 19:58:11.669593
case_673,a,2025-02-24 20:03:11.669593
case_673,c,2025-02-24 20:08:11.669593
case_673,c,2025-02-24 20:13:11.669593
case_673,a,2025-02-24 20:18:11.669593
case_673,a,2025-02-24 20:23:11.669593
case_673,c,2025-02-24 20:28:11.669593
case_673,b,2025-02-24 20:33:11.669593
case_673,a,2025-02-24 20:38:11.669593
case_673,a,2025-02-24 20:43:11.669593
case_673,b,2025-02-24 20:48:11.669593
case_673,a,2025-02-24 20:53:11.669593
case_673,a,2025-02-24 20:58:11.669593
case_673,c,2025-02-24 21:03:11.669593
case_674,a,2025-02-24 19:28:11.669623
case_674,b,2025-02-24 19:33:11.669623
case_674,c,2025-02-24 19:38:11.669623
case_674,a,2025-02-24 19:43:11.669623
case_674,b,2025-02-24 19:48:11.669623
case_674,c,2025-02-24 19:53:11.669623
case_674,c,2025-02-24 19:58:11.669623
case_674,b,2025-02-24 20:03:11.669623
case_674,a,2025-02-24 20:08:11.669623
case_674,b,2025-02-24 20:13:11.669623
case_674,c,2025-02-24 20:18:11.669623
case_674,c,2025-02-24 20:23:11.669623
case_674,c,2025-02-24 20:28:11.669623
case_674,b,2025-02-24 20:33:11.669623
case_674,c,2025-02-24 20:38:11.669623
case_674,b,2025-02-24 20:43:11.669623
case_674,c,2025-02-24 20:48:11.669623
case_674,b,2025-02-24 20:53:11.669623
case_674,c,2025-02-24 20:58:11.669623
case_674,c,2025-02-24 21:03:11.669623
case_675,a,2025-02-24 19:28:11.669655
case_675,a,2025-02-24 19:33:11.669655
case_675,a,2025-02-24 19:38:11.669655
case_675,b,2025-02-24 19:43:11.669655
case_675,c,2025-02-24 19:48:11.669655
case_675,b,2025-02-24 19:53:11.669655
case_675,a,2025-02-24 19:58:11.669655
case_675,b,2025-02-24 20:03:11.669655
case_675,c,2025-02-24 20:08:11.669655
case_675,c,2025-02-24 20:13:11.669655
case_675,c,2025-02-24 20:18:11.669655
case_675,c,2025-02-24 20:23:11.669655
case_675,c,2025-02-24 20:28:11.669655
case_675,b,2025-02-24 20:33:11.669655
case_675,a,2025-02-24 20:38:11.669655
case_675,c,2025-02-24 20:43:11.669655
case_675,a,2025-02-24 20:48:11.669655
case_675,b,2025-02-24 20:53:11.669655
case_675,c,2025-02-24 20:58:11.669655
case_675,c,2025-02-24 21:03:11.669655
case_676,c,2025-02-24 19:28:11.669685
case_676,b,2025-02-24 19:33:11.669685
case_676,a,2025-02-24 19:38:11.669685
case_676,a,2025-02-24 19:43:11.669685
case_676,b,2025-02-24 19:48:11.669685
case_676,c,2025-02-24 19:53:11.669685
case_676,a,2025-02-24 19:58:11.669685
case_676,c,2025-02-24 20:03:11.669685
case_676,c,2025-02-24 20:08:11.669685
case_676,a,2025-02-24 20:13:11.669685
case_676,a,2025-02-24 20:18:11.669685
case_676,a,2025-02-24 20:23:11.669685
case_676,c,2025-02-24 20:28:11.669685
case_676,a,2025-02-24 20:33:11.669685
case_676,c,2025-02-24 20:38:11.669685
case_676,a,2025-02-24 20:43:11.669685
case_676,a,2025-02-24 20:48:11.669685
case_676,c,2025-02-24 20:53:11.669685
case_676,c,2025-02-24 20:58:11.669685
case_676,c,2025-02-24 21:03:11.669685
case_677,a,2025-02-24 19:28:11.669715
case_677,c,2025-02-24 19:33:11.669715
case_677,b,2025-02-24 19:38:11.669715
case_677,a,2025-02-24 19:43:11.669715
case_677,c,2025-02-24 19:48:11.669715
case_677,a,2025-02-24 19:53:11.669715
case_677,b,2025-02-24 19:58:11.669715
case_677,a,2025-02-24 20:03:11.669715
case_677,c,2025-02-24 20:08:11.669715
case_677,c,2025-02-24 20:13:11.669715
case_677,b,2025-02-24 20:18:11.669715
case_677,c,2025-02-24 20:23:11.669715
case_677,a,2025-02-24 20:28:11.669715
case_677,c,2025-02-24 20:33:11.669715
case_677,c,2025-02-24 20:38:11.669715
case_677,b,2025-02-24 20:43:11.669715
case_677,c,2025-02-24 20:48:11.669715
case_677,a,2025-02-24 20:53:11.669715
case_677,a,2025-02-24 20:58:11.669715
case_677,c,2025-02-24 21:03:11.669715
case_678,c,2025-02-24 19:28:11.669745
case_678,a,2025-02-24 19:33:11.669745
case_678,a,2025-02-24 19:38:11.669745
case_678,b,2025-02-24 19:43:11.669745
case_678,a,2025-02-24 19:48:11.669745
case_678,a,2025-02-24 19:53:11.669745
case_678,c,2025-02-24 19:58:11.669745
case_678,c,2025-02-24 20:03:11.669745
case_678,c,2025-02-24 20:08:11.669745
case_678,b,2025-02-24 20:13:11.669745
case_678,a,2025-02-24 20:18:11.669745
case_678,b,2025-02-24 20:23:11.669745
case_678,c,2025-02-24 20:28:11.669745
case_678,b,2025-02-24 20:33:11.669745
case_678,a,2025-02-24 20:38:11.669745
case_678,b,2025-02-24 20:43:11.669745
case_678,a,2025-02-24 20:48:11.669745
case_678,c,2025-02-24 20:53:11.669745
case_678,a,2025-02-24 20:58:11.669745
case_678,c,2025-02-24 21:03:11.669745
case_679,c,2025-02-24 19:28:11.669775
case_679,b,2025-02-24 19:33:11.669775
case_679,c,2025-02-24 19:38:11.669775
case_679,b,2025-02-24 19:43:11.669775
case_679,a,2025-02-24 19:48:11.669775
case_679,c,2025-02-24 19:53:11.669775
case_679,a,2025-02-24 19:58:11.669775
case_679,a,2025-02-24 20:03:11.669775
case_679,c,2025-02-24 20:08:11.669775
case_679,b,2025-02-24 20:13:11.669775
case_679,c,2025-02-24 20:18:11.669775
case_679,b,2025-02-24 20:23:11.669775
case_679,c,2025-02-24 20:28:11.669775
case_679,c,2025-02-24 20:33:11.669775
case_679,b,2025-02-24 20:38:11.669775
case_679,c,2025-02-24 20:43:11.669775
case_679,c,2025-02-24 20:48:11.669775
case_679,b,2025-02-24 20:53:11.669775
case_679,c,2025-02-24 20:58:11.669775
case_679,a,2025-02-24 21:03:11.669775
case_680,a,2025-02-24 19:28:11.669806
case_680,c,2025-02-24 19:33:11.669806
case_680,b,2025-02-24 19:38:11.669806
case_680,a,2025-02-24 19:43:11.669806
case_680,c,2025-02-24 19:48:11.669806
case_680,c,2025-02-24 19:53:11.669806
case_680,c,2025-02-24 19:58:11.669806
case_680,b,2025-02-24 20:03:11.669806
case_680,a,2025-02-24 20:08:11.669806
case_680,c,2025-02-24 20:13:11.669806
case_680,b,2025-02-24 20:18:11.669806
case_680,c,2025-02-24 20:23:11.669806
case_680,a,2025-02-24 20:28:11.669806
case_680,c,2025-02-24 20:33:11.669806
case_680,a,2025-02-24 20:38:11.669806
case_680,a,2025-02-24 20:43:11.669806
case_680,b,2025-02-24 20:48:11.669806
case_680,c,2025-02-24 20:53:11.669806
case_680,a,2025-02-24 20:58:11.669806
case_680,c,2025-02-24 21:03:11.669806
case_681,a,2025-02-24 19:28:11.669836
case_681,a,2025-02-24 19:33:11.669836
case_681,a,2025-02-24 19:38:11.669836
case_681,b,2025-02-24 19:43:11.669836
case_681,c,2025-02-24 19:48:11.669836
case_681,a,2025-02-24 19:53:11.669836
case_681,a,2025-02-24 19:58:11.669836
case_681,a,2025-02-24 20:03:11.669836
case_681,a,2025-02-24 20:08:11.669836
case_681,b,2025-02-24 20:13:11.669836
case_681,a,2025-02-24 20:18:11.669836
case_681,c,2025-02-24 20:23:11.669836
case_681,c,2025-02-24 20:28:11.669836
case_681,a,2025-02-24 20:33:11.669836
case_681,a,2025-02-24 20:38:11.669836
case_681,c,2025-02-24 20:43:11.669836
case_681,c,2025-02-24 20:48:11.669836
case_681,c,2025-02-24 20:53:11.669836
case_681,a,2025-02-24 20:58:11.669836
case_681,a,2025-02-24 21:03:11.669836
case_682,a,2025-02-24 19:28:11.669866
case_682,b,2025-02-24 19:33:11.669866
case_682,a,2025-02-24 19:38:11.669866
case_682,c,2025-02-24 19:43:11.669866
case_682,b,2025-02-24 19:48:11.669866
case_682,a,2025-02-24 19:53:11.669866
case_682,b,2025-02-24 19:58:11.669866
case_682,c,2025-02-24 20:03:11.669866
case_682,a,2025-02-24 20:08:11.669866
case_682,b,2025-02-24 20:13:11.669866
case_682,c,2025-02-24 20:18:11.669866
case_682,b,2025-02-24 20:23:11.669866
case_682,c,2025-02-24 20:28:11.669866
case_682,c,2025-02-24 20:33:11.669866
case_682,c,2025-02-24 20:38:11.669866
case_682,a,2025-02-24 20:43:11.669866
case_682,a,2025-02-24 20:48:11.669866
case_682,b,2025-02-24 20:53:11.669866
case_682,a,2025-02-24 20:58:11.669866
case_682,a,2025-02-24 21:03:11.669866
case_683,a,2025-02-24 19:28:11.669896
case_683,a,2025-02-24 19:33:11.669896
case_683,b,2025-02-24 19:38:11.669896
case_683,a,2025-02-24 19:43:11.669896
case_683,a,2025-02-24 19:48:11.669896
case_683,c,2025-02-24 19:53:11.669896
case_683,a,2025-02-24 19:58:11.669896
case_683,c,2025-02-24 20:03:11.669896
case_683,b,2025-02-24 20:08:11.669896
case_683,c,2025-02-24 20:13:11.669896
case_683,b,2025-02-24 20:18:11.669896
case_683,a,2025-02-24 20:23:11.669896
case_683,b,2025-02-24 20:28:11.669896
case_683,c,2025-02-24 20:33:11.669896
case_683,c,2025-02-24 20:38:11.669896
case_683,a,2025-02-24 20:43:11.669896
case_683,b,2025-02-24 20:48:11.669896
case_683,a,2025-02-24 20:53:11.669896
case_683,a,2025-02-24 20:58:11.669896
case_683,a,2025-02-24 21:03:11.669896
case_684,a,2025-02-24 19:28:11.669926
case_684,c,2025-02-24 19:33:11.669926
case_684,b,2025-02-24 19:38:11.669926
case_684,c,2025-02-24 19:43:11.669926
case_684,c,2025-02-24 19:48:11.669926
case_684,b,2025-02-24 19:53:11.669926
case_684,c,2025-02-24 19:58:11.669926
case_684,a,2025-02-24 20:03:11.669926
case_684,c,2025-02-24 20:08:11.669926
case_684,c,2025-02-24 20:13:11.669926
case_684,a,2025-02-24 20:18:11.669926
case_684,b,2025-02-24 20:23:11.669926
case_684,a,2025-02-24 20:28:11.669926
case_684,b,2025-02-24 20:33:11.669926
case_684,c,2025-02-24 20:38:11.669926
case_684,c,2025-02-24 20:43:11.669926
case_684,a,2025-02-24 20:48:11.669926
case_684,a,2025-02-24 20:53:11.669926
case_684,a,2025-02-24 20:58:11.669926
case_684,c,2025-02-24 21:03:11.669926
case_685,a,2025-02-24 19:28:11.669956
case_685,b,2025-02-24 19:33:11.669956
case_685,a,2025-02-24 19:38:11.669956
case_685,b,2025-02-24 19:43:11.669956
case_685,c,2025-02-24 19:48:11.669956
case_685,b,2025-02-24 19:53:11.669956
case_685,c,2025-02-24 19:58:11.669956
case_685,a,2025-02-24 20:03:11.669956
case_685,b,2025-02-24 20:08:11.669956
case_685,c,2025-02-24 20:13:11.669956
case_685,c,2025-02-24 20:18:11.669956
case_685,c,2025-02-24 20:23:11.669956
case_685,b,2025-02-24 20:28:11.669956
case_685,a,2025-02-24 20:33:11.669956
case_685,a,2025-02-24 20:38:11.669956
case_685,c,2025-02-24 20:43:11.669956
case_685,b,2025-02-24 20:48:11.669956
case_685,a,2025-02-24 20:53:11.669956
case_685,c,2025-02-24 20:58:11.669956
case_685,a,2025-02-24 21:03:11.669956
case_686,a,2025-02-24 19:28:11.669986
case_686,c,2025-02-24 19:33:11.669986
case_686,b,2025-02-24 19:38:11.669986
case_686,c,2025-02-24 19:43:11.669986
case_686,a,2025-02-24 19:48:11.669986
case_686,c,2025-02-24 19:53:11.669986
case_686,b,2025-02-24 19:58:11.669986
case_686,a,2025-02-24 20:03:11.669986
case_686,b,2025-02-24 20:08:11.669986
case_686,a,2025-02-24 20:13:11.669986
case_686,a,2025-02-24 20:18:11.669986
case_686,c,2025-02-24 20:23:11.669986
case_686,a,2025-02-24 20:28:11.669986
case_686,b,2025-02-24 20:33:11.669986
case_686,a,2025-02-24 20:38:11.669986
case_686,c,2025-02-24 20:43:11.669986
case_686,c,2025-02-24 20:48:11.669986
case_686,a,2025-02-24 20:53:11.669986
case_686,b,2025-02-24 20:58:11.669986
case_686,a,2025-02-24 21:03:11.669986
case_687,c,2025-02-24 19:28:11.670016
case_687,a,2025-02-24 19:33:11.670016
case_687,a,2025-02-24 19:38:11.670016
case_687,a,2025-02-24 19:43:11.670016
case_687,a,2025-02-24 19:48:11.670016
case_687,b,2025-02-24 19:53:11.670016
case_687,c,2025-02-24 19:58:11.670016
case_687,a,2025-02-24 20:03:11.670016
case_687,b,2025-02-24 20:08:11.670016
case_687,a,2025-02-24 20:13:11.670016
case_687,c,2025-02-24 20:18:11.670016
case_687,a,2025-02-24 20:23:11.670016
case_687,c,2025-02-24 20:28:11.670016
case_687,b,2025-02-24 20:33:11.670016
case_687,a,2025-02-24 20:38:11.670016
case_687,a,2025-02-24 20:43:11.670016
case_687,b,2025-02-24 20:48:11.670016
case_687,a,2025-02-24 20:53:11.670016
case_687,b,2025-02-24 20:58:11.670016
case_687,a,2025-02-24 21:03:11.670016
case_688,c,2025-02-24 19:28:11.670046
case_688,c,2025-02-24 19:33:11.670046
case_688,b,2025-02-24 19:38:11.670046
case_688,a,2025-02-24 19:43:11.670046
case_688,b,2025-02-24 19:48:11.670046
case_688,c,2025-02-24 19:53:11.670046
case_688,c,2025-02-24 19:58:11.670046
case_688,b,2025-02-24 20:03:11.670046
case_688,a,2025-02-24 20:08:11.670046
case_688,a,2025-02-24 20:13:11.670046
case_688,c,2025-02-24 20:18:11.670046
case_688,c,2025-02-24 20:23:11.670046
case_688,a,2025-02-24 20:28:11.670046
case_688,c,2025-02-24 20:33:11.670046
case_688,c,2025-02-24 20:38:11.670046
case_688,c,2025-02-24 20:43:11.670046
case_688,b,2025-02-24 20:48:11.670046
case_688,a,2025-02-24 20:53:11.670046
case_688,a,2025-02-24 20:58:11.670046
case_688,c,2025-02-24 21:03:11.670046
case_689,a,2025-02-24 19:28:11.670077
case_689,a,2025-02-24 19:33:11.670077
case_689,c,2025-02-24 19:38:11.670077
case_689,c,2025-02-24 19:43:11.670077
case_689,c,2025-02-24 19:48:11.670077
case_689,a,2025-02-24 19:53:11.670077
case_689,c,2025-02-24 19:58:11.670077
case_689,b,2025-02-24 20:03:11.670077
case_689,a,2025-02-24 20:08:11.670077
case_689,c,2025-02-24 20:13:11.670077
case_689,b,2025-02-24 20:18:11.670077
case_689,c,2025-02-24 20:23:11.670077
case_689,a,2025-02-24 20:28:11.670077
case_689,a,2025-02-24 20:33:11.670077
case_689,c,2025-02-24 20:38:11.670077
case_689,b,2025-02-24 20:43:11.670077
case_689,a,2025-02-24 20:48:11.670077
case_689,a,2025-02-24 20:53:11.670077
case_689,a,2025-02-24 20:58:11.670077
case_689,a,2025-02-24 21:03:11.670077
case_690,c,2025-02-24 19:28:11.670107
case_690,b,2025-02-24 19:33:11.670107
case_690,a,2025-02-24 19:38:11.670107
case_690,b,2025-02-24 19:43:11.670107
case_690,a,2025-02-24 19:48:11.670107
case_690,a,2025-02-24 19:53:11.670107
case_690,b,2025-02-24 19:58:11.670107
case_690,a,2025-02-24 20:03:11.670107
case_690,a,2025-02-24 20:08:11.670107
case_690,b,2025-02-24 20:13:11.670107
case_690,a,2025-02-24 20:18:11.670107
case_690,c,2025-02-24 20:23:11.670107
case_690,c,2025-02-24 20:28:11.670107
case_690,a,2025-02-24 20:33:11.670107
case_690,a,2025-02-24 20:38:11.670107
case_690,a,2025-02-24 20:43:11.670107
case_690,c,2025-02-24 20:48:11.670107
case_690,c,2025-02-24 20:53:11.670107
case_690,c,2025-02-24 20:58:11.670107
case_690,c,2025-02-24 21:03:11.670107
case_691,c,2025-02-24 19:28:11.670137
case_691,a,2025-02-24 19:33:11.670137
case_691,c,2025-02-24 19:38:11.670137
case_691,a,2025-02-24 19:43:11.670137
case_691,b,2025-02-24 19:48:11.670137
case_691,c,2025-02-24 19:53:11.670137
case_691,b,2025-02-24 19:58:11.670137
case_691,c,2025-02-24 20:03:11.670137
case_691,c,2025-02-24 20:08:11.670137
case_691,a,2025-02-24 20:13:11.670137
case_691,a,2025-02-24 20:18:11.670137
case_691,c,2025-02-24 20:23:11.670137
case_691,b,2025-02-24 20:28:11.670137
case_691,c,2025-02-24 20:33:11.670137
case_691,c,2025-02-24 20:38:11.670137
case_691,b,2025-02-24 20:43:11.670137
case_691,c,2025-02-24 20:48:11.670137
case_691,a,2025-02-24 20:53:11.670137
case_691,c,2025-02-24 20:58:11.670137
case_691,a,2025-02-24 21:03:11.670137
case_692,c,2025-02-24 19:28:11.670167
case_692,c,2025-02-24 19:33:11.670167
case_692,b,2025-02-24 19:38:11.670167
case_692,c,2025-02-24 19:43:11.670167
case_692,c,2025-02-24 19:48:11.670167
case_692,c,2025-02-24 19:53:11.670167
case_692,a,2025-02-24 19:58:11.670167
case_692,c,2025-02-24 20:03:11.670167
case_692,a,2025-02-24 20:08:11.670167
case_692,b,2025-02-24 20:13:11.670167
case_692,c,2025-02-24 20:18:11.670167
case_692,c,2025-02-24 20:23:11.670167
case_692,c,2025-02-24 20:28:11.670167
case_692,b,2025-02-24 20:33:11.670167
case_692,c,2025-02-24 20:38:11.670167
case_692,c,2025-02-24 20:43:11.670167
case_692,c,2025-02-24 20:48:11.670167
case_692,a,2025-02-24 20:53:11.670167
case_692,c,2025-02-24 20:58:11.670167
case_692,a,2025-02-24 21:03:11.670167
case_693,a,2025-02-24 19:28:11.670197
case_693,c,2025-02-24 19:33:11.670197
case_693,a,2025-02-24 19:38:11.670197
case_693,a,2025-02-24 19:43:11.670197
case_693,c,2025-02-24 19:48:11.670197
case_693,b,2025-02-24 19:53:11.670197
case_693,c,2025-02-24 19:58:11.670197
case_693,b,2025-02-24 20:03:11.670197
case_693,a,2025-02-24 20:08:11.670197
case_693,c,2025-02-24 20:13:11.670197
case_693,c,2025-02-24 20:18:11.670197
case_693,c,2025-02-24 20:23:11.670197
case_693,a,2025-02-24 20:28:11.670197
case_693,c,2025-02-24 20:33:11.670197
case_693,b,2025-02-24 20:38:11.670197
case_693,a,2025-02-24 20:43:11.670197
case_693,c,2025-02-24 20:48:11.670197
case_693,b,2025-02-24 20:53:11.670197
case_693,a,2025-02-24 20:58:11.670197
case_693,a,2025-02-24 21:03:11.670197
case_694,a,2025-02-24 19:28:11.670226
case_694,b,2025-02-24 19:33:11.670226
case_694,c,2025-02-24 19:38:11.670226
case_694,a,2025-02-24 19:43:11.670226
case_694,a,2025-02-24 19:48:11.670226
case_694,b,2025-02-24 19:53:11.670226
case_694,c,2025-02-24 19:58:11.670226
case_694,c,2025-02-24 20:03:11.670226
case_694,a,2025-02-24 20:08:11.670226
case_694,a,2025-02-24 20:13:11.670226
case_694,a,2025-02-24 20:18:11.670226
case_694,a,2025-02-24 20:23:11.670226
case_694,a,2025-02-24 20:28:11.670226
case_694,a,2025-02-24 20:33:11.670226
case_694,c,2025-02-24 20:38:11.670226
case_694,b,2025-02-24 20:43:11.670226
case_694,a,2025-02-24 20:48:11.670226
case_694,a,2025-02-24 20:53:11.670226
case_694,b,2025-02-24 20:58:11.670226
case_694,a,2025-02-24 21:03:11.670226
case_695,a,2025-02-24 19:28:11.670257
case_695,c,2025-02-24 19:33:11.670257
case_695,a,2025-02-24 19:38:11.670257
case_695,b,2025-02-24 19:43:11.670257
case_695,a,2025-02-24 19:48:11.670257
case_695,c,2025-02-24 19:53:11.670257
case_695,c,2025-02-24 19:58:11.670257
case_695,b,2025-02-24 20:03:11.670257
case_695,c,2025-02-24 20:08:11.670257
case_695,b,2025-02-24 20:13:11.670257
case_695,c,2025-02-24 20:18:11.670257
case_695,c,2025-02-24 20:23:11.670257
case_695,c,2025-02-24 20:28:11.670257
case_695,b,2025-02-24 20:33:11.670257
case_695,a,2025-02-24 20:38:11.670257
case_695,a,2025-02-24 20:43:11.670257
case_695,a,2025-02-24 20:48:11.670257
case_695,b,2025-02-24 20:53:11.670257
case_695,a,2025-02-24 20:58:11.670257
case_695,a,2025-02-24 21:03:11.670257
case_696,c,2025-02-24 19:28:11.670287
case_696,b,2025-02-24 19:33:11.670287
case_696,c,2025-02-24 19:38:11.670287
case_696,a,2025-02-24 19:43:11.670287
case_696,b,2025-02-24 19:48:11.670287
case_696,a,2025-02-24 19:53:11.670287
case_696,a,2025-02-24 19:58:11.670287
case_696,a,2025-02-24 20:03:11.670287
case_696,b,2025-02-24 20:08:11.670287
case_696,c,2025-02-24 20:13:11.670287
case_696,b,2025-02-24 20:18:11.670287
case_696,a,2025-02-24 20:23:11.670287
case_696,b,2025-02-24 20:28:11.670287
case_696,a,2025-02-24 20:33:11.670287
case_696,a,2025-02-24 20:38:11.670287
case_696,a,2025-02-24 20:43:11.670287
case_696,c,2025-02-24 20:48:11.670287
case_696,c,2025-02-24 20:53:11.670287
case_696,b,2025-02-24 20:58:11.670287
case_696,a,2025-02-24 21:03:11.670287
case_697,a,2025-02-24 19:28:11.670317
case_697,c,2025-02-24 19:33:11.670317
case_697,a,2025-02-24 19:38:11.670317
case_697,a,2025-02-24 19:43:11.670317
case_697,c,2025-02-24 19:48:11.670317
case_697,a,2025-02-24 19:53:11.670317
case_697,c,2025-02-24 19:58:11.670317
case_697,a,2025-02-24 20:03:11.670317
case_697,a,2025-02-24 20:08:11.670317
case_697,c,2025-02-24 20:13:11.670317
case_697,b,2025-02-24 20:18:11.670317
case_697,a,2025-02-24 20:23:11.670317
case_697,a,2025-02-24 20:28:11.670317
case_697,a,2025-02-24 20:33:11.670317
case_697,c,2025-02-24 20:38:11.670317
case_697,c,2025-02-24 20:43:11.670317
case_697,a,2025-02-24 20:48:11.670317
case_697,b,2025-02-24 20:53:11.670317
case_697,a,2025-02-24 20:58:11.670317
case_697,c,2025-02-24 21:03:11.670317
case_698,a,2025-02-24 19:28:11.670348
case_698,a,2025-02-24 19:33:11.670348
case_698,c,2025-02-24 19:38:11.670348
case_698,c,2025-02-24 19:43:11.670348
case_698,b,2025-02-24 19:48:11.670348
case_698,c,2025-02-24 19:53:11.670348
case_698,a,2025-02-24 19:58:11.670348
case_698,c,2025-02-24 20:03:11.670348
case_698,b,2025-02-24 20:08:11.670348
case_698,c,2025-02-24 20:13:11.670348
case_698,c,2025-02-24 20:18:11.670348
case_698,a,2025-02-24 20:23:11.670348
case_698,c,2025-02-24 20:28:11.670348
case_698,a,2025-02-24 20:33:11.670348
case_698,c,2025-02-24 20:38:11.670348
case_698,a,2025-02-24 20:43:11.670348
case_698,b,2025-02-24 20:48:11.670348
case_698,c,2025-02-24 20:53:11.670348
case_698,c,2025-02-24 20:58:11.670348
case_698,c,2025-02-24 21:03:11.670348
case_699,a,2025-02-24 19:28:11.670378
case_699,c,2025-02-24 19:33:11.670378
case_699,a,2025-02-24 19:38:11.670378
case_699,a,2025-02-24 19:43:11.670378
case_699,a,2025-02-24 19:48:11.670378
case_699,c,2025-02-24 19:53:11.670378
case_699,a,2025-02-24 19:58:11.670378
case_699,c,2025-02-24 20:03:11.670378
case_699,b,2025-02-24 20:08:11.670378
case_699,a,2025-02-24 20:13:11.670378
case_699,a,2025-02-24 20:18:11.670378
case_699,a,2025-02-24 20:23:11.670378
case_699,b,2025-02-24 20:28:11.670378
case_699,a,2025-02-24 20:33:11.670378
case_699,b,2025-02-24 20:38:11.670378
case_699,c,2025-02-24 20:43:11.670378
case_699,a,2025-02-24 20:48:11.670378
case_699,c,2025-02-24 20:53:11.670378
case_699,c,2025-02-24 20:58:11.670378
case_699,c,2025-02-24 21:03:11.670378
case_700,a,2025-02-24 19:28:11.670407
case_700,a,2025-02-24 19:33:11.670407
case_700,b,2025-02-24 19:38:11.670407
case_700,c,2025-02-24 19:43:11.670407
case_700,c,2025-02-24 19:48:11.670407
case_700,a,2025-02-24 19:53:11.670407
case_700,a,2025-02-24 19:58:11.670407
case_700,c,2025-02-24 20:03:11.670407
case_700,b,2025-02-24 20:08:11.670407
case_700,a,2025-02-24 20:13:11.670407
case_700,c,2025-02-24 20:18:11.670407
case_700,c,2025-02-24 20:23:11.670407
case_700,b,2025-02-24 20:28:11.670407
case_700,a,2025-02-24 20:33:11.670407
case_700,a,2025-02-24 20:38:11.670407
case_700,b,2025-02-24 20:43:11.670407
case_700,a,2025-02-24 20:48:11.670407
case_700,a,2025-02-24 20:53:11.670407
case_700,b,2025-02-24 20:58:11.670407
case_700,a,2025-02-24 21:03:11.670407
case_701,c,2025-02-24 19:28:11.670437
case_701,c,2025-02-24 19:33:11.670437
case_701,c,2025-02-24 19:38:11.670437
case_701,b,2025-02-24 19:43:11.670437
case_701,a,2025-02-24 19:48:11.670437
case_701,a,2025-02-24 19:53:11.670437
case_701,b,2025-02-24 19:58:11.670437
case_701,a,2025-02-24 20:03:11.670437
case_701,b,2025-02-24 20:08:11.670437
case_701,c,2025-02-24 20:13:11.670437
case_701,a,2025-02-24 20:18:11.670437
case_701,b,2025-02-24 20:23:11.670437
case_701,c,2025-02-24 20:28:11.670437
case_701,c,2025-02-24 20:33:11.670437
case_701,c,2025-02-24 20:38:11.670437
case_701,a,2025-02-24 20:43:11.670437
case_701,a,2025-02-24 20:48:11.670437
case_701,b,2025-02-24 20:53:11.670437
case_701,a,2025-02-24 20:58:11.670437
case_701,a,2025-02-24 21:03:11.670437
case_702,a,2025-02-24 19:28:11.670466
case_702,b,2025-02-24 19:33:11.670466
case_702,a,2025-02-24 19:38:11.670466
case_702,c,2025-02-24 19:43:11.670466
case_702,a,2025-02-24 19:48:11.670466
case_702,a,2025-02-24 19:53:11.670466
case_702,a,2025-02-24 19:58:11.670466
case_702,b,2025-02-24 20:03:11.670466
case_702,c,2025-02-24 20:08:11.670466
case_702,b,2025-02-24 20:13:11.670466
case_702,a,2025-02-24 20:18:11.670466
case_702,b,2025-02-24 20:23:11.670466
case_702,c,2025-02-24 20:28:11.670466
case_702,a,2025-02-24 20:33:11.670466
case_702,b,2025-02-24 20:38:11.670466
case_702,c,2025-02-24 20:43:11.670466
case_702,b,2025-02-24 20:48:11.670466
case_702,a,2025-02-24 20:53:11.670466
case_702,b,2025-02-24 20:58:11.670466
case_702,a,2025-02-24 21:03:11.670466
case_703,a,2025-02-24 19:28:11.670496
case_703,a,2025-02-24 19:33:11.670496
case_703,a,2025-02-24 19:38:11.670496
case_703,b,2025-02-24 19:43:11.670496
case_703,a,2025-02-24 19:48:11.670496
case_703,a,2025-02-24 19:53:11.670496
case_703,a,2025-02-24 19:58:11.670496
case_703,c,2025-02-24 20:03:11.670496
case_703,a,2025-02-24 20:08:11.670496
case_703,a,2025-02-24 20:13:11.670496
case_703,b,2025-02-24 20:18:11.670496
case_703,a,2025-02-24 20:23:11.670496
case_703,b,2025-02-24 20:28:11.670496
case_703,a,2025-02-24 20:33:11.670496
case_703,b,2025-02-24 20:38:11.670496
case_703,c,2025-02-24 20:43:11.670496
case_703,c,2025-02-24 20:48:11.670496
case_703,c,2025-02-24 20:53:11.670496
case_703,b,2025-02-24 20:58:11.670496
case_703,c,2025-02-24 21:03:11.670496
case_704,a,2025-02-24 19:28:11.670525
case_704,b,2025-02-24 19:33:11.670525
case_704,c,2025-02-24 19:38:11.670525
case_704,c,2025-02-24 19:43:11.670525
case_704,a,2025-02-24 19:48:11.670525
case_704,a,2025-02-24 19:53:11.670525
case_704,b,2025-02-24 19:58:11.670525
case_704,a,2025-02-24 20:03:11.670525
case_704,b,2025-02-24 20:08:11.670525
case_704,a,2025-02-24 20:13:11.670525
case_704,b,2025-02-24 20:18:11.670525
case_704,c,2025-02-24 20:23:11.670525
case_704,a,2025-02-24 20:28:11.670525
case_704,a,2025-02-24 20:33:11.670525
case_704,c,2025-02-24 20:38:11.670525
case_704,b,2025-02-24 20:43:11.670525
case_704,c,2025-02-24 20:48:11.670525
case_704,c,2025-02-24 20:53:11.670525
case_704,a,2025-02-24 20:58:11.670525
case_704,a,2025-02-24 21:03:11.670525
case_705,a,2025-02-24 19:28:11.670554
case_705,b,2025-02-24 19:33:11.670554
case_705,a,2025-02-24 19:38:11.670554
case_705,b,2025-02-24 19:43:11.670554
case_705,c,2025-02-24 19:48:11.670554
case_705,b,2025-02-24 19:53:11.670554
case_705,c,2025-02-24 19:58:11.670554
case_705,b,2025-02-24 20:03:11.670554
case_705,c,2025-02-24 20:08:11.670554
case_705,c,2025-02-24 20:13:11.670554
case_705,a,2025-02-24 20:18:11.670554
case_705,c,2025-02-24 20:23:11.670554
case_705,c,2025-02-24 20:28:11.670554
case_705,a,2025-02-24 20:33:11.670554
case_705,a,2025-02-24 20:38:11.670554
case_705,b,2025-02-24 20:43:11.670554
case_705,a,2025-02-24 20:48:11.670554
case_705,a,2025-02-24 20:53:11.670554
case_705,a,2025-02-24 20:58:11.670554
case_705,c,2025-02-24 21:03:11.670554
case_706,c,2025-02-24 19:28:11.670584
case_706,c,2025-02-24 19:33:11.670584
case_706,a,2025-02-24 19:38:11.670584
case_706,c,2025-02-24 19:43:11.670584
case_706,c,2025-02-24 19:48:11.670584
case_706,c,2025-02-24 19:53:11.670584
case_706,a,2025-02-24 19:58:11.670584
case_706,a,2025-02-24 20:03:11.670584
case_706,c,2025-02-24 20:08:11.670584
case_706,a,2025-02-24 20:13:11.670584
case_706,a,2025-02-24 20:18:11.670584
case_706,b,2025-02-24 20:23:11.670584
case_706,c,2025-02-24 20:28:11.670584
case_706,c,2025-02-24 20:33:11.670584
case_706,c,2025-02-24 20:38:11.670584
case_706,c,2025-02-24 20:43:11.670584
case_706,a,2025-02-24 20:48:11.670584
case_706,a,2025-02-24 20:53:11.670584
case_706,b,2025-02-24 20:58:11.670584
case_706,a,2025-02-24 21:03:11.670584
case_707,a,2025-02-24 19:28:11.670613
case_707,a,2025-02-24 19:33:11.670613
case_707,b,2025-02-24 19:38:11.670613
case_707,c,2025-02-24 19:43:11.670613
case_707,a,2025-02-24 19:48:11.670613
case_707,a,2025-02-24 19:53:11.670613
case_707,a,2025-02-24 19:58:11.670613
case_707,b,2025-02-24 20:03:11.670613
case_707,c,2025-02-24 20:08:11.670613
case_707,c,2025-02-24 20:13:11.670613
case_707,b,2025-02-24 20:18:11.670613
case_707,a,2025-02-24 20:23:11.670613
case_707,b,2025-02-24 20:28:11.670613
case_707,c,2025-02-24 20:33:11.670613
case_707,c,2025-02-24 20:38:11.670613
case_707,c,2025-02-24 20:43:11.670613
case_707,c,2025-02-24 20:48:11.670613
case_707,c,2025-02-24 20:53:11.670613
case_707,a,2025-02-24 20:58:11.670613
case_707,c,2025-02-24 21:03:11.670613
case_708,a,2025-02-24 19:28:11.670643
case_708,b,2025-02-24 19:33:11.670643
case_708,a,2025-02-24 19:38:11.670643
case_708,a,2025-02-24 19:43:11.670643
case_708,a,2025-02-24 19:48:11.670643
case_708,b,2025-02-24 19:53:11.670643
case_708,a,2025-02-24 19:58:11.670643
case_708,b,2025-02-24 20:03:11.670643
case_708,c,2025-02-24 20:08:11.670643
case_708,c,2025-02-24 20:13:11.670643
case_708,c,2025-02-24 20:18:11.670643
case_708,a,2025-02-24 20:23:11.670643
case_708,a,2025-02-24 20:28:11.670643
case_708,b,2025-02-24 20:33:11.670643
case_708,c,2025-02-24 20:38:11.670643
case_708,c,2025-02-24 20:43:11.670643
case_708,c,2025-02-24 20:48:11.670643
case_708,c,2025-02-24 20:53:11.670643
case_708,b,2025-02-24 20:58:11.670643
case_708,a,2025-02-24 21:03:11.670643
case_709,a,2025-02-24 19:28:11.670674
case_709,b,2025-02-24 19:33:11.670674
case_709,a,2025-02-24 19:38:11.670674
case_709,b,2025-02-24 19:43:11.670674
case_709,a,2025-02-24 19:48:11.670674
case_709,c,2025-02-24 19:53:11.670674
case_709,b,2025-02-24 19:58:11.670674
case_709,a,2025-02-24 20:03:11.670674
case_709,c,2025-02-24 20:08:11.670674
case_709,c,2025-02-24 20:13:11.670674
case_709,a,2025-02-24 20:18:11.670674
case_709,b,2025-02-24 20:23:11.670674
case_709,a,2025-02-24 20:28:11.670674
case_709,b,2025-02-24 20:33:11.670674
case_709,c,2025-02-24 20:38:11.670674
case_709,c,2025-02-24 20:43:11.670674
case_709,c,2025-02-24 20:48:11.670674
case_709,a,2025-02-24 20:53:11.670674
case_709,a,2025-02-24 20:58:11.670674
case_709,c,2025-02-24 21:03:11.670674
case_710,a,2025-02-24 19:28:11.670703
case_710,b,2025-02-24 19:33:11.670703
case_710,c,2025-02-24 19:38:11.670703
case_710,b,2025-02-24 19:43:11.670703
case_710,c,2025-02-24 19:48:11.670703
case_710,b,2025-02-24 19:53:11.670703
case_710,c,2025-02-24 19:58:11.670703
case_710,b,2025-02-24 20:03:11.670703
case_710,c,2025-02-24 20:08:11.670703
case_710,b,2025-02-24 20:13:11.670703
case_710,c,2025-02-24 20:18:11.670703
case_710,b,2025-02-24 20:23:11.670703
case_710,c,2025-02-24 20:28:11.670703
case_710,c,2025-02-24 20:33:11.670703
case_710,b,2025-02-24 20:38:11.670703
case_710,a,2025-02-24 20:43:11.670703
case_710,a,2025-02-24 20:48:11.670703
case_710,a,2025-02-24 20:53:11.670703
case_710,b,2025-02-24 20:58:11.670703
case_710,c,2025-02-24 21:03:11.670703
case_711,c,2025-02-24 19:28:11.670733
case_711,c,2025-02-24 19:33:11.670733
case_711,b,2025-02-24 19:38:11.670733
case_711,a,2025-02-24 19:43:11.670733
case_711,a,2025-02-24 19:48:11.670733
case_711,a,2025-02-24 19:53:11.670733
case_711,c,2025-02-24 19:58:11.670733
case_711,b,2025-02-24 20:03:11.670733
case_711,a,2025-02-24 20:08:11.670733
case_711,c,2025-02-24 20:13:11.670733
case_711,b,2025-02-24 20:18:11.670733
case_711,c,2025-02-24 20:23:11.670733
case_711,b,2025-02-24 20:28:11.670733
case_711,c,2025-02-24 20:33:11.670733
case_711,b,2025-02-24 20:38:11.670733
case_711,a,2025-02-24 20:43:11.670733
case_711,a,2025-02-24 20:48:11.670733
case_711,a,2025-02-24 20:53:11.670733
case_711,a,2025-02-24 20:58:11.670733
case_711,c,2025-02-24 21:03:11.670733
case_712,a,2025-02-24 19:28:11.670763
case_712,a,2025-02-24 19:33:11.670763
case_712,b,2025-02-24 19:38:11.670763
case_712,c,2025-02-24 19:43:11.670763
case_712,c,2025-02-24 19:48:11.670763
case_712,c,2025-02-24 19:53:11.670763
case_712,b,2025-02-24 19:58:11.670763
case_712,a,2025-02-24 20:03:11.670763
case_712,b,2025-02-24 20:08:11.670763
case_712,a,2025-02-24 20:13:11.670763
case_712,a,2025-02-24 20:18:11.670763
case_712,b,2025-02-24 20:23:11.670763
case_712,a,2025-02-24 20:28:11.670763
case_712,b,2025-02-24 20:33:11.670763
case_712,a,2025-02-24 20:38:11.670763
case_712,c,2025-02-24 20:43:11.670763
case_712,b,2025-02-24 20:48:11.670763
case_712,c,2025-02-24 20:53:11.670763
case_712,b,2025-02-24 20:58:11.670763
case_712,a,2025-02-24 21:03:11.670763
case_713,a,2025-02-24 19:28:11.670793
case_713,a,2025-02-24 19:33:11.670793
case_713,b,2025-02-24 19:38:11.670793
case_713,a,2025-02-24 19:43:11.670793
case_713,a,2025-02-24 19:48:11.670793
case_713,a,2025-02-24 19:53:11.670793
case_713,b,2025-02-24 19:58:11.670793
case_713,c,2025-02-24 20:03:11.670793
case_713,c,2025-02-24 20:08:11.670793
case_713,a,2025-02-24 20:13:11.670793
case_713,c,2025-02-24 20:18:11.670793
case_713,a,2025-02-24 20:23:11.670793
case_713,a,2025-02-24 20:28:11.670793
case_713,c,2025-02-24 20:33:11.670793
case_713,c,2025-02-24 20:38:11.670793
case_713,a,2025-02-24 20:43:11.670793
case_713,b,2025-02-24 20:48:11.670793
case_713,a,2025-02-24 20:53:11.670793
case_713,c,2025-02-24 20:58:11.670793
case_713,c,2025-02-24 21:03:11.670793
case_714,a,2025-02-24 19:28:11.670823
case_714,c,2025-02-24 19:33:11.670823
case_714,c,2025-02-24 19:38:11.670823
case_714,b,2025-02-24 19:43:11.670823
case_714,a,2025-02-24 19:48:11.670823
case_714,c,2025-02-24 19:53:11.670823
case_714,c,2025-02-24 19:58:11.670823
case_714,c,2025-02-24 20:03:11.670823
case_714,a,2025-02-24 20:08:11.670823
case_714,c,2025-02-24 20:13:11.670823
case_714,b,2025-02-24 20:18:11.670823
case_714,c,2025-02-24 20:23:11.670823
case_714,b,2025-02-24 20:28:11.670823
case_714,c,2025-02-24 20:33:11.670823
case_714,c,2025-02-24 20:38:11.670823
case_714,b,2025-02-24 20:43:11.670823
case_714,a,2025-02-24 20:48:11.670823
case_714,b,2025-02-24 20:53:11.670823
case_714,a,2025-02-24 20:58:11.670823
case_714,c,2025-02-24 21:03:11.670823
case_715,c,2025-02-24 19:28:11.670853
case_715,b,2025-02-24 19:33:11.670853
case_715,a,2025-02-24 19:38:11.670853
case_715,c,2025-02-24 19:43:11.670853
case_715,a,2025-02-24 19:48:11.670853
case_715,a,2025-02-24 19:53:11.670853
case_715,a,2025-02-24 19:58:11.670853
case_715,a,2025-02-24 20:03:11.670853
case_715,c,2025-02-24 20:08:11.670853
case_715,c,2025-02-24 20:13:11.670853
case_715,b,2025-02-24 20:18:11.670853
case_715,a,2025-02-24 20:23:11.670853
case_715,a,2025-02-24 20:28:11.670853
case_715,b,2025-02-24 20:33:11.670853
case_715,c,2025-02-24 20:38:11.670853
case_715,b,2025-02-24 20:43:11.670853
case_715,a,2025-02-24 20:48:11.670853
case_715,b,2025-02-24 20:53:11.670853
case_715,c,2025-02-24 20:58:11.670853
case_715,c,2025-02-24 21:03:11.670853
case_716,a,2025-02-24 19:28:11.670883
case_716,b,2025-02-24 19:33:11.670883
case_716,c,2025-02-24 19:38:11.670883
case_716,a,2025-02-24 19:43:11.670883
case_716,c,2025-02-24 19:48:11.670883
case_716,a,2025-02-24 19:53:11.670883
case_716,b,2025-02-24 19:58:11.670883
case_716,c,2025-02-24 20:03:11.670883
case_716,c,2025-02-24 20:08:11.670883
case_716,b,2025-02-24 20:13:11.670883
case_716,a,2025-02-24 20:18:11.670883
case_716,b,2025-02-24 20:23:11.670883
case_716,a,2025-02-24 20:28:11.670883
case_716,a,2025-02-24 20:33:11.670883
case_716,b,2025-02-24 20:38:11.670883
case_716,a,2025-02-24 20:43:11.670883
case_716,a,2025-02-24 20:48:11.670883
case_716,a,2025-02-24 20:53:11.670883
case_716,c,2025-02-24 20:58:11.670883
case_716,c,2025-02-24 21:03:11.670883
case_717,a,2025-02-24 19:28:11.670913
case_717,b,2025-02-24 19:33:11.670913
case_717,a,2025-02-24 19:38:11.670913
case_717,c,2025-02-24 19:43:11.670913
case_717,b,2025-02-24 19:48:11.670913
case_717,a,2025-02-24 19:53:11.670913
case_717,c,2025-02-24 19:58:11.670913
case_717,b,2025-02-24 20:03:11.670913
case_717,a,2025-02-24 20:08:11.670913
case_717,b,2025-02-24 20:13:11.670913
case_717,c,2025-02-24 20:18:11.670913
case_717,a,2025-02-24 20:23:11.670913
case_717,a,2025-02-24 20:28:11.670913
case_717,b,2025-02-24 20:33:11.670913
case_717,a,2025-02-24 20:38:11.670913
case_717,b,2025-02-24 20:43:11.670913
case_717,c,2025-02-24 20:48:11.670913
case_717,c,2025-02-24 20:53:11.670913
case_717,b,2025-02-24 20:58:11.670913
case_717,c,2025-02-24 21:03:11.670913
case_718,a,2025-02-24 19:28:11.670943
case_718,b,2025-02-24 19:33:11.670943
case_718,c,2025-02-24 19:38:11.670943
case_718,c,2025-02-24 19:43:11.670943
case_718,b,2025-02-24 19:48:11.670943
case_718,a,2025-02-24 19:53:11.670943
case_718,a,2025-02-24 19:58:11.670943
case_718,a,2025-02-24 20:03:11.670943
case_718,a,2025-02-24 20:08:11.670943
case_718,c,2025-02-24 20:13:11.670943
case_718,b,2025-02-24 20:18:11.670943
case_718,c,2025-02-24 20:23:11.670943
case_718,c,2025-02-24 20:28:11.670943
case_718,c,2025-02-24 20:33:11.670943
case_718,b,2025-02-24 20:38:11.670943
case_718,a,2025-02-24 20:43:11.670943
case_718,a,2025-02-24 20:48:11.670943
case_718,b,2025-02-24 20:53:11.670943
case_718,a,2025-02-24 20:58:11.670943
case_718,a,2025-02-24 21:03:11.670943
case_719,a,2025-02-24 19:28:11.670973
case_719,b,2025-02-24 19:33:11.670973
case_719,a,2025-02-24 19:38:11.670973
case_719,a,2025-02-24 19:43:11.670973
case_719,a,2025-02-24 19:48:11.670973
case_719,b,2025-02-24 19:53:11.670973
case_719,c,2025-02-24 19:58:11.670973
case_719,c,2025-02-24 20:03:11.670973
case_719,a,2025-02-24 20:08:11.670973
case_719,a,2025-02-24 20:13:11.670973
case_719,a,2025-02-24 20:18:11.670973
case_719,a,2025-02-24 20:23:11.670973
case_719,a,2025-02-24 20:28:11.670973
case_719,a,2025-02-24 20:33:11.670973
case_719,b,2025-02-24 20:38:11.670973
case_719,a,2025-02-24 20:43:11.670973
case_719,a,2025-02-24 20:48:11.670973
case_719,c,2025-02-24 20:53:11.670973
case_719,a,2025-02-24 20:58:11.670973
case_719,c,2025-02-24 21:03:11.670973
case_720,a,2025-02-24 19:28:11.671004
case_720,b,2025-02-24 19:33:11.671004
case_720,a,2025-02-24 19:38:11.671004
case_720,a,2025-02-24 19:43:11.671004
case_720,b,2025-02-24 19:48:11.671004
case_720,a,2025-02-24 19:53:11.671004
case_720,c,2025-02-24 19:58:11.671004
case_720,b,2025-02-24 20:03:11.671004
case_720,c,2025-02-24 20:08:11.671004
case_720,c,2025-02-24 20:13:11.671004
case_720,a,2025-02-24 20:18:11.671004
case_720,c,2025-02-24 20:23:11.671004
case_720,b,2025-02-24 20:28:11.671004
case_720,a,2025-02-24 20:33:11.671004
case_720,b,2025-02-24 20:38:11.671004
case_720,c,2025-02-24 20:43:11.671004
case_720,c,2025-02-24 20:48:11.671004
case_720,b,2025-02-24 20:53:11.671004
case_720,c,2025-02-24 20:58:11.671004
case_720,a,2025-02-24 21:03:11.671004
case_721,a,2025-02-24 19:28:11.671035
case_721,b,2025-02-24 19:33:11.671035
case_721,a,2025-02-24 19:38:11.671035
case_721,a,2025-02-24 19:43:11.671035
case_721,b,2025-02-24 19:48:11.671035
case_721,c,2025-02-24 19:53:11.671035
case_721,c,2025-02-24 19:58:11.671035
case_721,b,2025-02-24 20:03:11.671035
case_721,a,2025-02-24 20:08:11.671035
case_721,a,2025-02-24 20:13:11.671035
case_721,a,2025-02-24 20:18:11.671035
case_721,c,2025-02-24 20:23:11.671035
case_721,b,2025-02-24 20:28:11.671035
case_721,c,2025-02-24 20:33:11.671035
case_721,b,2025-02-24 20:38:11.671035
case_721,a,2025-02-24 20:43:11.671035
case_721,c,2025-02-24 20:48:11.671035
case_721,b,2025-02-24 20:53:11.671035
case_721,a,2025-02-24 20:58:11.671035
case_721,c,2025-02-24 21:03:11.671035
case_722,c,2025-02-24 19:28:11.671065
case_722,a,2025-02-24 19:33:11.671065
case_722,b,2025-02-24 19:38:11.671065
case_722,a,2025-02-24 19:43:11.671065
case_722,a,2025-02-24 19:48:11.671065
case_722,b,2025-02-24 19:53:11.671065
case_722,a,2025-02-24 19:58:11.671065
case_722,b,2025-02-24 20:03:11.671065
case_722,a,2025-02-24 20:08:11.671065
case_722,b,2025-02-24 20:13:11.671065
case_722,c,2025-02-24 20:18:11.671065
case_722,c,2025-02-24 20:23:11.671065
case_722,c,2025-02-24 20:28:11.671065
case_722,c,2025-02-24 20:33:11.671065
case_722,b,2025-02-24 20:38:11.671065
case_722,c,2025-02-24 20:43:11.671065
case_722,a,2025-02-24 20:48:11.671065
case_722,a,2025-02-24 20:53:11.671065
case_722,b,2025-02-24 20:58:11.671065
case_722,c,2025-02-24 21:03:11.671065
case_723,a,2025-02-24 19:28:11.671095
case_723,b,2025-02-24 19:33:11.671095
case_723,a,2025-02-24 19:38:11.671095
case_723,b,2025-02-24 19:43:11.671095
case_723,c,2025-02-24 19:48:11.671095
case_723,b,2025-02-24 19:53:11.671095
case_723,c,2025-02-24 19:58:11.671095
case_723,a,2025-02-24 20:03:11.671095
case_723,a,2025-02-24 20:08:11.671095
case_723,c,2025-02-24 20:13:11.671095
case_723,c,2025-02-24 20:18:11.671095
case_723,b,2025-02-24 20:23:11.671095
case_723,a,2025-02-24 20:28:11.671095
case_723,b,2025-02-24 20:33:11.671095
case_723,c,2025-02-24 20:38:11.671095
case_723,c,2025-02-24 20:43:11.671095
case_723,a,2025-02-24 20:48:11.671095
case_723,a,2025-02-24 20:53:11.671095
case_723,a,2025-02-24 20:58:11.671095
case_723,a,2025-02-24 21:03:11.671095
case_724,c,2025-02-24 19:28:11.671125
case_724,b,2025-02-24 19:33:11.671125
case_724,a,2025-02-24 19:38:11.671125
case_724,b,2025-02-24 19:43:11.671125
case_724,c,2025-02-24 19:48:11.671125
case_724,b,2025-02-24 19:53:11.671125
case_724,a,2025-02-24 19:58:11.671125
case_724,c,2025-02-24 20:03:11.671125
case_724,b,2025-02-24 20:08:11.671125
case_724,c,2025-02-24 20:13:11.671125
case_724,b,2025-02-24 20:18:11.671125
case_724,a,2025-02-24 20:23:11.671125
case_724,c,2025-02-24 20:28:11.671125
case_724,b,2025-02-24 20:33:11.671125
case_724,c,2025-02-24 20:38:11.671125
case_724,a,2025-02-24 20:43:11.671125
case_724,a,2025-02-24 20:48:11.671125
case_724,a,2025-02-24 20:53:11.671125
case_724,a,2025-02-24 20:58:11.671125
case_724,c,2025-02-24 21:03:11.671125
case_725,a,2025-02-24 19:28:11.671155
case_725,a,2025-02-24 19:33:11.671155
case_725,c,2025-02-24 19:38:11.671155
case_725,b,2025-02-24 19:43:11.671155
case_725,a,2025-02-24 19:48:11.671155
case_725,a,2025-02-24 19:53:11.671155
case_725,c,2025-02-24 19:58:11.671155
case_725,b,2025-02-24 20:03:11.671155
case_725,c,2025-02-24 20:08:11.671155
case_725,a,2025-02-24 20:13:11.671155
case_725,b,2025-02-24 20:18:11.671155
case_725,c,2025-02-24 20:23:11.671155
case_725,b,2025-02-24 20:28:11.671155
case_725,a,2025-02-24 20:33:11.671155
case_725,c,2025-02-24 20:38:11.671155
case_725,a,2025-02-24 20:43:11.671155
case_725,b,2025-02-24 20:48:11.671155
case_725,c,2025-02-24 20:53:11.671155
case_725,c,2025-02-24 20:58:11.671155
case_725,c,2025-02-24 21:03:11.671155
case_726,a,2025-02-24 19:28:11.671185
case_726,b,2025-02-24 19:33:11.671185
case_726,a,2025-02-24 19:38:11.671185
case_726,c,2025-02-24 19:43:11.671185
case_726,c,2025-02-24 19:48:11.671185
case_726,a,2025-02-24 19:53:11.671185
case_726,c,2025-02-24 19:58:11.671185
case_726,a,2025-02-24 20:03:11.671185
case_726,b,2025-02-24 20:08:11.671185
case_726,a,2025-02-24 20:13:11.671185
case_726,a,2025-02-24 20:18:11.671185
case_726,b,2025-02-24 20:23:11.671185
case_726,c,2025-02-24 20:28:11.671185
case_726,b,2025-02-24 20:33:11.671185
case_726,a,2025-02-24 20:38:11.671185
case_726,c,2025-02-24 20:43:11.671185
case_726,a,2025-02-24 20:48:11.671185
case_726,c,2025-02-24 20:53:11.671185
case_726,a,2025-02-24 20:58:11.671185
case_726,c,2025-02-24 21:03:11.671185
case_727,c,2025-02-24 19:28:11.671215
case_727,b,2025-02-24 19:33:11.671215
case_727,a,2025-02-24 19:38:11.671215
case_727,a,2025-02-24 19:43:11.671215
case_727,b,2025-02-24 19:48:11.671215
case_727,c,2025-02-24 19:53:11.671215
case_727,c,2025-02-24 19:58:11.671215
case_727,a,2025-02-24 20:03:11.671215
case_727,c,2025-02-24 20:08:11.671215
case_727,a,2025-02-24 20:13:11.671215
case_727,b,2025-02-24 20:18:11.671215
case_727,a,2025-02-24 20:23:11.671215
case_727,b,2025-02-24 20:28:11.671215
case_727,a,2025-02-24 20:33:11.671215
case_727,c,2025-02-24 20:38:11.671215
case_727,c,2025-02-24 20:43:11.671215
case_727,c,2025-02-24 20:48:11.671215
case_727,c,2025-02-24 20:53:11.671215
case_727,a,2025-02-24 20:58:11.671215
case_727,a,2025-02-24 21:03:11.671215
case_728,a,2025-02-24 19:28:11.671245
case_728,c,2025-02-24 19:33:11.671245
case_728,a,2025-02-24 19:38:11.671245
case_728,c,2025-02-24 19:43:11.671245
case_728,c,2025-02-24 19:48:11.671245
case_728,c,2025-02-24 19:53:11.671245
case_728,b,2025-02-24 19:58:11.671245
case_728,a,2025-02-24 20:03:11.671245
case_728,a,2025-02-24 20:08:11.671245
case_728,b,2025-02-24 20:13:11.671245
case_728,a,2025-02-24 20:18:11.671245
case_728,b,2025-02-24 20:23:11.671245
case_728,c,2025-02-24 20:28:11.671245
case_728,b,2025-02-24 20:33:11.671245
case_728,a,2025-02-24 20:38:11.671245
case_728,c,2025-02-24 20:43:11.671245
case_728,b,2025-02-24 20:48:11.671245
case_728,c,2025-02-24 20:53:11.671245
case_728,c,2025-02-24 20:58:11.671245
case_728,c,2025-02-24 21:03:11.671245
case_729,a,2025-02-24 19:28:11.671275
case_729,a,2025-02-24 19:33:11.671275
case_729,b,2025-02-24 19:38:11.671275
case_729,a,2025-02-24 19:43:11.671275
case_729,a,2025-02-24 19:48:11.671275
case_729,c,2025-02-24 19:53:11.671275
case_729,c,2025-02-24 19:58:11.671275
case_729,c,2025-02-24 20:03:11.671275
case_729,c,2025-02-24 20:08:11.671275
case_729,a,2025-02-24 20:13:11.671275
case_729,a,2025-02-24 20:18:11.671275
case_729,b,2025-02-24 20:23:11.671275
case_729,c,2025-02-24 20:28:11.671275
case_729,b,2025-02-24 20:33:11.671275
case_729,a,2025-02-24 20:38:11.671275
case_729,c,2025-02-24 20:43:11.671275
case_729,b,2025-02-24 20:48:11.671275
case_729,c,2025-02-24 20:53:11.671275
case_729,b,2025-02-24 20:58:11.671275
case_729,c,2025-02-24 21:03:11.671275
case_730,a,2025-02-24 19:28:11.671305
case_730,b,2025-02-24 19:33:11.671305
case_730,a,2025-02-24 19:38:11.671305
case_730,c,2025-02-24 19:43:11.671305
case_730,c,2025-02-24 19:48:11.671305
case_730,c,2025-02-24 19:53:11.671305
case_730,a,2025-02-24 19:58:11.671305
case_730,c,2025-02-24 20:03:11.671305
case_730,a,2025-02-24 20:08:11.671305
case_730,a,2025-02-24 20:13:11.671305
case_730,a,2025-02-24 20:18:11.671305
case_730,a,2025-02-24 20:23:11.671305
case_730,c,2025-02-24 20:28:11.671305
case_730,c,2025-02-24 20:33:11.671305
case_730,c,2025-02-24 20:38:11.671305
case_730,b,2025-02-24 20:43:11.671305
case_730,c,2025-02-24 20:48:11.671305
case_730,c,2025-02-24 20:53:11.671305
case_730,a,2025-02-24 20:58:11.671305
case_730,c,2025-02-24 21:03:11.671305
case_731,a,2025-02-24 19:28:11.671337
case_731,b,2025-02-24 19:33:11.671337
case_731,a,2025-02-24 19:38:11.671337
case_731,c,2025-02-24 19:43:11.671337
case_731,c,2025-02-24 19:48:11.671337
case_731,c,2025-02-24 19:53:11.671337
case_731,a,2025-02-24 19:58:11.671337
case_731,a,2025-02-24 20:03:11.671337
case_731,a,2025-02-24 20:08:11.671337
case_731,c,2025-02-24 20:13:11.671337
case_731,a,2025-02-24 20:18:11.671337
case_731,c,2025-02-24 20:23:11.671337
case_731,b,2025-02-24 20:28:11.671337
case_731,c,2025-02-24 20:33:11.671337
case_731,c,2025-02-24 20:38:11.671337
case_731,a,2025-02-24 20:43:11.671337
case_731,b,2025-02-24 20:48:11.671337
case_731,a,2025-02-24 20:53:11.671337
case_731,a,2025-02-24 20:58:11.671337
case_731,a,2025-02-24 21:03:11.671337
case_732,a,2025-02-24 19:28:11.671367
case_732,a,2025-02-24 19:33:11.671367
case_732,b,2025-02-24 19:38:11.671367
case_732,c,2025-02-24 19:43:11.671367
case_732,c,2025-02-24 19:48:11.671367
case_732,b,2025-02-24 19:53:11.671367
case_732,a,2025-02-24 19:58:11.671367
case_732,c,2025-02-24 20:03:11.671367
case_732,a,2025-02-24 20:08:11.671367
case_732,b,2025-02-24 20:13:11.671367
case_732,a,2025-02-24 20:18:11.671367
case_732,c,2025-02-24 20:23:11.671367
case_732,a,2025-02-24 20:28:11.671367
case_732,b,2025-02-24 20:33:11.671367
case_732,c,2025-02-24 20:38:11.671367
case_732,a,2025-02-24 20:43:11.671367
case_732,c,2025-02-24 20:48:11.671367
case_732,c,2025-02-24 20:53:11.671367
case_732,b,2025-02-24 20:58:11.671367
case_732,c,2025-02-24 21:03:11.671367
case_733,a,2025-02-24 19:28:11.671398
case_733,c,2025-02-24 19:33:11.671398
case_733,c,2025-02-24 19:38:11.671398
case_733,b,2025-02-24 19:43:11.671398
case_733,a,2025-02-24 19:48:11.671398
case_733,b,2025-02-24 19:53:11.671398
case_733,c,2025-02-24 19:58:11.671398
case_733,b,2025-02-24 20:03:11.671398
case_733,a,2025-02-24 20:08:11.671398
case_733,c,2025-02-24 20:13:11.671398
case_733,a,2025-02-24 20:18:11.671398
case_733,b,2025-02-24 20:23:11.671398
case_733,a,2025-02-24 20:28:11.671398
case_733,b,2025-02-24 20:33:11.671398
case_733,c,2025-02-24 20:38:11.671398
case_733,c,2025-02-24 20:43:11.671398
case_733,c,2025-02-24 20:48:11.671398
case_733,a,2025-02-24 20:53:11.671398
case_733,c,2025-02-24 20:58:11.671398
case_733,a,2025-02-24 21:03:11.671398
case_734,c,2025-02-24 19:28:11.671428
case_734,a,2025-02-24 19:33:11.671428
case_734,b,2025-02-24 19:38:11.671428
case_734,c,2025-02-24 19:43:11.671428
case_734,b,2025-02-24 19:48:11.671428
case_734,c,2025-02-24 19:53:11.671428
case_734,c,2025-02-24 19:58:11.671428
case_734,c,2025-02-24 20:03:11.671428
case_734,c,2025-02-24 20:08:11.671428
case_734,b,2025-02-24 20:13:11.671428
case_734,c,2025-02-24 20:18:11.671428
case_734,c,2025-02-24 20:23:11.671428
case_734,b,2025-02-24 20:28:11.671428
case_734,a,2025-02-24 20:33:11.671428
case_734,c,2025-02-24 20:38:11.671428
case_734,a,2025-02-24 20:43:11.671428
case_734,a,2025-02-24 20:48:11.671428
case_734,a,2025-02-24 20:53:11.671428
case_734,b,2025-02-24 20:58:11.671428
case_734,c,2025-02-24 21:03:11.671428
case_735,a,2025-02-24 19:28:11.671459
case_735,c,2025-02-24 19:33:11.671459
case_735,a,2025-02-24 19:38:11.671459
case_735,a,2025-02-24 19:43:11.671459
case_735,b,2025-02-24 19:48:11.671459
case_735,c,2025-02-24 19:53:11.671459
case_735,b,2025-02-24 19:58:11.671459
case_735,c,2025-02-24 20:03:11.671459
case_735,a,2025-02-24 20:08:11.671459
case_735,b,2025-02-24 20:13:11.671459
case_735,c,2025-02-24 20:18:11.671459
case_735,c,2025-02-24 20:23:11.671459
case_735,b,2025-02-24 20:28:11.671459
case_735,a,2025-02-24 20:33:11.671459
case_735,a,2025-02-24 20:38:11.671459
case_735,a,2025-02-24 20:43:11.671459
case_735,c,2025-02-24 20:48:11.671459
case_735,c,2025-02-24 20:53:11.671459
case_735,a,2025-02-24 20:58:11.671459
case_735,a,2025-02-24 21:03:11.671459
case_736,a,2025-02-24 19:28:11.671489
case_736,c,2025-02-24 19:33:11.671489
case_736,c,2025-02-24 19:38:11.671489
case_736,b,2025-02-24 19:43:11.671489
case_736,c,2025-02-24 19:48:11.671489
case_736,c,2025-02-24 19:53:11.671489
case_736,b,2025-02-24 19:58:11.671489
case_736,a,2025-02-24 20:03:11.671489
case_736,b,2025-02-24 20:08:11.671489
case_736,a,2025-02-24 20:13:11.671489
case_736,c,2025-02-24 20:18:11.671489
case_736,a,2025-02-24 20:23:11.671489
case_736,b,2025-02-24 20:28:11.671489
case_736,a,2025-02-24 20:33:11.671489
case_736,c,2025-02-24 20:38:11.671489
case_736,a,2025-02-24 20:43:11.671489
case_736,a,2025-02-24 20:48:11.671489
case_736,b,2025-02-24 20:53:11.671489
case_736,a,2025-02-24 20:58:11.671489
case_736,a,2025-02-24 21:03:11.671489
case_737,a,2025-02-24 19:28:11.671519
case_737,b,2025-02-24 19:33:11.671519
case_737,a,2025-02-24 19:38:11.671519
case_737,b,2025-02-24 19:43:11.671519
case_737,c,2025-02-24 19:48:11.671519
case_737,b,2025-02-24 19:53:11.671519
case_737,c,2025-02-24 19:58:11.671519
case_737,c,2025-02-24 20:03:11.671519
case_737,b,2025-02-24 20:08:11.671519
case_737,a,2025-02-24 20:13:11.671519
case_737,c,2025-02-24 20:18:11.671519
case_737,c,2025-02-24 20:23:11.671519
case_737,b,2025-02-24 20:28:11.671519
case_737,c,2025-02-24 20:33:11.671519
case_737,c,2025-02-24 20:38:11.671519
case_737,b,2025-02-24 20:43:11.671519
case_737,a,2025-02-24 20:48:11.671519
case_737,a,2025-02-24 20:53:11.671519
case_737,b,2025-02-24 20:58:11.671519
case_737,a,2025-02-24 21:03:11.671519
case_738,a,2025-02-24 19:28:11.671550
case_738,c,2025-02-24 19:33:11.671550
case_738,c,2025-02-24 19:38:11.671550
case_738,a,2025-02-24 19:43:11.671550
case_738,b,2025-02-24 19:48:11.671550
case_738,a,2025-02-24 19:53:11.671550
case_738,c,2025-02-24 19:58:11.671550
case_738,c,2025-02-24 20:03:11.671550
case_738,b,2025-02-24 20:08:11.671550
case_738,a,2025-02-24 20:13:11.671550
case_738,c,2025-02-24 20:18:11.671550
case_738,b,2025-02-24 20:23:11.671550
case_738,a,2025-02-24 20:28:11.671550
case_738,b,2025-02-24 20:33:11.671550
case_738,c,2025-02-24 20:38:11.671550
case_738,a,2025-02-24 20:43:11.671550
case_738,a,2025-02-24 20:48:11.671550
case_738,b,2025-02-24 20:53:11.671550
case_738,a,2025-02-24 20:58:11.671550
case_738,a,2025-02-24 21:03:11.671550
case_739,a,2025-02-24 19:28:11.671581
case_739,b,2025-02-24 19:33:11.671581
case_739,a,2025-02-24 19:38:11.671581
case_739,a,2025-02-24 19:43:11.671581
case_739,b,2025-02-24 19:48:11.671581
case_739,c,2025-02-24 19:53:11.671581
case_739,b,2025-02-24 19:58:11.671581
case_739,a,2025-02-24 20:03:11.671581
case_739,c,2025-02-24 20:08:11.671581
case_739,b,2025-02-24 20:13:11.671581
case_739,a,2025-02-24 20:18:11.671581
case_739,b,2025-02-24 20:23:11.671581
case_739,c,2025-02-24 20:28:11.671581
case_739,b,2025-02-24 20:33:11.671581
case_739,a,2025-02-24 20:38:11.671581
case_739,c,2025-02-24 20:43:11.671581
case_739,c,2025-02-24 20:48:11.671581
case_739,c,2025-02-24 20:53:11.671581
case_739,b,2025-02-24 20:58:11.671581
case_739,c,2025-02-24 21:03:11.671581
case_740,a,2025-02-24 19:28:11.671611
case_740,b,2025-02-24 19:33:11.671611
case_740,c,2025-02-24 19:38:11.671611
case_740,c,2025-02-24 19:43:11.671611
case_740,b,2025-02-24 19:48:11.671611
case_740,a,2025-02-24 19:53:11.671611
case_740,b,2025-02-24 19:58:11.671611
case_740,c,2025-02-24 20:03:11.671611
case_740,b,2025-02-24 20:08:11.671611
case_740,a,2025-02-24 20:13:11.671611
case_740,a,2025-02-24 20:18:11.671611
case_740,c,2025-02-24 20:23:11.671611
case_740,b,2025-02-24 20:28:11.671611
case_740,a,2025-02-24 20:33:11.671611
case_740,c,2025-02-24 20:38:11.671611
case_740,a,2025-02-24 20:43:11.671611
case_740,c,2025-02-24 20:48:11.671611
case_740,b,2025-02-24 20:53:11.671611
case_740,a,2025-02-24 20:58:11.671611
case_740,c,2025-02-24 21:03:11.671611
case_741,a,2025-02-24 19:28:11.671645
case_741,b,2025-02-24 19:33:11.671645
case_741,c,2025-02-24 19:38:11.671645
case_741,b,2025-02-24 19:43:11.671645
case_741,c,2025-02-24 19:48:11.671645
case_741,c,2025-02-24 19:53:11.671645
case_741,a,2025-02-24 19:58:11.671645
case_741,b,2025-02-24 20:03:11.671645
case_741,a,2025-02-24 20:08:11.671645
case_741,a,2025-02-24 20:13:11.671645
case_741,c,2025-02-24 20:18:11.671645
case_741,c,2025-02-24 20:23:11.671645
case_741,a,2025-02-24 20:28:11.671645
case_741,c,2025-02-24 20:33:11.671645
case_741,b,2025-02-24 20:38:11.671645
case_741,c,2025-02-24 20:43:11.671645
case_741,b,2025-02-24 20:48:11.671645
case_741,c,2025-02-24 20:53:11.671645
case_741,a,2025-02-24 20:58:11.671645
case_741,c,2025-02-24 21:03:11.671645
case_742,a,2025-02-24 19:28:11.671676
case_742,b,2025-02-24 19:33:11.671676
case_742,a,2025-02-24 19:38:11.671676
case_742,a,2025-02-24 19:43:11.671676
case_742,a,2025-02-24 19:48:11.671676
case_742,b,2025-02-24 19:53:11.671676
case_742,a,2025-02-24 19:58:11.671676
case_742,c,2025-02-24 20:03:11.671676
case_742,b,2025-02-24 20:08:11.671676
case_742,a,2025-02-24 20:13:11.671676
case_742,c,2025-02-24 20:18:11.671676
case_742,a,2025-02-24 20:23:11.671676
case_742,b,2025-02-24 20:28:11.671676
case_742,c,2025-02-24 20:33:11.671676
case_742,c,2025-02-24 20:38:11.671676
case_742,c,2025-02-24 20:43:11.671676
case_742,c,2025-02-24 20:48:11.671676
case_742,b,2025-02-24 20:53:11.671676
case_742,a,2025-02-24 20:58:11.671676
case_742,a,2025-02-24 21:03:11.671676
case_743,c,2025-02-24 19:28:11.671706
case_743,b,2025-02-24 19:33:11.671706
case_743,c,2025-02-24 19:38:11.671706
case_743,b,2025-02-24 19:43:11.671706
case_743,c,2025-02-24 19:48:11.671706
case_743,c,2025-02-24 19:53:11.671706
case_743,b,2025-02-24 19:58:11.671706
case_743,c,2025-02-24 20:03:11.671706
case_743,b,2025-02-24 20:08:11.671706
case_743,a,2025-02-24 20:13:11.671706
case_743,b,2025-02-24 20:18:11.671706
case_743,a,2025-02-24 20:23:11.671706
case_743,b,2025-02-24 20:28:11.671706
case_743,a,2025-02-24 20:33:11.671706
case_743,c,2025-02-24 20:38:11.671706
case_743,b,2025-02-24 20:43:11.671706
case_743,c,2025-02-24 20:48:11.671706
case_743,c,2025-02-24 20:53:11.671706
case_743,b,2025-02-24 20:58:11.671706
case_743,a,2025-02-24 21:03:11.671706
case_744,c,2025-02-24 19:28:11.671736
case_744,c,2025-02-24 19:33:11.671736
case_744,a,2025-02-24 19:38:11.671736
case_744,a,2025-02-24 19:43:11.671736
case_744,a,2025-02-24 19:48:11.671736
case_744,b,2025-02-24 19:53:11.671736
case_744,a,2025-02-24 19:58:11.671736
case_744,c,2025-02-24 20:03:11.671736
case_744,a,2025-02-24 20:08:11.671736
case_744,c,2025-02-24 20:13:11.671736
case_744,a,2025-02-24 20:18:11.671736
case_744,c,2025-02-24 20:23:11.671736
case_744,c,2025-02-24 20:28:11.671736
case_744,c,2025-02-24 20:33:11.671736
case_744,c,2025-02-24 20:38:11.671736
case_744,c,2025-02-24 20:43:11.671736
case_744,c,2025-02-24 20:48:11.671736
case_744,a,2025-02-24 20:53:11.671736
case_744,b,2025-02-24 20:58:11.671736
case_744,c,2025-02-24 21:03:11.671736
case_745,a,2025-02-24 19:28:11.671766
case_745,c,2025-02-24 19:33:11.671766
case_745,b,2025-02-24 19:38:11.671766
case_745,a,2025-02-24 19:43:11.671766
case_745,b,2025-02-24 19:48:11.671766
case_745,c,2025-02-24 19:53:11.671766
case_745,b,2025-02-24 19:58:11.671766
case_745,a,2025-02-24 20:03:11.671766
case_745,c,2025-02-24 20:08:11.671766
case_745,b,2025-02-24 20:13:11.671766
case_745,a,2025-02-24 20:18:11.671766
case_745,c,2025-02-24 20:23:11.671766
case_745,a,2025-02-24 20:28:11.671766
case_745,b,2025-02-24 20:33:11.671766
case_745,a,2025-02-24 20:38:11.671766
case_745,b,2025-02-24 20:43:11.671766
case_745,a,2025-02-24 20:48:11.671766
case_745,b,2025-02-24 20:53:11.671766
case_745,a,2025-02-24 20:58:11.671766
case_745,c,2025-02-24 21:03:11.671766
case_746,c,2025-02-24 19:28:11.671797
case_746,b,2025-02-24 19:33:11.671797
case_746,c,2025-02-24 19:38:11.671797
case_746,c,2025-02-24 19:43:11.671797
case_746,a,2025-02-24 19:48:11.671797
case_746,a,2025-02-24 19:53:11.671797
case_746,b,2025-02-24 19:58:11.671797
case_746,c,2025-02-24 20:03:11.671797
case_746,a,2025-02-24 20:08:11.671797
case_746,c,2025-02-24 20:13:11.671797
case_746,a,2025-02-24 20:18:11.671797
case_746,a,2025-02-24 20:23:11.671797
case_746,c,2025-02-24 20:28:11.671797
case_746,c,2025-02-24 20:33:11.671797
case_746,b,2025-02-24 20:38:11.671797
case_746,a,2025-02-24 20:43:11.671797
case_746,b,2025-02-24 20:48:11.671797
case_746,c,2025-02-24 20:53:11.671797
case_746,a,2025-02-24 20:58:11.671797
case_746,a,2025-02-24 21:03:11.671797
case_747,c,2025-02-24 19:28:11.671827
case_747,a,2025-02-24 19:33:11.671827
case_747,c,2025-02-24 19:38:11.671827
case_747,a,2025-02-24 19:43:11.671827
case_747,a,2025-02-24 19:48:11.671827
case_747,c,2025-02-24 19:53:11.671827
case_747,c,2025-02-24 19:58:11.671827
case_747,b,2025-02-24 20:03:11.671827
case_747,a,2025-02-24 20:08:11.671827
case_747,c,2025-02-24 20:13:11.671827
case_747,c,2025-02-24 20:18:11.671827
case_747,a,2025-02-24 20:23:11.671827
case_747,a,2025-02-24 20:28:11.671827
case_747,c,2025-02-24 20:33:11.671827
case_747,b,2025-02-24 20:38:11.671827
case_747,a,2025-02-24 20:43:11.671827
case_747,a,2025-02-24 20:48:11.671827
case_747,a,2025-02-24 20:53:11.671827
case_747,c,2025-02-24 20:58:11.671827
case_747,c,2025-02-24 21:03:11.671827
case_748,c,2025-02-24 19:28:11.671857
case_748,b,2025-02-24 19:33:11.671857
case_748,a,2025-02-24 19:38:11.671857
case_748,a,2025-02-24 19:43:11.671857
case_748,c,2025-02-24 19:48:11.671857
case_748,b,2025-02-24 19:53:11.671857
case_748,c,2025-02-24 19:58:11.671857
case_748,b,2025-02-24 20:03:11.671857
case_748,c,2025-02-24 20:08:11.671857
case_748,a,2025-02-24 20:13:11.671857
case_748,b,2025-02-24 20:18:11.671857
case_748,c,2025-02-24 20:23:11.671857
case_748,b,2025-02-24 20:28:11.671857
case_748,a,2025-02-24 20:33:11.671857
case_748,c,2025-02-24 20:38:11.671857
case_748,a,2025-02-24 20:43:11.671857
case_748,b,2025-02-24 20:48:11.671857
case_748,c,2025-02-24 20:53:11.671857
case_748,c,2025-02-24 20:58:11.671857
case_748,a,2025-02-24 21:03:11.671857
case_749,c,2025-02-24 19:28:11.671888
case_749,c,2025-02-24 19:33:11.671888
case_749,b,2025-02-24 19:38:11.671888
case_749,a,2025-02-24 19:43:11.671888
case_749,b,2025-02-24 19:48:11.671888
case_749,a,2025-02-24 19:53:11.671888
case_749,b,2025-02-24 19:58:11.671888
case_749,c,2025-02-24 20:03:11.671888
case_749,a,2025-02-24 20:08:11.671888
case_749,c,2025-02-24 20:13:11.671888
case_749,b,2025-02-24 20:18:11.671888
case_749,c,2025-02-24 20:23:11.671888
case_749,c,2025-02-24 20:28:11.671888
case_749,c,2025-02-24 20:33:11.671888
case_749,b,2025-02-24 20:38:11.671888
case_749,a,2025-02-24 20:43:11.671888
case_749,a,2025-02-24 20:48:11.671888
case_749,b,2025-02-24 20:53:11.671888
case_749,c,2025-02-24 20:58:11.671888
case_749,c,2025-02-24 21:03:11.671888
case_750,c,2025-02-24 19:28:11.671918
case_750,a,2025-02-24 19:33:11.671918
case_750,c,2025-02-24 19:38:11.671918
case_750,b,2025-02-24 19:43:11.671918
case_750,a,2025-02-24 19:48:11.671918
case_750,a,2025-02-24 19:53:11.671918
case_750,a,2025-02-24 19:58:11.671918
case_750,a,2025-02-24 20:03:11.671918
case_750,c,2025-02-24 20:08:11.671918
case_750,a,2025-02-24 20:13:11.671918
case_750,c,2025-02-24 20:18:11.671918
case_750,c,2025-02-24 20:23:11.671918
case_750,a,2025-02-24 20:28:11.671918
case_750,c,2025-02-24 20:33:11.671918
case_750,c,2025-02-24 20:38:11.671918
case_750,c,2025-02-24 20:43:11.671918
case_750,c,2025-02-24 20:48:11.671918
case_750,b,2025-02-24 20:53:11.671918
case_750,a,2025-02-24 20:58:11.671918
case_750,c,2025-02-24 21:03:11.671918
case_751,a,2025-02-24 19:28:11.671948
case_751,b,2025-02-24 19:33:11.671948
case_751,c,2025-02-24 19:38:11.671948
case_751,b,2025-02-24 19:43:11.671948
case_751,c,2025-02-24 19:48:11.671948
case_751,a,2025-02-24 19:53:11.671948
case_751,b,2025-02-24 19:58:11.671948
case_751,c,2025-02-24 20:03:11.671948
case_751,b,2025-02-24 20:08:11.671948
case_751,a,2025-02-24 20:13:11.671948
case_751,c,2025-02-24 20:18:11.671948
case_751,b,2025-02-24 20:23:11.671948
case_751,a,2025-02-24 20:28:11.671948
case_751,b,2025-02-24 20:33:11.671948
case_751,c,2025-02-24 20:38:11.671948
case_751,b,2025-02-24 20:43:11.671948
case_751,c,2025-02-24 20:48:11.671948
case_751,a,2025-02-24 20:53:11.671948
case_751,c,2025-02-24 20:58:11.671948
case_751,a,2025-02-24 21:03:11.671948
case_752,a,2025-02-24 19:28:11.671978
case_752,c,2025-02-24 19:33:11.671978
case_752,c,2025-02-24 19:38:11.671978
case_752,c,2025-02-24 19:43:11.671978
case_752,c,2025-02-24 19:48:11.671978
case_752,b,2025-02-24 19:53:11.671978
case_752,c,2025-02-24 19:58:11.671978
case_752,a,2025-02-24 20:03:11.671978
case_752,a,2025-02-24 20:08:11.671978
case_752,a,2025-02-24 20:13:11.671978
case_752,c,2025-02-24 20:18:11.671978
case_752,c,2025-02-24 20:23:11.671978
case_752,a,2025-02-24 20:28:11.671978
case_752,c,2025-02-24 20:33:11.671978
case_752,a,2025-02-24 20:38:11.671978
case_752,c,2025-02-24 20:43:11.671978
case_752,b,2025-02-24 20:48:11.671978
case_752,c,2025-02-24 20:53:11.671978
case_752,a,2025-02-24 20:58:11.671978
case_752,a,2025-02-24 21:03:11.671978
case_753,c,2025-02-24 19:28:11.672009
case_753,b,2025-02-24 19:33:11.672009
case_753,a,2025-02-24 19:38:11.672009
case_753,a,2025-02-24 19:43:11.672009
case_753,a,2025-02-24 19:48:11.672009
case_753,a,2025-02-24 19:53:11.672009
case_753,b,2025-02-24 19:58:11.672009
case_753,a,2025-02-24 20:03:11.672009
case_753,b,2025-02-24 20:08:11.672009
case_753,c,2025-02-24 20:13:11.672009
case_753,a,2025-02-24 20:18:11.672009
case_753,c,2025-02-24 20:23:11.672009
case_753,b,2025-02-24 20:28:11.672009
case_753,a,2025-02-24 20:33:11.672009
case_753,c,2025-02-24 20:38:11.672009
case_753,a,2025-02-24 20:43:11.672009
case_753,c,2025-02-24 20:48:11.672009
case_753,a,2025-02-24 20:53:11.672009
case_753,a,2025-02-24 20:58:11.672009
case_753,c,2025-02-24 21:03:11.672009
case_754,c,2025-02-24 19:28:11.672039
case_754,a,2025-02-24 19:33:11.672039
case_754,a,2025-02-24 19:38:11.672039
case_754,c,2025-02-24 19:43:11.672039
case_754,b,2025-02-24 19:48:11.672039
case_754,c,2025-02-24 19:53:11.672039
case_754,b,2025-02-24 19:58:11.672039
case_754,c,2025-02-24 20:03:11.672039
case_754,a,2025-02-24 20:08:11.672039
case_754,c,2025-02-24 20:13:11.672039
case_754,b,2025-02-24 20:18:11.672039
case_754,c,2025-02-24 20:23:11.672039
case_754,b,2025-02-24 20:28:11.672039
case_754,a,2025-02-24 20:33:11.672039
case_754,a,2025-02-24 20:38:11.672039
case_754,b,2025-02-24 20:43:11.672039
case_754,a,2025-02-24 20:48:11.672039
case_754,b,2025-02-24 20:53:11.672039
case_754,a,2025-02-24 20:58:11.672039
case_754,a,2025-02-24 21:03:11.672039
case_755,a,2025-02-24 19:28:11.672069
case_755,a,2025-02-24 19:33:11.672069
case_755,a,2025-02-24 19:38:11.672069
case_755,b,2025-02-24 19:43:11.672069
case_755,c,2025-02-24 19:48:11.672069
case_755,a,2025-02-24 19:53:11.672069
case_755,b,2025-02-24 19:58:11.672069
case_755,c,2025-02-24 20:03:11.672069
case_755,c,2025-02-24 20:08:11.672069
case_755,a,2025-02-24 20:13:11.672069
case_755,b,2025-02-24 20:18:11.672069
case_755,a,2025-02-24 20:23:11.672069
case_755,a,2025-02-24 20:28:11.672069
case_755,c,2025-02-24 20:33:11.672069
case_755,a,2025-02-24 20:38:11.672069
case_755,a,2025-02-24 20:43:11.672069
case_755,a,2025-02-24 20:48:11.672069
case_755,c,2025-02-24 20:53:11.672069
case_755,b,2025-02-24 20:58:11.672069
case_755,a,2025-02-24 21:03:11.672069
case_756,a,2025-02-24 19:28:11.672099
case_756,a,2025-02-24 19:33:11.672099
case_756,c,2025-02-24 19:38:11.672099
case_756,a,2025-02-24 19:43:11.672099
case_756,a,2025-02-24 19:48:11.672099
case_756,b,2025-02-24 19:53:11.672099
case_756,c,2025-02-24 19:58:11.672099
case_756,a,2025-02-24 20:03:11.672099
case_756,c,2025-02-24 20:08:11.672099
case_756,a,2025-02-24 20:13:11.672099
case_756,c,2025-02-24 20:18:11.672099
case_756,a,2025-02-24 20:23:11.672099
case_756,b,2025-02-24 20:28:11.672099
case_756,c,2025-02-24 20:33:11.672099
case_756,b,2025-02-24 20:38:11.672099
case_756,c,2025-02-24 20:43:11.672099
case_756,c,2025-02-24 20:48:11.672099
case_756,a,2025-02-24 20:53:11.672099
case_756,b,2025-02-24 20:58:11.672099
case_756,c,2025-02-24 21:03:11.672099
case_757,a,2025-02-24 19:28:11.672129
case_757,a,2025-02-24 19:33:11.672129
case_757,a,2025-02-24 19:38:11.672129
case_757,c,2025-02-24 19:43:11.672129
case_757,c,2025-02-24 19:48:11.672129
case_757,a,2025-02-24 19:53:11.672129
case_757,b,2025-02-24 19:58:11.672129
case_757,c,2025-02-24 20:03:11.672129
case_757,c,2025-02-24 20:08:11.672129
case_757,a,2025-02-24 20:13:11.672129
case_757,a,2025-02-24 20:18:11.672129
case_757,c,2025-02-24 20:23:11.672129
case_757,b,2025-02-24 20:28:11.672129
case_757,c,2025-02-24 20:33:11.672129
case_757,b,2025-02-24 20:38:11.672129
case_757,c,2025-02-24 20:43:11.672129
case_757,a,2025-02-24 20:48:11.672129
case_757,b,2025-02-24 20:53:11.672129
case_757,c,2025-02-24 20:58:11.672129
case_757,a,2025-02-24 21:03:11.672129
case_758,a,2025-02-24 19:28:11.672160
case_758,b,2025-02-24 19:33:11.672160
case_758,a,2025-02-24 19:38:11.672160
case_758,c,2025-02-24 19:43:11.672160
case_758,a,2025-02-24 19:48:11.672160
case_758,c,2025-02-24 19:53:11.672160
case_758,b,2025-02-24 19:58:11.672160
case_758,a,2025-02-24 20:03:11.672160
case_758,c,2025-02-24 20:08:11.672160
case_758,b,2025-02-24 20:13:11.672160
case_758,c,2025-02-24 20:18:11.672160
case_758,a,2025-02-24 20:23:11.672160
case_758,b,2025-02-24 20:28:11.672160
case_758,a,2025-02-24 20:33:11.672160
case_758,b,2025-02-24 20:38:11.672160
case_758,c,2025-02-24 20:43:11.672160
case_758,b,2025-02-24 20:48:11.672160
case_758,a,2025-02-24 20:53:11.672160
case_758,a,2025-02-24 20:58:11.672160
case_758,c,2025-02-24 21:03:11.672160
case_759,c,2025-02-24 19:28:11.672190
case_759,c,2025-02-24 19:33:11.672190
case_759,c,2025-02-24 19:38:11.672190
case_759,c,2025-02-24 19:43:11.672190
case_759,c,2025-02-24 19:48:11.672190
case_759,a,2025-02-24 19:53:11.672190
case_759,c,2025-02-24 19:58:11.672190
case_759,b,2025-02-24 20:03:11.672190
case_759,a,2025-02-24 20:08:11.672190
case_759,c,2025-02-24 20:13:11.672190
case_759,b,2025-02-24 20:18:11.672190
case_759,c,2025-02-24 20:23:11.672190
case_759,a,2025-02-24 20:28:11.672190
case_759,a,2025-02-24 20:33:11.672190
case_759,c,2025-02-24 20:38:11.672190
case_759,c,2025-02-24 20:43:11.672190
case_759,b,2025-02-24 20:48:11.672190
case_759,c,2025-02-24 20:53:11.672190
case_759,c,2025-02-24 20:58:11.672190
case_759,a,2025-02-24 21:03:11.672190
case_760,a,2025-02-24 19:28:11.672220
case_760,c,2025-02-24 19:33:11.672220
case_760,c,2025-02-24 19:38:11.672220
case_760,b,2025-02-24 19:43:11.672220
case_760,c,2025-02-24 19:48:11.672220
case_760,a,2025-02-24 19:53:11.672220
case_760,a,2025-02-24 19:58:11.672220
case_760,a,2025-02-24 20:03:11.672220
case_760,a,2025-02-24 20:08:11.672220
case_760,a,2025-02-24 20:13:11.672220
case_760,c,2025-02-24 20:18:11.672220
case_760,c,2025-02-24 20:23:11.672220
case_760,c,2025-02-24 20:28:11.672220
case_760,a,2025-02-24 20:33:11.672220
case_760,c,2025-02-24 20:38:11.672220
case_760,b,2025-02-24 20:43:11.672220
case_760,c,2025-02-24 20:48:11.672220
case_760,c,2025-02-24 20:53:11.672220
case_760,b,2025-02-24 20:58:11.672220
case_760,a,2025-02-24 21:03:11.672220
case_761,a,2025-02-24 19:28:11.672251
case_761,b,2025-02-24 19:33:11.672251
case_761,c,2025-02-24 19:38:11.672251
case_761,b,2025-02-24 19:43:11.672251
case_761,a,2025-02-24 19:48:11.672251
case_761,b,2025-02-24 19:53:11.672251
case_761,a,2025-02-24 19:58:11.672251
case_761,a,2025-02-24 20:03:11.672251
case_761,a,2025-02-24 20:08:11.672251
case_761,a,2025-02-24 20:13:11.672251
case_761,c,2025-02-24 20:18:11.672251
case_761,a,2025-02-24 20:23:11.672251
case_761,b,2025-02-24 20:28:11.672251
case_761,c,2025-02-24 20:33:11.672251
case_761,a,2025-02-24 20:38:11.672251
case_761,b,2025-02-24 20:43:11.672251
case_761,c,2025-02-24 20:48:11.672251
case_761,b,2025-02-24 20:53:11.672251
case_761,a,2025-02-24 20:58:11.672251
case_761,c,2025-02-24 21:03:11.672251
case_762,a,2025-02-24 19:28:11.672281
case_762,c,2025-02-24 19:33:11.672281
case_762,c,2025-02-24 19:38:11.672281
case_762,b,2025-02-24 19:43:11.672281
case_762,c,2025-02-24 19:48:11.672281
case_762,a,2025-02-24 19:53:11.672281
case_762,b,2025-02-24 19:58:11.672281
case_762,c,2025-02-24 20:03:11.672281
case_762,c,2025-02-24 20:08:11.672281
case_762,a,2025-02-24 20:13:11.672281
case_762,a,2025-02-24 20:18:11.672281
case_762,a,2025-02-24 20:23:11.672281
case_762,c,2025-02-24 20:28:11.672281
case_762,b,2025-02-24 20:33:11.672281
case_762,a,2025-02-24 20:38:11.672281
case_762,a,2025-02-24 20:43:11.672281
case_762,b,2025-02-24 20:48:11.672281
case_762,c,2025-02-24 20:53:11.672281
case_762,c,2025-02-24 20:58:11.672281
case_762,a,2025-02-24 21:03:11.672281
case_763,a,2025-02-24 19:28:11.672311
case_763,a,2025-02-24 19:33:11.672311
case_763,c,2025-02-24 19:38:11.672311
case_763,b,2025-02-24 19:43:11.672311
case_763,c,2025-02-24 19:48:11.672311
case_763,c,2025-02-24 19:53:11.672311
case_763,c,2025-02-24 19:58:11.672311
case_763,a,2025-02-24 20:03:11.672311
case_763,c,2025-02-24 20:08:11.672311
case_763,b,2025-02-24 20:13:11.672311
case_763,a,2025-02-24 20:18:11.672311
case_763,c,2025-02-24 20:23:11.672311
case_763,b,2025-02-24 20:28:11.672311
case_763,c,2025-02-24 20:33:11.672311
case_763,a,2025-02-24 20:38:11.672311
case_763,c,2025-02-24 20:43:11.672311
case_763,a,2025-02-24 20:48:11.672311
case_763,a,2025-02-24 20:53:11.672311
case_763,c,2025-02-24 20:58:11.672311
case_763,c,2025-02-24 21:03:11.672311
case_764,a,2025-02-24 19:28:11.672343
case_764,a,2025-02-24 19:33:11.672343
case_764,b,2025-02-24 19:38:11.672343
case_764,a,2025-02-24 19:43:11.672343
case_764,b,2025-02-24 19:48:11.672343
case_764,c,2025-02-24 19:53:11.672343
case_764,c,2025-02-24 19:58:11.672343
case_764,b,2025-02-24 20:03:11.672343
case_764,c,2025-02-24 20:08:11.672343
case_764,b,2025-02-24 20:13:11.672343
case_764,a,2025-02-24 20:18:11.672343
case_764,c,2025-02-24 20:23:11.672343
case_764,c,2025-02-24 20:28:11.672343
case_764,c,2025-02-24 20:33:11.672343
case_764,a,2025-02-24 20:38:11.672343
case_764,a,2025-02-24 20:43:11.672343
case_764,b,2025-02-24 20:48:11.672343
case_764,a,2025-02-24 20:53:11.672343
case_764,a,2025-02-24 20:58:11.672343
case_764,c,2025-02-24 21:03:11.672343
case_765,a,2025-02-24 19:28:11.672374
case_765,b,2025-02-24 19:33:11.672374
case_765,a,2025-02-24 19:38:11.672374
case_765,a,2025-02-24 19:43:11.672374
case_765,c,2025-02-24 19:48:11.672374
case_765,c,2025-02-24 19:53:11.672374
case_765,b,2025-02-24 19:58:11.672374
case_765,a,2025-02-24 20:03:11.672374
case_765,a,2025-02-24 20:08:11.672374
case_765,c,2025-02-24 20:13:11.672374
case_765,a,2025-02-24 20:18:11.672374
case_765,b,2025-02-24 20:23:11.672374
case_765,c,2025-02-24 20:28:11.672374
case_765,a,2025-02-24 20:33:11.672374
case_765,b,2025-02-24 20:38:11.672374
case_765,c,2025-02-24 20:43:11.672374
case_765,b,2025-02-24 20:48:11.672374
case_765,c,2025-02-24 20:53:11.672374
case_765,c,2025-02-24 20:58:11.672374
case_765,a,2025-02-24 21:03:11.672374
case_766,c,2025-02-24 19:28:11.672404
case_766,c,2025-02-24 19:33:11.672404
case_766,a,2025-02-24 19:38:11.672404
case_766,a,2025-02-24 19:43:11.672404
case_766,a,2025-02-24 19:48:11.672404
case_766,c,2025-02-24 19:53:11.672404
case_766,c,2025-02-24 19:58:11.672404
case_766,a,2025-02-24 20:03:11.672404
case_766,c,2025-02-24 20:08:11.672404
case_766,a,2025-02-24 20:13:11.672404
case_766,b,2025-02-24 20:18:11.672404
case_766,c,2025-02-24 20:23:11.672404
case_766,c,2025-02-24 20:28:11.672404
case_766,a,2025-02-24 20:33:11.672404
case_766,c,2025-02-24 20:38:11.672404
case_766,c,2025-02-24 20:43:11.672404
case_766,c,2025-02-24 20:48:11.672404
case_766,a,2025-02-24 20:53:11.672404
case_766,a,2025-02-24 20:58:11.672404
case_766,c,2025-02-24 21:03:11.672404
case_767,a,2025-02-24 19:28:11.672434
case_767,b,2025-02-24 19:33:11.672434
case_767,c,2025-02-24 19:38:11.672434
case_767,c,2025-02-24 19:43:11.672434
case_767,b,2025-02-24 19:48:11.672434
case_767,a,2025-02-24 19:53:11.672434
case_767,a,2025-02-24 19:58:11.672434
case_767,b,2025-02-24 20:03:11.672434
case_767,a,2025-02-24 20:08:11.672434
case_767,b,2025-02-24 20:13:11.672434
case_767,c,2025-02-24 20:18:11.672434
case_767,c,2025-02-24 20:23:11.672434
case_767,b,2025-02-24 20:28:11.672434
case_767,a,2025-02-24 20:33:11.672434
case_767,c,2025-02-24 20:38:11.672434
case_767,c,2025-02-24 20:43:11.672434
case_767,a,2025-02-24 20:48:11.672434
case_767,b,2025-02-24 20:53:11.672434
case_767,c,2025-02-24 20:58:11.672434
case_767,a,2025-02-24 21:03:11.672434
case_768,a,2025-02-24 19:28:11.672465
case_768,b,2025-02-24 19:33:11.672465
case_768,c,2025-02-24 19:38:11.672465
case_768,c,2025-02-24 19:43:11.672465
case_768,c,2025-02-24 19:48:11.672465
case_768,c,2025-02-24 19:53:11.672465
case_768,b,2025-02-24 19:58:11.672465
case_768,a,2025-02-24 20:03:11.672465
case_768,b,2025-02-24 20:08:11.672465
case_768,a,2025-02-24 20:13:11.672465
case_768,c,2025-02-24 20:18:11.672465
case_768,a,2025-02-24 20:23:11.672465
case_768,a,2025-02-24 20:28:11.672465
case_768,b,2025-02-24 20:33:11.672465
case_768,a,2025-02-24 20:38:11.672465
case_768,b,2025-02-24 20:43:11.672465
case_768,c,2025-02-24 20:48:11.672465
case_768,b,2025-02-24 20:53:11.672465
case_768,a,2025-02-24 20:58:11.672465
case_768,a,2025-02-24 21:03:11.672465
case_769,a,2025-02-24 19:28:11.672495
case_769,c,2025-02-24 19:33:11.672495
case_769,c,2025-02-24 19:38:11.672495
case_769,a,2025-02-24 19:43:11.672495
case_769,b,2025-02-24 19:48:11.672495
case_769,a,2025-02-24 19:53:11.672495
case_769,c,2025-02-24 19:58:11.672495
case_769,c,2025-02-24 20:03:11.672495
case_769,b,2025-02-24 20:08:11.672495
case_769,a,2025-02-24 20:13:11.672495
case_769,a,2025-02-24 20:18:11.672495
case_769,b,2025-02-24 20:23:11.672495
case_769,c,2025-02-24 20:28:11.672495
case_769,b,2025-02-24 20:33:11.672495
case_769,c,2025-02-24 20:38:11.672495
case_769,c,2025-02-24 20:43:11.672495
case_769,c,2025-02-24 20:48:11.672495
case_769,a,2025-02-24 20:53:11.672495
case_769,b,2025-02-24 20:58:11.672495
case_769,c,2025-02-24 21:03:11.672495
case_770,c,2025-02-24 19:28:11.672525
case_770,c,2025-02-24 19:33:11.672525
case_770,b,2025-02-24 19:38:11.672525
case_770,c,2025-02-24 19:43:11.672525
case_770,a,2025-02-24 19:48:11.672525
case_770,b,2025-02-24 19:53:11.672525
case_770,c,2025-02-24 19:58:11.672525
case_770,b,2025-02-24 20:03:11.672525
case_770,c,2025-02-24 20:08:11.672525
case_770,c,2025-02-24 20:13:11.672525
case_770,c,2025-02-24 20:18:11.672525
case_770,a,2025-02-24 20:23:11.672525
case_770,a,2025-02-24 20:28:11.672525
case_770,b,2025-02-24 20:33:11.672525
case_770,a,2025-02-24 20:38:11.672525
case_770,b,2025-02-24 20:43:11.672525
case_770,a,2025-02-24 20:48:11.672525
case_770,c,2025-02-24 20:53:11.672525
case_770,c,2025-02-24 20:58:11.672525
case_770,c,2025-02-24 21:03:11.672525
case_771,c,2025-02-24 19:28:11.672555
case_771,b,2025-02-24 19:33:11.672555
case_771,a,2025-02-24 19:38:11.672555
case_771,a,2025-02-24 19:43:11.672555
case_771,a,2025-02-24 19:48:11.672555
case_771,a,2025-02-24 19:53:11.672555
case_771,c,2025-02-24 19:58:11.672555
case_771,a,2025-02-24 20:03:11.672555
case_771,a,2025-02-24 20:08:11.672555
case_771,a,2025-02-24 20:13:11.672555
case_771,b,2025-02-24 20:18:11.672555
case_771,c,2025-02-24 20:23:11.672555
case_771,a,2025-02-24 20:28:11.672555
case_771,c,2025-02-24 20:33:11.672555
case_771,a,2025-02-24 20:38:11.672555
case_771,b,2025-02-24 20:43:11.672555
case_771,c,2025-02-24 20:48:11.672555
case_771,b,2025-02-24 20:53:11.672555
case_771,a,2025-02-24 20:58:11.672555
case_771,c,2025-02-24 21:03:11.672555
case_772,a,2025-02-24 19:28:11.672586
case_772,a,2025-02-24 19:33:11.672586
case_772,c,2025-02-24 19:38:11.672586
case_772,a,2025-02-24 19:43:11.672586
case_772,a,2025-02-24 19:48:11.672586
case_772,b,2025-02-24 19:53:11.672586
case_772,a,2025-02-24 19:58:11.672586
case_772,b,2025-02-24 20:03:11.672586
case_772,a,2025-02-24 20:08:11.672586
case_772,a,2025-02-24 20:13:11.672586
case_772,a,2025-02-24 20:18:11.672586
case_772,c,2025-02-24 20:23:11.672586
case_772,b,2025-02-24 20:28:11.672586
case_772,c,2025-02-24 20:33:11.672586
case_772,a,2025-02-24 20:38:11.672586
case_772,a,2025-02-24 20:43:11.672586
case_772,a,2025-02-24 20:48:11.672586
case_772,c,2025-02-24 20:53:11.672586
case_772,c,2025-02-24 20:58:11.672586
case_772,a,2025-02-24 21:03:11.672586
case_773,c,2025-02-24 19:28:11.672616
case_773,a,2025-02-24 19:33:11.672616
case_773,b,2025-02-24 19:38:11.672616
case_773,c,2025-02-24 19:43:11.672616
case_773,a,2025-02-24 19:48:11.672616
case_773,c,2025-02-24 19:53:11.672616
case_773,c,2025-02-24 19:58:11.672616
case_773,b,2025-02-24 20:03:11.672616
case_773,c,2025-02-24 20:08:11.672616
case_773,b,2025-02-24 20:13:11.672616
case_773,c,2025-02-24 20:18:11.672616
case_773,c,2025-02-24 20:23:11.672616
case_773,b,2025-02-24 20:28:11.672616
case_773,a,2025-02-24 20:33:11.672616
case_773,c,2025-02-24 20:38:11.672616
case_773,a,2025-02-24 20:43:11.672616
case_773,a,2025-02-24 20:48:11.672616
case_773,a,2025-02-24 20:53:11.672616
case_773,b,2025-02-24 20:58:11.672616
case_773,a,2025-02-24 21:03:11.672616
case_774,c,2025-02-24 19:28:11.672647
case_774,c,2025-02-24 19:33:11.672647
case_774,c,2025-02-24 19:38:11.672647
case_774,b,2025-02-24 19:43:11.672647
case_774,c,2025-02-24 19:48:11.672647
case_774,b,2025-02-24 19:53:11.672647
case_774,c,2025-02-24 19:58:11.672647
case_774,c,2025-02-24 20:03:11.672647
case_774,c,2025-02-24 20:08:11.672647
case_774,b,2025-02-24 20:13:11.672647
case_774,c,2025-02-24 20:18:11.672647
case_774,c,2025-02-24 20:23:11.672647
case_774,c,2025-02-24 20:28:11.672647
case_774,a,2025-02-24 20:33:11.672647
case_774,a,2025-02-24 20:38:11.672647
case_774,c,2025-02-24 20:43:11.672647
case_774,c,2025-02-24 20:48:11.672647
case_774,a,2025-02-24 20:53:11.672647
case_774,a,2025-02-24 20:58:11.672647
case_774,a,2025-02-24 21:03:11.672647
case_775,a,2025-02-24 19:28:11.672834
case_775,b,2025-02-24 19:33:11.672834
case_775,c,2025-02-24 19:38:11.672834
case_775,b,2025-02-24 19:43:11.672834
case_775,a,2025-02-24 19:48:11.672834
case_775,a,2025-02-24 19:53:11.672834
case_775,b,2025-02-24 19:58:11.672834
case_775,c,2025-02-24 20:03:11.672834
case_775,b,2025-02-24 20:08:11.672834
case_775,c,2025-02-24 20:13:11.672834
case_775,a,2025-02-24 20:18:11.672834
case_775,a,2025-02-24 20:23:11.672834
case_775,c,2025-02-24 20:28:11.672834
case_775,b,2025-02-24 20:33:11.672834
case_775,c,2025-02-24 20:38:11.672834
case_775,a,2025-02-24 20:43:11.672834
case_775,a,2025-02-24 20:48:11.672834
case_775,b,2025-02-24 20:53:11.672834
case_775,c,2025-02-24 20:58:11.672834
case_775,a,2025-02-24 21:03:11.672834
case_776,a,2025-02-24 19:28:11.672867
case_776,c,2025-02-24 19:33:11.672867
case_776,c,2025-02-24 19:38:11.672867
case_776,b,2025-02-24 19:43:11.672867
case_776,a,2025-02-24 19:48:11.672867
case_776,a,2025-02-24 19:53:11.672867
case_776,c,2025-02-24 19:58:11.672867
case_776,a,2025-02-24 20:03:11.672867
case_776,c,2025-02-24 20:08:11.672867
case_776,b,2025-02-24 20:13:11.672867
case_776,c,2025-02-24 20:18:11.672867
case_776,c,2025-02-24 20:23:11.672867
case_776,a,2025-02-24 20:28:11.672867
case_776,c,2025-02-24 20:33:11.672867
case_776,a,2025-02-24 20:38:11.672867
case_776,b,2025-02-24 20:43:11.672867
case_776,c,2025-02-24 20:48:11.672867
case_776,c,2025-02-24 20:53:11.672867
case_776,a,2025-02-24 20:58:11.672867
case_776,a,2025-02-24 21:03:11.672867
case_777,c,2025-02-24 19:28:11.672898
case_777,c,2025-02-24 19:33:11.672898
case_777,c,2025-02-24 19:38:11.672898
case_777,b,2025-02-24 19:43:11.672898
case_777,a,2025-02-24 19:48:11.672898
case_777,c,2025-02-24 19:53:11.672898
case_777,c,2025-02-24 19:58:11.672898
case_777,a,2025-02-24 20:03:11.672898
case_777,c,2025-02-24 20:08:11.672898
case_777,c,2025-02-24 20:13:11.672898
case_777,a,2025-02-24 20:18:11.672898
case_777,c,2025-02-24 20:23:11.672898
case_777,a,2025-02-24 20:28:11.672898
case_777,a,2025-02-24 20:33:11.672898
case_777,b,2025-02-24 20:38:11.672898
case_777,c,2025-02-24 20:43:11.672898
case_777,c,2025-02-24 20:48:11.672898
case_777,c,2025-02-24 20:53:11.672898
case_777,b,2025-02-24 20:58:11.672898
case_777,a,2025-02-24 21:03:11.672898
case_778,c,2025-02-24 19:28:11.672928
case_778,a,2025-02-24 19:33:11.672928
case_778,b,2025-02-24 19:38:11.672928
case_778,a,2025-02-24 19:43:11.672928
case_778,a,2025-02-24 19:48:11.672928
case_778,b,2025-02-24 19:53:11.672928
case_778,c,2025-02-24 19:58:11.672928
case_778,b,2025-02-24 20:03:11.672928
case_778,c,2025-02-24 20:08:11.672928
case_778,c,2025-02-24 20:13:11.672928
case_778,c,2025-02-24 20:18:11.672928
case_778,b,2025-02-24 20:23:11.672928
case_778,c,2025-02-24 20:28:11.672928
case_778,a,2025-02-24 20:33:11.672928
case_778,c,2025-02-24 20:38:11.672928
case_778,c,2025-02-24 20:43:11.672928
case_778,c,2025-02-24 20:48:11.672928
case_778,b,2025-02-24 20:53:11.672928
case_778,a,2025-02-24 20:58:11.672928
case_778,c,2025-02-24 21:03:11.672928
case_779,a,2025-02-24 19:28:11.672960
case_779,b,2025-02-24 19:33:11.672960
case_779,a,2025-02-24 19:38:11.672960
case_779,a,2025-02-24 19:43:11.672960
case_779,b,2025-02-24 19:48:11.672960
case_779,a,2025-02-24 19:53:11.672960
case_779,b,2025-02-24 19:58:11.672960
case_779,a,2025-02-24 20:03:11.672960
case_779,a,2025-02-24 20:08:11.672960
case_779,b,2025-02-24 20:13:11.672960
case_779,c,2025-02-24 20:18:11.672960
case_779,c,2025-02-24 20:23:11.672960
case_779,c,2025-02-24 20:28:11.672960
case_779,a,2025-02-24 20:33:11.672960
case_779,b,2025-02-24 20:38:11.672960
case_779,c,2025-02-24 20:43:11.672960
case_779,c,2025-02-24 20:48:11.672960
case_779,a,2025-02-24 20:53:11.672960
case_779,b,2025-02-24 20:58:11.672960
case_779,c,2025-02-24 21:03:11.672960
case_780,c,2025-02-24 19:28:11.672991
case_780,a,2025-02-24 19:33:11.672991
case_780,c,2025-02-24 19:38:11.672991
case_780,a,2025-02-24 19:43:11.672991
case_780,c,2025-02-24 19:48:11.672991
case_780,b,2025-02-24 19:53:11.672991
case_780,a,2025-02-24 19:58:11.672991
case_780,c,2025-02-24 20:03:11.672991
case_780,c,2025-02-24 20:08:11.672991
case_780,c,2025-02-24 20:13:11.672991
case_780,b,2025-02-24 20:18:11.672991
case_780,a,2025-02-24 20:23:11.672991
case_780,c,2025-02-24 20:28:11.672991
case_780,b,2025-02-24 20:33:11.672991
case_780,c,2025-02-24 20:38:11.672991
case_780,a,2025-02-24 20:43:11.672991
case_780,b,2025-02-24 20:48:11.672991
case_780,c,2025-02-24 20:53:11.672991
case_780,c,2025-02-24 20:58:11.672991
case_780,c,2025-02-24 21:03:11.672991
case_781,c,2025-02-24 19:28:11.673021
case_781,b,2025-02-24 19:33:11.673021
case_781,c,2025-02-24 19:38:11.673021
case_781,b,2025-02-24 19:43:11.673021
case_781,c,2025-02-24 19:48:11.673021
case_781,c,2025-02-24 19:53:11.673021
case_781,a,2025-02-24 19:58:11.673021
case_781,b,2025-02-24 20:03:11.673021
case_781,a,2025-02-24 20:08:11.673021
case_781,b,2025-02-24 20:13:11.673021
case_781,a,2025-02-24 20:18:11.673021
case_781,a,2025-02-24 20:23:11.673021
case_781,b,2025-02-24 20:28:11.673021
case_781,c,2025-02-24 20:33:11.673021
case_781,b,2025-02-24 20:38:11.673021
case_781,a,2025-02-24 20:43:11.673021
case_781,a,2025-02-24 20:48:11.673021
case_781,c,2025-02-24 20:53:11.673021
case_781,a,2025-02-24 20:58:11.673021
case_781,a,2025-02-24 21:03:11.673021
case_782,a,2025-02-24 19:28:11.673051
case_782,c,2025-02-24 19:33:11.673051
case_782,b,2025-02-24 19:38:11.673051
case_782,a,2025-02-24 19:43:11.673051
case_782,c,2025-02-24 19:48:11.673051
case_782,c,2025-02-24 19:53:11.673051
case_782,a,2025-02-24 19:58:11.673051
case_782,b,2025-02-24 20:03:11.673051
case_782,c,2025-02-24 20:08:11.673051
case_782,b,2025-02-24 20:13:11.673051
case_782,a,2025-02-24 20:18:11.673051
case_782,c,2025-02-24 20:23:11.673051
case_782,a,2025-02-24 20:28:11.673051
case_782,c,2025-02-24 20:33:11.673051
case_782,c,2025-02-24 20:38:11.673051
case_782,b,2025-02-24 20:43:11.673051
case_782,c,2025-02-24 20:48:11.673051
case_782,c,2025-02-24 20:53:11.673051
case_782,b,2025-02-24 20:58:11.673051
case_782,c,2025-02-24 21:03:11.673051
case_783,a,2025-02-24 19:28:11.673083
case_783,c,2025-02-24 19:33:11.673083
case_783,b,2025-02-24 19:38:11.673083
case_783,a,2025-02-24 19:43:11.673083
case_783,c,2025-02-24 19:48:11.673083
case_783,c,2025-02-24 19:53:11.673083
case_783,c,2025-02-24 19:58:11.673083
case_783,b,2025-02-24 20:03:11.673083
case_783,a,2025-02-24 20:08:11.673083
case_783,b,2025-02-24 20:13:11.673083
case_783,c,2025-02-24 20:18:11.673083
case_783,b,2025-02-24 20:23:11.673083
case_783,c,2025-02-24 20:28:11.673083
case_783,a,2025-02-24 20:33:11.673083
case_783,a,2025-02-24 20:38:11.673083
case_783,a,2025-02-24 20:43:11.673083
case_783,c,2025-02-24 20:48:11.673083
case_783,a,2025-02-24 20:53:11.673083
case_783,c,2025-02-24 20:58:11.673083
case_783,c,2025-02-24 21:03:11.673083
case_784,c,2025-02-24 19:28:11.673113
case_784,a,2025-02-24 19:33:11.673113
case_784,a,2025-02-24 19:38:11.673113
case_784,c,2025-02-24 19:43:11.673113
case_784,c,2025-02-24 19:48:11.673113
case_784,a,2025-02-24 19:53:11.673113
case_784,c,2025-02-24 19:58:11.673113
case_784,b,2025-02-24 20:03:11.673113
case_784,a,2025-02-24 20:08:11.673113
case_784,c,2025-02-24 20:13:11.673113
case_784,a,2025-02-24 20:18:11.673113
case_784,b,2025-02-24 20:23:11.673113
case_784,a,2025-02-24 20:28:11.673113
case_784,a,2025-02-24 20:33:11.673113
case_784,a,2025-02-24 20:38:11.673113
case_784,b,2025-02-24 20:43:11.673113
case_784,a,2025-02-24 20:48:11.673113
case_784,c,2025-02-24 20:53:11.673113
case_784,c,2025-02-24 20:58:11.673113
case_784,a,2025-02-24 21:03:11.673113
case_785,c,2025-02-24 19:28:11.673143
case_785,c,2025-02-24 19:33:11.673143
case_785,c,2025-02-24 19:38:11.673143
case_785,b,2025-02-24 19:43:11.673143
case_785,a,2025-02-24 19:48:11.673143
case_785,b,2025-02-24 19:53:11.673143
case_785,c,2025-02-24 19:58:11.673143
case_785,c,2025-02-24 20:03:11.673143
case_785,a,2025-02-24 20:08:11.673143
case_785,b,2025-02-24 20:13:11.673143
case_785,a,2025-02-24 20:18:11.673143
case_785,a,2025-02-24 20:23:11.673143
case_785,c,2025-02-24 20:28:11.673143
case_785,c,2025-02-24 20:33:11.673143
case_785,a,2025-02-24 20:38:11.673143
case_785,b,2025-02-24 20:43:11.673143
case_785,a,2025-02-24 20:48:11.673143
case_785,a,2025-02-24 20:53:11.673143
case_785,a,2025-02-24 20:58:11.673143
case_785,c,2025-02-24 21:03:11.673143
case_786,a,2025-02-24 19:28:11.673174
case_786,c,2025-02-24 19:33:11.673174
case_786,c,2025-02-24 19:38:11.673174
case_786,a,2025-02-24 19:43:11.673174
case_786,a,2025-02-24 19:48:11.673174
case_786,c,2025-02-24 19:53:11.673174
case_786,a,2025-02-24 19:58:11.673174
case_786,a,2025-02-24 20:03:11.673174
case_786,b,2025-02-24 20:08:11.673174
case_786,c,2025-02-24 20:13:11.673174
case_786,c,2025-02-24 20:18:11.673174
case_786,c,2025-02-24 20:23:11.673174
case_786,b,2025-02-24 20:28:11.673174
case_786,a,2025-02-24 20:33:11.673174
case_786,c,2025-02-24 20:38:11.673174
case_786,a,2025-02-24 20:43:11.673174
case_786,b,2025-02-24 20:48:11.673174
case_786,c,2025-02-24 20:53:11.673174
case_786,b,2025-02-24 20:58:11.673174
case_786,a,2025-02-24 21:03:11.673174
case_787,a,2025-02-24 19:28:11.673204
case_787,b,2025-02-24 19:33:11.673204
case_787,a,2025-02-24 19:38:11.673204
case_787,c,2025-02-24 19:43:11.673204
case_787,b,2025-02-24 19:48:11.673204
case_787,c,2025-02-24 19:53:11.673204
case_787,b,2025-02-24 19:58:11.673204
case_787,a,2025-02-24 20:03:11.673204
case_787,c,2025-02-24 20:08:11.673204
case_787,c,2025-02-24 20:13:11.673204
case_787,c,2025-02-24 20:18:11.673204
case_787,c,2025-02-24 20:23:11.673204
case_787,a,2025-02-24 20:28:11.673204
case_787,b,2025-02-24 20:33:11.673204
case_787,a,2025-02-24 20:38:11.673204
case_787,b,2025-02-24 20:43:11.673204
case_787,a,2025-02-24 20:48:11.673204
case_787,a,2025-02-24 20:53:11.673204
case_787,c,2025-02-24 20:58:11.673204
case_787,c,2025-02-24 21:03:11.673204
case_788,c,2025-02-24 19:28:11.673235
case_788,c,2025-02-24 19:33:11.673235
case_788,b,2025-02-24 19:38:11.673235
case_788,a,2025-02-24 19:43:11.673235
case_788,a,2025-02-24 19:48:11.673235
case_788,c,2025-02-24 19:53:11.673235
case_788,b,2025-02-24 19:58:11.673235
case_788,c,2025-02-24 20:03:11.673235
case_788,a,2025-02-24 20:08:11.673235
case_788,a,2025-02-24 20:13:11.673235
case_788,b,2025-02-24 20:18:11.673235
case_788,c,2025-02-24 20:23:11.673235
case_788,b,2025-02-24 20:28:11.673235
case_788,c,2025-02-24 20:33:11.673235
case_788,b,2025-02-24 20:38:11.673235
case_788,a,2025-02-24 20:43:11.673235
case_788,c,2025-02-24 20:48:11.673235
case_788,a,2025-02-24 20:53:11.673235
case_788,c,2025-02-24 20:58:11.673235
case_788,c,2025-02-24 21:03:11.673235
case_789,c,2025-02-24 19:28:11.673266
case_789,c,2025-02-24 19:33:11.673266
case_789,b,2025-02-24 19:38:11.673266
case_789,a,2025-02-24 19:43:11.673266
case_789,c,2025-02-24 19:48:11.673266
case_789,a,2025-02-24 19:53:11.673266
case_789,c,2025-02-24 19:58:11.673266
case_789,a,2025-02-24 20:03:11.673266
case_789,b,2025-02-24 20:08:11.673266
case_789,c,2025-02-24 20:13:11.673266
case_789,b,2025-02-24 20:18:11.673266
case_789,c,2025-02-24 20:23:11.673266
case_789,c,2025-02-24 20:28:11.673266
case_789,c,2025-02-24 20:33:11.673266
case_789,b,2025-02-24 20:38:11.673266
case_789,c,2025-02-24 20:43:11.673266
case_789,b,2025-02-24 20:48:11.673266
case_789,c,2025-02-24 20:53:11.673266
case_789,a,2025-02-24 20:58:11.673266
case_789,c,2025-02-24 21:03:11.673266
case_790,a,2025-02-24 19:28:11.673296
case_790,c,2025-02-24 19:33:11.673296
case_790,a,2025-02-24 19:38:11.673296
case_790,c,2025-02-24 19:43:11.673296
case_790,c,2025-02-24 19:48:11.673296
case_790,a,2025-02-24 19:53:11.673296
case_790,a,2025-02-24 19:58:11.673296
case_790,c,2025-02-24 20:03:11.673296
case_790,a,2025-02-24 20:08:11.673296
case_790,c,2025-02-24 20:13:11.673296
case_790,c,2025-02-24 20:18:11.673296
case_790,b,2025-02-24 20:23:11.673296
case_790,a,2025-02-24 20:28:11.673296
case_790,c,2025-02-24 20:33:11.673296
case_790,c,2025-02-24 20:38:11.673296
case_790,b,2025-02-24 20:43:11.673296
case_790,a,2025-02-24 20:48:11.673296
case_790,b,2025-02-24 20:53:11.673296
case_790,c,2025-02-24 20:58:11.673296
case_790,a,2025-02-24 21:03:11.673296
case_791,a,2025-02-24 19:28:11.673329
case_791,c,2025-02-24 19:33:11.673329
case_791,a,2025-02-24 19:38:11.673329
case_791,a,2025-02-24 19:43:11.673329
case_791,c,2025-02-24 19:48:11.673329
case_791,c,2025-02-24 19:53:11.673329
case_791,a,2025-02-24 19:58:11.673329
case_791,b,2025-02-24 20:03:11.673329
case_791,a,2025-02-24 20:08:11.673329
case_791,b,2025-02-24 20:13:11.673329
case_791,c,2025-02-24 20:18:11.673329
case_791,c,2025-02-24 20:23:11.673329
case_791,c,2025-02-24 20:28:11.673329
case_791,a,2025-02-24 20:33:11.673329
case_791,b,2025-02-24 20:38:11.673329
case_791,a,2025-02-24 20:43:11.673329
case_791,b,2025-02-24 20:48:11.673329
case_791,a,2025-02-24 20:53:11.673329
case_791,b,2025-02-24 20:58:11.673329
case_791,c,2025-02-24 21:03:11.673329
case_792,a,2025-02-24 19:28:11.673359
case_792,c,2025-02-24 19:33:11.673359
case_792,c,2025-02-24 19:38:11.673359
case_792,b,2025-02-24 19:43:11.673359
case_792,a,2025-02-24 19:48:11.673359
case_792,b,2025-02-24 19:53:11.673359
case_792,c,2025-02-24 19:58:11.673359
case_792,a,2025-02-24 20:03:11.673359
case_792,a,2025-02-24 20:08:11.673359
case_792,b,2025-02-24 20:13:11.673359
case_792,c,2025-02-24 20:18:11.673359
case_792,b,2025-02-24 20:23:11.673359
case_792,a,2025-02-24 20:28:11.673359
case_792,b,2025-02-24 20:33:11.673359
case_792,a,2025-02-24 20:38:11.673359
case_792,c,2025-02-24 20:43:11.673359
case_792,a,2025-02-24 20:48:11.673359
case_792,b,2025-02-24 20:53:11.673359
case_792,a,2025-02-24 20:58:11.673359
case_792,a,2025-02-24 21:03:11.673359
case_793,a,2025-02-24 19:28:11.673390
case_793,c,2025-02-24 19:33:11.673390
case_793,a,2025-02-24 19:38:11.673390
case_793,c,2025-02-24 19:43:11.673390
case_793,a,2025-02-24 19:48:11.673390
case_793,b,2025-02-24 19:53:11.673390
case_793,c,2025-02-24 19:58:11.673390
case_793,c,2025-02-24 20:03:11.673390
case_793,b,2025-02-24 20:08:11.673390
case_793,c,2025-02-24 20:13:11.673390
case_793,a,2025-02-24 20:18:11.673390
case_793,b,2025-02-24 20:23:11.673390
case_793,a,2025-02-24 20:28:11.673390
case_793,b,2025-02-24 20:33:11.673390
case_793,a,2025-02-24 20:38:11.673390
case_793,b,2025-02-24 20:43:11.673390
case_793,c,2025-02-24 20:48:11.673390
case_793,b,2025-02-24 20:53:11.673390
case_793,c,2025-02-24 20:58:11.673390
case_793,a,2025-02-24 21:03:11.673390
case_794,c,2025-02-24 19:28:11.673421
case_794,b,2025-02-24 19:33:11.673421
case_794,c,2025-02-24 19:38:11.673421
case_794,a,2025-02-24 19:43:11.673421
case_794,a,2025-02-24 19:48:11.673421
case_794,b,2025-02-24 19:53:11.673421
case_794,c,2025-02-24 19:58:11.673421
case_794,b,2025-02-24 20:03:11.673421
case_794,c,2025-02-24 20:08:11.673421
case_794,a,2025-02-24 20:13:11.673421
case_794,a,2025-02-24 20:18:11.673421
case_794,a,2025-02-24 20:23:11.673421
case_794,c,2025-02-24 20:28:11.673421
case_794,b,2025-02-24 20:33:11.673421
case_794,c,2025-02-24 20:38:11.673421
case_794,b,2025-02-24 20:43:11.673421
case_794,a,2025-02-24 20:48:11.673421
case_794,c,2025-02-24 20:53:11.673421
case_794,c,2025-02-24 20:58:11.673421
case_794,a,2025-02-24 21:03:11.673421
case_795,a,2025-02-24 19:28:11.673451
case_795,a,2025-02-24 19:33:11.673451
case_795,c,2025-02-24 19:38:11.673451
case_795,a,2025-02-24 19:43:11.673451
case_795,c,2025-02-24 19:48:11.673451
case_795,a,2025-02-24 19:53:11.673451
case_795,c,2025-02-24 19:58:11.673451
case_795,c,2025-02-24 20:03:11.673451
case_795,c,2025-02-24 20:08:11.673451
case_795,a,2025-02-24 20:13:11.673451
case_795,b,2025-02-24 20:18:11.673451
case_795,a,2025-02-24 20:23:11.673451
case_795,b,2025-02-24 20:28:11.673451
case_795,a,2025-02-24 20:33:11.673451
case_795,a,2025-02-24 20:38:11.673451
case_795,b,2025-02-24 20:43:11.673451
case_795,a,2025-02-24 20:48:11.673451
case_795,c,2025-02-24 20:53:11.673451
case_795,b,2025-02-24 20:58:11.673451
case_795,a,2025-02-24 21:03:11.673451
case_796,a,2025-02-24 19:28:11.673482
case_796,c,2025-02-24 19:33:11.673482
case_796,c,2025-02-24 19:38:11.673482
case_796,c,2025-02-24 19:43:11.673482
case_796,c,2025-02-24 19:48:11.673482
case_796,a,2025-02-24 19:53:11.673482
case_796,c,2025-02-24 19:58:11.673482
case_796,b,2025-02-24 20:03:11.673482
case_796,c,2025-02-24 20:08:11.673482
case_796,b,2025-02-24 20:13:11.673482
case_796,c,2025-02-24 20:18:11.673482
case_796,a,2025-02-24 20:23:11.673482
case_796,a,2025-02-24 20:28:11.673482
case_796,c,2025-02-24 20:33:11.673482
case_796,b,2025-02-24 20:38:11.673482
case_796,c,2025-02-24 20:43:11.673482
case_796,a,2025-02-24 20:48:11.673482
case_796,b,2025-02-24 20:53:11.673482
case_796,a,2025-02-24 20:58:11.673482
case_796,c,2025-02-24 21:03:11.673482
case_797,c,2025-02-24 19:28:11.673512
case_797,c,2025-02-24 19:33:11.673512
case_797,b,2025-02-24 19:38:11.673512
case_797,a,2025-02-24 19:43:11.673512
case_797,c,2025-02-24 19:48:11.673512
case_797,c,2025-02-24 19:53:11.673512
case_797,a,2025-02-24 19:58:11.673512
case_797,b,2025-02-24 20:03:11.673512
case_797,a,2025-02-24 20:08:11.673512
case_797,a,2025-02-24 20:13:11.673512
case_797,c,2025-02-24 20:18:11.673512
case_797,b,2025-02-24 20:23:11.673512
case_797,c,2025-02-24 20:28:11.673512
case_797,b,2025-02-24 20:33:11.673512
case_797,c,2025-02-24 20:38:11.673512
case_797,a,2025-02-24 20:43:11.673512
case_797,a,2025-02-24 20:48:11.673512
case_797,a,2025-02-24 20:53:11.673512
case_797,c,2025-02-24 20:58:11.673512
case_797,a,2025-02-24 21:03:11.673512
case_798,a,2025-02-24 19:28:11.673542
case_798,c,2025-02-24 19:33:11.673542
case_798,c,2025-02-24 19:38:11.673542
case_798,a,2025-02-24 19:43:11.673542
case_798,b,2025-02-24 19:48:11.673542
case_798,a,2025-02-24 19:53:11.673542
case_798,a,2025-02-24 19:58:11.673542
case_798,a,2025-02-24 20:03:11.673542
case_798,b,2025-02-24 20:08:11.673542
case_798,c,2025-02-24 20:13:11.673542
case_798,b,2025-02-24 20:18:11.673542
case_798,c,2025-02-24 20:23:11.673542
case_798,c,2025-02-24 20:28:11.673542
case_798,b,2025-02-24 20:33:11.673542
case_798,a,2025-02-24 20:38:11.673542
case_798,c,2025-02-24 20:43:11.673542
case_798,c,2025-02-24 20:48:11.673542
case_798,b,2025-02-24 20:53:11.673542
case_798,a,2025-02-24 20:58:11.673542
case_798,a,2025-02-24 21:03:11.673542
case_799,a,2025-02-24 19:28:11.673573
case_799,c,2025-02-24 19:33:11.673573
case_799,a,2025-02-24 19:38:11.673573
case_799,c,2025-02-24 19:43:11.673573
case_799,a,2025-02-24 19:48:11.673573
case_799,c,2025-02-24 19:53:11.673573
case_799,c,2025-02-24 19:58:11.673573
case_799,a,2025-02-24 20:03:11.673573
case_799,a,2025-02-24 20:08:11.673573
case_799,b,2025-02-24 20:13:11.673573
case_799,c,2025-02-24 20:18:11.673573
case_799,b,2025-02-24 20:23:11.673573
case_799,c,2025-02-24 20:28:11.673573
case_799,b,2025-02-24 20:33:11.673573
case_799,c,2025-02-24 20:38:11.673573
case_799,c,2025-02-24 20:43:11.673573
case_799,b,2025-02-24 20:48:11.673573
case_799,a,2025-02-24 20:53:11.673573
case_799,a,2025-02-24 20:58:11.673573
case_799,c,2025-02-24 21:03:11.673573
case_800,a,2025-02-24 19:28:11.673604
case_800,c,2025-02-24 19:33:11.673604
case_800,a,2025-02-24 19:38:11.673604
case_800,a,2025-02-24 19:43:11.673604
case_800,b,2025-02-24 19:48:11.673604
case_800,c,2025-02-24 19:53:11.673604
case_800,c,2025-02-24 19:58:11.673604
case_800,b,2025-02-24 20:03:11.673604
case_800,a,2025-02-24 20:08:11.673604
case_800,b,2025-02-24 20:13:11.673604
case_800,c,2025-02-24 20:18:11.673604
case_800,c,2025-02-24 20:23:11.673604
case_800,b,2025-02-24 20:28:11.673604
case_800,c,2025-02-24 20:33:11.673604
case_800,c,2025-02-24 20:38:11.673604
case_800,c,2025-02-24 20:43:11.673604
case_800,a,2025-02-24 20:48:11.673604
case_800,b,2025-02-24 20:53:11.673604
case_800,c,2025-02-24 20:58:11.673604
case_800,a,2025-02-24 21:03:11.673604
case_801,a,2025-02-24 19:28:11.673634
case_801,a,2025-02-24 19:33:11.673634
case_801,c,2025-02-24 19:38:11.673634
case_801,a,2025-02-24 19:43:11.673634
case_801,a,2025-02-24 19:48:11.673634
case_801,a,2025-02-24 19:53:11.673634
case_801,b,2025-02-24 19:58:11.673634
case_801,a,2025-02-24 20:03:11.673634
case_801,b,2025-02-24 20:08:11.673634
case_801,c,2025-02-24 20:13:11.673634
case_801,b,2025-02-24 20:18:11.673634
case_801,c,2025-02-24 20:23:11.673634
case_801,a,2025-02-24 20:28:11.673634
case_801,b,2025-02-24 20:33:11.673634
case_801,c,2025-02-24 20:38:11.673634
case_801,c,2025-02-24 20:43:11.673634
case_801,a,2025-02-24 20:48:11.673634
case_801,b,2025-02-24 20:53:11.673634
case_801,a,2025-02-24 20:58:11.673634
case_801,c,2025-02-24 21:03:11.673634
case_802,a,2025-02-24 19:28:11.673665
case_802,a,2025-02-24 19:33:11.673665
case_802,a,2025-02-24 19:38:11.673665
case_802,b,2025-02-24 19:43:11.673665
case_802,a,2025-02-24 19:48:11.673665
case_802,c,2025-02-24 19:53:11.673665
case_802,a,2025-02-24 19:58:11.673665
case_802,b,2025-02-24 20:03:11.673665
case_802,c,2025-02-24 20:08:11.673665
case_802,a,2025-02-24 20:13:11.673665
case_802,b,2025-02-24 20:18:11.673665
case_802,a,2025-02-24 20:23:11.673665
case_802,a,2025-02-24 20:28:11.673665
case_802,c,2025-02-24 20:33:11.673665
case_802,b,2025-02-24 20:38:11.673665
case_802,c,2025-02-24 20:43:11.673665
case_802,c,2025-02-24 20:48:11.673665
case_802,c,2025-02-24 20:53:11.673665
case_802,b,2025-02-24 20:58:11.673665
case_802,c,2025-02-24 21:03:11.673665
case_803,a,2025-02-24 19:28:11.673696
case_803,a,2025-02-24 19:33:11.673696
case_803,b,2025-02-24 19:38:11.673696
case_803,a,2025-02-24 19:43:11.673696
case_803,a,2025-02-24 19:48:11.673696
case_803,c,2025-02-24 19:53:11.673696
case_803,a,2025-02-24 19:58:11.673696
case_803,c,2025-02-24 20:03:11.673696
case_803,a,2025-02-24 20:08:11.673696
case_803,a,2025-02-24 20:13:11.673696
case_803,a,2025-02-24 20:18:11.673696
case_803,c,2025-02-24 20:23:11.673696
case_803,c,2025-02-24 20:28:11.673696
case_803,b,2025-02-24 20:33:11.673696
case_803,a,2025-02-24 20:38:11.673696
case_803,b,2025-02-24 20:43:11.673696
case_803,a,2025-02-24 20:48:11.673696
case_803,c,2025-02-24 20:53:11.673696
case_803,c,2025-02-24 20:58:11.673696
case_803,a,2025-02-24 21:03:11.673696
case_804,c,2025-02-24 19:28:11.673727
case_804,c,2025-02-24 19:33:11.673727
case_804,b,2025-02-24 19:38:11.673727
case_804,c,2025-02-24 19:43:11.673727
case_804,a,2025-02-24 19:48:11.673727
case_804,b,2025-02-24 19:53:11.673727
case_804,a,2025-02-24 19:58:11.673727
case_804,a,2025-02-24 20:03:11.673727
case_804,c,2025-02-24 20:08:11.673727
case_804,c,2025-02-24 20:13:11.673727
case_804,c,2025-02-24 20:18:11.673727
case_804,a,2025-02-24 20:23:11.673727
case_804,a,2025-02-24 20:28:11.673727
case_804,b,2025-02-24 20:33:11.673727
case_804,a,2025-02-24 20:38:11.673727
case_804,b,2025-02-24 20:43:11.673727
case_804,c,2025-02-24 20:48:11.673727
case_804,a,2025-02-24 20:53:11.673727
case_804,b,2025-02-24 20:58:11.673727
case_804,a,2025-02-24 21:03:11.673727
case_805,a,2025-02-24 19:28:11.673758
case_805,a,2025-02-24 19:33:11.673758
case_805,c,2025-02-24 19:38:11.673758
case_805,c,2025-02-24 19:43:11.673758
case_805,b,2025-02-24 19:48:11.673758
case_805,a,2025-02-24 19:53:11.673758
case_805,b,2025-02-24 19:58:11.673758
case_805,c,2025-02-24 20:03:11.673758
case_805,a,2025-02-24 20:08:11.673758
case_805,c,2025-02-24 20:13:11.673758
case_805,c,2025-02-24 20:18:11.673758
case_805,a,2025-02-24 20:23:11.673758
case_805,c,2025-02-24 20:28:11.673758
case_805,c,2025-02-24 20:33:11.673758
case_805,b,2025-02-24 20:38:11.673758
case_805,a,2025-02-24 20:43:11.673758
case_805,a,2025-02-24 20:48:11.673758
case_805,c,2025-02-24 20:53:11.673758
case_805,c,2025-02-24 20:58:11.673758
case_805,c,2025-02-24 21:03:11.673758
case_806,c,2025-02-24 19:28:11.673789
case_806,c,2025-02-24 19:33:11.673789
case_806,b,2025-02-24 19:38:11.673789
case_806,a,2025-02-24 19:43:11.673789
case_806,b,2025-02-24 19:48:11.673789
case_806,c,2025-02-24 19:53:11.673789
case_806,b,2025-02-24 19:58:11.673789
case_806,a,2025-02-24 20:03:11.673789
case_806,a,2025-02-24 20:08:11.673789
case_806,a,2025-02-24 20:13:11.673789
case_806,b,2025-02-24 20:18:11.673789
case_806,c,2025-02-24 20:23:11.673789
case_806,b,2025-02-24 20:28:11.673789
case_806,a,2025-02-24 20:33:11.673789
case_806,b,2025-02-24 20:38:11.673789
case_806,c,2025-02-24 20:43:11.673789
case_806,a,2025-02-24 20:48:11.673789
case_806,a,2025-02-24 20:53:11.673789
case_806,c,2025-02-24 20:58:11.673789
case_806,c,2025-02-24 21:03:11.673789
case_807,a,2025-02-24 19:28:11.673819
case_807,a,2025-02-24 19:33:11.673819
case_807,c,2025-02-24 19:38:11.673819
case_807,a,2025-02-24 19:43:11.673819
case_807,b,2025-02-24 19:48:11.673819
case_807,c,2025-02-24 19:53:11.673819
case_807,b,2025-02-24 19:58:11.673819
case_807,a,2025-02-24 20:03:11.673819
case_807,a,2025-02-24 20:08:11.673819
case_807,b,2025-02-24 20:13:11.673819
case_807,a,2025-02-24 20:18:11.673819
case_807,c,2025-02-24 20:23:11.673819
case_807,a,2025-02-24 20:28:11.673819
case_807,c,2025-02-24 20:33:11.673819
case_807,c,2025-02-24 20:38:11.673819
case_807,c,2025-02-24 20:43:11.673819
case_807,a,2025-02-24 20:48:11.673819
case_807,a,2025-02-24 20:53:11.673819
case_807,a,2025-02-24 20:58:11.673819
case_807,c,2025-02-24 21:03:11.673819
case_808,a,2025-02-24 19:28:11.673850
case_808,c,2025-02-24 19:33:11.673850
case_808,c,2025-02-24 19:38:11.673850
case_808,b,2025-02-24 19:43:11.673850
case_808,a,2025-02-24 19:48:11.673850
case_808,b,2025-02-24 19:53:11.673850
case_808,c,2025-02-24 19:58:11.673850
case_808,b,2025-02-24 20:03:11.673850
case_808,a,2025-02-24 20:08:11.673850
case_808,a,2025-02-24 20:13:11.673850
case_808,a,2025-02-24 20:18:11.673850
case_808,c,2025-02-24 20:23:11.673850
case_808,a,2025-02-24 20:28:11.673850
case_808,b,2025-02-24 20:33:11.673850
case_808,a,2025-02-24 20:38:11.673850
case_808,a,2025-02-24 20:43:11.673850
case_808,b,2025-02-24 20:48:11.673850
case_808,a,2025-02-24 20:53:11.673850
case_808,c,2025-02-24 20:58:11.673850
case_808,c,2025-02-24 21:03:11.673850
case_809,c,2025-02-24 19:28:11.673881
case_809,c,2025-02-24 19:33:11.673881
case_809,b,2025-02-24 19:38:11.673881
case_809,c,2025-02-24 19:43:11.673881
case_809,b,2025-02-24 19:48:11.673881
case_809,a,2025-02-24 19:53:11.673881
case_809,c,2025-02-24 19:58:11.673881
case_809,c,2025-02-24 20:03:11.673881
case_809,c,2025-02-24 20:08:11.673881
case_809,c,2025-02-24 20:13:11.673881
case_809,a,2025-02-24 20:18:11.673881
case_809,b,2025-02-24 20:23:11.673881
case_809,c,2025-02-24 20:28:11.673881
case_809,b,2025-02-24 20:33:11.673881
case_809,c,2025-02-24 20:38:11.673881
case_809,c,2025-02-24 20:43:11.673881
case_809,c,2025-02-24 20:48:11.673881
case_809,b,2025-02-24 20:53:11.673881
case_809,a,2025-02-24 20:58:11.673881
case_809,a,2025-02-24 21:03:11.673881
case_810,c,2025-02-24 19:28:11.673912
case_810,b,2025-02-24 19:33:11.673912
case_810,c,2025-02-24 19:38:11.673912
case_810,a,2025-02-24 19:43:11.673912
case_810,c,2025-02-24 19:48:11.673912
case_810,c,2025-02-24 19:53:11.673912
case_810,b,2025-02-24 19:58:11.673912
case_810,a,2025-02-24 20:03:11.673912
case_810,b,2025-02-24 20:08:11.673912
case_810,c,2025-02-24 20:13:11.673912
case_810,c,2025-02-24 20:18:11.673912
case_810,b,2025-02-24 20:23:11.673912
case_810,a,2025-02-24 20:28:11.673912
case_810,c,2025-02-24 20:33:11.673912
case_810,b,2025-02-24 20:38:11.673912
case_810,a,2025-02-24 20:43:11.673912
case_810,a,2025-02-24 20:48:11.673912
case_810,c,2025-02-24 20:53:11.673912
case_810,b,2025-02-24 20:58:11.673912
case_810,a,2025-02-24 21:03:11.673912
case_811,a,2025-02-24 19:28:11.673942
case_811,a,2025-02-24 19:33:11.673942
case_811,a,2025-02-24 19:38:11.673942
case_811,c,2025-02-24 19:43:11.673942
case_811,b,2025-02-24 19:48:11.673942
case_811,a,2025-02-24 19:53:11.673942
case_811,b,2025-02-24 19:58:11.673942
case_811,a,2025-02-24 20:03:11.673942
case_811,b,2025-02-24 20:08:11.673942
case_811,c,2025-02-24 20:13:11.673942
case_811,c,2025-02-24 20:18:11.673942
case_811,a,2025-02-24 20:23:11.673942
case_811,a,2025-02-24 20:28:11.673942
case_811,c,2025-02-24 20:33:11.673942
case_811,a,2025-02-24 20:38:11.673942
case_811,a,2025-02-24 20:43:11.673942
case_811,a,2025-02-24 20:48:11.673942
case_811,a,2025-02-24 20:53:11.673942
case_811,a,2025-02-24 20:58:11.673942
case_811,c,2025-02-24 21:03:11.673942
case_812,a,2025-02-24 19:28:11.673973
case_812,b,2025-02-24 19:33:11.673973
case_812,a,2025-02-24 19:38:11.673973
case_812,a,2025-02-24 19:43:11.673973
case_812,c,2025-02-24 19:48:11.673973
case_812,a,2025-02-24 19:53:11.673973
case_812,a,2025-02-24 19:58:11.673973
case_812,c,2025-02-24 20:03:11.673973
case_812,a,2025-02-24 20:08:11.673973
case_812,a,2025-02-24 20:13:11.673973
case_812,a,2025-02-24 20:18:11.673973
case_812,c,2025-02-24 20:23:11.673973
case_812,a,2025-02-24 20:28:11.673973
case_812,b,2025-02-24 20:33:11.673973
case_812,c,2025-02-24 20:38:11.673973
case_812,b,2025-02-24 20:43:11.673973
case_812,a,2025-02-24 20:48:11.673973
case_812,a,2025-02-24 20:53:11.673973
case_812,b,2025-02-24 20:58:11.673973
case_812,a,2025-02-24 21:03:11.673973
case_813,a,2025-02-24 19:28:11.674004
case_813,a,2025-02-24 19:33:11.674004
case_813,c,2025-02-24 19:38:11.674004
case_813,c,2025-02-24 19:43:11.674004
case_813,b,2025-02-24 19:48:11.674004
case_813,a,2025-02-24 19:53:11.674004
case_813,c,2025-02-24 19:58:11.674004
case_813,b,2025-02-24 20:03:11.674004
case_813,c,2025-02-24 20:08:11.674004
case_813,a,2025-02-24 20:13:11.674004
case_813,b,2025-02-24 20:18:11.674004
case_813,c,2025-02-24 20:23:11.674004
case_813,b,2025-02-24 20:28:11.674004
case_813,c,2025-02-24 20:33:11.674004
case_813,b,2025-02-24 20:38:11.674004
case_813,c,2025-02-24 20:43:11.674004
case_813,b,2025-02-24 20:48:11.674004
case_813,a,2025-02-24 20:53:11.674004
case_813,c,2025-02-24 20:58:11.674004
case_813,c,2025-02-24 21:03:11.674004
case_814,c,2025-02-24 19:28:11.674034
case_814,b,2025-02-24 19:33:11.674034
case_814,a,2025-02-24 19:38:11.674034
case_814,a,2025-02-24 19:43:11.674034
case_814,a,2025-02-24 19:48:11.674034
case_814,a,2025-02-24 19:53:11.674034
case_814,c,2025-02-24 19:58:11.674034
case_814,a,2025-02-24 20:03:11.674034
case_814,b,2025-02-24 20:08:11.674034
case_814,a,2025-02-24 20:13:11.674034
case_814,b,2025-02-24 20:18:11.674034
case_814,a,2025-02-24 20:23:11.674034
case_814,a,2025-02-24 20:28:11.674034
case_814,a,2025-02-24 20:33:11.674034
case_814,c,2025-02-24 20:38:11.674034
case_814,b,2025-02-24 20:43:11.674034
case_814,a,2025-02-24 20:48:11.674034
case_814,c,2025-02-24 20:53:11.674034
case_814,b,2025-02-24 20:58:11.674034
case_814,c,2025-02-24 21:03:11.674034
case_815,c,2025-02-24 19:28:11.674065
case_815,a,2025-02-24 19:33:11.674065
case_815,c,2025-02-24 19:38:11.674065
case_815,b,2025-02-24 19:43:11.674065
case_815,a,2025-02-24 19:48:11.674065
case_815,a,2025-02-24 19:53:11.674065
case_815,c,2025-02-24 19:58:11.674065
case_815,b,2025-02-24 20:03:11.674065
case_815,c,2025-02-24 20:08:11.674065
case_815,c,2025-02-24 20:13:11.674065
case_815,a,2025-02-24 20:18:11.674065
case_815,c,2025-02-24 20:23:11.674065
case_815,b,2025-02-24 20:28:11.674065
case_815,c,2025-02-24 20:33:11.674065
case_815,b,2025-02-24 20:38:11.674065
case_815,c,2025-02-24 20:43:11.674065
case_815,c,2025-02-24 20:48:11.674065
case_815,c,2025-02-24 20:53:11.674065
case_815,c,2025-02-24 20:58:11.674065
case_815,a,2025-02-24 21:03:11.674065
case_816,a,2025-02-24 19:28:11.674095
case_816,c,2025-02-24 19:33:11.674095
case_816,b,2025-02-24 19:38:11.674095
case_816,c,2025-02-24 19:43:11.674095
case_816,c,2025-02-24 19:48:11.674095
case_816,a,2025-02-24 19:53:11.674095
case_816,a,2025-02-24 19:58:11.674095
case_816,c,2025-02-24 20:03:11.674095
case_816,c,2025-02-24 20:08:11.674095
case_816,b,2025-02-24 20:13:11.674095
case_816,a,2025-02-24 20:18:11.674095
case_816,c,2025-02-24 20:23:11.674095
case_816,c,2025-02-24 20:28:11.674095
case_816,c,2025-02-24 20:33:11.674095
case_816,c,2025-02-24 20:38:11.674095
case_816,a,2025-02-24 20:43:11.674095
case_816,c,2025-02-24 20:48:11.674095
case_816,c,2025-02-24 20:53:11.674095
case_816,c,2025-02-24 20:58:11.674095
case_816,c,2025-02-24 21:03:11.674095
case_817,a,2025-02-24 19:28:11.674126
case_817,b,2025-02-24 19:33:11.674126
case_817,c,2025-02-24 19:38:11.674126
case_817,b,2025-02-24 19:43:11.674126
case_817,c,2025-02-24 19:48:11.674126
case_817,c,2025-02-24 19:53:11.674126
case_817,a,2025-02-24 19:58:11.674126
case_817,c,2025-02-24 20:03:11.674126
case_817,a,2025-02-24 20:08:11.674126
case_817,c,2025-02-24 20:13:11.674126
case_817,b,2025-02-24 20:18:11.674126
case_817,c,2025-02-24 20:23:11.674126
case_817,a,2025-02-24 20:28:11.674126
case_817,b,2025-02-24 20:33:11.674126
case_817,c,2025-02-24 20:38:11.674126
case_817,c,2025-02-24 20:43:11.674126
case_817,b,2025-02-24 20:48:11.674126
case_817,a,2025-02-24 20:53:11.674126
case_817,b,2025-02-24 20:58:11.674126
case_817,a,2025-02-24 21:03:11.674126
case_818,a,2025-02-24 19:28:11.674156
case_818,c,2025-02-24 19:33:11.674156
case_818,a,2025-02-24 19:38:11.674156
case_818,b,2025-02-24 19:43:11.674156
case_818,a,2025-02-24 19:48:11.674156
case_818,b,2025-02-24 19:53:11.674156
case_818,c,2025-02-24 19:58:11.674156
case_818,a,2025-02-24 20:03:11.674156
case_818,a,2025-02-24 20:08:11.674156
case_818,b,2025-02-24 20:13:11.674156
case_818,a,2025-02-24 20:18:11.674156
case_818,c,2025-02-24 20:23:11.674156
case_818,a,2025-02-24 20:28:11.674156
case_818,a,2025-02-24 20:33:11.674156
case_818,b,2025-02-24 20:38:11.674156
case_818,c,2025-02-24 20:43:11.674156
case_818,c,2025-02-24 20:48:11.674156
case_818,b,2025-02-24 20:53:11.674156
case_818,c,2025-02-24 20:58:11.674156
case_818,a,2025-02-24 21:03:11.674156
case_819,c,2025-02-24 19:28:11.674187
case_819,b,2025-02-24 19:33:11.674187
case_819,a,2025-02-24 19:38:11.674187
case_819,a,2025-02-24 19:43:11.674187
case_819,b,2025-02-24 19:48:11.674187
case_819,c,2025-02-24 19:53:11.674187
case_819,a,2025-02-24 19:58:11.674187
case_819,b,2025-02-24 20:03:11.674187
case_819,c,2025-02-24 20:08:11.674187
case_819,c,2025-02-24 20:13:11.674187
case_819,a,2025-02-24 20:18:11.674187
case_819,c,2025-02-24 20:23:11.674187
case_819,c,2025-02-24 20:28:11.674187
case_819,b,2025-02-24 20:33:11.674187
case_819,c,2025-02-24 20:38:11.674187
case_819,c,2025-02-24 20:43:11.674187
case_819,a,2025-02-24 20:48:11.674187
case_819,c,2025-02-24 20:53:11.674187
case_819,b,2025-02-24 20:58:11.674187
case_819,a,2025-02-24 21:03:11.674187
case_820,a,2025-02-24 19:28:11.674217
case_820,c,2025-02-24 19:33:11.674217
case_820,b,2025-02-24 19:38:11.674217
case_820,a,2025-02-24 19:43:11.674217
case_820,b,2025-02-24 19:48:11.674217
case_820,a,2025-02-24 19:53:11.674217
case_820,a,2025-02-24 19:58:11.674217
case_820,c,2025-02-24 20:03:11.674217
case_820,a,2025-02-24 20:08:11.674217
case_820,b,2025-02-24 20:13:11.674217
case_820,c,2025-02-24 20:18:11.674217
case_820,a,2025-02-24 20:23:11.674217
case_820,a,2025-02-24 20:28:11.674217
case_820,b,2025-02-24 20:33:11.674217
case_820,c,2025-02-24 20:38:11.674217
case_820,c,2025-02-24 20:43:11.674217
case_820,a,2025-02-24 20:48:11.674217
case_820,b,2025-02-24 20:53:11.674217
case_820,c,2025-02-24 20:58:11.674217
case_820,a,2025-02-24 21:03:11.674217
case_821,c,2025-02-24 19:28:11.674248
case_821,b,2025-02-24 19:33:11.674248
case_821,a,2025-02-24 19:38:11.674248
case_821,a,2025-02-24 19:43:11.674248
case_821,b,2025-02-24 19:48:11.674248
case_821,a,2025-02-24 19:53:11.674248
case_821,c,2025-02-24 19:58:11.674248
case_821,b,2025-02-24 20:03:11.674248
case_821,c,2025-02-24 20:08:11.674248
case_821,c,2025-02-24 20:13:11.674248
case_821,a,2025-02-24 20:18:11.674248
case_821,b,2025-02-24 20:23:11.674248
case_821,c,2025-02-24 20:28:11.674248
case_821,a,2025-02-24 20:33:11.674248
case_821,c,2025-02-24 20:38:11.674248
case_821,b,2025-02-24 20:43:11.674248
case_821,c,2025-02-24 20:48:11.674248
case_821,c,2025-02-24 20:53:11.674248
case_821,b,2025-02-24 20:58:11.674248
case_821,a,2025-02-24 21:03:11.674248
case_822,c,2025-02-24 19:28:11.674278
case_822,b,2025-02-24 19:33:11.674278
case_822,c,2025-02-24 19:38:11.674278
case_822,a,2025-02-24 19:43:11.674278
case_822,b,2025-02-24 19:48:11.674278
case_822,c,2025-02-24 19:53:11.674278
case_822,c,2025-02-24 19:58:11.674278
case_822,a,2025-02-24 20:03:11.674278
case_822,c,2025-02-24 20:08:11.674278
case_822,a,2025-02-24 20:13:11.674278
case_822,b,2025-02-24 20:18:11.674278
case_822,a,2025-02-24 20:23:11.674278
case_822,a,2025-02-24 20:28:11.674278
case_822,a,2025-02-24 20:33:11.674278
case_822,c,2025-02-24 20:38:11.674278
case_822,b,2025-02-24 20:43:11.674278
case_822,a,2025-02-24 20:48:11.674278
case_822,b,2025-02-24 20:53:11.674278
case_822,c,2025-02-24 20:58:11.674278
case_822,c,2025-02-24 21:03:11.674278
case_823,a,2025-02-24 19:28:11.674309
case_823,a,2025-02-24 19:33:11.674309
case_823,a,2025-02-24 19:38:11.674309
case_823,a,2025-02-24 19:43:11.674309
case_823,b,2025-02-24 19:48:11.674309
case_823,a,2025-02-24 19:53:11.674309
case_823,b,2025-02-24 19:58:11.674309
case_823,a,2025-02-24 20:03:11.674309
case_823,a,2025-02-24 20:08:11.674309
case_823,a,2025-02-24 20:13:11.674309
case_823,c,2025-02-24 20:18:11.674309
case_823,b,2025-02-24 20:23:11.674309
case_823,a,2025-02-24 20:28:11.674309
case_823,b,2025-02-24 20:33:11.674309
case_823,a,2025-02-24 20:38:11.674309
case_823,c,2025-02-24 20:43:11.674309
case_823,b,2025-02-24 20:48:11.674309
case_823,a,2025-02-24 20:53:11.674309
case_823,b,2025-02-24 20:58:11.674309
case_823,c,2025-02-24 21:03:11.674309
case_824,a,2025-02-24 19:28:11.674342
case_824,b,2025-02-24 19:33:11.674342
case_824,c,2025-02-24 19:38:11.674342
case_824,a,2025-02-24 19:43:11.674342
case_824,b,2025-02-24 19:48:11.674342
case_824,c,2025-02-24 19:53:11.674342
case_824,b,2025-02-24 19:58:11.674342
case_824,a,2025-02-24 20:03:11.674342
case_824,b,2025-02-24 20:08:11.674342
case_824,c,2025-02-24 20:13:11.674342
case_824,b,2025-02-24 20:18:11.674342
case_824,c,2025-02-24 20:23:11.674342
case_824,b,2025-02-24 20:28:11.674342
case_824,a,2025-02-24 20:33:11.674342
case_824,b,2025-02-24 20:38:11.674342
case_824,a,2025-02-24 20:43:11.674342
case_824,c,2025-02-24 20:48:11.674342
case_824,c,2025-02-24 20:53:11.674342
case_824,c,2025-02-24 20:58:11.674342
case_824,a,2025-02-24 21:03:11.674342
case_825,c,2025-02-24 19:28:11.674372
case_825,b,2025-02-24 19:33:11.674372
case_825,a,2025-02-24 19:38:11.674372
case_825,c,2025-02-24 19:43:11.674372
case_825,c,2025-02-24 19:48:11.674372
case_825,b,2025-02-24 19:53:11.674372
case_825,a,2025-02-24 19:58:11.674372
case_825,b,2025-02-24 20:03:11.674372
case_825,a,2025-02-24 20:08:11.674372
case_825,b,2025-02-24 20:13:11.674372
case_825,c,2025-02-24 20:18:11.674372
case_825,b,2025-02-24 20:23:11.674372
case_825,a,2025-02-24 20:28:11.674372
case_825,b,2025-02-24 20:33:11.674372
case_825,a,2025-02-24 20:38:11.674372
case_825,c,2025-02-24 20:43:11.674372
case_825,b,2025-02-24 20:48:11.674372
case_825,a,2025-02-24 20:53:11.674372
case_825,a,2025-02-24 20:58:11.674372
case_825,c,2025-02-24 21:03:11.674372
case_826,c,2025-02-24 19:28:11.674402
case_826,c,2025-02-24 19:33:11.674402
case_826,a,2025-02-24 19:38:11.674402
case_826,b,2025-02-24 19:43:11.674402
case_826,c,2025-02-24 19:48:11.674402
case_826,a,2025-02-24 19:53:11.674402
case_826,a,2025-02-24 19:58:11.674402
case_826,b,2025-02-24 20:03:11.674402
case_826,a,2025-02-24 20:08:11.674402
case_826,a,2025-02-24 20:13:11.674402
case_826,a,2025-02-24 20:18:11.674402
case_826,b,2025-02-24 20:23:11.674402
case_826,a,2025-02-24 20:28:11.674402
case_826,a,2025-02-24 20:33:11.674402
case_826,c,2025-02-24 20:38:11.674402
case_826,a,2025-02-24 20:43:11.674402
case_826,c,2025-02-24 20:48:11.674402
case_826,b,2025-02-24 20:53:11.674402
case_826,c,2025-02-24 20:58:11.674402
case_826,c,2025-02-24 21:03:11.674402
case_827,a,2025-02-24 19:28:11.674432
case_827,a,2025-02-24 19:33:11.674432
case_827,c,2025-02-24 19:38:11.674432
case_827,b,2025-02-24 19:43:11.674432
case_827,c,2025-02-24 19:48:11.674432
case_827,c,2025-02-24 19:53:11.674432
case_827,b,2025-02-24 19:58:11.674432
case_827,c,2025-02-24 20:03:11.674432
case_827,c,2025-02-24 20:08:11.674432
case_827,c,2025-02-24 20:13:11.674432
case_827,b,2025-02-24 20:18:11.674432
case_827,c,2025-02-24 20:23:11.674432
case_827,a,2025-02-24 20:28:11.674432
case_827,b,2025-02-24 20:33:11.674432
case_827,c,2025-02-24 20:38:11.674432
case_827,a,2025-02-24 20:43:11.674432
case_827,b,2025-02-24 20:48:11.674432
case_827,c,2025-02-24 20:53:11.674432
case_827,a,2025-02-24 20:58:11.674432
case_827,c,2025-02-24 21:03:11.674432
case_828,a,2025-02-24 19:28:11.674462
case_828,b,2025-02-24 19:33:11.674462
case_828,c,2025-02-24 19:38:11.674462
case_828,c,2025-02-24 19:43:11.674462
case_828,b,2025-02-24 19:48:11.674462
case_828,a,2025-02-24 19:53:11.674462
case_828,c,2025-02-24 19:58:11.674462
case_828,a,2025-02-24 20:03:11.674462
case_828,b,2025-02-24 20:08:11.674462
case_828,a,2025-02-24 20:13:11.674462
case_828,c,2025-02-24 20:18:11.674462
case_828,a,2025-02-24 20:23:11.674462
case_828,a,2025-02-24 20:28:11.674462
case_828,c,2025-02-24 20:33:11.674462
case_828,b,2025-02-24 20:38:11.674462
case_828,c,2025-02-24 20:43:11.674462
case_828,a,2025-02-24 20:48:11.674462
case_828,b,2025-02-24 20:53:11.674462
case_828,c,2025-02-24 20:58:11.674462
case_828,c,2025-02-24 21:03:11.674462
case_829,a,2025-02-24 19:28:11.674491
case_829,b,2025-02-24 19:33:11.674491
case_829,a,2025-02-24 19:38:11.674491
case_829,b,2025-02-24 19:43:11.674491
case_829,c,2025-02-24 19:48:11.674491
case_829,a,2025-02-24 19:53:11.674491
case_829,b,2025-02-24 19:58:11.674491
case_829,a,2025-02-24 20:03:11.674491
case_829,a,2025-02-24 20:08:11.674491
case_829,a,2025-02-24 20:13:11.674491
case_829,c,2025-02-24 20:18:11.674491
case_829,c,2025-02-24 20:23:11.674491
case_829,b,2025-02-24 20:28:11.674491
case_829,c,2025-02-24 20:33:11.674491
case_829,b,2025-02-24 20:38:11.674491
case_829,c,2025-02-24 20:43:11.674491
case_829,c,2025-02-24 20:48:11.674491
case_829,a,2025-02-24 20:53:11.674491
case_829,b,2025-02-24 20:58:11.674491
case_829,c,2025-02-24 21:03:11.674491
case_830,c,2025-02-24 19:28:11.674521
case_830,a,2025-02-24 19:33:11.674521
case_830,c,2025-02-24 19:38:11.674521
case_830,c,2025-02-24 19:43:11.674521
case_830,a,2025-02-24 19:48:11.674521
case_830,b,2025-02-24 19:53:11.674521
case_830,c,2025-02-24 19:58:11.674521
case_830,b,2025-02-24 20:03:11.674521
case_830,a,2025-02-24 20:08:11.674521
case_830,c,2025-02-24 20:13:11.674521
case_830,a,2025-02-24 20:18:11.674521
case_830,c,2025-02-24 20:23:11.674521
case_830,b,2025-02-24 20:28:11.674521
case_830,a,2025-02-24 20:33:11.674521
case_830,b,2025-02-24 20:38:11.674521
case_830,a,2025-02-24 20:43:11.674521
case_830,b,2025-02-24 20:48:11.674521
case_830,c,2025-02-24 20:53:11.674521
case_830,b,2025-02-24 20:58:11.674521
case_830,c,2025-02-24 21:03:11.674521
case_831,a,2025-02-24 19:28:11.674552
case_831,b,2025-02-24 19:33:11.674552
case_831,c,2025-02-24 19:38:11.674552
case_831,b,2025-02-24 19:43:11.674552
case_831,c,2025-02-24 19:48:11.674552
case_831,a,2025-02-24 19:53:11.674552
case_831,b,2025-02-24 19:58:11.674552
case_831,a,2025-02-24 20:03:11.674552
case_831,b,2025-02-24 20:08:11.674552
case_831,a,2025-02-24 20:13:11.674552
case_831,b,2025-02-24 20:18:11.674552
case_831,c,2025-02-24 20:23:11.674552
case_831,a,2025-02-24 20:28:11.674552
case_831,b,2025-02-24 20:33:11.674552
case_831,a,2025-02-24 20:38:11.674552
case_831,a,2025-02-24 20:43:11.674552
case_831,b,2025-02-24 20:48:11.674552
case_831,c,2025-02-24 20:53:11.674552
case_831,b,2025-02-24 20:58:11.674552
case_831,a,2025-02-24 21:03:11.674552
case_832,a,2025-02-24 19:28:11.674582
case_832,a,2025-02-24 19:33:11.674582
case_832,c,2025-02-24 19:38:11.674582
case_832,a,2025-02-24 19:43:11.674582
case_832,a,2025-02-24 19:48:11.674582
case_832,c,2025-02-24 19:53:11.674582
case_832,c,2025-02-24 19:58:11.674582
case_832,c,2025-02-24 20:03:11.674582
case_832,b,2025-02-24 20:08:11.674582
case_832,a,2025-02-24 20:13:11.674582
case_832,b,2025-02-24 20:18:11.674582
case_832,c,2025-02-24 20:23:11.674582
case_832,b,2025-02-24 20:28:11.674582
case_832,c,2025-02-24 20:33:11.674582
case_832,c,2025-02-24 20:38:11.674582
case_832,b,2025-02-24 20:43:11.674582
case_832,c,2025-02-24 20:48:11.674582
case_832,b,2025-02-24 20:53:11.674582
case_832,c,2025-02-24 20:58:11.674582
case_832,a,2025-02-24 21:03:11.674582
case_833,c,2025-02-24 19:28:11.674612
case_833,a,2025-02-24 19:33:11.674612
case_833,a,2025-02-24 19:38:11.674612
case_833,b,2025-02-24 19:43:11.674612
case_833,c,2025-02-24 19:48:11.674612
case_833,b,2025-02-24 19:53:11.674612
case_833,c,2025-02-24 19:58:11.674612
case_833,c,2025-02-24 20:03:11.674612
case_833,a,2025-02-24 20:08:11.674612
case_833,a,2025-02-24 20:13:11.674612
case_833,a,2025-02-24 20:18:11.674612
case_833,c,2025-02-24 20:23:11.674612
case_833,c,2025-02-24 20:28:11.674612
case_833,a,2025-02-24 20:33:11.674612
case_833,a,2025-02-24 20:38:11.674612
case_833,b,2025-02-24 20:43:11.674612
case_833,a,2025-02-24 20:48:11.674612
case_833,c,2025-02-24 20:53:11.674612
case_833,a,2025-02-24 20:58:11.674612
case_833,c,2025-02-24 21:03:11.674612
case_834,a,2025-02-24 19:28:11.674642
case_834,a,2025-02-24 19:33:11.674642
case_834,c,2025-02-24 19:38:11.674642
case_834,a,2025-02-24 19:43:11.674642
case_834,c,2025-02-24 19:48:11.674642
case_834,b,2025-02-24 19:53:11.674642
case_834,a,2025-02-24 19:58:11.674642
case_834,c,2025-02-24 20:03:11.674642
case_834,a,2025-02-24 20:08:11.674642
case_834,c,2025-02-24 20:13:11.674642
case_834,c,2025-02-24 20:18:11.674642
case_834,c,2025-02-24 20:23:11.674642
case_834,b,2025-02-24 20:28:11.674642
case_834,c,2025-02-24 20:33:11.674642
case_834,a,2025-02-24 20:38:11.674642
case_834,b,2025-02-24 20:43:11.674642
case_834,c,2025-02-24 20:48:11.674642
case_834,c,2025-02-24 20:53:11.674642
case_834,c,2025-02-24 20:58:11.674642
case_834,c,2025-02-24 21:03:11.674642
case_835,c,2025-02-24 19:28:11.674672
case_835,a,2025-02-24 19:33:11.674672
case_835,b,2025-02-24 19:38:11.674672
case_835,c,2025-02-24 19:43:11.674672
case_835,b,2025-02-24 19:48:11.674672
case_835,c,2025-02-24 19:53:11.674672
case_835,b,2025-02-24 19:58:11.674672
case_835,c,2025-02-24 20:03:11.674672
case_835,a,2025-02-24 20:08:11.674672
case_835,b,2025-02-24 20:13:11.674672
case_835,a,2025-02-24 20:18:11.674672
case_835,a,2025-02-24 20:23:11.674672
case_835,c,2025-02-24 20:28:11.674672
case_835,c,2025-02-24 20:33:11.674672
case_835,c,2025-02-24 20:38:11.674672
case_835,a,2025-02-24 20:43:11.674672
case_835,b,2025-02-24 20:48:11.674672
case_835,c,2025-02-24 20:53:11.674672
case_835,a,2025-02-24 20:58:11.674672
case_835,c,2025-02-24 21:03:11.674672
case_836,c,2025-02-24 19:28:11.674702
case_836,a,2025-02-24 19:33:11.674702
case_836,a,2025-02-24 19:38:11.674702
case_836,b,2025-02-24 19:43:11.674702
case_836,c,2025-02-24 19:48:11.674702
case_836,c,2025-02-24 19:53:11.674702
case_836,c,2025-02-24 19:58:11.674702
case_836,b,2025-02-24 20:03:11.674702
case_836,a,2025-02-24 20:08:11.674702
case_836,b,2025-02-24 20:13:11.674702
case_836,c,2025-02-24 20:18:11.674702
case_836,a,2025-02-24 20:23:11.674702
case_836,b,2025-02-24 20:28:11.674702
case_836,c,2025-02-24 20:33:11.674702
case_836,b,2025-02-24 20:38:11.674702
case_836,a,2025-02-24 20:43:11.674702
case_836,b,2025-02-24 20:48:11.674702
case_836,c,2025-02-24 20:53:11.674702
case_836,a,2025-02-24 20:58:11.674702
case_836,c,2025-02-24 21:03:11.674702
case_837,c,2025-02-24 19:28:11.674732
case_837,c,2025-02-24 19:33:11.674732
case_837,b,2025-02-24 19:38:11.674732
case_837,a,2025-02-24 19:43:11.674732
case_837,a,2025-02-24 19:48:11.674732
case_837,a,2025-02-24 19:53:11.674732
case_837,a,2025-02-24 19:58:11.674732
case_837,c,2025-02-24 20:03:11.674732
case_837,b,2025-02-24 20:08:11.674732
case_837,a,2025-02-24 20:13:11.674732
case_837,a,2025-02-24 20:18:11.674732
case_837,c,2025-02-24 20:23:11.674732
case_837,c,2025-02-24 20:28:11.674732
case_837,a,2025-02-24 20:33:11.674732
case_837,a,2025-02-24 20:38:11.674732
case_837,a,2025-02-24 20:43:11.674732
case_837,b,2025-02-24 20:48:11.674732
case_837,c,2025-02-24 20:53:11.674732
case_837,c,2025-02-24 20:58:11.674732
case_837,a,2025-02-24 21:03:11.674732
case_838,a,2025-02-24 19:28:11.674762
case_838,a,2025-02-24 19:33:11.674762
case_838,c,2025-02-24 19:38:11.674762
case_838,c,2025-02-24 19:43:11.674762
case_838,c,2025-02-24 19:48:11.674762
case_838,c,2025-02-24 19:53:11.674762
case_838,c,2025-02-24 19:58:11.674762
case_838,b,2025-02-24 20:03:11.674762
case_838,a,2025-02-24 20:08:11.674762
case_838,a,2025-02-24 20:13:11.674762
case_838,a,2025-02-24 20:18:11.674762
case_838,a,2025-02-24 20:23:11.674762
case_838,a,2025-02-24 20:28:11.674762
case_838,c,2025-02-24 20:33:11.674762
case_838,b,2025-02-24 20:38:11.674762
case_838,c,2025-02-24 20:43:11.674762
case_838,a,2025-02-24 20:48:11.674762
case_838,b,2025-02-24 20:53:11.674762
case_838,c,2025-02-24 20:58:11.674762
case_838,a,2025-02-24 21:03:11.674762
case_839,c,2025-02-24 19:28:11.674792
case_839,b,2025-02-24 19:33:11.674792
case_839,c,2025-02-24 19:38:11.674792
case_839,c,2025-02-24 19:43:11.674792
case_839,a,2025-02-24 19:48:11.674792
case_839,b,2025-02-24 19:53:11.674792
case_839,a,2025-02-24 19:58:11.674792
case_839,a,2025-02-24 20:03:11.674792
case_839,b,2025-02-24 20:08:11.674792
case_839,a,2025-02-24 20:13:11.674792
case_839,c,2025-02-24 20:18:11.674792
case_839,c,2025-02-24 20:23:11.674792
case_839,b,2025-02-24 20:28:11.674792
case_839,c,2025-02-24 20:33:11.674792
case_839,a,2025-02-24 20:38:11.674792
case_839,b,2025-02-24 20:43:11.674792
case_839,c,2025-02-24 20:48:11.674792
case_839,b,2025-02-24 20:53:11.674792
case_839,c,2025-02-24 20:58:11.674792
case_839,c,2025-02-24 21:03:11.674792
case_840,a,2025-02-24 19:28:11.674822
case_840,c,2025-02-24 19:33:11.674822
case_840,a,2025-02-24 19:38:11.674822
case_840,a,2025-02-24 19:43:11.674822
case_840,a,2025-02-24 19:48:11.674822
case_840,a,2025-02-24 19:53:11.674822
case_840,c,2025-02-24 19:58:11.674822
case_840,b,2025-02-24 20:03:11.674822
case_840,a,2025-02-24 20:08:11.674822
case_840,a,2025-02-24 20:13:11.674822
case_840,c,2025-02-24 20:18:11.674822
case_840,c,2025-02-24 20:23:11.674822
case_840,b,2025-02-24 20:28:11.674822
case_840,c,2025-02-24 20:33:11.674822
case_840,b,2025-02-24 20:38:11.674822
case_840,a,2025-02-24 20:43:11.674822
case_840,a,2025-02-24 20:48:11.674822
case_840,c,2025-02-24 20:53:11.674822
case_840,a,2025-02-24 20:58:11.674822
case_840,c,2025-02-24 21:03:11.674822
case_841,a,2025-02-24 19:28:11.674852
case_841,c,2025-02-24 19:33:11.674852
case_841,a,2025-02-24 19:38:11.674852
case_841,c,2025-02-24 19:43:11.674852
case_841,c,2025-02-24 19:48:11.674852
case_841,b,2025-02-24 19:53:11.674852
case_841,c,2025-02-24 19:58:11.674852
case_841,b,2025-02-24 20:03:11.674852
case_841,a,2025-02-24 20:08:11.674852
case_841,a,2025-02-24 20:13:11.674852
case_841,c,2025-02-24 20:18:11.674852
case_841,a,2025-02-24 20:23:11.674852
case_841,c,2025-02-24 20:28:11.674852
case_841,a,2025-02-24 20:33:11.674852
case_841,a,2025-02-24 20:38:11.674852
case_841,b,2025-02-24 20:43:11.674852
case_841,a,2025-02-24 20:48:11.674852
case_841,a,2025-02-24 20:53:11.674852
case_841,c,2025-02-24 20:58:11.674852
case_841,a,2025-02-24 21:03:11.674852
case_842,a,2025-02-24 19:28:11.674882
case_842,a,2025-02-24 19:33:11.674882
case_842,a,2025-02-24 19:38:11.674882
case_842,b,2025-02-24 19:43:11.674882
case_842,c,2025-02-24 19:48:11.674882
case_842,c,2025-02-24 19:53:11.674882
case_842,b,2025-02-24 19:58:11.674882
case_842,c,2025-02-24 20:03:11.674882
case_842,b,2025-02-24 20:08:11.674882
case_842,c,2025-02-24 20:13:11.674882
case_842,a,2025-02-24 20:18:11.674882
case_842,b,2025-02-24 20:23:11.674882
case_842,a,2025-02-24 20:28:11.674882
case_842,b,2025-02-24 20:33:11.674882
case_842,c,2025-02-24 20:38:11.674882
case_842,a,2025-02-24 20:43:11.674882
case_842,a,2025-02-24 20:48:11.674882
case_842,b,2025-02-24 20:53:11.674882
case_842,c,2025-02-24 20:58:11.674882
case_842,a,2025-02-24 21:03:11.674882
case_843,c,2025-02-24 19:28:11.674913
case_843,c,2025-02-24 19:33:11.674913
case_843,b,2025-02-24 19:38:11.674913
case_843,c,2025-02-24 19:43:11.674913
case_843,a,2025-02-24 19:48:11.674913
case_843,c,2025-02-24 19:53:11.674913
case_843,c,2025-02-24 19:58:11.674913
case_843,b,2025-02-24 20:03:11.674913
case_843,a,2025-02-24 20:08:11.674913
case_843,c,2025-02-24 20:13:11.674913
case_843,c,2025-02-24 20:18:11.674913
case_843,c,2025-02-24 20:23:11.674913
case_843,a,2025-02-24 20:28:11.674913
case_843,b,2025-02-24 20:33:11.674913
case_843,c,2025-02-24 20:38:11.674913
case_843,b,2025-02-24 20:43:11.674913
case_843,a,2025-02-24 20:48:11.674913
case_843,b,2025-02-24 20:53:11.674913
case_843,a,2025-02-24 20:58:11.674913
case_843,a,2025-02-24 21:03:11.674913
case_844,a,2025-02-24 19:28:11.674943
case_844,b,2025-02-24 19:33:11.674943
case_844,a,2025-02-24 19:38:11.674943
case_844,c,2025-02-24 19:43:11.674943
case_844,a,2025-02-24 19:48:11.674943
case_844,c,2025-02-24 19:53:11.674943
case_844,b,2025-02-24 19:58:11.674943
case_844,c,2025-02-24 20:03:11.674943
case_844,b,2025-02-24 20:08:11.674943
case_844,c,2025-02-24 20:13:11.674943
case_844,c,2025-02-24 20:18:11.674943
case_844,a,2025-02-24 20:23:11.674943
case_844,c,2025-02-24 20:28:11.674943
case_844,b,2025-02-24 20:33:11.674943
case_844,c,2025-02-24 20:38:11.674943
case_844,a,2025-02-24 20:43:11.674943
case_844,a,2025-02-24 20:48:11.674943
case_844,b,2025-02-24 20:53:11.674943
case_844,c,2025-02-24 20:58:11.674943
case_844,a,2025-02-24 21:03:11.674943
case_845,c,2025-02-24 19:28:11.674973
case_845,b,2025-02-24 19:33:11.674973
case_845,a,2025-02-24 19:38:11.674973
case_845,a,2025-02-24 19:43:11.674973
case_845,c,2025-02-24 19:48:11.674973
case_845,a,2025-02-24 19:53:11.674973
case_845,c,2025-02-24 19:58:11.674973
case_845,c,2025-02-24 20:03:11.674973
case_845,c,2025-02-24 20:08:11.674973
case_845,a,2025-02-24 20:13:11.674973
case_845,c,2025-02-24 20:18:11.674973
case_845,a,2025-02-24 20:23:11.674973
case_845,c,2025-02-24 20:28:11.674973
case_845,b,2025-02-24 20:33:11.674973
case_845,a,2025-02-24 20:38:11.674973
case_845,b,2025-02-24 20:43:11.674973
case_845,c,2025-02-24 20:48:11.674973
case_845,c,2025-02-24 20:53:11.674973
case_845,b,2025-02-24 20:58:11.674973
case_845,c,2025-02-24 21:03:11.674973
case_846,a,2025-02-24 19:28:11.675003
case_846,b,2025-02-24 19:33:11.675003
case_846,c,2025-02-24 19:38:11.675003
case_846,a,2025-02-24 19:43:11.675003
case_846,b,2025-02-24 19:48:11.675003
case_846,c,2025-02-24 19:53:11.675003
case_846,c,2025-02-24 19:58:11.675003
case_846,b,2025-02-24 20:03:11.675003
case_846,a,2025-02-24 20:08:11.675003
case_846,b,2025-02-24 20:13:11.675003
case_846,c,2025-02-24 20:18:11.675003
case_846,b,2025-02-24 20:23:11.675003
case_846,a,2025-02-24 20:28:11.675003
case_846,c,2025-02-24 20:33:11.675003
case_846,a,2025-02-24 20:38:11.675003
case_846,a,2025-02-24 20:43:11.675003
case_846,a,2025-02-24 20:48:11.675003
case_846,a,2025-02-24 20:53:11.675003
case_846,a,2025-02-24 20:58:11.675003
case_846,a,2025-02-24 21:03:11.675003
case_847,a,2025-02-24 19:28:11.675033
case_847,c,2025-02-24 19:33:11.675033
case_847,a,2025-02-24 19:38:11.675033
case_847,b,2025-02-24 19:43:11.675033
case_847,c,2025-02-24 19:48:11.675033
case_847,b,2025-02-24 19:53:11.675033
case_847,c,2025-02-24 19:58:11.675033
case_847,c,2025-02-24 20:03:11.675033
case_847,a,2025-02-24 20:08:11.675033
case_847,b,2025-02-24 20:13:11.675033
case_847,c,2025-02-24 20:18:11.675033
case_847,c,2025-02-24 20:23:11.675033
case_847,a,2025-02-24 20:28:11.675033
case_847,b,2025-02-24 20:33:11.675033
case_847,c,2025-02-24 20:38:11.675033
case_847,a,2025-02-24 20:43:11.675033
case_847,c,2025-02-24 20:48:11.675033
case_847,a,2025-02-24 20:53:11.675033
case_847,a,2025-02-24 20:58:11.675033
case_847,c,2025-02-24 21:03:11.675033
case_848,a,2025-02-24 19:28:11.675062
case_848,c,2025-02-24 19:33:11.675062
case_848,b,2025-02-24 19:38:11.675062
case_848,c,2025-02-24 19:43:11.675062
case_848,a,2025-02-24 19:48:11.675062
case_848,c,2025-02-24 19:53:11.675062
case_848,c,2025-02-24 19:58:11.675062
case_848,a,2025-02-24 20:03:11.675062
case_848,b,2025-02-24 20:08:11.675062
case_848,c,2025-02-24 20:13:11.675062
case_848,c,2025-02-24 20:18:11.675062
case_848,b,2025-02-24 20:23:11.675062
case_848,a,2025-02-24 20:28:11.675062
case_848,c,2025-02-24 20:33:11.675062
case_848,c,2025-02-24 20:38:11.675062
case_848,a,2025-02-24 20:43:11.675062
case_848,c,2025-02-24 20:48:11.675062
case_848,c,2025-02-24 20:53:11.675062
case_848,b,2025-02-24 20:58:11.675062
case_848,c,2025-02-24 21:03:11.675062
case_849,c,2025-02-24 19:28:11.675092
case_849,a,2025-02-24 19:33:11.675092
case_849,c,2025-02-24 19:38:11.675092
case_849,a,2025-02-24 19:43:11.675092
case_849,b,2025-02-24 19:48:11.675092
case_849,c,2025-02-24 19:53:11.675092
case_849,a,2025-02-24 19:58:11.675092
case_849,a,2025-02-24 20:03:11.675092
case_849,b,2025-02-24 20:08:11.675092
case_849,a,2025-02-24 20:13:11.675092
case_849,a,2025-02-24 20:18:11.675092
case_849,b,2025-02-24 20:23:11.675092
case_849,c,2025-02-24 20:28:11.675092
case_849,a,2025-02-24 20:33:11.675092
case_849,c,2025-02-24 20:38:11.675092
case_849,b,2025-02-24 20:43:11.675092
case_849,a,2025-02-24 20:48:11.675092
case_849,b,2025-02-24 20:53:11.675092
case_849,a,2025-02-24 20:58:11.675092
case_849,a,2025-02-24 21:03:11.675092
case_850,a,2025-02-24 19:28:11.675122
case_850,a,2025-02-24 19:33:11.675122
case_850,b,2025-02-24 19:38:11.675122
case_850,a,2025-02-24 19:43:11.675122
case_850,b,2025-02-24 19:48:11.675122
case_850,c,2025-02-24 19:53:11.675122
case_850,a,2025-02-24 19:58:11.675122
case_850,c,2025-02-24 20:03:11.675122
case_850,a,2025-02-24 20:08:11.675122
case_850,a,2025-02-24 20:13:11.675122
case_850,a,2025-02-24 20:18:11.675122
case_850,a,2025-02-24 20:23:11.675122
case_850,a,2025-02-24 20:28:11.675122
case_850,b,2025-02-24 20:33:11.675122
case_850,c,2025-02-24 20:38:11.675122
case_850,c,2025-02-24 20:43:11.675122
case_850,b,2025-02-24 20:48:11.675122
case_850,c,2025-02-24 20:53:11.675122
case_850,b,2025-02-24 20:58:11.675122
case_850,a,2025-02-24 21:03:11.675122
case_851,a,2025-02-24 19:28:11.675153
case_851,b,2025-02-24 19:33:11.675153
case_851,c,2025-02-24 19:38:11.675153
case_851,b,2025-02-24 19:43:11.675153
case_851,c,2025-02-24 19:48:11.675153
case_851,b,2025-02-24 19:53:11.675153
case_851,c,2025-02-24 19:58:11.675153
case_851,c,2025-02-24 20:03:11.675153
case_851,c,2025-02-24 20:08:11.675153
case_851,c,2025-02-24 20:13:11.675153
case_851,c,2025-02-24 20:18:11.675153
case_851,c,2025-02-24 20:23:11.675153
case_851,c,2025-02-24 20:28:11.675153
case_851,c,2025-02-24 20:33:11.675153
case_851,b,2025-02-24 20:38:11.675153
case_851,a,2025-02-24 20:43:11.675153
case_851,a,2025-02-24 20:48:11.675153
case_851,c,2025-02-24 20:53:11.675153
case_851,a,2025-02-24 20:58:11.675153
case_851,c,2025-02-24 21:03:11.675153
case_852,a,2025-02-24 19:28:11.675183
case_852,c,2025-02-24 19:33:11.675183
case_852,c,2025-02-24 19:38:11.675183
case_852,c,2025-02-24 19:43:11.675183
case_852,a,2025-02-24 19:48:11.675183
case_852,b,2025-02-24 19:53:11.675183
case_852,c,2025-02-24 19:58:11.675183
case_852,b,2025-02-24 20:03:11.675183
case_852,c,2025-02-24 20:08:11.675183
case_852,a,2025-02-24 20:13:11.675183
case_852,a,2025-02-24 20:18:11.675183
case_852,a,2025-02-24 20:23:11.675183
case_852,a,2025-02-24 20:28:11.675183
case_852,a,2025-02-24 20:33:11.675183
case_852,c,2025-02-24 20:38:11.675183
case_852,a,2025-02-24 20:43:11.675183
case_852,a,2025-02-24 20:48:11.675183
case_852,b,2025-02-24 20:53:11.675183
case_852,c,2025-02-24 20:58:11.675183
case_852,c,2025-02-24 21:03:11.675183
case_853,a,2025-02-24 19:28:11.675213
case_853,b,2025-02-24 19:33:11.675213
case_853,c,2025-02-24 19:38:11.675213
case_853,b,2025-02-24 19:43:11.675213
case_853,c,2025-02-24 19:48:11.675213
case_853,a,2025-02-24 19:53:11.675213
case_853,c,2025-02-24 19:58:11.675213
case_853,b,2025-02-24 20:03:11.675213
case_853,a,2025-02-24 20:08:11.675213
case_853,c,2025-02-24 20:13:11.675213
case_853,b,2025-02-24 20:18:11.675213
case_853,c,2025-02-24 20:23:11.675213
case_853,a,2025-02-24 20:28:11.675213
case_853,c,2025-02-24 20:33:11.675213
case_853,b,2025-02-24 20:38:11.675213
case_853,c,2025-02-24 20:43:11.675213
case_853,c,2025-02-24 20:48:11.675213
case_853,b,2025-02-24 20:53:11.675213
case_853,c,2025-02-24 20:58:11.675213
case_853,a,2025-02-24 21:03:11.675213
case_854,c,2025-02-24 19:28:11.675252
case_854,a,2025-02-24 19:33:11.675252
case_854,b,2025-02-24 19:38:11.675252
case_854,c,2025-02-24 19:43:11.675252
case_854,c,2025-02-24 19:48:11.675252
case_854,c,2025-02-24 19:53:11.675252
case_854,b,2025-02-24 19:58:11.675252
case_854,a,2025-02-24 20:03:11.675252
case_854,c,2025-02-24 20:08:11.675252
case_854,c,2025-02-24 20:13:11.675252
case_854,a,2025-02-24 20:18:11.675252
case_854,a,2025-02-24 20:23:11.675252
case_854,b,2025-02-24 20:28:11.675252
case_854,a,2025-02-24 20:33:11.675252
case_854,a,2025-02-24 20:38:11.675252
case_854,b,2025-02-24 20:43:11.675252
case_854,a,2025-02-24 20:48:11.675252
case_854,b,2025-02-24 20:53:11.675252
case_854,c,2025-02-24 20:58:11.675252
case_854,c,2025-02-24 21:03:11.675252
case_855,a,2025-02-24 19:28:11.675282
case_855,a,2025-02-24 19:33:11.675282
case_855,c,2025-02-24 19:38:11.675282
case_855,a,2025-02-24 19:43:11.675282
case_855,c,2025-02-24 19:48:11.675282
case_855,a,2025-02-24 19:53:11.675282
case_855,c,2025-02-24 19:58:11.675282
case_855,a,2025-02-24 20:03:11.675282
case_855,a,2025-02-24 20:08:11.675282
case_855,a,2025-02-24 20:13:11.675282
case_855,a,2025-02-24 20:18:11.675282
case_855,a,2025-02-24 20:23:11.675282
case_855,a,2025-02-24 20:28:11.675282
case_855,a,2025-02-24 20:33:11.675282
case_855,a,2025-02-24 20:38:11.675282
case_855,a,2025-02-24 20:43:11.675282
case_855,b,2025-02-24 20:48:11.675282
case_855,a,2025-02-24 20:53:11.675282
case_855,c,2025-02-24 20:58:11.675282
case_855,a,2025-02-24 21:03:11.675282
case_856,c,2025-02-24 19:28:11.675312
case_856,a,2025-02-24 19:33:11.675312
case_856,a,2025-02-24 19:38:11.675312
case_856,c,2025-02-24 19:43:11.675312
case_856,a,2025-02-24 19:48:11.675312
case_856,b,2025-02-24 19:53:11.675312
case_856,c,2025-02-24 19:58:11.675312
case_856,a,2025-02-24 20:03:11.675312
case_856,c,2025-02-24 20:08:11.675312
case_856,c,2025-02-24 20:13:11.675312
case_856,c,2025-02-24 20:18:11.675312
case_856,a,2025-02-24 20:23:11.675312
case_856,a,2025-02-24 20:28:11.675312
case_856,b,2025-02-24 20:33:11.675312
case_856,a,2025-02-24 20:38:11.675312
case_856,c,2025-02-24 20:43:11.675312
case_856,b,2025-02-24 20:48:11.675312
case_856,a,2025-02-24 20:53:11.675312
case_856,c,2025-02-24 20:58:11.675312
case_856,c,2025-02-24 21:03:11.675312
case_857,a,2025-02-24 19:28:11.675346
case_857,a,2025-02-24 19:33:11.675346
case_857,b,2025-02-24 19:38:11.675346
case_857,c,2025-02-24 19:43:11.675346
case_857,c,2025-02-24 19:48:11.675346
case_857,b,2025-02-24 19:53:11.675346
case_857,c,2025-02-24 19:58:11.675346
case_857,c,2025-02-24 20:03:11.675346
case_857,b,2025-02-24 20:08:11.675346
case_857,a,2025-02-24 20:13:11.675346
case_857,a,2025-02-24 20:18:11.675346
case_857,a,2025-02-24 20:23:11.675346
case_857,c,2025-02-24 20:28:11.675346
case_857,c,2025-02-24 20:33:11.675346
case_857,c,2025-02-24 20:38:11.675346
case_857,b,2025-02-24 20:43:11.675346
case_857,c,2025-02-24 20:48:11.675346
case_857,a,2025-02-24 20:53:11.675346
case_857,c,2025-02-24 20:58:11.675346
case_857,a,2025-02-24 21:03:11.675346
case_858,a,2025-02-24 19:28:11.675376
case_858,a,2025-02-24 19:33:11.675376
case_858,c,2025-02-24 19:38:11.675376
case_858,b,2025-02-24 19:43:11.675376
case_858,c,2025-02-24 19:48:11.675376
case_858,a,2025-02-24 19:53:11.675376
case_858,c,2025-02-24 19:58:11.675376
case_858,a,2025-02-24 20:03:11.675376
case_858,b,2025-02-24 20:08:11.675376
case_858,c,2025-02-24 20:13:11.675376
case_858,b,2025-02-24 20:18:11.675376
case_858,a,2025-02-24 20:23:11.675376
case_858,c,2025-02-24 20:28:11.675376
case_858,b,2025-02-24 20:33:11.675376
case_858,c,2025-02-24 20:38:11.675376
case_858,a,2025-02-24 20:43:11.675376
case_858,c,2025-02-24 20:48:11.675376
case_858,b,2025-02-24 20:53:11.675376
case_858,a,2025-02-24 20:58:11.675376
case_858,a,2025-02-24 21:03:11.675376
case_859,a,2025-02-24 19:28:11.675407
case_859,b,2025-02-24 19:33:11.675407
case_859,c,2025-02-24 19:38:11.675407
case_859,c,2025-02-24 19:43:11.675407
case_859,c,2025-02-24 19:48:11.675407
case_859,c,2025-02-24 19:53:11.675407
case_859,c,2025-02-24 19:58:11.675407
case_859,a,2025-02-24 20:03:11.675407
case_859,a,2025-02-24 20:08:11.675407
case_859,a,2025-02-24 20:13:11.675407
case_859,a,2025-02-24 20:18:11.675407
case_859,b,2025-02-24 20:23:11.675407
case_859,a,2025-02-24 20:28:11.675407
case_859,c,2025-02-24 20:33:11.675407
case_859,a,2025-02-24 20:38:11.675407
case_859,a,2025-02-24 20:43:11.675407
case_859,c,2025-02-24 20:48:11.675407
case_859,a,2025-02-24 20:53:11.675407
case_859,a,2025-02-24 20:58:11.675407
case_859,c,2025-02-24 21:03:11.675407
case_860,a,2025-02-24 19:28:11.675437
case_860,a,2025-02-24 19:33:11.675437
case_860,b,2025-02-24 19:38:11.675437
case_860,c,2025-02-24 19:43:11.675437
case_860,b,2025-02-24 19:48:11.675437
case_860,c,2025-02-24 19:53:11.675437
case_860,b,2025-02-24 19:58:11.675437
case_860,c,2025-02-24 20:03:11.675437
case_860,c,2025-02-24 20:08:11.675437
case_860,a,2025-02-24 20:13:11.675437
case_860,c,2025-02-24 20:18:11.675437
case_860,a,2025-02-24 20:23:11.675437
case_860,a,2025-02-24 20:28:11.675437
case_860,c,2025-02-24 20:33:11.675437
case_860,a,2025-02-24 20:38:11.675437
case_860,a,2025-02-24 20:43:11.675437
case_860,b,2025-02-24 20:48:11.675437
case_860,a,2025-02-24 20:53:11.675437
case_860,a,2025-02-24 20:58:11.675437
case_860,a,2025-02-24 21:03:11.675437
case_861,a,2025-02-24 19:28:11.675468
case_861,a,2025-02-24 19:33:11.675468
case_861,a,2025-02-24 19:38:11.675468
case_861,a,2025-02-24 19:43:11.675468
case_861,a,2025-02-24 19:48:11.675468
case_861,b,2025-02-24 19:53:11.675468
case_861,c,2025-02-24 19:58:11.675468
case_861,b,2025-02-24 20:03:11.675468
case_861,c,2025-02-24 20:08:11.675468
case_861,a,2025-02-24 20:13:11.675468
case_861,a,2025-02-24 20:18:11.675468
case_861,c,2025-02-24 20:23:11.675468
case_861,c,2025-02-24 20:28:11.675468
case_861,a,2025-02-24 20:33:11.675468
case_861,a,2025-02-24 20:38:11.675468
case_861,a,2025-02-24 20:43:11.675468
case_861,b,2025-02-24 20:48:11.675468
case_861,a,2025-02-24 20:53:11.675468
case_861,b,2025-02-24 20:58:11.675468
case_861,c,2025-02-24 21:03:11.675468
case_862,a,2025-02-24 19:28:11.675498
case_862,c,2025-02-24 19:33:11.675498
case_862,a,2025-02-24 19:38:11.675498
case_862,a,2025-02-24 19:43:11.675498
case_862,c,2025-02-24 19:48:11.675498
case_862,a,2025-02-24 19:53:11.675498
case_862,c,2025-02-24 19:58:11.675498
case_862,c,2025-02-24 20:03:11.675498
case_862,b,2025-02-24 20:08:11.675498
case_862,c,2025-02-24 20:13:11.675498
case_862,a,2025-02-24 20:18:11.675498
case_862,a,2025-02-24 20:23:11.675498
case_862,b,2025-02-24 20:28:11.675498
case_862,c,2025-02-24 20:33:11.675498
case_862,b,2025-02-24 20:38:11.675498
case_862,a,2025-02-24 20:43:11.675498
case_862,a,2025-02-24 20:48:11.675498
case_862,c,2025-02-24 20:53:11.675498
case_862,c,2025-02-24 20:58:11.675498
case_862,a,2025-02-24 21:03:11.675498
case_863,c,2025-02-24 19:28:11.675528
case_863,a,2025-02-24 19:33:11.675528
case_863,a,2025-02-24 19:38:11.675528
case_863,a,2025-02-24 19:43:11.675528
case_863,b,2025-02-24 19:48:11.675528
case_863,c,2025-02-24 19:53:11.675528
case_863,b,2025-02-24 19:58:11.675528
case_863,c,2025-02-24 20:03:11.675528
case_863,b,2025-02-24 20:08:11.675528
case_863,c,2025-02-24 20:13:11.675528
case_863,a,2025-02-24 20:18:11.675528
case_863,a,2025-02-24 20:23:11.675528
case_863,c,2025-02-24 20:28:11.675528
case_863,c,2025-02-24 20:33:11.675528
case_863,a,2025-02-24 20:38:11.675528
case_863,a,2025-02-24 20:43:11.675528
case_863,b,2025-02-24 20:48:11.675528
case_863,a,2025-02-24 20:53:11.675528
case_863,a,2025-02-24 20:58:11.675528
case_863,a,2025-02-24 21:03:11.675528
case_864,c,2025-02-24 19:28:11.675558
case_864,c,2025-02-24 19:33:11.675558
case_864,a,2025-02-24 19:38:11.675558
case_864,b,2025-02-24 19:43:11.675558
case_864,a,2025-02-24 19:48:11.675558
case_864,b,2025-02-24 19:53:11.675558
case_864,c,2025-02-24 19:58:11.675558
case_864,a,2025-02-24 20:03:11.675558
case_864,b,2025-02-24 20:08:11.675558
case_864,c,2025-02-24 20:13:11.675558
case_864,c,2025-02-24 20:18:11.675558
case_864,b,2025-02-24 20:23:11.675558
case_864,c,2025-02-24 20:28:11.675558
case_864,c,2025-02-24 20:33:11.675558
case_864,b,2025-02-24 20:38:11.675558
case_864,a,2025-02-24 20:43:11.675558
case_864,b,2025-02-24 20:48:11.675558
case_864,c,2025-02-24 20:53:11.675558
case_864,c,2025-02-24 20:58:11.675558
case_864,a,2025-02-24 21:03:11.675558
case_865,a,2025-02-24 19:28:11.675589
case_865,c,2025-02-24 19:33:11.675589
case_865,a,2025-02-24 19:38:11.675589
case_865,c,2025-02-24 19:43:11.675589
case_865,a,2025-02-24 19:48:11.675589
case_865,b,2025-02-24 19:53:11.675589
case_865,c,2025-02-24 19:58:11.675589
case_865,c,2025-02-24 20:03:11.675589
case_865,a,2025-02-24 20:08:11.675589
case_865,c,2025-02-24 20:13:11.675589
case_865,c,2025-02-24 20:18:11.675589
case_865,a,2025-02-24 20:23:11.675589
case_865,b,2025-02-24 20:28:11.675589
case_865,a,2025-02-24 20:33:11.675589
case_865,a,2025-02-24 20:38:11.675589
case_865,a,2025-02-24 20:43:11.675589
case_865,a,2025-02-24 20:48:11.675589
case_865,a,2025-02-24 20:53:11.675589
case_865,c,2025-02-24 20:58:11.675589
case_865,a,2025-02-24 21:03:11.675589
case_866,a,2025-02-24 19:28:11.675619
case_866,a,2025-02-24 19:33:11.675619
case_866,b,2025-02-24 19:38:11.675619
case_866,a,2025-02-24 19:43:11.675619
case_866,b,2025-02-24 19:48:11.675619
case_866,c,2025-02-24 19:53:11.675619
case_866,a,2025-02-24 19:58:11.675619
case_866,b,2025-02-24 20:03:11.675619
case_866,a,2025-02-24 20:08:11.675619
case_866,b,2025-02-24 20:13:11.675619
case_866,a,2025-02-24 20:18:11.675619
case_866,a,2025-02-24 20:23:11.675619
case_866,b,2025-02-24 20:28:11.675619
case_866,a,2025-02-24 20:33:11.675619
case_866,c,2025-02-24 20:38:11.675619
case_866,b,2025-02-24 20:43:11.675619
case_866,a,2025-02-24 20:48:11.675619
case_866,b,2025-02-24 20:53:11.675619
case_866,a,2025-02-24 20:58:11.675619
case_866,a,2025-02-24 21:03:11.675619
case_867,a,2025-02-24 19:28:11.675649
case_867,c,2025-02-24 19:33:11.675649
case_867,b,2025-02-24 19:38:11.675649
case_867,a,2025-02-24 19:43:11.675649
case_867,a,2025-02-24 19:48:11.675649
case_867,c,2025-02-24 19:53:11.675649
case_867,a,2025-02-24 19:58:11.675649
case_867,b,2025-02-24 20:03:11.675649
case_867,a,2025-02-24 20:08:11.675649
case_867,c,2025-02-24 20:13:11.675649
case_867,a,2025-02-24 20:18:11.675649
case_867,c,2025-02-24 20:23:11.675649
case_867,b,2025-02-24 20:28:11.675649
case_867,c,2025-02-24 20:33:11.675649
case_867,c,2025-02-24 20:38:11.675649
case_867,a,2025-02-24 20:43:11.675649
case_867,a,2025-02-24 20:48:11.675649
case_867,c,2025-02-24 20:53:11.675649
case_867,a,2025-02-24 20:58:11.675649
case_867,a,2025-02-24 21:03:11.675649
case_868,c,2025-02-24 19:28:11.675679
case_868,b,2025-02-24 19:33:11.675679
case_868,c,2025-02-24 19:38:11.675679
case_868,c,2025-02-24 19:43:11.675679
case_868,a,2025-02-24 19:48:11.675679
case_868,a,2025-02-24 19:53:11.675679
case_868,b,2025-02-24 19:58:11.675679
case_868,c,2025-02-24 20:03:11.675679
case_868,a,2025-02-24 20:08:11.675679
case_868,b,2025-02-24 20:13:11.675679
case_868,c,2025-02-24 20:18:11.675679
case_868,c,2025-02-24 20:23:11.675679
case_868,a,2025-02-24 20:28:11.675679
case_868,c,2025-02-24 20:33:11.675679
case_868,b,2025-02-24 20:38:11.675679
case_868,a,2025-02-24 20:43:11.675679
case_868,c,2025-02-24 20:48:11.675679
case_868,a,2025-02-24 20:53:11.675679
case_868,c,2025-02-24 20:58:11.675679
case_868,c,2025-02-24 21:03:11.675679
case_869,c,2025-02-24 19:28:11.675710
case_869,b,2025-02-24 19:33:11.675710
case_869,c,2025-02-24 19:38:11.675710
case_869,a,2025-02-24 19:43:11.675710
case_869,a,2025-02-24 19:48:11.675710
case_869,a,2025-02-24 19:53:11.675710
case_869,b,2025-02-24 19:58:11.675710
case_869,c,2025-02-24 20:03:11.675710
case_869,b,2025-02-24 20:08:11.675710
case_869,a,2025-02-24 20:13:11.675710
case_869,c,2025-02-24 20:18:11.675710
case_869,c,2025-02-24 20:23:11.675710
case_869,b,2025-02-24 20:28:11.675710
case_869,a,2025-02-24 20:33:11.675710
case_869,b,2025-02-24 20:38:11.675710
case_869,c,2025-02-24 20:43:11.675710
case_869,a,2025-02-24 20:48:11.675710
case_869,a,2025-02-24 20:53:11.675710
case_869,a,2025-02-24 20:58:11.675710
case_869,c,2025-02-24 21:03:11.675710
case_870,a,2025-02-24 19:28:11.675739
case_870,c,2025-02-24 19:33:11.675739
case_870,b,2025-02-24 19:38:11.675739
case_870,a,2025-02-24 19:43:11.675739
case_870,b,2025-02-24 19:48:11.675739
case_870,c,2025-02-24 19:53:11.675739
case_870,c,2025-02-24 19:58:11.675739
case_870,c,2025-02-24 20:03:11.675739
case_870,c,2025-02-24 20:08:11.675739
case_870,c,2025-02-24 20:13:11.675739
case_870,c,2025-02-24 20:18:11.675739
case_870,b,2025-02-24 20:23:11.675739
case_870,c,2025-02-24 20:28:11.675739
case_870,b,2025-02-24 20:33:11.675739
case_870,c,2025-02-24 20:38:11.675739
case_870,b,2025-02-24 20:43:11.675739
case_870,a,2025-02-24 20:48:11.675739
case_870,c,2025-02-24 20:53:11.675739
case_870,c,2025-02-24 20:58:11.675739
case_870,a,2025-02-24 21:03:11.675739
case_871,a,2025-02-24 19:28:11.675770
case_871,c,2025-02-24 19:33:11.675770
case_871,a,2025-02-24 19:38:11.675770
case_871,b,2025-02-24 19:43:11.675770
case_871,a,2025-02-24 19:48:11.675770
case_871,a,2025-02-24 19:53:11.675770
case_871,b,2025-02-24 19:58:11.675770
case_871,c,2025-02-24 20:03:11.675770
case_871,b,2025-02-24 20:08:11.675770
case_871,a,2025-02-24 20:13:11.675770
case_871,c,2025-02-24 20:18:11.675770
case_871,a,2025-02-24 20:23:11.675770
case_871,b,2025-02-24 20:28:11.675770
case_871,a,2025-02-24 20:33:11.675770
case_871,c,2025-02-24 20:38:11.675770
case_871,a,2025-02-24 20:43:11.675770
case_871,c,2025-02-24 20:48:11.675770
case_871,b,2025-02-24 20:53:11.675770
case_871,a,2025-02-24 20:58:11.675770
case_871,c,2025-02-24 21:03:11.675770
case_872,c,2025-02-24 19:28:11.675800
case_872,c,2025-02-24 19:33:11.675800
case_872,b,2025-02-24 19:38:11.675800
case_872,a,2025-02-24 19:43:11.675800
case_872,b,2025-02-24 19:48:11.675800
case_872,a,2025-02-24 19:53:11.675800
case_872,a,2025-02-24 19:58:11.675800
case_872,c,2025-02-24 20:03:11.675800
case_872,a,2025-02-24 20:08:11.675800
case_872,b,2025-02-24 20:13:11.675800
case_872,a,2025-02-24 20:18:11.675800
case_872,a,2025-02-24 20:23:11.675800
case_872,a,2025-02-24 20:28:11.675800
case_872,a,2025-02-24 20:33:11.675800
case_872,c,2025-02-24 20:38:11.675800
case_872,c,2025-02-24 20:43:11.675800
case_872,c,2025-02-24 20:48:11.675800
case_872,a,2025-02-24 20:53:11.675800
case_872,a,2025-02-24 20:58:11.675800
case_872,c,2025-02-24 21:03:11.675800
case_873,c,2025-02-24 19:28:11.675830
case_873,b,2025-02-24 19:33:11.675830
case_873,a,2025-02-24 19:38:11.675830
case_873,c,2025-02-24 19:43:11.675830
case_873,c,2025-02-24 19:48:11.675830
case_873,a,2025-02-24 19:53:11.675830
case_873,a,2025-02-24 19:58:11.675830
case_873,c,2025-02-24 20:03:11.675830
case_873,a,2025-02-24 20:08:11.675830
case_873,c,2025-02-24 20:13:11.675830
case_873,a,2025-02-24 20:18:11.675830
case_873,a,2025-02-24 20:23:11.675830
case_873,b,2025-02-24 20:28:11.675830
case_873,c,2025-02-24 20:33:11.675830
case_873,b,2025-02-24 20:38:11.675830
case_873,a,2025-02-24 20:43:11.675830
case_873,a,2025-02-24 20:48:11.675830
case_873,b,2025-02-24 20:53:11.675830
case_873,c,2025-02-24 20:58:11.675830
case_873,c,2025-02-24 21:03:11.675830
case_874,a,2025-02-24 19:28:11.675861
case_874,b,2025-02-24 19:33:11.675861
case_874,c,2025-02-24 19:38:11.675861
case_874,a,2025-02-24 19:43:11.675861
case_874,b,2025-02-24 19:48:11.675861
case_874,a,2025-02-24 19:53:11.675861
case_874,a,2025-02-24 19:58:11.675861
case_874,b,2025-02-24 20:03:11.675861
case_874,a,2025-02-24 20:08:11.675861
case_874,c,2025-02-24 20:13:11.675861
case_874,b,2025-02-24 20:18:11.675861
case_874,c,2025-02-24 20:23:11.675861
case_874,b,2025-02-24 20:28:11.675861
case_874,a,2025-02-24 20:33:11.675861
case_874,a,2025-02-24 20:38:11.675861
case_874,c,2025-02-24 20:43:11.675861
case_874,b,2025-02-24 20:48:11.675861
case_874,c,2025-02-24 20:53:11.675861
case_874,a,2025-02-24 20:58:11.675861
case_874,a,2025-02-24 21:03:11.675861
case_875,c,2025-02-24 19:28:11.675891
case_875,c,2025-02-24 19:33:11.675891
case_875,c,2025-02-24 19:38:11.675891
case_875,b,2025-02-24 19:43:11.675891
case_875,c,2025-02-24 19:48:11.675891
case_875,c,2025-02-24 19:53:11.675891
case_875,c,2025-02-24 19:58:11.675891
case_875,c,2025-02-24 20:03:11.675891
case_875,b,2025-02-24 20:08:11.675891
case_875,a,2025-02-24 20:13:11.675891
case_875,a,2025-02-24 20:18:11.675891
case_875,a,2025-02-24 20:23:11.675891
case_875,b,2025-02-24 20:28:11.675891
case_875,a,2025-02-24 20:33:11.675891
case_875,a,2025-02-24 20:38:11.675891
case_875,b,2025-02-24 20:43:11.675891
case_875,a,2025-02-24 20:48:11.675891
case_875,a,2025-02-24 20:53:11.675891
case_875,c,2025-02-24 20:58:11.675891
case_875,c,2025-02-24 21:03:11.675891
case_876,c,2025-02-24 19:28:11.675921
case_876,b,2025-02-24 19:33:11.675921
case_876,c,2025-02-24 19:38:11.675921
case_876,b,2025-02-24 19:43:11.675921
case_876,a,2025-02-24 19:48:11.675921
case_876,a,2025-02-24 19:53:11.675921
case_876,a,2025-02-24 19:58:11.675921
case_876,a,2025-02-24 20:03:11.675921
case_876,c,2025-02-24 20:08:11.675921
case_876,a,2025-02-24 20:13:11.675921
case_876,a,2025-02-24 20:18:11.675921
case_876,b,2025-02-24 20:23:11.675921
case_876,c,2025-02-24 20:28:11.675921
case_876,b,2025-02-24 20:33:11.675921
case_876,c,2025-02-24 20:38:11.675921
case_876,b,2025-02-24 20:43:11.675921
case_876,a,2025-02-24 20:48:11.675921
case_876,b,2025-02-24 20:53:11.675921
case_876,a,2025-02-24 20:58:11.675921
case_876,c,2025-02-24 21:03:11.675921
case_877,c,2025-02-24 19:28:11.675951
case_877,b,2025-02-24 19:33:11.675951
case_877,c,2025-02-24 19:38:11.675951
case_877,b,2025-02-24 19:43:11.675951
case_877,c,2025-02-24 19:48:11.675951
case_877,a,2025-02-24 19:53:11.675951
case_877,a,2025-02-24 19:58:11.675951
case_877,c,2025-02-24 20:03:11.675951
case_877,a,2025-02-24 20:08:11.675951
case_877,c,2025-02-24 20:13:11.675951
case_877,b,2025-02-24 20:18:11.675951
case_877,c,2025-02-24 20:23:11.675951
case_877,b,2025-02-24 20:28:11.675951
case_877,a,2025-02-24 20:33:11.675951
case_877,c,2025-02-24 20:38:11.675951
case_877,a,2025-02-24 20:43:11.675951
case_877,c,2025-02-24 20:48:11.675951
case_877,c,2025-02-24 20:53:11.675951
case_877,c,2025-02-24 20:58:11.675951
case_877,a,2025-02-24 21:03:11.675951
case_878,c,2025-02-24 19:28:11.675981
case_878,b,2025-02-24 19:33:11.675981
case_878,c,2025-02-24 19:38:11.675981
case_878,c,2025-02-24 19:43:11.675981
case_878,c,2025-02-24 19:48:11.675981
case_878,c,2025-02-24 19:53:11.675981
case_878,b,2025-02-24 19:58:11.675981
case_878,a,2025-02-24 20:03:11.675981
case_878,b,2025-02-24 20:08:11.675981
case_878,a,2025-02-24 20:13:11.675981
case_878,b,2025-02-24 20:18:11.675981
case_878,a,2025-02-24 20:23:11.675981
case_878,a,2025-02-24 20:28:11.675981
case_878,a,2025-02-24 20:33:11.675981
case_878,c,2025-02-24 20:38:11.675981
case_878,a,2025-02-24 20:43:11.675981
case_878,c,2025-02-24 20:48:11.675981
case_878,a,2025-02-24 20:53:11.675981
case_878,b,2025-02-24 20:58:11.675981
case_878,c,2025-02-24 21:03:11.675981
case_879,a,2025-02-24 19:28:11.676012
case_879,b,2025-02-24 19:33:11.676012
case_879,c,2025-02-24 19:38:11.676012
case_879,a,2025-02-24 19:43:11.676012
case_879,c,2025-02-24 19:48:11.676012
case_879,b,2025-02-24 19:53:11.676012
case_879,c,2025-02-24 19:58:11.676012
case_879,b,2025-02-24 20:03:11.676012
case_879,c,2025-02-24 20:08:11.676012
case_879,b,2025-02-24 20:13:11.676012
case_879,a,2025-02-24 20:18:11.676012
case_879,c,2025-02-24 20:23:11.676012
case_879,b,2025-02-24 20:28:11.676012
case_879,a,2025-02-24 20:33:11.676012
case_879,b,2025-02-24 20:38:11.676012
case_879,c,2025-02-24 20:43:11.676012
case_879,c,2025-02-24 20:48:11.676012
case_879,b,2025-02-24 20:53:11.676012
case_879,c,2025-02-24 20:58:11.676012
case_879,a,2025-02-24 21:03:11.676012
case_880,a,2025-02-24 19:28:11.676042
case_880,b,2025-02-24 19:33:11.676042
case_880,a,2025-02-24 19:38:11.676042
case_880,c,2025-02-24 19:43:11.676042
case_880,c,2025-02-24 19:48:11.676042
case_880,b,2025-02-24 19:53:11.676042
case_880,a,2025-02-24 19:58:11.676042
case_880,a,2025-02-24 20:03:11.676042
case_880,a,2025-02-24 20:08:11.676042
case_880,a,2025-02-24 20:13:11.676042
case_880,c,2025-02-24 20:18:11.676042
case_880,a,2025-02-24 20:23:11.676042
case_880,c,2025-02-24 20:28:11.676042
case_880,b,2025-02-24 20:33:11.676042
case_880,a,2025-02-24 20:38:11.676042
case_880,b,2025-02-24 20:43:11.676042
case_880,a,2025-02-24 20:48:11.676042
case_880,a,2025-02-24 20:53:11.676042
case_880,b,2025-02-24 20:58:11.676042
case_880,c,2025-02-24 21:03:11.676042
case_881,a,2025-02-24 19:28:11.676072
case_881,a,2025-02-24 19:33:11.676072
case_881,c,2025-02-24 19:38:11.676072
case_881,a,2025-02-24 19:43:11.676072
case_881,a,2025-02-24 19:48:11.676072
case_881,c,2025-02-24 19:53:11.676072
case_881,b,2025-02-24 19:58:11.676072
case_881,a,2025-02-24 20:03:11.676072
case_881,a,2025-02-24 20:08:11.676072
case_881,b,2025-02-24 20:13:11.676072
case_881,a,2025-02-24 20:18:11.676072
case_881,c,2025-02-24 20:23:11.676072
case_881,a,2025-02-24 20:28:11.676072
case_881,a,2025-02-24 20:33:11.676072
case_881,a,2025-02-24 20:38:11.676072
case_881,b,2025-02-24 20:43:11.676072
case_881,c,2025-02-24 20:48:11.676072
case_881,c,2025-02-24 20:53:11.676072
case_881,c,2025-02-24 20:58:11.676072
case_881,a,2025-02-24 21:03:11.676072
case_882,c,2025-02-24 19:28:11.676102
case_882,a,2025-02-24 19:33:11.676102
case_882,a,2025-02-24 19:38:11.676102
case_882,b,2025-02-24 19:43:11.676102
case_882,c,2025-02-24 19:48:11.676102
case_882,b,2025-02-24 19:53:11.676102
case_882,c,2025-02-24 19:58:11.676102
case_882,a,2025-02-24 20:03:11.676102
case_882,a,2025-02-24 20:08:11.676102
case_882,a,2025-02-24 20:13:11.676102
case_882,c,2025-02-24 20:18:11.676102
case_882,c,2025-02-24 20:23:11.676102
case_882,c,2025-02-24 20:28:11.676102
case_882,a,2025-02-24 20:33:11.676102
case_882,c,2025-02-24 20:38:11.676102
case_882,b,2025-02-24 20:43:11.676102
case_882,a,2025-02-24 20:48:11.676102
case_882,a,2025-02-24 20:53:11.676102
case_882,b,2025-02-24 20:58:11.676102
case_882,c,2025-02-24 21:03:11.676102
case_883,c,2025-02-24 19:28:11.676132
case_883,a,2025-02-24 19:33:11.676132
case_883,b,2025-02-24 19:38:11.676132
case_883,a,2025-02-24 19:43:11.676132
case_883,a,2025-02-24 19:48:11.676132
case_883,a,2025-02-24 19:53:11.676132
case_883,c,2025-02-24 19:58:11.676132
case_883,b,2025-02-24 20:03:11.676132
case_883,c,2025-02-24 20:08:11.676132
case_883,b,2025-02-24 20:13:11.676132
case_883,c,2025-02-24 20:18:11.676132
case_883,b,2025-02-24 20:23:11.676132
case_883,c,2025-02-24 20:28:11.676132
case_883,b,2025-02-24 20:33:11.676132
case_883,c,2025-02-24 20:38:11.676132
case_883,c,2025-02-24 20:43:11.676132
case_883,c,2025-02-24 20:48:11.676132
case_883,b,2025-02-24 20:53:11.676132
case_883,a,2025-02-24 20:58:11.676132
case_883,a,2025-02-24 21:03:11.676132
case_884,c,2025-02-24 19:28:11.676162
case_884,a,2025-02-24 19:33:11.676162
case_884,b,2025-02-24 19:38:11.676162
case_884,a,2025-02-24 19:43:11.676162
case_884,c,2025-02-24 19:48:11.676162
case_884,b,2025-02-24 19:53:11.676162
case_884,c,2025-02-24 19:58:11.676162
case_884,a,2025-02-24 20:03:11.676162
case_884,a,2025-02-24 20:08:11.676162
case_884,c,2025-02-24 20:13:11.676162
case_884,c,2025-02-24 20:18:11.676162
case_884,a,2025-02-24 20:23:11.676162
case_884,b,2025-02-24 20:28:11.676162
case_884,c,2025-02-24 20:33:11.676162
case_884,b,2025-02-24 20:38:11.676162
case_884,c,2025-02-24 20:43:11.676162
case_884,a,2025-02-24 20:48:11.676162
case_884,a,2025-02-24 20:53:11.676162
case_884,c,2025-02-24 20:58:11.676162
case_884,c,2025-02-24 21:03:11.676162
case_885,a,2025-02-24 19:28:11.676192
case_885,b,2025-02-24 19:33:11.676192
case_885,c,2025-02-24 19:38:11.676192
case_885,b,2025-02-24 19:43:11.676192
case_885,c,2025-02-24 19:48:11.676192
case_885,a,2025-02-24 19:53:11.676192
case_885,a,2025-02-24 19:58:11.676192
case_885,b,2025-02-24 20:03:11.676192
case_885,c,2025-02-24 20:08:11.676192
case_885,b,2025-02-24 20:13:11.676192
case_885,c,2025-02-24 20:18:11.676192
case_885,c,2025-02-24 20:23:11.676192
case_885,a,2025-02-24 20:28:11.676192
case_885,b,2025-02-24 20:33:11.676192
case_885,c,2025-02-24 20:38:11.676192
case_885,b,2025-02-24 20:43:11.676192
case_885,a,2025-02-24 20:48:11.676192
case_885,b,2025-02-24 20:53:11.676192
case_885,c,2025-02-24 20:58:11.676192
case_885,a,2025-02-24 21:03:11.676192
case_886,c,2025-02-24 19:28:11.676222
case_886,a,2025-02-24 19:33:11.676222
case_886,c,2025-02-24 19:38:11.676222
case_886,c,2025-02-24 19:43:11.676222
case_886,b,2025-02-24 19:48:11.676222
case_886,a,2025-02-24 19:53:11.676222
case_886,c,2025-02-24 19:58:11.676222
case_886,a,2025-02-24 20:03:11.676222
case_886,a,2025-02-24 20:08:11.676222
case_886,a,2025-02-24 20:13:11.676222
case_886,a,2025-02-24 20:18:11.676222
case_886,a,2025-02-24 20:23:11.676222
case_886,a,2025-02-24 20:28:11.676222
case_886,a,2025-02-24 20:33:11.676222
case_886,a,2025-02-24 20:38:11.676222
case_886,c,2025-02-24 20:43:11.676222
case_886,b,2025-02-24 20:48:11.676222
case_886,a,2025-02-24 20:53:11.676222
case_886,b,2025-02-24 20:58:11.676222
case_886,c,2025-02-24 21:03:11.676222
case_887,a,2025-02-24 19:28:11.676252
case_887,a,2025-02-24 19:33:11.676252
case_887,b,2025-02-24 19:38:11.676252
case_887,a,2025-02-24 19:43:11.676252
case_887,b,2025-02-24 19:48:11.676252
case_887,c,2025-02-24 19:53:11.676252
case_887,a,2025-02-24 19:58:11.676252
case_887,a,2025-02-24 20:03:11.676252
case_887,c,2025-02-24 20:08:11.676252
case_887,a,2025-02-24 20:13:11.676252
case_887,a,2025-02-24 20:18:11.676252
case_887,b,2025-02-24 20:23:11.676252
case_887,a,2025-02-24 20:28:11.676252
case_887,a,2025-02-24 20:33:11.676252
case_887,a,2025-02-24 20:38:11.676252
case_887,a,2025-02-24 20:43:11.676252
case_887,a,2025-02-24 20:48:11.676252
case_887,c,2025-02-24 20:53:11.676252
case_887,b,2025-02-24 20:58:11.676252
case_887,c,2025-02-24 21:03:11.676252
case_888,c,2025-02-24 19:28:11.676283
case_888,b,2025-02-24 19:33:11.676283
case_888,c,2025-02-24 19:38:11.676283
case_888,a,2025-02-24 19:43:11.676283
case_888,b,2025-02-24 19:48:11.676283
case_888,c,2025-02-24 19:53:11.676283
case_888,b,2025-02-24 19:58:11.676283
case_888,c,2025-02-24 20:03:11.676283
case_888,a,2025-02-24 20:08:11.676283
case_888,b,2025-02-24 20:13:11.676283
case_888,a,2025-02-24 20:18:11.676283
case_888,b,2025-02-24 20:23:11.676283
case_888,a,2025-02-24 20:28:11.676283
case_888,a,2025-02-24 20:33:11.676283
case_888,c,2025-02-24 20:38:11.676283
case_888,c,2025-02-24 20:43:11.676283
case_888,b,2025-02-24 20:48:11.676283
case_888,c,2025-02-24 20:53:11.676283
case_888,a,2025-02-24 20:58:11.676283
case_888,a,2025-02-24 21:03:11.676283
case_889,c,2025-02-24 19:28:11.676313
case_889,b,2025-02-24 19:33:11.676313
case_889,a,2025-02-24 19:38:11.676313
case_889,c,2025-02-24 19:43:11.676313
case_889,a,2025-02-24 19:48:11.676313
case_889,b,2025-02-24 19:53:11.676313
case_889,c,2025-02-24 19:58:11.676313
case_889,a,2025-02-24 20:03:11.676313
case_889,c,2025-02-24 20:08:11.676313
case_889,b,2025-02-24 20:13:11.676313
case_889,a,2025-02-24 20:18:11.676313
case_889,a,2025-02-24 20:23:11.676313
case_889,c,2025-02-24 20:28:11.676313
case_889,c,2025-02-24 20:33:11.676313
case_889,c,2025-02-24 20:38:11.676313
case_889,a,2025-02-24 20:43:11.676313
case_889,b,2025-02-24 20:48:11.676313
case_889,a,2025-02-24 20:53:11.676313
case_889,c,2025-02-24 20:58:11.676313
case_889,a,2025-02-24 21:03:11.676313
case_890,a,2025-02-24 19:28:11.676346
case_890,b,2025-02-24 19:33:11.676346
case_890,a,2025-02-24 19:38:11.676346
case_890,c,2025-02-24 19:43:11.676346
case_890,c,2025-02-24 19:48:11.676346
case_890,b,2025-02-24 19:53:11.676346
case_890,c,2025-02-24 19:58:11.676346
case_890,b,2025-02-24 20:03:11.676346
case_890,c,2025-02-24 20:08:11.676346
case_890,a,2025-02-24 20:13:11.676346
case_890,b,2025-02-24 20:18:11.676346
case_890,a,2025-02-24 20:23:11.676346
case_890,b,2025-02-24 20:28:11.676346
case_890,a,2025-02-24 20:33:11.676346
case_890,b,2025-02-24 20:38:11.676346
case_890,c,2025-02-24 20:43:11.676346
case_890,c,2025-02-24 20:48:11.676346
case_890,a,2025-02-24 20:53:11.676346
case_890,c,2025-02-24 20:58:11.676346
case_890,c,2025-02-24 21:03:11.676346
case_891,c,2025-02-24 19:28:11.676377
case_891,a,2025-02-24 19:33:11.676377
case_891,c,2025-02-24 19:38:11.676377
case_891,a,2025-02-24 19:43:11.676377
case_891,b,2025-02-24 19:48:11.676377
case_891,a,2025-02-24 19:53:11.676377
case_891,c,2025-02-24 19:58:11.676377
case_891,b,2025-02-24 20:03:11.676377
case_891,a,2025-02-24 20:08:11.676377
case_891,a,2025-02-24 20:13:11.676377
case_891,b,2025-02-24 20:18:11.676377
case_891,a,2025-02-24 20:23:11.676377
case_891,b,2025-02-24 20:28:11.676377
case_891,c,2025-02-24 20:33:11.676377
case_891,a,2025-02-24 20:38:11.676377
case_891,a,2025-02-24 20:43:11.676377
case_891,b,2025-02-24 20:48:11.676377
case_891,c,2025-02-24 20:53:11.676377
case_891,a,2025-02-24 20:58:11.676377
case_891,a,2025-02-24 21:03:11.676377
case_892,a,2025-02-24 19:28:11.676407
case_892,b,2025-02-24 19:33:11.676407
case_892,c,2025-02-24 19:38:11.676407
case_892,b,2025-02-24 19:43:11.676407
case_892,a,2025-02-24 19:48:11.676407
case_892,a,2025-02-24 19:53:11.676407
case_892,b,2025-02-24 19:58:11.676407
case_892,c,2025-02-24 20:03:11.676407
case_892,c,2025-02-24 20:08:11.676407
case_892,b,2025-02-24 20:13:11.676407
case_892,a,2025-02-24 20:18:11.676407
case_892,c,2025-02-24 20:23:11.676407
case_892,b,2025-02-24 20:28:11.676407
case_892,c,2025-02-24 20:33:11.676407
case_892,a,2025-02-24 20:38:11.676407
case_892,b,2025-02-24 20:43:11.676407
case_892,c,2025-02-24 20:48:11.676407
case_892,a,2025-02-24 20:53:11.676407
case_892,b,2025-02-24 20:58:11.676407
case_892,a,2025-02-24 21:03:11.676407
case_893,a,2025-02-24 19:28:11.676437
case_893,c,2025-02-24 19:33:11.676437
case_893,c,2025-02-24 19:38:11.676437
case_893,a,2025-02-24 19:43:11.676437
case_893,b,2025-02-24 19:48:11.676437
case_893,c,2025-02-24 19:53:11.676437
case_893,c,2025-02-24 19:58:11.676437
case_893,a,2025-02-24 20:03:11.676437
case_893,a,2025-02-24 20:08:11.676437
case_893,c,2025-02-24 20:13:11.676437
case_893,c,2025-02-24 20:18:11.676437
case_893,c,2025-02-24 20:23:11.676437
case_893,b,2025-02-24 20:28:11.676437
case_893,a,2025-02-24 20:33:11.676437
case_893,b,2025-02-24 20:38:11.676437
case_893,c,2025-02-24 20:43:11.676437
case_893,b,2025-02-24 20:48:11.676437
case_893,a,2025-02-24 20:53:11.676437
case_893,b,2025-02-24 20:58:11.676437
case_893,c,2025-02-24 21:03:11.676437
case_894,a,2025-02-24 19:28:11.676468
case_894,a,2025-02-24 19:33:11.676468
case_894,c,2025-02-24 19:38:11.676468
case_894,c,2025-02-24 19:43:11.676468
case_894,c,2025-02-24 19:48:11.676468
case_894,c,2025-02-24 19:53:11.676468
case_894,b,2025-02-24 19:58:11.676468
case_894,c,2025-02-24 20:03:11.676468
case_894,b,2025-02-24 20:08:11.676468
case_894,a,2025-02-24 20:13:11.676468
case_894,a,2025-02-24 20:18:11.676468
case_894,c,2025-02-24 20:23:11.676468
case_894,b,2025-02-24 20:28:11.676468
case_894,a,2025-02-24 20:33:11.676468
case_894,b,2025-02-24 20:38:11.676468
case_894,a,2025-02-24 20:43:11.676468
case_894,a,2025-02-24 20:48:11.676468
case_894,a,2025-02-24 20:53:11.676468
case_894,b,2025-02-24 20:58:11.676468
case_894,a,2025-02-24 21:03:11.676468
case_895,a,2025-02-24 19:28:11.676498
case_895,b,2025-02-24 19:33:11.676498
case_895,c,2025-02-24 19:38:11.676498
case_895,c,2025-02-24 19:43:11.676498
case_895,a,2025-02-24 19:48:11.676498
case_895,a,2025-02-24 19:53:11.676498
case_895,a,2025-02-24 19:58:11.676498
case_895,c,2025-02-24 20:03:11.676498
case_895,a,2025-02-24 20:08:11.676498
case_895,c,2025-02-24 20:13:11.676498
case_895,b,2025-02-24 20:18:11.676498
case_895,c,2025-02-24 20:23:11.676498
case_895,a,2025-02-24 20:28:11.676498
case_895,b,2025-02-24 20:33:11.676498
case_895,a,2025-02-24 20:38:11.676498
case_895,a,2025-02-24 20:43:11.676498
case_895,c,2025-02-24 20:48:11.676498
case_895,b,2025-02-24 20:53:11.676498
case_895,c,2025-02-24 20:58:11.676498
case_895,c,2025-02-24 21:03:11.676498
case_896,c,2025-02-24 19:28:11.676528
case_896,a,2025-02-24 19:33:11.676528
case_896,a,2025-02-24 19:38:11.676528
case_896,b,2025-02-24 19:43:11.676528
case_896,a,2025-02-24 19:48:11.676528
case_896,a,2025-02-24 19:53:11.676528
case_896,a,2025-02-24 19:58:11.676528
case_896,a,2025-02-24 20:03:11.676528
case_896,c,2025-02-24 20:08:11.676528
case_896,c,2025-02-24 20:13:11.676528
case_896,c,2025-02-24 20:18:11.676528
case_896,a,2025-02-24 20:23:11.676528
case_896,b,2025-02-24 20:28:11.676528
case_896,a,2025-02-24 20:33:11.676528
case_896,a,2025-02-24 20:38:11.676528
case_896,c,2025-02-24 20:43:11.676528
case_896,a,2025-02-24 20:48:11.676528
case_896,b,2025-02-24 20:53:11.676528
case_896,c,2025-02-24 20:58:11.676528
case_896,c,2025-02-24 21:03:11.676528
case_897,c,2025-02-24 19:28:11.676559
case_897,b,2025-02-24 19:33:11.676559
case_897,c,2025-02-24 19:38:11.676559
case_897,b,2025-02-24 19:43:11.676559
case_897,a,2025-02-24 19:48:11.676559
case_897,b,2025-02-24 19:53:11.676559
case_897,c,2025-02-24 19:58:11.676559
case_897,c,2025-02-24 20:03:11.676559
case_897,a,2025-02-24 20:08:11.676559
case_897,a,2025-02-24 20:13:11.676559
case_897,c,2025-02-24 20:18:11.676559
case_897,c,2025-02-24 20:23:11.676559
case_897,a,2025-02-24 20:28:11.676559
case_897,a,2025-02-24 20:33:11.676559
case_897,a,2025-02-24 20:38:11.676559
case_897,a,2025-02-24 20:43:11.676559
case_897,b,2025-02-24 20:48:11.676559
case_897,c,2025-02-24 20:53:11.676559
case_897,c,2025-02-24 20:58:11.676559
case_897,c,2025-02-24 21:03:11.676559
case_898,c,2025-02-24 19:28:11.676589
case_898,c,2025-02-24 19:33:11.676589
case_898,a,2025-02-24 19:38:11.676589
case_898,a,2025-02-24 19:43:11.676589
case_898,a,2025-02-24 19:48:11.676589
case_898,a,2025-02-24 19:53:11.676589
case_898,a,2025-02-24 19:58:11.676589
case_898,a,2025-02-24 20:03:11.676589
case_898,b,2025-02-24 20:08:11.676589
case_898,c,2025-02-24 20:13:11.676589
case_898,c,2025-02-24 20:18:11.676589
case_898,c,2025-02-24 20:23:11.676589
case_898,b,2025-02-24 20:28:11.676589
case_898,a,2025-02-24 20:33:11.676589
case_898,a,2025-02-24 20:38:11.676589
case_898,c,2025-02-24 20:43:11.676589
case_898,a,2025-02-24 20:48:11.676589
case_898,b,2025-02-24 20:53:11.676589
case_898,a,2025-02-24 20:58:11.676589
case_898,c,2025-02-24 21:03:11.676589
case_899,c,2025-02-24 19:28:11.676619
case_899,b,2025-02-24 19:33:11.676619
case_899,c,2025-02-24 19:38:11.676619
case_899,b,2025-02-24 19:43:11.676619
case_899,c,2025-02-24 19:48:11.676619
case_899,b,2025-02-24 19:53:11.676619
case_899,c,2025-02-24 19:58:11.676619
case_899,b,2025-02-24 20:03:11.676619
case_899,a,2025-02-24 20:08:11.676619
case_899,b,2025-02-24 20:13:11.676619
case_899,c,2025-02-24 20:18:11.676619
case_899,a,2025-02-24 20:23:11.676619
case_899,a,2025-02-24 20:28:11.676619
case_899,c,2025-02-24 20:33:11.676619
case_899,a,2025-02-24 20:38:11.676619
case_899,a,2025-02-24 20:43:11.676619
case_899,a,2025-02-24 20:48:11.676619
case_899,c,2025-02-24 20:53:11.676619
case_899,a,2025-02-24 20:58:11.676619
case_899,c,2025-02-24 21:03:11.676619
case_900,c,2025-02-24 19:28:11.676650
case_900,c,2025-02-24 19:33:11.676650
case_900,a,2025-02-24 19:38:11.676650
case_900,b,2025-02-24 19:43:11.676650
case_900,a,2025-02-24 19:48:11.676650
case_900,a,2025-02-24 19:53:11.676650
case_900,c,2025-02-24 19:58:11.676650
case_900,c,2025-02-24 20:03:11.676650
case_900,a,2025-02-24 20:08:11.676650
case_900,a,2025-02-24 20:13:11.676650
case_900,b,2025-02-24 20:18:11.676650
case_900,a,2025-02-24 20:23:11.676650
case_900,a,2025-02-24 20:28:11.676650
case_900,c,2025-02-24 20:33:11.676650
case_900,b,2025-02-24 20:38:11.676650
case_900,a,2025-02-24 20:43:11.676650
case_900,b,2025-02-24 20:48:11.676650
case_900,a,2025-02-24 20:53:11.676650
case_900,c,2025-02-24 20:58:11.676650
case_900,a,2025-02-24 21:03:11.676650
case_901,a,2025-02-24 19:28:11.676680
case_901,a,2025-02-24 19:33:11.676680
case_901,b,2025-02-24 19:38:11.676680
case_901,c,2025-02-24 19:43:11.676680
case_901,a,2025-02-24 19:48:11.676680
case_901,b,2025-02-24 19:53:11.676680
case_901,c,2025-02-24 19:58:11.676680
case_901,a,2025-02-24 20:03:11.676680
case_901,a,2025-02-24 20:08:11.676680
case_901,b,2025-02-24 20:13:11.676680
case_901,a,2025-02-24 20:18:11.676680
case_901,c,2025-02-24 20:23:11.676680
case_901,a,2025-02-24 20:28:11.676680
case_901,c,2025-02-24 20:33:11.676680
case_901,c,2025-02-24 20:38:11.676680
case_901,a,2025-02-24 20:43:11.676680
case_901,c,2025-02-24 20:48:11.676680
case_901,b,2025-02-24 20:53:11.676680
case_901,c,2025-02-24 20:58:11.676680
case_901,c,2025-02-24 21:03:11.676680
case_902,c,2025-02-24 19:28:11.676710
case_902,c,2025-02-24 19:33:11.676710
case_902,a,2025-02-24 19:38:11.676710
case_902,c,2025-02-24 19:43:11.676710
case_902,c,2025-02-24 19:48:11.676710
case_902,b,2025-02-24 19:53:11.676710
case_902,c,2025-02-24 19:58:11.676710
case_902,a,2025-02-24 20:03:11.676710
case_902,a,2025-02-24 20:08:11.676710
case_902,a,2025-02-24 20:13:11.676710
case_902,c,2025-02-24 20:18:11.676710
case_902,a,2025-02-24 20:23:11.676710
case_902,a,2025-02-24 20:28:11.676710
case_902,c,2025-02-24 20:33:11.676710
case_902,c,2025-02-24 20:38:11.676710
case_902,b,2025-02-24 20:43:11.676710
case_902,a,2025-02-24 20:48:11.676710
case_902,a,2025-02-24 20:53:11.676710
case_902,c,2025-02-24 20:58:11.676710
case_902,a,2025-02-24 21:03:11.676710
case_903,c,2025-02-24 19:28:11.676740
case_903,b,2025-02-24 19:33:11.676740
case_903,c,2025-02-24 19:38:11.676740
case_903,a,2025-02-24 19:43:11.676740
case_903,c,2025-02-24 19:48:11.676740
case_903,b,2025-02-24 19:53:11.676740
case_903,c,2025-02-24 19:58:11.676740
case_903,a,2025-02-24 20:03:11.676740
case_903,b,2025-02-24 20:08:11.676740
case_903,c,2025-02-24 20:13:11.676740
case_903,a,2025-02-24 20:18:11.676740
case_903,a,2025-02-24 20:23:11.676740
case_903,c,2025-02-24 20:28:11.676740
case_903,c,2025-02-24 20:33:11.676740
case_903,b,2025-02-24 20:38:11.676740
case_903,a,2025-02-24 20:43:11.676740
case_903,b,2025-02-24 20:48:11.676740
case_903,c,2025-02-24 20:53:11.676740
case_903,c,2025-02-24 20:58:11.676740
case_903,c,2025-02-24 21:03:11.676740
case_904,a,2025-02-24 19:28:11.676771
case_904,a,2025-02-24 19:33:11.676771
case_904,a,2025-02-24 19:38:11.676771
case_904,c,2025-02-24 19:43:11.676771
case_904,b,2025-02-24 19:48:11.676771
case_904,c,2025-02-24 19:53:11.676771
case_904,a,2025-02-24 19:58:11.676771
case_904,a,2025-02-24 20:03:11.676771
case_904,b,2025-02-24 20:08:11.676771
case_904,c,2025-02-24 20:13:11.676771
case_904,b,2025-02-24 20:18:11.676771
case_904,c,2025-02-24 20:23:11.676771
case_904,b,2025-02-24 20:28:11.676771
case_904,a,2025-02-24 20:33:11.676771
case_904,a,2025-02-24 20:38:11.676771
case_904,a,2025-02-24 20:43:11.676771
case_904,b,2025-02-24 20:48:11.676771
case_904,c,2025-02-24 20:53:11.676771
case_904,c,2025-02-24 20:58:11.676771
case_904,c,2025-02-24 21:03:11.676771
case_905,a,2025-02-24 19:28:11.676801
case_905,b,2025-02-24 19:33:11.676801
case_905,a,2025-02-24 19:38:11.676801
case_905,c,2025-02-24 19:43:11.676801
case_905,a,2025-02-24 19:48:11.676801
case_905,a,2025-02-24 19:53:11.676801
case_905,a,2025-02-24 19:58:11.676801
case_905,b,2025-02-24 20:03:11.676801
case_905,a,2025-02-24 20:08:11.676801
case_905,a,2025-02-24 20:13:11.676801
case_905,b,2025-02-24 20:18:11.676801
case_905,c,2025-02-24 20:23:11.676801
case_905,a,2025-02-24 20:28:11.676801
case_905,a,2025-02-24 20:33:11.676801
case_905,a,2025-02-24 20:38:11.676801
case_905,b,2025-02-24 20:43:11.676801
case_905,c,2025-02-24 20:48:11.676801
case_905,a,2025-02-24 20:53:11.676801
case_905,c,2025-02-24 20:58:11.676801
case_905,c,2025-02-24 21:03:11.676801
case_906,a,2025-02-24 19:28:11.676832
case_906,c,2025-02-24 19:33:11.676832
case_906,b,2025-02-24 19:38:11.676832
case_906,a,2025-02-24 19:43:11.676832
case_906,c,2025-02-24 19:48:11.676832
case_906,c,2025-02-24 19:53:11.676832
case_906,b,2025-02-24 19:58:11.676832
case_906,c,2025-02-24 20:03:11.676832
case_906,a,2025-02-24 20:08:11.676832
case_906,b,2025-02-24 20:13:11.676832
case_906,c,2025-02-24 20:18:11.676832
case_906,b,2025-02-24 20:23:11.676832
case_906,a,2025-02-24 20:28:11.676832
case_906,a,2025-02-24 20:33:11.676832
case_906,b,2025-02-24 20:38:11.676832
case_906,a,2025-02-24 20:43:11.676832
case_906,a,2025-02-24 20:48:11.676832
case_906,b,2025-02-24 20:53:11.676832
case_906,c,2025-02-24 20:58:11.676832
case_906,a,2025-02-24 21:03:11.676832
case_907,a,2025-02-24 19:28:11.676862
case_907,b,2025-02-24 19:33:11.676862
case_907,a,2025-02-24 19:38:11.676862
case_907,b,2025-02-24 19:43:11.676862
case_907,c,2025-02-24 19:48:11.676862
case_907,c,2025-02-24 19:53:11.676862
case_907,a,2025-02-24 19:58:11.676862
case_907,b,2025-02-24 20:03:11.676862
case_907,c,2025-02-24 20:08:11.676862
case_907,b,2025-02-24 20:13:11.676862
case_907,a,2025-02-24 20:18:11.676862
case_907,a,2025-02-24 20:23:11.676862
case_907,b,2025-02-24 20:28:11.676862
case_907,a,2025-02-24 20:33:11.676862
case_907,a,2025-02-24 20:38:11.676862
case_907,b,2025-02-24 20:43:11.676862
case_907,c,2025-02-24 20:48:11.676862
case_907,c,2025-02-24 20:53:11.676862
case_907,b,2025-02-24 20:58:11.676862
case_907,c,2025-02-24 21:03:11.676862
case_908,a,2025-02-24 19:28:11.676892
case_908,c,2025-02-24 19:33:11.676892
case_908,b,2025-02-24 19:38:11.676892
case_908,c,2025-02-24 19:43:11.676892
case_908,b,2025-02-24 19:48:11.676892
case_908,c,2025-02-24 19:53:11.676892
case_908,c,2025-02-24 19:58:11.676892
case_908,c,2025-02-24 20:03:11.676892
case_908,a,2025-02-24 20:08:11.676892
case_908,b,2025-02-24 20:13:11.676892
case_908,c,2025-02-24 20:18:11.676892
case_908,c,2025-02-24 20:23:11.676892
case_908,c,2025-02-24 20:28:11.676892
case_908,c,2025-02-24 20:33:11.676892
case_908,c,2025-02-24 20:38:11.676892
case_908,a,2025-02-24 20:43:11.676892
case_908,c,2025-02-24 20:48:11.676892
case_908,a,2025-02-24 20:53:11.676892
case_908,a,2025-02-24 20:58:11.676892
case_908,a,2025-02-24 21:03:11.676892
case_909,c,2025-02-24 19:28:11.676923
case_909,a,2025-02-24 19:33:11.676923
case_909,c,2025-02-24 19:38:11.676923
case_909,b,2025-02-24 19:43:11.676923
case_909,c,2025-02-24 19:48:11.676923
case_909,c,2025-02-24 19:53:11.676923
case_909,c,2025-02-24 19:58:11.676923
case_909,b,2025-02-24 20:03:11.676923
case_909,c,2025-02-24 20:08:11.676923
case_909,a,2025-02-24 20:13:11.676923
case_909,b,2025-02-24 20:18:11.676923
case_909,c,2025-02-24 20:23:11.676923
case_909,c,2025-02-24 20:28:11.676923
case_909,a,2025-02-24 20:33:11.676923
case_909,a,2025-02-24 20:38:11.676923
case_909,a,2025-02-24 20:43:11.676923
case_909,a,2025-02-24 20:48:11.676923
case_909,c,2025-02-24 20:53:11.676923
case_909,b,2025-02-24 20:58:11.676923
case_909,a,2025-02-24 21:03:11.676923
case_910,c,2025-02-24 19:28:11.676953
case_910,c,2025-02-24 19:33:11.676953
case_910,a,2025-02-24 19:38:11.676953
case_910,c,2025-02-24 19:43:11.676953
case_910,a,2025-02-24 19:48:11.676953
case_910,a,2025-02-24 19:53:11.676953
case_910,a,2025-02-24 19:58:11.676953
case_910,c,2025-02-24 20:03:11.676953
case_910,c,2025-02-24 20:08:11.676953
case_910,a,2025-02-24 20:13:11.676953
case_910,c,2025-02-24 20:18:11.676953
case_910,c,2025-02-24 20:23:11.676953
case_910,c,2025-02-24 20:28:11.676953
case_910,c,2025-02-24 20:33:11.676953
case_910,a,2025-02-24 20:38:11.676953
case_910,a,2025-02-24 20:43:11.676953
case_910,c,2025-02-24 20:48:11.676953
case_910,c,2025-02-24 20:53:11.676953
case_910,b,2025-02-24 20:58:11.676953
case_910,a,2025-02-24 21:03:11.676953
case_911,a,2025-02-24 19:28:11.676983
case_911,a,2025-02-24 19:33:11.676983
case_911,a,2025-02-24 19:38:11.676983
case_911,c,2025-02-24 19:43:11.676983
case_911,b,2025-02-24 19:48:11.676983
case_911,a,2025-02-24 19:53:11.676983
case_911,b,2025-02-24 19:58:11.676983
case_911,c,2025-02-24 20:03:11.676983
case_911,c,2025-02-24 20:08:11.676983
case_911,a,2025-02-24 20:13:11.676983
case_911,b,2025-02-24 20:18:11.676983
case_911,a,2025-02-24 20:23:11.676983
case_911,a,2025-02-24 20:28:11.676983
case_911,c,2025-02-24 20:33:11.676983
case_911,c,2025-02-24 20:38:11.676983
case_911,a,2025-02-24 20:43:11.676983
case_911,a,2025-02-24 20:48:11.676983
case_911,b,2025-02-24 20:53:11.676983
case_911,c,2025-02-24 20:58:11.676983
case_911,a,2025-02-24 21:03:11.676983
case_912,a,2025-02-24 19:28:11.677013
case_912,c,2025-02-24 19:33:11.677013
case_912,b,2025-02-24 19:38:11.677013
case_912,a,2025-02-24 19:43:11.677013
case_912,a,2025-02-24 19:48:11.677013
case_912,a,2025-02-24 19:53:11.677013
case_912,b,2025-02-24 19:58:11.677013
case_912,c,2025-02-24 20:03:11.677013
case_912,c,2025-02-24 20:08:11.677013
case_912,b,2025-02-24 20:13:11.677013
case_912,a,2025-02-24 20:18:11.677013
case_912,a,2025-02-24 20:23:11.677013
case_912,b,2025-02-24 20:28:11.677013
case_912,a,2025-02-24 20:33:11.677013
case_912,c,2025-02-24 20:38:11.677013
case_912,b,2025-02-24 20:43:11.677013
case_912,a,2025-02-24 20:48:11.677013
case_912,a,2025-02-24 20:53:11.677013
case_912,b,2025-02-24 20:58:11.677013
case_912,a,2025-02-24 21:03:11.677013
case_913,a,2025-02-24 19:28:11.677044
case_913,c,2025-02-24 19:33:11.677044
case_913,a,2025-02-24 19:38:11.677044
case_913,c,2025-02-24 19:43:11.677044
case_913,b,2025-02-24 19:48:11.677044
case_913,c,2025-02-24 19:53:11.677044
case_913,b,2025-02-24 19:58:11.677044
case_913,a,2025-02-24 20:03:11.677044
case_913,b,2025-02-24 20:08:11.677044
case_913,a,2025-02-24 20:13:11.677044
case_913,a,2025-02-24 20:18:11.677044
case_913,a,2025-02-24 20:23:11.677044
case_913,c,2025-02-24 20:28:11.677044
case_913,c,2025-02-24 20:33:11.677044
case_913,b,2025-02-24 20:38:11.677044
case_913,a,2025-02-24 20:43:11.677044
case_913,b,2025-02-24 20:48:11.677044
case_913,a,2025-02-24 20:53:11.677044
case_913,b,2025-02-24 20:58:11.677044
case_913,c,2025-02-24 21:03:11.677044
case_914,a,2025-02-24 19:28:11.677074
case_914,b,2025-02-24 19:33:11.677074
case_914,c,2025-02-24 19:38:11.677074
case_914,c,2025-02-24 19:43:11.677074
case_914,b,2025-02-24 19:48:11.677074
case_914,c,2025-02-24 19:53:11.677074
case_914,a,2025-02-24 19:58:11.677074
case_914,c,2025-02-24 20:03:11.677074
case_914,a,2025-02-24 20:08:11.677074
case_914,a,2025-02-24 20:13:11.677074
case_914,c,2025-02-24 20:18:11.677074
case_914,c,2025-02-24 20:23:11.677074
case_914,c,2025-02-24 20:28:11.677074
case_914,c,2025-02-24 20:33:11.677074
case_914,a,2025-02-24 20:38:11.677074
case_914,a,2025-02-24 20:43:11.677074
case_914,b,2025-02-24 20:48:11.677074
case_914,c,2025-02-24 20:53:11.677074
case_914,c,2025-02-24 20:58:11.677074
case_914,c,2025-02-24 21:03:11.677074
case_915,a,2025-02-24 19:28:11.677105
case_915,c,2025-02-24 19:33:11.677105
case_915,b,2025-02-24 19:38:11.677105
case_915,a,2025-02-24 19:43:11.677105
case_915,a,2025-02-24 19:48:11.677105
case_915,b,2025-02-24 19:53:11.677105
case_915,c,2025-02-24 19:58:11.677105
case_915,a,2025-02-24 20:03:11.677105
case_915,a,2025-02-24 20:08:11.677105
case_915,c,2025-02-24 20:13:11.677105
case_915,c,2025-02-24 20:18:11.677105
case_915,c,2025-02-24 20:23:11.677105
case_915,a,2025-02-24 20:28:11.677105
case_915,a,2025-02-24 20:33:11.677105
case_915,a,2025-02-24 20:38:11.677105
case_915,c,2025-02-24 20:43:11.677105
case_915,c,2025-02-24 20:48:11.677105
case_915,c,2025-02-24 20:53:11.677105
case_915,b,2025-02-24 20:58:11.677105
case_915,c,2025-02-24 21:03:11.677105
case_916,c,2025-02-24 19:28:11.677135
case_916,b,2025-02-24 19:33:11.677135
case_916,a,2025-02-24 19:38:11.677135
case_916,a,2025-02-24 19:43:11.677135
case_916,a,2025-02-24 19:48:11.677135
case_916,a,2025-02-24 19:53:11.677135
case_916,c,2025-02-24 19:58:11.677135
case_916,c,2025-02-24 20:03:11.677135
case_916,b,2025-02-24 20:08:11.677135
case_916,a,2025-02-24 20:13:11.677135
case_916,b,2025-02-24 20:18:11.677135
case_916,c,2025-02-24 20:23:11.677135
case_916,a,2025-02-24 20:28:11.677135
case_916,c,2025-02-24 20:33:11.677135
case_916,b,2025-02-24 20:38:11.677135
case_916,a,2025-02-24 20:43:11.677135
case_916,b,2025-02-24 20:48:11.677135
case_916,c,2025-02-24 20:53:11.677135
case_916,b,2025-02-24 20:58:11.677135
case_916,a,2025-02-24 21:03:11.677135
case_917,a,2025-02-24 19:28:11.677165
case_917,c,2025-02-24 19:33:11.677165
case_917,b,2025-02-24 19:38:11.677165
case_917,c,2025-02-24 19:43:11.677165
case_917,c,2025-02-24 19:48:11.677165
case_917,b,2025-02-24 19:53:11.677165
case_917,a,2025-02-24 19:58:11.677165
case_917,b,2025-02-24 20:03:11.677165
case_917,c,2025-02-24 20:08:11.677165
case_917,a,2025-02-24 20:13:11.677165
case_917,c,2025-02-24 20:18:11.677165
case_917,c,2025-02-24 20:23:11.677165
case_917,c,2025-02-24 20:28:11.677165
case_917,a,2025-02-24 20:33:11.677165
case_917,b,2025-02-24 20:38:11.677165
case_917,c,2025-02-24 20:43:11.677165
case_917,a,2025-02-24 20:48:11.677165
case_917,b,2025-02-24 20:53:11.677165
case_917,a,2025-02-24 20:58:11.677165
case_917,c,2025-02-24 21:03:11.677165
case_918,a,2025-02-24 19:28:11.677196
case_918,a,2025-02-24 19:33:11.677196
case_918,c,2025-02-24 19:38:11.677196
case_918,b,2025-02-24 19:43:11.677196
case_918,c,2025-02-24 19:48:11.677196
case_918,c,2025-02-24 19:53:11.677196
case_918,a,2025-02-24 19:58:11.677196
case_918,a,2025-02-24 20:03:11.677196
case_918,a,2025-02-24 20:08:11.677196
case_918,b,2025-02-24 20:13:11.677196
case_918,c,2025-02-24 20:18:11.677196
case_918,b,2025-02-24 20:23:11.677196
case_918,c,2025-02-24 20:28:11.677196
case_918,b,2025-02-24 20:33:11.677196
case_918,c,2025-02-24 20:38:11.677196
case_918,b,2025-02-24 20:43:11.677196
case_918,c,2025-02-24 20:48:11.677196
case_918,c,2025-02-24 20:53:11.677196
case_918,a,2025-02-24 20:58:11.677196
case_918,c,2025-02-24 21:03:11.677196
case_919,a,2025-02-24 19:28:11.677226
case_919,a,2025-02-24 19:33:11.677226
case_919,b,2025-02-24 19:38:11.677226
case_919,c,2025-02-24 19:43:11.677226
case_919,b,2025-02-24 19:48:11.677226
case_919,a,2025-02-24 19:53:11.677226
case_919,a,2025-02-24 19:58:11.677226
case_919,b,2025-02-24 20:03:11.677226
case_919,c,2025-02-24 20:08:11.677226
case_919,a,2025-02-24 20:13:11.677226
case_919,c,2025-02-24 20:18:11.677226
case_919,c,2025-02-24 20:23:11.677226
case_919,a,2025-02-24 20:28:11.677226
case_919,c,2025-02-24 20:33:11.677226
case_919,b,2025-02-24 20:38:11.677226
case_919,c,2025-02-24 20:43:11.677226
case_919,c,2025-02-24 20:48:11.677226
case_919,a,2025-02-24 20:53:11.677226
case_919,b,2025-02-24 20:58:11.677226
case_919,c,2025-02-24 21:03:11.677226
case_920,c,2025-02-24 19:28:11.677256
case_920,b,2025-02-24 19:33:11.677256
case_920,c,2025-02-24 19:38:11.677256
case_920,b,2025-02-24 19:43:11.677256
case_920,c,2025-02-24 19:48:11.677256
case_920,c,2025-02-24 19:53:11.677256
case_920,b,2025-02-24 19:58:11.677256
case_920,c,2025-02-24 20:03:11.677256
case_920,c,2025-02-24 20:08:11.677256
case_920,b,2025-02-24 20:13:11.677256
case_920,c,2025-02-24 20:18:11.677256
case_920,a,2025-02-24 20:23:11.677256
case_920,b,2025-02-24 20:28:11.677256
case_920,c,2025-02-24 20:33:11.677256
case_920,c,2025-02-24 20:38:11.677256
case_920,c,2025-02-24 20:43:11.677256
case_920,c,2025-02-24 20:48:11.677256
case_920,a,2025-02-24 20:53:11.677256
case_920,b,2025-02-24 20:58:11.677256
case_920,c,2025-02-24 21:03:11.677256
case_921,c,2025-02-24 19:28:11.677286
case_921,c,2025-02-24 19:33:11.677286
case_921,c,2025-02-24 19:38:11.677286
case_921,c,2025-02-24 19:43:11.677286
case_921,b,2025-02-24 19:48:11.677286
case_921,c,2025-02-24 19:53:11.677286
case_921,c,2025-02-24 19:58:11.677286
case_921,a,2025-02-24 20:03:11.677286
case_921,c,2025-02-24 20:08:11.677286
case_921,a,2025-02-24 20:13:11.677286
case_921,b,2025-02-24 20:18:11.677286
case_921,c,2025-02-24 20:23:11.677286
case_921,a,2025-02-24 20:28:11.677286
case_921,a,2025-02-24 20:33:11.677286
case_921,b,2025-02-24 20:38:11.677286
case_921,c,2025-02-24 20:43:11.677286
case_921,a,2025-02-24 20:48:11.677286
case_921,a,2025-02-24 20:53:11.677286
case_921,b,2025-02-24 20:58:11.677286
case_921,a,2025-02-24 21:03:11.677286
case_922,c,2025-02-24 19:28:11.677317
case_922,a,2025-02-24 19:33:11.677317
case_922,a,2025-02-24 19:38:11.677317
case_922,b,2025-02-24 19:43:11.677317
case_922,a,2025-02-24 19:48:11.677317
case_922,b,2025-02-24 19:53:11.677317
case_922,c,2025-02-24 19:58:11.677317
case_922,a,2025-02-24 20:03:11.677317
case_922,b,2025-02-24 20:08:11.677317
case_922,a,2025-02-24 20:13:11.677317
case_922,b,2025-02-24 20:18:11.677317
case_922,a,2025-02-24 20:23:11.677317
case_922,a,2025-02-24 20:28:11.677317
case_922,a,2025-02-24 20:33:11.677317
case_922,c,2025-02-24 20:38:11.677317
case_922,a,2025-02-24 20:43:11.677317
case_922,b,2025-02-24 20:48:11.677317
case_922,a,2025-02-24 20:53:11.677317
case_922,b,2025-02-24 20:58:11.677317
case_922,c,2025-02-24 21:03:11.677317
case_923,c,2025-02-24 19:28:11.677349
case_923,b,2025-02-24 19:33:11.677349
case_923,a,2025-02-24 19:38:11.677349
case_923,b,2025-02-24 19:43:11.677349
case_923,c,2025-02-24 19:48:11.677349
case_923,a,2025-02-24 19:53:11.677349
case_923,a,2025-02-24 19:58:11.677349
case_923,a,2025-02-24 20:03:11.677349
case_923,a,2025-02-24 20:08:11.677349
case_923,b,2025-02-24 20:13:11.677349
case_923,a,2025-02-24 20:18:11.677349
case_923,b,2025-02-24 20:23:11.677349
case_923,c,2025-02-24 20:28:11.677349
case_923,b,2025-02-24 20:33:11.677349
case_923,a,2025-02-24 20:38:11.677349
case_923,c,2025-02-24 20:43:11.677349
case_923,a,2025-02-24 20:48:11.677349
case_923,c,2025-02-24 20:53:11.677349
case_923,a,2025-02-24 20:58:11.677349
case_923,a,2025-02-24 21:03:11.677349
case_924,c,2025-02-24 19:28:11.677380
case_924,b,2025-02-24 19:33:11.677380
case_924,a,2025-02-24 19:38:11.677380
case_924,a,2025-02-24 19:43:11.677380
case_924,c,2025-02-24 19:48:11.677380
case_924,c,2025-02-24 19:53:11.677380
case_924,b,2025-02-24 19:58:11.677380
case_924,a,2025-02-24 20:03:11.677380
case_924,a,2025-02-24 20:08:11.677380
case_924,a,2025-02-24 20:13:11.677380
case_924,c,2025-02-24 20:18:11.677380
case_924,a,2025-02-24 20:23:11.677380
case_924,c,2025-02-24 20:28:11.677380
case_924,a,2025-02-24 20:33:11.677380
case_924,b,2025-02-24 20:38:11.677380
case_924,a,2025-02-24 20:43:11.677380
case_924,b,2025-02-24 20:48:11.677380
case_924,c,2025-02-24 20:53:11.677380
case_924,a,2025-02-24 20:58:11.677380
case_924,a,2025-02-24 21:03:11.677380
case_925,a,2025-02-24 19:28:11.677410
case_925,a,2025-02-24 19:33:11.677410
case_925,b,2025-02-24 19:38:11.677410
case_925,a,2025-02-24 19:43:11.677410
case_925,a,2025-02-24 19:48:11.677410
case_925,c,2025-02-24 19:53:11.677410
case_925,a,2025-02-24 19:58:11.677410
case_925,b,2025-02-24 20:03:11.677410
case_925,c,2025-02-24 20:08:11.677410
case_925,c,2025-02-24 20:13:11.677410
case_925,c,2025-02-24 20:18:11.677410
case_925,a,2025-02-24 20:23:11.677410
case_925,a,2025-02-24 20:28:11.677410
case_925,b,2025-02-24 20:33:11.677410
case_925,a,2025-02-24 20:38:11.677410
case_925,c,2025-02-24 20:43:11.677410
case_925,b,2025-02-24 20:48:11.677410
case_925,a,2025-02-24 20:53:11.677410
case_925,c,2025-02-24 20:58:11.677410
case_925,c,2025-02-24 21:03:11.677410
case_926,a,2025-02-24 19:28:11.677440
case_926,c,2025-02-24 19:33:11.677440
case_926,a,2025-02-24 19:38:11.677440
case_926,b,2025-02-24 19:43:11.677440
case_926,a,2025-02-24 19:48:11.677440
case_926,a,2025-02-24 19:53:11.677440
case_926,c,2025-02-24 19:58:11.677440
case_926,b,2025-02-24 20:03:11.677440
case_926,c,2025-02-24 20:08:11.677440
case_926,c,2025-02-24 20:13:11.677440
case_926,c,2025-02-24 20:18:11.677440
case_926,b,2025-02-24 20:23:11.677440
case_926,c,2025-02-24 20:28:11.677440
case_926,c,2025-02-24 20:33:11.677440
case_926,b,2025-02-24 20:38:11.677440
case_926,c,2025-02-24 20:43:11.677440
case_926,a,2025-02-24 20:48:11.677440
case_926,a,2025-02-24 20:53:11.677440
case_926,c,2025-02-24 20:58:11.677440
case_926,c,2025-02-24 21:03:11.677440
case_927,c,2025-02-24 19:28:11.677470
case_927,a,2025-02-24 19:33:11.677470
case_927,c,2025-02-24 19:38:11.677470
case_927,b,2025-02-24 19:43:11.677470
case_927,c,2025-02-24 19:48:11.677470
case_927,b,2025-02-24 19:53:11.677470
case_927,c,2025-02-24 19:58:11.677470
case_927,c,2025-02-24 20:03:11.677470
case_927,c,2025-02-24 20:08:11.677470
case_927,b,2025-02-24 20:13:11.677470
case_927,a,2025-02-24 20:18:11.677470
case_927,c,2025-02-24 20:23:11.677470
case_927,a,2025-02-24 20:28:11.677470
case_927,b,2025-02-24 20:33:11.677470
case_927,a,2025-02-24 20:38:11.677470
case_927,a,2025-02-24 20:43:11.677470
case_927,b,2025-02-24 20:48:11.677470
case_927,a,2025-02-24 20:53:11.677470
case_927,b,2025-02-24 20:58:11.677470
case_927,c,2025-02-24 21:03:11.677470
case_928,c,2025-02-24 19:28:11.677500
case_928,a,2025-02-24 19:33:11.677500
case_928,a,2025-02-24 19:38:11.677500
case_928,c,2025-02-24 19:43:11.677500
case_928,a,2025-02-24 19:48:11.677500
case_928,b,2025-02-24 19:53:11.677500
case_928,c,2025-02-24 19:58:11.677500
case_928,a,2025-02-24 20:03:11.677500
case_928,c,2025-02-24 20:08:11.677500
case_928,a,2025-02-24 20:13:11.677500
case_928,c,2025-02-24 20:18:11.677500
case_928,c,2025-02-24 20:23:11.677500
case_928,b,2025-02-24 20:28:11.677500
case_928,a,2025-02-24 20:33:11.677500
case_928,a,2025-02-24 20:38:11.677500
case_928,c,2025-02-24 20:43:11.677500
case_928,c,2025-02-24 20:48:11.677500
case_928,c,2025-02-24 20:53:11.677500
case_928,a,2025-02-24 20:58:11.677500
case_928,a,2025-02-24 21:03:11.677500
case_929,a,2025-02-24 19:28:11.677530
case_929,a,2025-02-24 19:33:11.677530
case_929,b,2025-02-24 19:38:11.677530
case_929,c,2025-02-24 19:43:11.677530
case_929,a,2025-02-24 19:48:11.677530
case_929,a,2025-02-24 19:53:11.677530
case_929,a,2025-02-24 19:58:11.677530
case_929,a,2025-02-24 20:03:11.677530
case_929,a,2025-02-24 20:08:11.677530
case_929,b,2025-02-24 20:13:11.677530
case_929,a,2025-02-24 20:18:11.677530
case_929,a,2025-02-24 20:23:11.677530
case_929,c,2025-02-24 20:28:11.677530
case_929,a,2025-02-24 20:33:11.677530
case_929,a,2025-02-24 20:38:11.677530
case_929,b,2025-02-24 20:43:11.677530
case_929,c,2025-02-24 20:48:11.677530
case_929,b,2025-02-24 20:53:11.677530
case_929,c,2025-02-24 20:58:11.677530
case_929,a,2025-02-24 21:03:11.677530
case_930,a,2025-02-24 19:28:11.677560
case_930,b,2025-02-24 19:33:11.677560
case_930,c,2025-02-24 19:38:11.677560
case_930,c,2025-02-24 19:43:11.677560
case_930,a,2025-02-24 19:48:11.677560
case_930,b,2025-02-24 19:53:11.677560
case_930,c,2025-02-24 19:58:11.677560
case_930,c,2025-02-24 20:03:11.677560
case_930,b,2025-02-24 20:08:11.677560
case_930,c,2025-02-24 20:13:11.677560
case_930,a,2025-02-24 20:18:11.677560
case_930,b,2025-02-24 20:23:11.677560
case_930,a,2025-02-24 20:28:11.677560
case_930,a,2025-02-24 20:33:11.677560
case_930,c,2025-02-24 20:38:11.677560
case_930,c,2025-02-24 20:43:11.677560
case_930,c,2025-02-24 20:48:11.677560
case_930,b,2025-02-24 20:53:11.677560
case_930,c,2025-02-24 20:58:11.677560
case_930,a,2025-02-24 21:03:11.677560
case_931,a,2025-02-24 19:28:11.677590
case_931,c,2025-02-24 19:33:11.677590
case_931,b,2025-02-24 19:38:11.677590
case_931,a,2025-02-24 19:43:11.677590
case_931,c,2025-02-24 19:48:11.677590
case_931,a,2025-02-24 19:53:11.677590
case_931,a,2025-02-24 19:58:11.677590
case_931,c,2025-02-24 20:03:11.677590
case_931,a,2025-02-24 20:08:11.677590
case_931,a,2025-02-24 20:13:11.677590
case_931,a,2025-02-24 20:18:11.677590
case_931,c,2025-02-24 20:23:11.677590
case_931,c,2025-02-24 20:28:11.677590
case_931,b,2025-02-24 20:33:11.677590
case_931,a,2025-02-24 20:38:11.677590
case_931,c,2025-02-24 20:43:11.677590
case_931,c,2025-02-24 20:48:11.677590
case_931,b,2025-02-24 20:53:11.677590
case_931,c,2025-02-24 20:58:11.677590
case_931,c,2025-02-24 21:03:11.677590
case_932,a,2025-02-24 19:28:11.677620
case_932,b,2025-02-24 19:33:11.677620
case_932,c,2025-02-24 19:38:11.677620
case_932,c,2025-02-24 19:43:11.677620
case_932,a,2025-02-24 19:48:11.677620
case_932,b,2025-02-24 19:53:11.677620
case_932,c,2025-02-24 19:58:11.677620
case_932,b,2025-02-24 20:03:11.677620
case_932,a,2025-02-24 20:08:11.677620
case_932,c,2025-02-24 20:13:11.677620
case_932,b,2025-02-24 20:18:11.677620
case_932,c,2025-02-24 20:23:11.677620
case_932,c,2025-02-24 20:28:11.677620
case_932,b,2025-02-24 20:33:11.677620
case_932,a,2025-02-24 20:38:11.677620
case_932,c,2025-02-24 20:43:11.677620
case_932,a,2025-02-24 20:48:11.677620
case_932,a,2025-02-24 20:53:11.677620
case_932,c,2025-02-24 20:58:11.677620
case_932,a,2025-02-24 21:03:11.677620
case_933,c,2025-02-24 19:28:11.677650
case_933,a,2025-02-24 19:33:11.677650
case_933,c,2025-02-24 19:38:11.677650
case_933,a,2025-02-24 19:43:11.677650
case_933,b,2025-02-24 19:48:11.677650
case_933,a,2025-02-24 19:53:11.677650
case_933,c,2025-02-24 19:58:11.677650
case_933,c,2025-02-24 20:03:11.677650
case_933,c,2025-02-24 20:08:11.677650
case_933,c,2025-02-24 20:13:11.677650
case_933,c,2025-02-24 20:18:11.677650
case_933,b,2025-02-24 20:23:11.677650
case_933,c,2025-02-24 20:28:11.677650
case_933,a,2025-02-24 20:33:11.677650
case_933,b,2025-02-24 20:38:11.677650
case_933,c,2025-02-24 20:43:11.677650
case_933,a,2025-02-24 20:48:11.677650
case_933,a,2025-02-24 20:53:11.677650
case_933,b,2025-02-24 20:58:11.677650
case_933,c,2025-02-24 21:03:11.677650
case_934,c,2025-02-24 19:28:11.677680
case_934,b,2025-02-24 19:33:11.677680
case_934,a,2025-02-24 19:38:11.677680
case_934,b,2025-02-24 19:43:11.677680
case_934,c,2025-02-24 19:48:11.677680
case_934,b,2025-02-24 19:53:11.677680
case_934,a,2025-02-24 19:58:11.677680
case_934,b,2025-02-24 20:03:11.677680
case_934,c,2025-02-24 20:08:11.677680
case_934,c,2025-02-24 20:13:11.677680
case_934,a,2025-02-24 20:18:11.677680
case_934,a,2025-02-24 20:23:11.677680
case_934,a,2025-02-24 20:28:11.677680
case_934,c,2025-02-24 20:33:11.677680
case_934,b,2025-02-24 20:38:11.677680
case_934,c,2025-02-24 20:43:11.677680
case_934,a,2025-02-24 20:48:11.677680
case_934,a,2025-02-24 20:53:11.677680
case_934,a,2025-02-24 20:58:11.677680
case_934,c,2025-02-24 21:03:11.677680
case_935,c,2025-02-24 19:28:11.677710
case_935,b,2025-02-24 19:33:11.677710
case_935,a,2025-02-24 19:38:11.677710
case_935,a,2025-02-24 19:43:11.677710
case_935,a,2025-02-24 19:48:11.677710
case_935,b,2025-02-24 19:53:11.677710
case_935,c,2025-02-24 19:58:11.677710
case_935,a,2025-02-24 20:03:11.677710
case_935,c,2025-02-24 20:08:11.677710
case_935,b,2025-02-24 20:13:11.677710
case_935,c,2025-02-24 20:18:11.677710
case_935,a,2025-02-24 20:23:11.677710
case_935,c,2025-02-24 20:28:11.677710
case_935,a,2025-02-24 20:33:11.677710
case_935,b,2025-02-24 20:38:11.677710
case_935,a,2025-02-24 20:43:11.677710
case_935,b,2025-02-24 20:48:11.677710
case_935,a,2025-02-24 20:53:11.677710
case_935,b,2025-02-24 20:58:11.677710
case_935,c,2025-02-24 21:03:11.677710
case_936,a,2025-02-24 19:28:11.677740
case_936,b,2025-02-24 19:33:11.677740
case_936,a,2025-02-24 19:38:11.677740
case_936,b,2025-02-24 19:43:11.677740
case_936,c,2025-02-24 19:48:11.677740
case_936,a,2025-02-24 19:53:11.677740
case_936,c,2025-02-24 19:58:11.677740
case_936,a,2025-02-24 20:03:11.677740
case_936,a,2025-02-24 20:08:11.677740
case_936,a,2025-02-24 20:13:11.677740
case_936,a,2025-02-24 20:18:11.677740
case_936,a,2025-02-24 20:23:11.677740
case_936,c,2025-02-24 20:28:11.677740
case_936,b,2025-02-24 20:33:11.677740
case_936,a,2025-02-24 20:38:11.677740
case_936,b,2025-02-24 20:43:11.677740
case_936,a,2025-02-24 20:48:11.677740
case_936,c,2025-02-24 20:53:11.677740
case_936,c,2025-02-24 20:58:11.677740
case_936,a,2025-02-24 21:03:11.677740
case_937,c,2025-02-24 19:28:11.677770
case_937,a,2025-02-24 19:33:11.677770
case_937,b,2025-02-24 19:38:11.677770
case_937,c,2025-02-24 19:43:11.677770
case_937,c,2025-02-24 19:48:11.677770
case_937,a,2025-02-24 19:53:11.677770
case_937,c,2025-02-24 19:58:11.677770
case_937,b,2025-02-24 20:03:11.677770
case_937,a,2025-02-24 20:08:11.677770
case_937,c,2025-02-24 20:13:11.677770
case_937,a,2025-02-24 20:18:11.677770
case_937,a,2025-02-24 20:23:11.677770
case_937,c,2025-02-24 20:28:11.677770
case_937,c,2025-02-24 20:33:11.677770
case_937,a,2025-02-24 20:38:11.677770
case_937,a,2025-02-24 20:43:11.677770
case_937,b,2025-02-24 20:48:11.677770
case_937,a,2025-02-24 20:53:11.677770
case_937,c,2025-02-24 20:58:11.677770
case_937,a,2025-02-24 21:03:11.677770
case_938,c,2025-02-24 19:28:11.677800
case_938,b,2025-02-24 19:33:11.677800
case_938,c,2025-02-24 19:38:11.677800
case_938,a,2025-02-24 19:43:11.677800
case_938,c,2025-02-24 19:48:11.677800
case_938,b,2025-02-24 19:53:11.677800
case_938,c,2025-02-24 19:58:11.677800
case_938,a,2025-02-24 20:03:11.677800
case_938,c,2025-02-24 20:08:11.677800
case_938,c,2025-02-24 20:13:11.677800
case_938,a,2025-02-24 20:18:11.677800
case_938,a,2025-02-24 20:23:11.677800
case_938,a,2025-02-24 20:28:11.677800
case_938,a,2025-02-24 20:33:11.677800
case_938,c,2025-02-24 20:38:11.677800
case_938,b,2025-02-24 20:43:11.677800
case_938,c,2025-02-24 20:48:11.677800
case_938,a,2025-02-24 20:53:11.677800
case_938,a,2025-02-24 20:58:11.677800
case_938,c,2025-02-24 21:03:11.677800
case_939,c,2025-02-24 19:28:11.677830
case_939,c,2025-02-24 19:33:11.677830
case_939,b,2025-02-24 19:38:11.677830
case_939,c,2025-02-24 19:43:11.677830
case_939,b,2025-02-24 19:48:11.677830
case_939,a,2025-02-24 19:53:11.677830
case_939,b,2025-02-24 19:58:11.677830
case_939,c,2025-02-24 20:03:11.677830
case_939,b,2025-02-24 20:08:11.677830
case_939,c,2025-02-24 20:13:11.677830
case_939,c,2025-02-24 20:18:11.677830
case_939,a,2025-02-24 20:23:11.677830
case_939,a,2025-02-24 20:28:11.677830
case_939,b,2025-02-24 20:33:11.677830
case_939,a,2025-02-24 20:38:11.677830
case_939,a,2025-02-24 20:43:11.677830
case_939,c,2025-02-24 20:48:11.677830
case_939,c,2025-02-24 20:53:11.677830
case_939,c,2025-02-24 20:58:11.677830
case_939,a,2025-02-24 21:03:11.677830
case_940,a,2025-02-24 19:28:11.677860
case_940,b,2025-02-24 19:33:11.677860
case_940,c,2025-02-24 19:38:11.677860
case_940,a,2025-02-24 19:43:11.677860
case_940,c,2025-02-24 19:48:11.677860
case_940,c,2025-02-24 19:53:11.677860
case_940,c,2025-02-24 19:58:11.677860
case_940,b,2025-02-24 20:03:11.677860
case_940,a,2025-02-24 20:08:11.677860
case_940,a,2025-02-24 20:13:11.677860
case_940,a,2025-02-24 20:18:11.677860
case_940,b,2025-02-24 20:23:11.677860
case_940,a,2025-02-24 20:28:11.677860
case_940,a,2025-02-24 20:33:11.677860
case_940,b,2025-02-24 20:38:11.677860
case_940,a,2025-02-24 20:43:11.677860
case_940,a,2025-02-24 20:48:11.677860
case_940,a,2025-02-24 20:53:11.677860
case_940,a,2025-02-24 20:58:11.677860
case_940,a,2025-02-24 21:03:11.677860
case_941,c,2025-02-24 19:28:11.677890
case_941,b,2025-02-24 19:33:11.677890
case_941,a,2025-02-24 19:38:11.677890
case_941,c,2025-02-24 19:43:11.677890
case_941,b,2025-02-24 19:48:11.677890
case_941,c,2025-02-24 19:53:11.677890
case_941,b,2025-02-24 19:58:11.677890
case_941,a,2025-02-24 20:03:11.677890
case_941,c,2025-02-24 20:08:11.677890
case_941,a,2025-02-24 20:13:11.677890
case_941,b,2025-02-24 20:18:11.677890
case_941,c,2025-02-24 20:23:11.677890
case_941,c,2025-02-24 20:28:11.677890
case_941,b,2025-02-24 20:33:11.677890
case_941,a,2025-02-24 20:38:11.677890
case_941,c,2025-02-24 20:43:11.677890
case_941,c,2025-02-24 20:48:11.677890
case_941,a,2025-02-24 20:53:11.677890
case_941,b,2025-02-24 20:58:11.677890
case_941,a,2025-02-24 21:03:11.677890
case_942,a,2025-02-24 19:28:11.677920
case_942,a,2025-02-24 19:33:11.677920
case_942,c,2025-02-24 19:38:11.677920
case_942,a,2025-02-24 19:43:11.677920
case_942,b,2025-02-24 19:48:11.677920
case_942,c,2025-02-24 19:53:11.677920
case_942,c,2025-02-24 19:58:11.677920
case_942,a,2025-02-24 20:03:11.677920
case_942,b,2025-02-24 20:08:11.677920
case_942,a,2025-02-24 20:13:11.677920
case_942,c,2025-02-24 20:18:11.677920
case_942,b,2025-02-24 20:23:11.677920
case_942,c,2025-02-24 20:28:11.677920
case_942,b,2025-02-24 20:33:11.677920
case_942,a,2025-02-24 20:38:11.677920
case_942,c,2025-02-24 20:43:11.677920
case_942,a,2025-02-24 20:48:11.677920
case_942,a,2025-02-24 20:53:11.677920
case_942,b,2025-02-24 20:58:11.677920
case_942,a,2025-02-24 21:03:11.677920
case_943,c,2025-02-24 19:28:11.677950
case_943,c,2025-02-24 19:33:11.677950
case_943,c,2025-02-24 19:38:11.677950
case_943,b,2025-02-24 19:43:11.677950
case_943,a,2025-02-24 19:48:11.677950
case_943,b,2025-02-24 19:53:11.677950
case_943,c,2025-02-24 19:58:11.677950
case_943,b,2025-02-24 20:03:11.677950
case_943,a,2025-02-24 20:08:11.677950
case_943,a,2025-02-24 20:13:11.677950
case_943,b,2025-02-24 20:18:11.677950
case_943,c,2025-02-24 20:23:11.677950
case_943,a,2025-02-24 20:28:11.677950
case_943,c,2025-02-24 20:33:11.677950
case_943,b,2025-02-24 20:38:11.677950
case_943,c,2025-02-24 20:43:11.677950
case_943,c,2025-02-24 20:48:11.677950
case_943,a,2025-02-24 20:53:11.677950
case_943,c,2025-02-24 20:58:11.677950
case_943,c,2025-02-24 21:03:11.677950
case_944,c,2025-02-24 19:28:11.677980
case_944,c,2025-02-24 19:33:11.677980
case_944,a,2025-02-24 19:38:11.677980
case_944,a,2025-02-24 19:43:11.677980
case_944,a,2025-02-24 19:48:11.677980
case_944,c,2025-02-24 19:53:11.677980
case_944,c,2025-02-24 19:58:11.677980
case_944,c,2025-02-24 20:03:11.677980
case_944,c,2025-02-24 20:08:11.677980
case_944,b,2025-02-24 20:13:11.677980
case_944,a,2025-02-24 20:18:11.677980
case_944,a,2025-02-24 20:23:11.677980
case_944,c,2025-02-24 20:28:11.677980
case_944,c,2025-02-24 20:33:11.677980
case_944,b,2025-02-24 20:38:11.677980
case_944,a,2025-02-24 20:43:11.677980
case_944,a,2025-02-24 20:48:11.677980
case_944,a,2025-02-24 20:53:11.677980
case_944,c,2025-02-24 20:58:11.677980
case_944,c,2025-02-24 21:03:11.677980
case_945,a,2025-02-24 19:28:11.678011
case_945,c,2025-02-24 19:33:11.678011
case_945,c,2025-02-24 19:38:11.678011
case_945,c,2025-02-24 19:43:11.678011
case_945,b,2025-02-24 19:48:11.678011
case_945,c,2025-02-24 19:53:11.678011
case_945,c,2025-02-24 19:58:11.678011
case_945,c,2025-02-24 20:03:11.678011
case_945,a,2025-02-24 20:08:11.678011
case_945,c,2025-02-24 20:13:11.678011
case_945,b,2025-02-24 20:18:11.678011
case_945,c,2025-02-24 20:23:11.678011
case_945,c,2025-02-24 20:28:11.678011
case_945,b,2025-02-24 20:33:11.678011
case_945,c,2025-02-24 20:38:11.678011
case_945,a,2025-02-24 20:43:11.678011
case_945,a,2025-02-24 20:48:11.678011
case_945,a,2025-02-24 20:53:11.678011
case_945,a,2025-02-24 20:58:11.678011
case_945,a,2025-02-24 21:03:11.678011
case_946,c,2025-02-24 19:28:11.678041
case_946,c,2025-02-24 19:33:11.678041
case_946,b,2025-02-24 19:38:11.678041
case_946,a,2025-02-24 19:43:11.678041
case_946,b,2025-02-24 19:48:11.678041
case_946,c,2025-02-24 19:53:11.678041
case_946,a,2025-02-24 19:58:11.678041
case_946,c,2025-02-24 20:03:11.678041
case_946,a,2025-02-24 20:08:11.678041
case_946,c,2025-02-24 20:13:11.678041
case_946,c,2025-02-24 20:18:11.678041
case_946,a,2025-02-24 20:23:11.678041
case_946,b,2025-02-24 20:28:11.678041
case_946,a,2025-02-24 20:33:11.678041
case_946,b,2025-02-24 20:38:11.678041
case_946,a,2025-02-24 20:43:11.678041
case_946,a,2025-02-24 20:48:11.678041
case_946,b,2025-02-24 20:53:11.678041
case_946,c,2025-02-24 20:58:11.678041
case_946,a,2025-02-24 21:03:11.678041
case_947,a,2025-02-24 19:28:11.678071
case_947,a,2025-02-24 19:33:11.678071
case_947,c,2025-02-24 19:38:11.678071
case_947,a,2025-02-24 19:43:11.678071
case_947,b,2025-02-24 19:48:11.678071
case_947,a,2025-02-24 19:53:11.678071
case_947,b,2025-02-24 19:58:11.678071
case_947,a,2025-02-24 20:03:11.678071
case_947,a,2025-02-24 20:08:11.678071
case_947,a,2025-02-24 20:13:11.678071
case_947,c,2025-02-24 20:18:11.678071
case_947,c,2025-02-24 20:23:11.678071
case_947,c,2025-02-24 20:28:11.678071
case_947,a,2025-02-24 20:33:11.678071
case_947,b,2025-02-24 20:38:11.678071
case_947,a,2025-02-24 20:43:11.678071
case_947,b,2025-02-24 20:48:11.678071
case_947,a,2025-02-24 20:53:11.678071
case_947,c,2025-02-24 20:58:11.678071
case_947,a,2025-02-24 21:03:11.678071
case_948,a,2025-02-24 19:28:11.678101
case_948,b,2025-02-24 19:33:11.678101
case_948,a,2025-02-24 19:38:11.678101
case_948,b,2025-02-24 19:43:11.678101
case_948,a,2025-02-24 19:48:11.678101
case_948,c,2025-02-24 19:53:11.678101
case_948,a,2025-02-24 19:58:11.678101
case_948,c,2025-02-24 20:03:11.678101
case_948,b,2025-02-24 20:08:11.678101
case_948,a,2025-02-24 20:13:11.678101
case_948,b,2025-02-24 20:18:11.678101
case_948,c,2025-02-24 20:23:11.678101
case_948,a,2025-02-24 20:28:11.678101
case_948,a,2025-02-24 20:33:11.678101
case_948,c,2025-02-24 20:38:11.678101
case_948,a,2025-02-24 20:43:11.678101
case_948,c,2025-02-24 20:48:11.678101
case_948,c,2025-02-24 20:53:11.678101
case_948,a,2025-02-24 20:58:11.678101
case_948,a,2025-02-24 21:03:11.678101
case_949,a,2025-02-24 19:28:11.678131
case_949,a,2025-02-24 19:33:11.678131
case_949,c,2025-02-24 19:38:11.678131
case_949,a,2025-02-24 19:43:11.678131
case_949,b,2025-02-24 19:48:11.678131
case_949,a,2025-02-24 19:53:11.678131
case_949,b,2025-02-24 19:58:11.678131
case_949,c,2025-02-24 20:03:11.678131
case_949,b,2025-02-24 20:08:11.678131
case_949,a,2025-02-24 20:13:11.678131
case_949,b,2025-02-24 20:18:11.678131
case_949,a,2025-02-24 20:23:11.678131
case_949,b,2025-02-24 20:28:11.678131
case_949,a,2025-02-24 20:33:11.678131
case_949,b,2025-02-24 20:38:11.678131
case_949,a,2025-02-24 20:43:11.678131
case_949,a,2025-02-24 20:48:11.678131
case_949,b,2025-02-24 20:53:11.678131
case_949,a,2025-02-24 20:58:11.678131
case_949,c,2025-02-24 21:03:11.678131
case_950,c,2025-02-24 19:28:11.678161
case_950,b,2025-02-24 19:33:11.678161
case_950,a,2025-02-24 19:38:11.678161
case_950,b,2025-02-24 19:43:11.678161
case_950,a,2025-02-24 19:48:11.678161
case_950,c,2025-02-24 19:53:11.678161
case_950,b,2025-02-24 19:58:11.678161
case_950,c,2025-02-24 20:03:11.678161
case_950,c,2025-02-24 20:08:11.678161
case_950,c,2025-02-24 20:13:11.678161
case_950,b,2025-02-24 20:18:11.678161
case_950,a,2025-02-24 20:23:11.678161
case_950,c,2025-02-24 20:28:11.678161
case_950,b,2025-02-24 20:33:11.678161
case_950,c,2025-02-24 20:38:11.678161
case_950,a,2025-02-24 20:43:11.678161
case_950,b,2025-02-24 20:48:11.678161
case_950,c,2025-02-24 20:53:11.678161
case_950,a,2025-02-24 20:58:11.678161
case_950,c,2025-02-24 21:03:11.678161
case_951,c,2025-02-24 19:28:11.678191
case_951,a,2025-02-24 19:33:11.678191
case_951,b,2025-02-24 19:38:11.678191
case_951,c,2025-02-24 19:43:11.678191
case_951,b,2025-02-24 19:48:11.678191
case_951,c,2025-02-24 19:53:11.678191
case_951,a,2025-02-24 19:58:11.678191
case_951,a,2025-02-24 20:03:11.678191
case_951,a,2025-02-24 20:08:11.678191
case_951,a,2025-02-24 20:13:11.678191
case_951,b,2025-02-24 20:18:11.678191
case_951,a,2025-02-24 20:23:11.678191
case_951,c,2025-02-24 20:28:11.678191
case_951,c,2025-02-24 20:33:11.678191
case_951,b,2025-02-24 20:38:11.678191
case_951,a,2025-02-24 20:43:11.678191
case_951,a,2025-02-24 20:48:11.678191
case_951,a,2025-02-24 20:53:11.678191
case_951,a,2025-02-24 20:58:11.678191
case_951,a,2025-02-24 21:03:11.678191
case_952,a,2025-02-24 19:28:11.678221
case_952,c,2025-02-24 19:33:11.678221
case_952,c,2025-02-24 19:38:11.678221
case_952,b,2025-02-24 19:43:11.678221
case_952,a,2025-02-24 19:48:11.678221
case_952,b,2025-02-24 19:53:11.678221
case_952,a,2025-02-24 19:58:11.678221
case_952,a,2025-02-24 20:03:11.678221
case_952,b,2025-02-24 20:08:11.678221
case_952,a,2025-02-24 20:13:11.678221
case_952,c,2025-02-24 20:18:11.678221
case_952,a,2025-02-24 20:23:11.678221
case_952,b,2025-02-24 20:28:11.678221
case_952,a,2025-02-24 20:33:11.678221
case_952,c,2025-02-24 20:38:11.678221
case_952,b,2025-02-24 20:43:11.678221
case_952,a,2025-02-24 20:48:11.678221
case_952,c,2025-02-24 20:53:11.678221
case_952,b,2025-02-24 20:58:11.678221
case_952,a,2025-02-24 21:03:11.678221
case_953,a,2025-02-24 19:28:11.678251
case_953,a,2025-02-24 19:33:11.678251
case_953,a,2025-02-24 19:38:11.678251
case_953,c,2025-02-24 19:43:11.678251
case_953,a,2025-02-24 19:48:11.678251
case_953,a,2025-02-24 19:53:11.678251
case_953,a,2025-02-24 19:58:11.678251
case_953,a,2025-02-24 20:03:11.678251
case_953,a,2025-02-24 20:08:11.678251
case_953,c,2025-02-24 20:13:11.678251
case_953,b,2025-02-24 20:18:11.678251
case_953,c,2025-02-24 20:23:11.678251
case_953,a,2025-02-24 20:28:11.678251
case_953,a,2025-02-24 20:33:11.678251
case_953,b,2025-02-24 20:38:11.678251
case_953,c,2025-02-24 20:43:11.678251
case_953,b,2025-02-24 20:48:11.678251
case_953,a,2025-02-24 20:53:11.678251
case_953,c,2025-02-24 20:58:11.678251
case_953,c,2025-02-24 21:03:11.678251
case_954,a,2025-02-24 19:28:11.678281
case_954,a,2025-02-24 19:33:11.678281
case_954,c,2025-02-24 19:38:11.678281
case_954,b,2025-02-24 19:43:11.678281
case_954,a,2025-02-24 19:48:11.678281
case_954,b,2025-02-24 19:53:11.678281
case_954,a,2025-02-24 19:58:11.678281
case_954,a,2025-02-24 20:03:11.678281
case_954,c,2025-02-24 20:08:11.678281
case_954,b,2025-02-24 20:13:11.678281
case_954,a,2025-02-24 20:18:11.678281
case_954,a,2025-02-24 20:23:11.678281
case_954,b,2025-02-24 20:28:11.678281
case_954,c,2025-02-24 20:33:11.678281
case_954,a,2025-02-24 20:38:11.678281
case_954,a,2025-02-24 20:43:11.678281
case_954,c,2025-02-24 20:48:11.678281
case_954,b,2025-02-24 20:53:11.678281
case_954,a,2025-02-24 20:58:11.678281
case_954,c,2025-02-24 21:03:11.678281
case_955,a,2025-02-24 19:28:11.678311
case_955,a,2025-02-24 19:33:11.678311
case_955,a,2025-02-24 19:38:11.678311
case_955,a,2025-02-24 19:43:11.678311
case_955,a,2025-02-24 19:48:11.678311
case_955,a,2025-02-24 19:53:11.678311
case_955,c,2025-02-24 19:58:11.678311
case_955,a,2025-02-24 20:03:11.678311
case_955,a,2025-02-24 20:08:11.678311
case_955,c,2025-02-24 20:13:11.678311
case_955,c,2025-02-24 20:18:11.678311
case_955,c,2025-02-24 20:23:11.678311
case_955,c,2025-02-24 20:28:11.678311
case_955,b,2025-02-24 20:33:11.678311
case_955,c,2025-02-24 20:38:11.678311
case_955,a,2025-02-24 20:43:11.678311
case_955,b,2025-02-24 20:48:11.678311
case_955,c,2025-02-24 20:53:11.678311
case_955,b,2025-02-24 20:58:11.678311
case_955,a,2025-02-24 21:03:11.678311
case_956,c,2025-02-24 19:28:11.678343
case_956,b,2025-02-24 19:33:11.678343
case_956,c,2025-02-24 19:38:11.678343
case_956,c,2025-02-24 19:43:11.678343
case_956,a,2025-02-24 19:48:11.678343
case_956,a,2025-02-24 19:53:11.678343
case_956,a,2025-02-24 19:58:11.678343
case_956,a,2025-02-24 20:03:11.678343
case_956,a,2025-02-24 20:08:11.678343
case_956,a,2025-02-24 20:13:11.678343
case_956,b,2025-02-24 20:18:11.678343
case_956,a,2025-02-24 20:23:11.678343
case_956,a,2025-02-24 20:28:11.678343
case_956,b,2025-02-24 20:33:11.678343
case_956,a,2025-02-24 20:38:11.678343
case_956,a,2025-02-24 20:43:11.678343
case_956,a,2025-02-24 20:48:11.678343
case_956,b,2025-02-24 20:53:11.678343
case_956,c,2025-02-24 20:58:11.678343
case_956,c,2025-02-24 21:03:11.678343
case_957,a,2025-02-24 19:28:11.678374
case_957,a,2025-02-24 19:33:11.678374
case_957,c,2025-02-24 19:38:11.678374
case_957,c,2025-02-24 19:43:11.678374
case_957,b,2025-02-24 19:48:11.678374
case_957,c,2025-02-24 19:53:11.678374
case_957,b,2025-02-24 19:58:11.678374
case_957,a,2025-02-24 20:03:11.678374
case_957,b,2025-02-24 20:08:11.678374
case_957,c,2025-02-24 20:13:11.678374
case_957,a,2025-02-24 20:18:11.678374
case_957,a,2025-02-24 20:23:11.678374
case_957,a,2025-02-24 20:28:11.678374
case_957,c,2025-02-24 20:33:11.678374
case_957,b,2025-02-24 20:38:11.678374
case_957,c,2025-02-24 20:43:11.678374
case_957,a,2025-02-24 20:48:11.678374
case_957,c,2025-02-24 20:53:11.678374
case_957,c,2025-02-24 20:58:11.678374
case_957,a,2025-02-24 21:03:11.678374
case_958,a,2025-02-24 19:28:11.678404
case_958,b,2025-02-24 19:33:11.678404
case_958,a,2025-02-24 19:38:11.678404
case_958,a,2025-02-24 19:43:11.678404
case_958,a,2025-02-24 19:48:11.678404
case_958,a,2025-02-24 19:53:11.678404
case_958,b,2025-02-24 19:58:11.678404
case_958,a,2025-02-24 20:03:11.678404
case_958,b,2025-02-24 20:08:11.678404
case_958,c,2025-02-24 20:13:11.678404
case_958,a,2025-02-24 20:18:11.678404
case_958,b,2025-02-24 20:23:11.678404
case_958,a,2025-02-24 20:28:11.678404
case_958,c,2025-02-24 20:33:11.678404
case_958,c,2025-02-24 20:38:11.678404
case_958,b,2025-02-24 20:43:11.678404
case_958,c,2025-02-24 20:48:11.678404
case_958,b,2025-02-24 20:53:11.678404
case_958,a,2025-02-24 20:58:11.678404
case_958,a,2025-02-24 21:03:11.678404
case_959,a,2025-02-24 19:28:11.678435
case_959,a,2025-02-24 19:33:11.678435
case_959,b,2025-02-24 19:38:11.678435
case_959,c,2025-02-24 19:43:11.678435
case_959,b,2025-02-24 19:48:11.678435
case_959,c,2025-02-24 19:53:11.678435
case_959,b,2025-02-24 19:58:11.678435
case_959,c,2025-02-24 20:03:11.678435
case_959,a,2025-02-24 20:08:11.678435
case_959,c,2025-02-24 20:13:11.678435
case_959,b,2025-02-24 20:18:11.678435
case_959,c,2025-02-24 20:23:11.678435
case_959,a,2025-02-24 20:28:11.678435
case_959,b,2025-02-24 20:33:11.678435
case_959,a,2025-02-24 20:38:11.678435
case_959,c,2025-02-24 20:43:11.678435
case_959,b,2025-02-24 20:48:11.678435
case_959,a,2025-02-24 20:53:11.678435
case_959,b,2025-02-24 20:58:11.678435
case_959,a,2025-02-24 21:03:11.678435
case_960,c,2025-02-24 19:28:11.678465
case_960,b,2025-02-24 19:33:11.678465
case_960,c,2025-02-24 19:38:11.678465
case_960,b,2025-02-24 19:43:11.678465
case_960,a,2025-02-24 19:48:11.678465
case_960,a,2025-02-24 19:53:11.678465
case_960,a,2025-02-24 19:58:11.678465
case_960,a,2025-02-24 20:03:11.678465
case_960,a,2025-02-24 20:08:11.678465
case_960,b,2025-02-24 20:13:11.678465
case_960,c,2025-02-24 20:18:11.678465
case_960,a,2025-02-24 20:23:11.678465
case_960,b,2025-02-24 20:28:11.678465
case_960,c,2025-02-24 20:33:11.678465
case_960,c,2025-02-24 20:38:11.678465
case_960,a,2025-02-24 20:43:11.678465
case_960,c,2025-02-24 20:48:11.678465
case_960,a,2025-02-24 20:53:11.678465
case_960,a,2025-02-24 20:58:11.678465
case_960,c,2025-02-24 21:03:11.678465
case_961,a,2025-02-24 19:28:11.678496
case_961,b,2025-02-24 19:33:11.678496
case_961,a,2025-02-24 19:38:11.678496
case_961,b,2025-02-24 19:43:11.678496
case_961,a,2025-02-24 19:48:11.678496
case_961,a,2025-02-24 19:53:11.678496
case_961,c,2025-02-24 19:58:11.678496
case_961,b,2025-02-24 20:03:11.678496
case_961,c,2025-02-24 20:08:11.678496
case_961,b,2025-02-24 20:13:11.678496
case_961,c,2025-02-24 20:18:11.678496
case_961,a,2025-02-24 20:23:11.678496
case_961,a,2025-02-24 20:28:11.678496
case_961,a,2025-02-24 20:33:11.678496
case_961,a,2025-02-24 20:38:11.678496
case_961,a,2025-02-24 20:43:11.678496
case_961,b,2025-02-24 20:48:11.678496
case_961,c,2025-02-24 20:53:11.678496
case_961,a,2025-02-24 20:58:11.678496
case_961,a,2025-02-24 21:03:11.678496
case_962,c,2025-02-24 19:28:11.678526
case_962,a,2025-02-24 19:33:11.678526
case_962,a,2025-02-24 19:38:11.678526
case_962,a,2025-02-24 19:43:11.678526
case_962,a,2025-02-24 19:48:11.678526
case_962,b,2025-02-24 19:53:11.678526
case_962,c,2025-02-24 19:58:11.678526
case_962,b,2025-02-24 20:03:11.678526
case_962,a,2025-02-24 20:08:11.678526
case_962,b,2025-02-24 20:13:11.678526
case_962,a,2025-02-24 20:18:11.678526
case_962,c,2025-02-24 20:23:11.678526
case_962,a,2025-02-24 20:28:11.678526
case_962,a,2025-02-24 20:33:11.678526
case_962,c,2025-02-24 20:38:11.678526
case_962,c,2025-02-24 20:43:11.678526
case_962,c,2025-02-24 20:48:11.678526
case_962,a,2025-02-24 20:53:11.678526
case_962,a,2025-02-24 20:58:11.678526
case_962,a,2025-02-24 21:03:11.678526
case_963,c,2025-02-24 19:28:11.678557
case_963,c,2025-02-24 19:33:11.678557
case_963,c,2025-02-24 19:38:11.678557
case_963,b,2025-02-24 19:43:11.678557
case_963,c,2025-02-24 19:48:11.678557
case_963,c,2025-02-24 19:53:11.678557
case_963,b,2025-02-24 19:58:11.678557
case_963,c,2025-02-24 20:03:11.678557
case_963,b,2025-02-24 20:08:11.678557
case_963,c,2025-02-24 20:13:11.678557
case_963,a,2025-02-24 20:18:11.678557
case_963,b,2025-02-24 20:23:11.678557
case_963,a,2025-02-24 20:28:11.678557
case_963,b,2025-02-24 20:33:11.678557
case_963,c,2025-02-24 20:38:11.678557
case_963,c,2025-02-24 20:43:11.678557
case_963,b,2025-02-24 20:48:11.678557
case_963,a,2025-02-24 20:53:11.678557
case_963,a,2025-02-24 20:58:11.678557
case_963,c,2025-02-24 21:03:11.678557
case_964,c,2025-02-24 19:28:11.678587
case_964,c,2025-02-24 19:33:11.678587
case_964,b,2025-02-24 19:38:11.678587
case_964,c,2025-02-24 19:43:11.678587
case_964,c,2025-02-24 19:48:11.678587
case_964,c,2025-02-24 19:53:11.678587
case_964,a,2025-02-24 19:58:11.678587
case_964,c,2025-02-24 20:03:11.678587
case_964,c,2025-02-24 20:08:11.678587
case_964,a,2025-02-24 20:13:11.678587
case_964,c,2025-02-24 20:18:11.678587
case_964,c,2025-02-24 20:23:11.678587
case_964,a,2025-02-24 20:28:11.678587
case_964,a,2025-02-24 20:33:11.678587
case_964,b,2025-02-24 20:38:11.678587
case_964,a,2025-02-24 20:43:11.678587
case_964,a,2025-02-24 20:48:11.678587
case_964,a,2025-02-24 20:53:11.678587
case_964,b,2025-02-24 20:58:11.678587
case_964,c,2025-02-24 21:03:11.678587
case_965,c,2025-02-24 19:28:11.678618
case_965,c,2025-02-24 19:33:11.678618
case_965,c,2025-02-24 19:38:11.678618
case_965,c,2025-02-24 19:43:11.678618
case_965,c,2025-02-24 19:48:11.678618
case_965,c,2025-02-24 19:53:11.678618
case_965,a,2025-02-24 19:58:11.678618
case_965,b,2025-02-24 20:03:11.678618
case_965,a,2025-02-24 20:08:11.678618
case_965,b,2025-02-24 20:13:11.678618
case_965,c,2025-02-24 20:18:11.678618
case_965,b,2025-02-24 20:23:11.678618
case_965,c,2025-02-24 20:28:11.678618
case_965,c,2025-02-24 20:33:11.678618
case_965,c,2025-02-24 20:38:11.678618
case_965,c,2025-02-24 20:43:11.678618
case_965,a,2025-02-24 20:48:11.678618
case_965,b,2025-02-24 20:53:11.678618
case_965,a,2025-02-24 20:58:11.678618
case_965,a,2025-02-24 21:03:11.678618
case_966,a,2025-02-24 19:28:11.678648
case_966,b,2025-02-24 19:33:11.678648
case_966,a,2025-02-24 19:38:11.678648
case_966,a,2025-02-24 19:43:11.678648
case_966,c,2025-02-24 19:48:11.678648
case_966,b,2025-02-24 19:53:11.678648
case_966,c,2025-02-24 19:58:11.678648
case_966,a,2025-02-24 20:03:11.678648
case_966,a,2025-02-24 20:08:11.678648
case_966,a,2025-02-24 20:13:11.678648
case_966,b,2025-02-24 20:18:11.678648
case_966,a,2025-02-24 20:23:11.678648
case_966,b,2025-02-24 20:28:11.678648
case_966,c,2025-02-24 20:33:11.678648
case_966,c,2025-02-24 20:38:11.678648
case_966,b,2025-02-24 20:43:11.678648
case_966,a,2025-02-24 20:48:11.678648
case_966,c,2025-02-24 20:53:11.678648
case_966,c,2025-02-24 20:58:11.678648
case_966,c,2025-02-24 21:03:11.678648
case_967,c,2025-02-24 19:28:11.678679
case_967,a,2025-02-24 19:33:11.678679
case_967,c,2025-02-24 19:38:11.678679
case_967,a,2025-02-24 19:43:11.678679
case_967,c,2025-02-24 19:48:11.678679
case_967,c,2025-02-24 19:53:11.678679
case_967,c,2025-02-24 19:58:11.678679
case_967,a,2025-02-24 20:03:11.678679
case_967,b,2025-02-24 20:08:11.678679
case_967,c,2025-02-24 20:13:11.678679
case_967,c,2025-02-24 20:18:11.678679
case_967,c,2025-02-24 20:23:11.678679
case_967,c,2025-02-24 20:28:11.678679
case_967,b,2025-02-24 20:33:11.678679
case_967,c,2025-02-24 20:38:11.678679
case_967,b,2025-02-24 20:43:11.678679
case_967,a,2025-02-24 20:48:11.678679
case_967,c,2025-02-24 20:53:11.678679
case_967,a,2025-02-24 20:58:11.678679
case_967,a,2025-02-24 21:03:11.678679
case_968,c,2025-02-24 19:28:11.678709
case_968,c,2025-02-24 19:33:11.678709
case_968,b,2025-02-24 19:38:11.678709
case_968,c,2025-02-24 19:43:11.678709
case_968,a,2025-02-24 19:48:11.678709
case_968,b,2025-02-24 19:53:11.678709
case_968,a,2025-02-24 19:58:11.678709
case_968,b,2025-02-24 20:03:11.678709
case_968,c,2025-02-24 20:08:11.678709
case_968,c,2025-02-24 20:13:11.678709
case_968,b,2025-02-24 20:18:11.678709
case_968,a,2025-02-24 20:23:11.678709
case_968,c,2025-02-24 20:28:11.678709
case_968,a,2025-02-24 20:33:11.678709
case_968,c,2025-02-24 20:38:11.678709
case_968,b,2025-02-24 20:43:11.678709
case_968,a,2025-02-24 20:48:11.678709
case_968,a,2025-02-24 20:53:11.678709
case_968,b,2025-02-24 20:58:11.678709
case_968,a,2025-02-24 21:03:11.678709
case_969,a,2025-02-24 19:28:11.678739
case_969,c,2025-02-24 19:33:11.678739
case_969,b,2025-02-24 19:38:11.678739
case_969,a,2025-02-24 19:43:11.678739
case_969,b,2025-02-24 19:48:11.678739
case_969,c,2025-02-24 19:53:11.678739
case_969,a,2025-02-24 19:58:11.678739
case_969,a,2025-02-24 20:03:11.678739
case_969,c,2025-02-24 20:08:11.678739
case_969,a,2025-02-24 20:13:11.678739
case_969,b,2025-02-24 20:18:11.678739
case_969,a,2025-02-24 20:23:11.678739
case_969,b,2025-02-24 20:28:11.678739
case_969,c,2025-02-24 20:33:11.678739
case_969,a,2025-02-24 20:38:11.678739
case_969,b,2025-02-24 20:43:11.678739
case_969,a,2025-02-24 20:48:11.678739
case_969,c,2025-02-24 20:53:11.678739
case_969,a,2025-02-24 20:58:11.678739
case_969,c,2025-02-24 21:03:11.678739
case_970,c,2025-02-24 19:28:11.678769
case_970,a,2025-02-24 19:33:11.678769
case_970,a,2025-02-24 19:38:11.678769
case_970,b,2025-02-24 19:43:11.678769
case_970,a,2025-02-24 19:48:11.678769
case_970,c,2025-02-24 19:53:11.678769
case_970,b,2025-02-24 19:58:11.678769
case_970,a,2025-02-24 20:03:11.678769
case_970,a,2025-02-24 20:08:11.678769
case_970,b,2025-02-24 20:13:11.678769
case_970,a,2025-02-24 20:18:11.678769
case_970,b,2025-02-24 20:23:11.678769
case_970,a,2025-02-24 20:28:11.678769
case_970,a,2025-02-24 20:33:11.678769
case_970,b,2025-02-24 20:38:11.678769
case_970,c,2025-02-24 20:43:11.678769
case_970,c,2025-02-24 20:48:11.678769
case_970,a,2025-02-24 20:53:11.678769
case_970,a,2025-02-24 20:58:11.678769
case_970,a,2025-02-24 21:03:11.678769
case_971,c,2025-02-24 19:28:11.678800
case_971,b,2025-02-24 19:33:11.678800
case_971,a,2025-02-24 19:38:11.678800
case_971,a,2025-02-24 19:43:11.678800
case_971,b,2025-02-24 19:48:11.678800
case_971,c,2025-02-24 19:53:11.678800
case_971,b,2025-02-24 19:58:11.678800
case_971,c,2025-02-24 20:03:11.678800
case_971,c,2025-02-24 20:08:11.678800
case_971,a,2025-02-24 20:13:11.678800
case_971,a,2025-02-24 20:18:11.678800
case_971,a,2025-02-24 20:23:11.678800
case_971,a,2025-02-24 20:28:11.678800
case_971,c,2025-02-24 20:33:11.678800
case_971,b,2025-02-24 20:38:11.678800
case_971,c,2025-02-24 20:43:11.678800
case_971,a,2025-02-24 20:48:11.678800
case_971,b,2025-02-24 20:53:11.678800
case_971,a,2025-02-24 20:58:11.678800
case_971,a,2025-02-24 21:03:11.678800
case_972,a,2025-02-24 19:28:11.678830
case_972,c,2025-02-24 19:33:11.678830
case_972,b,2025-02-24 19:38:11.678830
case_972,a,2025-02-24 19:43:11.678830
case_972,c,2025-02-24 19:48:11.678830
case_972,b,2025-02-24 19:53:11.678830
case_972,c,2025-02-24 19:58:11.678830
case_972,b,2025-02-24 20:03:11.678830
case_972,a,2025-02-24 20:08:11.678830
case_972,b,2025-02-24 20:13:11.678830
case_972,c,2025-02-24 20:18:11.678830
case_972,b,2025-02-24 20:23:11.678830
case_972,a,2025-02-24 20:28:11.678830
case_972,c,2025-02-24 20:33:11.678830
case_972,b,2025-02-24 20:38:11.678830
case_972,a,2025-02-24 20:43:11.678830
case_972,a,2025-02-24 20:48:11.678830
case_972,b,2025-02-24 20:53:11.678830
case_972,a,2025-02-24 20:58:11.678830
case_972,a,2025-02-24 21:03:11.678830
case_973,c,2025-02-24 19:28:11.678861
case_973,c,2025-02-24 19:33:11.678861
case_973,a,2025-02-24 19:38:11.678861
case_973,a,2025-02-24 19:43:11.678861
case_973,b,2025-02-24 19:48:11.678861
case_973,c,2025-02-24 19:53:11.678861
case_973,b,2025-02-24 19:58:11.678861
case_973,a,2025-02-24 20:03:11.678861
case_973,b,2025-02-24 20:08:11.678861
case_973,a,2025-02-24 20:13:11.678861
case_973,a,2025-02-24 20:18:11.678861
case_973,b,2025-02-24 20:23:11.678861
case_973,c,2025-02-24 20:28:11.678861
case_973,b,2025-02-24 20:33:11.678861
case_973,c,2025-02-24 20:38:11.678861
case_973,b,2025-02-24 20:43:11.678861
case_973,a,2025-02-24 20:48:11.678861
case_973,b,2025-02-24 20:53:11.678861
case_973,a,2025-02-24 20:58:11.678861
case_973,c,2025-02-24 21:03:11.678861
case_974,c,2025-02-24 19:28:11.678891
case_974,a,2025-02-24 19:33:11.678891
case_974,a,2025-02-24 19:38:11.678891
case_974,b,2025-02-24 19:43:11.678891
case_974,a,2025-02-24 19:48:11.678891
case_974,a,2025-02-24 19:53:11.678891
case_974,c,2025-02-24 19:58:11.678891
case_974,c,2025-02-24 20:03:11.678891
case_974,a,2025-02-24 20:08:11.678891
case_974,b,2025-02-24 20:13:11.678891
case_974,a,2025-02-24 20:18:11.678891
case_974,b,2025-02-24 20:23:11.678891
case_974,c,2025-02-24 20:28:11.678891
case_974,c,2025-02-24 20:33:11.678891
case_974,b,2025-02-24 20:38:11.678891
case_974,c,2025-02-24 20:43:11.678891
case_974,b,2025-02-24 20:48:11.678891
case_974,c,2025-02-24 20:53:11.678891
case_974,a,2025-02-24 20:58:11.678891
case_974,c,2025-02-24 21:03:11.678891
case_975,a,2025-02-24 19:28:11.678922
case_975,c,2025-02-24 19:33:11.678922
case_975,b,2025-02-24 19:38:11.678922
case_975,c,2025-02-24 19:43:11.678922
case_975,a,2025-02-24 19:48:11.678922
case_975,a,2025-02-24 19:53:11.678922
case_975,c,2025-02-24 19:58:11.678922
case_975,a,2025-02-24 20:03:11.678922
case_975,a,2025-02-24 20:08:11.678922
case_975,b,2025-02-24 20:13:11.678922
case_975,c,2025-02-24 20:18:11.678922
case_975,c,2025-02-24 20:23:11.678922
case_975,b,2025-02-24 20:28:11.678922
case_975,a,2025-02-24 20:33:11.678922
case_975,c,2025-02-24 20:38:11.678922
case_975,a,2025-02-24 20:43:11.678922
case_975,b,2025-02-24 20:48:11.678922
case_975,a,2025-02-24 20:53:11.678922
case_975,c,2025-02-24 20:58:11.678922
case_975,c,2025-02-24 21:03:11.678922
case_976,a,2025-02-24 19:28:11.678952
case_976,b,2025-02-24 19:33:11.678952
case_976,a,2025-02-24 19:38:11.678952
case_976,a,2025-02-24 19:43:11.678952
case_976,a,2025-02-24 19:48:11.678952
case_976,a,2025-02-24 19:53:11.678952
case_976,b,2025-02-24 19:58:11.678952
case_976,a,2025-02-24 20:03:11.678952
case_976,b,2025-02-24 20:08:11.678952
case_976,a,2025-02-24 20:13:11.678952
case_976,a,2025-02-24 20:18:11.678952
case_976,b,2025-02-24 20:23:11.678952
case_976,c,2025-02-24 20:28:11.678952
case_976,b,2025-02-24 20:33:11.678952
case_976,c,2025-02-24 20:38:11.678952
case_976,a,2025-02-24 20:43:11.678952
case_976,c,2025-02-24 20:48:11.678952
case_976,a,2025-02-24 20:53:11.678952
case_976,a,2025-02-24 20:58:11.678952
case_976,c,2025-02-24 21:03:11.678952
case_977,c,2025-02-24 19:28:11.678983
case_977,a,2025-02-24 19:33:11.678983
case_977,a,2025-02-24 19:38:11.678983
case_977,a,2025-02-24 19:43:11.678983
case_977,a,2025-02-24 19:48:11.678983
case_977,a,2025-02-24 19:53:11.678983
case_977,c,2025-02-24 19:58:11.678983
case_977,c,2025-02-24 20:03:11.678983
case_977,c,2025-02-24 20:08:11.678983
case_977,c,2025-02-24 20:13:11.678983
case_977,a,2025-02-24 20:18:11.678983
case_977,c,2025-02-24 20:23:11.678983
case_977,b,2025-02-24 20:28:11.678983
case_977,c,2025-02-24 20:33:11.678983
case_977,c,2025-02-24 20:38:11.678983
case_977,a,2025-02-24 20:43:11.678983
case_977,b,2025-02-24 20:48:11.678983
case_977,c,2025-02-24 20:53:11.678983
case_977,a,2025-02-24 20:58:11.678983
case_977,a,2025-02-24 21:03:11.678983
case_978,c,2025-02-24 19:28:11.679013
case_978,b,2025-02-24 19:33:11.679013
case_978,c,2025-02-24 19:38:11.679013
case_978,b,2025-02-24 19:43:11.679013
case_978,a,2025-02-24 19:48:11.679013
case_978,a,2025-02-24 19:53:11.679013
case_978,b,2025-02-24 19:58:11.679013
case_978,a,2025-02-24 20:03:11.679013
case_978,b,2025-02-24 20:08:11.679013
case_978,a,2025-02-24 20:13:11.679013
case_978,c,2025-02-24 20:18:11.679013
case_978,a,2025-02-24 20:23:11.679013
case_978,b,2025-02-24 20:28:11.679013
case_978,a,2025-02-24 20:33:11.679013
case_978,a,2025-02-24 20:38:11.679013
case_978,c,2025-02-24 20:43:11.679013
case_978,b,2025-02-24 20:48:11.679013
case_978,c,2025-02-24 20:53:11.679013
case_978,c,2025-02-24 20:58:11.679013
case_978,c,2025-02-24 21:03:11.679013
case_979,a,2025-02-24 19:28:11.679044
case_979,c,2025-02-24 19:33:11.679044
case_979,b,2025-02-24 19:38:11.679044
case_979,c,2025-02-24 19:43:11.679044
case_979,c,2025-02-24 19:48:11.679044
case_979,b,2025-02-24 19:53:11.679044
case_979,a,2025-02-24 19:58:11.679044
case_979,a,2025-02-24 20:03:11.679044
case_979,a,2025-02-24 20:08:11.679044
case_979,b,2025-02-24 20:13:11.679044
case_979,a,2025-02-24 20:18:11.679044
case_979,a,2025-02-24 20:23:11.679044
case_979,a,2025-02-24 20:28:11.679044
case_979,a,2025-02-24 20:33:11.679044
case_979,c,2025-02-24 20:38:11.679044
case_979,c,2025-02-24 20:43:11.679044
case_979,c,2025-02-24 20:48:11.679044
case_979,a,2025-02-24 20:53:11.679044
case_979,c,2025-02-24 20:58:11.679044
case_979,c,2025-02-24 21:03:11.679044
case_980,c,2025-02-24 19:28:11.679074
case_980,c,2025-02-24 19:33:11.679074
case_980,a,2025-02-24 19:38:11.679074
case_980,b,2025-02-24 19:43:11.679074
case_980,c,2025-02-24 19:48:11.679074
case_980,a,2025-02-24 19:53:11.679074
case_980,c,2025-02-24 19:58:11.679074
case_980,c,2025-02-24 20:03:11.679074
case_980,a,2025-02-24 20:08:11.679074
case_980,c,2025-02-24 20:13:11.679074
case_980,a,2025-02-24 20:18:11.679074
case_980,b,2025-02-24 20:23:11.679074
case_980,c,2025-02-24 20:28:11.679074
case_980,b,2025-02-24 20:33:11.679074
case_980,a,2025-02-24 20:38:11.679074
case_980,b,2025-02-24 20:43:11.679074
case_980,c,2025-02-24 20:48:11.679074
case_980,c,2025-02-24 20:53:11.679074
case_980,b,2025-02-24 20:58:11.679074
case_980,a,2025-02-24 21:03:11.679074
case_981,a,2025-02-24 19:28:11.679104
case_981,c,2025-02-24 19:33:11.679104
case_981,c,2025-02-24 19:38:11.679104
case_981,b,2025-02-24 19:43:11.679104
case_981,a,2025-02-24 19:48:11.679104
case_981,b,2025-02-24 19:53:11.679104
case_981,a,2025-02-24 19:58:11.679104
case_981,b,2025-02-24 20:03:11.679104
case_981,c,2025-02-24 20:08:11.679104
case_981,a,2025-02-24 20:13:11.679104
case_981,c,2025-02-24 20:18:11.679104
case_981,b,2025-02-24 20:23:11.679104
case_981,a,2025-02-24 20:28:11.679104
case_981,a,2025-02-24 20:33:11.679104
case_981,b,2025-02-24 20:38:11.679104
case_981,c,2025-02-24 20:43:11.679104
case_981,a,2025-02-24 20:48:11.679104
case_981,b,2025-02-24 20:53:11.679104
case_981,a,2025-02-24 20:58:11.679104
case_981,a,2025-02-24 21:03:11.679104
case_982,c,2025-02-24 19:28:11.679134
case_982,b,2025-02-24 19:33:11.679134
case_982,c,2025-02-24 19:38:11.679134
case_982,a,2025-02-24 19:43:11.679134
case_982,a,2025-02-24 19:48:11.679134
case_982,b,2025-02-24 19:53:11.679134
case_982,c,2025-02-24 19:58:11.679134
case_982,c,2025-02-24 20:03:11.679134
case_982,a,2025-02-24 20:08:11.679134
case_982,c,2025-02-24 20:13:11.679134
case_982,a,2025-02-24 20:18:11.679134
case_982,b,2025-02-24 20:23:11.679134
case_982,a,2025-02-24 20:28:11.679134
case_982,c,2025-02-24 20:33:11.679134
case_982,c,2025-02-24 20:38:11.679134
case_982,c,2025-02-24 20:43:11.679134
case_982,b,2025-02-24 20:48:11.679134
case_982,a,2025-02-24 20:53:11.679134
case_982,c,2025-02-24 20:58:11.679134
case_982,a,2025-02-24 21:03:11.679134
case_983,a,2025-02-24 19:28:11.679164
case_983,a,2025-02-24 19:33:11.679164
case_983,b,2025-02-24 19:38:11.679164
case_983,a,2025-02-24 19:43:11.679164
case_983,b,2025-02-24 19:48:11.679164
case_983,a,2025-02-24 19:53:11.679164
case_983,a,2025-02-24 19:58:11.679164
case_983,c,2025-02-24 20:03:11.679164
case_983,a,2025-02-24 20:08:11.679164
case_983,a,2025-02-24 20:13:11.679164
case_983,c,2025-02-24 20:18:11.679164
case_983,b,2025-02-24 20:23:11.679164
case_983,c,2025-02-24 20:28:11.679164
case_983,c,2025-02-24 20:33:11.679164
case_983,c,2025-02-24 20:38:11.679164
case_983,c,2025-02-24 20:43:11.679164
case_983,b,2025-02-24 20:48:11.679164
case_983,a,2025-02-24 20:53:11.679164
case_983,b,2025-02-24 20:58:11.679164
case_983,c,2025-02-24 21:03:11.679164
case_984,a,2025-02-24 19:28:11.679195
case_984,a,2025-02-24 19:33:11.679195
case_984,a,2025-02-24 19:38:11.679195
case_984,c,2025-02-24 19:43:11.679195
case_984,b,2025-02-24 19:48:11.679195
case_984,a,2025-02-24 19:53:11.679195
case_984,b,2025-02-24 19:58:11.679195
case_984,a,2025-02-24 20:03:11.679195
case_984,a,2025-02-24 20:08:11.679195
case_984,b,2025-02-24 20:13:11.679195
case_984,c,2025-02-24 20:18:11.679195
case_984,b,2025-02-24 20:23:11.679195
case_984,a,2025-02-24 20:28:11.679195
case_984,b,2025-02-24 20:33:11.679195
case_984,c,2025-02-24 20:38:11.679195
case_984,a,2025-02-24 20:43:11.679195
case_984,b,2025-02-24 20:48:11.679195
case_984,a,2025-02-24 20:53:11.679195
case_984,b,2025-02-24 20:58:11.679195
case_984,a,2025-02-24 21:03:11.679195
case_985,c,2025-02-24 19:28:11.679225
case_985,a,2025-02-24 19:33:11.679225
case_985,b,2025-02-24 19:38:11.679225
case_985,c,2025-02-24 19:43:11.679225
case_985,a,2025-02-24 19:48:11.679225
case_985,a,2025-02-24 19:53:11.679225
case_985,c,2025-02-24 19:58:11.679225
case_985,b,2025-02-24 20:03:11.679225
case_985,a,2025-02-24 20:08:11.679225
case_985,b,2025-02-24 20:13:11.679225
case_985,c,2025-02-24 20:18:11.679225
case_985,b,2025-02-24 20:23:11.679225
case_985,a,2025-02-24 20:28:11.679225
case_985,c,2025-02-24 20:33:11.679225
case_985,c,2025-02-24 20:38:11.679225
case_985,a,2025-02-24 20:43:11.679225
case_985,a,2025-02-24 20:48:11.679225
case_985,a,2025-02-24 20:53:11.679225
case_985,c,2025-02-24 20:58:11.679225
case_985,a,2025-02-24 21:03:11.679225
case_986,a,2025-02-24 19:28:11.679255
case_986,c,2025-02-24 19:33:11.679255
case_986,c,2025-02-24 19:38:11.679255
case_986,b,2025-02-24 19:43:11.679255
case_986,c,2025-02-24 19:48:11.679255
case_986,b,2025-02-24 19:53:11.679255
case_986,a,2025-02-24 19:58:11.679255
case_986,b,2025-02-24 20:03:11.679255
case_986,a,2025-02-24 20:08:11.679255
case_986,c,2025-02-24 20:13:11.679255
case_986,a,2025-02-24 20:18:11.679255
case_986,b,2025-02-24 20:23:11.679255
case_986,c,2025-02-24 20:28:11.679255
case_986,a,2025-02-24 20:33:11.679255
case_986,b,2025-02-24 20:38:11.679255
case_986,a,2025-02-24 20:43:11.679255
case_986,c,2025-02-24 20:48:11.679255
case_986,b,2025-02-24 20:53:11.679255
case_986,c,2025-02-24 20:58:11.679255
case_986,a,2025-02-24 21:03:11.679255
case_987,a,2025-02-24 19:28:11.679286
case_987,c,2025-02-24 19:33:11.679286
case_987,b,2025-02-24 19:38:11.679286
case_987,a,2025-02-24 19:43:11.679286
case_987,b,2025-02-24 19:48:11.679286
case_987,a,2025-02-24 19:53:11.679286
case_987,c,2025-02-24 19:58:11.679286
case_987,b,2025-02-24 20:03:11.679286
case_987,a,2025-02-24 20:08:11.679286
case_987,a,2025-02-24 20:13:11.679286
case_987,b,2025-02-24 20:18:11.679286
case_987,c,2025-02-24 20:23:11.679286
case_987,c,2025-02-24 20:28:11.679286
case_987,a,2025-02-24 20:33:11.679286
case_987,a,2025-02-24 20:38:11.679286
case_987,b,2025-02-24 20:43:11.679286
case_987,c,2025-02-24 20:48:11.679286
case_987,c,2025-02-24 20:53:11.679286
case_987,b,2025-02-24 20:58:11.679286
case_987,c,2025-02-24 21:03:11.679286
case_988,a,2025-02-24 19:28:11.679316
case_988,a,2025-02-24 19:33:11.679316
case_988,c,2025-02-24 19:38:11.679316
case_988,b,2025-02-24 19:43:11.679316
case_988,a,2025-02-24 19:48:11.679316
case_988,a,2025-02-24 19:53:11.679316
case_988,a,2025-02-24 19:58:11.679316
case_988,c,2025-02-24 20:03:11.679316
case_988,a,2025-02-24 20:08:11.679316
case_988,b,2025-02-24 20:13:11.679316
case_988,c,2025-02-24 20:18:11.679316
case_988,c,2025-02-24 20:23:11.679316
case_988,c,2025-02-24 20:28:11.679316
case_988,a,2025-02-24 20:33:11.679316
case_988,c,2025-02-24 20:38:11.679316
case_988,c,2025-02-24 20:43:11.679316
case_988,b,2025-02-24 20:48:11.679316
case_988,a,2025-02-24 20:53:11.679316
case_988,a,2025-02-24 20:58:11.679316
case_988,c,2025-02-24 21:03:11.679316
case_989,a,2025-02-24 19:28:11.679349
case_989,c,2025-02-24 19:33:11.679349
case_989,c,2025-02-24 19:38:11.679349
case_989,a,2025-02-24 19:43:11.679349
case_989,c,2025-02-24 19:48:11.679349
case_989,b,2025-02-24 19:53:11.679349
case_989,c,2025-02-24 19:58:11.679349
case_989,b,2025-02-24 20:03:11.679349
case_989,c,2025-02-24 20:08:11.679349
case_989,a,2025-02-24 20:13:11.679349
case_989,b,2025-02-24 20:18:11.679349
case_989,a,2025-02-24 20:23:11.679349
case_989,c,2025-02-24 20:28:11.679349
case_989,c,2025-02-24 20:33:11.679349
case_989,b,2025-02-24 20:38:11.679349
case_989,a,2025-02-24 20:43:11.679349
case_989,a,2025-02-24 20:48:11.679349
case_989,c,2025-02-24 20:53:11.679349
case_989,c,2025-02-24 20:58:11.679349
case_989,c,2025-02-24 21:03:11.679349
case_990,c,2025-02-24 19:28:11.679379
case_990,b,2025-02-24 19:33:11.679379
case_990,b,2025-02-24 19:38:11.679379
case_990,b,2025-02-24 19:43:11.679379
case_990,c,2025-02-24 19:48:11.679379
case_990,b,2025-02-24 19:53:11.679379
case_990,c,2025-02-24 19:58:11.679379
case_990,c,2025-02-24 20:03:11.679379
case_990,b,2025-02-24 20:08:11.679379
case_990,c,2025-02-24 20:13:11.679379
case_990,c,2025-02-24 20:18:11.679379
case_990,b,2025-02-24 20:23:11.679379
case_990,b,2025-02-24 20:28:11.679379
case_990,c,2025-02-24 20:33:11.679379
case_990,b,2025-02-24 20:38:11.679379
case_990,b,2025-02-24 20:43:11.679379
case_990,b,2025-02-24 20:48:11.679379
case_990,c,2025-02-24 20:53:11.679379
case_990,b,2025-02-24 20:58:11.679379
case_990,b,2025-02-24 21:03:11.679379
case_991,b,2025-02-24 19:28:11.679409
case_991,b,2025-02-24 19:33:11.679409
case_991,c,2025-02-24 19:38:11.679409
case_991,c,2025-02-24 19:43:11.679409
case_991,b,2025-02-24 19:48:11.679409
case_991,c,2025-02-24 19:53:11.679409
case_991,c,2025-02-24 19:58:11.679409
case_991,c,2025-02-24 20:03:11.679409
case_991,b,2025-02-24 20:08:11.679409
case_991,b,2025-02-24 20:13:11.679409
case_991,c,2025-02-24 20:18:11.679409
case_991,c,2025-02-24 20:23:11.679409
case_991,b,2025-02-24 20:28:11.679409
case_991,b,2025-02-24 20:33:11.679409
case_991,b,2025-02-24 20:38:11.679409
case_991,c,2025-02-24 20:43:11.679409
case_991,c,2025-02-24 20:48:11.679409
case_991,c,2025-02-24 20:53:11.679409
case_991,c,2025-02-24 20:58:11.679409
case_991,b,2025-02-24 21:03:11.679409
case_992,b,2025-02-24 19:28:11.679440
case_992,b,2025-02-24 19:33:11.679440
case_992,b,2025-02-24 19:38:11.679440
case_992,c,2025-02-24 19:43:11.679440
case_992,b,2025-02-24 19:48:11.679440
case_992,b,2025-02-24 19:53:11.679440
case_992,b,2025-02-24 19:58:11.679440
case_992,c,2025-02-24 20:03:11.679440
case_992,c,2025-02-24 20:08:11.679440
case_992,c,2025-02-24 20:13:11.679440
case_992,c,2025-02-24 20:18:11.679440
case_992,b,2025-02-24 20:23:11.679440
case_992,c,2025-02-24 20:28:11.679440
case_992,b,2025-02-24 20:33:11.679440
case_992,b,2025-02-24 20:38:11.679440
case_992,c,2025-02-24 20:43:11.679440
case_992,b,2025-02-24 20:48:11.679440
case_992,b,2025-02-24 20:53:11.679440
case_992,c,2025-02-24 20:58:11.679440
case_992,b,2025-02-24 21:03:11.679440
case_993,c,2025-02-24 19:28:11.679470
case_993,c,2025-02-24 19:33:11.679470
case_993,c,2025-02-24 19:38:11.679470
case_993,b,2025-02-24 19:43:11.679470
case_993,b,2025-02-24 19:48:11.679470
case_993,b,2025-02-24 19:53:11.679470
case_993,c,2025-02-24 19:58:11.679470
case_993,c,2025-02-24 20:03:11.679470
case_993,b,2025-02-24 20:08:11.679470
case_993,b,2025-02-24 20:13:11.679470
case_993,c,2025-02-24 20:18:11.679470
case_993,b,2025-02-24 20:23:11.679470
case_993,c,2025-02-24 20:28:11.679470
case_993,b,2025-02-24 20:33:11.679470
case_993,c,2025-02-24 20:38:11.679470
case_993,c,2025-02-24 20:43:11.679470
case_993,b,2025-02-24 20:48:11.679470
case_993,c,2025-02-24 20:53:11.679470
case_993,c,2025-02-24 20:58:11.679470
case_993,c,2025-02-24 21:03:11.679470
case_994,c,2025-02-24 19:28:11.679500
case_994,b,2025-02-24 19:33:11.679500
case_994,c,2025-02-24 19:38:11.679500
case_994,b,2025-02-24 19:43:11.679500
case_994,c,2025-02-24 19:48:11.679500
case_994,c,2025-02-24 19:53:11.679500
case_994,b,2025-02-24 19:58:11.679500
case_994,c,2025-02-24 20:03:11.679500
case_994,c,2025-02-24 20:08:11.679500
case_994,b,2025-02-24 20:13:11.679500
case_994,c,2025-02-24 20:18:11.679500
case_994,c,2025-02-24 20:23:11.679500
case_994,b,2025-02-24 20:28:11.679500
case_994,c,2025-02-24 20:33:11.679500
case_994,c,2025-02-24 20:38:11.679500
case_994,b,2025-02-24 20:43:11.679500
case_994,c,2025-02-24 20:48:11.679500
case_994,c,2025-02-24 20:53:11.679500
case_994,c,2025-02-24 20:58:11.679500
case_994,b,2025-02-24 21:03:11.679500
case_995,c,2025-02-24 19:28:11.679531
case_995,b,2025-02-24 19:33:11.679531
case_995,b,2025-02-24 19:38:11.679531
case_995,c,2025-02-24 19:43:11.679531
case_995,b,2025-02-24 19:48:11.679531
case_995,b,2025-02-24 19:53:11.679531
case_995,c,2025-02-24 19:58:11.679531
case_995,b,2025-02-24 20:03:11.679531
case_995,c,2025-02-24 20:08:11.679531
case_995,b,2025-02-24 20:13:11.679531
case_995,b,2025-02-24 20:18:11.679531
case_995,c,2025-02-24 20:23:11.679531
case_995,b,2025-02-24 20:28:11.679531
case_995,c,2025-02-24 20:33:11.679531
case_995,b,2025-02-24 20:38:11.679531
case_995,b,2025-02-24 20:43:11.679531
case_995,b,2025-02-24 20:48:11.679531
case_995,c,2025-02-24 20:53:11.679531
case_995,b,2025-02-24 20:58:11.679531
case_995,c,2025-02-24 21:03:11.679531
case_996,c,2025-02-24 19:28:11.679561
case_996,b,2025-02-24 19:33:11.679561
case_996,c,2025-02-24 19:38:11.679561
case_996,b,2025-02-24 19:43:11.679561
case_996,c,2025-02-24 19:48:11.679561
case_996,b,2025-02-24 19:53:11.679561
case_996,c,2025-02-24 19:58:11.679561
case_996,b,2025-02-24 20:03:11.679561
case_996,c,2025-02-24 20:08:11.679561
case_996,b,2025-02-24 20:13:11.679561
case_996,c,2025-02-24 20:18:11.679561
case_996,b,2025-02-24 20:23:11.679561
case_996,c,2025-02-24 20:28:11.679561
case_996,b,2025-02-24 20:33:11.679561
case_996,c,2025-02-24 20:38:11.679561
case_996,b,2025-02-24 20:43:11.679561
case_996,c,2025-02-24 20:48:11.679561
case_996,b,2025-02-24 20:53:11.679561
case_996,c,2025-02-24 20:58:11.679561
case_996,b,2025-02-24 21:03:11.679561
case_997,c,2025-02-24 19:28:11.679591
case_997,b,2025-02-24 19:33:11.679591
case_997,b,2025-02-24 19:38:11.679591
case_997,b,2025-02-24 19:43:11.679591
case_997,c,2025-02-24 19:48:11.679591
case_997,b,2025-02-24 19:53:11.679591
case_997,c,2025-02-24 19:58:11.679591
case_997,b,2025-02-24 20:03:11.679591
case_997,b,2025-02-24 20:08:11.679591
case_997,b,2025-02-24 20:13:11.679591
case_997,b,2025-02-24 20:18:11.679591
case_997,c,2025-02-24 20:23:11.679591
case_997,b,2025-02-24 20:28:11.679591
case_997,c,2025-02-24 20:33:11.679591
case_997,b,2025-02-24 20:38:11.679591
case_997,c,2025-02-24 20:43:11.679591
case_997,b,2025-02-24 20:48:11.679591
case_997,b,2025-02-24 20:53:11.679591
case_997,c,2025-02-24 20:58:11.679591
case_997,b,2025-02-24 21:03:11.679591
case_998,b,2025-02-24 19:28:11.679622
case_998,a,2025-02-24 19:33:11.679622
case_998,a,2025-02-24 19:38:11.679622
case_998,c,2025-02-24 19:43:11.679622
case_998,a,2025-02-24 19:48:11.679622
case_998,a,2025-02-24 19:53:11.679622
case_998,c,2025-02-24 19:58:11.679622
case_998,a,2025-02-24 20:03:11.679622
case_998,c,2025-02-24 20:08:11.679622
case_998,a,2025-02-24 20:13:11.679622
case_998,a,2025-02-24 20:18:11.679622
case_998,a,2025-02-24 20:23:11.679622
case_998,c,2025-02-24 20:28:11.679622
case_998,a,2025-02-24 20:33:11.679622
case_998,a,2025-02-24 20:38:11.679622
case_998,c,2025-02-24 20:43:11.679622
case_998,a,2025-02-24 20:48:11.679622
case_998,a,2025-02-24 20:53:11.679622
case_998,c,2025-02-24 20:58:11.679622
case_998,a,2025-02-24 21:03:11.679622
case_999,c,2025-02-24 19:28:11.679652
case_999,b,2025-02-24 19:33:11.679652
case_999,b,2025-02-24 19:38:11.679652
case_999,b,2025-02-24 19:43:11.679652
case_999,a,2025-02-24 19:48:11.679652
case_999,a,2025-02-24 19:53:11.679652
case_999,c,2025-02-24 19:58:11.679652
case_999,a,2025-02-24 20:03:11.679652
case_999,a,2025-02-24 20:08:11.679652
case_999,c,2025-02-24 20:13:11.679652
case_999,a,2025-02-24 20:18:11.679652
case_999,c,2025-02-24 20:23:11.679652
case_999,a,2025-02-24 20:28:11.679652
case_999,a,2025-02-24 20:33:11.679652
case_999,c,2025-02-24 20:38:11.679652
case_999,a,2025-02-24 20:43:11.679652
case_999,a,2025-02-24 20:48:11.679652
case_999,c,2025-02-24 20:53:11.679652
case_999,a,2025-02-24 20:58:11.679652
case_999,a,2025-02-24 21:03:11.679652
