{
    "loss": 0.35611629040389686,
    "acc": 0.5874049663543701,
    "dld": 7.916666507720947,
    "norm_dld": 0.3433799743652344
}
