{
    "loss": 0.12293328513553592,
    "acc": 0.8490771055221558,
    "dld": 2.8958332538604736,
    "norm_dld": 0.12848322093486786
}
