{
    "loss": 1.104371099730246,
    "acc": 0.8575976490974426,
    "dld": 1.262071132659912,
    "norm_dld": 0.14190375804901123
}
