{
    "loss": 0.24900357274521162,
    "acc": 0.8444564342498779,
    "dld": 2.609090805053711,
    "norm_dld": 0.14266665279865265
}
