{
    "loss": 0.3346229933818141,
    "acc": 0.5601195096969604,
    "dld": 9.203125,
    "norm_dld": 0.3967190980911255
}
