{
    "loss": 0.3069742302881599,
    "acc": 0.5631067752838135,
    "dld": 9.140625,
    "norm_dld": 0.31978633999824524
}
