{
    "loss": 0.17247815323325114,
    "acc": 0.8513815999031067,
    "dld": 3.078125,
    "norm_dld": 0.10806334018707275
}
