{
    "loss": 0.4735042819031867,
    "acc": 0.4115092158317566,
    "dld": 11.291666984558105,
    "norm_dld": 0.5280444622039795
}
