{
    "loss": 0.1405525940300866,
    "acc": 0.8748917579650879,
    "dld": 2.2061069011688232,
    "norm_dld": 0.12303172051906586
}
