{
    "loss": 0.33202759837055756,
    "acc": 0.5489171147346497,
    "dld": 9.421875,
    "norm_dld": 0.4043688476085663
}
