{
    "loss": 1.0111529566287016,
    "acc": 0.8588672876358032,
    "dld": 1.2354285717010498,
    "norm_dld": 0.1383914202451706
}
