{
    "loss": 0.3204502331329312,
    "acc": 0.7486544847488403,
    "dld": 4.24545431137085,
    "norm_dld": 0.21204118430614471
}
