{
    "loss": 0.11408283778430788,
    "acc": 0.8758434653282166,
    "dld": 2.1732282638549805,
    "norm_dld": 0.1038818508386612,
    "weighted_norm_dld": 0.12415654212236404
}
