{
    "loss": 0.9959669279465131,
    "acc": 0.8595850467681885,
    "dld": 1.2285714149475098,
    "norm_dld": 0.1377227008342743
}
