{
    "loss": 0.414267347679671,
    "acc": 0.5765472054481506,
    "dld": 8.125,
    "norm_dld": 0.4187624156475067
}
