{
    "loss": 0.16481894668800856,
    "acc": 0.8648244738578796,
    "dld": 2.828125,
    "norm_dld": 0.09802721440792084
}
