{
    "loss": 0.32228324504174066,
    "acc": 0.8023887276649475,
    "dld": 3.7916667461395264,
    "norm_dld": 0.18335391581058502
}
