{
    "loss": 0.2619042971430557,
    "acc": 0.7714712619781494,
    "dld": 4.734375,
    "norm_dld": 0.16325798630714417
}
