{
    "loss": 0.2541587513191934,
    "acc": 0.8353909254074097,
    "dld": 3.076923131942749,
    "norm_dld": 0.13760623335838318
}
