{
    "loss": 1.0152194279375135,
    "acc": 0.8589892983436584,
    "dld": 1.110183596611023,
    "norm_dld": 0.14023618400096893
}
