{
    "loss": 0.2983290387120436,
    "acc": 0.7515151500701904,
    "dld": 4.366412162780762,
    "norm_dld": 0.20898447930812836
}
