{
    "loss": 0.99901631616755,
    "acc": 0.8547890782356262,
    "dld": 1.2651257514953613,
    "norm_dld": 0.1382969468832016
}
