{
    "loss": 0.5595605687407608,
    "acc": 0.40204522013664246,
    "dld": 10.100000381469727,
    "norm_dld": 0.526192307472229
}
