{
    "loss": 0.24167049588658004,
    "acc": 0.8395061492919922,
    "dld": 2.961538553237915,
    "norm_dld": 0.13156086206436157
}
