{
    "loss": 1.1087233543248658,
    "acc": 0.848186194896698,
    "dld": 1.3797709941864014,
    "norm_dld": 0.16789883375167847
}
