{
    "loss": 0.34756763729370554,
    "acc": 0.583116888999939,
    "dld": 7.343511581420898,
    "norm_dld": 0.32993316650390625
}
