{
    "loss": 0.9706322548009293,
    "acc": 0.8645269274711609,
    "dld": 1.1801495552062988,
    "norm_dld": 0.1343817114830017
}
