{
    "loss": 0.23369919125821675,
    "acc": 0.8558441400527954,
    "dld": 2.541984796524048,
    "norm_dld": 0.14035522937774658
}
