{
    "loss": 1.0402588540687332,
    "acc": 0.8599227070808411,
    "dld": 1.2417408227920532,
    "norm_dld": 0.14039592444896698
}
