{
    "loss": 0.9855421167068814,
    "acc": 0.8606103658676147,
    "dld": 1.1923412084579468,
    "norm_dld": 0.13697651028633118
}
