{
    "loss": 0.4354731615139059,
    "acc": 0.588477373123169,
    "dld": 7.692307472229004,
    "norm_dld": 0.38489359617233276
}
