{
    "loss": 0.3240992665431942,
    "acc": 0.7513455152511597,
    "dld": 4.199999809265137,
    "norm_dld": 0.20197267830371857
}
