{
    "loss": 0.3608278204200112,
    "acc": 0.5906623005867004,
    "dld": 7.854166507720947,
    "norm_dld": 0.3379112184047699
}
