{
    "loss": 0.9901297726317679,
    "acc": 0.8608654737472534,
    "dld": 1.212100625038147,
    "norm_dld": 0.14598608016967773
}
