{
    "loss": 0.4826026298507879,
    "acc": 0.4115092158317566,
    "dld": 11.291666984558105,
    "norm_dld": 0.5316034555435181
}
