{
    "loss": 0.34104385348815325,
    "acc": 0.8148148059844971,
    "dld": 3.461538553237915,
    "norm_dld": 0.16041016578674316
}
