{
    "loss": 0.21429868325135573,
    "acc": 0.8502164483070374,
    "dld": 2.6259541511535645,
    "norm_dld": 0.13756321370601654
}
