{
    "loss": 0.9893940935836872,
    "acc": 0.86149662733078,
    "dld": 1.2274459600448608,
    "norm_dld": 0.1380825638771057
}
