{
    "loss": 0.4152984884200674,
    "acc": 0.5758880376815796,
    "dld": 7.163636207580566,
    "norm_dld": 0.4281809329986572
}
