{
    "loss": 0.9206322335038917,
    "acc": 0.8850817680358887,
    "dld": 1.6668884754180908,
    "norm_dld": 0.12605491280555725
}
