{
    "loss": 0.1462947770246424,
    "acc": 0.8727272748947144,
    "dld": 2.244274854660034,
    "norm_dld": 0.1243499144911766
}
