{
    "loss": 0.3635319004713509,
    "acc": 0.5826839804649353,
    "dld": 7.343511581420898,
    "norm_dld": 0.4250560402870178
}
