{
    "loss": 0.3772876185317397,
    "acc": 0.5866523385047913,
    "dld": 6.981818199157715,
    "norm_dld": 0.31735771894454956
}
