{
    "loss": 2.6560705887396163,
    "acc": 0.35749033093452454,
    "dld": 5.700127124786377,
    "norm_dld": 0.6127147674560547
}
