{
    "loss": 0.3829727728503296,
    "acc": 0.5946502089500427,
    "dld": 7.57692289352417,
    "norm_dld": 0.3116230368614197
}
