{
    "loss": 0.3609894650792491,
    "acc": 0.579804539680481,
    "dld": 8.0625,
    "norm_dld": 0.4130704402923584
}
