{
    "loss": 0.16574486965334706,
    "acc": 0.8513815999031067,
    "dld": 3.109375,
    "norm_dld": 0.10546768456697464
}
