{
    "loss": 0.22329655383374164,
    "acc": 0.8614718317985535,
    "dld": 2.419847249984741,
    "norm_dld": 0.12499035894870758
}
