{
    "loss": 0.14338347471749524,
    "acc": 0.8541442155838013,
    "dld": 2.4636363983154297,
    "norm_dld": 0.1343173235654831
}
