{
    "loss": 1.0857737987922293,
    "acc": 0.841895580291748,
    "dld": 1.4370229244232178,
    "norm_dld": 0.16728313267230988
}
