{
    "loss": 0.51294782612628,
    "acc": 0.4074273407459259,
    "dld": 10.0090913772583,
    "norm_dld": 0.5101331472396851
}
