{
    "loss": 0.9777293282223638,
    "acc": 0.8609658479690552,
    "dld": 1.189730167388916,
    "norm_dld": 0.13694298267364502
}
