{
    "loss": 0.2923528849081366,
    "acc": 0.5631067752838135,
    "dld": 9.140625,
    "norm_dld": 0.39363089203834534
}
