{
    "loss": 0.41310822595112834,
    "acc": 0.5699588656425476,
    "dld": 8.038461685180664,
    "norm_dld": 0.3966107964515686
}
