{
    "loss": 0.952729027711999,
    "acc": 0.8630467653274536,
    "dld": 1.1923861503601074,
    "norm_dld": 0.1343659907579422
}
