case:concept:name,concept:name,time:timestamp
case_0,b,2025-02-24 19:28:10.598298
case_0,a,2025-02-24 19:33:10.598298
case_0,b,2025-02-24 19:38:10.598298
case_0,c,2025-02-24 19:43:10.598298
case_0,a,2025-02-24 19:48:10.598298
case_0,b,2025-02-24 19:53:10.598298
case_0,a,2025-02-24 19:58:10.598298
case_0,b,2025-02-24 20:03:10.598298
case_0,a,2025-02-24 20:08:10.598298
case_0,b,2025-02-24 20:13:10.598298
case_0,c,2025-02-24 20:18:10.598298
case_0,b,2025-02-24 20:23:10.598298
case_0,c,2025-02-24 20:28:10.598298
case_0,a,2025-02-24 20:33:10.598298
case_0,b,2025-02-24 20:38:10.598298
case_0,a,2025-02-24 20:43:10.598298
case_0,b,2025-02-24 20:48:10.598298
case_0,c,2025-02-24 20:53:10.598298
case_0,c,2025-02-24 20:58:10.598298
case_0,a,2025-02-24 21:03:10.598298
case_1,c,2025-02-24 19:28:10.598344
case_1,b,2025-02-24 19:33:10.598344
case_1,b,2025-02-24 19:38:10.598344
case_1,b,2025-02-24 19:43:10.598344
case_1,b,2025-02-24 19:48:10.598344
case_1,c,2025-02-24 19:53:10.598344
case_1,a,2025-02-24 19:58:10.598344
case_1,b,2025-02-24 20:03:10.598344
case_1,c,2025-02-24 20:08:10.598344
case_1,b,2025-02-24 20:13:10.598344
case_1,a,2025-02-24 20:18:10.598344
case_1,b,2025-02-24 20:23:10.598344
case_1,b,2025-02-24 20:28:10.598344
case_1,c,2025-02-24 20:33:10.598344
case_1,a,2025-02-24 20:38:10.598344
case_1,b,2025-02-24 20:43:10.598344
case_1,c,2025-02-24 20:48:10.598344
case_1,c,2025-02-24 20:53:10.598344
case_1,b,2025-02-24 20:58:10.598344
case_1,a,2025-02-24 21:03:10.598344
case_2,a,2025-02-24 19:28:10.598375
case_2,b,2025-02-24 19:33:10.598375
case_2,b,2025-02-24 19:38:10.598375
case_2,a,2025-02-24 19:43:10.598375
case_2,b,2025-02-24 19:48:10.598375
case_2,b,2025-02-24 19:53:10.598375
case_2,b,2025-02-24 19:58:10.598375
case_2,c,2025-02-24 20:03:10.598375
case_2,b,2025-02-24 20:08:10.598375
case_2,b,2025-02-24 20:13:10.598375
case_2,a,2025-02-24 20:18:10.598375
case_2,b,2025-02-24 20:23:10.598375
case_2,c,2025-02-24 20:28:10.598375
case_2,b,2025-02-24 20:33:10.598375
case_2,a,2025-02-24 20:38:10.598375
case_2,b,2025-02-24 20:43:10.598375
case_2,b,2025-02-24 20:48:10.598375
case_2,c,2025-02-24 20:53:10.598375
case_2,c,2025-02-24 20:58:10.598375
case_2,a,2025-02-24 21:03:10.598375
case_3,b,2025-02-24 19:28:10.598407
case_3,a,2025-02-24 19:33:10.598407
case_3,b,2025-02-24 19:38:10.598407
case_3,b,2025-02-24 19:43:10.598407
case_3,b,2025-02-24 19:48:10.598407
case_3,b,2025-02-24 19:53:10.598407
case_3,c,2025-02-24 19:58:10.598407
case_3,b,2025-02-24 20:03:10.598407
case_3,b,2025-02-24 20:08:10.598407
case_3,a,2025-02-24 20:13:10.598407
case_3,b,2025-02-24 20:18:10.598407
case_3,a,2025-02-24 20:23:10.598407
case_3,b,2025-02-24 20:28:10.598407
case_3,a,2025-02-24 20:33:10.598407
case_3,b,2025-02-24 20:38:10.598407
case_3,c,2025-02-24 20:43:10.598407
case_3,c,2025-02-24 20:48:10.598407
case_3,c,2025-02-24 20:53:10.598407
case_3,b,2025-02-24 20:58:10.598407
case_3,a,2025-02-24 21:03:10.598407
case_4,a,2025-02-24 19:28:10.598437
case_4,b,2025-02-24 19:33:10.598437
case_4,c,2025-02-24 19:38:10.598437
case_4,c,2025-02-24 19:43:10.598437
case_4,b,2025-02-24 19:48:10.598437
case_4,b,2025-02-24 19:53:10.598437
case_4,a,2025-02-24 19:58:10.598437
case_4,b,2025-02-24 20:03:10.598437
case_4,c,2025-02-24 20:08:10.598437
case_4,c,2025-02-24 20:13:10.598437
case_4,c,2025-02-24 20:18:10.598437
case_4,c,2025-02-24 20:23:10.598437
case_4,c,2025-02-24 20:28:10.598437
case_4,b,2025-02-24 20:33:10.598437
case_4,c,2025-02-24 20:38:10.598437
case_4,a,2025-02-24 20:43:10.598437
case_4,b,2025-02-24 20:48:10.598437
case_4,c,2025-02-24 20:53:10.598437
case_4,b,2025-02-24 20:58:10.598437
case_4,a,2025-02-24 21:03:10.598437
case_5,a,2025-02-24 19:28:10.598467
case_5,b,2025-02-24 19:33:10.598467
case_5,c,2025-02-24 19:38:10.598467
case_5,b,2025-02-24 19:43:10.598467
case_5,c,2025-02-24 19:48:10.598467
case_5,a,2025-02-24 19:53:10.598467
case_5,b,2025-02-24 19:58:10.598467
case_5,a,2025-02-24 20:03:10.598467
case_5,b,2025-02-24 20:08:10.598467
case_5,b,2025-02-24 20:13:10.598467
case_5,b,2025-02-24 20:18:10.598467
case_5,b,2025-02-24 20:23:10.598467
case_5,a,2025-02-24 20:28:10.598467
case_5,b,2025-02-24 20:33:10.598467
case_5,c,2025-02-24 20:38:10.598467
case_5,c,2025-02-24 20:43:10.598467
case_5,c,2025-02-24 20:48:10.598467
case_5,b,2025-02-24 20:53:10.598467
case_5,c,2025-02-24 20:58:10.598467
case_5,a,2025-02-24 21:03:10.598467
case_6,b,2025-02-24 19:28:10.598499
case_6,b,2025-02-24 19:33:10.598499
case_6,a,2025-02-24 19:38:10.598499
case_6,b,2025-02-24 19:43:10.598499
case_6,a,2025-02-24 19:48:10.598499
case_6,b,2025-02-24 19:53:10.598499
case_6,a,2025-02-24 19:58:10.598499
case_6,b,2025-02-24 20:03:10.598499
case_6,b,2025-02-24 20:08:10.598499
case_6,b,2025-02-24 20:13:10.598499
case_6,a,2025-02-24 20:18:10.598499
case_6,b,2025-02-24 20:23:10.598499
case_6,b,2025-02-24 20:28:10.598499
case_6,a,2025-02-24 20:33:10.598499
case_6,b,2025-02-24 20:38:10.598499
case_6,c,2025-02-24 20:43:10.598499
case_6,b,2025-02-24 20:48:10.598499
case_6,c,2025-02-24 20:53:10.598499
case_6,c,2025-02-24 20:58:10.598499
case_6,a,2025-02-24 21:03:10.598499
case_7,c,2025-02-24 19:28:10.598529
case_7,a,2025-02-24 19:33:10.598529
case_7,b,2025-02-24 19:38:10.598529
case_7,c,2025-02-24 19:43:10.598529
case_7,c,2025-02-24 19:48:10.598529
case_7,b,2025-02-24 19:53:10.598529
case_7,c,2025-02-24 19:58:10.598529
case_7,b,2025-02-24 20:03:10.598529
case_7,b,2025-02-24 20:08:10.598529
case_7,a,2025-02-24 20:13:10.598529
case_7,b,2025-02-24 20:18:10.598529
case_7,b,2025-02-24 20:23:10.598529
case_7,c,2025-02-24 20:28:10.598529
case_7,b,2025-02-24 20:33:10.598529
case_7,b,2025-02-24 20:38:10.598529
case_7,c,2025-02-24 20:43:10.598529
case_7,a,2025-02-24 20:48:10.598529
case_7,b,2025-02-24 20:53:10.598529
case_7,b,2025-02-24 20:58:10.598529
case_7,a,2025-02-24 21:03:10.598529
case_8,c,2025-02-24 19:28:10.598559
case_8,a,2025-02-24 19:33:10.598559
case_8,b,2025-02-24 19:38:10.598559
case_8,a,2025-02-24 19:43:10.598559
case_8,b,2025-02-24 19:48:10.598559
case_8,a,2025-02-24 19:53:10.598559
case_8,b,2025-02-24 19:58:10.598559
case_8,a,2025-02-24 20:03:10.598559
case_8,b,2025-02-24 20:08:10.598559
case_8,b,2025-02-24 20:13:10.598559
case_8,b,2025-02-24 20:18:10.598559
case_8,a,2025-02-24 20:23:10.598559
case_8,b,2025-02-24 20:28:10.598559
case_8,c,2025-02-24 20:33:10.598559
case_8,b,2025-02-24 20:38:10.598559
case_8,c,2025-02-24 20:43:10.598559
case_8,b,2025-02-24 20:48:10.598559
case_8,c,2025-02-24 20:53:10.598559
case_8,c,2025-02-24 20:58:10.598559
case_8,a,2025-02-24 21:03:10.598559
case_9,c,2025-02-24 19:28:10.598589
case_9,c,2025-02-24 19:33:10.598589
case_9,a,2025-02-24 19:38:10.598589
case_9,b,2025-02-24 19:43:10.598589
case_9,a,2025-02-24 19:48:10.598589
case_9,b,2025-02-24 19:53:10.598589
case_9,b,2025-02-24 19:58:10.598589
case_9,c,2025-02-24 20:03:10.598589
case_9,a,2025-02-24 20:08:10.598589
case_9,b,2025-02-24 20:13:10.598589
case_9,c,2025-02-24 20:18:10.598589
case_9,c,2025-02-24 20:23:10.598589
case_9,b,2025-02-24 20:28:10.598589
case_9,c,2025-02-24 20:33:10.598589
case_9,c,2025-02-24 20:38:10.598589
case_9,a,2025-02-24 20:43:10.598589
case_9,b,2025-02-24 20:48:10.598589
case_9,c,2025-02-24 20:53:10.598589
case_9,c,2025-02-24 20:58:10.598589
case_9,a,2025-02-24 21:03:10.598589
case_10,c,2025-02-24 19:28:10.598619
case_10,b,2025-02-24 19:33:10.598619
case_10,c,2025-02-24 19:38:10.598619
case_10,b,2025-02-24 19:43:10.598619
case_10,c,2025-02-24 19:48:10.598619
case_10,b,2025-02-24 19:53:10.598619
case_10,a,2025-02-24 19:58:10.598619
case_10,b,2025-02-24 20:03:10.598619
case_10,c,2025-02-24 20:08:10.598619
case_10,b,2025-02-24 20:13:10.598619
case_10,b,2025-02-24 20:18:10.598619
case_10,a,2025-02-24 20:23:10.598619
case_10,b,2025-02-24 20:28:10.598619
case_10,c,2025-02-24 20:33:10.598619
case_10,a,2025-02-24 20:38:10.598619
case_10,b,2025-02-24 20:43:10.598619
case_10,b,2025-02-24 20:48:10.598619
case_10,c,2025-02-24 20:53:10.598619
case_10,c,2025-02-24 20:58:10.598619
case_10,a,2025-02-24 21:03:10.598619
case_11,a,2025-02-24 19:28:10.598650
case_11,a,2025-02-24 19:33:10.598650
case_11,b,2025-02-24 19:38:10.598650
case_11,c,2025-02-24 19:43:10.598650
case_11,b,2025-02-24 19:48:10.598650
case_11,a,2025-02-24 19:53:10.598650
case_11,b,2025-02-24 19:58:10.598650
case_11,b,2025-02-24 20:03:10.598650
case_11,c,2025-02-24 20:08:10.598650
case_11,a,2025-02-24 20:13:10.598650
case_11,c,2025-02-24 20:18:10.598650
case_11,c,2025-02-24 20:23:10.598650
case_11,b,2025-02-24 20:28:10.598650
case_11,c,2025-02-24 20:33:10.598650
case_11,a,2025-02-24 20:38:10.598650
case_11,b,2025-02-24 20:43:10.598650
case_11,a,2025-02-24 20:48:10.598650
case_11,c,2025-02-24 20:53:10.598650
case_11,b,2025-02-24 20:58:10.598650
case_11,a,2025-02-24 21:03:10.598650
case_12,c,2025-02-24 19:28:10.598680
case_12,a,2025-02-24 19:33:10.598680
case_12,c,2025-02-24 19:38:10.598680
case_12,c,2025-02-24 19:43:10.598680
case_12,a,2025-02-24 19:48:10.598680
case_12,a,2025-02-24 19:53:10.598680
case_12,b,2025-02-24 19:58:10.598680
case_12,b,2025-02-24 20:03:10.598680
case_12,b,2025-02-24 20:08:10.598680
case_12,c,2025-02-24 20:13:10.598680
case_12,b,2025-02-24 20:18:10.598680
case_12,a,2025-02-24 20:23:10.598680
case_12,c,2025-02-24 20:28:10.598680
case_12,a,2025-02-24 20:33:10.598680
case_12,a,2025-02-24 20:38:10.598680
case_12,c,2025-02-24 20:43:10.598680
case_12,c,2025-02-24 20:48:10.598680
case_12,a,2025-02-24 20:53:10.598680
case_12,b,2025-02-24 20:58:10.598680
case_12,a,2025-02-24 21:03:10.598680
case_13,a,2025-02-24 19:28:10.598710
case_13,b,2025-02-24 19:33:10.598710
case_13,a,2025-02-24 19:38:10.598710
case_13,c,2025-02-24 19:43:10.598710
case_13,c,2025-02-24 19:48:10.598710
case_13,b,2025-02-24 19:53:10.598710
case_13,b,2025-02-24 19:58:10.598710
case_13,b,2025-02-24 20:03:10.598710
case_13,a,2025-02-24 20:08:10.598710
case_13,a,2025-02-24 20:13:10.598710
case_13,a,2025-02-24 20:18:10.598710
case_13,c,2025-02-24 20:23:10.598710
case_13,c,2025-02-24 20:28:10.598710
case_13,c,2025-02-24 20:33:10.598710
case_13,a,2025-02-24 20:38:10.598710
case_13,a,2025-02-24 20:43:10.598710
case_13,a,2025-02-24 20:48:10.598710
case_13,c,2025-02-24 20:53:10.598710
case_13,b,2025-02-24 20:58:10.598710
case_13,a,2025-02-24 21:03:10.598710
case_14,a,2025-02-24 19:28:10.598740
case_14,a,2025-02-24 19:33:10.598740
case_14,a,2025-02-24 19:38:10.598740
case_14,c,2025-02-24 19:43:10.598740
case_14,b,2025-02-24 19:48:10.598740
case_14,a,2025-02-24 19:53:10.598740
case_14,c,2025-02-24 19:58:10.598740
case_14,a,2025-02-24 20:03:10.598740
case_14,a,2025-02-24 20:08:10.598740
case_14,a,2025-02-24 20:13:10.598740
case_14,c,2025-02-24 20:18:10.598740
case_14,b,2025-02-24 20:23:10.598740
case_14,b,2025-02-24 20:28:10.598740
case_14,c,2025-02-24 20:33:10.598740
case_14,c,2025-02-24 20:38:10.598740
case_14,c,2025-02-24 20:43:10.598740
case_14,c,2025-02-24 20:48:10.598740
case_14,b,2025-02-24 20:53:10.598740
case_14,b,2025-02-24 20:58:10.598740
case_14,a,2025-02-24 21:03:10.598740
case_15,c,2025-02-24 19:28:10.598771
case_15,b,2025-02-24 19:33:10.598771
case_15,c,2025-02-24 19:38:10.598771
case_15,b,2025-02-24 19:43:10.598771
case_15,a,2025-02-24 19:48:10.598771
case_15,b,2025-02-24 19:53:10.598771
case_15,c,2025-02-24 19:58:10.598771
case_15,a,2025-02-24 20:03:10.598771
case_15,a,2025-02-24 20:08:10.598771
case_15,a,2025-02-24 20:13:10.598771
case_15,a,2025-02-24 20:18:10.598771
case_15,b,2025-02-24 20:23:10.598771
case_15,b,2025-02-24 20:28:10.598771
case_15,b,2025-02-24 20:33:10.598771
case_15,a,2025-02-24 20:38:10.598771
case_15,b,2025-02-24 20:43:10.598771
case_15,b,2025-02-24 20:48:10.598771
case_15,c,2025-02-24 20:53:10.598771
case_15,c,2025-02-24 20:58:10.598771
case_15,a,2025-02-24 21:03:10.598771
case_16,c,2025-02-24 19:28:10.598802
case_16,c,2025-02-24 19:33:10.598802
case_16,a,2025-02-24 19:38:10.598802
case_16,b,2025-02-24 19:43:10.598802
case_16,a,2025-02-24 19:48:10.598802
case_16,b,2025-02-24 19:53:10.598802
case_16,b,2025-02-24 19:58:10.598802
case_16,a,2025-02-24 20:03:10.598802
case_16,c,2025-02-24 20:08:10.598802
case_16,c,2025-02-24 20:13:10.598802
case_16,a,2025-02-24 20:18:10.598802
case_16,a,2025-02-24 20:23:10.598802
case_16,a,2025-02-24 20:28:10.598802
case_16,a,2025-02-24 20:33:10.598802
case_16,b,2025-02-24 20:38:10.598802
case_16,a,2025-02-24 20:43:10.598802
case_16,c,2025-02-24 20:48:10.598802
case_16,c,2025-02-24 20:53:10.598802
case_16,c,2025-02-24 20:58:10.598802
case_16,a,2025-02-24 21:03:10.598802
case_17,b,2025-02-24 19:28:10.598832
case_17,c,2025-02-24 19:33:10.598832
case_17,b,2025-02-24 19:38:10.598832
case_17,b,2025-02-24 19:43:10.598832
case_17,a,2025-02-24 19:48:10.598832
case_17,c,2025-02-24 19:53:10.598832
case_17,a,2025-02-24 19:58:10.598832
case_17,b,2025-02-24 20:03:10.598832
case_17,a,2025-02-24 20:08:10.598832
case_17,a,2025-02-24 20:13:10.598832
case_17,c,2025-02-24 20:18:10.598832
case_17,b,2025-02-24 20:23:10.598832
case_17,c,2025-02-24 20:28:10.598832
case_17,c,2025-02-24 20:33:10.598832
case_17,a,2025-02-24 20:38:10.598832
case_17,b,2025-02-24 20:43:10.598832
case_17,b,2025-02-24 20:48:10.598832
case_17,b,2025-02-24 20:53:10.598832
case_17,a,2025-02-24 20:58:10.598832
case_17,b,2025-02-24 21:03:10.598832
case_18,c,2025-02-24 19:28:10.598863
case_18,c,2025-02-24 19:33:10.598863
case_18,b,2025-02-24 19:38:10.598863
case_18,a,2025-02-24 19:43:10.598863
case_18,a,2025-02-24 19:48:10.598863
case_18,c,2025-02-24 19:53:10.598863
case_18,c,2025-02-24 19:58:10.598863
case_18,a,2025-02-24 20:03:10.598863
case_18,c,2025-02-24 20:08:10.598863
case_18,a,2025-02-24 20:13:10.598863
case_18,b,2025-02-24 20:18:10.598863
case_18,c,2025-02-24 20:23:10.598863
case_18,a,2025-02-24 20:28:10.598863
case_18,a,2025-02-24 20:33:10.598863
case_18,c,2025-02-24 20:38:10.598863
case_18,b,2025-02-24 20:43:10.598863
case_18,c,2025-02-24 20:48:10.598863
case_18,b,2025-02-24 20:53:10.598863
case_18,b,2025-02-24 20:58:10.598863
case_18,a,2025-02-24 21:03:10.598863
case_19,a,2025-02-24 19:28:10.598892
case_19,a,2025-02-24 19:33:10.598892
case_19,a,2025-02-24 19:38:10.598892
case_19,b,2025-02-24 19:43:10.598892
case_19,b,2025-02-24 19:48:10.598892
case_19,a,2025-02-24 19:53:10.598892
case_19,a,2025-02-24 19:58:10.598892
case_19,c,2025-02-24 20:03:10.598892
case_19,c,2025-02-24 20:08:10.598892
case_19,b,2025-02-24 20:13:10.598892
case_19,a,2025-02-24 20:18:10.598892
case_19,c,2025-02-24 20:23:10.598892
case_19,c,2025-02-24 20:28:10.598892
case_19,c,2025-02-24 20:33:10.598892
case_19,b,2025-02-24 20:38:10.598892
case_19,c,2025-02-24 20:43:10.598892
case_19,b,2025-02-24 20:48:10.598892
case_19,a,2025-02-24 20:53:10.598892
case_19,a,2025-02-24 20:58:10.598892
case_19,a,2025-02-24 21:03:10.598892
case_20,a,2025-02-24 19:28:10.598922
case_20,b,2025-02-24 19:33:10.598922
case_20,b,2025-02-24 19:38:10.598922
case_20,b,2025-02-24 19:43:10.598922
case_20,c,2025-02-24 19:48:10.598922
case_20,b,2025-02-24 19:53:10.598922
case_20,a,2025-02-24 19:58:10.598922
case_20,b,2025-02-24 20:03:10.598922
case_20,c,2025-02-24 20:08:10.598922
case_20,b,2025-02-24 20:13:10.598922
case_20,b,2025-02-24 20:18:10.598922
case_20,b,2025-02-24 20:23:10.598922
case_20,c,2025-02-24 20:28:10.598922
case_20,a,2025-02-24 20:33:10.598922
case_20,a,2025-02-24 20:38:10.598922
case_20,a,2025-02-24 20:43:10.598922
case_20,c,2025-02-24 20:48:10.598922
case_20,c,2025-02-24 20:53:10.598922
case_20,a,2025-02-24 20:58:10.598922
case_20,a,2025-02-24 21:03:10.598922
case_21,b,2025-02-24 19:28:10.598952
case_21,c,2025-02-24 19:33:10.598952
case_21,b,2025-02-24 19:38:10.598952
case_21,a,2025-02-24 19:43:10.598952
case_21,b,2025-02-24 19:48:10.598952
case_21,a,2025-02-24 19:53:10.598952
case_21,b,2025-02-24 19:58:10.598952
case_21,b,2025-02-24 20:03:10.598952
case_21,b,2025-02-24 20:08:10.598952
case_21,c,2025-02-24 20:13:10.598952
case_21,c,2025-02-24 20:18:10.598952
case_21,a,2025-02-24 20:23:10.598952
case_21,b,2025-02-24 20:28:10.598952
case_21,c,2025-02-24 20:33:10.598952
case_21,b,2025-02-24 20:38:10.598952
case_21,b,2025-02-24 20:43:10.598952
case_21,a,2025-02-24 20:48:10.598952
case_21,b,2025-02-24 20:53:10.598952
case_21,a,2025-02-24 20:58:10.598952
case_21,a,2025-02-24 21:03:10.598952
case_22,c,2025-02-24 19:28:10.598981
case_22,a,2025-02-24 19:33:10.598981
case_22,a,2025-02-24 19:38:10.598981
case_22,a,2025-02-24 19:43:10.598981
case_22,b,2025-02-24 19:48:10.598981
case_22,b,2025-02-24 19:53:10.598981
case_22,c,2025-02-24 19:58:10.598981
case_22,a,2025-02-24 20:03:10.598981
case_22,b,2025-02-24 20:08:10.598981
case_22,c,2025-02-24 20:13:10.598981
case_22,c,2025-02-24 20:18:10.598981
case_22,b,2025-02-24 20:23:10.598981
case_22,b,2025-02-24 20:28:10.598981
case_22,a,2025-02-24 20:33:10.598981
case_22,c,2025-02-24 20:38:10.598981
case_22,a,2025-02-24 20:43:10.598981
case_22,c,2025-02-24 20:48:10.598981
case_22,a,2025-02-24 20:53:10.598981
case_22,a,2025-02-24 20:58:10.598981
case_22,b,2025-02-24 21:03:10.598981
case_23,b,2025-02-24 19:28:10.599011
case_23,a,2025-02-24 19:33:10.599011
case_23,b,2025-02-24 19:38:10.599011
case_23,c,2025-02-24 19:43:10.599011
case_23,c,2025-02-24 19:48:10.599011
case_23,c,2025-02-24 19:53:10.599011
case_23,c,2025-02-24 19:58:10.599011
case_23,b,2025-02-24 20:03:10.599011
case_23,b,2025-02-24 20:08:10.599011
case_23,a,2025-02-24 20:13:10.599011
case_23,a,2025-02-24 20:18:10.599011
case_23,c,2025-02-24 20:23:10.599011
case_23,b,2025-02-24 20:28:10.599011
case_23,a,2025-02-24 20:33:10.599011
case_23,c,2025-02-24 20:38:10.599011
case_23,b,2025-02-24 20:43:10.599011
case_23,b,2025-02-24 20:48:10.599011
case_23,b,2025-02-24 20:53:10.599011
case_23,c,2025-02-24 20:58:10.599011
case_23,a,2025-02-24 21:03:10.599011
case_24,c,2025-02-24 19:28:10.599041
case_24,a,2025-02-24 19:33:10.599041
case_24,c,2025-02-24 19:38:10.599041
case_24,c,2025-02-24 19:43:10.599041
case_24,c,2025-02-24 19:48:10.599041
case_24,b,2025-02-24 19:53:10.599041
case_24,c,2025-02-24 19:58:10.599041
case_24,b,2025-02-24 20:03:10.599041
case_24,a,2025-02-24 20:08:10.599041
case_24,b,2025-02-24 20:13:10.599041
case_24,c,2025-02-24 20:18:10.599041
case_24,a,2025-02-24 20:23:10.599041
case_24,b,2025-02-24 20:28:10.599041
case_24,a,2025-02-24 20:33:10.599041
case_24,c,2025-02-24 20:38:10.599041
case_24,b,2025-02-24 20:43:10.599041
case_24,b,2025-02-24 20:48:10.599041
case_24,b,2025-02-24 20:53:10.599041
case_24,c,2025-02-24 20:58:10.599041
case_24,a,2025-02-24 21:03:10.599041
case_25,b,2025-02-24 19:28:10.599071
case_25,c,2025-02-24 19:33:10.599071
case_25,b,2025-02-24 19:38:10.599071
case_25,b,2025-02-24 19:43:10.599071
case_25,c,2025-02-24 19:48:10.599071
case_25,a,2025-02-24 19:53:10.599071
case_25,c,2025-02-24 19:58:10.599071
case_25,b,2025-02-24 20:03:10.599071
case_25,c,2025-02-24 20:08:10.599071
case_25,b,2025-02-24 20:13:10.599071
case_25,a,2025-02-24 20:18:10.599071
case_25,c,2025-02-24 20:23:10.599071
case_25,a,2025-02-24 20:28:10.599071
case_25,c,2025-02-24 20:33:10.599071
case_25,b,2025-02-24 20:38:10.599071
case_25,b,2025-02-24 20:43:10.599071
case_25,b,2025-02-24 20:48:10.599071
case_25,c,2025-02-24 20:53:10.599071
case_25,c,2025-02-24 20:58:10.599071
case_25,a,2025-02-24 21:03:10.599071
case_26,c,2025-02-24 19:28:10.599101
case_26,c,2025-02-24 19:33:10.599101
case_26,c,2025-02-24 19:38:10.599101
case_26,a,2025-02-24 19:43:10.599101
case_26,b,2025-02-24 19:48:10.599101
case_26,c,2025-02-24 19:53:10.599101
case_26,a,2025-02-24 19:58:10.599101
case_26,c,2025-02-24 20:03:10.599101
case_26,c,2025-02-24 20:08:10.599101
case_26,b,2025-02-24 20:13:10.599101
case_26,a,2025-02-24 20:18:10.599101
case_26,a,2025-02-24 20:23:10.599101
case_26,b,2025-02-24 20:28:10.599101
case_26,a,2025-02-24 20:33:10.599101
case_26,a,2025-02-24 20:38:10.599101
case_26,c,2025-02-24 20:43:10.599101
case_26,c,2025-02-24 20:48:10.599101
case_26,b,2025-02-24 20:53:10.599101
case_26,a,2025-02-24 20:58:10.599101
case_26,b,2025-02-24 21:03:10.599101
case_27,b,2025-02-24 19:28:10.599131
case_27,a,2025-02-24 19:33:10.599131
case_27,c,2025-02-24 19:38:10.599131
case_27,c,2025-02-24 19:43:10.599131
case_27,b,2025-02-24 19:48:10.599131
case_27,c,2025-02-24 19:53:10.599131
case_27,a,2025-02-24 19:58:10.599131
case_27,c,2025-02-24 20:03:10.599131
case_27,c,2025-02-24 20:08:10.599131
case_27,c,2025-02-24 20:13:10.599131
case_27,c,2025-02-24 20:18:10.599131
case_27,b,2025-02-24 20:23:10.599131
case_27,b,2025-02-24 20:28:10.599131
case_27,a,2025-02-24 20:33:10.599131
case_27,a,2025-02-24 20:38:10.599131
case_27,b,2025-02-24 20:43:10.599131
case_27,c,2025-02-24 20:48:10.599131
case_27,c,2025-02-24 20:53:10.599131
case_27,b,2025-02-24 20:58:10.599131
case_27,a,2025-02-24 21:03:10.599131
case_28,a,2025-02-24 19:28:10.599161
case_28,c,2025-02-24 19:33:10.599161
case_28,a,2025-02-24 19:38:10.599161
case_28,c,2025-02-24 19:43:10.599161
case_28,b,2025-02-24 19:48:10.599161
case_28,a,2025-02-24 19:53:10.599161
case_28,c,2025-02-24 19:58:10.599161
case_28,a,2025-02-24 20:03:10.599161
case_28,b,2025-02-24 20:08:10.599161
case_28,b,2025-02-24 20:13:10.599161
case_28,b,2025-02-24 20:18:10.599161
case_28,b,2025-02-24 20:23:10.599161
case_28,a,2025-02-24 20:28:10.599161
case_28,c,2025-02-24 20:33:10.599161
case_28,a,2025-02-24 20:38:10.599161
case_28,a,2025-02-24 20:43:10.599161
case_28,a,2025-02-24 20:48:10.599161
case_28,c,2025-02-24 20:53:10.599161
case_28,c,2025-02-24 20:58:10.599161
case_28,a,2025-02-24 21:03:10.599161
case_29,a,2025-02-24 19:28:10.599192
case_29,a,2025-02-24 19:33:10.599192
case_29,a,2025-02-24 19:38:10.599192
case_29,c,2025-02-24 19:43:10.599192
case_29,b,2025-02-24 19:48:10.599192
case_29,c,2025-02-24 19:53:10.599192
case_29,b,2025-02-24 19:58:10.599192
case_29,b,2025-02-24 20:03:10.599192
case_29,a,2025-02-24 20:08:10.599192
case_29,c,2025-02-24 20:13:10.599192
case_29,c,2025-02-24 20:18:10.599192
case_29,b,2025-02-24 20:23:10.599192
case_29,c,2025-02-24 20:28:10.599192
case_29,c,2025-02-24 20:33:10.599192
case_29,b,2025-02-24 20:38:10.599192
case_29,c,2025-02-24 20:43:10.599192
case_29,a,2025-02-24 20:48:10.599192
case_29,a,2025-02-24 20:53:10.599192
case_29,a,2025-02-24 20:58:10.599192
case_29,a,2025-02-24 21:03:10.599192
case_30,b,2025-02-24 19:28:10.599222
case_30,c,2025-02-24 19:33:10.599222
case_30,b,2025-02-24 19:38:10.599222
case_30,b,2025-02-24 19:43:10.599222
case_30,a,2025-02-24 19:48:10.599222
case_30,a,2025-02-24 19:53:10.599222
case_30,a,2025-02-24 19:58:10.599222
case_30,c,2025-02-24 20:03:10.599222
case_30,b,2025-02-24 20:08:10.599222
case_30,b,2025-02-24 20:13:10.599222
case_30,b,2025-02-24 20:18:10.599222
case_30,c,2025-02-24 20:23:10.599222
case_30,c,2025-02-24 20:28:10.599222
case_30,c,2025-02-24 20:33:10.599222
case_30,a,2025-02-24 20:38:10.599222
case_30,c,2025-02-24 20:43:10.599222
case_30,b,2025-02-24 20:48:10.599222
case_30,a,2025-02-24 20:53:10.599222
case_30,a,2025-02-24 20:58:10.599222
case_30,b,2025-02-24 21:03:10.599222
case_31,a,2025-02-24 19:28:10.599252
case_31,c,2025-02-24 19:33:10.599252
case_31,a,2025-02-24 19:38:10.599252
case_31,c,2025-02-24 19:43:10.599252
case_31,c,2025-02-24 19:48:10.599252
case_31,c,2025-02-24 19:53:10.599252
case_31,b,2025-02-24 19:58:10.599252
case_31,b,2025-02-24 20:03:10.599252
case_31,c,2025-02-24 20:08:10.599252
case_31,a,2025-02-24 20:13:10.599252
case_31,a,2025-02-24 20:18:10.599252
case_31,b,2025-02-24 20:23:10.599252
case_31,c,2025-02-24 20:28:10.599252
case_31,c,2025-02-24 20:33:10.599252
case_31,a,2025-02-24 20:38:10.599252
case_31,a,2025-02-24 20:43:10.599252
case_31,a,2025-02-24 20:48:10.599252
case_31,b,2025-02-24 20:53:10.599252
case_31,a,2025-02-24 20:58:10.599252
case_31,b,2025-02-24 21:03:10.599252
case_32,b,2025-02-24 19:28:10.599281
case_32,c,2025-02-24 19:33:10.599281
case_32,b,2025-02-24 19:38:10.599281
case_32,c,2025-02-24 19:43:10.599281
case_32,a,2025-02-24 19:48:10.599281
case_32,c,2025-02-24 19:53:10.599281
case_32,c,2025-02-24 19:58:10.599281
case_32,c,2025-02-24 20:03:10.599281
case_32,b,2025-02-24 20:08:10.599281
case_32,a,2025-02-24 20:13:10.599281
case_32,c,2025-02-24 20:18:10.599281
case_32,a,2025-02-24 20:23:10.599281
case_32,a,2025-02-24 20:28:10.599281
case_32,a,2025-02-24 20:33:10.599281
case_32,a,2025-02-24 20:38:10.599281
case_32,b,2025-02-24 20:43:10.599281
case_32,c,2025-02-24 20:48:10.599281
case_32,c,2025-02-24 20:53:10.599281
case_32,c,2025-02-24 20:58:10.599281
case_32,a,2025-02-24 21:03:10.599281
case_33,a,2025-02-24 19:28:10.599311
case_33,a,2025-02-24 19:33:10.599311
case_33,b,2025-02-24 19:38:10.599311
case_33,a,2025-02-24 19:43:10.599311
case_33,c,2025-02-24 19:48:10.599311
case_33,a,2025-02-24 19:53:10.599311
case_33,a,2025-02-24 19:58:10.599311
case_33,c,2025-02-24 20:03:10.599311
case_33,b,2025-02-24 20:08:10.599311
case_33,a,2025-02-24 20:13:10.599311
case_33,c,2025-02-24 20:18:10.599311
case_33,b,2025-02-24 20:23:10.599311
case_33,c,2025-02-24 20:28:10.599311
case_33,b,2025-02-24 20:33:10.599311
case_33,c,2025-02-24 20:38:10.599311
case_33,a,2025-02-24 20:43:10.599311
case_33,b,2025-02-24 20:48:10.599311
case_33,c,2025-02-24 20:53:10.599311
case_33,c,2025-02-24 20:58:10.599311
case_33,a,2025-02-24 21:03:10.599311
case_34,a,2025-02-24 19:28:10.599345
case_34,a,2025-02-24 19:33:10.599345
case_34,a,2025-02-24 19:38:10.599345
case_34,c,2025-02-24 19:43:10.599345
case_34,a,2025-02-24 19:48:10.599345
case_34,c,2025-02-24 19:53:10.599345
case_34,c,2025-02-24 19:58:10.599345
case_34,a,2025-02-24 20:03:10.599345
case_34,b,2025-02-24 20:08:10.599345
case_34,c,2025-02-24 20:13:10.599345
case_34,c,2025-02-24 20:18:10.599345
case_34,a,2025-02-24 20:23:10.599345
case_34,a,2025-02-24 20:28:10.599345
case_34,b,2025-02-24 20:33:10.599345
case_34,b,2025-02-24 20:38:10.599345
case_34,b,2025-02-24 20:43:10.599345
case_34,a,2025-02-24 20:48:10.599345
case_34,b,2025-02-24 20:53:10.599345
case_34,c,2025-02-24 20:58:10.599345
case_34,a,2025-02-24 21:03:10.599345
case_35,b,2025-02-24 19:28:10.599375
case_35,a,2025-02-24 19:33:10.599375
case_35,c,2025-02-24 19:38:10.599375
case_35,a,2025-02-24 19:43:10.599375
case_35,c,2025-02-24 19:48:10.599375
case_35,a,2025-02-24 19:53:10.599375
case_35,b,2025-02-24 19:58:10.599375
case_35,a,2025-02-24 20:03:10.599375
case_35,b,2025-02-24 20:08:10.599375
case_35,a,2025-02-24 20:13:10.599375
case_35,b,2025-02-24 20:18:10.599375
case_35,b,2025-02-24 20:23:10.599375
case_35,b,2025-02-24 20:28:10.599375
case_35,a,2025-02-24 20:33:10.599375
case_35,b,2025-02-24 20:38:10.599375
case_35,a,2025-02-24 20:43:10.599375
case_35,c,2025-02-24 20:48:10.599375
case_35,c,2025-02-24 20:53:10.599375
case_35,a,2025-02-24 20:58:10.599375
case_35,a,2025-02-24 21:03:10.599375
case_36,a,2025-02-24 19:28:10.599406
case_36,a,2025-02-24 19:33:10.599406
case_36,a,2025-02-24 19:38:10.599406
case_36,b,2025-02-24 19:43:10.599406
case_36,a,2025-02-24 19:48:10.599406
case_36,b,2025-02-24 19:53:10.599406
case_36,a,2025-02-24 19:58:10.599406
case_36,c,2025-02-24 20:03:10.599406
case_36,c,2025-02-24 20:08:10.599406
case_36,c,2025-02-24 20:13:10.599406
case_36,b,2025-02-24 20:18:10.599406
case_36,c,2025-02-24 20:23:10.599406
case_36,b,2025-02-24 20:28:10.599406
case_36,a,2025-02-24 20:33:10.599406
case_36,b,2025-02-24 20:38:10.599406
case_36,b,2025-02-24 20:43:10.599406
case_36,a,2025-02-24 20:48:10.599406
case_36,c,2025-02-24 20:53:10.599406
case_36,b,2025-02-24 20:58:10.599406
case_36,a,2025-02-24 21:03:10.599406
case_37,a,2025-02-24 19:28:10.599437
case_37,c,2025-02-24 19:33:10.599437
case_37,b,2025-02-24 19:38:10.599437
case_37,b,2025-02-24 19:43:10.599437
case_37,a,2025-02-24 19:48:10.599437
case_37,a,2025-02-24 19:53:10.599437
case_37,c,2025-02-24 19:58:10.599437
case_37,a,2025-02-24 20:03:10.599437
case_37,b,2025-02-24 20:08:10.599437
case_37,c,2025-02-24 20:13:10.599437
case_37,a,2025-02-24 20:18:10.599437
case_37,a,2025-02-24 20:23:10.599437
case_37,b,2025-02-24 20:28:10.599437
case_37,a,2025-02-24 20:33:10.599437
case_37,b,2025-02-24 20:38:10.599437
case_37,a,2025-02-24 20:43:10.599437
case_37,c,2025-02-24 20:48:10.599437
case_37,c,2025-02-24 20:53:10.599437
case_37,a,2025-02-24 20:58:10.599437
case_37,a,2025-02-24 21:03:10.599437
case_38,b,2025-02-24 19:28:10.599467
case_38,b,2025-02-24 19:33:10.599467
case_38,a,2025-02-24 19:38:10.599467
case_38,c,2025-02-24 19:43:10.599467
case_38,c,2025-02-24 19:48:10.599467
case_38,b,2025-02-24 19:53:10.599467
case_38,b,2025-02-24 19:58:10.599467
case_38,b,2025-02-24 20:03:10.599467
case_38,a,2025-02-24 20:08:10.599467
case_38,b,2025-02-24 20:13:10.599467
case_38,b,2025-02-24 20:18:10.599467
case_38,b,2025-02-24 20:23:10.599467
case_38,b,2025-02-24 20:28:10.599467
case_38,a,2025-02-24 20:33:10.599467
case_38,a,2025-02-24 20:38:10.599467
case_38,c,2025-02-24 20:43:10.599467
case_38,a,2025-02-24 20:48:10.599467
case_38,a,2025-02-24 20:53:10.599467
case_38,a,2025-02-24 20:58:10.599467
case_38,a,2025-02-24 21:03:10.599467
case_39,b,2025-02-24 19:28:10.599497
case_39,c,2025-02-24 19:33:10.599497
case_39,a,2025-02-24 19:38:10.599497
case_39,a,2025-02-24 19:43:10.599497
case_39,b,2025-02-24 19:48:10.599497
case_39,b,2025-02-24 19:53:10.599497
case_39,c,2025-02-24 19:58:10.599497
case_39,b,2025-02-24 20:03:10.599497
case_39,a,2025-02-24 20:08:10.599497
case_39,b,2025-02-24 20:13:10.599497
case_39,c,2025-02-24 20:18:10.599497
case_39,a,2025-02-24 20:23:10.599497
case_39,b,2025-02-24 20:28:10.599497
case_39,b,2025-02-24 20:33:10.599497
case_39,c,2025-02-24 20:38:10.599497
case_39,a,2025-02-24 20:43:10.599497
case_39,a,2025-02-24 20:48:10.599497
case_39,c,2025-02-24 20:53:10.599497
case_39,c,2025-02-24 20:58:10.599497
case_39,a,2025-02-24 21:03:10.599497
case_40,b,2025-02-24 19:28:10.599527
case_40,b,2025-02-24 19:33:10.599527
case_40,b,2025-02-24 19:38:10.599527
case_40,b,2025-02-24 19:43:10.599527
case_40,b,2025-02-24 19:48:10.599527
case_40,c,2025-02-24 19:53:10.599527
case_40,b,2025-02-24 19:58:10.599527
case_40,a,2025-02-24 20:03:10.599527
case_40,b,2025-02-24 20:08:10.599527
case_40,a,2025-02-24 20:13:10.599527
case_40,c,2025-02-24 20:18:10.599527
case_40,b,2025-02-24 20:23:10.599527
case_40,c,2025-02-24 20:28:10.599527
case_40,b,2025-02-24 20:33:10.599527
case_40,c,2025-02-24 20:38:10.599527
case_40,a,2025-02-24 20:43:10.599527
case_40,a,2025-02-24 20:48:10.599527
case_40,c,2025-02-24 20:53:10.599527
case_40,c,2025-02-24 20:58:10.599527
case_40,a,2025-02-24 21:03:10.599527
case_41,a,2025-02-24 19:28:10.599557
case_41,a,2025-02-24 19:33:10.599557
case_41,a,2025-02-24 19:38:10.599557
case_41,b,2025-02-24 19:43:10.599557
case_41,b,2025-02-24 19:48:10.599557
case_41,a,2025-02-24 19:53:10.599557
case_41,a,2025-02-24 19:58:10.599557
case_41,c,2025-02-24 20:03:10.599557
case_41,a,2025-02-24 20:08:10.599557
case_41,a,2025-02-24 20:13:10.599557
case_41,c,2025-02-24 20:18:10.599557
case_41,a,2025-02-24 20:23:10.599557
case_41,b,2025-02-24 20:28:10.599557
case_41,b,2025-02-24 20:33:10.599557
case_41,a,2025-02-24 20:38:10.599557
case_41,c,2025-02-24 20:43:10.599557
case_41,a,2025-02-24 20:48:10.599557
case_41,c,2025-02-24 20:53:10.599557
case_41,c,2025-02-24 20:58:10.599557
case_41,a,2025-02-24 21:03:10.599557
case_42,c,2025-02-24 19:28:10.599588
case_42,a,2025-02-24 19:33:10.599588
case_42,b,2025-02-24 19:38:10.599588
case_42,c,2025-02-24 19:43:10.599588
case_42,a,2025-02-24 19:48:10.599588
case_42,c,2025-02-24 19:53:10.599588
case_42,b,2025-02-24 19:58:10.599588
case_42,c,2025-02-24 20:03:10.599588
case_42,c,2025-02-24 20:08:10.599588
case_42,c,2025-02-24 20:13:10.599588
case_42,a,2025-02-24 20:18:10.599588
case_42,b,2025-02-24 20:23:10.599588
case_42,a,2025-02-24 20:28:10.599588
case_42,b,2025-02-24 20:33:10.599588
case_42,c,2025-02-24 20:38:10.599588
case_42,b,2025-02-24 20:43:10.599588
case_42,b,2025-02-24 20:48:10.599588
case_42,b,2025-02-24 20:53:10.599588
case_42,a,2025-02-24 20:58:10.599588
case_42,b,2025-02-24 21:03:10.599588
case_43,c,2025-02-24 19:28:10.599618
case_43,b,2025-02-24 19:33:10.599618
case_43,b,2025-02-24 19:38:10.599618
case_43,b,2025-02-24 19:43:10.599618
case_43,c,2025-02-24 19:48:10.599618
case_43,c,2025-02-24 19:53:10.599618
case_43,b,2025-02-24 19:58:10.599618
case_43,a,2025-02-24 20:03:10.599618
case_43,a,2025-02-24 20:08:10.599618
case_43,c,2025-02-24 20:13:10.599618
case_43,b,2025-02-24 20:18:10.599618
case_43,b,2025-02-24 20:23:10.599618
case_43,a,2025-02-24 20:28:10.599618
case_43,c,2025-02-24 20:33:10.599618
case_43,a,2025-02-24 20:38:10.599618
case_43,c,2025-02-24 20:43:10.599618
case_43,a,2025-02-24 20:48:10.599618
case_43,c,2025-02-24 20:53:10.599618
case_43,c,2025-02-24 20:58:10.599618
case_43,a,2025-02-24 21:03:10.599618
case_44,a,2025-02-24 19:28:10.599648
case_44,a,2025-02-24 19:33:10.599648
case_44,a,2025-02-24 19:38:10.599648
case_44,b,2025-02-24 19:43:10.599648
case_44,b,2025-02-24 19:48:10.599648
case_44,b,2025-02-24 19:53:10.599648
case_44,a,2025-02-24 19:58:10.599648
case_44,a,2025-02-24 20:03:10.599648
case_44,c,2025-02-24 20:08:10.599648
case_44,c,2025-02-24 20:13:10.599648
case_44,a,2025-02-24 20:18:10.599648
case_44,a,2025-02-24 20:23:10.599648
case_44,c,2025-02-24 20:28:10.599648
case_44,a,2025-02-24 20:33:10.599648
case_44,b,2025-02-24 20:38:10.599648
case_44,c,2025-02-24 20:43:10.599648
case_44,b,2025-02-24 20:48:10.599648
case_44,a,2025-02-24 20:53:10.599648
case_44,c,2025-02-24 20:58:10.599648
case_44,a,2025-02-24 21:03:10.599648
case_45,a,2025-02-24 19:28:10.599678
case_45,c,2025-02-24 19:33:10.599678
case_45,b,2025-02-24 19:38:10.599678
case_45,c,2025-02-24 19:43:10.599678
case_45,b,2025-02-24 19:48:10.599678
case_45,b,2025-02-24 19:53:10.599678
case_45,b,2025-02-24 19:58:10.599678
case_45,c,2025-02-24 20:03:10.599678
case_45,b,2025-02-24 20:08:10.599678
case_45,c,2025-02-24 20:13:10.599678
case_45,a,2025-02-24 20:18:10.599678
case_45,c,2025-02-24 20:23:10.599678
case_45,b,2025-02-24 20:28:10.599678
case_45,b,2025-02-24 20:33:10.599678
case_45,c,2025-02-24 20:38:10.599678
case_45,a,2025-02-24 20:43:10.599678
case_45,b,2025-02-24 20:48:10.599678
case_45,c,2025-02-24 20:53:10.599678
case_45,c,2025-02-24 20:58:10.599678
case_45,a,2025-02-24 21:03:10.599678
case_46,b,2025-02-24 19:28:10.599709
case_46,c,2025-02-24 19:33:10.599709
case_46,c,2025-02-24 19:38:10.599709
case_46,c,2025-02-24 19:43:10.599709
case_46,b,2025-02-24 19:48:10.599709
case_46,c,2025-02-24 19:53:10.599709
case_46,c,2025-02-24 19:58:10.599709
case_46,c,2025-02-24 20:03:10.599709
case_46,a,2025-02-24 20:08:10.599709
case_46,a,2025-02-24 20:13:10.599709
case_46,c,2025-02-24 20:18:10.599709
case_46,b,2025-02-24 20:23:10.599709
case_46,a,2025-02-24 20:28:10.599709
case_46,c,2025-02-24 20:33:10.599709
case_46,a,2025-02-24 20:38:10.599709
case_46,a,2025-02-24 20:43:10.599709
case_46,b,2025-02-24 20:48:10.599709
case_46,b,2025-02-24 20:53:10.599709
case_46,a,2025-02-24 20:58:10.599709
case_46,a,2025-02-24 21:03:10.599709
case_47,c,2025-02-24 19:28:10.599738
case_47,a,2025-02-24 19:33:10.599738
case_47,b,2025-02-24 19:38:10.599738
case_47,c,2025-02-24 19:43:10.599738
case_47,a,2025-02-24 19:48:10.599738
case_47,b,2025-02-24 19:53:10.599738
case_47,a,2025-02-24 19:58:10.599738
case_47,c,2025-02-24 20:03:10.599738
case_47,b,2025-02-24 20:08:10.599738
case_47,b,2025-02-24 20:13:10.599738
case_47,c,2025-02-24 20:18:10.599738
case_47,b,2025-02-24 20:23:10.599738
case_47,b,2025-02-24 20:28:10.599738
case_47,c,2025-02-24 20:33:10.599738
case_47,c,2025-02-24 20:38:10.599738
case_47,c,2025-02-24 20:43:10.599738
case_47,b,2025-02-24 20:48:10.599738
case_47,c,2025-02-24 20:53:10.599738
case_47,a,2025-02-24 20:58:10.599738
case_47,a,2025-02-24 21:03:10.599738
case_48,c,2025-02-24 19:28:10.599768
case_48,b,2025-02-24 19:33:10.599768
case_48,b,2025-02-24 19:38:10.599768
case_48,c,2025-02-24 19:43:10.599768
case_48,b,2025-02-24 19:48:10.599768
case_48,a,2025-02-24 19:53:10.599768
case_48,c,2025-02-24 19:58:10.599768
case_48,c,2025-02-24 20:03:10.599768
case_48,c,2025-02-24 20:08:10.599768
case_48,c,2025-02-24 20:13:10.599768
case_48,b,2025-02-24 20:18:10.599768
case_48,a,2025-02-24 20:23:10.599768
case_48,b,2025-02-24 20:28:10.599768
case_48,b,2025-02-24 20:33:10.599768
case_48,c,2025-02-24 20:38:10.599768
case_48,c,2025-02-24 20:43:10.599768
case_48,a,2025-02-24 20:48:10.599768
case_48,a,2025-02-24 20:53:10.599768
case_48,c,2025-02-24 20:58:10.599768
case_48,a,2025-02-24 21:03:10.599768
case_49,b,2025-02-24 19:28:10.599799
case_49,c,2025-02-24 19:33:10.599799
case_49,c,2025-02-24 19:38:10.599799
case_49,b,2025-02-24 19:43:10.599799
case_49,b,2025-02-24 19:48:10.599799
case_49,a,2025-02-24 19:53:10.599799
case_49,a,2025-02-24 19:58:10.599799
case_49,b,2025-02-24 20:03:10.599799
case_49,c,2025-02-24 20:08:10.599799
case_49,a,2025-02-24 20:13:10.599799
case_49,a,2025-02-24 20:18:10.599799
case_49,c,2025-02-24 20:23:10.599799
case_49,c,2025-02-24 20:28:10.599799
case_49,c,2025-02-24 20:33:10.599799
case_49,c,2025-02-24 20:38:10.599799
case_49,c,2025-02-24 20:43:10.599799
case_49,a,2025-02-24 20:48:10.599799
case_49,c,2025-02-24 20:53:10.599799
case_49,b,2025-02-24 20:58:10.599799
case_49,a,2025-02-24 21:03:10.599799
case_50,a,2025-02-24 19:28:10.599829
case_50,b,2025-02-24 19:33:10.599829
case_50,c,2025-02-24 19:38:10.599829
case_50,a,2025-02-24 19:43:10.599829
case_50,c,2025-02-24 19:48:10.599829
case_50,b,2025-02-24 19:53:10.599829
case_50,c,2025-02-24 19:58:10.599829
case_50,a,2025-02-24 20:03:10.599829
case_50,a,2025-02-24 20:08:10.599829
case_50,a,2025-02-24 20:13:10.599829
case_50,b,2025-02-24 20:18:10.599829
case_50,b,2025-02-24 20:23:10.599829
case_50,b,2025-02-24 20:28:10.599829
case_50,b,2025-02-24 20:33:10.599829
case_50,a,2025-02-24 20:38:10.599829
case_50,c,2025-02-24 20:43:10.599829
case_50,b,2025-02-24 20:48:10.599829
case_50,c,2025-02-24 20:53:10.599829
case_50,c,2025-02-24 20:58:10.599829
case_50,a,2025-02-24 21:03:10.599829
case_51,c,2025-02-24 19:28:10.599859
case_51,b,2025-02-24 19:33:10.599859
case_51,a,2025-02-24 19:38:10.599859
case_51,c,2025-02-24 19:43:10.599859
case_51,a,2025-02-24 19:48:10.599859
case_51,a,2025-02-24 19:53:10.599859
case_51,c,2025-02-24 19:58:10.599859
case_51,c,2025-02-24 20:03:10.599859
case_51,b,2025-02-24 20:08:10.599859
case_51,b,2025-02-24 20:13:10.599859
case_51,b,2025-02-24 20:18:10.599859
case_51,a,2025-02-24 20:23:10.599859
case_51,b,2025-02-24 20:28:10.599859
case_51,b,2025-02-24 20:33:10.599859
case_51,a,2025-02-24 20:38:10.599859
case_51,c,2025-02-24 20:43:10.599859
case_51,b,2025-02-24 20:48:10.599859
case_51,b,2025-02-24 20:53:10.599859
case_51,b,2025-02-24 20:58:10.599859
case_51,a,2025-02-24 21:03:10.599859
case_52,c,2025-02-24 19:28:10.599889
case_52,c,2025-02-24 19:33:10.599889
case_52,b,2025-02-24 19:38:10.599889
case_52,a,2025-02-24 19:43:10.599889
case_52,c,2025-02-24 19:48:10.599889
case_52,b,2025-02-24 19:53:10.599889
case_52,c,2025-02-24 19:58:10.599889
case_52,a,2025-02-24 20:03:10.599889
case_52,a,2025-02-24 20:08:10.599889
case_52,a,2025-02-24 20:13:10.599889
case_52,c,2025-02-24 20:18:10.599889
case_52,c,2025-02-24 20:23:10.599889
case_52,a,2025-02-24 20:28:10.599889
case_52,b,2025-02-24 20:33:10.599889
case_52,a,2025-02-24 20:38:10.599889
case_52,c,2025-02-24 20:43:10.599889
case_52,a,2025-02-24 20:48:10.599889
case_52,c,2025-02-24 20:53:10.599889
case_52,c,2025-02-24 20:58:10.599889
case_52,a,2025-02-24 21:03:10.599889
case_53,a,2025-02-24 19:28:10.599919
case_53,c,2025-02-24 19:33:10.599919
case_53,a,2025-02-24 19:38:10.599919
case_53,a,2025-02-24 19:43:10.599919
case_53,a,2025-02-24 19:48:10.599919
case_53,b,2025-02-24 19:53:10.599919
case_53,a,2025-02-24 19:58:10.599919
case_53,b,2025-02-24 20:03:10.599919
case_53,a,2025-02-24 20:08:10.599919
case_53,a,2025-02-24 20:13:10.599919
case_53,c,2025-02-24 20:18:10.599919
case_53,c,2025-02-24 20:23:10.599919
case_53,b,2025-02-24 20:28:10.599919
case_53,b,2025-02-24 20:33:10.599919
case_53,b,2025-02-24 20:38:10.599919
case_53,c,2025-02-24 20:43:10.599919
case_53,b,2025-02-24 20:48:10.599919
case_53,a,2025-02-24 20:53:10.599919
case_53,c,2025-02-24 20:58:10.599919
case_53,a,2025-02-24 21:03:10.599919
case_54,c,2025-02-24 19:28:10.599949
case_54,c,2025-02-24 19:33:10.599949
case_54,b,2025-02-24 19:38:10.599949
case_54,b,2025-02-24 19:43:10.599949
case_54,c,2025-02-24 19:48:10.599949
case_54,c,2025-02-24 19:53:10.599949
case_54,b,2025-02-24 19:58:10.599949
case_54,a,2025-02-24 20:03:10.599949
case_54,c,2025-02-24 20:08:10.599949
case_54,c,2025-02-24 20:13:10.599949
case_54,a,2025-02-24 20:18:10.599949
case_54,c,2025-02-24 20:23:10.599949
case_54,a,2025-02-24 20:28:10.599949
case_54,b,2025-02-24 20:33:10.599949
case_54,b,2025-02-24 20:38:10.599949
case_54,b,2025-02-24 20:43:10.599949
case_54,c,2025-02-24 20:48:10.599949
case_54,b,2025-02-24 20:53:10.599949
case_54,a,2025-02-24 20:58:10.599949
case_54,b,2025-02-24 21:03:10.599949
case_55,b,2025-02-24 19:28:10.599979
case_55,a,2025-02-24 19:33:10.599979
case_55,c,2025-02-24 19:38:10.599979
case_55,c,2025-02-24 19:43:10.599979
case_55,b,2025-02-24 19:48:10.599979
case_55,b,2025-02-24 19:53:10.599979
case_55,a,2025-02-24 19:58:10.599979
case_55,c,2025-02-24 20:03:10.599979
case_55,a,2025-02-24 20:08:10.599979
case_55,a,2025-02-24 20:13:10.599979
case_55,c,2025-02-24 20:18:10.599979
case_55,c,2025-02-24 20:23:10.599979
case_55,a,2025-02-24 20:28:10.599979
case_55,a,2025-02-24 20:33:10.599979
case_55,a,2025-02-24 20:38:10.599979
case_55,c,2025-02-24 20:43:10.599979
case_55,c,2025-02-24 20:48:10.599979
case_55,b,2025-02-24 20:53:10.599979
case_55,b,2025-02-24 20:58:10.599979
case_55,a,2025-02-24 21:03:10.599979
case_56,a,2025-02-24 19:28:10.600009
case_56,a,2025-02-24 19:33:10.600009
case_56,a,2025-02-24 19:38:10.600009
case_56,c,2025-02-24 19:43:10.600009
case_56,c,2025-02-24 19:48:10.600009
case_56,c,2025-02-24 19:53:10.600009
case_56,a,2025-02-24 19:58:10.600009
case_56,c,2025-02-24 20:03:10.600009
case_56,b,2025-02-24 20:08:10.600009
case_56,c,2025-02-24 20:13:10.600009
case_56,b,2025-02-24 20:18:10.600009
case_56,a,2025-02-24 20:23:10.600009
case_56,a,2025-02-24 20:28:10.600009
case_56,b,2025-02-24 20:33:10.600009
case_56,a,2025-02-24 20:38:10.600009
case_56,c,2025-02-24 20:43:10.600009
case_56,b,2025-02-24 20:48:10.600009
case_56,c,2025-02-24 20:53:10.600009
case_56,c,2025-02-24 20:58:10.600009
case_56,a,2025-02-24 21:03:10.600009
case_57,b,2025-02-24 19:28:10.600039
case_57,b,2025-02-24 19:33:10.600039
case_57,c,2025-02-24 19:38:10.600039
case_57,c,2025-02-24 19:43:10.600039
case_57,a,2025-02-24 19:48:10.600039
case_57,b,2025-02-24 19:53:10.600039
case_57,b,2025-02-24 19:58:10.600039
case_57,c,2025-02-24 20:03:10.600039
case_57,b,2025-02-24 20:08:10.600039
case_57,c,2025-02-24 20:13:10.600039
case_57,a,2025-02-24 20:18:10.600039
case_57,b,2025-02-24 20:23:10.600039
case_57,c,2025-02-24 20:28:10.600039
case_57,c,2025-02-24 20:33:10.600039
case_57,c,2025-02-24 20:38:10.600039
case_57,b,2025-02-24 20:43:10.600039
case_57,c,2025-02-24 20:48:10.600039
case_57,c,2025-02-24 20:53:10.600039
case_57,a,2025-02-24 20:58:10.600039
case_57,a,2025-02-24 21:03:10.600039
case_58,c,2025-02-24 19:28:10.600069
case_58,c,2025-02-24 19:33:10.600069
case_58,c,2025-02-24 19:38:10.600069
case_58,b,2025-02-24 19:43:10.600069
case_58,c,2025-02-24 19:48:10.600069
case_58,b,2025-02-24 19:53:10.600069
case_58,b,2025-02-24 19:58:10.600069
case_58,c,2025-02-24 20:03:10.600069
case_58,a,2025-02-24 20:08:10.600069
case_58,a,2025-02-24 20:13:10.600069
case_58,b,2025-02-24 20:18:10.600069
case_58,a,2025-02-24 20:23:10.600069
case_58,b,2025-02-24 20:28:10.600069
case_58,b,2025-02-24 20:33:10.600069
case_58,c,2025-02-24 20:38:10.600069
case_58,a,2025-02-24 20:43:10.600069
case_58,a,2025-02-24 20:48:10.600069
case_58,b,2025-02-24 20:53:10.600069
case_58,a,2025-02-24 20:58:10.600069
case_58,a,2025-02-24 21:03:10.600069
case_59,b,2025-02-24 19:28:10.600099
case_59,c,2025-02-24 19:33:10.600099
case_59,b,2025-02-24 19:38:10.600099
case_59,a,2025-02-24 19:43:10.600099
case_59,c,2025-02-24 19:48:10.600099
case_59,b,2025-02-24 19:53:10.600099
case_59,a,2025-02-24 19:58:10.600099
case_59,a,2025-02-24 20:03:10.600099
case_59,a,2025-02-24 20:08:10.600099
case_59,c,2025-02-24 20:13:10.600099
case_59,a,2025-02-24 20:18:10.600099
case_59,a,2025-02-24 20:23:10.600099
case_59,b,2025-02-24 20:28:10.600099
case_59,b,2025-02-24 20:33:10.600099
case_59,b,2025-02-24 20:38:10.600099
case_59,a,2025-02-24 20:43:10.600099
case_59,b,2025-02-24 20:48:10.600099
case_59,c,2025-02-24 20:53:10.600099
case_59,c,2025-02-24 20:58:10.600099
case_59,a,2025-02-24 21:03:10.600099
case_60,a,2025-02-24 19:28:10.600129
case_60,a,2025-02-24 19:33:10.600129
case_60,a,2025-02-24 19:38:10.600129
case_60,a,2025-02-24 19:43:10.600129
case_60,c,2025-02-24 19:48:10.600129
case_60,b,2025-02-24 19:53:10.600129
case_60,c,2025-02-24 19:58:10.600129
case_60,b,2025-02-24 20:03:10.600129
case_60,a,2025-02-24 20:08:10.600129
case_60,c,2025-02-24 20:13:10.600129
case_60,c,2025-02-24 20:18:10.600129
case_60,c,2025-02-24 20:23:10.600129
case_60,c,2025-02-24 20:28:10.600129
case_60,a,2025-02-24 20:33:10.600129
case_60,a,2025-02-24 20:38:10.600129
case_60,c,2025-02-24 20:43:10.600129
case_60,c,2025-02-24 20:48:10.600129
case_60,c,2025-02-24 20:53:10.600129
case_60,a,2025-02-24 20:58:10.600129
case_60,b,2025-02-24 21:03:10.600129
case_61,c,2025-02-24 19:28:10.600159
case_61,c,2025-02-24 19:33:10.600159
case_61,c,2025-02-24 19:38:10.600159
case_61,c,2025-02-24 19:43:10.600159
case_61,a,2025-02-24 19:48:10.600159
case_61,c,2025-02-24 19:53:10.600159
case_61,c,2025-02-24 19:58:10.600159
case_61,b,2025-02-24 20:03:10.600159
case_61,a,2025-02-24 20:08:10.600159
case_61,b,2025-02-24 20:13:10.600159
case_61,c,2025-02-24 20:18:10.600159
case_61,a,2025-02-24 20:23:10.600159
case_61,c,2025-02-24 20:28:10.600159
case_61,c,2025-02-24 20:33:10.600159
case_61,c,2025-02-24 20:38:10.600159
case_61,c,2025-02-24 20:43:10.600159
case_61,a,2025-02-24 20:48:10.600159
case_61,b,2025-02-24 20:53:10.600159
case_61,c,2025-02-24 20:58:10.600159
case_61,a,2025-02-24 21:03:10.600159
case_62,a,2025-02-24 19:28:10.600191
case_62,a,2025-02-24 19:33:10.600191
case_62,a,2025-02-24 19:38:10.600191
case_62,c,2025-02-24 19:43:10.600191
case_62,c,2025-02-24 19:48:10.600191
case_62,a,2025-02-24 19:53:10.600191
case_62,a,2025-02-24 19:58:10.600191
case_62,c,2025-02-24 20:03:10.600191
case_62,a,2025-02-24 20:08:10.600191
case_62,a,2025-02-24 20:13:10.600191
case_62,b,2025-02-24 20:18:10.600191
case_62,b,2025-02-24 20:23:10.600191
case_62,c,2025-02-24 20:28:10.600191
case_62,b,2025-02-24 20:33:10.600191
case_62,a,2025-02-24 20:38:10.600191
case_62,b,2025-02-24 20:43:10.600191
case_62,a,2025-02-24 20:48:10.600191
case_62,b,2025-02-24 20:53:10.600191
case_62,a,2025-02-24 20:58:10.600191
case_62,a,2025-02-24 21:03:10.600191
case_63,b,2025-02-24 19:28:10.600222
case_63,b,2025-02-24 19:33:10.600222
case_63,b,2025-02-24 19:38:10.600222
case_63,c,2025-02-24 19:43:10.600222
case_63,c,2025-02-24 19:48:10.600222
case_63,c,2025-02-24 19:53:10.600222
case_63,b,2025-02-24 19:58:10.600222
case_63,b,2025-02-24 20:03:10.600222
case_63,b,2025-02-24 20:08:10.600222
case_63,c,2025-02-24 20:13:10.600222
case_63,a,2025-02-24 20:18:10.600222
case_63,b,2025-02-24 20:23:10.600222
case_63,c,2025-02-24 20:28:10.600222
case_63,c,2025-02-24 20:33:10.600222
case_63,b,2025-02-24 20:38:10.600222
case_63,a,2025-02-24 20:43:10.600222
case_63,a,2025-02-24 20:48:10.600222
case_63,c,2025-02-24 20:53:10.600222
case_63,b,2025-02-24 20:58:10.600222
case_63,a,2025-02-24 21:03:10.600222
case_64,c,2025-02-24 19:28:10.600252
case_64,c,2025-02-24 19:33:10.600252
case_64,a,2025-02-24 19:38:10.600252
case_64,b,2025-02-24 19:43:10.600252
case_64,b,2025-02-24 19:48:10.600252
case_64,c,2025-02-24 19:53:10.600252
case_64,b,2025-02-24 19:58:10.600252
case_64,c,2025-02-24 20:03:10.600252
case_64,a,2025-02-24 20:08:10.600252
case_64,c,2025-02-24 20:13:10.600252
case_64,b,2025-02-24 20:18:10.600252
case_64,a,2025-02-24 20:23:10.600252
case_64,c,2025-02-24 20:28:10.600252
case_64,c,2025-02-24 20:33:10.600252
case_64,b,2025-02-24 20:38:10.600252
case_64,a,2025-02-24 20:43:10.600252
case_64,b,2025-02-24 20:48:10.600252
case_64,c,2025-02-24 20:53:10.600252
case_64,c,2025-02-24 20:58:10.600252
case_64,a,2025-02-24 21:03:10.600252
case_65,c,2025-02-24 19:28:10.600282
case_65,c,2025-02-24 19:33:10.600282
case_65,b,2025-02-24 19:38:10.600282
case_65,a,2025-02-24 19:43:10.600282
case_65,b,2025-02-24 19:48:10.600282
case_65,c,2025-02-24 19:53:10.600282
case_65,a,2025-02-24 19:58:10.600282
case_65,c,2025-02-24 20:03:10.600282
case_65,c,2025-02-24 20:08:10.600282
case_65,c,2025-02-24 20:13:10.600282
case_65,b,2025-02-24 20:18:10.600282
case_65,b,2025-02-24 20:23:10.600282
case_65,a,2025-02-24 20:28:10.600282
case_65,b,2025-02-24 20:33:10.600282
case_65,a,2025-02-24 20:38:10.600282
case_65,c,2025-02-24 20:43:10.600282
case_65,a,2025-02-24 20:48:10.600282
case_65,a,2025-02-24 20:53:10.600282
case_65,b,2025-02-24 20:58:10.600282
case_65,b,2025-02-24 21:03:10.600282
case_66,c,2025-02-24 19:28:10.600312
case_66,c,2025-02-24 19:33:10.600312
case_66,c,2025-02-24 19:38:10.600312
case_66,c,2025-02-24 19:43:10.600312
case_66,b,2025-02-24 19:48:10.600312
case_66,c,2025-02-24 19:53:10.600312
case_66,a,2025-02-24 19:58:10.600312
case_66,a,2025-02-24 20:03:10.600312
case_66,a,2025-02-24 20:08:10.600312
case_66,b,2025-02-24 20:13:10.600312
case_66,c,2025-02-24 20:18:10.600312
case_66,c,2025-02-24 20:23:10.600312
case_66,c,2025-02-24 20:28:10.600312
case_66,c,2025-02-24 20:33:10.600312
case_66,a,2025-02-24 20:38:10.600312
case_66,c,2025-02-24 20:43:10.600312
case_66,b,2025-02-24 20:48:10.600312
case_66,b,2025-02-24 20:53:10.600312
case_66,c,2025-02-24 20:58:10.600312
case_66,a,2025-02-24 21:03:10.600312
case_67,c,2025-02-24 19:28:10.600345
case_67,a,2025-02-24 19:33:10.600345
case_67,c,2025-02-24 19:38:10.600345
case_67,a,2025-02-24 19:43:10.600345
case_67,b,2025-02-24 19:48:10.600345
case_67,c,2025-02-24 19:53:10.600345
case_67,a,2025-02-24 19:58:10.600345
case_67,a,2025-02-24 20:03:10.600345
case_67,c,2025-02-24 20:08:10.600345
case_67,b,2025-02-24 20:13:10.600345
case_67,c,2025-02-24 20:18:10.600345
case_67,b,2025-02-24 20:23:10.600345
case_67,b,2025-02-24 20:28:10.600345
case_67,a,2025-02-24 20:33:10.600345
case_67,c,2025-02-24 20:38:10.600345
case_67,a,2025-02-24 20:43:10.600345
case_67,a,2025-02-24 20:48:10.600345
case_67,c,2025-02-24 20:53:10.600345
case_67,c,2025-02-24 20:58:10.600345
case_67,a,2025-02-24 21:03:10.600345
case_68,c,2025-02-24 19:28:10.600376
case_68,a,2025-02-24 19:33:10.600376
case_68,c,2025-02-24 19:38:10.600376
case_68,c,2025-02-24 19:43:10.600376
case_68,c,2025-02-24 19:48:10.600376
case_68,a,2025-02-24 19:53:10.600376
case_68,a,2025-02-24 19:58:10.600376
case_68,b,2025-02-24 20:03:10.600376
case_68,b,2025-02-24 20:08:10.600376
case_68,b,2025-02-24 20:13:10.600376
case_68,c,2025-02-24 20:18:10.600376
case_68,a,2025-02-24 20:23:10.600376
case_68,c,2025-02-24 20:28:10.600376
case_68,a,2025-02-24 20:33:10.600376
case_68,a,2025-02-24 20:38:10.600376
case_68,a,2025-02-24 20:43:10.600376
case_68,c,2025-02-24 20:48:10.600376
case_68,c,2025-02-24 20:53:10.600376
case_68,c,2025-02-24 20:58:10.600376
case_68,a,2025-02-24 21:03:10.600376
case_69,a,2025-02-24 19:28:10.600406
case_69,b,2025-02-24 19:33:10.600406
case_69,c,2025-02-24 19:38:10.600406
case_69,b,2025-02-24 19:43:10.600406
case_69,b,2025-02-24 19:48:10.600406
case_69,b,2025-02-24 19:53:10.600406
case_69,c,2025-02-24 19:58:10.600406
case_69,c,2025-02-24 20:03:10.600406
case_69,b,2025-02-24 20:08:10.600406
case_69,c,2025-02-24 20:13:10.600406
case_69,b,2025-02-24 20:18:10.600406
case_69,b,2025-02-24 20:23:10.600406
case_69,a,2025-02-24 20:28:10.600406
case_69,b,2025-02-24 20:33:10.600406
case_69,c,2025-02-24 20:38:10.600406
case_69,c,2025-02-24 20:43:10.600406
case_69,c,2025-02-24 20:48:10.600406
case_69,b,2025-02-24 20:53:10.600406
case_69,a,2025-02-24 20:58:10.600406
case_69,a,2025-02-24 21:03:10.600406
case_70,a,2025-02-24 19:28:10.600435
case_70,a,2025-02-24 19:33:10.600435
case_70,b,2025-02-24 19:38:10.600435
case_70,a,2025-02-24 19:43:10.600435
case_70,c,2025-02-24 19:48:10.600435
case_70,b,2025-02-24 19:53:10.600435
case_70,b,2025-02-24 19:58:10.600435
case_70,b,2025-02-24 20:03:10.600435
case_70,b,2025-02-24 20:08:10.600435
case_70,a,2025-02-24 20:13:10.600435
case_70,a,2025-02-24 20:18:10.600435
case_70,c,2025-02-24 20:23:10.600435
case_70,b,2025-02-24 20:28:10.600435
case_70,c,2025-02-24 20:33:10.600435
case_70,a,2025-02-24 20:38:10.600435
case_70,c,2025-02-24 20:43:10.600435
case_70,b,2025-02-24 20:48:10.600435
case_70,c,2025-02-24 20:53:10.600435
case_70,c,2025-02-24 20:58:10.600435
case_70,a,2025-02-24 21:03:10.600435
case_71,b,2025-02-24 19:28:10.600466
case_71,c,2025-02-24 19:33:10.600466
case_71,c,2025-02-24 19:38:10.600466
case_71,b,2025-02-24 19:43:10.600466
case_71,b,2025-02-24 19:48:10.600466
case_71,a,2025-02-24 19:53:10.600466
case_71,a,2025-02-24 19:58:10.600466
case_71,a,2025-02-24 20:03:10.600466
case_71,c,2025-02-24 20:08:10.600466
case_71,a,2025-02-24 20:13:10.600466
case_71,a,2025-02-24 20:18:10.600466
case_71,b,2025-02-24 20:23:10.600466
case_71,c,2025-02-24 20:28:10.600466
case_71,a,2025-02-24 20:33:10.600466
case_71,a,2025-02-24 20:38:10.600466
case_71,c,2025-02-24 20:43:10.600466
case_71,c,2025-02-24 20:48:10.600466
case_71,a,2025-02-24 20:53:10.600466
case_71,c,2025-02-24 20:58:10.600466
case_71,a,2025-02-24 21:03:10.600466
case_72,a,2025-02-24 19:28:10.600496
case_72,a,2025-02-24 19:33:10.600496
case_72,c,2025-02-24 19:38:10.600496
case_72,a,2025-02-24 19:43:10.600496
case_72,b,2025-02-24 19:48:10.600496
case_72,a,2025-02-24 19:53:10.600496
case_72,b,2025-02-24 19:58:10.600496
case_72,b,2025-02-24 20:03:10.600496
case_72,b,2025-02-24 20:08:10.600496
case_72,b,2025-02-24 20:13:10.600496
case_72,b,2025-02-24 20:18:10.600496
case_72,a,2025-02-24 20:23:10.600496
case_72,b,2025-02-24 20:28:10.600496
case_72,a,2025-02-24 20:33:10.600496
case_72,b,2025-02-24 20:38:10.600496
case_72,a,2025-02-24 20:43:10.600496
case_72,a,2025-02-24 20:48:10.600496
case_72,c,2025-02-24 20:53:10.600496
case_72,c,2025-02-24 20:58:10.600496
case_72,a,2025-02-24 21:03:10.600496
case_73,c,2025-02-24 19:28:10.600525
case_73,a,2025-02-24 19:33:10.600525
case_73,a,2025-02-24 19:38:10.600525
case_73,a,2025-02-24 19:43:10.600525
case_73,a,2025-02-24 19:48:10.600525
case_73,c,2025-02-24 19:53:10.600525
case_73,c,2025-02-24 19:58:10.600525
case_73,a,2025-02-24 20:03:10.600525
case_73,b,2025-02-24 20:08:10.600525
case_73,c,2025-02-24 20:13:10.600525
case_73,b,2025-02-24 20:18:10.600525
case_73,c,2025-02-24 20:23:10.600525
case_73,b,2025-02-24 20:28:10.600525
case_73,c,2025-02-24 20:33:10.600525
case_73,c,2025-02-24 20:38:10.600525
case_73,a,2025-02-24 20:43:10.600525
case_73,a,2025-02-24 20:48:10.600525
case_73,b,2025-02-24 20:53:10.600525
case_73,a,2025-02-24 20:58:10.600525
case_73,b,2025-02-24 21:03:10.600525
case_74,c,2025-02-24 19:28:10.600554
case_74,b,2025-02-24 19:33:10.600554
case_74,a,2025-02-24 19:38:10.600554
case_74,b,2025-02-24 19:43:10.600554
case_74,b,2025-02-24 19:48:10.600554
case_74,b,2025-02-24 19:53:10.600554
case_74,b,2025-02-24 19:58:10.600554
case_74,b,2025-02-24 20:03:10.600554
case_74,b,2025-02-24 20:08:10.600554
case_74,c,2025-02-24 20:13:10.600554
case_74,b,2025-02-24 20:18:10.600554
case_74,b,2025-02-24 20:23:10.600554
case_74,a,2025-02-24 20:28:10.600554
case_74,b,2025-02-24 20:33:10.600554
case_74,a,2025-02-24 20:38:10.600554
case_74,b,2025-02-24 20:43:10.600554
case_74,a,2025-02-24 20:48:10.600554
case_74,c,2025-02-24 20:53:10.600554
case_74,c,2025-02-24 20:58:10.600554
case_74,a,2025-02-24 21:03:10.600554
case_75,a,2025-02-24 19:28:10.600584
case_75,b,2025-02-24 19:33:10.600584
case_75,a,2025-02-24 19:38:10.600584
case_75,a,2025-02-24 19:43:10.600584
case_75,c,2025-02-24 19:48:10.600584
case_75,a,2025-02-24 19:53:10.600584
case_75,c,2025-02-24 19:58:10.600584
case_75,b,2025-02-24 20:03:10.600584
case_75,b,2025-02-24 20:08:10.600584
case_75,c,2025-02-24 20:13:10.600584
case_75,a,2025-02-24 20:18:10.600584
case_75,a,2025-02-24 20:23:10.600584
case_75,b,2025-02-24 20:28:10.600584
case_75,c,2025-02-24 20:33:10.600584
case_75,c,2025-02-24 20:38:10.600584
case_75,c,2025-02-24 20:43:10.600584
case_75,b,2025-02-24 20:48:10.600584
case_75,c,2025-02-24 20:53:10.600584
case_75,a,2025-02-24 20:58:10.600584
case_75,a,2025-02-24 21:03:10.600584
case_76,c,2025-02-24 19:28:10.600613
case_76,c,2025-02-24 19:33:10.600613
case_76,b,2025-02-24 19:38:10.600613
case_76,a,2025-02-24 19:43:10.600613
case_76,c,2025-02-24 19:48:10.600613
case_76,b,2025-02-24 19:53:10.600613
case_76,b,2025-02-24 19:58:10.600613
case_76,a,2025-02-24 20:03:10.600613
case_76,b,2025-02-24 20:08:10.600613
case_76,b,2025-02-24 20:13:10.600613
case_76,c,2025-02-24 20:18:10.600613
case_76,c,2025-02-24 20:23:10.600613
case_76,b,2025-02-24 20:28:10.600613
case_76,a,2025-02-24 20:33:10.600613
case_76,b,2025-02-24 20:38:10.600613
case_76,a,2025-02-24 20:43:10.600613
case_76,b,2025-02-24 20:48:10.600613
case_76,c,2025-02-24 20:53:10.600613
case_76,c,2025-02-24 20:58:10.600613
case_76,a,2025-02-24 21:03:10.600613
case_77,a,2025-02-24 19:28:10.600643
case_77,a,2025-02-24 19:33:10.600643
case_77,b,2025-02-24 19:38:10.600643
case_77,a,2025-02-24 19:43:10.600643
case_77,c,2025-02-24 19:48:10.600643
case_77,a,2025-02-24 19:53:10.600643
case_77,a,2025-02-24 19:58:10.600643
case_77,a,2025-02-24 20:03:10.600643
case_77,a,2025-02-24 20:08:10.600643
case_77,b,2025-02-24 20:13:10.600643
case_77,a,2025-02-24 20:18:10.600643
case_77,b,2025-02-24 20:23:10.600643
case_77,a,2025-02-24 20:28:10.600643
case_77,b,2025-02-24 20:33:10.600643
case_77,b,2025-02-24 20:38:10.600643
case_77,a,2025-02-24 20:43:10.600643
case_77,a,2025-02-24 20:48:10.600643
case_77,c,2025-02-24 20:53:10.600643
case_77,c,2025-02-24 20:58:10.600643
case_77,a,2025-02-24 21:03:10.600643
case_78,c,2025-02-24 19:28:10.600673
case_78,a,2025-02-24 19:33:10.600673
case_78,c,2025-02-24 19:38:10.600673
case_78,b,2025-02-24 19:43:10.600673
case_78,c,2025-02-24 19:48:10.600673
case_78,b,2025-02-24 19:53:10.600673
case_78,a,2025-02-24 19:58:10.600673
case_78,b,2025-02-24 20:03:10.600673
case_78,a,2025-02-24 20:08:10.600673
case_78,a,2025-02-24 20:13:10.600673
case_78,b,2025-02-24 20:18:10.600673
case_78,c,2025-02-24 20:23:10.600673
case_78,b,2025-02-24 20:28:10.600673
case_78,b,2025-02-24 20:33:10.600673
case_78,c,2025-02-24 20:38:10.600673
case_78,b,2025-02-24 20:43:10.600673
case_78,b,2025-02-24 20:48:10.600673
case_78,c,2025-02-24 20:53:10.600673
case_78,c,2025-02-24 20:58:10.600673
case_78,a,2025-02-24 21:03:10.600673
case_79,c,2025-02-24 19:28:10.600702
case_79,a,2025-02-24 19:33:10.600702
case_79,c,2025-02-24 19:38:10.600702
case_79,c,2025-02-24 19:43:10.600702
case_79,b,2025-02-24 19:48:10.600702
case_79,c,2025-02-24 19:53:10.600702
case_79,a,2025-02-24 19:58:10.600702
case_79,a,2025-02-24 20:03:10.600702
case_79,a,2025-02-24 20:08:10.600702
case_79,a,2025-02-24 20:13:10.600702
case_79,a,2025-02-24 20:18:10.600702
case_79,a,2025-02-24 20:23:10.600702
case_79,b,2025-02-24 20:28:10.600702
case_79,b,2025-02-24 20:33:10.600702
case_79,c,2025-02-24 20:38:10.600702
case_79,a,2025-02-24 20:43:10.600702
case_79,c,2025-02-24 20:48:10.600702
case_79,b,2025-02-24 20:53:10.600702
case_79,a,2025-02-24 20:58:10.600702
case_79,b,2025-02-24 21:03:10.600702
case_80,b,2025-02-24 19:28:10.600732
case_80,a,2025-02-24 19:33:10.600732
case_80,c,2025-02-24 19:38:10.600732
case_80,b,2025-02-24 19:43:10.600732
case_80,c,2025-02-24 19:48:10.600732
case_80,c,2025-02-24 19:53:10.600732
case_80,a,2025-02-24 19:58:10.600732
case_80,a,2025-02-24 20:03:10.600732
case_80,b,2025-02-24 20:08:10.600732
case_80,c,2025-02-24 20:13:10.600732
case_80,a,2025-02-24 20:18:10.600732
case_80,a,2025-02-24 20:23:10.600732
case_80,a,2025-02-24 20:28:10.600732
case_80,c,2025-02-24 20:33:10.600732
case_80,a,2025-02-24 20:38:10.600732
case_80,c,2025-02-24 20:43:10.600732
case_80,c,2025-02-24 20:48:10.600732
case_80,b,2025-02-24 20:53:10.600732
case_80,c,2025-02-24 20:58:10.600732
case_80,a,2025-02-24 21:03:10.600732
case_81,a,2025-02-24 19:28:10.600762
case_81,b,2025-02-24 19:33:10.600762
case_81,b,2025-02-24 19:38:10.600762
case_81,a,2025-02-24 19:43:10.600762
case_81,b,2025-02-24 19:48:10.600762
case_81,a,2025-02-24 19:53:10.600762
case_81,b,2025-02-24 19:58:10.600762
case_81,c,2025-02-24 20:03:10.600762
case_81,b,2025-02-24 20:08:10.600762
case_81,c,2025-02-24 20:13:10.600762
case_81,b,2025-02-24 20:18:10.600762
case_81,c,2025-02-24 20:23:10.600762
case_81,c,2025-02-24 20:28:10.600762
case_81,b,2025-02-24 20:33:10.600762
case_81,a,2025-02-24 20:38:10.600762
case_81,c,2025-02-24 20:43:10.600762
case_81,b,2025-02-24 20:48:10.600762
case_81,b,2025-02-24 20:53:10.600762
case_81,b,2025-02-24 20:58:10.600762
case_81,a,2025-02-24 21:03:10.600762
case_82,c,2025-02-24 19:28:10.600792
case_82,c,2025-02-24 19:33:10.600792
case_82,a,2025-02-24 19:38:10.600792
case_82,c,2025-02-24 19:43:10.600792
case_82,a,2025-02-24 19:48:10.600792
case_82,a,2025-02-24 19:53:10.600792
case_82,b,2025-02-24 19:58:10.600792
case_82,c,2025-02-24 20:03:10.600792
case_82,b,2025-02-24 20:08:10.600792
case_82,c,2025-02-24 20:13:10.600792
case_82,c,2025-02-24 20:18:10.600792
case_82,c,2025-02-24 20:23:10.600792
case_82,b,2025-02-24 20:28:10.600792
case_82,a,2025-02-24 20:33:10.600792
case_82,b,2025-02-24 20:38:10.600792
case_82,b,2025-02-24 20:43:10.600792
case_82,c,2025-02-24 20:48:10.600792
case_82,a,2025-02-24 20:53:10.600792
case_82,a,2025-02-24 20:58:10.600792
case_82,a,2025-02-24 21:03:10.600792
case_83,a,2025-02-24 19:28:10.600825
case_83,c,2025-02-24 19:33:10.600825
case_83,b,2025-02-24 19:38:10.600825
case_83,b,2025-02-24 19:43:10.600825
case_83,a,2025-02-24 19:48:10.600825
case_83,c,2025-02-24 19:53:10.600825
case_83,a,2025-02-24 19:58:10.600825
case_83,c,2025-02-24 20:03:10.600825
case_83,a,2025-02-24 20:08:10.600825
case_83,c,2025-02-24 20:13:10.600825
case_83,c,2025-02-24 20:18:10.600825
case_83,a,2025-02-24 20:23:10.600825
case_83,c,2025-02-24 20:28:10.600825
case_83,a,2025-02-24 20:33:10.600825
case_83,a,2025-02-24 20:38:10.600825
case_83,c,2025-02-24 20:43:10.600825
case_83,c,2025-02-24 20:48:10.600825
case_83,c,2025-02-24 20:53:10.600825
case_83,a,2025-02-24 20:58:10.600825
case_83,a,2025-02-24 21:03:10.600825
case_84,c,2025-02-24 19:28:10.600854
case_84,b,2025-02-24 19:33:10.600854
case_84,a,2025-02-24 19:38:10.600854
case_84,b,2025-02-24 19:43:10.600854
case_84,b,2025-02-24 19:48:10.600854
case_84,c,2025-02-24 19:53:10.600854
case_84,a,2025-02-24 19:58:10.600854
case_84,c,2025-02-24 20:03:10.600854
case_84,a,2025-02-24 20:08:10.600854
case_84,b,2025-02-24 20:13:10.600854
case_84,c,2025-02-24 20:18:10.600854
case_84,c,2025-02-24 20:23:10.600854
case_84,b,2025-02-24 20:28:10.600854
case_84,a,2025-02-24 20:33:10.600854
case_84,c,2025-02-24 20:38:10.600854
case_84,c,2025-02-24 20:43:10.600854
case_84,b,2025-02-24 20:48:10.600854
case_84,c,2025-02-24 20:53:10.600854
case_84,c,2025-02-24 20:58:10.600854
case_84,a,2025-02-24 21:03:10.600854
case_85,a,2025-02-24 19:28:10.600886
case_85,b,2025-02-24 19:33:10.600886
case_85,b,2025-02-24 19:38:10.600886
case_85,c,2025-02-24 19:43:10.600886
case_85,a,2025-02-24 19:48:10.600886
case_85,a,2025-02-24 19:53:10.600886
case_85,b,2025-02-24 19:58:10.600886
case_85,a,2025-02-24 20:03:10.600886
case_85,c,2025-02-24 20:08:10.600886
case_85,c,2025-02-24 20:13:10.600886
case_85,a,2025-02-24 20:18:10.600886
case_85,c,2025-02-24 20:23:10.600886
case_85,b,2025-02-24 20:28:10.600886
case_85,a,2025-02-24 20:33:10.600886
case_85,b,2025-02-24 20:38:10.600886
case_85,a,2025-02-24 20:43:10.600886
case_85,c,2025-02-24 20:48:10.600886
case_85,c,2025-02-24 20:53:10.600886
case_85,b,2025-02-24 20:58:10.600886
case_85,a,2025-02-24 21:03:10.600886
case_86,a,2025-02-24 19:28:10.600916
case_86,b,2025-02-24 19:33:10.600916
case_86,b,2025-02-24 19:38:10.600916
case_86,c,2025-02-24 19:43:10.600916
case_86,b,2025-02-24 19:48:10.600916
case_86,a,2025-02-24 19:53:10.600916
case_86,b,2025-02-24 19:58:10.600916
case_86,a,2025-02-24 20:03:10.600916
case_86,b,2025-02-24 20:08:10.600916
case_86,b,2025-02-24 20:13:10.600916
case_86,b,2025-02-24 20:18:10.600916
case_86,b,2025-02-24 20:23:10.600916
case_86,c,2025-02-24 20:28:10.600916
case_86,c,2025-02-24 20:33:10.600916
case_86,a,2025-02-24 20:38:10.600916
case_86,c,2025-02-24 20:43:10.600916
case_86,c,2025-02-24 20:48:10.600916
case_86,b,2025-02-24 20:53:10.600916
case_86,c,2025-02-24 20:58:10.600916
case_86,a,2025-02-24 21:03:10.600916
case_87,a,2025-02-24 19:28:10.600945
case_87,c,2025-02-24 19:33:10.600945
case_87,c,2025-02-24 19:38:10.600945
case_87,c,2025-02-24 19:43:10.600945
case_87,a,2025-02-24 19:48:10.600945
case_87,b,2025-02-24 19:53:10.600945
case_87,b,2025-02-24 19:58:10.600945
case_87,b,2025-02-24 20:03:10.600945
case_87,b,2025-02-24 20:08:10.600945
case_87,b,2025-02-24 20:13:10.600945
case_87,b,2025-02-24 20:18:10.600945
case_87,c,2025-02-24 20:23:10.600945
case_87,b,2025-02-24 20:28:10.600945
case_87,c,2025-02-24 20:33:10.600945
case_87,a,2025-02-24 20:38:10.600945
case_87,c,2025-02-24 20:43:10.600945
case_87,c,2025-02-24 20:48:10.600945
case_87,b,2025-02-24 20:53:10.600945
case_87,a,2025-02-24 20:58:10.600945
case_87,b,2025-02-24 21:03:10.600945
case_88,b,2025-02-24 19:28:10.600975
case_88,a,2025-02-24 19:33:10.600975
case_88,c,2025-02-24 19:38:10.600975
case_88,a,2025-02-24 19:43:10.600975
case_88,a,2025-02-24 19:48:10.600975
case_88,b,2025-02-24 19:53:10.600975
case_88,c,2025-02-24 19:58:10.600975
case_88,a,2025-02-24 20:03:10.600975
case_88,b,2025-02-24 20:08:10.600975
case_88,c,2025-02-24 20:13:10.600975
case_88,b,2025-02-24 20:18:10.600975
case_88,b,2025-02-24 20:23:10.600975
case_88,a,2025-02-24 20:28:10.600975
case_88,b,2025-02-24 20:33:10.600975
case_88,b,2025-02-24 20:38:10.600975
case_88,c,2025-02-24 20:43:10.600975
case_88,c,2025-02-24 20:48:10.600975
case_88,b,2025-02-24 20:53:10.600975
case_88,b,2025-02-24 20:58:10.600975
case_88,a,2025-02-24 21:03:10.600975
case_89,c,2025-02-24 19:28:10.601005
case_89,b,2025-02-24 19:33:10.601005
case_89,a,2025-02-24 19:38:10.601005
case_89,a,2025-02-24 19:43:10.601005
case_89,b,2025-02-24 19:48:10.601005
case_89,a,2025-02-24 19:53:10.601005
case_89,b,2025-02-24 19:58:10.601005
case_89,b,2025-02-24 20:03:10.601005
case_89,c,2025-02-24 20:08:10.601005
case_89,a,2025-02-24 20:13:10.601005
case_89,c,2025-02-24 20:18:10.601005
case_89,a,2025-02-24 20:23:10.601005
case_89,c,2025-02-24 20:28:10.601005
case_89,c,2025-02-24 20:33:10.601005
case_89,a,2025-02-24 20:38:10.601005
case_89,a,2025-02-24 20:43:10.601005
case_89,b,2025-02-24 20:48:10.601005
case_89,a,2025-02-24 20:53:10.601005
case_89,b,2025-02-24 20:58:10.601005
case_89,a,2025-02-24 21:03:10.601005
case_90,a,2025-02-24 19:28:10.601036
case_90,b,2025-02-24 19:33:10.601036
case_90,c,2025-02-24 19:38:10.601036
case_90,a,2025-02-24 19:43:10.601036
case_90,c,2025-02-24 19:48:10.601036
case_90,a,2025-02-24 19:53:10.601036
case_90,b,2025-02-24 19:58:10.601036
case_90,b,2025-02-24 20:03:10.601036
case_90,c,2025-02-24 20:08:10.601036
case_90,c,2025-02-24 20:13:10.601036
case_90,c,2025-02-24 20:18:10.601036
case_90,c,2025-02-24 20:23:10.601036
case_90,a,2025-02-24 20:28:10.601036
case_90,b,2025-02-24 20:33:10.601036
case_90,c,2025-02-24 20:38:10.601036
case_90,b,2025-02-24 20:43:10.601036
case_90,b,2025-02-24 20:48:10.601036
case_90,b,2025-02-24 20:53:10.601036
case_90,c,2025-02-24 20:58:10.601036
case_90,a,2025-02-24 21:03:10.601036
case_91,a,2025-02-24 19:28:10.601066
case_91,b,2025-02-24 19:33:10.601066
case_91,a,2025-02-24 19:38:10.601066
case_91,b,2025-02-24 19:43:10.601066
case_91,c,2025-02-24 19:48:10.601066
case_91,c,2025-02-24 19:53:10.601066
case_91,a,2025-02-24 19:58:10.601066
case_91,a,2025-02-24 20:03:10.601066
case_91,c,2025-02-24 20:08:10.601066
case_91,c,2025-02-24 20:13:10.601066
case_91,b,2025-02-24 20:18:10.601066
case_91,a,2025-02-24 20:23:10.601066
case_91,a,2025-02-24 20:28:10.601066
case_91,a,2025-02-24 20:33:10.601066
case_91,c,2025-02-24 20:38:10.601066
case_91,b,2025-02-24 20:43:10.601066
case_91,a,2025-02-24 20:48:10.601066
case_91,a,2025-02-24 20:53:10.601066
case_91,b,2025-02-24 20:58:10.601066
case_91,b,2025-02-24 21:03:10.601066
case_92,c,2025-02-24 19:28:10.601095
case_92,a,2025-02-24 19:33:10.601095
case_92,c,2025-02-24 19:38:10.601095
case_92,b,2025-02-24 19:43:10.601095
case_92,b,2025-02-24 19:48:10.601095
case_92,a,2025-02-24 19:53:10.601095
case_92,b,2025-02-24 19:58:10.601095
case_92,c,2025-02-24 20:03:10.601095
case_92,a,2025-02-24 20:08:10.601095
case_92,c,2025-02-24 20:13:10.601095
case_92,c,2025-02-24 20:18:10.601095
case_92,c,2025-02-24 20:23:10.601095
case_92,c,2025-02-24 20:28:10.601095
case_92,c,2025-02-24 20:33:10.601095
case_92,a,2025-02-24 20:38:10.601095
case_92,a,2025-02-24 20:43:10.601095
case_92,b,2025-02-24 20:48:10.601095
case_92,c,2025-02-24 20:53:10.601095
case_92,c,2025-02-24 20:58:10.601095
case_92,a,2025-02-24 21:03:10.601095
case_93,c,2025-02-24 19:28:10.601125
case_93,c,2025-02-24 19:33:10.601125
case_93,b,2025-02-24 19:38:10.601125
case_93,b,2025-02-24 19:43:10.601125
case_93,b,2025-02-24 19:48:10.601125
case_93,b,2025-02-24 19:53:10.601125
case_93,c,2025-02-24 19:58:10.601125
case_93,b,2025-02-24 20:03:10.601125
case_93,b,2025-02-24 20:08:10.601125
case_93,b,2025-02-24 20:13:10.601125
case_93,a,2025-02-24 20:18:10.601125
case_93,c,2025-02-24 20:23:10.601125
case_93,b,2025-02-24 20:28:10.601125
case_93,b,2025-02-24 20:33:10.601125
case_93,b,2025-02-24 20:38:10.601125
case_93,a,2025-02-24 20:43:10.601125
case_93,b,2025-02-24 20:48:10.601125
case_93,b,2025-02-24 20:53:10.601125
case_93,c,2025-02-24 20:58:10.601125
case_93,a,2025-02-24 21:03:10.601125
case_94,b,2025-02-24 19:28:10.601155
case_94,b,2025-02-24 19:33:10.601155
case_94,a,2025-02-24 19:38:10.601155
case_94,a,2025-02-24 19:43:10.601155
case_94,b,2025-02-24 19:48:10.601155
case_94,c,2025-02-24 19:53:10.601155
case_94,a,2025-02-24 19:58:10.601155
case_94,a,2025-02-24 20:03:10.601155
case_94,c,2025-02-24 20:08:10.601155
case_94,a,2025-02-24 20:13:10.601155
case_94,a,2025-02-24 20:18:10.601155
case_94,a,2025-02-24 20:23:10.601155
case_94,c,2025-02-24 20:28:10.601155
case_94,a,2025-02-24 20:33:10.601155
case_94,b,2025-02-24 20:38:10.601155
case_94,b,2025-02-24 20:43:10.601155
case_94,b,2025-02-24 20:48:10.601155
case_94,c,2025-02-24 20:53:10.601155
case_94,c,2025-02-24 20:58:10.601155
case_94,a,2025-02-24 21:03:10.601155
case_95,c,2025-02-24 19:28:10.601185
case_95,c,2025-02-24 19:33:10.601185
case_95,c,2025-02-24 19:38:10.601185
case_95,a,2025-02-24 19:43:10.601185
case_95,c,2025-02-24 19:48:10.601185
case_95,b,2025-02-24 19:53:10.601185
case_95,c,2025-02-24 19:58:10.601185
case_95,a,2025-02-24 20:03:10.601185
case_95,b,2025-02-24 20:08:10.601185
case_95,b,2025-02-24 20:13:10.601185
case_95,c,2025-02-24 20:18:10.601185
case_95,c,2025-02-24 20:23:10.601185
case_95,a,2025-02-24 20:28:10.601185
case_95,c,2025-02-24 20:33:10.601185
case_95,b,2025-02-24 20:38:10.601185
case_95,a,2025-02-24 20:43:10.601185
case_95,a,2025-02-24 20:48:10.601185
case_95,b,2025-02-24 20:53:10.601185
case_95,b,2025-02-24 20:58:10.601185
case_95,a,2025-02-24 21:03:10.601185
case_96,b,2025-02-24 19:28:10.601214
case_96,c,2025-02-24 19:33:10.601214
case_96,b,2025-02-24 19:38:10.601214
case_96,c,2025-02-24 19:43:10.601214
case_96,b,2025-02-24 19:48:10.601214
case_96,c,2025-02-24 19:53:10.601214
case_96,c,2025-02-24 19:58:10.601214
case_96,a,2025-02-24 20:03:10.601214
case_96,b,2025-02-24 20:08:10.601214
case_96,b,2025-02-24 20:13:10.601214
case_96,b,2025-02-24 20:18:10.601214
case_96,b,2025-02-24 20:23:10.601214
case_96,a,2025-02-24 20:28:10.601214
case_96,c,2025-02-24 20:33:10.601214
case_96,a,2025-02-24 20:38:10.601214
case_96,c,2025-02-24 20:43:10.601214
case_96,b,2025-02-24 20:48:10.601214
case_96,b,2025-02-24 20:53:10.601214
case_96,a,2025-02-24 20:58:10.601214
case_96,a,2025-02-24 21:03:10.601214
case_97,b,2025-02-24 19:28:10.601244
case_97,b,2025-02-24 19:33:10.601244
case_97,a,2025-02-24 19:38:10.601244
case_97,b,2025-02-24 19:43:10.601244
case_97,b,2025-02-24 19:48:10.601244
case_97,c,2025-02-24 19:53:10.601244
case_97,a,2025-02-24 19:58:10.601244
case_97,c,2025-02-24 20:03:10.601244
case_97,a,2025-02-24 20:08:10.601244
case_97,c,2025-02-24 20:13:10.601244
case_97,a,2025-02-24 20:18:10.601244
case_97,b,2025-02-24 20:23:10.601244
case_97,b,2025-02-24 20:28:10.601244
case_97,b,2025-02-24 20:33:10.601244
case_97,b,2025-02-24 20:38:10.601244
case_97,b,2025-02-24 20:43:10.601244
case_97,b,2025-02-24 20:48:10.601244
case_97,c,2025-02-24 20:53:10.601244
case_97,c,2025-02-24 20:58:10.601244
case_97,a,2025-02-24 21:03:10.601244
case_98,c,2025-02-24 19:28:10.601274
case_98,a,2025-02-24 19:33:10.601274
case_98,b,2025-02-24 19:38:10.601274
case_98,a,2025-02-24 19:43:10.601274
case_98,b,2025-02-24 19:48:10.601274
case_98,b,2025-02-24 19:53:10.601274
case_98,a,2025-02-24 19:58:10.601274
case_98,c,2025-02-24 20:03:10.601274
case_98,b,2025-02-24 20:08:10.601274
case_98,a,2025-02-24 20:13:10.601274
case_98,c,2025-02-24 20:18:10.601274
case_98,a,2025-02-24 20:23:10.601274
case_98,a,2025-02-24 20:28:10.601274
case_98,b,2025-02-24 20:33:10.601274
case_98,a,2025-02-24 20:38:10.601274
case_98,b,2025-02-24 20:43:10.601274
case_98,c,2025-02-24 20:48:10.601274
case_98,c,2025-02-24 20:53:10.601274
case_98,a,2025-02-24 20:58:10.601274
case_98,b,2025-02-24 21:03:10.601274
case_99,b,2025-02-24 19:28:10.601304
case_99,b,2025-02-24 19:33:10.601304
case_99,a,2025-02-24 19:38:10.601304
case_99,c,2025-02-24 19:43:10.601304
case_99,a,2025-02-24 19:48:10.601304
case_99,b,2025-02-24 19:53:10.601304
case_99,b,2025-02-24 19:58:10.601304
case_99,a,2025-02-24 20:03:10.601304
case_99,c,2025-02-24 20:08:10.601304
case_99,b,2025-02-24 20:13:10.601304
case_99,a,2025-02-24 20:18:10.601304
case_99,c,2025-02-24 20:23:10.601304
case_99,b,2025-02-24 20:28:10.601304
case_99,b,2025-02-24 20:33:10.601304
case_99,b,2025-02-24 20:38:10.601304
case_99,a,2025-02-24 20:43:10.601304
case_99,b,2025-02-24 20:48:10.601304
case_99,c,2025-02-24 20:53:10.601304
case_99,c,2025-02-24 20:58:10.601304
case_99,a,2025-02-24 21:03:10.601304
case_100,c,2025-02-24 19:28:10.601337
case_100,b,2025-02-24 19:33:10.601337
case_100,b,2025-02-24 19:38:10.601337
case_100,b,2025-02-24 19:43:10.601337
case_100,a,2025-02-24 19:48:10.601337
case_100,a,2025-02-24 19:53:10.601337
case_100,c,2025-02-24 19:58:10.601337
case_100,b,2025-02-24 20:03:10.601337
case_100,a,2025-02-24 20:08:10.601337
case_100,a,2025-02-24 20:13:10.601337
case_100,b,2025-02-24 20:18:10.601337
case_100,a,2025-02-24 20:23:10.601337
case_100,c,2025-02-24 20:28:10.601337
case_100,a,2025-02-24 20:33:10.601337
case_100,a,2025-02-24 20:38:10.601337
case_100,a,2025-02-24 20:43:10.601337
case_100,c,2025-02-24 20:48:10.601337
case_100,c,2025-02-24 20:53:10.601337
case_100,c,2025-02-24 20:58:10.601337
case_100,a,2025-02-24 21:03:10.601337
case_101,b,2025-02-24 19:28:10.601369
case_101,a,2025-02-24 19:33:10.601369
case_101,c,2025-02-24 19:38:10.601369
case_101,b,2025-02-24 19:43:10.601369
case_101,b,2025-02-24 19:48:10.601369
case_101,c,2025-02-24 19:53:10.601369
case_101,c,2025-02-24 19:58:10.601369
case_101,a,2025-02-24 20:03:10.601369
case_101,c,2025-02-24 20:08:10.601369
case_101,b,2025-02-24 20:13:10.601369
case_101,b,2025-02-24 20:18:10.601369
case_101,c,2025-02-24 20:23:10.601369
case_101,c,2025-02-24 20:28:10.601369
case_101,a,2025-02-24 20:33:10.601369
case_101,a,2025-02-24 20:38:10.601369
case_101,c,2025-02-24 20:43:10.601369
case_101,b,2025-02-24 20:48:10.601369
case_101,a,2025-02-24 20:53:10.601369
case_101,a,2025-02-24 20:58:10.601369
case_101,b,2025-02-24 21:03:10.601369
case_102,a,2025-02-24 19:28:10.601401
case_102,c,2025-02-24 19:33:10.601401
case_102,a,2025-02-24 19:38:10.601401
case_102,c,2025-02-24 19:43:10.601401
case_102,c,2025-02-24 19:48:10.601401
case_102,b,2025-02-24 19:53:10.601401
case_102,c,2025-02-24 19:58:10.601401
case_102,a,2025-02-24 20:03:10.601401
case_102,a,2025-02-24 20:08:10.601401
case_102,b,2025-02-24 20:13:10.601401
case_102,b,2025-02-24 20:18:10.601401
case_102,b,2025-02-24 20:23:10.601401
case_102,c,2025-02-24 20:28:10.601401
case_102,b,2025-02-24 20:33:10.601401
case_102,a,2025-02-24 20:38:10.601401
case_102,c,2025-02-24 20:43:10.601401
case_102,c,2025-02-24 20:48:10.601401
case_102,b,2025-02-24 20:53:10.601401
case_102,c,2025-02-24 20:58:10.601401
case_102,a,2025-02-24 21:03:10.601401
case_103,c,2025-02-24 19:28:10.601431
case_103,c,2025-02-24 19:33:10.601431
case_103,b,2025-02-24 19:38:10.601431
case_103,c,2025-02-24 19:43:10.601431
case_103,c,2025-02-24 19:48:10.601431
case_103,a,2025-02-24 19:53:10.601431
case_103,a,2025-02-24 19:58:10.601431
case_103,a,2025-02-24 20:03:10.601431
case_103,b,2025-02-24 20:08:10.601431
case_103,b,2025-02-24 20:13:10.601431
case_103,b,2025-02-24 20:18:10.601431
case_103,c,2025-02-24 20:23:10.601431
case_103,b,2025-02-24 20:28:10.601431
case_103,a,2025-02-24 20:33:10.601431
case_103,c,2025-02-24 20:38:10.601431
case_103,c,2025-02-24 20:43:10.601431
case_103,b,2025-02-24 20:48:10.601431
case_103,b,2025-02-24 20:53:10.601431
case_103,b,2025-02-24 20:58:10.601431
case_103,a,2025-02-24 21:03:10.601431
case_104,b,2025-02-24 19:28:10.601462
case_104,c,2025-02-24 19:33:10.601462
case_104,b,2025-02-24 19:38:10.601462
case_104,b,2025-02-24 19:43:10.601462
case_104,c,2025-02-24 19:48:10.601462
case_104,c,2025-02-24 19:53:10.601462
case_104,c,2025-02-24 19:58:10.601462
case_104,b,2025-02-24 20:03:10.601462
case_104,c,2025-02-24 20:08:10.601462
case_104,a,2025-02-24 20:13:10.601462
case_104,b,2025-02-24 20:18:10.601462
case_104,b,2025-02-24 20:23:10.601462
case_104,c,2025-02-24 20:28:10.601462
case_104,b,2025-02-24 20:33:10.601462
case_104,c,2025-02-24 20:38:10.601462
case_104,b,2025-02-24 20:43:10.601462
case_104,c,2025-02-24 20:48:10.601462
case_104,a,2025-02-24 20:53:10.601462
case_104,c,2025-02-24 20:58:10.601462
case_104,a,2025-02-24 21:03:10.601462
case_105,b,2025-02-24 19:28:10.601493
case_105,a,2025-02-24 19:33:10.601493
case_105,a,2025-02-24 19:38:10.601493
case_105,c,2025-02-24 19:43:10.601493
case_105,c,2025-02-24 19:48:10.601493
case_105,b,2025-02-24 19:53:10.601493
case_105,a,2025-02-24 19:58:10.601493
case_105,b,2025-02-24 20:03:10.601493
case_105,c,2025-02-24 20:08:10.601493
case_105,a,2025-02-24 20:13:10.601493
case_105,c,2025-02-24 20:18:10.601493
case_105,c,2025-02-24 20:23:10.601493
case_105,b,2025-02-24 20:28:10.601493
case_105,c,2025-02-24 20:33:10.601493
case_105,b,2025-02-24 20:38:10.601493
case_105,b,2025-02-24 20:43:10.601493
case_105,b,2025-02-24 20:48:10.601493
case_105,b,2025-02-24 20:53:10.601493
case_105,c,2025-02-24 20:58:10.601493
case_105,a,2025-02-24 21:03:10.601493
case_106,a,2025-02-24 19:28:10.601524
case_106,b,2025-02-24 19:33:10.601524
case_106,b,2025-02-24 19:38:10.601524
case_106,c,2025-02-24 19:43:10.601524
case_106,c,2025-02-24 19:48:10.601524
case_106,b,2025-02-24 19:53:10.601524
case_106,b,2025-02-24 19:58:10.601524
case_106,b,2025-02-24 20:03:10.601524
case_106,b,2025-02-24 20:08:10.601524
case_106,a,2025-02-24 20:13:10.601524
case_106,c,2025-02-24 20:18:10.601524
case_106,c,2025-02-24 20:23:10.601524
case_106,b,2025-02-24 20:28:10.601524
case_106,c,2025-02-24 20:33:10.601524
case_106,c,2025-02-24 20:38:10.601524
case_106,c,2025-02-24 20:43:10.601524
case_106,a,2025-02-24 20:48:10.601524
case_106,b,2025-02-24 20:53:10.601524
case_106,a,2025-02-24 20:58:10.601524
case_106,b,2025-02-24 21:03:10.601524
case_107,b,2025-02-24 19:28:10.601556
case_107,a,2025-02-24 19:33:10.601556
case_107,a,2025-02-24 19:38:10.601556
case_107,a,2025-02-24 19:43:10.601556
case_107,a,2025-02-24 19:48:10.601556
case_107,c,2025-02-24 19:53:10.601556
case_107,b,2025-02-24 19:58:10.601556
case_107,a,2025-02-24 20:03:10.601556
case_107,b,2025-02-24 20:08:10.601556
case_107,c,2025-02-24 20:13:10.601556
case_107,b,2025-02-24 20:18:10.601556
case_107,b,2025-02-24 20:23:10.601556
case_107,a,2025-02-24 20:28:10.601556
case_107,c,2025-02-24 20:33:10.601556
case_107,b,2025-02-24 20:38:10.601556
case_107,b,2025-02-24 20:43:10.601556
case_107,c,2025-02-24 20:48:10.601556
case_107,c,2025-02-24 20:53:10.601556
case_107,a,2025-02-24 20:58:10.601556
case_107,a,2025-02-24 21:03:10.601556
case_108,b,2025-02-24 19:28:10.601586
case_108,b,2025-02-24 19:33:10.601586
case_108,b,2025-02-24 19:38:10.601586
case_108,a,2025-02-24 19:43:10.601586
case_108,a,2025-02-24 19:48:10.601586
case_108,c,2025-02-24 19:53:10.601586
case_108,b,2025-02-24 19:58:10.601586
case_108,a,2025-02-24 20:03:10.601586
case_108,a,2025-02-24 20:08:10.601586
case_108,a,2025-02-24 20:13:10.601586
case_108,a,2025-02-24 20:18:10.601586
case_108,b,2025-02-24 20:23:10.601586
case_108,c,2025-02-24 20:28:10.601586
case_108,c,2025-02-24 20:33:10.601586
case_108,a,2025-02-24 20:38:10.601586
case_108,a,2025-02-24 20:43:10.601586
case_108,a,2025-02-24 20:48:10.601586
case_108,c,2025-02-24 20:53:10.601586
case_108,c,2025-02-24 20:58:10.601586
case_108,a,2025-02-24 21:03:10.601586
case_109,b,2025-02-24 19:28:10.601617
case_109,c,2025-02-24 19:33:10.601617
case_109,b,2025-02-24 19:38:10.601617
case_109,a,2025-02-24 19:43:10.601617
case_109,a,2025-02-24 19:48:10.601617
case_109,b,2025-02-24 19:53:10.601617
case_109,a,2025-02-24 19:58:10.601617
case_109,b,2025-02-24 20:03:10.601617
case_109,a,2025-02-24 20:08:10.601617
case_109,c,2025-02-24 20:13:10.601617
case_109,b,2025-02-24 20:18:10.601617
case_109,b,2025-02-24 20:23:10.601617
case_109,c,2025-02-24 20:28:10.601617
case_109,a,2025-02-24 20:33:10.601617
case_109,a,2025-02-24 20:38:10.601617
case_109,b,2025-02-24 20:43:10.601617
case_109,b,2025-02-24 20:48:10.601617
case_109,c,2025-02-24 20:53:10.601617
case_109,c,2025-02-24 20:58:10.601617
case_109,a,2025-02-24 21:03:10.601617
case_110,a,2025-02-24 19:28:10.601647
case_110,a,2025-02-24 19:33:10.601647
case_110,c,2025-02-24 19:38:10.601647
case_110,b,2025-02-24 19:43:10.601647
case_110,b,2025-02-24 19:48:10.601647
case_110,b,2025-02-24 19:53:10.601647
case_110,c,2025-02-24 19:58:10.601647
case_110,c,2025-02-24 20:03:10.601647
case_110,b,2025-02-24 20:08:10.601647
case_110,b,2025-02-24 20:13:10.601647
case_110,a,2025-02-24 20:18:10.601647
case_110,a,2025-02-24 20:23:10.601647
case_110,a,2025-02-24 20:28:10.601647
case_110,a,2025-02-24 20:33:10.601647
case_110,b,2025-02-24 20:38:10.601647
case_110,b,2025-02-24 20:43:10.601647
case_110,b,2025-02-24 20:48:10.601647
case_110,c,2025-02-24 20:53:10.601647
case_110,a,2025-02-24 20:58:10.601647
case_110,b,2025-02-24 21:03:10.601647
case_111,b,2025-02-24 19:28:10.601677
case_111,c,2025-02-24 19:33:10.601677
case_111,c,2025-02-24 19:38:10.601677
case_111,c,2025-02-24 19:43:10.601677
case_111,a,2025-02-24 19:48:10.601677
case_111,b,2025-02-24 19:53:10.601677
case_111,b,2025-02-24 19:58:10.601677
case_111,a,2025-02-24 20:03:10.601677
case_111,a,2025-02-24 20:08:10.601677
case_111,a,2025-02-24 20:13:10.601677
case_111,b,2025-02-24 20:18:10.601677
case_111,c,2025-02-24 20:23:10.601677
case_111,b,2025-02-24 20:28:10.601677
case_111,b,2025-02-24 20:33:10.601677
case_111,b,2025-02-24 20:38:10.601677
case_111,c,2025-02-24 20:43:10.601677
case_111,c,2025-02-24 20:48:10.601677
case_111,c,2025-02-24 20:53:10.601677
case_111,a,2025-02-24 20:58:10.601677
case_111,b,2025-02-24 21:03:10.601677
case_112,a,2025-02-24 19:28:10.601708
case_112,a,2025-02-24 19:33:10.601708
case_112,c,2025-02-24 19:38:10.601708
case_112,c,2025-02-24 19:43:10.601708
case_112,a,2025-02-24 19:48:10.601708
case_112,a,2025-02-24 19:53:10.601708
case_112,a,2025-02-24 19:58:10.601708
case_112,a,2025-02-24 20:03:10.601708
case_112,b,2025-02-24 20:08:10.601708
case_112,b,2025-02-24 20:13:10.601708
case_112,b,2025-02-24 20:18:10.601708
case_112,c,2025-02-24 20:23:10.601708
case_112,a,2025-02-24 20:28:10.601708
case_112,a,2025-02-24 20:33:10.601708
case_112,a,2025-02-24 20:38:10.601708
case_112,a,2025-02-24 20:43:10.601708
case_112,a,2025-02-24 20:48:10.601708
case_112,a,2025-02-24 20:53:10.601708
case_112,a,2025-02-24 20:58:10.601708
case_112,a,2025-02-24 21:03:10.601708
case_113,a,2025-02-24 19:28:10.601738
case_113,b,2025-02-24 19:33:10.601738
case_113,a,2025-02-24 19:38:10.601738
case_113,b,2025-02-24 19:43:10.601738
case_113,a,2025-02-24 19:48:10.601738
case_113,a,2025-02-24 19:53:10.601738
case_113,c,2025-02-24 19:58:10.601738
case_113,a,2025-02-24 20:03:10.601738
case_113,b,2025-02-24 20:08:10.601738
case_113,a,2025-02-24 20:13:10.601738
case_113,a,2025-02-24 20:18:10.601738
case_113,b,2025-02-24 20:23:10.601738
case_113,c,2025-02-24 20:28:10.601738
case_113,c,2025-02-24 20:33:10.601738
case_113,c,2025-02-24 20:38:10.601738
case_113,c,2025-02-24 20:43:10.601738
case_113,a,2025-02-24 20:48:10.601738
case_113,b,2025-02-24 20:53:10.601738
case_113,c,2025-02-24 20:58:10.601738
case_113,a,2025-02-24 21:03:10.601738
case_114,a,2025-02-24 19:28:10.601770
case_114,a,2025-02-24 19:33:10.601770
case_114,c,2025-02-24 19:38:10.601770
case_114,c,2025-02-24 19:43:10.601770
case_114,b,2025-02-24 19:48:10.601770
case_114,a,2025-02-24 19:53:10.601770
case_114,b,2025-02-24 19:58:10.601770
case_114,b,2025-02-24 20:03:10.601770
case_114,b,2025-02-24 20:08:10.601770
case_114,c,2025-02-24 20:13:10.601770
case_114,b,2025-02-24 20:18:10.601770
case_114,a,2025-02-24 20:23:10.601770
case_114,c,2025-02-24 20:28:10.601770
case_114,b,2025-02-24 20:33:10.601770
case_114,c,2025-02-24 20:38:10.601770
case_114,c,2025-02-24 20:43:10.601770
case_114,a,2025-02-24 20:48:10.601770
case_114,c,2025-02-24 20:53:10.601770
case_114,c,2025-02-24 20:58:10.601770
case_114,a,2025-02-24 21:03:10.601770
case_115,b,2025-02-24 19:28:10.601801
case_115,c,2025-02-24 19:33:10.601801
case_115,a,2025-02-24 19:38:10.601801
case_115,a,2025-02-24 19:43:10.601801
case_115,a,2025-02-24 19:48:10.601801
case_115,c,2025-02-24 19:53:10.601801
case_115,a,2025-02-24 19:58:10.601801
case_115,c,2025-02-24 20:03:10.601801
case_115,b,2025-02-24 20:08:10.601801
case_115,b,2025-02-24 20:13:10.601801
case_115,c,2025-02-24 20:18:10.601801
case_115,b,2025-02-24 20:23:10.601801
case_115,b,2025-02-24 20:28:10.601801
case_115,b,2025-02-24 20:33:10.601801
case_115,c,2025-02-24 20:38:10.601801
case_115,a,2025-02-24 20:43:10.601801
case_115,a,2025-02-24 20:48:10.601801
case_115,c,2025-02-24 20:53:10.601801
case_115,c,2025-02-24 20:58:10.601801
case_115,a,2025-02-24 21:03:10.601801
case_116,c,2025-02-24 19:28:10.601831
case_116,a,2025-02-24 19:33:10.601831
case_116,a,2025-02-24 19:38:10.601831
case_116,b,2025-02-24 19:43:10.601831
case_116,a,2025-02-24 19:48:10.601831
case_116,a,2025-02-24 19:53:10.601831
case_116,c,2025-02-24 19:58:10.601831
case_116,b,2025-02-24 20:03:10.601831
case_116,a,2025-02-24 20:08:10.601831
case_116,a,2025-02-24 20:13:10.601831
case_116,a,2025-02-24 20:18:10.601831
case_116,b,2025-02-24 20:23:10.601831
case_116,a,2025-02-24 20:28:10.601831
case_116,b,2025-02-24 20:33:10.601831
case_116,a,2025-02-24 20:38:10.601831
case_116,a,2025-02-24 20:43:10.601831
case_116,b,2025-02-24 20:48:10.601831
case_116,c,2025-02-24 20:53:10.601831
case_116,c,2025-02-24 20:58:10.601831
case_116,a,2025-02-24 21:03:10.601831
case_117,a,2025-02-24 19:28:10.601862
case_117,c,2025-02-24 19:33:10.601862
case_117,b,2025-02-24 19:38:10.601862
case_117,b,2025-02-24 19:43:10.601862
case_117,b,2025-02-24 19:48:10.601862
case_117,a,2025-02-24 19:53:10.601862
case_117,c,2025-02-24 19:58:10.601862
case_117,a,2025-02-24 20:03:10.601862
case_117,b,2025-02-24 20:08:10.601862
case_117,a,2025-02-24 20:13:10.601862
case_117,a,2025-02-24 20:18:10.601862
case_117,a,2025-02-24 20:23:10.601862
case_117,b,2025-02-24 20:28:10.601862
case_117,b,2025-02-24 20:33:10.601862
case_117,b,2025-02-24 20:38:10.601862
case_117,a,2025-02-24 20:43:10.601862
case_117,b,2025-02-24 20:48:10.601862
case_117,c,2025-02-24 20:53:10.601862
case_117,c,2025-02-24 20:58:10.601862
case_117,a,2025-02-24 21:03:10.601862
case_118,a,2025-02-24 19:28:10.601892
case_118,c,2025-02-24 19:33:10.601892
case_118,a,2025-02-24 19:38:10.601892
case_118,c,2025-02-24 19:43:10.601892
case_118,b,2025-02-24 19:48:10.601892
case_118,a,2025-02-24 19:53:10.601892
case_118,c,2025-02-24 19:58:10.601892
case_118,a,2025-02-24 20:03:10.601892
case_118,c,2025-02-24 20:08:10.601892
case_118,c,2025-02-24 20:13:10.601892
case_118,c,2025-02-24 20:18:10.601892
case_118,c,2025-02-24 20:23:10.601892
case_118,c,2025-02-24 20:28:10.601892
case_118,c,2025-02-24 20:33:10.601892
case_118,a,2025-02-24 20:38:10.601892
case_118,b,2025-02-24 20:43:10.601892
case_118,b,2025-02-24 20:48:10.601892
case_118,b,2025-02-24 20:53:10.601892
case_118,a,2025-02-24 20:58:10.601892
case_118,b,2025-02-24 21:03:10.601892
case_119,b,2025-02-24 19:28:10.601922
case_119,a,2025-02-24 19:33:10.601922
case_119,a,2025-02-24 19:38:10.601922
case_119,b,2025-02-24 19:43:10.601922
case_119,a,2025-02-24 19:48:10.601922
case_119,a,2025-02-24 19:53:10.601922
case_119,b,2025-02-24 19:58:10.601922
case_119,c,2025-02-24 20:03:10.601922
case_119,c,2025-02-24 20:08:10.601922
case_119,a,2025-02-24 20:13:10.601922
case_119,c,2025-02-24 20:18:10.601922
case_119,b,2025-02-24 20:23:10.601922
case_119,b,2025-02-24 20:28:10.601922
case_119,a,2025-02-24 20:33:10.601922
case_119,a,2025-02-24 20:38:10.601922
case_119,b,2025-02-24 20:43:10.601922
case_119,a,2025-02-24 20:48:10.601922
case_119,a,2025-02-24 20:53:10.601922
case_119,b,2025-02-24 20:58:10.601922
case_119,b,2025-02-24 21:03:10.601922
case_120,c,2025-02-24 19:28:10.601953
case_120,b,2025-02-24 19:33:10.601953
case_120,a,2025-02-24 19:38:10.601953
case_120,c,2025-02-24 19:43:10.601953
case_120,b,2025-02-24 19:48:10.601953
case_120,b,2025-02-24 19:53:10.601953
case_120,c,2025-02-24 19:58:10.601953
case_120,a,2025-02-24 20:03:10.601953
case_120,c,2025-02-24 20:08:10.601953
case_120,c,2025-02-24 20:13:10.601953
case_120,c,2025-02-24 20:18:10.601953
case_120,c,2025-02-24 20:23:10.601953
case_120,a,2025-02-24 20:28:10.601953
case_120,b,2025-02-24 20:33:10.601953
case_120,a,2025-02-24 20:38:10.601953
case_120,c,2025-02-24 20:43:10.601953
case_120,c,2025-02-24 20:48:10.601953
case_120,a,2025-02-24 20:53:10.601953
case_120,a,2025-02-24 20:58:10.601953
case_120,b,2025-02-24 21:03:10.601953
case_121,c,2025-02-24 19:28:10.601983
case_121,b,2025-02-24 19:33:10.601983
case_121,c,2025-02-24 19:38:10.601983
case_121,b,2025-02-24 19:43:10.601983
case_121,c,2025-02-24 19:48:10.601983
case_121,a,2025-02-24 19:53:10.601983
case_121,a,2025-02-24 19:58:10.601983
case_121,b,2025-02-24 20:03:10.601983
case_121,b,2025-02-24 20:08:10.601983
case_121,a,2025-02-24 20:13:10.601983
case_121,a,2025-02-24 20:18:10.601983
case_121,b,2025-02-24 20:23:10.601983
case_121,b,2025-02-24 20:28:10.601983
case_121,a,2025-02-24 20:33:10.601983
case_121,a,2025-02-24 20:38:10.601983
case_121,c,2025-02-24 20:43:10.601983
case_121,b,2025-02-24 20:48:10.601983
case_121,c,2025-02-24 20:53:10.601983
case_121,c,2025-02-24 20:58:10.601983
case_121,a,2025-02-24 21:03:10.601983
case_122,a,2025-02-24 19:28:10.602014
case_122,b,2025-02-24 19:33:10.602014
case_122,b,2025-02-24 19:38:10.602014
case_122,a,2025-02-24 19:43:10.602014
case_122,c,2025-02-24 19:48:10.602014
case_122,b,2025-02-24 19:53:10.602014
case_122,a,2025-02-24 19:58:10.602014
case_122,c,2025-02-24 20:03:10.602014
case_122,a,2025-02-24 20:08:10.602014
case_122,a,2025-02-24 20:13:10.602014
case_122,b,2025-02-24 20:18:10.602014
case_122,a,2025-02-24 20:23:10.602014
case_122,b,2025-02-24 20:28:10.602014
case_122,c,2025-02-24 20:33:10.602014
case_122,c,2025-02-24 20:38:10.602014
case_122,c,2025-02-24 20:43:10.602014
case_122,c,2025-02-24 20:48:10.602014
case_122,b,2025-02-24 20:53:10.602014
case_122,c,2025-02-24 20:58:10.602014
case_122,a,2025-02-24 21:03:10.602014
case_123,a,2025-02-24 19:28:10.602044
case_123,c,2025-02-24 19:33:10.602044
case_123,c,2025-02-24 19:38:10.602044
case_123,b,2025-02-24 19:43:10.602044
case_123,a,2025-02-24 19:48:10.602044
case_123,b,2025-02-24 19:53:10.602044
case_123,a,2025-02-24 19:58:10.602044
case_123,a,2025-02-24 20:03:10.602044
case_123,a,2025-02-24 20:08:10.602044
case_123,a,2025-02-24 20:13:10.602044
case_123,b,2025-02-24 20:18:10.602044
case_123,c,2025-02-24 20:23:10.602044
case_123,c,2025-02-24 20:28:10.602044
case_123,a,2025-02-24 20:33:10.602044
case_123,c,2025-02-24 20:38:10.602044
case_123,a,2025-02-24 20:43:10.602044
case_123,b,2025-02-24 20:48:10.602044
case_123,c,2025-02-24 20:53:10.602044
case_123,a,2025-02-24 20:58:10.602044
case_123,b,2025-02-24 21:03:10.602044
case_124,b,2025-02-24 19:28:10.602075
case_124,c,2025-02-24 19:33:10.602075
case_124,a,2025-02-24 19:38:10.602075
case_124,a,2025-02-24 19:43:10.602075
case_124,b,2025-02-24 19:48:10.602075
case_124,b,2025-02-24 19:53:10.602075
case_124,c,2025-02-24 19:58:10.602075
case_124,b,2025-02-24 20:03:10.602075
case_124,b,2025-02-24 20:08:10.602075
case_124,b,2025-02-24 20:13:10.602075
case_124,c,2025-02-24 20:18:10.602075
case_124,c,2025-02-24 20:23:10.602075
case_124,b,2025-02-24 20:28:10.602075
case_124,b,2025-02-24 20:33:10.602075
case_124,c,2025-02-24 20:38:10.602075
case_124,a,2025-02-24 20:43:10.602075
case_124,b,2025-02-24 20:48:10.602075
case_124,c,2025-02-24 20:53:10.602075
case_124,b,2025-02-24 20:58:10.602075
case_124,a,2025-02-24 21:03:10.602075
case_125,b,2025-02-24 19:28:10.602105
case_125,c,2025-02-24 19:33:10.602105
case_125,b,2025-02-24 19:38:10.602105
case_125,a,2025-02-24 19:43:10.602105
case_125,a,2025-02-24 19:48:10.602105
case_125,c,2025-02-24 19:53:10.602105
case_125,c,2025-02-24 19:58:10.602105
case_125,b,2025-02-24 20:03:10.602105
case_125,c,2025-02-24 20:08:10.602105
case_125,b,2025-02-24 20:13:10.602105
case_125,c,2025-02-24 20:18:10.602105
case_125,c,2025-02-24 20:23:10.602105
case_125,a,2025-02-24 20:28:10.602105
case_125,c,2025-02-24 20:33:10.602105
case_125,a,2025-02-24 20:38:10.602105
case_125,b,2025-02-24 20:43:10.602105
case_125,a,2025-02-24 20:48:10.602105
case_125,c,2025-02-24 20:53:10.602105
case_125,a,2025-02-24 20:58:10.602105
case_125,b,2025-02-24 21:03:10.602105
case_126,b,2025-02-24 19:28:10.602136
case_126,a,2025-02-24 19:33:10.602136
case_126,c,2025-02-24 19:38:10.602136
case_126,b,2025-02-24 19:43:10.602136
case_126,b,2025-02-24 19:48:10.602136
case_126,b,2025-02-24 19:53:10.602136
case_126,b,2025-02-24 19:58:10.602136
case_126,a,2025-02-24 20:03:10.602136
case_126,b,2025-02-24 20:08:10.602136
case_126,a,2025-02-24 20:13:10.602136
case_126,b,2025-02-24 20:18:10.602136
case_126,a,2025-02-24 20:23:10.602136
case_126,b,2025-02-24 20:28:10.602136
case_126,c,2025-02-24 20:33:10.602136
case_126,c,2025-02-24 20:38:10.602136
case_126,c,2025-02-24 20:43:10.602136
case_126,c,2025-02-24 20:48:10.602136
case_126,a,2025-02-24 20:53:10.602136
case_126,b,2025-02-24 20:58:10.602136
case_126,b,2025-02-24 21:03:10.602136
case_127,b,2025-02-24 19:28:10.602166
case_127,b,2025-02-24 19:33:10.602166
case_127,b,2025-02-24 19:38:10.602166
case_127,b,2025-02-24 19:43:10.602166
case_127,a,2025-02-24 19:48:10.602166
case_127,a,2025-02-24 19:53:10.602166
case_127,b,2025-02-24 19:58:10.602166
case_127,a,2025-02-24 20:03:10.602166
case_127,a,2025-02-24 20:08:10.602166
case_127,b,2025-02-24 20:13:10.602166
case_127,a,2025-02-24 20:18:10.602166
case_127,a,2025-02-24 20:23:10.602166
case_127,a,2025-02-24 20:28:10.602166
case_127,b,2025-02-24 20:33:10.602166
case_127,b,2025-02-24 20:38:10.602166
case_127,b,2025-02-24 20:43:10.602166
case_127,a,2025-02-24 20:48:10.602166
case_127,c,2025-02-24 20:53:10.602166
case_127,c,2025-02-24 20:58:10.602166
case_127,a,2025-02-24 21:03:10.602166
case_128,a,2025-02-24 19:28:10.602196
case_128,b,2025-02-24 19:33:10.602196
case_128,c,2025-02-24 19:38:10.602196
case_128,c,2025-02-24 19:43:10.602196
case_128,c,2025-02-24 19:48:10.602196
case_128,a,2025-02-24 19:53:10.602196
case_128,a,2025-02-24 19:58:10.602196
case_128,b,2025-02-24 20:03:10.602196
case_128,a,2025-02-24 20:08:10.602196
case_128,a,2025-02-24 20:13:10.602196
case_128,b,2025-02-24 20:18:10.602196
case_128,a,2025-02-24 20:23:10.602196
case_128,c,2025-02-24 20:28:10.602196
case_128,b,2025-02-24 20:33:10.602196
case_128,b,2025-02-24 20:38:10.602196
case_128,b,2025-02-24 20:43:10.602196
case_128,c,2025-02-24 20:48:10.602196
case_128,c,2025-02-24 20:53:10.602196
case_128,a,2025-02-24 20:58:10.602196
case_128,b,2025-02-24 21:03:10.602196
case_129,b,2025-02-24 19:28:10.602227
case_129,b,2025-02-24 19:33:10.602227
case_129,a,2025-02-24 19:38:10.602227
case_129,b,2025-02-24 19:43:10.602227
case_129,b,2025-02-24 19:48:10.602227
case_129,b,2025-02-24 19:53:10.602227
case_129,c,2025-02-24 19:58:10.602227
case_129,a,2025-02-24 20:03:10.602227
case_129,a,2025-02-24 20:08:10.602227
case_129,c,2025-02-24 20:13:10.602227
case_129,c,2025-02-24 20:18:10.602227
case_129,c,2025-02-24 20:23:10.602227
case_129,c,2025-02-24 20:28:10.602227
case_129,c,2025-02-24 20:33:10.602227
case_129,a,2025-02-24 20:38:10.602227
case_129,c,2025-02-24 20:43:10.602227
case_129,a,2025-02-24 20:48:10.602227
case_129,a,2025-02-24 20:53:10.602227
case_129,b,2025-02-24 20:58:10.602227
case_129,a,2025-02-24 21:03:10.602227
case_130,a,2025-02-24 19:28:10.602258
case_130,c,2025-02-24 19:33:10.602258
case_130,a,2025-02-24 19:38:10.602258
case_130,c,2025-02-24 19:43:10.602258
case_130,a,2025-02-24 19:48:10.602258
case_130,c,2025-02-24 19:53:10.602258
case_130,b,2025-02-24 19:58:10.602258
case_130,b,2025-02-24 20:03:10.602258
case_130,a,2025-02-24 20:08:10.602258
case_130,a,2025-02-24 20:13:10.602258
case_130,a,2025-02-24 20:18:10.602258
case_130,a,2025-02-24 20:23:10.602258
case_130,a,2025-02-24 20:28:10.602258
case_130,a,2025-02-24 20:33:10.602258
case_130,b,2025-02-24 20:38:10.602258
case_130,c,2025-02-24 20:43:10.602258
case_130,b,2025-02-24 20:48:10.602258
case_130,c,2025-02-24 20:53:10.602258
case_130,c,2025-02-24 20:58:10.602258
case_130,a,2025-02-24 21:03:10.602258
case_131,c,2025-02-24 19:28:10.602288
case_131,b,2025-02-24 19:33:10.602288
case_131,c,2025-02-24 19:38:10.602288
case_131,b,2025-02-24 19:43:10.602288
case_131,c,2025-02-24 19:48:10.602288
case_131,a,2025-02-24 19:53:10.602288
case_131,b,2025-02-24 19:58:10.602288
case_131,b,2025-02-24 20:03:10.602288
case_131,b,2025-02-24 20:08:10.602288
case_131,a,2025-02-24 20:13:10.602288
case_131,a,2025-02-24 20:18:10.602288
case_131,a,2025-02-24 20:23:10.602288
case_131,a,2025-02-24 20:28:10.602288
case_131,b,2025-02-24 20:33:10.602288
case_131,a,2025-02-24 20:38:10.602288
case_131,b,2025-02-24 20:43:10.602288
case_131,c,2025-02-24 20:48:10.602288
case_131,c,2025-02-24 20:53:10.602288
case_131,b,2025-02-24 20:58:10.602288
case_131,a,2025-02-24 21:03:10.602288
case_132,a,2025-02-24 19:28:10.602319
case_132,c,2025-02-24 19:33:10.602319
case_132,c,2025-02-24 19:38:10.602319
case_132,a,2025-02-24 19:43:10.602319
case_132,a,2025-02-24 19:48:10.602319
case_132,c,2025-02-24 19:53:10.602319
case_132,c,2025-02-24 19:58:10.602319
case_132,c,2025-02-24 20:03:10.602319
case_132,a,2025-02-24 20:08:10.602319
case_132,c,2025-02-24 20:13:10.602319
case_132,a,2025-02-24 20:18:10.602319
case_132,c,2025-02-24 20:23:10.602319
case_132,a,2025-02-24 20:28:10.602319
case_132,b,2025-02-24 20:33:10.602319
case_132,b,2025-02-24 20:38:10.602319
case_132,c,2025-02-24 20:43:10.602319
case_132,b,2025-02-24 20:48:10.602319
case_132,c,2025-02-24 20:53:10.602319
case_132,a,2025-02-24 20:58:10.602319
case_132,a,2025-02-24 21:03:10.602319
case_133,a,2025-02-24 19:28:10.602351
case_133,b,2025-02-24 19:33:10.602351
case_133,a,2025-02-24 19:38:10.602351
case_133,b,2025-02-24 19:43:10.602351
case_133,a,2025-02-24 19:48:10.602351
case_133,c,2025-02-24 19:53:10.602351
case_133,a,2025-02-24 19:58:10.602351
case_133,a,2025-02-24 20:03:10.602351
case_133,c,2025-02-24 20:08:10.602351
case_133,c,2025-02-24 20:13:10.602351
case_133,b,2025-02-24 20:18:10.602351
case_133,b,2025-02-24 20:23:10.602351
case_133,b,2025-02-24 20:28:10.602351
case_133,c,2025-02-24 20:33:10.602351
case_133,b,2025-02-24 20:38:10.602351
case_133,b,2025-02-24 20:43:10.602351
case_133,b,2025-02-24 20:48:10.602351
case_133,c,2025-02-24 20:53:10.602351
case_133,c,2025-02-24 20:58:10.602351
case_133,a,2025-02-24 21:03:10.602351
case_134,c,2025-02-24 19:28:10.602383
case_134,b,2025-02-24 19:33:10.602383
case_134,a,2025-02-24 19:38:10.602383
case_134,c,2025-02-24 19:43:10.602383
case_134,c,2025-02-24 19:48:10.602383
case_134,b,2025-02-24 19:53:10.602383
case_134,c,2025-02-24 19:58:10.602383
case_134,b,2025-02-24 20:03:10.602383
case_134,a,2025-02-24 20:08:10.602383
case_134,a,2025-02-24 20:13:10.602383
case_134,c,2025-02-24 20:18:10.602383
case_134,c,2025-02-24 20:23:10.602383
case_134,a,2025-02-24 20:28:10.602383
case_134,b,2025-02-24 20:33:10.602383
case_134,a,2025-02-24 20:38:10.602383
case_134,b,2025-02-24 20:43:10.602383
case_134,b,2025-02-24 20:48:10.602383
case_134,a,2025-02-24 20:53:10.602383
case_134,a,2025-02-24 20:58:10.602383
case_134,a,2025-02-24 21:03:10.602383
case_135,a,2025-02-24 19:28:10.602415
case_135,c,2025-02-24 19:33:10.602415
case_135,b,2025-02-24 19:38:10.602415
case_135,c,2025-02-24 19:43:10.602415
case_135,b,2025-02-24 19:48:10.602415
case_135,a,2025-02-24 19:53:10.602415
case_135,c,2025-02-24 19:58:10.602415
case_135,b,2025-02-24 20:03:10.602415
case_135,a,2025-02-24 20:08:10.602415
case_135,a,2025-02-24 20:13:10.602415
case_135,c,2025-02-24 20:18:10.602415
case_135,c,2025-02-24 20:23:10.602415
case_135,c,2025-02-24 20:28:10.602415
case_135,b,2025-02-24 20:33:10.602415
case_135,a,2025-02-24 20:38:10.602415
case_135,a,2025-02-24 20:43:10.602415
case_135,b,2025-02-24 20:48:10.602415
case_135,a,2025-02-24 20:53:10.602415
case_135,c,2025-02-24 20:58:10.602415
case_135,a,2025-02-24 21:03:10.602415
case_136,a,2025-02-24 19:28:10.602445
case_136,c,2025-02-24 19:33:10.602445
case_136,a,2025-02-24 19:38:10.602445
case_136,c,2025-02-24 19:43:10.602445
case_136,a,2025-02-24 19:48:10.602445
case_136,b,2025-02-24 19:53:10.602445
case_136,a,2025-02-24 19:58:10.602445
case_136,b,2025-02-24 20:03:10.602445
case_136,c,2025-02-24 20:08:10.602445
case_136,a,2025-02-24 20:13:10.602445
case_136,a,2025-02-24 20:18:10.602445
case_136,a,2025-02-24 20:23:10.602445
case_136,c,2025-02-24 20:28:10.602445
case_136,c,2025-02-24 20:33:10.602445
case_136,c,2025-02-24 20:38:10.602445
case_136,a,2025-02-24 20:43:10.602445
case_136,c,2025-02-24 20:48:10.602445
case_136,c,2025-02-24 20:53:10.602445
case_136,a,2025-02-24 20:58:10.602445
case_136,b,2025-02-24 21:03:10.602445
case_137,b,2025-02-24 19:28:10.602475
case_137,b,2025-02-24 19:33:10.602475
case_137,c,2025-02-24 19:38:10.602475
case_137,c,2025-02-24 19:43:10.602475
case_137,c,2025-02-24 19:48:10.602475
case_137,a,2025-02-24 19:53:10.602475
case_137,b,2025-02-24 19:58:10.602475
case_137,b,2025-02-24 20:03:10.602475
case_137,b,2025-02-24 20:08:10.602475
case_137,b,2025-02-24 20:13:10.602475
case_137,a,2025-02-24 20:18:10.602475
case_137,b,2025-02-24 20:23:10.602475
case_137,a,2025-02-24 20:28:10.602475
case_137,a,2025-02-24 20:33:10.602475
case_137,c,2025-02-24 20:38:10.602475
case_137,a,2025-02-24 20:43:10.602475
case_137,c,2025-02-24 20:48:10.602475
case_137,c,2025-02-24 20:53:10.602475
case_137,a,2025-02-24 20:58:10.602475
case_137,a,2025-02-24 21:03:10.602475
case_138,a,2025-02-24 19:28:10.602506
case_138,a,2025-02-24 19:33:10.602506
case_138,a,2025-02-24 19:38:10.602506
case_138,b,2025-02-24 19:43:10.602506
case_138,b,2025-02-24 19:48:10.602506
case_138,b,2025-02-24 19:53:10.602506
case_138,c,2025-02-24 19:58:10.602506
case_138,b,2025-02-24 20:03:10.602506
case_138,b,2025-02-24 20:08:10.602506
case_138,c,2025-02-24 20:13:10.602506
case_138,c,2025-02-24 20:18:10.602506
case_138,a,2025-02-24 20:23:10.602506
case_138,c,2025-02-24 20:28:10.602506
case_138,c,2025-02-24 20:33:10.602506
case_138,b,2025-02-24 20:38:10.602506
case_138,c,2025-02-24 20:43:10.602506
case_138,c,2025-02-24 20:48:10.602506
case_138,b,2025-02-24 20:53:10.602506
case_138,b,2025-02-24 20:58:10.602506
case_138,a,2025-02-24 21:03:10.602506
case_139,b,2025-02-24 19:28:10.602537
case_139,c,2025-02-24 19:33:10.602537
case_139,a,2025-02-24 19:38:10.602537
case_139,a,2025-02-24 19:43:10.602537
case_139,a,2025-02-24 19:48:10.602537
case_139,a,2025-02-24 19:53:10.602537
case_139,c,2025-02-24 19:58:10.602537
case_139,a,2025-02-24 20:03:10.602537
case_139,c,2025-02-24 20:08:10.602537
case_139,a,2025-02-24 20:13:10.602537
case_139,b,2025-02-24 20:18:10.602537
case_139,b,2025-02-24 20:23:10.602537
case_139,c,2025-02-24 20:28:10.602537
case_139,b,2025-02-24 20:33:10.602537
case_139,a,2025-02-24 20:38:10.602537
case_139,a,2025-02-24 20:43:10.602537
case_139,a,2025-02-24 20:48:10.602537
case_139,c,2025-02-24 20:53:10.602537
case_139,c,2025-02-24 20:58:10.602537
case_139,a,2025-02-24 21:03:10.602537
case_140,b,2025-02-24 19:28:10.602567
case_140,a,2025-02-24 19:33:10.602567
case_140,c,2025-02-24 19:38:10.602567
case_140,a,2025-02-24 19:43:10.602567
case_140,a,2025-02-24 19:48:10.602567
case_140,b,2025-02-24 19:53:10.602567
case_140,c,2025-02-24 19:58:10.602567
case_140,a,2025-02-24 20:03:10.602567
case_140,a,2025-02-24 20:08:10.602567
case_140,b,2025-02-24 20:13:10.602567
case_140,a,2025-02-24 20:18:10.602567
case_140,c,2025-02-24 20:23:10.602567
case_140,b,2025-02-24 20:28:10.602567
case_140,c,2025-02-24 20:33:10.602567
case_140,c,2025-02-24 20:38:10.602567
case_140,a,2025-02-24 20:43:10.602567
case_140,b,2025-02-24 20:48:10.602567
case_140,c,2025-02-24 20:53:10.602567
case_140,c,2025-02-24 20:58:10.602567
case_140,a,2025-02-24 21:03:10.602567
case_141,b,2025-02-24 19:28:10.602598
case_141,c,2025-02-24 19:33:10.602598
case_141,c,2025-02-24 19:38:10.602598
case_141,b,2025-02-24 19:43:10.602598
case_141,c,2025-02-24 19:48:10.602598
case_141,b,2025-02-24 19:53:10.602598
case_141,c,2025-02-24 19:58:10.602598
case_141,b,2025-02-24 20:03:10.602598
case_141,a,2025-02-24 20:08:10.602598
case_141,c,2025-02-24 20:13:10.602598
case_141,b,2025-02-24 20:18:10.602598
case_141,c,2025-02-24 20:23:10.602598
case_141,a,2025-02-24 20:28:10.602598
case_141,a,2025-02-24 20:33:10.602598
case_141,a,2025-02-24 20:38:10.602598
case_141,c,2025-02-24 20:43:10.602598
case_141,a,2025-02-24 20:48:10.602598
case_141,c,2025-02-24 20:53:10.602598
case_141,a,2025-02-24 20:58:10.602598
case_141,b,2025-02-24 21:03:10.602598
case_142,b,2025-02-24 19:28:10.602629
case_142,a,2025-02-24 19:33:10.602629
case_142,b,2025-02-24 19:38:10.602629
case_142,c,2025-02-24 19:43:10.602629
case_142,a,2025-02-24 19:48:10.602629
case_142,c,2025-02-24 19:53:10.602629
case_142,c,2025-02-24 19:58:10.602629
case_142,b,2025-02-24 20:03:10.602629
case_142,b,2025-02-24 20:08:10.602629
case_142,a,2025-02-24 20:13:10.602629
case_142,c,2025-02-24 20:18:10.602629
case_142,c,2025-02-24 20:23:10.602629
case_142,c,2025-02-24 20:28:10.602629
case_142,c,2025-02-24 20:33:10.602629
case_142,b,2025-02-24 20:38:10.602629
case_142,a,2025-02-24 20:43:10.602629
case_142,a,2025-02-24 20:48:10.602629
case_142,c,2025-02-24 20:53:10.602629
case_142,c,2025-02-24 20:58:10.602629
case_142,a,2025-02-24 21:03:10.602629
case_143,c,2025-02-24 19:28:10.602679
case_143,c,2025-02-24 19:33:10.602679
case_143,a,2025-02-24 19:38:10.602679
case_143,c,2025-02-24 19:43:10.602679
case_143,a,2025-02-24 19:48:10.602679
case_143,b,2025-02-24 19:53:10.602679
case_143,c,2025-02-24 19:58:10.602679
case_143,b,2025-02-24 20:03:10.602679
case_143,a,2025-02-24 20:08:10.602679
case_143,c,2025-02-24 20:13:10.602679
case_143,c,2025-02-24 20:18:10.602679
case_143,b,2025-02-24 20:23:10.602679
case_143,c,2025-02-24 20:28:10.602679
case_143,c,2025-02-24 20:33:10.602679
case_143,c,2025-02-24 20:38:10.602679
case_143,b,2025-02-24 20:43:10.602679
case_143,b,2025-02-24 20:48:10.602679
case_143,a,2025-02-24 20:53:10.602679
case_143,a,2025-02-24 20:58:10.602679
case_143,a,2025-02-24 21:03:10.602679
case_144,b,2025-02-24 19:28:10.602709
case_144,a,2025-02-24 19:33:10.602709
case_144,c,2025-02-24 19:38:10.602709
case_144,a,2025-02-24 19:43:10.602709
case_144,c,2025-02-24 19:48:10.602709
case_144,b,2025-02-24 19:53:10.602709
case_144,b,2025-02-24 19:58:10.602709
case_144,a,2025-02-24 20:03:10.602709
case_144,c,2025-02-24 20:08:10.602709
case_144,b,2025-02-24 20:13:10.602709
case_144,a,2025-02-24 20:18:10.602709
case_144,b,2025-02-24 20:23:10.602709
case_144,a,2025-02-24 20:28:10.602709
case_144,c,2025-02-24 20:33:10.602709
case_144,c,2025-02-24 20:38:10.602709
case_144,c,2025-02-24 20:43:10.602709
case_144,b,2025-02-24 20:48:10.602709
case_144,b,2025-02-24 20:53:10.602709
case_144,a,2025-02-24 20:58:10.602709
case_144,a,2025-02-24 21:03:10.602709
case_145,a,2025-02-24 19:28:10.602740
case_145,a,2025-02-24 19:33:10.602740
case_145,b,2025-02-24 19:38:10.602740
case_145,b,2025-02-24 19:43:10.602740
case_145,c,2025-02-24 19:48:10.602740
case_145,b,2025-02-24 19:53:10.602740
case_145,b,2025-02-24 19:58:10.602740
case_145,a,2025-02-24 20:03:10.602740
case_145,c,2025-02-24 20:08:10.602740
case_145,b,2025-02-24 20:13:10.602740
case_145,b,2025-02-24 20:18:10.602740
case_145,a,2025-02-24 20:23:10.602740
case_145,a,2025-02-24 20:28:10.602740
case_145,a,2025-02-24 20:33:10.602740
case_145,c,2025-02-24 20:38:10.602740
case_145,a,2025-02-24 20:43:10.602740
case_145,c,2025-02-24 20:48:10.602740
case_145,c,2025-02-24 20:53:10.602740
case_145,b,2025-02-24 20:58:10.602740
case_145,a,2025-02-24 21:03:10.602740
case_146,c,2025-02-24 19:28:10.602770
case_146,b,2025-02-24 19:33:10.602770
case_146,c,2025-02-24 19:38:10.602770
case_146,c,2025-02-24 19:43:10.602770
case_146,c,2025-02-24 19:48:10.602770
case_146,b,2025-02-24 19:53:10.602770
case_146,b,2025-02-24 19:58:10.602770
case_146,c,2025-02-24 20:03:10.602770
case_146,b,2025-02-24 20:08:10.602770
case_146,a,2025-02-24 20:13:10.602770
case_146,a,2025-02-24 20:18:10.602770
case_146,a,2025-02-24 20:23:10.602770
case_146,a,2025-02-24 20:28:10.602770
case_146,b,2025-02-24 20:33:10.602770
case_146,b,2025-02-24 20:38:10.602770
case_146,a,2025-02-24 20:43:10.602770
case_146,c,2025-02-24 20:48:10.602770
case_146,a,2025-02-24 20:53:10.602770
case_146,c,2025-02-24 20:58:10.602770
case_146,a,2025-02-24 21:03:10.602770
case_147,b,2025-02-24 19:28:10.602801
case_147,c,2025-02-24 19:33:10.602801
case_147,c,2025-02-24 19:38:10.602801
case_147,a,2025-02-24 19:43:10.602801
case_147,c,2025-02-24 19:48:10.602801
case_147,c,2025-02-24 19:53:10.602801
case_147,a,2025-02-24 19:58:10.602801
case_147,a,2025-02-24 20:03:10.602801
case_147,c,2025-02-24 20:08:10.602801
case_147,c,2025-02-24 20:13:10.602801
case_147,b,2025-02-24 20:18:10.602801
case_147,b,2025-02-24 20:23:10.602801
case_147,c,2025-02-24 20:28:10.602801
case_147,c,2025-02-24 20:33:10.602801
case_147,b,2025-02-24 20:38:10.602801
case_147,c,2025-02-24 20:43:10.602801
case_147,c,2025-02-24 20:48:10.602801
case_147,a,2025-02-24 20:53:10.602801
case_147,b,2025-02-24 20:58:10.602801
case_147,a,2025-02-24 21:03:10.602801
case_148,a,2025-02-24 19:28:10.602831
case_148,a,2025-02-24 19:33:10.602831
case_148,c,2025-02-24 19:38:10.602831
case_148,a,2025-02-24 19:43:10.602831
case_148,b,2025-02-24 19:48:10.602831
case_148,a,2025-02-24 19:53:10.602831
case_148,b,2025-02-24 19:58:10.602831
case_148,b,2025-02-24 20:03:10.602831
case_148,a,2025-02-24 20:08:10.602831
case_148,a,2025-02-24 20:13:10.602831
case_148,a,2025-02-24 20:18:10.602831
case_148,a,2025-02-24 20:23:10.602831
case_148,c,2025-02-24 20:28:10.602831
case_148,a,2025-02-24 20:33:10.602831
case_148,a,2025-02-24 20:38:10.602831
case_148,b,2025-02-24 20:43:10.602831
case_148,a,2025-02-24 20:48:10.602831
case_148,c,2025-02-24 20:53:10.602831
case_148,c,2025-02-24 20:58:10.602831
case_148,a,2025-02-24 21:03:10.602831
case_149,c,2025-02-24 19:28:10.602861
case_149,c,2025-02-24 19:33:10.602861
case_149,c,2025-02-24 19:38:10.602861
case_149,b,2025-02-24 19:43:10.602861
case_149,b,2025-02-24 19:48:10.602861
case_149,c,2025-02-24 19:53:10.602861
case_149,b,2025-02-24 19:58:10.602861
case_149,c,2025-02-24 20:03:10.602861
case_149,b,2025-02-24 20:08:10.602861
case_149,a,2025-02-24 20:13:10.602861
case_149,c,2025-02-24 20:18:10.602861
case_149,b,2025-02-24 20:23:10.602861
case_149,a,2025-02-24 20:28:10.602861
case_149,c,2025-02-24 20:33:10.602861
case_149,c,2025-02-24 20:38:10.602861
case_149,c,2025-02-24 20:43:10.602861
case_149,c,2025-02-24 20:48:10.602861
case_149,b,2025-02-24 20:53:10.602861
case_149,c,2025-02-24 20:58:10.602861
case_149,a,2025-02-24 21:03:10.602861
case_150,b,2025-02-24 19:28:10.602892
case_150,c,2025-02-24 19:33:10.602892
case_150,a,2025-02-24 19:38:10.602892
case_150,b,2025-02-24 19:43:10.602892
case_150,c,2025-02-24 19:48:10.602892
case_150,c,2025-02-24 19:53:10.602892
case_150,c,2025-02-24 19:58:10.602892
case_150,a,2025-02-24 20:03:10.602892
case_150,a,2025-02-24 20:08:10.602892
case_150,a,2025-02-24 20:13:10.602892
case_150,c,2025-02-24 20:18:10.602892
case_150,b,2025-02-24 20:23:10.602892
case_150,c,2025-02-24 20:28:10.602892
case_150,c,2025-02-24 20:33:10.602892
case_150,c,2025-02-24 20:38:10.602892
case_150,c,2025-02-24 20:43:10.602892
case_150,a,2025-02-24 20:48:10.602892
case_150,a,2025-02-24 20:53:10.602892
case_150,a,2025-02-24 20:58:10.602892
case_150,a,2025-02-24 21:03:10.602892
case_151,b,2025-02-24 19:28:10.602984
case_151,b,2025-02-24 19:33:10.602984
case_151,c,2025-02-24 19:38:10.602984
case_151,b,2025-02-24 19:43:10.602984
case_151,c,2025-02-24 19:48:10.602984
case_151,c,2025-02-24 19:53:10.602984
case_151,a,2025-02-24 19:58:10.602984
case_151,b,2025-02-24 20:03:10.602984
case_151,a,2025-02-24 20:08:10.602984
case_151,b,2025-02-24 20:13:10.602984
case_151,b,2025-02-24 20:18:10.602984
case_151,a,2025-02-24 20:23:10.602984
case_151,a,2025-02-24 20:28:10.602984
case_151,c,2025-02-24 20:33:10.602984
case_151,a,2025-02-24 20:38:10.602984
case_151,c,2025-02-24 20:43:10.602984
case_151,a,2025-02-24 20:48:10.602984
case_151,b,2025-02-24 20:53:10.602984
case_151,b,2025-02-24 20:58:10.602984
case_151,a,2025-02-24 21:03:10.602984
case_152,b,2025-02-24 19:28:10.603014
case_152,b,2025-02-24 19:33:10.603014
case_152,a,2025-02-24 19:38:10.603014
case_152,c,2025-02-24 19:43:10.603014
case_152,a,2025-02-24 19:48:10.603014
case_152,a,2025-02-24 19:53:10.603014
case_152,b,2025-02-24 19:58:10.603014
case_152,b,2025-02-24 20:03:10.603014
case_152,a,2025-02-24 20:08:10.603014
case_152,a,2025-02-24 20:13:10.603014
case_152,c,2025-02-24 20:18:10.603014
case_152,c,2025-02-24 20:23:10.603014
case_152,b,2025-02-24 20:28:10.603014
case_152,c,2025-02-24 20:33:10.603014
case_152,b,2025-02-24 20:38:10.603014
case_152,a,2025-02-24 20:43:10.603014
case_152,b,2025-02-24 20:48:10.603014
case_152,a,2025-02-24 20:53:10.603014
case_152,a,2025-02-24 20:58:10.603014
case_152,b,2025-02-24 21:03:10.603014
case_153,a,2025-02-24 19:28:10.603045
case_153,c,2025-02-24 19:33:10.603045
case_153,a,2025-02-24 19:38:10.603045
case_153,c,2025-02-24 19:43:10.603045
case_153,c,2025-02-24 19:48:10.603045
case_153,c,2025-02-24 19:53:10.603045
case_153,b,2025-02-24 19:58:10.603045
case_153,b,2025-02-24 20:03:10.603045
case_153,b,2025-02-24 20:08:10.603045
case_153,b,2025-02-24 20:13:10.603045
case_153,c,2025-02-24 20:18:10.603045
case_153,b,2025-02-24 20:23:10.603045
case_153,c,2025-02-24 20:28:10.603045
case_153,a,2025-02-24 20:33:10.603045
case_153,a,2025-02-24 20:38:10.603045
case_153,b,2025-02-24 20:43:10.603045
case_153,c,2025-02-24 20:48:10.603045
case_153,a,2025-02-24 20:53:10.603045
case_153,a,2025-02-24 20:58:10.603045
case_153,a,2025-02-24 21:03:10.603045
case_154,b,2025-02-24 19:28:10.603076
case_154,b,2025-02-24 19:33:10.603076
case_154,a,2025-02-24 19:38:10.603076
case_154,a,2025-02-24 19:43:10.603076
case_154,c,2025-02-24 19:48:10.603076
case_154,a,2025-02-24 19:53:10.603076
case_154,c,2025-02-24 19:58:10.603076
case_154,b,2025-02-24 20:03:10.603076
case_154,a,2025-02-24 20:08:10.603076
case_154,a,2025-02-24 20:13:10.603076
case_154,a,2025-02-24 20:18:10.603076
case_154,b,2025-02-24 20:23:10.603076
case_154,b,2025-02-24 20:28:10.603076
case_154,a,2025-02-24 20:33:10.603076
case_154,a,2025-02-24 20:38:10.603076
case_154,a,2025-02-24 20:43:10.603076
case_154,a,2025-02-24 20:48:10.603076
case_154,c,2025-02-24 20:53:10.603076
case_154,c,2025-02-24 20:58:10.603076
case_154,a,2025-02-24 21:03:10.603076
case_155,c,2025-02-24 19:28:10.603106
case_155,b,2025-02-24 19:33:10.603106
case_155,c,2025-02-24 19:38:10.603106
case_155,c,2025-02-24 19:43:10.603106
case_155,c,2025-02-24 19:48:10.603106
case_155,a,2025-02-24 19:53:10.603106
case_155,a,2025-02-24 19:58:10.603106
case_155,c,2025-02-24 20:03:10.603106
case_155,c,2025-02-24 20:08:10.603106
case_155,c,2025-02-24 20:13:10.603106
case_155,c,2025-02-24 20:18:10.603106
case_155,c,2025-02-24 20:23:10.603106
case_155,c,2025-02-24 20:28:10.603106
case_155,a,2025-02-24 20:33:10.603106
case_155,b,2025-02-24 20:38:10.603106
case_155,b,2025-02-24 20:43:10.603106
case_155,a,2025-02-24 20:48:10.603106
case_155,c,2025-02-24 20:53:10.603106
case_155,c,2025-02-24 20:58:10.603106
case_155,a,2025-02-24 21:03:10.603106
case_156,c,2025-02-24 19:28:10.603136
case_156,a,2025-02-24 19:33:10.603136
case_156,b,2025-02-24 19:38:10.603136
case_156,a,2025-02-24 19:43:10.603136
case_156,a,2025-02-24 19:48:10.603136
case_156,a,2025-02-24 19:53:10.603136
case_156,b,2025-02-24 19:58:10.603136
case_156,c,2025-02-24 20:03:10.603136
case_156,b,2025-02-24 20:08:10.603136
case_156,a,2025-02-24 20:13:10.603136
case_156,a,2025-02-24 20:18:10.603136
case_156,a,2025-02-24 20:23:10.603136
case_156,a,2025-02-24 20:28:10.603136
case_156,a,2025-02-24 20:33:10.603136
case_156,a,2025-02-24 20:38:10.603136
case_156,a,2025-02-24 20:43:10.603136
case_156,c,2025-02-24 20:48:10.603136
case_156,c,2025-02-24 20:53:10.603136
case_156,b,2025-02-24 20:58:10.603136
case_156,a,2025-02-24 21:03:10.603136
case_157,c,2025-02-24 19:28:10.603167
case_157,c,2025-02-24 19:33:10.603167
case_157,c,2025-02-24 19:38:10.603167
case_157,b,2025-02-24 19:43:10.603167
case_157,b,2025-02-24 19:48:10.603167
case_157,a,2025-02-24 19:53:10.603167
case_157,a,2025-02-24 19:58:10.603167
case_157,b,2025-02-24 20:03:10.603167
case_157,b,2025-02-24 20:08:10.603167
case_157,a,2025-02-24 20:13:10.603167
case_157,b,2025-02-24 20:18:10.603167
case_157,a,2025-02-24 20:23:10.603167
case_157,a,2025-02-24 20:28:10.603167
case_157,a,2025-02-24 20:33:10.603167
case_157,b,2025-02-24 20:38:10.603167
case_157,b,2025-02-24 20:43:10.603167
case_157,c,2025-02-24 20:48:10.603167
case_157,a,2025-02-24 20:53:10.603167
case_157,a,2025-02-24 20:58:10.603167
case_157,a,2025-02-24 21:03:10.603167
case_158,b,2025-02-24 19:28:10.603197
case_158,a,2025-02-24 19:33:10.603197
case_158,b,2025-02-24 19:38:10.603197
case_158,a,2025-02-24 19:43:10.603197
case_158,a,2025-02-24 19:48:10.603197
case_158,a,2025-02-24 19:53:10.603197
case_158,a,2025-02-24 19:58:10.603197
case_158,a,2025-02-24 20:03:10.603197
case_158,a,2025-02-24 20:08:10.603197
case_158,a,2025-02-24 20:13:10.603197
case_158,b,2025-02-24 20:18:10.603197
case_158,b,2025-02-24 20:23:10.603197
case_158,b,2025-02-24 20:28:10.603197
case_158,b,2025-02-24 20:33:10.603197
case_158,b,2025-02-24 20:38:10.603197
case_158,b,2025-02-24 20:43:10.603197
case_158,c,2025-02-24 20:48:10.603197
case_158,c,2025-02-24 20:53:10.603197
case_158,b,2025-02-24 20:58:10.603197
case_158,a,2025-02-24 21:03:10.603197
case_159,b,2025-02-24 19:28:10.603227
case_159,a,2025-02-24 19:33:10.603227
case_159,c,2025-02-24 19:38:10.603227
case_159,a,2025-02-24 19:43:10.603227
case_159,a,2025-02-24 19:48:10.603227
case_159,b,2025-02-24 19:53:10.603227
case_159,b,2025-02-24 19:58:10.603227
case_159,b,2025-02-24 20:03:10.603227
case_159,a,2025-02-24 20:08:10.603227
case_159,a,2025-02-24 20:13:10.603227
case_159,b,2025-02-24 20:18:10.603227
case_159,a,2025-02-24 20:23:10.603227
case_159,a,2025-02-24 20:28:10.603227
case_159,b,2025-02-24 20:33:10.603227
case_159,c,2025-02-24 20:38:10.603227
case_159,c,2025-02-24 20:43:10.603227
case_159,a,2025-02-24 20:48:10.603227
case_159,a,2025-02-24 20:53:10.603227
case_159,c,2025-02-24 20:58:10.603227
case_159,a,2025-02-24 21:03:10.603227
case_160,b,2025-02-24 19:28:10.603258
case_160,b,2025-02-24 19:33:10.603258
case_160,c,2025-02-24 19:38:10.603258
case_160,a,2025-02-24 19:43:10.603258
case_160,b,2025-02-24 19:48:10.603258
case_160,b,2025-02-24 19:53:10.603258
case_160,b,2025-02-24 19:58:10.603258
case_160,b,2025-02-24 20:03:10.603258
case_160,c,2025-02-24 20:08:10.603258
case_160,a,2025-02-24 20:13:10.603258
case_160,a,2025-02-24 20:18:10.603258
case_160,c,2025-02-24 20:23:10.603258
case_160,b,2025-02-24 20:28:10.603258
case_160,b,2025-02-24 20:33:10.603258
case_160,b,2025-02-24 20:38:10.603258
case_160,b,2025-02-24 20:43:10.603258
case_160,c,2025-02-24 20:48:10.603258
case_160,c,2025-02-24 20:53:10.603258
case_160,c,2025-02-24 20:58:10.603258
case_160,a,2025-02-24 21:03:10.603258
case_161,c,2025-02-24 19:28:10.603288
case_161,c,2025-02-24 19:33:10.603288
case_161,c,2025-02-24 19:38:10.603288
case_161,c,2025-02-24 19:43:10.603288
case_161,a,2025-02-24 19:48:10.603288
case_161,a,2025-02-24 19:53:10.603288
case_161,b,2025-02-24 19:58:10.603288
case_161,b,2025-02-24 20:03:10.603288
case_161,a,2025-02-24 20:08:10.603288
case_161,a,2025-02-24 20:13:10.603288
case_161,b,2025-02-24 20:18:10.603288
case_161,c,2025-02-24 20:23:10.603288
case_161,b,2025-02-24 20:28:10.603288
case_161,b,2025-02-24 20:33:10.603288
case_161,a,2025-02-24 20:38:10.603288
case_161,b,2025-02-24 20:43:10.603288
case_161,b,2025-02-24 20:48:10.603288
case_161,a,2025-02-24 20:53:10.603288
case_161,a,2025-02-24 20:58:10.603288
case_161,b,2025-02-24 21:03:10.603288
case_162,a,2025-02-24 19:28:10.603318
case_162,a,2025-02-24 19:33:10.603318
case_162,a,2025-02-24 19:38:10.603318
case_162,b,2025-02-24 19:43:10.603318
case_162,b,2025-02-24 19:48:10.603318
case_162,b,2025-02-24 19:53:10.603318
case_162,c,2025-02-24 19:58:10.603318
case_162,b,2025-02-24 20:03:10.603318
case_162,a,2025-02-24 20:08:10.603318
case_162,b,2025-02-24 20:13:10.603318
case_162,c,2025-02-24 20:18:10.603318
case_162,a,2025-02-24 20:23:10.603318
case_162,b,2025-02-24 20:28:10.603318
case_162,c,2025-02-24 20:33:10.603318
case_162,b,2025-02-24 20:38:10.603318
case_162,c,2025-02-24 20:43:10.603318
case_162,a,2025-02-24 20:48:10.603318
case_162,c,2025-02-24 20:53:10.603318
case_162,c,2025-02-24 20:58:10.603318
case_162,a,2025-02-24 21:03:10.603318
case_163,c,2025-02-24 19:28:10.603352
case_163,b,2025-02-24 19:33:10.603352
case_163,b,2025-02-24 19:38:10.603352
case_163,a,2025-02-24 19:43:10.603352
case_163,c,2025-02-24 19:48:10.603352
case_163,b,2025-02-24 19:53:10.603352
case_163,a,2025-02-24 19:58:10.603352
case_163,c,2025-02-24 20:03:10.603352
case_163,b,2025-02-24 20:08:10.603352
case_163,b,2025-02-24 20:13:10.603352
case_163,b,2025-02-24 20:18:10.603352
case_163,b,2025-02-24 20:23:10.603352
case_163,a,2025-02-24 20:28:10.603352
case_163,a,2025-02-24 20:33:10.603352
case_163,b,2025-02-24 20:38:10.603352
case_163,c,2025-02-24 20:43:10.603352
case_163,b,2025-02-24 20:48:10.603352
case_163,c,2025-02-24 20:53:10.603352
case_163,c,2025-02-24 20:58:10.603352
case_163,a,2025-02-24 21:03:10.603352
case_164,c,2025-02-24 19:28:10.603382
case_164,b,2025-02-24 19:33:10.603382
case_164,c,2025-02-24 19:38:10.603382
case_164,b,2025-02-24 19:43:10.603382
case_164,b,2025-02-24 19:48:10.603382
case_164,c,2025-02-24 19:53:10.603382
case_164,a,2025-02-24 19:58:10.603382
case_164,b,2025-02-24 20:03:10.603382
case_164,a,2025-02-24 20:08:10.603382
case_164,a,2025-02-24 20:13:10.603382
case_164,c,2025-02-24 20:18:10.603382
case_164,b,2025-02-24 20:23:10.603382
case_164,b,2025-02-24 20:28:10.603382
case_164,a,2025-02-24 20:33:10.603382
case_164,a,2025-02-24 20:38:10.603382
case_164,c,2025-02-24 20:43:10.603382
case_164,a,2025-02-24 20:48:10.603382
case_164,c,2025-02-24 20:53:10.603382
case_164,c,2025-02-24 20:58:10.603382
case_164,a,2025-02-24 21:03:10.603382
case_165,b,2025-02-24 19:28:10.603413
case_165,a,2025-02-24 19:33:10.603413
case_165,a,2025-02-24 19:38:10.603413
case_165,a,2025-02-24 19:43:10.603413
case_165,a,2025-02-24 19:48:10.603413
case_165,b,2025-02-24 19:53:10.603413
case_165,c,2025-02-24 19:58:10.603413
case_165,b,2025-02-24 20:03:10.603413
case_165,c,2025-02-24 20:08:10.603413
case_165,b,2025-02-24 20:13:10.603413
case_165,b,2025-02-24 20:18:10.603413
case_165,a,2025-02-24 20:23:10.603413
case_165,a,2025-02-24 20:28:10.603413
case_165,b,2025-02-24 20:33:10.603413
case_165,a,2025-02-24 20:38:10.603413
case_165,a,2025-02-24 20:43:10.603413
case_165,c,2025-02-24 20:48:10.603413
case_165,c,2025-02-24 20:53:10.603413
case_165,b,2025-02-24 20:58:10.603413
case_165,a,2025-02-24 21:03:10.603413
case_166,a,2025-02-24 19:28:10.603443
case_166,b,2025-02-24 19:33:10.603443
case_166,c,2025-02-24 19:38:10.603443
case_166,c,2025-02-24 19:43:10.603443
case_166,b,2025-02-24 19:48:10.603443
case_166,c,2025-02-24 19:53:10.603443
case_166,b,2025-02-24 19:58:10.603443
case_166,b,2025-02-24 20:03:10.603443
case_166,a,2025-02-24 20:08:10.603443
case_166,b,2025-02-24 20:13:10.603443
case_166,a,2025-02-24 20:18:10.603443
case_166,b,2025-02-24 20:23:10.603443
case_166,a,2025-02-24 20:28:10.603443
case_166,b,2025-02-24 20:33:10.603443
case_166,a,2025-02-24 20:38:10.603443
case_166,c,2025-02-24 20:43:10.603443
case_166,a,2025-02-24 20:48:10.603443
case_166,c,2025-02-24 20:53:10.603443
case_166,b,2025-02-24 20:58:10.603443
case_166,a,2025-02-24 21:03:10.603443
case_167,b,2025-02-24 19:28:10.603473
case_167,b,2025-02-24 19:33:10.603473
case_167,a,2025-02-24 19:38:10.603473
case_167,a,2025-02-24 19:43:10.603473
case_167,b,2025-02-24 19:48:10.603473
case_167,c,2025-02-24 19:53:10.603473
case_167,c,2025-02-24 19:58:10.603473
case_167,a,2025-02-24 20:03:10.603473
case_167,a,2025-02-24 20:08:10.603473
case_167,b,2025-02-24 20:13:10.603473
case_167,b,2025-02-24 20:18:10.603473
case_167,b,2025-02-24 20:23:10.603473
case_167,c,2025-02-24 20:28:10.603473
case_167,b,2025-02-24 20:33:10.603473
case_167,b,2025-02-24 20:38:10.603473
case_167,b,2025-02-24 20:43:10.603473
case_167,c,2025-02-24 20:48:10.603473
case_167,b,2025-02-24 20:53:10.603473
case_167,c,2025-02-24 20:58:10.603473
case_167,a,2025-02-24 21:03:10.603473
case_168,a,2025-02-24 19:28:10.603503
case_168,b,2025-02-24 19:33:10.603503
case_168,a,2025-02-24 19:38:10.603503
case_168,b,2025-02-24 19:43:10.603503
case_168,c,2025-02-24 19:48:10.603503
case_168,b,2025-02-24 19:53:10.603503
case_168,b,2025-02-24 19:58:10.603503
case_168,b,2025-02-24 20:03:10.603503
case_168,c,2025-02-24 20:08:10.603503
case_168,c,2025-02-24 20:13:10.603503
case_168,c,2025-02-24 20:18:10.603503
case_168,b,2025-02-24 20:23:10.603503
case_168,b,2025-02-24 20:28:10.603503
case_168,a,2025-02-24 20:33:10.603503
case_168,b,2025-02-24 20:38:10.603503
case_168,b,2025-02-24 20:43:10.603503
case_168,b,2025-02-24 20:48:10.603503
case_168,c,2025-02-24 20:53:10.603503
case_168,a,2025-02-24 20:58:10.603503
case_168,a,2025-02-24 21:03:10.603503
case_169,b,2025-02-24 19:28:10.603533
case_169,b,2025-02-24 19:33:10.603533
case_169,c,2025-02-24 19:38:10.603533
case_169,a,2025-02-24 19:43:10.603533
case_169,c,2025-02-24 19:48:10.603533
case_169,b,2025-02-24 19:53:10.603533
case_169,b,2025-02-24 19:58:10.603533
case_169,a,2025-02-24 20:03:10.603533
case_169,b,2025-02-24 20:08:10.603533
case_169,b,2025-02-24 20:13:10.603533
case_169,b,2025-02-24 20:18:10.603533
case_169,b,2025-02-24 20:23:10.603533
case_169,c,2025-02-24 20:28:10.603533
case_169,b,2025-02-24 20:33:10.603533
case_169,c,2025-02-24 20:38:10.603533
case_169,c,2025-02-24 20:43:10.603533
case_169,b,2025-02-24 20:48:10.603533
case_169,a,2025-02-24 20:53:10.603533
case_169,b,2025-02-24 20:58:10.603533
case_169,a,2025-02-24 21:03:10.603533
case_170,a,2025-02-24 19:28:10.603563
case_170,b,2025-02-24 19:33:10.603563
case_170,b,2025-02-24 19:38:10.603563
case_170,a,2025-02-24 19:43:10.603563
case_170,b,2025-02-24 19:48:10.603563
case_170,a,2025-02-24 19:53:10.603563
case_170,c,2025-02-24 19:58:10.603563
case_170,c,2025-02-24 20:03:10.603563
case_170,a,2025-02-24 20:08:10.603563
case_170,c,2025-02-24 20:13:10.603563
case_170,a,2025-02-24 20:18:10.603563
case_170,a,2025-02-24 20:23:10.603563
case_170,c,2025-02-24 20:28:10.603563
case_170,a,2025-02-24 20:33:10.603563
case_170,b,2025-02-24 20:38:10.603563
case_170,a,2025-02-24 20:43:10.603563
case_170,a,2025-02-24 20:48:10.603563
case_170,b,2025-02-24 20:53:10.603563
case_170,b,2025-02-24 20:58:10.603563
case_170,a,2025-02-24 21:03:10.603563
case_171,a,2025-02-24 19:28:10.603594
case_171,c,2025-02-24 19:33:10.603594
case_171,a,2025-02-24 19:38:10.603594
case_171,c,2025-02-24 19:43:10.603594
case_171,c,2025-02-24 19:48:10.603594
case_171,c,2025-02-24 19:53:10.603594
case_171,c,2025-02-24 19:58:10.603594
case_171,a,2025-02-24 20:03:10.603594
case_171,b,2025-02-24 20:08:10.603594
case_171,b,2025-02-24 20:13:10.603594
case_171,a,2025-02-24 20:18:10.603594
case_171,b,2025-02-24 20:23:10.603594
case_171,c,2025-02-24 20:28:10.603594
case_171,c,2025-02-24 20:33:10.603594
case_171,b,2025-02-24 20:38:10.603594
case_171,a,2025-02-24 20:43:10.603594
case_171,c,2025-02-24 20:48:10.603594
case_171,a,2025-02-24 20:53:10.603594
case_171,c,2025-02-24 20:58:10.603594
case_171,a,2025-02-24 21:03:10.603594
case_172,b,2025-02-24 19:28:10.603630
case_172,a,2025-02-24 19:33:10.603630
case_172,a,2025-02-24 19:38:10.603630
case_172,b,2025-02-24 19:43:10.603630
case_172,b,2025-02-24 19:48:10.603630
case_172,c,2025-02-24 19:53:10.603630
case_172,b,2025-02-24 19:58:10.603630
case_172,c,2025-02-24 20:03:10.603630
case_172,c,2025-02-24 20:08:10.603630
case_172,b,2025-02-24 20:13:10.603630
case_172,b,2025-02-24 20:18:10.603630
case_172,c,2025-02-24 20:23:10.603630
case_172,c,2025-02-24 20:28:10.603630
case_172,b,2025-02-24 20:33:10.603630
case_172,c,2025-02-24 20:38:10.603630
case_172,b,2025-02-24 20:43:10.603630
case_172,b,2025-02-24 20:48:10.603630
case_172,c,2025-02-24 20:53:10.603630
case_172,a,2025-02-24 20:58:10.603630
case_172,b,2025-02-24 21:03:10.603630
case_173,c,2025-02-24 19:28:10.603660
case_173,a,2025-02-24 19:33:10.603660
case_173,b,2025-02-24 19:38:10.603660
case_173,b,2025-02-24 19:43:10.603660
case_173,a,2025-02-24 19:48:10.603660
case_173,c,2025-02-24 19:53:10.603660
case_173,c,2025-02-24 19:58:10.603660
case_173,c,2025-02-24 20:03:10.603660
case_173,a,2025-02-24 20:08:10.603660
case_173,c,2025-02-24 20:13:10.603660
case_173,a,2025-02-24 20:18:10.603660
case_173,a,2025-02-24 20:23:10.603660
case_173,c,2025-02-24 20:28:10.603660
case_173,c,2025-02-24 20:33:10.603660
case_173,a,2025-02-24 20:38:10.603660
case_173,b,2025-02-24 20:43:10.603660
case_173,a,2025-02-24 20:48:10.603660
case_173,a,2025-02-24 20:53:10.603660
case_173,c,2025-02-24 20:58:10.603660
case_173,a,2025-02-24 21:03:10.603660
case_174,b,2025-02-24 19:28:10.603690
case_174,b,2025-02-24 19:33:10.603690
case_174,b,2025-02-24 19:38:10.603690
case_174,b,2025-02-24 19:43:10.603690
case_174,b,2025-02-24 19:48:10.603690
case_174,c,2025-02-24 19:53:10.603690
case_174,b,2025-02-24 19:58:10.603690
case_174,c,2025-02-24 20:03:10.603690
case_174,c,2025-02-24 20:08:10.603690
case_174,a,2025-02-24 20:13:10.603690
case_174,a,2025-02-24 20:18:10.603690
case_174,c,2025-02-24 20:23:10.603690
case_174,a,2025-02-24 20:28:10.603690
case_174,c,2025-02-24 20:33:10.603690
case_174,b,2025-02-24 20:38:10.603690
case_174,b,2025-02-24 20:43:10.603690
case_174,c,2025-02-24 20:48:10.603690
case_174,b,2025-02-24 20:53:10.603690
case_174,c,2025-02-24 20:58:10.603690
case_174,a,2025-02-24 21:03:10.603690
case_175,b,2025-02-24 19:28:10.603722
case_175,c,2025-02-24 19:33:10.603722
case_175,c,2025-02-24 19:38:10.603722
case_175,c,2025-02-24 19:43:10.603722
case_175,c,2025-02-24 19:48:10.603722
case_175,a,2025-02-24 19:53:10.603722
case_175,b,2025-02-24 19:58:10.603722
case_175,a,2025-02-24 20:03:10.603722
case_175,a,2025-02-24 20:08:10.603722
case_175,b,2025-02-24 20:13:10.603722
case_175,c,2025-02-24 20:18:10.603722
case_175,b,2025-02-24 20:23:10.603722
case_175,b,2025-02-24 20:28:10.603722
case_175,a,2025-02-24 20:33:10.603722
case_175,a,2025-02-24 20:38:10.603722
case_175,a,2025-02-24 20:43:10.603722
case_175,c,2025-02-24 20:48:10.603722
case_175,b,2025-02-24 20:53:10.603722
case_175,a,2025-02-24 20:58:10.603722
case_175,a,2025-02-24 21:03:10.603722
case_176,a,2025-02-24 19:28:10.603752
case_176,c,2025-02-24 19:33:10.603752
case_176,a,2025-02-24 19:38:10.603752
case_176,b,2025-02-24 19:43:10.603752
case_176,c,2025-02-24 19:48:10.603752
case_176,c,2025-02-24 19:53:10.603752
case_176,b,2025-02-24 19:58:10.603752
case_176,b,2025-02-24 20:03:10.603752
case_176,c,2025-02-24 20:08:10.603752
case_176,a,2025-02-24 20:13:10.603752
case_176,c,2025-02-24 20:18:10.603752
case_176,b,2025-02-24 20:23:10.603752
case_176,c,2025-02-24 20:28:10.603752
case_176,a,2025-02-24 20:33:10.603752
case_176,a,2025-02-24 20:38:10.603752
case_176,c,2025-02-24 20:43:10.603752
case_176,b,2025-02-24 20:48:10.603752
case_176,a,2025-02-24 20:53:10.603752
case_176,b,2025-02-24 20:58:10.603752
case_176,a,2025-02-24 21:03:10.603752
case_177,b,2025-02-24 19:28:10.603782
case_177,a,2025-02-24 19:33:10.603782
case_177,b,2025-02-24 19:38:10.603782
case_177,a,2025-02-24 19:43:10.603782
case_177,c,2025-02-24 19:48:10.603782
case_177,b,2025-02-24 19:53:10.603782
case_177,c,2025-02-24 19:58:10.603782
case_177,c,2025-02-24 20:03:10.603782
case_177,a,2025-02-24 20:08:10.603782
case_177,b,2025-02-24 20:13:10.603782
case_177,a,2025-02-24 20:18:10.603782
case_177,b,2025-02-24 20:23:10.603782
case_177,a,2025-02-24 20:28:10.603782
case_177,c,2025-02-24 20:33:10.603782
case_177,c,2025-02-24 20:38:10.603782
case_177,c,2025-02-24 20:43:10.603782
case_177,c,2025-02-24 20:48:10.603782
case_177,b,2025-02-24 20:53:10.603782
case_177,c,2025-02-24 20:58:10.603782
case_177,a,2025-02-24 21:03:10.603782
case_178,b,2025-02-24 19:28:10.603813
case_178,a,2025-02-24 19:33:10.603813
case_178,b,2025-02-24 19:38:10.603813
case_178,c,2025-02-24 19:43:10.603813
case_178,c,2025-02-24 19:48:10.603813
case_178,c,2025-02-24 19:53:10.603813
case_178,a,2025-02-24 19:58:10.603813
case_178,a,2025-02-24 20:03:10.603813
case_178,b,2025-02-24 20:08:10.603813
case_178,b,2025-02-24 20:13:10.603813
case_178,a,2025-02-24 20:18:10.603813
case_178,b,2025-02-24 20:23:10.603813
case_178,a,2025-02-24 20:28:10.603813
case_178,a,2025-02-24 20:33:10.603813
case_178,c,2025-02-24 20:38:10.603813
case_178,b,2025-02-24 20:43:10.603813
case_178,c,2025-02-24 20:48:10.603813
case_178,b,2025-02-24 20:53:10.603813
case_178,c,2025-02-24 20:58:10.603813
case_178,a,2025-02-24 21:03:10.603813
case_179,c,2025-02-24 19:28:10.603843
case_179,b,2025-02-24 19:33:10.603843
case_179,a,2025-02-24 19:38:10.603843
case_179,b,2025-02-24 19:43:10.603843
case_179,a,2025-02-24 19:48:10.603843
case_179,b,2025-02-24 19:53:10.603843
case_179,c,2025-02-24 19:58:10.603843
case_179,b,2025-02-24 20:03:10.603843
case_179,c,2025-02-24 20:08:10.603843
case_179,c,2025-02-24 20:13:10.603843
case_179,c,2025-02-24 20:18:10.603843
case_179,a,2025-02-24 20:23:10.603843
case_179,a,2025-02-24 20:28:10.603843
case_179,c,2025-02-24 20:33:10.603843
case_179,a,2025-02-24 20:38:10.603843
case_179,b,2025-02-24 20:43:10.603843
case_179,b,2025-02-24 20:48:10.603843
case_179,b,2025-02-24 20:53:10.603843
case_179,b,2025-02-24 20:58:10.603843
case_179,b,2025-02-24 21:03:10.603843
case_180,b,2025-02-24 19:28:10.603873
case_180,b,2025-02-24 19:33:10.603873
case_180,b,2025-02-24 19:38:10.603873
case_180,c,2025-02-24 19:43:10.603873
case_180,a,2025-02-24 19:48:10.603873
case_180,a,2025-02-24 19:53:10.603873
case_180,c,2025-02-24 19:58:10.603873
case_180,b,2025-02-24 20:03:10.603873
case_180,c,2025-02-24 20:08:10.603873
case_180,a,2025-02-24 20:13:10.603873
case_180,b,2025-02-24 20:18:10.603873
case_180,c,2025-02-24 20:23:10.603873
case_180,b,2025-02-24 20:28:10.603873
case_180,a,2025-02-24 20:33:10.603873
case_180,a,2025-02-24 20:38:10.603873
case_180,a,2025-02-24 20:43:10.603873
case_180,b,2025-02-24 20:48:10.603873
case_180,c,2025-02-24 20:53:10.603873
case_180,c,2025-02-24 20:58:10.603873
case_180,a,2025-02-24 21:03:10.603873
case_181,b,2025-02-24 19:28:10.603903
case_181,b,2025-02-24 19:33:10.603903
case_181,b,2025-02-24 19:38:10.603903
case_181,b,2025-02-24 19:43:10.603903
case_181,a,2025-02-24 19:48:10.603903
case_181,b,2025-02-24 19:53:10.603903
case_181,b,2025-02-24 19:58:10.603903
case_181,c,2025-02-24 20:03:10.603903
case_181,c,2025-02-24 20:08:10.603903
case_181,c,2025-02-24 20:13:10.603903
case_181,a,2025-02-24 20:18:10.603903
case_181,b,2025-02-24 20:23:10.603903
case_181,a,2025-02-24 20:28:10.603903
case_181,c,2025-02-24 20:33:10.603903
case_181,c,2025-02-24 20:38:10.603903
case_181,a,2025-02-24 20:43:10.603903
case_181,a,2025-02-24 20:48:10.603903
case_181,b,2025-02-24 20:53:10.603903
case_181,a,2025-02-24 20:58:10.603903
case_181,a,2025-02-24 21:03:10.603903
case_182,a,2025-02-24 19:28:10.603934
case_182,a,2025-02-24 19:33:10.603934
case_182,a,2025-02-24 19:38:10.603934
case_182,b,2025-02-24 19:43:10.603934
case_182,c,2025-02-24 19:48:10.603934
case_182,c,2025-02-24 19:53:10.603934
case_182,a,2025-02-24 19:58:10.603934
case_182,a,2025-02-24 20:03:10.603934
case_182,b,2025-02-24 20:08:10.603934
case_182,c,2025-02-24 20:13:10.603934
case_182,c,2025-02-24 20:18:10.603934
case_182,c,2025-02-24 20:23:10.603934
case_182,b,2025-02-24 20:28:10.603934
case_182,c,2025-02-24 20:33:10.603934
case_182,a,2025-02-24 20:38:10.603934
case_182,a,2025-02-24 20:43:10.603934
case_182,c,2025-02-24 20:48:10.603934
case_182,c,2025-02-24 20:53:10.603934
case_182,c,2025-02-24 20:58:10.603934
case_182,a,2025-02-24 21:03:10.603934
case_183,b,2025-02-24 19:28:10.603964
case_183,c,2025-02-24 19:33:10.603964
case_183,a,2025-02-24 19:38:10.603964
case_183,a,2025-02-24 19:43:10.603964
case_183,b,2025-02-24 19:48:10.603964
case_183,a,2025-02-24 19:53:10.603964
case_183,b,2025-02-24 19:58:10.603964
case_183,a,2025-02-24 20:03:10.603964
case_183,c,2025-02-24 20:08:10.603964
case_183,c,2025-02-24 20:13:10.603964
case_183,a,2025-02-24 20:18:10.603964
case_183,c,2025-02-24 20:23:10.603964
case_183,b,2025-02-24 20:28:10.603964
case_183,a,2025-02-24 20:33:10.603964
case_183,a,2025-02-24 20:38:10.603964
case_183,b,2025-02-24 20:43:10.603964
case_183,c,2025-02-24 20:48:10.603964
case_183,a,2025-02-24 20:53:10.603964
case_183,c,2025-02-24 20:58:10.603964
case_183,a,2025-02-24 21:03:10.603964
case_184,b,2025-02-24 19:28:10.603994
case_184,a,2025-02-24 19:33:10.603994
case_184,a,2025-02-24 19:38:10.603994
case_184,c,2025-02-24 19:43:10.603994
case_184,b,2025-02-24 19:48:10.603994
case_184,c,2025-02-24 19:53:10.603994
case_184,a,2025-02-24 19:58:10.603994
case_184,a,2025-02-24 20:03:10.603994
case_184,a,2025-02-24 20:08:10.603994
case_184,a,2025-02-24 20:13:10.603994
case_184,a,2025-02-24 20:18:10.603994
case_184,c,2025-02-24 20:23:10.603994
case_184,b,2025-02-24 20:28:10.603994
case_184,c,2025-02-24 20:33:10.603994
case_184,a,2025-02-24 20:38:10.603994
case_184,c,2025-02-24 20:43:10.603994
case_184,c,2025-02-24 20:48:10.603994
case_184,c,2025-02-24 20:53:10.603994
case_184,a,2025-02-24 20:58:10.603994
case_184,b,2025-02-24 21:03:10.603994
case_185,a,2025-02-24 19:28:10.604025
case_185,c,2025-02-24 19:33:10.604025
case_185,b,2025-02-24 19:38:10.604025
case_185,a,2025-02-24 19:43:10.604025
case_185,b,2025-02-24 19:48:10.604025
case_185,a,2025-02-24 19:53:10.604025
case_185,b,2025-02-24 19:58:10.604025
case_185,b,2025-02-24 20:03:10.604025
case_185,c,2025-02-24 20:08:10.604025
case_185,b,2025-02-24 20:13:10.604025
case_185,c,2025-02-24 20:18:10.604025
case_185,a,2025-02-24 20:23:10.604025
case_185,a,2025-02-24 20:28:10.604025
case_185,b,2025-02-24 20:33:10.604025
case_185,a,2025-02-24 20:38:10.604025
case_185,c,2025-02-24 20:43:10.604025
case_185,a,2025-02-24 20:48:10.604025
case_185,c,2025-02-24 20:53:10.604025
case_185,c,2025-02-24 20:58:10.604025
case_185,a,2025-02-24 21:03:10.604025
case_186,b,2025-02-24 19:28:10.604055
case_186,c,2025-02-24 19:33:10.604055
case_186,c,2025-02-24 19:38:10.604055
case_186,b,2025-02-24 19:43:10.604055
case_186,a,2025-02-24 19:48:10.604055
case_186,a,2025-02-24 19:53:10.604055
case_186,a,2025-02-24 19:58:10.604055
case_186,a,2025-02-24 20:03:10.604055
case_186,a,2025-02-24 20:08:10.604055
case_186,a,2025-02-24 20:13:10.604055
case_186,c,2025-02-24 20:18:10.604055
case_186,b,2025-02-24 20:23:10.604055
case_186,a,2025-02-24 20:28:10.604055
case_186,b,2025-02-24 20:33:10.604055
case_186,a,2025-02-24 20:38:10.604055
case_186,a,2025-02-24 20:43:10.604055
case_186,c,2025-02-24 20:48:10.604055
case_186,b,2025-02-24 20:53:10.604055
case_186,b,2025-02-24 20:58:10.604055
case_186,a,2025-02-24 21:03:10.604055
case_187,b,2025-02-24 19:28:10.604085
case_187,b,2025-02-24 19:33:10.604085
case_187,c,2025-02-24 19:38:10.604085
case_187,a,2025-02-24 19:43:10.604085
case_187,c,2025-02-24 19:48:10.604085
case_187,b,2025-02-24 19:53:10.604085
case_187,a,2025-02-24 19:58:10.604085
case_187,c,2025-02-24 20:03:10.604085
case_187,b,2025-02-24 20:08:10.604085
case_187,c,2025-02-24 20:13:10.604085
case_187,a,2025-02-24 20:18:10.604085
case_187,c,2025-02-24 20:23:10.604085
case_187,c,2025-02-24 20:28:10.604085
case_187,a,2025-02-24 20:33:10.604085
case_187,a,2025-02-24 20:38:10.604085
case_187,b,2025-02-24 20:43:10.604085
case_187,b,2025-02-24 20:48:10.604085
case_187,a,2025-02-24 20:53:10.604085
case_187,c,2025-02-24 20:58:10.604085
case_187,a,2025-02-24 21:03:10.604085
case_188,a,2025-02-24 19:28:10.604115
case_188,b,2025-02-24 19:33:10.604115
case_188,c,2025-02-24 19:38:10.604115
case_188,b,2025-02-24 19:43:10.604115
case_188,c,2025-02-24 19:48:10.604115
case_188,a,2025-02-24 19:53:10.604115
case_188,a,2025-02-24 19:58:10.604115
case_188,a,2025-02-24 20:03:10.604115
case_188,b,2025-02-24 20:08:10.604115
case_188,a,2025-02-24 20:13:10.604115
case_188,b,2025-02-24 20:18:10.604115
case_188,c,2025-02-24 20:23:10.604115
case_188,c,2025-02-24 20:28:10.604115
case_188,a,2025-02-24 20:33:10.604115
case_188,c,2025-02-24 20:38:10.604115
case_188,b,2025-02-24 20:43:10.604115
case_188,b,2025-02-24 20:48:10.604115
case_188,c,2025-02-24 20:53:10.604115
case_188,b,2025-02-24 20:58:10.604115
case_188,a,2025-02-24 21:03:10.604115
case_189,c,2025-02-24 19:28:10.604145
case_189,a,2025-02-24 19:33:10.604145
case_189,a,2025-02-24 19:38:10.604145
case_189,c,2025-02-24 19:43:10.604145
case_189,b,2025-02-24 19:48:10.604145
case_189,c,2025-02-24 19:53:10.604145
case_189,c,2025-02-24 19:58:10.604145
case_189,a,2025-02-24 20:03:10.604145
case_189,b,2025-02-24 20:08:10.604145
case_189,a,2025-02-24 20:13:10.604145
case_189,c,2025-02-24 20:18:10.604145
case_189,a,2025-02-24 20:23:10.604145
case_189,a,2025-02-24 20:28:10.604145
case_189,b,2025-02-24 20:33:10.604145
case_189,c,2025-02-24 20:38:10.604145
case_189,a,2025-02-24 20:43:10.604145
case_189,b,2025-02-24 20:48:10.604145
case_189,a,2025-02-24 20:53:10.604145
case_189,b,2025-02-24 20:58:10.604145
case_189,b,2025-02-24 21:03:10.604145
case_190,a,2025-02-24 19:28:10.604176
case_190,b,2025-02-24 19:33:10.604176
case_190,c,2025-02-24 19:38:10.604176
case_190,b,2025-02-24 19:43:10.604176
case_190,b,2025-02-24 19:48:10.604176
case_190,b,2025-02-24 19:53:10.604176
case_190,a,2025-02-24 19:58:10.604176
case_190,b,2025-02-24 20:03:10.604176
case_190,c,2025-02-24 20:08:10.604176
case_190,a,2025-02-24 20:13:10.604176
case_190,a,2025-02-24 20:18:10.604176
case_190,c,2025-02-24 20:23:10.604176
case_190,a,2025-02-24 20:28:10.604176
case_190,c,2025-02-24 20:33:10.604176
case_190,a,2025-02-24 20:38:10.604176
case_190,a,2025-02-24 20:43:10.604176
case_190,c,2025-02-24 20:48:10.604176
case_190,c,2025-02-24 20:53:10.604176
case_190,c,2025-02-24 20:58:10.604176
case_190,a,2025-02-24 21:03:10.604176
case_191,a,2025-02-24 19:28:10.604206
case_191,c,2025-02-24 19:33:10.604206
case_191,c,2025-02-24 19:38:10.604206
case_191,c,2025-02-24 19:43:10.604206
case_191,b,2025-02-24 19:48:10.604206
case_191,a,2025-02-24 19:53:10.604206
case_191,a,2025-02-24 19:58:10.604206
case_191,b,2025-02-24 20:03:10.604206
case_191,a,2025-02-24 20:08:10.604206
case_191,b,2025-02-24 20:13:10.604206
case_191,c,2025-02-24 20:18:10.604206
case_191,b,2025-02-24 20:23:10.604206
case_191,b,2025-02-24 20:28:10.604206
case_191,c,2025-02-24 20:33:10.604206
case_191,b,2025-02-24 20:38:10.604206
case_191,c,2025-02-24 20:43:10.604206
case_191,a,2025-02-24 20:48:10.604206
case_191,a,2025-02-24 20:53:10.604206
case_191,c,2025-02-24 20:58:10.604206
case_191,a,2025-02-24 21:03:10.604206
case_192,c,2025-02-24 19:28:10.604236
case_192,b,2025-02-24 19:33:10.604236
case_192,a,2025-02-24 19:38:10.604236
case_192,b,2025-02-24 19:43:10.604236
case_192,b,2025-02-24 19:48:10.604236
case_192,c,2025-02-24 19:53:10.604236
case_192,b,2025-02-24 19:58:10.604236
case_192,c,2025-02-24 20:03:10.604236
case_192,c,2025-02-24 20:08:10.604236
case_192,a,2025-02-24 20:13:10.604236
case_192,b,2025-02-24 20:18:10.604236
case_192,a,2025-02-24 20:23:10.604236
case_192,b,2025-02-24 20:28:10.604236
case_192,b,2025-02-24 20:33:10.604236
case_192,c,2025-02-24 20:38:10.604236
case_192,c,2025-02-24 20:43:10.604236
case_192,c,2025-02-24 20:48:10.604236
case_192,a,2025-02-24 20:53:10.604236
case_192,c,2025-02-24 20:58:10.604236
case_192,a,2025-02-24 21:03:10.604236
case_193,a,2025-02-24 19:28:10.604266
case_193,c,2025-02-24 19:33:10.604266
case_193,c,2025-02-24 19:38:10.604266
case_193,b,2025-02-24 19:43:10.604266
case_193,b,2025-02-24 19:48:10.604266
case_193,c,2025-02-24 19:53:10.604266
case_193,a,2025-02-24 19:58:10.604266
case_193,a,2025-02-24 20:03:10.604266
case_193,a,2025-02-24 20:08:10.604266
case_193,c,2025-02-24 20:13:10.604266
case_193,c,2025-02-24 20:18:10.604266
case_193,a,2025-02-24 20:23:10.604266
case_193,c,2025-02-24 20:28:10.604266
case_193,b,2025-02-24 20:33:10.604266
case_193,a,2025-02-24 20:38:10.604266
case_193,c,2025-02-24 20:43:10.604266
case_193,a,2025-02-24 20:48:10.604266
case_193,b,2025-02-24 20:53:10.604266
case_193,c,2025-02-24 20:58:10.604266
case_193,a,2025-02-24 21:03:10.604266
case_194,a,2025-02-24 19:28:10.604296
case_194,b,2025-02-24 19:33:10.604296
case_194,a,2025-02-24 19:38:10.604296
case_194,a,2025-02-24 19:43:10.604296
case_194,a,2025-02-24 19:48:10.604296
case_194,b,2025-02-24 19:53:10.604296
case_194,a,2025-02-24 19:58:10.604296
case_194,c,2025-02-24 20:03:10.604296
case_194,b,2025-02-24 20:08:10.604296
case_194,b,2025-02-24 20:13:10.604296
case_194,a,2025-02-24 20:18:10.604296
case_194,c,2025-02-24 20:23:10.604296
case_194,a,2025-02-24 20:28:10.604296
case_194,c,2025-02-24 20:33:10.604296
case_194,b,2025-02-24 20:38:10.604296
case_194,a,2025-02-24 20:43:10.604296
case_194,c,2025-02-24 20:48:10.604296
case_194,c,2025-02-24 20:53:10.604296
case_194,b,2025-02-24 20:58:10.604296
case_194,a,2025-02-24 21:03:10.604296
case_195,b,2025-02-24 19:28:10.604329
case_195,a,2025-02-24 19:33:10.604329
case_195,c,2025-02-24 19:38:10.604329
case_195,c,2025-02-24 19:43:10.604329
case_195,c,2025-02-24 19:48:10.604329
case_195,c,2025-02-24 19:53:10.604329
case_195,b,2025-02-24 19:58:10.604329
case_195,c,2025-02-24 20:03:10.604329
case_195,b,2025-02-24 20:08:10.604329
case_195,b,2025-02-24 20:13:10.604329
case_195,b,2025-02-24 20:18:10.604329
case_195,b,2025-02-24 20:23:10.604329
case_195,a,2025-02-24 20:28:10.604329
case_195,a,2025-02-24 20:33:10.604329
case_195,b,2025-02-24 20:38:10.604329
case_195,a,2025-02-24 20:43:10.604329
case_195,b,2025-02-24 20:48:10.604329
case_195,c,2025-02-24 20:53:10.604329
case_195,c,2025-02-24 20:58:10.604329
case_195,a,2025-02-24 21:03:10.604329
case_196,c,2025-02-24 19:28:10.604366
case_196,a,2025-02-24 19:33:10.604366
case_196,b,2025-02-24 19:38:10.604366
case_196,a,2025-02-24 19:43:10.604366
case_196,c,2025-02-24 19:48:10.604366
case_196,a,2025-02-24 19:53:10.604366
case_196,b,2025-02-24 19:58:10.604366
case_196,c,2025-02-24 20:03:10.604366
case_196,a,2025-02-24 20:08:10.604366
case_196,b,2025-02-24 20:13:10.604366
case_196,a,2025-02-24 20:18:10.604366
case_196,c,2025-02-24 20:23:10.604366
case_196,a,2025-02-24 20:28:10.604366
case_196,c,2025-02-24 20:33:10.604366
case_196,a,2025-02-24 20:38:10.604366
case_196,b,2025-02-24 20:43:10.604366
case_196,a,2025-02-24 20:48:10.604366
case_196,c,2025-02-24 20:53:10.604366
case_196,c,2025-02-24 20:58:10.604366
case_196,a,2025-02-24 21:03:10.604366
case_197,a,2025-02-24 19:28:10.604418
case_197,a,2025-02-24 19:33:10.604418
case_197,a,2025-02-24 19:38:10.604418
case_197,a,2025-02-24 19:43:10.604418
case_197,c,2025-02-24 19:48:10.604418
case_197,c,2025-02-24 19:53:10.604418
case_197,a,2025-02-24 19:58:10.604418
case_197,a,2025-02-24 20:03:10.604418
case_197,a,2025-02-24 20:08:10.604418
case_197,a,2025-02-24 20:13:10.604418
case_197,a,2025-02-24 20:18:10.604418
case_197,a,2025-02-24 20:23:10.604418
case_197,b,2025-02-24 20:28:10.604418
case_197,a,2025-02-24 20:33:10.604418
case_197,a,2025-02-24 20:38:10.604418
case_197,b,2025-02-24 20:43:10.604418
case_197,c,2025-02-24 20:48:10.604418
case_197,b,2025-02-24 20:53:10.604418
case_197,a,2025-02-24 20:58:10.604418
case_197,b,2025-02-24 21:03:10.604418
case_198,c,2025-02-24 19:28:10.604511
case_198,a,2025-02-24 19:33:10.604511
case_198,a,2025-02-24 19:38:10.604511
case_198,b,2025-02-24 19:43:10.604511
case_198,a,2025-02-24 19:48:10.604511
case_198,a,2025-02-24 19:53:10.604511
case_198,c,2025-02-24 19:58:10.604511
case_198,b,2025-02-24 20:03:10.604511
case_198,c,2025-02-24 20:08:10.604511
case_198,a,2025-02-24 20:13:10.604511
case_198,a,2025-02-24 20:18:10.604511
case_198,a,2025-02-24 20:23:10.604511
case_198,c,2025-02-24 20:28:10.604511
case_198,a,2025-02-24 20:33:10.604511
case_198,b,2025-02-24 20:38:10.604511
case_198,c,2025-02-24 20:43:10.604511
case_198,a,2025-02-24 20:48:10.604511
case_198,c,2025-02-24 20:53:10.604511
case_198,c,2025-02-24 20:58:10.604511
case_198,a,2025-02-24 21:03:10.604511
case_199,b,2025-02-24 19:28:10.604575
case_199,a,2025-02-24 19:33:10.604575
case_199,b,2025-02-24 19:38:10.604575
case_199,b,2025-02-24 19:43:10.604575
case_199,a,2025-02-24 19:48:10.604575
case_199,c,2025-02-24 19:53:10.604575
case_199,a,2025-02-24 19:58:10.604575
case_199,c,2025-02-24 20:03:10.604575
case_199,a,2025-02-24 20:08:10.604575
case_199,b,2025-02-24 20:13:10.604575
case_199,c,2025-02-24 20:18:10.604575
case_199,c,2025-02-24 20:23:10.604575
case_199,a,2025-02-24 20:28:10.604575
case_199,c,2025-02-24 20:33:10.604575
case_199,b,2025-02-24 20:38:10.604575
case_199,c,2025-02-24 20:43:10.604575
case_199,c,2025-02-24 20:48:10.604575
case_199,a,2025-02-24 20:53:10.604575
case_199,c,2025-02-24 20:58:10.604575
case_199,a,2025-02-24 21:03:10.604575
case_200,b,2025-02-24 19:28:10.604619
case_200,a,2025-02-24 19:33:10.604619
case_200,c,2025-02-24 19:38:10.604619
case_200,c,2025-02-24 19:43:10.604619
case_200,c,2025-02-24 19:48:10.604619
case_200,b,2025-02-24 19:53:10.604619
case_200,b,2025-02-24 19:58:10.604619
case_200,c,2025-02-24 20:03:10.604619
case_200,b,2025-02-24 20:08:10.604619
case_200,b,2025-02-24 20:13:10.604619
case_200,c,2025-02-24 20:18:10.604619
case_200,b,2025-02-24 20:23:10.604619
case_200,c,2025-02-24 20:28:10.604619
case_200,b,2025-02-24 20:33:10.604619
case_200,c,2025-02-24 20:38:10.604619
case_200,c,2025-02-24 20:43:10.604619
case_200,a,2025-02-24 20:48:10.604619
case_200,c,2025-02-24 20:53:10.604619
case_200,c,2025-02-24 20:58:10.604619
case_200,a,2025-02-24 21:03:10.604619
case_201,b,2025-02-24 19:28:10.604660
case_201,a,2025-02-24 19:33:10.604660
case_201,b,2025-02-24 19:38:10.604660
case_201,c,2025-02-24 19:43:10.604660
case_201,c,2025-02-24 19:48:10.604660
case_201,b,2025-02-24 19:53:10.604660
case_201,b,2025-02-24 19:58:10.604660
case_201,b,2025-02-24 20:03:10.604660
case_201,a,2025-02-24 20:08:10.604660
case_201,c,2025-02-24 20:13:10.604660
case_201,c,2025-02-24 20:18:10.604660
case_201,c,2025-02-24 20:23:10.604660
case_201,b,2025-02-24 20:28:10.604660
case_201,b,2025-02-24 20:33:10.604660
case_201,b,2025-02-24 20:38:10.604660
case_201,a,2025-02-24 20:43:10.604660
case_201,a,2025-02-24 20:48:10.604660
case_201,b,2025-02-24 20:53:10.604660
case_201,c,2025-02-24 20:58:10.604660
case_201,a,2025-02-24 21:03:10.604660
case_202,a,2025-02-24 19:28:10.604698
case_202,c,2025-02-24 19:33:10.604698
case_202,c,2025-02-24 19:38:10.604698
case_202,a,2025-02-24 19:43:10.604698
case_202,b,2025-02-24 19:48:10.604698
case_202,c,2025-02-24 19:53:10.604698
case_202,c,2025-02-24 19:58:10.604698
case_202,c,2025-02-24 20:03:10.604698
case_202,a,2025-02-24 20:08:10.604698
case_202,b,2025-02-24 20:13:10.604698
case_202,a,2025-02-24 20:18:10.604698
case_202,c,2025-02-24 20:23:10.604698
case_202,c,2025-02-24 20:28:10.604698
case_202,b,2025-02-24 20:33:10.604698
case_202,b,2025-02-24 20:38:10.604698
case_202,a,2025-02-24 20:43:10.604698
case_202,b,2025-02-24 20:48:10.604698
case_202,a,2025-02-24 20:53:10.604698
case_202,b,2025-02-24 20:58:10.604698
case_202,b,2025-02-24 21:03:10.604698
case_203,c,2025-02-24 19:28:10.604735
case_203,a,2025-02-24 19:33:10.604735
case_203,b,2025-02-24 19:38:10.604735
case_203,a,2025-02-24 19:43:10.604735
case_203,a,2025-02-24 19:48:10.604735
case_203,b,2025-02-24 19:53:10.604735
case_203,a,2025-02-24 19:58:10.604735
case_203,c,2025-02-24 20:03:10.604735
case_203,a,2025-02-24 20:08:10.604735
case_203,c,2025-02-24 20:13:10.604735
case_203,b,2025-02-24 20:18:10.604735
case_203,b,2025-02-24 20:23:10.604735
case_203,a,2025-02-24 20:28:10.604735
case_203,c,2025-02-24 20:33:10.604735
case_203,a,2025-02-24 20:38:10.604735
case_203,a,2025-02-24 20:43:10.604735
case_203,b,2025-02-24 20:48:10.604735
case_203,c,2025-02-24 20:53:10.604735
case_203,c,2025-02-24 20:58:10.604735
case_203,a,2025-02-24 21:03:10.604735
case_204,c,2025-02-24 19:28:10.604766
case_204,a,2025-02-24 19:33:10.604766
case_204,b,2025-02-24 19:38:10.604766
case_204,b,2025-02-24 19:43:10.604766
case_204,b,2025-02-24 19:48:10.604766
case_204,c,2025-02-24 19:53:10.604766
case_204,b,2025-02-24 19:58:10.604766
case_204,c,2025-02-24 20:03:10.604766
case_204,b,2025-02-24 20:08:10.604766
case_204,b,2025-02-24 20:13:10.604766
case_204,c,2025-02-24 20:18:10.604766
case_204,a,2025-02-24 20:23:10.604766
case_204,a,2025-02-24 20:28:10.604766
case_204,a,2025-02-24 20:33:10.604766
case_204,b,2025-02-24 20:38:10.604766
case_204,a,2025-02-24 20:43:10.604766
case_204,c,2025-02-24 20:48:10.604766
case_204,c,2025-02-24 20:53:10.604766
case_204,b,2025-02-24 20:58:10.604766
case_204,a,2025-02-24 21:03:10.604766
case_205,b,2025-02-24 19:28:10.604796
case_205,c,2025-02-24 19:33:10.604796
case_205,c,2025-02-24 19:38:10.604796
case_205,c,2025-02-24 19:43:10.604796
case_205,c,2025-02-24 19:48:10.604796
case_205,b,2025-02-24 19:53:10.604796
case_205,c,2025-02-24 19:58:10.604796
case_205,a,2025-02-24 20:03:10.604796
case_205,c,2025-02-24 20:08:10.604796
case_205,c,2025-02-24 20:13:10.604796
case_205,c,2025-02-24 20:18:10.604796
case_205,a,2025-02-24 20:23:10.604796
case_205,b,2025-02-24 20:28:10.604796
case_205,c,2025-02-24 20:33:10.604796
case_205,b,2025-02-24 20:38:10.604796
case_205,b,2025-02-24 20:43:10.604796
case_205,a,2025-02-24 20:48:10.604796
case_205,b,2025-02-24 20:53:10.604796
case_205,a,2025-02-24 20:58:10.604796
case_205,a,2025-02-24 21:03:10.604796
case_206,b,2025-02-24 19:28:10.604826
case_206,b,2025-02-24 19:33:10.604826
case_206,b,2025-02-24 19:38:10.604826
case_206,b,2025-02-24 19:43:10.604826
case_206,a,2025-02-24 19:48:10.604826
case_206,b,2025-02-24 19:53:10.604826
case_206,b,2025-02-24 19:58:10.604826
case_206,b,2025-02-24 20:03:10.604826
case_206,a,2025-02-24 20:08:10.604826
case_206,a,2025-02-24 20:13:10.604826
case_206,b,2025-02-24 20:18:10.604826
case_206,b,2025-02-24 20:23:10.604826
case_206,c,2025-02-24 20:28:10.604826
case_206,a,2025-02-24 20:33:10.604826
case_206,a,2025-02-24 20:38:10.604826
case_206,b,2025-02-24 20:43:10.604826
case_206,c,2025-02-24 20:48:10.604826
case_206,c,2025-02-24 20:53:10.604826
case_206,b,2025-02-24 20:58:10.604826
case_206,a,2025-02-24 21:03:10.604826
case_207,a,2025-02-24 19:28:10.604857
case_207,b,2025-02-24 19:33:10.604857
case_207,a,2025-02-24 19:38:10.604857
case_207,c,2025-02-24 19:43:10.604857
case_207,a,2025-02-24 19:48:10.604857
case_207,c,2025-02-24 19:53:10.604857
case_207,c,2025-02-24 19:58:10.604857
case_207,a,2025-02-24 20:03:10.604857
case_207,a,2025-02-24 20:08:10.604857
case_207,c,2025-02-24 20:13:10.604857
case_207,c,2025-02-24 20:18:10.604857
case_207,b,2025-02-24 20:23:10.604857
case_207,b,2025-02-24 20:28:10.604857
case_207,b,2025-02-24 20:33:10.604857
case_207,b,2025-02-24 20:38:10.604857
case_207,c,2025-02-24 20:43:10.604857
case_207,a,2025-02-24 20:48:10.604857
case_207,c,2025-02-24 20:53:10.604857
case_207,b,2025-02-24 20:58:10.604857
case_207,a,2025-02-24 21:03:10.604857
case_208,a,2025-02-24 19:28:10.604887
case_208,a,2025-02-24 19:33:10.604887
case_208,a,2025-02-24 19:38:10.604887
case_208,a,2025-02-24 19:43:10.604887
case_208,b,2025-02-24 19:48:10.604887
case_208,a,2025-02-24 19:53:10.604887
case_208,c,2025-02-24 19:58:10.604887
case_208,a,2025-02-24 20:03:10.604887
case_208,c,2025-02-24 20:08:10.604887
case_208,a,2025-02-24 20:13:10.604887
case_208,a,2025-02-24 20:18:10.604887
case_208,a,2025-02-24 20:23:10.604887
case_208,c,2025-02-24 20:28:10.604887
case_208,c,2025-02-24 20:33:10.604887
case_208,b,2025-02-24 20:38:10.604887
case_208,a,2025-02-24 20:43:10.604887
case_208,b,2025-02-24 20:48:10.604887
case_208,b,2025-02-24 20:53:10.604887
case_208,c,2025-02-24 20:58:10.604887
case_208,a,2025-02-24 21:03:10.604887
case_209,a,2025-02-24 19:28:10.604917
case_209,b,2025-02-24 19:33:10.604917
case_209,c,2025-02-24 19:38:10.604917
case_209,b,2025-02-24 19:43:10.604917
case_209,b,2025-02-24 19:48:10.604917
case_209,c,2025-02-24 19:53:10.604917
case_209,b,2025-02-24 19:58:10.604917
case_209,b,2025-02-24 20:03:10.604917
case_209,a,2025-02-24 20:08:10.604917
case_209,a,2025-02-24 20:13:10.604917
case_209,b,2025-02-24 20:18:10.604917
case_209,b,2025-02-24 20:23:10.604917
case_209,c,2025-02-24 20:28:10.604917
case_209,c,2025-02-24 20:33:10.604917
case_209,b,2025-02-24 20:38:10.604917
case_209,a,2025-02-24 20:43:10.604917
case_209,a,2025-02-24 20:48:10.604917
case_209,a,2025-02-24 20:53:10.604917
case_209,a,2025-02-24 20:58:10.604917
case_209,b,2025-02-24 21:03:10.604917
case_210,a,2025-02-24 19:28:10.604947
case_210,a,2025-02-24 19:33:10.604947
case_210,a,2025-02-24 19:38:10.604947
case_210,b,2025-02-24 19:43:10.604947
case_210,b,2025-02-24 19:48:10.604947
case_210,c,2025-02-24 19:53:10.604947
case_210,b,2025-02-24 19:58:10.604947
case_210,c,2025-02-24 20:03:10.604947
case_210,a,2025-02-24 20:08:10.604947
case_210,a,2025-02-24 20:13:10.604947
case_210,b,2025-02-24 20:18:10.604947
case_210,b,2025-02-24 20:23:10.604947
case_210,b,2025-02-24 20:28:10.604947
case_210,b,2025-02-24 20:33:10.604947
case_210,b,2025-02-24 20:38:10.604947
case_210,a,2025-02-24 20:43:10.604947
case_210,b,2025-02-24 20:48:10.604947
case_210,c,2025-02-24 20:53:10.604947
case_210,c,2025-02-24 20:58:10.604947
case_210,a,2025-02-24 21:03:10.604947
case_211,a,2025-02-24 19:28:10.604977
case_211,a,2025-02-24 19:33:10.604977
case_211,c,2025-02-24 19:38:10.604977
case_211,c,2025-02-24 19:43:10.604977
case_211,c,2025-02-24 19:48:10.604977
case_211,b,2025-02-24 19:53:10.604977
case_211,c,2025-02-24 19:58:10.604977
case_211,a,2025-02-24 20:03:10.604977
case_211,c,2025-02-24 20:08:10.604977
case_211,a,2025-02-24 20:13:10.604977
case_211,a,2025-02-24 20:18:10.604977
case_211,b,2025-02-24 20:23:10.604977
case_211,b,2025-02-24 20:28:10.604977
case_211,a,2025-02-24 20:33:10.604977
case_211,b,2025-02-24 20:38:10.604977
case_211,a,2025-02-24 20:43:10.604977
case_211,c,2025-02-24 20:48:10.604977
case_211,b,2025-02-24 20:53:10.604977
case_211,a,2025-02-24 20:58:10.604977
case_211,b,2025-02-24 21:03:10.604977
case_212,a,2025-02-24 19:28:10.605007
case_212,a,2025-02-24 19:33:10.605007
case_212,b,2025-02-24 19:38:10.605007
case_212,c,2025-02-24 19:43:10.605007
case_212,c,2025-02-24 19:48:10.605007
case_212,b,2025-02-24 19:53:10.605007
case_212,c,2025-02-24 19:58:10.605007
case_212,c,2025-02-24 20:03:10.605007
case_212,c,2025-02-24 20:08:10.605007
case_212,b,2025-02-24 20:13:10.605007
case_212,a,2025-02-24 20:18:10.605007
case_212,c,2025-02-24 20:23:10.605007
case_212,b,2025-02-24 20:28:10.605007
case_212,a,2025-02-24 20:33:10.605007
case_212,c,2025-02-24 20:38:10.605007
case_212,c,2025-02-24 20:43:10.605007
case_212,c,2025-02-24 20:48:10.605007
case_212,c,2025-02-24 20:53:10.605007
case_212,a,2025-02-24 20:58:10.605007
case_212,a,2025-02-24 21:03:10.605007
case_213,c,2025-02-24 19:28:10.605038
case_213,b,2025-02-24 19:33:10.605038
case_213,a,2025-02-24 19:38:10.605038
case_213,a,2025-02-24 19:43:10.605038
case_213,b,2025-02-24 19:48:10.605038
case_213,c,2025-02-24 19:53:10.605038
case_213,c,2025-02-24 19:58:10.605038
case_213,a,2025-02-24 20:03:10.605038
case_213,b,2025-02-24 20:08:10.605038
case_213,a,2025-02-24 20:13:10.605038
case_213,a,2025-02-24 20:18:10.605038
case_213,a,2025-02-24 20:23:10.605038
case_213,a,2025-02-24 20:28:10.605038
case_213,b,2025-02-24 20:33:10.605038
case_213,b,2025-02-24 20:38:10.605038
case_213,b,2025-02-24 20:43:10.605038
case_213,c,2025-02-24 20:48:10.605038
case_213,a,2025-02-24 20:53:10.605038
case_213,c,2025-02-24 20:58:10.605038
case_213,a,2025-02-24 21:03:10.605038
case_214,c,2025-02-24 19:28:10.605068
case_214,c,2025-02-24 19:33:10.605068
case_214,c,2025-02-24 19:38:10.605068
case_214,b,2025-02-24 19:43:10.605068
case_214,b,2025-02-24 19:48:10.605068
case_214,a,2025-02-24 19:53:10.605068
case_214,b,2025-02-24 19:58:10.605068
case_214,c,2025-02-24 20:03:10.605068
case_214,a,2025-02-24 20:08:10.605068
case_214,b,2025-02-24 20:13:10.605068
case_214,a,2025-02-24 20:18:10.605068
case_214,b,2025-02-24 20:23:10.605068
case_214,b,2025-02-24 20:28:10.605068
case_214,a,2025-02-24 20:33:10.605068
case_214,c,2025-02-24 20:38:10.605068
case_214,c,2025-02-24 20:43:10.605068
case_214,a,2025-02-24 20:48:10.605068
case_214,c,2025-02-24 20:53:10.605068
case_214,a,2025-02-24 20:58:10.605068
case_214,b,2025-02-24 21:03:10.605068
case_215,a,2025-02-24 19:28:10.605098
case_215,b,2025-02-24 19:33:10.605098
case_215,c,2025-02-24 19:38:10.605098
case_215,c,2025-02-24 19:43:10.605098
case_215,a,2025-02-24 19:48:10.605098
case_215,b,2025-02-24 19:53:10.605098
case_215,a,2025-02-24 19:58:10.605098
case_215,c,2025-02-24 20:03:10.605098
case_215,c,2025-02-24 20:08:10.605098
case_215,c,2025-02-24 20:13:10.605098
case_215,c,2025-02-24 20:18:10.605098
case_215,a,2025-02-24 20:23:10.605098
case_215,c,2025-02-24 20:28:10.605098
case_215,b,2025-02-24 20:33:10.605098
case_215,a,2025-02-24 20:38:10.605098
case_215,c,2025-02-24 20:43:10.605098
case_215,b,2025-02-24 20:48:10.605098
case_215,c,2025-02-24 20:53:10.605098
case_215,c,2025-02-24 20:58:10.605098
case_215,a,2025-02-24 21:03:10.605098
case_216,b,2025-02-24 19:28:10.605128
case_216,c,2025-02-24 19:33:10.605128
case_216,c,2025-02-24 19:38:10.605128
case_216,a,2025-02-24 19:43:10.605128
case_216,a,2025-02-24 19:48:10.605128
case_216,a,2025-02-24 19:53:10.605128
case_216,a,2025-02-24 19:58:10.605128
case_216,a,2025-02-24 20:03:10.605128
case_216,c,2025-02-24 20:08:10.605128
case_216,a,2025-02-24 20:13:10.605128
case_216,c,2025-02-24 20:18:10.605128
case_216,a,2025-02-24 20:23:10.605128
case_216,b,2025-02-24 20:28:10.605128
case_216,c,2025-02-24 20:33:10.605128
case_216,b,2025-02-24 20:38:10.605128
case_216,b,2025-02-24 20:43:10.605128
case_216,b,2025-02-24 20:48:10.605128
case_216,b,2025-02-24 20:53:10.605128
case_216,c,2025-02-24 20:58:10.605128
case_216,a,2025-02-24 21:03:10.605128
case_217,c,2025-02-24 19:28:10.605158
case_217,b,2025-02-24 19:33:10.605158
case_217,a,2025-02-24 19:38:10.605158
case_217,a,2025-02-24 19:43:10.605158
case_217,b,2025-02-24 19:48:10.605158
case_217,b,2025-02-24 19:53:10.605158
case_217,c,2025-02-24 19:58:10.605158
case_217,b,2025-02-24 20:03:10.605158
case_217,b,2025-02-24 20:08:10.605158
case_217,c,2025-02-24 20:13:10.605158
case_217,b,2025-02-24 20:18:10.605158
case_217,a,2025-02-24 20:23:10.605158
case_217,a,2025-02-24 20:28:10.605158
case_217,c,2025-02-24 20:33:10.605158
case_217,a,2025-02-24 20:38:10.605158
case_217,a,2025-02-24 20:43:10.605158
case_217,b,2025-02-24 20:48:10.605158
case_217,c,2025-02-24 20:53:10.605158
case_217,c,2025-02-24 20:58:10.605158
case_217,a,2025-02-24 21:03:10.605158
case_218,b,2025-02-24 19:28:10.605189
case_218,c,2025-02-24 19:33:10.605189
case_218,b,2025-02-24 19:38:10.605189
case_218,b,2025-02-24 19:43:10.605189
case_218,b,2025-02-24 19:48:10.605189
case_218,a,2025-02-24 19:53:10.605189
case_218,c,2025-02-24 19:58:10.605189
case_218,a,2025-02-24 20:03:10.605189
case_218,a,2025-02-24 20:08:10.605189
case_218,a,2025-02-24 20:13:10.605189
case_218,a,2025-02-24 20:18:10.605189
case_218,b,2025-02-24 20:23:10.605189
case_218,c,2025-02-24 20:28:10.605189
case_218,c,2025-02-24 20:33:10.605189
case_218,a,2025-02-24 20:38:10.605189
case_218,b,2025-02-24 20:43:10.605189
case_218,b,2025-02-24 20:48:10.605189
case_218,b,2025-02-24 20:53:10.605189
case_218,a,2025-02-24 20:58:10.605189
case_218,a,2025-02-24 21:03:10.605189
case_219,b,2025-02-24 19:28:10.605220
case_219,b,2025-02-24 19:33:10.605220
case_219,a,2025-02-24 19:38:10.605220
case_219,b,2025-02-24 19:43:10.605220
case_219,b,2025-02-24 19:48:10.605220
case_219,a,2025-02-24 19:53:10.605220
case_219,b,2025-02-24 19:58:10.605220
case_219,a,2025-02-24 20:03:10.605220
case_219,b,2025-02-24 20:08:10.605220
case_219,c,2025-02-24 20:13:10.605220
case_219,a,2025-02-24 20:18:10.605220
case_219,b,2025-02-24 20:23:10.605220
case_219,b,2025-02-24 20:28:10.605220
case_219,c,2025-02-24 20:33:10.605220
case_219,b,2025-02-24 20:38:10.605220
case_219,a,2025-02-24 20:43:10.605220
case_219,c,2025-02-24 20:48:10.605220
case_219,c,2025-02-24 20:53:10.605220
case_219,b,2025-02-24 20:58:10.605220
case_219,a,2025-02-24 21:03:10.605220
case_220,a,2025-02-24 19:28:10.605250
case_220,b,2025-02-24 19:33:10.605250
case_220,a,2025-02-24 19:38:10.605250
case_220,c,2025-02-24 19:43:10.605250
case_220,a,2025-02-24 19:48:10.605250
case_220,c,2025-02-24 19:53:10.605250
case_220,a,2025-02-24 19:58:10.605250
case_220,a,2025-02-24 20:03:10.605250
case_220,b,2025-02-24 20:08:10.605250
case_220,b,2025-02-24 20:13:10.605250
case_220,c,2025-02-24 20:18:10.605250
case_220,b,2025-02-24 20:23:10.605250
case_220,b,2025-02-24 20:28:10.605250
case_220,b,2025-02-24 20:33:10.605250
case_220,b,2025-02-24 20:38:10.605250
case_220,a,2025-02-24 20:43:10.605250
case_220,b,2025-02-24 20:48:10.605250
case_220,c,2025-02-24 20:53:10.605250
case_220,c,2025-02-24 20:58:10.605250
case_220,a,2025-02-24 21:03:10.605250
case_221,a,2025-02-24 19:28:10.605280
case_221,a,2025-02-24 19:33:10.605280
case_221,a,2025-02-24 19:38:10.605280
case_221,b,2025-02-24 19:43:10.605280
case_221,b,2025-02-24 19:48:10.605280
case_221,a,2025-02-24 19:53:10.605280
case_221,b,2025-02-24 19:58:10.605280
case_221,a,2025-02-24 20:03:10.605280
case_221,a,2025-02-24 20:08:10.605280
case_221,a,2025-02-24 20:13:10.605280
case_221,b,2025-02-24 20:18:10.605280
case_221,a,2025-02-24 20:23:10.605280
case_221,c,2025-02-24 20:28:10.605280
case_221,a,2025-02-24 20:33:10.605280
case_221,c,2025-02-24 20:38:10.605280
case_221,b,2025-02-24 20:43:10.605280
case_221,a,2025-02-24 20:48:10.605280
case_221,c,2025-02-24 20:53:10.605280
case_221,c,2025-02-24 20:58:10.605280
case_221,a,2025-02-24 21:03:10.605280
case_222,b,2025-02-24 19:28:10.605310
case_222,a,2025-02-24 19:33:10.605310
case_222,c,2025-02-24 19:38:10.605310
case_222,a,2025-02-24 19:43:10.605310
case_222,c,2025-02-24 19:48:10.605310
case_222,c,2025-02-24 19:53:10.605310
case_222,c,2025-02-24 19:58:10.605310
case_222,b,2025-02-24 20:03:10.605310
case_222,c,2025-02-24 20:08:10.605310
case_222,a,2025-02-24 20:13:10.605310
case_222,b,2025-02-24 20:18:10.605310
case_222,a,2025-02-24 20:23:10.605310
case_222,a,2025-02-24 20:28:10.605310
case_222,b,2025-02-24 20:33:10.605310
case_222,b,2025-02-24 20:38:10.605310
case_222,b,2025-02-24 20:43:10.605310
case_222,b,2025-02-24 20:48:10.605310
case_222,c,2025-02-24 20:53:10.605310
case_222,c,2025-02-24 20:58:10.605310
case_222,a,2025-02-24 21:03:10.605310
case_223,c,2025-02-24 19:28:10.605344
case_223,a,2025-02-24 19:33:10.605344
case_223,c,2025-02-24 19:38:10.605344
case_223,c,2025-02-24 19:43:10.605344
case_223,b,2025-02-24 19:48:10.605344
case_223,a,2025-02-24 19:53:10.605344
case_223,b,2025-02-24 19:58:10.605344
case_223,c,2025-02-24 20:03:10.605344
case_223,b,2025-02-24 20:08:10.605344
case_223,a,2025-02-24 20:13:10.605344
case_223,c,2025-02-24 20:18:10.605344
case_223,c,2025-02-24 20:23:10.605344
case_223,c,2025-02-24 20:28:10.605344
case_223,b,2025-02-24 20:33:10.605344
case_223,a,2025-02-24 20:38:10.605344
case_223,a,2025-02-24 20:43:10.605344
case_223,a,2025-02-24 20:48:10.605344
case_223,b,2025-02-24 20:53:10.605344
case_223,a,2025-02-24 20:58:10.605344
case_223,b,2025-02-24 21:03:10.605344
case_224,b,2025-02-24 19:28:10.605375
case_224,b,2025-02-24 19:33:10.605375
case_224,c,2025-02-24 19:38:10.605375
case_224,b,2025-02-24 19:43:10.605375
case_224,c,2025-02-24 19:48:10.605375
case_224,b,2025-02-24 19:53:10.605375
case_224,a,2025-02-24 19:58:10.605375
case_224,b,2025-02-24 20:03:10.605375
case_224,a,2025-02-24 20:08:10.605375
case_224,a,2025-02-24 20:13:10.605375
case_224,b,2025-02-24 20:18:10.605375
case_224,b,2025-02-24 20:23:10.605375
case_224,b,2025-02-24 20:28:10.605375
case_224,a,2025-02-24 20:33:10.605375
case_224,b,2025-02-24 20:38:10.605375
case_224,b,2025-02-24 20:43:10.605375
case_224,c,2025-02-24 20:48:10.605375
case_224,c,2025-02-24 20:53:10.605375
case_224,c,2025-02-24 20:58:10.605375
case_224,a,2025-02-24 21:03:10.605375
case_225,c,2025-02-24 19:28:10.605406
case_225,c,2025-02-24 19:33:10.605406
case_225,a,2025-02-24 19:38:10.605406
case_225,b,2025-02-24 19:43:10.605406
case_225,b,2025-02-24 19:48:10.605406
case_225,a,2025-02-24 19:53:10.605406
case_225,c,2025-02-24 19:58:10.605406
case_225,b,2025-02-24 20:03:10.605406
case_225,b,2025-02-24 20:08:10.605406
case_225,a,2025-02-24 20:13:10.605406
case_225,a,2025-02-24 20:18:10.605406
case_225,c,2025-02-24 20:23:10.605406
case_225,b,2025-02-24 20:28:10.605406
case_225,c,2025-02-24 20:33:10.605406
case_225,c,2025-02-24 20:38:10.605406
case_225,b,2025-02-24 20:43:10.605406
case_225,a,2025-02-24 20:48:10.605406
case_225,c,2025-02-24 20:53:10.605406
case_225,a,2025-02-24 20:58:10.605406
case_225,b,2025-02-24 21:03:10.605406
case_226,a,2025-02-24 19:28:10.605436
case_226,c,2025-02-24 19:33:10.605436
case_226,a,2025-02-24 19:38:10.605436
case_226,c,2025-02-24 19:43:10.605436
case_226,a,2025-02-24 19:48:10.605436
case_226,c,2025-02-24 19:53:10.605436
case_226,b,2025-02-24 19:58:10.605436
case_226,a,2025-02-24 20:03:10.605436
case_226,c,2025-02-24 20:08:10.605436
case_226,c,2025-02-24 20:13:10.605436
case_226,a,2025-02-24 20:18:10.605436
case_226,c,2025-02-24 20:23:10.605436
case_226,a,2025-02-24 20:28:10.605436
case_226,a,2025-02-24 20:33:10.605436
case_226,a,2025-02-24 20:38:10.605436
case_226,a,2025-02-24 20:43:10.605436
case_226,a,2025-02-24 20:48:10.605436
case_226,a,2025-02-24 20:53:10.605436
case_226,b,2025-02-24 20:58:10.605436
case_226,b,2025-02-24 21:03:10.605436
case_227,a,2025-02-24 19:28:10.605467
case_227,b,2025-02-24 19:33:10.605467
case_227,c,2025-02-24 19:38:10.605467
case_227,c,2025-02-24 19:43:10.605467
case_227,a,2025-02-24 19:48:10.605467
case_227,a,2025-02-24 19:53:10.605467
case_227,a,2025-02-24 19:58:10.605467
case_227,c,2025-02-24 20:03:10.605467
case_227,c,2025-02-24 20:08:10.605467
case_227,a,2025-02-24 20:13:10.605467
case_227,b,2025-02-24 20:18:10.605467
case_227,c,2025-02-24 20:23:10.605467
case_227,b,2025-02-24 20:28:10.605467
case_227,c,2025-02-24 20:33:10.605467
case_227,a,2025-02-24 20:38:10.605467
case_227,b,2025-02-24 20:43:10.605467
case_227,c,2025-02-24 20:48:10.605467
case_227,b,2025-02-24 20:53:10.605467
case_227,c,2025-02-24 20:58:10.605467
case_227,a,2025-02-24 21:03:10.605467
case_228,b,2025-02-24 19:28:10.605497
case_228,c,2025-02-24 19:33:10.605497
case_228,a,2025-02-24 19:38:10.605497
case_228,c,2025-02-24 19:43:10.605497
case_228,b,2025-02-24 19:48:10.605497
case_228,b,2025-02-24 19:53:10.605497
case_228,b,2025-02-24 19:58:10.605497
case_228,a,2025-02-24 20:03:10.605497
case_228,b,2025-02-24 20:08:10.605497
case_228,a,2025-02-24 20:13:10.605497
case_228,c,2025-02-24 20:18:10.605497
case_228,a,2025-02-24 20:23:10.605497
case_228,a,2025-02-24 20:28:10.605497
case_228,a,2025-02-24 20:33:10.605497
case_228,c,2025-02-24 20:38:10.605497
case_228,b,2025-02-24 20:43:10.605497
case_228,a,2025-02-24 20:48:10.605497
case_228,c,2025-02-24 20:53:10.605497
case_228,c,2025-02-24 20:58:10.605497
case_228,a,2025-02-24 21:03:10.605497
case_229,b,2025-02-24 19:28:10.605528
case_229,a,2025-02-24 19:33:10.605528
case_229,a,2025-02-24 19:38:10.605528
case_229,a,2025-02-24 19:43:10.605528
case_229,a,2025-02-24 19:48:10.605528
case_229,a,2025-02-24 19:53:10.605528
case_229,c,2025-02-24 19:58:10.605528
case_229,b,2025-02-24 20:03:10.605528
case_229,b,2025-02-24 20:08:10.605528
case_229,c,2025-02-24 20:13:10.605528
case_229,a,2025-02-24 20:18:10.605528
case_229,c,2025-02-24 20:23:10.605528
case_229,a,2025-02-24 20:28:10.605528
case_229,c,2025-02-24 20:33:10.605528
case_229,a,2025-02-24 20:38:10.605528
case_229,c,2025-02-24 20:43:10.605528
case_229,c,2025-02-24 20:48:10.605528
case_229,c,2025-02-24 20:53:10.605528
case_229,a,2025-02-24 20:58:10.605528
case_229,a,2025-02-24 21:03:10.605528
case_230,c,2025-02-24 19:28:10.605558
case_230,b,2025-02-24 19:33:10.605558
case_230,c,2025-02-24 19:38:10.605558
case_230,b,2025-02-24 19:43:10.605558
case_230,a,2025-02-24 19:48:10.605558
case_230,c,2025-02-24 19:53:10.605558
case_230,c,2025-02-24 19:58:10.605558
case_230,c,2025-02-24 20:03:10.605558
case_230,b,2025-02-24 20:08:10.605558
case_230,c,2025-02-24 20:13:10.605558
case_230,b,2025-02-24 20:18:10.605558
case_230,b,2025-02-24 20:23:10.605558
case_230,a,2025-02-24 20:28:10.605558
case_230,c,2025-02-24 20:33:10.605558
case_230,c,2025-02-24 20:38:10.605558
case_230,a,2025-02-24 20:43:10.605558
case_230,c,2025-02-24 20:48:10.605558
case_230,a,2025-02-24 20:53:10.605558
case_230,b,2025-02-24 20:58:10.605558
case_230,b,2025-02-24 21:03:10.605558
case_231,c,2025-02-24 19:28:10.605588
case_231,c,2025-02-24 19:33:10.605588
case_231,c,2025-02-24 19:38:10.605588
case_231,c,2025-02-24 19:43:10.605588
case_231,b,2025-02-24 19:48:10.605588
case_231,b,2025-02-24 19:53:10.605588
case_231,c,2025-02-24 19:58:10.605588
case_231,a,2025-02-24 20:03:10.605588
case_231,a,2025-02-24 20:08:10.605588
case_231,b,2025-02-24 20:13:10.605588
case_231,b,2025-02-24 20:18:10.605588
case_231,b,2025-02-24 20:23:10.605588
case_231,b,2025-02-24 20:28:10.605588
case_231,a,2025-02-24 20:33:10.605588
case_231,a,2025-02-24 20:38:10.605588
case_231,c,2025-02-24 20:43:10.605588
case_231,a,2025-02-24 20:48:10.605588
case_231,a,2025-02-24 20:53:10.605588
case_231,b,2025-02-24 20:58:10.605588
case_231,b,2025-02-24 21:03:10.605588
case_232,b,2025-02-24 19:28:10.605619
case_232,a,2025-02-24 19:33:10.605619
case_232,a,2025-02-24 19:38:10.605619
case_232,b,2025-02-24 19:43:10.605619
case_232,b,2025-02-24 19:48:10.605619
case_232,c,2025-02-24 19:53:10.605619
case_232,a,2025-02-24 19:58:10.605619
case_232,a,2025-02-24 20:03:10.605619
case_232,a,2025-02-24 20:08:10.605619
case_232,a,2025-02-24 20:13:10.605619
case_232,b,2025-02-24 20:18:10.605619
case_232,b,2025-02-24 20:23:10.605619
case_232,c,2025-02-24 20:28:10.605619
case_232,c,2025-02-24 20:33:10.605619
case_232,c,2025-02-24 20:38:10.605619
case_232,a,2025-02-24 20:43:10.605619
case_232,b,2025-02-24 20:48:10.605619
case_232,b,2025-02-24 20:53:10.605619
case_232,a,2025-02-24 20:58:10.605619
case_232,a,2025-02-24 21:03:10.605619
case_233,b,2025-02-24 19:28:10.605652
case_233,a,2025-02-24 19:33:10.605652
case_233,b,2025-02-24 19:38:10.605652
case_233,b,2025-02-24 19:43:10.605652
case_233,b,2025-02-24 19:48:10.605652
case_233,a,2025-02-24 19:53:10.605652
case_233,b,2025-02-24 19:58:10.605652
case_233,b,2025-02-24 20:03:10.605652
case_233,c,2025-02-24 20:08:10.605652
case_233,a,2025-02-24 20:13:10.605652
case_233,b,2025-02-24 20:18:10.605652
case_233,c,2025-02-24 20:23:10.605652
case_233,a,2025-02-24 20:28:10.605652
case_233,a,2025-02-24 20:33:10.605652
case_233,a,2025-02-24 20:38:10.605652
case_233,b,2025-02-24 20:43:10.605652
case_233,c,2025-02-24 20:48:10.605652
case_233,c,2025-02-24 20:53:10.605652
case_233,a,2025-02-24 20:58:10.605652
case_233,b,2025-02-24 21:03:10.605652
case_234,a,2025-02-24 19:28:10.605683
case_234,b,2025-02-24 19:33:10.605683
case_234,b,2025-02-24 19:38:10.605683
case_234,c,2025-02-24 19:43:10.605683
case_234,a,2025-02-24 19:48:10.605683
case_234,a,2025-02-24 19:53:10.605683
case_234,b,2025-02-24 19:58:10.605683
case_234,b,2025-02-24 20:03:10.605683
case_234,b,2025-02-24 20:08:10.605683
case_234,b,2025-02-24 20:13:10.605683
case_234,c,2025-02-24 20:18:10.605683
case_234,b,2025-02-24 20:23:10.605683
case_234,b,2025-02-24 20:28:10.605683
case_234,a,2025-02-24 20:33:10.605683
case_234,a,2025-02-24 20:38:10.605683
case_234,a,2025-02-24 20:43:10.605683
case_234,c,2025-02-24 20:48:10.605683
case_234,c,2025-02-24 20:53:10.605683
case_234,b,2025-02-24 20:58:10.605683
case_234,a,2025-02-24 21:03:10.605683
case_235,b,2025-02-24 19:28:10.605714
case_235,a,2025-02-24 19:33:10.605714
case_235,a,2025-02-24 19:38:10.605714
case_235,b,2025-02-24 19:43:10.605714
case_235,c,2025-02-24 19:48:10.605714
case_235,c,2025-02-24 19:53:10.605714
case_235,c,2025-02-24 19:58:10.605714
case_235,a,2025-02-24 20:03:10.605714
case_235,c,2025-02-24 20:08:10.605714
case_235,a,2025-02-24 20:13:10.605714
case_235,c,2025-02-24 20:18:10.605714
case_235,a,2025-02-24 20:23:10.605714
case_235,c,2025-02-24 20:28:10.605714
case_235,b,2025-02-24 20:33:10.605714
case_235,c,2025-02-24 20:38:10.605714
case_235,b,2025-02-24 20:43:10.605714
case_235,c,2025-02-24 20:48:10.605714
case_235,c,2025-02-24 20:53:10.605714
case_235,b,2025-02-24 20:58:10.605714
case_235,a,2025-02-24 21:03:10.605714
case_236,c,2025-02-24 19:28:10.605745
case_236,a,2025-02-24 19:33:10.605745
case_236,a,2025-02-24 19:38:10.605745
case_236,b,2025-02-24 19:43:10.605745
case_236,b,2025-02-24 19:48:10.605745
case_236,c,2025-02-24 19:53:10.605745
case_236,c,2025-02-24 19:58:10.605745
case_236,c,2025-02-24 20:03:10.605745
case_236,a,2025-02-24 20:08:10.605745
case_236,c,2025-02-24 20:13:10.605745
case_236,a,2025-02-24 20:18:10.605745
case_236,c,2025-02-24 20:23:10.605745
case_236,a,2025-02-24 20:28:10.605745
case_236,b,2025-02-24 20:33:10.605745
case_236,c,2025-02-24 20:38:10.605745
case_236,b,2025-02-24 20:43:10.605745
case_236,b,2025-02-24 20:48:10.605745
case_236,c,2025-02-24 20:53:10.605745
case_236,c,2025-02-24 20:58:10.605745
case_236,a,2025-02-24 21:03:10.605745
case_237,c,2025-02-24 19:28:10.605776
case_237,b,2025-02-24 19:33:10.605776
case_237,a,2025-02-24 19:38:10.605776
case_237,c,2025-02-24 19:43:10.605776
case_237,a,2025-02-24 19:48:10.605776
case_237,c,2025-02-24 19:53:10.605776
case_237,b,2025-02-24 19:58:10.605776
case_237,a,2025-02-24 20:03:10.605776
case_237,c,2025-02-24 20:08:10.605776
case_237,c,2025-02-24 20:13:10.605776
case_237,a,2025-02-24 20:18:10.605776
case_237,c,2025-02-24 20:23:10.605776
case_237,b,2025-02-24 20:28:10.605776
case_237,c,2025-02-24 20:33:10.605776
case_237,c,2025-02-24 20:38:10.605776
case_237,a,2025-02-24 20:43:10.605776
case_237,a,2025-02-24 20:48:10.605776
case_237,a,2025-02-24 20:53:10.605776
case_237,a,2025-02-24 20:58:10.605776
case_237,b,2025-02-24 21:03:10.605776
case_238,c,2025-02-24 19:28:10.605806
case_238,c,2025-02-24 19:33:10.605806
case_238,b,2025-02-24 19:38:10.605806
case_238,c,2025-02-24 19:43:10.605806
case_238,a,2025-02-24 19:48:10.605806
case_238,b,2025-02-24 19:53:10.605806
case_238,a,2025-02-24 19:58:10.605806
case_238,c,2025-02-24 20:03:10.605806
case_238,b,2025-02-24 20:08:10.605806
case_238,a,2025-02-24 20:13:10.605806
case_238,b,2025-02-24 20:18:10.605806
case_238,a,2025-02-24 20:23:10.605806
case_238,b,2025-02-24 20:28:10.605806
case_238,b,2025-02-24 20:33:10.605806
case_238,c,2025-02-24 20:38:10.605806
case_238,a,2025-02-24 20:43:10.605806
case_238,c,2025-02-24 20:48:10.605806
case_238,a,2025-02-24 20:53:10.605806
case_238,c,2025-02-24 20:58:10.605806
case_238,a,2025-02-24 21:03:10.605806
case_239,b,2025-02-24 19:28:10.605837
case_239,b,2025-02-24 19:33:10.605837
case_239,b,2025-02-24 19:38:10.605837
case_239,c,2025-02-24 19:43:10.605837
case_239,a,2025-02-24 19:48:10.605837
case_239,b,2025-02-24 19:53:10.605837
case_239,a,2025-02-24 19:58:10.605837
case_239,a,2025-02-24 20:03:10.605837
case_239,c,2025-02-24 20:08:10.605837
case_239,b,2025-02-24 20:13:10.605837
case_239,a,2025-02-24 20:18:10.605837
case_239,a,2025-02-24 20:23:10.605837
case_239,c,2025-02-24 20:28:10.605837
case_239,a,2025-02-24 20:33:10.605837
case_239,c,2025-02-24 20:38:10.605837
case_239,a,2025-02-24 20:43:10.605837
case_239,a,2025-02-24 20:48:10.605837
case_239,c,2025-02-24 20:53:10.605837
case_239,c,2025-02-24 20:58:10.605837
case_239,a,2025-02-24 21:03:10.605837
case_240,a,2025-02-24 19:28:10.605867
case_240,b,2025-02-24 19:33:10.605867
case_240,c,2025-02-24 19:38:10.605867
case_240,b,2025-02-24 19:43:10.605867
case_240,c,2025-02-24 19:48:10.605867
case_240,a,2025-02-24 19:53:10.605867
case_240,c,2025-02-24 19:58:10.605867
case_240,c,2025-02-24 20:03:10.605867
case_240,c,2025-02-24 20:08:10.605867
case_240,b,2025-02-24 20:13:10.605867
case_240,b,2025-02-24 20:18:10.605867
case_240,a,2025-02-24 20:23:10.605867
case_240,b,2025-02-24 20:28:10.605867
case_240,b,2025-02-24 20:33:10.605867
case_240,a,2025-02-24 20:38:10.605867
case_240,b,2025-02-24 20:43:10.605867
case_240,b,2025-02-24 20:48:10.605867
case_240,c,2025-02-24 20:53:10.605867
case_240,c,2025-02-24 20:58:10.605867
case_240,a,2025-02-24 21:03:10.605867
case_241,a,2025-02-24 19:28:10.605898
case_241,c,2025-02-24 19:33:10.605898
case_241,b,2025-02-24 19:38:10.605898
case_241,a,2025-02-24 19:43:10.605898
case_241,c,2025-02-24 19:48:10.605898
case_241,a,2025-02-24 19:53:10.605898
case_241,a,2025-02-24 19:58:10.605898
case_241,b,2025-02-24 20:03:10.605898
case_241,c,2025-02-24 20:08:10.605898
case_241,a,2025-02-24 20:13:10.605898
case_241,a,2025-02-24 20:18:10.605898
case_241,c,2025-02-24 20:23:10.605898
case_241,a,2025-02-24 20:28:10.605898
case_241,c,2025-02-24 20:33:10.605898
case_241,b,2025-02-24 20:38:10.605898
case_241,b,2025-02-24 20:43:10.605898
case_241,b,2025-02-24 20:48:10.605898
case_241,c,2025-02-24 20:53:10.605898
case_241,c,2025-02-24 20:58:10.605898
case_241,a,2025-02-24 21:03:10.605898
case_242,a,2025-02-24 19:28:10.605928
case_242,b,2025-02-24 19:33:10.605928
case_242,b,2025-02-24 19:38:10.605928
case_242,c,2025-02-24 19:43:10.605928
case_242,b,2025-02-24 19:48:10.605928
case_242,a,2025-02-24 19:53:10.605928
case_242,c,2025-02-24 19:58:10.605928
case_242,b,2025-02-24 20:03:10.605928
case_242,c,2025-02-24 20:08:10.605928
case_242,b,2025-02-24 20:13:10.605928
case_242,c,2025-02-24 20:18:10.605928
case_242,a,2025-02-24 20:23:10.605928
case_242,a,2025-02-24 20:28:10.605928
case_242,b,2025-02-24 20:33:10.605928
case_242,a,2025-02-24 20:38:10.605928
case_242,a,2025-02-24 20:43:10.605928
case_242,c,2025-02-24 20:48:10.605928
case_242,c,2025-02-24 20:53:10.605928
case_242,a,2025-02-24 20:58:10.605928
case_242,a,2025-02-24 21:03:10.605928
case_243,a,2025-02-24 19:28:10.605959
case_243,a,2025-02-24 19:33:10.605959
case_243,b,2025-02-24 19:38:10.605959
case_243,c,2025-02-24 19:43:10.605959
case_243,b,2025-02-24 19:48:10.605959
case_243,a,2025-02-24 19:53:10.605959
case_243,b,2025-02-24 19:58:10.605959
case_243,b,2025-02-24 20:03:10.605959
case_243,a,2025-02-24 20:08:10.605959
case_243,a,2025-02-24 20:13:10.605959
case_243,b,2025-02-24 20:18:10.605959
case_243,a,2025-02-24 20:23:10.605959
case_243,c,2025-02-24 20:28:10.605959
case_243,b,2025-02-24 20:33:10.605959
case_243,c,2025-02-24 20:38:10.605959
case_243,a,2025-02-24 20:43:10.605959
case_243,a,2025-02-24 20:48:10.605959
case_243,c,2025-02-24 20:53:10.605959
case_243,c,2025-02-24 20:58:10.605959
case_243,a,2025-02-24 21:03:10.605959
case_244,c,2025-02-24 19:28:10.605989
case_244,c,2025-02-24 19:33:10.605989
case_244,c,2025-02-24 19:38:10.605989
case_244,a,2025-02-24 19:43:10.605989
case_244,a,2025-02-24 19:48:10.605989
case_244,b,2025-02-24 19:53:10.605989
case_244,b,2025-02-24 19:58:10.605989
case_244,a,2025-02-24 20:03:10.605989
case_244,a,2025-02-24 20:08:10.605989
case_244,b,2025-02-24 20:13:10.605989
case_244,b,2025-02-24 20:18:10.605989
case_244,b,2025-02-24 20:23:10.605989
case_244,a,2025-02-24 20:28:10.605989
case_244,a,2025-02-24 20:33:10.605989
case_244,c,2025-02-24 20:38:10.605989
case_244,a,2025-02-24 20:43:10.605989
case_244,b,2025-02-24 20:48:10.605989
case_244,a,2025-02-24 20:53:10.605989
case_244,a,2025-02-24 20:58:10.605989
case_244,b,2025-02-24 21:03:10.605989
case_245,c,2025-02-24 19:28:10.606020
case_245,a,2025-02-24 19:33:10.606020
case_245,b,2025-02-24 19:38:10.606020
case_245,b,2025-02-24 19:43:10.606020
case_245,b,2025-02-24 19:48:10.606020
case_245,a,2025-02-24 19:53:10.606020
case_245,c,2025-02-24 19:58:10.606020
case_245,b,2025-02-24 20:03:10.606020
case_245,c,2025-02-24 20:08:10.606020
case_245,a,2025-02-24 20:13:10.606020
case_245,a,2025-02-24 20:18:10.606020
case_245,a,2025-02-24 20:23:10.606020
case_245,a,2025-02-24 20:28:10.606020
case_245,a,2025-02-24 20:33:10.606020
case_245,c,2025-02-24 20:38:10.606020
case_245,a,2025-02-24 20:43:10.606020
case_245,a,2025-02-24 20:48:10.606020
case_245,c,2025-02-24 20:53:10.606020
case_245,c,2025-02-24 20:58:10.606020
case_245,a,2025-02-24 21:03:10.606020
case_246,c,2025-02-24 19:28:10.606051
case_246,a,2025-02-24 19:33:10.606051
case_246,a,2025-02-24 19:38:10.606051
case_246,a,2025-02-24 19:43:10.606051
case_246,c,2025-02-24 19:48:10.606051
case_246,c,2025-02-24 19:53:10.606051
case_246,a,2025-02-24 19:58:10.606051
case_246,b,2025-02-24 20:03:10.606051
case_246,c,2025-02-24 20:08:10.606051
case_246,b,2025-02-24 20:13:10.606051
case_246,a,2025-02-24 20:18:10.606051
case_246,a,2025-02-24 20:23:10.606051
case_246,a,2025-02-24 20:28:10.606051
case_246,b,2025-02-24 20:33:10.606051
case_246,a,2025-02-24 20:38:10.606051
case_246,a,2025-02-24 20:43:10.606051
case_246,c,2025-02-24 20:48:10.606051
case_246,a,2025-02-24 20:53:10.606051
case_246,a,2025-02-24 20:58:10.606051
case_246,a,2025-02-24 21:03:10.606051
case_247,a,2025-02-24 19:28:10.606081
case_247,a,2025-02-24 19:33:10.606081
case_247,b,2025-02-24 19:38:10.606081
case_247,a,2025-02-24 19:43:10.606081
case_247,c,2025-02-24 19:48:10.606081
case_247,b,2025-02-24 19:53:10.606081
case_247,a,2025-02-24 19:58:10.606081
case_247,b,2025-02-24 20:03:10.606081
case_247,a,2025-02-24 20:08:10.606081
case_247,b,2025-02-24 20:13:10.606081
case_247,c,2025-02-24 20:18:10.606081
case_247,a,2025-02-24 20:23:10.606081
case_247,b,2025-02-24 20:28:10.606081
case_247,c,2025-02-24 20:33:10.606081
case_247,c,2025-02-24 20:38:10.606081
case_247,a,2025-02-24 20:43:10.606081
case_247,a,2025-02-24 20:48:10.606081
case_247,c,2025-02-24 20:53:10.606081
case_247,a,2025-02-24 20:58:10.606081
case_247,a,2025-02-24 21:03:10.606081
case_248,a,2025-02-24 19:28:10.606112
case_248,a,2025-02-24 19:33:10.606112
case_248,c,2025-02-24 19:38:10.606112
case_248,c,2025-02-24 19:43:10.606112
case_248,b,2025-02-24 19:48:10.606112
case_248,b,2025-02-24 19:53:10.606112
case_248,c,2025-02-24 19:58:10.606112
case_248,b,2025-02-24 20:03:10.606112
case_248,a,2025-02-24 20:08:10.606112
case_248,a,2025-02-24 20:13:10.606112
case_248,b,2025-02-24 20:18:10.606112
case_248,c,2025-02-24 20:23:10.606112
case_248,c,2025-02-24 20:28:10.606112
case_248,b,2025-02-24 20:33:10.606112
case_248,b,2025-02-24 20:38:10.606112
case_248,b,2025-02-24 20:43:10.606112
case_248,c,2025-02-24 20:48:10.606112
case_248,b,2025-02-24 20:53:10.606112
case_248,b,2025-02-24 20:58:10.606112
case_248,a,2025-02-24 21:03:10.606112
case_249,b,2025-02-24 19:28:10.606143
case_249,b,2025-02-24 19:33:10.606143
case_249,c,2025-02-24 19:38:10.606143
case_249,b,2025-02-24 19:43:10.606143
case_249,b,2025-02-24 19:48:10.606143
case_249,a,2025-02-24 19:53:10.606143
case_249,a,2025-02-24 19:58:10.606143
case_249,b,2025-02-24 20:03:10.606143
case_249,b,2025-02-24 20:08:10.606143
case_249,a,2025-02-24 20:13:10.606143
case_249,a,2025-02-24 20:18:10.606143
case_249,c,2025-02-24 20:23:10.606143
case_249,a,2025-02-24 20:28:10.606143
case_249,a,2025-02-24 20:33:10.606143
case_249,b,2025-02-24 20:38:10.606143
case_249,c,2025-02-24 20:43:10.606143
case_249,b,2025-02-24 20:48:10.606143
case_249,c,2025-02-24 20:53:10.606143
case_249,c,2025-02-24 20:58:10.606143
case_249,a,2025-02-24 21:03:10.606143
case_250,b,2025-02-24 19:28:10.606173
case_250,a,2025-02-24 19:33:10.606173
case_250,c,2025-02-24 19:38:10.606173
case_250,a,2025-02-24 19:43:10.606173
case_250,a,2025-02-24 19:48:10.606173
case_250,c,2025-02-24 19:53:10.606173
case_250,c,2025-02-24 19:58:10.606173
case_250,b,2025-02-24 20:03:10.606173
case_250,a,2025-02-24 20:08:10.606173
case_250,c,2025-02-24 20:13:10.606173
case_250,c,2025-02-24 20:18:10.606173
case_250,a,2025-02-24 20:23:10.606173
case_250,b,2025-02-24 20:28:10.606173
case_250,b,2025-02-24 20:33:10.606173
case_250,c,2025-02-24 20:38:10.606173
case_250,b,2025-02-24 20:43:10.606173
case_250,b,2025-02-24 20:48:10.606173
case_250,c,2025-02-24 20:53:10.606173
case_250,b,2025-02-24 20:58:10.606173
case_250,a,2025-02-24 21:03:10.606173
case_251,a,2025-02-24 19:28:10.606204
case_251,a,2025-02-24 19:33:10.606204
case_251,c,2025-02-24 19:38:10.606204
case_251,c,2025-02-24 19:43:10.606204
case_251,b,2025-02-24 19:48:10.606204
case_251,b,2025-02-24 19:53:10.606204
case_251,c,2025-02-24 19:58:10.606204
case_251,b,2025-02-24 20:03:10.606204
case_251,b,2025-02-24 20:08:10.606204
case_251,c,2025-02-24 20:13:10.606204
case_251,a,2025-02-24 20:18:10.606204
case_251,a,2025-02-24 20:23:10.606204
case_251,a,2025-02-24 20:28:10.606204
case_251,c,2025-02-24 20:33:10.606204
case_251,b,2025-02-24 20:38:10.606204
case_251,b,2025-02-24 20:43:10.606204
case_251,b,2025-02-24 20:48:10.606204
case_251,a,2025-02-24 20:53:10.606204
case_251,c,2025-02-24 20:58:10.606204
case_251,a,2025-02-24 21:03:10.606204
case_252,a,2025-02-24 19:28:10.606234
case_252,a,2025-02-24 19:33:10.606234
case_252,b,2025-02-24 19:38:10.606234
case_252,c,2025-02-24 19:43:10.606234
case_252,a,2025-02-24 19:48:10.606234
case_252,a,2025-02-24 19:53:10.606234
case_252,b,2025-02-24 19:58:10.606234
case_252,c,2025-02-24 20:03:10.606234
case_252,c,2025-02-24 20:08:10.606234
case_252,c,2025-02-24 20:13:10.606234
case_252,b,2025-02-24 20:18:10.606234
case_252,a,2025-02-24 20:23:10.606234
case_252,a,2025-02-24 20:28:10.606234
case_252,c,2025-02-24 20:33:10.606234
case_252,b,2025-02-24 20:38:10.606234
case_252,c,2025-02-24 20:43:10.606234
case_252,b,2025-02-24 20:48:10.606234
case_252,b,2025-02-24 20:53:10.606234
case_252,b,2025-02-24 20:58:10.606234
case_252,a,2025-02-24 21:03:10.606234
case_253,b,2025-02-24 19:28:10.606265
case_253,c,2025-02-24 19:33:10.606265
case_253,c,2025-02-24 19:38:10.606265
case_253,c,2025-02-24 19:43:10.606265
case_253,b,2025-02-24 19:48:10.606265
case_253,c,2025-02-24 19:53:10.606265
case_253,a,2025-02-24 19:58:10.606265
case_253,b,2025-02-24 20:03:10.606265
case_253,a,2025-02-24 20:08:10.606265
case_253,a,2025-02-24 20:13:10.606265
case_253,a,2025-02-24 20:18:10.606265
case_253,b,2025-02-24 20:23:10.606265
case_253,b,2025-02-24 20:28:10.606265
case_253,b,2025-02-24 20:33:10.606265
case_253,c,2025-02-24 20:38:10.606265
case_253,c,2025-02-24 20:43:10.606265
case_253,a,2025-02-24 20:48:10.606265
case_253,c,2025-02-24 20:53:10.606265
case_253,c,2025-02-24 20:58:10.606265
case_253,a,2025-02-24 21:03:10.606265
case_254,c,2025-02-24 19:28:10.606296
case_254,b,2025-02-24 19:33:10.606296
case_254,c,2025-02-24 19:38:10.606296
case_254,c,2025-02-24 19:43:10.606296
case_254,c,2025-02-24 19:48:10.606296
case_254,c,2025-02-24 19:53:10.606296
case_254,b,2025-02-24 19:58:10.606296
case_254,a,2025-02-24 20:03:10.606296
case_254,b,2025-02-24 20:08:10.606296
case_254,b,2025-02-24 20:13:10.606296
case_254,c,2025-02-24 20:18:10.606296
case_254,c,2025-02-24 20:23:10.606296
case_254,c,2025-02-24 20:28:10.606296
case_254,c,2025-02-24 20:33:10.606296
case_254,b,2025-02-24 20:38:10.606296
case_254,b,2025-02-24 20:43:10.606296
case_254,b,2025-02-24 20:48:10.606296
case_254,a,2025-02-24 20:53:10.606296
case_254,a,2025-02-24 20:58:10.606296
case_254,b,2025-02-24 21:03:10.606296
case_255,c,2025-02-24 19:28:10.606330
case_255,c,2025-02-24 19:33:10.606330
case_255,c,2025-02-24 19:38:10.606330
case_255,b,2025-02-24 19:43:10.606330
case_255,a,2025-02-24 19:48:10.606330
case_255,c,2025-02-24 19:53:10.606330
case_255,a,2025-02-24 19:58:10.606330
case_255,a,2025-02-24 20:03:10.606330
case_255,c,2025-02-24 20:08:10.606330
case_255,b,2025-02-24 20:13:10.606330
case_255,a,2025-02-24 20:18:10.606330
case_255,b,2025-02-24 20:23:10.606330
case_255,c,2025-02-24 20:28:10.606330
case_255,a,2025-02-24 20:33:10.606330
case_255,a,2025-02-24 20:38:10.606330
case_255,a,2025-02-24 20:43:10.606330
case_255,a,2025-02-24 20:48:10.606330
case_255,c,2025-02-24 20:53:10.606330
case_255,a,2025-02-24 20:58:10.606330
case_255,b,2025-02-24 21:03:10.606330
case_256,b,2025-02-24 19:28:10.606360
case_256,a,2025-02-24 19:33:10.606360
case_256,a,2025-02-24 19:38:10.606360
case_256,a,2025-02-24 19:43:10.606360
case_256,b,2025-02-24 19:48:10.606360
case_256,c,2025-02-24 19:53:10.606360
case_256,a,2025-02-24 19:58:10.606360
case_256,c,2025-02-24 20:03:10.606360
case_256,c,2025-02-24 20:08:10.606360
case_256,c,2025-02-24 20:13:10.606360
case_256,b,2025-02-24 20:18:10.606360
case_256,c,2025-02-24 20:23:10.606360
case_256,c,2025-02-24 20:28:10.606360
case_256,a,2025-02-24 20:33:10.606360
case_256,a,2025-02-24 20:38:10.606360
case_256,c,2025-02-24 20:43:10.606360
case_256,a,2025-02-24 20:48:10.606360
case_256,c,2025-02-24 20:53:10.606360
case_256,b,2025-02-24 20:58:10.606360
case_256,a,2025-02-24 21:03:10.606360
case_257,b,2025-02-24 19:28:10.606391
case_257,a,2025-02-24 19:33:10.606391
case_257,b,2025-02-24 19:38:10.606391
case_257,b,2025-02-24 19:43:10.606391
case_257,b,2025-02-24 19:48:10.606391
case_257,c,2025-02-24 19:53:10.606391
case_257,c,2025-02-24 19:58:10.606391
case_257,c,2025-02-24 20:03:10.606391
case_257,a,2025-02-24 20:08:10.606391
case_257,b,2025-02-24 20:13:10.606391
case_257,a,2025-02-24 20:18:10.606391
case_257,b,2025-02-24 20:23:10.606391
case_257,a,2025-02-24 20:28:10.606391
case_257,b,2025-02-24 20:33:10.606391
case_257,c,2025-02-24 20:38:10.606391
case_257,a,2025-02-24 20:43:10.606391
case_257,b,2025-02-24 20:48:10.606391
case_257,c,2025-02-24 20:53:10.606391
case_257,a,2025-02-24 20:58:10.606391
case_257,a,2025-02-24 21:03:10.606391
case_258,b,2025-02-24 19:28:10.606422
case_258,c,2025-02-24 19:33:10.606422
case_258,c,2025-02-24 19:38:10.606422
case_258,b,2025-02-24 19:43:10.606422
case_258,b,2025-02-24 19:48:10.606422
case_258,a,2025-02-24 19:53:10.606422
case_258,b,2025-02-24 19:58:10.606422
case_258,c,2025-02-24 20:03:10.606422
case_258,b,2025-02-24 20:08:10.606422
case_258,b,2025-02-24 20:13:10.606422
case_258,b,2025-02-24 20:18:10.606422
case_258,b,2025-02-24 20:23:10.606422
case_258,a,2025-02-24 20:28:10.606422
case_258,a,2025-02-24 20:33:10.606422
case_258,b,2025-02-24 20:38:10.606422
case_258,b,2025-02-24 20:43:10.606422
case_258,c,2025-02-24 20:48:10.606422
case_258,a,2025-02-24 20:53:10.606422
case_258,b,2025-02-24 20:58:10.606422
case_258,b,2025-02-24 21:03:10.606422
case_259,a,2025-02-24 19:28:10.606453
case_259,b,2025-02-24 19:33:10.606453
case_259,b,2025-02-24 19:38:10.606453
case_259,a,2025-02-24 19:43:10.606453
case_259,c,2025-02-24 19:48:10.606453
case_259,b,2025-02-24 19:53:10.606453
case_259,a,2025-02-24 19:58:10.606453
case_259,b,2025-02-24 20:03:10.606453
case_259,a,2025-02-24 20:08:10.606453
case_259,c,2025-02-24 20:13:10.606453
case_259,b,2025-02-24 20:18:10.606453
case_259,b,2025-02-24 20:23:10.606453
case_259,a,2025-02-24 20:28:10.606453
case_259,b,2025-02-24 20:33:10.606453
case_259,c,2025-02-24 20:38:10.606453
case_259,b,2025-02-24 20:43:10.606453
case_259,b,2025-02-24 20:48:10.606453
case_259,c,2025-02-24 20:53:10.606453
case_259,c,2025-02-24 20:58:10.606453
case_259,a,2025-02-24 21:03:10.606453
case_260,c,2025-02-24 19:28:10.606483
case_260,b,2025-02-24 19:33:10.606483
case_260,a,2025-02-24 19:38:10.606483
case_260,b,2025-02-24 19:43:10.606483
case_260,a,2025-02-24 19:48:10.606483
case_260,b,2025-02-24 19:53:10.606483
case_260,c,2025-02-24 19:58:10.606483
case_260,b,2025-02-24 20:03:10.606483
case_260,b,2025-02-24 20:08:10.606483
case_260,b,2025-02-24 20:13:10.606483
case_260,a,2025-02-24 20:18:10.606483
case_260,c,2025-02-24 20:23:10.606483
case_260,b,2025-02-24 20:28:10.606483
case_260,a,2025-02-24 20:33:10.606483
case_260,a,2025-02-24 20:38:10.606483
case_260,c,2025-02-24 20:43:10.606483
case_260,c,2025-02-24 20:48:10.606483
case_260,a,2025-02-24 20:53:10.606483
case_260,c,2025-02-24 20:58:10.606483
case_260,a,2025-02-24 21:03:10.606483
case_261,a,2025-02-24 19:28:10.606513
case_261,b,2025-02-24 19:33:10.606513
case_261,b,2025-02-24 19:38:10.606513
case_261,b,2025-02-24 19:43:10.606513
case_261,c,2025-02-24 19:48:10.606513
case_261,c,2025-02-24 19:53:10.606513
case_261,b,2025-02-24 19:58:10.606513
case_261,c,2025-02-24 20:03:10.606513
case_261,a,2025-02-24 20:08:10.606513
case_261,c,2025-02-24 20:13:10.606513
case_261,c,2025-02-24 20:18:10.606513
case_261,c,2025-02-24 20:23:10.606513
case_261,b,2025-02-24 20:28:10.606513
case_261,b,2025-02-24 20:33:10.606513
case_261,c,2025-02-24 20:38:10.606513
case_261,c,2025-02-24 20:43:10.606513
case_261,c,2025-02-24 20:48:10.606513
case_261,c,2025-02-24 20:53:10.606513
case_261,b,2025-02-24 20:58:10.606513
case_261,a,2025-02-24 21:03:10.606513
case_262,c,2025-02-24 19:28:10.606546
case_262,a,2025-02-24 19:33:10.606546
case_262,c,2025-02-24 19:38:10.606546
case_262,c,2025-02-24 19:43:10.606546
case_262,b,2025-02-24 19:48:10.606546
case_262,b,2025-02-24 19:53:10.606546
case_262,b,2025-02-24 19:58:10.606546
case_262,c,2025-02-24 20:03:10.606546
case_262,b,2025-02-24 20:08:10.606546
case_262,a,2025-02-24 20:13:10.606546
case_262,c,2025-02-24 20:18:10.606546
case_262,b,2025-02-24 20:23:10.606546
case_262,a,2025-02-24 20:28:10.606546
case_262,c,2025-02-24 20:33:10.606546
case_262,a,2025-02-24 20:38:10.606546
case_262,c,2025-02-24 20:43:10.606546
case_262,b,2025-02-24 20:48:10.606546
case_262,c,2025-02-24 20:53:10.606546
case_262,b,2025-02-24 20:58:10.606546
case_262,a,2025-02-24 21:03:10.606546
case_263,b,2025-02-24 19:28:10.606577
case_263,a,2025-02-24 19:33:10.606577
case_263,a,2025-02-24 19:38:10.606577
case_263,a,2025-02-24 19:43:10.606577
case_263,b,2025-02-24 19:48:10.606577
case_263,b,2025-02-24 19:53:10.606577
case_263,c,2025-02-24 19:58:10.606577
case_263,c,2025-02-24 20:03:10.606577
case_263,b,2025-02-24 20:08:10.606577
case_263,c,2025-02-24 20:13:10.606577
case_263,c,2025-02-24 20:18:10.606577
case_263,a,2025-02-24 20:23:10.606577
case_263,a,2025-02-24 20:28:10.606577
case_263,a,2025-02-24 20:33:10.606577
case_263,c,2025-02-24 20:38:10.606577
case_263,c,2025-02-24 20:43:10.606577
case_263,c,2025-02-24 20:48:10.606577
case_263,a,2025-02-24 20:53:10.606577
case_263,b,2025-02-24 20:58:10.606577
case_263,b,2025-02-24 21:03:10.606577
case_264,a,2025-02-24 19:28:10.606607
case_264,b,2025-02-24 19:33:10.606607
case_264,a,2025-02-24 19:38:10.606607
case_264,c,2025-02-24 19:43:10.606607
case_264,c,2025-02-24 19:48:10.606607
case_264,a,2025-02-24 19:53:10.606607
case_264,b,2025-02-24 19:58:10.606607
case_264,c,2025-02-24 20:03:10.606607
case_264,c,2025-02-24 20:08:10.606607
case_264,c,2025-02-24 20:13:10.606607
case_264,b,2025-02-24 20:18:10.606607
case_264,b,2025-02-24 20:23:10.606607
case_264,b,2025-02-24 20:28:10.606607
case_264,b,2025-02-24 20:33:10.606607
case_264,b,2025-02-24 20:38:10.606607
case_264,c,2025-02-24 20:43:10.606607
case_264,c,2025-02-24 20:48:10.606607
case_264,a,2025-02-24 20:53:10.606607
case_264,b,2025-02-24 20:58:10.606607
case_264,b,2025-02-24 21:03:10.606607
case_265,c,2025-02-24 19:28:10.606637
case_265,c,2025-02-24 19:33:10.606637
case_265,c,2025-02-24 19:38:10.606637
case_265,b,2025-02-24 19:43:10.606637
case_265,a,2025-02-24 19:48:10.606637
case_265,b,2025-02-24 19:53:10.606637
case_265,a,2025-02-24 19:58:10.606637
case_265,c,2025-02-24 20:03:10.606637
case_265,b,2025-02-24 20:08:10.606637
case_265,b,2025-02-24 20:13:10.606637
case_265,b,2025-02-24 20:18:10.606637
case_265,b,2025-02-24 20:23:10.606637
case_265,b,2025-02-24 20:28:10.606637
case_265,b,2025-02-24 20:33:10.606637
case_265,a,2025-02-24 20:38:10.606637
case_265,b,2025-02-24 20:43:10.606637
case_265,b,2025-02-24 20:48:10.606637
case_265,b,2025-02-24 20:53:10.606637
case_265,c,2025-02-24 20:58:10.606637
case_265,a,2025-02-24 21:03:10.606637
case_266,b,2025-02-24 19:28:10.606668
case_266,c,2025-02-24 19:33:10.606668
case_266,b,2025-02-24 19:38:10.606668
case_266,a,2025-02-24 19:43:10.606668
case_266,c,2025-02-24 19:48:10.606668
case_266,a,2025-02-24 19:53:10.606668
case_266,a,2025-02-24 19:58:10.606668
case_266,c,2025-02-24 20:03:10.606668
case_266,b,2025-02-24 20:08:10.606668
case_266,c,2025-02-24 20:13:10.606668
case_266,b,2025-02-24 20:18:10.606668
case_266,c,2025-02-24 20:23:10.606668
case_266,a,2025-02-24 20:28:10.606668
case_266,b,2025-02-24 20:33:10.606668
case_266,c,2025-02-24 20:38:10.606668
case_266,b,2025-02-24 20:43:10.606668
case_266,c,2025-02-24 20:48:10.606668
case_266,c,2025-02-24 20:53:10.606668
case_266,a,2025-02-24 20:58:10.606668
case_266,a,2025-02-24 21:03:10.606668
case_267,b,2025-02-24 19:28:10.606698
case_267,b,2025-02-24 19:33:10.606698
case_267,c,2025-02-24 19:38:10.606698
case_267,c,2025-02-24 19:43:10.606698
case_267,b,2025-02-24 19:48:10.606698
case_267,a,2025-02-24 19:53:10.606698
case_267,a,2025-02-24 19:58:10.606698
case_267,a,2025-02-24 20:03:10.606698
case_267,a,2025-02-24 20:08:10.606698
case_267,c,2025-02-24 20:13:10.606698
case_267,c,2025-02-24 20:18:10.606698
case_267,a,2025-02-24 20:23:10.606698
case_267,b,2025-02-24 20:28:10.606698
case_267,c,2025-02-24 20:33:10.606698
case_267,a,2025-02-24 20:38:10.606698
case_267,c,2025-02-24 20:43:10.606698
case_267,c,2025-02-24 20:48:10.606698
case_267,b,2025-02-24 20:53:10.606698
case_267,c,2025-02-24 20:58:10.606698
case_267,a,2025-02-24 21:03:10.606698
case_268,b,2025-02-24 19:28:10.606728
case_268,a,2025-02-24 19:33:10.606728
case_268,b,2025-02-24 19:38:10.606728
case_268,b,2025-02-24 19:43:10.606728
case_268,a,2025-02-24 19:48:10.606728
case_268,b,2025-02-24 19:53:10.606728
case_268,c,2025-02-24 19:58:10.606728
case_268,c,2025-02-24 20:03:10.606728
case_268,a,2025-02-24 20:08:10.606728
case_268,c,2025-02-24 20:13:10.606728
case_268,a,2025-02-24 20:18:10.606728
case_268,b,2025-02-24 20:23:10.606728
case_268,a,2025-02-24 20:28:10.606728
case_268,c,2025-02-24 20:33:10.606728
case_268,b,2025-02-24 20:38:10.606728
case_268,b,2025-02-24 20:43:10.606728
case_268,a,2025-02-24 20:48:10.606728
case_268,c,2025-02-24 20:53:10.606728
case_268,a,2025-02-24 20:58:10.606728
case_268,b,2025-02-24 21:03:10.606728
case_269,b,2025-02-24 19:28:10.606758
case_269,c,2025-02-24 19:33:10.606758
case_269,c,2025-02-24 19:38:10.606758
case_269,b,2025-02-24 19:43:10.606758
case_269,b,2025-02-24 19:48:10.606758
case_269,b,2025-02-24 19:53:10.606758
case_269,a,2025-02-24 19:58:10.606758
case_269,c,2025-02-24 20:03:10.606758
case_269,c,2025-02-24 20:08:10.606758
case_269,c,2025-02-24 20:13:10.606758
case_269,c,2025-02-24 20:18:10.606758
case_269,b,2025-02-24 20:23:10.606758
case_269,a,2025-02-24 20:28:10.606758
case_269,a,2025-02-24 20:33:10.606758
case_269,a,2025-02-24 20:38:10.606758
case_269,b,2025-02-24 20:43:10.606758
case_269,c,2025-02-24 20:48:10.606758
case_269,b,2025-02-24 20:53:10.606758
case_269,c,2025-02-24 20:58:10.606758
case_269,a,2025-02-24 21:03:10.606758
case_270,b,2025-02-24 19:28:10.606788
case_270,c,2025-02-24 19:33:10.606788
case_270,b,2025-02-24 19:38:10.606788
case_270,c,2025-02-24 19:43:10.606788
case_270,a,2025-02-24 19:48:10.606788
case_270,b,2025-02-24 19:53:10.606788
case_270,a,2025-02-24 19:58:10.606788
case_270,a,2025-02-24 20:03:10.606788
case_270,c,2025-02-24 20:08:10.606788
case_270,a,2025-02-24 20:13:10.606788
case_270,c,2025-02-24 20:18:10.606788
case_270,b,2025-02-24 20:23:10.606788
case_270,a,2025-02-24 20:28:10.606788
case_270,c,2025-02-24 20:33:10.606788
case_270,b,2025-02-24 20:38:10.606788
case_270,b,2025-02-24 20:43:10.606788
case_270,a,2025-02-24 20:48:10.606788
case_270,c,2025-02-24 20:53:10.606788
case_270,c,2025-02-24 20:58:10.606788
case_270,a,2025-02-24 21:03:10.606788
case_271,a,2025-02-24 19:28:10.606818
case_271,b,2025-02-24 19:33:10.606818
case_271,a,2025-02-24 19:38:10.606818
case_271,c,2025-02-24 19:43:10.606818
case_271,c,2025-02-24 19:48:10.606818
case_271,b,2025-02-24 19:53:10.606818
case_271,b,2025-02-24 19:58:10.606818
case_271,b,2025-02-24 20:03:10.606818
case_271,a,2025-02-24 20:08:10.606818
case_271,c,2025-02-24 20:13:10.606818
case_271,a,2025-02-24 20:18:10.606818
case_271,b,2025-02-24 20:23:10.606818
case_271,c,2025-02-24 20:28:10.606818
case_271,c,2025-02-24 20:33:10.606818
case_271,c,2025-02-24 20:38:10.606818
case_271,a,2025-02-24 20:43:10.606818
case_271,a,2025-02-24 20:48:10.606818
case_271,a,2025-02-24 20:53:10.606818
case_271,c,2025-02-24 20:58:10.606818
case_271,a,2025-02-24 21:03:10.606818
case_272,c,2025-02-24 19:28:10.606848
case_272,b,2025-02-24 19:33:10.606848
case_272,c,2025-02-24 19:38:10.606848
case_272,a,2025-02-24 19:43:10.606848
case_272,c,2025-02-24 19:48:10.606848
case_272,a,2025-02-24 19:53:10.606848
case_272,b,2025-02-24 19:58:10.606848
case_272,c,2025-02-24 20:03:10.606848
case_272,a,2025-02-24 20:08:10.606848
case_272,c,2025-02-24 20:13:10.606848
case_272,c,2025-02-24 20:18:10.606848
case_272,b,2025-02-24 20:23:10.606848
case_272,c,2025-02-24 20:28:10.606848
case_272,a,2025-02-24 20:33:10.606848
case_272,a,2025-02-24 20:38:10.606848
case_272,a,2025-02-24 20:43:10.606848
case_272,b,2025-02-24 20:48:10.606848
case_272,a,2025-02-24 20:53:10.606848
case_272,a,2025-02-24 20:58:10.606848
case_272,b,2025-02-24 21:03:10.606848
case_273,c,2025-02-24 19:28:10.606879
case_273,c,2025-02-24 19:33:10.606879
case_273,a,2025-02-24 19:38:10.606879
case_273,a,2025-02-24 19:43:10.606879
case_273,c,2025-02-24 19:48:10.606879
case_273,c,2025-02-24 19:53:10.606879
case_273,b,2025-02-24 19:58:10.606879
case_273,c,2025-02-24 20:03:10.606879
case_273,c,2025-02-24 20:08:10.606879
case_273,a,2025-02-24 20:13:10.606879
case_273,c,2025-02-24 20:18:10.606879
case_273,b,2025-02-24 20:23:10.606879
case_273,a,2025-02-24 20:28:10.606879
case_273,c,2025-02-24 20:33:10.606879
case_273,b,2025-02-24 20:38:10.606879
case_273,b,2025-02-24 20:43:10.606879
case_273,a,2025-02-24 20:48:10.606879
case_273,b,2025-02-24 20:53:10.606879
case_273,c,2025-02-24 20:58:10.606879
case_273,a,2025-02-24 21:03:10.606879
case_274,b,2025-02-24 19:28:10.606909
case_274,a,2025-02-24 19:33:10.606909
case_274,a,2025-02-24 19:38:10.606909
case_274,b,2025-02-24 19:43:10.606909
case_274,a,2025-02-24 19:48:10.606909
case_274,c,2025-02-24 19:53:10.606909
case_274,a,2025-02-24 19:58:10.606909
case_274,b,2025-02-24 20:03:10.606909
case_274,c,2025-02-24 20:08:10.606909
case_274,a,2025-02-24 20:13:10.606909
case_274,c,2025-02-24 20:18:10.606909
case_274,a,2025-02-24 20:23:10.606909
case_274,b,2025-02-24 20:28:10.606909
case_274,c,2025-02-24 20:33:10.606909
case_274,c,2025-02-24 20:38:10.606909
case_274,c,2025-02-24 20:43:10.606909
case_274,a,2025-02-24 20:48:10.606909
case_274,a,2025-02-24 20:53:10.606909
case_274,b,2025-02-24 20:58:10.606909
case_274,b,2025-02-24 21:03:10.606909
case_275,c,2025-02-24 19:28:10.606939
case_275,c,2025-02-24 19:33:10.606939
case_275,a,2025-02-24 19:38:10.606939
case_275,c,2025-02-24 19:43:10.606939
case_275,a,2025-02-24 19:48:10.606939
case_275,a,2025-02-24 19:53:10.606939
case_275,a,2025-02-24 19:58:10.606939
case_275,c,2025-02-24 20:03:10.606939
case_275,a,2025-02-24 20:08:10.606939
case_275,c,2025-02-24 20:13:10.606939
case_275,b,2025-02-24 20:18:10.606939
case_275,b,2025-02-24 20:23:10.606939
case_275,b,2025-02-24 20:28:10.606939
case_275,b,2025-02-24 20:33:10.606939
case_275,b,2025-02-24 20:38:10.606939
case_275,c,2025-02-24 20:43:10.606939
case_275,a,2025-02-24 20:48:10.606939
case_275,a,2025-02-24 20:53:10.606939
case_275,c,2025-02-24 20:58:10.606939
case_275,a,2025-02-24 21:03:10.606939
case_276,c,2025-02-24 19:28:10.606970
case_276,b,2025-02-24 19:33:10.606970
case_276,b,2025-02-24 19:38:10.606970
case_276,b,2025-02-24 19:43:10.606970
case_276,c,2025-02-24 19:48:10.606970
case_276,a,2025-02-24 19:53:10.606970
case_276,b,2025-02-24 19:58:10.606970
case_276,a,2025-02-24 20:03:10.606970
case_276,a,2025-02-24 20:08:10.606970
case_276,a,2025-02-24 20:13:10.606970
case_276,b,2025-02-24 20:18:10.606970
case_276,c,2025-02-24 20:23:10.606970
case_276,a,2025-02-24 20:28:10.606970
case_276,c,2025-02-24 20:33:10.606970
case_276,a,2025-02-24 20:38:10.606970
case_276,a,2025-02-24 20:43:10.606970
case_276,c,2025-02-24 20:48:10.606970
case_276,c,2025-02-24 20:53:10.606970
case_276,a,2025-02-24 20:58:10.606970
case_276,a,2025-02-24 21:03:10.606970
case_277,c,2025-02-24 19:28:10.607000
case_277,c,2025-02-24 19:33:10.607000
case_277,b,2025-02-24 19:38:10.607000
case_277,c,2025-02-24 19:43:10.607000
case_277,a,2025-02-24 19:48:10.607000
case_277,b,2025-02-24 19:53:10.607000
case_277,b,2025-02-24 19:58:10.607000
case_277,a,2025-02-24 20:03:10.607000
case_277,a,2025-02-24 20:08:10.607000
case_277,b,2025-02-24 20:13:10.607000
case_277,c,2025-02-24 20:18:10.607000
case_277,b,2025-02-24 20:23:10.607000
case_277,b,2025-02-24 20:28:10.607000
case_277,a,2025-02-24 20:33:10.607000
case_277,b,2025-02-24 20:38:10.607000
case_277,a,2025-02-24 20:43:10.607000
case_277,a,2025-02-24 20:48:10.607000
case_277,a,2025-02-24 20:53:10.607000
case_277,a,2025-02-24 20:58:10.607000
case_277,b,2025-02-24 21:03:10.607000
case_278,c,2025-02-24 19:28:10.607030
case_278,c,2025-02-24 19:33:10.607030
case_278,a,2025-02-24 19:38:10.607030
case_278,c,2025-02-24 19:43:10.607030
case_278,c,2025-02-24 19:48:10.607030
case_278,c,2025-02-24 19:53:10.607030
case_278,a,2025-02-24 19:58:10.607030
case_278,c,2025-02-24 20:03:10.607030
case_278,c,2025-02-24 20:08:10.607030
case_278,b,2025-02-24 20:13:10.607030
case_278,b,2025-02-24 20:18:10.607030
case_278,c,2025-02-24 20:23:10.607030
case_278,c,2025-02-24 20:28:10.607030
case_278,b,2025-02-24 20:33:10.607030
case_278,c,2025-02-24 20:38:10.607030
case_278,c,2025-02-24 20:43:10.607030
case_278,b,2025-02-24 20:48:10.607030
case_278,c,2025-02-24 20:53:10.607030
case_278,b,2025-02-24 20:58:10.607030
case_278,a,2025-02-24 21:03:10.607030
case_279,b,2025-02-24 19:28:10.607060
case_279,b,2025-02-24 19:33:10.607060
case_279,a,2025-02-24 19:38:10.607060
case_279,b,2025-02-24 19:43:10.607060
case_279,c,2025-02-24 19:48:10.607060
case_279,b,2025-02-24 19:53:10.607060
case_279,b,2025-02-24 19:58:10.607060
case_279,b,2025-02-24 20:03:10.607060
case_279,a,2025-02-24 20:08:10.607060
case_279,b,2025-02-24 20:13:10.607060
case_279,b,2025-02-24 20:18:10.607060
case_279,a,2025-02-24 20:23:10.607060
case_279,b,2025-02-24 20:28:10.607060
case_279,b,2025-02-24 20:33:10.607060
case_279,c,2025-02-24 20:38:10.607060
case_279,a,2025-02-24 20:43:10.607060
case_279,a,2025-02-24 20:48:10.607060
case_279,c,2025-02-24 20:53:10.607060
case_279,c,2025-02-24 20:58:10.607060
case_279,a,2025-02-24 21:03:10.607060
case_280,b,2025-02-24 19:28:10.607090
case_280,b,2025-02-24 19:33:10.607090
case_280,c,2025-02-24 19:38:10.607090
case_280,a,2025-02-24 19:43:10.607090
case_280,c,2025-02-24 19:48:10.607090
case_280,c,2025-02-24 19:53:10.607090
case_280,a,2025-02-24 19:58:10.607090
case_280,b,2025-02-24 20:03:10.607090
case_280,a,2025-02-24 20:08:10.607090
case_280,a,2025-02-24 20:13:10.607090
case_280,a,2025-02-24 20:18:10.607090
case_280,c,2025-02-24 20:23:10.607090
case_280,a,2025-02-24 20:28:10.607090
case_280,c,2025-02-24 20:33:10.607090
case_280,a,2025-02-24 20:38:10.607090
case_280,a,2025-02-24 20:43:10.607090
case_280,a,2025-02-24 20:48:10.607090
case_280,b,2025-02-24 20:53:10.607090
case_280,c,2025-02-24 20:58:10.607090
case_280,a,2025-02-24 21:03:10.607090
case_281,b,2025-02-24 19:28:10.607121
case_281,b,2025-02-24 19:33:10.607121
case_281,a,2025-02-24 19:38:10.607121
case_281,a,2025-02-24 19:43:10.607121
case_281,a,2025-02-24 19:48:10.607121
case_281,a,2025-02-24 19:53:10.607121
case_281,a,2025-02-24 19:58:10.607121
case_281,c,2025-02-24 20:03:10.607121
case_281,c,2025-02-24 20:08:10.607121
case_281,a,2025-02-24 20:13:10.607121
case_281,b,2025-02-24 20:18:10.607121
case_281,c,2025-02-24 20:23:10.607121
case_281,b,2025-02-24 20:28:10.607121
case_281,b,2025-02-24 20:33:10.607121
case_281,a,2025-02-24 20:38:10.607121
case_281,a,2025-02-24 20:43:10.607121
case_281,b,2025-02-24 20:48:10.607121
case_281,a,2025-02-24 20:53:10.607121
case_281,b,2025-02-24 20:58:10.607121
case_281,a,2025-02-24 21:03:10.607121
case_282,a,2025-02-24 19:28:10.607151
case_282,c,2025-02-24 19:33:10.607151
case_282,a,2025-02-24 19:38:10.607151
case_282,a,2025-02-24 19:43:10.607151
case_282,b,2025-02-24 19:48:10.607151
case_282,a,2025-02-24 19:53:10.607151
case_282,c,2025-02-24 19:58:10.607151
case_282,c,2025-02-24 20:03:10.607151
case_282,a,2025-02-24 20:08:10.607151
case_282,b,2025-02-24 20:13:10.607151
case_282,c,2025-02-24 20:18:10.607151
case_282,b,2025-02-24 20:23:10.607151
case_282,c,2025-02-24 20:28:10.607151
case_282,c,2025-02-24 20:33:10.607151
case_282,b,2025-02-24 20:38:10.607151
case_282,a,2025-02-24 20:43:10.607151
case_282,c,2025-02-24 20:48:10.607151
case_282,c,2025-02-24 20:53:10.607151
case_282,a,2025-02-24 20:58:10.607151
case_282,b,2025-02-24 21:03:10.607151
case_283,c,2025-02-24 19:28:10.607182
case_283,b,2025-02-24 19:33:10.607182
case_283,c,2025-02-24 19:38:10.607182
case_283,b,2025-02-24 19:43:10.607182
case_283,b,2025-02-24 19:48:10.607182
case_283,c,2025-02-24 19:53:10.607182
case_283,a,2025-02-24 19:58:10.607182
case_283,c,2025-02-24 20:03:10.607182
case_283,c,2025-02-24 20:08:10.607182
case_283,c,2025-02-24 20:13:10.607182
case_283,a,2025-02-24 20:18:10.607182
case_283,b,2025-02-24 20:23:10.607182
case_283,b,2025-02-24 20:28:10.607182
case_283,a,2025-02-24 20:33:10.607182
case_283,a,2025-02-24 20:38:10.607182
case_283,a,2025-02-24 20:43:10.607182
case_283,b,2025-02-24 20:48:10.607182
case_283,c,2025-02-24 20:53:10.607182
case_283,a,2025-02-24 20:58:10.607182
case_283,b,2025-02-24 21:03:10.607182
case_284,a,2025-02-24 19:28:10.607212
case_284,b,2025-02-24 19:33:10.607212
case_284,a,2025-02-24 19:38:10.607212
case_284,c,2025-02-24 19:43:10.607212
case_284,b,2025-02-24 19:48:10.607212
case_284,b,2025-02-24 19:53:10.607212
case_284,b,2025-02-24 19:58:10.607212
case_284,a,2025-02-24 20:03:10.607212
case_284,a,2025-02-24 20:08:10.607212
case_284,a,2025-02-24 20:13:10.607212
case_284,c,2025-02-24 20:18:10.607212
case_284,a,2025-02-24 20:23:10.607212
case_284,c,2025-02-24 20:28:10.607212
case_284,a,2025-02-24 20:33:10.607212
case_284,c,2025-02-24 20:38:10.607212
case_284,a,2025-02-24 20:43:10.607212
case_284,a,2025-02-24 20:48:10.607212
case_284,c,2025-02-24 20:53:10.607212
case_284,c,2025-02-24 20:58:10.607212
case_284,a,2025-02-24 21:03:10.607212
case_285,a,2025-02-24 19:28:10.607242
case_285,c,2025-02-24 19:33:10.607242
case_285,c,2025-02-24 19:38:10.607242
case_285,a,2025-02-24 19:43:10.607242
case_285,b,2025-02-24 19:48:10.607242
case_285,b,2025-02-24 19:53:10.607242
case_285,a,2025-02-24 19:58:10.607242
case_285,c,2025-02-24 20:03:10.607242
case_285,a,2025-02-24 20:08:10.607242
case_285,b,2025-02-24 20:13:10.607242
case_285,a,2025-02-24 20:18:10.607242
case_285,a,2025-02-24 20:23:10.607242
case_285,a,2025-02-24 20:28:10.607242
case_285,b,2025-02-24 20:33:10.607242
case_285,c,2025-02-24 20:38:10.607242
case_285,b,2025-02-24 20:43:10.607242
case_285,b,2025-02-24 20:48:10.607242
case_285,b,2025-02-24 20:53:10.607242
case_285,a,2025-02-24 20:58:10.607242
case_285,b,2025-02-24 21:03:10.607242
case_286,c,2025-02-24 19:28:10.607273
case_286,b,2025-02-24 19:33:10.607273
case_286,a,2025-02-24 19:38:10.607273
case_286,a,2025-02-24 19:43:10.607273
case_286,b,2025-02-24 19:48:10.607273
case_286,a,2025-02-24 19:53:10.607273
case_286,c,2025-02-24 19:58:10.607273
case_286,b,2025-02-24 20:03:10.607273
case_286,a,2025-02-24 20:08:10.607273
case_286,a,2025-02-24 20:13:10.607273
case_286,b,2025-02-24 20:18:10.607273
case_286,b,2025-02-24 20:23:10.607273
case_286,c,2025-02-24 20:28:10.607273
case_286,b,2025-02-24 20:33:10.607273
case_286,a,2025-02-24 20:38:10.607273
case_286,c,2025-02-24 20:43:10.607273
case_286,a,2025-02-24 20:48:10.607273
case_286,c,2025-02-24 20:53:10.607273
case_286,c,2025-02-24 20:58:10.607273
case_286,a,2025-02-24 21:03:10.607273
case_287,c,2025-02-24 19:28:10.607303
case_287,c,2025-02-24 19:33:10.607303
case_287,c,2025-02-24 19:38:10.607303
case_287,a,2025-02-24 19:43:10.607303
case_287,b,2025-02-24 19:48:10.607303
case_287,c,2025-02-24 19:53:10.607303
case_287,c,2025-02-24 19:58:10.607303
case_287,a,2025-02-24 20:03:10.607303
case_287,b,2025-02-24 20:08:10.607303
case_287,a,2025-02-24 20:13:10.607303
case_287,a,2025-02-24 20:18:10.607303
case_287,b,2025-02-24 20:23:10.607303
case_287,c,2025-02-24 20:28:10.607303
case_287,b,2025-02-24 20:33:10.607303
case_287,b,2025-02-24 20:38:10.607303
case_287,c,2025-02-24 20:43:10.607303
case_287,b,2025-02-24 20:48:10.607303
case_287,b,2025-02-24 20:53:10.607303
case_287,c,2025-02-24 20:58:10.607303
case_287,a,2025-02-24 21:03:10.607303
case_288,b,2025-02-24 19:28:10.607336
case_288,a,2025-02-24 19:33:10.607336
case_288,c,2025-02-24 19:38:10.607336
case_288,a,2025-02-24 19:43:10.607336
case_288,b,2025-02-24 19:48:10.607336
case_288,a,2025-02-24 19:53:10.607336
case_288,c,2025-02-24 19:58:10.607336
case_288,b,2025-02-24 20:03:10.607336
case_288,a,2025-02-24 20:08:10.607336
case_288,a,2025-02-24 20:13:10.607336
case_288,c,2025-02-24 20:18:10.607336
case_288,c,2025-02-24 20:23:10.607336
case_288,a,2025-02-24 20:28:10.607336
case_288,c,2025-02-24 20:33:10.607336
case_288,b,2025-02-24 20:38:10.607336
case_288,b,2025-02-24 20:43:10.607336
case_288,a,2025-02-24 20:48:10.607336
case_288,c,2025-02-24 20:53:10.607336
case_288,c,2025-02-24 20:58:10.607336
case_288,a,2025-02-24 21:03:10.607336
case_289,c,2025-02-24 19:28:10.607366
case_289,a,2025-02-24 19:33:10.607366
case_289,c,2025-02-24 19:38:10.607366
case_289,c,2025-02-24 19:43:10.607366
case_289,b,2025-02-24 19:48:10.607366
case_289,c,2025-02-24 19:53:10.607366
case_289,a,2025-02-24 19:58:10.607366
case_289,c,2025-02-24 20:03:10.607366
case_289,c,2025-02-24 20:08:10.607366
case_289,b,2025-02-24 20:13:10.607366
case_289,a,2025-02-24 20:18:10.607366
case_289,c,2025-02-24 20:23:10.607366
case_289,c,2025-02-24 20:28:10.607366
case_289,b,2025-02-24 20:33:10.607366
case_289,c,2025-02-24 20:38:10.607366
case_289,b,2025-02-24 20:43:10.607366
case_289,a,2025-02-24 20:48:10.607366
case_289,a,2025-02-24 20:53:10.607366
case_289,b,2025-02-24 20:58:10.607366
case_289,b,2025-02-24 21:03:10.607366
case_290,c,2025-02-24 19:28:10.607396
case_290,c,2025-02-24 19:33:10.607396
case_290,c,2025-02-24 19:38:10.607396
case_290,b,2025-02-24 19:43:10.607396
case_290,c,2025-02-24 19:48:10.607396
case_290,a,2025-02-24 19:53:10.607396
case_290,a,2025-02-24 19:58:10.607396
case_290,a,2025-02-24 20:03:10.607396
case_290,b,2025-02-24 20:08:10.607396
case_290,c,2025-02-24 20:13:10.607396
case_290,a,2025-02-24 20:18:10.607396
case_290,c,2025-02-24 20:23:10.607396
case_290,c,2025-02-24 20:28:10.607396
case_290,c,2025-02-24 20:33:10.607396
case_290,a,2025-02-24 20:38:10.607396
case_290,b,2025-02-24 20:43:10.607396
case_290,b,2025-02-24 20:48:10.607396
case_290,c,2025-02-24 20:53:10.607396
case_290,c,2025-02-24 20:58:10.607396
case_290,a,2025-02-24 21:03:10.607396
case_291,b,2025-02-24 19:28:10.607427
case_291,c,2025-02-24 19:33:10.607427
case_291,b,2025-02-24 19:38:10.607427
case_291,b,2025-02-24 19:43:10.607427
case_291,b,2025-02-24 19:48:10.607427
case_291,b,2025-02-24 19:53:10.607427
case_291,c,2025-02-24 19:58:10.607427
case_291,b,2025-02-24 20:03:10.607427
case_291,b,2025-02-24 20:08:10.607427
case_291,c,2025-02-24 20:13:10.607427
case_291,a,2025-02-24 20:18:10.607427
case_291,a,2025-02-24 20:23:10.607427
case_291,b,2025-02-24 20:28:10.607427
case_291,b,2025-02-24 20:33:10.607427
case_291,c,2025-02-24 20:38:10.607427
case_291,a,2025-02-24 20:43:10.607427
case_291,b,2025-02-24 20:48:10.607427
case_291,c,2025-02-24 20:53:10.607427
case_291,c,2025-02-24 20:58:10.607427
case_291,a,2025-02-24 21:03:10.607427
case_292,b,2025-02-24 19:28:10.607457
case_292,a,2025-02-24 19:33:10.607457
case_292,a,2025-02-24 19:38:10.607457
case_292,c,2025-02-24 19:43:10.607457
case_292,c,2025-02-24 19:48:10.607457
case_292,c,2025-02-24 19:53:10.607457
case_292,a,2025-02-24 19:58:10.607457
case_292,c,2025-02-24 20:03:10.607457
case_292,c,2025-02-24 20:08:10.607457
case_292,a,2025-02-24 20:13:10.607457
case_292,b,2025-02-24 20:18:10.607457
case_292,c,2025-02-24 20:23:10.607457
case_292,a,2025-02-24 20:28:10.607457
case_292,c,2025-02-24 20:33:10.607457
case_292,a,2025-02-24 20:38:10.607457
case_292,c,2025-02-24 20:43:10.607457
case_292,c,2025-02-24 20:48:10.607457
case_292,a,2025-02-24 20:53:10.607457
case_292,c,2025-02-24 20:58:10.607457
case_292,a,2025-02-24 21:03:10.607457
case_293,a,2025-02-24 19:28:10.607487
case_293,c,2025-02-24 19:33:10.607487
case_293,c,2025-02-24 19:38:10.607487
case_293,b,2025-02-24 19:43:10.607487
case_293,c,2025-02-24 19:48:10.607487
case_293,b,2025-02-24 19:53:10.607487
case_293,b,2025-02-24 19:58:10.607487
case_293,c,2025-02-24 20:03:10.607487
case_293,c,2025-02-24 20:08:10.607487
case_293,a,2025-02-24 20:13:10.607487
case_293,c,2025-02-24 20:18:10.607487
case_293,b,2025-02-24 20:23:10.607487
case_293,b,2025-02-24 20:28:10.607487
case_293,c,2025-02-24 20:33:10.607487
case_293,b,2025-02-24 20:38:10.607487
case_293,b,2025-02-24 20:43:10.607487
case_293,a,2025-02-24 20:48:10.607487
case_293,a,2025-02-24 20:53:10.607487
case_293,b,2025-02-24 20:58:10.607487
case_293,b,2025-02-24 21:03:10.607487
case_294,c,2025-02-24 19:28:10.607517
case_294,c,2025-02-24 19:33:10.607517
case_294,c,2025-02-24 19:38:10.607517
case_294,c,2025-02-24 19:43:10.607517
case_294,c,2025-02-24 19:48:10.607517
case_294,b,2025-02-24 19:53:10.607517
case_294,b,2025-02-24 19:58:10.607517
case_294,c,2025-02-24 20:03:10.607517
case_294,c,2025-02-24 20:08:10.607517
case_294,a,2025-02-24 20:13:10.607517
case_294,b,2025-02-24 20:18:10.607517
case_294,b,2025-02-24 20:23:10.607517
case_294,b,2025-02-24 20:28:10.607517
case_294,b,2025-02-24 20:33:10.607517
case_294,a,2025-02-24 20:38:10.607517
case_294,a,2025-02-24 20:43:10.607517
case_294,c,2025-02-24 20:48:10.607517
case_294,a,2025-02-24 20:53:10.607517
case_294,a,2025-02-24 20:58:10.607517
case_294,b,2025-02-24 21:03:10.607517
case_295,a,2025-02-24 19:28:10.607549
case_295,c,2025-02-24 19:33:10.607549
case_295,b,2025-02-24 19:38:10.607549
case_295,a,2025-02-24 19:43:10.607549
case_295,b,2025-02-24 19:48:10.607549
case_295,b,2025-02-24 19:53:10.607549
case_295,a,2025-02-24 19:58:10.607549
case_295,c,2025-02-24 20:03:10.607549
case_295,a,2025-02-24 20:08:10.607549
case_295,c,2025-02-24 20:13:10.607549
case_295,a,2025-02-24 20:18:10.607549
case_295,a,2025-02-24 20:23:10.607549
case_295,c,2025-02-24 20:28:10.607549
case_295,a,2025-02-24 20:33:10.607549
case_295,c,2025-02-24 20:38:10.607549
case_295,c,2025-02-24 20:43:10.607549
case_295,c,2025-02-24 20:48:10.607549
case_295,c,2025-02-24 20:53:10.607549
case_295,b,2025-02-24 20:58:10.607549
case_295,a,2025-02-24 21:03:10.607549
case_296,a,2025-02-24 19:28:10.607580
case_296,c,2025-02-24 19:33:10.607580
case_296,a,2025-02-24 19:38:10.607580
case_296,a,2025-02-24 19:43:10.607580
case_296,c,2025-02-24 19:48:10.607580
case_296,c,2025-02-24 19:53:10.607580
case_296,a,2025-02-24 19:58:10.607580
case_296,c,2025-02-24 20:03:10.607580
case_296,c,2025-02-24 20:08:10.607580
case_296,c,2025-02-24 20:13:10.607580
case_296,a,2025-02-24 20:18:10.607580
case_296,c,2025-02-24 20:23:10.607580
case_296,b,2025-02-24 20:28:10.607580
case_296,b,2025-02-24 20:33:10.607580
case_296,b,2025-02-24 20:38:10.607580
case_296,c,2025-02-24 20:43:10.607580
case_296,a,2025-02-24 20:48:10.607580
case_296,b,2025-02-24 20:53:10.607580
case_296,b,2025-02-24 20:58:10.607580
case_296,b,2025-02-24 21:03:10.607580
case_297,b,2025-02-24 19:28:10.607610
case_297,c,2025-02-24 19:33:10.607610
case_297,b,2025-02-24 19:38:10.607610
case_297,b,2025-02-24 19:43:10.607610
case_297,c,2025-02-24 19:48:10.607610
case_297,c,2025-02-24 19:53:10.607610
case_297,a,2025-02-24 19:58:10.607610
case_297,a,2025-02-24 20:03:10.607610
case_297,c,2025-02-24 20:08:10.607610
case_297,a,2025-02-24 20:13:10.607610
case_297,a,2025-02-24 20:18:10.607610
case_297,c,2025-02-24 20:23:10.607610
case_297,b,2025-02-24 20:28:10.607610
case_297,a,2025-02-24 20:33:10.607610
case_297,a,2025-02-24 20:38:10.607610
case_297,c,2025-02-24 20:43:10.607610
case_297,c,2025-02-24 20:48:10.607610
case_297,b,2025-02-24 20:53:10.607610
case_297,c,2025-02-24 20:58:10.607610
case_297,a,2025-02-24 21:03:10.607610
case_298,a,2025-02-24 19:28:10.607640
case_298,a,2025-02-24 19:33:10.607640
case_298,a,2025-02-24 19:38:10.607640
case_298,a,2025-02-24 19:43:10.607640
case_298,a,2025-02-24 19:48:10.607640
case_298,a,2025-02-24 19:53:10.607640
case_298,b,2025-02-24 19:58:10.607640
case_298,a,2025-02-24 20:03:10.607640
case_298,a,2025-02-24 20:08:10.607640
case_298,b,2025-02-24 20:13:10.607640
case_298,b,2025-02-24 20:18:10.607640
case_298,c,2025-02-24 20:23:10.607640
case_298,a,2025-02-24 20:28:10.607640
case_298,a,2025-02-24 20:33:10.607640
case_298,b,2025-02-24 20:38:10.607640
case_298,b,2025-02-24 20:43:10.607640
case_298,b,2025-02-24 20:48:10.607640
case_298,c,2025-02-24 20:53:10.607640
case_298,c,2025-02-24 20:58:10.607640
case_298,a,2025-02-24 21:03:10.607640
case_299,a,2025-02-24 19:28:10.607670
case_299,b,2025-02-24 19:33:10.607670
case_299,b,2025-02-24 19:38:10.607670
case_299,c,2025-02-24 19:43:10.607670
case_299,c,2025-02-24 19:48:10.607670
case_299,a,2025-02-24 19:53:10.607670
case_299,b,2025-02-24 19:58:10.607670
case_299,c,2025-02-24 20:03:10.607670
case_299,b,2025-02-24 20:08:10.607670
case_299,a,2025-02-24 20:13:10.607670
case_299,a,2025-02-24 20:18:10.607670
case_299,b,2025-02-24 20:23:10.607670
case_299,c,2025-02-24 20:28:10.607670
case_299,a,2025-02-24 20:33:10.607670
case_299,a,2025-02-24 20:38:10.607670
case_299,a,2025-02-24 20:43:10.607670
case_299,b,2025-02-24 20:48:10.607670
case_299,a,2025-02-24 20:53:10.607670
case_299,b,2025-02-24 20:58:10.607670
case_299,b,2025-02-24 21:03:10.607670
case_300,a,2025-02-24 19:28:10.607700
case_300,c,2025-02-24 19:33:10.607700
case_300,c,2025-02-24 19:38:10.607700
case_300,c,2025-02-24 19:43:10.607700
case_300,c,2025-02-24 19:48:10.607700
case_300,b,2025-02-24 19:53:10.607700
case_300,a,2025-02-24 19:58:10.607700
case_300,b,2025-02-24 20:03:10.607700
case_300,a,2025-02-24 20:08:10.607700
case_300,c,2025-02-24 20:13:10.607700
case_300,a,2025-02-24 20:18:10.607700
case_300,c,2025-02-24 20:23:10.607700
case_300,b,2025-02-24 20:28:10.607700
case_300,c,2025-02-24 20:33:10.607700
case_300,c,2025-02-24 20:38:10.607700
case_300,b,2025-02-24 20:43:10.607700
case_300,c,2025-02-24 20:48:10.607700
case_300,c,2025-02-24 20:53:10.607700
case_300,a,2025-02-24 20:58:10.607700
case_300,a,2025-02-24 21:03:10.607700
case_301,b,2025-02-24 19:28:10.607730
case_301,b,2025-02-24 19:33:10.607730
case_301,b,2025-02-24 19:38:10.607730
case_301,c,2025-02-24 19:43:10.607730
case_301,a,2025-02-24 19:48:10.607730
case_301,a,2025-02-24 19:53:10.607730
case_301,b,2025-02-24 19:58:10.607730
case_301,c,2025-02-24 20:03:10.607730
case_301,a,2025-02-24 20:08:10.607730
case_301,c,2025-02-24 20:13:10.607730
case_301,a,2025-02-24 20:18:10.607730
case_301,a,2025-02-24 20:23:10.607730
case_301,c,2025-02-24 20:28:10.607730
case_301,b,2025-02-24 20:33:10.607730
case_301,a,2025-02-24 20:38:10.607730
case_301,b,2025-02-24 20:43:10.607730
case_301,b,2025-02-24 20:48:10.607730
case_301,c,2025-02-24 20:53:10.607730
case_301,c,2025-02-24 20:58:10.607730
case_301,a,2025-02-24 21:03:10.607730
case_302,b,2025-02-24 19:28:10.607760
case_302,a,2025-02-24 19:33:10.607760
case_302,a,2025-02-24 19:38:10.607760
case_302,c,2025-02-24 19:43:10.607760
case_302,a,2025-02-24 19:48:10.607760
case_302,b,2025-02-24 19:53:10.607760
case_302,b,2025-02-24 19:58:10.607760
case_302,b,2025-02-24 20:03:10.607760
case_302,a,2025-02-24 20:08:10.607760
case_302,a,2025-02-24 20:13:10.607760
case_302,b,2025-02-24 20:18:10.607760
case_302,c,2025-02-24 20:23:10.607760
case_302,c,2025-02-24 20:28:10.607760
case_302,c,2025-02-24 20:33:10.607760
case_302,c,2025-02-24 20:38:10.607760
case_302,c,2025-02-24 20:43:10.607760
case_302,b,2025-02-24 20:48:10.607760
case_302,c,2025-02-24 20:53:10.607760
case_302,b,2025-02-24 20:58:10.607760
case_302,a,2025-02-24 21:03:10.607760
case_303,c,2025-02-24 19:28:10.607791
case_303,c,2025-02-24 19:33:10.607791
case_303,b,2025-02-24 19:38:10.607791
case_303,b,2025-02-24 19:43:10.607791
case_303,a,2025-02-24 19:48:10.607791
case_303,c,2025-02-24 19:53:10.607791
case_303,a,2025-02-24 19:58:10.607791
case_303,a,2025-02-24 20:03:10.607791
case_303,b,2025-02-24 20:08:10.607791
case_303,b,2025-02-24 20:13:10.607791
case_303,a,2025-02-24 20:18:10.607791
case_303,b,2025-02-24 20:23:10.607791
case_303,c,2025-02-24 20:28:10.607791
case_303,b,2025-02-24 20:33:10.607791
case_303,b,2025-02-24 20:38:10.607791
case_303,c,2025-02-24 20:43:10.607791
case_303,c,2025-02-24 20:48:10.607791
case_303,b,2025-02-24 20:53:10.607791
case_303,c,2025-02-24 20:58:10.607791
case_303,a,2025-02-24 21:03:10.607791
case_304,c,2025-02-24 19:28:10.607820
case_304,b,2025-02-24 19:33:10.607820
case_304,c,2025-02-24 19:38:10.607820
case_304,b,2025-02-24 19:43:10.607820
case_304,a,2025-02-24 19:48:10.607820
case_304,a,2025-02-24 19:53:10.607820
case_304,c,2025-02-24 19:58:10.607820
case_304,a,2025-02-24 20:03:10.607820
case_304,b,2025-02-24 20:08:10.607820
case_304,c,2025-02-24 20:13:10.607820
case_304,b,2025-02-24 20:18:10.607820
case_304,b,2025-02-24 20:23:10.607820
case_304,c,2025-02-24 20:28:10.607820
case_304,a,2025-02-24 20:33:10.607820
case_304,c,2025-02-24 20:38:10.607820
case_304,c,2025-02-24 20:43:10.607820
case_304,a,2025-02-24 20:48:10.607820
case_304,c,2025-02-24 20:53:10.607820
case_304,b,2025-02-24 20:58:10.607820
case_304,a,2025-02-24 21:03:10.607820
case_305,a,2025-02-24 19:28:10.607851
case_305,a,2025-02-24 19:33:10.607851
case_305,b,2025-02-24 19:38:10.607851
case_305,b,2025-02-24 19:43:10.607851
case_305,a,2025-02-24 19:48:10.607851
case_305,a,2025-02-24 19:53:10.607851
case_305,c,2025-02-24 19:58:10.607851
case_305,c,2025-02-24 20:03:10.607851
case_305,b,2025-02-24 20:08:10.607851
case_305,c,2025-02-24 20:13:10.607851
case_305,c,2025-02-24 20:18:10.607851
case_305,c,2025-02-24 20:23:10.607851
case_305,c,2025-02-24 20:28:10.607851
case_305,a,2025-02-24 20:33:10.607851
case_305,b,2025-02-24 20:38:10.607851
case_305,a,2025-02-24 20:43:10.607851
case_305,b,2025-02-24 20:48:10.607851
case_305,b,2025-02-24 20:53:10.607851
case_305,b,2025-02-24 20:58:10.607851
case_305,b,2025-02-24 21:03:10.607851
case_306,b,2025-02-24 19:28:10.607880
case_306,a,2025-02-24 19:33:10.607880
case_306,a,2025-02-24 19:38:10.607880
case_306,a,2025-02-24 19:43:10.607880
case_306,c,2025-02-24 19:48:10.607880
case_306,b,2025-02-24 19:53:10.607880
case_306,a,2025-02-24 19:58:10.607880
case_306,c,2025-02-24 20:03:10.607880
case_306,b,2025-02-24 20:08:10.607880
case_306,b,2025-02-24 20:13:10.607880
case_306,c,2025-02-24 20:18:10.607880
case_306,a,2025-02-24 20:23:10.607880
case_306,b,2025-02-24 20:28:10.607880
case_306,c,2025-02-24 20:33:10.607880
case_306,a,2025-02-24 20:38:10.607880
case_306,a,2025-02-24 20:43:10.607880
case_306,b,2025-02-24 20:48:10.607880
case_306,c,2025-02-24 20:53:10.607880
case_306,c,2025-02-24 20:58:10.607880
case_306,a,2025-02-24 21:03:10.607880
case_307,b,2025-02-24 19:28:10.607911
case_307,c,2025-02-24 19:33:10.607911
case_307,a,2025-02-24 19:38:10.607911
case_307,a,2025-02-24 19:43:10.607911
case_307,b,2025-02-24 19:48:10.607911
case_307,c,2025-02-24 19:53:10.607911
case_307,c,2025-02-24 19:58:10.607911
case_307,a,2025-02-24 20:03:10.607911
case_307,b,2025-02-24 20:08:10.607911
case_307,c,2025-02-24 20:13:10.607911
case_307,a,2025-02-24 20:18:10.607911
case_307,a,2025-02-24 20:23:10.607911
case_307,c,2025-02-24 20:28:10.607911
case_307,c,2025-02-24 20:33:10.607911
case_307,c,2025-02-24 20:38:10.607911
case_307,c,2025-02-24 20:43:10.607911
case_307,c,2025-02-24 20:48:10.607911
case_307,a,2025-02-24 20:53:10.607911
case_307,c,2025-02-24 20:58:10.607911
case_307,a,2025-02-24 21:03:10.607911
case_308,b,2025-02-24 19:28:10.607941
case_308,c,2025-02-24 19:33:10.607941
case_308,a,2025-02-24 19:38:10.607941
case_308,b,2025-02-24 19:43:10.607941
case_308,b,2025-02-24 19:48:10.607941
case_308,b,2025-02-24 19:53:10.607941
case_308,b,2025-02-24 19:58:10.607941
case_308,a,2025-02-24 20:03:10.607941
case_308,c,2025-02-24 20:08:10.607941
case_308,a,2025-02-24 20:13:10.607941
case_308,b,2025-02-24 20:18:10.607941
case_308,c,2025-02-24 20:23:10.607941
case_308,c,2025-02-24 20:28:10.607941
case_308,b,2025-02-24 20:33:10.607941
case_308,c,2025-02-24 20:38:10.607941
case_308,a,2025-02-24 20:43:10.607941
case_308,a,2025-02-24 20:48:10.607941
case_308,c,2025-02-24 20:53:10.607941
case_308,c,2025-02-24 20:58:10.607941
case_308,a,2025-02-24 21:03:10.607941
case_309,a,2025-02-24 19:28:10.607971
case_309,c,2025-02-24 19:33:10.607971
case_309,c,2025-02-24 19:38:10.607971
case_309,b,2025-02-24 19:43:10.607971
case_309,b,2025-02-24 19:48:10.607971
case_309,b,2025-02-24 19:53:10.607971
case_309,c,2025-02-24 19:58:10.607971
case_309,b,2025-02-24 20:03:10.607971
case_309,b,2025-02-24 20:08:10.607971
case_309,a,2025-02-24 20:13:10.607971
case_309,c,2025-02-24 20:18:10.607971
case_309,c,2025-02-24 20:23:10.607971
case_309,b,2025-02-24 20:28:10.607971
case_309,c,2025-02-24 20:33:10.607971
case_309,c,2025-02-24 20:38:10.607971
case_309,c,2025-02-24 20:43:10.607971
case_309,c,2025-02-24 20:48:10.607971
case_309,b,2025-02-24 20:53:10.607971
case_309,b,2025-02-24 20:58:10.607971
case_309,a,2025-02-24 21:03:10.607971
case_310,c,2025-02-24 19:28:10.608001
case_310,c,2025-02-24 19:33:10.608001
case_310,a,2025-02-24 19:38:10.608001
case_310,b,2025-02-24 19:43:10.608001
case_310,c,2025-02-24 19:48:10.608001
case_310,a,2025-02-24 19:53:10.608001
case_310,c,2025-02-24 19:58:10.608001
case_310,a,2025-02-24 20:03:10.608001
case_310,c,2025-02-24 20:08:10.608001
case_310,b,2025-02-24 20:13:10.608001
case_310,b,2025-02-24 20:18:10.608001
case_310,c,2025-02-24 20:23:10.608001
case_310,b,2025-02-24 20:28:10.608001
case_310,b,2025-02-24 20:33:10.608001
case_310,b,2025-02-24 20:38:10.608001
case_310,c,2025-02-24 20:43:10.608001
case_310,b,2025-02-24 20:48:10.608001
case_310,b,2025-02-24 20:53:10.608001
case_310,c,2025-02-24 20:58:10.608001
case_310,a,2025-02-24 21:03:10.608001
case_311,c,2025-02-24 19:28:10.608031
case_311,b,2025-02-24 19:33:10.608031
case_311,a,2025-02-24 19:38:10.608031
case_311,a,2025-02-24 19:43:10.608031
case_311,b,2025-02-24 19:48:10.608031
case_311,c,2025-02-24 19:53:10.608031
case_311,a,2025-02-24 19:58:10.608031
case_311,b,2025-02-24 20:03:10.608031
case_311,b,2025-02-24 20:08:10.608031
case_311,c,2025-02-24 20:13:10.608031
case_311,a,2025-02-24 20:18:10.608031
case_311,c,2025-02-24 20:23:10.608031
case_311,a,2025-02-24 20:28:10.608031
case_311,c,2025-02-24 20:33:10.608031
case_311,b,2025-02-24 20:38:10.608031
case_311,b,2025-02-24 20:43:10.608031
case_311,b,2025-02-24 20:48:10.608031
case_311,c,2025-02-24 20:53:10.608031
case_311,c,2025-02-24 20:58:10.608031
case_311,a,2025-02-24 21:03:10.608031
case_312,a,2025-02-24 19:28:10.608061
case_312,a,2025-02-24 19:33:10.608061
case_312,a,2025-02-24 19:38:10.608061
case_312,a,2025-02-24 19:43:10.608061
case_312,c,2025-02-24 19:48:10.608061
case_312,a,2025-02-24 19:53:10.608061
case_312,b,2025-02-24 19:58:10.608061
case_312,b,2025-02-24 20:03:10.608061
case_312,a,2025-02-24 20:08:10.608061
case_312,b,2025-02-24 20:13:10.608061
case_312,b,2025-02-24 20:18:10.608061
case_312,a,2025-02-24 20:23:10.608061
case_312,b,2025-02-24 20:28:10.608061
case_312,a,2025-02-24 20:33:10.608061
case_312,c,2025-02-24 20:38:10.608061
case_312,c,2025-02-24 20:43:10.608061
case_312,b,2025-02-24 20:48:10.608061
case_312,b,2025-02-24 20:53:10.608061
case_312,b,2025-02-24 20:58:10.608061
case_312,a,2025-02-24 21:03:10.608061
case_313,c,2025-02-24 19:28:10.608092
case_313,a,2025-02-24 19:33:10.608092
case_313,c,2025-02-24 19:38:10.608092
case_313,c,2025-02-24 19:43:10.608092
case_313,c,2025-02-24 19:48:10.608092
case_313,b,2025-02-24 19:53:10.608092
case_313,c,2025-02-24 19:58:10.608092
case_313,c,2025-02-24 20:03:10.608092
case_313,c,2025-02-24 20:08:10.608092
case_313,c,2025-02-24 20:13:10.608092
case_313,a,2025-02-24 20:18:10.608092
case_313,c,2025-02-24 20:23:10.608092
case_313,a,2025-02-24 20:28:10.608092
case_313,c,2025-02-24 20:33:10.608092
case_313,b,2025-02-24 20:38:10.608092
case_313,a,2025-02-24 20:43:10.608092
case_313,a,2025-02-24 20:48:10.608092
case_313,a,2025-02-24 20:53:10.608092
case_313,a,2025-02-24 20:58:10.608092
case_313,b,2025-02-24 21:03:10.608092
case_314,a,2025-02-24 19:28:10.608122
case_314,c,2025-02-24 19:33:10.608122
case_314,b,2025-02-24 19:38:10.608122
case_314,a,2025-02-24 19:43:10.608122
case_314,c,2025-02-24 19:48:10.608122
case_314,b,2025-02-24 19:53:10.608122
case_314,a,2025-02-24 19:58:10.608122
case_314,b,2025-02-24 20:03:10.608122
case_314,b,2025-02-24 20:08:10.608122
case_314,a,2025-02-24 20:13:10.608122
case_314,b,2025-02-24 20:18:10.608122
case_314,b,2025-02-24 20:23:10.608122
case_314,b,2025-02-24 20:28:10.608122
case_314,b,2025-02-24 20:33:10.608122
case_314,a,2025-02-24 20:38:10.608122
case_314,a,2025-02-24 20:43:10.608122
case_314,a,2025-02-24 20:48:10.608122
case_314,c,2025-02-24 20:53:10.608122
case_314,c,2025-02-24 20:58:10.608122
case_314,a,2025-02-24 21:03:10.608122
case_315,a,2025-02-24 19:28:10.608152
case_315,b,2025-02-24 19:33:10.608152
case_315,b,2025-02-24 19:38:10.608152
case_315,b,2025-02-24 19:43:10.608152
case_315,c,2025-02-24 19:48:10.608152
case_315,c,2025-02-24 19:53:10.608152
case_315,b,2025-02-24 19:58:10.608152
case_315,b,2025-02-24 20:03:10.608152
case_315,c,2025-02-24 20:08:10.608152
case_315,b,2025-02-24 20:13:10.608152
case_315,c,2025-02-24 20:18:10.608152
case_315,a,2025-02-24 20:23:10.608152
case_315,a,2025-02-24 20:28:10.608152
case_315,a,2025-02-24 20:33:10.608152
case_315,a,2025-02-24 20:38:10.608152
case_315,a,2025-02-24 20:43:10.608152
case_315,a,2025-02-24 20:48:10.608152
case_315,a,2025-02-24 20:53:10.608152
case_315,a,2025-02-24 20:58:10.608152
case_315,a,2025-02-24 21:03:10.608152
case_316,a,2025-02-24 19:28:10.608182
case_316,a,2025-02-24 19:33:10.608182
case_316,c,2025-02-24 19:38:10.608182
case_316,b,2025-02-24 19:43:10.608182
case_316,c,2025-02-24 19:48:10.608182
case_316,a,2025-02-24 19:53:10.608182
case_316,b,2025-02-24 19:58:10.608182
case_316,c,2025-02-24 20:03:10.608182
case_316,b,2025-02-24 20:08:10.608182
case_316,a,2025-02-24 20:13:10.608182
case_316,c,2025-02-24 20:18:10.608182
case_316,b,2025-02-24 20:23:10.608182
case_316,a,2025-02-24 20:28:10.608182
case_316,c,2025-02-24 20:33:10.608182
case_316,b,2025-02-24 20:38:10.608182
case_316,c,2025-02-24 20:43:10.608182
case_316,b,2025-02-24 20:48:10.608182
case_316,c,2025-02-24 20:53:10.608182
case_316,c,2025-02-24 20:58:10.608182
case_316,a,2025-02-24 21:03:10.608182
case_317,c,2025-02-24 19:28:10.608212
case_317,a,2025-02-24 19:33:10.608212
case_317,c,2025-02-24 19:38:10.608212
case_317,b,2025-02-24 19:43:10.608212
case_317,b,2025-02-24 19:48:10.608212
case_317,c,2025-02-24 19:53:10.608212
case_317,a,2025-02-24 19:58:10.608212
case_317,b,2025-02-24 20:03:10.608212
case_317,a,2025-02-24 20:08:10.608212
case_317,b,2025-02-24 20:13:10.608212
case_317,b,2025-02-24 20:18:10.608212
case_317,b,2025-02-24 20:23:10.608212
case_317,c,2025-02-24 20:28:10.608212
case_317,c,2025-02-24 20:33:10.608212
case_317,a,2025-02-24 20:38:10.608212
case_317,c,2025-02-24 20:43:10.608212
case_317,b,2025-02-24 20:48:10.608212
case_317,b,2025-02-24 20:53:10.608212
case_317,b,2025-02-24 20:58:10.608212
case_317,a,2025-02-24 21:03:10.608212
case_318,a,2025-02-24 19:28:10.608242
case_318,c,2025-02-24 19:33:10.608242
case_318,c,2025-02-24 19:38:10.608242
case_318,a,2025-02-24 19:43:10.608242
case_318,b,2025-02-24 19:48:10.608242
case_318,a,2025-02-24 19:53:10.608242
case_318,b,2025-02-24 19:58:10.608242
case_318,a,2025-02-24 20:03:10.608242
case_318,c,2025-02-24 20:08:10.608242
case_318,a,2025-02-24 20:13:10.608242
case_318,b,2025-02-24 20:18:10.608242
case_318,a,2025-02-24 20:23:10.608242
case_318,a,2025-02-24 20:28:10.608242
case_318,b,2025-02-24 20:33:10.608242
case_318,b,2025-02-24 20:38:10.608242
case_318,b,2025-02-24 20:43:10.608242
case_318,b,2025-02-24 20:48:10.608242
case_318,c,2025-02-24 20:53:10.608242
case_318,c,2025-02-24 20:58:10.608242
case_318,a,2025-02-24 21:03:10.608242
case_319,a,2025-02-24 19:28:10.608272
case_319,b,2025-02-24 19:33:10.608272
case_319,c,2025-02-24 19:38:10.608272
case_319,a,2025-02-24 19:43:10.608272
case_319,c,2025-02-24 19:48:10.608272
case_319,b,2025-02-24 19:53:10.608272
case_319,a,2025-02-24 19:58:10.608272
case_319,c,2025-02-24 20:03:10.608272
case_319,b,2025-02-24 20:08:10.608272
case_319,b,2025-02-24 20:13:10.608272
case_319,b,2025-02-24 20:18:10.608272
case_319,b,2025-02-24 20:23:10.608272
case_319,b,2025-02-24 20:28:10.608272
case_319,a,2025-02-24 20:33:10.608272
case_319,a,2025-02-24 20:38:10.608272
case_319,b,2025-02-24 20:43:10.608272
case_319,b,2025-02-24 20:48:10.608272
case_319,c,2025-02-24 20:53:10.608272
case_319,c,2025-02-24 20:58:10.608272
case_319,a,2025-02-24 21:03:10.608272
case_320,c,2025-02-24 19:28:10.608302
case_320,c,2025-02-24 19:33:10.608302
case_320,c,2025-02-24 19:38:10.608302
case_320,c,2025-02-24 19:43:10.608302
case_320,b,2025-02-24 19:48:10.608302
case_320,a,2025-02-24 19:53:10.608302
case_320,b,2025-02-24 19:58:10.608302
case_320,b,2025-02-24 20:03:10.608302
case_320,a,2025-02-24 20:08:10.608302
case_320,c,2025-02-24 20:13:10.608302
case_320,b,2025-02-24 20:18:10.608302
case_320,b,2025-02-24 20:23:10.608302
case_320,b,2025-02-24 20:28:10.608302
case_320,a,2025-02-24 20:33:10.608302
case_320,b,2025-02-24 20:38:10.608302
case_320,b,2025-02-24 20:43:10.608302
case_320,c,2025-02-24 20:48:10.608302
case_320,b,2025-02-24 20:53:10.608302
case_320,c,2025-02-24 20:58:10.608302
case_320,a,2025-02-24 21:03:10.608302
case_321,b,2025-02-24 19:28:10.608334
case_321,b,2025-02-24 19:33:10.608334
case_321,a,2025-02-24 19:38:10.608334
case_321,c,2025-02-24 19:43:10.608334
case_321,c,2025-02-24 19:48:10.608334
case_321,b,2025-02-24 19:53:10.608334
case_321,a,2025-02-24 19:58:10.608334
case_321,b,2025-02-24 20:03:10.608334
case_321,c,2025-02-24 20:08:10.608334
case_321,c,2025-02-24 20:13:10.608334
case_321,c,2025-02-24 20:18:10.608334
case_321,a,2025-02-24 20:23:10.608334
case_321,c,2025-02-24 20:28:10.608334
case_321,a,2025-02-24 20:33:10.608334
case_321,a,2025-02-24 20:38:10.608334
case_321,b,2025-02-24 20:43:10.608334
case_321,c,2025-02-24 20:48:10.608334
case_321,a,2025-02-24 20:53:10.608334
case_321,a,2025-02-24 20:58:10.608334
case_321,a,2025-02-24 21:03:10.608334
case_322,b,2025-02-24 19:28:10.608364
case_322,a,2025-02-24 19:33:10.608364
case_322,a,2025-02-24 19:38:10.608364
case_322,b,2025-02-24 19:43:10.608364
case_322,b,2025-02-24 19:48:10.608364
case_322,b,2025-02-24 19:53:10.608364
case_322,b,2025-02-24 19:58:10.608364
case_322,c,2025-02-24 20:03:10.608364
case_322,c,2025-02-24 20:08:10.608364
case_322,c,2025-02-24 20:13:10.608364
case_322,c,2025-02-24 20:18:10.608364
case_322,a,2025-02-24 20:23:10.608364
case_322,a,2025-02-24 20:28:10.608364
case_322,a,2025-02-24 20:33:10.608364
case_322,a,2025-02-24 20:38:10.608364
case_322,b,2025-02-24 20:43:10.608364
case_322,b,2025-02-24 20:48:10.608364
case_322,c,2025-02-24 20:53:10.608364
case_322,b,2025-02-24 20:58:10.608364
case_322,a,2025-02-24 21:03:10.608364
case_323,b,2025-02-24 19:28:10.608395
case_323,b,2025-02-24 19:33:10.608395
case_323,c,2025-02-24 19:38:10.608395
case_323,c,2025-02-24 19:43:10.608395
case_323,b,2025-02-24 19:48:10.608395
case_323,b,2025-02-24 19:53:10.608395
case_323,c,2025-02-24 19:58:10.608395
case_323,b,2025-02-24 20:03:10.608395
case_323,a,2025-02-24 20:08:10.608395
case_323,b,2025-02-24 20:13:10.608395
case_323,a,2025-02-24 20:18:10.608395
case_323,a,2025-02-24 20:23:10.608395
case_323,b,2025-02-24 20:28:10.608395
case_323,b,2025-02-24 20:33:10.608395
case_323,c,2025-02-24 20:38:10.608395
case_323,a,2025-02-24 20:43:10.608395
case_323,c,2025-02-24 20:48:10.608395
case_323,c,2025-02-24 20:53:10.608395
case_323,a,2025-02-24 20:58:10.608395
case_323,b,2025-02-24 21:03:10.608395
case_324,a,2025-02-24 19:28:10.608425
case_324,a,2025-02-24 19:33:10.608425
case_324,c,2025-02-24 19:38:10.608425
case_324,a,2025-02-24 19:43:10.608425
case_324,a,2025-02-24 19:48:10.608425
case_324,b,2025-02-24 19:53:10.608425
case_324,a,2025-02-24 19:58:10.608425
case_324,c,2025-02-24 20:03:10.608425
case_324,b,2025-02-24 20:08:10.608425
case_324,c,2025-02-24 20:13:10.608425
case_324,b,2025-02-24 20:18:10.608425
case_324,c,2025-02-24 20:23:10.608425
case_324,a,2025-02-24 20:28:10.608425
case_324,a,2025-02-24 20:33:10.608425
case_324,a,2025-02-24 20:38:10.608425
case_324,b,2025-02-24 20:43:10.608425
case_324,c,2025-02-24 20:48:10.608425
case_324,c,2025-02-24 20:53:10.608425
case_324,c,2025-02-24 20:58:10.608425
case_324,a,2025-02-24 21:03:10.608425
case_325,a,2025-02-24 19:28:10.608455
case_325,b,2025-02-24 19:33:10.608455
case_325,c,2025-02-24 19:38:10.608455
case_325,b,2025-02-24 19:43:10.608455
case_325,c,2025-02-24 19:48:10.608455
case_325,c,2025-02-24 19:53:10.608455
case_325,c,2025-02-24 19:58:10.608455
case_325,a,2025-02-24 20:03:10.608455
case_325,c,2025-02-24 20:08:10.608455
case_325,a,2025-02-24 20:13:10.608455
case_325,b,2025-02-24 20:18:10.608455
case_325,a,2025-02-24 20:23:10.608455
case_325,c,2025-02-24 20:28:10.608455
case_325,c,2025-02-24 20:33:10.608455
case_325,c,2025-02-24 20:38:10.608455
case_325,c,2025-02-24 20:43:10.608455
case_325,c,2025-02-24 20:48:10.608455
case_325,c,2025-02-24 20:53:10.608455
case_325,c,2025-02-24 20:58:10.608455
case_325,a,2025-02-24 21:03:10.608455
case_326,b,2025-02-24 19:28:10.608485
case_326,a,2025-02-24 19:33:10.608485
case_326,b,2025-02-24 19:38:10.608485
case_326,b,2025-02-24 19:43:10.608485
case_326,c,2025-02-24 19:48:10.608485
case_326,b,2025-02-24 19:53:10.608485
case_326,a,2025-02-24 19:58:10.608485
case_326,b,2025-02-24 20:03:10.608485
case_326,c,2025-02-24 20:08:10.608485
case_326,b,2025-02-24 20:13:10.608485
case_326,b,2025-02-24 20:18:10.608485
case_326,b,2025-02-24 20:23:10.608485
case_326,c,2025-02-24 20:28:10.608485
case_326,b,2025-02-24 20:33:10.608485
case_326,a,2025-02-24 20:38:10.608485
case_326,a,2025-02-24 20:43:10.608485
case_326,b,2025-02-24 20:48:10.608485
case_326,c,2025-02-24 20:53:10.608485
case_326,c,2025-02-24 20:58:10.608485
case_326,a,2025-02-24 21:03:10.608485
case_327,c,2025-02-24 19:28:10.608516
case_327,c,2025-02-24 19:33:10.608516
case_327,b,2025-02-24 19:38:10.608516
case_327,c,2025-02-24 19:43:10.608516
case_327,a,2025-02-24 19:48:10.608516
case_327,c,2025-02-24 19:53:10.608516
case_327,b,2025-02-24 19:58:10.608516
case_327,b,2025-02-24 20:03:10.608516
case_327,b,2025-02-24 20:08:10.608516
case_327,c,2025-02-24 20:13:10.608516
case_327,c,2025-02-24 20:18:10.608516
case_327,b,2025-02-24 20:23:10.608516
case_327,a,2025-02-24 20:28:10.608516
case_327,a,2025-02-24 20:33:10.608516
case_327,b,2025-02-24 20:38:10.608516
case_327,b,2025-02-24 20:43:10.608516
case_327,b,2025-02-24 20:48:10.608516
case_327,b,2025-02-24 20:53:10.608516
case_327,a,2025-02-24 20:58:10.608516
case_327,a,2025-02-24 21:03:10.608516
case_328,c,2025-02-24 19:28:10.608546
case_328,b,2025-02-24 19:33:10.608546
case_328,c,2025-02-24 19:38:10.608546
case_328,b,2025-02-24 19:43:10.608546
case_328,b,2025-02-24 19:48:10.608546
case_328,c,2025-02-24 19:53:10.608546
case_328,c,2025-02-24 19:58:10.608546
case_328,b,2025-02-24 20:03:10.608546
case_328,c,2025-02-24 20:08:10.608546
case_328,c,2025-02-24 20:13:10.608546
case_328,b,2025-02-24 20:18:10.608546
case_328,c,2025-02-24 20:23:10.608546
case_328,b,2025-02-24 20:28:10.608546
case_328,a,2025-02-24 20:33:10.608546
case_328,b,2025-02-24 20:38:10.608546
case_328,a,2025-02-24 20:43:10.608546
case_328,c,2025-02-24 20:48:10.608546
case_328,c,2025-02-24 20:53:10.608546
case_328,b,2025-02-24 20:58:10.608546
case_328,a,2025-02-24 21:03:10.608546
case_329,b,2025-02-24 19:28:10.608576
case_329,a,2025-02-24 19:33:10.608576
case_329,c,2025-02-24 19:38:10.608576
case_329,b,2025-02-24 19:43:10.608576
case_329,b,2025-02-24 19:48:10.608576
case_329,a,2025-02-24 19:53:10.608576
case_329,b,2025-02-24 19:58:10.608576
case_329,b,2025-02-24 20:03:10.608576
case_329,c,2025-02-24 20:08:10.608576
case_329,a,2025-02-24 20:13:10.608576
case_329,b,2025-02-24 20:18:10.608576
case_329,b,2025-02-24 20:23:10.608576
case_329,c,2025-02-24 20:28:10.608576
case_329,c,2025-02-24 20:33:10.608576
case_329,c,2025-02-24 20:38:10.608576
case_329,b,2025-02-24 20:43:10.608576
case_329,c,2025-02-24 20:48:10.608576
case_329,b,2025-02-24 20:53:10.608576
case_329,b,2025-02-24 20:58:10.608576
case_329,a,2025-02-24 21:03:10.608576
case_330,c,2025-02-24 19:28:10.608606
case_330,b,2025-02-24 19:33:10.608606
case_330,b,2025-02-24 19:38:10.608606
case_330,b,2025-02-24 19:43:10.608606
case_330,b,2025-02-24 19:48:10.608606
case_330,a,2025-02-24 19:53:10.608606
case_330,b,2025-02-24 19:58:10.608606
case_330,c,2025-02-24 20:03:10.608606
case_330,b,2025-02-24 20:08:10.608606
case_330,b,2025-02-24 20:13:10.608606
case_330,c,2025-02-24 20:18:10.608606
case_330,c,2025-02-24 20:23:10.608606
case_330,a,2025-02-24 20:28:10.608606
case_330,a,2025-02-24 20:33:10.608606
case_330,c,2025-02-24 20:38:10.608606
case_330,a,2025-02-24 20:43:10.608606
case_330,a,2025-02-24 20:48:10.608606
case_330,a,2025-02-24 20:53:10.608606
case_330,c,2025-02-24 20:58:10.608606
case_330,a,2025-02-24 21:03:10.608606
case_331,a,2025-02-24 19:28:10.608637
case_331,a,2025-02-24 19:33:10.608637
case_331,b,2025-02-24 19:38:10.608637
case_331,a,2025-02-24 19:43:10.608637
case_331,b,2025-02-24 19:48:10.608637
case_331,c,2025-02-24 19:53:10.608637
case_331,b,2025-02-24 19:58:10.608637
case_331,a,2025-02-24 20:03:10.608637
case_331,a,2025-02-24 20:08:10.608637
case_331,b,2025-02-24 20:13:10.608637
case_331,b,2025-02-24 20:18:10.608637
case_331,c,2025-02-24 20:23:10.608637
case_331,c,2025-02-24 20:28:10.608637
case_331,a,2025-02-24 20:33:10.608637
case_331,b,2025-02-24 20:38:10.608637
case_331,a,2025-02-24 20:43:10.608637
case_331,c,2025-02-24 20:48:10.608637
case_331,c,2025-02-24 20:53:10.608637
case_331,a,2025-02-24 20:58:10.608637
case_331,a,2025-02-24 21:03:10.608637
case_332,b,2025-02-24 19:28:10.608670
case_332,c,2025-02-24 19:33:10.608670
case_332,b,2025-02-24 19:38:10.608670
case_332,b,2025-02-24 19:43:10.608670
case_332,c,2025-02-24 19:48:10.608670
case_332,c,2025-02-24 19:53:10.608670
case_332,b,2025-02-24 19:58:10.608670
case_332,b,2025-02-24 20:03:10.608670
case_332,a,2025-02-24 20:08:10.608670
case_332,c,2025-02-24 20:13:10.608670
case_332,c,2025-02-24 20:18:10.608670
case_332,a,2025-02-24 20:23:10.608670
case_332,a,2025-02-24 20:28:10.608670
case_332,a,2025-02-24 20:33:10.608670
case_332,c,2025-02-24 20:38:10.608670
case_332,b,2025-02-24 20:43:10.608670
case_332,c,2025-02-24 20:48:10.608670
case_332,c,2025-02-24 20:53:10.608670
case_332,a,2025-02-24 20:58:10.608670
case_332,b,2025-02-24 21:03:10.608670
case_333,b,2025-02-24 19:28:10.608700
case_333,c,2025-02-24 19:33:10.608700
case_333,a,2025-02-24 19:38:10.608700
case_333,a,2025-02-24 19:43:10.608700
case_333,c,2025-02-24 19:48:10.608700
case_333,a,2025-02-24 19:53:10.608700
case_333,a,2025-02-24 19:58:10.608700
case_333,b,2025-02-24 20:03:10.608700
case_333,c,2025-02-24 20:08:10.608700
case_333,c,2025-02-24 20:13:10.608700
case_333,b,2025-02-24 20:18:10.608700
case_333,b,2025-02-24 20:23:10.608700
case_333,b,2025-02-24 20:28:10.608700
case_333,c,2025-02-24 20:33:10.608700
case_333,a,2025-02-24 20:38:10.608700
case_333,a,2025-02-24 20:43:10.608700
case_333,b,2025-02-24 20:48:10.608700
case_333,a,2025-02-24 20:53:10.608700
case_333,c,2025-02-24 20:58:10.608700
case_333,a,2025-02-24 21:03:10.608700
case_334,b,2025-02-24 19:28:10.608731
case_334,c,2025-02-24 19:33:10.608731
case_334,c,2025-02-24 19:38:10.608731
case_334,a,2025-02-24 19:43:10.608731
case_334,a,2025-02-24 19:48:10.608731
case_334,a,2025-02-24 19:53:10.608731
case_334,a,2025-02-24 19:58:10.608731
case_334,b,2025-02-24 20:03:10.608731
case_334,b,2025-02-24 20:08:10.608731
case_334,a,2025-02-24 20:13:10.608731
case_334,b,2025-02-24 20:18:10.608731
case_334,c,2025-02-24 20:23:10.608731
case_334,a,2025-02-24 20:28:10.608731
case_334,a,2025-02-24 20:33:10.608731
case_334,a,2025-02-24 20:38:10.608731
case_334,a,2025-02-24 20:43:10.608731
case_334,c,2025-02-24 20:48:10.608731
case_334,a,2025-02-24 20:53:10.608731
case_334,b,2025-02-24 20:58:10.608731
case_334,b,2025-02-24 21:03:10.608731
case_335,c,2025-02-24 19:28:10.608761
case_335,a,2025-02-24 19:33:10.608761
case_335,b,2025-02-24 19:38:10.608761
case_335,b,2025-02-24 19:43:10.608761
case_335,a,2025-02-24 19:48:10.608761
case_335,b,2025-02-24 19:53:10.608761
case_335,c,2025-02-24 19:58:10.608761
case_335,c,2025-02-24 20:03:10.608761
case_335,c,2025-02-24 20:08:10.608761
case_335,b,2025-02-24 20:13:10.608761
case_335,a,2025-02-24 20:18:10.608761
case_335,c,2025-02-24 20:23:10.608761
case_335,c,2025-02-24 20:28:10.608761
case_335,c,2025-02-24 20:33:10.608761
case_335,a,2025-02-24 20:38:10.608761
case_335,a,2025-02-24 20:43:10.608761
case_335,c,2025-02-24 20:48:10.608761
case_335,b,2025-02-24 20:53:10.608761
case_335,b,2025-02-24 20:58:10.608761
case_335,a,2025-02-24 21:03:10.608761
case_336,a,2025-02-24 19:28:10.608791
case_336,c,2025-02-24 19:33:10.608791
case_336,a,2025-02-24 19:38:10.608791
case_336,a,2025-02-24 19:43:10.608791
case_336,a,2025-02-24 19:48:10.608791
case_336,b,2025-02-24 19:53:10.608791
case_336,b,2025-02-24 19:58:10.608791
case_336,b,2025-02-24 20:03:10.608791
case_336,a,2025-02-24 20:08:10.608791
case_336,b,2025-02-24 20:13:10.608791
case_336,b,2025-02-24 20:18:10.608791
case_336,c,2025-02-24 20:23:10.608791
case_336,a,2025-02-24 20:28:10.608791
case_336,b,2025-02-24 20:33:10.608791
case_336,c,2025-02-24 20:38:10.608791
case_336,c,2025-02-24 20:43:10.608791
case_336,b,2025-02-24 20:48:10.608791
case_336,b,2025-02-24 20:53:10.608791
case_336,c,2025-02-24 20:58:10.608791
case_336,a,2025-02-24 21:03:10.608791
case_337,c,2025-02-24 19:28:10.608822
case_337,a,2025-02-24 19:33:10.608822
case_337,a,2025-02-24 19:38:10.608822
case_337,a,2025-02-24 19:43:10.608822
case_337,a,2025-02-24 19:48:10.608822
case_337,b,2025-02-24 19:53:10.608822
case_337,a,2025-02-24 19:58:10.608822
case_337,c,2025-02-24 20:03:10.608822
case_337,b,2025-02-24 20:08:10.608822
case_337,c,2025-02-24 20:13:10.608822
case_337,b,2025-02-24 20:18:10.608822
case_337,b,2025-02-24 20:23:10.608822
case_337,a,2025-02-24 20:28:10.608822
case_337,a,2025-02-24 20:33:10.608822
case_337,b,2025-02-24 20:38:10.608822
case_337,a,2025-02-24 20:43:10.608822
case_337,a,2025-02-24 20:48:10.608822
case_337,c,2025-02-24 20:53:10.608822
case_337,c,2025-02-24 20:58:10.608822
case_337,a,2025-02-24 21:03:10.608822
case_338,c,2025-02-24 19:28:10.608852
case_338,a,2025-02-24 19:33:10.608852
case_338,b,2025-02-24 19:38:10.608852
case_338,b,2025-02-24 19:43:10.608852
case_338,a,2025-02-24 19:48:10.608852
case_338,c,2025-02-24 19:53:10.608852
case_338,b,2025-02-24 19:58:10.608852
case_338,b,2025-02-24 20:03:10.608852
case_338,c,2025-02-24 20:08:10.608852
case_338,b,2025-02-24 20:13:10.608852
case_338,a,2025-02-24 20:18:10.608852
case_338,a,2025-02-24 20:23:10.608852
case_338,c,2025-02-24 20:28:10.608852
case_338,b,2025-02-24 20:33:10.608852
case_338,a,2025-02-24 20:38:10.608852
case_338,c,2025-02-24 20:43:10.608852
case_338,b,2025-02-24 20:48:10.608852
case_338,c,2025-02-24 20:53:10.608852
case_338,c,2025-02-24 20:58:10.608852
case_338,a,2025-02-24 21:03:10.608852
case_339,a,2025-02-24 19:28:10.608883
case_339,c,2025-02-24 19:33:10.608883
case_339,b,2025-02-24 19:38:10.608883
case_339,c,2025-02-24 19:43:10.608883
case_339,b,2025-02-24 19:48:10.608883
case_339,a,2025-02-24 19:53:10.608883
case_339,b,2025-02-24 19:58:10.608883
case_339,c,2025-02-24 20:03:10.608883
case_339,b,2025-02-24 20:08:10.608883
case_339,b,2025-02-24 20:13:10.608883
case_339,a,2025-02-24 20:18:10.608883
case_339,b,2025-02-24 20:23:10.608883
case_339,a,2025-02-24 20:28:10.608883
case_339,a,2025-02-24 20:33:10.608883
case_339,c,2025-02-24 20:38:10.608883
case_339,b,2025-02-24 20:43:10.608883
case_339,b,2025-02-24 20:48:10.608883
case_339,c,2025-02-24 20:53:10.608883
case_339,c,2025-02-24 20:58:10.608883
case_339,a,2025-02-24 21:03:10.608883
case_340,b,2025-02-24 19:28:10.608913
case_340,b,2025-02-24 19:33:10.608913
case_340,b,2025-02-24 19:38:10.608913
case_340,c,2025-02-24 19:43:10.608913
case_340,c,2025-02-24 19:48:10.608913
case_340,a,2025-02-24 19:53:10.608913
case_340,b,2025-02-24 19:58:10.608913
case_340,c,2025-02-24 20:03:10.608913
case_340,a,2025-02-24 20:08:10.608913
case_340,b,2025-02-24 20:13:10.608913
case_340,c,2025-02-24 20:18:10.608913
case_340,a,2025-02-24 20:23:10.608913
case_340,c,2025-02-24 20:28:10.608913
case_340,b,2025-02-24 20:33:10.608913
case_340,c,2025-02-24 20:38:10.608913
case_340,b,2025-02-24 20:43:10.608913
case_340,b,2025-02-24 20:48:10.608913
case_340,b,2025-02-24 20:53:10.608913
case_340,a,2025-02-24 20:58:10.608913
case_340,b,2025-02-24 21:03:10.608913
case_341,a,2025-02-24 19:28:10.608944
case_341,b,2025-02-24 19:33:10.608944
case_341,c,2025-02-24 19:38:10.608944
case_341,a,2025-02-24 19:43:10.608944
case_341,a,2025-02-24 19:48:10.608944
case_341,c,2025-02-24 19:53:10.608944
case_341,a,2025-02-24 19:58:10.608944
case_341,b,2025-02-24 20:03:10.608944
case_341,c,2025-02-24 20:08:10.608944
case_341,a,2025-02-24 20:13:10.608944
case_341,b,2025-02-24 20:18:10.608944
case_341,a,2025-02-24 20:23:10.608944
case_341,c,2025-02-24 20:28:10.608944
case_341,b,2025-02-24 20:33:10.608944
case_341,c,2025-02-24 20:38:10.608944
case_341,c,2025-02-24 20:43:10.608944
case_341,b,2025-02-24 20:48:10.608944
case_341,a,2025-02-24 20:53:10.608944
case_341,c,2025-02-24 20:58:10.608944
case_341,a,2025-02-24 21:03:10.608944
case_342,c,2025-02-24 19:28:10.608974
case_342,c,2025-02-24 19:33:10.608974
case_342,c,2025-02-24 19:38:10.608974
case_342,b,2025-02-24 19:43:10.608974
case_342,b,2025-02-24 19:48:10.608974
case_342,c,2025-02-24 19:53:10.608974
case_342,c,2025-02-24 19:58:10.608974
case_342,c,2025-02-24 20:03:10.608974
case_342,c,2025-02-24 20:08:10.608974
case_342,a,2025-02-24 20:13:10.608974
case_342,b,2025-02-24 20:18:10.608974
case_342,b,2025-02-24 20:23:10.608974
case_342,b,2025-02-24 20:28:10.608974
case_342,b,2025-02-24 20:33:10.608974
case_342,b,2025-02-24 20:38:10.608974
case_342,c,2025-02-24 20:43:10.608974
case_342,b,2025-02-24 20:48:10.608974
case_342,b,2025-02-24 20:53:10.608974
case_342,a,2025-02-24 20:58:10.608974
case_342,a,2025-02-24 21:03:10.608974
case_343,c,2025-02-24 19:28:10.609005
case_343,c,2025-02-24 19:33:10.609005
case_343,c,2025-02-24 19:38:10.609005
case_343,a,2025-02-24 19:43:10.609005
case_343,b,2025-02-24 19:48:10.609005
case_343,c,2025-02-24 19:53:10.609005
case_343,c,2025-02-24 19:58:10.609005
case_343,c,2025-02-24 20:03:10.609005
case_343,c,2025-02-24 20:08:10.609005
case_343,a,2025-02-24 20:13:10.609005
case_343,c,2025-02-24 20:18:10.609005
case_343,c,2025-02-24 20:23:10.609005
case_343,b,2025-02-24 20:28:10.609005
case_343,b,2025-02-24 20:33:10.609005
case_343,b,2025-02-24 20:38:10.609005
case_343,a,2025-02-24 20:43:10.609005
case_343,a,2025-02-24 20:48:10.609005
case_343,c,2025-02-24 20:53:10.609005
case_343,a,2025-02-24 20:58:10.609005
case_343,b,2025-02-24 21:03:10.609005
case_344,a,2025-02-24 19:28:10.609035
case_344,c,2025-02-24 19:33:10.609035
case_344,a,2025-02-24 19:38:10.609035
case_344,a,2025-02-24 19:43:10.609035
case_344,c,2025-02-24 19:48:10.609035
case_344,b,2025-02-24 19:53:10.609035
case_344,a,2025-02-24 19:58:10.609035
case_344,c,2025-02-24 20:03:10.609035
case_344,c,2025-02-24 20:08:10.609035
case_344,b,2025-02-24 20:13:10.609035
case_344,c,2025-02-24 20:18:10.609035
case_344,a,2025-02-24 20:23:10.609035
case_344,c,2025-02-24 20:28:10.609035
case_344,a,2025-02-24 20:33:10.609035
case_344,a,2025-02-24 20:38:10.609035
case_344,c,2025-02-24 20:43:10.609035
case_344,b,2025-02-24 20:48:10.609035
case_344,a,2025-02-24 20:53:10.609035
case_344,a,2025-02-24 20:58:10.609035
case_344,b,2025-02-24 21:03:10.609035
case_345,b,2025-02-24 19:28:10.609065
case_345,b,2025-02-24 19:33:10.609065
case_345,c,2025-02-24 19:38:10.609065
case_345,a,2025-02-24 19:43:10.609065
case_345,a,2025-02-24 19:48:10.609065
case_345,b,2025-02-24 19:53:10.609065
case_345,c,2025-02-24 19:58:10.609065
case_345,c,2025-02-24 20:03:10.609065
case_345,c,2025-02-24 20:08:10.609065
case_345,c,2025-02-24 20:13:10.609065
case_345,b,2025-02-24 20:18:10.609065
case_345,b,2025-02-24 20:23:10.609065
case_345,b,2025-02-24 20:28:10.609065
case_345,c,2025-02-24 20:33:10.609065
case_345,c,2025-02-24 20:38:10.609065
case_345,a,2025-02-24 20:43:10.609065
case_345,b,2025-02-24 20:48:10.609065
case_345,b,2025-02-24 20:53:10.609065
case_345,c,2025-02-24 20:58:10.609065
case_345,a,2025-02-24 21:03:10.609065
case_346,b,2025-02-24 19:28:10.609095
case_346,c,2025-02-24 19:33:10.609095
case_346,c,2025-02-24 19:38:10.609095
case_346,a,2025-02-24 19:43:10.609095
case_346,b,2025-02-24 19:48:10.609095
case_346,a,2025-02-24 19:53:10.609095
case_346,a,2025-02-24 19:58:10.609095
case_346,c,2025-02-24 20:03:10.609095
case_346,c,2025-02-24 20:08:10.609095
case_346,c,2025-02-24 20:13:10.609095
case_346,c,2025-02-24 20:18:10.609095
case_346,a,2025-02-24 20:23:10.609095
case_346,b,2025-02-24 20:28:10.609095
case_346,a,2025-02-24 20:33:10.609095
case_346,a,2025-02-24 20:38:10.609095
case_346,b,2025-02-24 20:43:10.609095
case_346,c,2025-02-24 20:48:10.609095
case_346,b,2025-02-24 20:53:10.609095
case_346,b,2025-02-24 20:58:10.609095
case_346,a,2025-02-24 21:03:10.609095
case_347,b,2025-02-24 19:28:10.609126
case_347,b,2025-02-24 19:33:10.609126
case_347,c,2025-02-24 19:38:10.609126
case_347,b,2025-02-24 19:43:10.609126
case_347,b,2025-02-24 19:48:10.609126
case_347,c,2025-02-24 19:53:10.609126
case_347,b,2025-02-24 19:58:10.609126
case_347,a,2025-02-24 20:03:10.609126
case_347,b,2025-02-24 20:08:10.609126
case_347,c,2025-02-24 20:13:10.609126
case_347,b,2025-02-24 20:18:10.609126
case_347,a,2025-02-24 20:23:10.609126
case_347,c,2025-02-24 20:28:10.609126
case_347,b,2025-02-24 20:33:10.609126
case_347,b,2025-02-24 20:38:10.609126
case_347,a,2025-02-24 20:43:10.609126
case_347,b,2025-02-24 20:48:10.609126
case_347,c,2025-02-24 20:53:10.609126
case_347,c,2025-02-24 20:58:10.609126
case_347,a,2025-02-24 21:03:10.609126
case_348,b,2025-02-24 19:28:10.609156
case_348,c,2025-02-24 19:33:10.609156
case_348,a,2025-02-24 19:38:10.609156
case_348,a,2025-02-24 19:43:10.609156
case_348,c,2025-02-24 19:48:10.609156
case_348,a,2025-02-24 19:53:10.609156
case_348,a,2025-02-24 19:58:10.609156
case_348,b,2025-02-24 20:03:10.609156
case_348,b,2025-02-24 20:08:10.609156
case_348,b,2025-02-24 20:13:10.609156
case_348,a,2025-02-24 20:18:10.609156
case_348,a,2025-02-24 20:23:10.609156
case_348,a,2025-02-24 20:28:10.609156
case_348,a,2025-02-24 20:33:10.609156
case_348,b,2025-02-24 20:38:10.609156
case_348,c,2025-02-24 20:43:10.609156
case_348,c,2025-02-24 20:48:10.609156
case_348,c,2025-02-24 20:53:10.609156
case_348,b,2025-02-24 20:58:10.609156
case_348,a,2025-02-24 21:03:10.609156
case_349,c,2025-02-24 19:28:10.609187
case_349,c,2025-02-24 19:33:10.609187
case_349,a,2025-02-24 19:38:10.609187
case_349,b,2025-02-24 19:43:10.609187
case_349,c,2025-02-24 19:48:10.609187
case_349,b,2025-02-24 19:53:10.609187
case_349,b,2025-02-24 19:58:10.609187
case_349,a,2025-02-24 20:03:10.609187
case_349,b,2025-02-24 20:08:10.609187
case_349,c,2025-02-24 20:13:10.609187
case_349,b,2025-02-24 20:18:10.609187
case_349,b,2025-02-24 20:23:10.609187
case_349,a,2025-02-24 20:28:10.609187
case_349,b,2025-02-24 20:33:10.609187
case_349,b,2025-02-24 20:38:10.609187
case_349,b,2025-02-24 20:43:10.609187
case_349,a,2025-02-24 20:48:10.609187
case_349,a,2025-02-24 20:53:10.609187
case_349,c,2025-02-24 20:58:10.609187
case_349,a,2025-02-24 21:03:10.609187
case_350,c,2025-02-24 19:28:10.609217
case_350,b,2025-02-24 19:33:10.609217
case_350,c,2025-02-24 19:38:10.609217
case_350,b,2025-02-24 19:43:10.609217
case_350,c,2025-02-24 19:48:10.609217
case_350,b,2025-02-24 19:53:10.609217
case_350,b,2025-02-24 19:58:10.609217
case_350,a,2025-02-24 20:03:10.609217
case_350,c,2025-02-24 20:08:10.609217
case_350,a,2025-02-24 20:13:10.609217
case_350,c,2025-02-24 20:18:10.609217
case_350,b,2025-02-24 20:23:10.609217
case_350,b,2025-02-24 20:28:10.609217
case_350,a,2025-02-24 20:33:10.609217
case_350,c,2025-02-24 20:38:10.609217
case_350,a,2025-02-24 20:43:10.609217
case_350,a,2025-02-24 20:48:10.609217
case_350,c,2025-02-24 20:53:10.609217
case_350,c,2025-02-24 20:58:10.609217
case_350,a,2025-02-24 21:03:10.609217
case_351,a,2025-02-24 19:28:10.609247
case_351,c,2025-02-24 19:33:10.609247
case_351,b,2025-02-24 19:38:10.609247
case_351,c,2025-02-24 19:43:10.609247
case_351,b,2025-02-24 19:48:10.609247
case_351,a,2025-02-24 19:53:10.609247
case_351,c,2025-02-24 19:58:10.609247
case_351,b,2025-02-24 20:03:10.609247
case_351,c,2025-02-24 20:08:10.609247
case_351,a,2025-02-24 20:13:10.609247
case_351,a,2025-02-24 20:18:10.609247
case_351,c,2025-02-24 20:23:10.609247
case_351,c,2025-02-24 20:28:10.609247
case_351,b,2025-02-24 20:33:10.609247
case_351,b,2025-02-24 20:38:10.609247
case_351,c,2025-02-24 20:43:10.609247
case_351,c,2025-02-24 20:48:10.609247
case_351,c,2025-02-24 20:53:10.609247
case_351,a,2025-02-24 20:58:10.609247
case_351,b,2025-02-24 21:03:10.609247
case_352,a,2025-02-24 19:28:10.609277
case_352,c,2025-02-24 19:33:10.609277
case_352,b,2025-02-24 19:38:10.609277
case_352,c,2025-02-24 19:43:10.609277
case_352,c,2025-02-24 19:48:10.609277
case_352,a,2025-02-24 19:53:10.609277
case_352,a,2025-02-24 19:58:10.609277
case_352,c,2025-02-24 20:03:10.609277
case_352,c,2025-02-24 20:08:10.609277
case_352,b,2025-02-24 20:13:10.609277
case_352,c,2025-02-24 20:18:10.609277
case_352,c,2025-02-24 20:23:10.609277
case_352,c,2025-02-24 20:28:10.609277
case_352,b,2025-02-24 20:33:10.609277
case_352,c,2025-02-24 20:38:10.609277
case_352,b,2025-02-24 20:43:10.609277
case_352,a,2025-02-24 20:48:10.609277
case_352,a,2025-02-24 20:53:10.609277
case_352,b,2025-02-24 20:58:10.609277
case_352,b,2025-02-24 21:03:10.609277
case_353,a,2025-02-24 19:28:10.609308
case_353,b,2025-02-24 19:33:10.609308
case_353,c,2025-02-24 19:38:10.609308
case_353,a,2025-02-24 19:43:10.609308
case_353,c,2025-02-24 19:48:10.609308
case_353,a,2025-02-24 19:53:10.609308
case_353,b,2025-02-24 19:58:10.609308
case_353,c,2025-02-24 20:03:10.609308
case_353,b,2025-02-24 20:08:10.609308
case_353,a,2025-02-24 20:13:10.609308
case_353,a,2025-02-24 20:18:10.609308
case_353,c,2025-02-24 20:23:10.609308
case_353,c,2025-02-24 20:28:10.609308
case_353,c,2025-02-24 20:33:10.609308
case_353,c,2025-02-24 20:38:10.609308
case_353,b,2025-02-24 20:43:10.609308
case_353,a,2025-02-24 20:48:10.609308
case_353,b,2025-02-24 20:53:10.609308
case_353,c,2025-02-24 20:58:10.609308
case_353,a,2025-02-24 21:03:10.609308
case_354,b,2025-02-24 19:28:10.609340
case_354,c,2025-02-24 19:33:10.609340
case_354,c,2025-02-24 19:38:10.609340
case_354,b,2025-02-24 19:43:10.609340
case_354,c,2025-02-24 19:48:10.609340
case_354,b,2025-02-24 19:53:10.609340
case_354,a,2025-02-24 19:58:10.609340
case_354,b,2025-02-24 20:03:10.609340
case_354,b,2025-02-24 20:08:10.609340
case_354,b,2025-02-24 20:13:10.609340
case_354,c,2025-02-24 20:18:10.609340
case_354,b,2025-02-24 20:23:10.609340
case_354,b,2025-02-24 20:28:10.609340
case_354,a,2025-02-24 20:33:10.609340
case_354,b,2025-02-24 20:38:10.609340
case_354,b,2025-02-24 20:43:10.609340
case_354,c,2025-02-24 20:48:10.609340
case_354,c,2025-02-24 20:53:10.609340
case_354,a,2025-02-24 20:58:10.609340
case_354,a,2025-02-24 21:03:10.609340
case_355,c,2025-02-24 19:28:10.609371
case_355,a,2025-02-24 19:33:10.609371
case_355,c,2025-02-24 19:38:10.609371
case_355,b,2025-02-24 19:43:10.609371
case_355,c,2025-02-24 19:48:10.609371
case_355,a,2025-02-24 19:53:10.609371
case_355,c,2025-02-24 19:58:10.609371
case_355,a,2025-02-24 20:03:10.609371
case_355,a,2025-02-24 20:08:10.609371
case_355,b,2025-02-24 20:13:10.609371
case_355,b,2025-02-24 20:18:10.609371
case_355,c,2025-02-24 20:23:10.609371
case_355,c,2025-02-24 20:28:10.609371
case_355,c,2025-02-24 20:33:10.609371
case_355,c,2025-02-24 20:38:10.609371
case_355,b,2025-02-24 20:43:10.609371
case_355,c,2025-02-24 20:48:10.609371
case_355,b,2025-02-24 20:53:10.609371
case_355,b,2025-02-24 20:58:10.609371
case_355,a,2025-02-24 21:03:10.609371
case_356,c,2025-02-24 19:28:10.609401
case_356,b,2025-02-24 19:33:10.609401
case_356,a,2025-02-24 19:38:10.609401
case_356,c,2025-02-24 19:43:10.609401
case_356,a,2025-02-24 19:48:10.609401
case_356,c,2025-02-24 19:53:10.609401
case_356,a,2025-02-24 19:58:10.609401
case_356,b,2025-02-24 20:03:10.609401
case_356,b,2025-02-24 20:08:10.609401
case_356,b,2025-02-24 20:13:10.609401
case_356,a,2025-02-24 20:18:10.609401
case_356,a,2025-02-24 20:23:10.609401
case_356,c,2025-02-24 20:28:10.609401
case_356,b,2025-02-24 20:33:10.609401
case_356,b,2025-02-24 20:38:10.609401
case_356,c,2025-02-24 20:43:10.609401
case_356,c,2025-02-24 20:48:10.609401
case_356,a,2025-02-24 20:53:10.609401
case_356,c,2025-02-24 20:58:10.609401
case_356,a,2025-02-24 21:03:10.609401
case_357,c,2025-02-24 19:28:10.609432
case_357,c,2025-02-24 19:33:10.609432
case_357,a,2025-02-24 19:38:10.609432
case_357,b,2025-02-24 19:43:10.609432
case_357,c,2025-02-24 19:48:10.609432
case_357,a,2025-02-24 19:53:10.609432
case_357,b,2025-02-24 19:58:10.609432
case_357,b,2025-02-24 20:03:10.609432
case_357,b,2025-02-24 20:08:10.609432
case_357,c,2025-02-24 20:13:10.609432
case_357,b,2025-02-24 20:18:10.609432
case_357,a,2025-02-24 20:23:10.609432
case_357,a,2025-02-24 20:28:10.609432
case_357,c,2025-02-24 20:33:10.609432
case_357,c,2025-02-24 20:38:10.609432
case_357,b,2025-02-24 20:43:10.609432
case_357,a,2025-02-24 20:48:10.609432
case_357,b,2025-02-24 20:53:10.609432
case_357,b,2025-02-24 20:58:10.609432
case_357,b,2025-02-24 21:03:10.609432
case_358,a,2025-02-24 19:28:10.609462
case_358,b,2025-02-24 19:33:10.609462
case_358,a,2025-02-24 19:38:10.609462
case_358,a,2025-02-24 19:43:10.609462
case_358,a,2025-02-24 19:48:10.609462
case_358,b,2025-02-24 19:53:10.609462
case_358,c,2025-02-24 19:58:10.609462
case_358,a,2025-02-24 20:03:10.609462
case_358,b,2025-02-24 20:08:10.609462
case_358,a,2025-02-24 20:13:10.609462
case_358,b,2025-02-24 20:18:10.609462
case_358,c,2025-02-24 20:23:10.609462
case_358,b,2025-02-24 20:28:10.609462
case_358,a,2025-02-24 20:33:10.609462
case_358,a,2025-02-24 20:38:10.609462
case_358,c,2025-02-24 20:43:10.609462
case_358,c,2025-02-24 20:48:10.609462
case_358,a,2025-02-24 20:53:10.609462
case_358,b,2025-02-24 20:58:10.609462
case_358,b,2025-02-24 21:03:10.609462
case_359,b,2025-02-24 19:28:10.609493
case_359,a,2025-02-24 19:33:10.609493
case_359,c,2025-02-24 19:38:10.609493
case_359,a,2025-02-24 19:43:10.609493
case_359,b,2025-02-24 19:48:10.609493
case_359,b,2025-02-24 19:53:10.609493
case_359,c,2025-02-24 19:58:10.609493
case_359,a,2025-02-24 20:03:10.609493
case_359,c,2025-02-24 20:08:10.609493
case_359,c,2025-02-24 20:13:10.609493
case_359,b,2025-02-24 20:18:10.609493
case_359,b,2025-02-24 20:23:10.609493
case_359,a,2025-02-24 20:28:10.609493
case_359,a,2025-02-24 20:33:10.609493
case_359,a,2025-02-24 20:38:10.609493
case_359,c,2025-02-24 20:43:10.609493
case_359,b,2025-02-24 20:48:10.609493
case_359,b,2025-02-24 20:53:10.609493
case_359,a,2025-02-24 20:58:10.609493
case_359,b,2025-02-24 21:03:10.609493
case_360,a,2025-02-24 19:28:10.609523
case_360,c,2025-02-24 19:33:10.609523
case_360,b,2025-02-24 19:38:10.609523
case_360,c,2025-02-24 19:43:10.609523
case_360,b,2025-02-24 19:48:10.609523
case_360,a,2025-02-24 19:53:10.609523
case_360,c,2025-02-24 19:58:10.609523
case_360,c,2025-02-24 20:03:10.609523
case_360,c,2025-02-24 20:08:10.609523
case_360,b,2025-02-24 20:13:10.609523
case_360,a,2025-02-24 20:18:10.609523
case_360,a,2025-02-24 20:23:10.609523
case_360,c,2025-02-24 20:28:10.609523
case_360,c,2025-02-24 20:33:10.609523
case_360,b,2025-02-24 20:38:10.609523
case_360,c,2025-02-24 20:43:10.609523
case_360,b,2025-02-24 20:48:10.609523
case_360,a,2025-02-24 20:53:10.609523
case_360,a,2025-02-24 20:58:10.609523
case_360,b,2025-02-24 21:03:10.609523
case_361,b,2025-02-24 19:28:10.609554
case_361,a,2025-02-24 19:33:10.609554
case_361,a,2025-02-24 19:38:10.609554
case_361,a,2025-02-24 19:43:10.609554
case_361,c,2025-02-24 19:48:10.609554
case_361,c,2025-02-24 19:53:10.609554
case_361,a,2025-02-24 19:58:10.609554
case_361,a,2025-02-24 20:03:10.609554
case_361,b,2025-02-24 20:08:10.609554
case_361,a,2025-02-24 20:13:10.609554
case_361,a,2025-02-24 20:18:10.609554
case_361,b,2025-02-24 20:23:10.609554
case_361,a,2025-02-24 20:28:10.609554
case_361,a,2025-02-24 20:33:10.609554
case_361,b,2025-02-24 20:38:10.609554
case_361,c,2025-02-24 20:43:10.609554
case_361,a,2025-02-24 20:48:10.609554
case_361,a,2025-02-24 20:53:10.609554
case_361,b,2025-02-24 20:58:10.609554
case_361,a,2025-02-24 21:03:10.609554
case_362,a,2025-02-24 19:28:10.609585
case_362,c,2025-02-24 19:33:10.609585
case_362,c,2025-02-24 19:38:10.609585
case_362,a,2025-02-24 19:43:10.609585
case_362,a,2025-02-24 19:48:10.609585
case_362,a,2025-02-24 19:53:10.609585
case_362,c,2025-02-24 19:58:10.609585
case_362,b,2025-02-24 20:03:10.609585
case_362,a,2025-02-24 20:08:10.609585
case_362,b,2025-02-24 20:13:10.609585
case_362,b,2025-02-24 20:18:10.609585
case_362,b,2025-02-24 20:23:10.609585
case_362,c,2025-02-24 20:28:10.609585
case_362,c,2025-02-24 20:33:10.609585
case_362,a,2025-02-24 20:38:10.609585
case_362,c,2025-02-24 20:43:10.609585
case_362,c,2025-02-24 20:48:10.609585
case_362,c,2025-02-24 20:53:10.609585
case_362,a,2025-02-24 20:58:10.609585
case_362,b,2025-02-24 21:03:10.609585
case_363,b,2025-02-24 19:28:10.609615
case_363,c,2025-02-24 19:33:10.609615
case_363,c,2025-02-24 19:38:10.609615
case_363,c,2025-02-24 19:43:10.609615
case_363,a,2025-02-24 19:48:10.609615
case_363,c,2025-02-24 19:53:10.609615
case_363,c,2025-02-24 19:58:10.609615
case_363,b,2025-02-24 20:03:10.609615
case_363,b,2025-02-24 20:08:10.609615
case_363,c,2025-02-24 20:13:10.609615
case_363,c,2025-02-24 20:18:10.609615
case_363,b,2025-02-24 20:23:10.609615
case_363,b,2025-02-24 20:28:10.609615
case_363,a,2025-02-24 20:33:10.609615
case_363,b,2025-02-24 20:38:10.609615
case_363,a,2025-02-24 20:43:10.609615
case_363,a,2025-02-24 20:48:10.609615
case_363,c,2025-02-24 20:53:10.609615
case_363,c,2025-02-24 20:58:10.609615
case_363,a,2025-02-24 21:03:10.609615
case_364,b,2025-02-24 19:28:10.609646
case_364,c,2025-02-24 19:33:10.609646
case_364,b,2025-02-24 19:38:10.609646
case_364,a,2025-02-24 19:43:10.609646
case_364,b,2025-02-24 19:48:10.609646
case_364,b,2025-02-24 19:53:10.609646
case_364,a,2025-02-24 19:58:10.609646
case_364,c,2025-02-24 20:03:10.609646
case_364,b,2025-02-24 20:08:10.609646
case_364,c,2025-02-24 20:13:10.609646
case_364,c,2025-02-24 20:18:10.609646
case_364,a,2025-02-24 20:23:10.609646
case_364,c,2025-02-24 20:28:10.609646
case_364,b,2025-02-24 20:33:10.609646
case_364,a,2025-02-24 20:38:10.609646
case_364,c,2025-02-24 20:43:10.609646
case_364,b,2025-02-24 20:48:10.609646
case_364,b,2025-02-24 20:53:10.609646
case_364,c,2025-02-24 20:58:10.609646
case_364,a,2025-02-24 21:03:10.609646
case_365,c,2025-02-24 19:28:10.609677
case_365,a,2025-02-24 19:33:10.609677
case_365,c,2025-02-24 19:38:10.609677
case_365,c,2025-02-24 19:43:10.609677
case_365,c,2025-02-24 19:48:10.609677
case_365,a,2025-02-24 19:53:10.609677
case_365,c,2025-02-24 19:58:10.609677
case_365,c,2025-02-24 20:03:10.609677
case_365,c,2025-02-24 20:08:10.609677
case_365,c,2025-02-24 20:13:10.609677
case_365,c,2025-02-24 20:18:10.609677
case_365,b,2025-02-24 20:23:10.609677
case_365,a,2025-02-24 20:28:10.609677
case_365,c,2025-02-24 20:33:10.609677
case_365,c,2025-02-24 20:38:10.609677
case_365,a,2025-02-24 20:43:10.609677
case_365,a,2025-02-24 20:48:10.609677
case_365,b,2025-02-24 20:53:10.609677
case_365,b,2025-02-24 20:58:10.609677
case_365,a,2025-02-24 21:03:10.609677
case_366,c,2025-02-24 19:28:10.609707
case_366,c,2025-02-24 19:33:10.609707
case_366,c,2025-02-24 19:38:10.609707
case_366,a,2025-02-24 19:43:10.609707
case_366,b,2025-02-24 19:48:10.609707
case_366,a,2025-02-24 19:53:10.609707
case_366,c,2025-02-24 19:58:10.609707
case_366,b,2025-02-24 20:03:10.609707
case_366,c,2025-02-24 20:08:10.609707
case_366,a,2025-02-24 20:13:10.609707
case_366,b,2025-02-24 20:18:10.609707
case_366,a,2025-02-24 20:23:10.609707
case_366,b,2025-02-24 20:28:10.609707
case_366,b,2025-02-24 20:33:10.609707
case_366,c,2025-02-24 20:38:10.609707
case_366,c,2025-02-24 20:43:10.609707
case_366,c,2025-02-24 20:48:10.609707
case_366,c,2025-02-24 20:53:10.609707
case_366,c,2025-02-24 20:58:10.609707
case_366,a,2025-02-24 21:03:10.609707
case_367,a,2025-02-24 19:28:10.609738
case_367,a,2025-02-24 19:33:10.609738
case_367,a,2025-02-24 19:38:10.609738
case_367,c,2025-02-24 19:43:10.609738
case_367,a,2025-02-24 19:48:10.609738
case_367,b,2025-02-24 19:53:10.609738
case_367,b,2025-02-24 19:58:10.609738
case_367,c,2025-02-24 20:03:10.609738
case_367,b,2025-02-24 20:08:10.609738
case_367,a,2025-02-24 20:13:10.609738
case_367,a,2025-02-24 20:18:10.609738
case_367,a,2025-02-24 20:23:10.609738
case_367,b,2025-02-24 20:28:10.609738
case_367,b,2025-02-24 20:33:10.609738
case_367,b,2025-02-24 20:38:10.609738
case_367,c,2025-02-24 20:43:10.609738
case_367,a,2025-02-24 20:48:10.609738
case_367,c,2025-02-24 20:53:10.609738
case_367,c,2025-02-24 20:58:10.609738
case_367,a,2025-02-24 21:03:10.609738
case_368,c,2025-02-24 19:28:10.609769
case_368,b,2025-02-24 19:33:10.609769
case_368,a,2025-02-24 19:38:10.609769
case_368,a,2025-02-24 19:43:10.609769
case_368,b,2025-02-24 19:48:10.609769
case_368,c,2025-02-24 19:53:10.609769
case_368,a,2025-02-24 19:58:10.609769
case_368,a,2025-02-24 20:03:10.609769
case_368,c,2025-02-24 20:08:10.609769
case_368,b,2025-02-24 20:13:10.609769
case_368,a,2025-02-24 20:18:10.609769
case_368,a,2025-02-24 20:23:10.609769
case_368,c,2025-02-24 20:28:10.609769
case_368,c,2025-02-24 20:33:10.609769
case_368,b,2025-02-24 20:38:10.609769
case_368,c,2025-02-24 20:43:10.609769
case_368,a,2025-02-24 20:48:10.609769
case_368,c,2025-02-24 20:53:10.609769
case_368,b,2025-02-24 20:58:10.609769
case_368,a,2025-02-24 21:03:10.609769
case_369,a,2025-02-24 19:28:10.609800
case_369,a,2025-02-24 19:33:10.609800
case_369,a,2025-02-24 19:38:10.609800
case_369,b,2025-02-24 19:43:10.609800
case_369,b,2025-02-24 19:48:10.609800
case_369,c,2025-02-24 19:53:10.609800
case_369,b,2025-02-24 19:58:10.609800
case_369,a,2025-02-24 20:03:10.609800
case_369,c,2025-02-24 20:08:10.609800
case_369,a,2025-02-24 20:13:10.609800
case_369,a,2025-02-24 20:18:10.609800
case_369,a,2025-02-24 20:23:10.609800
case_369,c,2025-02-24 20:28:10.609800
case_369,a,2025-02-24 20:33:10.609800
case_369,c,2025-02-24 20:38:10.609800
case_369,b,2025-02-24 20:43:10.609800
case_369,c,2025-02-24 20:48:10.609800
case_369,c,2025-02-24 20:53:10.609800
case_369,b,2025-02-24 20:58:10.609800
case_369,a,2025-02-24 21:03:10.609800
case_370,a,2025-02-24 19:28:10.609831
case_370,a,2025-02-24 19:33:10.609831
case_370,b,2025-02-24 19:38:10.609831
case_370,c,2025-02-24 19:43:10.609831
case_370,c,2025-02-24 19:48:10.609831
case_370,b,2025-02-24 19:53:10.609831
case_370,b,2025-02-24 19:58:10.609831
case_370,b,2025-02-24 20:03:10.609831
case_370,b,2025-02-24 20:08:10.609831
case_370,b,2025-02-24 20:13:10.609831
case_370,b,2025-02-24 20:18:10.609831
case_370,b,2025-02-24 20:23:10.609831
case_370,b,2025-02-24 20:28:10.609831
case_370,b,2025-02-24 20:33:10.609831
case_370,b,2025-02-24 20:38:10.609831
case_370,b,2025-02-24 20:43:10.609831
case_370,b,2025-02-24 20:48:10.609831
case_370,b,2025-02-24 20:53:10.609831
case_370,b,2025-02-24 20:58:10.609831
case_370,a,2025-02-24 21:03:10.609831
case_371,c,2025-02-24 19:28:10.609862
case_371,a,2025-02-24 19:33:10.609862
case_371,c,2025-02-24 19:38:10.609862
case_371,c,2025-02-24 19:43:10.609862
case_371,c,2025-02-24 19:48:10.609862
case_371,c,2025-02-24 19:53:10.609862
case_371,b,2025-02-24 19:58:10.609862
case_371,b,2025-02-24 20:03:10.609862
case_371,a,2025-02-24 20:08:10.609862
case_371,c,2025-02-24 20:13:10.609862
case_371,c,2025-02-24 20:18:10.609862
case_371,b,2025-02-24 20:23:10.609862
case_371,a,2025-02-24 20:28:10.609862
case_371,b,2025-02-24 20:33:10.609862
case_371,b,2025-02-24 20:38:10.609862
case_371,b,2025-02-24 20:43:10.609862
case_371,b,2025-02-24 20:48:10.609862
case_371,a,2025-02-24 20:53:10.609862
case_371,b,2025-02-24 20:58:10.609862
case_371,a,2025-02-24 21:03:10.609862
case_372,b,2025-02-24 19:28:10.609893
case_372,b,2025-02-24 19:33:10.609893
case_372,c,2025-02-24 19:38:10.609893
case_372,b,2025-02-24 19:43:10.609893
case_372,a,2025-02-24 19:48:10.609893
case_372,b,2025-02-24 19:53:10.609893
case_372,b,2025-02-24 19:58:10.609893
case_372,c,2025-02-24 20:03:10.609893
case_372,a,2025-02-24 20:08:10.609893
case_372,c,2025-02-24 20:13:10.609893
case_372,b,2025-02-24 20:18:10.609893
case_372,a,2025-02-24 20:23:10.609893
case_372,c,2025-02-24 20:28:10.609893
case_372,b,2025-02-24 20:33:10.609893
case_372,c,2025-02-24 20:38:10.609893
case_372,c,2025-02-24 20:43:10.609893
case_372,c,2025-02-24 20:48:10.609893
case_372,b,2025-02-24 20:53:10.609893
case_372,b,2025-02-24 20:58:10.609893
case_372,a,2025-02-24 21:03:10.609893
case_373,a,2025-02-24 19:28:10.609924
case_373,a,2025-02-24 19:33:10.609924
case_373,a,2025-02-24 19:38:10.609924
case_373,a,2025-02-24 19:43:10.609924
case_373,a,2025-02-24 19:48:10.609924
case_373,a,2025-02-24 19:53:10.609924
case_373,c,2025-02-24 19:58:10.609924
case_373,c,2025-02-24 20:03:10.609924
case_373,b,2025-02-24 20:08:10.609924
case_373,c,2025-02-24 20:13:10.609924
case_373,c,2025-02-24 20:18:10.609924
case_373,b,2025-02-24 20:23:10.609924
case_373,a,2025-02-24 20:28:10.609924
case_373,b,2025-02-24 20:33:10.609924
case_373,b,2025-02-24 20:38:10.609924
case_373,b,2025-02-24 20:43:10.609924
case_373,c,2025-02-24 20:48:10.609924
case_373,a,2025-02-24 20:53:10.609924
case_373,c,2025-02-24 20:58:10.609924
case_373,a,2025-02-24 21:03:10.609924
case_374,c,2025-02-24 19:28:10.609957
case_374,c,2025-02-24 19:33:10.609957
case_374,a,2025-02-24 19:38:10.609957
case_374,a,2025-02-24 19:43:10.609957
case_374,b,2025-02-24 19:48:10.609957
case_374,b,2025-02-24 19:53:10.609957
case_374,b,2025-02-24 19:58:10.609957
case_374,a,2025-02-24 20:03:10.609957
case_374,a,2025-02-24 20:08:10.609957
case_374,c,2025-02-24 20:13:10.609957
case_374,a,2025-02-24 20:18:10.609957
case_374,a,2025-02-24 20:23:10.609957
case_374,a,2025-02-24 20:28:10.609957
case_374,a,2025-02-24 20:33:10.609957
case_374,a,2025-02-24 20:38:10.609957
case_374,b,2025-02-24 20:43:10.609957
case_374,c,2025-02-24 20:48:10.609957
case_374,c,2025-02-24 20:53:10.609957
case_374,c,2025-02-24 20:58:10.609957
case_374,a,2025-02-24 21:03:10.609957
case_375,a,2025-02-24 19:28:10.609988
case_375,c,2025-02-24 19:33:10.609988
case_375,b,2025-02-24 19:38:10.609988
case_375,a,2025-02-24 19:43:10.609988
case_375,b,2025-02-24 19:48:10.609988
case_375,a,2025-02-24 19:53:10.609988
case_375,b,2025-02-24 19:58:10.609988
case_375,b,2025-02-24 20:03:10.609988
case_375,c,2025-02-24 20:08:10.609988
case_375,b,2025-02-24 20:13:10.609988
case_375,c,2025-02-24 20:18:10.609988
case_375,a,2025-02-24 20:23:10.609988
case_375,c,2025-02-24 20:28:10.609988
case_375,b,2025-02-24 20:33:10.609988
case_375,a,2025-02-24 20:38:10.609988
case_375,a,2025-02-24 20:43:10.609988
case_375,a,2025-02-24 20:48:10.609988
case_375,c,2025-02-24 20:53:10.609988
case_375,c,2025-02-24 20:58:10.609988
case_375,a,2025-02-24 21:03:10.609988
case_376,b,2025-02-24 19:28:10.610018
case_376,b,2025-02-24 19:33:10.610018
case_376,c,2025-02-24 19:38:10.610018
case_376,a,2025-02-24 19:43:10.610018
case_376,b,2025-02-24 19:48:10.610018
case_376,b,2025-02-24 19:53:10.610018
case_376,b,2025-02-24 19:58:10.610018
case_376,b,2025-02-24 20:03:10.610018
case_376,b,2025-02-24 20:08:10.610018
case_376,b,2025-02-24 20:13:10.610018
case_376,a,2025-02-24 20:18:10.610018
case_376,a,2025-02-24 20:23:10.610018
case_376,b,2025-02-24 20:28:10.610018
case_376,b,2025-02-24 20:33:10.610018
case_376,a,2025-02-24 20:38:10.610018
case_376,c,2025-02-24 20:43:10.610018
case_376,a,2025-02-24 20:48:10.610018
case_376,c,2025-02-24 20:53:10.610018
case_376,c,2025-02-24 20:58:10.610018
case_376,a,2025-02-24 21:03:10.610018
case_377,c,2025-02-24 19:28:10.610049
case_377,a,2025-02-24 19:33:10.610049
case_377,c,2025-02-24 19:38:10.610049
case_377,b,2025-02-24 19:43:10.610049
case_377,c,2025-02-24 19:48:10.610049
case_377,c,2025-02-24 19:53:10.610049
case_377,c,2025-02-24 19:58:10.610049
case_377,a,2025-02-24 20:03:10.610049
case_377,b,2025-02-24 20:08:10.610049
case_377,c,2025-02-24 20:13:10.610049
case_377,b,2025-02-24 20:18:10.610049
case_377,b,2025-02-24 20:23:10.610049
case_377,a,2025-02-24 20:28:10.610049
case_377,a,2025-02-24 20:33:10.610049
case_377,c,2025-02-24 20:38:10.610049
case_377,a,2025-02-24 20:43:10.610049
case_377,b,2025-02-24 20:48:10.610049
case_377,c,2025-02-24 20:53:10.610049
case_377,a,2025-02-24 20:58:10.610049
case_377,a,2025-02-24 21:03:10.610049
case_378,c,2025-02-24 19:28:10.610080
case_378,c,2025-02-24 19:33:10.610080
case_378,b,2025-02-24 19:38:10.610080
case_378,a,2025-02-24 19:43:10.610080
case_378,c,2025-02-24 19:48:10.610080
case_378,a,2025-02-24 19:53:10.610080
case_378,a,2025-02-24 19:58:10.610080
case_378,a,2025-02-24 20:03:10.610080
case_378,a,2025-02-24 20:08:10.610080
case_378,a,2025-02-24 20:13:10.610080
case_378,c,2025-02-24 20:18:10.610080
case_378,c,2025-02-24 20:23:10.610080
case_378,c,2025-02-24 20:28:10.610080
case_378,a,2025-02-24 20:33:10.610080
case_378,c,2025-02-24 20:38:10.610080
case_378,a,2025-02-24 20:43:10.610080
case_378,b,2025-02-24 20:48:10.610080
case_378,a,2025-02-24 20:53:10.610080
case_378,b,2025-02-24 20:58:10.610080
case_378,a,2025-02-24 21:03:10.610080
case_379,b,2025-02-24 19:28:10.610111
case_379,a,2025-02-24 19:33:10.610111
case_379,c,2025-02-24 19:38:10.610111
case_379,b,2025-02-24 19:43:10.610111
case_379,a,2025-02-24 19:48:10.610111
case_379,b,2025-02-24 19:53:10.610111
case_379,c,2025-02-24 19:58:10.610111
case_379,b,2025-02-24 20:03:10.610111
case_379,b,2025-02-24 20:08:10.610111
case_379,c,2025-02-24 20:13:10.610111
case_379,a,2025-02-24 20:18:10.610111
case_379,a,2025-02-24 20:23:10.610111
case_379,b,2025-02-24 20:28:10.610111
case_379,a,2025-02-24 20:33:10.610111
case_379,b,2025-02-24 20:38:10.610111
case_379,c,2025-02-24 20:43:10.610111
case_379,c,2025-02-24 20:48:10.610111
case_379,b,2025-02-24 20:53:10.610111
case_379,b,2025-02-24 20:58:10.610111
case_379,a,2025-02-24 21:03:10.610111
case_380,a,2025-02-24 19:28:10.610141
case_380,c,2025-02-24 19:33:10.610141
case_380,b,2025-02-24 19:38:10.610141
case_380,b,2025-02-24 19:43:10.610141
case_380,c,2025-02-24 19:48:10.610141
case_380,a,2025-02-24 19:53:10.610141
case_380,c,2025-02-24 19:58:10.610141
case_380,c,2025-02-24 20:03:10.610141
case_380,b,2025-02-24 20:08:10.610141
case_380,a,2025-02-24 20:13:10.610141
case_380,c,2025-02-24 20:18:10.610141
case_380,a,2025-02-24 20:23:10.610141
case_380,a,2025-02-24 20:28:10.610141
case_380,c,2025-02-24 20:33:10.610141
case_380,c,2025-02-24 20:38:10.610141
case_380,a,2025-02-24 20:43:10.610141
case_380,b,2025-02-24 20:48:10.610141
case_380,b,2025-02-24 20:53:10.610141
case_380,c,2025-02-24 20:58:10.610141
case_380,a,2025-02-24 21:03:10.610141
case_381,a,2025-02-24 19:28:10.610172
case_381,b,2025-02-24 19:33:10.610172
case_381,a,2025-02-24 19:38:10.610172
case_381,c,2025-02-24 19:43:10.610172
case_381,c,2025-02-24 19:48:10.610172
case_381,a,2025-02-24 19:53:10.610172
case_381,b,2025-02-24 19:58:10.610172
case_381,b,2025-02-24 20:03:10.610172
case_381,a,2025-02-24 20:08:10.610172
case_381,c,2025-02-24 20:13:10.610172
case_381,c,2025-02-24 20:18:10.610172
case_381,c,2025-02-24 20:23:10.610172
case_381,c,2025-02-24 20:28:10.610172
case_381,c,2025-02-24 20:33:10.610172
case_381,c,2025-02-24 20:38:10.610172
case_381,a,2025-02-24 20:43:10.610172
case_381,c,2025-02-24 20:48:10.610172
case_381,b,2025-02-24 20:53:10.610172
case_381,b,2025-02-24 20:58:10.610172
case_381,a,2025-02-24 21:03:10.610172
case_382,b,2025-02-24 19:28:10.610203
case_382,a,2025-02-24 19:33:10.610203
case_382,a,2025-02-24 19:38:10.610203
case_382,b,2025-02-24 19:43:10.610203
case_382,a,2025-02-24 19:48:10.610203
case_382,b,2025-02-24 19:53:10.610203
case_382,b,2025-02-24 19:58:10.610203
case_382,c,2025-02-24 20:03:10.610203
case_382,b,2025-02-24 20:08:10.610203
case_382,a,2025-02-24 20:13:10.610203
case_382,b,2025-02-24 20:18:10.610203
case_382,c,2025-02-24 20:23:10.610203
case_382,c,2025-02-24 20:28:10.610203
case_382,b,2025-02-24 20:33:10.610203
case_382,c,2025-02-24 20:38:10.610203
case_382,b,2025-02-24 20:43:10.610203
case_382,b,2025-02-24 20:48:10.610203
case_382,b,2025-02-24 20:53:10.610203
case_382,c,2025-02-24 20:58:10.610203
case_382,a,2025-02-24 21:03:10.610203
case_383,a,2025-02-24 19:28:10.610233
case_383,b,2025-02-24 19:33:10.610233
case_383,c,2025-02-24 19:38:10.610233
case_383,c,2025-02-24 19:43:10.610233
case_383,b,2025-02-24 19:48:10.610233
case_383,a,2025-02-24 19:53:10.610233
case_383,c,2025-02-24 19:58:10.610233
case_383,c,2025-02-24 20:03:10.610233
case_383,b,2025-02-24 20:08:10.610233
case_383,a,2025-02-24 20:13:10.610233
case_383,b,2025-02-24 20:18:10.610233
case_383,b,2025-02-24 20:23:10.610233
case_383,c,2025-02-24 20:28:10.610233
case_383,b,2025-02-24 20:33:10.610233
case_383,c,2025-02-24 20:38:10.610233
case_383,b,2025-02-24 20:43:10.610233
case_383,b,2025-02-24 20:48:10.610233
case_383,c,2025-02-24 20:53:10.610233
case_383,a,2025-02-24 20:58:10.610233
case_383,a,2025-02-24 21:03:10.610233
case_384,a,2025-02-24 19:28:10.610264
case_384,a,2025-02-24 19:33:10.610264
case_384,b,2025-02-24 19:38:10.610264
case_384,b,2025-02-24 19:43:10.610264
case_384,b,2025-02-24 19:48:10.610264
case_384,b,2025-02-24 19:53:10.610264
case_384,a,2025-02-24 19:58:10.610264
case_384,b,2025-02-24 20:03:10.610264
case_384,b,2025-02-24 20:08:10.610264
case_384,b,2025-02-24 20:13:10.610264
case_384,c,2025-02-24 20:18:10.610264
case_384,a,2025-02-24 20:23:10.610264
case_384,c,2025-02-24 20:28:10.610264
case_384,c,2025-02-24 20:33:10.610264
case_384,c,2025-02-24 20:38:10.610264
case_384,a,2025-02-24 20:43:10.610264
case_384,b,2025-02-24 20:48:10.610264
case_384,a,2025-02-24 20:53:10.610264
case_384,c,2025-02-24 20:58:10.610264
case_384,a,2025-02-24 21:03:10.610264
case_385,c,2025-02-24 19:28:10.610295
case_385,b,2025-02-24 19:33:10.610295
case_385,c,2025-02-24 19:38:10.610295
case_385,b,2025-02-24 19:43:10.610295
case_385,c,2025-02-24 19:48:10.610295
case_385,a,2025-02-24 19:53:10.610295
case_385,c,2025-02-24 19:58:10.610295
case_385,c,2025-02-24 20:03:10.610295
case_385,b,2025-02-24 20:08:10.610295
case_385,b,2025-02-24 20:13:10.610295
case_385,c,2025-02-24 20:18:10.610295
case_385,b,2025-02-24 20:23:10.610295
case_385,b,2025-02-24 20:28:10.610295
case_385,c,2025-02-24 20:33:10.610295
case_385,c,2025-02-24 20:38:10.610295
case_385,a,2025-02-24 20:43:10.610295
case_385,a,2025-02-24 20:48:10.610295
case_385,b,2025-02-24 20:53:10.610295
case_385,b,2025-02-24 20:58:10.610295
case_385,b,2025-02-24 21:03:10.610295
case_386,a,2025-02-24 19:28:10.610328
case_386,c,2025-02-24 19:33:10.610328
case_386,c,2025-02-24 19:38:10.610328
case_386,b,2025-02-24 19:43:10.610328
case_386,a,2025-02-24 19:48:10.610328
case_386,a,2025-02-24 19:53:10.610328
case_386,a,2025-02-24 19:58:10.610328
case_386,a,2025-02-24 20:03:10.610328
case_386,a,2025-02-24 20:08:10.610328
case_386,a,2025-02-24 20:13:10.610328
case_386,b,2025-02-24 20:18:10.610328
case_386,a,2025-02-24 20:23:10.610328
case_386,c,2025-02-24 20:28:10.610328
case_386,b,2025-02-24 20:33:10.610328
case_386,c,2025-02-24 20:38:10.610328
case_386,a,2025-02-24 20:43:10.610328
case_386,c,2025-02-24 20:48:10.610328
case_386,b,2025-02-24 20:53:10.610328
case_386,b,2025-02-24 20:58:10.610328
case_386,a,2025-02-24 21:03:10.610328
case_387,b,2025-02-24 19:28:10.610358
case_387,a,2025-02-24 19:33:10.610358
case_387,a,2025-02-24 19:38:10.610358
case_387,b,2025-02-24 19:43:10.610358
case_387,b,2025-02-24 19:48:10.610358
case_387,b,2025-02-24 19:53:10.610358
case_387,b,2025-02-24 19:58:10.610358
case_387,b,2025-02-24 20:03:10.610358
case_387,b,2025-02-24 20:08:10.610358
case_387,a,2025-02-24 20:13:10.610358
case_387,c,2025-02-24 20:18:10.610358
case_387,b,2025-02-24 20:23:10.610358
case_387,c,2025-02-24 20:28:10.610358
case_387,b,2025-02-24 20:33:10.610358
case_387,b,2025-02-24 20:38:10.610358
case_387,c,2025-02-24 20:43:10.610358
case_387,c,2025-02-24 20:48:10.610358
case_387,b,2025-02-24 20:53:10.610358
case_387,a,2025-02-24 20:58:10.610358
case_387,a,2025-02-24 21:03:10.610358
case_388,b,2025-02-24 19:28:10.610389
case_388,c,2025-02-24 19:33:10.610389
case_388,a,2025-02-24 19:38:10.610389
case_388,a,2025-02-24 19:43:10.610389
case_388,c,2025-02-24 19:48:10.610389
case_388,c,2025-02-24 19:53:10.610389
case_388,c,2025-02-24 19:58:10.610389
case_388,c,2025-02-24 20:03:10.610389
case_388,a,2025-02-24 20:08:10.610389
case_388,b,2025-02-24 20:13:10.610389
case_388,c,2025-02-24 20:18:10.610389
case_388,c,2025-02-24 20:23:10.610389
case_388,b,2025-02-24 20:28:10.610389
case_388,a,2025-02-24 20:33:10.610389
case_388,b,2025-02-24 20:38:10.610389
case_388,c,2025-02-24 20:43:10.610389
case_388,b,2025-02-24 20:48:10.610389
case_388,a,2025-02-24 20:53:10.610389
case_388,c,2025-02-24 20:58:10.610389
case_388,a,2025-02-24 21:03:10.610389
case_389,c,2025-02-24 19:28:10.610420
case_389,c,2025-02-24 19:33:10.610420
case_389,b,2025-02-24 19:38:10.610420
case_389,a,2025-02-24 19:43:10.610420
case_389,a,2025-02-24 19:48:10.610420
case_389,c,2025-02-24 19:53:10.610420
case_389,a,2025-02-24 19:58:10.610420
case_389,a,2025-02-24 20:03:10.610420
case_389,b,2025-02-24 20:08:10.610420
case_389,c,2025-02-24 20:13:10.610420
case_389,a,2025-02-24 20:18:10.610420
case_389,c,2025-02-24 20:23:10.610420
case_389,c,2025-02-24 20:28:10.610420
case_389,c,2025-02-24 20:33:10.610420
case_389,b,2025-02-24 20:38:10.610420
case_389,a,2025-02-24 20:43:10.610420
case_389,c,2025-02-24 20:48:10.610420
case_389,a,2025-02-24 20:53:10.610420
case_389,c,2025-02-24 20:58:10.610420
case_389,a,2025-02-24 21:03:10.610420
case_390,c,2025-02-24 19:28:10.610450
case_390,b,2025-02-24 19:33:10.610450
case_390,a,2025-02-24 19:38:10.610450
case_390,c,2025-02-24 19:43:10.610450
case_390,b,2025-02-24 19:48:10.610450
case_390,a,2025-02-24 19:53:10.610450
case_390,a,2025-02-24 19:58:10.610450
case_390,c,2025-02-24 20:03:10.610450
case_390,a,2025-02-24 20:08:10.610450
case_390,c,2025-02-24 20:13:10.610450
case_390,c,2025-02-24 20:18:10.610450
case_390,c,2025-02-24 20:23:10.610450
case_390,c,2025-02-24 20:28:10.610450
case_390,c,2025-02-24 20:33:10.610450
case_390,b,2025-02-24 20:38:10.610450
case_390,b,2025-02-24 20:43:10.610450
case_390,c,2025-02-24 20:48:10.610450
case_390,a,2025-02-24 20:53:10.610450
case_390,c,2025-02-24 20:58:10.610450
case_390,a,2025-02-24 21:03:10.610450
case_391,a,2025-02-24 19:28:10.610480
case_391,a,2025-02-24 19:33:10.610480
case_391,b,2025-02-24 19:38:10.610480
case_391,c,2025-02-24 19:43:10.610480
case_391,a,2025-02-24 19:48:10.610480
case_391,a,2025-02-24 19:53:10.610480
case_391,b,2025-02-24 19:58:10.610480
case_391,b,2025-02-24 20:03:10.610480
case_391,c,2025-02-24 20:08:10.610480
case_391,a,2025-02-24 20:13:10.610480
case_391,c,2025-02-24 20:18:10.610480
case_391,b,2025-02-24 20:23:10.610480
case_391,c,2025-02-24 20:28:10.610480
case_391,b,2025-02-24 20:33:10.610480
case_391,c,2025-02-24 20:38:10.610480
case_391,b,2025-02-24 20:43:10.610480
case_391,b,2025-02-24 20:48:10.610480
case_391,c,2025-02-24 20:53:10.610480
case_391,c,2025-02-24 20:58:10.610480
case_391,a,2025-02-24 21:03:10.610480
case_392,c,2025-02-24 19:28:10.610511
case_392,a,2025-02-24 19:33:10.610511
case_392,c,2025-02-24 19:38:10.610511
case_392,a,2025-02-24 19:43:10.610511
case_392,a,2025-02-24 19:48:10.610511
case_392,a,2025-02-24 19:53:10.610511
case_392,a,2025-02-24 19:58:10.610511
case_392,a,2025-02-24 20:03:10.610511
case_392,b,2025-02-24 20:08:10.610511
case_392,b,2025-02-24 20:13:10.610511
case_392,c,2025-02-24 20:18:10.610511
case_392,a,2025-02-24 20:23:10.610511
case_392,a,2025-02-24 20:28:10.610511
case_392,a,2025-02-24 20:33:10.610511
case_392,c,2025-02-24 20:38:10.610511
case_392,c,2025-02-24 20:43:10.610511
case_392,a,2025-02-24 20:48:10.610511
case_392,a,2025-02-24 20:53:10.610511
case_392,b,2025-02-24 20:58:10.610511
case_392,a,2025-02-24 21:03:10.610511
case_393,b,2025-02-24 19:28:10.610541
case_393,b,2025-02-24 19:33:10.610541
case_393,b,2025-02-24 19:38:10.610541
case_393,b,2025-02-24 19:43:10.610541
case_393,b,2025-02-24 19:48:10.610541
case_393,b,2025-02-24 19:53:10.610541
case_393,a,2025-02-24 19:58:10.610541
case_393,a,2025-02-24 20:03:10.610541
case_393,c,2025-02-24 20:08:10.610541
case_393,b,2025-02-24 20:13:10.610541
case_393,c,2025-02-24 20:18:10.610541
case_393,b,2025-02-24 20:23:10.610541
case_393,a,2025-02-24 20:28:10.610541
case_393,b,2025-02-24 20:33:10.610541
case_393,a,2025-02-24 20:38:10.610541
case_393,a,2025-02-24 20:43:10.610541
case_393,a,2025-02-24 20:48:10.610541
case_393,c,2025-02-24 20:53:10.610541
case_393,c,2025-02-24 20:58:10.610541
case_393,a,2025-02-24 21:03:10.610541
case_394,c,2025-02-24 19:28:10.610572
case_394,a,2025-02-24 19:33:10.610572
case_394,a,2025-02-24 19:38:10.610572
case_394,a,2025-02-24 19:43:10.610572
case_394,c,2025-02-24 19:48:10.610572
case_394,b,2025-02-24 19:53:10.610572
case_394,c,2025-02-24 19:58:10.610572
case_394,c,2025-02-24 20:03:10.610572
case_394,c,2025-02-24 20:08:10.610572
case_394,a,2025-02-24 20:13:10.610572
case_394,c,2025-02-24 20:18:10.610572
case_394,c,2025-02-24 20:23:10.610572
case_394,c,2025-02-24 20:28:10.610572
case_394,a,2025-02-24 20:33:10.610572
case_394,a,2025-02-24 20:38:10.610572
case_394,b,2025-02-24 20:43:10.610572
case_394,b,2025-02-24 20:48:10.610572
case_394,c,2025-02-24 20:53:10.610572
case_394,c,2025-02-24 20:58:10.610572
case_394,a,2025-02-24 21:03:10.610572
case_395,a,2025-02-24 19:28:10.610603
case_395,c,2025-02-24 19:33:10.610603
case_395,a,2025-02-24 19:38:10.610603
case_395,a,2025-02-24 19:43:10.610603
case_395,b,2025-02-24 19:48:10.610603
case_395,a,2025-02-24 19:53:10.610603
case_395,b,2025-02-24 19:58:10.610603
case_395,b,2025-02-24 20:03:10.610603
case_395,b,2025-02-24 20:08:10.610603
case_395,c,2025-02-24 20:13:10.610603
case_395,a,2025-02-24 20:18:10.610603
case_395,b,2025-02-24 20:23:10.610603
case_395,b,2025-02-24 20:28:10.610603
case_395,a,2025-02-24 20:33:10.610603
case_395,c,2025-02-24 20:38:10.610603
case_395,b,2025-02-24 20:43:10.610603
case_395,c,2025-02-24 20:48:10.610603
case_395,c,2025-02-24 20:53:10.610603
case_395,c,2025-02-24 20:58:10.610603
case_395,a,2025-02-24 21:03:10.610603
case_396,a,2025-02-24 19:28:10.610633
case_396,b,2025-02-24 19:33:10.610633
case_396,c,2025-02-24 19:38:10.610633
case_396,a,2025-02-24 19:43:10.610633
case_396,b,2025-02-24 19:48:10.610633
case_396,a,2025-02-24 19:53:10.610633
case_396,a,2025-02-24 19:58:10.610633
case_396,a,2025-02-24 20:03:10.610633
case_396,a,2025-02-24 20:08:10.610633
case_396,a,2025-02-24 20:13:10.610633
case_396,b,2025-02-24 20:18:10.610633
case_396,b,2025-02-24 20:23:10.610633
case_396,a,2025-02-24 20:28:10.610633
case_396,c,2025-02-24 20:33:10.610633
case_396,b,2025-02-24 20:38:10.610633
case_396,a,2025-02-24 20:43:10.610633
case_396,a,2025-02-24 20:48:10.610633
case_396,c,2025-02-24 20:53:10.610633
case_396,c,2025-02-24 20:58:10.610633
case_396,a,2025-02-24 21:03:10.610633
case_397,a,2025-02-24 19:28:10.610664
case_397,c,2025-02-24 19:33:10.610664
case_397,b,2025-02-24 19:38:10.610664
case_397,a,2025-02-24 19:43:10.610664
case_397,b,2025-02-24 19:48:10.610664
case_397,c,2025-02-24 19:53:10.610664
case_397,c,2025-02-24 19:58:10.610664
case_397,a,2025-02-24 20:03:10.610664
case_397,a,2025-02-24 20:08:10.610664
case_397,c,2025-02-24 20:13:10.610664
case_397,c,2025-02-24 20:18:10.610664
case_397,b,2025-02-24 20:23:10.610664
case_397,b,2025-02-24 20:28:10.610664
case_397,a,2025-02-24 20:33:10.610664
case_397,b,2025-02-24 20:38:10.610664
case_397,b,2025-02-24 20:43:10.610664
case_397,c,2025-02-24 20:48:10.610664
case_397,b,2025-02-24 20:53:10.610664
case_397,c,2025-02-24 20:58:10.610664
case_397,a,2025-02-24 21:03:10.610664
case_398,c,2025-02-24 19:28:10.610694
case_398,b,2025-02-24 19:33:10.610694
case_398,a,2025-02-24 19:38:10.610694
case_398,c,2025-02-24 19:43:10.610694
case_398,b,2025-02-24 19:48:10.610694
case_398,b,2025-02-24 19:53:10.610694
case_398,a,2025-02-24 19:58:10.610694
case_398,b,2025-02-24 20:03:10.610694
case_398,c,2025-02-24 20:08:10.610694
case_398,c,2025-02-24 20:13:10.610694
case_398,b,2025-02-24 20:18:10.610694
case_398,c,2025-02-24 20:23:10.610694
case_398,b,2025-02-24 20:28:10.610694
case_398,b,2025-02-24 20:33:10.610694
case_398,a,2025-02-24 20:38:10.610694
case_398,a,2025-02-24 20:43:10.610694
case_398,c,2025-02-24 20:48:10.610694
case_398,a,2025-02-24 20:53:10.610694
case_398,c,2025-02-24 20:58:10.610694
case_398,a,2025-02-24 21:03:10.610694
case_399,b,2025-02-24 19:28:10.610725
case_399,b,2025-02-24 19:33:10.610725
case_399,a,2025-02-24 19:38:10.610725
case_399,c,2025-02-24 19:43:10.610725
case_399,b,2025-02-24 19:48:10.610725
case_399,b,2025-02-24 19:53:10.610725
case_399,c,2025-02-24 19:58:10.610725
case_399,c,2025-02-24 20:03:10.610725
case_399,c,2025-02-24 20:08:10.610725
case_399,c,2025-02-24 20:13:10.610725
case_399,b,2025-02-24 20:18:10.610725
case_399,c,2025-02-24 20:23:10.610725
case_399,c,2025-02-24 20:28:10.610725
case_399,b,2025-02-24 20:33:10.610725
case_399,a,2025-02-24 20:38:10.610725
case_399,a,2025-02-24 20:43:10.610725
case_399,b,2025-02-24 20:48:10.610725
case_399,c,2025-02-24 20:53:10.610725
case_399,a,2025-02-24 20:58:10.610725
case_399,b,2025-02-24 21:03:10.610725
case_400,c,2025-02-24 19:28:10.610756
case_400,a,2025-02-24 19:33:10.610756
case_400,c,2025-02-24 19:38:10.610756
case_400,b,2025-02-24 19:43:10.610756
case_400,a,2025-02-24 19:48:10.610756
case_400,c,2025-02-24 19:53:10.610756
case_400,b,2025-02-24 19:58:10.610756
case_400,b,2025-02-24 20:03:10.610756
case_400,c,2025-02-24 20:08:10.610756
case_400,a,2025-02-24 20:13:10.610756
case_400,c,2025-02-24 20:18:10.610756
case_400,a,2025-02-24 20:23:10.610756
case_400,c,2025-02-24 20:28:10.610756
case_400,a,2025-02-24 20:33:10.610756
case_400,c,2025-02-24 20:38:10.610756
case_400,c,2025-02-24 20:43:10.610756
case_400,b,2025-02-24 20:48:10.610756
case_400,c,2025-02-24 20:53:10.610756
case_400,c,2025-02-24 20:58:10.610756
case_400,a,2025-02-24 21:03:10.610756
case_401,a,2025-02-24 19:28:10.610786
case_401,c,2025-02-24 19:33:10.610786
case_401,c,2025-02-24 19:38:10.610786
case_401,c,2025-02-24 19:43:10.610786
case_401,a,2025-02-24 19:48:10.610786
case_401,c,2025-02-24 19:53:10.610786
case_401,c,2025-02-24 19:58:10.610786
case_401,b,2025-02-24 20:03:10.610786
case_401,b,2025-02-24 20:08:10.610786
case_401,a,2025-02-24 20:13:10.610786
case_401,c,2025-02-24 20:18:10.610786
case_401,c,2025-02-24 20:23:10.610786
case_401,a,2025-02-24 20:28:10.610786
case_401,a,2025-02-24 20:33:10.610786
case_401,b,2025-02-24 20:38:10.610786
case_401,a,2025-02-24 20:43:10.610786
case_401,a,2025-02-24 20:48:10.610786
case_401,a,2025-02-24 20:53:10.610786
case_401,b,2025-02-24 20:58:10.610786
case_401,b,2025-02-24 21:03:10.610786
case_402,c,2025-02-24 19:28:10.610817
case_402,a,2025-02-24 19:33:10.610817
case_402,b,2025-02-24 19:38:10.610817
case_402,a,2025-02-24 19:43:10.610817
case_402,b,2025-02-24 19:48:10.610817
case_402,c,2025-02-24 19:53:10.610817
case_402,c,2025-02-24 19:58:10.610817
case_402,a,2025-02-24 20:03:10.610817
case_402,a,2025-02-24 20:08:10.610817
case_402,c,2025-02-24 20:13:10.610817
case_402,c,2025-02-24 20:18:10.610817
case_402,b,2025-02-24 20:23:10.610817
case_402,b,2025-02-24 20:28:10.610817
case_402,a,2025-02-24 20:33:10.610817
case_402,b,2025-02-24 20:38:10.610817
case_402,b,2025-02-24 20:43:10.610817
case_402,c,2025-02-24 20:48:10.610817
case_402,b,2025-02-24 20:53:10.610817
case_402,b,2025-02-24 20:58:10.610817
case_402,a,2025-02-24 21:03:10.610817
case_403,c,2025-02-24 19:28:10.610847
case_403,b,2025-02-24 19:33:10.610847
case_403,b,2025-02-24 19:38:10.610847
case_403,a,2025-02-24 19:43:10.610847
case_403,a,2025-02-24 19:48:10.610847
case_403,c,2025-02-24 19:53:10.610847
case_403,a,2025-02-24 19:58:10.610847
case_403,c,2025-02-24 20:03:10.610847
case_403,b,2025-02-24 20:08:10.610847
case_403,a,2025-02-24 20:13:10.610847
case_403,b,2025-02-24 20:18:10.610847
case_403,b,2025-02-24 20:23:10.610847
case_403,b,2025-02-24 20:28:10.610847
case_403,a,2025-02-24 20:33:10.610847
case_403,a,2025-02-24 20:38:10.610847
case_403,a,2025-02-24 20:43:10.610847
case_403,c,2025-02-24 20:48:10.610847
case_403,c,2025-02-24 20:53:10.610847
case_403,a,2025-02-24 20:58:10.610847
case_403,b,2025-02-24 21:03:10.610847
case_404,a,2025-02-24 19:28:10.610878
case_404,c,2025-02-24 19:33:10.610878
case_404,a,2025-02-24 19:38:10.610878
case_404,b,2025-02-24 19:43:10.610878
case_404,b,2025-02-24 19:48:10.610878
case_404,c,2025-02-24 19:53:10.610878
case_404,b,2025-02-24 19:58:10.610878
case_404,c,2025-02-24 20:03:10.610878
case_404,b,2025-02-24 20:08:10.610878
case_404,c,2025-02-24 20:13:10.610878
case_404,a,2025-02-24 20:18:10.610878
case_404,a,2025-02-24 20:23:10.610878
case_404,a,2025-02-24 20:28:10.610878
case_404,b,2025-02-24 20:33:10.610878
case_404,a,2025-02-24 20:38:10.610878
case_404,b,2025-02-24 20:43:10.610878
case_404,a,2025-02-24 20:48:10.610878
case_404,c,2025-02-24 20:53:10.610878
case_404,c,2025-02-24 20:58:10.610878
case_404,a,2025-02-24 21:03:10.610878
case_405,b,2025-02-24 19:28:10.610909
case_405,a,2025-02-24 19:33:10.610909
case_405,a,2025-02-24 19:38:10.610909
case_405,a,2025-02-24 19:43:10.610909
case_405,b,2025-02-24 19:48:10.610909
case_405,c,2025-02-24 19:53:10.610909
case_405,b,2025-02-24 19:58:10.610909
case_405,b,2025-02-24 20:03:10.610909
case_405,a,2025-02-24 20:08:10.610909
case_405,a,2025-02-24 20:13:10.610909
case_405,b,2025-02-24 20:18:10.610909
case_405,b,2025-02-24 20:23:10.610909
case_405,a,2025-02-24 20:28:10.610909
case_405,a,2025-02-24 20:33:10.610909
case_405,a,2025-02-24 20:38:10.610909
case_405,a,2025-02-24 20:43:10.610909
case_405,a,2025-02-24 20:48:10.610909
case_405,c,2025-02-24 20:53:10.610909
case_405,c,2025-02-24 20:58:10.610909
case_405,a,2025-02-24 21:03:10.610909
case_406,c,2025-02-24 19:28:10.610939
case_406,c,2025-02-24 19:33:10.610939
case_406,a,2025-02-24 19:38:10.610939
case_406,c,2025-02-24 19:43:10.610939
case_406,b,2025-02-24 19:48:10.610939
case_406,c,2025-02-24 19:53:10.610939
case_406,b,2025-02-24 19:58:10.610939
case_406,c,2025-02-24 20:03:10.610939
case_406,a,2025-02-24 20:08:10.610939
case_406,c,2025-02-24 20:13:10.610939
case_406,b,2025-02-24 20:18:10.610939
case_406,c,2025-02-24 20:23:10.610939
case_406,c,2025-02-24 20:28:10.610939
case_406,a,2025-02-24 20:33:10.610939
case_406,a,2025-02-24 20:38:10.610939
case_406,a,2025-02-24 20:43:10.610939
case_406,a,2025-02-24 20:48:10.610939
case_406,c,2025-02-24 20:53:10.610939
case_406,a,2025-02-24 20:58:10.610939
case_406,b,2025-02-24 21:03:10.610939
case_407,a,2025-02-24 19:28:10.610970
case_407,c,2025-02-24 19:33:10.610970
case_407,b,2025-02-24 19:38:10.610970
case_407,a,2025-02-24 19:43:10.610970
case_407,c,2025-02-24 19:48:10.610970
case_407,c,2025-02-24 19:53:10.610970
case_407,c,2025-02-24 19:58:10.610970
case_407,a,2025-02-24 20:03:10.610970
case_407,c,2025-02-24 20:08:10.610970
case_407,a,2025-02-24 20:13:10.610970
case_407,c,2025-02-24 20:18:10.610970
case_407,a,2025-02-24 20:23:10.610970
case_407,c,2025-02-24 20:28:10.610970
case_407,b,2025-02-24 20:33:10.610970
case_407,a,2025-02-24 20:38:10.610970
case_407,c,2025-02-24 20:43:10.610970
case_407,c,2025-02-24 20:48:10.610970
case_407,b,2025-02-24 20:53:10.610970
case_407,a,2025-02-24 20:58:10.610970
case_407,b,2025-02-24 21:03:10.610970
case_408,a,2025-02-24 19:28:10.611001
case_408,c,2025-02-24 19:33:10.611001
case_408,a,2025-02-24 19:38:10.611001
case_408,c,2025-02-24 19:43:10.611001
case_408,b,2025-02-24 19:48:10.611001
case_408,b,2025-02-24 19:53:10.611001
case_408,c,2025-02-24 19:58:10.611001
case_408,b,2025-02-24 20:03:10.611001
case_408,a,2025-02-24 20:08:10.611001
case_408,c,2025-02-24 20:13:10.611001
case_408,a,2025-02-24 20:18:10.611001
case_408,c,2025-02-24 20:23:10.611001
case_408,b,2025-02-24 20:28:10.611001
case_408,a,2025-02-24 20:33:10.611001
case_408,a,2025-02-24 20:38:10.611001
case_408,c,2025-02-24 20:43:10.611001
case_408,a,2025-02-24 20:48:10.611001
case_408,c,2025-02-24 20:53:10.611001
case_408,c,2025-02-24 20:58:10.611001
case_408,a,2025-02-24 21:03:10.611001
case_409,a,2025-02-24 19:28:10.611031
case_409,c,2025-02-24 19:33:10.611031
case_409,c,2025-02-24 19:38:10.611031
case_409,c,2025-02-24 19:43:10.611031
case_409,b,2025-02-24 19:48:10.611031
case_409,b,2025-02-24 19:53:10.611031
case_409,c,2025-02-24 19:58:10.611031
case_409,c,2025-02-24 20:03:10.611031
case_409,b,2025-02-24 20:08:10.611031
case_409,c,2025-02-24 20:13:10.611031
case_409,a,2025-02-24 20:18:10.611031
case_409,b,2025-02-24 20:23:10.611031
case_409,a,2025-02-24 20:28:10.611031
case_409,b,2025-02-24 20:33:10.611031
case_409,a,2025-02-24 20:38:10.611031
case_409,c,2025-02-24 20:43:10.611031
case_409,c,2025-02-24 20:48:10.611031
case_409,c,2025-02-24 20:53:10.611031
case_409,b,2025-02-24 20:58:10.611031
case_409,a,2025-02-24 21:03:10.611031
case_410,b,2025-02-24 19:28:10.611062
case_410,b,2025-02-24 19:33:10.611062
case_410,b,2025-02-24 19:38:10.611062
case_410,a,2025-02-24 19:43:10.611062
case_410,a,2025-02-24 19:48:10.611062
case_410,c,2025-02-24 19:53:10.611062
case_410,a,2025-02-24 19:58:10.611062
case_410,a,2025-02-24 20:03:10.611062
case_410,c,2025-02-24 20:08:10.611062
case_410,b,2025-02-24 20:13:10.611062
case_410,c,2025-02-24 20:18:10.611062
case_410,c,2025-02-24 20:23:10.611062
case_410,c,2025-02-24 20:28:10.611062
case_410,c,2025-02-24 20:33:10.611062
case_410,c,2025-02-24 20:38:10.611062
case_410,c,2025-02-24 20:43:10.611062
case_410,c,2025-02-24 20:48:10.611062
case_410,b,2025-02-24 20:53:10.611062
case_410,c,2025-02-24 20:58:10.611062
case_410,a,2025-02-24 21:03:10.611062
case_411,a,2025-02-24 19:28:10.611093
case_411,b,2025-02-24 19:33:10.611093
case_411,b,2025-02-24 19:38:10.611093
case_411,a,2025-02-24 19:43:10.611093
case_411,a,2025-02-24 19:48:10.611093
case_411,a,2025-02-24 19:53:10.611093
case_411,b,2025-02-24 19:58:10.611093
case_411,a,2025-02-24 20:03:10.611093
case_411,a,2025-02-24 20:08:10.611093
case_411,b,2025-02-24 20:13:10.611093
case_411,b,2025-02-24 20:18:10.611093
case_411,b,2025-02-24 20:23:10.611093
case_411,a,2025-02-24 20:28:10.611093
case_411,a,2025-02-24 20:33:10.611093
case_411,a,2025-02-24 20:38:10.611093
case_411,b,2025-02-24 20:43:10.611093
case_411,a,2025-02-24 20:48:10.611093
case_411,c,2025-02-24 20:53:10.611093
case_411,c,2025-02-24 20:58:10.611093
case_411,a,2025-02-24 21:03:10.611093
case_412,a,2025-02-24 19:28:10.611123
case_412,a,2025-02-24 19:33:10.611123
case_412,c,2025-02-24 19:38:10.611123
case_412,a,2025-02-24 19:43:10.611123
case_412,a,2025-02-24 19:48:10.611123
case_412,b,2025-02-24 19:53:10.611123
case_412,b,2025-02-24 19:58:10.611123
case_412,b,2025-02-24 20:03:10.611123
case_412,a,2025-02-24 20:08:10.611123
case_412,a,2025-02-24 20:13:10.611123
case_412,c,2025-02-24 20:18:10.611123
case_412,c,2025-02-24 20:23:10.611123
case_412,b,2025-02-24 20:28:10.611123
case_412,b,2025-02-24 20:33:10.611123
case_412,b,2025-02-24 20:38:10.611123
case_412,a,2025-02-24 20:43:10.611123
case_412,c,2025-02-24 20:48:10.611123
case_412,b,2025-02-24 20:53:10.611123
case_412,b,2025-02-24 20:58:10.611123
case_412,a,2025-02-24 21:03:10.611123
case_413,c,2025-02-24 19:28:10.611154
case_413,b,2025-02-24 19:33:10.611154
case_413,c,2025-02-24 19:38:10.611154
case_413,b,2025-02-24 19:43:10.611154
case_413,c,2025-02-24 19:48:10.611154
case_413,b,2025-02-24 19:53:10.611154
case_413,b,2025-02-24 19:58:10.611154
case_413,c,2025-02-24 20:03:10.611154
case_413,a,2025-02-24 20:08:10.611154
case_413,c,2025-02-24 20:13:10.611154
case_413,c,2025-02-24 20:18:10.611154
case_413,b,2025-02-24 20:23:10.611154
case_413,c,2025-02-24 20:28:10.611154
case_413,c,2025-02-24 20:33:10.611154
case_413,b,2025-02-24 20:38:10.611154
case_413,b,2025-02-24 20:43:10.611154
case_413,c,2025-02-24 20:48:10.611154
case_413,a,2025-02-24 20:53:10.611154
case_413,b,2025-02-24 20:58:10.611154
case_413,a,2025-02-24 21:03:10.611154
case_414,a,2025-02-24 19:28:10.611184
case_414,b,2025-02-24 19:33:10.611184
case_414,c,2025-02-24 19:38:10.611184
case_414,a,2025-02-24 19:43:10.611184
case_414,b,2025-02-24 19:48:10.611184
case_414,c,2025-02-24 19:53:10.611184
case_414,c,2025-02-24 19:58:10.611184
case_414,c,2025-02-24 20:03:10.611184
case_414,c,2025-02-24 20:08:10.611184
case_414,a,2025-02-24 20:13:10.611184
case_414,a,2025-02-24 20:18:10.611184
case_414,c,2025-02-24 20:23:10.611184
case_414,b,2025-02-24 20:28:10.611184
case_414,b,2025-02-24 20:33:10.611184
case_414,b,2025-02-24 20:38:10.611184
case_414,c,2025-02-24 20:43:10.611184
case_414,a,2025-02-24 20:48:10.611184
case_414,c,2025-02-24 20:53:10.611184
case_414,c,2025-02-24 20:58:10.611184
case_414,a,2025-02-24 21:03:10.611184
case_415,a,2025-02-24 19:28:10.611215
case_415,a,2025-02-24 19:33:10.611215
case_415,a,2025-02-24 19:38:10.611215
case_415,b,2025-02-24 19:43:10.611215
case_415,c,2025-02-24 19:48:10.611215
case_415,b,2025-02-24 19:53:10.611215
case_415,c,2025-02-24 19:58:10.611215
case_415,c,2025-02-24 20:03:10.611215
case_415,a,2025-02-24 20:08:10.611215
case_415,c,2025-02-24 20:13:10.611215
case_415,a,2025-02-24 20:18:10.611215
case_415,a,2025-02-24 20:23:10.611215
case_415,c,2025-02-24 20:28:10.611215
case_415,b,2025-02-24 20:33:10.611215
case_415,b,2025-02-24 20:38:10.611215
case_415,b,2025-02-24 20:43:10.611215
case_415,a,2025-02-24 20:48:10.611215
case_415,b,2025-02-24 20:53:10.611215
case_415,c,2025-02-24 20:58:10.611215
case_415,a,2025-02-24 21:03:10.611215
case_416,c,2025-02-24 19:28:10.611246
case_416,b,2025-02-24 19:33:10.611246
case_416,a,2025-02-24 19:38:10.611246
case_416,c,2025-02-24 19:43:10.611246
case_416,b,2025-02-24 19:48:10.611246
case_416,c,2025-02-24 19:53:10.611246
case_416,a,2025-02-24 19:58:10.611246
case_416,c,2025-02-24 20:03:10.611246
case_416,c,2025-02-24 20:08:10.611246
case_416,c,2025-02-24 20:13:10.611246
case_416,a,2025-02-24 20:18:10.611246
case_416,a,2025-02-24 20:23:10.611246
case_416,b,2025-02-24 20:28:10.611246
case_416,c,2025-02-24 20:33:10.611246
case_416,c,2025-02-24 20:38:10.611246
case_416,c,2025-02-24 20:43:10.611246
case_416,a,2025-02-24 20:48:10.611246
case_416,a,2025-02-24 20:53:10.611246
case_416,a,2025-02-24 20:58:10.611246
case_416,a,2025-02-24 21:03:10.611246
case_417,b,2025-02-24 19:28:10.611276
case_417,c,2025-02-24 19:33:10.611276
case_417,c,2025-02-24 19:38:10.611276
case_417,b,2025-02-24 19:43:10.611276
case_417,b,2025-02-24 19:48:10.611276
case_417,a,2025-02-24 19:53:10.611276
case_417,c,2025-02-24 19:58:10.611276
case_417,b,2025-02-24 20:03:10.611276
case_417,c,2025-02-24 20:08:10.611276
case_417,a,2025-02-24 20:13:10.611276
case_417,b,2025-02-24 20:18:10.611276
case_417,a,2025-02-24 20:23:10.611276
case_417,b,2025-02-24 20:28:10.611276
case_417,c,2025-02-24 20:33:10.611276
case_417,b,2025-02-24 20:38:10.611276
case_417,a,2025-02-24 20:43:10.611276
case_417,b,2025-02-24 20:48:10.611276
case_417,b,2025-02-24 20:53:10.611276
case_417,a,2025-02-24 20:58:10.611276
case_417,b,2025-02-24 21:03:10.611276
case_418,c,2025-02-24 19:28:10.611306
case_418,c,2025-02-24 19:33:10.611306
case_418,b,2025-02-24 19:38:10.611306
case_418,a,2025-02-24 19:43:10.611306
case_418,b,2025-02-24 19:48:10.611306
case_418,b,2025-02-24 19:53:10.611306
case_418,a,2025-02-24 19:58:10.611306
case_418,b,2025-02-24 20:03:10.611306
case_418,b,2025-02-24 20:08:10.611306
case_418,c,2025-02-24 20:13:10.611306
case_418,b,2025-02-24 20:18:10.611306
case_418,a,2025-02-24 20:23:10.611306
case_418,c,2025-02-24 20:28:10.611306
case_418,b,2025-02-24 20:33:10.611306
case_418,c,2025-02-24 20:38:10.611306
case_418,c,2025-02-24 20:43:10.611306
case_418,a,2025-02-24 20:48:10.611306
case_418,b,2025-02-24 20:53:10.611306
case_418,a,2025-02-24 20:58:10.611306
case_418,a,2025-02-24 21:03:10.611306
case_419,b,2025-02-24 19:28:10.611339
case_419,b,2025-02-24 19:33:10.611339
case_419,a,2025-02-24 19:38:10.611339
case_419,b,2025-02-24 19:43:10.611339
case_419,a,2025-02-24 19:48:10.611339
case_419,b,2025-02-24 19:53:10.611339
case_419,b,2025-02-24 19:58:10.611339
case_419,b,2025-02-24 20:03:10.611339
case_419,c,2025-02-24 20:08:10.611339
case_419,c,2025-02-24 20:13:10.611339
case_419,b,2025-02-24 20:18:10.611339
case_419,c,2025-02-24 20:23:10.611339
case_419,c,2025-02-24 20:28:10.611339
case_419,b,2025-02-24 20:33:10.611339
case_419,a,2025-02-24 20:38:10.611339
case_419,b,2025-02-24 20:43:10.611339
case_419,b,2025-02-24 20:48:10.611339
case_419,b,2025-02-24 20:53:10.611339
case_419,a,2025-02-24 20:58:10.611339
case_419,a,2025-02-24 21:03:10.611339
case_420,b,2025-02-24 19:28:10.611370
case_420,b,2025-02-24 19:33:10.611370
case_420,a,2025-02-24 19:38:10.611370
case_420,a,2025-02-24 19:43:10.611370
case_420,a,2025-02-24 19:48:10.611370
case_420,c,2025-02-24 19:53:10.611370
case_420,b,2025-02-24 19:58:10.611370
case_420,a,2025-02-24 20:03:10.611370
case_420,b,2025-02-24 20:08:10.611370
case_420,a,2025-02-24 20:13:10.611370
case_420,c,2025-02-24 20:18:10.611370
case_420,b,2025-02-24 20:23:10.611370
case_420,a,2025-02-24 20:28:10.611370
case_420,c,2025-02-24 20:33:10.611370
case_420,b,2025-02-24 20:38:10.611370
case_420,a,2025-02-24 20:43:10.611370
case_420,c,2025-02-24 20:48:10.611370
case_420,c,2025-02-24 20:53:10.611370
case_420,a,2025-02-24 20:58:10.611370
case_420,b,2025-02-24 21:03:10.611370
case_421,c,2025-02-24 19:28:10.611400
case_421,a,2025-02-24 19:33:10.611400
case_421,a,2025-02-24 19:38:10.611400
case_421,c,2025-02-24 19:43:10.611400
case_421,b,2025-02-24 19:48:10.611400
case_421,a,2025-02-24 19:53:10.611400
case_421,a,2025-02-24 19:58:10.611400
case_421,a,2025-02-24 20:03:10.611400
case_421,a,2025-02-24 20:08:10.611400
case_421,b,2025-02-24 20:13:10.611400
case_421,c,2025-02-24 20:18:10.611400
case_421,c,2025-02-24 20:23:10.611400
case_421,b,2025-02-24 20:28:10.611400
case_421,c,2025-02-24 20:33:10.611400
case_421,a,2025-02-24 20:38:10.611400
case_421,c,2025-02-24 20:43:10.611400
case_421,b,2025-02-24 20:48:10.611400
case_421,a,2025-02-24 20:53:10.611400
case_421,c,2025-02-24 20:58:10.611400
case_421,a,2025-02-24 21:03:10.611400
case_422,b,2025-02-24 19:28:10.611431
case_422,b,2025-02-24 19:33:10.611431
case_422,c,2025-02-24 19:38:10.611431
case_422,b,2025-02-24 19:43:10.611431
case_422,a,2025-02-24 19:48:10.611431
case_422,a,2025-02-24 19:53:10.611431
case_422,b,2025-02-24 19:58:10.611431
case_422,b,2025-02-24 20:03:10.611431
case_422,c,2025-02-24 20:08:10.611431
case_422,b,2025-02-24 20:13:10.611431
case_422,a,2025-02-24 20:18:10.611431
case_422,a,2025-02-24 20:23:10.611431
case_422,b,2025-02-24 20:28:10.611431
case_422,b,2025-02-24 20:33:10.611431
case_422,a,2025-02-24 20:38:10.611431
case_422,a,2025-02-24 20:43:10.611431
case_422,b,2025-02-24 20:48:10.611431
case_422,c,2025-02-24 20:53:10.611431
case_422,c,2025-02-24 20:58:10.611431
case_422,a,2025-02-24 21:03:10.611431
case_423,a,2025-02-24 19:28:10.611461
case_423,b,2025-02-24 19:33:10.611461
case_423,b,2025-02-24 19:38:10.611461
case_423,c,2025-02-24 19:43:10.611461
case_423,b,2025-02-24 19:48:10.611461
case_423,b,2025-02-24 19:53:10.611461
case_423,a,2025-02-24 19:58:10.611461
case_423,a,2025-02-24 20:03:10.611461
case_423,b,2025-02-24 20:08:10.611461
case_423,a,2025-02-24 20:13:10.611461
case_423,b,2025-02-24 20:18:10.611461
case_423,b,2025-02-24 20:23:10.611461
case_423,b,2025-02-24 20:28:10.611461
case_423,c,2025-02-24 20:33:10.611461
case_423,b,2025-02-24 20:38:10.611461
case_423,c,2025-02-24 20:43:10.611461
case_423,b,2025-02-24 20:48:10.611461
case_423,c,2025-02-24 20:53:10.611461
case_423,c,2025-02-24 20:58:10.611461
case_423,a,2025-02-24 21:03:10.611461
case_424,a,2025-02-24 19:28:10.611491
case_424,c,2025-02-24 19:33:10.611491
case_424,a,2025-02-24 19:38:10.611491
case_424,b,2025-02-24 19:43:10.611491
case_424,c,2025-02-24 19:48:10.611491
case_424,a,2025-02-24 19:53:10.611491
case_424,b,2025-02-24 19:58:10.611491
case_424,c,2025-02-24 20:03:10.611491
case_424,c,2025-02-24 20:08:10.611491
case_424,b,2025-02-24 20:13:10.611491
case_424,b,2025-02-24 20:18:10.611491
case_424,c,2025-02-24 20:23:10.611491
case_424,a,2025-02-24 20:28:10.611491
case_424,c,2025-02-24 20:33:10.611491
case_424,a,2025-02-24 20:38:10.611491
case_424,c,2025-02-24 20:43:10.611491
case_424,c,2025-02-24 20:48:10.611491
case_424,b,2025-02-24 20:53:10.611491
case_424,c,2025-02-24 20:58:10.611491
case_424,a,2025-02-24 21:03:10.611491
case_425,c,2025-02-24 19:28:10.611521
case_425,a,2025-02-24 19:33:10.611521
case_425,b,2025-02-24 19:38:10.611521
case_425,c,2025-02-24 19:43:10.611521
case_425,c,2025-02-24 19:48:10.611521
case_425,a,2025-02-24 19:53:10.611521
case_425,c,2025-02-24 19:58:10.611521
case_425,b,2025-02-24 20:03:10.611521
case_425,c,2025-02-24 20:08:10.611521
case_425,b,2025-02-24 20:13:10.611521
case_425,a,2025-02-24 20:18:10.611521
case_425,b,2025-02-24 20:23:10.611521
case_425,a,2025-02-24 20:28:10.611521
case_425,c,2025-02-24 20:33:10.611521
case_425,b,2025-02-24 20:38:10.611521
case_425,b,2025-02-24 20:43:10.611521
case_425,b,2025-02-24 20:48:10.611521
case_425,a,2025-02-24 20:53:10.611521
case_425,b,2025-02-24 20:58:10.611521
case_425,a,2025-02-24 21:03:10.611521
case_426,a,2025-02-24 19:28:10.611551
case_426,b,2025-02-24 19:33:10.611551
case_426,a,2025-02-24 19:38:10.611551
case_426,a,2025-02-24 19:43:10.611551
case_426,b,2025-02-24 19:48:10.611551
case_426,a,2025-02-24 19:53:10.611551
case_426,a,2025-02-24 19:58:10.611551
case_426,c,2025-02-24 20:03:10.611551
case_426,c,2025-02-24 20:08:10.611551
case_426,c,2025-02-24 20:13:10.611551
case_426,b,2025-02-24 20:18:10.611551
case_426,b,2025-02-24 20:23:10.611551
case_426,b,2025-02-24 20:28:10.611551
case_426,c,2025-02-24 20:33:10.611551
case_426,c,2025-02-24 20:38:10.611551
case_426,b,2025-02-24 20:43:10.611551
case_426,c,2025-02-24 20:48:10.611551
case_426,c,2025-02-24 20:53:10.611551
case_426,c,2025-02-24 20:58:10.611551
case_426,a,2025-02-24 21:03:10.611551
case_427,b,2025-02-24 19:28:10.611581
case_427,a,2025-02-24 19:33:10.611581
case_427,a,2025-02-24 19:38:10.611581
case_427,a,2025-02-24 19:43:10.611581
case_427,b,2025-02-24 19:48:10.611581
case_427,a,2025-02-24 19:53:10.611581
case_427,b,2025-02-24 19:58:10.611581
case_427,a,2025-02-24 20:03:10.611581
case_427,b,2025-02-24 20:08:10.611581
case_427,a,2025-02-24 20:13:10.611581
case_427,a,2025-02-24 20:18:10.611581
case_427,c,2025-02-24 20:23:10.611581
case_427,b,2025-02-24 20:28:10.611581
case_427,c,2025-02-24 20:33:10.611581
case_427,a,2025-02-24 20:38:10.611581
case_427,b,2025-02-24 20:43:10.611581
case_427,b,2025-02-24 20:48:10.611581
case_427,c,2025-02-24 20:53:10.611581
case_427,c,2025-02-24 20:58:10.611581
case_427,a,2025-02-24 21:03:10.611581
case_428,c,2025-02-24 19:28:10.611611
case_428,b,2025-02-24 19:33:10.611611
case_428,c,2025-02-24 19:38:10.611611
case_428,a,2025-02-24 19:43:10.611611
case_428,b,2025-02-24 19:48:10.611611
case_428,a,2025-02-24 19:53:10.611611
case_428,a,2025-02-24 19:58:10.611611
case_428,a,2025-02-24 20:03:10.611611
case_428,b,2025-02-24 20:08:10.611611
case_428,a,2025-02-24 20:13:10.611611
case_428,c,2025-02-24 20:18:10.611611
case_428,c,2025-02-24 20:23:10.611611
case_428,a,2025-02-24 20:28:10.611611
case_428,c,2025-02-24 20:33:10.611611
case_428,a,2025-02-24 20:38:10.611611
case_428,c,2025-02-24 20:43:10.611611
case_428,a,2025-02-24 20:48:10.611611
case_428,c,2025-02-24 20:53:10.611611
case_428,a,2025-02-24 20:58:10.611611
case_428,b,2025-02-24 21:03:10.611611
case_429,b,2025-02-24 19:28:10.611641
case_429,b,2025-02-24 19:33:10.611641
case_429,c,2025-02-24 19:38:10.611641
case_429,a,2025-02-24 19:43:10.611641
case_429,b,2025-02-24 19:48:10.611641
case_429,b,2025-02-24 19:53:10.611641
case_429,c,2025-02-24 19:58:10.611641
case_429,b,2025-02-24 20:03:10.611641
case_429,a,2025-02-24 20:08:10.611641
case_429,c,2025-02-24 20:13:10.611641
case_429,b,2025-02-24 20:18:10.611641
case_429,c,2025-02-24 20:23:10.611641
case_429,b,2025-02-24 20:28:10.611641
case_429,b,2025-02-24 20:33:10.611641
case_429,c,2025-02-24 20:38:10.611641
case_429,b,2025-02-24 20:43:10.611641
case_429,a,2025-02-24 20:48:10.611641
case_429,c,2025-02-24 20:53:10.611641
case_429,c,2025-02-24 20:58:10.611641
case_429,a,2025-02-24 21:03:10.611641
case_430,b,2025-02-24 19:28:10.611671
case_430,c,2025-02-24 19:33:10.611671
case_430,a,2025-02-24 19:38:10.611671
case_430,a,2025-02-24 19:43:10.611671
case_430,c,2025-02-24 19:48:10.611671
case_430,c,2025-02-24 19:53:10.611671
case_430,a,2025-02-24 19:58:10.611671
case_430,a,2025-02-24 20:03:10.611671
case_430,b,2025-02-24 20:08:10.611671
case_430,c,2025-02-24 20:13:10.611671
case_430,a,2025-02-24 20:18:10.611671
case_430,b,2025-02-24 20:23:10.611671
case_430,c,2025-02-24 20:28:10.611671
case_430,b,2025-02-24 20:33:10.611671
case_430,b,2025-02-24 20:38:10.611671
case_430,c,2025-02-24 20:43:10.611671
case_430,c,2025-02-24 20:48:10.611671
case_430,b,2025-02-24 20:53:10.611671
case_430,a,2025-02-24 20:58:10.611671
case_430,b,2025-02-24 21:03:10.611671
case_431,a,2025-02-24 19:28:10.611702
case_431,b,2025-02-24 19:33:10.611702
case_431,b,2025-02-24 19:38:10.611702
case_431,b,2025-02-24 19:43:10.611702
case_431,b,2025-02-24 19:48:10.611702
case_431,b,2025-02-24 19:53:10.611702
case_431,b,2025-02-24 19:58:10.611702
case_431,b,2025-02-24 20:03:10.611702
case_431,a,2025-02-24 20:08:10.611702
case_431,a,2025-02-24 20:13:10.611702
case_431,a,2025-02-24 20:18:10.611702
case_431,a,2025-02-24 20:23:10.611702
case_431,a,2025-02-24 20:28:10.611702
case_431,b,2025-02-24 20:33:10.611702
case_431,a,2025-02-24 20:38:10.611702
case_431,b,2025-02-24 20:43:10.611702
case_431,b,2025-02-24 20:48:10.611702
case_431,c,2025-02-24 20:53:10.611702
case_431,c,2025-02-24 20:58:10.611702
case_431,a,2025-02-24 21:03:10.611702
case_432,b,2025-02-24 19:28:10.611732
case_432,a,2025-02-24 19:33:10.611732
case_432,c,2025-02-24 19:38:10.611732
case_432,c,2025-02-24 19:43:10.611732
case_432,b,2025-02-24 19:48:10.611732
case_432,a,2025-02-24 19:53:10.611732
case_432,a,2025-02-24 19:58:10.611732
case_432,b,2025-02-24 20:03:10.611732
case_432,b,2025-02-24 20:08:10.611732
case_432,b,2025-02-24 20:13:10.611732
case_432,c,2025-02-24 20:18:10.611732
case_432,a,2025-02-24 20:23:10.611732
case_432,b,2025-02-24 20:28:10.611732
case_432,c,2025-02-24 20:33:10.611732
case_432,a,2025-02-24 20:38:10.611732
case_432,a,2025-02-24 20:43:10.611732
case_432,b,2025-02-24 20:48:10.611732
case_432,c,2025-02-24 20:53:10.611732
case_432,c,2025-02-24 20:58:10.611732
case_432,a,2025-02-24 21:03:10.611732
case_433,c,2025-02-24 19:28:10.611762
case_433,a,2025-02-24 19:33:10.611762
case_433,b,2025-02-24 19:38:10.611762
case_433,a,2025-02-24 19:43:10.611762
case_433,c,2025-02-24 19:48:10.611762
case_433,a,2025-02-24 19:53:10.611762
case_433,a,2025-02-24 19:58:10.611762
case_433,b,2025-02-24 20:03:10.611762
case_433,a,2025-02-24 20:08:10.611762
case_433,a,2025-02-24 20:13:10.611762
case_433,b,2025-02-24 20:18:10.611762
case_433,b,2025-02-24 20:23:10.611762
case_433,b,2025-02-24 20:28:10.611762
case_433,b,2025-02-24 20:33:10.611762
case_433,a,2025-02-24 20:38:10.611762
case_433,a,2025-02-24 20:43:10.611762
case_433,c,2025-02-24 20:48:10.611762
case_433,c,2025-02-24 20:53:10.611762
case_433,a,2025-02-24 20:58:10.611762
case_433,a,2025-02-24 21:03:10.611762
case_434,a,2025-02-24 19:28:10.611792
case_434,b,2025-02-24 19:33:10.611792
case_434,c,2025-02-24 19:38:10.611792
case_434,c,2025-02-24 19:43:10.611792
case_434,b,2025-02-24 19:48:10.611792
case_434,c,2025-02-24 19:53:10.611792
case_434,c,2025-02-24 19:58:10.611792
case_434,c,2025-02-24 20:03:10.611792
case_434,a,2025-02-24 20:08:10.611792
case_434,b,2025-02-24 20:13:10.611792
case_434,b,2025-02-24 20:18:10.611792
case_434,a,2025-02-24 20:23:10.611792
case_434,b,2025-02-24 20:28:10.611792
case_434,c,2025-02-24 20:33:10.611792
case_434,b,2025-02-24 20:38:10.611792
case_434,a,2025-02-24 20:43:10.611792
case_434,a,2025-02-24 20:48:10.611792
case_434,b,2025-02-24 20:53:10.611792
case_434,b,2025-02-24 20:58:10.611792
case_434,a,2025-02-24 21:03:10.611792
case_435,c,2025-02-24 19:28:10.611823
case_435,a,2025-02-24 19:33:10.611823
case_435,a,2025-02-24 19:38:10.611823
case_435,a,2025-02-24 19:43:10.611823
case_435,c,2025-02-24 19:48:10.611823
case_435,c,2025-02-24 19:53:10.611823
case_435,b,2025-02-24 19:58:10.611823
case_435,b,2025-02-24 20:03:10.611823
case_435,a,2025-02-24 20:08:10.611823
case_435,b,2025-02-24 20:13:10.611823
case_435,a,2025-02-24 20:18:10.611823
case_435,c,2025-02-24 20:23:10.611823
case_435,b,2025-02-24 20:28:10.611823
case_435,b,2025-02-24 20:33:10.611823
case_435,b,2025-02-24 20:38:10.611823
case_435,a,2025-02-24 20:43:10.611823
case_435,b,2025-02-24 20:48:10.611823
case_435,c,2025-02-24 20:53:10.611823
case_435,a,2025-02-24 20:58:10.611823
case_435,b,2025-02-24 21:03:10.611823
case_436,a,2025-02-24 19:28:10.611853
case_436,c,2025-02-24 19:33:10.611853
case_436,c,2025-02-24 19:38:10.611853
case_436,c,2025-02-24 19:43:10.611853
case_436,a,2025-02-24 19:48:10.611853
case_436,a,2025-02-24 19:53:10.611853
case_436,c,2025-02-24 19:58:10.611853
case_436,a,2025-02-24 20:03:10.611853
case_436,a,2025-02-24 20:08:10.611853
case_436,b,2025-02-24 20:13:10.611853
case_436,c,2025-02-24 20:18:10.611853
case_436,b,2025-02-24 20:23:10.611853
case_436,c,2025-02-24 20:28:10.611853
case_436,a,2025-02-24 20:33:10.611853
case_436,a,2025-02-24 20:38:10.611853
case_436,c,2025-02-24 20:43:10.611853
case_436,a,2025-02-24 20:48:10.611853
case_436,b,2025-02-24 20:53:10.611853
case_436,b,2025-02-24 20:58:10.611853
case_436,b,2025-02-24 21:03:10.611853
case_437,b,2025-02-24 19:28:10.611883
case_437,a,2025-02-24 19:33:10.611883
case_437,b,2025-02-24 19:38:10.611883
case_437,b,2025-02-24 19:43:10.611883
case_437,a,2025-02-24 19:48:10.611883
case_437,c,2025-02-24 19:53:10.611883
case_437,b,2025-02-24 19:58:10.611883
case_437,c,2025-02-24 20:03:10.611883
case_437,c,2025-02-24 20:08:10.611883
case_437,b,2025-02-24 20:13:10.611883
case_437,c,2025-02-24 20:18:10.611883
case_437,b,2025-02-24 20:23:10.611883
case_437,b,2025-02-24 20:28:10.611883
case_437,b,2025-02-24 20:33:10.611883
case_437,c,2025-02-24 20:38:10.611883
case_437,b,2025-02-24 20:43:10.611883
case_437,b,2025-02-24 20:48:10.611883
case_437,a,2025-02-24 20:53:10.611883
case_437,b,2025-02-24 20:58:10.611883
case_437,b,2025-02-24 21:03:10.611883
case_438,c,2025-02-24 19:28:10.611913
case_438,b,2025-02-24 19:33:10.611913
case_438,c,2025-02-24 19:38:10.611913
case_438,b,2025-02-24 19:43:10.611913
case_438,a,2025-02-24 19:48:10.611913
case_438,a,2025-02-24 19:53:10.611913
case_438,c,2025-02-24 19:58:10.611913
case_438,a,2025-02-24 20:03:10.611913
case_438,a,2025-02-24 20:08:10.611913
case_438,b,2025-02-24 20:13:10.611913
case_438,a,2025-02-24 20:18:10.611913
case_438,b,2025-02-24 20:23:10.611913
case_438,a,2025-02-24 20:28:10.611913
case_438,b,2025-02-24 20:33:10.611913
case_438,a,2025-02-24 20:38:10.611913
case_438,c,2025-02-24 20:43:10.611913
case_438,b,2025-02-24 20:48:10.611913
case_438,c,2025-02-24 20:53:10.611913
case_438,c,2025-02-24 20:58:10.611913
case_438,a,2025-02-24 21:03:10.611913
case_439,c,2025-02-24 19:28:10.611943
case_439,c,2025-02-24 19:33:10.611943
case_439,a,2025-02-24 19:38:10.611943
case_439,b,2025-02-24 19:43:10.611943
case_439,b,2025-02-24 19:48:10.611943
case_439,c,2025-02-24 19:53:10.611943
case_439,b,2025-02-24 19:58:10.611943
case_439,c,2025-02-24 20:03:10.611943
case_439,b,2025-02-24 20:08:10.611943
case_439,a,2025-02-24 20:13:10.611943
case_439,a,2025-02-24 20:18:10.611943
case_439,a,2025-02-24 20:23:10.611943
case_439,a,2025-02-24 20:28:10.611943
case_439,b,2025-02-24 20:33:10.611943
case_439,a,2025-02-24 20:38:10.611943
case_439,a,2025-02-24 20:43:10.611943
case_439,a,2025-02-24 20:48:10.611943
case_439,a,2025-02-24 20:53:10.611943
case_439,b,2025-02-24 20:58:10.611943
case_439,b,2025-02-24 21:03:10.611943
case_440,b,2025-02-24 19:28:10.611974
case_440,b,2025-02-24 19:33:10.611974
case_440,c,2025-02-24 19:38:10.611974
case_440,b,2025-02-24 19:43:10.611974
case_440,a,2025-02-24 19:48:10.611974
case_440,a,2025-02-24 19:53:10.611974
case_440,b,2025-02-24 19:58:10.611974
case_440,b,2025-02-24 20:03:10.611974
case_440,c,2025-02-24 20:08:10.611974
case_440,b,2025-02-24 20:13:10.611974
case_440,a,2025-02-24 20:18:10.611974
case_440,c,2025-02-24 20:23:10.611974
case_440,c,2025-02-24 20:28:10.611974
case_440,c,2025-02-24 20:33:10.611974
case_440,a,2025-02-24 20:38:10.611974
case_440,a,2025-02-24 20:43:10.611974
case_440,b,2025-02-24 20:48:10.611974
case_440,b,2025-02-24 20:53:10.611974
case_440,a,2025-02-24 20:58:10.611974
case_440,a,2025-02-24 21:03:10.611974
case_441,a,2025-02-24 19:28:10.612004
case_441,a,2025-02-24 19:33:10.612004
case_441,b,2025-02-24 19:38:10.612004
case_441,c,2025-02-24 19:43:10.612004
case_441,a,2025-02-24 19:48:10.612004
case_441,c,2025-02-24 19:53:10.612004
case_441,a,2025-02-24 19:58:10.612004
case_441,b,2025-02-24 20:03:10.612004
case_441,b,2025-02-24 20:08:10.612004
case_441,b,2025-02-24 20:13:10.612004
case_441,c,2025-02-24 20:18:10.612004
case_441,a,2025-02-24 20:23:10.612004
case_441,c,2025-02-24 20:28:10.612004
case_441,b,2025-02-24 20:33:10.612004
case_441,a,2025-02-24 20:38:10.612004
case_441,c,2025-02-24 20:43:10.612004
case_441,b,2025-02-24 20:48:10.612004
case_441,c,2025-02-24 20:53:10.612004
case_441,c,2025-02-24 20:58:10.612004
case_441,a,2025-02-24 21:03:10.612004
case_442,a,2025-02-24 19:28:10.612034
case_442,a,2025-02-24 19:33:10.612034
case_442,b,2025-02-24 19:38:10.612034
case_442,a,2025-02-24 19:43:10.612034
case_442,a,2025-02-24 19:48:10.612034
case_442,c,2025-02-24 19:53:10.612034
case_442,b,2025-02-24 19:58:10.612034
case_442,c,2025-02-24 20:03:10.612034
case_442,c,2025-02-24 20:08:10.612034
case_442,b,2025-02-24 20:13:10.612034
case_442,c,2025-02-24 20:18:10.612034
case_442,b,2025-02-24 20:23:10.612034
case_442,a,2025-02-24 20:28:10.612034
case_442,c,2025-02-24 20:33:10.612034
case_442,a,2025-02-24 20:38:10.612034
case_442,a,2025-02-24 20:43:10.612034
case_442,b,2025-02-24 20:48:10.612034
case_442,a,2025-02-24 20:53:10.612034
case_442,b,2025-02-24 20:58:10.612034
case_442,b,2025-02-24 21:03:10.612034
case_443,c,2025-02-24 19:28:10.612064
case_443,b,2025-02-24 19:33:10.612064
case_443,b,2025-02-24 19:38:10.612064
case_443,a,2025-02-24 19:43:10.612064
case_443,a,2025-02-24 19:48:10.612064
case_443,b,2025-02-24 19:53:10.612064
case_443,c,2025-02-24 19:58:10.612064
case_443,a,2025-02-24 20:03:10.612064
case_443,a,2025-02-24 20:08:10.612064
case_443,c,2025-02-24 20:13:10.612064
case_443,c,2025-02-24 20:18:10.612064
case_443,c,2025-02-24 20:23:10.612064
case_443,a,2025-02-24 20:28:10.612064
case_443,a,2025-02-24 20:33:10.612064
case_443,c,2025-02-24 20:38:10.612064
case_443,b,2025-02-24 20:43:10.612064
case_443,a,2025-02-24 20:48:10.612064
case_443,b,2025-02-24 20:53:10.612064
case_443,a,2025-02-24 20:58:10.612064
case_443,b,2025-02-24 21:03:10.612064
case_444,c,2025-02-24 19:28:10.612095
case_444,b,2025-02-24 19:33:10.612095
case_444,a,2025-02-24 19:38:10.612095
case_444,b,2025-02-24 19:43:10.612095
case_444,a,2025-02-24 19:48:10.612095
case_444,b,2025-02-24 19:53:10.612095
case_444,b,2025-02-24 19:58:10.612095
case_444,c,2025-02-24 20:03:10.612095
case_444,b,2025-02-24 20:08:10.612095
case_444,a,2025-02-24 20:13:10.612095
case_444,b,2025-02-24 20:18:10.612095
case_444,a,2025-02-24 20:23:10.612095
case_444,c,2025-02-24 20:28:10.612095
case_444,a,2025-02-24 20:33:10.612095
case_444,a,2025-02-24 20:38:10.612095
case_444,b,2025-02-24 20:43:10.612095
case_444,a,2025-02-24 20:48:10.612095
case_444,c,2025-02-24 20:53:10.612095
case_444,c,2025-02-24 20:58:10.612095
case_444,a,2025-02-24 21:03:10.612095
case_445,b,2025-02-24 19:28:10.612126
case_445,c,2025-02-24 19:33:10.612126
case_445,c,2025-02-24 19:38:10.612126
case_445,b,2025-02-24 19:43:10.612126
case_445,c,2025-02-24 19:48:10.612126
case_445,b,2025-02-24 19:53:10.612126
case_445,a,2025-02-24 19:58:10.612126
case_445,b,2025-02-24 20:03:10.612126
case_445,a,2025-02-24 20:08:10.612126
case_445,a,2025-02-24 20:13:10.612126
case_445,c,2025-02-24 20:18:10.612126
case_445,b,2025-02-24 20:23:10.612126
case_445,a,2025-02-24 20:28:10.612126
case_445,a,2025-02-24 20:33:10.612126
case_445,c,2025-02-24 20:38:10.612126
case_445,c,2025-02-24 20:43:10.612126
case_445,a,2025-02-24 20:48:10.612126
case_445,a,2025-02-24 20:53:10.612126
case_445,a,2025-02-24 20:58:10.612126
case_445,b,2025-02-24 21:03:10.612126
case_446,b,2025-02-24 19:28:10.612156
case_446,c,2025-02-24 19:33:10.612156
case_446,b,2025-02-24 19:38:10.612156
case_446,c,2025-02-24 19:43:10.612156
case_446,c,2025-02-24 19:48:10.612156
case_446,c,2025-02-24 19:53:10.612156
case_446,b,2025-02-24 19:58:10.612156
case_446,b,2025-02-24 20:03:10.612156
case_446,b,2025-02-24 20:08:10.612156
case_446,a,2025-02-24 20:13:10.612156
case_446,c,2025-02-24 20:18:10.612156
case_446,a,2025-02-24 20:23:10.612156
case_446,a,2025-02-24 20:28:10.612156
case_446,b,2025-02-24 20:33:10.612156
case_446,b,2025-02-24 20:38:10.612156
case_446,a,2025-02-24 20:43:10.612156
case_446,b,2025-02-24 20:48:10.612156
case_446,b,2025-02-24 20:53:10.612156
case_446,c,2025-02-24 20:58:10.612156
case_446,a,2025-02-24 21:03:10.612156
case_447,c,2025-02-24 19:28:10.612186
case_447,a,2025-02-24 19:33:10.612186
case_447,b,2025-02-24 19:38:10.612186
case_447,a,2025-02-24 19:43:10.612186
case_447,c,2025-02-24 19:48:10.612186
case_447,a,2025-02-24 19:53:10.612186
case_447,c,2025-02-24 19:58:10.612186
case_447,b,2025-02-24 20:03:10.612186
case_447,a,2025-02-24 20:08:10.612186
case_447,c,2025-02-24 20:13:10.612186
case_447,c,2025-02-24 20:18:10.612186
case_447,c,2025-02-24 20:23:10.612186
case_447,a,2025-02-24 20:28:10.612186
case_447,c,2025-02-24 20:33:10.612186
case_447,a,2025-02-24 20:38:10.612186
case_447,c,2025-02-24 20:43:10.612186
case_447,c,2025-02-24 20:48:10.612186
case_447,a,2025-02-24 20:53:10.612186
case_447,c,2025-02-24 20:58:10.612186
case_447,a,2025-02-24 21:03:10.612186
case_448,c,2025-02-24 19:28:10.612217
case_448,a,2025-02-24 19:33:10.612217
case_448,a,2025-02-24 19:38:10.612217
case_448,b,2025-02-24 19:43:10.612217
case_448,c,2025-02-24 19:48:10.612217
case_448,c,2025-02-24 19:53:10.612217
case_448,a,2025-02-24 19:58:10.612217
case_448,a,2025-02-24 20:03:10.612217
case_448,b,2025-02-24 20:08:10.612217
case_448,b,2025-02-24 20:13:10.612217
case_448,c,2025-02-24 20:18:10.612217
case_448,c,2025-02-24 20:23:10.612217
case_448,c,2025-02-24 20:28:10.612217
case_448,b,2025-02-24 20:33:10.612217
case_448,b,2025-02-24 20:38:10.612217
case_448,c,2025-02-24 20:43:10.612217
case_448,b,2025-02-24 20:48:10.612217
case_448,c,2025-02-24 20:53:10.612217
case_448,c,2025-02-24 20:58:10.612217
case_448,a,2025-02-24 21:03:10.612217
case_449,c,2025-02-24 19:28:10.612247
case_449,a,2025-02-24 19:33:10.612247
case_449,a,2025-02-24 19:38:10.612247
case_449,b,2025-02-24 19:43:10.612247
case_449,b,2025-02-24 19:48:10.612247
case_449,a,2025-02-24 19:53:10.612247
case_449,a,2025-02-24 19:58:10.612247
case_449,c,2025-02-24 20:03:10.612247
case_449,a,2025-02-24 20:08:10.612247
case_449,b,2025-02-24 20:13:10.612247
case_449,b,2025-02-24 20:18:10.612247
case_449,c,2025-02-24 20:23:10.612247
case_449,b,2025-02-24 20:28:10.612247
case_449,a,2025-02-24 20:33:10.612247
case_449,a,2025-02-24 20:38:10.612247
case_449,a,2025-02-24 20:43:10.612247
case_449,a,2025-02-24 20:48:10.612247
case_449,c,2025-02-24 20:53:10.612247
case_449,c,2025-02-24 20:58:10.612247
case_449,a,2025-02-24 21:03:10.612247
case_450,a,2025-02-24 19:28:10.612277
case_450,a,2025-02-24 19:33:10.612277
case_450,b,2025-02-24 19:38:10.612277
case_450,b,2025-02-24 19:43:10.612277
case_450,c,2025-02-24 19:48:10.612277
case_450,b,2025-02-24 19:53:10.612277
case_450,b,2025-02-24 19:58:10.612277
case_450,c,2025-02-24 20:03:10.612277
case_450,b,2025-02-24 20:08:10.612277
case_450,b,2025-02-24 20:13:10.612277
case_450,c,2025-02-24 20:18:10.612277
case_450,a,2025-02-24 20:23:10.612277
case_450,c,2025-02-24 20:28:10.612277
case_450,b,2025-02-24 20:33:10.612277
case_450,c,2025-02-24 20:38:10.612277
case_450,c,2025-02-24 20:43:10.612277
case_450,c,2025-02-24 20:48:10.612277
case_450,c,2025-02-24 20:53:10.612277
case_450,b,2025-02-24 20:58:10.612277
case_450,a,2025-02-24 21:03:10.612277
case_451,b,2025-02-24 19:28:10.612307
case_451,c,2025-02-24 19:33:10.612307
case_451,c,2025-02-24 19:38:10.612307
case_451,b,2025-02-24 19:43:10.612307
case_451,a,2025-02-24 19:48:10.612307
case_451,b,2025-02-24 19:53:10.612307
case_451,c,2025-02-24 19:58:10.612307
case_451,b,2025-02-24 20:03:10.612307
case_451,b,2025-02-24 20:08:10.612307
case_451,a,2025-02-24 20:13:10.612307
case_451,b,2025-02-24 20:18:10.612307
case_451,c,2025-02-24 20:23:10.612307
case_451,c,2025-02-24 20:28:10.612307
case_451,b,2025-02-24 20:33:10.612307
case_451,a,2025-02-24 20:38:10.612307
case_451,b,2025-02-24 20:43:10.612307
case_451,b,2025-02-24 20:48:10.612307
case_451,a,2025-02-24 20:53:10.612307
case_451,c,2025-02-24 20:58:10.612307
case_451,a,2025-02-24 21:03:10.612307
case_452,c,2025-02-24 19:28:10.612340
case_452,b,2025-02-24 19:33:10.612340
case_452,c,2025-02-24 19:38:10.612340
case_452,a,2025-02-24 19:43:10.612340
case_452,a,2025-02-24 19:48:10.612340
case_452,c,2025-02-24 19:53:10.612340
case_452,c,2025-02-24 19:58:10.612340
case_452,a,2025-02-24 20:03:10.612340
case_452,a,2025-02-24 20:08:10.612340
case_452,a,2025-02-24 20:13:10.612340
case_452,c,2025-02-24 20:18:10.612340
case_452,b,2025-02-24 20:23:10.612340
case_452,b,2025-02-24 20:28:10.612340
case_452,c,2025-02-24 20:33:10.612340
case_452,b,2025-02-24 20:38:10.612340
case_452,c,2025-02-24 20:43:10.612340
case_452,a,2025-02-24 20:48:10.612340
case_452,a,2025-02-24 20:53:10.612340
case_452,a,2025-02-24 20:58:10.612340
case_452,b,2025-02-24 21:03:10.612340
case_453,c,2025-02-24 19:28:10.612371
case_453,c,2025-02-24 19:33:10.612371
case_453,b,2025-02-24 19:38:10.612371
case_453,c,2025-02-24 19:43:10.612371
case_453,c,2025-02-24 19:48:10.612371
case_453,b,2025-02-24 19:53:10.612371
case_453,a,2025-02-24 19:58:10.612371
case_453,c,2025-02-24 20:03:10.612371
case_453,b,2025-02-24 20:08:10.612371
case_453,a,2025-02-24 20:13:10.612371
case_453,a,2025-02-24 20:18:10.612371
case_453,c,2025-02-24 20:23:10.612371
case_453,b,2025-02-24 20:28:10.612371
case_453,b,2025-02-24 20:33:10.612371
case_453,a,2025-02-24 20:38:10.612371
case_453,c,2025-02-24 20:43:10.612371
case_453,b,2025-02-24 20:48:10.612371
case_453,a,2025-02-24 20:53:10.612371
case_453,b,2025-02-24 20:58:10.612371
case_453,b,2025-02-24 21:03:10.612371
case_454,b,2025-02-24 19:28:10.612402
case_454,a,2025-02-24 19:33:10.612402
case_454,c,2025-02-24 19:38:10.612402
case_454,b,2025-02-24 19:43:10.612402
case_454,a,2025-02-24 19:48:10.612402
case_454,b,2025-02-24 19:53:10.612402
case_454,a,2025-02-24 19:58:10.612402
case_454,a,2025-02-24 20:03:10.612402
case_454,c,2025-02-24 20:08:10.612402
case_454,b,2025-02-24 20:13:10.612402
case_454,c,2025-02-24 20:18:10.612402
case_454,a,2025-02-24 20:23:10.612402
case_454,c,2025-02-24 20:28:10.612402
case_454,c,2025-02-24 20:33:10.612402
case_454,c,2025-02-24 20:38:10.612402
case_454,b,2025-02-24 20:43:10.612402
case_454,b,2025-02-24 20:48:10.612402
case_454,b,2025-02-24 20:53:10.612402
case_454,b,2025-02-24 20:58:10.612402
case_454,a,2025-02-24 21:03:10.612402
case_455,c,2025-02-24 19:28:10.612433
case_455,b,2025-02-24 19:33:10.612433
case_455,b,2025-02-24 19:38:10.612433
case_455,b,2025-02-24 19:43:10.612433
case_455,a,2025-02-24 19:48:10.612433
case_455,a,2025-02-24 19:53:10.612433
case_455,c,2025-02-24 19:58:10.612433
case_455,c,2025-02-24 20:03:10.612433
case_455,a,2025-02-24 20:08:10.612433
case_455,b,2025-02-24 20:13:10.612433
case_455,a,2025-02-24 20:18:10.612433
case_455,c,2025-02-24 20:23:10.612433
case_455,c,2025-02-24 20:28:10.612433
case_455,a,2025-02-24 20:33:10.612433
case_455,b,2025-02-24 20:38:10.612433
case_455,c,2025-02-24 20:43:10.612433
case_455,b,2025-02-24 20:48:10.612433
case_455,b,2025-02-24 20:53:10.612433
case_455,b,2025-02-24 20:58:10.612433
case_455,a,2025-02-24 21:03:10.612433
case_456,c,2025-02-24 19:28:10.612463
case_456,a,2025-02-24 19:33:10.612463
case_456,a,2025-02-24 19:38:10.612463
case_456,a,2025-02-24 19:43:10.612463
case_456,b,2025-02-24 19:48:10.612463
case_456,a,2025-02-24 19:53:10.612463
case_456,a,2025-02-24 19:58:10.612463
case_456,b,2025-02-24 20:03:10.612463
case_456,a,2025-02-24 20:08:10.612463
case_456,c,2025-02-24 20:13:10.612463
case_456,a,2025-02-24 20:18:10.612463
case_456,a,2025-02-24 20:23:10.612463
case_456,c,2025-02-24 20:28:10.612463
case_456,b,2025-02-24 20:33:10.612463
case_456,a,2025-02-24 20:38:10.612463
case_456,b,2025-02-24 20:43:10.612463
case_456,c,2025-02-24 20:48:10.612463
case_456,c,2025-02-24 20:53:10.612463
case_456,b,2025-02-24 20:58:10.612463
case_456,a,2025-02-24 21:03:10.612463
case_457,a,2025-02-24 19:28:10.612494
case_457,b,2025-02-24 19:33:10.612494
case_457,c,2025-02-24 19:38:10.612494
case_457,b,2025-02-24 19:43:10.612494
case_457,b,2025-02-24 19:48:10.612494
case_457,c,2025-02-24 19:53:10.612494
case_457,a,2025-02-24 19:58:10.612494
case_457,a,2025-02-24 20:03:10.612494
case_457,a,2025-02-24 20:08:10.612494
case_457,c,2025-02-24 20:13:10.612494
case_457,b,2025-02-24 20:18:10.612494
case_457,b,2025-02-24 20:23:10.612494
case_457,a,2025-02-24 20:28:10.612494
case_457,b,2025-02-24 20:33:10.612494
case_457,a,2025-02-24 20:38:10.612494
case_457,c,2025-02-24 20:43:10.612494
case_457,b,2025-02-24 20:48:10.612494
case_457,c,2025-02-24 20:53:10.612494
case_457,c,2025-02-24 20:58:10.612494
case_457,a,2025-02-24 21:03:10.612494
case_458,c,2025-02-24 19:28:10.612525
case_458,b,2025-02-24 19:33:10.612525
case_458,b,2025-02-24 19:38:10.612525
case_458,b,2025-02-24 19:43:10.612525
case_458,b,2025-02-24 19:48:10.612525
case_458,c,2025-02-24 19:53:10.612525
case_458,c,2025-02-24 19:58:10.612525
case_458,c,2025-02-24 20:03:10.612525
case_458,b,2025-02-24 20:08:10.612525
case_458,a,2025-02-24 20:13:10.612525
case_458,b,2025-02-24 20:18:10.612525
case_458,b,2025-02-24 20:23:10.612525
case_458,a,2025-02-24 20:28:10.612525
case_458,c,2025-02-24 20:33:10.612525
case_458,c,2025-02-24 20:38:10.612525
case_458,c,2025-02-24 20:43:10.612525
case_458,a,2025-02-24 20:48:10.612525
case_458,c,2025-02-24 20:53:10.612525
case_458,c,2025-02-24 20:58:10.612525
case_458,a,2025-02-24 21:03:10.612525
case_459,b,2025-02-24 19:28:10.612555
case_459,c,2025-02-24 19:33:10.612555
case_459,a,2025-02-24 19:38:10.612555
case_459,c,2025-02-24 19:43:10.612555
case_459,c,2025-02-24 19:48:10.612555
case_459,c,2025-02-24 19:53:10.612555
case_459,c,2025-02-24 19:58:10.612555
case_459,b,2025-02-24 20:03:10.612555
case_459,b,2025-02-24 20:08:10.612555
case_459,b,2025-02-24 20:13:10.612555
case_459,b,2025-02-24 20:18:10.612555
case_459,a,2025-02-24 20:23:10.612555
case_459,c,2025-02-24 20:28:10.612555
case_459,b,2025-02-24 20:33:10.612555
case_459,b,2025-02-24 20:38:10.612555
case_459,b,2025-02-24 20:43:10.612555
case_459,c,2025-02-24 20:48:10.612555
case_459,b,2025-02-24 20:53:10.612555
case_459,c,2025-02-24 20:58:10.612555
case_459,a,2025-02-24 21:03:10.612555
case_460,c,2025-02-24 19:28:10.612586
case_460,b,2025-02-24 19:33:10.612586
case_460,a,2025-02-24 19:38:10.612586
case_460,b,2025-02-24 19:43:10.612586
case_460,c,2025-02-24 19:48:10.612586
case_460,a,2025-02-24 19:53:10.612586
case_460,b,2025-02-24 19:58:10.612586
case_460,c,2025-02-24 20:03:10.612586
case_460,b,2025-02-24 20:08:10.612586
case_460,a,2025-02-24 20:13:10.612586
case_460,a,2025-02-24 20:18:10.612586
case_460,b,2025-02-24 20:23:10.612586
case_460,a,2025-02-24 20:28:10.612586
case_460,b,2025-02-24 20:33:10.612586
case_460,b,2025-02-24 20:38:10.612586
case_460,b,2025-02-24 20:43:10.612586
case_460,b,2025-02-24 20:48:10.612586
case_460,c,2025-02-24 20:53:10.612586
case_460,c,2025-02-24 20:58:10.612586
case_460,a,2025-02-24 21:03:10.612586
case_461,c,2025-02-24 19:28:10.612617
case_461,c,2025-02-24 19:33:10.612617
case_461,a,2025-02-24 19:38:10.612617
case_461,a,2025-02-24 19:43:10.612617
case_461,c,2025-02-24 19:48:10.612617
case_461,c,2025-02-24 19:53:10.612617
case_461,a,2025-02-24 19:58:10.612617
case_461,b,2025-02-24 20:03:10.612617
case_461,a,2025-02-24 20:08:10.612617
case_461,b,2025-02-24 20:13:10.612617
case_461,c,2025-02-24 20:18:10.612617
case_461,c,2025-02-24 20:23:10.612617
case_461,b,2025-02-24 20:28:10.612617
case_461,b,2025-02-24 20:33:10.612617
case_461,c,2025-02-24 20:38:10.612617
case_461,b,2025-02-24 20:43:10.612617
case_461,a,2025-02-24 20:48:10.612617
case_461,a,2025-02-24 20:53:10.612617
case_461,c,2025-02-24 20:58:10.612617
case_461,a,2025-02-24 21:03:10.612617
case_462,c,2025-02-24 19:28:10.612647
case_462,c,2025-02-24 19:33:10.612647
case_462,a,2025-02-24 19:38:10.612647
case_462,b,2025-02-24 19:43:10.612647
case_462,a,2025-02-24 19:48:10.612647
case_462,b,2025-02-24 19:53:10.612647
case_462,a,2025-02-24 19:58:10.612647
case_462,a,2025-02-24 20:03:10.612647
case_462,a,2025-02-24 20:08:10.612647
case_462,c,2025-02-24 20:13:10.612647
case_462,a,2025-02-24 20:18:10.612647
case_462,b,2025-02-24 20:23:10.612647
case_462,c,2025-02-24 20:28:10.612647
case_462,a,2025-02-24 20:33:10.612647
case_462,b,2025-02-24 20:38:10.612647
case_462,b,2025-02-24 20:43:10.612647
case_462,b,2025-02-24 20:48:10.612647
case_462,b,2025-02-24 20:53:10.612647
case_462,a,2025-02-24 20:58:10.612647
case_462,a,2025-02-24 21:03:10.612647
case_463,a,2025-02-24 19:28:10.612678
case_463,a,2025-02-24 19:33:10.612678
case_463,a,2025-02-24 19:38:10.612678
case_463,c,2025-02-24 19:43:10.612678
case_463,b,2025-02-24 19:48:10.612678
case_463,b,2025-02-24 19:53:10.612678
case_463,a,2025-02-24 19:58:10.612678
case_463,b,2025-02-24 20:03:10.612678
case_463,a,2025-02-24 20:08:10.612678
case_463,c,2025-02-24 20:13:10.612678
case_463,c,2025-02-24 20:18:10.612678
case_463,b,2025-02-24 20:23:10.612678
case_463,c,2025-02-24 20:28:10.612678
case_463,c,2025-02-24 20:33:10.612678
case_463,b,2025-02-24 20:38:10.612678
case_463,b,2025-02-24 20:43:10.612678
case_463,a,2025-02-24 20:48:10.612678
case_463,c,2025-02-24 20:53:10.612678
case_463,a,2025-02-24 20:58:10.612678
case_463,b,2025-02-24 21:03:10.612678
case_464,b,2025-02-24 19:28:10.612708
case_464,c,2025-02-24 19:33:10.612708
case_464,b,2025-02-24 19:38:10.612708
case_464,a,2025-02-24 19:43:10.612708
case_464,b,2025-02-24 19:48:10.612708
case_464,b,2025-02-24 19:53:10.612708
case_464,b,2025-02-24 19:58:10.612708
case_464,b,2025-02-24 20:03:10.612708
case_464,b,2025-02-24 20:08:10.612708
case_464,b,2025-02-24 20:13:10.612708
case_464,c,2025-02-24 20:18:10.612708
case_464,b,2025-02-24 20:23:10.612708
case_464,c,2025-02-24 20:28:10.612708
case_464,c,2025-02-24 20:33:10.612708
case_464,a,2025-02-24 20:38:10.612708
case_464,a,2025-02-24 20:43:10.612708
case_464,a,2025-02-24 20:48:10.612708
case_464,c,2025-02-24 20:53:10.612708
case_464,a,2025-02-24 20:58:10.612708
case_464,a,2025-02-24 21:03:10.612708
case_465,a,2025-02-24 19:28:10.612739
case_465,a,2025-02-24 19:33:10.612739
case_465,b,2025-02-24 19:38:10.612739
case_465,a,2025-02-24 19:43:10.612739
case_465,b,2025-02-24 19:48:10.612739
case_465,a,2025-02-24 19:53:10.612739
case_465,c,2025-02-24 19:58:10.612739
case_465,c,2025-02-24 20:03:10.612739
case_465,a,2025-02-24 20:08:10.612739
case_465,c,2025-02-24 20:13:10.612739
case_465,b,2025-02-24 20:18:10.612739
case_465,c,2025-02-24 20:23:10.612739
case_465,b,2025-02-24 20:28:10.612739
case_465,b,2025-02-24 20:33:10.612739
case_465,c,2025-02-24 20:38:10.612739
case_465,a,2025-02-24 20:43:10.612739
case_465,c,2025-02-24 20:48:10.612739
case_465,c,2025-02-24 20:53:10.612739
case_465,a,2025-02-24 20:58:10.612739
case_465,b,2025-02-24 21:03:10.612739
case_466,b,2025-02-24 19:28:10.612770
case_466,a,2025-02-24 19:33:10.612770
case_466,a,2025-02-24 19:38:10.612770
case_466,a,2025-02-24 19:43:10.612770
case_466,c,2025-02-24 19:48:10.612770
case_466,a,2025-02-24 19:53:10.612770
case_466,a,2025-02-24 19:58:10.612770
case_466,c,2025-02-24 20:03:10.612770
case_466,c,2025-02-24 20:08:10.612770
case_466,a,2025-02-24 20:13:10.612770
case_466,a,2025-02-24 20:18:10.612770
case_466,b,2025-02-24 20:23:10.612770
case_466,b,2025-02-24 20:28:10.612770
case_466,a,2025-02-24 20:33:10.612770
case_466,c,2025-02-24 20:38:10.612770
case_466,c,2025-02-24 20:43:10.612770
case_466,b,2025-02-24 20:48:10.612770
case_466,c,2025-02-24 20:53:10.612770
case_466,c,2025-02-24 20:58:10.612770
case_466,a,2025-02-24 21:03:10.612770
case_467,b,2025-02-24 19:28:10.612800
case_467,a,2025-02-24 19:33:10.612800
case_467,c,2025-02-24 19:38:10.612800
case_467,b,2025-02-24 19:43:10.612800
case_467,b,2025-02-24 19:48:10.612800
case_467,a,2025-02-24 19:53:10.612800
case_467,b,2025-02-24 19:58:10.612800
case_467,c,2025-02-24 20:03:10.612800
case_467,a,2025-02-24 20:08:10.612800
case_467,a,2025-02-24 20:13:10.612800
case_467,b,2025-02-24 20:18:10.612800
case_467,c,2025-02-24 20:23:10.612800
case_467,b,2025-02-24 20:28:10.612800
case_467,c,2025-02-24 20:33:10.612800
case_467,a,2025-02-24 20:38:10.612800
case_467,c,2025-02-24 20:43:10.612800
case_467,a,2025-02-24 20:48:10.612800
case_467,c,2025-02-24 20:53:10.612800
case_467,c,2025-02-24 20:58:10.612800
case_467,a,2025-02-24 21:03:10.612800
case_468,c,2025-02-24 19:28:10.612831
case_468,a,2025-02-24 19:33:10.612831
case_468,a,2025-02-24 19:38:10.612831
case_468,a,2025-02-24 19:43:10.612831
case_468,c,2025-02-24 19:48:10.612831
case_468,c,2025-02-24 19:53:10.612831
case_468,c,2025-02-24 19:58:10.612831
case_468,c,2025-02-24 20:03:10.612831
case_468,a,2025-02-24 20:08:10.612831
case_468,b,2025-02-24 20:13:10.612831
case_468,a,2025-02-24 20:18:10.612831
case_468,a,2025-02-24 20:23:10.612831
case_468,c,2025-02-24 20:28:10.612831
case_468,a,2025-02-24 20:33:10.612831
case_468,b,2025-02-24 20:38:10.612831
case_468,a,2025-02-24 20:43:10.612831
case_468,c,2025-02-24 20:48:10.612831
case_468,b,2025-02-24 20:53:10.612831
case_468,b,2025-02-24 20:58:10.612831
case_468,a,2025-02-24 21:03:10.612831
case_469,b,2025-02-24 19:28:10.612861
case_469,a,2025-02-24 19:33:10.612861
case_469,a,2025-02-24 19:38:10.612861
case_469,c,2025-02-24 19:43:10.612861
case_469,a,2025-02-24 19:48:10.612861
case_469,b,2025-02-24 19:53:10.612861
case_469,a,2025-02-24 19:58:10.612861
case_469,b,2025-02-24 20:03:10.612861
case_469,a,2025-02-24 20:08:10.612861
case_469,c,2025-02-24 20:13:10.612861
case_469,a,2025-02-24 20:18:10.612861
case_469,b,2025-02-24 20:23:10.612861
case_469,b,2025-02-24 20:28:10.612861
case_469,c,2025-02-24 20:33:10.612861
case_469,a,2025-02-24 20:38:10.612861
case_469,b,2025-02-24 20:43:10.612861
case_469,c,2025-02-24 20:48:10.612861
case_469,c,2025-02-24 20:53:10.612861
case_469,c,2025-02-24 20:58:10.612861
case_469,a,2025-02-24 21:03:10.612861
case_470,c,2025-02-24 19:28:10.612892
case_470,b,2025-02-24 19:33:10.612892
case_470,a,2025-02-24 19:38:10.612892
case_470,a,2025-02-24 19:43:10.612892
case_470,b,2025-02-24 19:48:10.612892
case_470,c,2025-02-24 19:53:10.612892
case_470,b,2025-02-24 19:58:10.612892
case_470,c,2025-02-24 20:03:10.612892
case_470,a,2025-02-24 20:08:10.612892
case_470,a,2025-02-24 20:13:10.612892
case_470,a,2025-02-24 20:18:10.612892
case_470,b,2025-02-24 20:23:10.612892
case_470,a,2025-02-24 20:28:10.612892
case_470,a,2025-02-24 20:33:10.612892
case_470,c,2025-02-24 20:38:10.612892
case_470,c,2025-02-24 20:43:10.612892
case_470,c,2025-02-24 20:48:10.612892
case_470,c,2025-02-24 20:53:10.612892
case_470,a,2025-02-24 20:58:10.612892
case_470,b,2025-02-24 21:03:10.612892
case_471,c,2025-02-24 19:28:10.612922
case_471,b,2025-02-24 19:33:10.612922
case_471,c,2025-02-24 19:38:10.612922
case_471,b,2025-02-24 19:43:10.612922
case_471,c,2025-02-24 19:48:10.612922
case_471,c,2025-02-24 19:53:10.612922
case_471,b,2025-02-24 19:58:10.612922
case_471,a,2025-02-24 20:03:10.612922
case_471,c,2025-02-24 20:08:10.612922
case_471,b,2025-02-24 20:13:10.612922
case_471,a,2025-02-24 20:18:10.612922
case_471,c,2025-02-24 20:23:10.612922
case_471,c,2025-02-24 20:28:10.612922
case_471,c,2025-02-24 20:33:10.612922
case_471,c,2025-02-24 20:38:10.612922
case_471,c,2025-02-24 20:43:10.612922
case_471,a,2025-02-24 20:48:10.612922
case_471,c,2025-02-24 20:53:10.612922
case_471,a,2025-02-24 20:58:10.612922
case_471,b,2025-02-24 21:03:10.612922
case_472,b,2025-02-24 19:28:10.612952
case_472,b,2025-02-24 19:33:10.612952
case_472,c,2025-02-24 19:38:10.612952
case_472,b,2025-02-24 19:43:10.612952
case_472,a,2025-02-24 19:48:10.612952
case_472,a,2025-02-24 19:53:10.612952
case_472,b,2025-02-24 19:58:10.612952
case_472,b,2025-02-24 20:03:10.612952
case_472,b,2025-02-24 20:08:10.612952
case_472,b,2025-02-24 20:13:10.612952
case_472,a,2025-02-24 20:18:10.612952
case_472,b,2025-02-24 20:23:10.612952
case_472,a,2025-02-24 20:28:10.612952
case_472,a,2025-02-24 20:33:10.612952
case_472,b,2025-02-24 20:38:10.612952
case_472,b,2025-02-24 20:43:10.612952
case_472,a,2025-02-24 20:48:10.612952
case_472,c,2025-02-24 20:53:10.612952
case_472,c,2025-02-24 20:58:10.612952
case_472,a,2025-02-24 21:03:10.612952
case_473,a,2025-02-24 19:28:10.612984
case_473,c,2025-02-24 19:33:10.612984
case_473,c,2025-02-24 19:38:10.612984
case_473,b,2025-02-24 19:43:10.612984
case_473,c,2025-02-24 19:48:10.612984
case_473,b,2025-02-24 19:53:10.612984
case_473,b,2025-02-24 19:58:10.612984
case_473,c,2025-02-24 20:03:10.612984
case_473,c,2025-02-24 20:08:10.612984
case_473,b,2025-02-24 20:13:10.612984
case_473,c,2025-02-24 20:18:10.612984
case_473,b,2025-02-24 20:23:10.612984
case_473,a,2025-02-24 20:28:10.612984
case_473,c,2025-02-24 20:33:10.612984
case_473,b,2025-02-24 20:38:10.612984
case_473,c,2025-02-24 20:43:10.612984
case_473,a,2025-02-24 20:48:10.612984
case_473,b,2025-02-24 20:53:10.612984
case_473,b,2025-02-24 20:58:10.612984
case_473,b,2025-02-24 21:03:10.612984
case_474,b,2025-02-24 19:28:10.613015
case_474,c,2025-02-24 19:33:10.613015
case_474,a,2025-02-24 19:38:10.613015
case_474,a,2025-02-24 19:43:10.613015
case_474,c,2025-02-24 19:48:10.613015
case_474,b,2025-02-24 19:53:10.613015
case_474,c,2025-02-24 19:58:10.613015
case_474,a,2025-02-24 20:03:10.613015
case_474,b,2025-02-24 20:08:10.613015
case_474,b,2025-02-24 20:13:10.613015
case_474,b,2025-02-24 20:18:10.613015
case_474,b,2025-02-24 20:23:10.613015
case_474,b,2025-02-24 20:28:10.613015
case_474,a,2025-02-24 20:33:10.613015
case_474,c,2025-02-24 20:38:10.613015
case_474,b,2025-02-24 20:43:10.613015
case_474,c,2025-02-24 20:48:10.613015
case_474,c,2025-02-24 20:53:10.613015
case_474,a,2025-02-24 20:58:10.613015
case_474,b,2025-02-24 21:03:10.613015
case_475,c,2025-02-24 19:28:10.613046
case_475,b,2025-02-24 19:33:10.613046
case_475,a,2025-02-24 19:38:10.613046
case_475,b,2025-02-24 19:43:10.613046
case_475,a,2025-02-24 19:48:10.613046
case_475,b,2025-02-24 19:53:10.613046
case_475,a,2025-02-24 19:58:10.613046
case_475,b,2025-02-24 20:03:10.613046
case_475,c,2025-02-24 20:08:10.613046
case_475,b,2025-02-24 20:13:10.613046
case_475,c,2025-02-24 20:18:10.613046
case_475,a,2025-02-24 20:23:10.613046
case_475,c,2025-02-24 20:28:10.613046
case_475,a,2025-02-24 20:33:10.613046
case_475,a,2025-02-24 20:38:10.613046
case_475,a,2025-02-24 20:43:10.613046
case_475,a,2025-02-24 20:48:10.613046
case_475,c,2025-02-24 20:53:10.613046
case_475,c,2025-02-24 20:58:10.613046
case_475,a,2025-02-24 21:03:10.613046
case_476,c,2025-02-24 19:28:10.613076
case_476,a,2025-02-24 19:33:10.613076
case_476,a,2025-02-24 19:38:10.613076
case_476,c,2025-02-24 19:43:10.613076
case_476,a,2025-02-24 19:48:10.613076
case_476,c,2025-02-24 19:53:10.613076
case_476,c,2025-02-24 19:58:10.613076
case_476,c,2025-02-24 20:03:10.613076
case_476,b,2025-02-24 20:08:10.613076
case_476,b,2025-02-24 20:13:10.613076
case_476,a,2025-02-24 20:18:10.613076
case_476,b,2025-02-24 20:23:10.613076
case_476,a,2025-02-24 20:28:10.613076
case_476,c,2025-02-24 20:33:10.613076
case_476,b,2025-02-24 20:38:10.613076
case_476,c,2025-02-24 20:43:10.613076
case_476,c,2025-02-24 20:48:10.613076
case_476,b,2025-02-24 20:53:10.613076
case_476,b,2025-02-24 20:58:10.613076
case_476,a,2025-02-24 21:03:10.613076
case_477,b,2025-02-24 19:28:10.613107
case_477,b,2025-02-24 19:33:10.613107
case_477,b,2025-02-24 19:38:10.613107
case_477,c,2025-02-24 19:43:10.613107
case_477,c,2025-02-24 19:48:10.613107
case_477,b,2025-02-24 19:53:10.613107
case_477,a,2025-02-24 19:58:10.613107
case_477,a,2025-02-24 20:03:10.613107
case_477,c,2025-02-24 20:08:10.613107
case_477,a,2025-02-24 20:13:10.613107
case_477,a,2025-02-24 20:18:10.613107
case_477,c,2025-02-24 20:23:10.613107
case_477,a,2025-02-24 20:28:10.613107
case_477,b,2025-02-24 20:33:10.613107
case_477,c,2025-02-24 20:38:10.613107
case_477,a,2025-02-24 20:43:10.613107
case_477,c,2025-02-24 20:48:10.613107
case_477,c,2025-02-24 20:53:10.613107
case_477,a,2025-02-24 20:58:10.613107
case_477,a,2025-02-24 21:03:10.613107
case_478,a,2025-02-24 19:28:10.613138
case_478,b,2025-02-24 19:33:10.613138
case_478,b,2025-02-24 19:38:10.613138
case_478,a,2025-02-24 19:43:10.613138
case_478,b,2025-02-24 19:48:10.613138
case_478,b,2025-02-24 19:53:10.613138
case_478,a,2025-02-24 19:58:10.613138
case_478,b,2025-02-24 20:03:10.613138
case_478,b,2025-02-24 20:08:10.613138
case_478,a,2025-02-24 20:13:10.613138
case_478,a,2025-02-24 20:18:10.613138
case_478,a,2025-02-24 20:23:10.613138
case_478,a,2025-02-24 20:28:10.613138
case_478,c,2025-02-24 20:33:10.613138
case_478,c,2025-02-24 20:38:10.613138
case_478,b,2025-02-24 20:43:10.613138
case_478,a,2025-02-24 20:48:10.613138
case_478,c,2025-02-24 20:53:10.613138
case_478,a,2025-02-24 20:58:10.613138
case_478,a,2025-02-24 21:03:10.613138
case_479,c,2025-02-24 19:28:10.613168
case_479,b,2025-02-24 19:33:10.613168
case_479,a,2025-02-24 19:38:10.613168
case_479,b,2025-02-24 19:43:10.613168
case_479,a,2025-02-24 19:48:10.613168
case_479,b,2025-02-24 19:53:10.613168
case_479,b,2025-02-24 19:58:10.613168
case_479,c,2025-02-24 20:03:10.613168
case_479,a,2025-02-24 20:08:10.613168
case_479,a,2025-02-24 20:13:10.613168
case_479,b,2025-02-24 20:18:10.613168
case_479,a,2025-02-24 20:23:10.613168
case_479,b,2025-02-24 20:28:10.613168
case_479,b,2025-02-24 20:33:10.613168
case_479,b,2025-02-24 20:38:10.613168
case_479,a,2025-02-24 20:43:10.613168
case_479,b,2025-02-24 20:48:10.613168
case_479,c,2025-02-24 20:53:10.613168
case_479,c,2025-02-24 20:58:10.613168
case_479,a,2025-02-24 21:03:10.613168
case_480,c,2025-02-24 19:28:10.613199
case_480,a,2025-02-24 19:33:10.613199
case_480,b,2025-02-24 19:38:10.613199
case_480,a,2025-02-24 19:43:10.613199
case_480,c,2025-02-24 19:48:10.613199
case_480,c,2025-02-24 19:53:10.613199
case_480,c,2025-02-24 19:58:10.613199
case_480,b,2025-02-24 20:03:10.613199
case_480,a,2025-02-24 20:08:10.613199
case_480,c,2025-02-24 20:13:10.613199
case_480,b,2025-02-24 20:18:10.613199
case_480,b,2025-02-24 20:23:10.613199
case_480,c,2025-02-24 20:28:10.613199
case_480,a,2025-02-24 20:33:10.613199
case_480,b,2025-02-24 20:38:10.613199
case_480,c,2025-02-24 20:43:10.613199
case_480,b,2025-02-24 20:48:10.613199
case_480,c,2025-02-24 20:53:10.613199
case_480,c,2025-02-24 20:58:10.613199
case_480,a,2025-02-24 21:03:10.613199
case_481,b,2025-02-24 19:28:10.613230
case_481,b,2025-02-24 19:33:10.613230
case_481,b,2025-02-24 19:38:10.613230
case_481,b,2025-02-24 19:43:10.613230
case_481,a,2025-02-24 19:48:10.613230
case_481,c,2025-02-24 19:53:10.613230
case_481,b,2025-02-24 19:58:10.613230
case_481,a,2025-02-24 20:03:10.613230
case_481,c,2025-02-24 20:08:10.613230
case_481,a,2025-02-24 20:13:10.613230
case_481,a,2025-02-24 20:18:10.613230
case_481,b,2025-02-24 20:23:10.613230
case_481,a,2025-02-24 20:28:10.613230
case_481,a,2025-02-24 20:33:10.613230
case_481,c,2025-02-24 20:38:10.613230
case_481,b,2025-02-24 20:43:10.613230
case_481,c,2025-02-24 20:48:10.613230
case_481,c,2025-02-24 20:53:10.613230
case_481,c,2025-02-24 20:58:10.613230
case_481,a,2025-02-24 21:03:10.613230
case_482,c,2025-02-24 19:28:10.613260
case_482,c,2025-02-24 19:33:10.613260
case_482,b,2025-02-24 19:38:10.613260
case_482,c,2025-02-24 19:43:10.613260
case_482,a,2025-02-24 19:48:10.613260
case_482,c,2025-02-24 19:53:10.613260
case_482,a,2025-02-24 19:58:10.613260
case_482,b,2025-02-24 20:03:10.613260
case_482,c,2025-02-24 20:08:10.613260
case_482,a,2025-02-24 20:13:10.613260
case_482,c,2025-02-24 20:18:10.613260
case_482,a,2025-02-24 20:23:10.613260
case_482,a,2025-02-24 20:28:10.613260
case_482,c,2025-02-24 20:33:10.613260
case_482,b,2025-02-24 20:38:10.613260
case_482,c,2025-02-24 20:43:10.613260
case_482,c,2025-02-24 20:48:10.613260
case_482,b,2025-02-24 20:53:10.613260
case_482,c,2025-02-24 20:58:10.613260
case_482,a,2025-02-24 21:03:10.613260
case_483,a,2025-02-24 19:28:10.613291
case_483,c,2025-02-24 19:33:10.613291
case_483,a,2025-02-24 19:38:10.613291
case_483,b,2025-02-24 19:43:10.613291
case_483,c,2025-02-24 19:48:10.613291
case_483,c,2025-02-24 19:53:10.613291
case_483,b,2025-02-24 19:58:10.613291
case_483,b,2025-02-24 20:03:10.613291
case_483,a,2025-02-24 20:08:10.613291
case_483,a,2025-02-24 20:13:10.613291
case_483,a,2025-02-24 20:18:10.613291
case_483,b,2025-02-24 20:23:10.613291
case_483,c,2025-02-24 20:28:10.613291
case_483,a,2025-02-24 20:33:10.613291
case_483,b,2025-02-24 20:38:10.613291
case_483,b,2025-02-24 20:43:10.613291
case_483,c,2025-02-24 20:48:10.613291
case_483,c,2025-02-24 20:53:10.613291
case_483,b,2025-02-24 20:58:10.613291
case_483,a,2025-02-24 21:03:10.613291
case_484,a,2025-02-24 19:28:10.613323
case_484,b,2025-02-24 19:33:10.613323
case_484,a,2025-02-24 19:38:10.613323
case_484,c,2025-02-24 19:43:10.613323
case_484,a,2025-02-24 19:48:10.613323
case_484,c,2025-02-24 19:53:10.613323
case_484,a,2025-02-24 19:58:10.613323
case_484,a,2025-02-24 20:03:10.613323
case_484,b,2025-02-24 20:08:10.613323
case_484,c,2025-02-24 20:13:10.613323
case_484,c,2025-02-24 20:18:10.613323
case_484,a,2025-02-24 20:23:10.613323
case_484,a,2025-02-24 20:28:10.613323
case_484,a,2025-02-24 20:33:10.613323
case_484,c,2025-02-24 20:38:10.613323
case_484,a,2025-02-24 20:43:10.613323
case_484,a,2025-02-24 20:48:10.613323
case_484,a,2025-02-24 20:53:10.613323
case_484,c,2025-02-24 20:58:10.613323
case_484,a,2025-02-24 21:03:10.613323
case_485,b,2025-02-24 19:28:10.613354
case_485,a,2025-02-24 19:33:10.613354
case_485,b,2025-02-24 19:38:10.613354
case_485,c,2025-02-24 19:43:10.613354
case_485,b,2025-02-24 19:48:10.613354
case_485,b,2025-02-24 19:53:10.613354
case_485,b,2025-02-24 19:58:10.613354
case_485,a,2025-02-24 20:03:10.613354
case_485,c,2025-02-24 20:08:10.613354
case_485,b,2025-02-24 20:13:10.613354
case_485,a,2025-02-24 20:18:10.613354
case_485,c,2025-02-24 20:23:10.613354
case_485,c,2025-02-24 20:28:10.613354
case_485,b,2025-02-24 20:33:10.613354
case_485,c,2025-02-24 20:38:10.613354
case_485,c,2025-02-24 20:43:10.613354
case_485,c,2025-02-24 20:48:10.613354
case_485,c,2025-02-24 20:53:10.613354
case_485,b,2025-02-24 20:58:10.613354
case_485,a,2025-02-24 21:03:10.613354
case_486,a,2025-02-24 19:28:10.613384
case_486,b,2025-02-24 19:33:10.613384
case_486,c,2025-02-24 19:38:10.613384
case_486,b,2025-02-24 19:43:10.613384
case_486,c,2025-02-24 19:48:10.613384
case_486,a,2025-02-24 19:53:10.613384
case_486,b,2025-02-24 19:58:10.613384
case_486,b,2025-02-24 20:03:10.613384
case_486,a,2025-02-24 20:08:10.613384
case_486,c,2025-02-24 20:13:10.613384
case_486,a,2025-02-24 20:18:10.613384
case_486,b,2025-02-24 20:23:10.613384
case_486,b,2025-02-24 20:28:10.613384
case_486,b,2025-02-24 20:33:10.613384
case_486,c,2025-02-24 20:38:10.613384
case_486,b,2025-02-24 20:43:10.613384
case_486,c,2025-02-24 20:48:10.613384
case_486,c,2025-02-24 20:53:10.613384
case_486,c,2025-02-24 20:58:10.613384
case_486,a,2025-02-24 21:03:10.613384
case_487,b,2025-02-24 19:28:10.613414
case_487,c,2025-02-24 19:33:10.613414
case_487,b,2025-02-24 19:38:10.613414
case_487,c,2025-02-24 19:43:10.613414
case_487,c,2025-02-24 19:48:10.613414
case_487,a,2025-02-24 19:53:10.613414
case_487,a,2025-02-24 19:58:10.613414
case_487,b,2025-02-24 20:03:10.613414
case_487,a,2025-02-24 20:08:10.613414
case_487,a,2025-02-24 20:13:10.613414
case_487,b,2025-02-24 20:18:10.613414
case_487,b,2025-02-24 20:23:10.613414
case_487,b,2025-02-24 20:28:10.613414
case_487,a,2025-02-24 20:33:10.613414
case_487,b,2025-02-24 20:38:10.613414
case_487,c,2025-02-24 20:43:10.613414
case_487,b,2025-02-24 20:48:10.613414
case_487,b,2025-02-24 20:53:10.613414
case_487,a,2025-02-24 20:58:10.613414
case_487,b,2025-02-24 21:03:10.613414
case_488,c,2025-02-24 19:28:10.613445
case_488,a,2025-02-24 19:33:10.613445
case_488,c,2025-02-24 19:38:10.613445
case_488,c,2025-02-24 19:43:10.613445
case_488,a,2025-02-24 19:48:10.613445
case_488,c,2025-02-24 19:53:10.613445
case_488,c,2025-02-24 19:58:10.613445
case_488,c,2025-02-24 20:03:10.613445
case_488,b,2025-02-24 20:08:10.613445
case_488,c,2025-02-24 20:13:10.613445
case_488,b,2025-02-24 20:18:10.613445
case_488,c,2025-02-24 20:23:10.613445
case_488,c,2025-02-24 20:28:10.613445
case_488,c,2025-02-24 20:33:10.613445
case_488,b,2025-02-24 20:38:10.613445
case_488,c,2025-02-24 20:43:10.613445
case_488,b,2025-02-24 20:48:10.613445
case_488,c,2025-02-24 20:53:10.613445
case_488,a,2025-02-24 20:58:10.613445
case_488,b,2025-02-24 21:03:10.613445
case_489,b,2025-02-24 19:28:10.613476
case_489,c,2025-02-24 19:33:10.613476
case_489,a,2025-02-24 19:38:10.613476
case_489,c,2025-02-24 19:43:10.613476
case_489,c,2025-02-24 19:48:10.613476
case_489,c,2025-02-24 19:53:10.613476
case_489,a,2025-02-24 19:58:10.613476
case_489,a,2025-02-24 20:03:10.613476
case_489,a,2025-02-24 20:08:10.613476
case_489,a,2025-02-24 20:13:10.613476
case_489,c,2025-02-24 20:18:10.613476
case_489,c,2025-02-24 20:23:10.613476
case_489,c,2025-02-24 20:28:10.613476
case_489,a,2025-02-24 20:33:10.613476
case_489,c,2025-02-24 20:38:10.613476
case_489,a,2025-02-24 20:43:10.613476
case_489,b,2025-02-24 20:48:10.613476
case_489,a,2025-02-24 20:53:10.613476
case_489,a,2025-02-24 20:58:10.613476
case_489,b,2025-02-24 21:03:10.613476
case_490,b,2025-02-24 19:28:10.613506
case_490,b,2025-02-24 19:33:10.613506
case_490,a,2025-02-24 19:38:10.613506
case_490,c,2025-02-24 19:43:10.613506
case_490,b,2025-02-24 19:48:10.613506
case_490,c,2025-02-24 19:53:10.613506
case_490,b,2025-02-24 19:58:10.613506
case_490,b,2025-02-24 20:03:10.613506
case_490,c,2025-02-24 20:08:10.613506
case_490,a,2025-02-24 20:13:10.613506
case_490,b,2025-02-24 20:18:10.613506
case_490,b,2025-02-24 20:23:10.613506
case_490,a,2025-02-24 20:28:10.613506
case_490,b,2025-02-24 20:33:10.613506
case_490,c,2025-02-24 20:38:10.613506
case_490,c,2025-02-24 20:43:10.613506
case_490,a,2025-02-24 20:48:10.613506
case_490,a,2025-02-24 20:53:10.613506
case_490,b,2025-02-24 20:58:10.613506
case_490,b,2025-02-24 21:03:10.613506
case_491,c,2025-02-24 19:28:10.613537
case_491,b,2025-02-24 19:33:10.613537
case_491,a,2025-02-24 19:38:10.613537
case_491,a,2025-02-24 19:43:10.613537
case_491,a,2025-02-24 19:48:10.613537
case_491,c,2025-02-24 19:53:10.613537
case_491,a,2025-02-24 19:58:10.613537
case_491,a,2025-02-24 20:03:10.613537
case_491,a,2025-02-24 20:08:10.613537
case_491,c,2025-02-24 20:13:10.613537
case_491,c,2025-02-24 20:18:10.613537
case_491,c,2025-02-24 20:23:10.613537
case_491,a,2025-02-24 20:28:10.613537
case_491,b,2025-02-24 20:33:10.613537
case_491,b,2025-02-24 20:38:10.613537
case_491,c,2025-02-24 20:43:10.613537
case_491,a,2025-02-24 20:48:10.613537
case_491,b,2025-02-24 20:53:10.613537
case_491,c,2025-02-24 20:58:10.613537
case_491,a,2025-02-24 21:03:10.613537
case_492,b,2025-02-24 19:28:10.613568
case_492,c,2025-02-24 19:33:10.613568
case_492,b,2025-02-24 19:38:10.613568
case_492,c,2025-02-24 19:43:10.613568
case_492,c,2025-02-24 19:48:10.613568
case_492,a,2025-02-24 19:53:10.613568
case_492,c,2025-02-24 19:58:10.613568
case_492,a,2025-02-24 20:03:10.613568
case_492,b,2025-02-24 20:08:10.613568
case_492,a,2025-02-24 20:13:10.613568
case_492,a,2025-02-24 20:18:10.613568
case_492,c,2025-02-24 20:23:10.613568
case_492,c,2025-02-24 20:28:10.613568
case_492,c,2025-02-24 20:33:10.613568
case_492,b,2025-02-24 20:38:10.613568
case_492,a,2025-02-24 20:43:10.613568
case_492,b,2025-02-24 20:48:10.613568
case_492,a,2025-02-24 20:53:10.613568
case_492,a,2025-02-24 20:58:10.613568
case_492,b,2025-02-24 21:03:10.613568
case_493,c,2025-02-24 19:28:10.613599
case_493,c,2025-02-24 19:33:10.613599
case_493,c,2025-02-24 19:38:10.613599
case_493,a,2025-02-24 19:43:10.613599
case_493,c,2025-02-24 19:48:10.613599
case_493,c,2025-02-24 19:53:10.613599
case_493,b,2025-02-24 19:58:10.613599
case_493,b,2025-02-24 20:03:10.613599
case_493,a,2025-02-24 20:08:10.613599
case_493,c,2025-02-24 20:13:10.613599
case_493,c,2025-02-24 20:18:10.613599
case_493,c,2025-02-24 20:23:10.613599
case_493,a,2025-02-24 20:28:10.613599
case_493,c,2025-02-24 20:33:10.613599
case_493,a,2025-02-24 20:38:10.613599
case_493,a,2025-02-24 20:43:10.613599
case_493,c,2025-02-24 20:48:10.613599
case_493,a,2025-02-24 20:53:10.613599
case_493,a,2025-02-24 20:58:10.613599
case_493,b,2025-02-24 21:03:10.613599
case_494,c,2025-02-24 19:28:10.613629
case_494,b,2025-02-24 19:33:10.613629
case_494,b,2025-02-24 19:38:10.613629
case_494,a,2025-02-24 19:43:10.613629
case_494,a,2025-02-24 19:48:10.613629
case_494,c,2025-02-24 19:53:10.613629
case_494,a,2025-02-24 19:58:10.613629
case_494,a,2025-02-24 20:03:10.613629
case_494,b,2025-02-24 20:08:10.613629
case_494,b,2025-02-24 20:13:10.613629
case_494,b,2025-02-24 20:18:10.613629
case_494,c,2025-02-24 20:23:10.613629
case_494,b,2025-02-24 20:28:10.613629
case_494,b,2025-02-24 20:33:10.613629
case_494,a,2025-02-24 20:38:10.613629
case_494,b,2025-02-24 20:43:10.613629
case_494,c,2025-02-24 20:48:10.613629
case_494,c,2025-02-24 20:53:10.613629
case_494,b,2025-02-24 20:58:10.613629
case_494,a,2025-02-24 21:03:10.613629
case_495,a,2025-02-24 19:28:10.613660
case_495,b,2025-02-24 19:33:10.613660
case_495,b,2025-02-24 19:38:10.613660
case_495,b,2025-02-24 19:43:10.613660
case_495,a,2025-02-24 19:48:10.613660
case_495,b,2025-02-24 19:53:10.613660
case_495,c,2025-02-24 19:58:10.613660
case_495,b,2025-02-24 20:03:10.613660
case_495,c,2025-02-24 20:08:10.613660
case_495,b,2025-02-24 20:13:10.613660
case_495,a,2025-02-24 20:18:10.613660
case_495,c,2025-02-24 20:23:10.613660
case_495,a,2025-02-24 20:28:10.613660
case_495,a,2025-02-24 20:33:10.613660
case_495,c,2025-02-24 20:38:10.613660
case_495,b,2025-02-24 20:43:10.613660
case_495,b,2025-02-24 20:48:10.613660
case_495,c,2025-02-24 20:53:10.613660
case_495,c,2025-02-24 20:58:10.613660
case_495,a,2025-02-24 21:03:10.613660
case_496,c,2025-02-24 19:28:10.613691
case_496,b,2025-02-24 19:33:10.613691
case_496,c,2025-02-24 19:38:10.613691
case_496,b,2025-02-24 19:43:10.613691
case_496,a,2025-02-24 19:48:10.613691
case_496,c,2025-02-24 19:53:10.613691
case_496,b,2025-02-24 19:58:10.613691
case_496,b,2025-02-24 20:03:10.613691
case_496,b,2025-02-24 20:08:10.613691
case_496,b,2025-02-24 20:13:10.613691
case_496,b,2025-02-24 20:18:10.613691
case_496,b,2025-02-24 20:23:10.613691
case_496,a,2025-02-24 20:28:10.613691
case_496,c,2025-02-24 20:33:10.613691
case_496,b,2025-02-24 20:38:10.613691
case_496,a,2025-02-24 20:43:10.613691
case_496,c,2025-02-24 20:48:10.613691
case_496,c,2025-02-24 20:53:10.613691
case_496,a,2025-02-24 20:58:10.613691
case_496,b,2025-02-24 21:03:10.613691
case_497,a,2025-02-24 19:28:10.613721
case_497,a,2025-02-24 19:33:10.613721
case_497,b,2025-02-24 19:38:10.613721
case_497,a,2025-02-24 19:43:10.613721
case_497,c,2025-02-24 19:48:10.613721
case_497,c,2025-02-24 19:53:10.613721
case_497,c,2025-02-24 19:58:10.613721
case_497,a,2025-02-24 20:03:10.613721
case_497,c,2025-02-24 20:08:10.613721
case_497,b,2025-02-24 20:13:10.613721
case_497,c,2025-02-24 20:18:10.613721
case_497,a,2025-02-24 20:23:10.613721
case_497,a,2025-02-24 20:28:10.613721
case_497,b,2025-02-24 20:33:10.613721
case_497,b,2025-02-24 20:38:10.613721
case_497,b,2025-02-24 20:43:10.613721
case_497,a,2025-02-24 20:48:10.613721
case_497,b,2025-02-24 20:53:10.613721
case_497,a,2025-02-24 20:58:10.613721
case_497,b,2025-02-24 21:03:10.613721
case_498,c,2025-02-24 19:28:10.613752
case_498,a,2025-02-24 19:33:10.613752
case_498,b,2025-02-24 19:38:10.613752
case_498,a,2025-02-24 19:43:10.613752
case_498,a,2025-02-24 19:48:10.613752
case_498,c,2025-02-24 19:53:10.613752
case_498,b,2025-02-24 19:58:10.613752
case_498,c,2025-02-24 20:03:10.613752
case_498,a,2025-02-24 20:08:10.613752
case_498,a,2025-02-24 20:13:10.613752
case_498,a,2025-02-24 20:18:10.613752
case_498,a,2025-02-24 20:23:10.613752
case_498,b,2025-02-24 20:28:10.613752
case_498,c,2025-02-24 20:33:10.613752
case_498,a,2025-02-24 20:38:10.613752
case_498,c,2025-02-24 20:43:10.613752
case_498,c,2025-02-24 20:48:10.613752
case_498,a,2025-02-24 20:53:10.613752
case_498,c,2025-02-24 20:58:10.613752
case_498,a,2025-02-24 21:03:10.613752
case_499,c,2025-02-24 19:28:10.613783
case_499,c,2025-02-24 19:33:10.613783
case_499,b,2025-02-24 19:38:10.613783
case_499,a,2025-02-24 19:43:10.613783
case_499,c,2025-02-24 19:48:10.613783
case_499,c,2025-02-24 19:53:10.613783
case_499,a,2025-02-24 19:58:10.613783
case_499,c,2025-02-24 20:03:10.613783
case_499,c,2025-02-24 20:08:10.613783
case_499,c,2025-02-24 20:13:10.613783
case_499,b,2025-02-24 20:18:10.613783
case_499,b,2025-02-24 20:23:10.613783
case_499,b,2025-02-24 20:28:10.613783
case_499,a,2025-02-24 20:33:10.613783
case_499,c,2025-02-24 20:38:10.613783
case_499,c,2025-02-24 20:43:10.613783
case_499,c,2025-02-24 20:48:10.613783
case_499,c,2025-02-24 20:53:10.613783
case_499,b,2025-02-24 20:58:10.613783
case_499,a,2025-02-24 21:03:10.613783
case_500,c,2025-02-24 19:28:10.613813
case_500,b,2025-02-24 19:33:10.613813
case_500,c,2025-02-24 19:38:10.613813
case_500,c,2025-02-24 19:43:10.613813
case_500,c,2025-02-24 19:48:10.613813
case_500,c,2025-02-24 19:53:10.613813
case_500,b,2025-02-24 19:58:10.613813
case_500,a,2025-02-24 20:03:10.613813
case_500,c,2025-02-24 20:08:10.613813
case_500,b,2025-02-24 20:13:10.613813
case_500,c,2025-02-24 20:18:10.613813
case_500,a,2025-02-24 20:23:10.613813
case_500,c,2025-02-24 20:28:10.613813
case_500,a,2025-02-24 20:33:10.613813
case_500,c,2025-02-24 20:38:10.613813
case_500,a,2025-02-24 20:43:10.613813
case_500,a,2025-02-24 20:48:10.613813
case_500,c,2025-02-24 20:53:10.613813
case_500,a,2025-02-24 20:58:10.613813
case_500,b,2025-02-24 21:03:10.613813
case_501,c,2025-02-24 19:28:10.613844
case_501,a,2025-02-24 19:33:10.613844
case_501,b,2025-02-24 19:38:10.613844
case_501,a,2025-02-24 19:43:10.613844
case_501,a,2025-02-24 19:48:10.613844
case_501,c,2025-02-24 19:53:10.613844
case_501,c,2025-02-24 19:58:10.613844
case_501,b,2025-02-24 20:03:10.613844
case_501,b,2025-02-24 20:08:10.613844
case_501,c,2025-02-24 20:13:10.613844
case_501,c,2025-02-24 20:18:10.613844
case_501,a,2025-02-24 20:23:10.613844
case_501,b,2025-02-24 20:28:10.613844
case_501,c,2025-02-24 20:33:10.613844
case_501,b,2025-02-24 20:38:10.613844
case_501,a,2025-02-24 20:43:10.613844
case_501,b,2025-02-24 20:48:10.613844
case_501,b,2025-02-24 20:53:10.613844
case_501,c,2025-02-24 20:58:10.613844
case_501,a,2025-02-24 21:03:10.613844
case_502,a,2025-02-24 19:28:10.613874
case_502,c,2025-02-24 19:33:10.613874
case_502,b,2025-02-24 19:38:10.613874
case_502,b,2025-02-24 19:43:10.613874
case_502,b,2025-02-24 19:48:10.613874
case_502,a,2025-02-24 19:53:10.613874
case_502,b,2025-02-24 19:58:10.613874
case_502,b,2025-02-24 20:03:10.613874
case_502,a,2025-02-24 20:08:10.613874
case_502,b,2025-02-24 20:13:10.613874
case_502,c,2025-02-24 20:18:10.613874
case_502,b,2025-02-24 20:23:10.613874
case_502,c,2025-02-24 20:28:10.613874
case_502,b,2025-02-24 20:33:10.613874
case_502,b,2025-02-24 20:38:10.613874
case_502,b,2025-02-24 20:43:10.613874
case_502,c,2025-02-24 20:48:10.613874
case_502,c,2025-02-24 20:53:10.613874
case_502,c,2025-02-24 20:58:10.613874
case_502,a,2025-02-24 21:03:10.613874
case_503,b,2025-02-24 19:28:10.613905
case_503,c,2025-02-24 19:33:10.613905
case_503,b,2025-02-24 19:38:10.613905
case_503,a,2025-02-24 19:43:10.613905
case_503,a,2025-02-24 19:48:10.613905
case_503,c,2025-02-24 19:53:10.613905
case_503,a,2025-02-24 19:58:10.613905
case_503,c,2025-02-24 20:03:10.613905
case_503,b,2025-02-24 20:08:10.613905
case_503,c,2025-02-24 20:13:10.613905
case_503,a,2025-02-24 20:18:10.613905
case_503,a,2025-02-24 20:23:10.613905
case_503,a,2025-02-24 20:28:10.613905
case_503,a,2025-02-24 20:33:10.613905
case_503,b,2025-02-24 20:38:10.613905
case_503,b,2025-02-24 20:43:10.613905
case_503,c,2025-02-24 20:48:10.613905
case_503,c,2025-02-24 20:53:10.613905
case_503,b,2025-02-24 20:58:10.613905
case_503,a,2025-02-24 21:03:10.613905
case_504,a,2025-02-24 19:28:10.613936
case_504,b,2025-02-24 19:33:10.613936
case_504,c,2025-02-24 19:38:10.613936
case_504,b,2025-02-24 19:43:10.613936
case_504,c,2025-02-24 19:48:10.613936
case_504,a,2025-02-24 19:53:10.613936
case_504,a,2025-02-24 19:58:10.613936
case_504,a,2025-02-24 20:03:10.613936
case_504,a,2025-02-24 20:08:10.613936
case_504,b,2025-02-24 20:13:10.613936
case_504,b,2025-02-24 20:18:10.613936
case_504,b,2025-02-24 20:23:10.613936
case_504,b,2025-02-24 20:28:10.613936
case_504,c,2025-02-24 20:33:10.613936
case_504,a,2025-02-24 20:38:10.613936
case_504,b,2025-02-24 20:43:10.613936
case_504,c,2025-02-24 20:48:10.613936
case_504,c,2025-02-24 20:53:10.613936
case_504,a,2025-02-24 20:58:10.613936
case_504,a,2025-02-24 21:03:10.613936
case_505,c,2025-02-24 19:28:10.613967
case_505,c,2025-02-24 19:33:10.613967
case_505,a,2025-02-24 19:38:10.613967
case_505,b,2025-02-24 19:43:10.613967
case_505,b,2025-02-24 19:48:10.613967
case_505,a,2025-02-24 19:53:10.613967
case_505,a,2025-02-24 19:58:10.613967
case_505,c,2025-02-24 20:03:10.613967
case_505,a,2025-02-24 20:08:10.613967
case_505,c,2025-02-24 20:13:10.613967
case_505,b,2025-02-24 20:18:10.613967
case_505,c,2025-02-24 20:23:10.613967
case_505,c,2025-02-24 20:28:10.613967
case_505,c,2025-02-24 20:33:10.613967
case_505,c,2025-02-24 20:38:10.613967
case_505,b,2025-02-24 20:43:10.613967
case_505,c,2025-02-24 20:48:10.613967
case_505,c,2025-02-24 20:53:10.613967
case_505,b,2025-02-24 20:58:10.613967
case_505,a,2025-02-24 21:03:10.613967
case_506,c,2025-02-24 19:28:10.613998
case_506,b,2025-02-24 19:33:10.613998
case_506,b,2025-02-24 19:38:10.613998
case_506,a,2025-02-24 19:43:10.613998
case_506,a,2025-02-24 19:48:10.613998
case_506,a,2025-02-24 19:53:10.613998
case_506,b,2025-02-24 19:58:10.613998
case_506,c,2025-02-24 20:03:10.613998
case_506,c,2025-02-24 20:08:10.613998
case_506,c,2025-02-24 20:13:10.613998
case_506,b,2025-02-24 20:18:10.613998
case_506,b,2025-02-24 20:23:10.613998
case_506,c,2025-02-24 20:28:10.613998
case_506,b,2025-02-24 20:33:10.613998
case_506,b,2025-02-24 20:38:10.613998
case_506,a,2025-02-24 20:43:10.613998
case_506,a,2025-02-24 20:48:10.613998
case_506,a,2025-02-24 20:53:10.613998
case_506,b,2025-02-24 20:58:10.613998
case_506,b,2025-02-24 21:03:10.613998
case_507,c,2025-02-24 19:28:10.614029
case_507,c,2025-02-24 19:33:10.614029
case_507,a,2025-02-24 19:38:10.614029
case_507,c,2025-02-24 19:43:10.614029
case_507,b,2025-02-24 19:48:10.614029
case_507,a,2025-02-24 19:53:10.614029
case_507,c,2025-02-24 19:58:10.614029
case_507,a,2025-02-24 20:03:10.614029
case_507,c,2025-02-24 20:08:10.614029
case_507,a,2025-02-24 20:13:10.614029
case_507,a,2025-02-24 20:18:10.614029
case_507,c,2025-02-24 20:23:10.614029
case_507,b,2025-02-24 20:28:10.614029
case_507,a,2025-02-24 20:33:10.614029
case_507,a,2025-02-24 20:38:10.614029
case_507,b,2025-02-24 20:43:10.614029
case_507,c,2025-02-24 20:48:10.614029
case_507,a,2025-02-24 20:53:10.614029
case_507,b,2025-02-24 20:58:10.614029
case_507,a,2025-02-24 21:03:10.614029
case_508,b,2025-02-24 19:28:10.614060
case_508,c,2025-02-24 19:33:10.614060
case_508,a,2025-02-24 19:38:10.614060
case_508,b,2025-02-24 19:43:10.614060
case_508,a,2025-02-24 19:48:10.614060
case_508,c,2025-02-24 19:53:10.614060
case_508,c,2025-02-24 19:58:10.614060
case_508,b,2025-02-24 20:03:10.614060
case_508,a,2025-02-24 20:08:10.614060
case_508,b,2025-02-24 20:13:10.614060
case_508,c,2025-02-24 20:18:10.614060
case_508,b,2025-02-24 20:23:10.614060
case_508,a,2025-02-24 20:28:10.614060
case_508,c,2025-02-24 20:33:10.614060
case_508,b,2025-02-24 20:38:10.614060
case_508,c,2025-02-24 20:43:10.614060
case_508,c,2025-02-24 20:48:10.614060
case_508,b,2025-02-24 20:53:10.614060
case_508,c,2025-02-24 20:58:10.614060
case_508,a,2025-02-24 21:03:10.614060
case_509,a,2025-02-24 19:28:10.614091
case_509,a,2025-02-24 19:33:10.614091
case_509,b,2025-02-24 19:38:10.614091
case_509,c,2025-02-24 19:43:10.614091
case_509,b,2025-02-24 19:48:10.614091
case_509,c,2025-02-24 19:53:10.614091
case_509,c,2025-02-24 19:58:10.614091
case_509,c,2025-02-24 20:03:10.614091
case_509,b,2025-02-24 20:08:10.614091
case_509,c,2025-02-24 20:13:10.614091
case_509,b,2025-02-24 20:18:10.614091
case_509,c,2025-02-24 20:23:10.614091
case_509,c,2025-02-24 20:28:10.614091
case_509,c,2025-02-24 20:33:10.614091
case_509,c,2025-02-24 20:38:10.614091
case_509,a,2025-02-24 20:43:10.614091
case_509,c,2025-02-24 20:48:10.614091
case_509,c,2025-02-24 20:53:10.614091
case_509,b,2025-02-24 20:58:10.614091
case_509,a,2025-02-24 21:03:10.614091
case_510,b,2025-02-24 19:28:10.614121
case_510,a,2025-02-24 19:33:10.614121
case_510,c,2025-02-24 19:38:10.614121
case_510,c,2025-02-24 19:43:10.614121
case_510,a,2025-02-24 19:48:10.614121
case_510,b,2025-02-24 19:53:10.614121
case_510,a,2025-02-24 19:58:10.614121
case_510,a,2025-02-24 20:03:10.614121
case_510,b,2025-02-24 20:08:10.614121
case_510,a,2025-02-24 20:13:10.614121
case_510,c,2025-02-24 20:18:10.614121
case_510,a,2025-02-24 20:23:10.614121
case_510,c,2025-02-24 20:28:10.614121
case_510,c,2025-02-24 20:33:10.614121
case_510,a,2025-02-24 20:38:10.614121
case_510,c,2025-02-24 20:43:10.614121
case_510,c,2025-02-24 20:48:10.614121
case_510,c,2025-02-24 20:53:10.614121
case_510,b,2025-02-24 20:58:10.614121
case_510,a,2025-02-24 21:03:10.614121
case_511,b,2025-02-24 19:28:10.614152
case_511,c,2025-02-24 19:33:10.614152
case_511,c,2025-02-24 19:38:10.614152
case_511,c,2025-02-24 19:43:10.614152
case_511,a,2025-02-24 19:48:10.614152
case_511,a,2025-02-24 19:53:10.614152
case_511,c,2025-02-24 19:58:10.614152
case_511,b,2025-02-24 20:03:10.614152
case_511,b,2025-02-24 20:08:10.614152
case_511,a,2025-02-24 20:13:10.614152
case_511,b,2025-02-24 20:18:10.614152
case_511,a,2025-02-24 20:23:10.614152
case_511,a,2025-02-24 20:28:10.614152
case_511,b,2025-02-24 20:33:10.614152
case_511,a,2025-02-24 20:38:10.614152
case_511,a,2025-02-24 20:43:10.614152
case_511,a,2025-02-24 20:48:10.614152
case_511,c,2025-02-24 20:53:10.614152
case_511,b,2025-02-24 20:58:10.614152
case_511,a,2025-02-24 21:03:10.614152
case_512,b,2025-02-24 19:28:10.614183
case_512,c,2025-02-24 19:33:10.614183
case_512,c,2025-02-24 19:38:10.614183
case_512,b,2025-02-24 19:43:10.614183
case_512,a,2025-02-24 19:48:10.614183
case_512,a,2025-02-24 19:53:10.614183
case_512,c,2025-02-24 19:58:10.614183
case_512,c,2025-02-24 20:03:10.614183
case_512,c,2025-02-24 20:08:10.614183
case_512,c,2025-02-24 20:13:10.614183
case_512,c,2025-02-24 20:18:10.614183
case_512,b,2025-02-24 20:23:10.614183
case_512,b,2025-02-24 20:28:10.614183
case_512,b,2025-02-24 20:33:10.614183
case_512,b,2025-02-24 20:38:10.614183
case_512,c,2025-02-24 20:43:10.614183
case_512,b,2025-02-24 20:48:10.614183
case_512,a,2025-02-24 20:53:10.614183
case_512,a,2025-02-24 20:58:10.614183
case_512,b,2025-02-24 21:03:10.614183
case_513,b,2025-02-24 19:28:10.614214
case_513,a,2025-02-24 19:33:10.614214
case_513,a,2025-02-24 19:38:10.614214
case_513,b,2025-02-24 19:43:10.614214
case_513,c,2025-02-24 19:48:10.614214
case_513,a,2025-02-24 19:53:10.614214
case_513,a,2025-02-24 19:58:10.614214
case_513,a,2025-02-24 20:03:10.614214
case_513,a,2025-02-24 20:08:10.614214
case_513,a,2025-02-24 20:13:10.614214
case_513,a,2025-02-24 20:18:10.614214
case_513,c,2025-02-24 20:23:10.614214
case_513,c,2025-02-24 20:28:10.614214
case_513,b,2025-02-24 20:33:10.614214
case_513,b,2025-02-24 20:38:10.614214
case_513,b,2025-02-24 20:43:10.614214
case_513,b,2025-02-24 20:48:10.614214
case_513,c,2025-02-24 20:53:10.614214
case_513,b,2025-02-24 20:58:10.614214
case_513,a,2025-02-24 21:03:10.614214
case_514,a,2025-02-24 19:28:10.614245
case_514,a,2025-02-24 19:33:10.614245
case_514,b,2025-02-24 19:38:10.614245
case_514,b,2025-02-24 19:43:10.614245
case_514,b,2025-02-24 19:48:10.614245
case_514,b,2025-02-24 19:53:10.614245
case_514,a,2025-02-24 19:58:10.614245
case_514,c,2025-02-24 20:03:10.614245
case_514,b,2025-02-24 20:08:10.614245
case_514,a,2025-02-24 20:13:10.614245
case_514,a,2025-02-24 20:18:10.614245
case_514,c,2025-02-24 20:23:10.614245
case_514,b,2025-02-24 20:28:10.614245
case_514,a,2025-02-24 20:33:10.614245
case_514,b,2025-02-24 20:38:10.614245
case_514,a,2025-02-24 20:43:10.614245
case_514,c,2025-02-24 20:48:10.614245
case_514,c,2025-02-24 20:53:10.614245
case_514,b,2025-02-24 20:58:10.614245
case_514,a,2025-02-24 21:03:10.614245
case_515,b,2025-02-24 19:28:10.614276
case_515,b,2025-02-24 19:33:10.614276
case_515,b,2025-02-24 19:38:10.614276
case_515,c,2025-02-24 19:43:10.614276
case_515,a,2025-02-24 19:48:10.614276
case_515,c,2025-02-24 19:53:10.614276
case_515,b,2025-02-24 19:58:10.614276
case_515,a,2025-02-24 20:03:10.614276
case_515,c,2025-02-24 20:08:10.614276
case_515,c,2025-02-24 20:13:10.614276
case_515,b,2025-02-24 20:18:10.614276
case_515,a,2025-02-24 20:23:10.614276
case_515,a,2025-02-24 20:28:10.614276
case_515,a,2025-02-24 20:33:10.614276
case_515,b,2025-02-24 20:38:10.614276
case_515,b,2025-02-24 20:43:10.614276
case_515,b,2025-02-24 20:48:10.614276
case_515,a,2025-02-24 20:53:10.614276
case_515,a,2025-02-24 20:58:10.614276
case_515,b,2025-02-24 21:03:10.614276
case_516,b,2025-02-24 19:28:10.614306
case_516,b,2025-02-24 19:33:10.614306
case_516,c,2025-02-24 19:38:10.614306
case_516,a,2025-02-24 19:43:10.614306
case_516,a,2025-02-24 19:48:10.614306
case_516,c,2025-02-24 19:53:10.614306
case_516,a,2025-02-24 19:58:10.614306
case_516,a,2025-02-24 20:03:10.614306
case_516,b,2025-02-24 20:08:10.614306
case_516,b,2025-02-24 20:13:10.614306
case_516,b,2025-02-24 20:18:10.614306
case_516,a,2025-02-24 20:23:10.614306
case_516,c,2025-02-24 20:28:10.614306
case_516,b,2025-02-24 20:33:10.614306
case_516,a,2025-02-24 20:38:10.614306
case_516,c,2025-02-24 20:43:10.614306
case_516,c,2025-02-24 20:48:10.614306
case_516,a,2025-02-24 20:53:10.614306
case_516,b,2025-02-24 20:58:10.614306
case_516,b,2025-02-24 21:03:10.614306
case_517,c,2025-02-24 19:28:10.614339
case_517,b,2025-02-24 19:33:10.614339
case_517,c,2025-02-24 19:38:10.614339
case_517,b,2025-02-24 19:43:10.614339
case_517,b,2025-02-24 19:48:10.614339
case_517,c,2025-02-24 19:53:10.614339
case_517,a,2025-02-24 19:58:10.614339
case_517,a,2025-02-24 20:03:10.614339
case_517,b,2025-02-24 20:08:10.614339
case_517,a,2025-02-24 20:13:10.614339
case_517,b,2025-02-24 20:18:10.614339
case_517,a,2025-02-24 20:23:10.614339
case_517,b,2025-02-24 20:28:10.614339
case_517,c,2025-02-24 20:33:10.614339
case_517,b,2025-02-24 20:38:10.614339
case_517,b,2025-02-24 20:43:10.614339
case_517,a,2025-02-24 20:48:10.614339
case_517,c,2025-02-24 20:53:10.614339
case_517,c,2025-02-24 20:58:10.614339
case_517,a,2025-02-24 21:03:10.614339
case_518,b,2025-02-24 19:28:10.614369
case_518,c,2025-02-24 19:33:10.614369
case_518,a,2025-02-24 19:38:10.614369
case_518,b,2025-02-24 19:43:10.614369
case_518,c,2025-02-24 19:48:10.614369
case_518,c,2025-02-24 19:53:10.614369
case_518,a,2025-02-24 19:58:10.614369
case_518,b,2025-02-24 20:03:10.614369
case_518,c,2025-02-24 20:08:10.614369
case_518,b,2025-02-24 20:13:10.614369
case_518,c,2025-02-24 20:18:10.614369
case_518,b,2025-02-24 20:23:10.614369
case_518,b,2025-02-24 20:28:10.614369
case_518,b,2025-02-24 20:33:10.614369
case_518,a,2025-02-24 20:38:10.614369
case_518,b,2025-02-24 20:43:10.614369
case_518,b,2025-02-24 20:48:10.614369
case_518,b,2025-02-24 20:53:10.614369
case_518,a,2025-02-24 20:58:10.614369
case_518,a,2025-02-24 21:03:10.614369
case_519,b,2025-02-24 19:28:10.614400
case_519,a,2025-02-24 19:33:10.614400
case_519,b,2025-02-24 19:38:10.614400
case_519,c,2025-02-24 19:43:10.614400
case_519,a,2025-02-24 19:48:10.614400
case_519,b,2025-02-24 19:53:10.614400
case_519,b,2025-02-24 19:58:10.614400
case_519,a,2025-02-24 20:03:10.614400
case_519,c,2025-02-24 20:08:10.614400
case_519,a,2025-02-24 20:13:10.614400
case_519,b,2025-02-24 20:18:10.614400
case_519,c,2025-02-24 20:23:10.614400
case_519,b,2025-02-24 20:28:10.614400
case_519,a,2025-02-24 20:33:10.614400
case_519,a,2025-02-24 20:38:10.614400
case_519,b,2025-02-24 20:43:10.614400
case_519,c,2025-02-24 20:48:10.614400
case_519,c,2025-02-24 20:53:10.614400
case_519,c,2025-02-24 20:58:10.614400
case_519,a,2025-02-24 21:03:10.614400
case_520,c,2025-02-24 19:28:10.614430
case_520,a,2025-02-24 19:33:10.614430
case_520,c,2025-02-24 19:38:10.614430
case_520,a,2025-02-24 19:43:10.614430
case_520,c,2025-02-24 19:48:10.614430
case_520,c,2025-02-24 19:53:10.614430
case_520,a,2025-02-24 19:58:10.614430
case_520,b,2025-02-24 20:03:10.614430
case_520,c,2025-02-24 20:08:10.614430
case_520,a,2025-02-24 20:13:10.614430
case_520,c,2025-02-24 20:18:10.614430
case_520,c,2025-02-24 20:23:10.614430
case_520,c,2025-02-24 20:28:10.614430
case_520,a,2025-02-24 20:33:10.614430
case_520,c,2025-02-24 20:38:10.614430
case_520,c,2025-02-24 20:43:10.614430
case_520,a,2025-02-24 20:48:10.614430
case_520,a,2025-02-24 20:53:10.614430
case_520,c,2025-02-24 20:58:10.614430
case_520,a,2025-02-24 21:03:10.614430
case_521,b,2025-02-24 19:28:10.614461
case_521,b,2025-02-24 19:33:10.614461
case_521,c,2025-02-24 19:38:10.614461
case_521,b,2025-02-24 19:43:10.614461
case_521,c,2025-02-24 19:48:10.614461
case_521,a,2025-02-24 19:53:10.614461
case_521,b,2025-02-24 19:58:10.614461
case_521,b,2025-02-24 20:03:10.614461
case_521,a,2025-02-24 20:08:10.614461
case_521,b,2025-02-24 20:13:10.614461
case_521,b,2025-02-24 20:18:10.614461
case_521,b,2025-02-24 20:23:10.614461
case_521,c,2025-02-24 20:28:10.614461
case_521,a,2025-02-24 20:33:10.614461
case_521,c,2025-02-24 20:38:10.614461
case_521,b,2025-02-24 20:43:10.614461
case_521,b,2025-02-24 20:48:10.614461
case_521,c,2025-02-24 20:53:10.614461
case_521,c,2025-02-24 20:58:10.614461
case_521,a,2025-02-24 21:03:10.614461
case_522,c,2025-02-24 19:28:10.614491
case_522,c,2025-02-24 19:33:10.614491
case_522,a,2025-02-24 19:38:10.614491
case_522,b,2025-02-24 19:43:10.614491
case_522,b,2025-02-24 19:48:10.614491
case_522,a,2025-02-24 19:53:10.614491
case_522,a,2025-02-24 19:58:10.614491
case_522,b,2025-02-24 20:03:10.614491
case_522,a,2025-02-24 20:08:10.614491
case_522,b,2025-02-24 20:13:10.614491
case_522,a,2025-02-24 20:18:10.614491
case_522,a,2025-02-24 20:23:10.614491
case_522,a,2025-02-24 20:28:10.614491
case_522,b,2025-02-24 20:33:10.614491
case_522,c,2025-02-24 20:38:10.614491
case_522,b,2025-02-24 20:43:10.614491
case_522,c,2025-02-24 20:48:10.614491
case_522,c,2025-02-24 20:53:10.614491
case_522,b,2025-02-24 20:58:10.614491
case_522,a,2025-02-24 21:03:10.614491
case_523,c,2025-02-24 19:28:10.614521
case_523,a,2025-02-24 19:33:10.614521
case_523,a,2025-02-24 19:38:10.614521
case_523,b,2025-02-24 19:43:10.614521
case_523,c,2025-02-24 19:48:10.614521
case_523,c,2025-02-24 19:53:10.614521
case_523,a,2025-02-24 19:58:10.614521
case_523,b,2025-02-24 20:03:10.614521
case_523,b,2025-02-24 20:08:10.614521
case_523,a,2025-02-24 20:13:10.614521
case_523,a,2025-02-24 20:18:10.614521
case_523,a,2025-02-24 20:23:10.614521
case_523,a,2025-02-24 20:28:10.614521
case_523,b,2025-02-24 20:33:10.614521
case_523,c,2025-02-24 20:38:10.614521
case_523,c,2025-02-24 20:43:10.614521
case_523,a,2025-02-24 20:48:10.614521
case_523,b,2025-02-24 20:53:10.614521
case_523,a,2025-02-24 20:58:10.614521
case_523,b,2025-02-24 21:03:10.614521
case_524,a,2025-02-24 19:28:10.614552
case_524,a,2025-02-24 19:33:10.614552
case_524,b,2025-02-24 19:38:10.614552
case_524,b,2025-02-24 19:43:10.614552
case_524,a,2025-02-24 19:48:10.614552
case_524,a,2025-02-24 19:53:10.614552
case_524,a,2025-02-24 19:58:10.614552
case_524,c,2025-02-24 20:03:10.614552
case_524,b,2025-02-24 20:08:10.614552
case_524,a,2025-02-24 20:13:10.614552
case_524,a,2025-02-24 20:18:10.614552
case_524,a,2025-02-24 20:23:10.614552
case_524,c,2025-02-24 20:28:10.614552
case_524,c,2025-02-24 20:33:10.614552
case_524,a,2025-02-24 20:38:10.614552
case_524,a,2025-02-24 20:43:10.614552
case_524,c,2025-02-24 20:48:10.614552
case_524,b,2025-02-24 20:53:10.614552
case_524,a,2025-02-24 20:58:10.614552
case_524,b,2025-02-24 21:03:10.614552
case_525,b,2025-02-24 19:28:10.614583
case_525,a,2025-02-24 19:33:10.614583
case_525,b,2025-02-24 19:38:10.614583
case_525,b,2025-02-24 19:43:10.614583
case_525,a,2025-02-24 19:48:10.614583
case_525,b,2025-02-24 19:53:10.614583
case_525,b,2025-02-24 19:58:10.614583
case_525,c,2025-02-24 20:03:10.614583
case_525,a,2025-02-24 20:08:10.614583
case_525,a,2025-02-24 20:13:10.614583
case_525,b,2025-02-24 20:18:10.614583
case_525,a,2025-02-24 20:23:10.614583
case_525,b,2025-02-24 20:28:10.614583
case_525,b,2025-02-24 20:33:10.614583
case_525,b,2025-02-24 20:38:10.614583
case_525,c,2025-02-24 20:43:10.614583
case_525,a,2025-02-24 20:48:10.614583
case_525,c,2025-02-24 20:53:10.614583
case_525,c,2025-02-24 20:58:10.614583
case_525,a,2025-02-24 21:03:10.614583
case_526,b,2025-02-24 19:28:10.614613
case_526,a,2025-02-24 19:33:10.614613
case_526,c,2025-02-24 19:38:10.614613
case_526,a,2025-02-24 19:43:10.614613
case_526,b,2025-02-24 19:48:10.614613
case_526,b,2025-02-24 19:53:10.614613
case_526,c,2025-02-24 19:58:10.614613
case_526,c,2025-02-24 20:03:10.614613
case_526,a,2025-02-24 20:08:10.614613
case_526,b,2025-02-24 20:13:10.614613
case_526,a,2025-02-24 20:18:10.614613
case_526,c,2025-02-24 20:23:10.614613
case_526,c,2025-02-24 20:28:10.614613
case_526,b,2025-02-24 20:33:10.614613
case_526,a,2025-02-24 20:38:10.614613
case_526,a,2025-02-24 20:43:10.614613
case_526,b,2025-02-24 20:48:10.614613
case_526,b,2025-02-24 20:53:10.614613
case_526,b,2025-02-24 20:58:10.614613
case_526,a,2025-02-24 21:03:10.614613
case_527,c,2025-02-24 19:28:10.614643
case_527,b,2025-02-24 19:33:10.614643
case_527,a,2025-02-24 19:38:10.614643
case_527,c,2025-02-24 19:43:10.614643
case_527,b,2025-02-24 19:48:10.614643
case_527,c,2025-02-24 19:53:10.614643
case_527,b,2025-02-24 19:58:10.614643
case_527,c,2025-02-24 20:03:10.614643
case_527,b,2025-02-24 20:08:10.614643
case_527,c,2025-02-24 20:13:10.614643
case_527,c,2025-02-24 20:18:10.614643
case_527,b,2025-02-24 20:23:10.614643
case_527,c,2025-02-24 20:28:10.614643
case_527,a,2025-02-24 20:33:10.614643
case_527,a,2025-02-24 20:38:10.614643
case_527,c,2025-02-24 20:43:10.614643
case_527,b,2025-02-24 20:48:10.614643
case_527,b,2025-02-24 20:53:10.614643
case_527,a,2025-02-24 20:58:10.614643
case_527,a,2025-02-24 21:03:10.614643
case_528,b,2025-02-24 19:28:10.614673
case_528,c,2025-02-24 19:33:10.614673
case_528,c,2025-02-24 19:38:10.614673
case_528,a,2025-02-24 19:43:10.614673
case_528,a,2025-02-24 19:48:10.614673
case_528,b,2025-02-24 19:53:10.614673
case_528,a,2025-02-24 19:58:10.614673
case_528,b,2025-02-24 20:03:10.614673
case_528,a,2025-02-24 20:08:10.614673
case_528,b,2025-02-24 20:13:10.614673
case_528,a,2025-02-24 20:18:10.614673
case_528,a,2025-02-24 20:23:10.614673
case_528,c,2025-02-24 20:28:10.614673
case_528,b,2025-02-24 20:33:10.614673
case_528,b,2025-02-24 20:38:10.614673
case_528,a,2025-02-24 20:43:10.614673
case_528,a,2025-02-24 20:48:10.614673
case_528,b,2025-02-24 20:53:10.614673
case_528,b,2025-02-24 20:58:10.614673
case_528,b,2025-02-24 21:03:10.614673
case_529,b,2025-02-24 19:28:10.614704
case_529,a,2025-02-24 19:33:10.614704
case_529,b,2025-02-24 19:38:10.614704
case_529,b,2025-02-24 19:43:10.614704
case_529,b,2025-02-24 19:48:10.614704
case_529,b,2025-02-24 19:53:10.614704
case_529,b,2025-02-24 19:58:10.614704
case_529,a,2025-02-24 20:03:10.614704
case_529,c,2025-02-24 20:08:10.614704
case_529,a,2025-02-24 20:13:10.614704
case_529,c,2025-02-24 20:18:10.614704
case_529,a,2025-02-24 20:23:10.614704
case_529,c,2025-02-24 20:28:10.614704
case_529,c,2025-02-24 20:33:10.614704
case_529,c,2025-02-24 20:38:10.614704
case_529,b,2025-02-24 20:43:10.614704
case_529,b,2025-02-24 20:48:10.614704
case_529,a,2025-02-24 20:53:10.614704
case_529,a,2025-02-24 20:58:10.614704
case_529,a,2025-02-24 21:03:10.614704
case_530,b,2025-02-24 19:28:10.614734
case_530,b,2025-02-24 19:33:10.614734
case_530,c,2025-02-24 19:38:10.614734
case_530,a,2025-02-24 19:43:10.614734
case_530,c,2025-02-24 19:48:10.614734
case_530,c,2025-02-24 19:53:10.614734
case_530,b,2025-02-24 19:58:10.614734
case_530,c,2025-02-24 20:03:10.614734
case_530,a,2025-02-24 20:08:10.614734
case_530,c,2025-02-24 20:13:10.614734
case_530,a,2025-02-24 20:18:10.614734
case_530,a,2025-02-24 20:23:10.614734
case_530,a,2025-02-24 20:28:10.614734
case_530,b,2025-02-24 20:33:10.614734
case_530,a,2025-02-24 20:38:10.614734
case_530,a,2025-02-24 20:43:10.614734
case_530,b,2025-02-24 20:48:10.614734
case_530,b,2025-02-24 20:53:10.614734
case_530,b,2025-02-24 20:58:10.614734
case_530,a,2025-02-24 21:03:10.614734
case_531,a,2025-02-24 19:28:10.614764
case_531,c,2025-02-24 19:33:10.614764
case_531,a,2025-02-24 19:38:10.614764
case_531,c,2025-02-24 19:43:10.614764
case_531,a,2025-02-24 19:48:10.614764
case_531,a,2025-02-24 19:53:10.614764
case_531,b,2025-02-24 19:58:10.614764
case_531,a,2025-02-24 20:03:10.614764
case_531,b,2025-02-24 20:08:10.614764
case_531,b,2025-02-24 20:13:10.614764
case_531,c,2025-02-24 20:18:10.614764
case_531,c,2025-02-24 20:23:10.614764
case_531,c,2025-02-24 20:28:10.614764
case_531,b,2025-02-24 20:33:10.614764
case_531,a,2025-02-24 20:38:10.614764
case_531,a,2025-02-24 20:43:10.614764
case_531,b,2025-02-24 20:48:10.614764
case_531,b,2025-02-24 20:53:10.614764
case_531,b,2025-02-24 20:58:10.614764
case_531,a,2025-02-24 21:03:10.614764
case_532,c,2025-02-24 19:28:10.614794
case_532,a,2025-02-24 19:33:10.614794
case_532,a,2025-02-24 19:38:10.614794
case_532,a,2025-02-24 19:43:10.614794
case_532,c,2025-02-24 19:48:10.614794
case_532,c,2025-02-24 19:53:10.614794
case_532,a,2025-02-24 19:58:10.614794
case_532,a,2025-02-24 20:03:10.614794
case_532,c,2025-02-24 20:08:10.614794
case_532,a,2025-02-24 20:13:10.614794
case_532,b,2025-02-24 20:18:10.614794
case_532,c,2025-02-24 20:23:10.614794
case_532,a,2025-02-24 20:28:10.614794
case_532,c,2025-02-24 20:33:10.614794
case_532,b,2025-02-24 20:38:10.614794
case_532,a,2025-02-24 20:43:10.614794
case_532,c,2025-02-24 20:48:10.614794
case_532,c,2025-02-24 20:53:10.614794
case_532,c,2025-02-24 20:58:10.614794
case_532,a,2025-02-24 21:03:10.614794
case_533,c,2025-02-24 19:28:10.614828
case_533,c,2025-02-24 19:33:10.614828
case_533,a,2025-02-24 19:38:10.614828
case_533,c,2025-02-24 19:43:10.614828
case_533,b,2025-02-24 19:48:10.614828
case_533,c,2025-02-24 19:53:10.614828
case_533,b,2025-02-24 19:58:10.614828
case_533,c,2025-02-24 20:03:10.614828
case_533,c,2025-02-24 20:08:10.614828
case_533,a,2025-02-24 20:13:10.614828
case_533,c,2025-02-24 20:18:10.614828
case_533,a,2025-02-24 20:23:10.614828
case_533,b,2025-02-24 20:28:10.614828
case_533,c,2025-02-24 20:33:10.614828
case_533,a,2025-02-24 20:38:10.614828
case_533,c,2025-02-24 20:43:10.614828
case_533,c,2025-02-24 20:48:10.614828
case_533,c,2025-02-24 20:53:10.614828
case_533,b,2025-02-24 20:58:10.614828
case_533,a,2025-02-24 21:03:10.614828
case_534,c,2025-02-24 19:28:10.614858
case_534,c,2025-02-24 19:33:10.614858
case_534,b,2025-02-24 19:38:10.614858
case_534,a,2025-02-24 19:43:10.614858
case_534,a,2025-02-24 19:48:10.614858
case_534,b,2025-02-24 19:53:10.614858
case_534,b,2025-02-24 19:58:10.614858
case_534,a,2025-02-24 20:03:10.614858
case_534,c,2025-02-24 20:08:10.614858
case_534,c,2025-02-24 20:13:10.614858
case_534,c,2025-02-24 20:18:10.614858
case_534,a,2025-02-24 20:23:10.614858
case_534,b,2025-02-24 20:28:10.614858
case_534,b,2025-02-24 20:33:10.614858
case_534,c,2025-02-24 20:38:10.614858
case_534,b,2025-02-24 20:43:10.614858
case_534,c,2025-02-24 20:48:10.614858
case_534,a,2025-02-24 20:53:10.614858
case_534,c,2025-02-24 20:58:10.614858
case_534,a,2025-02-24 21:03:10.614858
case_535,b,2025-02-24 19:28:10.614889
case_535,a,2025-02-24 19:33:10.614889
case_535,b,2025-02-24 19:38:10.614889
case_535,a,2025-02-24 19:43:10.614889
case_535,b,2025-02-24 19:48:10.614889
case_535,a,2025-02-24 19:53:10.614889
case_535,b,2025-02-24 19:58:10.614889
case_535,a,2025-02-24 20:03:10.614889
case_535,c,2025-02-24 20:08:10.614889
case_535,b,2025-02-24 20:13:10.614889
case_535,a,2025-02-24 20:18:10.614889
case_535,b,2025-02-24 20:23:10.614889
case_535,a,2025-02-24 20:28:10.614889
case_535,c,2025-02-24 20:33:10.614889
case_535,c,2025-02-24 20:38:10.614889
case_535,b,2025-02-24 20:43:10.614889
case_535,c,2025-02-24 20:48:10.614889
case_535,b,2025-02-24 20:53:10.614889
case_535,c,2025-02-24 20:58:10.614889
case_535,a,2025-02-24 21:03:10.614889
case_536,b,2025-02-24 19:28:10.614919
case_536,a,2025-02-24 19:33:10.614919
case_536,b,2025-02-24 19:38:10.614919
case_536,a,2025-02-24 19:43:10.614919
case_536,c,2025-02-24 19:48:10.614919
case_536,b,2025-02-24 19:53:10.614919
case_536,a,2025-02-24 19:58:10.614919
case_536,b,2025-02-24 20:03:10.614919
case_536,b,2025-02-24 20:08:10.614919
case_536,b,2025-02-24 20:13:10.614919
case_536,a,2025-02-24 20:18:10.614919
case_536,b,2025-02-24 20:23:10.614919
case_536,c,2025-02-24 20:28:10.614919
case_536,a,2025-02-24 20:33:10.614919
case_536,a,2025-02-24 20:38:10.614919
case_536,a,2025-02-24 20:43:10.614919
case_536,b,2025-02-24 20:48:10.614919
case_536,c,2025-02-24 20:53:10.614919
case_536,c,2025-02-24 20:58:10.614919
case_536,a,2025-02-24 21:03:10.614919
case_537,c,2025-02-24 19:28:10.614950
case_537,b,2025-02-24 19:33:10.614950
case_537,c,2025-02-24 19:38:10.614950
case_537,b,2025-02-24 19:43:10.614950
case_537,a,2025-02-24 19:48:10.614950
case_537,c,2025-02-24 19:53:10.614950
case_537,c,2025-02-24 19:58:10.614950
case_537,a,2025-02-24 20:03:10.614950
case_537,c,2025-02-24 20:08:10.614950
case_537,a,2025-02-24 20:13:10.614950
case_537,b,2025-02-24 20:18:10.614950
case_537,b,2025-02-24 20:23:10.614950
case_537,a,2025-02-24 20:28:10.614950
case_537,b,2025-02-24 20:33:10.614950
case_537,c,2025-02-24 20:38:10.614950
case_537,a,2025-02-24 20:43:10.614950
case_537,c,2025-02-24 20:48:10.614950
case_537,b,2025-02-24 20:53:10.614950
case_537,b,2025-02-24 20:58:10.614950
case_537,a,2025-02-24 21:03:10.614950
case_538,c,2025-02-24 19:28:10.614980
case_538,b,2025-02-24 19:33:10.614980
case_538,a,2025-02-24 19:38:10.614980
case_538,a,2025-02-24 19:43:10.614980
case_538,c,2025-02-24 19:48:10.614980
case_538,c,2025-02-24 19:53:10.614980
case_538,b,2025-02-24 19:58:10.614980
case_538,a,2025-02-24 20:03:10.614980
case_538,b,2025-02-24 20:08:10.614980
case_538,b,2025-02-24 20:13:10.614980
case_538,c,2025-02-24 20:18:10.614980
case_538,c,2025-02-24 20:23:10.614980
case_538,b,2025-02-24 20:28:10.614980
case_538,b,2025-02-24 20:33:10.614980
case_538,b,2025-02-24 20:38:10.614980
case_538,b,2025-02-24 20:43:10.614980
case_538,b,2025-02-24 20:48:10.614980
case_538,a,2025-02-24 20:53:10.614980
case_538,a,2025-02-24 20:58:10.614980
case_538,a,2025-02-24 21:03:10.614980
case_539,b,2025-02-24 19:28:10.615010
case_539,b,2025-02-24 19:33:10.615010
case_539,c,2025-02-24 19:38:10.615010
case_539,a,2025-02-24 19:43:10.615010
case_539,b,2025-02-24 19:48:10.615010
case_539,c,2025-02-24 19:53:10.615010
case_539,a,2025-02-24 19:58:10.615010
case_539,a,2025-02-24 20:03:10.615010
case_539,a,2025-02-24 20:08:10.615010
case_539,b,2025-02-24 20:13:10.615010
case_539,a,2025-02-24 20:18:10.615010
case_539,b,2025-02-24 20:23:10.615010
case_539,c,2025-02-24 20:28:10.615010
case_539,c,2025-02-24 20:33:10.615010
case_539,b,2025-02-24 20:38:10.615010
case_539,c,2025-02-24 20:43:10.615010
case_539,c,2025-02-24 20:48:10.615010
case_539,a,2025-02-24 20:53:10.615010
case_539,a,2025-02-24 20:58:10.615010
case_539,a,2025-02-24 21:03:10.615010
case_540,a,2025-02-24 19:28:10.615040
case_540,a,2025-02-24 19:33:10.615040
case_540,b,2025-02-24 19:38:10.615040
case_540,b,2025-02-24 19:43:10.615040
case_540,a,2025-02-24 19:48:10.615040
case_540,c,2025-02-24 19:53:10.615040
case_540,a,2025-02-24 19:58:10.615040
case_540,c,2025-02-24 20:03:10.615040
case_540,b,2025-02-24 20:08:10.615040
case_540,b,2025-02-24 20:13:10.615040
case_540,b,2025-02-24 20:18:10.615040
case_540,b,2025-02-24 20:23:10.615040
case_540,b,2025-02-24 20:28:10.615040
case_540,c,2025-02-24 20:33:10.615040
case_540,b,2025-02-24 20:38:10.615040
case_540,c,2025-02-24 20:43:10.615040
case_540,b,2025-02-24 20:48:10.615040
case_540,c,2025-02-24 20:53:10.615040
case_540,c,2025-02-24 20:58:10.615040
case_540,a,2025-02-24 21:03:10.615040
case_541,a,2025-02-24 19:28:10.615070
case_541,c,2025-02-24 19:33:10.615070
case_541,a,2025-02-24 19:38:10.615070
case_541,c,2025-02-24 19:43:10.615070
case_541,a,2025-02-24 19:48:10.615070
case_541,c,2025-02-24 19:53:10.615070
case_541,b,2025-02-24 19:58:10.615070
case_541,a,2025-02-24 20:03:10.615070
case_541,b,2025-02-24 20:08:10.615070
case_541,a,2025-02-24 20:13:10.615070
case_541,c,2025-02-24 20:18:10.615070
case_541,c,2025-02-24 20:23:10.615070
case_541,a,2025-02-24 20:28:10.615070
case_541,c,2025-02-24 20:33:10.615070
case_541,a,2025-02-24 20:38:10.615070
case_541,c,2025-02-24 20:43:10.615070
case_541,a,2025-02-24 20:48:10.615070
case_541,c,2025-02-24 20:53:10.615070
case_541,a,2025-02-24 20:58:10.615070
case_541,a,2025-02-24 21:03:10.615070
case_542,b,2025-02-24 19:28:10.615101
case_542,a,2025-02-24 19:33:10.615101
case_542,a,2025-02-24 19:38:10.615101
case_542,b,2025-02-24 19:43:10.615101
case_542,a,2025-02-24 19:48:10.615101
case_542,c,2025-02-24 19:53:10.615101
case_542,b,2025-02-24 19:58:10.615101
case_542,c,2025-02-24 20:03:10.615101
case_542,a,2025-02-24 20:08:10.615101
case_542,a,2025-02-24 20:13:10.615101
case_542,c,2025-02-24 20:18:10.615101
case_542,c,2025-02-24 20:23:10.615101
case_542,b,2025-02-24 20:28:10.615101
case_542,b,2025-02-24 20:33:10.615101
case_542,b,2025-02-24 20:38:10.615101
case_542,c,2025-02-24 20:43:10.615101
case_542,c,2025-02-24 20:48:10.615101
case_542,b,2025-02-24 20:53:10.615101
case_542,a,2025-02-24 20:58:10.615101
case_542,b,2025-02-24 21:03:10.615101
case_543,c,2025-02-24 19:28:10.615131
case_543,a,2025-02-24 19:33:10.615131
case_543,c,2025-02-24 19:38:10.615131
case_543,c,2025-02-24 19:43:10.615131
case_543,b,2025-02-24 19:48:10.615131
case_543,b,2025-02-24 19:53:10.615131
case_543,b,2025-02-24 19:58:10.615131
case_543,b,2025-02-24 20:03:10.615131
case_543,a,2025-02-24 20:08:10.615131
case_543,c,2025-02-24 20:13:10.615131
case_543,c,2025-02-24 20:18:10.615131
case_543,b,2025-02-24 20:23:10.615131
case_543,b,2025-02-24 20:28:10.615131
case_543,b,2025-02-24 20:33:10.615131
case_543,b,2025-02-24 20:38:10.615131
case_543,c,2025-02-24 20:43:10.615131
case_543,a,2025-02-24 20:48:10.615131
case_543,c,2025-02-24 20:53:10.615131
case_543,a,2025-02-24 20:58:10.615131
case_543,a,2025-02-24 21:03:10.615131
case_544,a,2025-02-24 19:28:10.615161
case_544,c,2025-02-24 19:33:10.615161
case_544,c,2025-02-24 19:38:10.615161
case_544,a,2025-02-24 19:43:10.615161
case_544,b,2025-02-24 19:48:10.615161
case_544,b,2025-02-24 19:53:10.615161
case_544,b,2025-02-24 19:58:10.615161
case_544,a,2025-02-24 20:03:10.615161
case_544,c,2025-02-24 20:08:10.615161
case_544,c,2025-02-24 20:13:10.615161
case_544,a,2025-02-24 20:18:10.615161
case_544,c,2025-02-24 20:23:10.615161
case_544,c,2025-02-24 20:28:10.615161
case_544,b,2025-02-24 20:33:10.615161
case_544,b,2025-02-24 20:38:10.615161
case_544,c,2025-02-24 20:43:10.615161
case_544,c,2025-02-24 20:48:10.615161
case_544,a,2025-02-24 20:53:10.615161
case_544,a,2025-02-24 20:58:10.615161
case_544,a,2025-02-24 21:03:10.615161
case_545,c,2025-02-24 19:28:10.615192
case_545,b,2025-02-24 19:33:10.615192
case_545,c,2025-02-24 19:38:10.615192
case_545,a,2025-02-24 19:43:10.615192
case_545,c,2025-02-24 19:48:10.615192
case_545,c,2025-02-24 19:53:10.615192
case_545,a,2025-02-24 19:58:10.615192
case_545,c,2025-02-24 20:03:10.615192
case_545,b,2025-02-24 20:08:10.615192
case_545,c,2025-02-24 20:13:10.615192
case_545,b,2025-02-24 20:18:10.615192
case_545,b,2025-02-24 20:23:10.615192
case_545,b,2025-02-24 20:28:10.615192
case_545,c,2025-02-24 20:33:10.615192
case_545,b,2025-02-24 20:38:10.615192
case_545,a,2025-02-24 20:43:10.615192
case_545,c,2025-02-24 20:48:10.615192
case_545,b,2025-02-24 20:53:10.615192
case_545,a,2025-02-24 20:58:10.615192
case_545,b,2025-02-24 21:03:10.615192
case_546,b,2025-02-24 19:28:10.615222
case_546,a,2025-02-24 19:33:10.615222
case_546,c,2025-02-24 19:38:10.615222
case_546,c,2025-02-24 19:43:10.615222
case_546,c,2025-02-24 19:48:10.615222
case_546,a,2025-02-24 19:53:10.615222
case_546,b,2025-02-24 19:58:10.615222
case_546,c,2025-02-24 20:03:10.615222
case_546,a,2025-02-24 20:08:10.615222
case_546,b,2025-02-24 20:13:10.615222
case_546,c,2025-02-24 20:18:10.615222
case_546,c,2025-02-24 20:23:10.615222
case_546,b,2025-02-24 20:28:10.615222
case_546,a,2025-02-24 20:33:10.615222
case_546,c,2025-02-24 20:38:10.615222
case_546,a,2025-02-24 20:43:10.615222
case_546,c,2025-02-24 20:48:10.615222
case_546,a,2025-02-24 20:53:10.615222
case_546,a,2025-02-24 20:58:10.615222
case_546,a,2025-02-24 21:03:10.615222
case_547,b,2025-02-24 19:28:10.615252
case_547,c,2025-02-24 19:33:10.615252
case_547,a,2025-02-24 19:38:10.615252
case_547,c,2025-02-24 19:43:10.615252
case_547,a,2025-02-24 19:48:10.615252
case_547,a,2025-02-24 19:53:10.615252
case_547,b,2025-02-24 19:58:10.615252
case_547,a,2025-02-24 20:03:10.615252
case_547,c,2025-02-24 20:08:10.615252
case_547,b,2025-02-24 20:13:10.615252
case_547,c,2025-02-24 20:18:10.615252
case_547,a,2025-02-24 20:23:10.615252
case_547,c,2025-02-24 20:28:10.615252
case_547,a,2025-02-24 20:33:10.615252
case_547,c,2025-02-24 20:38:10.615252
case_547,b,2025-02-24 20:43:10.615252
case_547,b,2025-02-24 20:48:10.615252
case_547,c,2025-02-24 20:53:10.615252
case_547,c,2025-02-24 20:58:10.615252
case_547,a,2025-02-24 21:03:10.615252
case_548,b,2025-02-24 19:28:10.615282
case_548,c,2025-02-24 19:33:10.615282
case_548,b,2025-02-24 19:38:10.615282
case_548,b,2025-02-24 19:43:10.615282
case_548,b,2025-02-24 19:48:10.615282
case_548,c,2025-02-24 19:53:10.615282
case_548,a,2025-02-24 19:58:10.615282
case_548,b,2025-02-24 20:03:10.615282
case_548,c,2025-02-24 20:08:10.615282
case_548,a,2025-02-24 20:13:10.615282
case_548,b,2025-02-24 20:18:10.615282
case_548,c,2025-02-24 20:23:10.615282
case_548,a,2025-02-24 20:28:10.615282
case_548,b,2025-02-24 20:33:10.615282
case_548,b,2025-02-24 20:38:10.615282
case_548,c,2025-02-24 20:43:10.615282
case_548,c,2025-02-24 20:48:10.615282
case_548,a,2025-02-24 20:53:10.615282
case_548,c,2025-02-24 20:58:10.615282
case_548,a,2025-02-24 21:03:10.615282
case_549,c,2025-02-24 19:28:10.615312
case_549,a,2025-02-24 19:33:10.615312
case_549,b,2025-02-24 19:38:10.615312
case_549,b,2025-02-24 19:43:10.615312
case_549,a,2025-02-24 19:48:10.615312
case_549,a,2025-02-24 19:53:10.615312
case_549,a,2025-02-24 19:58:10.615312
case_549,a,2025-02-24 20:03:10.615312
case_549,a,2025-02-24 20:08:10.615312
case_549,b,2025-02-24 20:13:10.615312
case_549,b,2025-02-24 20:18:10.615312
case_549,c,2025-02-24 20:23:10.615312
case_549,a,2025-02-24 20:28:10.615312
case_549,b,2025-02-24 20:33:10.615312
case_549,a,2025-02-24 20:38:10.615312
case_549,c,2025-02-24 20:43:10.615312
case_549,c,2025-02-24 20:48:10.615312
case_549,c,2025-02-24 20:53:10.615312
case_549,a,2025-02-24 20:58:10.615312
case_549,a,2025-02-24 21:03:10.615312
case_550,a,2025-02-24 19:28:10.615346
case_550,b,2025-02-24 19:33:10.615346
case_550,b,2025-02-24 19:38:10.615346
case_550,c,2025-02-24 19:43:10.615346
case_550,b,2025-02-24 19:48:10.615346
case_550,b,2025-02-24 19:53:10.615346
case_550,a,2025-02-24 19:58:10.615346
case_550,c,2025-02-24 20:03:10.615346
case_550,a,2025-02-24 20:08:10.615346
case_550,c,2025-02-24 20:13:10.615346
case_550,b,2025-02-24 20:18:10.615346
case_550,b,2025-02-24 20:23:10.615346
case_550,b,2025-02-24 20:28:10.615346
case_550,b,2025-02-24 20:33:10.615346
case_550,a,2025-02-24 20:38:10.615346
case_550,a,2025-02-24 20:43:10.615346
case_550,a,2025-02-24 20:48:10.615346
case_550,c,2025-02-24 20:53:10.615346
case_550,c,2025-02-24 20:58:10.615346
case_550,a,2025-02-24 21:03:10.615346
case_551,c,2025-02-24 19:28:10.615377
case_551,a,2025-02-24 19:33:10.615377
case_551,c,2025-02-24 19:38:10.615377
case_551,a,2025-02-24 19:43:10.615377
case_551,b,2025-02-24 19:48:10.615377
case_551,a,2025-02-24 19:53:10.615377
case_551,a,2025-02-24 19:58:10.615377
case_551,c,2025-02-24 20:03:10.615377
case_551,b,2025-02-24 20:08:10.615377
case_551,b,2025-02-24 20:13:10.615377
case_551,c,2025-02-24 20:18:10.615377
case_551,b,2025-02-24 20:23:10.615377
case_551,b,2025-02-24 20:28:10.615377
case_551,a,2025-02-24 20:33:10.615377
case_551,a,2025-02-24 20:38:10.615377
case_551,c,2025-02-24 20:43:10.615377
case_551,c,2025-02-24 20:48:10.615377
case_551,a,2025-02-24 20:53:10.615377
case_551,b,2025-02-24 20:58:10.615377
case_551,a,2025-02-24 21:03:10.615377
case_552,b,2025-02-24 19:28:10.615408
case_552,a,2025-02-24 19:33:10.615408
case_552,c,2025-02-24 19:38:10.615408
case_552,c,2025-02-24 19:43:10.615408
case_552,c,2025-02-24 19:48:10.615408
case_552,c,2025-02-24 19:53:10.615408
case_552,b,2025-02-24 19:58:10.615408
case_552,c,2025-02-24 20:03:10.615408
case_552,c,2025-02-24 20:08:10.615408
case_552,c,2025-02-24 20:13:10.615408
case_552,a,2025-02-24 20:18:10.615408
case_552,a,2025-02-24 20:23:10.615408
case_552,a,2025-02-24 20:28:10.615408
case_552,b,2025-02-24 20:33:10.615408
case_552,c,2025-02-24 20:38:10.615408
case_552,a,2025-02-24 20:43:10.615408
case_552,a,2025-02-24 20:48:10.615408
case_552,a,2025-02-24 20:53:10.615408
case_552,b,2025-02-24 20:58:10.615408
case_552,b,2025-02-24 21:03:10.615408
case_553,b,2025-02-24 19:28:10.615438
case_553,a,2025-02-24 19:33:10.615438
case_553,b,2025-02-24 19:38:10.615438
case_553,c,2025-02-24 19:43:10.615438
case_553,c,2025-02-24 19:48:10.615438
case_553,b,2025-02-24 19:53:10.615438
case_553,a,2025-02-24 19:58:10.615438
case_553,a,2025-02-24 20:03:10.615438
case_553,b,2025-02-24 20:08:10.615438
case_553,a,2025-02-24 20:13:10.615438
case_553,b,2025-02-24 20:18:10.615438
case_553,c,2025-02-24 20:23:10.615438
case_553,b,2025-02-24 20:28:10.615438
case_553,b,2025-02-24 20:33:10.615438
case_553,a,2025-02-24 20:38:10.615438
case_553,b,2025-02-24 20:43:10.615438
case_553,c,2025-02-24 20:48:10.615438
case_553,c,2025-02-24 20:53:10.615438
case_553,c,2025-02-24 20:58:10.615438
case_553,a,2025-02-24 21:03:10.615438
case_554,b,2025-02-24 19:28:10.615469
case_554,a,2025-02-24 19:33:10.615469
case_554,b,2025-02-24 19:38:10.615469
case_554,b,2025-02-24 19:43:10.615469
case_554,a,2025-02-24 19:48:10.615469
case_554,b,2025-02-24 19:53:10.615469
case_554,c,2025-02-24 19:58:10.615469
case_554,c,2025-02-24 20:03:10.615469
case_554,a,2025-02-24 20:08:10.615469
case_554,c,2025-02-24 20:13:10.615469
case_554,c,2025-02-24 20:18:10.615469
case_554,c,2025-02-24 20:23:10.615469
case_554,a,2025-02-24 20:28:10.615469
case_554,c,2025-02-24 20:33:10.615469
case_554,b,2025-02-24 20:38:10.615469
case_554,c,2025-02-24 20:43:10.615469
case_554,c,2025-02-24 20:48:10.615469
case_554,c,2025-02-24 20:53:10.615469
case_554,a,2025-02-24 20:58:10.615469
case_554,b,2025-02-24 21:03:10.615469
case_555,a,2025-02-24 19:28:10.615499
case_555,c,2025-02-24 19:33:10.615499
case_555,c,2025-02-24 19:38:10.615499
case_555,a,2025-02-24 19:43:10.615499
case_555,a,2025-02-24 19:48:10.615499
case_555,a,2025-02-24 19:53:10.615499
case_555,b,2025-02-24 19:58:10.615499
case_555,b,2025-02-24 20:03:10.615499
case_555,b,2025-02-24 20:08:10.615499
case_555,c,2025-02-24 20:13:10.615499
case_555,b,2025-02-24 20:18:10.615499
case_555,c,2025-02-24 20:23:10.615499
case_555,c,2025-02-24 20:28:10.615499
case_555,a,2025-02-24 20:33:10.615499
case_555,a,2025-02-24 20:38:10.615499
case_555,a,2025-02-24 20:43:10.615499
case_555,a,2025-02-24 20:48:10.615499
case_555,c,2025-02-24 20:53:10.615499
case_555,c,2025-02-24 20:58:10.615499
case_555,a,2025-02-24 21:03:10.615499
case_556,c,2025-02-24 19:28:10.615529
case_556,a,2025-02-24 19:33:10.615529
case_556,b,2025-02-24 19:38:10.615529
case_556,b,2025-02-24 19:43:10.615529
case_556,c,2025-02-24 19:48:10.615529
case_556,b,2025-02-24 19:53:10.615529
case_556,a,2025-02-24 19:58:10.615529
case_556,b,2025-02-24 20:03:10.615529
case_556,a,2025-02-24 20:08:10.615529
case_556,a,2025-02-24 20:13:10.615529
case_556,b,2025-02-24 20:18:10.615529
case_556,a,2025-02-24 20:23:10.615529
case_556,a,2025-02-24 20:28:10.615529
case_556,b,2025-02-24 20:33:10.615529
case_556,b,2025-02-24 20:38:10.615529
case_556,a,2025-02-24 20:43:10.615529
case_556,c,2025-02-24 20:48:10.615529
case_556,c,2025-02-24 20:53:10.615529
case_556,a,2025-02-24 20:58:10.615529
case_556,a,2025-02-24 21:03:10.615529
case_557,b,2025-02-24 19:28:10.615560
case_557,b,2025-02-24 19:33:10.615560
case_557,c,2025-02-24 19:38:10.615560
case_557,b,2025-02-24 19:43:10.615560
case_557,c,2025-02-24 19:48:10.615560
case_557,c,2025-02-24 19:53:10.615560
case_557,c,2025-02-24 19:58:10.615560
case_557,c,2025-02-24 20:03:10.615560
case_557,c,2025-02-24 20:08:10.615560
case_557,a,2025-02-24 20:13:10.615560
case_557,a,2025-02-24 20:18:10.615560
case_557,b,2025-02-24 20:23:10.615560
case_557,c,2025-02-24 20:28:10.615560
case_557,c,2025-02-24 20:33:10.615560
case_557,c,2025-02-24 20:38:10.615560
case_557,b,2025-02-24 20:43:10.615560
case_557,a,2025-02-24 20:48:10.615560
case_557,c,2025-02-24 20:53:10.615560
case_557,c,2025-02-24 20:58:10.615560
case_557,a,2025-02-24 21:03:10.615560
case_558,c,2025-02-24 19:28:10.615590
case_558,a,2025-02-24 19:33:10.615590
case_558,a,2025-02-24 19:38:10.615590
case_558,a,2025-02-24 19:43:10.615590
case_558,a,2025-02-24 19:48:10.615590
case_558,a,2025-02-24 19:53:10.615590
case_558,c,2025-02-24 19:58:10.615590
case_558,b,2025-02-24 20:03:10.615590
case_558,a,2025-02-24 20:08:10.615590
case_558,c,2025-02-24 20:13:10.615590
case_558,b,2025-02-24 20:18:10.615590
case_558,b,2025-02-24 20:23:10.615590
case_558,a,2025-02-24 20:28:10.615590
case_558,c,2025-02-24 20:33:10.615590
case_558,b,2025-02-24 20:38:10.615590
case_558,a,2025-02-24 20:43:10.615590
case_558,a,2025-02-24 20:48:10.615590
case_558,c,2025-02-24 20:53:10.615590
case_558,c,2025-02-24 20:58:10.615590
case_558,a,2025-02-24 21:03:10.615590
case_559,b,2025-02-24 19:28:10.615621
case_559,a,2025-02-24 19:33:10.615621
case_559,b,2025-02-24 19:38:10.615621
case_559,c,2025-02-24 19:43:10.615621
case_559,c,2025-02-24 19:48:10.615621
case_559,a,2025-02-24 19:53:10.615621
case_559,c,2025-02-24 19:58:10.615621
case_559,c,2025-02-24 20:03:10.615621
case_559,a,2025-02-24 20:08:10.615621
case_559,c,2025-02-24 20:13:10.615621
case_559,b,2025-02-24 20:18:10.615621
case_559,c,2025-02-24 20:23:10.615621
case_559,c,2025-02-24 20:28:10.615621
case_559,b,2025-02-24 20:33:10.615621
case_559,a,2025-02-24 20:38:10.615621
case_559,b,2025-02-24 20:43:10.615621
case_559,c,2025-02-24 20:48:10.615621
case_559,c,2025-02-24 20:53:10.615621
case_559,b,2025-02-24 20:58:10.615621
case_559,a,2025-02-24 21:03:10.615621
case_560,a,2025-02-24 19:28:10.615651
case_560,c,2025-02-24 19:33:10.615651
case_560,c,2025-02-24 19:38:10.615651
case_560,a,2025-02-24 19:43:10.615651
case_560,b,2025-02-24 19:48:10.615651
case_560,b,2025-02-24 19:53:10.615651
case_560,c,2025-02-24 19:58:10.615651
case_560,b,2025-02-24 20:03:10.615651
case_560,b,2025-02-24 20:08:10.615651
case_560,a,2025-02-24 20:13:10.615651
case_560,c,2025-02-24 20:18:10.615651
case_560,b,2025-02-24 20:23:10.615651
case_560,c,2025-02-24 20:28:10.615651
case_560,c,2025-02-24 20:33:10.615651
case_560,c,2025-02-24 20:38:10.615651
case_560,a,2025-02-24 20:43:10.615651
case_560,a,2025-02-24 20:48:10.615651
case_560,b,2025-02-24 20:53:10.615651
case_560,a,2025-02-24 20:58:10.615651
case_560,a,2025-02-24 21:03:10.615651
case_561,c,2025-02-24 19:28:10.615682
case_561,b,2025-02-24 19:33:10.615682
case_561,a,2025-02-24 19:38:10.615682
case_561,b,2025-02-24 19:43:10.615682
case_561,b,2025-02-24 19:48:10.615682
case_561,c,2025-02-24 19:53:10.615682
case_561,a,2025-02-24 19:58:10.615682
case_561,a,2025-02-24 20:03:10.615682
case_561,c,2025-02-24 20:08:10.615682
case_561,c,2025-02-24 20:13:10.615682
case_561,c,2025-02-24 20:18:10.615682
case_561,a,2025-02-24 20:23:10.615682
case_561,c,2025-02-24 20:28:10.615682
case_561,b,2025-02-24 20:33:10.615682
case_561,b,2025-02-24 20:38:10.615682
case_561,a,2025-02-24 20:43:10.615682
case_561,c,2025-02-24 20:48:10.615682
case_561,c,2025-02-24 20:53:10.615682
case_561,a,2025-02-24 20:58:10.615682
case_561,a,2025-02-24 21:03:10.615682
case_562,a,2025-02-24 19:28:10.615713
case_562,a,2025-02-24 19:33:10.615713
case_562,c,2025-02-24 19:38:10.615713
case_562,b,2025-02-24 19:43:10.615713
case_562,c,2025-02-24 19:48:10.615713
case_562,a,2025-02-24 19:53:10.615713
case_562,c,2025-02-24 19:58:10.615713
case_562,c,2025-02-24 20:03:10.615713
case_562,b,2025-02-24 20:08:10.615713
case_562,a,2025-02-24 20:13:10.615713
case_562,c,2025-02-24 20:18:10.615713
case_562,c,2025-02-24 20:23:10.615713
case_562,c,2025-02-24 20:28:10.615713
case_562,c,2025-02-24 20:33:10.615713
case_562,c,2025-02-24 20:38:10.615713
case_562,c,2025-02-24 20:43:10.615713
case_562,b,2025-02-24 20:48:10.615713
case_562,c,2025-02-24 20:53:10.615713
case_562,a,2025-02-24 20:58:10.615713
case_562,b,2025-02-24 21:03:10.615713
case_563,b,2025-02-24 19:28:10.615743
case_563,c,2025-02-24 19:33:10.615743
case_563,a,2025-02-24 19:38:10.615743
case_563,b,2025-02-24 19:43:10.615743
case_563,b,2025-02-24 19:48:10.615743
case_563,a,2025-02-24 19:53:10.615743
case_563,c,2025-02-24 19:58:10.615743
case_563,a,2025-02-24 20:03:10.615743
case_563,a,2025-02-24 20:08:10.615743
case_563,a,2025-02-24 20:13:10.615743
case_563,a,2025-02-24 20:18:10.615743
case_563,a,2025-02-24 20:23:10.615743
case_563,a,2025-02-24 20:28:10.615743
case_563,c,2025-02-24 20:33:10.615743
case_563,a,2025-02-24 20:38:10.615743
case_563,b,2025-02-24 20:43:10.615743
case_563,a,2025-02-24 20:48:10.615743
case_563,c,2025-02-24 20:53:10.615743
case_563,c,2025-02-24 20:58:10.615743
case_563,a,2025-02-24 21:03:10.615743
case_564,b,2025-02-24 19:28:10.615774
case_564,a,2025-02-24 19:33:10.615774
case_564,b,2025-02-24 19:38:10.615774
case_564,c,2025-02-24 19:43:10.615774
case_564,a,2025-02-24 19:48:10.615774
case_564,b,2025-02-24 19:53:10.615774
case_564,b,2025-02-24 19:58:10.615774
case_564,b,2025-02-24 20:03:10.615774
case_564,c,2025-02-24 20:08:10.615774
case_564,b,2025-02-24 20:13:10.615774
case_564,b,2025-02-24 20:18:10.615774
case_564,a,2025-02-24 20:23:10.615774
case_564,c,2025-02-24 20:28:10.615774
case_564,c,2025-02-24 20:33:10.615774
case_564,c,2025-02-24 20:38:10.615774
case_564,b,2025-02-24 20:43:10.615774
case_564,b,2025-02-24 20:48:10.615774
case_564,b,2025-02-24 20:53:10.615774
case_564,c,2025-02-24 20:58:10.615774
case_564,a,2025-02-24 21:03:10.615774
case_565,a,2025-02-24 19:28:10.615805
case_565,b,2025-02-24 19:33:10.615805
case_565,b,2025-02-24 19:38:10.615805
case_565,a,2025-02-24 19:43:10.615805
case_565,a,2025-02-24 19:48:10.615805
case_565,c,2025-02-24 19:53:10.615805
case_565,a,2025-02-24 19:58:10.615805
case_565,b,2025-02-24 20:03:10.615805
case_565,c,2025-02-24 20:08:10.615805
case_565,b,2025-02-24 20:13:10.615805
case_565,a,2025-02-24 20:18:10.615805
case_565,b,2025-02-24 20:23:10.615805
case_565,b,2025-02-24 20:28:10.615805
case_565,b,2025-02-24 20:33:10.615805
case_565,b,2025-02-24 20:38:10.615805
case_565,b,2025-02-24 20:43:10.615805
case_565,b,2025-02-24 20:48:10.615805
case_565,c,2025-02-24 20:53:10.615805
case_565,c,2025-02-24 20:58:10.615805
case_565,a,2025-02-24 21:03:10.615805
case_566,b,2025-02-24 19:28:10.615835
case_566,b,2025-02-24 19:33:10.615835
case_566,c,2025-02-24 19:38:10.615835
case_566,c,2025-02-24 19:43:10.615835
case_566,b,2025-02-24 19:48:10.615835
case_566,b,2025-02-24 19:53:10.615835
case_566,a,2025-02-24 19:58:10.615835
case_566,b,2025-02-24 20:03:10.615835
case_566,b,2025-02-24 20:08:10.615835
case_566,c,2025-02-24 20:13:10.615835
case_566,a,2025-02-24 20:18:10.615835
case_566,b,2025-02-24 20:23:10.615835
case_566,a,2025-02-24 20:28:10.615835
case_566,a,2025-02-24 20:33:10.615835
case_566,b,2025-02-24 20:38:10.615835
case_566,a,2025-02-24 20:43:10.615835
case_566,c,2025-02-24 20:48:10.615835
case_566,a,2025-02-24 20:53:10.615835
case_566,b,2025-02-24 20:58:10.615835
case_566,a,2025-02-24 21:03:10.615835
case_567,c,2025-02-24 19:28:10.615865
case_567,c,2025-02-24 19:33:10.615865
case_567,b,2025-02-24 19:38:10.615865
case_567,a,2025-02-24 19:43:10.615865
case_567,a,2025-02-24 19:48:10.615865
case_567,c,2025-02-24 19:53:10.615865
case_567,a,2025-02-24 19:58:10.615865
case_567,a,2025-02-24 20:03:10.615865
case_567,a,2025-02-24 20:08:10.615865
case_567,c,2025-02-24 20:13:10.615865
case_567,c,2025-02-24 20:18:10.615865
case_567,c,2025-02-24 20:23:10.615865
case_567,a,2025-02-24 20:28:10.615865
case_567,c,2025-02-24 20:33:10.615865
case_567,b,2025-02-24 20:38:10.615865
case_567,b,2025-02-24 20:43:10.615865
case_567,a,2025-02-24 20:48:10.615865
case_567,b,2025-02-24 20:53:10.615865
case_567,b,2025-02-24 20:58:10.615865
case_567,b,2025-02-24 21:03:10.615865
case_568,b,2025-02-24 19:28:10.615896
case_568,c,2025-02-24 19:33:10.615896
case_568,c,2025-02-24 19:38:10.615896
case_568,b,2025-02-24 19:43:10.615896
case_568,a,2025-02-24 19:48:10.615896
case_568,a,2025-02-24 19:53:10.615896
case_568,c,2025-02-24 19:58:10.615896
case_568,c,2025-02-24 20:03:10.615896
case_568,a,2025-02-24 20:08:10.615896
case_568,a,2025-02-24 20:13:10.615896
case_568,c,2025-02-24 20:18:10.615896
case_568,c,2025-02-24 20:23:10.615896
case_568,c,2025-02-24 20:28:10.615896
case_568,b,2025-02-24 20:33:10.615896
case_568,a,2025-02-24 20:38:10.615896
case_568,a,2025-02-24 20:43:10.615896
case_568,b,2025-02-24 20:48:10.615896
case_568,a,2025-02-24 20:53:10.615896
case_568,a,2025-02-24 20:58:10.615896
case_568,a,2025-02-24 21:03:10.615896
case_569,b,2025-02-24 19:28:10.615927
case_569,c,2025-02-24 19:33:10.615927
case_569,c,2025-02-24 19:38:10.615927
case_569,b,2025-02-24 19:43:10.615927
case_569,c,2025-02-24 19:48:10.615927
case_569,b,2025-02-24 19:53:10.615927
case_569,a,2025-02-24 19:58:10.615927
case_569,b,2025-02-24 20:03:10.615927
case_569,c,2025-02-24 20:08:10.615927
case_569,c,2025-02-24 20:13:10.615927
case_569,a,2025-02-24 20:18:10.615927
case_569,c,2025-02-24 20:23:10.615927
case_569,c,2025-02-24 20:28:10.615927
case_569,b,2025-02-24 20:33:10.615927
case_569,b,2025-02-24 20:38:10.615927
case_569,a,2025-02-24 20:43:10.615927
case_569,a,2025-02-24 20:48:10.615927
case_569,a,2025-02-24 20:53:10.615927
case_569,b,2025-02-24 20:58:10.615927
case_569,b,2025-02-24 21:03:10.615927
case_570,a,2025-02-24 19:28:10.615957
case_570,b,2025-02-24 19:33:10.615957
case_570,b,2025-02-24 19:38:10.615957
case_570,b,2025-02-24 19:43:10.615957
case_570,a,2025-02-24 19:48:10.615957
case_570,c,2025-02-24 19:53:10.615957
case_570,a,2025-02-24 19:58:10.615957
case_570,a,2025-02-24 20:03:10.615957
case_570,a,2025-02-24 20:08:10.615957
case_570,a,2025-02-24 20:13:10.615957
case_570,a,2025-02-24 20:18:10.615957
case_570,a,2025-02-24 20:23:10.615957
case_570,b,2025-02-24 20:28:10.615957
case_570,c,2025-02-24 20:33:10.615957
case_570,c,2025-02-24 20:38:10.615957
case_570,a,2025-02-24 20:43:10.615957
case_570,a,2025-02-24 20:48:10.615957
case_570,b,2025-02-24 20:53:10.615957
case_570,b,2025-02-24 20:58:10.615957
case_570,b,2025-02-24 21:03:10.615957
case_571,b,2025-02-24 19:28:10.615987
case_571,b,2025-02-24 19:33:10.615987
case_571,c,2025-02-24 19:38:10.615987
case_571,a,2025-02-24 19:43:10.615987
case_571,b,2025-02-24 19:48:10.615987
case_571,c,2025-02-24 19:53:10.615987
case_571,a,2025-02-24 19:58:10.615987
case_571,a,2025-02-24 20:03:10.615987
case_571,c,2025-02-24 20:08:10.615987
case_571,b,2025-02-24 20:13:10.615987
case_571,a,2025-02-24 20:18:10.615987
case_571,a,2025-02-24 20:23:10.615987
case_571,c,2025-02-24 20:28:10.615987
case_571,a,2025-02-24 20:33:10.615987
case_571,a,2025-02-24 20:38:10.615987
case_571,c,2025-02-24 20:43:10.615987
case_571,a,2025-02-24 20:48:10.615987
case_571,c,2025-02-24 20:53:10.615987
case_571,c,2025-02-24 20:58:10.615987
case_571,a,2025-02-24 21:03:10.615987
case_572,c,2025-02-24 19:28:10.616018
case_572,b,2025-02-24 19:33:10.616018
case_572,b,2025-02-24 19:38:10.616018
case_572,c,2025-02-24 19:43:10.616018
case_572,a,2025-02-24 19:48:10.616018
case_572,a,2025-02-24 19:53:10.616018
case_572,b,2025-02-24 19:58:10.616018
case_572,c,2025-02-24 20:03:10.616018
case_572,c,2025-02-24 20:08:10.616018
case_572,c,2025-02-24 20:13:10.616018
case_572,a,2025-02-24 20:18:10.616018
case_572,a,2025-02-24 20:23:10.616018
case_572,a,2025-02-24 20:28:10.616018
case_572,c,2025-02-24 20:33:10.616018
case_572,a,2025-02-24 20:38:10.616018
case_572,c,2025-02-24 20:43:10.616018
case_572,a,2025-02-24 20:48:10.616018
case_572,a,2025-02-24 20:53:10.616018
case_572,a,2025-02-24 20:58:10.616018
case_572,b,2025-02-24 21:03:10.616018
case_573,b,2025-02-24 19:28:10.616048
case_573,b,2025-02-24 19:33:10.616048
case_573,b,2025-02-24 19:38:10.616048
case_573,c,2025-02-24 19:43:10.616048
case_573,a,2025-02-24 19:48:10.616048
case_573,c,2025-02-24 19:53:10.616048
case_573,b,2025-02-24 19:58:10.616048
case_573,c,2025-02-24 20:03:10.616048
case_573,c,2025-02-24 20:08:10.616048
case_573,c,2025-02-24 20:13:10.616048
case_573,a,2025-02-24 20:18:10.616048
case_573,b,2025-02-24 20:23:10.616048
case_573,b,2025-02-24 20:28:10.616048
case_573,a,2025-02-24 20:33:10.616048
case_573,b,2025-02-24 20:38:10.616048
case_573,a,2025-02-24 20:43:10.616048
case_573,b,2025-02-24 20:48:10.616048
case_573,b,2025-02-24 20:53:10.616048
case_573,a,2025-02-24 20:58:10.616048
case_573,a,2025-02-24 21:03:10.616048
case_574,c,2025-02-24 19:28:10.616079
case_574,c,2025-02-24 19:33:10.616079
case_574,b,2025-02-24 19:38:10.616079
case_574,a,2025-02-24 19:43:10.616079
case_574,a,2025-02-24 19:48:10.616079
case_574,a,2025-02-24 19:53:10.616079
case_574,c,2025-02-24 19:58:10.616079
case_574,a,2025-02-24 20:03:10.616079
case_574,b,2025-02-24 20:08:10.616079
case_574,a,2025-02-24 20:13:10.616079
case_574,b,2025-02-24 20:18:10.616079
case_574,a,2025-02-24 20:23:10.616079
case_574,b,2025-02-24 20:28:10.616079
case_574,c,2025-02-24 20:33:10.616079
case_574,a,2025-02-24 20:38:10.616079
case_574,a,2025-02-24 20:43:10.616079
case_574,b,2025-02-24 20:48:10.616079
case_574,a,2025-02-24 20:53:10.616079
case_574,c,2025-02-24 20:58:10.616079
case_574,a,2025-02-24 21:03:10.616079
case_575,c,2025-02-24 19:28:10.616109
case_575,a,2025-02-24 19:33:10.616109
case_575,a,2025-02-24 19:38:10.616109
case_575,a,2025-02-24 19:43:10.616109
case_575,a,2025-02-24 19:48:10.616109
case_575,b,2025-02-24 19:53:10.616109
case_575,a,2025-02-24 19:58:10.616109
case_575,c,2025-02-24 20:03:10.616109
case_575,a,2025-02-24 20:08:10.616109
case_575,b,2025-02-24 20:13:10.616109
case_575,a,2025-02-24 20:18:10.616109
case_575,b,2025-02-24 20:23:10.616109
case_575,a,2025-02-24 20:28:10.616109
case_575,c,2025-02-24 20:33:10.616109
case_575,a,2025-02-24 20:38:10.616109
case_575,c,2025-02-24 20:43:10.616109
case_575,b,2025-02-24 20:48:10.616109
case_575,c,2025-02-24 20:53:10.616109
case_575,c,2025-02-24 20:58:10.616109
case_575,a,2025-02-24 21:03:10.616109
case_576,c,2025-02-24 19:28:10.616140
case_576,a,2025-02-24 19:33:10.616140
case_576,a,2025-02-24 19:38:10.616140
case_576,b,2025-02-24 19:43:10.616140
case_576,b,2025-02-24 19:48:10.616140
case_576,b,2025-02-24 19:53:10.616140
case_576,a,2025-02-24 19:58:10.616140
case_576,c,2025-02-24 20:03:10.616140
case_576,c,2025-02-24 20:08:10.616140
case_576,b,2025-02-24 20:13:10.616140
case_576,b,2025-02-24 20:18:10.616140
case_576,c,2025-02-24 20:23:10.616140
case_576,a,2025-02-24 20:28:10.616140
case_576,b,2025-02-24 20:33:10.616140
case_576,b,2025-02-24 20:38:10.616140
case_576,b,2025-02-24 20:43:10.616140
case_576,a,2025-02-24 20:48:10.616140
case_576,a,2025-02-24 20:53:10.616140
case_576,c,2025-02-24 20:58:10.616140
case_576,a,2025-02-24 21:03:10.616140
case_577,c,2025-02-24 19:28:10.616171
case_577,c,2025-02-24 19:33:10.616171
case_577,b,2025-02-24 19:38:10.616171
case_577,b,2025-02-24 19:43:10.616171
case_577,a,2025-02-24 19:48:10.616171
case_577,a,2025-02-24 19:53:10.616171
case_577,b,2025-02-24 19:58:10.616171
case_577,a,2025-02-24 20:03:10.616171
case_577,b,2025-02-24 20:08:10.616171
case_577,a,2025-02-24 20:13:10.616171
case_577,c,2025-02-24 20:18:10.616171
case_577,c,2025-02-24 20:23:10.616171
case_577,a,2025-02-24 20:28:10.616171
case_577,b,2025-02-24 20:33:10.616171
case_577,b,2025-02-24 20:38:10.616171
case_577,c,2025-02-24 20:43:10.616171
case_577,b,2025-02-24 20:48:10.616171
case_577,b,2025-02-24 20:53:10.616171
case_577,b,2025-02-24 20:58:10.616171
case_577,a,2025-02-24 21:03:10.616171
case_578,b,2025-02-24 19:28:10.616201
case_578,a,2025-02-24 19:33:10.616201
case_578,b,2025-02-24 19:38:10.616201
case_578,a,2025-02-24 19:43:10.616201
case_578,b,2025-02-24 19:48:10.616201
case_578,b,2025-02-24 19:53:10.616201
case_578,a,2025-02-24 19:58:10.616201
case_578,a,2025-02-24 20:03:10.616201
case_578,a,2025-02-24 20:08:10.616201
case_578,a,2025-02-24 20:13:10.616201
case_578,a,2025-02-24 20:18:10.616201
case_578,c,2025-02-24 20:23:10.616201
case_578,b,2025-02-24 20:28:10.616201
case_578,b,2025-02-24 20:33:10.616201
case_578,b,2025-02-24 20:38:10.616201
case_578,a,2025-02-24 20:43:10.616201
case_578,b,2025-02-24 20:48:10.616201
case_578,c,2025-02-24 20:53:10.616201
case_578,c,2025-02-24 20:58:10.616201
case_578,a,2025-02-24 21:03:10.616201
case_579,b,2025-02-24 19:28:10.616232
case_579,a,2025-02-24 19:33:10.616232
case_579,c,2025-02-24 19:38:10.616232
case_579,a,2025-02-24 19:43:10.616232
case_579,a,2025-02-24 19:48:10.616232
case_579,c,2025-02-24 19:53:10.616232
case_579,b,2025-02-24 19:58:10.616232
case_579,c,2025-02-24 20:03:10.616232
case_579,a,2025-02-24 20:08:10.616232
case_579,a,2025-02-24 20:13:10.616232
case_579,c,2025-02-24 20:18:10.616232
case_579,a,2025-02-24 20:23:10.616232
case_579,a,2025-02-24 20:28:10.616232
case_579,c,2025-02-24 20:33:10.616232
case_579,b,2025-02-24 20:38:10.616232
case_579,a,2025-02-24 20:43:10.616232
case_579,b,2025-02-24 20:48:10.616232
case_579,c,2025-02-24 20:53:10.616232
case_579,c,2025-02-24 20:58:10.616232
case_579,a,2025-02-24 21:03:10.616232
case_580,b,2025-02-24 19:28:10.616262
case_580,b,2025-02-24 19:33:10.616262
case_580,a,2025-02-24 19:38:10.616262
case_580,a,2025-02-24 19:43:10.616262
case_580,b,2025-02-24 19:48:10.616262
case_580,b,2025-02-24 19:53:10.616262
case_580,c,2025-02-24 19:58:10.616262
case_580,b,2025-02-24 20:03:10.616262
case_580,b,2025-02-24 20:08:10.616262
case_580,c,2025-02-24 20:13:10.616262
case_580,b,2025-02-24 20:18:10.616262
case_580,c,2025-02-24 20:23:10.616262
case_580,c,2025-02-24 20:28:10.616262
case_580,c,2025-02-24 20:33:10.616262
case_580,b,2025-02-24 20:38:10.616262
case_580,b,2025-02-24 20:43:10.616262
case_580,c,2025-02-24 20:48:10.616262
case_580,a,2025-02-24 20:53:10.616262
case_580,a,2025-02-24 20:58:10.616262
case_580,a,2025-02-24 21:03:10.616262
case_581,c,2025-02-24 19:28:10.616293
case_581,c,2025-02-24 19:33:10.616293
case_581,c,2025-02-24 19:38:10.616293
case_581,a,2025-02-24 19:43:10.616293
case_581,c,2025-02-24 19:48:10.616293
case_581,c,2025-02-24 19:53:10.616293
case_581,c,2025-02-24 19:58:10.616293
case_581,a,2025-02-24 20:03:10.616293
case_581,b,2025-02-24 20:08:10.616293
case_581,b,2025-02-24 20:13:10.616293
case_581,a,2025-02-24 20:18:10.616293
case_581,b,2025-02-24 20:23:10.616293
case_581,c,2025-02-24 20:28:10.616293
case_581,b,2025-02-24 20:33:10.616293
case_581,a,2025-02-24 20:38:10.616293
case_581,a,2025-02-24 20:43:10.616293
case_581,a,2025-02-24 20:48:10.616293
case_581,a,2025-02-24 20:53:10.616293
case_581,a,2025-02-24 20:58:10.616293
case_581,a,2025-02-24 21:03:10.616293
case_582,c,2025-02-24 19:28:10.616326
case_582,b,2025-02-24 19:33:10.616326
case_582,c,2025-02-24 19:38:10.616326
case_582,c,2025-02-24 19:43:10.616326
case_582,b,2025-02-24 19:48:10.616326
case_582,b,2025-02-24 19:53:10.616326
case_582,a,2025-02-24 19:58:10.616326
case_582,b,2025-02-24 20:03:10.616326
case_582,a,2025-02-24 20:08:10.616326
case_582,a,2025-02-24 20:13:10.616326
case_582,c,2025-02-24 20:18:10.616326
case_582,a,2025-02-24 20:23:10.616326
case_582,a,2025-02-24 20:28:10.616326
case_582,b,2025-02-24 20:33:10.616326
case_582,b,2025-02-24 20:38:10.616326
case_582,c,2025-02-24 20:43:10.616326
case_582,c,2025-02-24 20:48:10.616326
case_582,c,2025-02-24 20:53:10.616326
case_582,c,2025-02-24 20:58:10.616326
case_582,a,2025-02-24 21:03:10.616326
case_583,c,2025-02-24 19:28:10.616356
case_583,a,2025-02-24 19:33:10.616356
case_583,b,2025-02-24 19:38:10.616356
case_583,b,2025-02-24 19:43:10.616356
case_583,c,2025-02-24 19:48:10.616356
case_583,b,2025-02-24 19:53:10.616356
case_583,c,2025-02-24 19:58:10.616356
case_583,c,2025-02-24 20:03:10.616356
case_583,c,2025-02-24 20:08:10.616356
case_583,c,2025-02-24 20:13:10.616356
case_583,a,2025-02-24 20:18:10.616356
case_583,c,2025-02-24 20:23:10.616356
case_583,a,2025-02-24 20:28:10.616356
case_583,a,2025-02-24 20:33:10.616356
case_583,c,2025-02-24 20:38:10.616356
case_583,a,2025-02-24 20:43:10.616356
case_583,a,2025-02-24 20:48:10.616356
case_583,a,2025-02-24 20:53:10.616356
case_583,c,2025-02-24 20:58:10.616356
case_583,a,2025-02-24 21:03:10.616356
case_584,c,2025-02-24 19:28:10.616386
case_584,b,2025-02-24 19:33:10.616386
case_584,c,2025-02-24 19:38:10.616386
case_584,a,2025-02-24 19:43:10.616386
case_584,c,2025-02-24 19:48:10.616386
case_584,c,2025-02-24 19:53:10.616386
case_584,c,2025-02-24 19:58:10.616386
case_584,c,2025-02-24 20:03:10.616386
case_584,b,2025-02-24 20:08:10.616386
case_584,b,2025-02-24 20:13:10.616386
case_584,c,2025-02-24 20:18:10.616386
case_584,c,2025-02-24 20:23:10.616386
case_584,a,2025-02-24 20:28:10.616386
case_584,c,2025-02-24 20:33:10.616386
case_584,c,2025-02-24 20:38:10.616386
case_584,c,2025-02-24 20:43:10.616386
case_584,b,2025-02-24 20:48:10.616386
case_584,a,2025-02-24 20:53:10.616386
case_584,a,2025-02-24 20:58:10.616386
case_584,b,2025-02-24 21:03:10.616386
case_585,a,2025-02-24 19:28:10.616417
case_585,a,2025-02-24 19:33:10.616417
case_585,c,2025-02-24 19:38:10.616417
case_585,a,2025-02-24 19:43:10.616417
case_585,c,2025-02-24 19:48:10.616417
case_585,c,2025-02-24 19:53:10.616417
case_585,b,2025-02-24 19:58:10.616417
case_585,c,2025-02-24 20:03:10.616417
case_585,b,2025-02-24 20:08:10.616417
case_585,a,2025-02-24 20:13:10.616417
case_585,b,2025-02-24 20:18:10.616417
case_585,a,2025-02-24 20:23:10.616417
case_585,c,2025-02-24 20:28:10.616417
case_585,c,2025-02-24 20:33:10.616417
case_585,a,2025-02-24 20:38:10.616417
case_585,c,2025-02-24 20:43:10.616417
case_585,c,2025-02-24 20:48:10.616417
case_585,c,2025-02-24 20:53:10.616417
case_585,b,2025-02-24 20:58:10.616417
case_585,a,2025-02-24 21:03:10.616417
case_586,b,2025-02-24 19:28:10.616447
case_586,a,2025-02-24 19:33:10.616447
case_586,a,2025-02-24 19:38:10.616447
case_586,b,2025-02-24 19:43:10.616447
case_586,c,2025-02-24 19:48:10.616447
case_586,b,2025-02-24 19:53:10.616447
case_586,b,2025-02-24 19:58:10.616447
case_586,a,2025-02-24 20:03:10.616447
case_586,a,2025-02-24 20:08:10.616447
case_586,a,2025-02-24 20:13:10.616447
case_586,b,2025-02-24 20:18:10.616447
case_586,a,2025-02-24 20:23:10.616447
case_586,a,2025-02-24 20:28:10.616447
case_586,a,2025-02-24 20:33:10.616447
case_586,a,2025-02-24 20:38:10.616447
case_586,a,2025-02-24 20:43:10.616447
case_586,a,2025-02-24 20:48:10.616447
case_586,c,2025-02-24 20:53:10.616447
case_586,c,2025-02-24 20:58:10.616447
case_586,a,2025-02-24 21:03:10.616447
case_587,b,2025-02-24 19:28:10.616478
case_587,b,2025-02-24 19:33:10.616478
case_587,a,2025-02-24 19:38:10.616478
case_587,b,2025-02-24 19:43:10.616478
case_587,c,2025-02-24 19:48:10.616478
case_587,c,2025-02-24 19:53:10.616478
case_587,a,2025-02-24 19:58:10.616478
case_587,b,2025-02-24 20:03:10.616478
case_587,a,2025-02-24 20:08:10.616478
case_587,c,2025-02-24 20:13:10.616478
case_587,b,2025-02-24 20:18:10.616478
case_587,b,2025-02-24 20:23:10.616478
case_587,b,2025-02-24 20:28:10.616478
case_587,b,2025-02-24 20:33:10.616478
case_587,b,2025-02-24 20:38:10.616478
case_587,b,2025-02-24 20:43:10.616478
case_587,c,2025-02-24 20:48:10.616478
case_587,b,2025-02-24 20:53:10.616478
case_587,c,2025-02-24 20:58:10.616478
case_587,a,2025-02-24 21:03:10.616478
case_588,a,2025-02-24 19:28:10.616508
case_588,c,2025-02-24 19:33:10.616508
case_588,a,2025-02-24 19:38:10.616508
case_588,c,2025-02-24 19:43:10.616508
case_588,b,2025-02-24 19:48:10.616508
case_588,b,2025-02-24 19:53:10.616508
case_588,c,2025-02-24 19:58:10.616508
case_588,a,2025-02-24 20:03:10.616508
case_588,a,2025-02-24 20:08:10.616508
case_588,c,2025-02-24 20:13:10.616508
case_588,c,2025-02-24 20:18:10.616508
case_588,c,2025-02-24 20:23:10.616508
case_588,b,2025-02-24 20:28:10.616508
case_588,c,2025-02-24 20:33:10.616508
case_588,c,2025-02-24 20:38:10.616508
case_588,c,2025-02-24 20:43:10.616508
case_588,b,2025-02-24 20:48:10.616508
case_588,b,2025-02-24 20:53:10.616508
case_588,c,2025-02-24 20:58:10.616508
case_588,a,2025-02-24 21:03:10.616508
case_589,b,2025-02-24 19:28:10.616538
case_589,a,2025-02-24 19:33:10.616538
case_589,b,2025-02-24 19:38:10.616538
case_589,c,2025-02-24 19:43:10.616538
case_589,c,2025-02-24 19:48:10.616538
case_589,c,2025-02-24 19:53:10.616538
case_589,a,2025-02-24 19:58:10.616538
case_589,b,2025-02-24 20:03:10.616538
case_589,b,2025-02-24 20:08:10.616538
case_589,c,2025-02-24 20:13:10.616538
case_589,c,2025-02-24 20:18:10.616538
case_589,a,2025-02-24 20:23:10.616538
case_589,a,2025-02-24 20:28:10.616538
case_589,c,2025-02-24 20:33:10.616538
case_589,c,2025-02-24 20:38:10.616538
case_589,b,2025-02-24 20:43:10.616538
case_589,b,2025-02-24 20:48:10.616538
case_589,c,2025-02-24 20:53:10.616538
case_589,b,2025-02-24 20:58:10.616538
case_589,a,2025-02-24 21:03:10.616538
case_590,b,2025-02-24 19:28:10.616568
case_590,a,2025-02-24 19:33:10.616568
case_590,b,2025-02-24 19:38:10.616568
case_590,c,2025-02-24 19:43:10.616568
case_590,b,2025-02-24 19:48:10.616568
case_590,a,2025-02-24 19:53:10.616568
case_590,b,2025-02-24 19:58:10.616568
case_590,c,2025-02-24 20:03:10.616568
case_590,b,2025-02-24 20:08:10.616568
case_590,c,2025-02-24 20:13:10.616568
case_590,c,2025-02-24 20:18:10.616568
case_590,b,2025-02-24 20:23:10.616568
case_590,a,2025-02-24 20:28:10.616568
case_590,c,2025-02-24 20:33:10.616568
case_590,c,2025-02-24 20:38:10.616568
case_590,b,2025-02-24 20:43:10.616568
case_590,c,2025-02-24 20:48:10.616568
case_590,a,2025-02-24 20:53:10.616568
case_590,c,2025-02-24 20:58:10.616568
case_590,a,2025-02-24 21:03:10.616568
case_591,a,2025-02-24 19:28:10.616599
case_591,b,2025-02-24 19:33:10.616599
case_591,c,2025-02-24 19:38:10.616599
case_591,c,2025-02-24 19:43:10.616599
case_591,b,2025-02-24 19:48:10.616599
case_591,b,2025-02-24 19:53:10.616599
case_591,b,2025-02-24 19:58:10.616599
case_591,b,2025-02-24 20:03:10.616599
case_591,b,2025-02-24 20:08:10.616599
case_591,b,2025-02-24 20:13:10.616599
case_591,a,2025-02-24 20:18:10.616599
case_591,c,2025-02-24 20:23:10.616599
case_591,c,2025-02-24 20:28:10.616599
case_591,a,2025-02-24 20:33:10.616599
case_591,b,2025-02-24 20:38:10.616599
case_591,c,2025-02-24 20:43:10.616599
case_591,a,2025-02-24 20:48:10.616599
case_591,b,2025-02-24 20:53:10.616599
case_591,b,2025-02-24 20:58:10.616599
case_591,b,2025-02-24 21:03:10.616599
case_592,b,2025-02-24 19:28:10.616629
case_592,b,2025-02-24 19:33:10.616629
case_592,b,2025-02-24 19:38:10.616629
case_592,a,2025-02-24 19:43:10.616629
case_592,c,2025-02-24 19:48:10.616629
case_592,a,2025-02-24 19:53:10.616629
case_592,b,2025-02-24 19:58:10.616629
case_592,a,2025-02-24 20:03:10.616629
case_592,b,2025-02-24 20:08:10.616629
case_592,a,2025-02-24 20:13:10.616629
case_592,c,2025-02-24 20:18:10.616629
case_592,a,2025-02-24 20:23:10.616629
case_592,a,2025-02-24 20:28:10.616629
case_592,c,2025-02-24 20:33:10.616629
case_592,a,2025-02-24 20:38:10.616629
case_592,a,2025-02-24 20:43:10.616629
case_592,c,2025-02-24 20:48:10.616629
case_592,c,2025-02-24 20:53:10.616629
case_592,b,2025-02-24 20:58:10.616629
case_592,a,2025-02-24 21:03:10.616629
case_593,c,2025-02-24 19:28:10.616660
case_593,a,2025-02-24 19:33:10.616660
case_593,a,2025-02-24 19:38:10.616660
case_593,a,2025-02-24 19:43:10.616660
case_593,c,2025-02-24 19:48:10.616660
case_593,b,2025-02-24 19:53:10.616660
case_593,c,2025-02-24 19:58:10.616660
case_593,b,2025-02-24 20:03:10.616660
case_593,b,2025-02-24 20:08:10.616660
case_593,b,2025-02-24 20:13:10.616660
case_593,b,2025-02-24 20:18:10.616660
case_593,c,2025-02-24 20:23:10.616660
case_593,b,2025-02-24 20:28:10.616660
case_593,a,2025-02-24 20:33:10.616660
case_593,b,2025-02-24 20:38:10.616660
case_593,b,2025-02-24 20:43:10.616660
case_593,a,2025-02-24 20:48:10.616660
case_593,c,2025-02-24 20:53:10.616660
case_593,c,2025-02-24 20:58:10.616660
case_593,a,2025-02-24 21:03:10.616660
case_594,a,2025-02-24 19:28:10.616690
case_594,a,2025-02-24 19:33:10.616690
case_594,a,2025-02-24 19:38:10.616690
case_594,a,2025-02-24 19:43:10.616690
case_594,b,2025-02-24 19:48:10.616690
case_594,c,2025-02-24 19:53:10.616690
case_594,c,2025-02-24 19:58:10.616690
case_594,a,2025-02-24 20:03:10.616690
case_594,c,2025-02-24 20:08:10.616690
case_594,a,2025-02-24 20:13:10.616690
case_594,b,2025-02-24 20:18:10.616690
case_594,a,2025-02-24 20:23:10.616690
case_594,c,2025-02-24 20:28:10.616690
case_594,b,2025-02-24 20:33:10.616690
case_594,b,2025-02-24 20:38:10.616690
case_594,b,2025-02-24 20:43:10.616690
case_594,a,2025-02-24 20:48:10.616690
case_594,a,2025-02-24 20:53:10.616690
case_594,c,2025-02-24 20:58:10.616690
case_594,a,2025-02-24 21:03:10.616690
case_595,a,2025-02-24 19:28:10.616720
case_595,b,2025-02-24 19:33:10.616720
case_595,c,2025-02-24 19:38:10.616720
case_595,c,2025-02-24 19:43:10.616720
case_595,b,2025-02-24 19:48:10.616720
case_595,a,2025-02-24 19:53:10.616720
case_595,c,2025-02-24 19:58:10.616720
case_595,a,2025-02-24 20:03:10.616720
case_595,a,2025-02-24 20:08:10.616720
case_595,b,2025-02-24 20:13:10.616720
case_595,b,2025-02-24 20:18:10.616720
case_595,b,2025-02-24 20:23:10.616720
case_595,c,2025-02-24 20:28:10.616720
case_595,c,2025-02-24 20:33:10.616720
case_595,c,2025-02-24 20:38:10.616720
case_595,c,2025-02-24 20:43:10.616720
case_595,a,2025-02-24 20:48:10.616720
case_595,c,2025-02-24 20:53:10.616720
case_595,b,2025-02-24 20:58:10.616720
case_595,a,2025-02-24 21:03:10.616720
case_596,b,2025-02-24 19:28:10.616751
case_596,b,2025-02-24 19:33:10.616751
case_596,c,2025-02-24 19:38:10.616751
case_596,c,2025-02-24 19:43:10.616751
case_596,b,2025-02-24 19:48:10.616751
case_596,c,2025-02-24 19:53:10.616751
case_596,b,2025-02-24 19:58:10.616751
case_596,b,2025-02-24 20:03:10.616751
case_596,b,2025-02-24 20:08:10.616751
case_596,a,2025-02-24 20:13:10.616751
case_596,b,2025-02-24 20:18:10.616751
case_596,b,2025-02-24 20:23:10.616751
case_596,a,2025-02-24 20:28:10.616751
case_596,b,2025-02-24 20:33:10.616751
case_596,a,2025-02-24 20:38:10.616751
case_596,c,2025-02-24 20:43:10.616751
case_596,a,2025-02-24 20:48:10.616751
case_596,a,2025-02-24 20:53:10.616751
case_596,c,2025-02-24 20:58:10.616751
case_596,a,2025-02-24 21:03:10.616751
case_597,c,2025-02-24 19:28:10.616781
case_597,b,2025-02-24 19:33:10.616781
case_597,a,2025-02-24 19:38:10.616781
case_597,c,2025-02-24 19:43:10.616781
case_597,a,2025-02-24 19:48:10.616781
case_597,b,2025-02-24 19:53:10.616781
case_597,a,2025-02-24 19:58:10.616781
case_597,b,2025-02-24 20:03:10.616781
case_597,b,2025-02-24 20:08:10.616781
case_597,a,2025-02-24 20:13:10.616781
case_597,b,2025-02-24 20:18:10.616781
case_597,a,2025-02-24 20:23:10.616781
case_597,c,2025-02-24 20:28:10.616781
case_597,a,2025-02-24 20:33:10.616781
case_597,a,2025-02-24 20:38:10.616781
case_597,a,2025-02-24 20:43:10.616781
case_597,b,2025-02-24 20:48:10.616781
case_597,c,2025-02-24 20:53:10.616781
case_597,c,2025-02-24 20:58:10.616781
case_597,a,2025-02-24 21:03:10.616781
case_598,a,2025-02-24 19:28:10.616811
case_598,b,2025-02-24 19:33:10.616811
case_598,c,2025-02-24 19:38:10.616811
case_598,c,2025-02-24 19:43:10.616811
case_598,a,2025-02-24 19:48:10.616811
case_598,c,2025-02-24 19:53:10.616811
case_598,c,2025-02-24 19:58:10.616811
case_598,c,2025-02-24 20:03:10.616811
case_598,b,2025-02-24 20:08:10.616811
case_598,c,2025-02-24 20:13:10.616811
case_598,b,2025-02-24 20:18:10.616811
case_598,b,2025-02-24 20:23:10.616811
case_598,a,2025-02-24 20:28:10.616811
case_598,b,2025-02-24 20:33:10.616811
case_598,c,2025-02-24 20:38:10.616811
case_598,c,2025-02-24 20:43:10.616811
case_598,c,2025-02-24 20:48:10.616811
case_598,c,2025-02-24 20:53:10.616811
case_598,c,2025-02-24 20:58:10.616811
case_598,a,2025-02-24 21:03:10.616811
case_599,b,2025-02-24 19:28:10.616841
case_599,a,2025-02-24 19:33:10.616841
case_599,c,2025-02-24 19:38:10.616841
case_599,c,2025-02-24 19:43:10.616841
case_599,c,2025-02-24 19:48:10.616841
case_599,a,2025-02-24 19:53:10.616841
case_599,c,2025-02-24 19:58:10.616841
case_599,a,2025-02-24 20:03:10.616841
case_599,b,2025-02-24 20:08:10.616841
case_599,b,2025-02-24 20:13:10.616841
case_599,c,2025-02-24 20:18:10.616841
case_599,b,2025-02-24 20:23:10.616841
case_599,b,2025-02-24 20:28:10.616841
case_599,a,2025-02-24 20:33:10.616841
case_599,b,2025-02-24 20:38:10.616841
case_599,c,2025-02-24 20:43:10.616841
case_599,c,2025-02-24 20:48:10.616841
case_599,c,2025-02-24 20:53:10.616841
case_599,a,2025-02-24 20:58:10.616841
case_599,b,2025-02-24 21:03:10.616841
case_600,a,2025-02-24 19:28:10.616872
case_600,a,2025-02-24 19:33:10.616872
case_600,b,2025-02-24 19:38:10.616872
case_600,c,2025-02-24 19:43:10.616872
case_600,c,2025-02-24 19:48:10.616872
case_600,a,2025-02-24 19:53:10.616872
case_600,a,2025-02-24 19:58:10.616872
case_600,a,2025-02-24 20:03:10.616872
case_600,c,2025-02-24 20:08:10.616872
case_600,a,2025-02-24 20:13:10.616872
case_600,c,2025-02-24 20:18:10.616872
case_600,a,2025-02-24 20:23:10.616872
case_600,a,2025-02-24 20:28:10.616872
case_600,c,2025-02-24 20:33:10.616872
case_600,c,2025-02-24 20:38:10.616872
case_600,b,2025-02-24 20:43:10.616872
case_600,a,2025-02-24 20:48:10.616872
case_600,c,2025-02-24 20:53:10.616872
case_600,b,2025-02-24 20:58:10.616872
case_600,a,2025-02-24 21:03:10.616872
case_601,c,2025-02-24 19:28:10.616903
case_601,a,2025-02-24 19:33:10.616903
case_601,b,2025-02-24 19:38:10.616903
case_601,a,2025-02-24 19:43:10.616903
case_601,c,2025-02-24 19:48:10.616903
case_601,b,2025-02-24 19:53:10.616903
case_601,a,2025-02-24 19:58:10.616903
case_601,c,2025-02-24 20:03:10.616903
case_601,b,2025-02-24 20:08:10.616903
case_601,b,2025-02-24 20:13:10.616903
case_601,c,2025-02-24 20:18:10.616903
case_601,a,2025-02-24 20:23:10.616903
case_601,b,2025-02-24 20:28:10.616903
case_601,c,2025-02-24 20:33:10.616903
case_601,b,2025-02-24 20:38:10.616903
case_601,b,2025-02-24 20:43:10.616903
case_601,a,2025-02-24 20:48:10.616903
case_601,c,2025-02-24 20:53:10.616903
case_601,c,2025-02-24 20:58:10.616903
case_601,a,2025-02-24 21:03:10.616903
case_602,b,2025-02-24 19:28:10.616933
case_602,c,2025-02-24 19:33:10.616933
case_602,c,2025-02-24 19:38:10.616933
case_602,b,2025-02-24 19:43:10.616933
case_602,c,2025-02-24 19:48:10.616933
case_602,c,2025-02-24 19:53:10.616933
case_602,c,2025-02-24 19:58:10.616933
case_602,b,2025-02-24 20:03:10.616933
case_602,b,2025-02-24 20:08:10.616933
case_602,a,2025-02-24 20:13:10.616933
case_602,c,2025-02-24 20:18:10.616933
case_602,c,2025-02-24 20:23:10.616933
case_602,b,2025-02-24 20:28:10.616933
case_602,a,2025-02-24 20:33:10.616933
case_602,c,2025-02-24 20:38:10.616933
case_602,a,2025-02-24 20:43:10.616933
case_602,b,2025-02-24 20:48:10.616933
case_602,c,2025-02-24 20:53:10.616933
case_602,c,2025-02-24 20:58:10.616933
case_602,a,2025-02-24 21:03:10.616933
case_603,b,2025-02-24 19:28:10.616963
case_603,b,2025-02-24 19:33:10.616963
case_603,b,2025-02-24 19:38:10.616963
case_603,b,2025-02-24 19:43:10.616963
case_603,c,2025-02-24 19:48:10.616963
case_603,c,2025-02-24 19:53:10.616963
case_603,c,2025-02-24 19:58:10.616963
case_603,a,2025-02-24 20:03:10.616963
case_603,a,2025-02-24 20:08:10.616963
case_603,b,2025-02-24 20:13:10.616963
case_603,b,2025-02-24 20:18:10.616963
case_603,b,2025-02-24 20:23:10.616963
case_603,c,2025-02-24 20:28:10.616963
case_603,c,2025-02-24 20:33:10.616963
case_603,c,2025-02-24 20:38:10.616963
case_603,b,2025-02-24 20:43:10.616963
case_603,c,2025-02-24 20:48:10.616963
case_603,b,2025-02-24 20:53:10.616963
case_603,b,2025-02-24 20:58:10.616963
case_603,a,2025-02-24 21:03:10.616963
case_604,b,2025-02-24 19:28:10.616993
case_604,a,2025-02-24 19:33:10.616993
case_604,c,2025-02-24 19:38:10.616993
case_604,a,2025-02-24 19:43:10.616993
case_604,b,2025-02-24 19:48:10.616993
case_604,c,2025-02-24 19:53:10.616993
case_604,b,2025-02-24 19:58:10.616993
case_604,b,2025-02-24 20:03:10.616993
case_604,c,2025-02-24 20:08:10.616993
case_604,b,2025-02-24 20:13:10.616993
case_604,c,2025-02-24 20:18:10.616993
case_604,a,2025-02-24 20:23:10.616993
case_604,b,2025-02-24 20:28:10.616993
case_604,c,2025-02-24 20:33:10.616993
case_604,b,2025-02-24 20:38:10.616993
case_604,b,2025-02-24 20:43:10.616993
case_604,c,2025-02-24 20:48:10.616993
case_604,c,2025-02-24 20:53:10.616993
case_604,c,2025-02-24 20:58:10.616993
case_604,a,2025-02-24 21:03:10.616993
case_605,c,2025-02-24 19:28:10.617024
case_605,a,2025-02-24 19:33:10.617024
case_605,c,2025-02-24 19:38:10.617024
case_605,c,2025-02-24 19:43:10.617024
case_605,c,2025-02-24 19:48:10.617024
case_605,b,2025-02-24 19:53:10.617024
case_605,a,2025-02-24 19:58:10.617024
case_605,c,2025-02-24 20:03:10.617024
case_605,a,2025-02-24 20:08:10.617024
case_605,c,2025-02-24 20:13:10.617024
case_605,c,2025-02-24 20:18:10.617024
case_605,c,2025-02-24 20:23:10.617024
case_605,a,2025-02-24 20:28:10.617024
case_605,c,2025-02-24 20:33:10.617024
case_605,c,2025-02-24 20:38:10.617024
case_605,b,2025-02-24 20:43:10.617024
case_605,b,2025-02-24 20:48:10.617024
case_605,a,2025-02-24 20:53:10.617024
case_605,a,2025-02-24 20:58:10.617024
case_605,b,2025-02-24 21:03:10.617024
case_606,c,2025-02-24 19:28:10.617054
case_606,a,2025-02-24 19:33:10.617054
case_606,b,2025-02-24 19:38:10.617054
case_606,b,2025-02-24 19:43:10.617054
case_606,a,2025-02-24 19:48:10.617054
case_606,a,2025-02-24 19:53:10.617054
case_606,a,2025-02-24 19:58:10.617054
case_606,b,2025-02-24 20:03:10.617054
case_606,a,2025-02-24 20:08:10.617054
case_606,c,2025-02-24 20:13:10.617054
case_606,c,2025-02-24 20:18:10.617054
case_606,b,2025-02-24 20:23:10.617054
case_606,a,2025-02-24 20:28:10.617054
case_606,b,2025-02-24 20:33:10.617054
case_606,a,2025-02-24 20:38:10.617054
case_606,b,2025-02-24 20:43:10.617054
case_606,c,2025-02-24 20:48:10.617054
case_606,b,2025-02-24 20:53:10.617054
case_606,b,2025-02-24 20:58:10.617054
case_606,a,2025-02-24 21:03:10.617054
case_607,b,2025-02-24 19:28:10.617084
case_607,c,2025-02-24 19:33:10.617084
case_607,c,2025-02-24 19:38:10.617084
case_607,a,2025-02-24 19:43:10.617084
case_607,b,2025-02-24 19:48:10.617084
case_607,c,2025-02-24 19:53:10.617084
case_607,b,2025-02-24 19:58:10.617084
case_607,b,2025-02-24 20:03:10.617084
case_607,a,2025-02-24 20:08:10.617084
case_607,c,2025-02-24 20:13:10.617084
case_607,b,2025-02-24 20:18:10.617084
case_607,c,2025-02-24 20:23:10.617084
case_607,b,2025-02-24 20:28:10.617084
case_607,b,2025-02-24 20:33:10.617084
case_607,b,2025-02-24 20:38:10.617084
case_607,c,2025-02-24 20:43:10.617084
case_607,b,2025-02-24 20:48:10.617084
case_607,a,2025-02-24 20:53:10.617084
case_607,b,2025-02-24 20:58:10.617084
case_607,a,2025-02-24 21:03:10.617084
case_608,c,2025-02-24 19:28:10.617115
case_608,b,2025-02-24 19:33:10.617115
case_608,a,2025-02-24 19:38:10.617115
case_608,b,2025-02-24 19:43:10.617115
case_608,a,2025-02-24 19:48:10.617115
case_608,a,2025-02-24 19:53:10.617115
case_608,a,2025-02-24 19:58:10.617115
case_608,c,2025-02-24 20:03:10.617115
case_608,c,2025-02-24 20:08:10.617115
case_608,c,2025-02-24 20:13:10.617115
case_608,b,2025-02-24 20:18:10.617115
case_608,c,2025-02-24 20:23:10.617115
case_608,c,2025-02-24 20:28:10.617115
case_608,c,2025-02-24 20:33:10.617115
case_608,a,2025-02-24 20:38:10.617115
case_608,b,2025-02-24 20:43:10.617115
case_608,b,2025-02-24 20:48:10.617115
case_608,b,2025-02-24 20:53:10.617115
case_608,c,2025-02-24 20:58:10.617115
case_608,a,2025-02-24 21:03:10.617115
case_609,a,2025-02-24 19:28:10.617145
case_609,b,2025-02-24 19:33:10.617145
case_609,c,2025-02-24 19:38:10.617145
case_609,a,2025-02-24 19:43:10.617145
case_609,c,2025-02-24 19:48:10.617145
case_609,a,2025-02-24 19:53:10.617145
case_609,c,2025-02-24 19:58:10.617145
case_609,c,2025-02-24 20:03:10.617145
case_609,b,2025-02-24 20:08:10.617145
case_609,c,2025-02-24 20:13:10.617145
case_609,c,2025-02-24 20:18:10.617145
case_609,c,2025-02-24 20:23:10.617145
case_609,a,2025-02-24 20:28:10.617145
case_609,b,2025-02-24 20:33:10.617145
case_609,c,2025-02-24 20:38:10.617145
case_609,c,2025-02-24 20:43:10.617145
case_609,c,2025-02-24 20:48:10.617145
case_609,b,2025-02-24 20:53:10.617145
case_609,b,2025-02-24 20:58:10.617145
case_609,a,2025-02-24 21:03:10.617145
case_610,b,2025-02-24 19:28:10.617175
case_610,b,2025-02-24 19:33:10.617175
case_610,a,2025-02-24 19:38:10.617175
case_610,c,2025-02-24 19:43:10.617175
case_610,c,2025-02-24 19:48:10.617175
case_610,a,2025-02-24 19:53:10.617175
case_610,b,2025-02-24 19:58:10.617175
case_610,b,2025-02-24 20:03:10.617175
case_610,c,2025-02-24 20:08:10.617175
case_610,c,2025-02-24 20:13:10.617175
case_610,c,2025-02-24 20:18:10.617175
case_610,b,2025-02-24 20:23:10.617175
case_610,c,2025-02-24 20:28:10.617175
case_610,a,2025-02-24 20:33:10.617175
case_610,c,2025-02-24 20:38:10.617175
case_610,c,2025-02-24 20:43:10.617175
case_610,c,2025-02-24 20:48:10.617175
case_610,b,2025-02-24 20:53:10.617175
case_610,c,2025-02-24 20:58:10.617175
case_610,a,2025-02-24 21:03:10.617175
case_611,b,2025-02-24 19:28:10.617205
case_611,a,2025-02-24 19:33:10.617205
case_611,a,2025-02-24 19:38:10.617205
case_611,a,2025-02-24 19:43:10.617205
case_611,c,2025-02-24 19:48:10.617205
case_611,c,2025-02-24 19:53:10.617205
case_611,c,2025-02-24 19:58:10.617205
case_611,a,2025-02-24 20:03:10.617205
case_611,c,2025-02-24 20:08:10.617205
case_611,b,2025-02-24 20:13:10.617205
case_611,b,2025-02-24 20:18:10.617205
case_611,c,2025-02-24 20:23:10.617205
case_611,b,2025-02-24 20:28:10.617205
case_611,b,2025-02-24 20:33:10.617205
case_611,a,2025-02-24 20:38:10.617205
case_611,c,2025-02-24 20:43:10.617205
case_611,a,2025-02-24 20:48:10.617205
case_611,a,2025-02-24 20:53:10.617205
case_611,a,2025-02-24 20:58:10.617205
case_611,b,2025-02-24 21:03:10.617205
case_612,a,2025-02-24 19:28:10.617236
case_612,a,2025-02-24 19:33:10.617236
case_612,b,2025-02-24 19:38:10.617236
case_612,b,2025-02-24 19:43:10.617236
case_612,a,2025-02-24 19:48:10.617236
case_612,c,2025-02-24 19:53:10.617236
case_612,c,2025-02-24 19:58:10.617236
case_612,c,2025-02-24 20:03:10.617236
case_612,c,2025-02-24 20:08:10.617236
case_612,a,2025-02-24 20:13:10.617236
case_612,a,2025-02-24 20:18:10.617236
case_612,a,2025-02-24 20:23:10.617236
case_612,c,2025-02-24 20:28:10.617236
case_612,b,2025-02-24 20:33:10.617236
case_612,c,2025-02-24 20:38:10.617236
case_612,a,2025-02-24 20:43:10.617236
case_612,c,2025-02-24 20:48:10.617236
case_612,c,2025-02-24 20:53:10.617236
case_612,b,2025-02-24 20:58:10.617236
case_612,a,2025-02-24 21:03:10.617236
case_613,b,2025-02-24 19:28:10.617266
case_613,c,2025-02-24 19:33:10.617266
case_613,b,2025-02-24 19:38:10.617266
case_613,b,2025-02-24 19:43:10.617266
case_613,a,2025-02-24 19:48:10.617266
case_613,c,2025-02-24 19:53:10.617266
case_613,b,2025-02-24 19:58:10.617266
case_613,a,2025-02-24 20:03:10.617266
case_613,c,2025-02-24 20:08:10.617266
case_613,a,2025-02-24 20:13:10.617266
case_613,a,2025-02-24 20:18:10.617266
case_613,a,2025-02-24 20:23:10.617266
case_613,b,2025-02-24 20:28:10.617266
case_613,b,2025-02-24 20:33:10.617266
case_613,b,2025-02-24 20:38:10.617266
case_613,b,2025-02-24 20:43:10.617266
case_613,c,2025-02-24 20:48:10.617266
case_613,c,2025-02-24 20:53:10.617266
case_613,b,2025-02-24 20:58:10.617266
case_613,a,2025-02-24 21:03:10.617266
case_614,b,2025-02-24 19:28:10.617296
case_614,b,2025-02-24 19:33:10.617296
case_614,a,2025-02-24 19:38:10.617296
case_614,a,2025-02-24 19:43:10.617296
case_614,c,2025-02-24 19:48:10.617296
case_614,b,2025-02-24 19:53:10.617296
case_614,c,2025-02-24 19:58:10.617296
case_614,a,2025-02-24 20:03:10.617296
case_614,c,2025-02-24 20:08:10.617296
case_614,c,2025-02-24 20:13:10.617296
case_614,c,2025-02-24 20:18:10.617296
case_614,c,2025-02-24 20:23:10.617296
case_614,b,2025-02-24 20:28:10.617296
case_614,c,2025-02-24 20:33:10.617296
case_614,a,2025-02-24 20:38:10.617296
case_614,b,2025-02-24 20:43:10.617296
case_614,b,2025-02-24 20:48:10.617296
case_614,a,2025-02-24 20:53:10.617296
case_614,c,2025-02-24 20:58:10.617296
case_614,a,2025-02-24 21:03:10.617296
case_615,a,2025-02-24 19:28:10.617328
case_615,b,2025-02-24 19:33:10.617328
case_615,b,2025-02-24 19:38:10.617328
case_615,c,2025-02-24 19:43:10.617328
case_615,a,2025-02-24 19:48:10.617328
case_615,c,2025-02-24 19:53:10.617328
case_615,a,2025-02-24 19:58:10.617328
case_615,b,2025-02-24 20:03:10.617328
case_615,a,2025-02-24 20:08:10.617328
case_615,c,2025-02-24 20:13:10.617328
case_615,c,2025-02-24 20:18:10.617328
case_615,b,2025-02-24 20:23:10.617328
case_615,c,2025-02-24 20:28:10.617328
case_615,a,2025-02-24 20:33:10.617328
case_615,b,2025-02-24 20:38:10.617328
case_615,a,2025-02-24 20:43:10.617328
case_615,a,2025-02-24 20:48:10.617328
case_615,a,2025-02-24 20:53:10.617328
case_615,c,2025-02-24 20:58:10.617328
case_615,a,2025-02-24 21:03:10.617328
case_616,b,2025-02-24 19:28:10.617359
case_616,a,2025-02-24 19:33:10.617359
case_616,a,2025-02-24 19:38:10.617359
case_616,b,2025-02-24 19:43:10.617359
case_616,c,2025-02-24 19:48:10.617359
case_616,a,2025-02-24 19:53:10.617359
case_616,b,2025-02-24 19:58:10.617359
case_616,b,2025-02-24 20:03:10.617359
case_616,c,2025-02-24 20:08:10.617359
case_616,b,2025-02-24 20:13:10.617359
case_616,c,2025-02-24 20:18:10.617359
case_616,c,2025-02-24 20:23:10.617359
case_616,a,2025-02-24 20:28:10.617359
case_616,b,2025-02-24 20:33:10.617359
case_616,b,2025-02-24 20:38:10.617359
case_616,c,2025-02-24 20:43:10.617359
case_616,a,2025-02-24 20:48:10.617359
case_616,a,2025-02-24 20:53:10.617359
case_616,b,2025-02-24 20:58:10.617359
case_616,b,2025-02-24 21:03:10.617359
case_617,a,2025-02-24 19:28:10.617389
case_617,c,2025-02-24 19:33:10.617389
case_617,a,2025-02-24 19:38:10.617389
case_617,a,2025-02-24 19:43:10.617389
case_617,b,2025-02-24 19:48:10.617389
case_617,a,2025-02-24 19:53:10.617389
case_617,c,2025-02-24 19:58:10.617389
case_617,c,2025-02-24 20:03:10.617389
case_617,b,2025-02-24 20:08:10.617389
case_617,c,2025-02-24 20:13:10.617389
case_617,a,2025-02-24 20:18:10.617389
case_617,a,2025-02-24 20:23:10.617389
case_617,c,2025-02-24 20:28:10.617389
case_617,c,2025-02-24 20:33:10.617389
case_617,b,2025-02-24 20:38:10.617389
case_617,c,2025-02-24 20:43:10.617389
case_617,b,2025-02-24 20:48:10.617389
case_617,b,2025-02-24 20:53:10.617389
case_617,c,2025-02-24 20:58:10.617389
case_617,a,2025-02-24 21:03:10.617389
case_618,c,2025-02-24 19:28:10.617420
case_618,c,2025-02-24 19:33:10.617420
case_618,c,2025-02-24 19:38:10.617420
case_618,b,2025-02-24 19:43:10.617420
case_618,b,2025-02-24 19:48:10.617420
case_618,a,2025-02-24 19:53:10.617420
case_618,c,2025-02-24 19:58:10.617420
case_618,b,2025-02-24 20:03:10.617420
case_618,b,2025-02-24 20:08:10.617420
case_618,b,2025-02-24 20:13:10.617420
case_618,b,2025-02-24 20:18:10.617420
case_618,c,2025-02-24 20:23:10.617420
case_618,c,2025-02-24 20:28:10.617420
case_618,b,2025-02-24 20:33:10.617420
case_618,c,2025-02-24 20:38:10.617420
case_618,a,2025-02-24 20:43:10.617420
case_618,a,2025-02-24 20:48:10.617420
case_618,b,2025-02-24 20:53:10.617420
case_618,a,2025-02-24 20:58:10.617420
case_618,a,2025-02-24 21:03:10.617420
case_619,b,2025-02-24 19:28:10.617450
case_619,b,2025-02-24 19:33:10.617450
case_619,a,2025-02-24 19:38:10.617450
case_619,a,2025-02-24 19:43:10.617450
case_619,a,2025-02-24 19:48:10.617450
case_619,a,2025-02-24 19:53:10.617450
case_619,a,2025-02-24 19:58:10.617450
case_619,c,2025-02-24 20:03:10.617450
case_619,c,2025-02-24 20:08:10.617450
case_619,c,2025-02-24 20:13:10.617450
case_619,c,2025-02-24 20:18:10.617450
case_619,b,2025-02-24 20:23:10.617450
case_619,a,2025-02-24 20:28:10.617450
case_619,b,2025-02-24 20:33:10.617450
case_619,b,2025-02-24 20:38:10.617450
case_619,c,2025-02-24 20:43:10.617450
case_619,a,2025-02-24 20:48:10.617450
case_619,c,2025-02-24 20:53:10.617450
case_619,a,2025-02-24 20:58:10.617450
case_619,a,2025-02-24 21:03:10.617450
case_620,a,2025-02-24 19:28:10.617481
case_620,c,2025-02-24 19:33:10.617481
case_620,b,2025-02-24 19:38:10.617481
case_620,c,2025-02-24 19:43:10.617481
case_620,c,2025-02-24 19:48:10.617481
case_620,c,2025-02-24 19:53:10.617481
case_620,b,2025-02-24 19:58:10.617481
case_620,c,2025-02-24 20:03:10.617481
case_620,c,2025-02-24 20:08:10.617481
case_620,b,2025-02-24 20:13:10.617481
case_620,c,2025-02-24 20:18:10.617481
case_620,a,2025-02-24 20:23:10.617481
case_620,c,2025-02-24 20:28:10.617481
case_620,c,2025-02-24 20:33:10.617481
case_620,c,2025-02-24 20:38:10.617481
case_620,c,2025-02-24 20:43:10.617481
case_620,b,2025-02-24 20:48:10.617481
case_620,a,2025-02-24 20:53:10.617481
case_620,a,2025-02-24 20:58:10.617481
case_620,b,2025-02-24 21:03:10.617481
case_621,a,2025-02-24 19:28:10.617511
case_621,b,2025-02-24 19:33:10.617511
case_621,a,2025-02-24 19:38:10.617511
case_621,a,2025-02-24 19:43:10.617511
case_621,b,2025-02-24 19:48:10.617511
case_621,a,2025-02-24 19:53:10.617511
case_621,c,2025-02-24 19:58:10.617511
case_621,a,2025-02-24 20:03:10.617511
case_621,b,2025-02-24 20:08:10.617511
case_621,a,2025-02-24 20:13:10.617511
case_621,b,2025-02-24 20:18:10.617511
case_621,a,2025-02-24 20:23:10.617511
case_621,b,2025-02-24 20:28:10.617511
case_621,c,2025-02-24 20:33:10.617511
case_621,c,2025-02-24 20:38:10.617511
case_621,a,2025-02-24 20:43:10.617511
case_621,a,2025-02-24 20:48:10.617511
case_621,c,2025-02-24 20:53:10.617511
case_621,c,2025-02-24 20:58:10.617511
case_621,a,2025-02-24 21:03:10.617511
case_622,a,2025-02-24 19:28:10.617541
case_622,b,2025-02-24 19:33:10.617541
case_622,a,2025-02-24 19:38:10.617541
case_622,b,2025-02-24 19:43:10.617541
case_622,a,2025-02-24 19:48:10.617541
case_622,b,2025-02-24 19:53:10.617541
case_622,b,2025-02-24 19:58:10.617541
case_622,b,2025-02-24 20:03:10.617541
case_622,a,2025-02-24 20:08:10.617541
case_622,a,2025-02-24 20:13:10.617541
case_622,b,2025-02-24 20:18:10.617541
case_622,a,2025-02-24 20:23:10.617541
case_622,b,2025-02-24 20:28:10.617541
case_622,b,2025-02-24 20:33:10.617541
case_622,b,2025-02-24 20:38:10.617541
case_622,a,2025-02-24 20:43:10.617541
case_622,c,2025-02-24 20:48:10.617541
case_622,c,2025-02-24 20:53:10.617541
case_622,a,2025-02-24 20:58:10.617541
case_622,b,2025-02-24 21:03:10.617541
case_623,b,2025-02-24 19:28:10.617572
case_623,b,2025-02-24 19:33:10.617572
case_623,a,2025-02-24 19:38:10.617572
case_623,b,2025-02-24 19:43:10.617572
case_623,c,2025-02-24 19:48:10.617572
case_623,a,2025-02-24 19:53:10.617572
case_623,c,2025-02-24 19:58:10.617572
case_623,b,2025-02-24 20:03:10.617572
case_623,b,2025-02-24 20:08:10.617572
case_623,c,2025-02-24 20:13:10.617572
case_623,b,2025-02-24 20:18:10.617572
case_623,b,2025-02-24 20:23:10.617572
case_623,a,2025-02-24 20:28:10.617572
case_623,a,2025-02-24 20:33:10.617572
case_623,b,2025-02-24 20:38:10.617572
case_623,c,2025-02-24 20:43:10.617572
case_623,b,2025-02-24 20:48:10.617572
case_623,c,2025-02-24 20:53:10.617572
case_623,c,2025-02-24 20:58:10.617572
case_623,a,2025-02-24 21:03:10.617572
case_624,a,2025-02-24 19:28:10.617602
case_624,c,2025-02-24 19:33:10.617602
case_624,a,2025-02-24 19:38:10.617602
case_624,c,2025-02-24 19:43:10.617602
case_624,c,2025-02-24 19:48:10.617602
case_624,a,2025-02-24 19:53:10.617602
case_624,a,2025-02-24 19:58:10.617602
case_624,a,2025-02-24 20:03:10.617602
case_624,c,2025-02-24 20:08:10.617602
case_624,b,2025-02-24 20:13:10.617602
case_624,a,2025-02-24 20:18:10.617602
case_624,b,2025-02-24 20:23:10.617602
case_624,b,2025-02-24 20:28:10.617602
case_624,a,2025-02-24 20:33:10.617602
case_624,c,2025-02-24 20:38:10.617602
case_624,c,2025-02-24 20:43:10.617602
case_624,c,2025-02-24 20:48:10.617602
case_624,c,2025-02-24 20:53:10.617602
case_624,c,2025-02-24 20:58:10.617602
case_624,a,2025-02-24 21:03:10.617602
case_625,a,2025-02-24 19:28:10.617633
case_625,a,2025-02-24 19:33:10.617633
case_625,b,2025-02-24 19:38:10.617633
case_625,b,2025-02-24 19:43:10.617633
case_625,c,2025-02-24 19:48:10.617633
case_625,a,2025-02-24 19:53:10.617633
case_625,b,2025-02-24 19:58:10.617633
case_625,c,2025-02-24 20:03:10.617633
case_625,b,2025-02-24 20:08:10.617633
case_625,c,2025-02-24 20:13:10.617633
case_625,b,2025-02-24 20:18:10.617633
case_625,b,2025-02-24 20:23:10.617633
case_625,a,2025-02-24 20:28:10.617633
case_625,b,2025-02-24 20:33:10.617633
case_625,c,2025-02-24 20:38:10.617633
case_625,c,2025-02-24 20:43:10.617633
case_625,a,2025-02-24 20:48:10.617633
case_625,a,2025-02-24 20:53:10.617633
case_625,b,2025-02-24 20:58:10.617633
case_625,b,2025-02-24 21:03:10.617633
case_626,b,2025-02-24 19:28:10.617663
case_626,a,2025-02-24 19:33:10.617663
case_626,c,2025-02-24 19:38:10.617663
case_626,b,2025-02-24 19:43:10.617663
case_626,b,2025-02-24 19:48:10.617663
case_626,b,2025-02-24 19:53:10.617663
case_626,a,2025-02-24 19:58:10.617663
case_626,c,2025-02-24 20:03:10.617663
case_626,a,2025-02-24 20:08:10.617663
case_626,b,2025-02-24 20:13:10.617663
case_626,b,2025-02-24 20:18:10.617663
case_626,a,2025-02-24 20:23:10.617663
case_626,a,2025-02-24 20:28:10.617663
case_626,a,2025-02-24 20:33:10.617663
case_626,a,2025-02-24 20:38:10.617663
case_626,a,2025-02-24 20:43:10.617663
case_626,a,2025-02-24 20:48:10.617663
case_626,c,2025-02-24 20:53:10.617663
case_626,c,2025-02-24 20:58:10.617663
case_626,a,2025-02-24 21:03:10.617663
case_627,a,2025-02-24 19:28:10.617693
case_627,a,2025-02-24 19:33:10.617693
case_627,c,2025-02-24 19:38:10.617693
case_627,c,2025-02-24 19:43:10.617693
case_627,a,2025-02-24 19:48:10.617693
case_627,c,2025-02-24 19:53:10.617693
case_627,b,2025-02-24 19:58:10.617693
case_627,b,2025-02-24 20:03:10.617693
case_627,c,2025-02-24 20:08:10.617693
case_627,c,2025-02-24 20:13:10.617693
case_627,b,2025-02-24 20:18:10.617693
case_627,c,2025-02-24 20:23:10.617693
case_627,a,2025-02-24 20:28:10.617693
case_627,c,2025-02-24 20:33:10.617693
case_627,b,2025-02-24 20:38:10.617693
case_627,c,2025-02-24 20:43:10.617693
case_627,c,2025-02-24 20:48:10.617693
case_627,c,2025-02-24 20:53:10.617693
case_627,b,2025-02-24 20:58:10.617693
case_627,a,2025-02-24 21:03:10.617693
case_628,b,2025-02-24 19:28:10.617728
case_628,c,2025-02-24 19:33:10.617728
case_628,b,2025-02-24 19:38:10.617728
case_628,c,2025-02-24 19:43:10.617728
case_628,c,2025-02-24 19:48:10.617728
case_628,b,2025-02-24 19:53:10.617728
case_628,b,2025-02-24 19:58:10.617728
case_628,b,2025-02-24 20:03:10.617728
case_628,c,2025-02-24 20:08:10.617728
case_628,a,2025-02-24 20:13:10.617728
case_628,c,2025-02-24 20:18:10.617728
case_628,c,2025-02-24 20:23:10.617728
case_628,c,2025-02-24 20:28:10.617728
case_628,c,2025-02-24 20:33:10.617728
case_628,b,2025-02-24 20:38:10.617728
case_628,b,2025-02-24 20:43:10.617728
case_628,b,2025-02-24 20:48:10.617728
case_628,c,2025-02-24 20:53:10.617728
case_628,c,2025-02-24 20:58:10.617728
case_628,a,2025-02-24 21:03:10.617728
case_629,a,2025-02-24 19:28:10.617760
case_629,b,2025-02-24 19:33:10.617760
case_629,c,2025-02-24 19:38:10.617760
case_629,a,2025-02-24 19:43:10.617760
case_629,b,2025-02-24 19:48:10.617760
case_629,b,2025-02-24 19:53:10.617760
case_629,c,2025-02-24 19:58:10.617760
case_629,b,2025-02-24 20:03:10.617760
case_629,b,2025-02-24 20:08:10.617760
case_629,a,2025-02-24 20:13:10.617760
case_629,c,2025-02-24 20:18:10.617760
case_629,b,2025-02-24 20:23:10.617760
case_629,a,2025-02-24 20:28:10.617760
case_629,c,2025-02-24 20:33:10.617760
case_629,a,2025-02-24 20:38:10.617760
case_629,b,2025-02-24 20:43:10.617760
case_629,b,2025-02-24 20:48:10.617760
case_629,c,2025-02-24 20:53:10.617760
case_629,c,2025-02-24 20:58:10.617760
case_629,a,2025-02-24 21:03:10.617760
case_630,b,2025-02-24 19:28:10.617791
case_630,b,2025-02-24 19:33:10.617791
case_630,b,2025-02-24 19:38:10.617791
case_630,b,2025-02-24 19:43:10.617791
case_630,c,2025-02-24 19:48:10.617791
case_630,b,2025-02-24 19:53:10.617791
case_630,c,2025-02-24 19:58:10.617791
case_630,a,2025-02-24 20:03:10.617791
case_630,a,2025-02-24 20:08:10.617791
case_630,b,2025-02-24 20:13:10.617791
case_630,b,2025-02-24 20:18:10.617791
case_630,b,2025-02-24 20:23:10.617791
case_630,a,2025-02-24 20:28:10.617791
case_630,c,2025-02-24 20:33:10.617791
case_630,c,2025-02-24 20:38:10.617791
case_630,b,2025-02-24 20:43:10.617791
case_630,b,2025-02-24 20:48:10.617791
case_630,b,2025-02-24 20:53:10.617791
case_630,b,2025-02-24 20:58:10.617791
case_630,a,2025-02-24 21:03:10.617791
case_631,a,2025-02-24 19:28:10.617822
case_631,b,2025-02-24 19:33:10.617822
case_631,a,2025-02-24 19:38:10.617822
case_631,b,2025-02-24 19:43:10.617822
case_631,a,2025-02-24 19:48:10.617822
case_631,b,2025-02-24 19:53:10.617822
case_631,a,2025-02-24 19:58:10.617822
case_631,c,2025-02-24 20:03:10.617822
case_631,c,2025-02-24 20:08:10.617822
case_631,b,2025-02-24 20:13:10.617822
case_631,c,2025-02-24 20:18:10.617822
case_631,a,2025-02-24 20:23:10.617822
case_631,c,2025-02-24 20:28:10.617822
case_631,c,2025-02-24 20:33:10.617822
case_631,b,2025-02-24 20:38:10.617822
case_631,b,2025-02-24 20:43:10.617822
case_631,a,2025-02-24 20:48:10.617822
case_631,c,2025-02-24 20:53:10.617822
case_631,a,2025-02-24 20:58:10.617822
case_631,a,2025-02-24 21:03:10.617822
case_632,b,2025-02-24 19:28:10.617853
case_632,b,2025-02-24 19:33:10.617853
case_632,b,2025-02-24 19:38:10.617853
case_632,b,2025-02-24 19:43:10.617853
case_632,b,2025-02-24 19:48:10.617853
case_632,b,2025-02-24 19:53:10.617853
case_632,a,2025-02-24 19:58:10.617853
case_632,c,2025-02-24 20:03:10.617853
case_632,b,2025-02-24 20:08:10.617853
case_632,c,2025-02-24 20:13:10.617853
case_632,b,2025-02-24 20:18:10.617853
case_632,a,2025-02-24 20:23:10.617853
case_632,b,2025-02-24 20:28:10.617853
case_632,b,2025-02-24 20:33:10.617853
case_632,b,2025-02-24 20:38:10.617853
case_632,a,2025-02-24 20:43:10.617853
case_632,a,2025-02-24 20:48:10.617853
case_632,c,2025-02-24 20:53:10.617853
case_632,c,2025-02-24 20:58:10.617853
case_632,a,2025-02-24 21:03:10.617853
case_633,b,2025-02-24 19:28:10.617884
case_633,a,2025-02-24 19:33:10.617884
case_633,a,2025-02-24 19:38:10.617884
case_633,a,2025-02-24 19:43:10.617884
case_633,b,2025-02-24 19:48:10.617884
case_633,c,2025-02-24 19:53:10.617884
case_633,a,2025-02-24 19:58:10.617884
case_633,a,2025-02-24 20:03:10.617884
case_633,b,2025-02-24 20:08:10.617884
case_633,c,2025-02-24 20:13:10.617884
case_633,a,2025-02-24 20:18:10.617884
case_633,a,2025-02-24 20:23:10.617884
case_633,b,2025-02-24 20:28:10.617884
case_633,c,2025-02-24 20:33:10.617884
case_633,a,2025-02-24 20:38:10.617884
case_633,a,2025-02-24 20:43:10.617884
case_633,a,2025-02-24 20:48:10.617884
case_633,c,2025-02-24 20:53:10.617884
case_633,c,2025-02-24 20:58:10.617884
case_633,a,2025-02-24 21:03:10.617884
case_634,b,2025-02-24 19:28:10.617915
case_634,c,2025-02-24 19:33:10.617915
case_634,c,2025-02-24 19:38:10.617915
case_634,c,2025-02-24 19:43:10.617915
case_634,c,2025-02-24 19:48:10.617915
case_634,b,2025-02-24 19:53:10.617915
case_634,a,2025-02-24 19:58:10.617915
case_634,a,2025-02-24 20:03:10.617915
case_634,c,2025-02-24 20:08:10.617915
case_634,c,2025-02-24 20:13:10.617915
case_634,c,2025-02-24 20:18:10.617915
case_634,b,2025-02-24 20:23:10.617915
case_634,c,2025-02-24 20:28:10.617915
case_634,c,2025-02-24 20:33:10.617915
case_634,c,2025-02-24 20:38:10.617915
case_634,c,2025-02-24 20:43:10.617915
case_634,b,2025-02-24 20:48:10.617915
case_634,a,2025-02-24 20:53:10.617915
case_634,b,2025-02-24 20:58:10.617915
case_634,a,2025-02-24 21:03:10.617915
case_635,a,2025-02-24 19:28:10.617945
case_635,c,2025-02-24 19:33:10.617945
case_635,a,2025-02-24 19:38:10.617945
case_635,b,2025-02-24 19:43:10.617945
case_635,b,2025-02-24 19:48:10.617945
case_635,b,2025-02-24 19:53:10.617945
case_635,c,2025-02-24 19:58:10.617945
case_635,b,2025-02-24 20:03:10.617945
case_635,b,2025-02-24 20:08:10.617945
case_635,c,2025-02-24 20:13:10.617945
case_635,b,2025-02-24 20:18:10.617945
case_635,a,2025-02-24 20:23:10.617945
case_635,b,2025-02-24 20:28:10.617945
case_635,b,2025-02-24 20:33:10.617945
case_635,b,2025-02-24 20:38:10.617945
case_635,a,2025-02-24 20:43:10.617945
case_635,a,2025-02-24 20:48:10.617945
case_635,c,2025-02-24 20:53:10.617945
case_635,c,2025-02-24 20:58:10.617945
case_635,a,2025-02-24 21:03:10.617945
case_636,a,2025-02-24 19:28:10.617976
case_636,a,2025-02-24 19:33:10.617976
case_636,a,2025-02-24 19:38:10.617976
case_636,a,2025-02-24 19:43:10.617976
case_636,c,2025-02-24 19:48:10.617976
case_636,c,2025-02-24 19:53:10.617976
case_636,b,2025-02-24 19:58:10.617976
case_636,b,2025-02-24 20:03:10.617976
case_636,c,2025-02-24 20:08:10.617976
case_636,c,2025-02-24 20:13:10.617976
case_636,a,2025-02-24 20:18:10.617976
case_636,a,2025-02-24 20:23:10.617976
case_636,c,2025-02-24 20:28:10.617976
case_636,a,2025-02-24 20:33:10.617976
case_636,b,2025-02-24 20:38:10.617976
case_636,c,2025-02-24 20:43:10.617976
case_636,b,2025-02-24 20:48:10.617976
case_636,c,2025-02-24 20:53:10.617976
case_636,b,2025-02-24 20:58:10.617976
case_636,a,2025-02-24 21:03:10.617976
case_637,a,2025-02-24 19:28:10.618007
case_637,b,2025-02-24 19:33:10.618007
case_637,a,2025-02-24 19:38:10.618007
case_637,c,2025-02-24 19:43:10.618007
case_637,b,2025-02-24 19:48:10.618007
case_637,a,2025-02-24 19:53:10.618007
case_637,c,2025-02-24 19:58:10.618007
case_637,a,2025-02-24 20:03:10.618007
case_637,a,2025-02-24 20:08:10.618007
case_637,b,2025-02-24 20:13:10.618007
case_637,a,2025-02-24 20:18:10.618007
case_637,a,2025-02-24 20:23:10.618007
case_637,a,2025-02-24 20:28:10.618007
case_637,c,2025-02-24 20:33:10.618007
case_637,b,2025-02-24 20:38:10.618007
case_637,b,2025-02-24 20:43:10.618007
case_637,b,2025-02-24 20:48:10.618007
case_637,c,2025-02-24 20:53:10.618007
case_637,c,2025-02-24 20:58:10.618007
case_637,a,2025-02-24 21:03:10.618007
case_638,b,2025-02-24 19:28:10.618038
case_638,b,2025-02-24 19:33:10.618038
case_638,a,2025-02-24 19:38:10.618038
case_638,b,2025-02-24 19:43:10.618038
case_638,b,2025-02-24 19:48:10.618038
case_638,b,2025-02-24 19:53:10.618038
case_638,c,2025-02-24 19:58:10.618038
case_638,c,2025-02-24 20:03:10.618038
case_638,c,2025-02-24 20:08:10.618038
case_638,c,2025-02-24 20:13:10.618038
case_638,a,2025-02-24 20:18:10.618038
case_638,c,2025-02-24 20:23:10.618038
case_638,a,2025-02-24 20:28:10.618038
case_638,a,2025-02-24 20:33:10.618038
case_638,c,2025-02-24 20:38:10.618038
case_638,b,2025-02-24 20:43:10.618038
case_638,b,2025-02-24 20:48:10.618038
case_638,b,2025-02-24 20:53:10.618038
case_638,b,2025-02-24 20:58:10.618038
case_638,a,2025-02-24 21:03:10.618038
case_639,c,2025-02-24 19:28:10.618070
case_639,a,2025-02-24 19:33:10.618070
case_639,c,2025-02-24 19:38:10.618070
case_639,c,2025-02-24 19:43:10.618070
case_639,c,2025-02-24 19:48:10.618070
case_639,c,2025-02-24 19:53:10.618070
case_639,b,2025-02-24 19:58:10.618070
case_639,c,2025-02-24 20:03:10.618070
case_639,c,2025-02-24 20:08:10.618070
case_639,a,2025-02-24 20:13:10.618070
case_639,c,2025-02-24 20:18:10.618070
case_639,a,2025-02-24 20:23:10.618070
case_639,c,2025-02-24 20:28:10.618070
case_639,c,2025-02-24 20:33:10.618070
case_639,a,2025-02-24 20:38:10.618070
case_639,a,2025-02-24 20:43:10.618070
case_639,b,2025-02-24 20:48:10.618070
case_639,c,2025-02-24 20:53:10.618070
case_639,b,2025-02-24 20:58:10.618070
case_639,a,2025-02-24 21:03:10.618070
case_640,b,2025-02-24 19:28:10.618100
case_640,a,2025-02-24 19:33:10.618100
case_640,c,2025-02-24 19:38:10.618100
case_640,a,2025-02-24 19:43:10.618100
case_640,b,2025-02-24 19:48:10.618100
case_640,c,2025-02-24 19:53:10.618100
case_640,b,2025-02-24 19:58:10.618100
case_640,b,2025-02-24 20:03:10.618100
case_640,b,2025-02-24 20:08:10.618100
case_640,a,2025-02-24 20:13:10.618100
case_640,c,2025-02-24 20:18:10.618100
case_640,b,2025-02-24 20:23:10.618100
case_640,b,2025-02-24 20:28:10.618100
case_640,c,2025-02-24 20:33:10.618100
case_640,c,2025-02-24 20:38:10.618100
case_640,a,2025-02-24 20:43:10.618100
case_640,a,2025-02-24 20:48:10.618100
case_640,b,2025-02-24 20:53:10.618100
case_640,c,2025-02-24 20:58:10.618100
case_640,a,2025-02-24 21:03:10.618100
case_641,a,2025-02-24 19:28:10.618133
case_641,c,2025-02-24 19:33:10.618133
case_641,c,2025-02-24 19:38:10.618133
case_641,a,2025-02-24 19:43:10.618133
case_641,a,2025-02-24 19:48:10.618133
case_641,c,2025-02-24 19:53:10.618133
case_641,c,2025-02-24 19:58:10.618133
case_641,c,2025-02-24 20:03:10.618133
case_641,c,2025-02-24 20:08:10.618133
case_641,a,2025-02-24 20:13:10.618133
case_641,c,2025-02-24 20:18:10.618133
case_641,b,2025-02-24 20:23:10.618133
case_641,c,2025-02-24 20:28:10.618133
case_641,b,2025-02-24 20:33:10.618133
case_641,c,2025-02-24 20:38:10.618133
case_641,c,2025-02-24 20:43:10.618133
case_641,b,2025-02-24 20:48:10.618133
case_641,c,2025-02-24 20:53:10.618133
case_641,a,2025-02-24 20:58:10.618133
case_641,b,2025-02-24 21:03:10.618133
case_642,a,2025-02-24 19:28:10.618163
case_642,a,2025-02-24 19:33:10.618163
case_642,c,2025-02-24 19:38:10.618163
case_642,c,2025-02-24 19:43:10.618163
case_642,a,2025-02-24 19:48:10.618163
case_642,a,2025-02-24 19:53:10.618163
case_642,a,2025-02-24 19:58:10.618163
case_642,c,2025-02-24 20:03:10.618163
case_642,c,2025-02-24 20:08:10.618163
case_642,a,2025-02-24 20:13:10.618163
case_642,a,2025-02-24 20:18:10.618163
case_642,c,2025-02-24 20:23:10.618163
case_642,b,2025-02-24 20:28:10.618163
case_642,c,2025-02-24 20:33:10.618163
case_642,a,2025-02-24 20:38:10.618163
case_642,c,2025-02-24 20:43:10.618163
case_642,b,2025-02-24 20:48:10.618163
case_642,a,2025-02-24 20:53:10.618163
case_642,a,2025-02-24 20:58:10.618163
case_642,b,2025-02-24 21:03:10.618163
case_643,b,2025-02-24 19:28:10.618194
case_643,c,2025-02-24 19:33:10.618194
case_643,b,2025-02-24 19:38:10.618194
case_643,b,2025-02-24 19:43:10.618194
case_643,c,2025-02-24 19:48:10.618194
case_643,b,2025-02-24 19:53:10.618194
case_643,a,2025-02-24 19:58:10.618194
case_643,c,2025-02-24 20:03:10.618194
case_643,a,2025-02-24 20:08:10.618194
case_643,c,2025-02-24 20:13:10.618194
case_643,c,2025-02-24 20:18:10.618194
case_643,b,2025-02-24 20:23:10.618194
case_643,b,2025-02-24 20:28:10.618194
case_643,b,2025-02-24 20:33:10.618194
case_643,b,2025-02-24 20:38:10.618194
case_643,c,2025-02-24 20:43:10.618194
case_643,b,2025-02-24 20:48:10.618194
case_643,c,2025-02-24 20:53:10.618194
case_643,c,2025-02-24 20:58:10.618194
case_643,a,2025-02-24 21:03:10.618194
case_644,c,2025-02-24 19:28:10.618226
case_644,b,2025-02-24 19:33:10.618226
case_644,b,2025-02-24 19:38:10.618226
case_644,b,2025-02-24 19:43:10.618226
case_644,a,2025-02-24 19:48:10.618226
case_644,a,2025-02-24 19:53:10.618226
case_644,c,2025-02-24 19:58:10.618226
case_644,a,2025-02-24 20:03:10.618226
case_644,c,2025-02-24 20:08:10.618226
case_644,c,2025-02-24 20:13:10.618226
case_644,c,2025-02-24 20:18:10.618226
case_644,c,2025-02-24 20:23:10.618226
case_644,a,2025-02-24 20:28:10.618226
case_644,b,2025-02-24 20:33:10.618226
case_644,b,2025-02-24 20:38:10.618226
case_644,b,2025-02-24 20:43:10.618226
case_644,b,2025-02-24 20:48:10.618226
case_644,c,2025-02-24 20:53:10.618226
case_644,a,2025-02-24 20:58:10.618226
case_644,a,2025-02-24 21:03:10.618226
case_645,a,2025-02-24 19:28:10.618257
case_645,c,2025-02-24 19:33:10.618257
case_645,b,2025-02-24 19:38:10.618257
case_645,a,2025-02-24 19:43:10.618257
case_645,a,2025-02-24 19:48:10.618257
case_645,c,2025-02-24 19:53:10.618257
case_645,b,2025-02-24 19:58:10.618257
case_645,a,2025-02-24 20:03:10.618257
case_645,a,2025-02-24 20:08:10.618257
case_645,c,2025-02-24 20:13:10.618257
case_645,a,2025-02-24 20:18:10.618257
case_645,a,2025-02-24 20:23:10.618257
case_645,a,2025-02-24 20:28:10.618257
case_645,b,2025-02-24 20:33:10.618257
case_645,a,2025-02-24 20:38:10.618257
case_645,b,2025-02-24 20:43:10.618257
case_645,b,2025-02-24 20:48:10.618257
case_645,c,2025-02-24 20:53:10.618257
case_645,c,2025-02-24 20:58:10.618257
case_645,a,2025-02-24 21:03:10.618257
case_646,a,2025-02-24 19:28:10.618289
case_646,b,2025-02-24 19:33:10.618289
case_646,c,2025-02-24 19:38:10.618289
case_646,a,2025-02-24 19:43:10.618289
case_646,b,2025-02-24 19:48:10.618289
case_646,c,2025-02-24 19:53:10.618289
case_646,b,2025-02-24 19:58:10.618289
case_646,b,2025-02-24 20:03:10.618289
case_646,a,2025-02-24 20:08:10.618289
case_646,b,2025-02-24 20:13:10.618289
case_646,b,2025-02-24 20:18:10.618289
case_646,c,2025-02-24 20:23:10.618289
case_646,b,2025-02-24 20:28:10.618289
case_646,c,2025-02-24 20:33:10.618289
case_646,a,2025-02-24 20:38:10.618289
case_646,a,2025-02-24 20:43:10.618289
case_646,a,2025-02-24 20:48:10.618289
case_646,c,2025-02-24 20:53:10.618289
case_646,c,2025-02-24 20:58:10.618289
case_646,a,2025-02-24 21:03:10.618289
case_647,c,2025-02-24 19:28:10.618319
case_647,b,2025-02-24 19:33:10.618319
case_647,a,2025-02-24 19:38:10.618319
case_647,b,2025-02-24 19:43:10.618319
case_647,b,2025-02-24 19:48:10.618319
case_647,c,2025-02-24 19:53:10.618319
case_647,a,2025-02-24 19:58:10.618319
case_647,c,2025-02-24 20:03:10.618319
case_647,b,2025-02-24 20:08:10.618319
case_647,c,2025-02-24 20:13:10.618319
case_647,c,2025-02-24 20:18:10.618319
case_647,c,2025-02-24 20:23:10.618319
case_647,a,2025-02-24 20:28:10.618319
case_647,b,2025-02-24 20:33:10.618319
case_647,a,2025-02-24 20:38:10.618319
case_647,c,2025-02-24 20:43:10.618319
case_647,c,2025-02-24 20:48:10.618319
case_647,a,2025-02-24 20:53:10.618319
case_647,c,2025-02-24 20:58:10.618319
case_647,a,2025-02-24 21:03:10.618319
case_648,c,2025-02-24 19:28:10.618351
case_648,b,2025-02-24 19:33:10.618351
case_648,c,2025-02-24 19:38:10.618351
case_648,b,2025-02-24 19:43:10.618351
case_648,b,2025-02-24 19:48:10.618351
case_648,a,2025-02-24 19:53:10.618351
case_648,a,2025-02-24 19:58:10.618351
case_648,a,2025-02-24 20:03:10.618351
case_648,a,2025-02-24 20:08:10.618351
case_648,a,2025-02-24 20:13:10.618351
case_648,a,2025-02-24 20:18:10.618351
case_648,c,2025-02-24 20:23:10.618351
case_648,a,2025-02-24 20:28:10.618351
case_648,a,2025-02-24 20:33:10.618351
case_648,a,2025-02-24 20:38:10.618351
case_648,b,2025-02-24 20:43:10.618351
case_648,c,2025-02-24 20:48:10.618351
case_648,c,2025-02-24 20:53:10.618351
case_648,b,2025-02-24 20:58:10.618351
case_648,a,2025-02-24 21:03:10.618351
case_649,c,2025-02-24 19:28:10.618383
case_649,c,2025-02-24 19:33:10.618383
case_649,a,2025-02-24 19:38:10.618383
case_649,b,2025-02-24 19:43:10.618383
case_649,b,2025-02-24 19:48:10.618383
case_649,c,2025-02-24 19:53:10.618383
case_649,b,2025-02-24 19:58:10.618383
case_649,a,2025-02-24 20:03:10.618383
case_649,c,2025-02-24 20:08:10.618383
case_649,b,2025-02-24 20:13:10.618383
case_649,b,2025-02-24 20:18:10.618383
case_649,c,2025-02-24 20:23:10.618383
case_649,a,2025-02-24 20:28:10.618383
case_649,c,2025-02-24 20:33:10.618383
case_649,b,2025-02-24 20:38:10.618383
case_649,c,2025-02-24 20:43:10.618383
case_649,a,2025-02-24 20:48:10.618383
case_649,c,2025-02-24 20:53:10.618383
case_649,b,2025-02-24 20:58:10.618383
case_649,a,2025-02-24 21:03:10.618383
case_650,c,2025-02-24 19:28:10.618414
case_650,c,2025-02-24 19:33:10.618414
case_650,a,2025-02-24 19:38:10.618414
case_650,c,2025-02-24 19:43:10.618414
case_650,c,2025-02-24 19:48:10.618414
case_650,a,2025-02-24 19:53:10.618414
case_650,a,2025-02-24 19:58:10.618414
case_650,b,2025-02-24 20:03:10.618414
case_650,b,2025-02-24 20:08:10.618414
case_650,b,2025-02-24 20:13:10.618414
case_650,a,2025-02-24 20:18:10.618414
case_650,a,2025-02-24 20:23:10.618414
case_650,b,2025-02-24 20:28:10.618414
case_650,a,2025-02-24 20:33:10.618414
case_650,b,2025-02-24 20:38:10.618414
case_650,c,2025-02-24 20:43:10.618414
case_650,c,2025-02-24 20:48:10.618414
case_650,a,2025-02-24 20:53:10.618414
case_650,a,2025-02-24 20:58:10.618414
case_650,a,2025-02-24 21:03:10.618414
case_651,b,2025-02-24 19:28:10.618445
case_651,c,2025-02-24 19:33:10.618445
case_651,a,2025-02-24 19:38:10.618445
case_651,c,2025-02-24 19:43:10.618445
case_651,b,2025-02-24 19:48:10.618445
case_651,a,2025-02-24 19:53:10.618445
case_651,c,2025-02-24 19:58:10.618445
case_651,a,2025-02-24 20:03:10.618445
case_651,a,2025-02-24 20:08:10.618445
case_651,a,2025-02-24 20:13:10.618445
case_651,b,2025-02-24 20:18:10.618445
case_651,c,2025-02-24 20:23:10.618445
case_651,c,2025-02-24 20:28:10.618445
case_651,a,2025-02-24 20:33:10.618445
case_651,c,2025-02-24 20:38:10.618445
case_651,b,2025-02-24 20:43:10.618445
case_651,b,2025-02-24 20:48:10.618445
case_651,b,2025-02-24 20:53:10.618445
case_651,b,2025-02-24 20:58:10.618445
case_651,a,2025-02-24 21:03:10.618445
case_652,c,2025-02-24 19:28:10.618476
case_652,a,2025-02-24 19:33:10.618476
case_652,a,2025-02-24 19:38:10.618476
case_652,a,2025-02-24 19:43:10.618476
case_652,a,2025-02-24 19:48:10.618476
case_652,c,2025-02-24 19:53:10.618476
case_652,a,2025-02-24 19:58:10.618476
case_652,b,2025-02-24 20:03:10.618476
case_652,b,2025-02-24 20:08:10.618476
case_652,c,2025-02-24 20:13:10.618476
case_652,b,2025-02-24 20:18:10.618476
case_652,c,2025-02-24 20:23:10.618476
case_652,b,2025-02-24 20:28:10.618476
case_652,a,2025-02-24 20:33:10.618476
case_652,a,2025-02-24 20:38:10.618476
case_652,a,2025-02-24 20:43:10.618476
case_652,a,2025-02-24 20:48:10.618476
case_652,c,2025-02-24 20:53:10.618476
case_652,c,2025-02-24 20:58:10.618476
case_652,a,2025-02-24 21:03:10.618476
case_653,b,2025-02-24 19:28:10.618507
case_653,b,2025-02-24 19:33:10.618507
case_653,b,2025-02-24 19:38:10.618507
case_653,a,2025-02-24 19:43:10.618507
case_653,b,2025-02-24 19:48:10.618507
case_653,c,2025-02-24 19:53:10.618507
case_653,c,2025-02-24 19:58:10.618507
case_653,c,2025-02-24 20:03:10.618507
case_653,b,2025-02-24 20:08:10.618507
case_653,c,2025-02-24 20:13:10.618507
case_653,b,2025-02-24 20:18:10.618507
case_653,c,2025-02-24 20:23:10.618507
case_653,c,2025-02-24 20:28:10.618507
case_653,b,2025-02-24 20:33:10.618507
case_653,a,2025-02-24 20:38:10.618507
case_653,b,2025-02-24 20:43:10.618507
case_653,b,2025-02-24 20:48:10.618507
case_653,a,2025-02-24 20:53:10.618507
case_653,a,2025-02-24 20:58:10.618507
case_653,a,2025-02-24 21:03:10.618507
case_654,a,2025-02-24 19:28:10.618538
case_654,a,2025-02-24 19:33:10.618538
case_654,c,2025-02-24 19:38:10.618538
case_654,a,2025-02-24 19:43:10.618538
case_654,c,2025-02-24 19:48:10.618538
case_654,a,2025-02-24 19:53:10.618538
case_654,c,2025-02-24 19:58:10.618538
case_654,a,2025-02-24 20:03:10.618538
case_654,b,2025-02-24 20:08:10.618538
case_654,b,2025-02-24 20:13:10.618538
case_654,c,2025-02-24 20:18:10.618538
case_654,b,2025-02-24 20:23:10.618538
case_654,b,2025-02-24 20:28:10.618538
case_654,a,2025-02-24 20:33:10.618538
case_654,b,2025-02-24 20:38:10.618538
case_654,a,2025-02-24 20:43:10.618538
case_654,b,2025-02-24 20:48:10.618538
case_654,c,2025-02-24 20:53:10.618538
case_654,c,2025-02-24 20:58:10.618538
case_654,a,2025-02-24 21:03:10.618538
case_655,b,2025-02-24 19:28:10.618569
case_655,a,2025-02-24 19:33:10.618569
case_655,a,2025-02-24 19:38:10.618569
case_655,b,2025-02-24 19:43:10.618569
case_655,b,2025-02-24 19:48:10.618569
case_655,c,2025-02-24 19:53:10.618569
case_655,c,2025-02-24 19:58:10.618569
case_655,a,2025-02-24 20:03:10.618569
case_655,a,2025-02-24 20:08:10.618569
case_655,a,2025-02-24 20:13:10.618569
case_655,a,2025-02-24 20:18:10.618569
case_655,a,2025-02-24 20:23:10.618569
case_655,c,2025-02-24 20:28:10.618569
case_655,b,2025-02-24 20:33:10.618569
case_655,a,2025-02-24 20:38:10.618569
case_655,a,2025-02-24 20:43:10.618569
case_655,c,2025-02-24 20:48:10.618569
case_655,c,2025-02-24 20:53:10.618569
case_655,b,2025-02-24 20:58:10.618569
case_655,a,2025-02-24 21:03:10.618569
case_656,c,2025-02-24 19:28:10.618601
case_656,a,2025-02-24 19:33:10.618601
case_656,b,2025-02-24 19:38:10.618601
case_656,a,2025-02-24 19:43:10.618601
case_656,a,2025-02-24 19:48:10.618601
case_656,a,2025-02-24 19:53:10.618601
case_656,a,2025-02-24 19:58:10.618601
case_656,b,2025-02-24 20:03:10.618601
case_656,a,2025-02-24 20:08:10.618601
case_656,a,2025-02-24 20:13:10.618601
case_656,a,2025-02-24 20:18:10.618601
case_656,c,2025-02-24 20:23:10.618601
case_656,c,2025-02-24 20:28:10.618601
case_656,a,2025-02-24 20:33:10.618601
case_656,a,2025-02-24 20:38:10.618601
case_656,c,2025-02-24 20:43:10.618601
case_656,a,2025-02-24 20:48:10.618601
case_656,b,2025-02-24 20:53:10.618601
case_656,a,2025-02-24 20:58:10.618601
case_656,b,2025-02-24 21:03:10.618601
case_657,a,2025-02-24 19:28:10.618631
case_657,c,2025-02-24 19:33:10.618631
case_657,a,2025-02-24 19:38:10.618631
case_657,a,2025-02-24 19:43:10.618631
case_657,c,2025-02-24 19:48:10.618631
case_657,b,2025-02-24 19:53:10.618631
case_657,b,2025-02-24 19:58:10.618631
case_657,a,2025-02-24 20:03:10.618631
case_657,a,2025-02-24 20:08:10.618631
case_657,a,2025-02-24 20:13:10.618631
case_657,c,2025-02-24 20:18:10.618631
case_657,c,2025-02-24 20:23:10.618631
case_657,b,2025-02-24 20:28:10.618631
case_657,c,2025-02-24 20:33:10.618631
case_657,a,2025-02-24 20:38:10.618631
case_657,b,2025-02-24 20:43:10.618631
case_657,b,2025-02-24 20:48:10.618631
case_657,b,2025-02-24 20:53:10.618631
case_657,c,2025-02-24 20:58:10.618631
case_657,a,2025-02-24 21:03:10.618631
case_658,b,2025-02-24 19:28:10.618662
case_658,c,2025-02-24 19:33:10.618662
case_658,b,2025-02-24 19:38:10.618662
case_658,c,2025-02-24 19:43:10.618662
case_658,b,2025-02-24 19:48:10.618662
case_658,c,2025-02-24 19:53:10.618662
case_658,b,2025-02-24 19:58:10.618662
case_658,b,2025-02-24 20:03:10.618662
case_658,a,2025-02-24 20:08:10.618662
case_658,a,2025-02-24 20:13:10.618662
case_658,c,2025-02-24 20:18:10.618662
case_658,a,2025-02-24 20:23:10.618662
case_658,c,2025-02-24 20:28:10.618662
case_658,b,2025-02-24 20:33:10.618662
case_658,b,2025-02-24 20:38:10.618662
case_658,c,2025-02-24 20:43:10.618662
case_658,c,2025-02-24 20:48:10.618662
case_658,b,2025-02-24 20:53:10.618662
case_658,a,2025-02-24 20:58:10.618662
case_658,b,2025-02-24 21:03:10.618662
case_659,b,2025-02-24 19:28:10.618694
case_659,c,2025-02-24 19:33:10.618694
case_659,b,2025-02-24 19:38:10.618694
case_659,b,2025-02-24 19:43:10.618694
case_659,c,2025-02-24 19:48:10.618694
case_659,c,2025-02-24 19:53:10.618694
case_659,c,2025-02-24 19:58:10.618694
case_659,b,2025-02-24 20:03:10.618694
case_659,a,2025-02-24 20:08:10.618694
case_659,c,2025-02-24 20:13:10.618694
case_659,b,2025-02-24 20:18:10.618694
case_659,b,2025-02-24 20:23:10.618694
case_659,a,2025-02-24 20:28:10.618694
case_659,b,2025-02-24 20:33:10.618694
case_659,b,2025-02-24 20:38:10.618694
case_659,a,2025-02-24 20:43:10.618694
case_659,c,2025-02-24 20:48:10.618694
case_659,b,2025-02-24 20:53:10.618694
case_659,c,2025-02-24 20:58:10.618694
case_659,a,2025-02-24 21:03:10.618694
case_660,b,2025-02-24 19:28:10.618725
case_660,b,2025-02-24 19:33:10.618725
case_660,b,2025-02-24 19:38:10.618725
case_660,b,2025-02-24 19:43:10.618725
case_660,c,2025-02-24 19:48:10.618725
case_660,b,2025-02-24 19:53:10.618725
case_660,c,2025-02-24 19:58:10.618725
case_660,c,2025-02-24 20:03:10.618725
case_660,c,2025-02-24 20:08:10.618725
case_660,b,2025-02-24 20:13:10.618725
case_660,c,2025-02-24 20:18:10.618725
case_660,b,2025-02-24 20:23:10.618725
case_660,b,2025-02-24 20:28:10.618725
case_660,b,2025-02-24 20:33:10.618725
case_660,b,2025-02-24 20:38:10.618725
case_660,c,2025-02-24 20:43:10.618725
case_660,c,2025-02-24 20:48:10.618725
case_660,c,2025-02-24 20:53:10.618725
case_660,a,2025-02-24 20:58:10.618725
case_660,a,2025-02-24 21:03:10.618725
case_661,b,2025-02-24 19:28:10.618757
case_661,b,2025-02-24 19:33:10.618757
case_661,b,2025-02-24 19:38:10.618757
case_661,a,2025-02-24 19:43:10.618757
case_661,a,2025-02-24 19:48:10.618757
case_661,c,2025-02-24 19:53:10.618757
case_661,b,2025-02-24 19:58:10.618757
case_661,c,2025-02-24 20:03:10.618757
case_661,a,2025-02-24 20:08:10.618757
case_661,c,2025-02-24 20:13:10.618757
case_661,b,2025-02-24 20:18:10.618757
case_661,a,2025-02-24 20:23:10.618757
case_661,a,2025-02-24 20:28:10.618757
case_661,a,2025-02-24 20:33:10.618757
case_661,a,2025-02-24 20:38:10.618757
case_661,b,2025-02-24 20:43:10.618757
case_661,a,2025-02-24 20:48:10.618757
case_661,c,2025-02-24 20:53:10.618757
case_661,c,2025-02-24 20:58:10.618757
case_661,a,2025-02-24 21:03:10.618757
case_662,a,2025-02-24 19:28:10.618788
case_662,b,2025-02-24 19:33:10.618788
case_662,c,2025-02-24 19:38:10.618788
case_662,a,2025-02-24 19:43:10.618788
case_662,c,2025-02-24 19:48:10.618788
case_662,b,2025-02-24 19:53:10.618788
case_662,a,2025-02-24 19:58:10.618788
case_662,a,2025-02-24 20:03:10.618788
case_662,b,2025-02-24 20:08:10.618788
case_662,a,2025-02-24 20:13:10.618788
case_662,a,2025-02-24 20:18:10.618788
case_662,c,2025-02-24 20:23:10.618788
case_662,a,2025-02-24 20:28:10.618788
case_662,b,2025-02-24 20:33:10.618788
case_662,c,2025-02-24 20:38:10.618788
case_662,c,2025-02-24 20:43:10.618788
case_662,b,2025-02-24 20:48:10.618788
case_662,c,2025-02-24 20:53:10.618788
case_662,b,2025-02-24 20:58:10.618788
case_662,a,2025-02-24 21:03:10.618788
case_663,a,2025-02-24 19:28:10.618819
case_663,c,2025-02-24 19:33:10.618819
case_663,c,2025-02-24 19:38:10.618819
case_663,c,2025-02-24 19:43:10.618819
case_663,b,2025-02-24 19:48:10.618819
case_663,a,2025-02-24 19:53:10.618819
case_663,b,2025-02-24 19:58:10.618819
case_663,b,2025-02-24 20:03:10.618819
case_663,a,2025-02-24 20:08:10.618819
case_663,c,2025-02-24 20:13:10.618819
case_663,b,2025-02-24 20:18:10.618819
case_663,c,2025-02-24 20:23:10.618819
case_663,c,2025-02-24 20:28:10.618819
case_663,b,2025-02-24 20:33:10.618819
case_663,c,2025-02-24 20:38:10.618819
case_663,b,2025-02-24 20:43:10.618819
case_663,a,2025-02-24 20:48:10.618819
case_663,c,2025-02-24 20:53:10.618819
case_663,c,2025-02-24 20:58:10.618819
case_663,a,2025-02-24 21:03:10.618819
case_664,b,2025-02-24 19:28:10.618850
case_664,a,2025-02-24 19:33:10.618850
case_664,a,2025-02-24 19:38:10.618850
case_664,b,2025-02-24 19:43:10.618850
case_664,c,2025-02-24 19:48:10.618850
case_664,b,2025-02-24 19:53:10.618850
case_664,c,2025-02-24 19:58:10.618850
case_664,b,2025-02-24 20:03:10.618850
case_664,a,2025-02-24 20:08:10.618850
case_664,b,2025-02-24 20:13:10.618850
case_664,b,2025-02-24 20:18:10.618850
case_664,c,2025-02-24 20:23:10.618850
case_664,a,2025-02-24 20:28:10.618850
case_664,c,2025-02-24 20:33:10.618850
case_664,b,2025-02-24 20:38:10.618850
case_664,c,2025-02-24 20:43:10.618850
case_664,b,2025-02-24 20:48:10.618850
case_664,c,2025-02-24 20:53:10.618850
case_664,c,2025-02-24 20:58:10.618850
case_664,a,2025-02-24 21:03:10.618850
case_665,a,2025-02-24 19:28:10.618881
case_665,a,2025-02-24 19:33:10.618881
case_665,c,2025-02-24 19:38:10.618881
case_665,c,2025-02-24 19:43:10.618881
case_665,a,2025-02-24 19:48:10.618881
case_665,c,2025-02-24 19:53:10.618881
case_665,b,2025-02-24 19:58:10.618881
case_665,a,2025-02-24 20:03:10.618881
case_665,b,2025-02-24 20:08:10.618881
case_665,b,2025-02-24 20:13:10.618881
case_665,a,2025-02-24 20:18:10.618881
case_665,c,2025-02-24 20:23:10.618881
case_665,a,2025-02-24 20:28:10.618881
case_665,a,2025-02-24 20:33:10.618881
case_665,c,2025-02-24 20:38:10.618881
case_665,b,2025-02-24 20:43:10.618881
case_665,b,2025-02-24 20:48:10.618881
case_665,c,2025-02-24 20:53:10.618881
case_665,a,2025-02-24 20:58:10.618881
case_665,b,2025-02-24 21:03:10.618881
case_666,c,2025-02-24 19:28:10.618911
case_666,b,2025-02-24 19:33:10.618911
case_666,b,2025-02-24 19:38:10.618911
case_666,b,2025-02-24 19:43:10.618911
case_666,c,2025-02-24 19:48:10.618911
case_666,c,2025-02-24 19:53:10.618911
case_666,a,2025-02-24 19:58:10.618911
case_666,a,2025-02-24 20:03:10.618911
case_666,b,2025-02-24 20:08:10.618911
case_666,a,2025-02-24 20:13:10.618911
case_666,c,2025-02-24 20:18:10.618911
case_666,c,2025-02-24 20:23:10.618911
case_666,c,2025-02-24 20:28:10.618911
case_666,c,2025-02-24 20:33:10.618911
case_666,c,2025-02-24 20:38:10.618911
case_666,a,2025-02-24 20:43:10.618911
case_666,a,2025-02-24 20:48:10.618911
case_666,c,2025-02-24 20:53:10.618911
case_666,b,2025-02-24 20:58:10.618911
case_666,a,2025-02-24 21:03:10.618911
case_667,b,2025-02-24 19:28:10.618943
case_667,a,2025-02-24 19:33:10.618943
case_667,c,2025-02-24 19:38:10.618943
case_667,c,2025-02-24 19:43:10.618943
case_667,a,2025-02-24 19:48:10.618943
case_667,b,2025-02-24 19:53:10.618943
case_667,a,2025-02-24 19:58:10.618943
case_667,b,2025-02-24 20:03:10.618943
case_667,c,2025-02-24 20:08:10.618943
case_667,b,2025-02-24 20:13:10.618943
case_667,c,2025-02-24 20:18:10.618943
case_667,a,2025-02-24 20:23:10.618943
case_667,b,2025-02-24 20:28:10.618943
case_667,b,2025-02-24 20:33:10.618943
case_667,a,2025-02-24 20:38:10.618943
case_667,a,2025-02-24 20:43:10.618943
case_667,b,2025-02-24 20:48:10.618943
case_667,b,2025-02-24 20:53:10.618943
case_667,b,2025-02-24 20:58:10.618943
case_667,a,2025-02-24 21:03:10.618943
case_668,a,2025-02-24 19:28:10.618974
case_668,c,2025-02-24 19:33:10.618974
case_668,b,2025-02-24 19:38:10.618974
case_668,c,2025-02-24 19:43:10.618974
case_668,a,2025-02-24 19:48:10.618974
case_668,b,2025-02-24 19:53:10.618974
case_668,b,2025-02-24 19:58:10.618974
case_668,a,2025-02-24 20:03:10.618974
case_668,c,2025-02-24 20:08:10.618974
case_668,c,2025-02-24 20:13:10.618974
case_668,b,2025-02-24 20:18:10.618974
case_668,a,2025-02-24 20:23:10.618974
case_668,a,2025-02-24 20:28:10.618974
case_668,b,2025-02-24 20:33:10.618974
case_668,c,2025-02-24 20:38:10.618974
case_668,b,2025-02-24 20:43:10.618974
case_668,b,2025-02-24 20:48:10.618974
case_668,b,2025-02-24 20:53:10.618974
case_668,b,2025-02-24 20:58:10.618974
case_668,a,2025-02-24 21:03:10.618974
case_669,a,2025-02-24 19:28:10.619006
case_669,c,2025-02-24 19:33:10.619006
case_669,a,2025-02-24 19:38:10.619006
case_669,b,2025-02-24 19:43:10.619006
case_669,a,2025-02-24 19:48:10.619006
case_669,a,2025-02-24 19:53:10.619006
case_669,a,2025-02-24 19:58:10.619006
case_669,b,2025-02-24 20:03:10.619006
case_669,a,2025-02-24 20:08:10.619006
case_669,c,2025-02-24 20:13:10.619006
case_669,a,2025-02-24 20:18:10.619006
case_669,c,2025-02-24 20:23:10.619006
case_669,b,2025-02-24 20:28:10.619006
case_669,a,2025-02-24 20:33:10.619006
case_669,c,2025-02-24 20:38:10.619006
case_669,b,2025-02-24 20:43:10.619006
case_669,a,2025-02-24 20:48:10.619006
case_669,c,2025-02-24 20:53:10.619006
case_669,c,2025-02-24 20:58:10.619006
case_669,a,2025-02-24 21:03:10.619006
case_670,b,2025-02-24 19:28:10.619040
case_670,c,2025-02-24 19:33:10.619040
case_670,c,2025-02-24 19:38:10.619040
case_670,b,2025-02-24 19:43:10.619040
case_670,c,2025-02-24 19:48:10.619040
case_670,b,2025-02-24 19:53:10.619040
case_670,a,2025-02-24 19:58:10.619040
case_670,b,2025-02-24 20:03:10.619040
case_670,b,2025-02-24 20:08:10.619040
case_670,b,2025-02-24 20:13:10.619040
case_670,b,2025-02-24 20:18:10.619040
case_670,a,2025-02-24 20:23:10.619040
case_670,b,2025-02-24 20:28:10.619040
case_670,b,2025-02-24 20:33:10.619040
case_670,c,2025-02-24 20:38:10.619040
case_670,a,2025-02-24 20:43:10.619040
case_670,c,2025-02-24 20:48:10.619040
case_670,c,2025-02-24 20:53:10.619040
case_670,a,2025-02-24 20:58:10.619040
case_670,a,2025-02-24 21:03:10.619040
case_671,b,2025-02-24 19:28:10.619071
case_671,b,2025-02-24 19:33:10.619071
case_671,a,2025-02-24 19:38:10.619071
case_671,c,2025-02-24 19:43:10.619071
case_671,b,2025-02-24 19:48:10.619071
case_671,a,2025-02-24 19:53:10.619071
case_671,a,2025-02-24 19:58:10.619071
case_671,a,2025-02-24 20:03:10.619071
case_671,c,2025-02-24 20:08:10.619071
case_671,b,2025-02-24 20:13:10.619071
case_671,b,2025-02-24 20:18:10.619071
case_671,c,2025-02-24 20:23:10.619071
case_671,c,2025-02-24 20:28:10.619071
case_671,b,2025-02-24 20:33:10.619071
case_671,c,2025-02-24 20:38:10.619071
case_671,c,2025-02-24 20:43:10.619071
case_671,a,2025-02-24 20:48:10.619071
case_671,c,2025-02-24 20:53:10.619071
case_671,c,2025-02-24 20:58:10.619071
case_671,a,2025-02-24 21:03:10.619071
case_672,a,2025-02-24 19:28:10.619102
case_672,a,2025-02-24 19:33:10.619102
case_672,b,2025-02-24 19:38:10.619102
case_672,a,2025-02-24 19:43:10.619102
case_672,c,2025-02-24 19:48:10.619102
case_672,c,2025-02-24 19:53:10.619102
case_672,c,2025-02-24 19:58:10.619102
case_672,b,2025-02-24 20:03:10.619102
case_672,a,2025-02-24 20:08:10.619102
case_672,c,2025-02-24 20:13:10.619102
case_672,a,2025-02-24 20:18:10.619102
case_672,c,2025-02-24 20:23:10.619102
case_672,b,2025-02-24 20:28:10.619102
case_672,b,2025-02-24 20:33:10.619102
case_672,c,2025-02-24 20:38:10.619102
case_672,c,2025-02-24 20:43:10.619102
case_672,b,2025-02-24 20:48:10.619102
case_672,a,2025-02-24 20:53:10.619102
case_672,b,2025-02-24 20:58:10.619102
case_672,a,2025-02-24 21:03:10.619102
case_673,b,2025-02-24 19:28:10.619132
case_673,c,2025-02-24 19:33:10.619132
case_673,b,2025-02-24 19:38:10.619132
case_673,b,2025-02-24 19:43:10.619132
case_673,c,2025-02-24 19:48:10.619132
case_673,a,2025-02-24 19:53:10.619132
case_673,b,2025-02-24 19:58:10.619132
case_673,a,2025-02-24 20:03:10.619132
case_673,a,2025-02-24 20:08:10.619132
case_673,a,2025-02-24 20:13:10.619132
case_673,c,2025-02-24 20:18:10.619132
case_673,c,2025-02-24 20:23:10.619132
case_673,a,2025-02-24 20:28:10.619132
case_673,c,2025-02-24 20:33:10.619132
case_673,b,2025-02-24 20:38:10.619132
case_673,b,2025-02-24 20:43:10.619132
case_673,c,2025-02-24 20:48:10.619132
case_673,a,2025-02-24 20:53:10.619132
case_673,c,2025-02-24 20:58:10.619132
case_673,a,2025-02-24 21:03:10.619132
case_674,b,2025-02-24 19:28:10.619164
case_674,b,2025-02-24 19:33:10.619164
case_674,c,2025-02-24 19:38:10.619164
case_674,a,2025-02-24 19:43:10.619164
case_674,a,2025-02-24 19:48:10.619164
case_674,b,2025-02-24 19:53:10.619164
case_674,a,2025-02-24 19:58:10.619164
case_674,a,2025-02-24 20:03:10.619164
case_674,c,2025-02-24 20:08:10.619164
case_674,c,2025-02-24 20:13:10.619164
case_674,c,2025-02-24 20:18:10.619164
case_674,a,2025-02-24 20:23:10.619164
case_674,a,2025-02-24 20:28:10.619164
case_674,c,2025-02-24 20:33:10.619164
case_674,c,2025-02-24 20:38:10.619164
case_674,a,2025-02-24 20:43:10.619164
case_674,c,2025-02-24 20:48:10.619164
case_674,b,2025-02-24 20:53:10.619164
case_674,c,2025-02-24 20:58:10.619164
case_674,a,2025-02-24 21:03:10.619164
case_675,c,2025-02-24 19:28:10.619199
case_675,b,2025-02-24 19:33:10.619199
case_675,a,2025-02-24 19:38:10.619199
case_675,b,2025-02-24 19:43:10.619199
case_675,a,2025-02-24 19:48:10.619199
case_675,c,2025-02-24 19:53:10.619199
case_675,b,2025-02-24 19:58:10.619199
case_675,c,2025-02-24 20:03:10.619199
case_675,a,2025-02-24 20:08:10.619199
case_675,c,2025-02-24 20:13:10.619199
case_675,b,2025-02-24 20:18:10.619199
case_675,a,2025-02-24 20:23:10.619199
case_675,c,2025-02-24 20:28:10.619199
case_675,c,2025-02-24 20:33:10.619199
case_675,a,2025-02-24 20:38:10.619199
case_675,a,2025-02-24 20:43:10.619199
case_675,c,2025-02-24 20:48:10.619199
case_675,b,2025-02-24 20:53:10.619199
case_675,b,2025-02-24 20:58:10.619199
case_675,a,2025-02-24 21:03:10.619199
case_676,a,2025-02-24 19:28:10.619229
case_676,b,2025-02-24 19:33:10.619229
case_676,b,2025-02-24 19:38:10.619229
case_676,a,2025-02-24 19:43:10.619229
case_676,c,2025-02-24 19:48:10.619229
case_676,c,2025-02-24 19:53:10.619229
case_676,a,2025-02-24 19:58:10.619229
case_676,b,2025-02-24 20:03:10.619229
case_676,a,2025-02-24 20:08:10.619229
case_676,b,2025-02-24 20:13:10.619229
case_676,c,2025-02-24 20:18:10.619229
case_676,c,2025-02-24 20:23:10.619229
case_676,a,2025-02-24 20:28:10.619229
case_676,b,2025-02-24 20:33:10.619229
case_676,c,2025-02-24 20:38:10.619229
case_676,c,2025-02-24 20:43:10.619229
case_676,a,2025-02-24 20:48:10.619229
case_676,c,2025-02-24 20:53:10.619229
case_676,a,2025-02-24 20:58:10.619229
case_676,b,2025-02-24 21:03:10.619229
case_677,a,2025-02-24 19:28:10.619261
case_677,a,2025-02-24 19:33:10.619261
case_677,c,2025-02-24 19:38:10.619261
case_677,c,2025-02-24 19:43:10.619261
case_677,b,2025-02-24 19:48:10.619261
case_677,c,2025-02-24 19:53:10.619261
case_677,c,2025-02-24 19:58:10.619261
case_677,a,2025-02-24 20:03:10.619261
case_677,a,2025-02-24 20:08:10.619261
case_677,a,2025-02-24 20:13:10.619261
case_677,b,2025-02-24 20:18:10.619261
case_677,c,2025-02-24 20:23:10.619261
case_677,c,2025-02-24 20:28:10.619261
case_677,b,2025-02-24 20:33:10.619261
case_677,a,2025-02-24 20:38:10.619261
case_677,c,2025-02-24 20:43:10.619261
case_677,c,2025-02-24 20:48:10.619261
case_677,a,2025-02-24 20:53:10.619261
case_677,a,2025-02-24 20:58:10.619261
case_677,a,2025-02-24 21:03:10.619261
case_678,a,2025-02-24 19:28:10.619311
case_678,c,2025-02-24 19:33:10.619311
case_678,b,2025-02-24 19:38:10.619311
case_678,b,2025-02-24 19:43:10.619311
case_678,a,2025-02-24 19:48:10.619311
case_678,c,2025-02-24 19:53:10.619311
case_678,a,2025-02-24 19:58:10.619311
case_678,a,2025-02-24 20:03:10.619311
case_678,b,2025-02-24 20:08:10.619311
case_678,b,2025-02-24 20:13:10.619311
case_678,b,2025-02-24 20:18:10.619311
case_678,b,2025-02-24 20:23:10.619311
case_678,c,2025-02-24 20:28:10.619311
case_678,b,2025-02-24 20:33:10.619311
case_678,c,2025-02-24 20:38:10.619311
case_678,b,2025-02-24 20:43:10.619311
case_678,a,2025-02-24 20:48:10.619311
case_678,c,2025-02-24 20:53:10.619311
case_678,c,2025-02-24 20:58:10.619311
case_678,a,2025-02-24 21:03:10.619311
case_679,c,2025-02-24 19:28:10.619345
case_679,a,2025-02-24 19:33:10.619345
case_679,b,2025-02-24 19:38:10.619345
case_679,a,2025-02-24 19:43:10.619345
case_679,b,2025-02-24 19:48:10.619345
case_679,c,2025-02-24 19:53:10.619345
case_679,b,2025-02-24 19:58:10.619345
case_679,b,2025-02-24 20:03:10.619345
case_679,b,2025-02-24 20:08:10.619345
case_679,c,2025-02-24 20:13:10.619345
case_679,a,2025-02-24 20:18:10.619345
case_679,a,2025-02-24 20:23:10.619345
case_679,a,2025-02-24 20:28:10.619345
case_679,c,2025-02-24 20:33:10.619345
case_679,c,2025-02-24 20:38:10.619345
case_679,a,2025-02-24 20:43:10.619345
case_679,c,2025-02-24 20:48:10.619345
case_679,c,2025-02-24 20:53:10.619345
case_679,c,2025-02-24 20:58:10.619345
case_679,a,2025-02-24 21:03:10.619345
case_680,b,2025-02-24 19:28:10.619376
case_680,c,2025-02-24 19:33:10.619376
case_680,c,2025-02-24 19:38:10.619376
case_680,c,2025-02-24 19:43:10.619376
case_680,b,2025-02-24 19:48:10.619376
case_680,a,2025-02-24 19:53:10.619376
case_680,c,2025-02-24 19:58:10.619376
case_680,c,2025-02-24 20:03:10.619376
case_680,c,2025-02-24 20:08:10.619376
case_680,b,2025-02-24 20:13:10.619376
case_680,c,2025-02-24 20:18:10.619376
case_680,b,2025-02-24 20:23:10.619376
case_680,b,2025-02-24 20:28:10.619376
case_680,a,2025-02-24 20:33:10.619376
case_680,a,2025-02-24 20:38:10.619376
case_680,b,2025-02-24 20:43:10.619376
case_680,c,2025-02-24 20:48:10.619376
case_680,c,2025-02-24 20:53:10.619376
case_680,b,2025-02-24 20:58:10.619376
case_680,a,2025-02-24 21:03:10.619376
case_681,b,2025-02-24 19:28:10.619406
case_681,a,2025-02-24 19:33:10.619406
case_681,b,2025-02-24 19:38:10.619406
case_681,b,2025-02-24 19:43:10.619406
case_681,c,2025-02-24 19:48:10.619406
case_681,a,2025-02-24 19:53:10.619406
case_681,c,2025-02-24 19:58:10.619406
case_681,a,2025-02-24 20:03:10.619406
case_681,a,2025-02-24 20:08:10.619406
case_681,b,2025-02-24 20:13:10.619406
case_681,a,2025-02-24 20:18:10.619406
case_681,b,2025-02-24 20:23:10.619406
case_681,a,2025-02-24 20:28:10.619406
case_681,c,2025-02-24 20:33:10.619406
case_681,a,2025-02-24 20:38:10.619406
case_681,b,2025-02-24 20:43:10.619406
case_681,b,2025-02-24 20:48:10.619406
case_681,c,2025-02-24 20:53:10.619406
case_681,c,2025-02-24 20:58:10.619406
case_681,a,2025-02-24 21:03:10.619406
case_682,c,2025-02-24 19:28:10.619438
case_682,c,2025-02-24 19:33:10.619438
case_682,b,2025-02-24 19:38:10.619438
case_682,c,2025-02-24 19:43:10.619438
case_682,b,2025-02-24 19:48:10.619438
case_682,a,2025-02-24 19:53:10.619438
case_682,c,2025-02-24 19:58:10.619438
case_682,a,2025-02-24 20:03:10.619438
case_682,b,2025-02-24 20:08:10.619438
case_682,a,2025-02-24 20:13:10.619438
case_682,b,2025-02-24 20:18:10.619438
case_682,c,2025-02-24 20:23:10.619438
case_682,a,2025-02-24 20:28:10.619438
case_682,b,2025-02-24 20:33:10.619438
case_682,c,2025-02-24 20:38:10.619438
case_682,b,2025-02-24 20:43:10.619438
case_682,c,2025-02-24 20:48:10.619438
case_682,b,2025-02-24 20:53:10.619438
case_682,a,2025-02-24 20:58:10.619438
case_682,b,2025-02-24 21:03:10.619438
case_683,a,2025-02-24 19:28:10.619469
case_683,b,2025-02-24 19:33:10.619469
case_683,c,2025-02-24 19:38:10.619469
case_683,c,2025-02-24 19:43:10.619469
case_683,b,2025-02-24 19:48:10.619469
case_683,c,2025-02-24 19:53:10.619469
case_683,a,2025-02-24 19:58:10.619469
case_683,b,2025-02-24 20:03:10.619469
case_683,a,2025-02-24 20:08:10.619469
case_683,c,2025-02-24 20:13:10.619469
case_683,b,2025-02-24 20:18:10.619469
case_683,a,2025-02-24 20:23:10.619469
case_683,c,2025-02-24 20:28:10.619469
case_683,c,2025-02-24 20:33:10.619469
case_683,b,2025-02-24 20:38:10.619469
case_683,c,2025-02-24 20:43:10.619469
case_683,a,2025-02-24 20:48:10.619469
case_683,c,2025-02-24 20:53:10.619469
case_683,b,2025-02-24 20:58:10.619469
case_683,a,2025-02-24 21:03:10.619469
case_684,b,2025-02-24 19:28:10.619501
case_684,c,2025-02-24 19:33:10.619501
case_684,a,2025-02-24 19:38:10.619501
case_684,a,2025-02-24 19:43:10.619501
case_684,b,2025-02-24 19:48:10.619501
case_684,b,2025-02-24 19:53:10.619501
case_684,b,2025-02-24 19:58:10.619501
case_684,c,2025-02-24 20:03:10.619501
case_684,c,2025-02-24 20:08:10.619501
case_684,b,2025-02-24 20:13:10.619501
case_684,a,2025-02-24 20:18:10.619501
case_684,c,2025-02-24 20:23:10.619501
case_684,b,2025-02-24 20:28:10.619501
case_684,a,2025-02-24 20:33:10.619501
case_684,a,2025-02-24 20:38:10.619501
case_684,b,2025-02-24 20:43:10.619501
case_684,b,2025-02-24 20:48:10.619501
case_684,a,2025-02-24 20:53:10.619501
case_684,b,2025-02-24 20:58:10.619501
case_684,b,2025-02-24 21:03:10.619501
case_685,c,2025-02-24 19:28:10.619533
case_685,a,2025-02-24 19:33:10.619533
case_685,a,2025-02-24 19:38:10.619533
case_685,a,2025-02-24 19:43:10.619533
case_685,b,2025-02-24 19:48:10.619533
case_685,b,2025-02-24 19:53:10.619533
case_685,a,2025-02-24 19:58:10.619533
case_685,c,2025-02-24 20:03:10.619533
case_685,c,2025-02-24 20:08:10.619533
case_685,b,2025-02-24 20:13:10.619533
case_685,c,2025-02-24 20:18:10.619533
case_685,c,2025-02-24 20:23:10.619533
case_685,c,2025-02-24 20:28:10.619533
case_685,c,2025-02-24 20:33:10.619533
case_685,b,2025-02-24 20:38:10.619533
case_685,c,2025-02-24 20:43:10.619533
case_685,c,2025-02-24 20:48:10.619533
case_685,b,2025-02-24 20:53:10.619533
case_685,b,2025-02-24 20:58:10.619533
case_685,a,2025-02-24 21:03:10.619533
case_686,b,2025-02-24 19:28:10.619564
case_686,a,2025-02-24 19:33:10.619564
case_686,b,2025-02-24 19:38:10.619564
case_686,c,2025-02-24 19:43:10.619564
case_686,c,2025-02-24 19:48:10.619564
case_686,a,2025-02-24 19:53:10.619564
case_686,c,2025-02-24 19:58:10.619564
case_686,c,2025-02-24 20:03:10.619564
case_686,b,2025-02-24 20:08:10.619564
case_686,a,2025-02-24 20:13:10.619564
case_686,a,2025-02-24 20:18:10.619564
case_686,b,2025-02-24 20:23:10.619564
case_686,b,2025-02-24 20:28:10.619564
case_686,a,2025-02-24 20:33:10.619564
case_686,c,2025-02-24 20:38:10.619564
case_686,c,2025-02-24 20:43:10.619564
case_686,a,2025-02-24 20:48:10.619564
case_686,b,2025-02-24 20:53:10.619564
case_686,a,2025-02-24 20:58:10.619564
case_686,a,2025-02-24 21:03:10.619564
case_687,c,2025-02-24 19:28:10.619596
case_687,c,2025-02-24 19:33:10.619596
case_687,c,2025-02-24 19:38:10.619596
case_687,a,2025-02-24 19:43:10.619596
case_687,a,2025-02-24 19:48:10.619596
case_687,c,2025-02-24 19:53:10.619596
case_687,c,2025-02-24 19:58:10.619596
case_687,c,2025-02-24 20:03:10.619596
case_687,c,2025-02-24 20:08:10.619596
case_687,b,2025-02-24 20:13:10.619596
case_687,c,2025-02-24 20:18:10.619596
case_687,c,2025-02-24 20:23:10.619596
case_687,a,2025-02-24 20:28:10.619596
case_687,b,2025-02-24 20:33:10.619596
case_687,c,2025-02-24 20:38:10.619596
case_687,c,2025-02-24 20:43:10.619596
case_687,b,2025-02-24 20:48:10.619596
case_687,c,2025-02-24 20:53:10.619596
case_687,b,2025-02-24 20:58:10.619596
case_687,a,2025-02-24 21:03:10.619596
case_688,b,2025-02-24 19:28:10.619627
case_688,b,2025-02-24 19:33:10.619627
case_688,c,2025-02-24 19:38:10.619627
case_688,b,2025-02-24 19:43:10.619627
case_688,b,2025-02-24 19:48:10.619627
case_688,c,2025-02-24 19:53:10.619627
case_688,c,2025-02-24 19:58:10.619627
case_688,c,2025-02-24 20:03:10.619627
case_688,a,2025-02-24 20:08:10.619627
case_688,b,2025-02-24 20:13:10.619627
case_688,c,2025-02-24 20:18:10.619627
case_688,c,2025-02-24 20:23:10.619627
case_688,a,2025-02-24 20:28:10.619627
case_688,c,2025-02-24 20:33:10.619627
case_688,c,2025-02-24 20:38:10.619627
case_688,b,2025-02-24 20:43:10.619627
case_688,a,2025-02-24 20:48:10.619627
case_688,b,2025-02-24 20:53:10.619627
case_688,b,2025-02-24 20:58:10.619627
case_688,b,2025-02-24 21:03:10.619627
case_689,c,2025-02-24 19:28:10.619658
case_689,a,2025-02-24 19:33:10.619658
case_689,c,2025-02-24 19:38:10.619658
case_689,a,2025-02-24 19:43:10.619658
case_689,b,2025-02-24 19:48:10.619658
case_689,c,2025-02-24 19:53:10.619658
case_689,c,2025-02-24 19:58:10.619658
case_689,b,2025-02-24 20:03:10.619658
case_689,b,2025-02-24 20:08:10.619658
case_689,a,2025-02-24 20:13:10.619658
case_689,c,2025-02-24 20:18:10.619658
case_689,c,2025-02-24 20:23:10.619658
case_689,b,2025-02-24 20:28:10.619658
case_689,b,2025-02-24 20:33:10.619658
case_689,c,2025-02-24 20:38:10.619658
case_689,b,2025-02-24 20:43:10.619658
case_689,a,2025-02-24 20:48:10.619658
case_689,b,2025-02-24 20:53:10.619658
case_689,c,2025-02-24 20:58:10.619658
case_689,a,2025-02-24 21:03:10.619658
case_690,c,2025-02-24 19:28:10.619690
case_690,b,2025-02-24 19:33:10.619690
case_690,b,2025-02-24 19:38:10.619690
case_690,b,2025-02-24 19:43:10.619690
case_690,b,2025-02-24 19:48:10.619690
case_690,a,2025-02-24 19:53:10.619690
case_690,b,2025-02-24 19:58:10.619690
case_690,a,2025-02-24 20:03:10.619690
case_690,a,2025-02-24 20:08:10.619690
case_690,a,2025-02-24 20:13:10.619690
case_690,b,2025-02-24 20:18:10.619690
case_690,a,2025-02-24 20:23:10.619690
case_690,a,2025-02-24 20:28:10.619690
case_690,b,2025-02-24 20:33:10.619690
case_690,a,2025-02-24 20:38:10.619690
case_690,b,2025-02-24 20:43:10.619690
case_690,a,2025-02-24 20:48:10.619690
case_690,c,2025-02-24 20:53:10.619690
case_690,c,2025-02-24 20:58:10.619690
case_690,a,2025-02-24 21:03:10.619690
case_691,a,2025-02-24 19:28:10.619722
case_691,a,2025-02-24 19:33:10.619722
case_691,a,2025-02-24 19:38:10.619722
case_691,b,2025-02-24 19:43:10.619722
case_691,a,2025-02-24 19:48:10.619722
case_691,b,2025-02-24 19:53:10.619722
case_691,a,2025-02-24 19:58:10.619722
case_691,b,2025-02-24 20:03:10.619722
case_691,c,2025-02-24 20:08:10.619722
case_691,a,2025-02-24 20:13:10.619722
case_691,b,2025-02-24 20:18:10.619722
case_691,b,2025-02-24 20:23:10.619722
case_691,a,2025-02-24 20:28:10.619722
case_691,c,2025-02-24 20:33:10.619722
case_691,b,2025-02-24 20:38:10.619722
case_691,b,2025-02-24 20:43:10.619722
case_691,a,2025-02-24 20:48:10.619722
case_691,c,2025-02-24 20:53:10.619722
case_691,c,2025-02-24 20:58:10.619722
case_691,a,2025-02-24 21:03:10.619722
case_692,c,2025-02-24 19:28:10.619753
case_692,c,2025-02-24 19:33:10.619753
case_692,c,2025-02-24 19:38:10.619753
case_692,a,2025-02-24 19:43:10.619753
case_692,a,2025-02-24 19:48:10.619753
case_692,c,2025-02-24 19:53:10.619753
case_692,b,2025-02-24 19:58:10.619753
case_692,b,2025-02-24 20:03:10.619753
case_692,a,2025-02-24 20:08:10.619753
case_692,b,2025-02-24 20:13:10.619753
case_692,c,2025-02-24 20:18:10.619753
case_692,c,2025-02-24 20:23:10.619753
case_692,b,2025-02-24 20:28:10.619753
case_692,a,2025-02-24 20:33:10.619753
case_692,b,2025-02-24 20:38:10.619753
case_692,b,2025-02-24 20:43:10.619753
case_692,c,2025-02-24 20:48:10.619753
case_692,b,2025-02-24 20:53:10.619753
case_692,b,2025-02-24 20:58:10.619753
case_692,a,2025-02-24 21:03:10.619753
case_693,c,2025-02-24 19:28:10.619784
case_693,b,2025-02-24 19:33:10.619784
case_693,b,2025-02-24 19:38:10.619784
case_693,c,2025-02-24 19:43:10.619784
case_693,b,2025-02-24 19:48:10.619784
case_693,b,2025-02-24 19:53:10.619784
case_693,b,2025-02-24 19:58:10.619784
case_693,c,2025-02-24 20:03:10.619784
case_693,b,2025-02-24 20:08:10.619784
case_693,a,2025-02-24 20:13:10.619784
case_693,a,2025-02-24 20:18:10.619784
case_693,c,2025-02-24 20:23:10.619784
case_693,a,2025-02-24 20:28:10.619784
case_693,a,2025-02-24 20:33:10.619784
case_693,c,2025-02-24 20:38:10.619784
case_693,a,2025-02-24 20:43:10.619784
case_693,a,2025-02-24 20:48:10.619784
case_693,c,2025-02-24 20:53:10.619784
case_693,c,2025-02-24 20:58:10.619784
case_693,a,2025-02-24 21:03:10.619784
case_694,c,2025-02-24 19:28:10.619814
case_694,c,2025-02-24 19:33:10.619814
case_694,a,2025-02-24 19:38:10.619814
case_694,b,2025-02-24 19:43:10.619814
case_694,c,2025-02-24 19:48:10.619814
case_694,c,2025-02-24 19:53:10.619814
case_694,a,2025-02-24 19:58:10.619814
case_694,a,2025-02-24 20:03:10.619814
case_694,a,2025-02-24 20:08:10.619814
case_694,b,2025-02-24 20:13:10.619814
case_694,b,2025-02-24 20:18:10.619814
case_694,a,2025-02-24 20:23:10.619814
case_694,a,2025-02-24 20:28:10.619814
case_694,c,2025-02-24 20:33:10.619814
case_694,c,2025-02-24 20:38:10.619814
case_694,c,2025-02-24 20:43:10.619814
case_694,a,2025-02-24 20:48:10.619814
case_694,c,2025-02-24 20:53:10.619814
case_694,b,2025-02-24 20:58:10.619814
case_694,a,2025-02-24 21:03:10.619814
case_695,a,2025-02-24 19:28:10.619846
case_695,a,2025-02-24 19:33:10.619846
case_695,b,2025-02-24 19:38:10.619846
case_695,a,2025-02-24 19:43:10.619846
case_695,c,2025-02-24 19:48:10.619846
case_695,b,2025-02-24 19:53:10.619846
case_695,b,2025-02-24 19:58:10.619846
case_695,a,2025-02-24 20:03:10.619846
case_695,a,2025-02-24 20:08:10.619846
case_695,b,2025-02-24 20:13:10.619846
case_695,b,2025-02-24 20:18:10.619846
case_695,b,2025-02-24 20:23:10.619846
case_695,a,2025-02-24 20:28:10.619846
case_695,b,2025-02-24 20:33:10.619846
case_695,a,2025-02-24 20:38:10.619846
case_695,b,2025-02-24 20:43:10.619846
case_695,b,2025-02-24 20:48:10.619846
case_695,c,2025-02-24 20:53:10.619846
case_695,c,2025-02-24 20:58:10.619846
case_695,a,2025-02-24 21:03:10.619846
case_696,b,2025-02-24 19:28:10.619876
case_696,a,2025-02-24 19:33:10.619876
case_696,a,2025-02-24 19:38:10.619876
case_696,a,2025-02-24 19:43:10.619876
case_696,b,2025-02-24 19:48:10.619876
case_696,b,2025-02-24 19:53:10.619876
case_696,b,2025-02-24 19:58:10.619876
case_696,c,2025-02-24 20:03:10.619876
case_696,b,2025-02-24 20:08:10.619876
case_696,a,2025-02-24 20:13:10.619876
case_696,b,2025-02-24 20:18:10.619876
case_696,a,2025-02-24 20:23:10.619876
case_696,b,2025-02-24 20:28:10.619876
case_696,a,2025-02-24 20:33:10.619876
case_696,b,2025-02-24 20:38:10.619876
case_696,c,2025-02-24 20:43:10.619876
case_696,a,2025-02-24 20:48:10.619876
case_696,c,2025-02-24 20:53:10.619876
case_696,c,2025-02-24 20:58:10.619876
case_696,a,2025-02-24 21:03:10.619876
case_697,a,2025-02-24 19:28:10.619908
case_697,a,2025-02-24 19:33:10.619908
case_697,b,2025-02-24 19:38:10.619908
case_697,b,2025-02-24 19:43:10.619908
case_697,b,2025-02-24 19:48:10.619908
case_697,c,2025-02-24 19:53:10.619908
case_697,b,2025-02-24 19:58:10.619908
case_697,a,2025-02-24 20:03:10.619908
case_697,a,2025-02-24 20:08:10.619908
case_697,b,2025-02-24 20:13:10.619908
case_697,c,2025-02-24 20:18:10.619908
case_697,a,2025-02-24 20:23:10.619908
case_697,c,2025-02-24 20:28:10.619908
case_697,a,2025-02-24 20:33:10.619908
case_697,c,2025-02-24 20:38:10.619908
case_697,b,2025-02-24 20:43:10.619908
case_697,c,2025-02-24 20:48:10.619908
case_697,c,2025-02-24 20:53:10.619908
case_697,b,2025-02-24 20:58:10.619908
case_697,a,2025-02-24 21:03:10.619908
case_698,c,2025-02-24 19:28:10.619939
case_698,a,2025-02-24 19:33:10.619939
case_698,a,2025-02-24 19:38:10.619939
case_698,c,2025-02-24 19:43:10.619939
case_698,b,2025-02-24 19:48:10.619939
case_698,c,2025-02-24 19:53:10.619939
case_698,c,2025-02-24 19:58:10.619939
case_698,a,2025-02-24 20:03:10.619939
case_698,c,2025-02-24 20:08:10.619939
case_698,a,2025-02-24 20:13:10.619939
case_698,b,2025-02-24 20:18:10.619939
case_698,c,2025-02-24 20:23:10.619939
case_698,a,2025-02-24 20:28:10.619939
case_698,b,2025-02-24 20:33:10.619939
case_698,c,2025-02-24 20:38:10.619939
case_698,c,2025-02-24 20:43:10.619939
case_698,c,2025-02-24 20:48:10.619939
case_698,c,2025-02-24 20:53:10.619939
case_698,c,2025-02-24 20:58:10.619939
case_698,a,2025-02-24 21:03:10.619939
case_699,a,2025-02-24 19:28:10.619970
case_699,b,2025-02-24 19:33:10.619970
case_699,a,2025-02-24 19:38:10.619970
case_699,b,2025-02-24 19:43:10.619970
case_699,a,2025-02-24 19:48:10.619970
case_699,c,2025-02-24 19:53:10.619970
case_699,a,2025-02-24 19:58:10.619970
case_699,c,2025-02-24 20:03:10.619970
case_699,a,2025-02-24 20:08:10.619970
case_699,a,2025-02-24 20:13:10.619970
case_699,a,2025-02-24 20:18:10.619970
case_699,c,2025-02-24 20:23:10.619970
case_699,a,2025-02-24 20:28:10.619970
case_699,c,2025-02-24 20:33:10.619970
case_699,a,2025-02-24 20:38:10.619970
case_699,c,2025-02-24 20:43:10.619970
case_699,a,2025-02-24 20:48:10.619970
case_699,c,2025-02-24 20:53:10.619970
case_699,c,2025-02-24 20:58:10.619970
case_699,a,2025-02-24 21:03:10.619970
case_700,a,2025-02-24 19:28:10.620001
case_700,b,2025-02-24 19:33:10.620001
case_700,b,2025-02-24 19:38:10.620001
case_700,c,2025-02-24 19:43:10.620001
case_700,b,2025-02-24 19:48:10.620001
case_700,a,2025-02-24 19:53:10.620001
case_700,b,2025-02-24 19:58:10.620001
case_700,b,2025-02-24 20:03:10.620001
case_700,a,2025-02-24 20:08:10.620001
case_700,b,2025-02-24 20:13:10.620001
case_700,a,2025-02-24 20:18:10.620001
case_700,a,2025-02-24 20:23:10.620001
case_700,b,2025-02-24 20:28:10.620001
case_700,b,2025-02-24 20:33:10.620001
case_700,a,2025-02-24 20:38:10.620001
case_700,c,2025-02-24 20:43:10.620001
case_700,b,2025-02-24 20:48:10.620001
case_700,c,2025-02-24 20:53:10.620001
case_700,c,2025-02-24 20:58:10.620001
case_700,a,2025-02-24 21:03:10.620001
case_701,a,2025-02-24 19:28:10.620032
case_701,a,2025-02-24 19:33:10.620032
case_701,c,2025-02-24 19:38:10.620032
case_701,b,2025-02-24 19:43:10.620032
case_701,a,2025-02-24 19:48:10.620032
case_701,b,2025-02-24 19:53:10.620032
case_701,a,2025-02-24 19:58:10.620032
case_701,b,2025-02-24 20:03:10.620032
case_701,b,2025-02-24 20:08:10.620032
case_701,b,2025-02-24 20:13:10.620032
case_701,c,2025-02-24 20:18:10.620032
case_701,b,2025-02-24 20:23:10.620032
case_701,b,2025-02-24 20:28:10.620032
case_701,a,2025-02-24 20:33:10.620032
case_701,b,2025-02-24 20:38:10.620032
case_701,a,2025-02-24 20:43:10.620032
case_701,b,2025-02-24 20:48:10.620032
case_701,c,2025-02-24 20:53:10.620032
case_701,c,2025-02-24 20:58:10.620032
case_701,a,2025-02-24 21:03:10.620032
case_702,c,2025-02-24 19:28:10.620063
case_702,b,2025-02-24 19:33:10.620063
case_702,a,2025-02-24 19:38:10.620063
case_702,b,2025-02-24 19:43:10.620063
case_702,a,2025-02-24 19:48:10.620063
case_702,c,2025-02-24 19:53:10.620063
case_702,a,2025-02-24 19:58:10.620063
case_702,c,2025-02-24 20:03:10.620063
case_702,a,2025-02-24 20:08:10.620063
case_702,b,2025-02-24 20:13:10.620063
case_702,b,2025-02-24 20:18:10.620063
case_702,c,2025-02-24 20:23:10.620063
case_702,b,2025-02-24 20:28:10.620063
case_702,b,2025-02-24 20:33:10.620063
case_702,b,2025-02-24 20:38:10.620063
case_702,b,2025-02-24 20:43:10.620063
case_702,b,2025-02-24 20:48:10.620063
case_702,c,2025-02-24 20:53:10.620063
case_702,c,2025-02-24 20:58:10.620063
case_702,a,2025-02-24 21:03:10.620063
case_703,c,2025-02-24 19:28:10.620094
case_703,b,2025-02-24 19:33:10.620094
case_703,c,2025-02-24 19:38:10.620094
case_703,b,2025-02-24 19:43:10.620094
case_703,c,2025-02-24 19:48:10.620094
case_703,b,2025-02-24 19:53:10.620094
case_703,a,2025-02-24 19:58:10.620094
case_703,a,2025-02-24 20:03:10.620094
case_703,a,2025-02-24 20:08:10.620094
case_703,b,2025-02-24 20:13:10.620094
case_703,c,2025-02-24 20:18:10.620094
case_703,c,2025-02-24 20:23:10.620094
case_703,a,2025-02-24 20:28:10.620094
case_703,a,2025-02-24 20:33:10.620094
case_703,c,2025-02-24 20:38:10.620094
case_703,a,2025-02-24 20:43:10.620094
case_703,a,2025-02-24 20:48:10.620094
case_703,c,2025-02-24 20:53:10.620094
case_703,a,2025-02-24 20:58:10.620094
case_703,a,2025-02-24 21:03:10.620094
case_704,a,2025-02-24 19:28:10.620124
case_704,b,2025-02-24 19:33:10.620124
case_704,c,2025-02-24 19:38:10.620124
case_704,c,2025-02-24 19:43:10.620124
case_704,c,2025-02-24 19:48:10.620124
case_704,c,2025-02-24 19:53:10.620124
case_704,a,2025-02-24 19:58:10.620124
case_704,a,2025-02-24 20:03:10.620124
case_704,c,2025-02-24 20:08:10.620124
case_704,b,2025-02-24 20:13:10.620124
case_704,b,2025-02-24 20:18:10.620124
case_704,b,2025-02-24 20:23:10.620124
case_704,c,2025-02-24 20:28:10.620124
case_704,b,2025-02-24 20:33:10.620124
case_704,b,2025-02-24 20:38:10.620124
case_704,c,2025-02-24 20:43:10.620124
case_704,c,2025-02-24 20:48:10.620124
case_704,a,2025-02-24 20:53:10.620124
case_704,c,2025-02-24 20:58:10.620124
case_704,a,2025-02-24 21:03:10.620124
case_705,c,2025-02-24 19:28:10.620156
case_705,c,2025-02-24 19:33:10.620156
case_705,c,2025-02-24 19:38:10.620156
case_705,c,2025-02-24 19:43:10.620156
case_705,b,2025-02-24 19:48:10.620156
case_705,b,2025-02-24 19:53:10.620156
case_705,a,2025-02-24 19:58:10.620156
case_705,c,2025-02-24 20:03:10.620156
case_705,c,2025-02-24 20:08:10.620156
case_705,a,2025-02-24 20:13:10.620156
case_705,c,2025-02-24 20:18:10.620156
case_705,c,2025-02-24 20:23:10.620156
case_705,b,2025-02-24 20:28:10.620156
case_705,b,2025-02-24 20:33:10.620156
case_705,c,2025-02-24 20:38:10.620156
case_705,c,2025-02-24 20:43:10.620156
case_705,a,2025-02-24 20:48:10.620156
case_705,c,2025-02-24 20:53:10.620156
case_705,c,2025-02-24 20:58:10.620156
case_705,a,2025-02-24 21:03:10.620156
case_706,c,2025-02-24 19:28:10.620186
case_706,c,2025-02-24 19:33:10.620186
case_706,b,2025-02-24 19:38:10.620186
case_706,a,2025-02-24 19:43:10.620186
case_706,c,2025-02-24 19:48:10.620186
case_706,b,2025-02-24 19:53:10.620186
case_706,b,2025-02-24 19:58:10.620186
case_706,b,2025-02-24 20:03:10.620186
case_706,a,2025-02-24 20:08:10.620186
case_706,c,2025-02-24 20:13:10.620186
case_706,a,2025-02-24 20:18:10.620186
case_706,b,2025-02-24 20:23:10.620186
case_706,b,2025-02-24 20:28:10.620186
case_706,c,2025-02-24 20:33:10.620186
case_706,b,2025-02-24 20:38:10.620186
case_706,b,2025-02-24 20:43:10.620186
case_706,b,2025-02-24 20:48:10.620186
case_706,c,2025-02-24 20:53:10.620186
case_706,a,2025-02-24 20:58:10.620186
case_706,a,2025-02-24 21:03:10.620186
case_707,c,2025-02-24 19:28:10.620217
case_707,b,2025-02-24 19:33:10.620217
case_707,b,2025-02-24 19:38:10.620217
case_707,a,2025-02-24 19:43:10.620217
case_707,b,2025-02-24 19:48:10.620217
case_707,a,2025-02-24 19:53:10.620217
case_707,a,2025-02-24 19:58:10.620217
case_707,a,2025-02-24 20:03:10.620217
case_707,c,2025-02-24 20:08:10.620217
case_707,b,2025-02-24 20:13:10.620217
case_707,c,2025-02-24 20:18:10.620217
case_707,b,2025-02-24 20:23:10.620217
case_707,a,2025-02-24 20:28:10.620217
case_707,a,2025-02-24 20:33:10.620217
case_707,c,2025-02-24 20:38:10.620217
case_707,c,2025-02-24 20:43:10.620217
case_707,a,2025-02-24 20:48:10.620217
case_707,a,2025-02-24 20:53:10.620217
case_707,b,2025-02-24 20:58:10.620217
case_707,b,2025-02-24 21:03:10.620217
case_708,c,2025-02-24 19:28:10.620248
case_708,c,2025-02-24 19:33:10.620248
case_708,a,2025-02-24 19:38:10.620248
case_708,b,2025-02-24 19:43:10.620248
case_708,b,2025-02-24 19:48:10.620248
case_708,c,2025-02-24 19:53:10.620248
case_708,b,2025-02-24 19:58:10.620248
case_708,a,2025-02-24 20:03:10.620248
case_708,c,2025-02-24 20:08:10.620248
case_708,b,2025-02-24 20:13:10.620248
case_708,b,2025-02-24 20:18:10.620248
case_708,b,2025-02-24 20:23:10.620248
case_708,b,2025-02-24 20:28:10.620248
case_708,b,2025-02-24 20:33:10.620248
case_708,a,2025-02-24 20:38:10.620248
case_708,b,2025-02-24 20:43:10.620248
case_708,a,2025-02-24 20:48:10.620248
case_708,a,2025-02-24 20:53:10.620248
case_708,b,2025-02-24 20:58:10.620248
case_708,a,2025-02-24 21:03:10.620248
case_709,a,2025-02-24 19:28:10.620278
case_709,b,2025-02-24 19:33:10.620278
case_709,a,2025-02-24 19:38:10.620278
case_709,a,2025-02-24 19:43:10.620278
case_709,c,2025-02-24 19:48:10.620278
case_709,c,2025-02-24 19:53:10.620278
case_709,a,2025-02-24 19:58:10.620278
case_709,a,2025-02-24 20:03:10.620278
case_709,b,2025-02-24 20:08:10.620278
case_709,c,2025-02-24 20:13:10.620278
case_709,b,2025-02-24 20:18:10.620278
case_709,c,2025-02-24 20:23:10.620278
case_709,b,2025-02-24 20:28:10.620278
case_709,b,2025-02-24 20:33:10.620278
case_709,b,2025-02-24 20:38:10.620278
case_709,a,2025-02-24 20:43:10.620278
case_709,a,2025-02-24 20:48:10.620278
case_709,a,2025-02-24 20:53:10.620278
case_709,c,2025-02-24 20:58:10.620278
case_709,a,2025-02-24 21:03:10.620278
case_710,a,2025-02-24 19:28:10.620310
case_710,a,2025-02-24 19:33:10.620310
case_710,a,2025-02-24 19:38:10.620310
case_710,c,2025-02-24 19:43:10.620310
case_710,c,2025-02-24 19:48:10.620310
case_710,c,2025-02-24 19:53:10.620310
case_710,b,2025-02-24 19:58:10.620310
case_710,a,2025-02-24 20:03:10.620310
case_710,a,2025-02-24 20:08:10.620310
case_710,c,2025-02-24 20:13:10.620310
case_710,a,2025-02-24 20:18:10.620310
case_710,b,2025-02-24 20:23:10.620310
case_710,b,2025-02-24 20:28:10.620310
case_710,c,2025-02-24 20:33:10.620310
case_710,a,2025-02-24 20:38:10.620310
case_710,c,2025-02-24 20:43:10.620310
case_710,a,2025-02-24 20:48:10.620310
case_710,c,2025-02-24 20:53:10.620310
case_710,c,2025-02-24 20:58:10.620310
case_710,a,2025-02-24 21:03:10.620310
case_711,b,2025-02-24 19:28:10.620343
case_711,a,2025-02-24 19:33:10.620343
case_711,a,2025-02-24 19:38:10.620343
case_711,c,2025-02-24 19:43:10.620343
case_711,a,2025-02-24 19:48:10.620343
case_711,c,2025-02-24 19:53:10.620343
case_711,b,2025-02-24 19:58:10.620343
case_711,c,2025-02-24 20:03:10.620343
case_711,c,2025-02-24 20:08:10.620343
case_711,b,2025-02-24 20:13:10.620343
case_711,c,2025-02-24 20:18:10.620343
case_711,b,2025-02-24 20:23:10.620343
case_711,b,2025-02-24 20:28:10.620343
case_711,b,2025-02-24 20:33:10.620343
case_711,a,2025-02-24 20:38:10.620343
case_711,c,2025-02-24 20:43:10.620343
case_711,c,2025-02-24 20:48:10.620343
case_711,a,2025-02-24 20:53:10.620343
case_711,a,2025-02-24 20:58:10.620343
case_711,b,2025-02-24 21:03:10.620343
case_712,c,2025-02-24 19:28:10.620375
case_712,a,2025-02-24 19:33:10.620375
case_712,a,2025-02-24 19:38:10.620375
case_712,b,2025-02-24 19:43:10.620375
case_712,a,2025-02-24 19:48:10.620375
case_712,c,2025-02-24 19:53:10.620375
case_712,a,2025-02-24 19:58:10.620375
case_712,a,2025-02-24 20:03:10.620375
case_712,a,2025-02-24 20:08:10.620375
case_712,b,2025-02-24 20:13:10.620375
case_712,a,2025-02-24 20:18:10.620375
case_712,c,2025-02-24 20:23:10.620375
case_712,c,2025-02-24 20:28:10.620375
case_712,c,2025-02-24 20:33:10.620375
case_712,c,2025-02-24 20:38:10.620375
case_712,c,2025-02-24 20:43:10.620375
case_712,b,2025-02-24 20:48:10.620375
case_712,b,2025-02-24 20:53:10.620375
case_712,c,2025-02-24 20:58:10.620375
case_712,a,2025-02-24 21:03:10.620375
case_713,b,2025-02-24 19:28:10.620406
case_713,b,2025-02-24 19:33:10.620406
case_713,c,2025-02-24 19:38:10.620406
case_713,a,2025-02-24 19:43:10.620406
case_713,c,2025-02-24 19:48:10.620406
case_713,c,2025-02-24 19:53:10.620406
case_713,c,2025-02-24 19:58:10.620406
case_713,a,2025-02-24 20:03:10.620406
case_713,a,2025-02-24 20:08:10.620406
case_713,a,2025-02-24 20:13:10.620406
case_713,a,2025-02-24 20:18:10.620406
case_713,b,2025-02-24 20:23:10.620406
case_713,b,2025-02-24 20:28:10.620406
case_713,c,2025-02-24 20:33:10.620406
case_713,b,2025-02-24 20:38:10.620406
case_713,a,2025-02-24 20:43:10.620406
case_713,a,2025-02-24 20:48:10.620406
case_713,b,2025-02-24 20:53:10.620406
case_713,b,2025-02-24 20:58:10.620406
case_713,b,2025-02-24 21:03:10.620406
case_714,c,2025-02-24 19:28:10.620437
case_714,c,2025-02-24 19:33:10.620437
case_714,b,2025-02-24 19:38:10.620437
case_714,a,2025-02-24 19:43:10.620437
case_714,c,2025-02-24 19:48:10.620437
case_714,b,2025-02-24 19:53:10.620437
case_714,a,2025-02-24 19:58:10.620437
case_714,c,2025-02-24 20:03:10.620437
case_714,b,2025-02-24 20:08:10.620437
case_714,b,2025-02-24 20:13:10.620437
case_714,b,2025-02-24 20:18:10.620437
case_714,b,2025-02-24 20:23:10.620437
case_714,a,2025-02-24 20:28:10.620437
case_714,b,2025-02-24 20:33:10.620437
case_714,a,2025-02-24 20:38:10.620437
case_714,b,2025-02-24 20:43:10.620437
case_714,a,2025-02-24 20:48:10.620437
case_714,a,2025-02-24 20:53:10.620437
case_714,c,2025-02-24 20:58:10.620437
case_714,a,2025-02-24 21:03:10.620437
case_715,a,2025-02-24 19:28:10.620469
case_715,b,2025-02-24 19:33:10.620469
case_715,a,2025-02-24 19:38:10.620469
case_715,a,2025-02-24 19:43:10.620469
case_715,b,2025-02-24 19:48:10.620469
case_715,c,2025-02-24 19:53:10.620469
case_715,a,2025-02-24 19:58:10.620469
case_715,a,2025-02-24 20:03:10.620469
case_715,a,2025-02-24 20:08:10.620469
case_715,a,2025-02-24 20:13:10.620469
case_715,b,2025-02-24 20:18:10.620469
case_715,b,2025-02-24 20:23:10.620469
case_715,b,2025-02-24 20:28:10.620469
case_715,b,2025-02-24 20:33:10.620469
case_715,b,2025-02-24 20:38:10.620469
case_715,c,2025-02-24 20:43:10.620469
case_715,c,2025-02-24 20:48:10.620469
case_715,c,2025-02-24 20:53:10.620469
case_715,a,2025-02-24 20:58:10.620469
case_715,a,2025-02-24 21:03:10.620469
case_716,c,2025-02-24 19:28:10.620499
case_716,c,2025-02-24 19:33:10.620499
case_716,c,2025-02-24 19:38:10.620499
case_716,c,2025-02-24 19:43:10.620499
case_716,c,2025-02-24 19:48:10.620499
case_716,a,2025-02-24 19:53:10.620499
case_716,b,2025-02-24 19:58:10.620499
case_716,a,2025-02-24 20:03:10.620499
case_716,a,2025-02-24 20:08:10.620499
case_716,b,2025-02-24 20:13:10.620499
case_716,b,2025-02-24 20:18:10.620499
case_716,b,2025-02-24 20:23:10.620499
case_716,a,2025-02-24 20:28:10.620499
case_716,c,2025-02-24 20:33:10.620499
case_716,a,2025-02-24 20:38:10.620499
case_716,b,2025-02-24 20:43:10.620499
case_716,b,2025-02-24 20:48:10.620499
case_716,a,2025-02-24 20:53:10.620499
case_716,a,2025-02-24 20:58:10.620499
case_716,a,2025-02-24 21:03:10.620499
case_717,a,2025-02-24 19:28:10.620530
case_717,b,2025-02-24 19:33:10.620530
case_717,c,2025-02-24 19:38:10.620530
case_717,b,2025-02-24 19:43:10.620530
case_717,b,2025-02-24 19:48:10.620530
case_717,b,2025-02-24 19:53:10.620530
case_717,a,2025-02-24 19:58:10.620530
case_717,c,2025-02-24 20:03:10.620530
case_717,a,2025-02-24 20:08:10.620530
case_717,b,2025-02-24 20:13:10.620530
case_717,b,2025-02-24 20:18:10.620530
case_717,b,2025-02-24 20:23:10.620530
case_717,b,2025-02-24 20:28:10.620530
case_717,a,2025-02-24 20:33:10.620530
case_717,c,2025-02-24 20:38:10.620530
case_717,b,2025-02-24 20:43:10.620530
case_717,a,2025-02-24 20:48:10.620530
case_717,c,2025-02-24 20:53:10.620530
case_717,c,2025-02-24 20:58:10.620530
case_717,a,2025-02-24 21:03:10.620530
case_718,a,2025-02-24 19:28:10.620561
case_718,b,2025-02-24 19:33:10.620561
case_718,c,2025-02-24 19:38:10.620561
case_718,c,2025-02-24 19:43:10.620561
case_718,b,2025-02-24 19:48:10.620561
case_718,b,2025-02-24 19:53:10.620561
case_718,a,2025-02-24 19:58:10.620561
case_718,c,2025-02-24 20:03:10.620561
case_718,a,2025-02-24 20:08:10.620561
case_718,b,2025-02-24 20:13:10.620561
case_718,a,2025-02-24 20:18:10.620561
case_718,b,2025-02-24 20:23:10.620561
case_718,c,2025-02-24 20:28:10.620561
case_718,b,2025-02-24 20:33:10.620561
case_718,a,2025-02-24 20:38:10.620561
case_718,b,2025-02-24 20:43:10.620561
case_718,b,2025-02-24 20:48:10.620561
case_718,a,2025-02-24 20:53:10.620561
case_718,c,2025-02-24 20:58:10.620561
case_718,a,2025-02-24 21:03:10.620561
case_719,c,2025-02-24 19:28:10.620592
case_719,c,2025-02-24 19:33:10.620592
case_719,a,2025-02-24 19:38:10.620592
case_719,c,2025-02-24 19:43:10.620592
case_719,b,2025-02-24 19:48:10.620592
case_719,b,2025-02-24 19:53:10.620592
case_719,b,2025-02-24 19:58:10.620592
case_719,b,2025-02-24 20:03:10.620592
case_719,c,2025-02-24 20:08:10.620592
case_719,a,2025-02-24 20:13:10.620592
case_719,a,2025-02-24 20:18:10.620592
case_719,a,2025-02-24 20:23:10.620592
case_719,c,2025-02-24 20:28:10.620592
case_719,c,2025-02-24 20:33:10.620592
case_719,a,2025-02-24 20:38:10.620592
case_719,c,2025-02-24 20:43:10.620592
case_719,b,2025-02-24 20:48:10.620592
case_719,c,2025-02-24 20:53:10.620592
case_719,a,2025-02-24 20:58:10.620592
case_719,b,2025-02-24 21:03:10.620592
case_720,a,2025-02-24 19:28:10.620624
case_720,b,2025-02-24 19:33:10.620624
case_720,c,2025-02-24 19:38:10.620624
case_720,c,2025-02-24 19:43:10.620624
case_720,a,2025-02-24 19:48:10.620624
case_720,c,2025-02-24 19:53:10.620624
case_720,c,2025-02-24 19:58:10.620624
case_720,a,2025-02-24 20:03:10.620624
case_720,a,2025-02-24 20:08:10.620624
case_720,c,2025-02-24 20:13:10.620624
case_720,c,2025-02-24 20:18:10.620624
case_720,c,2025-02-24 20:23:10.620624
case_720,b,2025-02-24 20:28:10.620624
case_720,b,2025-02-24 20:33:10.620624
case_720,c,2025-02-24 20:38:10.620624
case_720,c,2025-02-24 20:43:10.620624
case_720,c,2025-02-24 20:48:10.620624
case_720,a,2025-02-24 20:53:10.620624
case_720,b,2025-02-24 20:58:10.620624
case_720,a,2025-02-24 21:03:10.620624
case_721,b,2025-02-24 19:28:10.620656
case_721,b,2025-02-24 19:33:10.620656
case_721,a,2025-02-24 19:38:10.620656
case_721,c,2025-02-24 19:43:10.620656
case_721,b,2025-02-24 19:48:10.620656
case_721,b,2025-02-24 19:53:10.620656
case_721,a,2025-02-24 19:58:10.620656
case_721,a,2025-02-24 20:03:10.620656
case_721,c,2025-02-24 20:08:10.620656
case_721,c,2025-02-24 20:13:10.620656
case_721,a,2025-02-24 20:18:10.620656
case_721,b,2025-02-24 20:23:10.620656
case_721,b,2025-02-24 20:28:10.620656
case_721,c,2025-02-24 20:33:10.620656
case_721,c,2025-02-24 20:38:10.620656
case_721,c,2025-02-24 20:43:10.620656
case_721,c,2025-02-24 20:48:10.620656
case_721,b,2025-02-24 20:53:10.620656
case_721,b,2025-02-24 20:58:10.620656
case_721,a,2025-02-24 21:03:10.620656
case_722,c,2025-02-24 19:28:10.620687
case_722,c,2025-02-24 19:33:10.620687
case_722,a,2025-02-24 19:38:10.620687
case_722,a,2025-02-24 19:43:10.620687
case_722,b,2025-02-24 19:48:10.620687
case_722,a,2025-02-24 19:53:10.620687
case_722,a,2025-02-24 19:58:10.620687
case_722,b,2025-02-24 20:03:10.620687
case_722,a,2025-02-24 20:08:10.620687
case_722,b,2025-02-24 20:13:10.620687
case_722,b,2025-02-24 20:18:10.620687
case_722,c,2025-02-24 20:23:10.620687
case_722,b,2025-02-24 20:28:10.620687
case_722,b,2025-02-24 20:33:10.620687
case_722,b,2025-02-24 20:38:10.620687
case_722,b,2025-02-24 20:43:10.620687
case_722,b,2025-02-24 20:48:10.620687
case_722,b,2025-02-24 20:53:10.620687
case_722,c,2025-02-24 20:58:10.620687
case_722,a,2025-02-24 21:03:10.620687
case_723,b,2025-02-24 19:28:10.620718
case_723,a,2025-02-24 19:33:10.620718
case_723,c,2025-02-24 19:38:10.620718
case_723,a,2025-02-24 19:43:10.620718
case_723,a,2025-02-24 19:48:10.620718
case_723,b,2025-02-24 19:53:10.620718
case_723,b,2025-02-24 19:58:10.620718
case_723,c,2025-02-24 20:03:10.620718
case_723,c,2025-02-24 20:08:10.620718
case_723,c,2025-02-24 20:13:10.620718
case_723,c,2025-02-24 20:18:10.620718
case_723,b,2025-02-24 20:23:10.620718
case_723,b,2025-02-24 20:28:10.620718
case_723,b,2025-02-24 20:33:10.620718
case_723,c,2025-02-24 20:38:10.620718
case_723,c,2025-02-24 20:43:10.620718
case_723,b,2025-02-24 20:48:10.620718
case_723,c,2025-02-24 20:53:10.620718
case_723,b,2025-02-24 20:58:10.620718
case_723,a,2025-02-24 21:03:10.620718
case_724,b,2025-02-24 19:28:10.620749
case_724,b,2025-02-24 19:33:10.620749
case_724,a,2025-02-24 19:38:10.620749
case_724,c,2025-02-24 19:43:10.620749
case_724,b,2025-02-24 19:48:10.620749
case_724,b,2025-02-24 19:53:10.620749
case_724,b,2025-02-24 19:58:10.620749
case_724,c,2025-02-24 20:03:10.620749
case_724,c,2025-02-24 20:08:10.620749
case_724,c,2025-02-24 20:13:10.620749
case_724,b,2025-02-24 20:18:10.620749
case_724,c,2025-02-24 20:23:10.620749
case_724,b,2025-02-24 20:28:10.620749
case_724,b,2025-02-24 20:33:10.620749
case_724,c,2025-02-24 20:38:10.620749
case_724,c,2025-02-24 20:43:10.620749
case_724,c,2025-02-24 20:48:10.620749
case_724,c,2025-02-24 20:53:10.620749
case_724,c,2025-02-24 20:58:10.620749
case_724,a,2025-02-24 21:03:10.620749
case_725,b,2025-02-24 19:28:10.620781
case_725,b,2025-02-24 19:33:10.620781
case_725,b,2025-02-24 19:38:10.620781
case_725,a,2025-02-24 19:43:10.620781
case_725,b,2025-02-24 19:48:10.620781
case_725,c,2025-02-24 19:53:10.620781
case_725,c,2025-02-24 19:58:10.620781
case_725,a,2025-02-24 20:03:10.620781
case_725,b,2025-02-24 20:08:10.620781
case_725,b,2025-02-24 20:13:10.620781
case_725,c,2025-02-24 20:18:10.620781
case_725,a,2025-02-24 20:23:10.620781
case_725,b,2025-02-24 20:28:10.620781
case_725,c,2025-02-24 20:33:10.620781
case_725,c,2025-02-24 20:38:10.620781
case_725,b,2025-02-24 20:43:10.620781
case_725,c,2025-02-24 20:48:10.620781
case_725,a,2025-02-24 20:53:10.620781
case_725,c,2025-02-24 20:58:10.620781
case_725,a,2025-02-24 21:03:10.620781
case_726,c,2025-02-24 19:28:10.620812
case_726,c,2025-02-24 19:33:10.620812
case_726,b,2025-02-24 19:38:10.620812
case_726,c,2025-02-24 19:43:10.620812
case_726,c,2025-02-24 19:48:10.620812
case_726,c,2025-02-24 19:53:10.620812
case_726,a,2025-02-24 19:58:10.620812
case_726,c,2025-02-24 20:03:10.620812
case_726,b,2025-02-24 20:08:10.620812
case_726,b,2025-02-24 20:13:10.620812
case_726,b,2025-02-24 20:18:10.620812
case_726,b,2025-02-24 20:23:10.620812
case_726,b,2025-02-24 20:28:10.620812
case_726,c,2025-02-24 20:33:10.620812
case_726,a,2025-02-24 20:38:10.620812
case_726,a,2025-02-24 20:43:10.620812
case_726,b,2025-02-24 20:48:10.620812
case_726,b,2025-02-24 20:53:10.620812
case_726,b,2025-02-24 20:58:10.620812
case_726,a,2025-02-24 21:03:10.620812
case_727,a,2025-02-24 19:28:10.620843
case_727,c,2025-02-24 19:33:10.620843
case_727,a,2025-02-24 19:38:10.620843
case_727,a,2025-02-24 19:43:10.620843
case_727,b,2025-02-24 19:48:10.620843
case_727,c,2025-02-24 19:53:10.620843
case_727,b,2025-02-24 19:58:10.620843
case_727,c,2025-02-24 20:03:10.620843
case_727,a,2025-02-24 20:08:10.620843
case_727,c,2025-02-24 20:13:10.620843
case_727,a,2025-02-24 20:18:10.620843
case_727,b,2025-02-24 20:23:10.620843
case_727,b,2025-02-24 20:28:10.620843
case_727,b,2025-02-24 20:33:10.620843
case_727,b,2025-02-24 20:38:10.620843
case_727,a,2025-02-24 20:43:10.620843
case_727,b,2025-02-24 20:48:10.620843
case_727,c,2025-02-24 20:53:10.620843
case_727,c,2025-02-24 20:58:10.620843
case_727,a,2025-02-24 21:03:10.620843
case_728,b,2025-02-24 19:28:10.620874
case_728,a,2025-02-24 19:33:10.620874
case_728,a,2025-02-24 19:38:10.620874
case_728,b,2025-02-24 19:43:10.620874
case_728,a,2025-02-24 19:48:10.620874
case_728,b,2025-02-24 19:53:10.620874
case_728,c,2025-02-24 19:58:10.620874
case_728,c,2025-02-24 20:03:10.620874
case_728,a,2025-02-24 20:08:10.620874
case_728,b,2025-02-24 20:13:10.620874
case_728,a,2025-02-24 20:18:10.620874
case_728,b,2025-02-24 20:23:10.620874
case_728,b,2025-02-24 20:28:10.620874
case_728,b,2025-02-24 20:33:10.620874
case_728,b,2025-02-24 20:38:10.620874
case_728,b,2025-02-24 20:43:10.620874
case_728,a,2025-02-24 20:48:10.620874
case_728,b,2025-02-24 20:53:10.620874
case_728,c,2025-02-24 20:58:10.620874
case_728,a,2025-02-24 21:03:10.620874
case_729,b,2025-02-24 19:28:10.620906
case_729,b,2025-02-24 19:33:10.620906
case_729,c,2025-02-24 19:38:10.620906
case_729,a,2025-02-24 19:43:10.620906
case_729,b,2025-02-24 19:48:10.620906
case_729,b,2025-02-24 19:53:10.620906
case_729,c,2025-02-24 19:58:10.620906
case_729,a,2025-02-24 20:03:10.620906
case_729,a,2025-02-24 20:08:10.620906
case_729,b,2025-02-24 20:13:10.620906
case_729,b,2025-02-24 20:18:10.620906
case_729,c,2025-02-24 20:23:10.620906
case_729,a,2025-02-24 20:28:10.620906
case_729,c,2025-02-24 20:33:10.620906
case_729,a,2025-02-24 20:38:10.620906
case_729,a,2025-02-24 20:43:10.620906
case_729,c,2025-02-24 20:48:10.620906
case_729,c,2025-02-24 20:53:10.620906
case_729,a,2025-02-24 20:58:10.620906
case_729,a,2025-02-24 21:03:10.620906
case_730,b,2025-02-24 19:28:10.620937
case_730,a,2025-02-24 19:33:10.620937
case_730,a,2025-02-24 19:38:10.620937
case_730,a,2025-02-24 19:43:10.620937
case_730,c,2025-02-24 19:48:10.620937
case_730,a,2025-02-24 19:53:10.620937
case_730,a,2025-02-24 19:58:10.620937
case_730,b,2025-02-24 20:03:10.620937
case_730,b,2025-02-24 20:08:10.620937
case_730,b,2025-02-24 20:13:10.620937
case_730,b,2025-02-24 20:18:10.620937
case_730,b,2025-02-24 20:23:10.620937
case_730,b,2025-02-24 20:28:10.620937
case_730,c,2025-02-24 20:33:10.620937
case_730,b,2025-02-24 20:38:10.620937
case_730,c,2025-02-24 20:43:10.620937
case_730,b,2025-02-24 20:48:10.620937
case_730,c,2025-02-24 20:53:10.620937
case_730,c,2025-02-24 20:58:10.620937
case_730,a,2025-02-24 21:03:10.620937
case_731,a,2025-02-24 19:28:10.620967
case_731,c,2025-02-24 19:33:10.620967
case_731,b,2025-02-24 19:38:10.620967
case_731,a,2025-02-24 19:43:10.620967
case_731,b,2025-02-24 19:48:10.620967
case_731,c,2025-02-24 19:53:10.620967
case_731,a,2025-02-24 19:58:10.620967
case_731,b,2025-02-24 20:03:10.620967
case_731,c,2025-02-24 20:08:10.620967
case_731,b,2025-02-24 20:13:10.620967
case_731,a,2025-02-24 20:18:10.620967
case_731,c,2025-02-24 20:23:10.620967
case_731,c,2025-02-24 20:28:10.620967
case_731,c,2025-02-24 20:33:10.620967
case_731,c,2025-02-24 20:38:10.620967
case_731,b,2025-02-24 20:43:10.620967
case_731,a,2025-02-24 20:48:10.620967
case_731,c,2025-02-24 20:53:10.620967
case_731,b,2025-02-24 20:58:10.620967
case_731,a,2025-02-24 21:03:10.620967
case_732,a,2025-02-24 19:28:10.620998
case_732,c,2025-02-24 19:33:10.620998
case_732,a,2025-02-24 19:38:10.620998
case_732,b,2025-02-24 19:43:10.620998
case_732,b,2025-02-24 19:48:10.620998
case_732,c,2025-02-24 19:53:10.620998
case_732,b,2025-02-24 19:58:10.620998
case_732,c,2025-02-24 20:03:10.620998
case_732,b,2025-02-24 20:08:10.620998
case_732,c,2025-02-24 20:13:10.620998
case_732,a,2025-02-24 20:18:10.620998
case_732,a,2025-02-24 20:23:10.620998
case_732,a,2025-02-24 20:28:10.620998
case_732,c,2025-02-24 20:33:10.620998
case_732,a,2025-02-24 20:38:10.620998
case_732,b,2025-02-24 20:43:10.620998
case_732,a,2025-02-24 20:48:10.620998
case_732,c,2025-02-24 20:53:10.620998
case_732,c,2025-02-24 20:58:10.620998
case_732,a,2025-02-24 21:03:10.620998
case_733,c,2025-02-24 19:28:10.621031
case_733,a,2025-02-24 19:33:10.621031
case_733,a,2025-02-24 19:38:10.621031
case_733,a,2025-02-24 19:43:10.621031
case_733,c,2025-02-24 19:48:10.621031
case_733,a,2025-02-24 19:53:10.621031
case_733,c,2025-02-24 19:58:10.621031
case_733,b,2025-02-24 20:03:10.621031
case_733,b,2025-02-24 20:08:10.621031
case_733,b,2025-02-24 20:13:10.621031
case_733,c,2025-02-24 20:18:10.621031
case_733,c,2025-02-24 20:23:10.621031
case_733,c,2025-02-24 20:28:10.621031
case_733,a,2025-02-24 20:33:10.621031
case_733,b,2025-02-24 20:38:10.621031
case_733,b,2025-02-24 20:43:10.621031
case_733,b,2025-02-24 20:48:10.621031
case_733,c,2025-02-24 20:53:10.621031
case_733,b,2025-02-24 20:58:10.621031
case_733,a,2025-02-24 21:03:10.621031
case_734,c,2025-02-24 19:28:10.621061
case_734,c,2025-02-24 19:33:10.621061
case_734,c,2025-02-24 19:38:10.621061
case_734,a,2025-02-24 19:43:10.621061
case_734,a,2025-02-24 19:48:10.621061
case_734,a,2025-02-24 19:53:10.621061
case_734,b,2025-02-24 19:58:10.621061
case_734,b,2025-02-24 20:03:10.621061
case_734,c,2025-02-24 20:08:10.621061
case_734,b,2025-02-24 20:13:10.621061
case_734,b,2025-02-24 20:18:10.621061
case_734,b,2025-02-24 20:23:10.621061
case_734,b,2025-02-24 20:28:10.621061
case_734,c,2025-02-24 20:33:10.621061
case_734,a,2025-02-24 20:38:10.621061
case_734,b,2025-02-24 20:43:10.621061
case_734,a,2025-02-24 20:48:10.621061
case_734,c,2025-02-24 20:53:10.621061
case_734,c,2025-02-24 20:58:10.621061
case_734,a,2025-02-24 21:03:10.621061
case_735,b,2025-02-24 19:28:10.621093
case_735,a,2025-02-24 19:33:10.621093
case_735,c,2025-02-24 19:38:10.621093
case_735,b,2025-02-24 19:43:10.621093
case_735,b,2025-02-24 19:48:10.621093
case_735,a,2025-02-24 19:53:10.621093
case_735,a,2025-02-24 19:58:10.621093
case_735,a,2025-02-24 20:03:10.621093
case_735,c,2025-02-24 20:08:10.621093
case_735,b,2025-02-24 20:13:10.621093
case_735,c,2025-02-24 20:18:10.621093
case_735,b,2025-02-24 20:23:10.621093
case_735,a,2025-02-24 20:28:10.621093
case_735,c,2025-02-24 20:33:10.621093
case_735,a,2025-02-24 20:38:10.621093
case_735,b,2025-02-24 20:43:10.621093
case_735,c,2025-02-24 20:48:10.621093
case_735,c,2025-02-24 20:53:10.621093
case_735,b,2025-02-24 20:58:10.621093
case_735,a,2025-02-24 21:03:10.621093
case_736,b,2025-02-24 19:28:10.621124
case_736,b,2025-02-24 19:33:10.621124
case_736,b,2025-02-24 19:38:10.621124
case_736,c,2025-02-24 19:43:10.621124
case_736,b,2025-02-24 19:48:10.621124
case_736,a,2025-02-24 19:53:10.621124
case_736,c,2025-02-24 19:58:10.621124
case_736,a,2025-02-24 20:03:10.621124
case_736,a,2025-02-24 20:08:10.621124
case_736,a,2025-02-24 20:13:10.621124
case_736,a,2025-02-24 20:18:10.621124
case_736,a,2025-02-24 20:23:10.621124
case_736,b,2025-02-24 20:28:10.621124
case_736,c,2025-02-24 20:33:10.621124
case_736,a,2025-02-24 20:38:10.621124
case_736,c,2025-02-24 20:43:10.621124
case_736,a,2025-02-24 20:48:10.621124
case_736,c,2025-02-24 20:53:10.621124
case_736,c,2025-02-24 20:58:10.621124
case_736,a,2025-02-24 21:03:10.621124
case_737,b,2025-02-24 19:28:10.621155
case_737,b,2025-02-24 19:33:10.621155
case_737,c,2025-02-24 19:38:10.621155
case_737,a,2025-02-24 19:43:10.621155
case_737,a,2025-02-24 19:48:10.621155
case_737,c,2025-02-24 19:53:10.621155
case_737,b,2025-02-24 19:58:10.621155
case_737,b,2025-02-24 20:03:10.621155
case_737,a,2025-02-24 20:08:10.621155
case_737,b,2025-02-24 20:13:10.621155
case_737,c,2025-02-24 20:18:10.621155
case_737,a,2025-02-24 20:23:10.621155
case_737,c,2025-02-24 20:28:10.621155
case_737,b,2025-02-24 20:33:10.621155
case_737,b,2025-02-24 20:38:10.621155
case_737,c,2025-02-24 20:43:10.621155
case_737,c,2025-02-24 20:48:10.621155
case_737,a,2025-02-24 20:53:10.621155
case_737,b,2025-02-24 20:58:10.621155
case_737,b,2025-02-24 21:03:10.621155
case_738,b,2025-02-24 19:28:10.621187
case_738,a,2025-02-24 19:33:10.621187
case_738,c,2025-02-24 19:38:10.621187
case_738,c,2025-02-24 19:43:10.621187
case_738,c,2025-02-24 19:48:10.621187
case_738,c,2025-02-24 19:53:10.621187
case_738,a,2025-02-24 19:58:10.621187
case_738,c,2025-02-24 20:03:10.621187
case_738,a,2025-02-24 20:08:10.621187
case_738,b,2025-02-24 20:13:10.621187
case_738,c,2025-02-24 20:18:10.621187
case_738,c,2025-02-24 20:23:10.621187
case_738,c,2025-02-24 20:28:10.621187
case_738,a,2025-02-24 20:33:10.621187
case_738,b,2025-02-24 20:38:10.621187
case_738,a,2025-02-24 20:43:10.621187
case_738,a,2025-02-24 20:48:10.621187
case_738,c,2025-02-24 20:53:10.621187
case_738,c,2025-02-24 20:58:10.621187
case_738,a,2025-02-24 21:03:10.621187
case_739,b,2025-02-24 19:28:10.621218
case_739,a,2025-02-24 19:33:10.621218
case_739,c,2025-02-24 19:38:10.621218
case_739,b,2025-02-24 19:43:10.621218
case_739,b,2025-02-24 19:48:10.621218
case_739,b,2025-02-24 19:53:10.621218
case_739,b,2025-02-24 19:58:10.621218
case_739,b,2025-02-24 20:03:10.621218
case_739,a,2025-02-24 20:08:10.621218
case_739,a,2025-02-24 20:13:10.621218
case_739,b,2025-02-24 20:18:10.621218
case_739,a,2025-02-24 20:23:10.621218
case_739,b,2025-02-24 20:28:10.621218
case_739,b,2025-02-24 20:33:10.621218
case_739,c,2025-02-24 20:38:10.621218
case_739,b,2025-02-24 20:43:10.621218
case_739,c,2025-02-24 20:48:10.621218
case_739,c,2025-02-24 20:53:10.621218
case_739,a,2025-02-24 20:58:10.621218
case_739,a,2025-02-24 21:03:10.621218
case_740,c,2025-02-24 19:28:10.621248
case_740,a,2025-02-24 19:33:10.621248
case_740,a,2025-02-24 19:38:10.621248
case_740,c,2025-02-24 19:43:10.621248
case_740,b,2025-02-24 19:48:10.621248
case_740,b,2025-02-24 19:53:10.621248
case_740,a,2025-02-24 19:58:10.621248
case_740,b,2025-02-24 20:03:10.621248
case_740,a,2025-02-24 20:08:10.621248
case_740,b,2025-02-24 20:13:10.621248
case_740,b,2025-02-24 20:18:10.621248
case_740,c,2025-02-24 20:23:10.621248
case_740,c,2025-02-24 20:28:10.621248
case_740,b,2025-02-24 20:33:10.621248
case_740,c,2025-02-24 20:38:10.621248
case_740,a,2025-02-24 20:43:10.621248
case_740,c,2025-02-24 20:48:10.621248
case_740,a,2025-02-24 20:53:10.621248
case_740,c,2025-02-24 20:58:10.621248
case_740,a,2025-02-24 21:03:10.621248
case_741,a,2025-02-24 19:28:10.621282
case_741,b,2025-02-24 19:33:10.621282
case_741,a,2025-02-24 19:38:10.621282
case_741,c,2025-02-24 19:43:10.621282
case_741,c,2025-02-24 19:48:10.621282
case_741,a,2025-02-24 19:53:10.621282
case_741,b,2025-02-24 19:58:10.621282
case_741,c,2025-02-24 20:03:10.621282
case_741,c,2025-02-24 20:08:10.621282
case_741,a,2025-02-24 20:13:10.621282
case_741,a,2025-02-24 20:18:10.621282
case_741,b,2025-02-24 20:23:10.621282
case_741,b,2025-02-24 20:28:10.621282
case_741,c,2025-02-24 20:33:10.621282
case_741,a,2025-02-24 20:38:10.621282
case_741,c,2025-02-24 20:43:10.621282
case_741,b,2025-02-24 20:48:10.621282
case_741,a,2025-02-24 20:53:10.621282
case_741,a,2025-02-24 20:58:10.621282
case_741,a,2025-02-24 21:03:10.621282
case_742,a,2025-02-24 19:28:10.621313
case_742,a,2025-02-24 19:33:10.621313
case_742,c,2025-02-24 19:38:10.621313
case_742,a,2025-02-24 19:43:10.621313
case_742,b,2025-02-24 19:48:10.621313
case_742,a,2025-02-24 19:53:10.621313
case_742,a,2025-02-24 19:58:10.621313
case_742,c,2025-02-24 20:03:10.621313
case_742,a,2025-02-24 20:08:10.621313
case_742,b,2025-02-24 20:13:10.621313
case_742,c,2025-02-24 20:18:10.621313
case_742,b,2025-02-24 20:23:10.621313
case_742,c,2025-02-24 20:28:10.621313
case_742,a,2025-02-24 20:33:10.621313
case_742,a,2025-02-24 20:38:10.621313
case_742,b,2025-02-24 20:43:10.621313
case_742,b,2025-02-24 20:48:10.621313
case_742,c,2025-02-24 20:53:10.621313
case_742,c,2025-02-24 20:58:10.621313
case_742,a,2025-02-24 21:03:10.621313
case_743,a,2025-02-24 19:28:10.621347
case_743,c,2025-02-24 19:33:10.621347
case_743,c,2025-02-24 19:38:10.621347
case_743,c,2025-02-24 19:43:10.621347
case_743,a,2025-02-24 19:48:10.621347
case_743,b,2025-02-24 19:53:10.621347
case_743,b,2025-02-24 19:58:10.621347
case_743,a,2025-02-24 20:03:10.621347
case_743,a,2025-02-24 20:08:10.621347
case_743,b,2025-02-24 20:13:10.621347
case_743,a,2025-02-24 20:18:10.621347
case_743,b,2025-02-24 20:23:10.621347
case_743,c,2025-02-24 20:28:10.621347
case_743,a,2025-02-24 20:33:10.621347
case_743,c,2025-02-24 20:38:10.621347
case_743,a,2025-02-24 20:43:10.621347
case_743,b,2025-02-24 20:48:10.621347
case_743,b,2025-02-24 20:53:10.621347
case_743,a,2025-02-24 20:58:10.621347
case_743,a,2025-02-24 21:03:10.621347
case_744,b,2025-02-24 19:28:10.621377
case_744,b,2025-02-24 19:33:10.621377
case_744,b,2025-02-24 19:38:10.621377
case_744,c,2025-02-24 19:43:10.621377
case_744,a,2025-02-24 19:48:10.621377
case_744,a,2025-02-24 19:53:10.621377
case_744,b,2025-02-24 19:58:10.621377
case_744,c,2025-02-24 20:03:10.621377
case_744,b,2025-02-24 20:08:10.621377
case_744,c,2025-02-24 20:13:10.621377
case_744,b,2025-02-24 20:18:10.621377
case_744,a,2025-02-24 20:23:10.621377
case_744,b,2025-02-24 20:28:10.621377
case_744,a,2025-02-24 20:33:10.621377
case_744,a,2025-02-24 20:38:10.621377
case_744,a,2025-02-24 20:43:10.621377
case_744,b,2025-02-24 20:48:10.621377
case_744,c,2025-02-24 20:53:10.621377
case_744,c,2025-02-24 20:58:10.621377
case_744,a,2025-02-24 21:03:10.621377
case_745,a,2025-02-24 19:28:10.621408
case_745,c,2025-02-24 19:33:10.621408
case_745,a,2025-02-24 19:38:10.621408
case_745,c,2025-02-24 19:43:10.621408
case_745,b,2025-02-24 19:48:10.621408
case_745,c,2025-02-24 19:53:10.621408
case_745,a,2025-02-24 19:58:10.621408
case_745,a,2025-02-24 20:03:10.621408
case_745,c,2025-02-24 20:08:10.621408
case_745,c,2025-02-24 20:13:10.621408
case_745,a,2025-02-24 20:18:10.621408
case_745,c,2025-02-24 20:23:10.621408
case_745,a,2025-02-24 20:28:10.621408
case_745,b,2025-02-24 20:33:10.621408
case_745,c,2025-02-24 20:38:10.621408
case_745,c,2025-02-24 20:43:10.621408
case_745,a,2025-02-24 20:48:10.621408
case_745,c,2025-02-24 20:53:10.621408
case_745,c,2025-02-24 20:58:10.621408
case_745,a,2025-02-24 21:03:10.621408
case_746,a,2025-02-24 19:28:10.621440
case_746,c,2025-02-24 19:33:10.621440
case_746,b,2025-02-24 19:38:10.621440
case_746,a,2025-02-24 19:43:10.621440
case_746,a,2025-02-24 19:48:10.621440
case_746,a,2025-02-24 19:53:10.621440
case_746,c,2025-02-24 19:58:10.621440
case_746,b,2025-02-24 20:03:10.621440
case_746,a,2025-02-24 20:08:10.621440
case_746,a,2025-02-24 20:13:10.621440
case_746,a,2025-02-24 20:18:10.621440
case_746,a,2025-02-24 20:23:10.621440
case_746,a,2025-02-24 20:28:10.621440
case_746,c,2025-02-24 20:33:10.621440
case_746,a,2025-02-24 20:38:10.621440
case_746,c,2025-02-24 20:43:10.621440
case_746,c,2025-02-24 20:48:10.621440
case_746,c,2025-02-24 20:53:10.621440
case_746,a,2025-02-24 20:58:10.621440
case_746,b,2025-02-24 21:03:10.621440
case_747,b,2025-02-24 19:28:10.621471
case_747,b,2025-02-24 19:33:10.621471
case_747,c,2025-02-24 19:38:10.621471
case_747,a,2025-02-24 19:43:10.621471
case_747,a,2025-02-24 19:48:10.621471
case_747,c,2025-02-24 19:53:10.621471
case_747,a,2025-02-24 19:58:10.621471
case_747,b,2025-02-24 20:03:10.621471
case_747,b,2025-02-24 20:08:10.621471
case_747,a,2025-02-24 20:13:10.621471
case_747,b,2025-02-24 20:18:10.621471
case_747,a,2025-02-24 20:23:10.621471
case_747,c,2025-02-24 20:28:10.621471
case_747,b,2025-02-24 20:33:10.621471
case_747,c,2025-02-24 20:38:10.621471
case_747,a,2025-02-24 20:43:10.621471
case_747,a,2025-02-24 20:48:10.621471
case_747,c,2025-02-24 20:53:10.621471
case_747,c,2025-02-24 20:58:10.621471
case_747,a,2025-02-24 21:03:10.621471
case_748,c,2025-02-24 19:28:10.621503
case_748,b,2025-02-24 19:33:10.621503
case_748,a,2025-02-24 19:38:10.621503
case_748,b,2025-02-24 19:43:10.621503
case_748,a,2025-02-24 19:48:10.621503
case_748,c,2025-02-24 19:53:10.621503
case_748,b,2025-02-24 19:58:10.621503
case_748,b,2025-02-24 20:03:10.621503
case_748,b,2025-02-24 20:08:10.621503
case_748,b,2025-02-24 20:13:10.621503
case_748,c,2025-02-24 20:18:10.621503
case_748,c,2025-02-24 20:23:10.621503
case_748,a,2025-02-24 20:28:10.621503
case_748,a,2025-02-24 20:33:10.621503
case_748,c,2025-02-24 20:38:10.621503
case_748,b,2025-02-24 20:43:10.621503
case_748,c,2025-02-24 20:48:10.621503
case_748,c,2025-02-24 20:53:10.621503
case_748,c,2025-02-24 20:58:10.621503
case_748,a,2025-02-24 21:03:10.621503
case_749,a,2025-02-24 19:28:10.621534
case_749,a,2025-02-24 19:33:10.621534
case_749,a,2025-02-24 19:38:10.621534
case_749,a,2025-02-24 19:43:10.621534
case_749,a,2025-02-24 19:48:10.621534
case_749,b,2025-02-24 19:53:10.621534
case_749,c,2025-02-24 19:58:10.621534
case_749,b,2025-02-24 20:03:10.621534
case_749,c,2025-02-24 20:08:10.621534
case_749,a,2025-02-24 20:13:10.621534
case_749,b,2025-02-24 20:18:10.621534
case_749,c,2025-02-24 20:23:10.621534
case_749,a,2025-02-24 20:28:10.621534
case_749,a,2025-02-24 20:33:10.621534
case_749,a,2025-02-24 20:38:10.621534
case_749,c,2025-02-24 20:43:10.621534
case_749,a,2025-02-24 20:48:10.621534
case_749,c,2025-02-24 20:53:10.621534
case_749,c,2025-02-24 20:58:10.621534
case_749,a,2025-02-24 21:03:10.621534
case_750,a,2025-02-24 19:28:10.621564
case_750,c,2025-02-24 19:33:10.621564
case_750,c,2025-02-24 19:38:10.621564
case_750,b,2025-02-24 19:43:10.621564
case_750,b,2025-02-24 19:48:10.621564
case_750,a,2025-02-24 19:53:10.621564
case_750,c,2025-02-24 19:58:10.621564
case_750,b,2025-02-24 20:03:10.621564
case_750,b,2025-02-24 20:08:10.621564
case_750,a,2025-02-24 20:13:10.621564
case_750,a,2025-02-24 20:18:10.621564
case_750,c,2025-02-24 20:23:10.621564
case_750,a,2025-02-24 20:28:10.621564
case_750,c,2025-02-24 20:33:10.621564
case_750,b,2025-02-24 20:38:10.621564
case_750,b,2025-02-24 20:43:10.621564
case_750,a,2025-02-24 20:48:10.621564
case_750,a,2025-02-24 20:53:10.621564
case_750,b,2025-02-24 20:58:10.621564
case_750,a,2025-02-24 21:03:10.621564
case_751,c,2025-02-24 19:28:10.621596
case_751,a,2025-02-24 19:33:10.621596
case_751,a,2025-02-24 19:38:10.621596
case_751,c,2025-02-24 19:43:10.621596
case_751,a,2025-02-24 19:48:10.621596
case_751,b,2025-02-24 19:53:10.621596
case_751,a,2025-02-24 19:58:10.621596
case_751,c,2025-02-24 20:03:10.621596
case_751,a,2025-02-24 20:08:10.621596
case_751,b,2025-02-24 20:13:10.621596
case_751,b,2025-02-24 20:18:10.621596
case_751,c,2025-02-24 20:23:10.621596
case_751,b,2025-02-24 20:28:10.621596
case_751,a,2025-02-24 20:33:10.621596
case_751,c,2025-02-24 20:38:10.621596
case_751,a,2025-02-24 20:43:10.621596
case_751,c,2025-02-24 20:48:10.621596
case_751,c,2025-02-24 20:53:10.621596
case_751,c,2025-02-24 20:58:10.621596
case_751,a,2025-02-24 21:03:10.621596
case_752,c,2025-02-24 19:28:10.621627
case_752,b,2025-02-24 19:33:10.621627
case_752,a,2025-02-24 19:38:10.621627
case_752,b,2025-02-24 19:43:10.621627
case_752,a,2025-02-24 19:48:10.621627
case_752,a,2025-02-24 19:53:10.621627
case_752,a,2025-02-24 19:58:10.621627
case_752,a,2025-02-24 20:03:10.621627
case_752,a,2025-02-24 20:08:10.621627
case_752,b,2025-02-24 20:13:10.621627
case_752,b,2025-02-24 20:18:10.621627
case_752,b,2025-02-24 20:23:10.621627
case_752,b,2025-02-24 20:28:10.621627
case_752,b,2025-02-24 20:33:10.621627
case_752,c,2025-02-24 20:38:10.621627
case_752,a,2025-02-24 20:43:10.621627
case_752,b,2025-02-24 20:48:10.621627
case_752,c,2025-02-24 20:53:10.621627
case_752,c,2025-02-24 20:58:10.621627
case_752,a,2025-02-24 21:03:10.621627
case_753,c,2025-02-24 19:28:10.621659
case_753,c,2025-02-24 19:33:10.621659
case_753,b,2025-02-24 19:38:10.621659
case_753,b,2025-02-24 19:43:10.621659
case_753,c,2025-02-24 19:48:10.621659
case_753,b,2025-02-24 19:53:10.621659
case_753,b,2025-02-24 19:58:10.621659
case_753,a,2025-02-24 20:03:10.621659
case_753,a,2025-02-24 20:08:10.621659
case_753,b,2025-02-24 20:13:10.621659
case_753,c,2025-02-24 20:18:10.621659
case_753,c,2025-02-24 20:23:10.621659
case_753,c,2025-02-24 20:28:10.621659
case_753,a,2025-02-24 20:33:10.621659
case_753,b,2025-02-24 20:38:10.621659
case_753,a,2025-02-24 20:43:10.621659
case_753,b,2025-02-24 20:48:10.621659
case_753,c,2025-02-24 20:53:10.621659
case_753,a,2025-02-24 20:58:10.621659
case_753,a,2025-02-24 21:03:10.621659
case_754,c,2025-02-24 19:28:10.621689
case_754,b,2025-02-24 19:33:10.621689
case_754,a,2025-02-24 19:38:10.621689
case_754,a,2025-02-24 19:43:10.621689
case_754,a,2025-02-24 19:48:10.621689
case_754,c,2025-02-24 19:53:10.621689
case_754,b,2025-02-24 19:58:10.621689
case_754,c,2025-02-24 20:03:10.621689
case_754,a,2025-02-24 20:08:10.621689
case_754,a,2025-02-24 20:13:10.621689
case_754,b,2025-02-24 20:18:10.621689
case_754,c,2025-02-24 20:23:10.621689
case_754,a,2025-02-24 20:28:10.621689
case_754,a,2025-02-24 20:33:10.621689
case_754,c,2025-02-24 20:38:10.621689
case_754,b,2025-02-24 20:43:10.621689
case_754,a,2025-02-24 20:48:10.621689
case_754,c,2025-02-24 20:53:10.621689
case_754,c,2025-02-24 20:58:10.621689
case_754,a,2025-02-24 21:03:10.621689
case_755,b,2025-02-24 19:28:10.621721
case_755,c,2025-02-24 19:33:10.621721
case_755,a,2025-02-24 19:38:10.621721
case_755,c,2025-02-24 19:43:10.621721
case_755,b,2025-02-24 19:48:10.621721
case_755,c,2025-02-24 19:53:10.621721
case_755,b,2025-02-24 19:58:10.621721
case_755,a,2025-02-24 20:03:10.621721
case_755,c,2025-02-24 20:08:10.621721
case_755,c,2025-02-24 20:13:10.621721
case_755,a,2025-02-24 20:18:10.621721
case_755,b,2025-02-24 20:23:10.621721
case_755,b,2025-02-24 20:28:10.621721
case_755,a,2025-02-24 20:33:10.621721
case_755,a,2025-02-24 20:38:10.621721
case_755,c,2025-02-24 20:43:10.621721
case_755,a,2025-02-24 20:48:10.621721
case_755,b,2025-02-24 20:53:10.621721
case_755,c,2025-02-24 20:58:10.621721
case_755,a,2025-02-24 21:03:10.621721
case_756,c,2025-02-24 19:28:10.621753
case_756,c,2025-02-24 19:33:10.621753
case_756,a,2025-02-24 19:38:10.621753
case_756,a,2025-02-24 19:43:10.621753
case_756,b,2025-02-24 19:48:10.621753
case_756,c,2025-02-24 19:53:10.621753
case_756,a,2025-02-24 19:58:10.621753
case_756,c,2025-02-24 20:03:10.621753
case_756,b,2025-02-24 20:08:10.621753
case_756,b,2025-02-24 20:13:10.621753
case_756,c,2025-02-24 20:18:10.621753
case_756,c,2025-02-24 20:23:10.621753
case_756,a,2025-02-24 20:28:10.621753
case_756,c,2025-02-24 20:33:10.621753
case_756,a,2025-02-24 20:38:10.621753
case_756,b,2025-02-24 20:43:10.621753
case_756,b,2025-02-24 20:48:10.621753
case_756,b,2025-02-24 20:53:10.621753
case_756,c,2025-02-24 20:58:10.621753
case_756,a,2025-02-24 21:03:10.621753
case_757,c,2025-02-24 19:28:10.621783
case_757,c,2025-02-24 19:33:10.621783
case_757,a,2025-02-24 19:38:10.621783
case_757,c,2025-02-24 19:43:10.621783
case_757,c,2025-02-24 19:48:10.621783
case_757,b,2025-02-24 19:53:10.621783
case_757,b,2025-02-24 19:58:10.621783
case_757,a,2025-02-24 20:03:10.621783
case_757,a,2025-02-24 20:08:10.621783
case_757,a,2025-02-24 20:13:10.621783
case_757,a,2025-02-24 20:18:10.621783
case_757,b,2025-02-24 20:23:10.621783
case_757,a,2025-02-24 20:28:10.621783
case_757,c,2025-02-24 20:33:10.621783
case_757,b,2025-02-24 20:38:10.621783
case_757,b,2025-02-24 20:43:10.621783
case_757,c,2025-02-24 20:48:10.621783
case_757,c,2025-02-24 20:53:10.621783
case_757,b,2025-02-24 20:58:10.621783
case_757,a,2025-02-24 21:03:10.621783
case_758,c,2025-02-24 19:28:10.621815
case_758,a,2025-02-24 19:33:10.621815
case_758,a,2025-02-24 19:38:10.621815
case_758,b,2025-02-24 19:43:10.621815
case_758,a,2025-02-24 19:48:10.621815
case_758,a,2025-02-24 19:53:10.621815
case_758,a,2025-02-24 19:58:10.621815
case_758,c,2025-02-24 20:03:10.621815
case_758,a,2025-02-24 20:08:10.621815
case_758,b,2025-02-24 20:13:10.621815
case_758,c,2025-02-24 20:18:10.621815
case_758,a,2025-02-24 20:23:10.621815
case_758,b,2025-02-24 20:28:10.621815
case_758,c,2025-02-24 20:33:10.621815
case_758,c,2025-02-24 20:38:10.621815
case_758,c,2025-02-24 20:43:10.621815
case_758,c,2025-02-24 20:48:10.621815
case_758,b,2025-02-24 20:53:10.621815
case_758,a,2025-02-24 20:58:10.621815
case_758,a,2025-02-24 21:03:10.621815
case_759,a,2025-02-24 19:28:10.621847
case_759,a,2025-02-24 19:33:10.621847
case_759,c,2025-02-24 19:38:10.621847
case_759,b,2025-02-24 19:43:10.621847
case_759,b,2025-02-24 19:48:10.621847
case_759,a,2025-02-24 19:53:10.621847
case_759,c,2025-02-24 19:58:10.621847
case_759,a,2025-02-24 20:03:10.621847
case_759,a,2025-02-24 20:08:10.621847
case_759,c,2025-02-24 20:13:10.621847
case_759,c,2025-02-24 20:18:10.621847
case_759,b,2025-02-24 20:23:10.621847
case_759,a,2025-02-24 20:28:10.621847
case_759,b,2025-02-24 20:33:10.621847
case_759,b,2025-02-24 20:38:10.621847
case_759,b,2025-02-24 20:43:10.621847
case_759,c,2025-02-24 20:48:10.621847
case_759,c,2025-02-24 20:53:10.621847
case_759,a,2025-02-24 20:58:10.621847
case_759,a,2025-02-24 21:03:10.621847
case_760,c,2025-02-24 19:28:10.621878
case_760,a,2025-02-24 19:33:10.621878
case_760,a,2025-02-24 19:38:10.621878
case_760,c,2025-02-24 19:43:10.621878
case_760,a,2025-02-24 19:48:10.621878
case_760,a,2025-02-24 19:53:10.621878
case_760,a,2025-02-24 19:58:10.621878
case_760,b,2025-02-24 20:03:10.621878
case_760,c,2025-02-24 20:08:10.621878
case_760,a,2025-02-24 20:13:10.621878
case_760,b,2025-02-24 20:18:10.621878
case_760,a,2025-02-24 20:23:10.621878
case_760,a,2025-02-24 20:28:10.621878
case_760,a,2025-02-24 20:33:10.621878
case_760,a,2025-02-24 20:38:10.621878
case_760,c,2025-02-24 20:43:10.621878
case_760,b,2025-02-24 20:48:10.621878
case_760,c,2025-02-24 20:53:10.621878
case_760,c,2025-02-24 20:58:10.621878
case_760,a,2025-02-24 21:03:10.621878
case_761,c,2025-02-24 19:28:10.621910
case_761,a,2025-02-24 19:33:10.621910
case_761,a,2025-02-24 19:38:10.621910
case_761,c,2025-02-24 19:43:10.621910
case_761,b,2025-02-24 19:48:10.621910
case_761,c,2025-02-24 19:53:10.621910
case_761,a,2025-02-24 19:58:10.621910
case_761,b,2025-02-24 20:03:10.621910
case_761,c,2025-02-24 20:08:10.621910
case_761,b,2025-02-24 20:13:10.621910
case_761,b,2025-02-24 20:18:10.621910
case_761,c,2025-02-24 20:23:10.621910
case_761,a,2025-02-24 20:28:10.621910
case_761,c,2025-02-24 20:33:10.621910
case_761,c,2025-02-24 20:38:10.621910
case_761,b,2025-02-24 20:43:10.621910
case_761,a,2025-02-24 20:48:10.621910
case_761,b,2025-02-24 20:53:10.621910
case_761,b,2025-02-24 20:58:10.621910
case_761,b,2025-02-24 21:03:10.621910
case_762,b,2025-02-24 19:28:10.621940
case_762,b,2025-02-24 19:33:10.621940
case_762,b,2025-02-24 19:38:10.621940
case_762,a,2025-02-24 19:43:10.621940
case_762,b,2025-02-24 19:48:10.621940
case_762,a,2025-02-24 19:53:10.621940
case_762,c,2025-02-24 19:58:10.621940
case_762,b,2025-02-24 20:03:10.621940
case_762,c,2025-02-24 20:08:10.621940
case_762,b,2025-02-24 20:13:10.621940
case_762,c,2025-02-24 20:18:10.621940
case_762,b,2025-02-24 20:23:10.621940
case_762,a,2025-02-24 20:28:10.621940
case_762,b,2025-02-24 20:33:10.621940
case_762,c,2025-02-24 20:38:10.621940
case_762,b,2025-02-24 20:43:10.621940
case_762,c,2025-02-24 20:48:10.621940
case_762,c,2025-02-24 20:53:10.621940
case_762,a,2025-02-24 20:58:10.621940
case_762,a,2025-02-24 21:03:10.621940
case_763,b,2025-02-24 19:28:10.621971
case_763,c,2025-02-24 19:33:10.621971
case_763,b,2025-02-24 19:38:10.621971
case_763,c,2025-02-24 19:43:10.621971
case_763,b,2025-02-24 19:48:10.621971
case_763,c,2025-02-24 19:53:10.621971
case_763,a,2025-02-24 19:58:10.621971
case_763,a,2025-02-24 20:03:10.621971
case_763,a,2025-02-24 20:08:10.621971
case_763,b,2025-02-24 20:13:10.621971
case_763,a,2025-02-24 20:18:10.621971
case_763,a,2025-02-24 20:23:10.621971
case_763,c,2025-02-24 20:28:10.621971
case_763,a,2025-02-24 20:33:10.621971
case_763,b,2025-02-24 20:38:10.621971
case_763,a,2025-02-24 20:43:10.621971
case_763,c,2025-02-24 20:48:10.621971
case_763,c,2025-02-24 20:53:10.621971
case_763,a,2025-02-24 20:58:10.621971
case_763,a,2025-02-24 21:03:10.621971
case_764,b,2025-02-24 19:28:10.622002
case_764,b,2025-02-24 19:33:10.622002
case_764,a,2025-02-24 19:38:10.622002
case_764,a,2025-02-24 19:43:10.622002
case_764,a,2025-02-24 19:48:10.622002
case_764,b,2025-02-24 19:53:10.622002
case_764,b,2025-02-24 19:58:10.622002
case_764,a,2025-02-24 20:03:10.622002
case_764,b,2025-02-24 20:08:10.622002
case_764,c,2025-02-24 20:13:10.622002
case_764,a,2025-02-24 20:18:10.622002
case_764,a,2025-02-24 20:23:10.622002
case_764,c,2025-02-24 20:28:10.622002
case_764,b,2025-02-24 20:33:10.622002
case_764,b,2025-02-24 20:38:10.622002
case_764,b,2025-02-24 20:43:10.622002
case_764,c,2025-02-24 20:48:10.622002
case_764,c,2025-02-24 20:53:10.622002
case_764,c,2025-02-24 20:58:10.622002
case_764,a,2025-02-24 21:03:10.622002
case_765,c,2025-02-24 19:28:10.622032
case_765,c,2025-02-24 19:33:10.622032
case_765,c,2025-02-24 19:38:10.622032
case_765,b,2025-02-24 19:43:10.622032
case_765,c,2025-02-24 19:48:10.622032
case_765,a,2025-02-24 19:53:10.622032
case_765,b,2025-02-24 19:58:10.622032
case_765,b,2025-02-24 20:03:10.622032
case_765,a,2025-02-24 20:08:10.622032
case_765,c,2025-02-24 20:13:10.622032
case_765,c,2025-02-24 20:18:10.622032
case_765,c,2025-02-24 20:23:10.622032
case_765,c,2025-02-24 20:28:10.622032
case_765,c,2025-02-24 20:33:10.622032
case_765,c,2025-02-24 20:38:10.622032
case_765,b,2025-02-24 20:43:10.622032
case_765,c,2025-02-24 20:48:10.622032
case_765,a,2025-02-24 20:53:10.622032
case_765,c,2025-02-24 20:58:10.622032
case_765,a,2025-02-24 21:03:10.622032
case_766,c,2025-02-24 19:28:10.622064
case_766,c,2025-02-24 19:33:10.622064
case_766,a,2025-02-24 19:38:10.622064
case_766,b,2025-02-24 19:43:10.622064
case_766,c,2025-02-24 19:48:10.622064
case_766,a,2025-02-24 19:53:10.622064
case_766,b,2025-02-24 19:58:10.622064
case_766,b,2025-02-24 20:03:10.622064
case_766,a,2025-02-24 20:08:10.622064
case_766,a,2025-02-24 20:13:10.622064
case_766,c,2025-02-24 20:18:10.622064
case_766,b,2025-02-24 20:23:10.622064
case_766,c,2025-02-24 20:28:10.622064
case_766,b,2025-02-24 20:33:10.622064
case_766,a,2025-02-24 20:38:10.622064
case_766,c,2025-02-24 20:43:10.622064
case_766,a,2025-02-24 20:48:10.622064
case_766,c,2025-02-24 20:53:10.622064
case_766,c,2025-02-24 20:58:10.622064
case_766,a,2025-02-24 21:03:10.622064
case_767,a,2025-02-24 19:28:10.622095
case_767,c,2025-02-24 19:33:10.622095
case_767,a,2025-02-24 19:38:10.622095
case_767,a,2025-02-24 19:43:10.622095
case_767,c,2025-02-24 19:48:10.622095
case_767,b,2025-02-24 19:53:10.622095
case_767,b,2025-02-24 19:58:10.622095
case_767,c,2025-02-24 20:03:10.622095
case_767,a,2025-02-24 20:08:10.622095
case_767,b,2025-02-24 20:13:10.622095
case_767,a,2025-02-24 20:18:10.622095
case_767,c,2025-02-24 20:23:10.622095
case_767,a,2025-02-24 20:28:10.622095
case_767,b,2025-02-24 20:33:10.622095
case_767,b,2025-02-24 20:38:10.622095
case_767,c,2025-02-24 20:43:10.622095
case_767,c,2025-02-24 20:48:10.622095
case_767,b,2025-02-24 20:53:10.622095
case_767,b,2025-02-24 20:58:10.622095
case_767,a,2025-02-24 21:03:10.622095
case_768,a,2025-02-24 19:28:10.622125
case_768,c,2025-02-24 19:33:10.622125
case_768,b,2025-02-24 19:38:10.622125
case_768,b,2025-02-24 19:43:10.622125
case_768,b,2025-02-24 19:48:10.622125
case_768,a,2025-02-24 19:53:10.622125
case_768,b,2025-02-24 19:58:10.622125
case_768,c,2025-02-24 20:03:10.622125
case_768,a,2025-02-24 20:08:10.622125
case_768,c,2025-02-24 20:13:10.622125
case_768,b,2025-02-24 20:18:10.622125
case_768,c,2025-02-24 20:23:10.622125
case_768,a,2025-02-24 20:28:10.622125
case_768,a,2025-02-24 20:33:10.622125
case_768,b,2025-02-24 20:38:10.622125
case_768,c,2025-02-24 20:43:10.622125
case_768,a,2025-02-24 20:48:10.622125
case_768,c,2025-02-24 20:53:10.622125
case_768,c,2025-02-24 20:58:10.622125
case_768,a,2025-02-24 21:03:10.622125
case_769,b,2025-02-24 19:28:10.622157
case_769,b,2025-02-24 19:33:10.622157
case_769,b,2025-02-24 19:38:10.622157
case_769,b,2025-02-24 19:43:10.622157
case_769,a,2025-02-24 19:48:10.622157
case_769,a,2025-02-24 19:53:10.622157
case_769,b,2025-02-24 19:58:10.622157
case_769,a,2025-02-24 20:03:10.622157
case_769,b,2025-02-24 20:08:10.622157
case_769,b,2025-02-24 20:13:10.622157
case_769,c,2025-02-24 20:18:10.622157
case_769,a,2025-02-24 20:23:10.622157
case_769,b,2025-02-24 20:28:10.622157
case_769,b,2025-02-24 20:33:10.622157
case_769,a,2025-02-24 20:38:10.622157
case_769,b,2025-02-24 20:43:10.622157
case_769,b,2025-02-24 20:48:10.622157
case_769,c,2025-02-24 20:53:10.622157
case_769,c,2025-02-24 20:58:10.622157
case_769,a,2025-02-24 21:03:10.622157
case_770,c,2025-02-24 19:28:10.622188
case_770,a,2025-02-24 19:33:10.622188
case_770,c,2025-02-24 19:38:10.622188
case_770,a,2025-02-24 19:43:10.622188
case_770,c,2025-02-24 19:48:10.622188
case_770,a,2025-02-24 19:53:10.622188
case_770,b,2025-02-24 19:58:10.622188
case_770,b,2025-02-24 20:03:10.622188
case_770,b,2025-02-24 20:08:10.622188
case_770,b,2025-02-24 20:13:10.622188
case_770,b,2025-02-24 20:18:10.622188
case_770,a,2025-02-24 20:23:10.622188
case_770,b,2025-02-24 20:28:10.622188
case_770,b,2025-02-24 20:33:10.622188
case_770,a,2025-02-24 20:38:10.622188
case_770,b,2025-02-24 20:43:10.622188
case_770,a,2025-02-24 20:48:10.622188
case_770,c,2025-02-24 20:53:10.622188
case_770,c,2025-02-24 20:58:10.622188
case_770,a,2025-02-24 21:03:10.622188
case_771,b,2025-02-24 19:28:10.622220
case_771,a,2025-02-24 19:33:10.622220
case_771,b,2025-02-24 19:38:10.622220
case_771,c,2025-02-24 19:43:10.622220
case_771,a,2025-02-24 19:48:10.622220
case_771,a,2025-02-24 19:53:10.622220
case_771,c,2025-02-24 19:58:10.622220
case_771,c,2025-02-24 20:03:10.622220
case_771,a,2025-02-24 20:08:10.622220
case_771,c,2025-02-24 20:13:10.622220
case_771,b,2025-02-24 20:18:10.622220
case_771,b,2025-02-24 20:23:10.622220
case_771,c,2025-02-24 20:28:10.622220
case_771,b,2025-02-24 20:33:10.622220
case_771,c,2025-02-24 20:38:10.622220
case_771,c,2025-02-24 20:43:10.622220
case_771,a,2025-02-24 20:48:10.622220
case_771,a,2025-02-24 20:53:10.622220
case_771,c,2025-02-24 20:58:10.622220
case_771,a,2025-02-24 21:03:10.622220
case_772,c,2025-02-24 19:28:10.622250
case_772,c,2025-02-24 19:33:10.622250
case_772,a,2025-02-24 19:38:10.622250
case_772,b,2025-02-24 19:43:10.622250
case_772,b,2025-02-24 19:48:10.622250
case_772,a,2025-02-24 19:53:10.622250
case_772,c,2025-02-24 19:58:10.622250
case_772,c,2025-02-24 20:03:10.622250
case_772,a,2025-02-24 20:08:10.622250
case_772,b,2025-02-24 20:13:10.622250
case_772,b,2025-02-24 20:18:10.622250
case_772,c,2025-02-24 20:23:10.622250
case_772,a,2025-02-24 20:28:10.622250
case_772,a,2025-02-24 20:33:10.622250
case_772,a,2025-02-24 20:38:10.622250
case_772,c,2025-02-24 20:43:10.622250
case_772,a,2025-02-24 20:48:10.622250
case_772,b,2025-02-24 20:53:10.622250
case_772,c,2025-02-24 20:58:10.622250
case_772,a,2025-02-24 21:03:10.622250
case_773,a,2025-02-24 19:28:10.622281
case_773,b,2025-02-24 19:33:10.622281
case_773,a,2025-02-24 19:38:10.622281
case_773,a,2025-02-24 19:43:10.622281
case_773,a,2025-02-24 19:48:10.622281
case_773,b,2025-02-24 19:53:10.622281
case_773,a,2025-02-24 19:58:10.622281
case_773,b,2025-02-24 20:03:10.622281
case_773,a,2025-02-24 20:08:10.622281
case_773,c,2025-02-24 20:13:10.622281
case_773,b,2025-02-24 20:18:10.622281
case_773,b,2025-02-24 20:23:10.622281
case_773,c,2025-02-24 20:28:10.622281
case_773,a,2025-02-24 20:33:10.622281
case_773,b,2025-02-24 20:38:10.622281
case_773,c,2025-02-24 20:43:10.622281
case_773,c,2025-02-24 20:48:10.622281
case_773,c,2025-02-24 20:53:10.622281
case_773,c,2025-02-24 20:58:10.622281
case_773,a,2025-02-24 21:03:10.622281
case_774,c,2025-02-24 19:28:10.622313
case_774,c,2025-02-24 19:33:10.622313
case_774,a,2025-02-24 19:38:10.622313
case_774,c,2025-02-24 19:43:10.622313
case_774,b,2025-02-24 19:48:10.622313
case_774,a,2025-02-24 19:53:10.622313
case_774,a,2025-02-24 19:58:10.622313
case_774,c,2025-02-24 20:03:10.622313
case_774,a,2025-02-24 20:08:10.622313
case_774,a,2025-02-24 20:13:10.622313
case_774,c,2025-02-24 20:18:10.622313
case_774,b,2025-02-24 20:23:10.622313
case_774,a,2025-02-24 20:28:10.622313
case_774,b,2025-02-24 20:33:10.622313
case_774,a,2025-02-24 20:38:10.622313
case_774,c,2025-02-24 20:43:10.622313
case_774,c,2025-02-24 20:48:10.622313
case_774,a,2025-02-24 20:53:10.622313
case_774,a,2025-02-24 20:58:10.622313
case_774,a,2025-02-24 21:03:10.622313
case_775,a,2025-02-24 19:28:10.622518
case_775,a,2025-02-24 19:33:10.622518
case_775,b,2025-02-24 19:38:10.622518
case_775,a,2025-02-24 19:43:10.622518
case_775,a,2025-02-24 19:48:10.622518
case_775,b,2025-02-24 19:53:10.622518
case_775,a,2025-02-24 19:58:10.622518
case_775,c,2025-02-24 20:03:10.622518
case_775,b,2025-02-24 20:08:10.622518
case_775,b,2025-02-24 20:13:10.622518
case_775,b,2025-02-24 20:18:10.622518
case_775,b,2025-02-24 20:23:10.622518
case_775,b,2025-02-24 20:28:10.622518
case_775,a,2025-02-24 20:33:10.622518
case_775,b,2025-02-24 20:38:10.622518
case_775,b,2025-02-24 20:43:10.622518
case_775,b,2025-02-24 20:48:10.622518
case_775,c,2025-02-24 20:53:10.622518
case_775,c,2025-02-24 20:58:10.622518
case_775,a,2025-02-24 21:03:10.622518
case_776,c,2025-02-24 19:28:10.622551
case_776,b,2025-02-24 19:33:10.622551
case_776,a,2025-02-24 19:38:10.622551
case_776,b,2025-02-24 19:43:10.622551
case_776,b,2025-02-24 19:48:10.622551
case_776,a,2025-02-24 19:53:10.622551
case_776,c,2025-02-24 19:58:10.622551
case_776,b,2025-02-24 20:03:10.622551
case_776,b,2025-02-24 20:08:10.622551
case_776,a,2025-02-24 20:13:10.622551
case_776,c,2025-02-24 20:18:10.622551
case_776,c,2025-02-24 20:23:10.622551
case_776,a,2025-02-24 20:28:10.622551
case_776,c,2025-02-24 20:33:10.622551
case_776,a,2025-02-24 20:38:10.622551
case_776,c,2025-02-24 20:43:10.622551
case_776,a,2025-02-24 20:48:10.622551
case_776,b,2025-02-24 20:53:10.622551
case_776,b,2025-02-24 20:58:10.622551
case_776,a,2025-02-24 21:03:10.622551
case_777,c,2025-02-24 19:28:10.622582
case_777,a,2025-02-24 19:33:10.622582
case_777,a,2025-02-24 19:38:10.622582
case_777,a,2025-02-24 19:43:10.622582
case_777,c,2025-02-24 19:48:10.622582
case_777,a,2025-02-24 19:53:10.622582
case_777,a,2025-02-24 19:58:10.622582
case_777,b,2025-02-24 20:03:10.622582
case_777,c,2025-02-24 20:08:10.622582
case_777,b,2025-02-24 20:13:10.622582
case_777,a,2025-02-24 20:18:10.622582
case_777,b,2025-02-24 20:23:10.622582
case_777,a,2025-02-24 20:28:10.622582
case_777,b,2025-02-24 20:33:10.622582
case_777,c,2025-02-24 20:38:10.622582
case_777,a,2025-02-24 20:43:10.622582
case_777,b,2025-02-24 20:48:10.622582
case_777,c,2025-02-24 20:53:10.622582
case_777,c,2025-02-24 20:58:10.622582
case_777,a,2025-02-24 21:03:10.622582
case_778,a,2025-02-24 19:28:10.622613
case_778,a,2025-02-24 19:33:10.622613
case_778,a,2025-02-24 19:38:10.622613
case_778,c,2025-02-24 19:43:10.622613
case_778,a,2025-02-24 19:48:10.622613
case_778,c,2025-02-24 19:53:10.622613
case_778,b,2025-02-24 19:58:10.622613
case_778,c,2025-02-24 20:03:10.622613
case_778,a,2025-02-24 20:08:10.622613
case_778,a,2025-02-24 20:13:10.622613
case_778,c,2025-02-24 20:18:10.622613
case_778,b,2025-02-24 20:23:10.622613
case_778,a,2025-02-24 20:28:10.622613
case_778,c,2025-02-24 20:33:10.622613
case_778,b,2025-02-24 20:38:10.622613
case_778,b,2025-02-24 20:43:10.622613
case_778,c,2025-02-24 20:48:10.622613
case_778,c,2025-02-24 20:53:10.622613
case_778,a,2025-02-24 20:58:10.622613
case_778,a,2025-02-24 21:03:10.622613
case_779,a,2025-02-24 19:28:10.622645
case_779,a,2025-02-24 19:33:10.622645
case_779,c,2025-02-24 19:38:10.622645
case_779,a,2025-02-24 19:43:10.622645
case_779,a,2025-02-24 19:48:10.622645
case_779,a,2025-02-24 19:53:10.622645
case_779,c,2025-02-24 19:58:10.622645
case_779,b,2025-02-24 20:03:10.622645
case_779,c,2025-02-24 20:08:10.622645
case_779,a,2025-02-24 20:13:10.622645
case_779,a,2025-02-24 20:18:10.622645
case_779,c,2025-02-24 20:23:10.622645
case_779,a,2025-02-24 20:28:10.622645
case_779,c,2025-02-24 20:33:10.622645
case_779,a,2025-02-24 20:38:10.622645
case_779,c,2025-02-24 20:43:10.622645
case_779,c,2025-02-24 20:48:10.622645
case_779,c,2025-02-24 20:53:10.622645
case_779,a,2025-02-24 20:58:10.622645
case_779,b,2025-02-24 21:03:10.622645
case_780,c,2025-02-24 19:28:10.622675
case_780,b,2025-02-24 19:33:10.622675
case_780,b,2025-02-24 19:38:10.622675
case_780,a,2025-02-24 19:43:10.622675
case_780,a,2025-02-24 19:48:10.622675
case_780,c,2025-02-24 19:53:10.622675
case_780,b,2025-02-24 19:58:10.622675
case_780,b,2025-02-24 20:03:10.622675
case_780,c,2025-02-24 20:08:10.622675
case_780,b,2025-02-24 20:13:10.622675
case_780,c,2025-02-24 20:18:10.622675
case_780,b,2025-02-24 20:23:10.622675
case_780,a,2025-02-24 20:28:10.622675
case_780,a,2025-02-24 20:33:10.622675
case_780,b,2025-02-24 20:38:10.622675
case_780,b,2025-02-24 20:43:10.622675
case_780,b,2025-02-24 20:48:10.622675
case_780,c,2025-02-24 20:53:10.622675
case_780,c,2025-02-24 20:58:10.622675
case_780,a,2025-02-24 21:03:10.622675
case_781,b,2025-02-24 19:28:10.622706
case_781,b,2025-02-24 19:33:10.622706
case_781,a,2025-02-24 19:38:10.622706
case_781,c,2025-02-24 19:43:10.622706
case_781,c,2025-02-24 19:48:10.622706
case_781,a,2025-02-24 19:53:10.622706
case_781,c,2025-02-24 19:58:10.622706
case_781,b,2025-02-24 20:03:10.622706
case_781,c,2025-02-24 20:08:10.622706
case_781,c,2025-02-24 20:13:10.622706
case_781,c,2025-02-24 20:18:10.622706
case_781,b,2025-02-24 20:23:10.622706
case_781,a,2025-02-24 20:28:10.622706
case_781,c,2025-02-24 20:33:10.622706
case_781,c,2025-02-24 20:38:10.622706
case_781,b,2025-02-24 20:43:10.622706
case_781,b,2025-02-24 20:48:10.622706
case_781,b,2025-02-24 20:53:10.622706
case_781,a,2025-02-24 20:58:10.622706
case_781,a,2025-02-24 21:03:10.622706
case_782,a,2025-02-24 19:28:10.622737
case_782,b,2025-02-24 19:33:10.622737
case_782,a,2025-02-24 19:38:10.622737
case_782,c,2025-02-24 19:43:10.622737
case_782,a,2025-02-24 19:48:10.622737
case_782,b,2025-02-24 19:53:10.622737
case_782,a,2025-02-24 19:58:10.622737
case_782,a,2025-02-24 20:03:10.622737
case_782,a,2025-02-24 20:08:10.622737
case_782,b,2025-02-24 20:13:10.622737
case_782,b,2025-02-24 20:18:10.622737
case_782,c,2025-02-24 20:23:10.622737
case_782,b,2025-02-24 20:28:10.622737
case_782,c,2025-02-24 20:33:10.622737
case_782,b,2025-02-24 20:38:10.622737
case_782,a,2025-02-24 20:43:10.622737
case_782,c,2025-02-24 20:48:10.622737
case_782,c,2025-02-24 20:53:10.622737
case_782,c,2025-02-24 20:58:10.622737
case_782,a,2025-02-24 21:03:10.622737
case_783,c,2025-02-24 19:28:10.622768
case_783,a,2025-02-24 19:33:10.622768
case_783,a,2025-02-24 19:38:10.622768
case_783,a,2025-02-24 19:43:10.622768
case_783,a,2025-02-24 19:48:10.622768
case_783,c,2025-02-24 19:53:10.622768
case_783,a,2025-02-24 19:58:10.622768
case_783,c,2025-02-24 20:03:10.622768
case_783,a,2025-02-24 20:08:10.622768
case_783,b,2025-02-24 20:13:10.622768
case_783,b,2025-02-24 20:18:10.622768
case_783,a,2025-02-24 20:23:10.622768
case_783,b,2025-02-24 20:28:10.622768
case_783,c,2025-02-24 20:33:10.622768
case_783,c,2025-02-24 20:38:10.622768
case_783,b,2025-02-24 20:43:10.622768
case_783,a,2025-02-24 20:48:10.622768
case_783,c,2025-02-24 20:53:10.622768
case_783,a,2025-02-24 20:58:10.622768
case_783,b,2025-02-24 21:03:10.622768
case_784,a,2025-02-24 19:28:10.622799
case_784,c,2025-02-24 19:33:10.622799
case_784,a,2025-02-24 19:38:10.622799
case_784,a,2025-02-24 19:43:10.622799
case_784,c,2025-02-24 19:48:10.622799
case_784,b,2025-02-24 19:53:10.622799
case_784,c,2025-02-24 19:58:10.622799
case_784,c,2025-02-24 20:03:10.622799
case_784,b,2025-02-24 20:08:10.622799
case_784,a,2025-02-24 20:13:10.622799
case_784,b,2025-02-24 20:18:10.622799
case_784,c,2025-02-24 20:23:10.622799
case_784,c,2025-02-24 20:28:10.622799
case_784,c,2025-02-24 20:33:10.622799
case_784,a,2025-02-24 20:38:10.622799
case_784,a,2025-02-24 20:43:10.622799
case_784,a,2025-02-24 20:48:10.622799
case_784,c,2025-02-24 20:53:10.622799
case_784,a,2025-02-24 20:58:10.622799
case_784,a,2025-02-24 21:03:10.622799
case_785,b,2025-02-24 19:28:10.622830
case_785,a,2025-02-24 19:33:10.622830
case_785,b,2025-02-24 19:38:10.622830
case_785,a,2025-02-24 19:43:10.622830
case_785,b,2025-02-24 19:48:10.622830
case_785,a,2025-02-24 19:53:10.622830
case_785,c,2025-02-24 19:58:10.622830
case_785,b,2025-02-24 20:03:10.622830
case_785,a,2025-02-24 20:08:10.622830
case_785,b,2025-02-24 20:13:10.622830
case_785,c,2025-02-24 20:18:10.622830
case_785,b,2025-02-24 20:23:10.622830
case_785,c,2025-02-24 20:28:10.622830
case_785,c,2025-02-24 20:33:10.622830
case_785,a,2025-02-24 20:38:10.622830
case_785,c,2025-02-24 20:43:10.622830
case_785,b,2025-02-24 20:48:10.622830
case_785,c,2025-02-24 20:53:10.622830
case_785,b,2025-02-24 20:58:10.622830
case_785,a,2025-02-24 21:03:10.622830
case_786,c,2025-02-24 19:28:10.622862
case_786,c,2025-02-24 19:33:10.622862
case_786,a,2025-02-24 19:38:10.622862
case_786,b,2025-02-24 19:43:10.622862
case_786,a,2025-02-24 19:48:10.622862
case_786,a,2025-02-24 19:53:10.622862
case_786,b,2025-02-24 19:58:10.622862
case_786,b,2025-02-24 20:03:10.622862
case_786,b,2025-02-24 20:08:10.622862
case_786,b,2025-02-24 20:13:10.622862
case_786,a,2025-02-24 20:18:10.622862
case_786,c,2025-02-24 20:23:10.622862
case_786,a,2025-02-24 20:28:10.622862
case_786,c,2025-02-24 20:33:10.622862
case_786,c,2025-02-24 20:38:10.622862
case_786,a,2025-02-24 20:43:10.622862
case_786,c,2025-02-24 20:48:10.622862
case_786,a,2025-02-24 20:53:10.622862
case_786,c,2025-02-24 20:58:10.622862
case_786,a,2025-02-24 21:03:10.622862
case_787,a,2025-02-24 19:28:10.622893
case_787,b,2025-02-24 19:33:10.622893
case_787,b,2025-02-24 19:38:10.622893
case_787,c,2025-02-24 19:43:10.622893
case_787,a,2025-02-24 19:48:10.622893
case_787,b,2025-02-24 19:53:10.622893
case_787,b,2025-02-24 19:58:10.622893
case_787,c,2025-02-24 20:03:10.622893
case_787,a,2025-02-24 20:08:10.622893
case_787,b,2025-02-24 20:13:10.622893
case_787,b,2025-02-24 20:18:10.622893
case_787,c,2025-02-24 20:23:10.622893
case_787,b,2025-02-24 20:28:10.622893
case_787,a,2025-02-24 20:33:10.622893
case_787,b,2025-02-24 20:38:10.622893
case_787,c,2025-02-24 20:43:10.622893
case_787,c,2025-02-24 20:48:10.622893
case_787,c,2025-02-24 20:53:10.622893
case_787,a,2025-02-24 20:58:10.622893
case_787,a,2025-02-24 21:03:10.622893
case_788,a,2025-02-24 19:28:10.622923
case_788,a,2025-02-24 19:33:10.622923
case_788,a,2025-02-24 19:38:10.622923
case_788,c,2025-02-24 19:43:10.622923
case_788,a,2025-02-24 19:48:10.622923
case_788,c,2025-02-24 19:53:10.622923
case_788,a,2025-02-24 19:58:10.622923
case_788,b,2025-02-24 20:03:10.622923
case_788,b,2025-02-24 20:08:10.622923
case_788,a,2025-02-24 20:13:10.622923
case_788,a,2025-02-24 20:18:10.622923
case_788,c,2025-02-24 20:23:10.622923
case_788,a,2025-02-24 20:28:10.622923
case_788,b,2025-02-24 20:33:10.622923
case_788,a,2025-02-24 20:38:10.622923
case_788,b,2025-02-24 20:43:10.622923
case_788,a,2025-02-24 20:48:10.622923
case_788,c,2025-02-24 20:53:10.622923
case_788,c,2025-02-24 20:58:10.622923
case_788,a,2025-02-24 21:03:10.622923
case_789,c,2025-02-24 19:28:10.622955
case_789,c,2025-02-24 19:33:10.622955
case_789,b,2025-02-24 19:38:10.622955
case_789,a,2025-02-24 19:43:10.622955
case_789,a,2025-02-24 19:48:10.622955
case_789,c,2025-02-24 19:53:10.622955
case_789,c,2025-02-24 19:58:10.622955
case_789,c,2025-02-24 20:03:10.622955
case_789,b,2025-02-24 20:08:10.622955
case_789,a,2025-02-24 20:13:10.622955
case_789,c,2025-02-24 20:18:10.622955
case_789,b,2025-02-24 20:23:10.622955
case_789,c,2025-02-24 20:28:10.622955
case_789,a,2025-02-24 20:33:10.622955
case_789,c,2025-02-24 20:38:10.622955
case_789,c,2025-02-24 20:43:10.622955
case_789,b,2025-02-24 20:48:10.622955
case_789,a,2025-02-24 20:53:10.622955
case_789,a,2025-02-24 20:58:10.622955
case_789,b,2025-02-24 21:03:10.622955
case_790,a,2025-02-24 19:28:10.622986
case_790,a,2025-02-24 19:33:10.622986
case_790,a,2025-02-24 19:38:10.622986
case_790,a,2025-02-24 19:43:10.622986
case_790,a,2025-02-24 19:48:10.622986
case_790,b,2025-02-24 19:53:10.622986
case_790,c,2025-02-24 19:58:10.622986
case_790,b,2025-02-24 20:03:10.622986
case_790,a,2025-02-24 20:08:10.622986
case_790,a,2025-02-24 20:13:10.622986
case_790,a,2025-02-24 20:18:10.622986
case_790,c,2025-02-24 20:23:10.622986
case_790,c,2025-02-24 20:28:10.622986
case_790,c,2025-02-24 20:33:10.622986
case_790,c,2025-02-24 20:38:10.622986
case_790,a,2025-02-24 20:43:10.622986
case_790,b,2025-02-24 20:48:10.622986
case_790,b,2025-02-24 20:53:10.622986
case_790,a,2025-02-24 20:58:10.622986
case_790,a,2025-02-24 21:03:10.622986
case_791,c,2025-02-24 19:28:10.623017
case_791,b,2025-02-24 19:33:10.623017
case_791,b,2025-02-24 19:38:10.623017
case_791,c,2025-02-24 19:43:10.623017
case_791,b,2025-02-24 19:48:10.623017
case_791,c,2025-02-24 19:53:10.623017
case_791,b,2025-02-24 19:58:10.623017
case_791,b,2025-02-24 20:03:10.623017
case_791,c,2025-02-24 20:08:10.623017
case_791,c,2025-02-24 20:13:10.623017
case_791,a,2025-02-24 20:18:10.623017
case_791,b,2025-02-24 20:23:10.623017
case_791,b,2025-02-24 20:28:10.623017
case_791,b,2025-02-24 20:33:10.623017
case_791,c,2025-02-24 20:38:10.623017
case_791,c,2025-02-24 20:43:10.623017
case_791,c,2025-02-24 20:48:10.623017
case_791,b,2025-02-24 20:53:10.623017
case_791,a,2025-02-24 20:58:10.623017
case_791,a,2025-02-24 21:03:10.623017
case_792,c,2025-02-24 19:28:10.623048
case_792,a,2025-02-24 19:33:10.623048
case_792,c,2025-02-24 19:38:10.623048
case_792,c,2025-02-24 19:43:10.623048
case_792,b,2025-02-24 19:48:10.623048
case_792,a,2025-02-24 19:53:10.623048
case_792,b,2025-02-24 19:58:10.623048
case_792,c,2025-02-24 20:03:10.623048
case_792,a,2025-02-24 20:08:10.623048
case_792,a,2025-02-24 20:13:10.623048
case_792,a,2025-02-24 20:18:10.623048
case_792,a,2025-02-24 20:23:10.623048
case_792,b,2025-02-24 20:28:10.623048
case_792,b,2025-02-24 20:33:10.623048
case_792,a,2025-02-24 20:38:10.623048
case_792,b,2025-02-24 20:43:10.623048
case_792,b,2025-02-24 20:48:10.623048
case_792,b,2025-02-24 20:53:10.623048
case_792,c,2025-02-24 20:58:10.623048
case_792,a,2025-02-24 21:03:10.623048
case_793,b,2025-02-24 19:28:10.623079
case_793,a,2025-02-24 19:33:10.623079
case_793,a,2025-02-24 19:38:10.623079
case_793,c,2025-02-24 19:43:10.623079
case_793,b,2025-02-24 19:48:10.623079
case_793,a,2025-02-24 19:53:10.623079
case_793,c,2025-02-24 19:58:10.623079
case_793,a,2025-02-24 20:03:10.623079
case_793,a,2025-02-24 20:08:10.623079
case_793,c,2025-02-24 20:13:10.623079
case_793,b,2025-02-24 20:18:10.623079
case_793,c,2025-02-24 20:23:10.623079
case_793,a,2025-02-24 20:28:10.623079
case_793,a,2025-02-24 20:33:10.623079
case_793,a,2025-02-24 20:38:10.623079
case_793,a,2025-02-24 20:43:10.623079
case_793,b,2025-02-24 20:48:10.623079
case_793,c,2025-02-24 20:53:10.623079
case_793,c,2025-02-24 20:58:10.623079
case_793,a,2025-02-24 21:03:10.623079
case_794,a,2025-02-24 19:28:10.623110
case_794,b,2025-02-24 19:33:10.623110
case_794,b,2025-02-24 19:38:10.623110
case_794,b,2025-02-24 19:43:10.623110
case_794,b,2025-02-24 19:48:10.623110
case_794,a,2025-02-24 19:53:10.623110
case_794,b,2025-02-24 19:58:10.623110
case_794,b,2025-02-24 20:03:10.623110
case_794,a,2025-02-24 20:08:10.623110
case_794,a,2025-02-24 20:13:10.623110
case_794,b,2025-02-24 20:18:10.623110
case_794,a,2025-02-24 20:23:10.623110
case_794,c,2025-02-24 20:28:10.623110
case_794,c,2025-02-24 20:33:10.623110
case_794,b,2025-02-24 20:38:10.623110
case_794,c,2025-02-24 20:43:10.623110
case_794,a,2025-02-24 20:48:10.623110
case_794,b,2025-02-24 20:53:10.623110
case_794,b,2025-02-24 20:58:10.623110
case_794,a,2025-02-24 21:03:10.623110
case_795,b,2025-02-24 19:28:10.623141
case_795,a,2025-02-24 19:33:10.623141
case_795,c,2025-02-24 19:38:10.623141
case_795,a,2025-02-24 19:43:10.623141
case_795,a,2025-02-24 19:48:10.623141
case_795,c,2025-02-24 19:53:10.623141
case_795,c,2025-02-24 19:58:10.623141
case_795,b,2025-02-24 20:03:10.623141
case_795,a,2025-02-24 20:08:10.623141
case_795,b,2025-02-24 20:13:10.623141
case_795,c,2025-02-24 20:18:10.623141
case_795,b,2025-02-24 20:23:10.623141
case_795,a,2025-02-24 20:28:10.623141
case_795,c,2025-02-24 20:33:10.623141
case_795,a,2025-02-24 20:38:10.623141
case_795,b,2025-02-24 20:43:10.623141
case_795,b,2025-02-24 20:48:10.623141
case_795,b,2025-02-24 20:53:10.623141
case_795,a,2025-02-24 20:58:10.623141
case_795,b,2025-02-24 21:03:10.623141
case_796,b,2025-02-24 19:28:10.623172
case_796,b,2025-02-24 19:33:10.623172
case_796,c,2025-02-24 19:38:10.623172
case_796,a,2025-02-24 19:43:10.623172
case_796,c,2025-02-24 19:48:10.623172
case_796,b,2025-02-24 19:53:10.623172
case_796,b,2025-02-24 19:58:10.623172
case_796,a,2025-02-24 20:03:10.623172
case_796,c,2025-02-24 20:08:10.623172
case_796,c,2025-02-24 20:13:10.623172
case_796,b,2025-02-24 20:18:10.623172
case_796,b,2025-02-24 20:23:10.623172
case_796,a,2025-02-24 20:28:10.623172
case_796,c,2025-02-24 20:33:10.623172
case_796,c,2025-02-24 20:38:10.623172
case_796,b,2025-02-24 20:43:10.623172
case_796,b,2025-02-24 20:48:10.623172
case_796,b,2025-02-24 20:53:10.623172
case_796,c,2025-02-24 20:58:10.623172
case_796,a,2025-02-24 21:03:10.623172
case_797,b,2025-02-24 19:28:10.623205
case_797,b,2025-02-24 19:33:10.623205
case_797,a,2025-02-24 19:38:10.623205
case_797,a,2025-02-24 19:43:10.623205
case_797,a,2025-02-24 19:48:10.623205
case_797,b,2025-02-24 19:53:10.623205
case_797,c,2025-02-24 19:58:10.623205
case_797,c,2025-02-24 20:03:10.623205
case_797,b,2025-02-24 20:08:10.623205
case_797,a,2025-02-24 20:13:10.623205
case_797,b,2025-02-24 20:18:10.623205
case_797,c,2025-02-24 20:23:10.623205
case_797,c,2025-02-24 20:28:10.623205
case_797,c,2025-02-24 20:33:10.623205
case_797,b,2025-02-24 20:38:10.623205
case_797,b,2025-02-24 20:43:10.623205
case_797,a,2025-02-24 20:48:10.623205
case_797,b,2025-02-24 20:53:10.623205
case_797,a,2025-02-24 20:58:10.623205
case_797,a,2025-02-24 21:03:10.623205
case_798,c,2025-02-24 19:28:10.623235
case_798,a,2025-02-24 19:33:10.623235
case_798,b,2025-02-24 19:38:10.623235
case_798,b,2025-02-24 19:43:10.623235
case_798,c,2025-02-24 19:48:10.623235
case_798,b,2025-02-24 19:53:10.623235
case_798,a,2025-02-24 19:58:10.623235
case_798,b,2025-02-24 20:03:10.623235
case_798,c,2025-02-24 20:08:10.623235
case_798,a,2025-02-24 20:13:10.623235
case_798,a,2025-02-24 20:18:10.623235
case_798,a,2025-02-24 20:23:10.623235
case_798,a,2025-02-24 20:28:10.623235
case_798,b,2025-02-24 20:33:10.623235
case_798,b,2025-02-24 20:38:10.623235
case_798,c,2025-02-24 20:43:10.623235
case_798,a,2025-02-24 20:48:10.623235
case_798,c,2025-02-24 20:53:10.623235
case_798,c,2025-02-24 20:58:10.623235
case_798,a,2025-02-24 21:03:10.623235
case_799,a,2025-02-24 19:28:10.623267
case_799,b,2025-02-24 19:33:10.623267
case_799,c,2025-02-24 19:38:10.623267
case_799,a,2025-02-24 19:43:10.623267
case_799,a,2025-02-24 19:48:10.623267
case_799,b,2025-02-24 19:53:10.623267
case_799,c,2025-02-24 19:58:10.623267
case_799,c,2025-02-24 20:03:10.623267
case_799,a,2025-02-24 20:08:10.623267
case_799,a,2025-02-24 20:13:10.623267
case_799,b,2025-02-24 20:18:10.623267
case_799,a,2025-02-24 20:23:10.623267
case_799,a,2025-02-24 20:28:10.623267
case_799,c,2025-02-24 20:33:10.623267
case_799,b,2025-02-24 20:38:10.623267
case_799,a,2025-02-24 20:43:10.623267
case_799,c,2025-02-24 20:48:10.623267
case_799,b,2025-02-24 20:53:10.623267
case_799,a,2025-02-24 20:58:10.623267
case_799,b,2025-02-24 21:03:10.623267
case_800,c,2025-02-24 19:28:10.623297
case_800,a,2025-02-24 19:33:10.623297
case_800,a,2025-02-24 19:38:10.623297
case_800,a,2025-02-24 19:43:10.623297
case_800,a,2025-02-24 19:48:10.623297
case_800,c,2025-02-24 19:53:10.623297
case_800,a,2025-02-24 19:58:10.623297
case_800,a,2025-02-24 20:03:10.623297
case_800,c,2025-02-24 20:08:10.623297
case_800,c,2025-02-24 20:13:10.623297
case_800,c,2025-02-24 20:18:10.623297
case_800,b,2025-02-24 20:23:10.623297
case_800,b,2025-02-24 20:28:10.623297
case_800,b,2025-02-24 20:33:10.623297
case_800,b,2025-02-24 20:38:10.623297
case_800,c,2025-02-24 20:43:10.623297
case_800,c,2025-02-24 20:48:10.623297
case_800,b,2025-02-24 20:53:10.623297
case_800,b,2025-02-24 20:58:10.623297
case_800,a,2025-02-24 21:03:10.623297
case_801,c,2025-02-24 19:28:10.623331
case_801,c,2025-02-24 19:33:10.623331
case_801,b,2025-02-24 19:38:10.623331
case_801,b,2025-02-24 19:43:10.623331
case_801,a,2025-02-24 19:48:10.623331
case_801,c,2025-02-24 19:53:10.623331
case_801,c,2025-02-24 19:58:10.623331
case_801,b,2025-02-24 20:03:10.623331
case_801,b,2025-02-24 20:08:10.623331
case_801,b,2025-02-24 20:13:10.623331
case_801,b,2025-02-24 20:18:10.623331
case_801,a,2025-02-24 20:23:10.623331
case_801,b,2025-02-24 20:28:10.623331
case_801,b,2025-02-24 20:33:10.623331
case_801,a,2025-02-24 20:38:10.623331
case_801,c,2025-02-24 20:43:10.623331
case_801,a,2025-02-24 20:48:10.623331
case_801,a,2025-02-24 20:53:10.623331
case_801,a,2025-02-24 20:58:10.623331
case_801,b,2025-02-24 21:03:10.623331
case_802,c,2025-02-24 19:28:10.623363
case_802,b,2025-02-24 19:33:10.623363
case_802,c,2025-02-24 19:38:10.623363
case_802,c,2025-02-24 19:43:10.623363
case_802,b,2025-02-24 19:48:10.623363
case_802,a,2025-02-24 19:53:10.623363
case_802,a,2025-02-24 19:58:10.623363
case_802,b,2025-02-24 20:03:10.623363
case_802,b,2025-02-24 20:08:10.623363
case_802,a,2025-02-24 20:13:10.623363
case_802,b,2025-02-24 20:18:10.623363
case_802,c,2025-02-24 20:23:10.623363
case_802,a,2025-02-24 20:28:10.623363
case_802,c,2025-02-24 20:33:10.623363
case_802,a,2025-02-24 20:38:10.623363
case_802,a,2025-02-24 20:43:10.623363
case_802,b,2025-02-24 20:48:10.623363
case_802,c,2025-02-24 20:53:10.623363
case_802,a,2025-02-24 20:58:10.623363
case_802,a,2025-02-24 21:03:10.623363
case_803,a,2025-02-24 19:28:10.623393
case_803,c,2025-02-24 19:33:10.623393
case_803,b,2025-02-24 19:38:10.623393
case_803,a,2025-02-24 19:43:10.623393
case_803,c,2025-02-24 19:48:10.623393
case_803,c,2025-02-24 19:53:10.623393
case_803,a,2025-02-24 19:58:10.623393
case_803,b,2025-02-24 20:03:10.623393
case_803,a,2025-02-24 20:08:10.623393
case_803,b,2025-02-24 20:13:10.623393
case_803,c,2025-02-24 20:18:10.623393
case_803,b,2025-02-24 20:23:10.623393
case_803,b,2025-02-24 20:28:10.623393
case_803,b,2025-02-24 20:33:10.623393
case_803,b,2025-02-24 20:38:10.623393
case_803,b,2025-02-24 20:43:10.623393
case_803,a,2025-02-24 20:48:10.623393
case_803,c,2025-02-24 20:53:10.623393
case_803,c,2025-02-24 20:58:10.623393
case_803,a,2025-02-24 21:03:10.623393
case_804,c,2025-02-24 19:28:10.623424
case_804,a,2025-02-24 19:33:10.623424
case_804,b,2025-02-24 19:38:10.623424
case_804,a,2025-02-24 19:43:10.623424
case_804,a,2025-02-24 19:48:10.623424
case_804,a,2025-02-24 19:53:10.623424
case_804,c,2025-02-24 19:58:10.623424
case_804,a,2025-02-24 20:03:10.623424
case_804,c,2025-02-24 20:08:10.623424
case_804,b,2025-02-24 20:13:10.623424
case_804,c,2025-02-24 20:18:10.623424
case_804,a,2025-02-24 20:23:10.623424
case_804,a,2025-02-24 20:28:10.623424
case_804,c,2025-02-24 20:33:10.623424
case_804,a,2025-02-24 20:38:10.623424
case_804,c,2025-02-24 20:43:10.623424
case_804,c,2025-02-24 20:48:10.623424
case_804,a,2025-02-24 20:53:10.623424
case_804,a,2025-02-24 20:58:10.623424
case_804,b,2025-02-24 21:03:10.623424
case_805,b,2025-02-24 19:28:10.623455
case_805,c,2025-02-24 19:33:10.623455
case_805,b,2025-02-24 19:38:10.623455
case_805,a,2025-02-24 19:43:10.623455
case_805,b,2025-02-24 19:48:10.623455
case_805,c,2025-02-24 19:53:10.623455
case_805,c,2025-02-24 19:58:10.623455
case_805,c,2025-02-24 20:03:10.623455
case_805,a,2025-02-24 20:08:10.623455
case_805,b,2025-02-24 20:13:10.623455
case_805,b,2025-02-24 20:18:10.623455
case_805,b,2025-02-24 20:23:10.623455
case_805,c,2025-02-24 20:28:10.623455
case_805,c,2025-02-24 20:33:10.623455
case_805,b,2025-02-24 20:38:10.623455
case_805,b,2025-02-24 20:43:10.623455
case_805,c,2025-02-24 20:48:10.623455
case_805,b,2025-02-24 20:53:10.623455
case_805,a,2025-02-24 20:58:10.623455
case_805,a,2025-02-24 21:03:10.623455
case_806,a,2025-02-24 19:28:10.623486
case_806,c,2025-02-24 19:33:10.623486
case_806,a,2025-02-24 19:38:10.623486
case_806,a,2025-02-24 19:43:10.623486
case_806,a,2025-02-24 19:48:10.623486
case_806,b,2025-02-24 19:53:10.623486
case_806,b,2025-02-24 19:58:10.623486
case_806,b,2025-02-24 20:03:10.623486
case_806,c,2025-02-24 20:08:10.623486
case_806,c,2025-02-24 20:13:10.623486
case_806,b,2025-02-24 20:18:10.623486
case_806,c,2025-02-24 20:23:10.623486
case_806,b,2025-02-24 20:28:10.623486
case_806,b,2025-02-24 20:33:10.623486
case_806,c,2025-02-24 20:38:10.623486
case_806,a,2025-02-24 20:43:10.623486
case_806,c,2025-02-24 20:48:10.623486
case_806,c,2025-02-24 20:53:10.623486
case_806,b,2025-02-24 20:58:10.623486
case_806,a,2025-02-24 21:03:10.623486
case_807,c,2025-02-24 19:28:10.623518
case_807,b,2025-02-24 19:33:10.623518
case_807,a,2025-02-24 19:38:10.623518
case_807,b,2025-02-24 19:43:10.623518
case_807,b,2025-02-24 19:48:10.623518
case_807,b,2025-02-24 19:53:10.623518
case_807,a,2025-02-24 19:58:10.623518
case_807,a,2025-02-24 20:03:10.623518
case_807,b,2025-02-24 20:08:10.623518
case_807,b,2025-02-24 20:13:10.623518
case_807,c,2025-02-24 20:18:10.623518
case_807,a,2025-02-24 20:23:10.623518
case_807,a,2025-02-24 20:28:10.623518
case_807,b,2025-02-24 20:33:10.623518
case_807,c,2025-02-24 20:38:10.623518
case_807,c,2025-02-24 20:43:10.623518
case_807,c,2025-02-24 20:48:10.623518
case_807,a,2025-02-24 20:53:10.623518
case_807,b,2025-02-24 20:58:10.623518
case_807,b,2025-02-24 21:03:10.623518
case_808,a,2025-02-24 19:28:10.623548
case_808,c,2025-02-24 19:33:10.623548
case_808,b,2025-02-24 19:38:10.623548
case_808,a,2025-02-24 19:43:10.623548
case_808,c,2025-02-24 19:48:10.623548
case_808,c,2025-02-24 19:53:10.623548
case_808,b,2025-02-24 19:58:10.623548
case_808,b,2025-02-24 20:03:10.623548
case_808,a,2025-02-24 20:08:10.623548
case_808,a,2025-02-24 20:13:10.623548
case_808,b,2025-02-24 20:18:10.623548
case_808,c,2025-02-24 20:23:10.623548
case_808,c,2025-02-24 20:28:10.623548
case_808,b,2025-02-24 20:33:10.623548
case_808,a,2025-02-24 20:38:10.623548
case_808,b,2025-02-24 20:43:10.623548
case_808,a,2025-02-24 20:48:10.623548
case_808,b,2025-02-24 20:53:10.623548
case_808,c,2025-02-24 20:58:10.623548
case_808,a,2025-02-24 21:03:10.623548
case_809,a,2025-02-24 19:28:10.623580
case_809,b,2025-02-24 19:33:10.623580
case_809,b,2025-02-24 19:38:10.623580
case_809,b,2025-02-24 19:43:10.623580
case_809,b,2025-02-24 19:48:10.623580
case_809,a,2025-02-24 19:53:10.623580
case_809,c,2025-02-24 19:58:10.623580
case_809,c,2025-02-24 20:03:10.623580
case_809,c,2025-02-24 20:08:10.623580
case_809,a,2025-02-24 20:13:10.623580
case_809,c,2025-02-24 20:18:10.623580
case_809,b,2025-02-24 20:23:10.623580
case_809,b,2025-02-24 20:28:10.623580
case_809,c,2025-02-24 20:33:10.623580
case_809,a,2025-02-24 20:38:10.623580
case_809,b,2025-02-24 20:43:10.623580
case_809,b,2025-02-24 20:48:10.623580
case_809,c,2025-02-24 20:53:10.623580
case_809,c,2025-02-24 20:58:10.623580
case_809,a,2025-02-24 21:03:10.623580
case_810,a,2025-02-24 19:28:10.623611
case_810,a,2025-02-24 19:33:10.623611
case_810,c,2025-02-24 19:38:10.623611
case_810,c,2025-02-24 19:43:10.623611
case_810,b,2025-02-24 19:48:10.623611
case_810,a,2025-02-24 19:53:10.623611
case_810,b,2025-02-24 19:58:10.623611
case_810,c,2025-02-24 20:03:10.623611
case_810,a,2025-02-24 20:08:10.623611
case_810,b,2025-02-24 20:13:10.623611
case_810,b,2025-02-24 20:18:10.623611
case_810,c,2025-02-24 20:23:10.623611
case_810,c,2025-02-24 20:28:10.623611
case_810,a,2025-02-24 20:33:10.623611
case_810,b,2025-02-24 20:38:10.623611
case_810,b,2025-02-24 20:43:10.623611
case_810,a,2025-02-24 20:48:10.623611
case_810,b,2025-02-24 20:53:10.623611
case_810,c,2025-02-24 20:58:10.623611
case_810,a,2025-02-24 21:03:10.623611
case_811,b,2025-02-24 19:28:10.623642
case_811,a,2025-02-24 19:33:10.623642
case_811,a,2025-02-24 19:38:10.623642
case_811,a,2025-02-24 19:43:10.623642
case_811,a,2025-02-24 19:48:10.623642
case_811,a,2025-02-24 19:53:10.623642
case_811,c,2025-02-24 19:58:10.623642
case_811,c,2025-02-24 20:03:10.623642
case_811,b,2025-02-24 20:08:10.623642
case_811,a,2025-02-24 20:13:10.623642
case_811,b,2025-02-24 20:18:10.623642
case_811,a,2025-02-24 20:23:10.623642
case_811,a,2025-02-24 20:28:10.623642
case_811,c,2025-02-24 20:33:10.623642
case_811,b,2025-02-24 20:38:10.623642
case_811,c,2025-02-24 20:43:10.623642
case_811,c,2025-02-24 20:48:10.623642
case_811,b,2025-02-24 20:53:10.623642
case_811,a,2025-02-24 20:58:10.623642
case_811,a,2025-02-24 21:03:10.623642
case_812,c,2025-02-24 19:28:10.623675
case_812,c,2025-02-24 19:33:10.623675
case_812,c,2025-02-24 19:38:10.623675
case_812,c,2025-02-24 19:43:10.623675
case_812,c,2025-02-24 19:48:10.623675
case_812,c,2025-02-24 19:53:10.623675
case_812,b,2025-02-24 19:58:10.623675
case_812,a,2025-02-24 20:03:10.623675
case_812,c,2025-02-24 20:08:10.623675
case_812,c,2025-02-24 20:13:10.623675
case_812,b,2025-02-24 20:18:10.623675
case_812,b,2025-02-24 20:23:10.623675
case_812,b,2025-02-24 20:28:10.623675
case_812,c,2025-02-24 20:33:10.623675
case_812,b,2025-02-24 20:38:10.623675
case_812,c,2025-02-24 20:43:10.623675
case_812,c,2025-02-24 20:48:10.623675
case_812,b,2025-02-24 20:53:10.623675
case_812,b,2025-02-24 20:58:10.623675
case_812,a,2025-02-24 21:03:10.623675
case_813,c,2025-02-24 19:28:10.623706
case_813,a,2025-02-24 19:33:10.623706
case_813,b,2025-02-24 19:38:10.623706
case_813,b,2025-02-24 19:43:10.623706
case_813,c,2025-02-24 19:48:10.623706
case_813,c,2025-02-24 19:53:10.623706
case_813,b,2025-02-24 19:58:10.623706
case_813,c,2025-02-24 20:03:10.623706
case_813,a,2025-02-24 20:08:10.623706
case_813,b,2025-02-24 20:13:10.623706
case_813,a,2025-02-24 20:18:10.623706
case_813,b,2025-02-24 20:23:10.623706
case_813,b,2025-02-24 20:28:10.623706
case_813,b,2025-02-24 20:33:10.623706
case_813,b,2025-02-24 20:38:10.623706
case_813,b,2025-02-24 20:43:10.623706
case_813,b,2025-02-24 20:48:10.623706
case_813,a,2025-02-24 20:53:10.623706
case_813,c,2025-02-24 20:58:10.623706
case_813,a,2025-02-24 21:03:10.623706
case_814,c,2025-02-24 19:28:10.623737
case_814,c,2025-02-24 19:33:10.623737
case_814,a,2025-02-24 19:38:10.623737
case_814,b,2025-02-24 19:43:10.623737
case_814,b,2025-02-24 19:48:10.623737
case_814,b,2025-02-24 19:53:10.623737
case_814,a,2025-02-24 19:58:10.623737
case_814,a,2025-02-24 20:03:10.623737
case_814,b,2025-02-24 20:08:10.623737
case_814,c,2025-02-24 20:13:10.623737
case_814,c,2025-02-24 20:18:10.623737
case_814,c,2025-02-24 20:23:10.623737
case_814,c,2025-02-24 20:28:10.623737
case_814,b,2025-02-24 20:33:10.623737
case_814,b,2025-02-24 20:38:10.623737
case_814,c,2025-02-24 20:43:10.623737
case_814,a,2025-02-24 20:48:10.623737
case_814,b,2025-02-24 20:53:10.623737
case_814,a,2025-02-24 20:58:10.623737
case_814,a,2025-02-24 21:03:10.623737
case_815,b,2025-02-24 19:28:10.623768
case_815,b,2025-02-24 19:33:10.623768
case_815,b,2025-02-24 19:38:10.623768
case_815,a,2025-02-24 19:43:10.623768
case_815,a,2025-02-24 19:48:10.623768
case_815,b,2025-02-24 19:53:10.623768
case_815,c,2025-02-24 19:58:10.623768
case_815,b,2025-02-24 20:03:10.623768
case_815,b,2025-02-24 20:08:10.623768
case_815,b,2025-02-24 20:13:10.623768
case_815,a,2025-02-24 20:18:10.623768
case_815,c,2025-02-24 20:23:10.623768
case_815,a,2025-02-24 20:28:10.623768
case_815,c,2025-02-24 20:33:10.623768
case_815,b,2025-02-24 20:38:10.623768
case_815,c,2025-02-24 20:43:10.623768
case_815,c,2025-02-24 20:48:10.623768
case_815,b,2025-02-24 20:53:10.623768
case_815,b,2025-02-24 20:58:10.623768
case_815,a,2025-02-24 21:03:10.623768
case_816,b,2025-02-24 19:28:10.623798
case_816,a,2025-02-24 19:33:10.623798
case_816,c,2025-02-24 19:38:10.623798
case_816,a,2025-02-24 19:43:10.623798
case_816,c,2025-02-24 19:48:10.623798
case_816,a,2025-02-24 19:53:10.623798
case_816,b,2025-02-24 19:58:10.623798
case_816,b,2025-02-24 20:03:10.623798
case_816,c,2025-02-24 20:08:10.623798
case_816,b,2025-02-24 20:13:10.623798
case_816,c,2025-02-24 20:18:10.623798
case_816,b,2025-02-24 20:23:10.623798
case_816,b,2025-02-24 20:28:10.623798
case_816,b,2025-02-24 20:33:10.623798
case_816,a,2025-02-24 20:38:10.623798
case_816,a,2025-02-24 20:43:10.623798
case_816,a,2025-02-24 20:48:10.623798
case_816,c,2025-02-24 20:53:10.623798
case_816,c,2025-02-24 20:58:10.623798
case_816,a,2025-02-24 21:03:10.623798
case_817,c,2025-02-24 19:28:10.623830
case_817,b,2025-02-24 19:33:10.623830
case_817,c,2025-02-24 19:38:10.623830
case_817,a,2025-02-24 19:43:10.623830
case_817,a,2025-02-24 19:48:10.623830
case_817,c,2025-02-24 19:53:10.623830
case_817,c,2025-02-24 19:58:10.623830
case_817,a,2025-02-24 20:03:10.623830
case_817,b,2025-02-24 20:08:10.623830
case_817,a,2025-02-24 20:13:10.623830
case_817,b,2025-02-24 20:18:10.623830
case_817,b,2025-02-24 20:23:10.623830
case_817,b,2025-02-24 20:28:10.623830
case_817,b,2025-02-24 20:33:10.623830
case_817,a,2025-02-24 20:38:10.623830
case_817,c,2025-02-24 20:43:10.623830
case_817,c,2025-02-24 20:48:10.623830
case_817,b,2025-02-24 20:53:10.623830
case_817,c,2025-02-24 20:58:10.623830
case_817,a,2025-02-24 21:03:10.623830
case_818,b,2025-02-24 19:28:10.623862
case_818,c,2025-02-24 19:33:10.623862
case_818,a,2025-02-24 19:38:10.623862
case_818,b,2025-02-24 19:43:10.623862
case_818,c,2025-02-24 19:48:10.623862
case_818,b,2025-02-24 19:53:10.623862
case_818,c,2025-02-24 19:58:10.623862
case_818,a,2025-02-24 20:03:10.623862
case_818,c,2025-02-24 20:08:10.623862
case_818,b,2025-02-24 20:13:10.623862
case_818,a,2025-02-24 20:18:10.623862
case_818,b,2025-02-24 20:23:10.623862
case_818,a,2025-02-24 20:28:10.623862
case_818,a,2025-02-24 20:33:10.623862
case_818,c,2025-02-24 20:38:10.623862
case_818,b,2025-02-24 20:43:10.623862
case_818,b,2025-02-24 20:48:10.623862
case_818,c,2025-02-24 20:53:10.623862
case_818,c,2025-02-24 20:58:10.623862
case_818,a,2025-02-24 21:03:10.623862
case_819,c,2025-02-24 19:28:10.623892
case_819,c,2025-02-24 19:33:10.623892
case_819,a,2025-02-24 19:38:10.623892
case_819,b,2025-02-24 19:43:10.623892
case_819,b,2025-02-24 19:48:10.623892
case_819,b,2025-02-24 19:53:10.623892
case_819,a,2025-02-24 19:58:10.623892
case_819,b,2025-02-24 20:03:10.623892
case_819,b,2025-02-24 20:08:10.623892
case_819,c,2025-02-24 20:13:10.623892
case_819,b,2025-02-24 20:18:10.623892
case_819,a,2025-02-24 20:23:10.623892
case_819,b,2025-02-24 20:28:10.623892
case_819,c,2025-02-24 20:33:10.623892
case_819,b,2025-02-24 20:38:10.623892
case_819,b,2025-02-24 20:43:10.623892
case_819,b,2025-02-24 20:48:10.623892
case_819,a,2025-02-24 20:53:10.623892
case_819,a,2025-02-24 20:58:10.623892
case_819,b,2025-02-24 21:03:10.623892
case_820,c,2025-02-24 19:28:10.623924
case_820,a,2025-02-24 19:33:10.623924
case_820,b,2025-02-24 19:38:10.623924
case_820,c,2025-02-24 19:43:10.623924
case_820,a,2025-02-24 19:48:10.623924
case_820,b,2025-02-24 19:53:10.623924
case_820,a,2025-02-24 19:58:10.623924
case_820,a,2025-02-24 20:03:10.623924
case_820,c,2025-02-24 20:08:10.623924
case_820,b,2025-02-24 20:13:10.623924
case_820,c,2025-02-24 20:18:10.623924
case_820,c,2025-02-24 20:23:10.623924
case_820,b,2025-02-24 20:28:10.623924
case_820,b,2025-02-24 20:33:10.623924
case_820,b,2025-02-24 20:38:10.623924
case_820,c,2025-02-24 20:43:10.623924
case_820,b,2025-02-24 20:48:10.623924
case_820,b,2025-02-24 20:53:10.623924
case_820,a,2025-02-24 20:58:10.623924
case_820,a,2025-02-24 21:03:10.623924
case_821,c,2025-02-24 19:28:10.623954
case_821,c,2025-02-24 19:33:10.623954
case_821,a,2025-02-24 19:38:10.623954
case_821,a,2025-02-24 19:43:10.623954
case_821,b,2025-02-24 19:48:10.623954
case_821,a,2025-02-24 19:53:10.623954
case_821,a,2025-02-24 19:58:10.623954
case_821,b,2025-02-24 20:03:10.623954
case_821,c,2025-02-24 20:08:10.623954
case_821,c,2025-02-24 20:13:10.623954
case_821,c,2025-02-24 20:18:10.623954
case_821,a,2025-02-24 20:23:10.623954
case_821,b,2025-02-24 20:28:10.623954
case_821,c,2025-02-24 20:33:10.623954
case_821,b,2025-02-24 20:38:10.623954
case_821,c,2025-02-24 20:43:10.623954
case_821,c,2025-02-24 20:48:10.623954
case_821,b,2025-02-24 20:53:10.623954
case_821,b,2025-02-24 20:58:10.623954
case_821,a,2025-02-24 21:03:10.623954
case_822,c,2025-02-24 19:28:10.623986
case_822,c,2025-02-24 19:33:10.623986
case_822,b,2025-02-24 19:38:10.623986
case_822,b,2025-02-24 19:43:10.623986
case_822,b,2025-02-24 19:48:10.623986
case_822,a,2025-02-24 19:53:10.623986
case_822,a,2025-02-24 19:58:10.623986
case_822,b,2025-02-24 20:03:10.623986
case_822,c,2025-02-24 20:08:10.623986
case_822,b,2025-02-24 20:13:10.623986
case_822,b,2025-02-24 20:18:10.623986
case_822,c,2025-02-24 20:23:10.623986
case_822,a,2025-02-24 20:28:10.623986
case_822,a,2025-02-24 20:33:10.623986
case_822,c,2025-02-24 20:38:10.623986
case_822,c,2025-02-24 20:43:10.623986
case_822,c,2025-02-24 20:48:10.623986
case_822,a,2025-02-24 20:53:10.623986
case_822,c,2025-02-24 20:58:10.623986
case_822,a,2025-02-24 21:03:10.623986
case_823,b,2025-02-24 19:28:10.624017
case_823,c,2025-02-24 19:33:10.624017
case_823,c,2025-02-24 19:38:10.624017
case_823,c,2025-02-24 19:43:10.624017
case_823,b,2025-02-24 19:48:10.624017
case_823,b,2025-02-24 19:53:10.624017
case_823,a,2025-02-24 19:58:10.624017
case_823,b,2025-02-24 20:03:10.624017
case_823,b,2025-02-24 20:08:10.624017
case_823,c,2025-02-24 20:13:10.624017
case_823,c,2025-02-24 20:18:10.624017
case_823,c,2025-02-24 20:23:10.624017
case_823,b,2025-02-24 20:28:10.624017
case_823,a,2025-02-24 20:33:10.624017
case_823,c,2025-02-24 20:38:10.624017
case_823,a,2025-02-24 20:43:10.624017
case_823,b,2025-02-24 20:48:10.624017
case_823,c,2025-02-24 20:53:10.624017
case_823,b,2025-02-24 20:58:10.624017
case_823,a,2025-02-24 21:03:10.624017
case_824,c,2025-02-24 19:28:10.624047
case_824,c,2025-02-24 19:33:10.624047
case_824,a,2025-02-24 19:38:10.624047
case_824,a,2025-02-24 19:43:10.624047
case_824,a,2025-02-24 19:48:10.624047
case_824,a,2025-02-24 19:53:10.624047
case_824,a,2025-02-24 19:58:10.624047
case_824,a,2025-02-24 20:03:10.624047
case_824,a,2025-02-24 20:08:10.624047
case_824,c,2025-02-24 20:13:10.624047
case_824,a,2025-02-24 20:18:10.624047
case_824,c,2025-02-24 20:23:10.624047
case_824,c,2025-02-24 20:28:10.624047
case_824,c,2025-02-24 20:33:10.624047
case_824,a,2025-02-24 20:38:10.624047
case_824,c,2025-02-24 20:43:10.624047
case_824,a,2025-02-24 20:48:10.624047
case_824,a,2025-02-24 20:53:10.624047
case_824,a,2025-02-24 20:58:10.624047
case_824,b,2025-02-24 21:03:10.624047
case_825,c,2025-02-24 19:28:10.624078
case_825,b,2025-02-24 19:33:10.624078
case_825,c,2025-02-24 19:38:10.624078
case_825,c,2025-02-24 19:43:10.624078
case_825,a,2025-02-24 19:48:10.624078
case_825,b,2025-02-24 19:53:10.624078
case_825,a,2025-02-24 19:58:10.624078
case_825,a,2025-02-24 20:03:10.624078
case_825,b,2025-02-24 20:08:10.624078
case_825,b,2025-02-24 20:13:10.624078
case_825,a,2025-02-24 20:18:10.624078
case_825,b,2025-02-24 20:23:10.624078
case_825,c,2025-02-24 20:28:10.624078
case_825,a,2025-02-24 20:33:10.624078
case_825,b,2025-02-24 20:38:10.624078
case_825,a,2025-02-24 20:43:10.624078
case_825,c,2025-02-24 20:48:10.624078
case_825,a,2025-02-24 20:53:10.624078
case_825,a,2025-02-24 20:58:10.624078
case_825,a,2025-02-24 21:03:10.624078
case_826,a,2025-02-24 19:28:10.624109
case_826,c,2025-02-24 19:33:10.624109
case_826,b,2025-02-24 19:38:10.624109
case_826,c,2025-02-24 19:43:10.624109
case_826,c,2025-02-24 19:48:10.624109
case_826,a,2025-02-24 19:53:10.624109
case_826,b,2025-02-24 19:58:10.624109
case_826,b,2025-02-24 20:03:10.624109
case_826,a,2025-02-24 20:08:10.624109
case_826,c,2025-02-24 20:13:10.624109
case_826,b,2025-02-24 20:18:10.624109
case_826,a,2025-02-24 20:23:10.624109
case_826,c,2025-02-24 20:28:10.624109
case_826,a,2025-02-24 20:33:10.624109
case_826,a,2025-02-24 20:38:10.624109
case_826,a,2025-02-24 20:43:10.624109
case_826,b,2025-02-24 20:48:10.624109
case_826,b,2025-02-24 20:53:10.624109
case_826,a,2025-02-24 20:58:10.624109
case_826,b,2025-02-24 21:03:10.624109
case_827,a,2025-02-24 19:28:10.624141
case_827,b,2025-02-24 19:33:10.624141
case_827,b,2025-02-24 19:38:10.624141
case_827,c,2025-02-24 19:43:10.624141
case_827,c,2025-02-24 19:48:10.624141
case_827,b,2025-02-24 19:53:10.624141
case_827,a,2025-02-24 19:58:10.624141
case_827,c,2025-02-24 20:03:10.624141
case_827,b,2025-02-24 20:08:10.624141
case_827,b,2025-02-24 20:13:10.624141
case_827,c,2025-02-24 20:18:10.624141
case_827,b,2025-02-24 20:23:10.624141
case_827,c,2025-02-24 20:28:10.624141
case_827,c,2025-02-24 20:33:10.624141
case_827,c,2025-02-24 20:38:10.624141
case_827,b,2025-02-24 20:43:10.624141
case_827,b,2025-02-24 20:48:10.624141
case_827,c,2025-02-24 20:53:10.624141
case_827,b,2025-02-24 20:58:10.624141
case_827,a,2025-02-24 21:03:10.624141
case_828,b,2025-02-24 19:28:10.624172
case_828,b,2025-02-24 19:33:10.624172
case_828,a,2025-02-24 19:38:10.624172
case_828,a,2025-02-24 19:43:10.624172
case_828,a,2025-02-24 19:48:10.624172
case_828,a,2025-02-24 19:53:10.624172
case_828,a,2025-02-24 19:58:10.624172
case_828,b,2025-02-24 20:03:10.624172
case_828,c,2025-02-24 20:08:10.624172
case_828,b,2025-02-24 20:13:10.624172
case_828,c,2025-02-24 20:18:10.624172
case_828,b,2025-02-24 20:23:10.624172
case_828,b,2025-02-24 20:28:10.624172
case_828,a,2025-02-24 20:33:10.624172
case_828,c,2025-02-24 20:38:10.624172
case_828,a,2025-02-24 20:43:10.624172
case_828,c,2025-02-24 20:48:10.624172
case_828,c,2025-02-24 20:53:10.624172
case_828,a,2025-02-24 20:58:10.624172
case_828,a,2025-02-24 21:03:10.624172
case_829,c,2025-02-24 19:28:10.624204
case_829,a,2025-02-24 19:33:10.624204
case_829,c,2025-02-24 19:38:10.624204
case_829,b,2025-02-24 19:43:10.624204
case_829,b,2025-02-24 19:48:10.624204
case_829,a,2025-02-24 19:53:10.624204
case_829,a,2025-02-24 19:58:10.624204
case_829,a,2025-02-24 20:03:10.624204
case_829,a,2025-02-24 20:08:10.624204
case_829,b,2025-02-24 20:13:10.624204
case_829,a,2025-02-24 20:18:10.624204
case_829,b,2025-02-24 20:23:10.624204
case_829,c,2025-02-24 20:28:10.624204
case_829,b,2025-02-24 20:33:10.624204
case_829,b,2025-02-24 20:38:10.624204
case_829,a,2025-02-24 20:43:10.624204
case_829,c,2025-02-24 20:48:10.624204
case_829,c,2025-02-24 20:53:10.624204
case_829,b,2025-02-24 20:58:10.624204
case_829,a,2025-02-24 21:03:10.624204
case_830,c,2025-02-24 19:28:10.624236
case_830,a,2025-02-24 19:33:10.624236
case_830,a,2025-02-24 19:38:10.624236
case_830,c,2025-02-24 19:43:10.624236
case_830,b,2025-02-24 19:48:10.624236
case_830,a,2025-02-24 19:53:10.624236
case_830,a,2025-02-24 19:58:10.624236
case_830,a,2025-02-24 20:03:10.624236
case_830,c,2025-02-24 20:08:10.624236
case_830,c,2025-02-24 20:13:10.624236
case_830,a,2025-02-24 20:18:10.624236
case_830,a,2025-02-24 20:23:10.624236
case_830,a,2025-02-24 20:28:10.624236
case_830,c,2025-02-24 20:33:10.624236
case_830,c,2025-02-24 20:38:10.624236
case_830,b,2025-02-24 20:43:10.624236
case_830,b,2025-02-24 20:48:10.624236
case_830,c,2025-02-24 20:53:10.624236
case_830,c,2025-02-24 20:58:10.624236
case_830,a,2025-02-24 21:03:10.624236
case_831,a,2025-02-24 19:28:10.624266
case_831,c,2025-02-24 19:33:10.624266
case_831,a,2025-02-24 19:38:10.624266
case_831,c,2025-02-24 19:43:10.624266
case_831,c,2025-02-24 19:48:10.624266
case_831,c,2025-02-24 19:53:10.624266
case_831,b,2025-02-24 19:58:10.624266
case_831,c,2025-02-24 20:03:10.624266
case_831,b,2025-02-24 20:08:10.624266
case_831,c,2025-02-24 20:13:10.624266
case_831,c,2025-02-24 20:18:10.624266
case_831,a,2025-02-24 20:23:10.624266
case_831,a,2025-02-24 20:28:10.624266
case_831,a,2025-02-24 20:33:10.624266
case_831,a,2025-02-24 20:38:10.624266
case_831,b,2025-02-24 20:43:10.624266
case_831,a,2025-02-24 20:48:10.624266
case_831,a,2025-02-24 20:53:10.624266
case_831,c,2025-02-24 20:58:10.624266
case_831,a,2025-02-24 21:03:10.624266
case_832,b,2025-02-24 19:28:10.624298
case_832,c,2025-02-24 19:33:10.624298
case_832,b,2025-02-24 19:38:10.624298
case_832,b,2025-02-24 19:43:10.624298
case_832,c,2025-02-24 19:48:10.624298
case_832,a,2025-02-24 19:53:10.624298
case_832,b,2025-02-24 19:58:10.624298
case_832,c,2025-02-24 20:03:10.624298
case_832,b,2025-02-24 20:08:10.624298
case_832,b,2025-02-24 20:13:10.624298
case_832,c,2025-02-24 20:18:10.624298
case_832,c,2025-02-24 20:23:10.624298
case_832,b,2025-02-24 20:28:10.624298
case_832,a,2025-02-24 20:33:10.624298
case_832,b,2025-02-24 20:38:10.624298
case_832,b,2025-02-24 20:43:10.624298
case_832,b,2025-02-24 20:48:10.624298
case_832,a,2025-02-24 20:53:10.624298
case_832,c,2025-02-24 20:58:10.624298
case_832,a,2025-02-24 21:03:10.624298
case_833,b,2025-02-24 19:28:10.624331
case_833,a,2025-02-24 19:33:10.624331
case_833,a,2025-02-24 19:38:10.624331
case_833,c,2025-02-24 19:43:10.624331
case_833,b,2025-02-24 19:48:10.624331
case_833,c,2025-02-24 19:53:10.624331
case_833,c,2025-02-24 19:58:10.624331
case_833,b,2025-02-24 20:03:10.624331
case_833,c,2025-02-24 20:08:10.624331
case_833,c,2025-02-24 20:13:10.624331
case_833,a,2025-02-24 20:18:10.624331
case_833,a,2025-02-24 20:23:10.624331
case_833,c,2025-02-24 20:28:10.624331
case_833,c,2025-02-24 20:33:10.624331
case_833,c,2025-02-24 20:38:10.624331
case_833,b,2025-02-24 20:43:10.624331
case_833,b,2025-02-24 20:48:10.624331
case_833,b,2025-02-24 20:53:10.624331
case_833,b,2025-02-24 20:58:10.624331
case_833,a,2025-02-24 21:03:10.624331
case_834,b,2025-02-24 19:28:10.624362
case_834,b,2025-02-24 19:33:10.624362
case_834,a,2025-02-24 19:38:10.624362
case_834,c,2025-02-24 19:43:10.624362
case_834,b,2025-02-24 19:48:10.624362
case_834,c,2025-02-24 19:53:10.624362
case_834,a,2025-02-24 19:58:10.624362
case_834,c,2025-02-24 20:03:10.624362
case_834,b,2025-02-24 20:08:10.624362
case_834,c,2025-02-24 20:13:10.624362
case_834,c,2025-02-24 20:18:10.624362
case_834,b,2025-02-24 20:23:10.624362
case_834,b,2025-02-24 20:28:10.624362
case_834,a,2025-02-24 20:33:10.624362
case_834,b,2025-02-24 20:38:10.624362
case_834,a,2025-02-24 20:43:10.624362
case_834,b,2025-02-24 20:48:10.624362
case_834,c,2025-02-24 20:53:10.624362
case_834,b,2025-02-24 20:58:10.624362
case_834,a,2025-02-24 21:03:10.624362
case_835,c,2025-02-24 19:28:10.624394
case_835,a,2025-02-24 19:33:10.624394
case_835,a,2025-02-24 19:38:10.624394
case_835,a,2025-02-24 19:43:10.624394
case_835,c,2025-02-24 19:48:10.624394
case_835,b,2025-02-24 19:53:10.624394
case_835,c,2025-02-24 19:58:10.624394
case_835,b,2025-02-24 20:03:10.624394
case_835,b,2025-02-24 20:08:10.624394
case_835,a,2025-02-24 20:13:10.624394
case_835,c,2025-02-24 20:18:10.624394
case_835,c,2025-02-24 20:23:10.624394
case_835,c,2025-02-24 20:28:10.624394
case_835,c,2025-02-24 20:33:10.624394
case_835,a,2025-02-24 20:38:10.624394
case_835,a,2025-02-24 20:43:10.624394
case_835,b,2025-02-24 20:48:10.624394
case_835,a,2025-02-24 20:53:10.624394
case_835,c,2025-02-24 20:58:10.624394
case_835,a,2025-02-24 21:03:10.624394
case_836,a,2025-02-24 19:28:10.624425
case_836,c,2025-02-24 19:33:10.624425
case_836,b,2025-02-24 19:38:10.624425
case_836,a,2025-02-24 19:43:10.624425
case_836,a,2025-02-24 19:48:10.624425
case_836,b,2025-02-24 19:53:10.624425
case_836,a,2025-02-24 19:58:10.624425
case_836,c,2025-02-24 20:03:10.624425
case_836,a,2025-02-24 20:08:10.624425
case_836,b,2025-02-24 20:13:10.624425
case_836,a,2025-02-24 20:18:10.624425
case_836,a,2025-02-24 20:23:10.624425
case_836,b,2025-02-24 20:28:10.624425
case_836,b,2025-02-24 20:33:10.624425
case_836,b,2025-02-24 20:38:10.624425
case_836,c,2025-02-24 20:43:10.624425
case_836,a,2025-02-24 20:48:10.624425
case_836,c,2025-02-24 20:53:10.624425
case_836,c,2025-02-24 20:58:10.624425
case_836,a,2025-02-24 21:03:10.624425
case_837,a,2025-02-24 19:28:10.624456
case_837,b,2025-02-24 19:33:10.624456
case_837,a,2025-02-24 19:38:10.624456
case_837,b,2025-02-24 19:43:10.624456
case_837,c,2025-02-24 19:48:10.624456
case_837,a,2025-02-24 19:53:10.624456
case_837,c,2025-02-24 19:58:10.624456
case_837,a,2025-02-24 20:03:10.624456
case_837,a,2025-02-24 20:08:10.624456
case_837,a,2025-02-24 20:13:10.624456
case_837,a,2025-02-24 20:18:10.624456
case_837,a,2025-02-24 20:23:10.624456
case_837,c,2025-02-24 20:28:10.624456
case_837,a,2025-02-24 20:33:10.624456
case_837,c,2025-02-24 20:38:10.624456
case_837,c,2025-02-24 20:43:10.624456
case_837,b,2025-02-24 20:48:10.624456
case_837,a,2025-02-24 20:53:10.624456
case_837,b,2025-02-24 20:58:10.624456
case_837,a,2025-02-24 21:03:10.624456
case_838,b,2025-02-24 19:28:10.624487
case_838,b,2025-02-24 19:33:10.624487
case_838,c,2025-02-24 19:38:10.624487
case_838,a,2025-02-24 19:43:10.624487
case_838,a,2025-02-24 19:48:10.624487
case_838,c,2025-02-24 19:53:10.624487
case_838,a,2025-02-24 19:58:10.624487
case_838,b,2025-02-24 20:03:10.624487
case_838,c,2025-02-24 20:08:10.624487
case_838,a,2025-02-24 20:13:10.624487
case_838,a,2025-02-24 20:18:10.624487
case_838,a,2025-02-24 20:23:10.624487
case_838,a,2025-02-24 20:28:10.624487
case_838,a,2025-02-24 20:33:10.624487
case_838,c,2025-02-24 20:38:10.624487
case_838,c,2025-02-24 20:43:10.624487
case_838,b,2025-02-24 20:48:10.624487
case_838,c,2025-02-24 20:53:10.624487
case_838,c,2025-02-24 20:58:10.624487
case_838,a,2025-02-24 21:03:10.624487
case_839,c,2025-02-24 19:28:10.624517
case_839,c,2025-02-24 19:33:10.624517
case_839,a,2025-02-24 19:38:10.624517
case_839,a,2025-02-24 19:43:10.624517
case_839,c,2025-02-24 19:48:10.624517
case_839,c,2025-02-24 19:53:10.624517
case_839,b,2025-02-24 19:58:10.624517
case_839,c,2025-02-24 20:03:10.624517
case_839,c,2025-02-24 20:08:10.624517
case_839,a,2025-02-24 20:13:10.624517
case_839,a,2025-02-24 20:18:10.624517
case_839,b,2025-02-24 20:23:10.624517
case_839,c,2025-02-24 20:28:10.624517
case_839,b,2025-02-24 20:33:10.624517
case_839,c,2025-02-24 20:38:10.624517
case_839,b,2025-02-24 20:43:10.624517
case_839,a,2025-02-24 20:48:10.624517
case_839,b,2025-02-24 20:53:10.624517
case_839,b,2025-02-24 20:58:10.624517
case_839,b,2025-02-24 21:03:10.624517
case_840,b,2025-02-24 19:28:10.624550
case_840,b,2025-02-24 19:33:10.624550
case_840,a,2025-02-24 19:38:10.624550
case_840,b,2025-02-24 19:43:10.624550
case_840,b,2025-02-24 19:48:10.624550
case_840,a,2025-02-24 19:53:10.624550
case_840,b,2025-02-24 19:58:10.624550
case_840,c,2025-02-24 20:03:10.624550
case_840,c,2025-02-24 20:08:10.624550
case_840,a,2025-02-24 20:13:10.624550
case_840,b,2025-02-24 20:18:10.624550
case_840,c,2025-02-24 20:23:10.624550
case_840,a,2025-02-24 20:28:10.624550
case_840,b,2025-02-24 20:33:10.624550
case_840,b,2025-02-24 20:38:10.624550
case_840,c,2025-02-24 20:43:10.624550
case_840,a,2025-02-24 20:48:10.624550
case_840,c,2025-02-24 20:53:10.624550
case_840,b,2025-02-24 20:58:10.624550
case_840,a,2025-02-24 21:03:10.624550
case_841,a,2025-02-24 19:28:10.624581
case_841,b,2025-02-24 19:33:10.624581
case_841,b,2025-02-24 19:38:10.624581
case_841,c,2025-02-24 19:43:10.624581
case_841,b,2025-02-24 19:48:10.624581
case_841,a,2025-02-24 19:53:10.624581
case_841,a,2025-02-24 19:58:10.624581
case_841,a,2025-02-24 20:03:10.624581
case_841,a,2025-02-24 20:08:10.624581
case_841,c,2025-02-24 20:13:10.624581
case_841,b,2025-02-24 20:18:10.624581
case_841,b,2025-02-24 20:23:10.624581
case_841,c,2025-02-24 20:28:10.624581
case_841,a,2025-02-24 20:33:10.624581
case_841,c,2025-02-24 20:38:10.624581
case_841,a,2025-02-24 20:43:10.624581
case_841,b,2025-02-24 20:48:10.624581
case_841,c,2025-02-24 20:53:10.624581
case_841,c,2025-02-24 20:58:10.624581
case_841,a,2025-02-24 21:03:10.624581
case_842,b,2025-02-24 19:28:10.624611
case_842,a,2025-02-24 19:33:10.624611
case_842,c,2025-02-24 19:38:10.624611
case_842,b,2025-02-24 19:43:10.624611
case_842,c,2025-02-24 19:48:10.624611
case_842,c,2025-02-24 19:53:10.624611
case_842,c,2025-02-24 19:58:10.624611
case_842,b,2025-02-24 20:03:10.624611
case_842,b,2025-02-24 20:08:10.624611
case_842,a,2025-02-24 20:13:10.624611
case_842,c,2025-02-24 20:18:10.624611
case_842,c,2025-02-24 20:23:10.624611
case_842,b,2025-02-24 20:28:10.624611
case_842,a,2025-02-24 20:33:10.624611
case_842,c,2025-02-24 20:38:10.624611
case_842,a,2025-02-24 20:43:10.624611
case_842,b,2025-02-24 20:48:10.624611
case_842,b,2025-02-24 20:53:10.624611
case_842,b,2025-02-24 20:58:10.624611
case_842,b,2025-02-24 21:03:10.624611
case_843,c,2025-02-24 19:28:10.624643
case_843,b,2025-02-24 19:33:10.624643
case_843,a,2025-02-24 19:38:10.624643
case_843,a,2025-02-24 19:43:10.624643
case_843,c,2025-02-24 19:48:10.624643
case_843,c,2025-02-24 19:53:10.624643
case_843,c,2025-02-24 19:58:10.624643
case_843,c,2025-02-24 20:03:10.624643
case_843,a,2025-02-24 20:08:10.624643
case_843,a,2025-02-24 20:13:10.624643
case_843,c,2025-02-24 20:18:10.624643
case_843,a,2025-02-24 20:23:10.624643
case_843,b,2025-02-24 20:28:10.624643
case_843,b,2025-02-24 20:33:10.624643
case_843,c,2025-02-24 20:38:10.624643
case_843,b,2025-02-24 20:43:10.624643
case_843,c,2025-02-24 20:48:10.624643
case_843,c,2025-02-24 20:53:10.624643
case_843,c,2025-02-24 20:58:10.624643
case_843,a,2025-02-24 21:03:10.624643
case_844,a,2025-02-24 19:28:10.624673
case_844,c,2025-02-24 19:33:10.624673
case_844,a,2025-02-24 19:38:10.624673
case_844,a,2025-02-24 19:43:10.624673
case_844,b,2025-02-24 19:48:10.624673
case_844,b,2025-02-24 19:53:10.624673
case_844,a,2025-02-24 19:58:10.624673
case_844,c,2025-02-24 20:03:10.624673
case_844,a,2025-02-24 20:08:10.624673
case_844,a,2025-02-24 20:13:10.624673
case_844,b,2025-02-24 20:18:10.624673
case_844,a,2025-02-24 20:23:10.624673
case_844,a,2025-02-24 20:28:10.624673
case_844,b,2025-02-24 20:33:10.624673
case_844,b,2025-02-24 20:38:10.624673
case_844,b,2025-02-24 20:43:10.624673
case_844,c,2025-02-24 20:48:10.624673
case_844,c,2025-02-24 20:53:10.624673
case_844,a,2025-02-24 20:58:10.624673
case_844,b,2025-02-24 21:03:10.624673
case_845,c,2025-02-24 19:28:10.624705
case_845,b,2025-02-24 19:33:10.624705
case_845,c,2025-02-24 19:38:10.624705
case_845,a,2025-02-24 19:43:10.624705
case_845,b,2025-02-24 19:48:10.624705
case_845,b,2025-02-24 19:53:10.624705
case_845,c,2025-02-24 19:58:10.624705
case_845,a,2025-02-24 20:03:10.624705
case_845,a,2025-02-24 20:08:10.624705
case_845,a,2025-02-24 20:13:10.624705
case_845,b,2025-02-24 20:18:10.624705
case_845,a,2025-02-24 20:23:10.624705
case_845,b,2025-02-24 20:28:10.624705
case_845,a,2025-02-24 20:33:10.624705
case_845,c,2025-02-24 20:38:10.624705
case_845,c,2025-02-24 20:43:10.624705
case_845,a,2025-02-24 20:48:10.624705
case_845,b,2025-02-24 20:53:10.624705
case_845,c,2025-02-24 20:58:10.624705
case_845,a,2025-02-24 21:03:10.624705
case_846,c,2025-02-24 19:28:10.624736
case_846,b,2025-02-24 19:33:10.624736
case_846,c,2025-02-24 19:38:10.624736
case_846,c,2025-02-24 19:43:10.624736
case_846,b,2025-02-24 19:48:10.624736
case_846,c,2025-02-24 19:53:10.624736
case_846,b,2025-02-24 19:58:10.624736
case_846,a,2025-02-24 20:03:10.624736
case_846,b,2025-02-24 20:08:10.624736
case_846,b,2025-02-24 20:13:10.624736
case_846,b,2025-02-24 20:18:10.624736
case_846,a,2025-02-24 20:23:10.624736
case_846,c,2025-02-24 20:28:10.624736
case_846,b,2025-02-24 20:33:10.624736
case_846,c,2025-02-24 20:38:10.624736
case_846,a,2025-02-24 20:43:10.624736
case_846,a,2025-02-24 20:48:10.624736
case_846,a,2025-02-24 20:53:10.624736
case_846,a,2025-02-24 20:58:10.624736
case_846,b,2025-02-24 21:03:10.624736
case_847,c,2025-02-24 19:28:10.624767
case_847,b,2025-02-24 19:33:10.624767
case_847,c,2025-02-24 19:38:10.624767
case_847,a,2025-02-24 19:43:10.624767
case_847,a,2025-02-24 19:48:10.624767
case_847,b,2025-02-24 19:53:10.624767
case_847,b,2025-02-24 19:58:10.624767
case_847,c,2025-02-24 20:03:10.624767
case_847,b,2025-02-24 20:08:10.624767
case_847,b,2025-02-24 20:13:10.624767
case_847,c,2025-02-24 20:18:10.624767
case_847,b,2025-02-24 20:23:10.624767
case_847,c,2025-02-24 20:28:10.624767
case_847,a,2025-02-24 20:33:10.624767
case_847,a,2025-02-24 20:38:10.624767
case_847,b,2025-02-24 20:43:10.624767
case_847,a,2025-02-24 20:48:10.624767
case_847,c,2025-02-24 20:53:10.624767
case_847,c,2025-02-24 20:58:10.624767
case_847,a,2025-02-24 21:03:10.624767
case_848,c,2025-02-24 19:28:10.624798
case_848,c,2025-02-24 19:33:10.624798
case_848,b,2025-02-24 19:38:10.624798
case_848,c,2025-02-24 19:43:10.624798
case_848,c,2025-02-24 19:48:10.624798
case_848,c,2025-02-24 19:53:10.624798
case_848,c,2025-02-24 19:58:10.624798
case_848,c,2025-02-24 20:03:10.624798
case_848,a,2025-02-24 20:08:10.624798
case_848,a,2025-02-24 20:13:10.624798
case_848,b,2025-02-24 20:18:10.624798
case_848,a,2025-02-24 20:23:10.624798
case_848,c,2025-02-24 20:28:10.624798
case_848,a,2025-02-24 20:33:10.624798
case_848,c,2025-02-24 20:38:10.624798
case_848,a,2025-02-24 20:43:10.624798
case_848,a,2025-02-24 20:48:10.624798
case_848,b,2025-02-24 20:53:10.624798
case_848,c,2025-02-24 20:58:10.624798
case_848,a,2025-02-24 21:03:10.624798
case_849,c,2025-02-24 19:28:10.624829
case_849,a,2025-02-24 19:33:10.624829
case_849,a,2025-02-24 19:38:10.624829
case_849,a,2025-02-24 19:43:10.624829
case_849,a,2025-02-24 19:48:10.624829
case_849,a,2025-02-24 19:53:10.624829
case_849,a,2025-02-24 19:58:10.624829
case_849,b,2025-02-24 20:03:10.624829
case_849,b,2025-02-24 20:08:10.624829
case_849,b,2025-02-24 20:13:10.624829
case_849,a,2025-02-24 20:18:10.624829
case_849,b,2025-02-24 20:23:10.624829
case_849,c,2025-02-24 20:28:10.624829
case_849,a,2025-02-24 20:33:10.624829
case_849,b,2025-02-24 20:38:10.624829
case_849,b,2025-02-24 20:43:10.624829
case_849,c,2025-02-24 20:48:10.624829
case_849,c,2025-02-24 20:53:10.624829
case_849,b,2025-02-24 20:58:10.624829
case_849,a,2025-02-24 21:03:10.624829
case_850,a,2025-02-24 19:28:10.624861
case_850,a,2025-02-24 19:33:10.624861
case_850,b,2025-02-24 19:38:10.624861
case_850,c,2025-02-24 19:43:10.624861
case_850,b,2025-02-24 19:48:10.624861
case_850,a,2025-02-24 19:53:10.624861
case_850,b,2025-02-24 19:58:10.624861
case_850,a,2025-02-24 20:03:10.624861
case_850,b,2025-02-24 20:08:10.624861
case_850,c,2025-02-24 20:13:10.624861
case_850,b,2025-02-24 20:18:10.624861
case_850,c,2025-02-24 20:23:10.624861
case_850,b,2025-02-24 20:28:10.624861
case_850,a,2025-02-24 20:33:10.624861
case_850,c,2025-02-24 20:38:10.624861
case_850,c,2025-02-24 20:43:10.624861
case_850,c,2025-02-24 20:48:10.624861
case_850,b,2025-02-24 20:53:10.624861
case_850,c,2025-02-24 20:58:10.624861
case_850,a,2025-02-24 21:03:10.624861
case_851,c,2025-02-24 19:28:10.624893
case_851,c,2025-02-24 19:33:10.624893
case_851,b,2025-02-24 19:38:10.624893
case_851,a,2025-02-24 19:43:10.624893
case_851,b,2025-02-24 19:48:10.624893
case_851,a,2025-02-24 19:53:10.624893
case_851,c,2025-02-24 19:58:10.624893
case_851,a,2025-02-24 20:03:10.624893
case_851,c,2025-02-24 20:08:10.624893
case_851,b,2025-02-24 20:13:10.624893
case_851,a,2025-02-24 20:18:10.624893
case_851,b,2025-02-24 20:23:10.624893
case_851,a,2025-02-24 20:28:10.624893
case_851,b,2025-02-24 20:33:10.624893
case_851,c,2025-02-24 20:38:10.624893
case_851,a,2025-02-24 20:43:10.624893
case_851,c,2025-02-24 20:48:10.624893
case_851,a,2025-02-24 20:53:10.624893
case_851,c,2025-02-24 20:58:10.624893
case_851,a,2025-02-24 21:03:10.624893
case_852,a,2025-02-24 19:28:10.624924
case_852,a,2025-02-24 19:33:10.624924
case_852,b,2025-02-24 19:38:10.624924
case_852,b,2025-02-24 19:43:10.624924
case_852,a,2025-02-24 19:48:10.624924
case_852,a,2025-02-24 19:53:10.624924
case_852,a,2025-02-24 19:58:10.624924
case_852,c,2025-02-24 20:03:10.624924
case_852,a,2025-02-24 20:08:10.624924
case_852,c,2025-02-24 20:13:10.624924
case_852,a,2025-02-24 20:18:10.624924
case_852,b,2025-02-24 20:23:10.624924
case_852,a,2025-02-24 20:28:10.624924
case_852,c,2025-02-24 20:33:10.624924
case_852,c,2025-02-24 20:38:10.624924
case_852,b,2025-02-24 20:43:10.624924
case_852,b,2025-02-24 20:48:10.624924
case_852,b,2025-02-24 20:53:10.624924
case_852,c,2025-02-24 20:58:10.624924
case_852,a,2025-02-24 21:03:10.624924
case_853,c,2025-02-24 19:28:10.624955
case_853,a,2025-02-24 19:33:10.624955
case_853,b,2025-02-24 19:38:10.624955
case_853,c,2025-02-24 19:43:10.624955
case_853,c,2025-02-24 19:48:10.624955
case_853,b,2025-02-24 19:53:10.624955
case_853,b,2025-02-24 19:58:10.624955
case_853,c,2025-02-24 20:03:10.624955
case_853,c,2025-02-24 20:08:10.624955
case_853,b,2025-02-24 20:13:10.624955
case_853,b,2025-02-24 20:18:10.624955
case_853,c,2025-02-24 20:23:10.624955
case_853,c,2025-02-24 20:28:10.624955
case_853,a,2025-02-24 20:33:10.624955
case_853,c,2025-02-24 20:38:10.624955
case_853,b,2025-02-24 20:43:10.624955
case_853,a,2025-02-24 20:48:10.624955
case_853,b,2025-02-24 20:53:10.624955
case_853,b,2025-02-24 20:58:10.624955
case_853,b,2025-02-24 21:03:10.624955
case_854,a,2025-02-24 19:28:10.624986
case_854,c,2025-02-24 19:33:10.624986
case_854,c,2025-02-24 19:38:10.624986
case_854,a,2025-02-24 19:43:10.624986
case_854,c,2025-02-24 19:48:10.624986
case_854,c,2025-02-24 19:53:10.624986
case_854,b,2025-02-24 19:58:10.624986
case_854,c,2025-02-24 20:03:10.624986
case_854,c,2025-02-24 20:08:10.624986
case_854,a,2025-02-24 20:13:10.624986
case_854,a,2025-02-24 20:18:10.624986
case_854,b,2025-02-24 20:23:10.624986
case_854,a,2025-02-24 20:28:10.624986
case_854,a,2025-02-24 20:33:10.624986
case_854,c,2025-02-24 20:38:10.624986
case_854,c,2025-02-24 20:43:10.624986
case_854,a,2025-02-24 20:48:10.624986
case_854,b,2025-02-24 20:53:10.624986
case_854,c,2025-02-24 20:58:10.624986
case_854,a,2025-02-24 21:03:10.624986
case_855,a,2025-02-24 19:28:10.625017
case_855,a,2025-02-24 19:33:10.625017
case_855,a,2025-02-24 19:38:10.625017
case_855,a,2025-02-24 19:43:10.625017
case_855,a,2025-02-24 19:48:10.625017
case_855,a,2025-02-24 19:53:10.625017
case_855,a,2025-02-24 19:58:10.625017
case_855,a,2025-02-24 20:03:10.625017
case_855,c,2025-02-24 20:08:10.625017
case_855,b,2025-02-24 20:13:10.625017
case_855,c,2025-02-24 20:18:10.625017
case_855,b,2025-02-24 20:23:10.625017
case_855,a,2025-02-24 20:28:10.625017
case_855,b,2025-02-24 20:33:10.625017
case_855,b,2025-02-24 20:38:10.625017
case_855,a,2025-02-24 20:43:10.625017
case_855,a,2025-02-24 20:48:10.625017
case_855,c,2025-02-24 20:53:10.625017
case_855,c,2025-02-24 20:58:10.625017
case_855,a,2025-02-24 21:03:10.625017
case_856,c,2025-02-24 19:28:10.625048
case_856,b,2025-02-24 19:33:10.625048
case_856,c,2025-02-24 19:38:10.625048
case_856,a,2025-02-24 19:43:10.625048
case_856,a,2025-02-24 19:48:10.625048
case_856,a,2025-02-24 19:53:10.625048
case_856,b,2025-02-24 19:58:10.625048
case_856,a,2025-02-24 20:03:10.625048
case_856,b,2025-02-24 20:08:10.625048
case_856,b,2025-02-24 20:13:10.625048
case_856,b,2025-02-24 20:18:10.625048
case_856,c,2025-02-24 20:23:10.625048
case_856,c,2025-02-24 20:28:10.625048
case_856,a,2025-02-24 20:33:10.625048
case_856,b,2025-02-24 20:38:10.625048
case_856,c,2025-02-24 20:43:10.625048
case_856,c,2025-02-24 20:48:10.625048
case_856,a,2025-02-24 20:53:10.625048
case_856,c,2025-02-24 20:58:10.625048
case_856,a,2025-02-24 21:03:10.625048
case_857,a,2025-02-24 19:28:10.625079
case_857,b,2025-02-24 19:33:10.625079
case_857,c,2025-02-24 19:38:10.625079
case_857,c,2025-02-24 19:43:10.625079
case_857,b,2025-02-24 19:48:10.625079
case_857,a,2025-02-24 19:53:10.625079
case_857,c,2025-02-24 19:58:10.625079
case_857,b,2025-02-24 20:03:10.625079
case_857,c,2025-02-24 20:08:10.625079
case_857,c,2025-02-24 20:13:10.625079
case_857,c,2025-02-24 20:18:10.625079
case_857,a,2025-02-24 20:23:10.625079
case_857,b,2025-02-24 20:28:10.625079
case_857,a,2025-02-24 20:33:10.625079
case_857,c,2025-02-24 20:38:10.625079
case_857,a,2025-02-24 20:43:10.625079
case_857,b,2025-02-24 20:48:10.625079
case_857,a,2025-02-24 20:53:10.625079
case_857,c,2025-02-24 20:58:10.625079
case_857,a,2025-02-24 21:03:10.625079
case_858,b,2025-02-24 19:28:10.625110
case_858,a,2025-02-24 19:33:10.625110
case_858,c,2025-02-24 19:38:10.625110
case_858,b,2025-02-24 19:43:10.625110
case_858,a,2025-02-24 19:48:10.625110
case_858,b,2025-02-24 19:53:10.625110
case_858,c,2025-02-24 19:58:10.625110
case_858,a,2025-02-24 20:03:10.625110
case_858,a,2025-02-24 20:08:10.625110
case_858,c,2025-02-24 20:13:10.625110
case_858,c,2025-02-24 20:18:10.625110
case_858,b,2025-02-24 20:23:10.625110
case_858,a,2025-02-24 20:28:10.625110
case_858,b,2025-02-24 20:33:10.625110
case_858,c,2025-02-24 20:38:10.625110
case_858,c,2025-02-24 20:43:10.625110
case_858,c,2025-02-24 20:48:10.625110
case_858,a,2025-02-24 20:53:10.625110
case_858,b,2025-02-24 20:58:10.625110
case_858,b,2025-02-24 21:03:10.625110
case_859,c,2025-02-24 19:28:10.625141
case_859,a,2025-02-24 19:33:10.625141
case_859,b,2025-02-24 19:38:10.625141
case_859,a,2025-02-24 19:43:10.625141
case_859,b,2025-02-24 19:48:10.625141
case_859,a,2025-02-24 19:53:10.625141
case_859,c,2025-02-24 19:58:10.625141
case_859,b,2025-02-24 20:03:10.625141
case_859,b,2025-02-24 20:08:10.625141
case_859,a,2025-02-24 20:13:10.625141
case_859,c,2025-02-24 20:18:10.625141
case_859,c,2025-02-24 20:23:10.625141
case_859,b,2025-02-24 20:28:10.625141
case_859,b,2025-02-24 20:33:10.625141
case_859,a,2025-02-24 20:38:10.625141
case_859,a,2025-02-24 20:43:10.625141
case_859,c,2025-02-24 20:48:10.625141
case_859,c,2025-02-24 20:53:10.625141
case_859,b,2025-02-24 20:58:10.625141
case_859,a,2025-02-24 21:03:10.625141
case_860,c,2025-02-24 19:28:10.625172
case_860,a,2025-02-24 19:33:10.625172
case_860,b,2025-02-24 19:38:10.625172
case_860,c,2025-02-24 19:43:10.625172
case_860,c,2025-02-24 19:48:10.625172
case_860,b,2025-02-24 19:53:10.625172
case_860,c,2025-02-24 19:58:10.625172
case_860,b,2025-02-24 20:03:10.625172
case_860,a,2025-02-24 20:08:10.625172
case_860,c,2025-02-24 20:13:10.625172
case_860,b,2025-02-24 20:18:10.625172
case_860,c,2025-02-24 20:23:10.625172
case_860,b,2025-02-24 20:28:10.625172
case_860,a,2025-02-24 20:33:10.625172
case_860,a,2025-02-24 20:38:10.625172
case_860,c,2025-02-24 20:43:10.625172
case_860,c,2025-02-24 20:48:10.625172
case_860,a,2025-02-24 20:53:10.625172
case_860,b,2025-02-24 20:58:10.625172
case_860,b,2025-02-24 21:03:10.625172
case_861,a,2025-02-24 19:28:10.625205
case_861,a,2025-02-24 19:33:10.625205
case_861,c,2025-02-24 19:38:10.625205
case_861,a,2025-02-24 19:43:10.625205
case_861,b,2025-02-24 19:48:10.625205
case_861,c,2025-02-24 19:53:10.625205
case_861,c,2025-02-24 19:58:10.625205
case_861,c,2025-02-24 20:03:10.625205
case_861,c,2025-02-24 20:08:10.625205
case_861,c,2025-02-24 20:13:10.625205
case_861,c,2025-02-24 20:18:10.625205
case_861,b,2025-02-24 20:23:10.625205
case_861,b,2025-02-24 20:28:10.625205
case_861,b,2025-02-24 20:33:10.625205
case_861,b,2025-02-24 20:38:10.625205
case_861,a,2025-02-24 20:43:10.625205
case_861,c,2025-02-24 20:48:10.625205
case_861,b,2025-02-24 20:53:10.625205
case_861,c,2025-02-24 20:58:10.625205
case_861,a,2025-02-24 21:03:10.625205
case_862,c,2025-02-24 19:28:10.625235
case_862,c,2025-02-24 19:33:10.625235
case_862,b,2025-02-24 19:38:10.625235
case_862,c,2025-02-24 19:43:10.625235
case_862,c,2025-02-24 19:48:10.625235
case_862,b,2025-02-24 19:53:10.625235
case_862,b,2025-02-24 19:58:10.625235
case_862,a,2025-02-24 20:03:10.625235
case_862,b,2025-02-24 20:08:10.625235
case_862,a,2025-02-24 20:13:10.625235
case_862,b,2025-02-24 20:18:10.625235
case_862,b,2025-02-24 20:23:10.625235
case_862,b,2025-02-24 20:28:10.625235
case_862,a,2025-02-24 20:33:10.625235
case_862,c,2025-02-24 20:38:10.625235
case_862,a,2025-02-24 20:43:10.625235
case_862,b,2025-02-24 20:48:10.625235
case_862,c,2025-02-24 20:53:10.625235
case_862,a,2025-02-24 20:58:10.625235
case_862,a,2025-02-24 21:03:10.625235
case_863,c,2025-02-24 19:28:10.625267
case_863,a,2025-02-24 19:33:10.625267
case_863,c,2025-02-24 19:38:10.625267
case_863,a,2025-02-24 19:43:10.625267
case_863,b,2025-02-24 19:48:10.625267
case_863,a,2025-02-24 19:53:10.625267
case_863,a,2025-02-24 19:58:10.625267
case_863,c,2025-02-24 20:03:10.625267
case_863,b,2025-02-24 20:08:10.625267
case_863,a,2025-02-24 20:13:10.625267
case_863,c,2025-02-24 20:18:10.625267
case_863,a,2025-02-24 20:23:10.625267
case_863,b,2025-02-24 20:28:10.625267
case_863,c,2025-02-24 20:33:10.625267
case_863,b,2025-02-24 20:38:10.625267
case_863,a,2025-02-24 20:43:10.625267
case_863,c,2025-02-24 20:48:10.625267
case_863,c,2025-02-24 20:53:10.625267
case_863,c,2025-02-24 20:58:10.625267
case_863,a,2025-02-24 21:03:10.625267
case_864,b,2025-02-24 19:28:10.625298
case_864,b,2025-02-24 19:33:10.625298
case_864,b,2025-02-24 19:38:10.625298
case_864,a,2025-02-24 19:43:10.625298
case_864,a,2025-02-24 19:48:10.625298
case_864,c,2025-02-24 19:53:10.625298
case_864,b,2025-02-24 19:58:10.625298
case_864,c,2025-02-24 20:03:10.625298
case_864,a,2025-02-24 20:08:10.625298
case_864,b,2025-02-24 20:13:10.625298
case_864,c,2025-02-24 20:18:10.625298
case_864,b,2025-02-24 20:23:10.625298
case_864,a,2025-02-24 20:28:10.625298
case_864,c,2025-02-24 20:33:10.625298
case_864,a,2025-02-24 20:38:10.625298
case_864,b,2025-02-24 20:43:10.625298
case_864,b,2025-02-24 20:48:10.625298
case_864,c,2025-02-24 20:53:10.625298
case_864,c,2025-02-24 20:58:10.625298
case_864,a,2025-02-24 21:03:10.625298
case_865,c,2025-02-24 19:28:10.625332
case_865,a,2025-02-24 19:33:10.625332
case_865,a,2025-02-24 19:38:10.625332
case_865,a,2025-02-24 19:43:10.625332
case_865,a,2025-02-24 19:48:10.625332
case_865,b,2025-02-24 19:53:10.625332
case_865,c,2025-02-24 19:58:10.625332
case_865,a,2025-02-24 20:03:10.625332
case_865,b,2025-02-24 20:08:10.625332
case_865,a,2025-02-24 20:13:10.625332
case_865,c,2025-02-24 20:18:10.625332
case_865,a,2025-02-24 20:23:10.625332
case_865,c,2025-02-24 20:28:10.625332
case_865,a,2025-02-24 20:33:10.625332
case_865,b,2025-02-24 20:38:10.625332
case_865,a,2025-02-24 20:43:10.625332
case_865,a,2025-02-24 20:48:10.625332
case_865,c,2025-02-24 20:53:10.625332
case_865,c,2025-02-24 20:58:10.625332
case_865,a,2025-02-24 21:03:10.625332
case_866,c,2025-02-24 19:28:10.625362
case_866,a,2025-02-24 19:33:10.625362
case_866,b,2025-02-24 19:38:10.625362
case_866,a,2025-02-24 19:43:10.625362
case_866,a,2025-02-24 19:48:10.625362
case_866,a,2025-02-24 19:53:10.625362
case_866,a,2025-02-24 19:58:10.625362
case_866,b,2025-02-24 20:03:10.625362
case_866,b,2025-02-24 20:08:10.625362
case_866,c,2025-02-24 20:13:10.625362
case_866,b,2025-02-24 20:18:10.625362
case_866,c,2025-02-24 20:23:10.625362
case_866,a,2025-02-24 20:28:10.625362
case_866,a,2025-02-24 20:33:10.625362
case_866,b,2025-02-24 20:38:10.625362
case_866,a,2025-02-24 20:43:10.625362
case_866,a,2025-02-24 20:48:10.625362
case_866,c,2025-02-24 20:53:10.625362
case_866,c,2025-02-24 20:58:10.625362
case_866,a,2025-02-24 21:03:10.625362
case_867,c,2025-02-24 19:28:10.625393
case_867,c,2025-02-24 19:33:10.625393
case_867,a,2025-02-24 19:38:10.625393
case_867,a,2025-02-24 19:43:10.625393
case_867,c,2025-02-24 19:48:10.625393
case_867,b,2025-02-24 19:53:10.625393
case_867,a,2025-02-24 19:58:10.625393
case_867,c,2025-02-24 20:03:10.625393
case_867,a,2025-02-24 20:08:10.625393
case_867,c,2025-02-24 20:13:10.625393
case_867,b,2025-02-24 20:18:10.625393
case_867,a,2025-02-24 20:23:10.625393
case_867,b,2025-02-24 20:28:10.625393
case_867,b,2025-02-24 20:33:10.625393
case_867,a,2025-02-24 20:38:10.625393
case_867,c,2025-02-24 20:43:10.625393
case_867,a,2025-02-24 20:48:10.625393
case_867,b,2025-02-24 20:53:10.625393
case_867,c,2025-02-24 20:58:10.625393
case_867,a,2025-02-24 21:03:10.625393
case_868,a,2025-02-24 19:28:10.625424
case_868,a,2025-02-24 19:33:10.625424
case_868,c,2025-02-24 19:38:10.625424
case_868,a,2025-02-24 19:43:10.625424
case_868,c,2025-02-24 19:48:10.625424
case_868,c,2025-02-24 19:53:10.625424
case_868,b,2025-02-24 19:58:10.625424
case_868,c,2025-02-24 20:03:10.625424
case_868,a,2025-02-24 20:08:10.625424
case_868,b,2025-02-24 20:13:10.625424
case_868,a,2025-02-24 20:18:10.625424
case_868,a,2025-02-24 20:23:10.625424
case_868,a,2025-02-24 20:28:10.625424
case_868,c,2025-02-24 20:33:10.625424
case_868,b,2025-02-24 20:38:10.625424
case_868,c,2025-02-24 20:43:10.625424
case_868,a,2025-02-24 20:48:10.625424
case_868,a,2025-02-24 20:53:10.625424
case_868,a,2025-02-24 20:58:10.625424
case_868,b,2025-02-24 21:03:10.625424
case_869,c,2025-02-24 19:28:10.625455
case_869,c,2025-02-24 19:33:10.625455
case_869,b,2025-02-24 19:38:10.625455
case_869,a,2025-02-24 19:43:10.625455
case_869,a,2025-02-24 19:48:10.625455
case_869,a,2025-02-24 19:53:10.625455
case_869,b,2025-02-24 19:58:10.625455
case_869,a,2025-02-24 20:03:10.625455
case_869,b,2025-02-24 20:08:10.625455
case_869,a,2025-02-24 20:13:10.625455
case_869,c,2025-02-24 20:18:10.625455
case_869,b,2025-02-24 20:23:10.625455
case_869,c,2025-02-24 20:28:10.625455
case_869,b,2025-02-24 20:33:10.625455
case_869,b,2025-02-24 20:38:10.625455
case_869,a,2025-02-24 20:43:10.625455
case_869,a,2025-02-24 20:48:10.625455
case_869,a,2025-02-24 20:53:10.625455
case_869,b,2025-02-24 20:58:10.625455
case_869,b,2025-02-24 21:03:10.625455
case_870,a,2025-02-24 19:28:10.625486
case_870,b,2025-02-24 19:33:10.625486
case_870,b,2025-02-24 19:38:10.625486
case_870,c,2025-02-24 19:43:10.625486
case_870,c,2025-02-24 19:48:10.625486
case_870,c,2025-02-24 19:53:10.625486
case_870,b,2025-02-24 19:58:10.625486
case_870,b,2025-02-24 20:03:10.625486
case_870,b,2025-02-24 20:08:10.625486
case_870,c,2025-02-24 20:13:10.625486
case_870,c,2025-02-24 20:18:10.625486
case_870,b,2025-02-24 20:23:10.625486
case_870,c,2025-02-24 20:28:10.625486
case_870,a,2025-02-24 20:33:10.625486
case_870,c,2025-02-24 20:38:10.625486
case_870,c,2025-02-24 20:43:10.625486
case_870,a,2025-02-24 20:48:10.625486
case_870,b,2025-02-24 20:53:10.625486
case_870,c,2025-02-24 20:58:10.625486
case_870,a,2025-02-24 21:03:10.625486
case_871,a,2025-02-24 19:28:10.625518
case_871,b,2025-02-24 19:33:10.625518
case_871,a,2025-02-24 19:38:10.625518
case_871,a,2025-02-24 19:43:10.625518
case_871,b,2025-02-24 19:48:10.625518
case_871,b,2025-02-24 19:53:10.625518
case_871,c,2025-02-24 19:58:10.625518
case_871,c,2025-02-24 20:03:10.625518
case_871,c,2025-02-24 20:08:10.625518
case_871,b,2025-02-24 20:13:10.625518
case_871,a,2025-02-24 20:18:10.625518
case_871,c,2025-02-24 20:23:10.625518
case_871,b,2025-02-24 20:28:10.625518
case_871,b,2025-02-24 20:33:10.625518
case_871,a,2025-02-24 20:38:10.625518
case_871,b,2025-02-24 20:43:10.625518
case_871,b,2025-02-24 20:48:10.625518
case_871,b,2025-02-24 20:53:10.625518
case_871,c,2025-02-24 20:58:10.625518
case_871,a,2025-02-24 21:03:10.625518
case_872,b,2025-02-24 19:28:10.625549
case_872,b,2025-02-24 19:33:10.625549
case_872,a,2025-02-24 19:38:10.625549
case_872,b,2025-02-24 19:43:10.625549
case_872,c,2025-02-24 19:48:10.625549
case_872,a,2025-02-24 19:53:10.625549
case_872,a,2025-02-24 19:58:10.625549
case_872,b,2025-02-24 20:03:10.625549
case_872,c,2025-02-24 20:08:10.625549
case_872,a,2025-02-24 20:13:10.625549
case_872,c,2025-02-24 20:18:10.625549
case_872,c,2025-02-24 20:23:10.625549
case_872,a,2025-02-24 20:28:10.625549
case_872,b,2025-02-24 20:33:10.625549
case_872,b,2025-02-24 20:38:10.625549
case_872,a,2025-02-24 20:43:10.625549
case_872,c,2025-02-24 20:48:10.625549
case_872,c,2025-02-24 20:53:10.625549
case_872,b,2025-02-24 20:58:10.625549
case_872,a,2025-02-24 21:03:10.625549
case_873,c,2025-02-24 19:28:10.625580
case_873,c,2025-02-24 19:33:10.625580
case_873,c,2025-02-24 19:38:10.625580
case_873,a,2025-02-24 19:43:10.625580
case_873,b,2025-02-24 19:48:10.625580
case_873,c,2025-02-24 19:53:10.625580
case_873,a,2025-02-24 19:58:10.625580
case_873,a,2025-02-24 20:03:10.625580
case_873,c,2025-02-24 20:08:10.625580
case_873,b,2025-02-24 20:13:10.625580
case_873,a,2025-02-24 20:18:10.625580
case_873,b,2025-02-24 20:23:10.625580
case_873,b,2025-02-24 20:28:10.625580
case_873,b,2025-02-24 20:33:10.625580
case_873,a,2025-02-24 20:38:10.625580
case_873,c,2025-02-24 20:43:10.625580
case_873,c,2025-02-24 20:48:10.625580
case_873,c,2025-02-24 20:53:10.625580
case_873,b,2025-02-24 20:58:10.625580
case_873,a,2025-02-24 21:03:10.625580
case_874,b,2025-02-24 19:28:10.625611
case_874,b,2025-02-24 19:33:10.625611
case_874,b,2025-02-24 19:38:10.625611
case_874,c,2025-02-24 19:43:10.625611
case_874,c,2025-02-24 19:48:10.625611
case_874,b,2025-02-24 19:53:10.625611
case_874,b,2025-02-24 19:58:10.625611
case_874,c,2025-02-24 20:03:10.625611
case_874,a,2025-02-24 20:08:10.625611
case_874,a,2025-02-24 20:13:10.625611
case_874,c,2025-02-24 20:18:10.625611
case_874,b,2025-02-24 20:23:10.625611
case_874,a,2025-02-24 20:28:10.625611
case_874,b,2025-02-24 20:33:10.625611
case_874,a,2025-02-24 20:38:10.625611
case_874,a,2025-02-24 20:43:10.625611
case_874,a,2025-02-24 20:48:10.625611
case_874,c,2025-02-24 20:53:10.625611
case_874,b,2025-02-24 20:58:10.625611
case_874,a,2025-02-24 21:03:10.625611
case_875,b,2025-02-24 19:28:10.625642
case_875,a,2025-02-24 19:33:10.625642
case_875,b,2025-02-24 19:38:10.625642
case_875,a,2025-02-24 19:43:10.625642
case_875,a,2025-02-24 19:48:10.625642
case_875,a,2025-02-24 19:53:10.625642
case_875,b,2025-02-24 19:58:10.625642
case_875,a,2025-02-24 20:03:10.625642
case_875,a,2025-02-24 20:08:10.625642
case_875,c,2025-02-24 20:13:10.625642
case_875,b,2025-02-24 20:18:10.625642
case_875,a,2025-02-24 20:23:10.625642
case_875,b,2025-02-24 20:28:10.625642
case_875,a,2025-02-24 20:33:10.625642
case_875,c,2025-02-24 20:38:10.625642
case_875,a,2025-02-24 20:43:10.625642
case_875,a,2025-02-24 20:48:10.625642
case_875,c,2025-02-24 20:53:10.625642
case_875,c,2025-02-24 20:58:10.625642
case_875,a,2025-02-24 21:03:10.625642
case_876,a,2025-02-24 19:28:10.625673
case_876,b,2025-02-24 19:33:10.625673
case_876,a,2025-02-24 19:38:10.625673
case_876,c,2025-02-24 19:43:10.625673
case_876,c,2025-02-24 19:48:10.625673
case_876,b,2025-02-24 19:53:10.625673
case_876,b,2025-02-24 19:58:10.625673
case_876,b,2025-02-24 20:03:10.625673
case_876,a,2025-02-24 20:08:10.625673
case_876,a,2025-02-24 20:13:10.625673
case_876,b,2025-02-24 20:18:10.625673
case_876,c,2025-02-24 20:23:10.625673
case_876,c,2025-02-24 20:28:10.625673
case_876,b,2025-02-24 20:33:10.625673
case_876,c,2025-02-24 20:38:10.625673
case_876,a,2025-02-24 20:43:10.625673
case_876,b,2025-02-24 20:48:10.625673
case_876,a,2025-02-24 20:53:10.625673
case_876,a,2025-02-24 20:58:10.625673
case_876,b,2025-02-24 21:03:10.625673
case_877,b,2025-02-24 19:28:10.625704
case_877,c,2025-02-24 19:33:10.625704
case_877,c,2025-02-24 19:38:10.625704
case_877,b,2025-02-24 19:43:10.625704
case_877,c,2025-02-24 19:48:10.625704
case_877,a,2025-02-24 19:53:10.625704
case_877,c,2025-02-24 19:58:10.625704
case_877,c,2025-02-24 20:03:10.625704
case_877,b,2025-02-24 20:08:10.625704
case_877,c,2025-02-24 20:13:10.625704
case_877,b,2025-02-24 20:18:10.625704
case_877,b,2025-02-24 20:23:10.625704
case_877,c,2025-02-24 20:28:10.625704
case_877,b,2025-02-24 20:33:10.625704
case_877,b,2025-02-24 20:38:10.625704
case_877,c,2025-02-24 20:43:10.625704
case_877,a,2025-02-24 20:48:10.625704
case_877,a,2025-02-24 20:53:10.625704
case_877,a,2025-02-24 20:58:10.625704
case_877,b,2025-02-24 21:03:10.625704
case_878,c,2025-02-24 19:28:10.625735
case_878,c,2025-02-24 19:33:10.625735
case_878,a,2025-02-24 19:38:10.625735
case_878,c,2025-02-24 19:43:10.625735
case_878,c,2025-02-24 19:48:10.625735
case_878,b,2025-02-24 19:53:10.625735
case_878,c,2025-02-24 19:58:10.625735
case_878,a,2025-02-24 20:03:10.625735
case_878,c,2025-02-24 20:08:10.625735
case_878,b,2025-02-24 20:13:10.625735
case_878,b,2025-02-24 20:18:10.625735
case_878,b,2025-02-24 20:23:10.625735
case_878,b,2025-02-24 20:28:10.625735
case_878,b,2025-02-24 20:33:10.625735
case_878,c,2025-02-24 20:38:10.625735
case_878,a,2025-02-24 20:43:10.625735
case_878,c,2025-02-24 20:48:10.625735
case_878,a,2025-02-24 20:53:10.625735
case_878,b,2025-02-24 20:58:10.625735
case_878,a,2025-02-24 21:03:10.625735
case_879,b,2025-02-24 19:28:10.625766
case_879,a,2025-02-24 19:33:10.625766
case_879,b,2025-02-24 19:38:10.625766
case_879,c,2025-02-24 19:43:10.625766
case_879,b,2025-02-24 19:48:10.625766
case_879,c,2025-02-24 19:53:10.625766
case_879,b,2025-02-24 19:58:10.625766
case_879,a,2025-02-24 20:03:10.625766
case_879,c,2025-02-24 20:08:10.625766
case_879,c,2025-02-24 20:13:10.625766
case_879,b,2025-02-24 20:18:10.625766
case_879,c,2025-02-24 20:23:10.625766
case_879,a,2025-02-24 20:28:10.625766
case_879,b,2025-02-24 20:33:10.625766
case_879,c,2025-02-24 20:38:10.625766
case_879,b,2025-02-24 20:43:10.625766
case_879,a,2025-02-24 20:48:10.625766
case_879,b,2025-02-24 20:53:10.625766
case_879,a,2025-02-24 20:58:10.625766
case_879,b,2025-02-24 21:03:10.625766
case_880,b,2025-02-24 19:28:10.625797
case_880,a,2025-02-24 19:33:10.625797
case_880,b,2025-02-24 19:38:10.625797
case_880,c,2025-02-24 19:43:10.625797
case_880,a,2025-02-24 19:48:10.625797
case_880,c,2025-02-24 19:53:10.625797
case_880,a,2025-02-24 19:58:10.625797
case_880,a,2025-02-24 20:03:10.625797
case_880,a,2025-02-24 20:08:10.625797
case_880,c,2025-02-24 20:13:10.625797
case_880,b,2025-02-24 20:18:10.625797
case_880,c,2025-02-24 20:23:10.625797
case_880,c,2025-02-24 20:28:10.625797
case_880,b,2025-02-24 20:33:10.625797
case_880,b,2025-02-24 20:38:10.625797
case_880,a,2025-02-24 20:43:10.625797
case_880,c,2025-02-24 20:48:10.625797
case_880,c,2025-02-24 20:53:10.625797
case_880,a,2025-02-24 20:58:10.625797
case_880,b,2025-02-24 21:03:10.625797
case_881,a,2025-02-24 19:28:10.625827
case_881,a,2025-02-24 19:33:10.625827
case_881,c,2025-02-24 19:38:10.625827
case_881,b,2025-02-24 19:43:10.625827
case_881,a,2025-02-24 19:48:10.625827
case_881,b,2025-02-24 19:53:10.625827
case_881,c,2025-02-24 19:58:10.625827
case_881,b,2025-02-24 20:03:10.625827
case_881,c,2025-02-24 20:08:10.625827
case_881,a,2025-02-24 20:13:10.625827
case_881,a,2025-02-24 20:18:10.625827
case_881,a,2025-02-24 20:23:10.625827
case_881,c,2025-02-24 20:28:10.625827
case_881,c,2025-02-24 20:33:10.625827
case_881,c,2025-02-24 20:38:10.625827
case_881,b,2025-02-24 20:43:10.625827
case_881,a,2025-02-24 20:48:10.625827
case_881,b,2025-02-24 20:53:10.625827
case_881,a,2025-02-24 20:58:10.625827
case_881,a,2025-02-24 21:03:10.625827
case_882,c,2025-02-24 19:28:10.625859
case_882,a,2025-02-24 19:33:10.625859
case_882,b,2025-02-24 19:38:10.625859
case_882,b,2025-02-24 19:43:10.625859
case_882,a,2025-02-24 19:48:10.625859
case_882,c,2025-02-24 19:53:10.625859
case_882,a,2025-02-24 19:58:10.625859
case_882,c,2025-02-24 20:03:10.625859
case_882,b,2025-02-24 20:08:10.625859
case_882,a,2025-02-24 20:13:10.625859
case_882,b,2025-02-24 20:18:10.625859
case_882,c,2025-02-24 20:23:10.625859
case_882,c,2025-02-24 20:28:10.625859
case_882,c,2025-02-24 20:33:10.625859
case_882,c,2025-02-24 20:38:10.625859
case_882,c,2025-02-24 20:43:10.625859
case_882,c,2025-02-24 20:48:10.625859
case_882,c,2025-02-24 20:53:10.625859
case_882,b,2025-02-24 20:58:10.625859
case_882,a,2025-02-24 21:03:10.625859
case_883,c,2025-02-24 19:28:10.625889
case_883,c,2025-02-24 19:33:10.625889
case_883,b,2025-02-24 19:38:10.625889
case_883,b,2025-02-24 19:43:10.625889
case_883,b,2025-02-24 19:48:10.625889
case_883,b,2025-02-24 19:53:10.625889
case_883,c,2025-02-24 19:58:10.625889
case_883,c,2025-02-24 20:03:10.625889
case_883,b,2025-02-24 20:08:10.625889
case_883,c,2025-02-24 20:13:10.625889
case_883,a,2025-02-24 20:18:10.625889
case_883,b,2025-02-24 20:23:10.625889
case_883,c,2025-02-24 20:28:10.625889
case_883,a,2025-02-24 20:33:10.625889
case_883,c,2025-02-24 20:38:10.625889
case_883,c,2025-02-24 20:43:10.625889
case_883,a,2025-02-24 20:48:10.625889
case_883,c,2025-02-24 20:53:10.625889
case_883,c,2025-02-24 20:58:10.625889
case_883,a,2025-02-24 21:03:10.625889
case_884,b,2025-02-24 19:28:10.625920
case_884,c,2025-02-24 19:33:10.625920
case_884,c,2025-02-24 19:38:10.625920
case_884,c,2025-02-24 19:43:10.625920
case_884,b,2025-02-24 19:48:10.625920
case_884,a,2025-02-24 19:53:10.625920
case_884,b,2025-02-24 19:58:10.625920
case_884,a,2025-02-24 20:03:10.625920
case_884,b,2025-02-24 20:08:10.625920
case_884,a,2025-02-24 20:13:10.625920
case_884,b,2025-02-24 20:18:10.625920
case_884,a,2025-02-24 20:23:10.625920
case_884,c,2025-02-24 20:28:10.625920
case_884,b,2025-02-24 20:33:10.625920
case_884,a,2025-02-24 20:38:10.625920
case_884,c,2025-02-24 20:43:10.625920
case_884,c,2025-02-24 20:48:10.625920
case_884,a,2025-02-24 20:53:10.625920
case_884,b,2025-02-24 20:58:10.625920
case_884,a,2025-02-24 21:03:10.625920
case_885,a,2025-02-24 19:28:10.625950
case_885,c,2025-02-24 19:33:10.625950
case_885,c,2025-02-24 19:38:10.625950
case_885,a,2025-02-24 19:43:10.625950
case_885,b,2025-02-24 19:48:10.625950
case_885,b,2025-02-24 19:53:10.625950
case_885,a,2025-02-24 19:58:10.625950
case_885,a,2025-02-24 20:03:10.625950
case_885,a,2025-02-24 20:08:10.625950
case_885,a,2025-02-24 20:13:10.625950
case_885,c,2025-02-24 20:18:10.625950
case_885,b,2025-02-24 20:23:10.625950
case_885,c,2025-02-24 20:28:10.625950
case_885,b,2025-02-24 20:33:10.625950
case_885,a,2025-02-24 20:38:10.625950
case_885,b,2025-02-24 20:43:10.625950
case_885,c,2025-02-24 20:48:10.625950
case_885,b,2025-02-24 20:53:10.625950
case_885,b,2025-02-24 20:58:10.625950
case_885,a,2025-02-24 21:03:10.625950
case_886,b,2025-02-24 19:28:10.625980
case_886,a,2025-02-24 19:33:10.625980
case_886,c,2025-02-24 19:38:10.625980
case_886,b,2025-02-24 19:43:10.625980
case_886,a,2025-02-24 19:48:10.625980
case_886,c,2025-02-24 19:53:10.625980
case_886,b,2025-02-24 19:58:10.625980
case_886,b,2025-02-24 20:03:10.625980
case_886,b,2025-02-24 20:08:10.625980
case_886,c,2025-02-24 20:13:10.625980
case_886,b,2025-02-24 20:18:10.625980
case_886,a,2025-02-24 20:23:10.625980
case_886,a,2025-02-24 20:28:10.625980
case_886,b,2025-02-24 20:33:10.625980
case_886,a,2025-02-24 20:38:10.625980
case_886,b,2025-02-24 20:43:10.625980
case_886,c,2025-02-24 20:48:10.625980
case_886,c,2025-02-24 20:53:10.625980
case_886,b,2025-02-24 20:58:10.625980
case_886,a,2025-02-24 21:03:10.625980
case_887,b,2025-02-24 19:28:10.626011
case_887,b,2025-02-24 19:33:10.626011
case_887,a,2025-02-24 19:38:10.626011
case_887,b,2025-02-24 19:43:10.626011
case_887,a,2025-02-24 19:48:10.626011
case_887,c,2025-02-24 19:53:10.626011
case_887,c,2025-02-24 19:58:10.626011
case_887,a,2025-02-24 20:03:10.626011
case_887,c,2025-02-24 20:08:10.626011
case_887,a,2025-02-24 20:13:10.626011
case_887,c,2025-02-24 20:18:10.626011
case_887,a,2025-02-24 20:23:10.626011
case_887,a,2025-02-24 20:28:10.626011
case_887,a,2025-02-24 20:33:10.626011
case_887,c,2025-02-24 20:38:10.626011
case_887,b,2025-02-24 20:43:10.626011
case_887,a,2025-02-24 20:48:10.626011
case_887,a,2025-02-24 20:53:10.626011
case_887,b,2025-02-24 20:58:10.626011
case_887,a,2025-02-24 21:03:10.626011
case_888,a,2025-02-24 19:28:10.626041
case_888,c,2025-02-24 19:33:10.626041
case_888,b,2025-02-24 19:38:10.626041
case_888,b,2025-02-24 19:43:10.626041
case_888,c,2025-02-24 19:48:10.626041
case_888,a,2025-02-24 19:53:10.626041
case_888,a,2025-02-24 19:58:10.626041
case_888,a,2025-02-24 20:03:10.626041
case_888,c,2025-02-24 20:08:10.626041
case_888,a,2025-02-24 20:13:10.626041
case_888,c,2025-02-24 20:18:10.626041
case_888,b,2025-02-24 20:23:10.626041
case_888,c,2025-02-24 20:28:10.626041
case_888,a,2025-02-24 20:33:10.626041
case_888,a,2025-02-24 20:38:10.626041
case_888,c,2025-02-24 20:43:10.626041
case_888,a,2025-02-24 20:48:10.626041
case_888,c,2025-02-24 20:53:10.626041
case_888,c,2025-02-24 20:58:10.626041
case_888,a,2025-02-24 21:03:10.626041
case_889,a,2025-02-24 19:28:10.626071
case_889,a,2025-02-24 19:33:10.626071
case_889,b,2025-02-24 19:38:10.626071
case_889,c,2025-02-24 19:43:10.626071
case_889,c,2025-02-24 19:48:10.626071
case_889,c,2025-02-24 19:53:10.626071
case_889,a,2025-02-24 19:58:10.626071
case_889,c,2025-02-24 20:03:10.626071
case_889,c,2025-02-24 20:08:10.626071
case_889,a,2025-02-24 20:13:10.626071
case_889,c,2025-02-24 20:18:10.626071
case_889,a,2025-02-24 20:23:10.626071
case_889,c,2025-02-24 20:28:10.626071
case_889,a,2025-02-24 20:33:10.626071
case_889,c,2025-02-24 20:38:10.626071
case_889,a,2025-02-24 20:43:10.626071
case_889,a,2025-02-24 20:48:10.626071
case_889,c,2025-02-24 20:53:10.626071
case_889,a,2025-02-24 20:58:10.626071
case_889,a,2025-02-24 21:03:10.626071
case_890,b,2025-02-24 19:28:10.626102
case_890,a,2025-02-24 19:33:10.626102
case_890,c,2025-02-24 19:38:10.626102
case_890,a,2025-02-24 19:43:10.626102
case_890,c,2025-02-24 19:48:10.626102
case_890,b,2025-02-24 19:53:10.626102
case_890,b,2025-02-24 19:58:10.626102
case_890,a,2025-02-24 20:03:10.626102
case_890,c,2025-02-24 20:08:10.626102
case_890,a,2025-02-24 20:13:10.626102
case_890,b,2025-02-24 20:18:10.626102
case_890,c,2025-02-24 20:23:10.626102
case_890,a,2025-02-24 20:28:10.626102
case_890,b,2025-02-24 20:33:10.626102
case_890,b,2025-02-24 20:38:10.626102
case_890,c,2025-02-24 20:43:10.626102
case_890,a,2025-02-24 20:48:10.626102
case_890,c,2025-02-24 20:53:10.626102
case_890,c,2025-02-24 20:58:10.626102
case_890,a,2025-02-24 21:03:10.626102
case_891,a,2025-02-24 19:28:10.626132
case_891,a,2025-02-24 19:33:10.626132
case_891,b,2025-02-24 19:38:10.626132
case_891,c,2025-02-24 19:43:10.626132
case_891,b,2025-02-24 19:48:10.626132
case_891,a,2025-02-24 19:53:10.626132
case_891,b,2025-02-24 19:58:10.626132
case_891,b,2025-02-24 20:03:10.626132
case_891,c,2025-02-24 20:08:10.626132
case_891,b,2025-02-24 20:13:10.626132
case_891,a,2025-02-24 20:18:10.626132
case_891,c,2025-02-24 20:23:10.626132
case_891,a,2025-02-24 20:28:10.626132
case_891,a,2025-02-24 20:33:10.626132
case_891,a,2025-02-24 20:38:10.626132
case_891,a,2025-02-24 20:43:10.626132
case_891,a,2025-02-24 20:48:10.626132
case_891,c,2025-02-24 20:53:10.626132
case_891,c,2025-02-24 20:58:10.626132
case_891,a,2025-02-24 21:03:10.626132
case_892,a,2025-02-24 19:28:10.626162
case_892,b,2025-02-24 19:33:10.626162
case_892,a,2025-02-24 19:38:10.626162
case_892,c,2025-02-24 19:43:10.626162
case_892,b,2025-02-24 19:48:10.626162
case_892,b,2025-02-24 19:53:10.626162
case_892,a,2025-02-24 19:58:10.626162
case_892,c,2025-02-24 20:03:10.626162
case_892,b,2025-02-24 20:08:10.626162
case_892,a,2025-02-24 20:13:10.626162
case_892,a,2025-02-24 20:18:10.626162
case_892,b,2025-02-24 20:23:10.626162
case_892,c,2025-02-24 20:28:10.626162
case_892,b,2025-02-24 20:33:10.626162
case_892,b,2025-02-24 20:38:10.626162
case_892,a,2025-02-24 20:43:10.626162
case_892,a,2025-02-24 20:48:10.626162
case_892,c,2025-02-24 20:53:10.626162
case_892,c,2025-02-24 20:58:10.626162
case_892,a,2025-02-24 21:03:10.626162
case_893,c,2025-02-24 19:28:10.626192
case_893,b,2025-02-24 19:33:10.626192
case_893,b,2025-02-24 19:38:10.626192
case_893,c,2025-02-24 19:43:10.626192
case_893,c,2025-02-24 19:48:10.626192
case_893,c,2025-02-24 19:53:10.626192
case_893,b,2025-02-24 19:58:10.626192
case_893,a,2025-02-24 20:03:10.626192
case_893,c,2025-02-24 20:08:10.626192
case_893,a,2025-02-24 20:13:10.626192
case_893,c,2025-02-24 20:18:10.626192
case_893,c,2025-02-24 20:23:10.626192
case_893,a,2025-02-24 20:28:10.626192
case_893,a,2025-02-24 20:33:10.626192
case_893,b,2025-02-24 20:38:10.626192
case_893,c,2025-02-24 20:43:10.626192
case_893,b,2025-02-24 20:48:10.626192
case_893,a,2025-02-24 20:53:10.626192
case_893,a,2025-02-24 20:58:10.626192
case_893,a,2025-02-24 21:03:10.626192
case_894,a,2025-02-24 19:28:10.626222
case_894,b,2025-02-24 19:33:10.626222
case_894,c,2025-02-24 19:38:10.626222
case_894,a,2025-02-24 19:43:10.626222
case_894,b,2025-02-24 19:48:10.626222
case_894,b,2025-02-24 19:53:10.626222
case_894,a,2025-02-24 19:58:10.626222
case_894,a,2025-02-24 20:03:10.626222
case_894,a,2025-02-24 20:08:10.626222
case_894,c,2025-02-24 20:13:10.626222
case_894,c,2025-02-24 20:18:10.626222
case_894,b,2025-02-24 20:23:10.626222
case_894,c,2025-02-24 20:28:10.626222
case_894,a,2025-02-24 20:33:10.626222
case_894,c,2025-02-24 20:38:10.626222
case_894,c,2025-02-24 20:43:10.626222
case_894,b,2025-02-24 20:48:10.626222
case_894,a,2025-02-24 20:53:10.626222
case_894,c,2025-02-24 20:58:10.626222
case_894,a,2025-02-24 21:03:10.626222
case_895,a,2025-02-24 19:28:10.626252
case_895,a,2025-02-24 19:33:10.626252
case_895,c,2025-02-24 19:38:10.626252
case_895,b,2025-02-24 19:43:10.626252
case_895,c,2025-02-24 19:48:10.626252
case_895,c,2025-02-24 19:53:10.626252
case_895,c,2025-02-24 19:58:10.626252
case_895,c,2025-02-24 20:03:10.626252
case_895,a,2025-02-24 20:08:10.626252
case_895,a,2025-02-24 20:13:10.626252
case_895,a,2025-02-24 20:18:10.626252
case_895,b,2025-02-24 20:23:10.626252
case_895,c,2025-02-24 20:28:10.626252
case_895,c,2025-02-24 20:33:10.626252
case_895,c,2025-02-24 20:38:10.626252
case_895,b,2025-02-24 20:43:10.626252
case_895,b,2025-02-24 20:48:10.626252
case_895,b,2025-02-24 20:53:10.626252
case_895,c,2025-02-24 20:58:10.626252
case_895,a,2025-02-24 21:03:10.626252
case_896,c,2025-02-24 19:28:10.626283
case_896,b,2025-02-24 19:33:10.626283
case_896,c,2025-02-24 19:38:10.626283
case_896,c,2025-02-24 19:43:10.626283
case_896,a,2025-02-24 19:48:10.626283
case_896,a,2025-02-24 19:53:10.626283
case_896,a,2025-02-24 19:58:10.626283
case_896,a,2025-02-24 20:03:10.626283
case_896,a,2025-02-24 20:08:10.626283
case_896,a,2025-02-24 20:13:10.626283
case_896,c,2025-02-24 20:18:10.626283
case_896,b,2025-02-24 20:23:10.626283
case_896,a,2025-02-24 20:28:10.626283
case_896,c,2025-02-24 20:33:10.626283
case_896,c,2025-02-24 20:38:10.626283
case_896,c,2025-02-24 20:43:10.626283
case_896,b,2025-02-24 20:48:10.626283
case_896,b,2025-02-24 20:53:10.626283
case_896,c,2025-02-24 20:58:10.626283
case_896,a,2025-02-24 21:03:10.626283
case_897,a,2025-02-24 19:28:10.626313
case_897,b,2025-02-24 19:33:10.626313
case_897,c,2025-02-24 19:38:10.626313
case_897,c,2025-02-24 19:43:10.626313
case_897,a,2025-02-24 19:48:10.626313
case_897,b,2025-02-24 19:53:10.626313
case_897,a,2025-02-24 19:58:10.626313
case_897,b,2025-02-24 20:03:10.626313
case_897,c,2025-02-24 20:08:10.626313
case_897,a,2025-02-24 20:13:10.626313
case_897,c,2025-02-24 20:18:10.626313
case_897,c,2025-02-24 20:23:10.626313
case_897,c,2025-02-24 20:28:10.626313
case_897,b,2025-02-24 20:33:10.626313
case_897,c,2025-02-24 20:38:10.626313
case_897,c,2025-02-24 20:43:10.626313
case_897,c,2025-02-24 20:48:10.626313
case_897,b,2025-02-24 20:53:10.626313
case_897,a,2025-02-24 20:58:10.626313
case_897,a,2025-02-24 21:03:10.626313
case_898,a,2025-02-24 19:28:10.626345
case_898,b,2025-02-24 19:33:10.626345
case_898,b,2025-02-24 19:38:10.626345
case_898,a,2025-02-24 19:43:10.626345
case_898,b,2025-02-24 19:48:10.626345
case_898,c,2025-02-24 19:53:10.626345
case_898,b,2025-02-24 19:58:10.626345
case_898,c,2025-02-24 20:03:10.626345
case_898,c,2025-02-24 20:08:10.626345
case_898,b,2025-02-24 20:13:10.626345
case_898,c,2025-02-24 20:18:10.626345
case_898,c,2025-02-24 20:23:10.626345
case_898,c,2025-02-24 20:28:10.626345
case_898,a,2025-02-24 20:33:10.626345
case_898,b,2025-02-24 20:38:10.626345
case_898,b,2025-02-24 20:43:10.626345
case_898,c,2025-02-24 20:48:10.626345
case_898,c,2025-02-24 20:53:10.626345
case_898,a,2025-02-24 20:58:10.626345
case_898,a,2025-02-24 21:03:10.626345
case_899,b,2025-02-24 19:28:10.626377
case_899,b,2025-02-24 19:33:10.626377
case_899,c,2025-02-24 19:38:10.626377
case_899,c,2025-02-24 19:43:10.626377
case_899,a,2025-02-24 19:48:10.626377
case_899,a,2025-02-24 19:53:10.626377
case_899,b,2025-02-24 19:58:10.626377
case_899,a,2025-02-24 20:03:10.626377
case_899,c,2025-02-24 20:08:10.626377
case_899,c,2025-02-24 20:13:10.626377
case_899,b,2025-02-24 20:18:10.626377
case_899,a,2025-02-24 20:23:10.626377
case_899,a,2025-02-24 20:28:10.626377
case_899,c,2025-02-24 20:33:10.626377
case_899,b,2025-02-24 20:38:10.626377
case_899,b,2025-02-24 20:43:10.626377
case_899,a,2025-02-24 20:48:10.626377
case_899,b,2025-02-24 20:53:10.626377
case_899,a,2025-02-24 20:58:10.626377
case_899,a,2025-02-24 21:03:10.626377
case_900,a,2025-02-24 19:28:10.626407
case_900,b,2025-02-24 19:33:10.626407
case_900,a,2025-02-24 19:38:10.626407
case_900,c,2025-02-24 19:43:10.626407
case_900,a,2025-02-24 19:48:10.626407
case_900,c,2025-02-24 19:53:10.626407
case_900,a,2025-02-24 19:58:10.626407
case_900,b,2025-02-24 20:03:10.626407
case_900,c,2025-02-24 20:08:10.626407
case_900,c,2025-02-24 20:13:10.626407
case_900,b,2025-02-24 20:18:10.626407
case_900,a,2025-02-24 20:23:10.626407
case_900,c,2025-02-24 20:28:10.626407
case_900,b,2025-02-24 20:33:10.626407
case_900,a,2025-02-24 20:38:10.626407
case_900,b,2025-02-24 20:43:10.626407
case_900,c,2025-02-24 20:48:10.626407
case_900,c,2025-02-24 20:53:10.626407
case_900,b,2025-02-24 20:58:10.626407
case_900,a,2025-02-24 21:03:10.626407
case_901,c,2025-02-24 19:28:10.626438
case_901,b,2025-02-24 19:33:10.626438
case_901,b,2025-02-24 19:38:10.626438
case_901,b,2025-02-24 19:43:10.626438
case_901,c,2025-02-24 19:48:10.626438
case_901,c,2025-02-24 19:53:10.626438
case_901,b,2025-02-24 19:58:10.626438
case_901,a,2025-02-24 20:03:10.626438
case_901,b,2025-02-24 20:08:10.626438
case_901,a,2025-02-24 20:13:10.626438
case_901,b,2025-02-24 20:18:10.626438
case_901,c,2025-02-24 20:23:10.626438
case_901,a,2025-02-24 20:28:10.626438
case_901,b,2025-02-24 20:33:10.626438
case_901,b,2025-02-24 20:38:10.626438
case_901,a,2025-02-24 20:43:10.626438
case_901,b,2025-02-24 20:48:10.626438
case_901,b,2025-02-24 20:53:10.626438
case_901,a,2025-02-24 20:58:10.626438
case_901,a,2025-02-24 21:03:10.626438
case_902,b,2025-02-24 19:28:10.626469
case_902,a,2025-02-24 19:33:10.626469
case_902,b,2025-02-24 19:38:10.626469
case_902,c,2025-02-24 19:43:10.626469
case_902,c,2025-02-24 19:48:10.626469
case_902,a,2025-02-24 19:53:10.626469
case_902,a,2025-02-24 19:58:10.626469
case_902,b,2025-02-24 20:03:10.626469
case_902,a,2025-02-24 20:08:10.626469
case_902,b,2025-02-24 20:13:10.626469
case_902,b,2025-02-24 20:18:10.626469
case_902,b,2025-02-24 20:23:10.626469
case_902,a,2025-02-24 20:28:10.626469
case_902,c,2025-02-24 20:33:10.626469
case_902,c,2025-02-24 20:38:10.626469
case_902,b,2025-02-24 20:43:10.626469
case_902,a,2025-02-24 20:48:10.626469
case_902,c,2025-02-24 20:53:10.626469
case_902,b,2025-02-24 20:58:10.626469
case_902,a,2025-02-24 21:03:10.626469
case_903,a,2025-02-24 19:28:10.626500
case_903,a,2025-02-24 19:33:10.626500
case_903,c,2025-02-24 19:38:10.626500
case_903,b,2025-02-24 19:43:10.626500
case_903,a,2025-02-24 19:48:10.626500
case_903,b,2025-02-24 19:53:10.626500
case_903,a,2025-02-24 19:58:10.626500
case_903,b,2025-02-24 20:03:10.626500
case_903,c,2025-02-24 20:08:10.626500
case_903,c,2025-02-24 20:13:10.626500
case_903,b,2025-02-24 20:18:10.626500
case_903,c,2025-02-24 20:23:10.626500
case_903,a,2025-02-24 20:28:10.626500
case_903,b,2025-02-24 20:33:10.626500
case_903,c,2025-02-24 20:38:10.626500
case_903,a,2025-02-24 20:43:10.626500
case_903,c,2025-02-24 20:48:10.626500
case_903,c,2025-02-24 20:53:10.626500
case_903,a,2025-02-24 20:58:10.626500
case_903,b,2025-02-24 21:03:10.626500
case_904,b,2025-02-24 19:28:10.626530
case_904,a,2025-02-24 19:33:10.626530
case_904,b,2025-02-24 19:38:10.626530
case_904,c,2025-02-24 19:43:10.626530
case_904,b,2025-02-24 19:48:10.626530
case_904,b,2025-02-24 19:53:10.626530
case_904,a,2025-02-24 19:58:10.626530
case_904,b,2025-02-24 20:03:10.626530
case_904,b,2025-02-24 20:08:10.626530
case_904,c,2025-02-24 20:13:10.626530
case_904,c,2025-02-24 20:18:10.626530
case_904,b,2025-02-24 20:23:10.626530
case_904,c,2025-02-24 20:28:10.626530
case_904,c,2025-02-24 20:33:10.626530
case_904,b,2025-02-24 20:38:10.626530
case_904,c,2025-02-24 20:43:10.626530
case_904,b,2025-02-24 20:48:10.626530
case_904,c,2025-02-24 20:53:10.626530
case_904,a,2025-02-24 20:58:10.626530
case_904,a,2025-02-24 21:03:10.626530
case_905,c,2025-02-24 19:28:10.626561
case_905,c,2025-02-24 19:33:10.626561
case_905,b,2025-02-24 19:38:10.626561
case_905,a,2025-02-24 19:43:10.626561
case_905,a,2025-02-24 19:48:10.626561
case_905,c,2025-02-24 19:53:10.626561
case_905,b,2025-02-24 19:58:10.626561
case_905,a,2025-02-24 20:03:10.626561
case_905,c,2025-02-24 20:08:10.626561
case_905,a,2025-02-24 20:13:10.626561
case_905,a,2025-02-24 20:18:10.626561
case_905,b,2025-02-24 20:23:10.626561
case_905,c,2025-02-24 20:28:10.626561
case_905,b,2025-02-24 20:33:10.626561
case_905,a,2025-02-24 20:38:10.626561
case_905,a,2025-02-24 20:43:10.626561
case_905,c,2025-02-24 20:48:10.626561
case_905,c,2025-02-24 20:53:10.626561
case_905,a,2025-02-24 20:58:10.626561
case_905,b,2025-02-24 21:03:10.626561
case_906,a,2025-02-24 19:28:10.626591
case_906,b,2025-02-24 19:33:10.626591
case_906,a,2025-02-24 19:38:10.626591
case_906,a,2025-02-24 19:43:10.626591
case_906,b,2025-02-24 19:48:10.626591
case_906,b,2025-02-24 19:53:10.626591
case_906,a,2025-02-24 19:58:10.626591
case_906,c,2025-02-24 20:03:10.626591
case_906,c,2025-02-24 20:08:10.626591
case_906,c,2025-02-24 20:13:10.626591
case_906,c,2025-02-24 20:18:10.626591
case_906,b,2025-02-24 20:23:10.626591
case_906,c,2025-02-24 20:28:10.626591
case_906,c,2025-02-24 20:33:10.626591
case_906,c,2025-02-24 20:38:10.626591
case_906,a,2025-02-24 20:43:10.626591
case_906,b,2025-02-24 20:48:10.626591
case_906,a,2025-02-24 20:53:10.626591
case_906,b,2025-02-24 20:58:10.626591
case_906,a,2025-02-24 21:03:10.626591
case_907,c,2025-02-24 19:28:10.626622
case_907,c,2025-02-24 19:33:10.626622
case_907,b,2025-02-24 19:38:10.626622
case_907,b,2025-02-24 19:43:10.626622
case_907,b,2025-02-24 19:48:10.626622
case_907,a,2025-02-24 19:53:10.626622
case_907,c,2025-02-24 19:58:10.626622
case_907,b,2025-02-24 20:03:10.626622
case_907,c,2025-02-24 20:08:10.626622
case_907,a,2025-02-24 20:13:10.626622
case_907,a,2025-02-24 20:18:10.626622
case_907,b,2025-02-24 20:23:10.626622
case_907,b,2025-02-24 20:28:10.626622
case_907,b,2025-02-24 20:33:10.626622
case_907,a,2025-02-24 20:38:10.626622
case_907,b,2025-02-24 20:43:10.626622
case_907,b,2025-02-24 20:48:10.626622
case_907,c,2025-02-24 20:53:10.626622
case_907,a,2025-02-24 20:58:10.626622
case_907,b,2025-02-24 21:03:10.626622
case_908,a,2025-02-24 19:28:10.626652
case_908,a,2025-02-24 19:33:10.626652
case_908,c,2025-02-24 19:38:10.626652
case_908,b,2025-02-24 19:43:10.626652
case_908,c,2025-02-24 19:48:10.626652
case_908,a,2025-02-24 19:53:10.626652
case_908,a,2025-02-24 19:58:10.626652
case_908,a,2025-02-24 20:03:10.626652
case_908,a,2025-02-24 20:08:10.626652
case_908,c,2025-02-24 20:13:10.626652
case_908,a,2025-02-24 20:18:10.626652
case_908,b,2025-02-24 20:23:10.626652
case_908,a,2025-02-24 20:28:10.626652
case_908,c,2025-02-24 20:33:10.626652
case_908,b,2025-02-24 20:38:10.626652
case_908,a,2025-02-24 20:43:10.626652
case_908,c,2025-02-24 20:48:10.626652
case_908,c,2025-02-24 20:53:10.626652
case_908,c,2025-02-24 20:58:10.626652
case_908,a,2025-02-24 21:03:10.626652
case_909,a,2025-02-24 19:28:10.626682
case_909,a,2025-02-24 19:33:10.626682
case_909,c,2025-02-24 19:38:10.626682
case_909,c,2025-02-24 19:43:10.626682
case_909,b,2025-02-24 19:48:10.626682
case_909,c,2025-02-24 19:53:10.626682
case_909,b,2025-02-24 19:58:10.626682
case_909,c,2025-02-24 20:03:10.626682
case_909,c,2025-02-24 20:08:10.626682
case_909,c,2025-02-24 20:13:10.626682
case_909,a,2025-02-24 20:18:10.626682
case_909,a,2025-02-24 20:23:10.626682
case_909,c,2025-02-24 20:28:10.626682
case_909,a,2025-02-24 20:33:10.626682
case_909,c,2025-02-24 20:38:10.626682
case_909,b,2025-02-24 20:43:10.626682
case_909,a,2025-02-24 20:48:10.626682
case_909,c,2025-02-24 20:53:10.626682
case_909,a,2025-02-24 20:58:10.626682
case_909,b,2025-02-24 21:03:10.626682
case_910,b,2025-02-24 19:28:10.626712
case_910,b,2025-02-24 19:33:10.626712
case_910,a,2025-02-24 19:38:10.626712
case_910,a,2025-02-24 19:43:10.626712
case_910,b,2025-02-24 19:48:10.626712
case_910,c,2025-02-24 19:53:10.626712
case_910,b,2025-02-24 19:58:10.626712
case_910,c,2025-02-24 20:03:10.626712
case_910,a,2025-02-24 20:08:10.626712
case_910,b,2025-02-24 20:13:10.626712
case_910,c,2025-02-24 20:18:10.626712
case_910,c,2025-02-24 20:23:10.626712
case_910,c,2025-02-24 20:28:10.626712
case_910,a,2025-02-24 20:33:10.626712
case_910,a,2025-02-24 20:38:10.626712
case_910,c,2025-02-24 20:43:10.626712
case_910,c,2025-02-24 20:48:10.626712
case_910,a,2025-02-24 20:53:10.626712
case_910,b,2025-02-24 20:58:10.626712
case_910,b,2025-02-24 21:03:10.626712
case_911,c,2025-02-24 19:28:10.626742
case_911,b,2025-02-24 19:33:10.626742
case_911,c,2025-02-24 19:38:10.626742
case_911,b,2025-02-24 19:43:10.626742
case_911,a,2025-02-24 19:48:10.626742
case_911,a,2025-02-24 19:53:10.626742
case_911,a,2025-02-24 19:58:10.626742
case_911,c,2025-02-24 20:03:10.626742
case_911,c,2025-02-24 20:08:10.626742
case_911,c,2025-02-24 20:13:10.626742
case_911,b,2025-02-24 20:18:10.626742
case_911,c,2025-02-24 20:23:10.626742
case_911,c,2025-02-24 20:28:10.626742
case_911,b,2025-02-24 20:33:10.626742
case_911,b,2025-02-24 20:38:10.626742
case_911,b,2025-02-24 20:43:10.626742
case_911,b,2025-02-24 20:48:10.626742
case_911,c,2025-02-24 20:53:10.626742
case_911,a,2025-02-24 20:58:10.626742
case_911,b,2025-02-24 21:03:10.626742
case_912,a,2025-02-24 19:28:10.626773
case_912,c,2025-02-24 19:33:10.626773
case_912,a,2025-02-24 19:38:10.626773
case_912,b,2025-02-24 19:43:10.626773
case_912,a,2025-02-24 19:48:10.626773
case_912,b,2025-02-24 19:53:10.626773
case_912,a,2025-02-24 19:58:10.626773
case_912,b,2025-02-24 20:03:10.626773
case_912,b,2025-02-24 20:08:10.626773
case_912,c,2025-02-24 20:13:10.626773
case_912,b,2025-02-24 20:18:10.626773
case_912,c,2025-02-24 20:23:10.626773
case_912,b,2025-02-24 20:28:10.626773
case_912,c,2025-02-24 20:33:10.626773
case_912,c,2025-02-24 20:38:10.626773
case_912,a,2025-02-24 20:43:10.626773
case_912,b,2025-02-24 20:48:10.626773
case_912,c,2025-02-24 20:53:10.626773
case_912,c,2025-02-24 20:58:10.626773
case_912,a,2025-02-24 21:03:10.626773
case_913,b,2025-02-24 19:28:10.626803
case_913,c,2025-02-24 19:33:10.626803
case_913,a,2025-02-24 19:38:10.626803
case_913,a,2025-02-24 19:43:10.626803
case_913,a,2025-02-24 19:48:10.626803
case_913,a,2025-02-24 19:53:10.626803
case_913,c,2025-02-24 19:58:10.626803
case_913,a,2025-02-24 20:03:10.626803
case_913,a,2025-02-24 20:08:10.626803
case_913,a,2025-02-24 20:13:10.626803
case_913,b,2025-02-24 20:18:10.626803
case_913,c,2025-02-24 20:23:10.626803
case_913,a,2025-02-24 20:28:10.626803
case_913,b,2025-02-24 20:33:10.626803
case_913,c,2025-02-24 20:38:10.626803
case_913,a,2025-02-24 20:43:10.626803
case_913,a,2025-02-24 20:48:10.626803
case_913,c,2025-02-24 20:53:10.626803
case_913,c,2025-02-24 20:58:10.626803
case_913,a,2025-02-24 21:03:10.626803
case_914,c,2025-02-24 19:28:10.626833
case_914,b,2025-02-24 19:33:10.626833
case_914,b,2025-02-24 19:38:10.626833
case_914,a,2025-02-24 19:43:10.626833
case_914,a,2025-02-24 19:48:10.626833
case_914,b,2025-02-24 19:53:10.626833
case_914,a,2025-02-24 19:58:10.626833
case_914,c,2025-02-24 20:03:10.626833
case_914,b,2025-02-24 20:08:10.626833
case_914,c,2025-02-24 20:13:10.626833
case_914,b,2025-02-24 20:18:10.626833
case_914,a,2025-02-24 20:23:10.626833
case_914,c,2025-02-24 20:28:10.626833
case_914,b,2025-02-24 20:33:10.626833
case_914,b,2025-02-24 20:38:10.626833
case_914,b,2025-02-24 20:43:10.626833
case_914,a,2025-02-24 20:48:10.626833
case_914,c,2025-02-24 20:53:10.626833
case_914,c,2025-02-24 20:58:10.626833
case_914,a,2025-02-24 21:03:10.626833
case_915,c,2025-02-24 19:28:10.626863
case_915,b,2025-02-24 19:33:10.626863
case_915,c,2025-02-24 19:38:10.626863
case_915,b,2025-02-24 19:43:10.626863
case_915,a,2025-02-24 19:48:10.626863
case_915,a,2025-02-24 19:53:10.626863
case_915,b,2025-02-24 19:58:10.626863
case_915,a,2025-02-24 20:03:10.626863
case_915,c,2025-02-24 20:08:10.626863
case_915,a,2025-02-24 20:13:10.626863
case_915,a,2025-02-24 20:18:10.626863
case_915,b,2025-02-24 20:23:10.626863
case_915,c,2025-02-24 20:28:10.626863
case_915,b,2025-02-24 20:33:10.626863
case_915,b,2025-02-24 20:38:10.626863
case_915,c,2025-02-24 20:43:10.626863
case_915,c,2025-02-24 20:48:10.626863
case_915,c,2025-02-24 20:53:10.626863
case_915,c,2025-02-24 20:58:10.626863
case_915,a,2025-02-24 21:03:10.626863
case_916,a,2025-02-24 19:28:10.626893
case_916,c,2025-02-24 19:33:10.626893
case_916,b,2025-02-24 19:38:10.626893
case_916,a,2025-02-24 19:43:10.626893
case_916,a,2025-02-24 19:48:10.626893
case_916,b,2025-02-24 19:53:10.626893
case_916,c,2025-02-24 19:58:10.626893
case_916,b,2025-02-24 20:03:10.626893
case_916,b,2025-02-24 20:08:10.626893
case_916,a,2025-02-24 20:13:10.626893
case_916,b,2025-02-24 20:18:10.626893
case_916,a,2025-02-24 20:23:10.626893
case_916,a,2025-02-24 20:28:10.626893
case_916,b,2025-02-24 20:33:10.626893
case_916,b,2025-02-24 20:38:10.626893
case_916,c,2025-02-24 20:43:10.626893
case_916,c,2025-02-24 20:48:10.626893
case_916,c,2025-02-24 20:53:10.626893
case_916,a,2025-02-24 20:58:10.626893
case_916,a,2025-02-24 21:03:10.626893
case_917,b,2025-02-24 19:28:10.626924
case_917,c,2025-02-24 19:33:10.626924
case_917,c,2025-02-24 19:38:10.626924
case_917,b,2025-02-24 19:43:10.626924
case_917,c,2025-02-24 19:48:10.626924
case_917,a,2025-02-24 19:53:10.626924
case_917,a,2025-02-24 19:58:10.626924
case_917,c,2025-02-24 20:03:10.626924
case_917,a,2025-02-24 20:08:10.626924
case_917,c,2025-02-24 20:13:10.626924
case_917,a,2025-02-24 20:18:10.626924
case_917,c,2025-02-24 20:23:10.626924
case_917,b,2025-02-24 20:28:10.626924
case_917,b,2025-02-24 20:33:10.626924
case_917,b,2025-02-24 20:38:10.626924
case_917,a,2025-02-24 20:43:10.626924
case_917,c,2025-02-24 20:48:10.626924
case_917,b,2025-02-24 20:53:10.626924
case_917,c,2025-02-24 20:58:10.626924
case_917,a,2025-02-24 21:03:10.626924
case_918,a,2025-02-24 19:28:10.626954
case_918,b,2025-02-24 19:33:10.626954
case_918,b,2025-02-24 19:38:10.626954
case_918,c,2025-02-24 19:43:10.626954
case_918,c,2025-02-24 19:48:10.626954
case_918,b,2025-02-24 19:53:10.626954
case_918,c,2025-02-24 19:58:10.626954
case_918,c,2025-02-24 20:03:10.626954
case_918,c,2025-02-24 20:08:10.626954
case_918,c,2025-02-24 20:13:10.626954
case_918,b,2025-02-24 20:18:10.626954
case_918,b,2025-02-24 20:23:10.626954
case_918,a,2025-02-24 20:28:10.626954
case_918,a,2025-02-24 20:33:10.626954
case_918,b,2025-02-24 20:38:10.626954
case_918,b,2025-02-24 20:43:10.626954
case_918,a,2025-02-24 20:48:10.626954
case_918,c,2025-02-24 20:53:10.626954
case_918,b,2025-02-24 20:58:10.626954
case_918,a,2025-02-24 21:03:10.626954
case_919,a,2025-02-24 19:28:10.626984
case_919,c,2025-02-24 19:33:10.626984
case_919,b,2025-02-24 19:38:10.626984
case_919,c,2025-02-24 19:43:10.626984
case_919,a,2025-02-24 19:48:10.626984
case_919,c,2025-02-24 19:53:10.626984
case_919,c,2025-02-24 19:58:10.626984
case_919,c,2025-02-24 20:03:10.626984
case_919,b,2025-02-24 20:08:10.626984
case_919,a,2025-02-24 20:13:10.626984
case_919,c,2025-02-24 20:18:10.626984
case_919,c,2025-02-24 20:23:10.626984
case_919,c,2025-02-24 20:28:10.626984
case_919,b,2025-02-24 20:33:10.626984
case_919,b,2025-02-24 20:38:10.626984
case_919,a,2025-02-24 20:43:10.626984
case_919,b,2025-02-24 20:48:10.626984
case_919,c,2025-02-24 20:53:10.626984
case_919,c,2025-02-24 20:58:10.626984
case_919,a,2025-02-24 21:03:10.626984
case_920,a,2025-02-24 19:28:10.627014
case_920,c,2025-02-24 19:33:10.627014
case_920,c,2025-02-24 19:38:10.627014
case_920,b,2025-02-24 19:43:10.627014
case_920,a,2025-02-24 19:48:10.627014
case_920,b,2025-02-24 19:53:10.627014
case_920,a,2025-02-24 19:58:10.627014
case_920,a,2025-02-24 20:03:10.627014
case_920,a,2025-02-24 20:08:10.627014
case_920,b,2025-02-24 20:13:10.627014
case_920,a,2025-02-24 20:18:10.627014
case_920,b,2025-02-24 20:23:10.627014
case_920,a,2025-02-24 20:28:10.627014
case_920,a,2025-02-24 20:33:10.627014
case_920,c,2025-02-24 20:38:10.627014
case_920,c,2025-02-24 20:43:10.627014
case_920,b,2025-02-24 20:48:10.627014
case_920,b,2025-02-24 20:53:10.627014
case_920,c,2025-02-24 20:58:10.627014
case_920,a,2025-02-24 21:03:10.627014
case_921,c,2025-02-24 19:28:10.627045
case_921,c,2025-02-24 19:33:10.627045
case_921,a,2025-02-24 19:38:10.627045
case_921,a,2025-02-24 19:43:10.627045
case_921,a,2025-02-24 19:48:10.627045
case_921,b,2025-02-24 19:53:10.627045
case_921,a,2025-02-24 19:58:10.627045
case_921,a,2025-02-24 20:03:10.627045
case_921,a,2025-02-24 20:08:10.627045
case_921,c,2025-02-24 20:13:10.627045
case_921,c,2025-02-24 20:18:10.627045
case_921,b,2025-02-24 20:23:10.627045
case_921,a,2025-02-24 20:28:10.627045
case_921,b,2025-02-24 20:33:10.627045
case_921,b,2025-02-24 20:38:10.627045
case_921,b,2025-02-24 20:43:10.627045
case_921,b,2025-02-24 20:48:10.627045
case_921,c,2025-02-24 20:53:10.627045
case_921,a,2025-02-24 20:58:10.627045
case_921,b,2025-02-24 21:03:10.627045
case_922,c,2025-02-24 19:28:10.627075
case_922,b,2025-02-24 19:33:10.627075
case_922,c,2025-02-24 19:38:10.627075
case_922,a,2025-02-24 19:43:10.627075
case_922,c,2025-02-24 19:48:10.627075
case_922,a,2025-02-24 19:53:10.627075
case_922,b,2025-02-24 19:58:10.627075
case_922,a,2025-02-24 20:03:10.627075
case_922,c,2025-02-24 20:08:10.627075
case_922,b,2025-02-24 20:13:10.627075
case_922,b,2025-02-24 20:18:10.627075
case_922,c,2025-02-24 20:23:10.627075
case_922,c,2025-02-24 20:28:10.627075
case_922,b,2025-02-24 20:33:10.627075
case_922,c,2025-02-24 20:38:10.627075
case_922,b,2025-02-24 20:43:10.627075
case_922,c,2025-02-24 20:48:10.627075
case_922,a,2025-02-24 20:53:10.627075
case_922,a,2025-02-24 20:58:10.627075
case_922,b,2025-02-24 21:03:10.627075
case_923,a,2025-02-24 19:28:10.627105
case_923,c,2025-02-24 19:33:10.627105
case_923,c,2025-02-24 19:38:10.627105
case_923,c,2025-02-24 19:43:10.627105
case_923,c,2025-02-24 19:48:10.627105
case_923,c,2025-02-24 19:53:10.627105
case_923,c,2025-02-24 19:58:10.627105
case_923,b,2025-02-24 20:03:10.627105
case_923,b,2025-02-24 20:08:10.627105
case_923,c,2025-02-24 20:13:10.627105
case_923,b,2025-02-24 20:18:10.627105
case_923,a,2025-02-24 20:23:10.627105
case_923,c,2025-02-24 20:28:10.627105
case_923,c,2025-02-24 20:33:10.627105
case_923,c,2025-02-24 20:38:10.627105
case_923,c,2025-02-24 20:43:10.627105
case_923,c,2025-02-24 20:48:10.627105
case_923,a,2025-02-24 20:53:10.627105
case_923,c,2025-02-24 20:58:10.627105
case_923,a,2025-02-24 21:03:10.627105
case_924,a,2025-02-24 19:28:10.627136
case_924,a,2025-02-24 19:33:10.627136
case_924,a,2025-02-24 19:38:10.627136
case_924,b,2025-02-24 19:43:10.627136
case_924,b,2025-02-24 19:48:10.627136
case_924,b,2025-02-24 19:53:10.627136
case_924,a,2025-02-24 19:58:10.627136
case_924,b,2025-02-24 20:03:10.627136
case_924,a,2025-02-24 20:08:10.627136
case_924,b,2025-02-24 20:13:10.627136
case_924,a,2025-02-24 20:18:10.627136
case_924,a,2025-02-24 20:23:10.627136
case_924,b,2025-02-24 20:28:10.627136
case_924,c,2025-02-24 20:33:10.627136
case_924,b,2025-02-24 20:38:10.627136
case_924,a,2025-02-24 20:43:10.627136
case_924,c,2025-02-24 20:48:10.627136
case_924,c,2025-02-24 20:53:10.627136
case_924,c,2025-02-24 20:58:10.627136
case_924,a,2025-02-24 21:03:10.627136
case_925,a,2025-02-24 19:28:10.627167
case_925,b,2025-02-24 19:33:10.627167
case_925,a,2025-02-24 19:38:10.627167
case_925,b,2025-02-24 19:43:10.627167
case_925,c,2025-02-24 19:48:10.627167
case_925,b,2025-02-24 19:53:10.627167
case_925,a,2025-02-24 19:58:10.627167
case_925,b,2025-02-24 20:03:10.627167
case_925,a,2025-02-24 20:08:10.627167
case_925,c,2025-02-24 20:13:10.627167
case_925,a,2025-02-24 20:18:10.627167
case_925,b,2025-02-24 20:23:10.627167
case_925,b,2025-02-24 20:28:10.627167
case_925,a,2025-02-24 20:33:10.627167
case_925,a,2025-02-24 20:38:10.627167
case_925,a,2025-02-24 20:43:10.627167
case_925,a,2025-02-24 20:48:10.627167
case_925,c,2025-02-24 20:53:10.627167
case_925,c,2025-02-24 20:58:10.627167
case_925,a,2025-02-24 21:03:10.627167
case_926,a,2025-02-24 19:28:10.627197
case_926,b,2025-02-24 19:33:10.627197
case_926,b,2025-02-24 19:38:10.627197
case_926,a,2025-02-24 19:43:10.627197
case_926,a,2025-02-24 19:48:10.627197
case_926,b,2025-02-24 19:53:10.627197
case_926,a,2025-02-24 19:58:10.627197
case_926,a,2025-02-24 20:03:10.627197
case_926,c,2025-02-24 20:08:10.627197
case_926,a,2025-02-24 20:13:10.627197
case_926,a,2025-02-24 20:18:10.627197
case_926,c,2025-02-24 20:23:10.627197
case_926,c,2025-02-24 20:28:10.627197
case_926,a,2025-02-24 20:33:10.627197
case_926,b,2025-02-24 20:38:10.627197
case_926,c,2025-02-24 20:43:10.627197
case_926,a,2025-02-24 20:48:10.627197
case_926,a,2025-02-24 20:53:10.627197
case_926,c,2025-02-24 20:58:10.627197
case_926,a,2025-02-24 21:03:10.627197
case_927,c,2025-02-24 19:28:10.627227
case_927,a,2025-02-24 19:33:10.627227
case_927,c,2025-02-24 19:38:10.627227
case_927,a,2025-02-24 19:43:10.627227
case_927,a,2025-02-24 19:48:10.627227
case_927,a,2025-02-24 19:53:10.627227
case_927,b,2025-02-24 19:58:10.627227
case_927,a,2025-02-24 20:03:10.627227
case_927,b,2025-02-24 20:08:10.627227
case_927,a,2025-02-24 20:13:10.627227
case_927,a,2025-02-24 20:18:10.627227
case_927,b,2025-02-24 20:23:10.627227
case_927,c,2025-02-24 20:28:10.627227
case_927,a,2025-02-24 20:33:10.627227
case_927,b,2025-02-24 20:38:10.627227
case_927,a,2025-02-24 20:43:10.627227
case_927,a,2025-02-24 20:48:10.627227
case_927,c,2025-02-24 20:53:10.627227
case_927,c,2025-02-24 20:58:10.627227
case_927,a,2025-02-24 21:03:10.627227
case_928,a,2025-02-24 19:28:10.627257
case_928,b,2025-02-24 19:33:10.627257
case_928,b,2025-02-24 19:38:10.627257
case_928,a,2025-02-24 19:43:10.627257
case_928,a,2025-02-24 19:48:10.627257
case_928,a,2025-02-24 19:53:10.627257
case_928,b,2025-02-24 19:58:10.627257
case_928,a,2025-02-24 20:03:10.627257
case_928,b,2025-02-24 20:08:10.627257
case_928,c,2025-02-24 20:13:10.627257
case_928,c,2025-02-24 20:18:10.627257
case_928,c,2025-02-24 20:23:10.627257
case_928,c,2025-02-24 20:28:10.627257
case_928,c,2025-02-24 20:33:10.627257
case_928,c,2025-02-24 20:38:10.627257
case_928,b,2025-02-24 20:43:10.627257
case_928,b,2025-02-24 20:48:10.627257
case_928,a,2025-02-24 20:53:10.627257
case_928,b,2025-02-24 20:58:10.627257
case_928,b,2025-02-24 21:03:10.627257
case_929,b,2025-02-24 19:28:10.627287
case_929,a,2025-02-24 19:33:10.627287
case_929,a,2025-02-24 19:38:10.627287
case_929,a,2025-02-24 19:43:10.627287
case_929,a,2025-02-24 19:48:10.627287
case_929,a,2025-02-24 19:53:10.627287
case_929,b,2025-02-24 19:58:10.627287
case_929,c,2025-02-24 20:03:10.627287
case_929,a,2025-02-24 20:08:10.627287
case_929,a,2025-02-24 20:13:10.627287
case_929,c,2025-02-24 20:18:10.627287
case_929,b,2025-02-24 20:23:10.627287
case_929,b,2025-02-24 20:28:10.627287
case_929,a,2025-02-24 20:33:10.627287
case_929,b,2025-02-24 20:38:10.627287
case_929,b,2025-02-24 20:43:10.627287
case_929,a,2025-02-24 20:48:10.627287
case_929,c,2025-02-24 20:53:10.627287
case_929,c,2025-02-24 20:58:10.627287
case_929,a,2025-02-24 21:03:10.627287
case_930,b,2025-02-24 19:28:10.627317
case_930,b,2025-02-24 19:33:10.627317
case_930,a,2025-02-24 19:38:10.627317
case_930,a,2025-02-24 19:43:10.627317
case_930,a,2025-02-24 19:48:10.627317
case_930,c,2025-02-24 19:53:10.627317
case_930,b,2025-02-24 19:58:10.627317
case_930,b,2025-02-24 20:03:10.627317
case_930,c,2025-02-24 20:08:10.627317
case_930,c,2025-02-24 20:13:10.627317
case_930,b,2025-02-24 20:18:10.627317
case_930,b,2025-02-24 20:23:10.627317
case_930,a,2025-02-24 20:28:10.627317
case_930,a,2025-02-24 20:33:10.627317
case_930,a,2025-02-24 20:38:10.627317
case_930,b,2025-02-24 20:43:10.627317
case_930,a,2025-02-24 20:48:10.627317
case_930,c,2025-02-24 20:53:10.627317
case_930,a,2025-02-24 20:58:10.627317
case_930,a,2025-02-24 21:03:10.627317
case_931,a,2025-02-24 19:28:10.627350
case_931,c,2025-02-24 19:33:10.627350
case_931,a,2025-02-24 19:38:10.627350
case_931,b,2025-02-24 19:43:10.627350
case_931,c,2025-02-24 19:48:10.627350
case_931,a,2025-02-24 19:53:10.627350
case_931,b,2025-02-24 19:58:10.627350
case_931,b,2025-02-24 20:03:10.627350
case_931,b,2025-02-24 20:08:10.627350
case_931,b,2025-02-24 20:13:10.627350
case_931,b,2025-02-24 20:18:10.627350
case_931,c,2025-02-24 20:23:10.627350
case_931,b,2025-02-24 20:28:10.627350
case_931,c,2025-02-24 20:33:10.627350
case_931,b,2025-02-24 20:38:10.627350
case_931,a,2025-02-24 20:43:10.627350
case_931,b,2025-02-24 20:48:10.627350
case_931,c,2025-02-24 20:53:10.627350
case_931,c,2025-02-24 20:58:10.627350
case_931,a,2025-02-24 21:03:10.627350
case_932,c,2025-02-24 19:28:10.627380
case_932,c,2025-02-24 19:33:10.627380
case_932,a,2025-02-24 19:38:10.627380
case_932,c,2025-02-24 19:43:10.627380
case_932,c,2025-02-24 19:48:10.627380
case_932,a,2025-02-24 19:53:10.627380
case_932,c,2025-02-24 19:58:10.627380
case_932,a,2025-02-24 20:03:10.627380
case_932,a,2025-02-24 20:08:10.627380
case_932,b,2025-02-24 20:13:10.627380
case_932,b,2025-02-24 20:18:10.627380
case_932,a,2025-02-24 20:23:10.627380
case_932,b,2025-02-24 20:28:10.627380
case_932,b,2025-02-24 20:33:10.627380
case_932,c,2025-02-24 20:38:10.627380
case_932,c,2025-02-24 20:43:10.627380
case_932,a,2025-02-24 20:48:10.627380
case_932,a,2025-02-24 20:53:10.627380
case_932,c,2025-02-24 20:58:10.627380
case_932,a,2025-02-24 21:03:10.627380
case_933,c,2025-02-24 19:28:10.627411
case_933,b,2025-02-24 19:33:10.627411
case_933,c,2025-02-24 19:38:10.627411
case_933,b,2025-02-24 19:43:10.627411
case_933,a,2025-02-24 19:48:10.627411
case_933,b,2025-02-24 19:53:10.627411
case_933,b,2025-02-24 19:58:10.627411
case_933,b,2025-02-24 20:03:10.627411
case_933,a,2025-02-24 20:08:10.627411
case_933,a,2025-02-24 20:13:10.627411
case_933,c,2025-02-24 20:18:10.627411
case_933,a,2025-02-24 20:23:10.627411
case_933,a,2025-02-24 20:28:10.627411
case_933,c,2025-02-24 20:33:10.627411
case_933,b,2025-02-24 20:38:10.627411
case_933,a,2025-02-24 20:43:10.627411
case_933,a,2025-02-24 20:48:10.627411
case_933,c,2025-02-24 20:53:10.627411
case_933,c,2025-02-24 20:58:10.627411
case_933,a,2025-02-24 21:03:10.627411
case_934,a,2025-02-24 19:28:10.627441
case_934,c,2025-02-24 19:33:10.627441
case_934,c,2025-02-24 19:38:10.627441
case_934,b,2025-02-24 19:43:10.627441
case_934,b,2025-02-24 19:48:10.627441
case_934,b,2025-02-24 19:53:10.627441
case_934,c,2025-02-24 19:58:10.627441
case_934,a,2025-02-24 20:03:10.627441
case_934,c,2025-02-24 20:08:10.627441
case_934,b,2025-02-24 20:13:10.627441
case_934,b,2025-02-24 20:18:10.627441
case_934,b,2025-02-24 20:23:10.627441
case_934,c,2025-02-24 20:28:10.627441
case_934,b,2025-02-24 20:33:10.627441
case_934,a,2025-02-24 20:38:10.627441
case_934,c,2025-02-24 20:43:10.627441
case_934,a,2025-02-24 20:48:10.627441
case_934,c,2025-02-24 20:53:10.627441
case_934,a,2025-02-24 20:58:10.627441
case_934,a,2025-02-24 21:03:10.627441
case_935,c,2025-02-24 19:28:10.627471
case_935,a,2025-02-24 19:33:10.627471
case_935,a,2025-02-24 19:38:10.627471
case_935,b,2025-02-24 19:43:10.627471
case_935,b,2025-02-24 19:48:10.627471
case_935,c,2025-02-24 19:53:10.627471
case_935,c,2025-02-24 19:58:10.627471
case_935,c,2025-02-24 20:03:10.627471
case_935,a,2025-02-24 20:08:10.627471
case_935,b,2025-02-24 20:13:10.627471
case_935,c,2025-02-24 20:18:10.627471
case_935,b,2025-02-24 20:23:10.627471
case_935,c,2025-02-24 20:28:10.627471
case_935,b,2025-02-24 20:33:10.627471
case_935,a,2025-02-24 20:38:10.627471
case_935,c,2025-02-24 20:43:10.627471
case_935,b,2025-02-24 20:48:10.627471
case_935,b,2025-02-24 20:53:10.627471
case_935,a,2025-02-24 20:58:10.627471
case_935,a,2025-02-24 21:03:10.627471
case_936,b,2025-02-24 19:28:10.627501
case_936,b,2025-02-24 19:33:10.627501
case_936,c,2025-02-24 19:38:10.627501
case_936,b,2025-02-24 19:43:10.627501
case_936,b,2025-02-24 19:48:10.627501
case_936,b,2025-02-24 19:53:10.627501
case_936,a,2025-02-24 19:58:10.627501
case_936,b,2025-02-24 20:03:10.627501
case_936,c,2025-02-24 20:08:10.627501
case_936,c,2025-02-24 20:13:10.627501
case_936,a,2025-02-24 20:18:10.627501
case_936,b,2025-02-24 20:23:10.627501
case_936,b,2025-02-24 20:28:10.627501
case_936,b,2025-02-24 20:33:10.627501
case_936,b,2025-02-24 20:38:10.627501
case_936,b,2025-02-24 20:43:10.627501
case_936,a,2025-02-24 20:48:10.627501
case_936,c,2025-02-24 20:53:10.627501
case_936,c,2025-02-24 20:58:10.627501
case_936,a,2025-02-24 21:03:10.627501
case_937,b,2025-02-24 19:28:10.627532
case_937,a,2025-02-24 19:33:10.627532
case_937,c,2025-02-24 19:38:10.627532
case_937,c,2025-02-24 19:43:10.627532
case_937,c,2025-02-24 19:48:10.627532
case_937,c,2025-02-24 19:53:10.627532
case_937,b,2025-02-24 19:58:10.627532
case_937,a,2025-02-24 20:03:10.627532
case_937,b,2025-02-24 20:08:10.627532
case_937,c,2025-02-24 20:13:10.627532
case_937,a,2025-02-24 20:18:10.627532
case_937,c,2025-02-24 20:23:10.627532
case_937,a,2025-02-24 20:28:10.627532
case_937,a,2025-02-24 20:33:10.627532
case_937,c,2025-02-24 20:38:10.627532
case_937,c,2025-02-24 20:43:10.627532
case_937,b,2025-02-24 20:48:10.627532
case_937,b,2025-02-24 20:53:10.627532
case_937,a,2025-02-24 20:58:10.627532
case_937,b,2025-02-24 21:03:10.627532
case_938,b,2025-02-24 19:28:10.627562
case_938,a,2025-02-24 19:33:10.627562
case_938,b,2025-02-24 19:38:10.627562
case_938,c,2025-02-24 19:43:10.627562
case_938,b,2025-02-24 19:48:10.627562
case_938,b,2025-02-24 19:53:10.627562
case_938,a,2025-02-24 19:58:10.627562
case_938,a,2025-02-24 20:03:10.627562
case_938,b,2025-02-24 20:08:10.627562
case_938,a,2025-02-24 20:13:10.627562
case_938,a,2025-02-24 20:18:10.627562
case_938,a,2025-02-24 20:23:10.627562
case_938,a,2025-02-24 20:28:10.627562
case_938,c,2025-02-24 20:33:10.627562
case_938,c,2025-02-24 20:38:10.627562
case_938,c,2025-02-24 20:43:10.627562
case_938,a,2025-02-24 20:48:10.627562
case_938,b,2025-02-24 20:53:10.627562
case_938,c,2025-02-24 20:58:10.627562
case_938,a,2025-02-24 21:03:10.627562
case_939,b,2025-02-24 19:28:10.627592
case_939,a,2025-02-24 19:33:10.627592
case_939,c,2025-02-24 19:38:10.627592
case_939,a,2025-02-24 19:43:10.627592
case_939,a,2025-02-24 19:48:10.627592
case_939,a,2025-02-24 19:53:10.627592
case_939,b,2025-02-24 19:58:10.627592
case_939,a,2025-02-24 20:03:10.627592
case_939,b,2025-02-24 20:08:10.627592
case_939,a,2025-02-24 20:13:10.627592
case_939,c,2025-02-24 20:18:10.627592
case_939,b,2025-02-24 20:23:10.627592
case_939,b,2025-02-24 20:28:10.627592
case_939,c,2025-02-24 20:33:10.627592
case_939,c,2025-02-24 20:38:10.627592
case_939,b,2025-02-24 20:43:10.627592
case_939,a,2025-02-24 20:48:10.627592
case_939,c,2025-02-24 20:53:10.627592
case_939,c,2025-02-24 20:58:10.627592
case_939,a,2025-02-24 21:03:10.627592
case_940,b,2025-02-24 19:28:10.627622
case_940,c,2025-02-24 19:33:10.627622
case_940,a,2025-02-24 19:38:10.627622
case_940,a,2025-02-24 19:43:10.627622
case_940,b,2025-02-24 19:48:10.627622
case_940,a,2025-02-24 19:53:10.627622
case_940,b,2025-02-24 19:58:10.627622
case_940,a,2025-02-24 20:03:10.627622
case_940,c,2025-02-24 20:08:10.627622
case_940,a,2025-02-24 20:13:10.627622
case_940,a,2025-02-24 20:18:10.627622
case_940,c,2025-02-24 20:23:10.627622
case_940,c,2025-02-24 20:28:10.627622
case_940,c,2025-02-24 20:33:10.627622
case_940,c,2025-02-24 20:38:10.627622
case_940,c,2025-02-24 20:43:10.627622
case_940,a,2025-02-24 20:48:10.627622
case_940,a,2025-02-24 20:53:10.627622
case_940,c,2025-02-24 20:58:10.627622
case_940,a,2025-02-24 21:03:10.627622
case_941,b,2025-02-24 19:28:10.627653
case_941,c,2025-02-24 19:33:10.627653
case_941,a,2025-02-24 19:38:10.627653
case_941,b,2025-02-24 19:43:10.627653
case_941,b,2025-02-24 19:48:10.627653
case_941,c,2025-02-24 19:53:10.627653
case_941,c,2025-02-24 19:58:10.627653
case_941,c,2025-02-24 20:03:10.627653
case_941,b,2025-02-24 20:08:10.627653
case_941,a,2025-02-24 20:13:10.627653
case_941,c,2025-02-24 20:18:10.627653
case_941,a,2025-02-24 20:23:10.627653
case_941,c,2025-02-24 20:28:10.627653
case_941,a,2025-02-24 20:33:10.627653
case_941,b,2025-02-24 20:38:10.627653
case_941,c,2025-02-24 20:43:10.627653
case_941,c,2025-02-24 20:48:10.627653
case_941,b,2025-02-24 20:53:10.627653
case_941,a,2025-02-24 20:58:10.627653
case_941,b,2025-02-24 21:03:10.627653
case_942,b,2025-02-24 19:28:10.627683
case_942,b,2025-02-24 19:33:10.627683
case_942,a,2025-02-24 19:38:10.627683
case_942,a,2025-02-24 19:43:10.627683
case_942,b,2025-02-24 19:48:10.627683
case_942,a,2025-02-24 19:53:10.627683
case_942,b,2025-02-24 19:58:10.627683
case_942,b,2025-02-24 20:03:10.627683
case_942,a,2025-02-24 20:08:10.627683
case_942,c,2025-02-24 20:13:10.627683
case_942,a,2025-02-24 20:18:10.627683
case_942,a,2025-02-24 20:23:10.627683
case_942,a,2025-02-24 20:28:10.627683
case_942,b,2025-02-24 20:33:10.627683
case_942,a,2025-02-24 20:38:10.627683
case_942,b,2025-02-24 20:43:10.627683
case_942,a,2025-02-24 20:48:10.627683
case_942,c,2025-02-24 20:53:10.627683
case_942,c,2025-02-24 20:58:10.627683
case_942,a,2025-02-24 21:03:10.627683
case_943,a,2025-02-24 19:28:10.627713
case_943,b,2025-02-24 19:33:10.627713
case_943,b,2025-02-24 19:38:10.627713
case_943,c,2025-02-24 19:43:10.627713
case_943,b,2025-02-24 19:48:10.627713
case_943,c,2025-02-24 19:53:10.627713
case_943,a,2025-02-24 19:58:10.627713
case_943,c,2025-02-24 20:03:10.627713
case_943,c,2025-02-24 20:08:10.627713
case_943,b,2025-02-24 20:13:10.627713
case_943,b,2025-02-24 20:18:10.627713
case_943,c,2025-02-24 20:23:10.627713
case_943,b,2025-02-24 20:28:10.627713
case_943,b,2025-02-24 20:33:10.627713
case_943,a,2025-02-24 20:38:10.627713
case_943,b,2025-02-24 20:43:10.627713
case_943,b,2025-02-24 20:48:10.627713
case_943,b,2025-02-24 20:53:10.627713
case_943,b,2025-02-24 20:58:10.627713
case_943,b,2025-02-24 21:03:10.627713
case_944,c,2025-02-24 19:28:10.627743
case_944,b,2025-02-24 19:33:10.627743
case_944,b,2025-02-24 19:38:10.627743
case_944,c,2025-02-24 19:43:10.627743
case_944,a,2025-02-24 19:48:10.627743
case_944,a,2025-02-24 19:53:10.627743
case_944,b,2025-02-24 19:58:10.627743
case_944,c,2025-02-24 20:03:10.627743
case_944,c,2025-02-24 20:08:10.627743
case_944,b,2025-02-24 20:13:10.627743
case_944,b,2025-02-24 20:18:10.627743
case_944,c,2025-02-24 20:23:10.627743
case_944,a,2025-02-24 20:28:10.627743
case_944,b,2025-02-24 20:33:10.627743
case_944,a,2025-02-24 20:38:10.627743
case_944,b,2025-02-24 20:43:10.627743
case_944,b,2025-02-24 20:48:10.627743
case_944,b,2025-02-24 20:53:10.627743
case_944,b,2025-02-24 20:58:10.627743
case_944,a,2025-02-24 21:03:10.627743
case_945,b,2025-02-24 19:28:10.627774
case_945,c,2025-02-24 19:33:10.627774
case_945,b,2025-02-24 19:38:10.627774
case_945,a,2025-02-24 19:43:10.627774
case_945,a,2025-02-24 19:48:10.627774
case_945,a,2025-02-24 19:53:10.627774
case_945,a,2025-02-24 19:58:10.627774
case_945,c,2025-02-24 20:03:10.627774
case_945,b,2025-02-24 20:08:10.627774
case_945,c,2025-02-24 20:13:10.627774
case_945,a,2025-02-24 20:18:10.627774
case_945,b,2025-02-24 20:23:10.627774
case_945,c,2025-02-24 20:28:10.627774
case_945,a,2025-02-24 20:33:10.627774
case_945,a,2025-02-24 20:38:10.627774
case_945,a,2025-02-24 20:43:10.627774
case_945,a,2025-02-24 20:48:10.627774
case_945,c,2025-02-24 20:53:10.627774
case_945,c,2025-02-24 20:58:10.627774
case_945,a,2025-02-24 21:03:10.627774
case_946,b,2025-02-24 19:28:10.627804
case_946,a,2025-02-24 19:33:10.627804
case_946,c,2025-02-24 19:38:10.627804
case_946,c,2025-02-24 19:43:10.627804
case_946,c,2025-02-24 19:48:10.627804
case_946,b,2025-02-24 19:53:10.627804
case_946,b,2025-02-24 19:58:10.627804
case_946,c,2025-02-24 20:03:10.627804
case_946,a,2025-02-24 20:08:10.627804
case_946,c,2025-02-24 20:13:10.627804
case_946,a,2025-02-24 20:18:10.627804
case_946,b,2025-02-24 20:23:10.627804
case_946,a,2025-02-24 20:28:10.627804
case_946,b,2025-02-24 20:33:10.627804
case_946,c,2025-02-24 20:38:10.627804
case_946,a,2025-02-24 20:43:10.627804
case_946,b,2025-02-24 20:48:10.627804
case_946,a,2025-02-24 20:53:10.627804
case_946,b,2025-02-24 20:58:10.627804
case_946,b,2025-02-24 21:03:10.627804
case_947,b,2025-02-24 19:28:10.627835
case_947,b,2025-02-24 19:33:10.627835
case_947,c,2025-02-24 19:38:10.627835
case_947,a,2025-02-24 19:43:10.627835
case_947,b,2025-02-24 19:48:10.627835
case_947,b,2025-02-24 19:53:10.627835
case_947,a,2025-02-24 19:58:10.627835
case_947,a,2025-02-24 20:03:10.627835
case_947,a,2025-02-24 20:08:10.627835
case_947,c,2025-02-24 20:13:10.627835
case_947,b,2025-02-24 20:18:10.627835
case_947,c,2025-02-24 20:23:10.627835
case_947,a,2025-02-24 20:28:10.627835
case_947,c,2025-02-24 20:33:10.627835
case_947,a,2025-02-24 20:38:10.627835
case_947,b,2025-02-24 20:43:10.627835
case_947,a,2025-02-24 20:48:10.627835
case_947,c,2025-02-24 20:53:10.627835
case_947,c,2025-02-24 20:58:10.627835
case_947,a,2025-02-24 21:03:10.627835
case_948,b,2025-02-24 19:28:10.627865
case_948,a,2025-02-24 19:33:10.627865
case_948,a,2025-02-24 19:38:10.627865
case_948,c,2025-02-24 19:43:10.627865
case_948,a,2025-02-24 19:48:10.627865
case_948,a,2025-02-24 19:53:10.627865
case_948,b,2025-02-24 19:58:10.627865
case_948,b,2025-02-24 20:03:10.627865
case_948,b,2025-02-24 20:08:10.627865
case_948,c,2025-02-24 20:13:10.627865
case_948,c,2025-02-24 20:18:10.627865
case_948,c,2025-02-24 20:23:10.627865
case_948,a,2025-02-24 20:28:10.627865
case_948,c,2025-02-24 20:33:10.627865
case_948,c,2025-02-24 20:38:10.627865
case_948,c,2025-02-24 20:43:10.627865
case_948,a,2025-02-24 20:48:10.627865
case_948,a,2025-02-24 20:53:10.627865
case_948,b,2025-02-24 20:58:10.627865
case_948,a,2025-02-24 21:03:10.627865
case_949,c,2025-02-24 19:28:10.627895
case_949,b,2025-02-24 19:33:10.627895
case_949,a,2025-02-24 19:38:10.627895
case_949,b,2025-02-24 19:43:10.627895
case_949,b,2025-02-24 19:48:10.627895
case_949,a,2025-02-24 19:53:10.627895
case_949,b,2025-02-24 19:58:10.627895
case_949,c,2025-02-24 20:03:10.627895
case_949,b,2025-02-24 20:08:10.627895
case_949,c,2025-02-24 20:13:10.627895
case_949,b,2025-02-24 20:18:10.627895
case_949,a,2025-02-24 20:23:10.627895
case_949,c,2025-02-24 20:28:10.627895
case_949,a,2025-02-24 20:33:10.627895
case_949,c,2025-02-24 20:38:10.627895
case_949,b,2025-02-24 20:43:10.627895
case_949,c,2025-02-24 20:48:10.627895
case_949,c,2025-02-24 20:53:10.627895
case_949,a,2025-02-24 20:58:10.627895
case_949,a,2025-02-24 21:03:10.627895
case_950,c,2025-02-24 19:28:10.627926
case_950,b,2025-02-24 19:33:10.627926
case_950,b,2025-02-24 19:38:10.627926
case_950,b,2025-02-24 19:43:10.627926
case_950,b,2025-02-24 19:48:10.627926
case_950,a,2025-02-24 19:53:10.627926
case_950,a,2025-02-24 19:58:10.627926
case_950,c,2025-02-24 20:03:10.627926
case_950,b,2025-02-24 20:08:10.627926
case_950,b,2025-02-24 20:13:10.627926
case_950,a,2025-02-24 20:18:10.627926
case_950,a,2025-02-24 20:23:10.627926
case_950,b,2025-02-24 20:28:10.627926
case_950,a,2025-02-24 20:33:10.627926
case_950,b,2025-02-24 20:38:10.627926
case_950,c,2025-02-24 20:43:10.627926
case_950,a,2025-02-24 20:48:10.627926
case_950,c,2025-02-24 20:53:10.627926
case_950,c,2025-02-24 20:58:10.627926
case_950,a,2025-02-24 21:03:10.627926
case_951,a,2025-02-24 19:28:10.627956
case_951,a,2025-02-24 19:33:10.627956
case_951,c,2025-02-24 19:38:10.627956
case_951,c,2025-02-24 19:43:10.627956
case_951,b,2025-02-24 19:48:10.627956
case_951,c,2025-02-24 19:53:10.627956
case_951,a,2025-02-24 19:58:10.627956
case_951,c,2025-02-24 20:03:10.627956
case_951,b,2025-02-24 20:08:10.627956
case_951,b,2025-02-24 20:13:10.627956
case_951,a,2025-02-24 20:18:10.627956
case_951,b,2025-02-24 20:23:10.627956
case_951,c,2025-02-24 20:28:10.627956
case_951,b,2025-02-24 20:33:10.627956
case_951,b,2025-02-24 20:38:10.627956
case_951,a,2025-02-24 20:43:10.627956
case_951,c,2025-02-24 20:48:10.627956
case_951,b,2025-02-24 20:53:10.627956
case_951,c,2025-02-24 20:58:10.627956
case_951,a,2025-02-24 21:03:10.627956
case_952,a,2025-02-24 19:28:10.627986
case_952,b,2025-02-24 19:33:10.627986
case_952,c,2025-02-24 19:38:10.627986
case_952,c,2025-02-24 19:43:10.627986
case_952,c,2025-02-24 19:48:10.627986
case_952,b,2025-02-24 19:53:10.627986
case_952,c,2025-02-24 19:58:10.627986
case_952,a,2025-02-24 20:03:10.627986
case_952,a,2025-02-24 20:08:10.627986
case_952,a,2025-02-24 20:13:10.627986
case_952,a,2025-02-24 20:18:10.627986
case_952,a,2025-02-24 20:23:10.627986
case_952,a,2025-02-24 20:28:10.627986
case_952,b,2025-02-24 20:33:10.627986
case_952,a,2025-02-24 20:38:10.627986
case_952,b,2025-02-24 20:43:10.627986
case_952,a,2025-02-24 20:48:10.627986
case_952,b,2025-02-24 20:53:10.627986
case_952,a,2025-02-24 20:58:10.627986
case_952,b,2025-02-24 21:03:10.627986
case_953,b,2025-02-24 19:28:10.628017
case_953,b,2025-02-24 19:33:10.628017
case_953,b,2025-02-24 19:38:10.628017
case_953,a,2025-02-24 19:43:10.628017
case_953,c,2025-02-24 19:48:10.628017
case_953,a,2025-02-24 19:53:10.628017
case_953,b,2025-02-24 19:58:10.628017
case_953,a,2025-02-24 20:03:10.628017
case_953,a,2025-02-24 20:08:10.628017
case_953,b,2025-02-24 20:13:10.628017
case_953,b,2025-02-24 20:18:10.628017
case_953,c,2025-02-24 20:23:10.628017
case_953,a,2025-02-24 20:28:10.628017
case_953,c,2025-02-24 20:33:10.628017
case_953,c,2025-02-24 20:38:10.628017
case_953,c,2025-02-24 20:43:10.628017
case_953,c,2025-02-24 20:48:10.628017
case_953,c,2025-02-24 20:53:10.628017
case_953,a,2025-02-24 20:58:10.628017
case_953,a,2025-02-24 21:03:10.628017
case_954,b,2025-02-24 19:28:10.628047
case_954,a,2025-02-24 19:33:10.628047
case_954,b,2025-02-24 19:38:10.628047
case_954,b,2025-02-24 19:43:10.628047
case_954,a,2025-02-24 19:48:10.628047
case_954,b,2025-02-24 19:53:10.628047
case_954,a,2025-02-24 19:58:10.628047
case_954,c,2025-02-24 20:03:10.628047
case_954,b,2025-02-24 20:08:10.628047
case_954,b,2025-02-24 20:13:10.628047
case_954,a,2025-02-24 20:18:10.628047
case_954,b,2025-02-24 20:23:10.628047
case_954,c,2025-02-24 20:28:10.628047
case_954,c,2025-02-24 20:33:10.628047
case_954,a,2025-02-24 20:38:10.628047
case_954,a,2025-02-24 20:43:10.628047
case_954,b,2025-02-24 20:48:10.628047
case_954,a,2025-02-24 20:53:10.628047
case_954,c,2025-02-24 20:58:10.628047
case_954,a,2025-02-24 21:03:10.628047
case_955,a,2025-02-24 19:28:10.628078
case_955,c,2025-02-24 19:33:10.628078
case_955,c,2025-02-24 19:38:10.628078
case_955,a,2025-02-24 19:43:10.628078
case_955,b,2025-02-24 19:48:10.628078
case_955,b,2025-02-24 19:53:10.628078
case_955,b,2025-02-24 19:58:10.628078
case_955,c,2025-02-24 20:03:10.628078
case_955,b,2025-02-24 20:08:10.628078
case_955,b,2025-02-24 20:13:10.628078
case_955,c,2025-02-24 20:18:10.628078
case_955,c,2025-02-24 20:23:10.628078
case_955,b,2025-02-24 20:28:10.628078
case_955,c,2025-02-24 20:33:10.628078
case_955,a,2025-02-24 20:38:10.628078
case_955,c,2025-02-24 20:43:10.628078
case_955,a,2025-02-24 20:48:10.628078
case_955,a,2025-02-24 20:53:10.628078
case_955,b,2025-02-24 20:58:10.628078
case_955,b,2025-02-24 21:03:10.628078
case_956,a,2025-02-24 19:28:10.628108
case_956,b,2025-02-24 19:33:10.628108
case_956,b,2025-02-24 19:38:10.628108
case_956,c,2025-02-24 19:43:10.628108
case_956,a,2025-02-24 19:48:10.628108
case_956,b,2025-02-24 19:53:10.628108
case_956,b,2025-02-24 19:58:10.628108
case_956,b,2025-02-24 20:03:10.628108
case_956,a,2025-02-24 20:08:10.628108
case_956,c,2025-02-24 20:13:10.628108
case_956,a,2025-02-24 20:18:10.628108
case_956,b,2025-02-24 20:23:10.628108
case_956,a,2025-02-24 20:28:10.628108
case_956,a,2025-02-24 20:33:10.628108
case_956,a,2025-02-24 20:38:10.628108
case_956,b,2025-02-24 20:43:10.628108
case_956,b,2025-02-24 20:48:10.628108
case_956,c,2025-02-24 20:53:10.628108
case_956,c,2025-02-24 20:58:10.628108
case_956,a,2025-02-24 21:03:10.628108
case_957,c,2025-02-24 19:28:10.628139
case_957,a,2025-02-24 19:33:10.628139
case_957,c,2025-02-24 19:38:10.628139
case_957,b,2025-02-24 19:43:10.628139
case_957,a,2025-02-24 19:48:10.628139
case_957,c,2025-02-24 19:53:10.628139
case_957,a,2025-02-24 19:58:10.628139
case_957,b,2025-02-24 20:03:10.628139
case_957,a,2025-02-24 20:08:10.628139
case_957,b,2025-02-24 20:13:10.628139
case_957,b,2025-02-24 20:18:10.628139
case_957,b,2025-02-24 20:23:10.628139
case_957,b,2025-02-24 20:28:10.628139
case_957,a,2025-02-24 20:33:10.628139
case_957,b,2025-02-24 20:38:10.628139
case_957,b,2025-02-24 20:43:10.628139
case_957,a,2025-02-24 20:48:10.628139
case_957,c,2025-02-24 20:53:10.628139
case_957,c,2025-02-24 20:58:10.628139
case_957,a,2025-02-24 21:03:10.628139
case_958,b,2025-02-24 19:28:10.628169
case_958,c,2025-02-24 19:33:10.628169
case_958,c,2025-02-24 19:38:10.628169
case_958,b,2025-02-24 19:43:10.628169
case_958,a,2025-02-24 19:48:10.628169
case_958,c,2025-02-24 19:53:10.628169
case_958,b,2025-02-24 19:58:10.628169
case_958,b,2025-02-24 20:03:10.628169
case_958,b,2025-02-24 20:08:10.628169
case_958,a,2025-02-24 20:13:10.628169
case_958,c,2025-02-24 20:18:10.628169
case_958,a,2025-02-24 20:23:10.628169
case_958,c,2025-02-24 20:28:10.628169
case_958,c,2025-02-24 20:33:10.628169
case_958,b,2025-02-24 20:38:10.628169
case_958,a,2025-02-24 20:43:10.628169
case_958,c,2025-02-24 20:48:10.628169
case_958,c,2025-02-24 20:53:10.628169
case_958,a,2025-02-24 20:58:10.628169
case_958,b,2025-02-24 21:03:10.628169
case_959,c,2025-02-24 19:28:10.628200
case_959,a,2025-02-24 19:33:10.628200
case_959,c,2025-02-24 19:38:10.628200
case_959,b,2025-02-24 19:43:10.628200
case_959,b,2025-02-24 19:48:10.628200
case_959,c,2025-02-24 19:53:10.628200
case_959,b,2025-02-24 19:58:10.628200
case_959,b,2025-02-24 20:03:10.628200
case_959,b,2025-02-24 20:08:10.628200
case_959,c,2025-02-24 20:13:10.628200
case_959,b,2025-02-24 20:18:10.628200
case_959,c,2025-02-24 20:23:10.628200
case_959,b,2025-02-24 20:28:10.628200
case_959,c,2025-02-24 20:33:10.628200
case_959,a,2025-02-24 20:38:10.628200
case_959,a,2025-02-24 20:43:10.628200
case_959,c,2025-02-24 20:48:10.628200
case_959,c,2025-02-24 20:53:10.628200
case_959,c,2025-02-24 20:58:10.628200
case_959,a,2025-02-24 21:03:10.628200
case_960,b,2025-02-24 19:28:10.628230
case_960,b,2025-02-24 19:33:10.628230
case_960,a,2025-02-24 19:38:10.628230
case_960,c,2025-02-24 19:43:10.628230
case_960,a,2025-02-24 19:48:10.628230
case_960,b,2025-02-24 19:53:10.628230
case_960,a,2025-02-24 19:58:10.628230
case_960,b,2025-02-24 20:03:10.628230
case_960,b,2025-02-24 20:08:10.628230
case_960,a,2025-02-24 20:13:10.628230
case_960,a,2025-02-24 20:18:10.628230
case_960,b,2025-02-24 20:23:10.628230
case_960,a,2025-02-24 20:28:10.628230
case_960,b,2025-02-24 20:33:10.628230
case_960,b,2025-02-24 20:38:10.628230
case_960,a,2025-02-24 20:43:10.628230
case_960,b,2025-02-24 20:48:10.628230
case_960,c,2025-02-24 20:53:10.628230
case_960,c,2025-02-24 20:58:10.628230
case_960,a,2025-02-24 21:03:10.628230
case_961,b,2025-02-24 19:28:10.628267
case_961,b,2025-02-24 19:33:10.628267
case_961,b,2025-02-24 19:38:10.628267
case_961,c,2025-02-24 19:43:10.628267
case_961,c,2025-02-24 19:48:10.628267
case_961,a,2025-02-24 19:53:10.628267
case_961,c,2025-02-24 19:58:10.628267
case_961,b,2025-02-24 20:03:10.628267
case_961,a,2025-02-24 20:08:10.628267
case_961,b,2025-02-24 20:13:10.628267
case_961,c,2025-02-24 20:18:10.628267
case_961,a,2025-02-24 20:23:10.628267
case_961,b,2025-02-24 20:28:10.628267
case_961,a,2025-02-24 20:33:10.628267
case_961,a,2025-02-24 20:38:10.628267
case_961,a,2025-02-24 20:43:10.628267
case_961,a,2025-02-24 20:48:10.628267
case_961,a,2025-02-24 20:53:10.628267
case_961,a,2025-02-24 20:58:10.628267
case_961,b,2025-02-24 21:03:10.628267
case_962,a,2025-02-24 19:28:10.628297
case_962,a,2025-02-24 19:33:10.628297
case_962,b,2025-02-24 19:38:10.628297
case_962,c,2025-02-24 19:43:10.628297
case_962,a,2025-02-24 19:48:10.628297
case_962,c,2025-02-24 19:53:10.628297
case_962,b,2025-02-24 19:58:10.628297
case_962,a,2025-02-24 20:03:10.628297
case_962,b,2025-02-24 20:08:10.628297
case_962,b,2025-02-24 20:13:10.628297
case_962,b,2025-02-24 20:18:10.628297
case_962,b,2025-02-24 20:23:10.628297
case_962,a,2025-02-24 20:28:10.628297
case_962,c,2025-02-24 20:33:10.628297
case_962,a,2025-02-24 20:38:10.628297
case_962,c,2025-02-24 20:43:10.628297
case_962,a,2025-02-24 20:48:10.628297
case_962,c,2025-02-24 20:53:10.628297
case_962,c,2025-02-24 20:58:10.628297
case_962,a,2025-02-24 21:03:10.628297
case_963,a,2025-02-24 19:28:10.628330
case_963,b,2025-02-24 19:33:10.628330
case_963,a,2025-02-24 19:38:10.628330
case_963,b,2025-02-24 19:43:10.628330
case_963,c,2025-02-24 19:48:10.628330
case_963,a,2025-02-24 19:53:10.628330
case_963,c,2025-02-24 19:58:10.628330
case_963,b,2025-02-24 20:03:10.628330
case_963,c,2025-02-24 20:08:10.628330
case_963,c,2025-02-24 20:13:10.628330
case_963,c,2025-02-24 20:18:10.628330
case_963,c,2025-02-24 20:23:10.628330
case_963,a,2025-02-24 20:28:10.628330
case_963,a,2025-02-24 20:33:10.628330
case_963,a,2025-02-24 20:38:10.628330
case_963,b,2025-02-24 20:43:10.628330
case_963,b,2025-02-24 20:48:10.628330
case_963,b,2025-02-24 20:53:10.628330
case_963,b,2025-02-24 20:58:10.628330
case_963,b,2025-02-24 21:03:10.628330
case_964,a,2025-02-24 19:28:10.628360
case_964,a,2025-02-24 19:33:10.628360
case_964,a,2025-02-24 19:38:10.628360
case_964,a,2025-02-24 19:43:10.628360
case_964,a,2025-02-24 19:48:10.628360
case_964,a,2025-02-24 19:53:10.628360
case_964,b,2025-02-24 19:58:10.628360
case_964,a,2025-02-24 20:03:10.628360
case_964,b,2025-02-24 20:08:10.628360
case_964,c,2025-02-24 20:13:10.628360
case_964,a,2025-02-24 20:18:10.628360
case_964,a,2025-02-24 20:23:10.628360
case_964,b,2025-02-24 20:28:10.628360
case_964,c,2025-02-24 20:33:10.628360
case_964,b,2025-02-24 20:38:10.628360
case_964,c,2025-02-24 20:43:10.628360
case_964,c,2025-02-24 20:48:10.628360
case_964,b,2025-02-24 20:53:10.628360
case_964,c,2025-02-24 20:58:10.628360
case_964,a,2025-02-24 21:03:10.628360
case_965,b,2025-02-24 19:28:10.628390
case_965,a,2025-02-24 19:33:10.628390
case_965,a,2025-02-24 19:38:10.628390
case_965,a,2025-02-24 19:43:10.628390
case_965,a,2025-02-24 19:48:10.628390
case_965,c,2025-02-24 19:53:10.628390
case_965,b,2025-02-24 19:58:10.628390
case_965,a,2025-02-24 20:03:10.628390
case_965,b,2025-02-24 20:08:10.628390
case_965,a,2025-02-24 20:13:10.628390
case_965,c,2025-02-24 20:18:10.628390
case_965,b,2025-02-24 20:23:10.628390
case_965,b,2025-02-24 20:28:10.628390
case_965,b,2025-02-24 20:33:10.628390
case_965,b,2025-02-24 20:38:10.628390
case_965,c,2025-02-24 20:43:10.628390
case_965,a,2025-02-24 20:48:10.628390
case_965,c,2025-02-24 20:53:10.628390
case_965,c,2025-02-24 20:58:10.628390
case_965,a,2025-02-24 21:03:10.628390
case_966,c,2025-02-24 19:28:10.628420
case_966,b,2025-02-24 19:33:10.628420
case_966,b,2025-02-24 19:38:10.628420
case_966,b,2025-02-24 19:43:10.628420
case_966,b,2025-02-24 19:48:10.628420
case_966,a,2025-02-24 19:53:10.628420
case_966,a,2025-02-24 19:58:10.628420
case_966,c,2025-02-24 20:03:10.628420
case_966,b,2025-02-24 20:08:10.628420
case_966,a,2025-02-24 20:13:10.628420
case_966,a,2025-02-24 20:18:10.628420
case_966,a,2025-02-24 20:23:10.628420
case_966,a,2025-02-24 20:28:10.628420
case_966,a,2025-02-24 20:33:10.628420
case_966,a,2025-02-24 20:38:10.628420
case_966,a,2025-02-24 20:43:10.628420
case_966,a,2025-02-24 20:48:10.628420
case_966,c,2025-02-24 20:53:10.628420
case_966,c,2025-02-24 20:58:10.628420
case_966,a,2025-02-24 21:03:10.628420
case_967,a,2025-02-24 19:28:10.628450
case_967,a,2025-02-24 19:33:10.628450
case_967,c,2025-02-24 19:38:10.628450
case_967,a,2025-02-24 19:43:10.628450
case_967,a,2025-02-24 19:48:10.628450
case_967,a,2025-02-24 19:53:10.628450
case_967,c,2025-02-24 19:58:10.628450
case_967,c,2025-02-24 20:03:10.628450
case_967,c,2025-02-24 20:08:10.628450
case_967,b,2025-02-24 20:13:10.628450
case_967,a,2025-02-24 20:18:10.628450
case_967,b,2025-02-24 20:23:10.628450
case_967,b,2025-02-24 20:28:10.628450
case_967,b,2025-02-24 20:33:10.628450
case_967,b,2025-02-24 20:38:10.628450
case_967,c,2025-02-24 20:43:10.628450
case_967,b,2025-02-24 20:48:10.628450
case_967,b,2025-02-24 20:53:10.628450
case_967,b,2025-02-24 20:58:10.628450
case_967,a,2025-02-24 21:03:10.628450
case_968,a,2025-02-24 19:28:10.628481
case_968,b,2025-02-24 19:33:10.628481
case_968,b,2025-02-24 19:38:10.628481
case_968,b,2025-02-24 19:43:10.628481
case_968,b,2025-02-24 19:48:10.628481
case_968,b,2025-02-24 19:53:10.628481
case_968,a,2025-02-24 19:58:10.628481
case_968,a,2025-02-24 20:03:10.628481
case_968,c,2025-02-24 20:08:10.628481
case_968,b,2025-02-24 20:13:10.628481
case_968,c,2025-02-24 20:18:10.628481
case_968,a,2025-02-24 20:23:10.628481
case_968,c,2025-02-24 20:28:10.628481
case_968,c,2025-02-24 20:33:10.628481
case_968,b,2025-02-24 20:38:10.628481
case_968,a,2025-02-24 20:43:10.628481
case_968,c,2025-02-24 20:48:10.628481
case_968,b,2025-02-24 20:53:10.628481
case_968,a,2025-02-24 20:58:10.628481
case_968,a,2025-02-24 21:03:10.628481
case_969,b,2025-02-24 19:28:10.628511
case_969,b,2025-02-24 19:33:10.628511
case_969,c,2025-02-24 19:38:10.628511
case_969,b,2025-02-24 19:43:10.628511
case_969,a,2025-02-24 19:48:10.628511
case_969,a,2025-02-24 19:53:10.628511
case_969,a,2025-02-24 19:58:10.628511
case_969,c,2025-02-24 20:03:10.628511
case_969,b,2025-02-24 20:08:10.628511
case_969,b,2025-02-24 20:13:10.628511
case_969,a,2025-02-24 20:18:10.628511
case_969,b,2025-02-24 20:23:10.628511
case_969,b,2025-02-24 20:28:10.628511
case_969,b,2025-02-24 20:33:10.628511
case_969,a,2025-02-24 20:38:10.628511
case_969,a,2025-02-24 20:43:10.628511
case_969,b,2025-02-24 20:48:10.628511
case_969,c,2025-02-24 20:53:10.628511
case_969,c,2025-02-24 20:58:10.628511
case_969,a,2025-02-24 21:03:10.628511
case_970,b,2025-02-24 19:28:10.628541
case_970,a,2025-02-24 19:33:10.628541
case_970,c,2025-02-24 19:38:10.628541
case_970,b,2025-02-24 19:43:10.628541
case_970,c,2025-02-24 19:48:10.628541
case_970,c,2025-02-24 19:53:10.628541
case_970,a,2025-02-24 19:58:10.628541
case_970,c,2025-02-24 20:03:10.628541
case_970,b,2025-02-24 20:08:10.628541
case_970,c,2025-02-24 20:13:10.628541
case_970,b,2025-02-24 20:18:10.628541
case_970,b,2025-02-24 20:23:10.628541
case_970,a,2025-02-24 20:28:10.628541
case_970,a,2025-02-24 20:33:10.628541
case_970,a,2025-02-24 20:38:10.628541
case_970,c,2025-02-24 20:43:10.628541
case_970,b,2025-02-24 20:48:10.628541
case_970,b,2025-02-24 20:53:10.628541
case_970,c,2025-02-24 20:58:10.628541
case_970,a,2025-02-24 21:03:10.628541
case_971,a,2025-02-24 19:28:10.628572
case_971,b,2025-02-24 19:33:10.628572
case_971,a,2025-02-24 19:38:10.628572
case_971,c,2025-02-24 19:43:10.628572
case_971,c,2025-02-24 19:48:10.628572
case_971,c,2025-02-24 19:53:10.628572
case_971,a,2025-02-24 19:58:10.628572
case_971,a,2025-02-24 20:03:10.628572
case_971,b,2025-02-24 20:08:10.628572
case_971,c,2025-02-24 20:13:10.628572
case_971,a,2025-02-24 20:18:10.628572
case_971,b,2025-02-24 20:23:10.628572
case_971,c,2025-02-24 20:28:10.628572
case_971,b,2025-02-24 20:33:10.628572
case_971,c,2025-02-24 20:38:10.628572
case_971,c,2025-02-24 20:43:10.628572
case_971,a,2025-02-24 20:48:10.628572
case_971,a,2025-02-24 20:53:10.628572
case_971,b,2025-02-24 20:58:10.628572
case_971,a,2025-02-24 21:03:10.628572
case_972,a,2025-02-24 19:28:10.628602
case_972,a,2025-02-24 19:33:10.628602
case_972,c,2025-02-24 19:38:10.628602
case_972,a,2025-02-24 19:43:10.628602
case_972,b,2025-02-24 19:48:10.628602
case_972,c,2025-02-24 19:53:10.628602
case_972,b,2025-02-24 19:58:10.628602
case_972,c,2025-02-24 20:03:10.628602
case_972,a,2025-02-24 20:08:10.628602
case_972,c,2025-02-24 20:13:10.628602
case_972,b,2025-02-24 20:18:10.628602
case_972,b,2025-02-24 20:23:10.628602
case_972,a,2025-02-24 20:28:10.628602
case_972,a,2025-02-24 20:33:10.628602
case_972,a,2025-02-24 20:38:10.628602
case_972,b,2025-02-24 20:43:10.628602
case_972,c,2025-02-24 20:48:10.628602
case_972,c,2025-02-24 20:53:10.628602
case_972,a,2025-02-24 20:58:10.628602
case_972,a,2025-02-24 21:03:10.628602
case_973,a,2025-02-24 19:28:10.628632
case_973,a,2025-02-24 19:33:10.628632
case_973,c,2025-02-24 19:38:10.628632
case_973,b,2025-02-24 19:43:10.628632
case_973,b,2025-02-24 19:48:10.628632
case_973,b,2025-02-24 19:53:10.628632
case_973,b,2025-02-24 19:58:10.628632
case_973,b,2025-02-24 20:03:10.628632
case_973,b,2025-02-24 20:08:10.628632
case_973,a,2025-02-24 20:13:10.628632
case_973,b,2025-02-24 20:18:10.628632
case_973,b,2025-02-24 20:23:10.628632
case_973,a,2025-02-24 20:28:10.628632
case_973,a,2025-02-24 20:33:10.628632
case_973,a,2025-02-24 20:38:10.628632
case_973,c,2025-02-24 20:43:10.628632
case_973,a,2025-02-24 20:48:10.628632
case_973,c,2025-02-24 20:53:10.628632
case_973,c,2025-02-24 20:58:10.628632
case_973,a,2025-02-24 21:03:10.628632
case_974,a,2025-02-24 19:28:10.628663
case_974,a,2025-02-24 19:33:10.628663
case_974,c,2025-02-24 19:38:10.628663
case_974,a,2025-02-24 19:43:10.628663
case_974,b,2025-02-24 19:48:10.628663
case_974,c,2025-02-24 19:53:10.628663
case_974,b,2025-02-24 19:58:10.628663
case_974,b,2025-02-24 20:03:10.628663
case_974,a,2025-02-24 20:08:10.628663
case_974,b,2025-02-24 20:13:10.628663
case_974,c,2025-02-24 20:18:10.628663
case_974,a,2025-02-24 20:23:10.628663
case_974,c,2025-02-24 20:28:10.628663
case_974,a,2025-02-24 20:33:10.628663
case_974,c,2025-02-24 20:38:10.628663
case_974,c,2025-02-24 20:43:10.628663
case_974,b,2025-02-24 20:48:10.628663
case_974,c,2025-02-24 20:53:10.628663
case_974,a,2025-02-24 20:58:10.628663
case_974,b,2025-02-24 21:03:10.628663
case_975,c,2025-02-24 19:28:10.628693
case_975,b,2025-02-24 19:33:10.628693
case_975,c,2025-02-24 19:38:10.628693
case_975,c,2025-02-24 19:43:10.628693
case_975,c,2025-02-24 19:48:10.628693
case_975,a,2025-02-24 19:53:10.628693
case_975,c,2025-02-24 19:58:10.628693
case_975,c,2025-02-24 20:03:10.628693
case_975,c,2025-02-24 20:08:10.628693
case_975,c,2025-02-24 20:13:10.628693
case_975,a,2025-02-24 20:18:10.628693
case_975,a,2025-02-24 20:23:10.628693
case_975,a,2025-02-24 20:28:10.628693
case_975,c,2025-02-24 20:33:10.628693
case_975,a,2025-02-24 20:38:10.628693
case_975,a,2025-02-24 20:43:10.628693
case_975,b,2025-02-24 20:48:10.628693
case_975,a,2025-02-24 20:53:10.628693
case_975,a,2025-02-24 20:58:10.628693
case_975,b,2025-02-24 21:03:10.628693
case_976,a,2025-02-24 19:28:10.628723
case_976,a,2025-02-24 19:33:10.628723
case_976,b,2025-02-24 19:38:10.628723
case_976,c,2025-02-24 19:43:10.628723
case_976,a,2025-02-24 19:48:10.628723
case_976,c,2025-02-24 19:53:10.628723
case_976,b,2025-02-24 19:58:10.628723
case_976,a,2025-02-24 20:03:10.628723
case_976,a,2025-02-24 20:08:10.628723
case_976,a,2025-02-24 20:13:10.628723
case_976,a,2025-02-24 20:18:10.628723
case_976,b,2025-02-24 20:23:10.628723
case_976,c,2025-02-24 20:28:10.628723
case_976,c,2025-02-24 20:33:10.628723
case_976,c,2025-02-24 20:38:10.628723
case_976,a,2025-02-24 20:43:10.628723
case_976,b,2025-02-24 20:48:10.628723
case_976,c,2025-02-24 20:53:10.628723
case_976,b,2025-02-24 20:58:10.628723
case_976,a,2025-02-24 21:03:10.628723
case_977,c,2025-02-24 19:28:10.628753
case_977,a,2025-02-24 19:33:10.628753
case_977,c,2025-02-24 19:38:10.628753
case_977,a,2025-02-24 19:43:10.628753
case_977,c,2025-02-24 19:48:10.628753
case_977,c,2025-02-24 19:53:10.628753
case_977,a,2025-02-24 19:58:10.628753
case_977,b,2025-02-24 20:03:10.628753
case_977,b,2025-02-24 20:08:10.628753
case_977,a,2025-02-24 20:13:10.628753
case_977,a,2025-02-24 20:18:10.628753
case_977,a,2025-02-24 20:23:10.628753
case_977,b,2025-02-24 20:28:10.628753
case_977,b,2025-02-24 20:33:10.628753
case_977,b,2025-02-24 20:38:10.628753
case_977,a,2025-02-24 20:43:10.628753
case_977,c,2025-02-24 20:48:10.628753
case_977,c,2025-02-24 20:53:10.628753
case_977,c,2025-02-24 20:58:10.628753
case_977,a,2025-02-24 21:03:10.628753
case_978,b,2025-02-24 19:28:10.628783
case_978,a,2025-02-24 19:33:10.628783
case_978,c,2025-02-24 19:38:10.628783
case_978,b,2025-02-24 19:43:10.628783
case_978,a,2025-02-24 19:48:10.628783
case_978,a,2025-02-24 19:53:10.628783
case_978,b,2025-02-24 19:58:10.628783
case_978,c,2025-02-24 20:03:10.628783
case_978,b,2025-02-24 20:08:10.628783
case_978,c,2025-02-24 20:13:10.628783
case_978,a,2025-02-24 20:18:10.628783
case_978,a,2025-02-24 20:23:10.628783
case_978,a,2025-02-24 20:28:10.628783
case_978,b,2025-02-24 20:33:10.628783
case_978,a,2025-02-24 20:38:10.628783
case_978,a,2025-02-24 20:43:10.628783
case_978,a,2025-02-24 20:48:10.628783
case_978,c,2025-02-24 20:53:10.628783
case_978,c,2025-02-24 20:58:10.628783
case_978,a,2025-02-24 21:03:10.628783
case_979,c,2025-02-24 19:28:10.628813
case_979,b,2025-02-24 19:33:10.628813
case_979,c,2025-02-24 19:38:10.628813
case_979,b,2025-02-24 19:43:10.628813
case_979,a,2025-02-24 19:48:10.628813
case_979,b,2025-02-24 19:53:10.628813
case_979,b,2025-02-24 19:58:10.628813
case_979,a,2025-02-24 20:03:10.628813
case_979,a,2025-02-24 20:08:10.628813
case_979,c,2025-02-24 20:13:10.628813
case_979,c,2025-02-24 20:18:10.628813
case_979,b,2025-02-24 20:23:10.628813
case_979,b,2025-02-24 20:28:10.628813
case_979,c,2025-02-24 20:33:10.628813
case_979,b,2025-02-24 20:38:10.628813
case_979,b,2025-02-24 20:43:10.628813
case_979,c,2025-02-24 20:48:10.628813
case_979,b,2025-02-24 20:53:10.628813
case_979,c,2025-02-24 20:58:10.628813
case_979,a,2025-02-24 21:03:10.628813
case_980,c,2025-02-24 19:28:10.628843
case_980,a,2025-02-24 19:33:10.628843
case_980,a,2025-02-24 19:38:10.628843
case_980,b,2025-02-24 19:43:10.628843
case_980,c,2025-02-24 19:48:10.628843
case_980,c,2025-02-24 19:53:10.628843
case_980,b,2025-02-24 19:58:10.628843
case_980,b,2025-02-24 20:03:10.628843
case_980,c,2025-02-24 20:08:10.628843
case_980,b,2025-02-24 20:13:10.628843
case_980,c,2025-02-24 20:18:10.628843
case_980,c,2025-02-24 20:23:10.628843
case_980,c,2025-02-24 20:28:10.628843
case_980,c,2025-02-24 20:33:10.628843
case_980,c,2025-02-24 20:38:10.628843
case_980,a,2025-02-24 20:43:10.628843
case_980,c,2025-02-24 20:48:10.628843
case_980,a,2025-02-24 20:53:10.628843
case_980,c,2025-02-24 20:58:10.628843
case_980,a,2025-02-24 21:03:10.628843
case_981,c,2025-02-24 19:28:10.628874
case_981,b,2025-02-24 19:33:10.628874
case_981,b,2025-02-24 19:38:10.628874
case_981,b,2025-02-24 19:43:10.628874
case_981,a,2025-02-24 19:48:10.628874
case_981,a,2025-02-24 19:53:10.628874
case_981,b,2025-02-24 19:58:10.628874
case_981,b,2025-02-24 20:03:10.628874
case_981,a,2025-02-24 20:08:10.628874
case_981,c,2025-02-24 20:13:10.628874
case_981,a,2025-02-24 20:18:10.628874
case_981,a,2025-02-24 20:23:10.628874
case_981,a,2025-02-24 20:28:10.628874
case_981,a,2025-02-24 20:33:10.628874
case_981,c,2025-02-24 20:38:10.628874
case_981,c,2025-02-24 20:43:10.628874
case_981,c,2025-02-24 20:48:10.628874
case_981,b,2025-02-24 20:53:10.628874
case_981,b,2025-02-24 20:58:10.628874
case_981,a,2025-02-24 21:03:10.628874
case_982,c,2025-02-24 19:28:10.628904
case_982,c,2025-02-24 19:33:10.628904
case_982,c,2025-02-24 19:38:10.628904
case_982,a,2025-02-24 19:43:10.628904
case_982,c,2025-02-24 19:48:10.628904
case_982,b,2025-02-24 19:53:10.628904
case_982,b,2025-02-24 19:58:10.628904
case_982,a,2025-02-24 20:03:10.628904
case_982,a,2025-02-24 20:08:10.628904
case_982,c,2025-02-24 20:13:10.628904
case_982,c,2025-02-24 20:18:10.628904
case_982,b,2025-02-24 20:23:10.628904
case_982,a,2025-02-24 20:28:10.628904
case_982,c,2025-02-24 20:33:10.628904
case_982,c,2025-02-24 20:38:10.628904
case_982,b,2025-02-24 20:43:10.628904
case_982,a,2025-02-24 20:48:10.628904
case_982,b,2025-02-24 20:53:10.628904
case_982,c,2025-02-24 20:58:10.628904
case_982,a,2025-02-24 21:03:10.628904
case_983,c,2025-02-24 19:28:10.628934
case_983,b,2025-02-24 19:33:10.628934
case_983,a,2025-02-24 19:38:10.628934
case_983,a,2025-02-24 19:43:10.628934
case_983,b,2025-02-24 19:48:10.628934
case_983,a,2025-02-24 19:53:10.628934
case_983,b,2025-02-24 19:58:10.628934
case_983,b,2025-02-24 20:03:10.628934
case_983,b,2025-02-24 20:08:10.628934
case_983,b,2025-02-24 20:13:10.628934
case_983,b,2025-02-24 20:18:10.628934
case_983,c,2025-02-24 20:23:10.628934
case_983,a,2025-02-24 20:28:10.628934
case_983,a,2025-02-24 20:33:10.628934
case_983,b,2025-02-24 20:38:10.628934
case_983,b,2025-02-24 20:43:10.628934
case_983,a,2025-02-24 20:48:10.628934
case_983,c,2025-02-24 20:53:10.628934
case_983,c,2025-02-24 20:58:10.628934
case_983,a,2025-02-24 21:03:10.628934
case_984,a,2025-02-24 19:28:10.628964
case_984,a,2025-02-24 19:33:10.628964
case_984,b,2025-02-24 19:38:10.628964
case_984,c,2025-02-24 19:43:10.628964
case_984,b,2025-02-24 19:48:10.628964
case_984,b,2025-02-24 19:53:10.628964
case_984,b,2025-02-24 19:58:10.628964
case_984,c,2025-02-24 20:03:10.628964
case_984,a,2025-02-24 20:08:10.628964
case_984,b,2025-02-24 20:13:10.628964
case_984,b,2025-02-24 20:18:10.628964
case_984,c,2025-02-24 20:23:10.628964
case_984,a,2025-02-24 20:28:10.628964
case_984,c,2025-02-24 20:33:10.628964
case_984,b,2025-02-24 20:38:10.628964
case_984,a,2025-02-24 20:43:10.628964
case_984,b,2025-02-24 20:48:10.628964
case_984,c,2025-02-24 20:53:10.628964
case_984,c,2025-02-24 20:58:10.628964
case_984,a,2025-02-24 21:03:10.628964
case_985,a,2025-02-24 19:28:10.628995
case_985,c,2025-02-24 19:33:10.628995
case_985,a,2025-02-24 19:38:10.628995
case_985,b,2025-02-24 19:43:10.628995
case_985,c,2025-02-24 19:48:10.628995
case_985,a,2025-02-24 19:53:10.628995
case_985,c,2025-02-24 19:58:10.628995
case_985,b,2025-02-24 20:03:10.628995
case_985,c,2025-02-24 20:08:10.628995
case_985,a,2025-02-24 20:13:10.628995
case_985,a,2025-02-24 20:18:10.628995
case_985,a,2025-02-24 20:23:10.628995
case_985,b,2025-02-24 20:28:10.628995
case_985,a,2025-02-24 20:33:10.628995
case_985,a,2025-02-24 20:38:10.628995
case_985,a,2025-02-24 20:43:10.628995
case_985,a,2025-02-24 20:48:10.628995
case_985,c,2025-02-24 20:53:10.628995
case_985,c,2025-02-24 20:58:10.628995
case_985,a,2025-02-24 21:03:10.628995
case_986,a,2025-02-24 19:28:10.629025
case_986,c,2025-02-24 19:33:10.629025
case_986,b,2025-02-24 19:38:10.629025
case_986,c,2025-02-24 19:43:10.629025
case_986,a,2025-02-24 19:48:10.629025
case_986,a,2025-02-24 19:53:10.629025
case_986,a,2025-02-24 19:58:10.629025
case_986,a,2025-02-24 20:03:10.629025
case_986,a,2025-02-24 20:08:10.629025
case_986,a,2025-02-24 20:13:10.629025
case_986,a,2025-02-24 20:18:10.629025
case_986,b,2025-02-24 20:23:10.629025
case_986,b,2025-02-24 20:28:10.629025
case_986,b,2025-02-24 20:33:10.629025
case_986,a,2025-02-24 20:38:10.629025
case_986,b,2025-02-24 20:43:10.629025
case_986,c,2025-02-24 20:48:10.629025
case_986,c,2025-02-24 20:53:10.629025
case_986,b,2025-02-24 20:58:10.629025
case_986,a,2025-02-24 21:03:10.629025
case_987,a,2025-02-24 19:28:10.629055
case_987,a,2025-02-24 19:33:10.629055
case_987,c,2025-02-24 19:38:10.629055
case_987,b,2025-02-24 19:43:10.629055
case_987,b,2025-02-24 19:48:10.629055
case_987,b,2025-02-24 19:53:10.629055
case_987,a,2025-02-24 19:58:10.629055
case_987,b,2025-02-24 20:03:10.629055
case_987,a,2025-02-24 20:08:10.629055
case_987,b,2025-02-24 20:13:10.629055
case_987,c,2025-02-24 20:18:10.629055
case_987,c,2025-02-24 20:23:10.629055
case_987,b,2025-02-24 20:28:10.629055
case_987,b,2025-02-24 20:33:10.629055
case_987,b,2025-02-24 20:38:10.629055
case_987,a,2025-02-24 20:43:10.629055
case_987,b,2025-02-24 20:48:10.629055
case_987,a,2025-02-24 20:53:10.629055
case_987,a,2025-02-24 20:58:10.629055
case_987,a,2025-02-24 21:03:10.629055
case_988,a,2025-02-24 19:28:10.629086
case_988,c,2025-02-24 19:33:10.629086
case_988,b,2025-02-24 19:38:10.629086
case_988,c,2025-02-24 19:43:10.629086
case_988,c,2025-02-24 19:48:10.629086
case_988,b,2025-02-24 19:53:10.629086
case_988,b,2025-02-24 19:58:10.629086
case_988,a,2025-02-24 20:03:10.629086
case_988,c,2025-02-24 20:08:10.629086
case_988,b,2025-02-24 20:13:10.629086
case_988,c,2025-02-24 20:18:10.629086
case_988,c,2025-02-24 20:23:10.629086
case_988,c,2025-02-24 20:28:10.629086
case_988,c,2025-02-24 20:33:10.629086
case_988,b,2025-02-24 20:38:10.629086
case_988,c,2025-02-24 20:43:10.629086
case_988,b,2025-02-24 20:48:10.629086
case_988,b,2025-02-24 20:53:10.629086
case_988,b,2025-02-24 20:58:10.629086
case_988,a,2025-02-24 21:03:10.629086
case_989,b,2025-02-24 19:28:10.629116
case_989,c,2025-02-24 19:33:10.629116
case_989,b,2025-02-24 19:38:10.629116
case_989,b,2025-02-24 19:43:10.629116
case_989,a,2025-02-24 19:48:10.629116
case_989,c,2025-02-24 19:53:10.629116
case_989,b,2025-02-24 19:58:10.629116
case_989,b,2025-02-24 20:03:10.629116
case_989,b,2025-02-24 20:08:10.629116
case_989,a,2025-02-24 20:13:10.629116
case_989,a,2025-02-24 20:18:10.629116
case_989,c,2025-02-24 20:23:10.629116
case_989,c,2025-02-24 20:28:10.629116
case_989,a,2025-02-24 20:33:10.629116
case_989,c,2025-02-24 20:38:10.629116
case_989,a,2025-02-24 20:43:10.629116
case_989,b,2025-02-24 20:48:10.629116
case_989,c,2025-02-24 20:53:10.629116
case_989,c,2025-02-24 20:58:10.629116
case_989,a,2025-02-24 21:03:10.629116
case_990,a,2025-02-24 19:28:10.629146
case_990,b,2025-02-24 19:33:10.629146
case_990,a,2025-02-24 19:38:10.629146
case_990,c,2025-02-24 19:43:10.629146
case_990,b,2025-02-24 19:48:10.629146
case_990,b,2025-02-24 19:53:10.629146
case_990,c,2025-02-24 19:58:10.629146
case_990,a,2025-02-24 20:03:10.629146
case_990,b,2025-02-24 20:08:10.629146
case_990,c,2025-02-24 20:13:10.629146
case_990,a,2025-02-24 20:18:10.629146
case_990,c,2025-02-24 20:23:10.629146
case_990,a,2025-02-24 20:28:10.629146
case_990,a,2025-02-24 20:33:10.629146
case_990,b,2025-02-24 20:38:10.629146
case_990,c,2025-02-24 20:43:10.629146
case_990,b,2025-02-24 20:48:10.629146
case_990,c,2025-02-24 20:53:10.629146
case_990,c,2025-02-24 20:58:10.629146
case_990,a,2025-02-24 21:03:10.629146
case_991,a,2025-02-24 19:28:10.629176
case_991,c,2025-02-24 19:33:10.629176
case_991,a,2025-02-24 19:38:10.629176
case_991,a,2025-02-24 19:43:10.629176
case_991,c,2025-02-24 19:48:10.629176
case_991,a,2025-02-24 19:53:10.629176
case_991,a,2025-02-24 19:58:10.629176
case_991,c,2025-02-24 20:03:10.629176
case_991,a,2025-02-24 20:08:10.629176
case_991,c,2025-02-24 20:13:10.629176
case_991,b,2025-02-24 20:18:10.629176
case_991,b,2025-02-24 20:23:10.629176
case_991,c,2025-02-24 20:28:10.629176
case_991,a,2025-02-24 20:33:10.629176
case_991,b,2025-02-24 20:38:10.629176
case_991,b,2025-02-24 20:43:10.629176
case_991,b,2025-02-24 20:48:10.629176
case_991,c,2025-02-24 20:53:10.629176
case_991,c,2025-02-24 20:58:10.629176
case_991,a,2025-02-24 21:03:10.629176
case_992,b,2025-02-24 19:28:10.629206
case_992,b,2025-02-24 19:33:10.629206
case_992,c,2025-02-24 19:38:10.629206
case_992,a,2025-02-24 19:43:10.629206
case_992,b,2025-02-24 19:48:10.629206
case_992,c,2025-02-24 19:53:10.629206
case_992,c,2025-02-24 19:58:10.629206
case_992,c,2025-02-24 20:03:10.629206
case_992,c,2025-02-24 20:08:10.629206
case_992,a,2025-02-24 20:13:10.629206
case_992,b,2025-02-24 20:18:10.629206
case_992,c,2025-02-24 20:23:10.629206
case_992,c,2025-02-24 20:28:10.629206
case_992,a,2025-02-24 20:33:10.629206
case_992,b,2025-02-24 20:38:10.629206
case_992,a,2025-02-24 20:43:10.629206
case_992,b,2025-02-24 20:48:10.629206
case_992,b,2025-02-24 20:53:10.629206
case_992,a,2025-02-24 20:58:10.629206
case_992,a,2025-02-24 21:03:10.629206
case_993,c,2025-02-24 19:28:10.629237
case_993,a,2025-02-24 19:33:10.629237
case_993,c,2025-02-24 19:38:10.629237
case_993,b,2025-02-24 19:43:10.629237
case_993,a,2025-02-24 19:48:10.629237
case_993,b,2025-02-24 19:53:10.629237
case_993,b,2025-02-24 19:58:10.629237
case_993,a,2025-02-24 20:03:10.629237
case_993,b,2025-02-24 20:08:10.629237
case_993,a,2025-02-24 20:13:10.629237
case_993,b,2025-02-24 20:18:10.629237
case_993,c,2025-02-24 20:23:10.629237
case_993,b,2025-02-24 20:28:10.629237
case_993,c,2025-02-24 20:33:10.629237
case_993,a,2025-02-24 20:38:10.629237
case_993,b,2025-02-24 20:43:10.629237
case_993,c,2025-02-24 20:48:10.629237
case_993,c,2025-02-24 20:53:10.629237
case_993,a,2025-02-24 20:58:10.629237
case_993,b,2025-02-24 21:03:10.629237
case_994,a,2025-02-24 19:28:10.629267
case_994,b,2025-02-24 19:33:10.629267
case_994,b,2025-02-24 19:38:10.629267
case_994,b,2025-02-24 19:43:10.629267
case_994,a,2025-02-24 19:48:10.629267
case_994,b,2025-02-24 19:53:10.629267
case_994,c,2025-02-24 19:58:10.629267
case_994,c,2025-02-24 20:03:10.629267
case_994,c,2025-02-24 20:08:10.629267
case_994,b,2025-02-24 20:13:10.629267
case_994,b,2025-02-24 20:18:10.629267
case_994,a,2025-02-24 20:23:10.629267
case_994,c,2025-02-24 20:28:10.629267
case_994,c,2025-02-24 20:33:10.629267
case_994,a,2025-02-24 20:38:10.629267
case_994,c,2025-02-24 20:43:10.629267
case_994,b,2025-02-24 20:48:10.629267
case_994,a,2025-02-24 20:53:10.629267
case_994,b,2025-02-24 20:58:10.629267
case_994,a,2025-02-24 21:03:10.629267
case_995,c,2025-02-24 19:28:10.629298
case_995,a,2025-02-24 19:33:10.629298
case_995,a,2025-02-24 19:38:10.629298
case_995,c,2025-02-24 19:43:10.629298
case_995,b,2025-02-24 19:48:10.629298
case_995,a,2025-02-24 19:53:10.629298
case_995,c,2025-02-24 19:58:10.629298
case_995,b,2025-02-24 20:03:10.629298
case_995,c,2025-02-24 20:08:10.629298
case_995,c,2025-02-24 20:13:10.629298
case_995,b,2025-02-24 20:18:10.629298
case_995,a,2025-02-24 20:23:10.629298
case_995,a,2025-02-24 20:28:10.629298
case_995,a,2025-02-24 20:33:10.629298
case_995,b,2025-02-24 20:38:10.629298
case_995,c,2025-02-24 20:43:10.629298
case_995,a,2025-02-24 20:48:10.629298
case_995,c,2025-02-24 20:53:10.629298
case_995,a,2025-02-24 20:58:10.629298
case_995,b,2025-02-24 21:03:10.629298
case_996,a,2025-02-24 19:28:10.629330
case_996,b,2025-02-24 19:33:10.629330
case_996,c,2025-02-24 19:38:10.629330
case_996,c,2025-02-24 19:43:10.629330
case_996,b,2025-02-24 19:48:10.629330
case_996,a,2025-02-24 19:53:10.629330
case_996,b,2025-02-24 19:58:10.629330
case_996,b,2025-02-24 20:03:10.629330
case_996,c,2025-02-24 20:08:10.629330
case_996,c,2025-02-24 20:13:10.629330
case_996,c,2025-02-24 20:18:10.629330
case_996,a,2025-02-24 20:23:10.629330
case_996,c,2025-02-24 20:28:10.629330
case_996,b,2025-02-24 20:33:10.629330
case_996,b,2025-02-24 20:38:10.629330
case_996,c,2025-02-24 20:43:10.629330
case_996,b,2025-02-24 20:48:10.629330
case_996,a,2025-02-24 20:53:10.629330
case_996,c,2025-02-24 20:58:10.629330
case_996,a,2025-02-24 21:03:10.629330
case_997,b,2025-02-24 19:28:10.629360
case_997,c,2025-02-24 19:33:10.629360
case_997,b,2025-02-24 19:38:10.629360
case_997,a,2025-02-24 19:43:10.629360
case_997,a,2025-02-24 19:48:10.629360
case_997,c,2025-02-24 19:53:10.629360
case_997,b,2025-02-24 19:58:10.629360
case_997,c,2025-02-24 20:03:10.629360
case_997,a,2025-02-24 20:08:10.629360
case_997,b,2025-02-24 20:13:10.629360
case_997,a,2025-02-24 20:18:10.629360
case_997,b,2025-02-24 20:23:10.629360
case_997,a,2025-02-24 20:28:10.629360
case_997,a,2025-02-24 20:33:10.629360
case_997,a,2025-02-24 20:38:10.629360
case_997,c,2025-02-24 20:43:10.629360
case_997,b,2025-02-24 20:48:10.629360
case_997,c,2025-02-24 20:53:10.629360
case_997,c,2025-02-24 20:58:10.629360
case_997,a,2025-02-24 21:03:10.629360
case_998,b,2025-02-24 19:28:10.629391
case_998,b,2025-02-24 19:33:10.629391
case_998,b,2025-02-24 19:38:10.629391
case_998,b,2025-02-24 19:43:10.629391
case_998,b,2025-02-24 19:48:10.629391
case_998,c,2025-02-24 19:53:10.629391
case_998,a,2025-02-24 19:58:10.629391
case_998,b,2025-02-24 20:03:10.629391
case_998,c,2025-02-24 20:08:10.629391
case_998,c,2025-02-24 20:13:10.629391
case_998,a,2025-02-24 20:18:10.629391
case_998,c,2025-02-24 20:23:10.629391
case_998,b,2025-02-24 20:28:10.629391
case_998,a,2025-02-24 20:33:10.629391
case_998,a,2025-02-24 20:38:10.629391
case_998,a,2025-02-24 20:43:10.629391
case_998,a,2025-02-24 20:48:10.629391
case_998,a,2025-02-24 20:53:10.629391
case_998,c,2025-02-24 20:58:10.629391
case_998,a,2025-02-24 21:03:10.629391
case_999,b,2025-02-24 19:28:10.629422
case_999,b,2025-02-24 19:33:10.629422
case_999,c,2025-02-24 19:38:10.629422
case_999,b,2025-02-24 19:43:10.629422
case_999,b,2025-02-24 19:48:10.629422
case_999,b,2025-02-24 19:53:10.629422
case_999,c,2025-02-24 19:58:10.629422
case_999,a,2025-02-24 20:03:10.629422
case_999,b,2025-02-24 20:08:10.629422
case_999,a,2025-02-24 20:13:10.629422
case_999,b,2025-02-24 20:18:10.629422
case_999,a,2025-02-24 20:23:10.629422
case_999,c,2025-02-24 20:28:10.629422
case_999,b,2025-02-24 20:33:10.629422
case_999,b,2025-02-24 20:38:10.629422
case_999,a,2025-02-24 20:43:10.629422
case_999,a,2025-02-24 20:48:10.629422
case_999,c,2025-02-24 20:53:10.629422
case_999,c,2025-02-24 20:58:10.629422
case_999,a,2025-02-24 21:03:10.629422
