{
    "loss": 0.9859876278269575,
    "acc": 0.859624981880188,
    "dld": 1.105175256729126,
    "norm_dld": 0.13663721084594727
}
