{
    "loss": 0.32393043833144475,
    "acc": 0.7427341341972351,
    "dld": 4.345454692840576,
    "norm_dld": 0.21299904584884644
}
