{
    "loss": 0.3841516436957825,
    "acc": 0.5796555280685425,
    "dld": 7.099999904632568,
    "norm_dld": 0.4129551351070404
}
