{
    "loss": 0.3260456755749122,
    "acc": 0.5865800976753235,
    "dld": 7.282442569732666,
    "norm_dld": 0.31691429018974304
}
