{
    "loss": 1.0198182492181604,
    "acc": 0.8534283638000488,
    "dld": 1.3320610523223877,
    "norm_dld": 0.16385766863822937
}
