{
    "loss": 0.24186785539378405,
    "acc": 0.7856609225273132,
    "dld": 4.46875,
    "norm_dld": 0.15022681653499603
}
