{
    "loss": 0.931325385771277,
    "acc": 0.8844301104545593,
    "dld": 1.6943700313568115,
    "norm_dld": 0.12518097460269928
}
