{
    "loss": 0.2229332236325964,
    "acc": 0.8601731657981873,
    "dld": 2.458015203475952,
    "norm_dld": 0.12227857857942581
}
