{
    "loss": 0.9751543935317274,
    "acc": 0.8822484016418457,
    "dld": 1.682555079460144,
    "norm_dld": 0.13020695745944977
}
