{
    "loss": 0.4140814978584468,
    "acc": 0.5843621492385864,
    "dld": 7.769230842590332,
    "norm_dld": 0.3192773461341858
}
