{
    "loss": 0.9692823601239368,
    "acc": 0.8630857467651367,
    "dld": 1.1927260160446167,
    "norm_dld": 0.13513751327991486
}
