{
    "loss": 0.16357664496409863,
    "acc": 0.8648244738578796,
    "dld": 2.828125,
    "norm_dld": 0.09797012060880661
}
