{
    "loss": 0.7343110422139328,
    "acc": 0.6410256624221802,
    "dld": 6.275590419769287,
    "norm_dld": 0.3303445875644684,
    "weighted_norm_dld": 0.35852453112602234
}
