{
    "loss": 1.06175525058725,
    "acc": 0.8585410118103027,
    "dld": 1.2377142906188965,
    "norm_dld": 0.14126542210578918
}
