{
    "loss": 1.006664298683553,
    "acc": 0.8575060963630676,
    "dld": 1.1218698024749756,
    "norm_dld": 0.13761232793331146
}
