{
    "loss": 1.6646555782350445,
    "acc": 0.8265131115913391,
    "dld": 1.5393900871276855,
    "norm_dld": 0.21735885739326477
}
