{
    "loss": 0.5097390965948403,
    "acc": 0.41173306107521057,
    "dld": 9.936363220214844,
    "norm_dld": 0.5114967226982117
}
